d,open,or_high,or_low,rng,up_max,dn_max,vwap,brk_side,whip,ema20,vwap_last,vwap_prev,up_clear,dn_clear,n_above,n_below,up_clear_norm,dn_clear_norm,up_L1,dn_L1,up_L2,dn_L2,up_L3,dn_L3,up_L4,dn_L4,up_L5,dn_L5
2021-01-05,14874.0,14888.0,14855.0,144.0,144.0,89.0,14900.915973377703,up,1.0,125.33333333333333,14802.693061033002,14662.51442519685,inf,71.30693896699813,0,2,inf,0.5689383428217937,1.0,1.0,1.0,1.0,1.0,0.0,1.0,0.0,0.0,0.0
2021-01-06,15048.0,15072.0,15038.0,376.0,211.0,376.0,14980.42503885949,up,1.0,127.1111111111111,14900.915973377703,14802.693061033002,inf,147.08402662229673,0,2,inf,1.1571295800705164,1.0,1.0,1.0,1.0,1.0,1.0,1.0,1.0,1.0,1.0
2021-01-07,15050.0,15090.0,15041.0,236.0,236.0,83.0,15146.449840098727,,,150.8148148148148,14980.42503885949,14900.915973377703,inf,69.57496114050991,0,2,inf,0.4613270999002376,1.0,1.0,1.0,1.0,1.0,0.0,1.0,0.0,1.0,0.0
2021-01-08,15376.0,15422.0,15371.0,209.0,209.0,158.0,15374.679944627538,dn,1.0,158.92768959435625,15146.449840098727,14980.42503885949,inf,229.55015990127322,0,2,inf,1.4443685709341922,1.0,1.0,1.0,1.0,1.0,1.0,1.0,1.0,1.0,0.0
2021-01-11,15420.0,15428.0,15383.0,169.0,169.0,141.0,15449.116763583434,up,1.0,163.69648106156043,15374.679944627538,15146.449840098727,inf,45.320055372461866,0,2,inf,0.27685418207260426,1.0,1.0,1.0,1.0,1.0,1.0,1.0,0.0,0.0,0.0
2021-01-12,15517.0,15548.0,15511.0,198.0,121.0,198.0,15505.611811584218,up,1.0,164.2015781033166,15449.116763583434,15374.679944627538,inf,67.88323641656643,0,2,inf,0.41341403170835483,1.0,1.0,1.0,1.0,1.0,1.0,0.0,1.0,0.0,0.0
2021-01-13,15557.0,15585.0,15555.0,235.0,235.0,59.0,15694.186035653374,up,0.0,167.42047542681024,15505.611811584218,15449.116763583434,inf,51.38818841578177,0,2,inf,0.30694088213987125,1.0,0.0,1.0,0.0,1.0,0.0,1.0,0.0,1.0,0.0
2021-01-14,15705.0,15706.0,15652.0,134.0,134.0,98.0,15700.70267204857,up,1.0,173.8566206242569,15694.186035653374,15505.611811584218,inf,10.813964346625653,0,2,inf,0.06220047478086586,1.0,1.0,1.0,1.0,1.0,0.0,0.0,0.0,0.0,0.0
2021-01-15,15950.0,16002.0,15940.0,418.0,151.0,418.0,15790.008612256384,dn,0.0,170.06075199337528,15700.70267204857,15694.186035653374,inf,249.2973279514299,0,2,inf,1.465930998359582,1.0,1.0,1.0,1.0,1.0,1.0,0.0,1.0,0.0,1.0
2021-01-18,15637.0,15675.0,15625.0,352.0,284.0,352.0,15527.450489368883,up,1.0,193.6740137082919,15790.008612256384,15700.70267204857,63.70267204857009,inf,2,0,0.3289169818338037,inf,1.0,1.0,1.0,1.0,1.0,1.0,1.0,1.0,1.0,1.0
2021-01-19,15714.0,15746.0,15710.0,236.0,236.0,83.0,15823.543602204545,up,0.0,208.75267906940695,15527.450489368883,15790.008612256384,76.00861225638437,186.5495106311173,1,1,0.36410843968671996,0.8936388814875643,1.0,1.0,1.0,0.0,1.0,0.0,1.0,0.0,0.0,0.0
2021-01-20,15899.0,15912.0,15872.0,229.0,124.0,229.0,15863.465455187608,up,1.0,211.34766201517772,15823.543602204545,15527.450489368883,inf,75.4563977954549,0,2,inf,0.357024994154116,1.0,1.0,1.0,1.0,0.0,1.0,0.0,1.0,0.0,0.0
2021-01-21,15803.0,15813.0,15769.0,414.0,414.0,227.0,16018.59284765116,up,0.0,213.02883706135125,15863.465455187608,15823.543602204545,20.543602204545095,inf,2,0,0.09643578065737946,inf,1.0,1.0,1.0,1.0,1.0,1.0,1.0,1.0,1.0,0.0
2021-01-22,16051.0,16052.0,15984.0,157.0,121.0,157.0,16014.059999503006,dn,1.0,232.16894781741303,16018.59284765116,15863.465455187608,inf,32.4071523488401,0,2,inf,0.13958435291840313,1.0,1.0,1.0,1.0,0.0,0.0,0.0,0.0,0.0,0.0
2021-01-25,15956.0,16004.0,15950.0,285.0,222.0,285.0,15877.789804739901,dn,0.0,225.01000040623083,16014.059999503006,16018.59284765116,58.05999950300611,inf,2,0,0.2580329736375502,inf,1.0,1.0,1.0,1.0,1.0,1.0,1.0,1.0,0.0,1.0
2021-01-26,15865.0,15916.0,15852.0,437.0,122.0,437.0,15753.49480050377,up,1.0,230.72333370087551,15877.789804739901,16014.059999503006,12.789804739901228,inf,2,0,0.055433512227604814,inf,1.0,1.0,1.0,1.0,0.0,1.0,0.0,1.0,0.0,1.0
2021-01-27,15725.0,15754.0,15720.0,229.0,133.0,229.0,15693.15238438281,up,1.0,250.3687304912683,15753.49480050377,15877.789804739901,28.49480050376951,inf,2,0,0.11381133917106025,inf,1.0,1.0,1.0,1.0,0.0,1.0,0.0,0.0,0.0,0.0
2021-01-28,15411.0,15420.0,15350.0,219.0,188.0,219.0,15407.060143039693,up,1.0,248.3336133016237,15693.15238438281,15753.49480050377,282.15238438281085,inf,2,0,1.1361828172657045,inf,1.0,1.0,1.0,1.0,1.0,1.0,0.0,0.0,0.0,0.0
2021-01-29,15498.0,15518.0,15472.0,476.0,87.0,476.0,15345.32398407394,up,1.0,245.5399358443262,15407.060143039693,15693.15238438281,195.15238438281085,90.93985696030722,1,1,0.7947887732060769,0.37036686780745776,0.0,1.0,0.0,1.0,0.0,1.0,0.0,1.0,0.0,1.0
2021-02-01,15156.0,15218.0,15147.0,308.0,308.0,128.0,15246.362657791919,dn,1.0,267.4885133829618,15345.32398407394,15407.060143039693,189.32398407394066,inf,2,0,0.7077836041612994,inf,1.0,1.0,1.0,0.0,1.0,0.0,1.0,0.0,0.0,0.0
2021-02-02,15469.0,15499.0,15459.0,361.0,361.0,94.0,15700.045486449933,up,0.0,271.3467502036321,15246.362657791919,15345.32398407394,inf,123.67601592605934,0,2,inf,0.4557858748381792,1.0,0.0,1.0,0.0,1.0,0.0,1.0,0.0,1.0,0.0
2021-02-03,15864.0,15875.0,15833.0,159.0,119.0,159.0,15782.158069304469,dn,0.0,279.8851549461433,15700.045486449933,15246.362657791919,inf,163.95451355006662,0,2,inf,0.5857921031274969,1.0,1.0,0.0,1.0,0.0,0.0,0.0,0.0,0.0,0.0
2021-02-04,15721.0,15726.0,15638.0,235.0,235.0,184.0,15670.755098455089,dn,1.0,268.37228304651063,15782.158069304469,15700.045486449933,61.15806930446888,20.954513550066622,1,1,0.22788519220470244,0.07808002120112781,1.0,1.0,1.0,1.0,1.0,0.0,0.0,0.0,0.0,0.0
2021-02-05,15809.0,15839.0,15803.0,233.0,233.0,220.0,15841.042397817417,dn,1.0,265.1939703754144,15670.755098455089,15782.158069304469,inf,26.84193069553112,0,2,inf,0.10121621791601482,1.0,1.0,1.0,1.0,1.0,1.0,0.0,0.0,0.0,0.0
2021-02-17,16261.0,16277.0,16179.0,254.0,254.0,213.0,16305.01993273978,,,262.12787795870827,15841.042397817417,15670.755098455089,inf,419.9576021825833,0,2,inf,1.6021096476000816,1.0,1.0,1.0,1.0,1.0,1.0,0.0,0.0,0.0,0.0
2021-02-18,16374.0,16382.0,16341.0,238.0,238.0,235.0,16381.245307863137,dn,1.0,261.3537943435932,16305.01993273978,15841.042397817417,inf,68.98006726021958,0,2,inf,0.26393367440280496,1.0,1.0,1.0,1.0,1.0,1.0,0.0,0.0,0.0,0.0
2021-02-19,16301.0,16313.0,16288.0,198.0,193.0,198.0,16241.650104482598,dn,1.0,259.1296234537272,16381.245307863137,16305.01993273978,4.019932739780415,inf,2,0,0.015513211828898655,inf,1.0,1.0,1.0,1.0,1.0,1.0,0.0,0.0,0.0,0.0
2021-02-22,16480.0,16509.0,16468.0,228.0,148.0,228.0,16437.02945513944,dn,1.0,253.30775455337223,16241.650104482598,16381.245307863137,inf,98.75469213686301,0,2,inf,0.389860516947006,1.0,1.0,1.0,1.0,0.0,1.0,0.0,0.0,0.0,0.0
2021-02-23,16223.0,16248.0,16195.0,269.0,269.0,113.0,16328.600792864221,up,1.0,250.89749221495583,16437.02945513944,16241.650104482598,18.65010448259818,inf,2,0,0.07433356275486304,inf,1.0,1.0,1.0,0.0,1.0,0.0,1.0,0.0,0.0,0.0
2021-02-24,16300.0,16312.0,16281.0,302.0,154.0,302.0,16285.650343085761,up,1.0,252.62154057543623,16328.600792864221,16437.02945513944,28.600792864221148,inf,2,0,0.11321597041595335,inf,1.0,1.0,1.0,1.0,0.0,1.0,0.0,1.0,0.0,0.0
2021-02-25,16388.0,16400.0,16375.0,179.0,155.0,179.0,16335.512822044657,dn,1.0,257.32425099682325,16285.650343085761,16328.600792864221,inf,59.39920713577885,0,2,inf,0.23083408153595347,1.0,1.0,1.0,1.0,0.0,0.0,0.0,0.0,0.0,0.0
2021-02-26,16037.0,16070.0,15996.0,266.0,202.0,266.0,15985.084978805942,up,1.0,249.86479852093532,16335.512822044657,16285.650343085761,248.65034308576105,inf,2,0,0.9951395496990244,inf,1.0,1.0,1.0,1.0,1.0,1.0,0.0,1.0,0.0,0.0
2021-03-02,16249.0,16277.0,16216.0,409.0,88.0,409.0,16090.697630824594,dn,0.0,251.40148437608434,15985.084978805942,16335.512822044657,86.51282204465679,263.9150211940578,1,1,0.3441221608510387,1.049775111109741,0.0,1.0,0.0,1.0,0.0,1.0,0.0,1.0,0.0,1.0
2021-03-03,16000.0,16030.0,15981.0,311.0,311.0,145.0,16048.912988816703,dn,1.0,266.41086681645726,16090.697630824594,15985.084978805942,90.69763082459394,14.915021194057772,1,1,0.3404426850466266,0.0559850330892599,1.0,1.0,1.0,1.0,1.0,0.0,1.0,0.0,0.0,0.0
2021-03-04,16025.0,16054.0,16010.0,310.0,224.0,310.0,15912.805075180393,dn,1.0,270.65745092917564,16048.912988816703,16090.697630824594,23.912988816702637,inf,2,0,0.08835148906711633,inf,1.0,1.0,1.0,1.0,1.0,1.0,0.0,1.0,0.0,0.0
2021-03-05,15601.0,15634.0,15580.0,344.0,344.0,130.0,15767.646633184966,up,0.0,274.4043603644922,15912.805075180393,16048.912988816703,311.80507518039303,inf,2,0,1.1362978152614678,inf,1.0,1.0,1.0,0.0,1.0,0.0,1.0,0.0,1.0,0.0
2021-03-08,15950.0,15984.0,15942.0,328.0,204.0,328.0,15918.279673543931,up,1.0,281.0325165202549,15767.646633184966,15912.805075180393,inf,37.19492481960697,0,2,inf,0.13235096521980655,1.0,1.0,1.0,1.0,1.0,1.0,0.0,1.0,0.0,0.0
2021-03-09,15810.0,15810.0,15692.0,240.0,240.0,217.0,15749.085387504469,up,1.0,285.5056101849925,15918.279673543931,15767.646633184966,108.2796735439315,42.35336681503395,1,1,0.37925585235881004,0.1483451298473302,1.0,1.0,1.0,1.0,1.0,1.0,0.0,0.0,0.0,0.0
2021-03-10,15977.0,15986.0,15934.0,178.0,93.0,178.0,15876.581929284655,dn,0.0,281.17174254832656,15749.085387504469,15918.279673543931,inf,58.720326456068506,0,2,inf,0.20884149283235998,0.0,1.0,0.0,1.0,0.0,0.0,0.0,0.0,0.0,0.0
2021-03-11,15951.0,15977.0,15942.0,272.0,272.0,60.0,16123.117253980683,up,0.0,271.34586230562877,15876.581929284655,15749.085387504469,inf,74.41807071534458,0,2,inf,0.27425540998861536,1.0,0.0,1.0,0.0,1.0,0.0,1.0,0.0,0.0,0.0
2021-03-12,16276.0,16288.0,16243.0,133.0,86.0,133.0,16214.852621655593,dn,0.0,271.4081611336641,16123.117253980683,15876.581929284655,inf,152.88274601931698,0,2,inf,0.5632945795761267,0.0,1.0,0.0,0.0,0.0,0.0,0.0,0.0,0.0,0.0
2021-03-15,16206.0,16219.0,16166.0,107.0,97.0,107.0,16197.8421516417,up,1.0,258.22643150188657,16214.852621655593,16123.117253980683,8.852621655592884,82.88274601931698,1,1,0.03428239938144445,0.3209692576288863,0.0,1.0,0.0,0.0,0.0,0.0,0.0,0.0,0.0,0.0
2021-03-16,16250.0,16257.0,16231.0,135.0,135.0,103.0,16269.559460129003,up,1.0,243.8239142159926,16197.8421516417,16214.852621655593,inf,35.147378344407116,0,2,inf,0.14415066076443855,1.0,1.0,1.0,0.0,0.0,0.0,0.0,0.0,0.0,0.0
2021-03-17,16304.0,16315.0,16295.0,175.0,81.0,175.0,16260.986520664077,dn,1.0,233.45973190970759,16269.559460129003,16197.8421516417,inf,34.44053987099687,0,2,inf,0.14752239964156658,0.0,1.0,0.0,1.0,0.0,1.0,0.0,0.0,0.0,0.0
2021-03-18,16255.0,16274.0,16249.0,181.0,152.0,181.0,16301.906418867735,up,1.0,227.89213839449735,16260.986520664077,16269.559460129003,5.986520664077034,inf,2,0,0.026269096890538385,inf,1.0,1.0,1.0,1.0,0.0,1.0,0.0,0.0,0.0,0.0
2021-03-19,16100.0,16101.0,16060.0,157.0,115.0,157.0,16024.510667584309,up,1.0,223.42622045216427,16301.906418867735,16260.986520664077,160.98652066407703,inf,2,0,0.72053548745656,inf,1.0,1.0,1.0,1.0,0.0,0.0,0.0,0.0,0.0,0.0
2021-03-22,16018.0,16022.0,15975.0,263.0,263.0,113.0,16067.221175438335,dn,1.0,217.09991374243435,16024.510667584309,16301.906418867735,6.510667584308976,inf,2,0,0.029989268406772292,inf,1.0,1.0,1.0,1.0,1.0,0.0,1.0,0.0,0.0,0.0
2021-03-23,16223.0,16235.0,16206.0,174.0,87.0,174.0,16186.701705299005,dn,1.0,221.47135052886918,16067.221175438335,16024.510667584309,inf,155.7788245616648,0,2,inf,0.7033813817889676,1.0,1.0,0.0,1.0,0.0,1.0,0.0,0.0,0.0,0.0
2021-03-24,16019.0,16035.0,16000.0,123.0,86.0,123.0,15997.057448473384,dn,1.0,216.95026952611974,16186.701705299005,16067.221175438335,48.221175438335194,inf,2,0,0.2222683361659968,inf,1.0,1.0,0.0,1.0,0.0,0.0,0.0,0.0,0.0,0.0
2021-03-25,15890.0,15907.0,15885.0,220.0,220.0,119.0,15983.624107385309,up,1.0,208.00262480934643,15997.057448473384,16186.701705299005,107.05744847338428,inf,2,0,0.5146927764566063,inf,1.0,1.0,1.0,1.0,1.0,0.0,1.0,0.0,0.0,0.0
2021-03-26,16095.0,16116.0,16090.0,212.0,212.0,48.0,16193.611286280217,up,1.0,209.14523197036107,15983.624107385309,15997.057448473384,inf,97.94255152661572,0,2,inf,0.4682992320881387,1.0,0.0,1.0,0.0,1.0,0.0,1.0,0.0,0.0,0.0
2021-03-29,16370.0,16378.0,16350.0,135.0,135.0,84.0,16418.324843777897,up,0.0,209.4171146398505,16193.611286280217,15983.624107385309,inf,176.38871371978348,0,2,inf,0.8422841372021179,1.0,1.0,1.0,0.0,0.0,0.0,0.0,0.0,0.0,0.0
2021-03-30,16469.0,16494.0,16465.0,113.0,111.0,113.0,16476.81215946646,dn,1.0,202.32977038843617,16418.324843777897,16193.611286280217,inf,50.675156222103396,0,2,inf,0.2504582302684195,1.0,1.0,1.0,1.0,0.0,0.0,0.0,0.0,0.0,0.0
2021-03-31,16540.0,16544.0,16493.0,146.0,64.0,146.0,16469.164604926962,dn,1.0,193.8221732085851,16476.81215946646,16418.324843777897,inf,63.18784053354102,0,2,inf,0.32600934912405677,0.0,1.0,0.0,1.0,0.0,1.0,0.0,0.0,0.0,0.0
2021-04-01,16535.0,16560.0,16527.0,135.0,106.0,135.0,16526.7155300061,up,1.0,189.26768052205318,16469.164604926962,16476.81215946646,inf,58.18784053354102,0,2,inf,0.30743674975591545,1.0,1.0,1.0,1.0,0.0,1.0,0.0,0.0,0.0,0.0
2021-04-06,16760.0,16791.0,16728.0,143.0,135.0,143.0,16753.606815481653,,,184.09932999614335,16526.7155300061,16469.164604926962,inf,233.28446999390144,0,2,inf,1.267166317220103,1.0,1.0,1.0,1.0,1.0,1.0,0.0,0.0,0.0,0.0
2021-04-07,16777.0,16785.0,16751.0,115.0,115.0,112.0,16739.309134899726,dn,1.0,180.18510809174876,16753.606815481653,16526.7155300061,inf,23.39318451834697,0,2,inf,0.1298286232757668,1.0,1.0,1.0,1.0,0.0,0.0,0.0,0.0,0.0,0.0
2021-04-08,16715.0,16724.0,16708.0,243.0,243.0,76.0,16811.89042032532,up,1.0,173.97700255920125,16739.309134899726,16753.606815481653,24.309134899725905,inf,2,0,0.13972613932955846,inf,1.0,1.0,1.0,0.0,1.0,0.0,1.0,0.0,1.0,0.0
2021-04-09,16952.0,16965.0,16949.0,161.0,84.0,161.0,16880.215237501096,up,1.0,180.55062136308686,16811.89042032532,16739.309134899726,inf,140.1095796746813,0,2,inf,0.7760127249461041,1.0,1.0,0.0,1.0,0.0,1.0,0.0,0.0,0.0,0.0
2021-04-12,16895.0,16902.0,16879.0,205.0,126.0,205.0,16872.71767365575,up,1.0,178.68865742374527,16880.215237501096,16811.89042032532,inf,14.784762498904456,0,2,inf,0.08274035247712239,1.0,1.0,1.0,1.0,0.0,1.0,0.0,1.0,0.0,0.0
2021-04-13,16910.0,16918.0,16902.0,266.0,156.0,266.0,16933.006288343557,dn,1.0,181.19449957386476,16872.71767365575,16880.215237501096,inf,29.784762498904456,0,2,inf,0.16438005882602724,1.0,1.0,1.0,1.0,1.0,1.0,0.0,1.0,0.0,1.0
2021-04-14,16860.0,16867.0,16842.0,325.0,268.0,325.0,16768.457149040933,up,1.0,189.27121390016336,16933.006288343557,16872.71767365575,12.717673655748513,inf,2,0,0.06719285724271215,inf,1.0,1.0,1.0,1.0,1.0,1.0,1.0,1.0,1.0,1.0
2021-04-15,16881.0,16895.0,16875.0,222.0,222.0,97.0,16941.584453727162,up,1.0,202.19776495729064,16768.457149040933,16933.006288343557,52.00628834355666,112.54285095906744,1,1,0.25720506037513186,0.5565978980175146,1.0,1.0,1.0,0.0,1.0,0.0,1.0,0.0,0.0,0.0
2021-04-16,17062.0,17072.0,17016.0,170.0,170.0,88.0,17065.73966978883,dn,1.0,204.08369210421534,16941.584453727162,16768.457149040933,inf,120.41554627283767,0,2,inf,0.5900302225586328,1.0,1.0,1.0,0.0,1.0,0.0,0.0,0.0,0.0,0.0
2021-04-19,17118.0,17137.0,17111.0,185.0,185.0,63.0,17208.519282883128,up,0.0,200.83762618952818,17065.73966978883,16941.584453727162,inf,52.260330211171095,0,2,inf,0.2602118497549539,1.0,0.0,1.0,0.0,1.0,0.0,0.0,0.0,0.0,0.0
2021-04-20,17238.0,17254.0,17225.0,118.0,118.0,72.0,17269.381233151937,up,1.0,199.32928083814454,17208.519282883128,17065.73966978883,inf,29.480717116872256,0,2,inf,0.1478995809993947,1.0,0.0,1.0,0.0,0.0,0.0,0.0,0.0,0.0,0.0
2021-04-21,17225.0,17245.0,17210.0,120.0,120.0,108.0,17216.878489566243,up,1.0,191.58363504403553,17269.381233151937,17208.519282883128,44.38123315193661,16.480717116872256,1,1,0.23165461466338488,0.08602361633384897,1.0,1.0,1.0,1.0,0.0,0.0,0.0,0.0,0.0,0.0
2021-04-22,17258.0,17269.0,17256.0,316.0,125.0,316.0,17226.933739736647,up,1.0,184.76614599222262,17216.878489566243,17269.381233151937,11.381233151936613,41.12151043375707,1,1,0.06159804379107244,0.22255976717449094,1.0,1.0,1.0,1.0,0.0,1.0,0.0,1.0,0.0,1.0
2021-04-23,17061.0,17080.0,17041.0,219.0,219.0,81.0,17162.970154972405,up,0.0,197.2646082786776,17226.933739736647,17216.878489566243,155.87848956624293,inf,2,0,0.7901999802520678,inf,1.0,1.0,1.0,0.0,1.0,0.0,1.0,0.0,0.0,0.0
2021-04-26,17337.0,17357.0,17331.0,213.0,213.0,102.0,17430.78049028027,up,1.0,199.3346455854702,17162.970154972405,17226.933739736647,inf,110.06626026335289,0,2,inf,0.5521682391943198,1.0,1.0,1.0,1.0,1.0,0.0,1.0,0.0,0.0,0.0
2021-04-27,17532.0,17535.0,17513.0,116.0,113.0,116.0,17528.45203112931,up,1.0,200.63610791066353,17430.78049028027,17162.970154972405,inf,101.2195097197291,0,2,inf,0.5044929886937337,1.0,1.0,1.0,1.0,0.0,0.0,0.0,0.0,0.0,0.0
2021-04-28,17548.0,17549.0,17520.0,88.0,81.0,88.0,17527.637361559366,,,192.57552620488605,17528.45203112931,17430.78049028027,inf,19.547968870690966,0,2,inf,0.10150806416539856,1.0,1.0,0.0,0.0,0.0,0.0,0.0,0.0,0.0,0.0
2021-04-29,17578.0,17644.0,17578.0,171.0,127.0,171.0,17615.73216698055,up,1.0,182.6159522806112,17527.637361559366,17528.45203112931,inf,49.547968870690966,0,2,inf,0.27132333321327046,1.0,1.0,1.0,1.0,0.0,1.0,0.0,0.0,0.0,0.0
2021-05-03,17501.0,17533.0,17476.0,308.0,136.0,308.0,17345.183960291728,dn,0.0,181.50967111102918,17615.73216698055,17527.637361559366,26.637361559365672,inf,2,0,0.1467545029216192,inf,1.0,1.0,1.0,1.0,1.0,1.0,0.0,1.0,0.0,1.0
2021-05-04,17271.0,17306.0,17266.0,641.0,325.0,641.0,16984.525947096834,dn,0.0,193.55636910045496,17345.183960291728,17615.73216698055,74.183960291728,inf,2,0,0.38326798873369455,inf,1.0,1.0,1.0,1.0,1.0,1.0,1.0,1.0,1.0,1.0
2021-05-05,16847.0,16959.0,16841.0,264.0,179.0,264.0,16922.128526805634,up,1.0,236.17004823374495,16984.525947096834,17345.183960291728,137.525947096834,inf,2,0,0.5823174789748115,inf,1.0,1.0,1.0,1.0,1.0,1.0,0.0,1.0,0.0,0.0
2021-05-06,16884.0,16917.0,16883.0,381.0,250.0,381.0,16926.68932004398,up,1.0,238.82051983053114,16922.128526805634,16984.525947096834,38.128526805634465,inf,2,0,0.15965347882456146,inf,1.0,1.0,1.0,1.0,1.0,1.0,1.0,1.0,0.0,1.0
2021-05-07,17120.0,17151.0,17112.0,228.0,228.0,115.0,17169.152039094362,dn,1.0,252.3614227038139,16926.68932004398,16922.128526805634,inf,193.31067995601916,0,2,inf,0.7660072521579491,1.0,1.0,1.0,0.0,1.0,0.0,0.0,0.0,0.0,0.0
2021-05-10,17369.0,17373.0,17323.0,195.0,112.0,195.0,17248.961143314013,dn,0.0,250.04128720821257,17169.152039094362,16926.68932004398,inf,199.8479609056376,0,2,inf,0.7992598467917086,1.0,1.0,0.0,1.0,0.0,1.0,0.0,0.0,0.0,0.0
2021-05-11,16968.0,16969.0,16874.0,545.0,190.0,545.0,16736.286777386373,dn,1.0,244.79925985504946,17248.961143314013,17169.152039094362,201.1520390943624,inf,2,0,0.8217019904940421,inf,1.0,1.0,1.0,1.0,1.0,1.0,0.0,1.0,0.0,1.0
2021-05-12,16503.0,16516.0,16410.0,1504.0,869.0,1504.0,15937.041468128671,dn,1.0,273.38980653552096,16736.286777386373,17248.961143314013,233.2867773863727,inf,2,0,0.8533119077944197,inf,1.0,1.0,1.0,1.0,1.0,1.0,1.0,1.0,1.0,1.0
2021-05-13,15538.0,15664.0,15526.0,643.0,643.0,436.0,15713.452565463856,dn,1.0,390.5907773416618,15937.041468128671,16736.286777386373,399.0414681286711,inf,2,0,1.0216356639153752,inf,1.0,1.0,1.0,1.0,1.0,1.0,1.0,1.0,1.0,0.0
2021-05-14,15800.0,15837.0,15771.0,368.0,250.0,368.0,15819.262478108581,up,1.0,414.6297509281702,15713.452565463856,15937.041468128671,137.0414681286711,86.54743453614356,1,1,0.3305152797692319,0.20873426072876497,1.0,1.0,1.0,1.0,0.0,1.0,0.0,0.0,0.0,0.0
2021-05-17,15183.0,15491.0,15096.0,639.0,639.0,617.0,15421.819375289993,up,0.0,410.1888222683445,15819.262478108581,15713.452565463856,530.4525654638564,inf,2,0,1.2931911760307202,inf,1.0,1.0,1.0,1.0,1.0,1.0,1.0,1.0,1.0,1.0
2021-05-18,15563.0,15589.0,15501.0,679.0,679.0,210.0,15924.404772336791,up,0.0,431.98036300469266,15421.819375289993,15819.262478108581,256.2624781085815,141.18062471000667,1,1,0.5932271465446166,0.3268218576603979,1.0,1.0,1.0,0.0,1.0,0.0,1.0,0.0,1.0,0.0
2021-05-19,16122.0,16140.0,16047.0,269.0,269.0,259.0,16113.991942172208,up,1.0,455.50604271853143,15924.404772336791,15421.819375289993,inf,197.5952276632088,0,2,inf,0.4337927692109846,1.0,1.0,1.0,1.0,0.0,0.0,0.0,0.0,0.0,0.0
2021-05-20,16078.0,16113.0,16031.0,259.0,176.0,259.0,15976.67904961849,dn,0.0,437.74356245962366,16113.991942172208,15924.404772336791,35.99194217220793,153.5952276632088,1,1,0.08222152250503452,0.3508794665081477,1.0,1.0,0.0,1.0,0.0,0.0,0.0,0.0,0.0,0.0
2021-05-21,16222.0,16305.0,16216.0,353.0,209.0,353.0,16223.5269047658,up,1.0,420.7203660348976,15976.67904961849,16113.991942172208,inf,108.00805782779207,0,2,inf,0.25672172432658774,1.0,1.0,0.0,1.0,0.0,1.0,0.0,0.0,0.0,0.0
2021-05-24,16079.0,16164.0,16069.0,299.0,299.0,128.0,16238.351453965592,up,0.0,414.27080736490734,16223.5269047658,15976.67904961849,144.52690476580028,102.32095038151056,1,1,0.3488705991259839,0.2469904916360228,1.0,0.0,1.0,0.0,1.0,0.0,0.0,0.0,0.0,0.0
2021-05-25,16463.0,16487.0,16425.0,198.0,198.0,164.0,16534.636824476605,up,0.0,403.2926352349162,16238.351453965592,16223.5269047658,inf,224.64854603440835,0,2,inf,0.5570360735785606,1.0,1.0,0.0,0.0,0.0,0.0,0.0,0.0,0.0,0.0
2021-05-26,16616.0,16645.0,16608.0,160.0,122.0,160.0,16586.31711167022,up,1.0,383.7409556887337,16534.636824476605,16238.351453965592,inf,81.3631755233946,0,2,inf,0.21202630138178746,0.0,1.0,0.0,0.0,0.0,0.0,0.0,0.0,0.0,0.0
2021-05-27,16593.0,16595.0,16219.0,376.0,376.0,376.0,16463.572115865158,,,362.43229324218765,16586.31711167022,16534.636824476605,inf,6.682888329778507,0,2,inf,0.01843899799875948,1.0,1.0,1.0,1.0,1.0,1.0,1.0,1.0,0.0,0.0
2021-05-28,16731.0,16770.0,16728.0,205.0,205.0,97.0,16793.45664572257,dn,1.0,363.72445579055073,16463.572115865158,16586.31711167022,inf,144.6828883297785,0,2,inf,0.3977815789573786,1.0,0.0,1.0,0.0,0.0,0.0,0.0,0.0,0.0,0.0
2021-05-31,16891.0,16919.0,16884.0,214.0,214.0,208.0,16990.400815757366,up,0.0,348.60784095335543,16793.45664572257,16463.572115865158,inf,97.5433542774299,0,2,inf,0.2798082625183449,1.0,1.0,1.0,1.0,0.0,0.0,0.0,0.0,0.0,0.0
2021-06-01,17050.0,17090.0,17046.0,133.0,131.0,133.0,17084.901958058967,up,1.0,335.7880465768454,16990.400815757366,16793.45664572257,inf,59.59918424263378,0,2,inf,0.17749048797362255,1.0,1.0,0.0,0.0,0.0,0.0,0.0,0.0,0.0,0.0
2021-06-02,17171.0,17187.0,17154.0,182.0,121.0,182.0,17122.327477792194,up,1.0,316.4748992838125,17084.901958058967,16990.400815757366,inf,86.09804194103344,0,2,inf,0.272053303866672,0.0,1.0,0.0,1.0,0.0,0.0,0.0,0.0,0.0,0.0
2021-06-03,17253.0,17271.0,17225.0,166.0,123.0,166.0,17227.3798837012,dn,1.0,303.6677660186875,17122.327477792194,17084.901958058967,inf,130.67252220780574,0,2,inf,0.43031410255036506,1.0,1.0,0.0,1.0,0.0,0.0,0.0,0.0,0.0,0.0
2021-06-04,17051.0,17078.0,17025.0,134.0,134.0,83.0,17107.542415003696,up,0.0,290.5565502073839,17227.3798837012,17122.327477792194,71.32747779219426,inf,2,0,0.2454856988812831,inf,1.0,0.0,0.0,0.0,0.0,0.0,0.0,0.0,0.0,0.0
2021-06-07,17212.0,17229.0,17181.0,510.0,411.0,510.0,17016.169914103724,dn,0.0,275.6464025685854,17107.542415003696,17227.3798837012,15.379883701200015,104.45758499630392,1,1,0.05579569897478798,0.3789550091092269,1.0,1.0,1.0,1.0,1.0,1.0,1.0,1.0,1.0,1.0
2021-06-08,17190.0,17198.0,17161.0,168.0,84.0,168.0,17104.511080007047,dn,0.0,297.96579280014873,17016.169914103724,17107.542415003696,inf,82.45758499630392,0,2,inf,0.27673507157115107,0.0,1.0,0.0,1.0,0.0,0.0,0.0,0.0,0.0,0.0
2021-06-09,16997.0,17042.0,16991.0,184.0,82.0,184.0,16978.413776999416,up,1.0,285.58809824775363,17104.511080007047,17016.169914103724,19.169914103724295,inf,2,0,0.06712434524177543,inf,0.0,1.0,0.0,1.0,0.0,0.0,0.0,0.0,0.0,0.0
2021-06-10,17035.0,17066.0,17029.0,183.0,183.0,145.0,17094.9802663525,dn,1.0,275.9130412717771,16978.413776999416,17104.511080007047,69.51108000704698,56.58622300058414,1,1,0.25193111455205874,0.20508716347643077,1.0,1.0,1.0,1.0,0.0,0.0,0.0,0.0,0.0,0.0
2021-06-11,17189.0,17238.0,17189.0,109.0,109.0,108.0,17236.86075526564,up,0.0,267.0641801982745,17094.9802663525,16978.413776999416,inf,94.01973364749938,0,2,inf,0.35204920996030614,1.0,1.0,0.0,0.0,0.0,0.0,0.0,0.0,0.0,0.0
2021-06-15,17322.0,17353.0,17311.0,126.0,126.0,97.0,17344.709181281065,dn,1.0,252.01044875081982,17236.86075526564,17094.9802663525,inf,85.13924473436055,0,2,inf,0.33784013780533206,1.0,0.0,1.0,0.0,0.0,0.0,0.0,0.0,0.0,0.0
2021-06-16,17324.0,17352.0,17311.0,365.0,317.0,365.0,17332.1236394251,up,1.0,240.00945363169413,17344.709181281065,17236.86075526564,20.709181281064957,87.13924473436055,1,1,0.08628485656587584,0.36306588518000565,1.0,1.0,1.0,1.0,1.0,1.0,1.0,1.0,1.0,1.0
2021-06-17,17070.0,17110.0,17045.0,259.0,259.0,71.0,17155.008832546355,,,251.9133151905804,17332.1236394251,17344.709181281065,262.1236394250991,inf,2,0,1.040531101846658,inf,1.0,0.0,1.0,0.0,1.0,0.0,1.0,0.0,0.0,0.0
2021-06-18,17315.0,17332.0,17289.0,120.0,106.0,120.0,17277.035008845873,dn,0.0,252.58823755338227,17155.008832546355,17332.1236394251,17.1236394250991,159.99116745364518,1,1,0.06779270321912821,0.6334070382823447,1.0,1.0,0.0,0.0,0.0,0.0,0.0,0.0,0.0,0.0
2021-06-21,17048.0,17089.0,17012.0,258.0,137.0,258.0,16995.96356683053,up,1.0,239.96078635782206,17277.035008845873,17155.008832546355,107.00883254635482,inf,2,0,0.44594299831467704,inf,1.0,1.0,1.0,1.0,0.0,1.0,0.0,1.0,0.0,0.0
2021-06-22,17155.0,17180.0,17128.0,192.0,77.0,192.0,17062.16062435047,dn,0.0,241.67880670469614,16995.96356683053,17277.035008845873,122.03500884587265,159.0364331694691,1,1,0.5049470845616408,0.6580487355839746,0.0,1.0,0.0,1.0,0.0,1.0,0.0,0.0,0.0,0.0
2021-06-23,17100.0,17114.0,17088.0,260.0,260.0,76.0,17203.82820288691,dn,1.0,236.94749178043938,17062.16062435047,16995.96356683053,inf,37.839375649531576,0,2,inf,0.15969519392336237,1.0,0.0,1.0,0.0,1.0,0.0,1.0,0.0,0.0,0.0
2021-06-24,17298.0,17301.0,17284.0,137.0,137.0,82.0,17340.058160660985,up,1.0,239.14296875373086,17203.82820288691,17062.16062435047,inf,94.17179711308927,0,2,inf,0.3937886930310181,1.0,0.0,1.0,0.0,0.0,0.0,0.0,0.0,0.0,0.0
2021-06-25,17438.0,17444.0,17420.0,185.0,142.0,185.0,17489.792020888464,up,1.0,229.41506696766126,17340.058160660985,17203.82820288691,inf,97.94183933901513,0,2,inf,0.4269198210631091,1.0,1.0,1.0,1.0,0.0,1.0,0.0,0.0,0.0,0.0
2021-06-28,17484.0,17490.0,17448.0,162.0,162.0,92.0,17487.87428810411,dn,1.0,225.18506058978875,17489.792020888464,17340.058160660985,5.792020888464322,143.94183933901513,1,1,0.025721159624418562,0.6392157586387519,1.0,1.0,1.0,0.0,1.0,0.0,0.0,0.0,0.0,0.0
2021-06-29,17595.0,17611.0,17575.0,172.0,123.0,172.0,17536.75265390008,dn,1.0,219.16743577171363,17487.87428810411,17489.792020888464,inf,105.20797911153568,0,2,inf,0.4800347220429273,1.0,1.0,1.0,1.0,0.0,1.0,0.0,0.0,0.0,0.0
2021-06-30,17610.0,17620.0,17591.0,183.0,183.0,62.0,17697.761873736454,dn,1.0,214.67529903155042,17536.75265390008,17487.87428810411,inf,73.24734609992083,0,2,inf,0.341200624526233,1.0,0.0,1.0,0.0,1.0,0.0,0.0,0.0,0.0,0.0
2021-07-01,17678.0,17688.0,17655.0,219.0,119.0,219.0,17670.59540267362,up,1.0,211.65860388568848,17697.761873736454,17536.75265390008,19.76187373645371,141.24734609992083,1,1,0.0933667395213785,0.6673357166061862,1.0,1.0,1.0,1.0,0.0,1.0,0.0,1.0,0.0,0.0
2021-07-02,17651.0,17667.0,17642.0,136.0,123.0,136.0,17657.95452932479,up,1.0,212.35778446800387,17670.59540267362,17697.761873736454,19.59540267362172,inf,2,0,0.09227541492162335,inf,1.0,1.0,1.0,1.0,0.0,0.0,0.0,0.0,0.0,0.0
2021-07-05,17755.0,17793.0,17742.0,178.0,178.0,98.0,17864.213995095306,up,0.0,205.08561451867018,17657.95452932479,17670.59540267362,inf,84.40459732637828,0,2,inf,0.411557863404868,1.0,1.0,1.0,0.0,1.0,0.0,0.0,0.0,0.0,0.0
2021-07-06,17956.0,17958.0,17930.0,116.0,77.0,116.0,17912.442702779554,dn,1.0,202.50603218355874,17864.213995095306,17657.95452932479,inf,91.78600490469398,0,2,inf,0.4532507200649502,0.0,1.0,0.0,1.0,0.0,0.0,0.0,0.0,0.0,0.0
2021-07-07,17821.0,17835.0,17770.0,191.0,136.0,191.0,17824.607587297814,,,194.26736245179126,17912.442702779554,17864.213995095306,43.21399509530602,inf,2,0,0.22244598655129144,inf,1.0,1.0,1.0,1.0,0.0,1.0,0.0,1.0,0.0,0.0
2021-07-08,17876.0,17892.0,17860.0,203.0,152.0,203.0,17801.85693343796,dn,1.0,193.9561850754302,17824.607587297814,17912.442702779554,36.442702779553656,51.39241270218554,1,1,0.18789141870047077,0.2649691871501745,1.0,1.0,1.0,1.0,1.0,1.0,0.0,1.0,0.0,0.0
2021-07-09,17662.0,17698.0,17655.0,174.0,145.0,174.0,17620.862381529045,dn,1.0,194.81750078253208,17801.85693343796,17824.607587297814,139.85693343796083,inf,2,0,0.717886908908036,inf,1.0,1.0,1.0,1.0,1.0,1.0,0.0,0.0,0.0,0.0
2021-07-12,17848.0,17879.0,17835.0,190.0,125.0,190.0,17869.699438268268,up,1.0,192.83488166038617,17620.862381529045,17801.85693343796,inf,46.14306656203917,0,2,inf,0.23928796577013836,1.0,1.0,1.0,1.0,0.0,1.0,0.0,1.0,0.0,0.0
2021-07-13,17958.0,17990.0,17954.0,206.0,101.0,206.0,17948.047050801226,up,1.0,192.56489293082558,17869.699438268268,17620.862381529045,inf,88.30056173173216,0,2,inf,0.45854963689280615,1.0,1.0,1.0,1.0,0.0,1.0,0.0,1.0,0.0,0.0
2021-07-14,17846.0,17883.0,17846.0,176.0,135.0,176.0,17843.465075552886,up,1.0,193.84442693741363,17948.047050801226,17869.699438268268,23.69943826826784,inf,2,0,0.12226009611264015,inf,1.0,1.0,1.0,1.0,0.0,1.0,0.0,0.0,0.0,0.0
2021-07-15,17919.0,17938.0,17906.0,178.0,178.0,70.0,17956.324299795062,dn,1.0,192.14495770527898,17843.465075552886,17948.047050801226,29.04705080122585,75.53492444711446,1,1,0.15117258942480077,0.39311426825456175,1.0,0.0,1.0,0.0,1.0,0.0,0.0,0.0,0.0,0.0
2021-07-16,17826.0,17835.0,17804.0,156.0,156.0,75.0,17858.683834392083,up,1.0,190.7978188762048,17956.324299795062,17843.465075552886,17.465075552885537,inf,2,0,0.09153708179555968,inf,1.0,1.0,1.0,0.0,1.0,0.0,0.0,0.0,0.0,0.0
2021-07-19,17717.0,17734.0,17700.0,166.0,166.0,128.0,17732.308719908415,up,1.0,187.4837408879948,17858.683834392083,17956.324299795062,141.68383439208264,inf,2,0,0.7557126485796248,inf,1.0,1.0,1.0,1.0,1.0,0.0,0.0,0.0,0.0,0.0
2021-07-20,17680.0,17707.0,17672.0,238.0,92.0,238.0,17605.22419062458,dn,1.0,185.43767032723338,17732.308719908415,17858.683834392083,52.30871990841479,inf,2,0,0.2820824906617301,inf,1.0,1.0,0.0,1.0,0.0,1.0,0.0,1.0,0.0,1.0
2021-07-21,17655.0,17674.0,17637.0,298.0,68.0,298.0,17520.710828010575,dn,0.0,190.4436064865445,17605.22419062458,17732.308719908415,77.30871990841479,49.77580937542007,1,1,0.4059402220671394,0.261367710335484,0.0,1.0,0.0,1.0,0.0,1.0,0.0,1.0,0.0,1.0
2021-07-22,17441.0,17442.0,17418.0,178.0,118.0,178.0,17441.139865316072,up,1.0,200.68707253544503,17520.710828010575,17605.22419062458,79.71082801057491,inf,2,0,0.3971896495550131,inf,1.0,1.0,1.0,1.0,0.0,1.0,0.0,0.0,0.0,0.0
2021-07-23,17486.0,17502.0,17483.0,179.0,89.0,179.0,17465.64225663335,up,1.0,198.52639896064073,17441.139865316072,17520.710828010575,34.710828010574915,44.860134683927754,1,1,0.1748423796144944,0.22596558905408642,1.0,1.0,0.0,1.0,0.0,1.0,0.0,0.0,0.0,0.0
2021-07-26,17473.0,17479.0,17435.0,282.0,58.0,282.0,17339.1460094675,dn,0.0,196.66674191677018,17465.64225663335,17441.139865316072,inf,7.3577433666505385,0,2,inf,0.03741224009174034,0.0,1.0,0.0,1.0,0.0,1.0,0.0,1.0,0.0,1.0
2021-07-27,17322.0,17330.0,17274.0,195.0,112.0,195.0,17242.697204653836,dn,1.0,204.79371887707777,17339.1460094675,17465.64225663335,17.146009467498516,inf,2,0,0.08372331710910515,inf,1.0,1.0,1.0,1.0,0.0,1.0,0.0,0.0,0.0,0.0
2021-07-28,17062.0,17097.0,17052.0,403.0,267.0,403.0,16915.426205492986,up,1.0,203.8609837459275,17242.697204653836,17339.1460094675,180.6972046538358,inf,2,0,0.8863746330148157,inf,1.0,1.0,1.0,1.0,1.0,1.0,1.0,1.0,1.0,1.0
2021-07-29,17136.0,17150.0,17123.0,264.0,264.0,128.0,17183.683954671826,up,1.0,222.82660434155346,16915.426205492986,17242.697204653836,106.6972046538358,220.5737945070141,1,1,0.47883512370133324,0.9898898525102227,1.0,1.0,1.0,1.0,1.0,0.0,1.0,0.0,0.0,0.0
2021-07-30,17285.0,17295.0,17223.0,173.0,83.0,173.0,17236.521569704564,,,226.74788011854838,17183.683954671826,16915.426205492986,inf,101.31604532817437,0,2,inf,0.44682245882609484,0.0,1.0,0.0,1.0,0.0,1.0,0.0,0.0,0.0,0.0
2021-08-02,17313.0,17358.0,17308.0,310.0,310.0,198.0,17306.51476976542,dn,1.0,221.62903439297236,17236.521569704564,17183.683954671826,inf,76.47843029543583,0,2,inf,0.34507405812106395,1.0,1.0,1.0,1.0,1.0,1.0,1.0,0.0,1.0,0.0
2021-08-03,17426.0,17445.0,17405.0,135.0,135.0,101.0,17422.01321595159,up,1.0,230.0453168317369,17306.51476976542,17236.521569704564,inf,119.48523023457892,0,2,inf,0.519398664055285,1.0,1.0,1.0,0.0,0.0,0.0,0.0,0.0,0.0,0.0
2021-08-04,17491.0,17510.0,17476.0,122.0,122.0,79.0,17538.69840895566,up,1.0,220.993381895381,17422.01321595159,17306.51476976542,inf,68.98678404841121,0,2,inf,0.3121667420840222,1.0,0.0,1.0,0.0,0.0,0.0,0.0,0.0,0.0,0.0
2021-08-05,17570.0,17580.0,17556.0,64.0,64.0,60.0,17551.753704439216,dn,1.0,211.56544076248755,17538.69840895566,17422.01321595159,inf,31.301591044339148,0,2,inf,0.14795228810304448,0.0,0.0,0.0,0.0,0.0,0.0,0.0,0.0,0.0,0.0
2021-08-06,17555.0,17560.0,17483.0,207.0,137.0,207.0,17439.322307217095,dn,0.0,197.51158926129827,17551.753704439216,17538.69840895566,inf,3.246295560784347,0,2,inf,0.016435975088477744,1.0,1.0,1.0,1.0,0.0,1.0,0.0,1.0,0.0,0.0
2021-08-09,17438.0,17438.0,17275.0,213.0,213.0,203.0,17346.410614435375,dn,1.0,198.4152474268889,17439.322307217095,17551.753704439216,1.3223072170949308,inf,2,0,0.0066643427571369904,inf,1.0,1.0,1.0,1.0,1.0,1.0,1.0,1.0,0.0,0.0
2021-08-10,17396.0,17430.0,17396.0,184.0,83.0,184.0,17322.045802646906,up,1.0,199.80427148147092,17346.410614435375,17439.322307217095,43.32230721709493,49.589385564624536,1,1,0.2168237290217916,0.24818981694904987,1.0,1.0,0.0,1.0,0.0,1.0,0.0,0.0,0.0,0.0
2021-08-11,17217.0,17256.0,17211.0,220.0,148.0,220.0,17191.467425091905,dn,1.0,198.29910276894987,17322.045802646906,17346.410614435375,105.04580264690594,inf,2,0,0.5297341298074408,inf,1.0,1.0,1.0,1.0,1.0,1.0,0.0,1.0,0.0,0.0
2021-08-12,17207.0,17214.0,17183.0,110.0,89.0,110.0,17178.128977546286,dn,1.0,200.36585488619275,17191.467425091905,17322.045802646906,115.04580264690594,15.53257490809483,1,1,0.5741786828511856,0.07752106723432138,1.0,1.0,0.0,1.0,0.0,0.0,0.0,0.0,0.0,0.0
2021-08-13,17185.0,17190.0,17155.0,256.0,117.0,256.0,17029.131239254246,dn,0.0,191.75958299226963,17178.128977546286,17191.467425091905,6.46742509190517,6.871022453713522,1,1,0.03372673736032212,0.03583144240562158,1.0,1.0,1.0,1.0,0.0,1.0,0.0,1.0,0.0,1.0
2021-08-16,16829.0,16854.0,16781.0,186.0,155.0,186.0,16835.97106909826,up,1.0,197.87771794538682,17029.131239254246,17178.128977546286,200.13123925424588,inf,2,0,1.01138845410316,inf,1.0,1.0,1.0,1.0,1.0,1.0,0.0,0.0,0.0,0.0
2021-08-17,16850.0,16873.0,16821.0,298.0,58.0,298.0,16749.924864933848,dn,0.0,196.74650671249285,16835.97106909826,17029.131239254246,179.13123925424588,14.028930901738931,1,1,0.9104671907390545,0.07130459969101009,0.0,1.0,0.0,1.0,0.0,1.0,0.0,1.0,0.0,1.0
2021-08-18,16440.0,16457.0,16416.0,407.0,407.0,148.0,16559.588116947474,up,1.0,206.38969654939828,16749.924864933848,16835.97106909826,309.92486493384786,inf,2,0,1.5016489200548293,inf,1.0,1.0,1.0,1.0,1.0,1.0,1.0,0.0,1.0,0.0
2021-08-19,16611.0,16648.0,16603.0,392.0,112.0,392.0,16414.394416414056,dn,0.0,225.49543973516987,16559.588116947474,16749.924864933848,138.92486493384786,51.41188305252581,1,1,0.6160872481368418,0.22799522293180657,1.0,1.0,0.0,1.0,0.0,1.0,0.0,1.0,0.0,1.0
2021-08-20,16297.0,16426.0,16295.0,281.0,233.0,281.0,16274.736874122336,dn,0.0,241.3530169032489,16414.394416414056,16559.588116947474,117.39441641405574,inf,2,0,0.48640128025047885,inf,1.0,1.0,1.0,1.0,1.0,1.0,0.0,1.0,0.0,0.0
2021-08-23,16427.0,16454.0,16393.0,336.0,336.0,100.0,16629.3174544569,up,0.0,245.12892005532044,16274.736874122336,16414.394416414056,inf,12.60558358594426,0,2,inf,0.05142430188612362,1.0,1.0,1.0,0.0,1.0,0.0,1.0,0.0,1.0,0.0
2021-08-24,16822.0,16842.0,16800.0,125.0,78.0,125.0,16770.661978216398,dn,0.0,253.7833086214804,16629.3174544569,16274.736874122336,inf,192.68254554309897,0,2,inf,0.7592404188822613,0.0,1.0,0.0,0.0,0.0,0.0,0.0,0.0,0.0,0.0
2021-08-25,16794.0,16821.0,16785.0,197.0,197.0,75.0,16894.555067851787,up,0.0,241.51823160991083,16770.661978216398,16629.3174544569,inf,23.338021783602017,0,2,inf,0.09663047641594412,1.0,0.0,1.0,0.0,1.0,0.0,0.0,0.0,0.0,0.0
2021-08-26,17103.0,17125.0,17091.0,243.0,125.0,243.0,16974.485054721983,dn,0.0,237.27840002801454,16894.555067851787,16770.661978216398,inf,208.4449321482134,0,2,inf,0.8784825425475017,1.0,1.0,1.0,1.0,0.0,1.0,0.0,1.0,0.0,0.0
2021-08-27,16940.0,16965.0,16908.0,310.0,310.0,93.0,17115.724669621504,up,0.0,237.82331431106078,16974.485054721983,16894.555067851787,34.48505472198303,45.44493214821341,1,1,0.1450028346542944,0.19108695158782352,1.0,1.0,1.0,0.0,1.0,0.0,1.0,0.0,1.0,0.0
2021-08-30,17249.0,17274.0,17211.0,147.0,147.0,100.0,17274.670610862566,,,244.69728437667405,17115.724669621504,16974.485054721983,inf,133.2753303784957,0,2,inf,0.5446539005040151,1.0,1.0,1.0,0.0,0.0,0.0,0.0,0.0,0.0,0.0
2021-08-31,17276.0,17297.0,17270.0,324.0,324.0,164.0,17284.930697506323,up,1.0,235.3927811027051,17274.670610862566,17115.724669621504,inf,1.329389137434191,0,2,inf,0.005647535711191416,1.0,1.0,1.0,1.0,1.0,0.0,1.0,0.0,1.0,0.0
2021-09-01,17408.0,17411.0,17363.0,137.0,137.0,81.0,17440.451091774157,up,0.0,243.83156385482843,17284.930697506323,17274.670610862566,inf,123.06930249367724,0,2,inf,0.5047308090389389,1.0,0.0,1.0,0.0,0.0,0.0,0.0,0.0,0.0,0.0
2021-09-02,17434.0,17450.0,17402.0,241.0,116.0,241.0,17377.995812284942,up,1.0,233.65712920198763,17440.451091774157,17284.930697506323,6.451091774157248,149.06930249367724,1,1,0.027609222950695962,0.6379831122756479,1.0,1.0,0.0,1.0,0.0,1.0,0.0,1.0,0.0,0.0
2021-09-03,17442.0,17455.0,17413.0,183.0,183.0,85.0,17469.07024442362,dn,1.0,234.35645023036977,17377.995812284942,17440.451091774157,inf,1.5489082258427516,0,2,inf,0.006609198186438616,1.0,0.0,1.0,0.0,1.0,0.0,0.0,0.0,0.0,0.0
2021-09-06,17440.0,17502.0,17431.0,171.0,171.0,164.0,17512.978599369086,up,1.0,229.4653597322393,17469.07024442362,17377.995812284942,29.070244423619442,62.004187715057924,1,1,0.12668685355184417,0.27021153775633044,1.0,1.0,1.0,1.0,1.0,1.0,0.0,0.0,0.0,0.0
2021-09-07,17522.0,17529.0,17481.0,192.0,129.0,192.0,17423.552497141896,dn,0.0,223.8972302339308,17512.978599369086,17469.07024442362,inf,9.021400630914286,0,2,inf,0.040292595944526007,1.0,1.0,1.0,1.0,0.0,1.0,0.0,0.0,0.0,0.0
2021-09-08,17395.0,17426.0,17383.0,263.0,101.0,263.0,17290.720894152753,dn,0.0,220.85939878308025,17423.552497141896,17512.978599369086,28.55249714189631,inf,2,0,0.1292790675842575,inf,1.0,1.0,0.0,1.0,0.0,1.0,0.0,1.0,0.0,0.0
2021-09-09,17142.0,17178.0,17112.0,207.0,207.0,115.0,17197.68012207855,dn,1.0,224.87278937516786,17290.720894152753,17423.552497141896,148.72089415275332,inf,2,0,0.6613556694253209,inf,1.0,1.0,1.0,1.0,1.0,0.0,0.0,0.0,0.0,0.0
2021-09-10,17300.0,17332.0,17299.0,195.0,195.0,59.0,17395.854857058297,dn,1.0,223.1706189584852,17197.68012207855,17290.720894152753,inf,9.279105847246683,0,2,inf,0.04157852808112168,1.0,0.0,1.0,0.0,1.0,0.0,0.0,0.0,0.0,0.0
2021-09-13,17434.0,17492.0,17427.0,136.0,122.0,136.0,17427.998075740445,dn,0.0,220.48770286720088,17395.854857058297,17197.68012207855,inf,38.14514294170294,0,2,inf,0.17300349382603733,1.0,1.0,1.0,1.0,0.0,0.0,0.0,0.0,0.0,0.0
2021-09-14,17541.0,17569.0,17503.0,143.0,89.0,143.0,17489.0378071411,dn,0.0,212.4412549750865,17427.998075740445,17395.854857058297,inf,113.00192425955538,0,2,inf,0.5319208092270373,1.0,1.0,0.0,1.0,0.0,0.0,0.0,0.0,0.0,0.0
2021-09-15,17403.0,17433.0,17398.0,153.0,137.0,153.0,17360.79014053336,dn,0.0,205.82780212031636,17489.0378071411,17427.998075740445,24.99807574044462,inf,2,0,0.121451404926493,inf,1.0,1.0,1.0,1.0,0.0,1.0,0.0,0.0,0.0,0.0
2021-09-16,17337.0,17351.0,17324.0,171.0,85.0,171.0,17263.535182083655,up,1.0,200.79658287076242,17360.79014053336,17489.0378071411,23.79014053336141,inf,2,0,0.11847881170703649,inf,1.0,1.0,0.0,1.0,0.0,1.0,0.0,0.0,0.0,0.0
2021-09-17,17256.0,17262.0,17224.0,230.0,230.0,118.0,17294.4517897425,dn,1.0,197.95881307354696,17263.535182083655,17360.79014053336,7.535182083654945,inf,2,0,0.03806439312633898,inf,1.0,1.0,1.0,1.0,1.0,0.0,1.0,0.0,0.0,0.0
2021-09-22,16835.0,16902.0,16799.0,189.0,171.0,189.0,16859.147712408587,,,201.0103546855901,17294.4517897425,17263.535182083655,428.53518208365495,inf,2,0,2.1319060043147893,inf,1.0,1.0,1.0,1.0,1.0,1.0,0.0,0.0,0.0,0.0
2021-09-23,17020.0,17068.0,17015.0,145.0,145.0,100.0,17062.713668732362,dn,1.0,199.86651138220057,16859.147712408587,17294.4517897425,274.4517897424994,160.8522875914132,1,1,1.3731754651867163,0.8047985952174784,1.0,1.0,1.0,1.0,1.0,0.0,0.0,0.0,0.0,0.0
2021-09-24,17191.0,17205.0,17183.0,105.0,105.0,91.0,17224.518021604406,dn,1.0,194.64112934580052,17062.713668732362,16859.147712408587,inf,128.28633126763816,0,2,inf,0.6590915892176311,1.0,1.0,1.0,0.0,0.0,0.0,0.0,0.0,0.0,0.0
2021-09-27,17247.0,17310.0,17246.0,122.0,115.0,122.0,17283.945728154315,dn,1.0,186.10387893191475,17224.518021604406,17062.713668732362,inf,22.481978395593615,0,2,inf,0.12080338424229482,1.0,1.0,1.0,1.0,0.0,0.0,0.0,0.0,0.0,0.0
2021-09-28,17182.0,17183.0,17101.0,141.0,138.0,141.0,17117.303278530166,dn,0.0,179.99874760506572,17283.945728154315,17224.518021604406,42.518021604406385,inf,2,0,0.23621287464563337,inf,1.0,1.0,1.0,1.0,1.0,1.0,0.0,0.0,0.0,0.0
2021-09-29,16926.0,16937.0,16889.0,177.0,117.0,177.0,16839.223708570928,dn,0.0,176.28458116648804,17117.303278530166,17283.945728154315,191.3032785301657,inf,2,0,1.0851957514621973,inf,1.0,1.0,1.0,1.0,0.0,1.0,0.0,1.0,0.0,0.0
2021-09-30,16803.0,16834.0,16778.0,262.0,262.0,141.0,16838.641552122237,up,1.0,176.35271629348918,16839.223708570928,17117.303278530166,36.223708570927556,inf,2,0,0.20540488024376924,inf,1.0,1.0,1.0,1.0,1.0,1.0,1.0,0.0,1.0,0.0
2021-10-01,16800.0,16805.0,16743.0,390.0,111.0,390.0,16576.037781859057,dn,0.0,184.50960045601403,16838.641552122237,16839.223708570928,38.641552122237044,inf,2,0,0.2094284092900031,inf,1.0,1.0,1.0,1.0,0.0,1.0,0.0,1.0,0.0,1.0
2021-10-04,16588.0,16625.0,16580.0,316.0,135.0,316.0,16441.172956957926,up,1.0,204.08011469829842,16576.037781859057,16838.641552122237,250.64155212223704,11.96221814094315,1,1,1.22815274037244,0.058615304869989324,1.0,1.0,1.0,1.0,0.0,1.0,0.0,1.0,0.0,1.0
2021-10-05,16240.0,16262.0,16164.0,317.0,317.0,155.0,16279.880604903445,dn,1.0,214.73915139369856,16441.172956957926,16576.037781859057,201.17295695792563,inf,2,0,0.9368247739281556,inf,1.0,1.0,1.0,1.0,1.0,1.0,1.0,0.0,1.0,0.0
2021-10-06,16470.0,16482.0,16452.0,228.0,124.0,228.0,16354.96049180811,up,1.0,224.47827983239395,16279.880604903445,16441.172956957926,inf,28.827043042074365,0,2,inf,0.12841796125486168,1.0,1.0,1.0,1.0,0.0,1.0,0.0,1.0,0.0,0.0
2021-10-07,16521.0,16586.0,16519.0,241.0,241.0,77.0,16667.092053934186,up,0.0,224.81368175311835,16354.96049180811,16279.880604903445,inf,166.0395081918905,0,2,inf,0.7385649614253844,1.0,0.0,1.0,0.0,1.0,0.0,1.0,0.0,0.0,0.0
2021-10-08,16740.0,16746.0,16714.0,168.0,110.0,168.0,16679.16553364384,dn,1.0,226.35523587186898,16667.092053934186,16354.96049180811,inf,72.90794606581403,0,2,inf,0.32209524902301984,1.0,1.0,0.0,1.0,0.0,1.0,0.0,0.0,0.0,0.0
2021-10-12,16485.0,16489.0,16343.0,204.0,192.0,204.0,16385.565946149283,dn,0.0,220.79759436026242,16679.16553364384,16667.092053934186,182.09205393418597,inf,2,0,0.8247012584615261,inf,1.0,1.0,1.0,1.0,1.0,1.0,0.0,0.0,0.0,0.0
2021-10-13,16520.0,16585.0,16511.0,267.0,74.0,267.0,16422.786578330943,dn,0.0,219.19782346880885,16385.565946149283,16679.16553364384,159.16553364384163,134.43405385071674,1,1,0.7261273452675974,0.6133001310108641,0.0,1.0,0.0,1.0,0.0,1.0,0.0,1.0,0.0,0.0
2021-10-14,16496.0,16519.0,16480.0,192.0,98.0,192.0,16437.6961450158,up,1.0,223.75041170987467,16422.786578330943,16385.565946149283,inf,73.21342166905742,0,2,inf,0.3272102210206853,1.0,1.0,0.0,1.0,0.0,1.0,0.0,0.0,0.0,0.0
2021-10-15,16654.0,16672.0,16631.0,220.0,220.0,102.0,16699.172971123706,dn,1.0,220.7265629756009,16437.6961450158,16422.786578330943,inf,216.30385498419855,0,2,inf,0.9799629553789082,1.0,1.0,1.0,0.0,1.0,0.0,1.0,0.0,0.0,0.0
2021-10-18,16800.0,16843.0,16790.0,165.0,80.0,165.0,16787.576630422547,up,1.0,220.65736650173415,16699.172971123706,16437.6961450158,inf,100.82702887629421,0,2,inf,0.4569393284928097,0.0,1.0,0.0,1.0,0.0,1.0,0.0,0.0,0.0,0.0
2021-10-19,16810.0,16826.0,16790.0,167.0,167.0,56.0,16886.734998934982,up,1.0,215.35666493014043,16787.576630422547,16699.172971123706,inf,22.42336957745283,0,2,inf,0.10412201351988225,1.0,0.0,1.0,0.0,1.0,0.0,0.0,0.0,0.0,0.0
2021-10-20,16973.0,16976.0,16953.0,124.0,66.0,124.0,16927.6463403211,dn,1.0,210.75126827012704,16886.734998934982,16787.576630422547,inf,86.26500106501771,0,2,inf,0.40932138521913397,0.0,1.0,0.0,1.0,0.0,0.0,0.0,0.0,0.0,0.0
2021-10-21,16879.0,16903.0,16870.0,235.0,177.0,235.0,16928.25164128653,up,1.0,202.48924272059114,16927.6463403211,16886.734998934982,7.734998934982286,inf,2,0,0.03819955485564031,inf,1.0,1.0,1.0,1.0,1.0,1.0,0.0,1.0,0.0,0.0
2021-10-22,16877.0,16885.0,16836.0,143.0,143.0,127.0,16850.521996538846,dn,1.0,205.58550531863008,16928.25164128653,16927.6463403211,50.64634032109825,inf,2,0,0.24635170773641452,inf,1.0,1.0,1.0,1.0,0.0,0.0,0.0,0.0,0.0,0.0
2021-10-25,16788.0,16809.0,16751.0,199.0,199.0,111.0,16832.676789186185,up,1.0,199.62498100257008,16850.521996538846,16928.25164128653,62.521996538846,inf,2,0,0.3131972573013848,inf,1.0,1.0,1.0,1.0,1.0,0.0,1.0,0.0,0.0,0.0
2021-10-26,16975.0,16990.0,16962.0,125.0,125.0,89.0,17011.981196748606,dn,1.0,199.56545900232533,16832.676789186185,16850.521996538846,inf,124.478003461154,0,2,inf,0.6237452316821198,1.0,1.0,1.0,0.0,0.0,0.0,0.0,0.0,0.0,0.0
2021-10-27,16944.0,16972.0,16928.0,160.0,160.0,90.0,17001.014252969853,up,0.0,192.46398671638957,17011.981196748606,16832.676789186185,67.98119674860573,111.32321081381451,1,1,0.35321515421366195,0.5784106040464484,1.0,1.0,1.0,0.0,1.0,0.0,0.0,0.0,0.0,0.0
2021-10-28,17013.0,17030.0,17007.0,119.0,96.0,119.0,17040.81848347345,up,1.0,189.3721784576858,17001.014252969853,17011.981196748606,inf,1.0188032513942744,0,2,inf,0.005379899305651809,1.0,1.0,1.0,1.0,0.0,0.0,0.0,0.0,0.0,0.0
2021-10-29,17061.0,17074.0,17030.0,216.0,118.0,216.0,16942.835112543657,dn,0.0,182.6700662236205,17040.81848347345,17001.014252969853,inf,20.181516526550695,0,2,inf,0.11048069858279323,1.0,1.0,1.0,1.0,0.0,1.0,0.0,1.0,0.0,0.0
2021-11-01,17040.0,17086.0,17037.0,102.0,93.0,102.0,17074.541209789597,up,1.0,185.84434563089474,16942.835112543657,17040.81848347345,0.8184834734493052,97.16488745634342,1,1,0.0044041343882202065,0.5228293985834925,1.0,1.0,1.0,1.0,0.0,0.0,0.0,0.0,0.0,0.0
2021-11-02,17167.0,17185.0,17158.0,251.0,105.0,251.0,17133.34445628606,up,1.0,177.8591698565238,17074.541209789597,16942.835112543657,inf,92.4587902104031,0,2,inf,0.5198426951221472,1.0,1.0,1.0,1.0,0.0,1.0,0.0,1.0,0.0,1.0
2021-11-03,17081.0,17089.0,17058.0,87.0,76.0,87.0,17087.064640102115,up,1.0,184.82496320352155,17133.34445628606,17074.541209789597,52.34445628606045,6.4587902104030945,1,1,0.2832109655470128,0.03494544296644033,1.0,1.0,0.0,0.0,0.0,0.0,0.0,0.0,0.0,0.0
2021-11-04,17269.0,17280.0,17242.0,230.0,43.0,230.0,17161.950930136878,dn,0.0,175.5083000412814,17087.064640102115,17133.34445628606,inf,135.65554371393955,0,2,inf,0.772929506365408,0.0,1.0,0.0,1.0,0.0,1.0,0.0,1.0,0.0,1.0
2021-11-05,17150.0,17170.0,17149.0,173.0,173.0,68.0,17189.094841689388,dn,1.0,180.69798575163554,17161.950930136878,17087.064640102115,11.950930136878014,62.935359897885064,1,1,0.06613759465644649,0.348290323415049,1.0,0.0,1.0,0.0,1.0,0.0,0.0,0.0,0.0,0.0
2021-11-08,17256.0,17304.0,17251.0,174.0,174.0,48.0,17343.25688346673,up,0.0,179.96484425147978,17189.094841689388,17161.950930136878,inf,66.90515831061202,0,2,inf,0.37176793383667706,1.0,0.0,1.0,0.0,1.0,0.0,0.0,0.0,0.0,0.0
2021-11-09,17499.0,17512.0,17480.0,113.0,113.0,74.0,17547.67165491867,up,0.0,179.39676384657693,17343.25688346673,17189.094841689388,inf,155.74311653327095,0,2,inf,0.8681489743397213,1.0,1.0,1.0,0.0,0.0,0.0,0.0,0.0,0.0,0.0
2021-11-10,17550.0,17568.0,17526.0,85.0,76.0,85.0,17541.79045355516,,,173.07326252785532,17547.67165491867,17343.25688346673,inf,2.3283450813287345,0,2,inf,0.013452944997520911,1.0,1.0,0.0,0.0,0.0,0.0,0.0,0.0,0.0,0.0
2021-11-11,17430.0,17458.0,17420.0,142.0,142.0,103.0,17468.74720041801,dn,1.0,164.68533276329768,17541.79045355516,17547.67165491867,111.79045355516064,inf,2,0,0.6788124460108242,inf,1.0,1.0,1.0,1.0,1.0,0.0,0.0,0.0,0.0,0.0
2021-11-12,17570.0,17577.0,17553.0,147.0,125.0,147.0,17560.96855704698,dn,1.0,162.52482488107884,17468.74720041801,17541.79045355516,inf,28.20954644483936,0,2,inf,0.1735706927571255,1.0,1.0,1.0,1.0,1.0,1.0,0.0,0.0,0.0,0.0
2021-11-15,17615.0,17649.0,17615.0,104.0,92.0,104.0,17656.752370943123,up,1.0,161.04627013049992,17560.96855704698,17468.74720041801,inf,54.031442953018995,0,2,inf,0.3355026037500647,1.0,1.0,1.0,1.0,0.0,0.0,0.0,0.0,0.0,0.0
2021-11-16,17662.0,17683.0,17653.0,64.0,64.0,59.0,17687.636698185535,up,0.0,155.61329202283326,17656.752370943123,17560.96855704698,inf,5.247629056877486,0,2,inf,0.033722241774227724,1.0,0.0,0.0,0.0,0.0,0.0,0.0,0.0,0.0,0.0
2021-11-17,17711.0,17728.0,17711.0,83.0,83.0,60.0,17722.37149449397,up,1.0,146.88821659208725,17687.636698185535,17656.752370943123,inf,23.36330181446465,0,2,inf,0.15905497633853913,1.0,1.0,1.0,0.0,0.0,0.0,0.0,0.0,0.0,0.0
2021-11-18,17769.0,17797.0,17763.0,105.0,105.0,65.0,17811.590887268238,up,0.0,140.803624535698,17722.37149449397,17687.636698185535,inf,46.62850550602889,0,2,inf,0.3311598381063489,1.0,1.0,1.0,0.0,1.0,0.0,0.0,0.0,0.0,0.0
2021-11-19,17919.0,17944.0,17905.0,136.0,45.0,136.0,17875.392649622314,up,1.0,137.39375553229817,17811.590887268238,17722.37149449397,inf,107.40911273176243,0,2,inf,0.7817612402807708,0.0,1.0,0.0,1.0,0.0,1.0,0.0,1.0,0.0,0.0
2021-11-22,17790.0,17836.0,17787.0,89.0,89.0,60.0,17839.265718588493,up,0.0,137.26101691017453,17875.392649622314,17811.590887268238,21.590887268237566,inf,2,0,0.157298027905235,inf,1.0,1.0,1.0,0.0,0.0,0.0,0.0,0.0,0.0,0.0
2021-11-23,17765.0,17768.0,17726.0,130.0,82.0,130.0,17696.335151379146,dn,0.0,132.664729585396,17839.265718588493,17875.392649622314,74.26571858849275,inf,2,0,0.559800022361543,inf,1.0,1.0,1.0,1.0,0.0,1.0,0.0,1.0,0.0,0.0
2021-11-24,17604.0,17644.0,17593.0,105.0,105.0,100.0,17649.668129227717,up,0.0,132.41094581535828,17696.335151379146,17839.265718588493,92.33515137914583,inf,2,0,0.6973377526349179,inf,1.0,1.0,1.0,1.0,1.0,1.0,0.0,0.0,0.0,0.0
2021-11-25,17688.0,17715.0,17671.0,115.0,87.0,115.0,17652.269010580585,dn,0.0,129.8003795472289,17649.668129227717,17696.335151379146,8.335151379145827,38.331870772282855,1,1,0.06421515413298938,0.29531401145352965,1.0,1.0,1.0,1.0,0.0,1.0,0.0,0.0,0.0,0.0
2021-11-26,17530.0,17544.0,17450.0,265.0,122.0,265.0,17414.673406545913,up,1.0,128.39081959034996,17652.269010580585,17649.668129227717,119.66812922771715,inf,2,0,0.9320614169263515,inf,1.0,1.0,1.0,1.0,1.0,1.0,0.0,1.0,0.0,1.0
2021-11-29,17243.0,17277.0,17221.0,232.0,232.0,134.0,17310.777729675727,up,1.0,141.40121772460236,17414.673406545913,17652.269010580585,171.67340654591317,inf,2,0,1.214087186153304,inf,1.0,1.0,1.0,1.0,1.0,1.0,1.0,0.0,1.0,0.0
2021-11-30,17428.0,17438.0,17404.0,225.0,133.0,225.0,17441.989048517302,up,1.0,150.02967317940212,17310.777729675727,17414.673406545913,inf,13.326593454086833,0,2,inf,0.08882638461893595,1.0,1.0,1.0,1.0,1.0,1.0,0.0,1.0,0.0,1.0
2021-12-01,17350.0,17384.0,17342.0,284.0,284.0,60.0,17479.446802339633,dn,1.0,157.16970430517335,17441.989048517302,17310.777729675727,91.98904851730185,39.22227032427327,1,1,0.5852848608704417,0.249553630565571,1.0,0.0,1.0,0.0,1.0,0.0,1.0,0.0,1.0,0.0
2021-12-02,17570.0,17576.0,17522.0,200.0,200.0,98.0,17636.871066804382,up,0.0,169.24878008563303,17479.446802339633,17441.989048517302,inf,90.553197660367,0,2,inf,0.5350301350151578,1.0,1.0,1.0,1.0,1.0,0.0,1.0,0.0,0.0,0.0
2021-12-03,17696.0,17701.0,17670.0,124.0,124.0,104.0,17691.729630240796,up,1.0,172.17746769652513,17636.871066804382,17479.446802339633,inf,59.12893319561772,0,2,inf,0.34341853197560446,1.0,1.0,1.0,1.0,1.0,0.0,0.0,0.0,0.0,0.0
2021-12-06,17619.0,17624.0,17570.0,209.0,209.0,97.0,17643.591693023154,dn,1.0,167.5891374397132,17691.729630240796,17636.871066804382,17.87106680438228,inf,2,0,0.10663618822437722,inf,1.0,1.0,1.0,1.0,1.0,0.0,1.0,0.0,1.0,0.0
2021-12-07,17677.0,17694.0,17662.0,213.0,213.0,111.0,17669.882114382173,dn,1.0,171.53302911212145,17643.591693023154,17691.729630240796,14.729630240795814,33.40830697684578,1,1,0.08587051903087356,0.1947631144262523,1.0,1.0,1.0,1.0,1.0,0.0,1.0,0.0,1.0,0.0
2021-12-08,17945.0,17977.0,17931.0,148.0,57.0,148.0,17919.581706862587,,,175.48226443477657,17669.882114382173,17643.591693023154,inf,275.1178856178267,0,2,inf,1.5677817157418936,0.0,1.0,0.0,1.0,0.0,1.0,0.0,0.0,0.0,0.0
2021-12-09,17886.0,17920.0,17886.0,134.0,100.0,134.0,17882.189321558628,up,1.0,172.8649059171788,17919.581706862587,17669.882114382173,33.58170686258745,216.1178856178267,1,1,0.19426561270149748,1.2502126123932338,1.0,1.0,1.0,1.0,0.0,1.0,0.0,0.0,0.0,0.0
2021-12-10,17808.0,17841.0,17792.0,109.0,109.0,76.0,17830.50103725832,dn,1.0,169.1634863060189,17882.189321558628,17919.581706862587,74.18932155862785,inf,2,0,0.4385658109718691,inf,1.0,1.0,1.0,0.0,0.0,0.0,0.0,0.0,0.0,0.0
2021-12-13,17912.0,17944.0,17892.0,201.0,54.0,201.0,17858.224587221368,dn,0.0,163.43363046735044,17830.50103725832,17882.189321558628,inf,29.810678441372147,0,2,inf,0.18240235107135738,0.0,1.0,0.0,1.0,0.0,1.0,0.0,1.0,0.0,1.0
2021-12-14,17683.0,17711.0,17668.0,146.0,83.0,146.0,17633.3097591001,dn,0.0,167.0113799466504,17858.224587221368,17830.50103725832,147.50103725832014,inf,2,0,0.8831795612097655,inf,1.0,1.0,0.0,1.0,0.0,1.0,0.0,0.0,0.0,0.0
2021-12-15,17588.0,17595.0,17563.0,130.0,130.0,72.0,17609.92322807569,up,1.0,165.01029614220752,17633.3097591001,17858.224587221368,45.309759100098745,inf,2,0,0.27458746611211665,inf,1.0,1.0,1.0,0.0,1.0,0.0,0.0,0.0,0.0,0.0
2021-12-16,17765.0,17777.0,17738.0,138.0,138.0,106.0,17741.08468063338,dn,1.0,161.67598222390205,17609.92322807569,17633.3097591001,inf,131.69024089990126,0,2,inf,0.8145318747315596,1.0,1.0,1.0,1.0,1.0,0.0,0.0,0.0,0.0,0.0
2021-12-17,17716.0,17738.0,17710.0,95.0,88.0,95.0,17755.81096232497,up,1.0,159.4211267740066,17741.08468063338,17609.92322807569,25.08468063337932,106.07677192430856,1,1,0.15734853429394619,0.6653871671267364,1.0,1.0,1.0,1.0,0.0,0.0,0.0,0.0,0.0,0.0
2021-12-20,17720.0,17724.0,17653.0,184.0,95.0,184.0,17648.683404912415,,,153.28578136695836,17755.81096232497,17741.08468063338,21.08468063337932,inf,2,0,0.13755144440242417,inf,1.0,1.0,1.0,1.0,0.0,1.0,0.0,1.0,0.0,0.0
2021-12-21,17660.0,17680.0,17647.0,205.0,205.0,56.0,17738.90812391213,dn,1.0,156.21094504629565,17648.683404912415,17755.81096232497,95.8109623249693,11.316595087584574,1,1,0.6133434651238693,0.07244431614078461,1.0,0.0,1.0,0.0,1.0,0.0,1.0,0.0,1.0,0.0
2021-12-22,17847.0,17852.0,17817.0,69.0,54.0,69.0,17813.97107606679,dn,0.0,160.8575217085532,17738.90812391213,17648.683404912415,inf,108.09187608787033,0,2,inf,0.6719727802577653,0.0,1.0,0.0,0.0,0.0,0.0,0.0,0.0,0.0,0.0
2021-12-23,17935.0,17948.0,17928.0,80.0,77.0,80.0,17937.517828213244,dn,1.0,152.1091863077386,17813.97107606679,17738.90812391213,inf,121.02892393320872,0,2,inf,0.7956713652280666,1.0,1.0,1.0,1.0,0.0,0.0,0.0,0.0,0.0,0.0
2021-12-24,18014.0,18020.0,17994.0,89.0,45.0,89.0,17996.782853028817,dn,1.0,145.24164475462064,17937.517828213244,17813.97107606679,inf,76.48217178675623,0,2,inf,0.5265856904606767,0.0,1.0,0.0,1.0,0.0,0.0,0.0,0.0,0.0,0.0
2021-12-27,17982.0,18002.0,17967.0,132.0,132.0,43.0,18051.9572596609,,,139.88529763513296,17996.782853028817,17937.517828213244,14.782853028817044,44.482171786756226,1,1,0.10567838992898028,0.31799032878194544,1.0,0.0,1.0,0.0,1.0,0.0,0.0,0.0,0.0,0.0
2021-12-28,18115.0,18129.0,18105.0,104.0,104.0,35.0,18153.569048986625,up,0.0,139.13431690797745,18051.9572596609,17996.782853028817,inf,63.04274033910042,0,2,inf,0.4531070532426338,1.0,0.0,1.0,0.0,1.0,0.0,0.0,0.0,0.0,0.0
2021-12-29,18195.0,18225.0,18193.0,101.0,101.0,55.0,18234.847161801852,up,1.0,135.78819148817007,18153.569048986625,18051.9572596609,inf,41.43095101337531,0,2,inf,0.3051145358025097,1.0,1.0,1.0,0.0,1.0,0.0,0.0,0.0,0.0,0.0
2021-12-30,18242.0,18262.0,18235.0,88.0,61.0,88.0,18225.219732124024,up,1.0,132.47503039405865,18234.847161801852,18153.569048986625,inf,7.152838198147947,0,2,inf,0.05399385964940864,1.0,1.0,0.0,1.0,0.0,0.0,0.0,0.0,0.0,0.0
2022-01-03,18288.0,18331.0,18281.0,186.0,108.0,186.0,18291.13686024079,up,1.0,128.23931321367212,18225.219732124024,18234.847161801852,inf,53.15283819814795,0,2,inf,0.4144816192955181,1.0,1.0,1.0,1.0,1.0,1.0,0.0,1.0,0.0,1.0
2022-01-04,18361.0,18392.0,18359.0,163.0,163.0,84.0,18454.647608861054,up,0.0,133.7403310028462,18291.13686024079,18225.219732124024,inf,69.86313975921075,0,2,inf,0.5223789954409785,1.0,1.0,1.0,1.0,1.0,0.0,1.0,0.0,0.0,0.0
2022-01-05,18480.0,18518.0,18454.0,108.0,92.0,108.0,18494.82577513234,up,1.0,136.52696614543228,18454.647608861054,18291.13686024079,inf,25.352391138945677,0,2,inf,0.18569511836906719,1.0,1.0,1.0,1.0,0.0,1.0,0.0,0.0,0.0,0.0
2022-01-06,18345.0,18374.0,18334.0,181.0,126.0,181.0,18328.20091683258,dn,1.0,133.81011222681968,18494.82577513234,18454.647608861054,109.64760886105432,inf,2,0,0.8194269254867088,inf,1.0,1.0,1.0,1.0,1.0,1.0,0.0,1.0,0.0,1.0
2022-01-07,18459.0,18478.0,18434.0,363.0,122.0,363.0,18247.566213236096,dn,0.0,138.30438725283685,18328.20091683258,18494.82577513234,35.82577513233991,130.7990831674215,1,1,0.25903570988566066,0.9457334345316554,1.0,1.0,1.0,1.0,1.0,1.0,0.0,1.0,0.0,1.0
2022-01-10,18075.0,18100.0,18022.0,242.0,242.0,79.0,18165.743553261535,,,159.70396941923335,18247.566213236096,18328.20091683258,172.5662132360958,inf,2,0,1.0805380346126414,inf,1.0,1.0,1.0,0.0,1.0,0.0,1.0,0.0,1.0,0.0
2022-01-11,18200.0,18242.0,18199.0,193.0,193.0,152.0,18205.195481269948,up,1.0,167.5416866174016,18165.743553261535,18247.566213236096,47.56621323609579,34.256446738465456,1,1,0.2839067350725557,0.2044652135840886,1.0,1.0,1.0,1.0,1.0,1.0,1.0,0.0,0.0,0.0
2022-01-12,18403.0,18411.0,18369.0,140.0,108.0,140.0,18331.934622089473,dn,0.0,169.9662878919348,18205.195481269948,18165.743553261535,inf,197.80451873005222,0,2,inf,1.1637867790335992,1.0,1.0,1.0,1.0,0.0,1.0,0.0,0.0,0.0,0.0
2022-01-13,18433.0,18449.0,18404.0,121.0,117.0,121.0,18414.455861923805,dn,1.0,167.11235571175052,18331.934622089473,18205.195481269948,inf,101.06537791052688,0,2,inf,0.6047750178619524,1.0,1.0,1.0,1.0,0.0,1.0,0.0,0.0,0.0,0.0
2022-01-14,18549.0,18560.0,18483.0,340.0,171.0,340.0,18343.797778865726,dn,0.0,162.7207027868219,18414.455861923805,18331.934622089473,inf,134.54413807619494,0,2,inf,0.826840935246324,1.0,1.0,1.0,1.0,1.0,1.0,1.0,1.0,0.0,1.0
2022-01-17,18417.0,18459.0,18387.0,150.0,150.0,72.0,18478.989549327176,up,0.0,179.60444537855315,18343.797778865726,18414.455861923805,inf,2.5441380761949404,0,2,inf,0.014165228877451492,1.0,1.0,1.0,0.0,1.0,0.0,0.0,0.0,0.0,0.0
2022-01-18,18531.0,18555.0,18518.0,236.0,111.0,236.0,18491.01367504417,dn,1.0,176.78497439011952,18478.989549327176,18343.797778865726,inf,52.010450672823936,0,2,inf,0.29420176037161444,1.0,1.0,1.0,1.0,0.0,1.0,0.0,1.0,0.0,1.0
2022-01-19,18261.0,18284.0,18237.0,135.0,115.0,135.0,18273.29486869606,dn,1.0,182.42450063867955,18491.01367504417,18478.989549327176,217.98954932717606,inf,2,0,1.1949576321381232,inf,1.0,1.0,1.0,1.0,0.0,1.0,0.0,0.0,0.0,0.0
2022-01-20,18203.0,18216.0,18153.0,189.0,189.0,135.0,18179.04446516629,dn,1.0,177.90788153023388,18273.29486869606,18491.01367504417,70.29486869605898,inf,2,0,0.3951194747047392,inf,1.0,1.0,1.0,1.0,1.0,1.0,1.0,0.0,0.0,0.0
2022-01-21,18026.0,18050.0,18004.0,214.0,119.0,214.0,17937.581334313825,dn,0.0,178.9642737654497,18179.04446516629,18273.29486869606,153.04446516629105,inf,2,0,0.8551676932283753,inf,1.0,1.0,1.0,1.0,0.0,1.0,0.0,1.0,0.0,0.0
2022-01-24,17736.0,17798.0,17736.0,270.0,270.0,111.0,17831.93948508451,up,1.0,182.30100959731163,17937.581334313825,18179.04446516629,201.5813343138252,inf,2,0,1.1057609322027468,inf,1.0,1.0,1.0,1.0,1.0,0.0,1.0,0.0,1.0,0.0
2022-01-25,17790.0,17799.0,17721.0,221.0,109.0,221.0,17667.433817918074,dn,0.0,190.65329439756766,17831.93948508451,17937.581334313825,41.939485084509215,inf,2,0,0.21997776234095998,inf,1.0,1.0,1.0,1.0,0.0,1.0,0.0,1.0,0.0,0.0
2022-01-26,17683.0,17696.0,17622.0,150.0,150.0,142.0,17683.839878680123,dn,1.0,193.54345683589455,17667.433817918074,17831.93948508451,148.93948508450922,15.566182081925945,1,1,0.7695402754472602,0.08042732281631462,1.0,1.0,1.0,1.0,1.0,1.0,0.0,0.0,0.0,0.0
2022-02-07,17797.0,17806.0,17733.0,207.0,207.0,153.0,17793.6755037022,dn,1.0,189.39646094676172,17683.839878680123,17667.433817918074,inf,113.16012131987736,0,2,inf,0.5974774858738572,1.0,1.0,1.0,1.0,1.0,1.0,1.0,0.0,0.0,0.0
2022-02-08,17960.0,17994.0,17936.0,125.0,111.0,125.0,18002.48073460166,up,0.0,191.07298847564155,17793.6755037022,17683.839878680123,inf,166.32449629779876,0,2,inf,0.8704762385553111,1.0,1.0,1.0,1.0,0.0,0.0,0.0,0.0,0.0,0.0
2022-02-09,18068.0,18083.0,18054.0,119.0,119.0,55.0,18100.978636092666,up,1.0,184.78032290653283,18002.48073460166,17793.6755037022,inf,65.51926539833948,0,2,inf,0.3545792342374085,1.0,0.0,1.0,0.0,0.0,0.0,0.0,0.0,0.0,0.0
2022-02-10,18230.0,18240.0,18196.0,207.0,207.0,107.0,18220.420347917763,dn,1.0,178.5155302487678,18100.978636092666,18002.48073460166,inf,129.02136390733358,0,2,inf,0.7227458794623509,1.0,1.0,1.0,1.0,1.0,0.0,1.0,0.0,0.0,0.0
2022-02-11,18202.0,18233.0,18182.0,108.0,108.0,51.0,18249.686704078165,up,0.0,181.2283368917423,18220.420347917763,18100.978636092666,18.420347917763138,101.02136390733358,1,1,0.10164165402437385,0.5574258730171939,1.0,0.0,1.0,0.0,0.0,0.0,0.0,0.0,0.0,0.0
2022-02-14,18099.0,18132.0,18072.0,198.0,98.0,198.0,18005.461957304113,dn,0.0,174.2542095687192,18249.686704078165,18220.420347917763,121.42034791776314,inf,2,0,0.6968000843037286,inf,1.0,1.0,1.0,1.0,0.0,1.0,0.0,1.0,0.0,0.0
2022-02-15,17922.0,17968.0,17883.0,210.0,210.0,180.0,18009.700018428273,up,0.0,176.51571341931736,18005.461957304113,18249.686704078165,83.46195730411273,inf,2,0,0.472830184278534,inf,1.0,1.0,1.0,1.0,1.0,1.0,1.0,1.0,0.0,0.0
2022-02-16,18184.0,18202.0,18164.0,108.0,97.0,108.0,18192.849520012063,,,179.70469309366808,18009.700018428273,18005.461957304113,inf,174.29998157172668,0,2,inf,0.9699244831679255,1.0,1.0,1.0,1.0,0.0,0.0,0.0,0.0,0.0,0.0
2022-02-17,18269.0,18281.0,18251.0,162.0,85.0,162.0,18254.08117682323,dn,1.0,172.87567470379494,18192.849520012063,18009.700018428273,inf,76.1504799879367,0,2,inf,0.44049274207266514,1.0,1.0,0.0,1.0,0.0,1.0,0.0,0.0,0.0,0.0
2022-02-18,18065.0,18080.0,18039.0,215.0,215.0,42.0,18173.029921586956,up,0.0,171.8398961605764,18254.08117682323,18192.849520012063,127.8495200120633,inf,2,0,0.744003708501976,inf,1.0,0.0,1.0,0.0,1.0,0.0,1.0,0.0,1.0,0.0
2022-02-21,18001.0,18072.0,17970.0,272.0,272.0,59.0,18148.910235941104,up,0.0,175.9503822405215,18173.029921586956,18254.08117682323,172.02992158695633,inf,2,0,0.9777183737617237,inf,1.0,0.0,1.0,0.0,1.0,0.0,1.0,0.0,1.0,0.0
2022-02-22,17990.0,18068.0,17980.0,295.0,180.0,295.0,17907.79716598348,dn,0.0,185.09796488428134,18148.910235941104,18173.029921586956,158.91023594110447,inf,2,0,0.8585196279194708,inf,1.0,1.0,1.0,1.0,1.0,1.0,0.0,1.0,0.0,1.0
2022-02-23,17954.0,17963.0,17936.0,124.0,124.0,75.0,17990.31310190102,up,0.0,195.56482537149265,17907.79716598348,18148.910235941104,194.91023594110447,46.20283401651977,1,1,0.9966528263498065,0.2362532931407957,1.0,0.0,1.0,0.0,0.0,0.0,0.0,0.0,0.0,0.0
2022-02-24,17811.0,17840.0,17777.0,344.0,135.0,344.0,17703.2943844504,dn,1.0,188.74912771706477,17990.31310190102,17907.79716598348,96.79716598348023,inf,2,0,0.5128350374608317,inf,1.0,1.0,1.0,1.0,1.0,1.0,0.0,1.0,0.0,1.0
2022-02-25,17660.0,17702.0,17618.0,189.0,129.0,189.0,17602.3431104995,dn,0.0,203.5349250773443,17703.2943844504,17990.31310190102,43.294384450400685,inf,2,0,0.21271231182534692,inf,1.0,1.0,1.0,1.0,0.0,1.0,0.0,0.0,0.0,0.0
2022-03-01,17756.0,17788.0,17724.0,250.0,250.0,96.0,17858.609502361458,dn,1.0,202.1506464985496,17602.3431104995,17703.2943844504,inf,52.705615549599315,0,2,inf,0.26072444715123616,1.0,1.0,1.0,0.0,1.0,0.0,1.0,0.0,1.0,0.0
2022-03-02,17788.0,17826.0,17770.0,137.0,137.0,79.0,17818.323795100976,up,1.0,206.707727784402,17858.609502361458,17602.3431104995,70.609502361458,185.65688950050026,1,1,0.3415910141255306,0.898161338671102,1.0,0.0,1.0,0.0,0.0,0.0,0.0,0.0,0.0,0.0
2022-03-03,17942.0,17960.0,17927.0,99.0,67.0,99.0,17912.314315907577,dn,1.0,200.06889656683992,17818.323795100976,17858.609502361458,inf,83.390497638542,0,2,inf,0.4168089046799062,0.0,1.0,0.0,0.0,0.0,0.0,0.0,0.0,0.0,0.0
2022-03-04,17608.0,17653.0,17522.0,266.0,266.0,122.0,17697.701607043276,up,0.0,190.44328736999802,17912.314315907577,17818.323795100976,210.32379510097599,inf,2,0,1.1043906981733287,inf,1.0,1.0,1.0,1.0,1.0,0.0,1.0,0.0,1.0,0.0
2022-03-07,17362.0,17405.0,17312.0,354.0,126.0,354.0,17178.12823751964,dn,0.0,197.63916476333154,17697.701607043276,17912.314315907577,335.70160704327645,inf,2,0,1.6985581144570794,inf,1.0,1.0,1.0,1.0,0.0,1.0,0.0,1.0,0.0,1.0
2022-03-08,16840.0,16920.0,16812.0,363.0,246.0,363.0,16866.227339542507,up,1.0,212.5306728811095,17178.12823751964,17697.701607043276,338.1282375196388,inf,2,0,1.5909620617857314,inf,1.0,1.0,1.0,1.0,1.0,1.0,1.0,1.0,0.0,1.0
2022-03-09,16890.0,16910.0,16865.0,158.0,158.0,107.0,16949.854121599044,up,0.0,226.8610849876705,16866.227339542507,17178.12823751964,288.1282375196388,23.772660457492748,1,1,1.2700646192153142,0.10478950349190454,1.0,1.0,1.0,0.0,0.0,0.0,0.0,0.0,0.0,0.0
2022-03-10,17301.0,17312.0,17269.0,187.0,187.0,99.0,17386.084332833583,up,0.0,220.30288641741618,16949.854121599044,16866.227339542507,inf,351.14587840095555,0,2,inf,1.5939231850808628,1.0,1.0,1.0,0.0,1.0,0.0,0.0,0.0,0.0,0.0
2022-03-11,17372.0,17387.0,17324.0,217.0,66.0,217.0,17257.432694544917,dn,0.0,217.13118294909083,17386.084332833583,16949.854121599044,14.084332833583176,422.14587840095555,1,1,0.0648655464511766,1.9441973864248372,0.0,1.0,0.0,1.0,0.0,1.0,0.0,1.0,0.0,0.0
2022-03-14,17289.0,17321.0,17271.0,200.0,114.0,200.0,17251.49799547303,up,1.0,217.1186893348917,17257.432694544917,17386.084332833583,97.08433283358318,31.567305455082533,1,1,0.44714866845864565,0.1453919307996189,1.0,1.0,1.0,1.0,0.0,1.0,0.0,0.0,0.0,0.0
2022-03-15,17177.0,17195.0,17120.0,334.0,117.0,334.0,16958.63419709462,dn,0.0,215.48833796966395,17251.49799547303,17257.432694544917,74.49799547302973,inf,2,0,0.34571706373974365,inf,1.0,1.0,1.0,1.0,0.0,1.0,0.0,1.0,0.0,1.0
2022-03-16,17080.0,17089.0,17041.0,288.0,153.0,288.0,16929.01640732797,dn,0.0,226.77516292493405,16958.63419709462,17251.49799547303,171.49799547302973,121.3658029053804,1,1,0.756246818483372,0.5351811959476104,1.0,1.0,1.0,1.0,0.0,1.0,0.0,1.0,0.0,1.0
2022-03-17,17339.0,17374.0,17315.0,208.0,208.0,138.0,17363.430492959935,dn,1.0,232.60609978922605,16929.01640732797,16958.63419709462,inf,380.3658029053804,0,2,inf,1.6352357193128018,1.0,1.0,1.0,1.0,1.0,0.0,0.0,0.0,0.0,0.0
2022-03-18,17441.0,17444.0,17406.0,149.0,129.0,149.0,17370.86846973471,dn,0.0,230.26266171406166,17363.430492959935,16929.01640732797,inf,77.56950704006522,0,2,inf,0.336874013627057,1.0,1.0,1.0,1.0,0.0,0.0,0.0,0.0,0.0,0.0
2022-03-21,17442.0,17518.0,17439.0,138.0,138.0,125.0,17515.986128408847,up,0.0,222.52336059843674,17370.86846973471,17363.430492959935,inf,71.13153026529108,0,2,inf,0.31965870942266716,1.0,1.0,1.0,1.0,0.0,0.0,0.0,0.0,0.0,0.0
2022-03-22,17536.0,17538.0,17503.0,90.0,90.0,85.0,17505.518600655025,dn,1.0,214.47351673191895,17515.986128408847,17370.86846973471,inf,20.013871591152565,0,2,inf,0.09331628396884493,1.0,1.0,0.0,0.0,0.0,0.0,0.0,0.0,0.0,0.0
2022-03-23,17644.0,17664.0,17625.0,125.0,110.0,125.0,17678.952667988644,up,1.0,202.6188960907838,17505.518600655025,17515.986128408847,inf,128.01387159115257,0,2,inf,0.6317963134780662,1.0,1.0,1.0,1.0,0.0,0.0,0.0,0.0,0.0,0.0
2022-03-24,17570.0,17609.0,17565.0,139.0,139.0,70.0,17621.66270594109,,,195.22662027261393,17678.952667988644,17505.518600655025,108.95266798864395,64.48139934497522,1,1,0.5580830515659326,0.33028999454548547,1.0,0.0,1.0,0.0,1.0,0.0,0.0,0.0,0.0,0.0
2022-03-25,17720.0,17726.0,17673.0,135.0,90.0,135.0,17647.74385060862,dn,0.0,189.8717040561745,17621.66270594109,17678.952667988644,inf,41.04733201135605,0,2,inf,0.2161845663912722,1.0,1.0,0.0,1.0,0.0,1.0,0.0,0.0,0.0,0.0
2022-03-28,17512.0,17521.0,17407.0,217.0,201.0,217.0,17401.124903230197,dn,0.0,184.645827479396,17647.74385060862,17621.66270594109,109.66270594108937,inf,2,0,0.5939083890391527,inf,1.0,1.0,1.0,1.0,1.0,1.0,1.0,1.0,0.0,0.0
2022-03-29,17560.0,17573.0,17525.0,93.0,73.0,93.0,17529.68664004713,dn,1.0,187.72717724326304,17401.124903230197,17647.74385060862,87.74385060861823,158.87509676980335,1,1,0.4674008947298923,0.846308451993223,1.0,1.0,0.0,0.0,0.0,0.0,0.0,0.0,0.0,0.0
2022-03-30,17671.0,17708.0,17671.0,97.0,97.0,87.0,17712.263633024257,up,1.0,178.70554131533322,17529.68664004713,17401.124903230197,inf,141.3133599528701,0,2,inf,0.7907609294751353,1.0,1.0,1.0,0.0,0.0,0.0,0.0,0.0,0.0,0.0
2022-03-31,17747.0,17774.0,17722.0,151.0,58.0,151.0,17704.173180705286,dn,0.0,170.92406119006338,17712.263633024257,17529.68664004713,inf,34.736366975743294,0,2,inf,0.20322689932529336,0.0,1.0,0.0,1.0,0.0,1.0,0.0,0.0,0.0,0.0
2022-04-01,17466.0,17478.0,17435.0,153.0,153.0,64.0,17499.260073707075,dn,1.0,169.0265315529145,17704.173180705286,17712.263633024257,238.17318070528563,inf,2,0,1.4090875468903796,inf,1.0,0.0,1.0,0.0,1.0,0.0,0.0,0.0,0.0,0.0
2022-04-06,17439.0,17447.0,17370.0,181.0,181.0,120.0,17418.02388622975,dn,1.0,167.5001952145417,17499.260073707075,17704.173180705286,60.26007370707521,inf,2,0,0.3597612147848033,inf,1.0,1.0,1.0,1.0,1.0,1.0,1.0,0.0,0.0,0.0
2022-04-07,17333.0,17344.0,17303.0,264.0,84.0,264.0,17278.110846297557,up,1.0,168.78589090839486,17418.02388622975,17499.260073707075,85.02388622974831,inf,2,0,0.5037381132519738,inf,1.0,1.0,1.0,1.0,0.0,1.0,0.0,1.0,0.0,1.0
2022-04-08,17200.0,17217.0,17185.0,149.0,149.0,55.0,17233.085649788067,up,1.0,177.85390129807155,17278.110846297557,17418.02388622975,78.11084629755715,inf,2,0,0.4391854534956107,inf,1.0,0.0,1.0,0.0,1.0,0.0,0.0,0.0,0.0,0.0
2022-04-11,17222.0,17279.0,17218.0,322.0,89.0,322.0,17091.90466352061,up,1.0,175.1059106982552,17233.085649788067,17278.110846297557,11.085649788066803,inf,2,0,0.06330825580850746,inf,1.0,1.0,1.0,1.0,0.0,1.0,0.0,1.0,0.0,1.0
2022-04-12,16960.0,16976.0,16938.0,162.0,162.0,139.0,16997.18972409359,dn,1.0,189.09582396508804,17091.90466352061,17233.085649788067,131.90466352061048,inf,2,0,0.6975546088472239,inf,1.0,1.0,1.0,1.0,1.0,1.0,0.0,0.0,0.0,0.0
2022-04-13,17080.0,17144.0,17071.0,250.0,250.0,58.0,17225.8407844174,up,0.0,186.51526930174632,16997.18972409359,17091.90466352061,11.904663520610484,82.81027590640952,1,1,0.0638267502986632,0.4439865766294887,1.0,0.0,1.0,0.0,1.0,0.0,1.0,0.0,1.0,0.0
2022-04-14,17349.0,17352.0,17320.0,101.0,60.0,101.0,17290.196692800353,dn,0.0,192.56143413015144,17225.8407844174,16997.18972409359,inf,123.15921558260015,0,2,inf,0.6395840171161031,0.0,1.0,0.0,1.0,0.0,0.0,0.0,0.0,0.0,0.0
2022-04-15,17102.0,17109.0,17065.0,157.0,92.0,157.0,17030.310367274942,dn,1.0,183.8412975463275,17290.196692800353,17225.8407844174,123.84078441739985,inf,2,0,0.6736287551832162,inf,1.0,1.0,1.0,1.0,0.0,1.0,0.0,0.0,0.0,0.0
2022-04-18,16908.0,16917.0,16842.0,182.0,153.0,182.0,16897.914838400768,up,1.0,181.2849834942963,17030.310367274942,17290.196692800353,122.31036727494211,inf,2,0,0.6746855967736032,inf,1.0,1.0,1.0,1.0,1.0,1.0,0.0,1.0,0.0,0.0
2022-04-19,17065.0,17075.0,17024.0,134.0,117.0,134.0,17056.94365411754,dn,1.0,181.35308030436332,16897.914838400768,17030.310367274942,inf,34.68963272505789,0,2,inf,0.1912822912455558,1.0,1.0,1.0,1.0,0.0,1.0,0.0,0.0,0.0,0.0
2022-04-20,17018.0,17050.0,17013.0,131.0,131.0,107.0,17028.593390243448,up,1.0,176.84326313251918,17056.94365411754,16897.914838400768,38.943654117538244,120.08516159923238,1,1,0.22021564987949496,0.6790485510847276,1.0,1.0,1.0,1.0,1.0,0.0,0.0,0.0,0.0,0.0
2022-04-21,17180.0,17196.0,17173.0,132.0,69.0,132.0,17157.592172275065,up,1.0,172.47723807227925,17028.593390243448,17056.94365411754,inf,123.05634588246176,0,2,inf,0.7134642649535766,1.0,1.0,0.0,1.0,0.0,1.0,0.0,0.0,0.0,0.0
2022-04-22,16862.0,16881.0,16823.0,176.0,176.0,65.0,16920.087270198168,up,0.0,168.62226301777648,17157.592172275065,17028.593390243448,166.59339024344808,inf,2,0,0.9879679424411799,inf,1.0,1.0,1.0,0.0,1.0,0.0,1.0,0.0,0.0,0.0
2022-04-25,16686.0,16734.0,16669.0,226.0,101.0,226.0,16594.800820622604,dn,0.0,169.3249046351311,16920.087270198168,17157.592172275065,234.08727019816797,inf,2,0,1.3824739526804384,inf,1.0,1.0,1.0,1.0,0.0,1.0,0.0,1.0,0.0,1.0
2022-04-26,16648.0,16656.0,16628.0,130.0,122.0,130.0,16603.044602085418,up,1.0,174.72253276511861,16594.800820622604,16920.087270198168,272.08727019816797,53.19917937739592,1,1,1.5572534686406923,0.3044780689443883,1.0,1.0,1.0,1.0,0.0,1.0,0.0,0.0,0.0,0.0
2022-04-27,16221.0,16289.0,16214.0,184.0,184.0,158.0,16268.251098418277,,,170.4632439303454,16603.044602085418,16594.800820622604,373.8008206226041,inf,2,0,2.192852910715147,inf,1.0,1.0,1.0,1.0,1.0,1.0,1.0,0.0,0.0,0.0
2022-04-28,16317.0,16328.0,16291.0,196.0,196.0,111.0,16338.105176386653,dn,1.0,171.75245879412205,16268.251098418277,16603.044602085418,286.04460208541786,48.74890158172275,1,1,1.665446911757442,0.2838323359327133,1.0,1.0,1.0,1.0,1.0,0.0,1.0,0.0,0.0,0.0
2022-04-29,16555.0,16588.0,16551.0,140.0,107.0,140.0,16571.26942960289,up,1.0,174.06174843277708,16338.105176386653,16268.251098418277,inf,216.8948236133474,0,2,inf,1.2460797709217113,1.0,1.0,1.0,1.0,0.0,1.0,0.0,0.0,0.0,0.0
2022-05-03,16487.0,16537.0,16483.0,136.0,87.0,136.0,16490.385366881426,up,1.0,170.81777239156023,16571.26942960289,16338.105176386653,84.26942960288943,148.8948236133474,1,1,0.4933294025736459,0.8716588533424992,1.0,1.0,1.0,1.0,0.0,1.0,0.0,0.0,0.0,0.0
2022-05-04,16505.0,16549.0,16500.0,100.0,89.0,100.0,16533.661035029552,up,1.0,167.5017940685545,16490.385366881426,16571.26942960289,66.26942960288943,14.614633118573693,1,1,0.39563414810809094,0.08725060647763731,1.0,1.0,1.0,1.0,0.0,0.0,0.0,0.0,0.0,0.0
2022-05-05,16753.0,16767.0,16731.0,131.0,53.0,131.0,16711.492479865858,dn,1.0,161.07305177631122,16533.661035029552,16490.385366881426,inf,219.3389649704477,0,2,inf,1.3617359486989342,0.0,1.0,0.0,1.0,0.0,1.0,0.0,0.0,0.0,0.0
2022-05-06,16310.0,16341.0,16291.0,114.0,114.0,80.0,16317.5270219475,dn,1.0,158.20895160713872,16711.492479865858,16533.661035029552,223.6610350295523,inf,2,0,1.4137065744860182,inf,1.0,1.0,1.0,1.0,1.0,0.0,0.0,0.0,0.0,0.0
2022-05-09,16156.0,16194.0,16152.0,179.0,61.0,179.0,16089.156777646262,dn,0.0,153.9985752636017,16317.5270219475,16711.492479865858,161.52702194750054,inf,2,0,1.0488864697028026,inf,1.0,1.0,0.0,1.0,0.0,1.0,0.0,1.0,0.0,0.0
2022-05-10,15809.0,15850.0,15799.0,315.0,315.0,120.0,15902.629239287737,dn,1.0,156.37966333373487,16089.156777646262,16317.5270219475,280.1567776462616,inf,2,0,1.791516695162401,inf,1.0,1.0,1.0,1.0,1.0,1.0,1.0,0.0,1.0,0.0
2022-05-11,15989.0,15990.0,15938.0,151.0,151.0,88.0,15982.411829961458,up,1.0,171.48636206385535,15902.629239287737,16089.156777646262,100.15677764626162,86.37076071226329,1,1,0.5840509789866953,0.5036596477573063,1.0,1.0,1.0,1.0,1.0,0.0,0.0,0.0,0.0,0.0
2022-05-12,15801.0,15839.0,15788.0,282.0,102.0,282.0,15775.77353469609,up,1.0,169.53527996253578,15982.411829961458,15902.629239287737,101.62923928773671,inf,2,0,0.5994577607103072,inf,1.0,1.0,1.0,1.0,0.0,1.0,0.0,1.0,0.0,1.0
2022-05-13,15777.0,15810.0,15776.0,111.0,111.0,67.0,15807.485801163684,dn,1.0,180.24620568038952,15775.77353469609,15982.411829961458,205.41182996145835,1.2264653039092082,1,1,1.1396180529075448,0.00680438902599682,1.0,0.0,1.0,0.0,0.0,0.0,0.0,0.0,0.0,0.0
2022-05-16,15996.0,16030.0,15984.0,197.0,101.0,197.0,15943.063084493813,up,1.0,173.65132894892386,15807.485801163684,15775.77353469609,inf,188.5141988363157,0,2,inf,1.0855903031514573,1.0,1.0,1.0,1.0,0.0,1.0,0.0,1.0,0.0,0.0
2022-05-17,15978.0,15995.0,15964.0,133.0,133.0,76.0,16040.010670731708,,,175.87501190616922,15943.063084493813,15807.485801163684,inf,34.93691550618678,0,2,inf,0.19864627230175208,1.0,1.0,1.0,0.0,1.0,0.0,0.0,0.0,0.0,0.0
2022-05-18,16138.0,16138.0,16106.0,125.0,125.0,53.0,16172.035642371893,up,1.0,171.791677438915,16040.010670731708,15943.063084493813,inf,97.98932926829184,0,2,inf,0.5703962539345626,1.0,0.0,1.0,0.0,1.0,0.0,0.0,0.0,0.0,0.0
2022-05-19,15871.0,15913.0,15871.0,145.0,145.0,128.0,15895.231805559375,up,1.0,167.33532720663737,16172.035642371893,16040.010670731708,169.01067073170816,inf,2,0,1.010011893800536,inf,1.0,1.0,1.0,1.0,1.0,1.0,0.0,0.0,0.0,0.0
2022-05-20,16069.0,16077.0,16030.0,132.0,132.0,64.0,16094.053768221063,dn,1.0,165.20815318695762,15895.231805559375,16172.035642371893,103.03564237189312,173.76819444062494,1,1,0.6236716553286141,1.0518136731664833,1.0,1.0,1.0,0.0,1.0,0.0,0.0,0.0,0.0,0.0
2022-05-23,16220.0,16263.0,16220.0,187.0,140.0,187.0,16171.391474162443,dn,0.0,162.04547193105688,16094.053768221063,15895.231805559375,inf,125.94623177893664,0,2,inf,0.7772277144067384,1.0,1.0,1.0,1.0,1.0,1.0,0.0,1.0,0.0,0.0
2022-05-24,16131.0,16156.0,16120.0,242.0,58.0,242.0,16045.233082706767,dn,0.0,164.4220936519086,16171.391474162443,16094.053768221063,40.391474162443046,36.946231778936635,1,1,0.2456572183538437,0.2247035721194137,0.0,1.0,0.0,1.0,0.0,1.0,0.0,1.0,0.0,1.0
2022-05-25,15996.0,16015.0,15987.0,178.0,178.0,94.0,16054.133900864745,dn,1.0,171.81046568506017,16045.233082706767,16171.391474162443,49.23308270676716,inf,2,0,0.2865546200021053,inf,1.0,1.0,1.0,1.0,1.0,0.0,1.0,0.0,0.0,0.0
2022-05-26,16153.0,16180.0,16152.0,256.0,78.0,256.0,16042.845190688859,dn,0.0,172.39994514362587,16054.133900864745,16045.233082706767,inf,98.86609913525535,0,2,inf,0.5734694349983134,1.0,1.0,0.0,1.0,0.0,1.0,0.0,1.0,0.0,1.0
2022-05-27,16110.0,16139.0,16100.0,145.0,145.0,51.0,16200.708181338197,up,0.0,180.36185512994723,16042.845190688859,16054.133900864745,inf,55.866099135255354,0,2,inf,0.3097445360328818,1.0,0.0,1.0,0.0,1.0,0.0,0.0,0.0,0.0,0.0
2022-05-30,16400.0,16443.0,16391.0,193.0,193.0,53.0,16499.628615708883,up,0.0,176.99405940328558,16200.708181338197,16042.845190688859,inf,199.2918186618026,0,2,inf,1.1259802692457095,1.0,0.0,1.0,0.0,1.0,0.0,1.0,0.0,0.0,0.0
2022-05-31,16492.0,16504.0,16472.0,256.0,256.0,50.0,16582.160371470887,,,178.51843469821077,16499.628615708883,16200.708181338197,7.628615708883444,291.2918186618026,1,1,0.04273292963709761,1.6317184225496804,1.0,0.0,1.0,0.0,1.0,0.0,1.0,0.0,1.0,0.0
2022-06-01,16647.0,16660.0,16621.0,163.0,134.0,163.0,16672.003125794694,up,1.0,185.89763139361926,16582.160371470887,16499.628615708883,inf,64.83962852911282,0,2,inf,0.34879211769956076,1.0,1.0,1.0,1.0,1.0,1.0,0.0,0.0,0.0,0.0
2022-06-02,16536.0,16553.0,16490.0,114.0,114.0,84.0,16529.824063261574,dn,1.0,183.71690459422695,16672.003125794694,16582.160371470887,46.160371470887185,inf,2,0,0.2512581603355498,inf,1.0,1.0,1.0,0.0,0.0,0.0,0.0,0.0,0.0,0.0
2022-06-06,16590.0,16646.0,16583.0,185.0,185.0,183.0,16562.786101238395,dn,1.0,177.07719939477676,16529.824063261574,16672.003125794694,82.00312579469391,60.17593673842566,1,1,0.4630925160041398,0.33982882575564766,1.0,1.0,1.0,1.0,1.0,1.0,1.0,1.0,0.0,0.0
2022-06-07,16520.0,16531.0,16482.0,125.0,114.0,125.0,16467.11890030295,dn,0.0,177.83175183336945,16562.786101238395,16529.824063261574,9.824063261574338,inf,2,0,0.055243583669915185,inf,1.0,1.0,1.0,1.0,0.0,0.0,0.0,0.0,0.0,0.0
2022-06-08,16560.0,16587.0,16555.0,138.0,138.0,75.0,16645.08099410862,up,0.0,172.8001564206676,16467.11890030295,16562.786101238395,2.7861012383946218,92.88109969704965,1,1,0.01612325646055603,0.5375058774306798,1.0,1.0,1.0,0.0,1.0,0.0,0.0,0.0,0.0,0.0
2022-06-09,16573.0,16576.0,16535.0,82.0,82.0,55.0,16574.35860184549,dn,1.0,169.48585580917546,16645.08099410862,16467.11890030295,72.08099410861905,105.88109969704965,1,1,0.42529209157001996,0.6247193855295007,1.0,0.0,0.0,0.0,0.0,0.0,0.0,0.0,0.0,0.0
2022-06-10,16380.0,16392.0,16350.0,136.0,136.0,52.0,16429.116977850776,up,0.0,161.15386954163495,16574.35860184549,16645.08099410862,194.35860184549165,inf,2,0,1.2060436550378835,inf,1.0,0.0,1.0,0.0,1.0,0.0,0.0,0.0,0.0,0.0
2022-06-13,16115.0,16120.0,16052.0,127.0,75.0,127.0,16041.267552587387,dn,0.0,158.7582629186221,16429.116977850776,16574.35860184549,314.1169778507756,inf,2,0,1.9785866390575764,inf,1.0,1.0,0.0,1.0,0.0,1.0,0.0,0.0,0.0,0.0
2022-06-14,15950.0,15974.0,15911.0,227.0,227.0,133.0,15948.790624306568,,,155.73366645018191,16041.267552587387,16429.116977850776,91.2675525873874,inf,2,0,0.5860489556802622,inf,1.0,1.0,1.0,1.0,1.0,1.0,1.0,0.0,1.0,0.0
2022-06-15,16052.0,16065.0,16003.0,107.0,97.0,107.0,16042.088672253774,,,162.52093631206935,15948.790624306568,16041.267552587387,inf,10.7324474126126,0,2,inf,0.06603732205925997,1.0,1.0,1.0,1.0,0.0,0.0,0.0,0.0,0.0,0.0
2022-06-16,15751.0,15799.0,15740.0,423.0,65.0,423.0,15604.072764336424,up,1.0,157.23322809187226,16042.088672253774,15948.790624306568,197.79062430656813,inf,2,0,1.2579441807999894,inf,1.0,1.0,0.0,1.0,0.0,1.0,0.0,1.0,0.0,1.0
2022-06-17,15196.0,15245.0,15187.0,163.0,125.0,163.0,15220.944582653507,up,1.0,182.54434922597966,15604.072764336424,16042.088672253774,408.07276433642437,inf,2,0,2.235471906233883,inf,1.0,1.0,1.0,1.0,0.0,1.0,0.0,0.0,0.0,0.0
2022-06-20,15182.0,15221.0,15177.0,265.0,131.0,265.0,15091.093823733518,dn,1.0,180.6829826330292,15220.944582653507,15604.072764336424,38.944582653506586,inf,2,0,0.21554095513579064,inf,1.0,1.0,1.0,1.0,1.0,1.0,0.0,1.0,0.0,1.0
2022-06-21,15164.0,15197.0,15159.0,247.0,247.0,82.0,15246.887645720044,dn,1.0,188.7131747632169,15091.093823733518,15220.944582653507,56.944582653506586,72.90617626648236,1,1,0.3017520251299697,0.38633326135262974,1.0,1.0,1.0,0.0,1.0,0.0,1.0,0.0,1.0,0.0
2022-06-22,15316.0,15319.0,15286.0,335.0,82.0,335.0,15118.979485260877,dn,0.0,194.26430097624385,15246.887645720044,15091.093823733518,inf,69.11235427995598,0,2,inf,0.35576456370338255,1.0,1.0,0.0,1.0,0.0,1.0,0.0,1.0,0.0,1.0
2022-06-23,15059.0,15145.0,15052.0,341.0,193.0,341.0,14948.210097838784,dn,0.0,207.66770088326822,15118.979485260877,15246.887645720044,59.97948526087748,inf,2,0,0.28882433332563573,inf,1.0,1.0,1.0,1.0,1.0,1.0,0.0,1.0,0.0,1.0
2022-06-24,15006.0,15099.0,15006.0,183.0,136.0,183.0,15059.045964060062,up,1.0,220.36601508486171,14948.210097838784,15118.979485260877,112.97948526087748,57.78990216121565,1,1,0.5126901496919555,0.2622450750355543,1.0,1.0,1.0,1.0,0.0,1.0,0.0,0.0,0.0,0.0
2022-06-27,15205.0,15249.0,15201.0,199.0,199.0,136.0,15315.370551163522,up,0.0,216.80734698154154,15059.045964060062,14948.210097838784,inf,145.95403593993797,0,2,inf,0.6731969094772612,1.0,1.0,1.0,1.0,1.0,0.0,0.0,0.0,0.0,0.0
2022-06-28,15299.0,15304.0,15258.0,208.0,102.0,208.0,15182.94549506394,dn,0.0,215.11140917377568,15315.370551163522,15059.045964060062,16.370551163521668,239.95403593993797,1,1,0.07610266338916907,1.1154872577962307,1.0,1.0,0.0,1.0,0.0,1.0,0.0,0.0,0.0,0.0
2022-06-29,15020.0,15043.0,14985.0,134.0,134.0,120.0,15042.967775911922,up,1.0,214.43413210960657,15182.94549506394,15315.370551163522,162.94549506393923,inf,2,0,0.7598860007074375,inf,1.0,1.0,1.0,1.0,0.0,0.0,0.0,0.0,0.0,0.0
2022-06-30,14931.0,14945.0,14883.0,335.0,82.0,335.0,14719.826648682645,dn,0.0,206.77373857535832,15042.967775911922,15182.94549506394,111.96777591192222,inf,2,0,0.5414990157036589,inf,1.0,1.0,0.0,1.0,0.0,1.0,0.0,1.0,0.0,1.0
2022-07-01,14656.0,14702.0,14636.0,574.0,110.0,574.0,14383.987375346524,dn,0.0,218.98576347294323,14719.826648682645,15042.967775911922,63.8266486826451,inf,2,0,0.2914648316420405,inf,1.0,1.0,1.0,1.0,0.0,1.0,0.0,1.0,0.0,1.0
2022-07-04,14236.0,14245.0,14175.0,287.0,192.0,287.0,14164.522631071623,dn,1.0,252.79664314218672,14383.987375346524,14719.826648682645,147.98737534652355,inf,2,0,0.5854008720491091,inf,1.0,1.0,1.0,1.0,1.0,1.0,0.0,1.0,0.0,0.0
2022-07-05,14350.0,14423.0,14345.0,455.0,283.0,455.0,14183.612954123195,up,1.0,256.0541057000737,14164.522631071623,14383.987375346524,33.98737534652355,185.47736892837747,1,1,0.1327351313254641,0.7243678769425179,1.0,1.0,1.0,1.0,1.0,1.0,1.0,1.0,0.0,1.0
2022-07-06,14213.0,14236.0,14160.0,381.0,112.0,381.0,14030.005669370792,,,275.0013337286381,14183.612954123195,14164.522631071623,inf,29.387045876805132,0,2,inf,0.10686146673675141,1.0,1.0,0.0,1.0,0.0,1.0,0.0,1.0,0.0,1.0
2022-07-07,14068.0,14076.0,13987.0,463.0,463.0,244.0,14111.552399837814,dn,1.0,285.09644480210113,14030.005669370792,14183.612954123195,115.61295412319487,37.99433062920798,1,1,0.4055222582780619,0.13326834242209382,1.0,1.0,1.0,1.0,1.0,1.0,1.0,0.0,1.0,0.0
2022-07-08,14390.0,14400.0,14330.0,221.0,155.0,221.0,14380.927085504049,,,302.03964053523435,14111.552399837814,14030.005669370792,inf,278.44760016218606,0,2,inf,0.921890913619015,1.0,1.0,1.0,1.0,0.0,1.0,0.0,0.0,0.0,0.0
2022-07-11,14467.0,14496.0,14416.0,267.0,116.0,267.0,14326.757357111876,dn,0.0,294.3215795318787,14380.927085504049,14111.552399837814,inf,86.07291449595141,0,2,inf,0.29244513648252096,1.0,1.0,0.0,1.0,0.0,1.0,0.0,0.0,0.0,0.0
2022-07-12,14157.0,14181.0,14111.0,331.0,90.0,331.0,13967.820571788612,dn,0.0,291.71952433836645,14326.757357111876,14380.927085504049,169.75735711187554,inf,2,0,0.5819197652158976,inf,0.0,1.0,0.0,1.0,0.0,1.0,0.0,1.0,0.0,0.0
2022-07-13,14240.0,14258.0,14203.0,153.0,153.0,118.0,14286.424625935162,up,0.0,295.46052202042677,13967.820571788612,14326.757357111876,86.75735711187554,272.17942821138786,1,1,0.29363434586322684,0.9212040456375103,1.0,1.0,1.0,0.0,0.0,0.0,0.0,0.0,0.0,0.0
2022-07-14,14237.0,14240.0,14135.0,315.0,315.0,118.0,14304.751827325545,dn,1.0,281.8928532565766,14286.424625935162,13967.820571788612,49.42462593516211,269.17942821138786,1,1,0.17533124860805258,0.9548997965066639,1.0,1.0,1.0,0.0,1.0,0.0,1.0,0.0,0.0,0.0
2022-07-15,14422.0,14457.0,14402.0,209.0,209.0,124.0,14454.814190299863,dn,1.0,285.04591485118834,14304.751827325545,14286.424625935162,inf,117.24817267445542,0,2,inf,0.4113308297565543,1.0,1.0,1.0,0.0,1.0,0.0,0.0,0.0,0.0,0.0
2022-07-18,14577.0,14580.0,14535.0,131.0,131.0,92.0,14614.18102290092,up,0.0,277.8034467701228,14454.814190299863,14304.751827325545,inf,122.18580970013682,0,2,inf,0.4398282711058057,1.0,0.0,0.0,0.0,0.0,0.0,0.0,0.0,0.0,0.0
2022-07-19,14562.0,14575.0,14533.0,164.0,164.0,59.0,14647.59388948848,up,0.0,263.82216612534916,14614.18102290092,14454.814190299863,52.18102290092065,107.18580970013682,1,1,0.1977886227957359,0.40628053083761695,1.0,0.0,1.0,0.0,0.0,0.0,0.0,0.0,0.0,0.0
2022-07-20,14845.0,14896.0,14845.0,211.0,62.0,211.0,14836.344857361639,,,254.31529316103018,14647.59388948848,14614.18102290092,inf,197.40611051151973,0,2,inf,0.7762258732372965,0.0,1.0,0.0,1.0,0.0,1.0,0.0,0.0,0.0,0.0
2022-07-21,14600.0,14657.0,14595.0,198.0,198.0,98.0,14662.804953321503,up,1.0,250.190027145694,14836.344857361639,14647.59388948848,47.59388948848027,inf,2,0,0.19023096176717214,inf,1.0,1.0,1.0,0.0,1.0,0.0,0.0,0.0,0.0,0.0
2022-07-22,14796.0,14799.0,14770.0,123.0,113.0,123.0,14771.854828783682,dn,1.0,245.2195483699136,14662.804953321503,14836.344857361639,40.34485736163879,133.1950466784965,1,1,0.1645254533328582,0.543166511658246,1.0,1.0,0.0,1.0,0.0,0.0,0.0,0.0,0.0,0.0
2022-07-25,14750.0,14763.0,14705.0,157.0,157.0,75.0,14769.480528595977,dn,1.0,233.5795913823028,14771.854828783682,14662.804953321503,21.854828783682024,87.19504667849651,1,1,0.09356480441783091,0.3732990804653957,1.0,0.0,1.0,0.0,0.0,0.0,0.0,0.0,0.0,0.0
2022-07-26,14755.0,14766.0,14722.0,138.0,69.0,138.0,14708.375446133152,up,1.0,226.28629696494062,14769.480528595977,14771.854828783682,14.480528595977376,inf,2,0,0.06399207017922476,inf,0.0,1.0,0.0,1.0,0.0,0.0,0.0,0.0,0.0,0.0
2022-07-27,14670.0,14726.0,14669.0,185.0,185.0,132.0,14704.854820976147,up,1.0,217.87807820637485,14708.375446133152,14769.480528595977,38.375446133151854,inf,2,0,0.17613266304287162,inf,1.0,1.0,1.0,1.0,1.0,0.0,0.0,0.0,0.0,0.0
2022-07-28,14922.0,14946.0,14911.0,163.0,82.0,163.0,14850.01121501232,dn,0.0,214.74683266291058,14704.854820976147,14708.375446133152,inf,213.62455386684815,0,2,inf,0.9947739448254211,0.0,1.0,0.0,1.0,0.0,1.0,0.0,0.0,0.0,0.0
2022-07-29,14936.0,14990.0,14927.0,120.0,75.0,120.0,14936.417911716575,,,209.81856288549054,14850.01121501232,14704.854820976147,inf,85.98878498767954,0,2,inf,0.40982448742920957,0.0,1.0,0.0,1.0,0.0,0.0,0.0,0.0,0.0,0.0
2022-08-01,14921.0,14926.0,14888.0,136.0,136.0,122.0,14883.04211675093,dn,1.0,201.26441403925335,14936.417911716575,14850.01121501232,15.417911716574963,70.98878498767954,1,1,0.0766052547847229,0.3527140420056291,1.0,1.0,1.0,1.0,0.0,0.0,0.0,0.0,0.0,0.0
2022-08-02,14767.0,14778.0,14702.0,189.0,107.0,189.0,14660.466305545355,dn,0.0,195.04875555932446,14883.04211675093,14936.417911716575,116.04211675093029,inf,2,0,0.5949390264919473,inf,1.0,1.0,1.0,1.0,0.0,1.0,0.0,0.0,0.0,0.0
2022-08-03,14627.0,14681.0,14594.0,133.0,133.0,107.0,14663.435470534794,up,0.0,194.47268360129357,14660.466305545355,14883.04211675093,33.46630554535477,inf,2,0,0.17208743626928674,inf,1.0,1.0,1.0,1.0,0.0,0.0,0.0,0.0,0.0,0.0
2022-08-04,14686.0,14690.0,14640.0,261.0,218.0,261.0,14620.677334555796,,,188.61814230593228,14663.435470534794,14660.466305545355,inf,22.56452946520585,0,2,inf,0.11963074807834202,1.0,1.0,1.0,1.0,1.0,1.0,1.0,1.0,0.0,1.0
2022-08-05,14780.0,14875.0,14777.0,243.0,243.0,58.0,14941.407084123972,up,0.0,195.51165256251016,14620.677334555796,14663.435470534794,inf,116.56452946520585,0,2,inf,0.5962024663871998,1.0,0.0,1.0,0.0,1.0,0.0,1.0,0.0,1.0,0.0
2022-08-08,14937.0,14950.0,14910.0,99.0,99.0,62.0,14941.004946236559,dn,1.0,200.03435231846157,14941.407084123972,14620.677334555796,4.407084123971799,316.3226654442042,1,1,0.022031636430904476,1.5813417134503358,1.0,0.0,0.0,0.0,0.0,0.0,0.0,0.0,0.0,0.0
2022-08-09,14894.0,14914.0,14853.0,212.0,212.0,72.0,14960.607926026725,up,0.0,190.41203305003665,14941.004946236559,14941.407084123972,47.00494623655868,inf,2,0,0.24685911643098038,inf,1.0,0.0,1.0,0.0,1.0,0.0,1.0,0.0,0.0,0.0
2022-08-10,14874.0,14883.0,14849.0,113.0,113.0,71.0,14895.107686566203,dn,1.0,192.46802990241412,14960.607926026725,14941.004946236559,67.00494623655868,inf,2,0,0.3481354605776959,inf,1.0,0.0,1.0,0.0,0.0,0.0,0.0,0.0,0.0,0.0
2022-08-11,15115.0,15162.0,15112.0,98.0,98.0,80.0,15150.3758857229,,,184.8996461021842,14895.107686566203,14960.607926026725,inf,154.39207397327482,0,2,inf,0.8350047024316668,1.0,1.0,1.0,0.0,0.0,0.0,0.0,0.0,0.0,0.0
2022-08-12,15229.0,15242.0,15200.0,109.0,109.0,49.0,15254.792516265605,,,176.6234893305476,15150.3758857229,14895.107686566203,inf,78.62411427709958,0,2,inf,0.4451509511849582,1.0,0.0,1.0,0.0,0.0,0.0,0.0,0.0,0.0,0.0
2022-08-15,15369.0,15373.0,15341.0,122.0,122.0,63.0,15373.783070659498,dn,1.0,170.1831570133526,15254.792516265605,15150.3758857229,inf,114.20748373439528,0,2,inf,0.67108570400674,1.0,0.0,1.0,0.0,1.0,0.0,0.0,0.0,0.0,0.0
2022-08-16,15390.0,15419.0,15390.0,65.0,65.0,53.0,15418.106622851365,up,1.0,165.59428491684284,15373.783070659498,15254.792516265605,inf,16.216929340502247,0,2,inf,0.09793169703076389,1.0,0.0,0.0,0.0,0.0,0.0,0.0,0.0,0.0,0.0
2022-08-17,15404.0,15435.0,15403.0,65.0,65.0,64.0,15434.343105572734,up,1.0,156.01387682952446,15418.106622851365,15373.783070659498,14.106622851364591,30.216929340502247,1,1,0.09041902642275099,0.1936810362934582,1.0,1.0,0.0,0.0,0.0,0.0,0.0,0.0,0.0,0.0
2022-08-18,15250.0,15267.0,15235.0,101.0,101.0,62.0,15280.442203952112,up,1.0,147.34588856004595,15434.343105572734,15418.106622851365,168.1066228513646,inf,2,0,1.1408979544268607,inf,1.0,1.0,1.0,0.0,0.0,0.0,0.0,0.0,0.0,0.0
2022-08-19,15308.0,15312.0,15285.0,131.0,131.0,63.0,15340.829523376462,up,1.0,142.93199441147016,15280.442203952112,15434.343105572734,126.3431055727342,27.557796047887678,1,1,0.8839385897675216,0.19280355081700443,1.0,1.0,1.0,0.0,1.0,0.0,0.0,0.0,0.0,0.0
2022-08-22,15171.0,15194.0,15163.0,94.0,94.0,83.0,15200.909452144802,dn,1.0,141.79561399133016,15340.829523376462,15280.442203952112,109.44220395211232,inf,2,0,0.7718306714254503,inf,1.0,1.0,1.0,1.0,0.0,0.0,0.0,0.0,0.0,0.0
2022-08-23,15059.0,15078.0,15047.0,87.0,73.0,87.0,15060.362342486707,,,137.2436507540606,15200.909452144802,15340.829523376462,141.90945214480234,inf,2,0,1.0339964826431411,inf,1.0,1.0,1.0,1.0,0.0,0.0,0.0,0.0,0.0,0.0
2022-08-24,15080.0,15112.0,15077.0,133.0,75.0,133.0,15052.538051133211,up,1.0,132.4585411584358,15060.362342486707,15200.909452144802,120.90945214480234,19.637657513292652,1,1,0.9128097824977598,0.14825512452083958,1.0,1.0,1.0,1.0,0.0,1.0,0.0,1.0,0.0,0.0
2022-08-25,15130.0,15149.0,15124.0,109.0,105.0,109.0,15170.35573204758,,,132.5101086671562,15052.538051133211,15060.362342486707,inf,69.63765751329265,0,2,inf,0.5255271330899826,1.0,1.0,1.0,1.0,1.0,1.0,0.0,0.0,0.0,0.0
2022-08-26,15271.0,15300.0,15271.0,90.0,65.0,90.0,15274.608173690933,up,1.0,130.27105069885562,15170.35573204758,15052.538051133211,inf,100.6442679524207,0,2,inf,0.7725758517529545,1.0,1.0,1.0,1.0,0.0,0.0,0.0,0.0,0.0,0.0
2022-08-29,14832.0,14847.0,14808.0,136.0,136.0,85.0,14833.12023808366,dn,1.0,126.43571253705984,15274.608173690933,15170.35573204758,338.3557320475793,inf,2,0,2.676108871917047,inf,1.0,1.0,1.0,1.0,1.0,0.0,1.0,0.0,0.0,0.0
2022-08-30,14850.0,14864.0,14841.0,157.0,157.0,77.0,14906.234758152616,up,1.0,127.34659705733986,14833.12023808366,15274.608173690933,424.60817369093274,16.879761916339703,1,1,3.3342718494452273,0.13254976816333236,1.0,1.0,1.0,1.0,1.0,0.0,1.0,0.0,1.0,0.0
2022-08-31,14849.0,14864.0,14835.0,273.0,273.0,67.0,14961.871373806627,dn,1.0,130.17073067092653,14906.234758152616,14833.12023808366,57.23475815261554,15.879761916339703,1,1,0.4396899199813653,0.12199180134037942,1.0,1.0,1.0,1.0,1.0,0.0,1.0,0.0,1.0,0.0
2022-09-01,14841.0,14842.0,14738.0,167.0,104.0,167.0,14737.46597165579,,,143.7735182260764,14961.871373806627,14906.234758152616,65.23475815261554,inf,2,0,0.45373278026094677,inf,1.0,1.0,1.0,1.0,1.0,1.0,0.0,1.0,0.0,0.0
2022-09-02,14776.0,14782.0,14731.0,198.0,86.0,198.0,14676.489439136934,dn,0.0,145.9855641093072,14737.46597165579,14961.871373806627,185.87137380662716,38.53402834420922,1,1,1.2732174920217132,0.263957800069579,1.0,1.0,1.0,1.0,0.0,1.0,0.0,1.0,0.0,1.0
2022-09-05,14590.0,14680.0,14578.0,158.0,141.0,158.0,14633.106281341865,up,1.0,150.9393199084208,14676.489439136934,14737.46597165579,86.48943913693438,inf,2,0,0.5730080087111165,inf,1.0,1.0,1.0,1.0,1.0,1.0,0.0,1.0,0.0,0.0
2022-09-06,14720.0,14753.0,14702.0,215.0,93.0,215.0,14657.709609213167,up,1.0,151.61176563142834,14633.106281341865,14676.489439136934,inf,43.51056086306562,0,2,inf,0.2869867037155994,1.0,1.0,1.0,1.0,0.0,1.0,0.0,1.0,0.0,1.0
2022-09-07,14445.0,14455.0,14422.0,124.0,94.0,124.0,14375.804551633855,dn,0.0,157.64874033319708,14657.709609213167,14633.106281341865,188.10628134186481,inf,2,0,1.1931987591165933,inf,1.0,1.0,1.0,1.0,0.0,1.0,0.0,0.0,0.0,0.0
2022-09-08,14459.0,14474.0,14439.0,163.0,163.0,85.0,14461.262845068195,dn,1.0,154.44409839670212,14375.804551633855,14657.709609213167,198.7096092131669,83.19544836614477,1,1,1.286611863295451,0.538676771918151,1.0,1.0,1.0,1.0,1.0,0.0,1.0,0.0,0.0,0.0
2022-09-12,14775.0,14803.0,14755.0,93.0,93.0,72.0,14786.883277809377,dn,1.0,155.25894616844477,14461.262845068195,14375.804551633855,inf,313.737154931805,0,2,inf,2.0207347961219755,1.0,1.0,1.0,0.0,0.0,0.0,0.0,0.0,0.0,0.0
2022-09-13,14884.0,14918.0,14883.0,101.0,54.0,101.0,14879.657800978996,up,1.0,149.329522723831,14786.883277809377,14461.262845068195,inf,97.11672219062348,0,2,inf,0.6503517885758631,0.0,1.0,0.0,1.0,0.0,0.0,0.0,0.0,0.0,0.0
2022-09-14,14458.0,14497.0,14443.0,198.0,198.0,64.0,14568.923349389164,up,0.0,144.72671103584707,14879.657800978996,14786.883277809377,328.8832778093765,inf,2,0,2.2724435279118316,inf,1.0,1.0,1.0,0.0,1.0,0.0,1.0,0.0,1.0,0.0
2022-09-15,14578.0,14595.0,14571.0,153.0,153.0,82.0,14641.84280057968,dn,1.0,149.80035760386164,14568.923349389164,14879.657800978996,301.6578009789955,9.076650610835713,1,1,2.0137321819799125,0.060591648484834656,1.0,1.0,1.0,1.0,1.0,0.0,1.0,0.0,0.0,0.0
2022-09-16,14500.0,14515.0,14475.0,62.0,53.0,62.0,14491.083192797301,up,1.0,150.10508545111293,14641.84280057968,14568.923349389164,68.92334938916429,inf,2,0,0.45916731722997906,inf,0.0,1.0,0.0,0.0,0.0,0.0,0.0,0.0,0.0,0.0
2022-09-19,14550.0,14579.0,14536.0,173.0,62.0,173.0,14471.539001468811,dn,0.0,141.7141249319593,14491.083192797301,14641.84280057968,91.84280057967953,58.91680720269869,1,1,0.6480850135706352,0.41574407089615245,1.0,1.0,0.0,1.0,0.0,1.0,0.0,1.0,0.0,0.0
2022-09-20,14548.0,14550.0,14505.0,105.0,105.0,86.0,14512.44306542957,dn,1.0,144.6937320812965,14471.539001468811,14491.083192797301,inf,56.91680720269869,0,2,inf,0.3933605580836069,1.0,1.0,1.0,1.0,1.0,0.0,0.0,0.0,0.0,0.0
2022-09-21,14476.0,14512.0,14476.0,128.0,58.0,128.0,14464.683442260834,up,1.0,140.91337664498255,14512.44306542957,14471.539001468811,36.4430654295702,4.460998531189034,1,1,0.25862034036261106,0.03165773638671709,1.0,1.0,0.0,1.0,0.0,1.0,0.0,0.0,0.0,0.0
2022-09-22,14225.0,14243.0,14182.0,162.0,162.0,155.0,14179.281981852226,dn,1.0,139.6835312502223,14464.683442260834,14512.44306542957,239.68344226083354,inf,2,0,1.715903371826105,inf,1.0,1.0,1.0,1.0,1.0,1.0,1.0,1.0,0.0,0.0
2022-09-23,14212.0,14219.0,14188.0,173.0,86.0,173.0,14148.888307255935,dn,1.0,141.8089092263916,14179.281981852226,14464.683442260834,252.68344226083354,32.71801814777427,1,1,1.7818587255151628,0.23071905937546858,1.0,1.0,1.0,1.0,0.0,1.0,0.0,1.0,0.0,0.0
2022-09-26,13916.0,13953.0,13913.0,213.0,90.0,213.0,13836.111508500746,dn,0.0,144.77948930006858,14148.888307255935,14179.281981852226,232.8883072559347,inf,2,0,1.6085725152217705,inf,1.0,1.0,1.0,1.0,0.0,1.0,0.0,1.0,0.0,1.0
2022-09-27,13843.0,13856.0,13829.0,126.0,109.0,126.0,13802.221623218375,up,1.0,151.27668079530014,13836.111508500746,14148.888307255935,305.8883072559347,6.888491499254087,1,1,2.0220453386986135,0.04553571286096131,1.0,1.0,1.0,1.0,1.0,1.0,0.0,0.0,0.0,0.0
2022-09-28,13796.0,13835.0,13781.0,363.0,80.0,363.0,13606.417152119251,up,1.0,148.8693778624144,13802.221623218375,13836.111508500746,6.221623218374589,inf,2,0,0.04179249828077225,inf,1.0,1.0,1.0,1.0,0.0,1.0,0.0,1.0,0.0,1.0
2022-09-29,13658.0,13662.0,13620.0,201.0,146.0,201.0,13571.059903213149,dn,1.0,169.26277044694638,13606.417152119251,13802.221623218375,144.2216232183746,51.582847880748886,1,1,0.8520575601920644,0.3047501098117556,1.0,1.0,1.0,1.0,1.0,1.0,0.0,1.0,0.0,0.0
2022-09-30,13356.0,13377.0,13318.0,160.0,160.0,117.0,13377.930731674804,dn,1.0,172.2853637377134,13571.059903213149,13606.417152119251,215.05990321314857,inf,2,0,1.2482772682916639,inf,1.0,1.0,1.0,1.0,1.0,0.0,0.0,0.0,0.0,0.0
2022-10-03,13248.0,13260.0,13215.0,229.0,229.0,181.0,13324.61328581921,up,0.0,171.11532909602641,13377.930731674804,13571.059903213149,129.9307316748036,inf,2,0,0.7593167272692977,inf,1.0,1.0,1.0,1.0,1.0,1.0,1.0,1.0,1.0,0.0
2022-10-04,13530.0,13569.0,13512.0,126.0,126.0,105.0,13561.485931882997,up,1.0,176.62815489640485,13324.61328581921,13377.930731674804,inf,152.0692683251964,0,2,inf,0.860957124385902,1.0,1.0,1.0,1.0,1.0,0.0,0.0,0.0,0.0,0.0
2022-10-05,13740.0,13760.0,13721.0,163.0,163.0,156.0,13803.447374071371,up,0.0,171.806425858652,13561.485931882997,13324.61328581921,inf,178.51406811700326,0,2,inf,1.039041859027262,1.0,1.0,1.0,1.0,1.0,1.0,0.0,0.0,0.0,0.0
2022-10-06,13932.0,13957.0,13888.0,143.0,73.0,143.0,13866.779840789577,dn,0.0,170.9677186340185,13803.447374071371,13561.485931882997,inf,128.5526259286289,0,2,inf,0.7519116880995218,1.0,1.0,0.0,1.0,0.0,1.0,0.0,0.0,0.0,0.0
2022-10-07,13781.0,13784.0,13755.0,135.0,75.0,135.0,13748.956392981418,up,1.0,168.3041263831596,13866.779840789577,13803.447374071371,22.447374071371087,inf,2,0,0.13337387831043193,inf,1.0,1.0,0.0,1.0,0.0,1.0,0.0,0.0,0.0,0.0
2022-10-11,13251.0,13297.0,13244.0,216.0,102.0,216.0,13179.588658067574,dn,0.0,165.13230482285869,13748.956392981418,13866.779840789577,497.9563929814176,inf,2,0,3.0154995627026895,inf,1.0,1.0,1.0,1.0,0.0,1.0,0.0,1.0,0.0,1.0
2022-10-12,13049.0,13110.0,13045.0,165.0,165.0,135.0,13061.952942875974,dn,1.0,169.97684722068166,13179.588658067574,13748.956392981418,130.58865806757422,inf,2,0,0.7682732101627371,inf,1.0,1.0,1.0,1.0,1.0,1.0,0.0,0.0,0.0,0.0
2022-10-13,13032.0,13072.0,13023.0,280.0,121.0,280.0,12927.247272814648,up,1.0,169.50286177109294,13061.952942875974,13179.588658067574,29.95294287597426,inf,2,0,0.17671054378081563,inf,1.0,1.0,1.0,1.0,1.0,1.0,0.0,1.0,0.0,1.0
2022-10-14,13150.0,13157.0,13128.0,175.0,175.0,107.0,13169.244221165634,dn,1.0,180.02639874527455,12927.247272814648,13061.952942875974,inf,88.04705712402574,0,2,inf,0.48907858923849556,1.0,1.0,1.0,1.0,1.0,0.0,0.0,0.0,0.0,0.0
2022-10-17,12964.0,13009.0,12959.0,188.0,175.0,188.0,12923.85907246328,dn,0.0,179.54769410286744,13169.244221165634,12927.247272814648,205.24422116563437,36.75272718535234,1,1,1.1431181123832463,0.2046961804159722,1.0,1.0,1.0,1.0,1.0,1.0,0.0,1.0,0.0,0.0
2022-10-18,13158.0,13182.0,13144.0,190.0,163.0,190.0,13088.931916367415,dn,0.0,180.35267561688008,12923.85907246328,13169.244221165634,11.244221165634372,234.14092753672048,1,1,0.06234574079466537,1.2982392788787998,1.0,1.0,1.0,1.0,1.0,1.0,0.0,1.0,0.0,0.0
2022-10-19,13125.0,13139.0,13084.0,201.0,92.0,201.0,13079.236071493597,dn,1.0,181.27146841527244,13088.931916367415,12923.85907246328,inf,36.0680836325846,0,2,inf,0.19897275587770216,1.0,1.0,1.0,1.0,0.0,1.0,0.0,1.0,0.0,0.0
2022-10-20,12815.0,12819.0,12772.0,254.0,254.0,157.0,12769.67222638272,dn,1.0,183.1503761852465,13079.236071493597,13088.931916367415,264.2360714935967,inf,2,0,1.4427274297615227,inf,1.0,1.0,1.0,1.0,1.0,1.0,1.0,0.0,1.0,0.0
2022-10-21,12922.0,12935.0,12900.0,154.0,93.0,154.0,12877.046820418262,dn,1.0,189.89795940569923,12769.67222638272,13079.236071493597,157.23607149359668,152.3277736172804,1,1,0.8280029547746562,0.8021559267619425,1.0,1.0,0.0,1.0,0.0,1.0,0.0,0.0,0.0,0.0
2022-10-24,13100.0,13126.0,13065.0,262.0,82.0,262.0,12968.056117487678,dn,0.0,186.47910612896595,12877.046820418262,12769.67222638272,inf,222.95317958173837,0,2,inf,1.1955933520377748,1.0,1.0,0.0,1.0,0.0,1.0,0.0,1.0,0.0,1.0
2022-10-25,12895.0,12946.0,12878.0,294.0,165.0,294.0,12756.587084482806,dn,0.0,193.67157221192159,12968.056117487678,12877.046820418262,73.05611748767842,17.953179581738368,1,1,0.37721652513740167,0.09269909557037843,1.0,1.0,1.0,1.0,1.0,1.0,0.0,1.0,0.0,1.0
2022-10-26,12722.0,12738.0,12703.0,169.0,169.0,94.0,12745.083373126652,dn,1.0,203.22666057269095,12756.587084482806,12968.056117487678,34.58708448280595,inf,2,0,0.17018970043270823,inf,1.0,1.0,1.0,0.0,1.0,0.0,0.0,0.0,0.0,0.0
2022-10-27,12883.0,12917.0,12878.0,106.0,106.0,76.0,12937.895897761484,up,0.0,199.96697861338706,12745.083373126652,12756.587084482806,inf,126.41291551719405,0,2,inf,0.6321689530629893,1.0,0.0,1.0,0.0,0.0,0.0,0.0,0.0,0.0,0.0
2022-10-28,12855.0,12885.0,12845.0,170.0,83.0,170.0,12835.24946464605,up,1.0,191.01774255496923,12937.895897761484,12745.083373126652,82.89589776148387,109.91662687334792,1,1,0.43396962320203786,0.5754262688017956,1.0,1.0,0.0,1.0,0.0,1.0,0.0,0.0,0.0,0.0
2022-10-31,12880.0,12904.0,12856.0,161.0,161.0,79.0,12923.609037105773,dn,1.0,189.0160527878293,12835.24946464605,12937.895897761484,57.895897761483866,44.75053535395091,1,1,0.30630148554880715,0.23675521043804373,1.0,1.0,1.0,0.0,1.0,0.0,0.0,0.0,0.0,0.0
2022-11-01,12960.0,12986.0,12943.0,161.0,161.0,90.0,13026.756508254237,dn,1.0,186.3478572842265,12923.609037105773,12835.24946464605,inf,36.390962894227414,0,2,inf,0.1952851158289532,1.0,1.0,1.0,0.0,1.0,0.0,0.0,0.0,0.0,0.0
2022-11-02,13033.0,13047.0,13024.0,88.0,88.0,61.0,13063.534660800411,dn,1.0,183.9337756381097,13026.756508254237,12923.609037105773,inf,6.2434917457630945,0,2,inf,0.03394423739795993,1.0,0.0,0.0,0.0,0.0,0.0,0.0,0.0,0.0,0.0
2022-11-03,12883.0,12892.0,12854.0,129.0,129.0,60.0,12939.06595526536,up,0.0,174.79722557733734,13063.534660800411,13026.756508254237,143.7565082542369,inf,2,0,0.8224187070442558,inf,1.0,0.0,1.0,0.0,1.0,0.0,0.0,0.0,0.0,0.0
2022-11-04,12880.0,12906.0,12870.0,189.0,189.0,56.0,12943.489311336902,dn,1.0,170.43558504616234,12939.06595526536,13063.534660800411,59.06595526535966,inf,2,0,0.3465588201510952,inf,1.0,0.0,1.0,0.0,1.0,0.0,1.0,0.0,0.0,0.0
2022-11-07,13156.0,13175.0,13133.0,169.0,169.0,79.0,13185.341749890082,dn,1.0,172.20362456557547,12943.489311336902,12939.06595526536,inf,212.51068866309834,0,2,inf,1.2340662933152946,1.0,1.0,1.0,0.0,1.0,0.0,1.0,0.0,0.0,0.0
2022-11-08,13312.0,13325.0,13298.0,92.0,92.0,68.0,13352.192876506428,up,0.0,171.8985174640921,13185.341749890082,12943.489311336902,inf,126.6582501099183,0,2,inf,0.7368199096677839,1.0,1.0,1.0,0.0,0.0,0.0,0.0,0.0,0.0,0.0
2022-11-09,13467.0,13467.0,13440.0,175.0,175.0,46.0,13546.818352359818,up,0.0,164.28913484846427,13352.192876506428,13185.341749890082,inf,114.80712349357236,0,2,inf,0.6988114192668143,1.0,0.0,1.0,0.0,1.0,0.0,1.0,0.0,0.0,0.0
2022-11-10,13543.0,13545.0,13518.0,104.0,57.0,104.0,13507.63645711549,up,1.0,165.30921724384862,13546.818352359818,13352.192876506428,3.8183523598181637,190.80712349357236,1,1,0.023098242333249266,1.1542437056737835,0.0,1.0,0.0,1.0,0.0,0.0,0.0,0.0,0.0,0.0
2022-11-11,13965.0,13999.0,13933.0,166.0,166.0,147.0,13983.48858639305,up,1.0,159.4702441730059,13507.63645711549,13546.818352359818,inf,418.18164764018184,0,2,inf,2.6223177233396933,1.0,1.0,1.0,1.0,1.0,1.0,1.0,0.0,0.0,0.0
2022-11-14,14159.0,14177.0,14116.0,115.0,115.0,97.0,14139.887192899712,dn,1.0,160.09212568033868,13983.48858639305,13507.63645711549,inf,175.51141360694965,0,2,inf,1.0963150927073027,1.0,1.0,1.0,1.0,1.0,0.0,0.0,0.0,0.0,0.0
2022-11-15,14237.0,14267.0,14212.0,363.0,363.0,104.0,14422.826740182505,up,0.0,155.79763752030644,14139.887192899712,13983.48858639305,inf,97.11280710028768,0,2,inf,0.6233265705818558,1.0,1.0,1.0,1.0,1.0,0.0,1.0,0.0,1.0,0.0
2022-11-16,14620.0,14646.0,14586.0,201.0,201.0,195.0,14559.468222219188,dn,1.0,175.53119585170583,14422.826740182505,14139.887192899712,inf,197.1732598174949,0,2,inf,1.1232946876524044,1.0,1.0,1.0,1.0,1.0,1.0,1.0,1.0,0.0,0.0
2022-11-17,14471.0,14494.0,14445.0,188.0,188.0,137.0,14453.534222895105,dn,1.0,177.95679624678147,14559.468222219188,14422.826740182505,88.46822221918774,48.17325981749491,1,1,0.4971331473989029,0.2707019952791838,1.0,1.0,1.0,1.0,1.0,1.0,1.0,0.0,0.0,0.0
2022-11-18,14551.0,14582.0,14525.0,244.0,156.0,244.0,14530.075885904278,up,1.0,178.9132918423261,14453.534222895105,14559.468222219188,8.468222219187737,97.4657771048951,1,1,0.047331431510693286,0.5447654341455547,1.0,1.0,1.0,1.0,1.0,1.0,0.0,1.0,0.0,1.0
2022-11-21,14492.0,14514.0,14480.0,106.0,91.0,106.0,14459.540368722186,dn,1.0,185.11202595258075,14530.075885904278,14453.534222895105,38.07588590427804,38.465777104895096,1,1,0.20569104415739986,0.20779728873341102,1.0,1.0,0.0,1.0,0.0,0.0,0.0,0.0,0.0,0.0
2022-11-22,14457.0,14475.0,14413.0,165.0,165.0,111.0,14451.348055036522,dn,1.0,177.5775472904302,14459.540368722186,14530.075885904278,2.540368722186031,inf,2,0,0.01430568650681512,inf,1.0,1.0,1.0,1.0,1.0,0.0,0.0,0.0,0.0,0.0
2022-11-23,14615.0,14635.0,14596.0,99.0,99.0,94.0,14596.136233126763,dn,1.0,176.37968564372255,14451.348055036522,14459.540368722186,inf,155.45963127781397,0,2,inf,0.8813919285003945,1.0,1.0,1.0,1.0,0.0,0.0,0.0,0.0,0.0,0.0
2022-11-24,14690.0,14710.0,14677.0,133.0,133.0,59.0,14710.002363821899,dn,1.0,169.01019177289183,14596.136233126763,14451.348055036522,inf,93.86376687323718,0,2,inf,0.5553734120328496,1.0,0.0,1.0,0.0,1.0,0.0,0.0,0.0,0.0,0.0
2022-11-25,14769.0,14769.0,14743.0,95.0,68.0,95.0,14746.467771908518,up,1.0,165.58064969928307,14710.002363821899,14596.136233126763,inf,58.99763617810095,0,2,inf,0.3563075533599407,1.0,1.0,0.0,1.0,0.0,0.0,0.0,0.0,0.0,0.0
2022-11-28,14550.0,14568.0,14461.0,155.0,155.0,135.0,14517.889427594242,,,158.8586830612561,14746.467771908518,14710.002363821899,160.00236382189905,inf,2,0,1.0071993594470499,inf,1.0,1.0,1.0,1.0,1.0,1.0,0.0,0.0,0.0,0.0
2022-11-29,14470.0,14527.0,14453.0,247.0,247.0,96.0,14560.573511186485,dn,1.0,158.49118943637455,14517.889427594242,14746.467771908518,47.88942759424208,inf,2,0,0.30215829513644377,inf,1.0,1.0,1.0,1.0,1.0,0.0,1.0,0.0,1.0,0.0
2022-11-30,14640.0,14660.0,14619.0,219.0,219.0,71.0,14733.111547757058,up,0.0,166.92059996624366,14560.573511186485,14517.889427594242,inf,79.42648881351488,0,2,inf,0.4758339523676364,1.0,1.0,1.0,0.0,1.0,0.0,1.0,0.0,1.0,0.0
2022-12-01,15030.0,15077.0,15005.0,192.0,114.0,192.0,15016.749657352753,up,1.0,171.8805428266014,14733.111547757058,14560.573511186485,inf,296.88845224294164,0,2,inf,1.7272952910234418,1.0,1.0,1.0,1.0,0.0,1.0,0.0,1.0,0.0,0.0
2022-12-02,14860.0,14883.0,14842.0,117.0,117.0,84.0,14899.44490674114,up,0.0,173.79668160502032,15016.749657352753,14733.111547757058,156.74965735275327,126.88845224294164,1,1,0.9019139830816273,0.7300970943237867,1.0,1.0,1.0,0.0,0.0,0.0,0.0,0.0,0.0,0.0
2022-12-05,14898.0,14925.0,14889.0,166.0,166.0,132.0,14973.619280079516,dn,1.0,168.38747383311363,14899.44490674114,15016.749657352753,1.444906741140585,inf,2,0,0.0085808445738227,inf,1.0,1.0,1.0,1.0,1.0,1.0,1.0,0.0,0.0,0.0
2022-12-06,14874.0,14880.0,14835.0,222.0,71.0,222.0,14798.673206926764,up,1.0,168.1600953728171,14973.619280079516,14899.44490674114,25.444906741140585,inf,2,0,0.1513135841456815,inf,1.0,1.0,0.0,1.0,0.0,1.0,0.0,1.0,0.0,1.0
2022-12-07,14603.0,14654.0,14600.0,186.0,180.0,186.0,14673.116869509902,up,1.0,173.2877053373107,14798.673206926764,14973.619280079516,195.67320692676367,inf,2,0,1.1291811299934913,inf,1.0,1.0,1.0,1.0,1.0,1.0,1.0,1.0,0.0,0.0
2022-12-08,14567.0,14570.0,14537.0,157.0,132.0,157.0,14497.319149577199,dn,0.0,174.49840006709064,14673.116869509902,14798.673206926764,106.11686950990224,inf,2,0,0.6081251717442838,inf,1.0,1.0,1.0,1.0,1.0,1.0,0.0,0.0,0.0,0.0
2022-12-09,14636.0,14639.0,14604.0,150.0,150.0,67.0,14657.211049030786,dn,1.0,172.83188577498677,14497.319149577199,14673.116869509902,37.116869509902244,138.6808504228011,1,1,0.21475707068443045,0.8024031549557493,1.0,1.0,1.0,0.0,1.0,0.0,0.0,0.0,0.0,0.0
2022-12-12,14649.0,14650.0,14582.0,165.0,107.0,165.0,14543.95851846749,dn,0.0,170.65742046308327,14657.211049030786,14497.319149577199,8.211049030785944,151.6808504228011,1,1,0.04811422209772685,0.8888031356105772,1.0,1.0,1.0,1.0,0.0,1.0,0.0,0.0,0.0,0.0
2022-12-13,14660.0,14687.0,14625.0,191.0,56.0,191.0,14568.521366625924,dn,0.0,170.11861851421818,14543.95851846749,14657.211049030786,inf,2.7889509692140564,0,2,inf,0.016394154817222204,0.0,1.0,0.0,1.0,0.0,1.0,0.0,1.0,0.0,0.0
2022-12-14,14609.0,14635.0,14598.0,156.0,156.0,64.0,14676.849800524336,dn,1.0,172.10732151286408,14568.521366625924,14543.95851846749,inf,40.4786333740758,0,2,inf,0.23519413943729434,1.0,0.0,1.0,0.0,1.0,0.0,0.0,0.0,0.0,0.0
2022-12-15,14658.0,14658.0,14607.0,143.0,143.0,90.0,14683.548707278806,up,0.0,170.5732908925913,14676.849800524336,14568.521366625924,18.849800524336388,89.4786333740758,1,1,0.11050851177049731,0.5245758753075814,1.0,1.0,1.0,1.0,1.0,0.0,0.0,0.0,0.0,0.0
2022-12-16,14440.0,14451.0,14421.0,139.0,139.0,114.0,14474.925525805045,up,1.0,167.94726318853498,14683.548707278806,14676.849800524336,236.8498005243364,inf,2,0,1.410262936279304,inf,1.0,1.0,1.0,1.0,1.0,0.0,0.0,0.0,0.0,0.0
2022-12-19,14405.0,14406.0,14362.0,123.0,123.0,90.0,14426.01374924941,up,0.0,165.19038098010307,14474.925525805045,14683.548707278806,69.92552580504525,inf,2,0,0.4233026486782404,inf,1.0,1.0,1.0,1.0,1.0,0.0,0.0,0.0,0.0,0.0
2022-12-20,14366.0,14394.0,14363.0,321.0,84.0,321.0,14281.382499058744,up,1.0,161.1722494581885,14426.01374924941,14474.925525805045,60.013749249410466,inf,2,0,0.37235783114747245,inf,1.0,1.0,1.0,1.0,0.0,1.0,0.0,1.0,0.0,1.0
2022-12-21,14210.0,14235.0,14200.0,103.0,78.0,103.0,14234.46623737485,up,1.0,176.39393998598007,14281.382499058744,14426.01374924941,71.38249905874363,inf,2,0,0.4046765952640843,inf,1.0,1.0,0.0,1.0,0.0,0.0,0.0,0.0,0.0,0.0
2022-12-22,14311.0,14329.0,14292.0,111.0,111.0,51.0,14351.911337512336,dn,1.0,169.40404093969624,14234.46623737485,14281.382499058744,inf,29.617500941256367,0,2,inf,0.17483349734142106,1.0,0.0,1.0,0.0,0.0,0.0,0.0,0.0,0.0,0.0
2022-12-23,14168.0,14176.0,14142.0,112.0,112.0,72.0,14184.536307409591,dn,1.0,163.84175132639183,14351.911337512336,14234.46623737485,66.4662373748506,inf,2,0,0.40567338200897357,inf,1.0,1.0,1.0,0.0,0.0,0.0,0.0,0.0,0.0,0.0
2022-12-26,14196.0,14227.0,14194.0,62.0,62.0,35.0,14221.775741957408,,,158.90444167625927,14184.536307409591,14351.911337512336,155.9113375123361,11.463692590408755,1,1,0.9811641252292929,0.07214205260394216,1.0,0.0,0.0,0.0,0.0,0.0,0.0,0.0,0.0,0.0
2022-12-27,14295.0,14344.0,14292.0,114.0,100.0,114.0,14338.431681107064,up,1.0,149.67544723090126,14221.775741957408,14184.536307409591,inf,73.22425804259183,0,2,inf,0.4892202388387072,1.0,1.0,1.0,1.0,0.0,1.0,0.0,0.0,0.0,0.0
2022-12-28,14190.0,14192.0,14157.0,125.0,73.0,125.0,14131.167839112803,dn,1.0,146.27778558986304,14338.431681107064,14221.775741957408,31.775741957408172,inf,2,0,0.21722875985080684,inf,1.0,1.0,1.0,1.0,0.0,1.0,0.0,0.0,0.0,0.0
2022-12-29,13960.0,13993.0,13960.0,134.0,134.0,85.0,14001.137835184312,up,1.0,144.2513298193999,14131.167839112803,14338.431681107064,171.16783911280254,inf,2,0,1.186594531413344,inf,1.0,1.0,1.0,1.0,1.0,0.0,0.0,0.0,0.0,0.0
2022-12-30,14193.0,14199.0,14177.0,86.0,56.0,86.0,14170.851136641408,dn,1.0,143.27501269374275,14001.137835184312,14131.167839112803,inf,61.83216088719746,0,2,inf,0.43156276677055116,1.0,1.0,0.0,1.0,0.0,0.0,0.0,0.0,0.0,0.0
2023-01-03,14050.0,14063.0,14028.0,295.0,295.0,111.0,14106.361427910751,dn,1.0,137.82024958005297,14170.851136641408,14001.137835184312,120.85113664140772,48.86216481568772,1,1,0.8768750383898505,0.35453545443847206,1.0,1.0,1.0,1.0,1.0,1.0,1.0,0.0,1.0,0.0
2023-01-04,14205.0,14215.0,14191.0,90.0,90.0,84.0,14220.91,up,1.0,152.78974962004793,14106.361427910751,14170.851136641408,inf,34.14886335859228,0,2,inf,0.22350231899399303,1.0,1.0,1.0,1.0,0.0,0.0,0.0,0.0,0.0,0.0
2023-01-05,14324.0,14345.0,14318.0,136.0,75.0,136.0,14299.330129609112,dn,1.0,146.80977346575764,14220.91,14106.361427910751,inf,103.09000000000015,0,2,inf,0.7022012061345846,1.0,1.0,1.0,1.0,0.0,1.0,0.0,0.0,0.0,0.0
2023-01-06,14278.0,14297.0,14275.0,128.0,128.0,57.0,14344.438701126574,up,0.0,145.78027123092357,14299.330129609112,14220.91,21.33012960911219,57.090000000000146,1,1,0.14631698397188567,0.3916167772082589,1.0,1.0,1.0,0.0,1.0,0.0,0.0,0.0,0.0,0.0
2023-01-09,14618.0,14638.0,14608.0,188.0,188.0,56.0,14663.826918985218,dn,1.0,144.08691206607372,14344.438701126574,14299.330129609112,inf,273.5612988734265,0,2,inf,1.8985853395760184,1.0,1.0,1.0,0.0,1.0,0.0,1.0,0.0,1.0,0.0
2023-01-10,14745.0,14784.0,14740.0,94.0,89.0,94.0,14781.863198654175,up,1.0,148.26911091692384,14663.826918985218,14344.438701126574,inf,81.17308101478193,0,2,inf,0.5474712872613349,1.0,1.0,1.0,1.0,0.0,0.0,0.0,0.0,0.0,0.0
2023-01-11,14855.0,14884.0,14851.0,138.0,57.0,138.0,14799.249706860273,dn,0.0,143.1006241629311,14781.863198654175,14663.826918985218,inf,73.136801345825,0,2,inf,0.5110865293120812,1.0,1.0,0.0,1.0,0.0,1.0,0.0,0.0,0.0,0.0
2023-01-12,14825.0,14840.0,14822.0,131.0,77.0,131.0,14771.661392265842,dn,0.0,142.61485043312814,14799.249706860273,14781.863198654175,inf,25.750293139726637,0,2,inf,0.18055828731385098,1.0,1.0,1.0,1.0,0.0,1.0,0.0,0.0,0.0,0.0
2023-01-13,15000.0,15016.0,14991.0,194.0,46.0,194.0,14895.126469527138,dn,0.0,141.50867420140165,14771.661392265842,14799.249706860273,inf,200.75029313972664,0,2,inf,1.418643021515484,0.0,1.0,0.0,1.0,0.0,1.0,0.0,1.0,0.0,1.0
2023-01-16,14935.0,14958.0,14929.0,88.0,81.0,88.0,14949.842483275865,dn,1.0,146.50784808698245,14895.126469527138,14771.661392265842,inf,39.8735304728616,0,2,inf,0.272159689692449,1.0,1.0,1.0,1.0,0.0,0.0,0.0,0.0,0.0,0.0
2023-01-17,14923.0,14936.0,14911.0,63.0,63.0,48.0,14933.317813525156,up,1.0,140.93567207869842,14949.842483275865,14895.126469527138,26.84248327586465,27.873530472861603,1,1,0.19045911428921858,0.19777484338597426,1.0,0.0,0.0,0.0,0.0,0.0,0.0,0.0,0.0,0.0
2023-01-30,15450.0,15532.0,15450.0,183.0,111.0,183.0,15428.96473241747,dn,0.0,133.51322711882239,14933.317813525156,14949.842483275865,inf,500.15751672413535,0,2,inf,3.746127088060059,1.0,1.0,1.0,1.0,1.0,1.0,0.0,1.0,0.0,1.0
2023-01-31,15449.0,15456.0,15435.0,191.0,37.0,191.0,15366.348310755224,dn,0.0,138.22625310750595,15428.96473241747,14933.317813525156,inf,20.03526758253065,0,2,inf,0.14494545813195234,0.0,1.0,0.0,1.0,0.0,1.0,0.0,1.0,0.0,1.0
2023-02-01,15350.0,15382.0,15346.0,105.0,105.0,99.0,15355.225966787804,up,1.0,143.25232424012444,15366.348310755224,15428.96473241747,16.348310755223793,inf,2,0,0.11412248172546363,inf,1.0,1.0,1.0,1.0,1.0,0.0,0.0,0.0,0.0,0.0
2023-02-02,15549.0,15555.0,15515.0,132.0,132.0,102.0,15539.325453918029,dn,1.0,139.60924574106497,15355.225966787804,15366.348310755224,inf,182.6516892447762,0,2,inf,1.3083065399804723,1.0,1.0,1.0,1.0,1.0,1.0,0.0,0.0,0.0,0.0
2023-02-03,15581.0,15588.0,15531.0,141.0,141.0,100.0,15557.70948724024,dn,1.0,138.88455567048734,15539.325453918029,15355.225966787804,inf,41.67454608197113,0,2,inf,0.3000660936040052,1.0,1.0,1.0,1.0,1.0,1.0,1.0,0.0,0.0,0.0
2023-02-06,15504.0,15505.0,15451.0,114.0,63.0,114.0,15440.643530567802,dn,0.0,139.08602655901237,15557.70948724024,15539.325453918029,35.32545391802887,inf,2,0,0.2539827672986312,inf,1.0,1.0,0.0,1.0,0.0,1.0,0.0,0.0,0.0,0.0
2023-02-07,15383.0,15401.0,15370.0,81.0,77.0,81.0,15404.168309068828,up,1.0,136.69688117243976,15440.643530567802,15557.70948724024,57.64353056780237,inf,2,0,0.4216887033076232,inf,1.0,1.0,1.0,1.0,0.0,0.0,0.0,0.0,0.0,0.0
2023-02-08,15475.0,15514.0,15474.0,150.0,150.0,44.0,15565.618825891177,up,0.0,131.39241629887408,15404.168309068828,15440.643530567802,inf,34.35646943219763,0,2,inf,0.2614798509683244,1.0,0.0,1.0,0.0,1.0,0.0,1.0,0.0,0.0,0.0
2023-02-09,15549.0,15554.0,15530.0,78.0,78.0,47.0,15575.34117542928,up,0.0,133.16456712755274,15565.618825891177,15404.168309068828,16.61882589117704,144.8316909311725,1,1,0.12479915828704316,1.0876143260575037,1.0,0.0,1.0,0.0,0.0,0.0,0.0,0.0,0.0,0.0
2023-02-10,15596.0,15598.0,15537.0,78.0,67.0,78.0,15561.169306704776,dn,0.0,127.91079882969058,15575.34117542928,15565.618825891177,inf,20.658824570720753,0,2,inf,0.1615096204521978,1.0,1.0,1.0,1.0,0.0,0.0,0.0,0.0,0.0,0.0
2023-02-13,15510.0,15546.0,15506.0,116.0,106.0,116.0,15488.806311291859,dn,0.0,123.15738941733909,15561.169306704776,15575.34117542928,51.16930670477632,inf,2,0,0.415478981381951,inf,1.0,1.0,1.0,1.0,1.0,1.0,0.0,0.0,0.0,0.0
2023-02-14,15633.0,15648.0,15622.0,94.0,94.0,60.0,15638.75353741605,dn,1.0,122.47573328235441,15488.806311291859,15561.169306704776,inf,71.83069329522368,0,2,inf,0.5864891874509204,1.0,1.0,1.0,0.0,1.0,0.0,0.0,0.0,0.0,0.0
2023-02-15,15495.0,15522.0,15456.0,173.0,77.0,173.0,15435.628803689242,,,119.76375868403494,15638.75353741605,15488.806311291859,143.75353741605068,6.193688708141053,1,1,1.2003091669434527,0.05171588447287685,1.0,1.0,1.0,1.0,0.0,1.0,0.0,1.0,0.0,1.0
2023-02-16,15458.0,15478.0,15451.0,148.0,148.0,58.0,15527.354626521963,up,0.0,124.83387690460304,15435.628803689242,15638.75353741605,180.75353741605068,22.371196310758023,1,1,1.447952606279952,0.17920773483510327,1.0,1.0,1.0,0.0,1.0,0.0,1.0,0.0,0.0,0.0
2023-02-17,15428.0,15449.0,15422.0,91.0,81.0,91.0,15433.307853270791,up,1.0,127.0401743422599,15527.354626521963,15435.628803689242,7.628803689241977,inf,2,0,0.06005032446420577,inf,1.0,1.0,1.0,1.0,0.0,1.0,0.0,0.0,0.0,0.0
2023-02-20,15386.0,15404.0,15367.0,188.0,188.0,53.0,15489.10248692949,up,0.0,123.6077767858542,15433.307853270791,15527.354626521963,47.307853270791384,inf,2,0,0.3827255412315234,inf,1.0,1.0,1.0,0.0,1.0,0.0,1.0,0.0,1.0,0.0
2023-02-21,15486.0,15506.0,15480.0,76.0,76.0,51.0,15508.535914016078,dn,1.0,129.74036947291572,15489.10248692949,15433.307853270791,3.102486929490624,52.692146729208616,1,1,0.023913042194151385,0.4061353219763144,1.0,1.0,1.0,0.0,0.0,0.0,0.0,0.0,0.0,0.0
2023-02-22,15353.0,15370.0,15351.0,109.0,109.0,73.0,15360.515232117332,up,1.0,124.62223904692374,15508.535914016078,15489.10248692949,136.10248692949062,inf,2,0,1.0921203789176364,inf,1.0,1.0,1.0,1.0,1.0,0.0,0.0,0.0,0.0,0.0
2023-02-23,15435.0,15489.0,15433.0,223.0,223.0,67.0,15566.400266866274,up,0.0,123.13440675674052,15360.515232117332,15508.535914016078,73.5359140160781,74.48476788266817,1,1,0.5972003760196185,0.6049062146359899,1.0,1.0,1.0,1.0,1.0,0.0,1.0,0.0,1.0,0.0
2023-02-24,15642.0,15663.0,15624.0,158.0,60.0,158.0,15594.302955600771,up,1.0,132.64541563705095,15566.400266866274,15360.515232117332,inf,75.59973313372575,0,2,inf,0.5699385295047391,1.0,1.0,0.0,1.0,0.0,1.0,0.0,1.0,0.0,0.0
2023-03-01,15381.0,15384.0,15341.0,222.0,222.0,51.0,15457.864220561336,up,0.0,135.06013795733182,15594.302955600771,15566.400266866274,185.40026686627425,inf,2,0,1.3727238078554747,inf,1.0,0.0,1.0,0.0,1.0,0.0,1.0,0.0,1.0,0.0
2023-03-02,15596.0,15618.0,15552.0,183.0,145.0,183.0,15529.249726930204,dn,0.0,143.3401248185383,15457.864220561336,15594.302955600771,inf,1.6970443992286164,0,2,inf,0.011839283671456216,1.0,1.0,1.0,1.0,1.0,1.0,1.0,1.0,0.0,1.0
2023-03-03,15612.0,15648.0,15606.0,102.0,102.0,98.0,15618.534781220842,up,1.0,147.1172557882013,15529.249726930204,15457.864220561336,inf,82.7502730697961,0,2,inf,0.5624783620823398,1.0,1.0,1.0,1.0,0.0,0.0,0.0,0.0,0.0,0.0
2023-03-06,15730.0,15773.0,15716.0,142.0,142.0,81.0,15760.463158608378,dn,1.0,142.8203742845631,15618.534781220842,15529.249726930204,inf,111.46521877915802,0,2,inf,0.7804574055874455,1.0,1.0,1.0,1.0,1.0,0.0,1.0,0.0,0.0,0.0
2023-03-07,15786.0,15790.0,15756.0,144.0,144.0,40.0,15828.595712793496,,,142.74224340031898,15760.463158608378,15618.534781220842,inf,25.536841391622147,0,2,inf,0.17890177976259186,1.0,0.0,1.0,0.0,1.0,0.0,1.0,0.0,0.0,0.0
2023-03-08,15725.0,15768.0,15725.0,88.0,88.0,87.0,15771.785952910173,up,1.0,142.86202974314574,15828.595712793496,15760.463158608378,35.46315860837785,inf,2,0,0.24823361863287058,inf,1.0,1.0,1.0,1.0,0.0,0.0,0.0,0.0,0.0,0.0
2023-03-09,15855.0,15862.0,15841.0,111.0,45.0,111.0,15797.00754615067,dn,0.0,137.6370745295128,15771.785952910173,15828.595712793496,inf,26.404287206503795,0,2,inf,0.191839933366515,0.0,1.0,0.0,1.0,0.0,1.0,0.0,0.0,0.0,0.0
2023-03-10,15618.0,15624.0,15577.0,172.0,65.0,172.0,15531.013012641997,dn,0.0,135.10021028860683,15797.00754615067,15771.785952910173,153.78595291017336,inf,2,0,1.1383102408327068,inf,1.0,1.0,0.0,1.0,0.0,1.0,0.0,1.0,0.0,1.0
2023-03-13,15450.0,15515.0,15444.0,195.0,195.0,170.0,15461.132815829804,dn,1.0,138.61447597540618,15531.013012641997,15797.00754615067,81.0130126419972,inf,2,0,0.5844484284337735,inf,1.0,1.0,1.0,1.0,1.0,1.0,1.0,1.0,1.0,1.0
2023-03-14,15358.0,15372.0,15336.0,118.0,118.0,94.0,15371.900469125027,dn,1.0,143.98452588251035,15461.132815829804,15531.013012641997,103.1328158298038,inf,2,0,0.7162770804548744,inf,1.0,1.0,1.0,1.0,1.0,0.0,0.0,0.0,0.0,0.0
2023-03-15,15402.0,15413.0,15383.0,159.0,94.0,159.0,15395.131955513694,,,141.5098091317951,15371.900469125027,15461.132815829804,59.1328158298038,30.099530874973425,1,1,0.41787079067240124,0.21270278759926983,1.0,1.0,1.0,1.0,0.0,1.0,0.0,1.0,0.0,0.0
2023-03-16,15194.0,15260.0,15191.0,155.0,121.0,155.0,15232.96979205492,up,1.0,143.17554159543366,15395.131955513694,15371.900469125027,177.90046912502658,inf,2,0,1.2425339352143956,inf,1.0,1.0,1.0,1.0,1.0,1.0,0.0,1.0,0.0,0.0
2023-03-17,15310.0,15325.0,15298.0,120.0,120.0,53.0,15367.097246886815,up,0.0,144.30168049110665,15232.96979205492,15395.131955513694,85.13195551369427,77.03020794507938,1,1,0.5899581711312154,0.5338136581841594,1.0,0.0,1.0,0.0,1.0,0.0,0.0,0.0,0.0,0.0
2023-03-20,15454.0,15470.0,15438.0,125.0,56.0,125.0,15401.527904378068,up,1.0,141.98723473004887,15367.097246886815,15232.96979205492,inf,86.9027531131851,0,2,inf,0.612046239779285,1.0,1.0,0.0,1.0,0.0,1.0,0.0,0.0,0.0,0.0
2023-03-21,15464.0,15474.0,15452.0,92.0,92.0,77.0,15465.579068814855,dn,1.0,140.3694028509966,15401.527904378068,15367.097246886815,inf,62.47209562193166,0,2,inf,0.44505493614050884,1.0,1.0,1.0,1.0,0.0,0.0,0.0,0.0,0.0,0.0
2023-03-22,15589.0,15593.0,15568.0,157.0,157.0,39.0,15668.893528551987,up,0.0,135.7627930556636,15465.579068814855,15401.527904378068,inf,123.42093118514458,0,2,inf,0.9090924575670835,1.0,0.0,1.0,0.0,1.0,0.0,1.0,0.0,0.0,0.0
2023-03-23,15695.0,15728.0,15683.0,183.0,183.0,78.0,15777.018050747085,up,0.0,137.78538419321944,15668.893528551987,15465.579068814855,inf,26.1064714480126,0,2,inf,0.1894719937159875,1.0,1.0,1.0,1.0,1.0,0.0,1.0,0.0,1.0,0.0
2023-03-24,15878.0,15884.0,15866.0,117.0,117.0,78.0,15864.423568679917,dn,1.0,142.0915380795795,15777.018050747085,15668.893528551987,inf,100.981949252915,0,2,inf,0.7106823574276412,1.0,1.0,1.0,1.0,1.0,0.0,0.0,0.0,0.0,0.0
2023-03-27,15855.0,15884.0,15847.0,100.0,100.0,91.0,15837.514976527773,dn,1.0,139.70186778628621,15864.423568679917,15777.018050747085,9.42356867991657,77.981949252915,1,1,0.06745485102842434,0.558202624550522,1.0,1.0,1.0,1.0,1.0,0.0,0.0,0.0,0.0,0.0
2023-03-28,15814.0,15829.0,15777.0,174.0,54.0,174.0,15719.163136499787,,,135.92073752092563,15837.514976527773,15864.423568679917,23.514976527772887,inf,2,0,0.17300506866476242,inf,1.0,1.0,0.0,1.0,0.0,1.0,0.0,1.0,0.0,1.0
2023-03-29,15730.0,15745.0,15716.0,134.0,90.0,134.0,15728.359304947262,up,1.0,139.54733394750414,15719.163136499787,15837.514976527773,107.51497652777289,10.83686350021344,1,1,0.7704552533280112,0.07765725932313493,1.0,1.0,1.0,1.0,0.0,1.0,0.0,0.0,0.0,0.0
2023-03-30,15822.0,15845.0,15811.0,101.0,78.0,101.0,15815.440080282513,dn,1.0,139.01901642869421,15728.359304947262,15719.163136499787,inf,93.64069505273801,0,2,inf,0.673581913167745,1.0,1.0,1.0,1.0,0.0,1.0,0.0,0.0,0.0,0.0
2023-03-31,15879.0,15922.0,15878.0,105.0,87.0,105.0,15903.046824903387,up,1.0,135.39815772119954,15815.440080282513,15728.359304947262,inf,63.55991971748699,0,2,inf,0.46942972332285504,1.0,1.0,1.0,1.0,0.0,1.0,0.0,0.0,0.0,0.0
2023-04-06,15780.0,15789.0,15743.0,92.0,92.0,88.0,15757.429399493161,dn,1.0,132.5030950810853,15903.046824903387,15815.440080282513,35.44008028251301,inf,2,0,0.2674660562519347,inf,1.0,1.0,1.0,1.0,0.0,0.0,0.0,0.0,0.0,0.0
2023-04-07,15850.0,15858.0,15830.0,74.0,46.0,74.0,15832.398247322299,dn,1.0,128.64565745431526,15757.429399493161,15903.046824903387,53.04682490338746,92.57060050683867,1,1,0.4123483524675171,0.7195781213191158,0.0,1.0,0.0,1.0,0.0,0.0,0.0,0.0,0.0,0.0
2023-04-10,15839.0,15868.0,15829.0,99.0,98.0,99.0,15868.704940553092,up,1.0,123.44130912533285,15832.398247322299,15757.429399493161,inf,6.60175267770137,0,2,inf,0.05348090298522722,1.0,1.0,1.0,1.0,1.0,1.0,0.0,0.0,0.0,0.0
2023-04-11,15834.0,15870.0,15825.0,138.0,138.0,61.0,15908.345170367276,up,0.0,121.11356539911067,15868.704940553092,15832.398247322299,34.704940553092456,1.60175267770137,1,1,0.28654874818297843,0.01322521281924982,1.0,1.0,1.0,1.0,1.0,0.0,1.0,0.0,0.0,0.0
2023-04-12,15957.0,15960.0,15943.0,94.0,73.0,94.0,15914.167646491058,dn,0.0,122.72179726586204,15908.345170367276,15868.704940553092,inf,48.654829632723704,0,2,inf,0.39646444818045534,1.0,1.0,1.0,1.0,0.0,1.0,0.0,0.0,0.0,0.0
2023-04-13,15865.0,15871.0,15834.0,95.0,76.0,95.0,15856.416127690154,up,1.0,119.9863880024466,15914.167646491058,15908.345170367276,43.345170367276296,inf,2,0,0.36125073092784876,inf,1.0,1.0,1.0,1.0,0.0,1.0,0.0,0.0,0.0,0.0
2023-04-14,15882.0,15888.0,15868.0,140.0,140.0,59.0,15919.517830189767,dn,1.0,117.60673200221359,15856.416127690154,15914.167646491058,32.167646491057894,25.5838723098459,1,1,0.273518751379406,0.21753748169249668,1.0,1.0,1.0,1.0,1.0,0.0,1.0,0.0,0.0,0.0
2023-04-17,15920.0,15924.0,15896.0,97.0,97.0,53.0,15922.289078603542,dn,1.0,119.73942419247896,15919.517830189767,15856.416127690154,inf,0.4821698102332448,0,2,inf,0.004026825863620034,1.0,1.0,1.0,0.0,1.0,0.0,0.0,0.0,0.0,0.0
2023-04-18,15931.0,15952.0,15928.0,101.0,79.0,101.0,15912.610891535947,dn,1.0,117.5737647455762,15922.289078603542,15919.517830189767,inf,8.710921396457707,0,2,inf,0.07408898928521775,1.0,1.0,1.0,1.0,0.0,1.0,0.0,0.0,0.0,0.0
2023-04-19,15876.0,15902.0,15871.0,139.0,38.0,139.0,15833.7875192604,,,115.99531096028323,15912.610891535947,15922.289078603542,36.6108915359473,inf,2,0,0.31562389231822363,inf,0.0,1.0,0.0,1.0,0.0,1.0,0.0,1.0,0.0,0.0
2023-04-20,15730.0,15741.0,15711.0,116.0,116.0,114.0,15734.977530690174,up,1.0,118.18623372597054,15833.7875192604,15912.610891535947,103.78751926040059,inf,2,0,0.8781692756285376,inf,1.0,1.0,1.0,1.0,1.0,1.0,1.0,0.0,0.0,0.0
2023-04-21,15757.0,15763.0,15731.0,176.0,69.0,176.0,15687.076787715538,up,1.0,117.97802099016383,15734.977530690174,15833.7875192604,76.78751926040059,22.022469309826192,1,1,0.6508629201942842,0.18666586475172584,1.0,1.0,1.0,1.0,0.0,1.0,0.0,1.0,0.0,1.0
2023-04-24,15545.0,15566.0,15542.0,113.0,113.0,61.0,15608.808633363738,up,0.0,123.50392375300537,15687.076787715538,15734.977530690174,142.07678771553765,inf,2,0,1.1503827845961885,inf,1.0,1.0,1.0,0.0,1.0,0.0,0.0,0.0,0.0,0.0
2023-04-25,15641.0,15662.0,15630.0,293.0,49.0,293.0,15493.961252888406,dn,0.0,122.50355006224295,15608.808633363738,15687.076787715538,46.07678771553765,32.19136663626159,1,1,0.3761261424026197,0.2627790510552996,1.0,1.0,0.0,1.0,0.0,1.0,0.0,1.0,0.0,1.0
2023-04-26,15390.0,15409.0,15372.0,97.0,87.0,97.0,15358.37661408258,dn,0.0,138.74130719917218,15493.961252888406,15608.808633363738,103.9612528884063,inf,2,0,0.7493172364245001,inf,1.0,1.0,1.0,1.0,0.0,0.0,0.0,0.0,0.0,0.0
2023-04-27,15342.0,15353.0,15332.0,156.0,156.0,79.0,15391.586163478018,up,1.0,134.76594460877484,15358.37661408258,15493.961252888406,16.37661408257918,inf,2,0,0.12151893514433817,inf,1.0,1.0,1.0,1.0,1.0,0.0,1.0,0.0,0.0,0.0
2023-04-28,15515.0,15532.0,15512.0,98.0,90.0,98.0,15542.334512834472,up,1.0,136.78823559841533,15391.586163478018,15358.37661408258,inf,123.41383652198238,0,2,inf,0.9022255165590579,1.0,1.0,1.0,1.0,0.0,1.0,0.0,0.0,0.0,0.0
2023-05-02,15628.0,15641.0,15608.0,121.0,121.0,90.0,15622.10124961979,dn,1.0,133.09411792237577,15542.334512834472,15391.586163478018,inf,85.66548716552825,0,2,inf,0.6436459289319665,1.0,1.0,1.0,1.0,1.0,0.0,0.0,0.0,0.0,0.0
2023-05-03,15559.0,15566.0,15538.0,72.0,63.0,72.0,15558.8283722376,up,1.0,131.94229716786379,15622.10124961979,15542.334512834472,63.101249619790906,16.665487165528248,1,1,0.4782488328175024,0.12630890565991554,1.0,1.0,0.0,1.0,0.0,0.0,0.0,0.0,0.0,0.0
2023-05-04,15496.0,15520.0,15490.0,129.0,129.0,49.0,15558.240803007731,up,0.0,126.23350696140056,15558.8283722376,15622.10124961979,62.82837223759998,inf,2,0,0.4977154936906848,inf,1.0,1.0,1.0,0.0,1.0,0.0,1.0,0.0,0.0,0.0
2023-05-05,15598.0,15646.0,15595.0,120.0,101.0,120.0,15635.85205792683,up,1.0,126.49698248888622,15558.240803007731,15558.8283722376,inf,39.17162776240002,0,2,inf,0.3096645231505152,1.0,1.0,1.0,1.0,1.0,1.0,0.0,0.0,0.0,0.0
2023-05-08,15758.0,15763.0,15735.0,72.0,61.0,72.0,15735.257949793908,dn,1.0,125.87822225184944,15635.85205792683,15558.240803007731,inf,122.14794207317027,0,2,inf,0.9703659607520049,1.0,1.0,0.0,1.0,0.0,0.0,0.0,0.0,0.0,0.0
2023-05-09,15706.0,15723.0,15704.0,92.0,87.0,92.0,15707.439361585633,up,1.0,120.74696298976853,15735.257949793908,15635.85205792683,29.257949793907756,70.14794207317027,1,1,0.24230795598881374,0.5809499496820822,1.0,1.0,1.0,1.0,1.0,1.0,0.0,0.0,0.0,0.0
2023-05-10,15692.0,15702.0,15678.0,121.0,51.0,121.0,15632.881584724819,dn,0.0,118.00915699074297,15707.439361585633,15735.257949793908,15.439361585633378,inf,2,0,0.13083189456937222,inf,1.0,1.0,0.0,1.0,0.0,1.0,0.0,1.0,0.0,0.0
2023-05-11,15660.0,15683.0,15652.0,166.0,59.0,166.0,15586.563972116384,dn,0.0,118.29399918210078,15632.881584724819,15707.439361585633,47.43936158563338,27.118415275181178,1,1,0.4010293160569001,0.22924590818368834,1.0,1.0,1.0,1.0,0.0,1.0,0.0,1.0,0.0,1.0
2023-05-12,15450.0,15455.0,15434.0,139.0,139.0,56.0,15484.544393353897,up,1.0,122.8374278314245,15586.563972116384,15632.881584724819,136.56397211638432,inf,2,0,1.1117456179870306,inf,1.0,1.0,1.0,0.0,1.0,0.0,1.0,0.0,0.0,0.0
2023-05-15,15439.0,15450.0,15425.0,97.0,97.0,78.0,15474.671735030646,up,0.0,124.37672041890788,15484.544393353897,15586.563972116384,45.54439335389725,inf,2,0,0.36618101201335057,inf,1.0,1.0,1.0,1.0,1.0,0.0,0.0,0.0,0.0,0.0
2023-05-16,15604.0,15624.0,15596.0,130.0,130.0,42.0,15658.513895039116,up,0.0,121.76941371234523,15474.671735030646,15484.544393353897,inf,119.45560664610275,0,2,inf,0.9809984544090163,1.0,0.0,1.0,0.0,1.0,0.0,1.0,0.0,0.0,0.0
2023-05-17,15661.0,15667.0,15653.0,244.0,244.0,36.0,15800.641620011584,up,0.0,122.55327907307425,15658.513895039116,15474.671735030646,inf,2.486104960884404,0,2,inf,0.020285911398600982,1.0,0.0,1.0,0.0,1.0,0.0,1.0,0.0,1.0,0.0
2023-05-18,16026.0,16040.0,15994.0,125.0,125.0,80.0,16029.205398938333,dn,1.0,134.11963344706717,15800.641620011584,15658.513895039116,inf,225.35837998841635,0,2,inf,1.6802788241839197,1.0,1.0,1.0,1.0,1.0,0.0,0.0,0.0,0.0,0.0
2023-05-19,16153.0,16161.0,16125.0,93.0,82.0,93.0,16115.062542197726,dn,0.0,133.25109692829886,16029.205398938333,15800.641620011584,inf,123.79460106166698,0,2,inf,0.9290325101659739,1.0,1.0,1.0,1.0,0.0,0.0,0.0,0.0,0.0,0.0
2023-05-22,16133.0,16134.0,16116.0,67.0,58.0,67.0,16124.482290672451,up,1.0,129.41765912560373,16115.062542197726,16029.205398938333,inf,17.937457802274366,0,2,inf,0.1386013154886809,1.0,1.0,0.0,1.0,0.0,0.0,0.0,0.0,0.0,0.0
2023-05-23,16149.0,16179.0,16140.0,123.0,123.0,107.0,16129.304149877658,dn,1.0,123.47312016126052,16124.482290672451,16115.062542197726,inf,24.5177093275488,0,2,inf,0.19856718041568686,1.0,1.0,1.0,1.0,1.0,1.0,1.0,0.0,0.0,0.0
2023-05-24,16055.0,16073.0,16046.0,86.0,86.0,81.0,16050.75315080965,dn,1.0,123.42806109828334,16129.304149877658,16124.482290672451,69.4822906724512,inf,2,0,0.5629375528885917,inf,1.0,1.0,1.0,1.0,0.0,0.0,0.0,0.0,0.0,0.0
2023-05-25,16132.0,16214.0,16130.0,107.0,102.0,107.0,16184.046825429106,,,119.86348385082778,16050.75315080965,16129.304149877658,inf,2.6958501223416533,0,2,inf,0.022491004230251528,1.0,1.0,1.0,1.0,1.0,1.0,0.0,0.0,0.0,0.0
2023-05-26,16362.0,16378.0,16346.0,110.0,110.0,81.0,16410.549223662976,up,0.0,118.63839015074895,16184.046825429106,16050.75315080965,inf,177.95317457089368,0,2,inf,1.4999628226982502,1.0,1.0,1.0,1.0,1.0,0.0,0.0,0.0,0.0,0.0
2023-05-29,16607.0,16633.0,16605.0,90.0,51.0,90.0,16584.590483555847,dn,0.0,117.81568632686809,16410.549223662976,16184.046825429106,inf,196.45077633702385,0,2,inf,1.6674415984981015,1.0,1.0,0.0,1.0,0.0,1.0,0.0,0.0,0.0,0.0
2023-05-30,16550.0,16593.0,16550.0,92.0,76.0,92.0,16571.77267771148,up,1.0,115.16657334335684,16584.590483555847,16410.549223662976,34.59048355584673,139.45077633702385,1,1,0.3003517648538426,1.2108615572095407,1.0,1.0,1.0,1.0,0.0,1.0,0.0,0.0,0.0,0.0
2023-05-31,16576.0,16583.0,16541.0,143.0,101.0,143.0,16522.839352135703,,,112.96023302494191,16571.77267771148,16584.590483555847,8.590483555846731,4.227322288519645,1,1,0.07604874145355145,0.03742310169974809,1.0,1.0,1.0,1.0,1.0,1.0,0.0,1.0,0.0,1.0
2023-06-01,16440.0,16461.0,16430.0,96.0,88.0,96.0,16463.561581210623,up,1.0,115.82116321304268,16522.839352135703,16571.77267771148,82.83935213570294,inf,2,0,0.7152350212830046,inf,1.0,1.0,1.0,1.0,1.0,1.0,0.0,0.0,0.0,0.0
2023-06-02,16577.0,16596.0,16566.0,172.0,172.0,48.0,16660.649181770408,up,0.0,113.93343338322909,16463.561581210623,16522.839352135703,inf,54.16064786429706,0,2,inf,0.4753709798433009,1.0,1.0,1.0,0.0,1.0,0.0,1.0,0.0,1.0,0.0
2023-06-05,16750.0,16754.0,16691.0,107.0,100.0,107.0,16709.33247133231,dn,1.0,119.46358258482631,16660.649181770408,16463.561581210623,inf,89.35081822959182,0,2,inf,0.7479335233073843,1.0,1.0,1.0,1.0,1.0,1.0,0.0,0.0,0.0,0.0
2023-06-06,16687.0,16702.0,16680.0,104.0,104.0,91.0,16728.037756329777,up,0.0,118.27657471960475,16709.33247133231,16660.649181770408,22.33247133230907,26.350818229591823,1,1,0.18881567533767432,0.2227898321545161,1.0,1.0,1.0,1.0,1.0,1.0,0.0,0.0,0.0,0.0
2023-06-07,16785.0,16802.0,16773.0,140.0,140.0,42.0,16846.14529576797,,,116.91690093678525,16728.037756329777,16709.33247133231,inf,56.96224367022296,0,2,inf,0.4872028185302428,1.0,0.0,1.0,0.0,1.0,0.0,1.0,0.0,0.0,0.0
2023-06-08,16852.0,16856.0,16835.0,200.0,61.0,200.0,16769.947132990314,dn,1.0,119.11529132375809,16846.14529576797,16728.037756329777,inf,5.854704232031509,0,2,inf,0.04915157547756223,1.0,1.0,1.0,1.0,0.0,1.0,0.0,1.0,0.0,1.0
2023-06-09,16802.0,16821.0,16797.0,103.0,103.0,54.0,16847.866641370656,dn,1.0,126.8185969119716,16769.947132990314,16846.14529576797,44.14529576796849,32.05286700968645,1,1,0.3480979670403624,0.2527457943091364,1.0,1.0,1.0,0.0,1.0,0.0,0.0,0.0,0.0,0.0
2023-06-12,16954.0,16956.0,16934.0,77.0,77.0,68.0,16945.213105340394,dn,1.0,124.55015911083144,16847.866641370656,16769.947132990314,inf,106.133358629344,0,2,inf,0.8521334648388592,1.0,1.0,1.0,1.0,0.0,0.0,0.0,0.0,0.0,0.0
2023-06-13,17088.0,17122.0,17081.0,193.0,193.0,72.0,17184.605923317595,,,120.0215725288475,16945.213105340394,16847.866641370656,inf,142.78689465960633,0,2,inf,1.1896769193328736,1.0,1.0,1.0,1.0,1.0,0.0,1.0,0.0,1.0,0.0
2023-06-14,17199.0,17200.0,17133.0,97.0,97.0,67.0,17194.737155824943,,,126.97189895467154,17184.605923317595,16945.213105340394,inf,14.394076682405284,0,2,inf,0.11336427036933512,1.0,1.0,1.0,1.0,1.0,0.0,0.0,0.0,0.0,0.0
2023-06-15,17250.0,17263.0,17238.0,118.0,118.0,69.0,17284.64713339331,dn,1.0,124.11743238755997,17194.737155824943,17184.605923317595,inf,55.26284417505667,0,2,inf,0.44524643405848885,1.0,1.0,1.0,1.0,1.0,0.0,0.0,0.0,0.0,0.0
2023-06-16,17292.0,17308.0,17286.0,107.0,107.0,103.0,17278.426046725133,up,1.0,123.53481977922092,17284.64713339331,17194.737155824943,inf,7.352866606688622,0,2,inf,0.0595206001014898,1.0,1.0,1.0,1.0,1.0,1.0,0.0,0.0,0.0,0.0
2023-06-19,17194.0,17198.0,17160.0,126.0,126.0,55.0,17234.338425537553,up,0.0,121.96007503834274,17278.426046725133,17284.64713339331,84.42604672513335,inf,2,0,0.6922433156800768,inf,1.0,1.0,1.0,0.0,1.0,0.0,1.0,0.0,0.0,0.0
2023-06-20,17210.0,17229.0,17195.0,132.0,112.0,132.0,17179.36817188638,up,1.0,122.3448297965958,17234.338425537553,17278.426046725133,24.33842553755312,inf,2,0,0.19893301235546226,inf,1.0,1.0,1.0,1.0,1.0,1.0,0.0,1.0,0.0,0.0
2023-06-21,16966.0,17005.0,16966.0,95.0,95.0,65.0,16993.39100297072,,,123.26436981596763,17179.36817188638,17234.338425537553,213.36817188638088,inf,2,0,1.7309801056455913,inf,1.0,1.0,1.0,1.0,1.0,0.0,0.0,0.0,0.0,0.0
2023-06-26,16851.0,16904.0,16841.0,93.0,93.0,84.0,16880.850633963833,dn,1.0,120.57252507158975,16993.39100297072,17179.36817188638,142.39100297071855,inf,2,0,1.180957294260646,inf,1.0,1.0,1.0,1.0,1.0,0.0,0.0,0.0,0.0,0.0
2023-06-27,16805.0,16815.0,16780.0,150.0,112.0,150.0,16772.4706595229,dn,1.0,117.94657030286692,16880.850633963833,16993.39100297072,75.85063396383339,inf,2,0,0.6430931715018228,inf,1.0,1.0,1.0,1.0,1.0,1.0,0.0,1.0,0.0,1.0
2023-06-28,16795.0,16810.0,16783.0,98.0,79.0,98.0,16763.60604978913,dn,0.0,120.99927789307007,16772.4706595229,16880.850633963833,85.85063396383339,22.52934047710005,1,1,0.709513605855579,0.18619400767837443,1.0,1.0,1.0,1.0,0.0,1.0,0.0,0.0,0.0,0.0
2023-06-29,16851.0,16925.0,16847.0,232.0,118.0,232.0,16838.854538780408,,,118.80887047468245,16763.60604978913,16772.4706595229,inf,78.52934047710005,0,2,inf,0.660972031493509,1.0,1.0,1.0,1.0,1.0,1.0,1.0,1.0,0.0,1.0
2023-06-30,16718.0,16732.0,16671.0,155.0,155.0,61.0,16748.82047782457,,,129.58897804852222,16838.854538780408,16763.60604978913,45.60604978913034,inf,2,0,0.35192846240406334,inf,1.0,1.0,1.0,0.0,1.0,0.0,1.0,0.0,0.0,0.0
2023-07-03,16901.0,16928.0,16899.0,141.0,141.0,52.0,16991.512650011922,up,0.0,132.00907537723438,16748.82047782457,16838.854538780408,inf,62.14546121959211,0,2,inf,0.47076658208538136,1.0,1.0,1.0,0.0,1.0,0.0,1.0,0.0,0.0,0.0
2023-07-04,17025.0,17045.0,17015.0,133.0,133.0,71.0,17053.93233540041,up,1.0,132.86535391273586,16991.512650011922,16748.82047782457,inf,33.48734998807777,0,2,inf,0.2520397455161396,1.0,1.0,1.0,1.0,1.0,0.0,1.0,0.0,0.0,0.0
2023-07-05,17086.0,17098.0,17073.0,123.0,56.0,123.0,17040.906074387545,dn,0.0,132.87817734961814,17053.93233540041,16991.512650011922,inf,32.06766459959181,0,2,inf,0.24133130992019858,1.0,1.0,0.0,1.0,0.0,1.0,0.0,0.0,0.0,0.0
2023-07-06,16869.0,16874.0,16827.0,225.0,82.0,225.0,16793.810567827695,up,1.0,131.9373985544164,17040.906074387545,17053.93233540041,171.90607438754523,inf,2,0,1.3029366674729765,inf,1.0,1.0,1.0,1.0,0.0,1.0,0.0,1.0,0.0,1.0
2023-07-07,16566.0,16610.0,16557.0,172.0,172.0,99.0,16615.84388464678,up,1.0,140.8005034539958,16793.810567827695,17040.906074387545,227.8105678276952,inf,2,0,1.6179669975550086,inf,1.0,1.0,1.0,1.0,1.0,0.0,1.0,0.0,0.0,0.0
2023-07-10,16675.0,16690.0,16659.0,192.0,101.0,192.0,16647.470774282578,up,1.0,143.77188407742477,16615.84388464678,16793.810567827695,118.8105678276952,59.15611535322023,1,1,0.8263824918905056,0.41145816327595164,1.0,1.0,1.0,1.0,0.0,1.0,0.0,1.0,0.0,1.0
2023-07-11,16750.0,16777.0,16737.0,140.0,140.0,60.0,16820.195520281763,up,0.0,148.36503797481288,16647.470774282578,16615.84388464678,inf,102.52922571742238,0,2,inf,0.6910605565633879,1.0,1.0,1.0,0.0,1.0,0.0,0.0,0.0,0.0,0.0
2023-07-12,16880.0,16894.0,16840.0,105.0,105.0,70.0,16879.591114573224,,,147.56836769149737,16820.195520281763,16647.470774282578,inf,59.80447971823742,0,2,inf,0.4052662549148956,1.0,1.0,1.0,0.0,1.0,0.0,0.0,0.0,0.0,0.0
2023-07-13,17137.0,17148.0,17113.0,199.0,142.0,199.0,17172.055935241722,up,1.0,143.5142374351643,16879.591114573224,16820.195520281763,inf,257.40888542677567,0,2,inf,1.7936121880804041,1.0,1.0,1.0,1.0,1.0,1.0,1.0,1.0,0.0,1.0
2023-07-14,17219.0,17224.0,17187.0,162.0,162.0,81.0,17232.851461904247,dn,1.0,148.79859577467246,17172.055935241722,16879.591114573224,inf,46.94406475827782,0,2,inf,0.3154872834241379,1.0,1.0,1.0,1.0,1.0,0.0,1.0,0.0,0.0,0.0
2023-07-17,17234.0,17255.0,17229.0,116.0,116.0,89.0,17290.12960495207,up,0.0,150.0558723675608,17232.851461904247,17172.055935241722,inf,1.1485380957528832,0,2,inf,0.007654069631740552,1.0,1.0,1.0,1.0,1.0,0.0,0.0,0.0,0.0,0.0
2023-07-18,17338.0,17341.0,17302.0,234.0,132.0,234.0,17263.576946030356,up,1.0,146.81245595160263,17290.12960495207,17232.851461904247,inf,47.87039504792847,0,2,inf,0.32606494277099457,1.0,1.0,1.0,1.0,1.0,1.0,0.0,1.0,0.0,1.0
2023-07-19,17213.0,17262.0,17212.0,222.0,57.0,222.0,17139.424260487296,,,155.1160315752595,17263.576946030356,17290.12960495207,50.57694603035634,inf,2,0,0.32605879299985385,inf,0.0,1.0,0.0,1.0,0.0,1.0,0.0,1.0,0.0,1.0
2023-07-20,17020.0,17061.0,17018.0,132.0,132.0,93.0,17099.783440720916,up,0.0,161.4859333299967,17139.424260487296,17263.576946030356,119.42426048729612,inf,2,0,0.7395335186455684,inf,1.0,1.0,1.0,1.0,1.0,0.0,0.0,0.0,0.0,0.0
2023-07-21,16860.0,16886.0,16838.0,168.0,168.0,75.0,16905.84162941586,up,1.0,158.67774920333034,17099.783440720916,17139.424260487296,239.78344072091568,inf,2,0,1.511134623000331,inf,1.0,1.0,1.0,0.0,1.0,0.0,1.0,0.0,0.0,0.0
2023-07-24,16947.0,16959.0,16928.0,158.0,158.0,117.0,16956.259706990728,dn,1.0,159.56558261253699,16905.84162941586,17099.783440720916,152.78344072091568,41.15837058414036,1,1,0.9574962107706525,0.25794015169350537,1.0,1.0,1.0,1.0,1.0,1.0,1.0,0.0,0.0,0.0
2023-07-25,17091.0,17110.0,17077.0,171.0,171.0,78.0,17150.59218763492,dn,1.0,159.41647950658108,16956.259706990728,16905.84162941586,inf,134.74029300927214,0,2,inf,0.8452093122763368,1.0,1.0,1.0,0.0,1.0,0.0,1.0,0.0,0.0,0.0
2023-07-26,17206.0,17208.0,17163.0,130.0,102.0,130.0,17137.836405281014,dn,0.0,160.51967193452575,17150.59218763492,16956.259706990728,inf,55.407812365079735,0,2,inf,0.3451777074879644,1.0,1.0,1.0,1.0,0.0,1.0,0.0,0.0,0.0,0.0
2023-07-27,17183.0,17230.0,17168.0,95.0,95.0,80.0,17226.36803112909,up,0.0,157.61303651218995,17137.836405281014,17150.59218763492,inf,32.407812365079735,0,2,inf,0.20561631881619946,1.0,1.0,1.0,1.0,0.0,0.0,0.0,0.0,0.0,0.0
2023-07-28,17155.0,17181.0,17135.0,164.0,164.0,91.0,17225.59672715948,up,0.0,151.64989017769568,17226.36803112909,17137.836405281014,71.3680311290882,17.163594718986133,1,1,0.4706105032154177,0.1131790778013403,1.0,1.0,1.0,1.0,1.0,0.0,1.0,0.0,0.0,0.0
2023-07-31,17400.0,17416.0,17392.0,367.0,72.0,367.0,17237.203689405,up,1.0,152.82609111315324,17225.59672715948,17226.36803112909,inf,173.6319688709118,0,2,inf,1.1361408749396973,1.0,1.0,0.0,1.0,0.0,1.0,0.0,1.0,0.0,1.0
2023-08-01,17160.0,17197.0,17158.0,128.0,115.0,128.0,17160.97980390878,up,1.0,173.22360624523387,17237.203689405,17225.59672715948,65.59672715948182,inf,2,0,0.3786823781200818,inf,1.0,1.0,1.0,1.0,0.0,1.0,0.0,0.0,0.0,0.0
2023-08-02,17093.0,17130.0,17086.0,356.0,76.0,356.0,16963.33795835286,up,1.0,168.91659612664017,17160.97980390878,17237.203689405,67.97980390878001,inf,2,0,0.4024459731465,inf,1.0,1.0,0.0,1.0,0.0,1.0,0.0,1.0,0.0,1.0
2023-08-04,16720.0,16778.0,16715.0,148.0,148.0,71.0,16795.475263517572,up,0.0,186.73406316219825,16963.33795835286,17160.97980390878,243.33795835285855,inf,2,0,1.3031257084653796,inf,1.0,0.0,1.0,0.0,1.0,0.0,0.0,0.0,0.0,0.0
2023-08-07,16859.0,16878.0,16842.0,191.0,191.0,55.0,16943.594323873123,up,1.0,183.0451047657984,16795.475263517572,16963.33795835286,104.33795835285855,63.524736482428125,1,1,0.5700122846025101,0.3470441701443282,1.0,0.0,1.0,0.0,1.0,0.0,1.0,0.0,0.0,0.0
2023-08-08,17020.0,17026.0,16968.0,269.0,130.0,269.0,16869.5982257347,dn,0.0,183.8027138357224,16943.594323873123,16795.475263517572,inf,76.40567612687664,0,2,inf,0.41569394995530834,1.0,1.0,1.0,1.0,0.0,1.0,0.0,1.0,0.0,1.0
2023-08-09,16815.0,16842.0,16806.0,155.0,150.0,155.0,16857.73391744981,dn,1.0,191.9167410894631,16869.5982257347,16943.594323873123,54.598225734698644,inf,2,0,0.2844891249442766,inf,1.0,1.0,1.0,1.0,1.0,1.0,0.0,0.0,0.0,0.0
2023-08-10,16788.0,16795.0,16757.0,213.0,91.0,213.0,16657.677576759153,dn,0.0,188.40086098570472,16857.73391744981,16869.5982257347,69.73391744980836,inf,2,0,0.37013587456534797,inf,1.0,1.0,0.0,1.0,0.0,1.0,0.0,1.0,0.0,0.0
2023-08-11,16711.0,16729.0,16693.0,180.0,103.0,180.0,16665.977969539945,up,1.0,190.74363612992332,16657.677576759153,16857.73391744981,146.73391744980836,53.32242324084655,1,1,0.7692729384159473,0.27955020845112993,1.0,1.0,1.0,1.0,0.0,1.0,0.0,0.0,0.0,0.0
2023-08-14,16567.0,16570.0,16516.0,264.0,77.0,264.0,16402.694883946406,dn,0.0,189.72043268897824,16665.977969539945,16657.677576759153,90.67757675915345,inf,2,0,0.47795366832104713,inf,1.0,1.0,0.0,1.0,0.0,1.0,0.0,1.0,0.0,1.0
2023-08-15,16471.0,16490.0,16460.0,118.0,80.0,118.0,16480.648122533406,up,1.0,196.79467719478984,16402.694883946406,16665.977969539945,194.97796953994475,68.30511605359425,1,1,0.9907685122344702,0.3470882293527939,1.0,1.0,0.0,1.0,0.0,0.0,0.0,0.0,0.0,0.0
2023-08-16,16300.0,16335.0,16290.0,123.0,123.0,76.0,16358.307066972939,up,0.0,189.29042222385746,16480.648122533406,16402.694883946406,102.69488394640575,inf,2,0,0.5425255157651736,inf,1.0,1.0,1.0,0.0,0.0,0.0,0.0,0.0,0.0,0.0
2023-08-17,16261.0,16268.0,16226.0,288.0,288.0,79.0,16363.585062606784,up,1.0,182.97704867872818,16358.307066972939,16480.648122533406,97.30706697293863,inf,2,0,0.5317993031125492,inf,1.0,1.0,1.0,0.0,1.0,0.0,1.0,0.0,1.0,0.0
2023-08-18,16422.0,16430.0,16404.0,221.0,149.0,221.0,16414.112300280263,up,1.0,192.9792345188493,16363.585062606784,16358.307066972939,inf,58.41493739321595,0,2,inf,0.3027006379150616,1.0,1.0,1.0,1.0,1.0,1.0,0.0,1.0,0.0,0.0
2023-08-21,16424.0,16474.0,16422.0,149.0,93.0,149.0,16386.57886705253,dn,0.0,195.64787885038746,16414.112300280263,16363.585062606784,inf,9.887699719736702,0,2,inf,0.05053824134376564,1.0,1.0,0.0,1.0,0.0,1.0,0.0,0.0,0.0,0.0
2023-08-22,16495.0,16506.0,16480.0,127.0,80.0,127.0,16432.801324426506,dn,0.0,191.20522372177913,16386.57886705253,16414.112300280263,inf,80.8876997197367,0,2,inf,0.4230412650097657,1.0,1.0,0.0,1.0,0.0,0.0,0.0,0.0,0.0,0.0
2023-08-23,16419.0,16431.0,16405.0,156.0,156.0,72.0,16501.45672929487,up,0.0,185.0904405101811,16432.801324426506,16386.57886705253,13.801324426505744,32.42113294747105,1,1,0.07456530109531284,0.17516373540473415,1.0,1.0,1.0,0.0,1.0,0.0,0.0,0.0,0.0,0.0
2023-08-24,16788.0,16792.0,16728.0,128.0,106.0,128.0,16735.117373228986,dn,1.0,182.31992236635435,16501.45672929487,16432.801324426506,inf,286.54327070512954,0,2,inf,1.571650903456115,1.0,1.0,1.0,1.0,0.0,0.0,0.0,0.0,0.0,0.0
2023-08-25,16549.0,16586.0,16547.0,171.0,65.0,171.0,16512.50436053788,dn,0.0,177.14659642670156,16735.117373228986,16501.45672929487,186.11737322898625,47.543270705129544,1,1,1.0506404129869724,0.26838376612446885,0.0,1.0,0.0,1.0,0.0,1.0,0.0,0.0,0.0,0.0
2023-08-28,16468.0,16503.0,16464.0,87.0,84.0,87.0,16504.896417558062,up,1.0,176.56120629082523,16512.50436053788,16735.117373228986,44.50436053788144,inf,2,0,0.25206194199067417,inf,1.0,1.0,0.0,0.0,0.0,0.0,0.0,0.0,0.0,0.0
2023-08-29,16578.0,16581.0,16559.0,179.0,179.0,128.0,16535.897804970056,dn,1.0,168.03156759646092,16504.896417558062,16512.50436053788,inf,65.49563946211856,0,2,inf,0.389781755886553,1.0,1.0,1.0,1.0,1.0,1.0,1.0,0.0,0.0,0.0
2023-08-30,16738.0,16755.0,16724.0,83.0,54.0,83.0,16737.98436517464,up,1.0,169.0761802063218,16535.897804970056,16504.896417558062,inf,202.1021950299437,0,2,inf,1.1953321560927188,0.0,1.0,0.0,0.0,0.0,0.0,0.0,0.0,0.0,0.0
2023-08-31,16730.0,16731.0,16675.0,129.0,64.0,129.0,16650.039397076667,dn,0.0,160.87844875810066,16737.98436517464,16535.897804970056,7.984365174641425,194.1021950299437,1,1,0.04962979961751646,1.2065145861879782,1.0,1.0,0.0,1.0,0.0,1.0,0.0,0.0,0.0,0.0
2023-09-01,16608.0,16642.0,16600.0,127.0,127.0,87.0,16669.592094357668,up,0.0,157.84240601923392,16650.039397076667,16737.98436517464,42.03939707666723,inf,2,0,0.2663377867639987,inf,1.0,1.0,1.0,1.0,1.0,0.0,0.0,0.0,0.0,0.0
2023-09-04,16646.0,16666.0,16633.0,175.0,175.0,85.0,16697.679846458177,dn,1.0,154.90503401740213,16669.592094357668,16650.039397076667,4.039397076667228,inf,2,0,0.026076603012226446,inf,1.0,1.0,1.0,1.0,1.0,0.0,1.0,0.0,0.0,0.0
2023-09-05,16736.0,16737.0,16708.0,58.0,58.0,46.0,16736.74109305346,up,0.0,156.81884030145906,16697.679846458177,16669.592094357668,inf,38.32015354182295,0,2,inf,0.24435937332630825,0.0,0.0,0.0,0.0,0.0,0.0,0.0,0.0,0.0,0.0
2023-09-06,16758.0,16777.0,16755.0,99.0,61.0,99.0,16743.694372821807,up,1.0,147.40752217751057,16736.74109305346,16697.679846458177,inf,21.258906946539355,0,2,inf,0.14421860317914462,1.0,1.0,0.0,1.0,0.0,0.0,0.0,0.0,0.0,0.0
2023-09-07,16604.0,16614.0,16576.0,100.0,84.0,100.0,16610.11222247771,up,1.0,142.7972819701286,16743.694372821807,16736.74109305346,132.74109305346065,inf,2,0,0.9295771685712366,inf,1.0,1.0,1.0,1.0,0.0,0.0,0.0,0.0,0.0,0.0
2023-09-08,16490.0,16506.0,16480.0,112.0,112.0,53.0,16526.80823976067,up,1.0,138.72135035392589,16610.11222247771,16743.694372821807,120.11222247771002,inf,2,0,0.8658524601387055,inf,1.0,0.0,1.0,0.0,1.0,0.0,0.0,0.0,0.0,0.0
2023-09-11,16560.0,16577.0,16547.0,211.0,65.0,211.0,16437.94081478,dn,0.0,136.1764598440282,16526.80823976067,16610.11222247771,50.11222247771002,33.1917602393296,1,1,0.36799475133298976,0.24374080716554308,1.0,1.0,0.0,1.0,0.0,1.0,0.0,1.0,0.0,1.0
2023-09-12,16459.0,16482.0,16451.0,178.0,178.0,69.0,16506.92741466304,dn,1.0,143.30251128745408,16437.94081478,16526.80823976067,67.8082397606704,21.059185220001382,1,1,0.4731824945108754,0.14695614913375968,1.0,1.0,1.0,0.0,1.0,0.0,1.0,0.0,1.0,0.0
2023-09-13,16570.0,16584.0,16557.0,122.0,88.0,122.0,16580.337185605247,up,1.0,146.60703402198226,16506.92741466304,16437.94081478,inf,63.07258533695858,0,2,inf,0.4302152741695973,1.0,1.0,1.0,1.0,0.0,1.0,0.0,0.0,0.0,0.0
2023-09-14,16676.0,16706.0,16675.0,167.0,167.0,27.0,16770.023920850304,up,0.0,144.26350697226965,16580.337185605247,16506.92741466304,inf,95.66281439475279,0,2,inf,0.6631116656074436,1.0,0.0,1.0,0.0,1.0,0.0,1.0,0.0,0.0,0.0
2023-09-15,16848.0,16862.0,16837.0,110.0,110.0,56.0,16863.065014940574,,,146.42888726062492,16770.023920850304,16580.337185605247,inf,77.97607914969558,0,2,inf,0.5325184163348042,1.0,0.0,1.0,0.0,1.0,0.0,0.0,0.0,0.0,0.0
2023-09-18,16757.0,16761.0,16734.0,96.0,62.0,96.0,16752.73588684441,up,1.0,142.9594694262797,16863.065014940574,16770.023920850304,13.023920850304421,inf,2,0,0.09110219072980333,inf,1.0,1.0,0.0,1.0,0.0,0.0,0.0,0.0,0.0,0.0
2023-09-19,16700.0,16722.0,16680.0,138.0,61.0,138.0,16681.613933413864,up,1.0,138.48713900472924,16752.73588684441,16863.065014940574,52.73588684440983,inf,2,0,0.3807998867144547,inf,1.0,1.0,0.0,1.0,0.0,1.0,0.0,1.0,0.0,0.0
2023-09-20,16620.0,16625.0,16596.0,114.0,91.0,114.0,16591.420351935645,dn,1.0,138.44074481380264,16681.613933413864,16752.73588684441,61.61393341386429,inf,2,0,0.44505635603689225,inf,1.0,1.0,1.0,1.0,0.0,1.0,0.0,0.0,0.0,0.0
2023-09-21,16479.0,16483.0,16421.0,203.0,49.0,203.0,16348.368270073062,dn,0.0,136.11305483153572,16591.420351935645,16681.613933413864,112.42035193564516,inf,2,0,0.825933648133792,inf,0.0,1.0,0.0,1.0,0.0,1.0,0.0,1.0,0.0,1.0
2023-09-22,16200.0,16256.0,16188.0,167.0,167.0,48.0,16293.82205831062,up,0.0,142.48324008567516,16348.368270073062,16591.420351935645,148.36827007306238,inf,2,0,1.0413033138764147,inf,1.0,0.0,1.0,0.0,1.0,0.0,1.0,0.0,0.0,0.0
2023-09-25,16352.0,16382.0,16340.0,151.0,151.0,40.0,16437.35657485306,up,0.0,144.81816960132514,16293.82205831062,16348.368270073062,inf,3.6317299269376235,0,2,inf,0.025077860995864926,1.0,0.0,1.0,0.0,1.0,0.0,1.0,0.0,0.0,0.0
2023-09-26,16400.0,16402.0,16332.0,135.0,76.0,135.0,16328.897510764722,up,1.0,145.40691535357988,16437.35657485306,16293.82205831062,37.35657485306001,106.17794168938053,1,1,0.2569105792679915,0.7302124622559533,1.0,1.0,1.0,1.0,0.0,1.0,0.0,0.0,0.0,0.0
2023-09-27,16246.0,16275.0,16230.0,104.0,104.0,82.0,16283.433725758134,,,144.41578055800085,16328.897510764722,16437.35657485306,82.89751076472203,inf,2,0,0.5740197535506059,inf,1.0,1.0,1.0,1.0,1.0,0.0,0.0,0.0,0.0,0.0
2023-09-28,16342.0,16400.0,16341.0,140.0,94.0,140.0,16365.391023164957,up,1.0,140.56665860009602,16283.433725758134,16328.897510764722,inf,13.102489235277972,0,2,inf,0.09321192781962466,1.0,1.0,1.0,1.0,0.0,1.0,0.0,1.0,0.0,0.0
2023-10-02,16531.0,16536.0,16504.0,106.0,106.0,60.0,16564.675578204624,up,0.0,140.5126911143726,16365.391023164957,16283.433725758134,inf,165.608976835043,0,2,inf,1.1786051175992558,1.0,1.0,1.0,0.0,1.0,0.0,0.0,0.0,0.0,0.0
2023-10-03,16497.0,16508.0,16476.0,145.0,77.0,145.0,16496.52886591814,up,1.0,137.225768151099,16564.675578204624,16365.391023164957,67.67557820462389,131.608976835043,1,1,0.4931696074027908,0.9590689752243079,1.0,1.0,1.0,1.0,0.0,1.0,0.0,1.0,0.0,0.0
2023-10-04,16285.0,16286.0,16251.0,122.0,121.0,122.0,16234.733396360198,dn,0.0,137.96617118432766,16496.52886591814,16564.675578204624,211.52886591813876,inf,2,0,1.5331937104750755,inf,1.0,1.0,1.0,1.0,1.0,1.0,0.0,0.0,0.0,0.0
2023-10-05,16300.0,16320.0,16288.0,198.0,198.0,32.0,16420.745079566866,up,0.0,136.44558345248694,16234.733396360198,16496.52886591814,196.52886591813876,65.26660363980227,1,1,1.4403461141457468,0.4783343072627147,1.0,0.0,1.0,0.0,1.0,0.0,1.0,0.0,1.0,0.0
2023-10-06,16476.0,16533.0,16473.0,79.0,79.0,66.0,16520.76978820751,up,0.0,142.3079088379644,16420.745079566866,16234.733396360198,inf,55.25492043313352,0,2,inf,0.3882772284711755,1.0,1.0,1.0,0.0,0.0,0.0,0.0,0.0,0.0,0.0
2023-10-11,16829.0,16829.0,16766.0,167.0,63.0,167.0,16724.544052385318,dn,0.0,136.2785841867297,16520.76978820751,16420.745079566866,inf,308.23021179248826,0,2,inf,2.2617655857808847,1.0,1.0,0.0,1.0,0.0,1.0,0.0,1.0,0.0,1.0
2023-10-12,16768.0,16797.0,16765.0,132.0,132.0,72.0,16792.217551095953,dn,1.0,139.20443331180306,16724.544052385318,16520.76978820751,inf,43.45594761468237,0,2,inf,0.3121735894527561,1.0,1.0,1.0,1.0,1.0,0.0,0.0,0.0,0.0,0.0
2023-10-13,16750.0,16760.0,16742.0,77.0,67.0,77.0,16769.20217864261,up,1.0,138.51829680591706,16792.217551095953,16724.544052385318,42.21755109595324,25.455947614682373,1,1,0.3047796000199581,0.18377317799647516,1.0,1.0,0.0,1.0,0.0,0.0,0.0,0.0,0.0,0.0
2023-10-16,16661.0,16674.0,16641.0,80.0,62.0,80.0,16645.39751505353,up,1.0,132.65941139582972,16769.20217864261,16792.217551095953,108.20217864260849,inf,2,0,0.8156389170139943,inf,1.0,1.0,0.0,1.0,0.0,0.0,0.0,0.0,0.0,0.0
2023-10-17,16764.0,16782.0,16751.0,148.0,43.0,148.0,16706.10100965174,dn,0.0,127.64422935813165,16645.39751505353,16769.20217864261,5.202178642608487,118.60248494647021,1,1,0.040755298290945256,0.929164487441943,0.0,1.0,0.0,1.0,0.0,1.0,0.0,1.0,0.0,0.0
2023-10-18,16616.0,16633.0,16596.0,222.0,50.0,222.0,16520.509987421385,dn,0.0,129.58287418116674,16706.10100965174,16645.39751505353,29.397515053529787,inf,2,0,0.22686265634477143,inf,1.0,1.0,0.0,1.0,0.0,1.0,0.0,1.0,0.0,1.0
2023-10-19,16365.0,16404.0,16357.0,130.0,130.0,89.0,16446.81961431321,up,0.0,138.3845052115318,16520.509987421385,16706.10100965174,155.50998742138472,inf,2,0,1.1237528882563497,inf,1.0,1.0,1.0,1.0,1.0,0.0,0.0,0.0,0.0,0.0
2023-10-20,16440.0,16448.0,16344.0,210.0,210.0,193.0,16358.868859012575,dn,1.0,137.58598090567162,16446.81961431321,16520.509987421385,6.819614313211787,inf,2,0,0.049566200482935,inf,1.0,1.0,1.0,1.0,1.0,1.0,1.0,1.0,1.0,1.0
2023-10-23,16350.0,16362.0,16334.0,116.0,54.0,116.0,16302.941077270307,dn,1.0,144.4825541527505,16358.868859012575,16446.81961431321,8.86885901257483,inf,2,0,0.06138359793389626,inf,0.0,1.0,0.0,1.0,0.0,1.0,0.0,0.0,0.0,0.0
2023-10-24,16274.0,16280.0,16235.0,195.0,195.0,139.0,16258.032157277858,dn,1.0,141.76992994772664,16302.941077270307,16358.868859012575,28.941077270306778,inf,2,0,0.20414115518698445,inf,1.0,1.0,1.0,1.0,1.0,1.0,1.0,1.0,1.0,0.0
2023-10-25,16370.0,16388.0,16360.0,130.0,120.0,130.0,16415.81201867115,up,0.0,146.83946042889553,16258.032157277858,16302.941077270307,inf,67.05892272969322,0,2,inf,0.45668189282243615,1.0,1.0,1.0,1.0,1.0,1.0,0.0,0.0,0.0,0.0
2023-10-26,16144.0,16155.0,16082.0,137.0,101.0,137.0,16099.650566656046,,,145.23570229281026,16415.81201867115,16258.032157277858,114.03215727785755,inf,2,0,0.7851523797361951,inf,1.0,1.0,1.0,1.0,0.0,1.0,0.0,0.0,0.0,0.0
2023-10-27,16137.0,16179.0,16131.0,97.0,86.0,97.0,16167.497198630705,,,144.451349693495,16099.650566656046,16415.81201867115,278.8120186711494,37.34943334395393,1,1,1.930144780666629,0.258560639434689,1.0,1.0,1.0,1.0,0.0,0.0,0.0,0.0,0.0,0.0
2023-10-30,16118.0,16192.0,16111.0,127.0,127.0,107.0,16171.573373522539,up,0.0,139.93217353220976,16167.497198630705,16099.650566656046,49.49719863070459,18.349433343953933,1,1,0.3537227885573525,0.13113091064600835,1.0,1.0,1.0,1.0,1.0,1.0,0.0,0.0,0.0,0.0
2023-10-31,16180.0,16187.0,16145.0,224.0,65.0,224.0,16092.491527445205,up,1.0,138.70053795771358,16171.573373522539,16167.497198630705,inf,8.426626477461468,0,2,inf,0.06075410089635371,1.0,1.0,0.0,1.0,0.0,1.0,0.0,1.0,0.0,1.0
2023-11-01,16099.0,16120.0,16093.0,142.0,117.0,142.0,16061.53983839035,dn,0.0,146.82429624745515,16092.491527445205,16171.573373522539,72.57337352253853,6.508472554794935,1,1,0.4942872220563864,0.044328307515437815,1.0,1.0,1.0,1.0,1.0,1.0,0.0,0.0,0.0,0.0
2023-11-02,16256.0,16290.0,16250.0,149.0,149.0,30.0,16340.987479100873,up,0.0,146.36483946198322,16061.53983839035,16092.491527445205,inf,163.50847255479493,0,2,inf,1.1171294496398816,1.0,0.0,1.0,0.0,1.0,0.0,1.0,0.0,0.0,0.0
2023-11-03,16488.0,16494.0,16444.0,96.0,96.0,77.0,16489.230599450246,,,146.61580713227053,16340.987479100873,16061.53983839035,inf,147.01252089912668,0,2,inf,1.00270580488295,1.0,1.0,1.0,1.0,0.0,0.0,0.0,0.0,0.0,0.0
2023-11-06,16680.0,16683.0,16644.0,124.0,124.0,96.0,16686.605236145828,dn,1.0,141.7952540720543,16489.230599450246,16340.987479100873,inf,190.7694005497542,0,2,inf,1.3453863586493053,1.0,1.0,1.0,1.0,1.0,0.0,0.0,0.0,0.0,0.0
2023-11-07,16632.0,16636.0,16613.0,99.0,99.0,44.0,16666.701155624036,up,0.0,140.10046796995388,16686.605236145828,16489.230599450246,54.6052361458278,142.7694005497542,1,1,0.38975769986391845,1.0190501332256272,1.0,0.0,1.0,0.0,0.0,0.0,0.0,0.0,0.0,0.0
2023-11-08,16725.0,16737.0,16713.0,110.0,110.0,71.0,16747.66465193283,dn,1.0,136.18613768710114,16666.701155624036,16686.605236145828,inf,38.3947638541722,0,2,inf,0.2819285758906485,1.0,1.0,1.0,1.0,1.0,0.0,0.0,0.0,0.0,0.0
2023-11-09,16711.0,16728.0,16709.0,96.0,91.0,96.0,16740.45747935368,up,1.0,133.69221981213911,16747.66465193283,16666.701155624036,36.664651932831475,44.29884437596411,1,1,0.274246713715665,0.33134945652194053,1.0,1.0,1.0,1.0,0.0,1.0,0.0,0.0,0.0,0.0
2023-11-10,16664.0,16668.0,16627.0,111.0,111.0,56.0,16679.0709147639,up,0.0,130.1024845919354,16740.45747935368,16747.66465193283,76.45747935368126,inf,2,0,0.587671170104776,inf,1.0,1.0,1.0,0.0,1.0,0.0,0.0,0.0,0.0,0.0
2023-11-13,16969.0,16985.0,16955.0,149.0,48.0,149.0,16898.503080208888,dn,0.0,128.2832003450844,16679.0709147639,16740.45747935368,inf,228.54252064631874,0,2,inf,1.7815467655276354,0.0,1.0,0.0,1.0,0.0,1.0,0.0,1.0,0.0,0.0
2023-11-14,16956.0,16967.0,16937.0,64.0,64.0,55.0,16948.18941788154,dn,1.0,130.2562288836478,16898.503080208888,16679.0709147639,inf,57.496919791112305,0,2,inf,0.44141397523854153,1.0,1.0,0.0,0.0,0.0,0.0,0.0,0.0,0.0,0.0
2023-11-15,17190.0,17214.0,17181.0,120.0,76.0,120.0,17153.906457184243,dn,0.0,123.9461118471099,16948.18941788154,16898.503080208888,inf,241.81058211846175,0,2,inf,1.9509331798704594,1.0,1.0,1.0,1.0,0.0,1.0,0.0,0.0,0.0,0.0
2023-11-16,17196.0,17216.0,17192.0,109.0,84.0,109.0,17162.15817716503,up,1.0,123.57029167119468,17153.906457184243,16948.18941788154,inf,42.093542815757246,0,2,inf,0.34064452099670506,1.0,1.0,1.0,1.0,0.0,1.0,0.0,0.0,0.0,0.0
2023-11-17,17152.0,17185.0,17151.0,101.0,101.0,63.0,17213.626347256122,up,0.0,122.18264484536661,17162.15817716503,17153.906457184243,1.906457184242754,inf,2,0,0.015603338646462852,inf,1.0,1.0,1.0,1.0,1.0,0.0,0.0,0.0,0.0,0.0
2023-11-20,17227.0,17288.0,17215.0,134.0,65.0,134.0,17202.799136308273,dn,0.0,120.16525009818884,17213.626347256122,17162.15817716503,inf,13.373652743877756,0,2,inf,0.11129384520857688,1.0,1.0,1.0,1.0,0.0,1.0,0.0,1.0,0.0,0.0
2023-11-21,17281.0,17327.0,17280.0,145.0,145.0,27.0,17383.8891740085,up,0.0,121.48284532693276,17202.799136308273,17213.626347256122,inf,67.37365274387776,0,2,inf,0.554593963967199,1.0,0.0,1.0,0.0,1.0,0.0,1.0,0.0,0.0,0.0
2023-11-22,17298.0,17302.0,17280.0,78.0,54.0,78.0,17298.671755608535,up,1.0,123.72257434341536,17383.8891740085,17202.799136308273,85.88917400849823,95.20086369172714,1,1,0.6942077827292585,0.769470439787966,1.0,1.0,0.0,1.0,0.0,0.0,0.0,0.0,0.0,0.0
2023-11-23,17275.0,17295.0,17259.0,109.0,98.0,109.0,17273.691174875243,up,1.0,119.36804345356627,17298.671755608535,17383.8891740085,23.671755608535022,inf,2,0,0.1983089855849338,inf,1.0,1.0,1.0,1.0,1.0,1.0,0.0,0.0,0.0,0.0
2023-11-24,17330.0,17350.0,17326.0,85.0,41.0,85.0,17300.09355819312,dn,0.0,118.38061074370282,17273.691174875243,17298.671755608535,inf,31.328244391464978,0,2,inf,0.26463999631908863,0.0,1.0,0.0,1.0,0.0,1.0,0.0,0.0,0.0,0.0
2023-11-27,17257.0,17304.0,17236.0,216.0,125.0,216.0,17244.474035904255,up,1.0,115.20150495858826,17300.09355819312,17273.691174875243,16.691174875242723,inf,2,0,0.14488677800904368,inf,1.0,1.0,1.0,1.0,1.0,1.0,1.0,1.0,0.0,1.0
2023-11-28,17215.0,17239.0,17208.0,207.0,207.0,68.0,17319.98918461609,dn,1.0,124.8013616291989,17244.474035904255,17300.09355819312,29.474035904255288,inf,2,0,0.236167582785086,inf,1.0,1.0,1.0,1.0,1.0,0.0,1.0,0.0,1.0,0.0
2023-11-29,17339.0,17382.0,17335.0,136.0,115.0,136.0,17381.932324830686,up,1.0,132.629803378799,17319.98918461609,17244.474035904255,inf,19.010815383910085,0,2,inf,0.14333743170540642,1.0,1.0,1.0,1.0,1.0,1.0,0.0,1.0,0.0,0.0
2023-11-30,17400.0,17416.0,17383.0,125.0,115.0,125.0,17364.785169200353,dn,0.0,132.95077448558007,17381.932324830686,17319.98918461609,inf,18.06767516931359,0,2,inf,0.1358974796440409,1.0,1.0,1.0,1.0,1.0,1.0,0.0,0.0,0.0,0.0
2023-12-01,17333.0,17348.0,17254.0,180.0,180.0,94.0,17372.956138699596,,,132.19355786790578,17364.785169200353,17381.932324830686,31.785169200353266,inf,2,0,0.24044416167476595,inf,1.0,1.0,1.0,1.0,1.0,1.0,1.0,0.0,1.0,0.0
2023-12-04,17465.0,17487.0,17462.0,115.0,72.0,115.0,17431.125610073064,up,1.0,136.74655235667666,17372.956138699596,17364.785169200353,inf,92.04386130040439,0,2,inf,0.6730982223253861,1.0,1.0,1.0,1.0,0.0,1.0,0.0,0.0,0.0,0.0
2023-12-05,17285.0,17330.0,17280.0,99.0,86.0,99.0,17281.544421662988,dn,0.0,134.67545213223127,17431.125610073064,17372.956138699596,87.95613869959561,inf,2,0,0.6530970366688338,inf,1.0,1.0,1.0,1.0,0.0,1.0,0.0,0.0,0.0,0.0
2023-12-06,17367.0,17396.0,17354.0,107.0,107.0,87.0,17395.508973583383,dn,1.0,131.27779002439974,17281.544421662988,17431.125610073064,64.12561007306431,85.45557833701241,1,1,0.48847265071377044,0.6509522922432602,1.0,1.0,1.0,1.0,1.0,0.0,0.0,0.0,0.0,0.0
2023-12-07,17321.0,17335.0,17302.0,110.0,69.0,110.0,17313.094631671585,up,1.0,128.9656195458855,17395.508973583383,17281.544421662988,74.50897358338261,39.45557833701241,1,1,0.577742919746705,0.3059387337178981,1.0,1.0,1.0,1.0,0.0,1.0,0.0,0.0,0.0,0.0
2023-12-08,17409.0,17438.0,17404.0,107.0,66.0,107.0,17414.67417782496,up,1.0,127.15937006532496,17313.094631671585,17395.508973583383,inf,13.491026416617387,0,2,inf,0.10609541718936409,1.0,1.0,1.0,1.0,0.0,1.0,0.0,0.0,0.0,0.0
2023-12-11,17436.0,17457.0,17416.0,107.0,70.0,107.0,17394.830057109433,dn,0.0,125.23943005910354,17414.67417782496,17313.094631671585,inf,21.32582217504023,0,2,inf,0.17028041540093286,1.0,1.0,1.0,1.0,0.0,1.0,0.0,0.0,0.0,0.0
2023-12-12,17518.0,17545.0,17513.0,118.0,39.0,118.0,17481.619978559305,dn,0.0,123.50234148204606,17394.830057109433,17414.67417782496,inf,103.32582217504023,0,2,inf,0.8366304714154835,0.0,1.0,0.0,1.0,0.0,1.0,0.0,0.0,0.0,0.0
2023-12-13,17491.0,17511.0,17474.0,93.0,56.0,93.0,17473.381372202683,dn,1.0,122.97830895994643,17481.619978559305,17394.830057109433,inf,9.38002144069469,0,2,inf,0.0762737877925263,1.0,1.0,0.0,1.0,0.0,1.0,0.0,0.0,0.0,0.0
2023-12-14,17608.0,17655.0,17602.0,96.0,96.0,85.0,17642.22427715831,,,120.123231916142,17473.381372202683,17481.619978559305,inf,126.38002144069469,0,2,inf,1.052086423456543,1.0,1.0,1.0,1.0,1.0,0.0,0.0,0.0,0.0,0.0
2023-12-15,17771.0,17775.0,17745.0,103.0,47.0,103.0,17725.259448925306,dn,0.0,117.82578125746181,17642.22427715831,17473.381372202683,inf,128.77572284168855,0,2,inf,1.0929333246711088,1.0,1.0,0.0,1.0,0.0,1.0,0.0,0.0,0.0,0.0
2023-12-18,17672.0,17673.0,17614.0,90.0,79.0,90.0,17632.557514386546,dn,0.0,116.4138020900845,17725.259448925306,17642.22427715831,53.25944892530606,29.775722841688548,1,1,0.4575011550957875,0.25577485063710226,1.0,1.0,1.0,1.0,0.0,1.0,0.0,0.0,0.0,0.0
2023-12-19,17596.0,17621.0,17587.0,116.0,79.0,116.0,17560.332914624323,dn,0.0,113.89820189102883,17632.557514386546,17725.259448925306,36.557514386546245,inf,2,0,0.32096656294471043,inf,1.0,1.0,1.0,1.0,0.0,1.0,0.0,1.0,0.0,0.0
2023-12-20,17592.0,17623.0,17592.0,85.0,85.0,49.0,17636.858168976865,,,114.09837313950227,17560.332914624323,17632.557514386546,40.557514386546245,31.667085375676834,1,1,0.3554609348983323,0.27754195352951355,1.0,1.0,1.0,0.0,1.0,0.0,0.0,0.0,0.0,0.0
2023-12-21,17442.0,17450.0,17414.0,130.0,130.0,40.0,17493.43514782179,up,0.0,111.32709950716873,17636.858168976865,17560.332914624323,118.33291462432317,inf,2,0,1.0629300066935032,inf,1.0,0.0,1.0,0.0,1.0,0.0,1.0,0.0,0.0,0.0
2023-12-22,17563.0,17586.0,17555.0,55.0,55.0,49.0,17566.739580366466,dn,1.0,113.10547098267647,17493.43514782179,17636.858168976865,73.85816897686527,69.56485217820955,1,1,0.6530026207854931,0.6150440962211658,1.0,1.0,0.0,0.0,0.0,0.0,0.0,0.0,0.0,0.0
2023-12-25,17644.0,17666.0,17612.0,59.0,38.0,59.0,17629.106928118737,,,107.57161660337394,17566.739580366466,17493.43514782179,inf,77.26041963353418,0,2,inf,0.7182230970684412,0.0,1.0,0.0,1.0,0.0,0.0,0.0,0.0,0.0,0.0
2023-12-26,17651.0,17655.0,17638.0,106.0,106.0,30.0,17700.474328000455,dn,1.0,102.94574835543357,17629.106928118737,17566.739580366466,inf,21.893071881262586,0,2,inf,0.2126661103640134,1.0,0.0,1.0,0.0,1.0,0.0,1.0,0.0,0.0,0.0
2023-12-27,17755.0,17758.0,17737.0,137.0,137.0,27.0,17819.57163874005,up,0.0,103.23662946443989,17700.474328000455,17629.106928118737,inf,54.52567199954501,0,2,inf,0.5281620707921941,1.0,0.0,1.0,0.0,1.0,0.0,1.0,0.0,1.0,0.0
2023-12-28,17850.0,17870.0,17844.0,66.0,51.0,66.0,17859.438417358007,up,1.0,106.45218856306467,17819.57163874005,17700.474328000455,inf,30.42836125995018,0,2,inf,0.28584063578856095,1.0,1.0,0.0,1.0,0.0,0.0,0.0,0.0,0.0,0.0
2023-12-29,17853.0,17864.0,17843.0,72.0,72.0,62.0,17861.34841669028,dn,1.0,102.59959917610612,17859.438417358007,17819.57163874005,6.4384173580074275,33.42836125995018,1,1,0.0627528509829387,0.3258137607591661,1.0,1.0,1.0,1.0,0.0,0.0,0.0,0.0,0.0,0.0
2024-01-02,17838.0,17896.0,17832.0,169.0,88.0,169.0,17816.585897126297,up,1.0,99.68535163552458,17861.34841669028,17859.438417358007,21.438417358007428,inf,2,0,0.21506085905571987,inf,1.0,1.0,1.0,1.0,1.0,1.0,0.0,1.0,0.0,1.0
2024-01-03,17658.0,17667.0,17631.0,160.0,76.0,160.0,17574.561658539576,dn,0.0,106.28674671785558,17816.585897126297,17861.34841669028,158.5858971262969,inf,2,0,1.492057119287624,inf,1.0,1.0,1.0,1.0,1.0,1.0,0.0,1.0,0.0,1.0
2024-01-04,17525.0,17560.0,17525.0,58.0,58.0,57.0,17550.031089081163,up,0.0,111.40229464948838,17574.561658539576,17816.585897126297,49.561658539576456,inf,2,0,0.4448890276049989,inf,1.0,1.0,1.0,1.0,0.0,0.0,0.0,0.0,0.0,0.0
2024-01-05,17577.0,17582.0,17552.0,135.0,74.0,135.0,17548.52294199669,up,1.0,106.31636182572758,17550.031089081163,17574.561658539576,inf,2.438341460423544,0,2,inf,0.022934771455220056,1.0,1.0,1.0,1.0,0.0,1.0,0.0,1.0,0.0,1.0
2024-01-08,17572.0,17635.0,17568.0,138.0,138.0,129.0,17633.139683350357,up,0.0,109.048136889944,17548.52294199669,17550.031089081163,inf,21.968910918836627,0,2,inf,0.2014606718224685,1.0,1.0,1.0,1.0,1.0,1.0,1.0,1.0,1.0,0.0
2024-01-09,17770.0,17782.0,17721.0,256.0,78.0,256.0,17623.60863378102,dn,0.0,111.80545718613982,17633.139683350357,17548.52294199669,inf,136.8603166496432,0,2,inf,1.224093350128614,1.0,1.0,1.0,1.0,0.0,1.0,0.0,1.0,0.0,1.0
2024-01-10,17509.0,17521.0,17470.0,82.0,74.0,82.0,17478.216636744466,dn,0.0,125.53827078745984,17623.60863378102,17633.139683350357,114.60863378101931,inf,2,0,0.9129378082246749,inf,1.0,1.0,1.0,1.0,0.0,0.0,0.0,0.0,0.0,0.0
2024-01-11,17490.0,17543.0,17486.0,125.0,125.0,62.0,17541.5043236746,,,121.39176880770175,17478.216636744466,17623.60863378102,133.6086337810193,11.783363255533914,1,1,1.1006399782564371,0.09706888178060977,1.0,1.0,1.0,1.0,1.0,0.0,1.0,0.0,0.0,0.0
2024-01-12,17466.0,17483.0,17447.0,123.0,123.0,87.0,17507.023622047243,,,121.73540987363492,17541.5043236746,17478.216636744466,12.216636744466086,inf,2,0,0.10035401168113148,inf,1.0,1.0,1.0,1.0,1.0,1.0,1.0,0.0,0.0,0.0
2024-01-15,17580.0,17655.0,17574.0,128.0,119.0,128.0,17591.874201446542,dn,0.0,121.85584702852684,17507.023622047243,17541.5043236746,inf,38.49567632540129,0,2,inf,0.31591160591899486,1.0,1.0,1.0,1.0,1.0,1.0,0.0,1.0,0.0,0.0
2024-01-16,17480.0,17499.0,17385.0,178.0,114.0,178.0,17381.97673639856,dn,0.0,122.44100445438143,17591.874201446542,17507.023622047243,27.023622047243407,inf,2,0,0.2207072881153287,inf,1.0,1.0,1.0,1.0,1.0,1.0,0.0,1.0,0.0,1.0
2024-01-17,17313.0,17323.0,17300.0,185.0,77.0,185.0,17254.108657072793,up,1.0,127.73233736348796,17381.97673639856,17591.874201446542,68.9767363985593,inf,2,0,0.5400099757219049,inf,1.0,1.0,1.0,1.0,0.0,1.0,0.0,1.0,0.0,1.0
2024-01-18,17240.0,17283.0,17234.0,111.0,92.0,111.0,17265.85869013743,up,1.0,133.1864004717272,17254.108657072793,17381.97673639856,14.108657072792994,inf,2,0,0.10593166436529665,inf,1.0,1.0,1.0,1.0,0.0,1.0,0.0,0.0,0.0,0.0
2024-01-19,17541.0,17573.0,17533.0,180.0,180.0,75.0,17587.222918771968,up,1.0,131.07340995061034,17265.85869013743,17254.108657072793,inf,275.1413098625708,0,2,inf,2.0991390242021364,1.0,1.0,1.0,1.0,1.0,0.0,1.0,0.0,1.0,0.0
2024-01-22,17816.0,17820.0,17751.0,96.0,92.0,96.0,17795.55961844197,,,135.73308519340935,17587.222918771968,17265.85869013743,inf,228.77708122803233,0,2,inf,1.6854923830990973,1.0,1.0,1.0,1.0,0.0,0.0,0.0,0.0,0.0,0.0
2024-01-23,17799.0,17826.0,17790.0,87.0,87.0,56.0,17847.52899817426,up,0.0,131.9489818416561,17795.55961844197,17587.222918771968,inf,3.4403815580299124,0,2,inf,0.026073574119416125,1.0,1.0,1.0,0.0,0.0,0.0,0.0,0.0,0.0,0.0
2024-01-24,17903.0,17915.0,17881.0,65.0,65.0,63.0,17909.640007922964,,,127.66812642816504,17847.52899817426,17795.55961844197,inf,55.47100182573922,0,2,inf,0.43449374074547154,1.0,1.0,1.0,0.0,0.0,0.0,0.0,0.0,0.0,0.0
2024-01-25,18016.0,18030.0,18007.0,95.0,76.0,95.0,17981.842304715647,dn,0.0,121.69973343500646,17909.640007922964,17847.52899817426,inf,106.35999207703571,0,2,inf,0.8739541909829825,1.0,1.0,1.0,1.0,0.0,1.0,0.0,0.0,0.0,0.0
2024-01-26,17951.0,17995.0,17936.0,87.0,87.0,66.0,17989.726947819872,up,0.0,119.15690167929156,17981.842304715647,17909.640007922964,30.842304715646605,41.35999207703571,1,1,0.2588377532562743,0.34710529976983884,1.0,1.0,1.0,1.0,1.0,0.0,0.0,0.0,0.0,0.0
2024-01-29,18011.0,18024.0,17975.0,165.0,165.0,54.0,18073.677123130663,up,0.0,116.09433961459713,17989.726947819872,17981.842304715647,inf,21.273052180127706,0,2,inf,0.18323935732567737,1.0,1.0,1.0,0.0,1.0,0.0,1.0,0.0,1.0,0.0
2024-01-30,18129.0,18139.0,18097.0,75.0,57.0,75.0,18097.84003352733,dn,0.0,120.75202155606407,18073.677123130663,17989.726947819872,inf,55.32287686933705,0,2,inf,0.45815280072682796,1.0,1.0,0.0,1.0,0.0,0.0,0.0,0.0,0.0,0.0
2024-01-31,17990.0,17991.0,17950.0,99.0,53.0,99.0,17941.72636834835,up,1.0,116.39468616977224,18097.84003352733,18073.677123130663,83.67712313066295,inf,2,0,0.7189084474922871,inf,1.0,1.0,0.0,1.0,0.0,1.0,0.0,0.0,0.0,0.0
2024-02-01,17956.0,17994.0,17952.0,112.0,112.0,112.0,17933.88287494265,dn,0.0,114.7380493916987,17941.72636834835,18097.84003352733,141.84003352732907,14.273631651649339,1,1,1.2362074680484432,0.12440190265847449,1.0,1.0,1.0,1.0,1.0,1.0,0.0,0.0,0.0,0.0
2024-02-02,18100.0,18105.0,18048.0,82.0,67.0,82.0,18063.313141090694,dn,0.0,114.47728278296549,17933.88287494265,17941.72636834835,inf,158.27363165164934,0,2,inf,1.3825767681061771,1.0,1.0,1.0,1.0,0.0,1.0,0.0,0.0,0.0,0.0
2024-02-05,18008.0,18026.0,17958.0,144.0,144.0,68.0,18042.43810566885,,,111.38420823220687,18063.313141090694,17933.88287494265,55.313141090693534,74.11712505734977,1,1,0.4965976952081047,0.6654186103548448,1.0,1.0,1.0,1.0,1.0,0.0,1.0,0.0,1.0,0.0
2024-02-15,18590.0,18608.0,18531.0,165.0,165.0,96.0,18613.49594169893,up,0.0,114.49047411485384,18042.43810566885,18063.313141090694,inf,526.6868589093065,0,2,inf,4.600267952257304,1.0,1.0,1.0,1.0,1.0,1.0,1.0,0.0,1.0,0.0
2024-02-16,18683.0,18708.0,18674.0,93.0,52.0,93.0,18675.56646301876,up,1.0,119.30090515153442,18613.49594169893,18042.43810566885,inf,69.50405830107047,0,2,inf,0.5825945596371406,1.0,1.0,0.0,1.0,0.0,1.0,0.0,0.0,0.0,0.0
2024-02-19,18680.0,18692.0,18655.0,73.0,69.0,73.0,18660.097018448578,dn,0.0,116.79605704186447,18675.56646301876,18613.49594169893,inf,4.43353698123974,0,2,inf,0.03795964601485288,1.0,1.0,1.0,1.0,0.0,0.0,0.0,0.0,0.0,0.0
2024-02-20,18634.0,18649.0,18596.0,158.0,158.0,53.0,18691.347880337198,up,0.0,112.62500399025834,18660.097018448578,18675.56646301876,26.097018448577728,inf,2,0,0.23171602684990827,inf,1.0,1.0,1.0,0.0,1.0,0.0,1.0,0.0,1.0,0.0
2024-02-21,18755.0,18755.0,18724.0,76.0,58.0,76.0,18705.772588441836,dn,0.0,116.9464321816623,18691.347880337198,18660.097018448578,inf,63.65211966280185,0,2,inf,0.5442844084711015,1.0,1.0,0.0,1.0,0.0,0.0,0.0,0.0,0.0,0.0
2024-02-22,18887.0,18890.0,18826.0,139.0,138.0,139.0,18832.711694454298,,,113.04677197388494,18705.772588441836,18691.347880337198,inf,181.22741155816402,0,2,inf,1.6031188542033696,1.0,1.0,1.0,1.0,1.0,1.0,1.0,1.0,0.0,1.0
2024-02-23,18990.0,18999.0,18961.0,102.0,95.0,102.0,18948.281719444687,dn,1.0,115.51850797637209,18832.711694454298,18705.772588441836,inf,157.28830554570231,0,2,inf,1.3615853277630086,1.0,1.0,1.0,1.0,1.0,1.0,0.0,0.0,0.0,0.0
2024-02-26,18907.0,18913.0,18862.0,143.0,143.0,60.0,18927.551667891257,dn,1.0,114.23103102624141,18948.281719444687,18832.711694454298,41.28171944468704,74.28830554570231,1,1,0.36138796151812475,0.6503338443004741,1.0,1.0,1.0,1.0,1.0,0.0,1.0,0.0,1.0,0.0
2024-02-27,18950.0,18976.0,18941.0,270.0,138.0,270.0,18876.3056950937,up,1.0,116.97093283326603,18927.551667891257,18948.281719444687,inf,1.7182805553129583,0,2,inf,0.014689808089008303,1.0,1.0,1.0,1.0,1.0,1.0,1.0,1.0,0.0,1.0
2024-02-29,18808.0,18839.0,18805.0,192.0,192.0,50.0,18898.11297969196,up,0.0,131.54512970628832,18876.3056950937,18927.551667891257,68.30569509369889,inf,2,0,0.5192567390842265,inf,1.0,0.0,1.0,0.0,1.0,0.0,1.0,0.0,1.0,0.0
2024-03-01,18968.0,18987.0,18962.0,93.0,83.0,93.0,18973.54750589081,up,1.0,137.30273640092753,18898.11297969196,18876.3056950937,inf,69.88702030804052,0,2,inf,0.5089994718238434,1.0,1.0,1.0,1.0,0.0,0.0,0.0,0.0,0.0,0.0
2024-03-04,19144.0,19183.0,19137.0,203.0,203.0,59.0,19255.248334646516,,,133.08342817226776,18973.54750589081,18898.11297969196,inf,170.45249410919132,0,2,inf,1.280794284082852,1.0,1.0,1.0,0.0,1.0,0.0,1.0,0.0,1.0,0.0
2024-03-05,19362.0,19385.0,19351.0,131.0,131.0,102.0,19382.87261710892,up,1.0,139.74214929871846,19255.248334646516,18973.54750589081,inf,106.75166535348399,0,2,inf,0.7639188740777653,1.0,1.0,1.0,1.0,1.0,1.0,0.0,0.0,0.0,0.0
2024-03-06,19282.0,19302.0,19274.0,252.0,252.0,72.0,19414.286344804612,dn,1.0,138.90956365122148,19382.87261710892,19255.248334646516,100.87261710891835,26.751665353483986,1,1,0.7261747460541487,0.19258332292118427,1.0,1.0,1.0,1.0,1.0,0.0,1.0,0.0,1.0,0.0
2024-03-07,19688.0,19692.0,19633.0,186.0,186.0,167.0,19687.91666252382,up,1.0,149.68008139872418,19414.286344804612,19382.87261710892,inf,273.7136551953881,0,2,inf,1.8286578457039853,1.0,1.0,1.0,1.0,1.0,1.0,1.0,1.0,1.0,0.0
2024-03-08,19930.0,19993.0,19929.0,371.0,188.0,371.0,19852.560775897262,dn,1.0,153.13912126551236,19687.91666252382,19414.286344804612,inf,242.0833374761787,0,2,inf,1.5808066252153492,1.0,1.0,1.0,1.0,1.0,1.0,1.0,1.0,1.0,1.0
2024-03-11,19691.0,19759.0,19684.0,146.0,141.0,146.0,19739.92840874115,up,1.0,173.8877763830826,19852.560775897262,19687.91666252382,161.56077589726192,3.0833374761787127,1,1,0.9291094478161377,0.017731766661884165,1.0,1.0,1.0,1.0,1.0,1.0,0.0,0.0,0.0,0.0
2024-03-12,19714.0,19733.0,19705.0,258.0,258.0,39.0,19840.287635584325,dn,1.0,171.23179767993187,19739.92840874115,19852.560775897262,25.928408741150633,inf,2,0,0.15142286124692952,inf,1.0,0.0,1.0,0.0,1.0,0.0,1.0,0.0,1.0,0.0
2024-03-13,19994.0,20035.0,19988.0,178.0,94.0,178.0,19962.788194818728,up,1.0,179.49543599612883,19840.287635584325,19739.92840874115,inf,153.71236441567453,0,2,inf,0.8563580659454184,1.0,1.0,1.0,1.0,0.0,1.0,0.0,1.0,0.0,0.0
2024-03-14,19897.0,19950.0,19891.0,179.0,179.0,151.0,19903.590172532782,dn,1.0,179.35301352030703,19962.788194818728,19840.287635584325,65.78819481872779,56.71236441567453,1,1,0.366808416136699,0.31620524965003355,1.0,1.0,1.0,1.0,1.0,1.0,1.0,0.0,0.0,0.0
2024-03-15,19828.0,19851.0,19784.0,150.0,89.0,150.0,19803.60703361027,up,1.0,179.3193931850397,19903.590172532782,19962.788194818728,75.59017253278216,inf,2,0,0.42153930587296073,inf,1.0,1.0,0.0,1.0,0.0,1.0,0.0,0.0,0.0,0.0
2024-03-18,19778.0,19820.0,19772.0,173.0,173.0,73.0,19815.259123139178,dn,1.0,176.52707002455972,19803.60703361027,19903.590172532782,25.607033610271174,inf,2,0,0.14506009535369582,inf,1.0,1.0,1.0,0.0,1.0,0.0,1.0,0.0,0.0,0.0
2024-03-19,19816.0,19821.0,19765.0,172.0,172.0,86.0,19829.782295982757,dn,1.0,176.19115859364928,19815.259123139178,19803.60703361027,inf,0.7408768608220271,0,2,inf,0.004204960491409877,1.0,1.0,1.0,0.0,1.0,0.0,0.0,0.0,0.0,0.0
2024-03-20,19860.0,19905.0,19845.0,225.0,111.0,225.0,19861.792423645464,up,1.0,175.79200063234936,19829.782295982757,19815.259123139178,inf,30.217704017242795,0,2,inf,0.1718946477003807,1.0,1.0,1.0,1.0,0.0,1.0,0.0,1.0,0.0,1.0
2024-03-21,20048.0,20077.0,20029.0,235.0,235.0,55.0,20138.16730695162,up,0.0,180.4784767626018,19861.792423645464,19829.782295982757,inf,186.2075763545363,0,2,inf,1.0317439491661404,1.0,0.0,1.0,0.0,1.0,0.0,1.0,0.0,1.0,0.0
2024-03-22,20226.0,20242.0,20202.0,163.0,130.0,163.0,20203.41935722984,up,1.0,185.67100278521113,20138.16730695162,19861.792423645464,inf,87.83269304838177,0,2,inf,0.4730555214913598,1.0,1.0,1.0,1.0,0.0,1.0,0.0,0.0,0.0,0.0
2024-03-25,20256.0,20271.0,20225.0,119.0,119.0,83.0,20248.503439054984,dn,1.0,183.51185966281008,20203.41935722984,20138.16730695162,inf,52.58064277016092,0,2,inf,0.28652449420312176,1.0,1.0,1.0,0.0,0.0,0.0,0.0,0.0,0.0,0.0
2024-03-26,20280.0,20320.0,20270.0,421.0,194.0,421.0,20238.378408442506,up,1.0,177.36787302825675,20248.503439054984,20203.41935722984,inf,31.496560945015517,0,2,inf,0.17757759850904764,1.0,1.0,1.0,1.0,1.0,1.0,1.0,1.0,0.0,1.0
2024-03-27,20185.0,20216.0,20172.0,140.0,140.0,72.0,20217.05402521486,up,1.0,200.57093273985134,20238.378408442506,20248.503439054984,53.37840844250604,inf,2,0,0.2661323239282135,inf,1.0,0.0,1.0,0.0,0.0,0.0,0.0,0.0,0.0,0.0
2024-03-28,20238.0,20248.0,20203.0,169.0,169.0,167.0,20193.420280218932,dn,1.0,194.80227247891312,20217.05402521486,20238.378408442506,0.3784084425060428,20.945974785139697,1,1,0.0019425258118947488,0.10752428356505465,1.0,1.0,1.0,1.0,1.0,1.0,0.0,0.0,0.0,0.0
2024-03-29,20226.0,20258.0,20220.0,107.0,107.0,70.0,20260.380679721446,,,192.3449131952071,20193.420280218932,20217.05402521486,inf,8.945974785139697,0,2,inf,0.04651006692368621,1.0,0.0,1.0,0.0,0.0,0.0,0.0,0.0,0.0,0.0
2024-04-01,20393.0,20400.0,20363.0,141.0,62.0,141.0,20319.454505173406,dn,0.0,184.216826224235,20260.380679721446,20193.420280218932,inf,132.61932027855437,0,2,inf,0.719908832416457,0.0,1.0,0.0,1.0,0.0,1.0,0.0,0.0,0.0,0.0
2024-04-02,20350.0,20382.0,20350.0,174.0,174.0,62.0,20446.658941324018,up,0.0,180.1009380124031,20319.454505173406,20260.380679721446,inf,30.545494826594222,0,2,inf,0.16960208627281348,1.0,0.0,1.0,0.0,1.0,0.0,0.0,0.0,0.0,0.0
2024-04-03,20370.0,20399.0,20348.0,144.0,144.0,140.0,20359.727019248872,up,1.0,179.51989629693614,20446.658941324018,20319.454505173406,76.65894132401809,50.54549482659422,1,1,0.427021978651435,0.28155929158397625,1.0,1.0,1.0,1.0,1.0,1.0,0.0,0.0,0.0,0.0
2024-04-08,20404.0,20427.0,20390.0,145.0,145.0,86.0,20452.837949879722,dn,1.0,176.13704903056126,20359.727019248872,20446.658941324018,42.65894132401809,44.27298075112776,1,1,0.24219175669632345,0.25135529972144605,1.0,1.0,1.0,0.0,1.0,0.0,0.0,0.0,0.0,0.0
2024-04-09,20538.0,20541.0,20518.0,359.0,359.0,78.0,20724.38705653155,up,0.0,173.17161578955543,20452.837949879722,20359.727019248872,inf,85.16205012027785,0,2,inf,0.4917783421491541,1.0,1.0,1.0,0.0,1.0,0.0,1.0,0.0,1.0,0.0
2024-04-10,20822.0,20840.0,20813.0,88.0,88.0,83.0,20844.0402554981,up,1.0,190.86955714293111,20724.38705653155,20452.837949879722,inf,97.6129434684517,0,2,inf,0.5114117983485185,1.0,1.0,0.0,0.0,0.0,0.0,0.0,0.0,0.0,0.0
2024-04-11,20706.0,20723.0,20695.0,113.0,113.0,96.0,20712.42478047668,up,1.0,181.07245646265196,20844.0402554981,20724.38705653155,18.387056531548296,inf,2,0,0.10154529789206684,inf,1.0,1.0,1.0,1.0,0.0,0.0,0.0,0.0,0.0,0.0
2024-04-12,20745.0,20758.0,20705.0,127.0,127.0,76.0,20743.7499355655,dn,1.0,174.58936537097082,20712.42478047668,20844.0402554981,99.04025549810103,32.57521952332172,1,1,0.5672754195976278,0.18658192298313972,1.0,1.0,1.0,0.0,1.0,0.0,0.0,0.0,0.0,0.0
2024-04-15,20544.0,20571.0,20529.0,145.0,89.0,145.0,20535.703508608847,up,1.0,170.0570448594498,20743.7499355655,20712.42478047668,168.42478047667828,inf,2,0,0.9904016656050881,inf,1.0,1.0,1.0,1.0,0.0,1.0,0.0,0.0,0.0,0.0
2024-04-16,20278.0,20284.0,20237.0,488.0,187.0,488.0,20010.375501958562,dn,0.0,167.6706596347403,20535.703508608847,20743.7499355655,257.7035086088472,inf,2,0,1.5369624546729739,inf,1.0,1.0,1.0,1.0,1.0,1.0,1.0,1.0,0.0,1.0
2024-04-17,19979.0,20043.0,19955.0,287.0,287.0,73.0,20146.913399294775,up,0.0,198.17821586000312,20010.375501958562,20535.703508608847,31.37550195856238,inf,2,0,0.15831963075460642,inf,1.0,0.0,1.0,0.0,1.0,0.0,1.0,0.0,1.0,0.0
2024-04-18,20070.0,20088.0,20027.0,334.0,334.0,91.0,20214.837400269833,up,0.0,206.63743339714568,20146.913399294775,20010.375501958562,76.91339929477545,59.62449804143762,1,1,0.3722142596832983,0.2885464509561665,1.0,1.0,1.0,0.0,1.0,0.0,1.0,0.0,1.0,0.0
2024-04-19,19840.0,19920.0,19822.0,659.0,390.0,659.0,19594.35459158922,up,1.0,218.76720164503658,20214.837400269833,20146.913399294775,306.91339929477545,inf,2,0,1.4029223621590294,inf,1.0,1.0,1.0,1.0,1.0,1.0,1.0,1.0,1.0,1.0
2024-04-22,19620.0,19715.0,19533.0,270.0,208.0,270.0,19564.645753945646,dn,0.0,260.6941348216998,19594.35459158922,20214.837400269833,594.8374002698329,25.645408410779055,1,1,2.2817444691522057,0.09837355346839345,1.0,1.0,1.0,1.0,1.0,1.0,0.0,1.0,0.0,0.0
2024-04-23,19651.0,19723.0,19638.0,191.0,173.0,191.0,19664.45501293018,up,1.0,261.5804076958236,19564.645753945646,19594.35459158922,inf,56.645408410779055,0,2,inf,0.2165506541936759,1.0,1.0,1.0,1.0,0.0,1.0,0.0,0.0,0.0,0.0
2024-04-24,19930.0,19982.0,19916.0,286.0,286.0,66.0,20093.736882930905,up,0.0,254.85846410574518,19664.45501293018,19564.645753945646,inf,265.5449870698212,0,2,inf,1.04193120680364,1.0,0.0,1.0,0.0,1.0,0.0,1.0,0.0,0.0,0.0
2024-04-25,19940.0,19948.0,19906.0,145.0,127.0,145.0,19901.20324394509,up,1.0,257.8243246671028,20093.736882930905,19664.45501293018,153.73688293090527,275.5449870698212,1,1,0.5962854091808715,1.068731538133956,1.0,1.0,0.0,1.0,0.0,0.0,0.0,0.0,0.0,0.0
2024-04-26,20126.0,20149.0,20070.0,201.0,201.0,191.0,20169.50526965104,up,0.0,247.0791508892835,19901.20324394509,20093.736882930905,inf,32.26311706909473,0,2,inf,0.1305780635596885,1.0,1.0,1.0,1.0,1.0,1.0,0.0,0.0,0.0,0.0
2024-04-29,20350.0,20374.0,20310.0,250.0,250.0,101.0,20477.665155737956,up,0.0,242.69066032839936,20169.50526965104,19901.20324394509,inf,180.49473034896073,0,2,inf,0.7437234300847112,1.0,1.0,1.0,0.0,1.0,0.0,1.0,0.0,0.0,0.0
2024-04-30,20518.0,20534.0,20487.0,172.0,102.0,172.0,20517.75670894309,up,1.0,243.38678791617085,20477.665155737956,20169.50526965104,inf,40.3348442620445,0,2,inf,0.16572322847671148,1.0,1.0,0.0,1.0,0.0,0.0,0.0,0.0,0.0,0.0
2024-05-02,20250.0,20369.0,20215.0,165.0,165.0,125.0,20316.388794926002,,,236.58804620986885,20517.75670894309,20477.665155737956,227.6651557379555,inf,2,0,0.9622851170426499,inf,1.0,1.0,1.0,1.0,0.0,0.0,0.0,0.0,0.0,0.0
2024-05-03,20548.0,20597.0,20533.0,291.0,85.0,291.0,20454.74648725887,dn,0.0,229.7701370470242,20316.388794926002,20517.75670894309,inf,30.243291056911403,0,2,inf,0.13162411549905584,0.0,1.0,0.0,1.0,0.0,1.0,0.0,1.0,0.0,1.0
2024-05-06,20685.0,20691.0,20626.0,152.0,152.0,129.0,20633.934337457413,dn,1.0,235.60155256635522,20454.74648725887,20316.388794926002,inf,230.25351274112836,0,2,inf,0.97730048988654,1.0,1.0,1.0,1.0,0.0,0.0,0.0,0.0,0.0,0.0
2024-05-07,20733.0,20754.0,20716.0,220.0,140.0,220.0,20645.635348379845,dn,0.0,227.63949994098806,20633.934337457413,20454.74648725887,inf,99.06566254258723,0,2,inf,0.4351866111473116,1.0,1.0,1.0,1.0,0.0,1.0,0.0,0.0,0.0,0.0
2024-05-08,20618.0,20644.0,20612.0,164.0,164.0,90.0,20665.473865350337,up,1.0,226.91192851803683,20645.635348379845,20633.934337457413,15.934337457412767,inf,2,0,0.0702225641528853,inf,1.0,1.0,1.0,0.0,1.0,0.0,0.0,0.0,0.0,0.0
2024-05-09,20707.0,20722.0,20685.0,158.0,82.0,158.0,20692.933077762827,up,1.0,220.9203162782238,20665.473865350337,20645.635348379845,inf,41.52613464966271,0,2,inf,0.1879688357740956,0.0,1.0,0.0,1.0,0.0,1.0,0.0,0.0,0.0,0.0
2024-05-10,20738.0,20751.0,20708.0,212.0,212.0,135.0,20723.556874574293,dn,1.0,214.92790520410725,20692.933077762827,20665.473865350337,inf,45.06692223717255,0,2,inf,0.20968390397875297,1.0,1.0,1.0,1.0,1.0,0.0,1.0,0.0,0.0,0.0
2024-05-13,20942.0,20965.0,20922.0,132.0,75.0,132.0,20897.76209482033,dn,0.0,214.64905708943036,20723.556874574293,20692.933077762827,inf,218.44312542570697,0,2,inf,1.017675681355059,0.0,1.0,0.0,1.0,0.0,0.0,0.0,0.0,0.0,0.0
2024-05-14,20892.0,20896.0,20872.0,147.0,147.0,88.0,20947.32678418772,up,1.0,206.77771831900841,20897.76209482033,20723.556874574293,5.7620948203293665,168.44312542570697,1,1,0.02786613019609703,0.8146096532791779,1.0,1.0,1.0,0.0,0.0,0.0,0.0,0.0,0.0,0.0
2024-05-15,21184.0,21191.0,21116.0,245.0,245.0,229.0,21223.30097307083,up,0.0,201.08460228862666,20947.32678418772,20897.76209482033,inf,236.67321581227952,0,2,inf,1.1769832852371798,1.0,1.0,1.0,1.0,1.0,1.0,1.0,1.0,0.0,0.0
2024-05-16,21465.0,21489.0,21448.0,230.0,108.0,230.0,21435.36449089155,up,1.0,205.26702111828126,21223.30097307083,20947.32678418772,inf,241.69902692917094,0,2,inf,1.1774859186459203,1.0,1.0,1.0,1.0,0.0,1.0,0.0,1.0,0.0,0.0
2024-05-17,21303.0,21364.0,21301.0,119.0,106.0,119.0,21344.89764009746,up,1.0,207.6225429165402,21435.36449089155,21223.30097307083,132.36449089154848,79.69902692917094,1,1,0.6375246590865432,0.3838649975557242,1.0,1.0,1.0,1.0,0.0,0.0,0.0,0.0,0.0,0.0
2024-05-20,21435.0,21485.0,21394.0,332.0,195.0,332.0,21314.123558514482,dn,0.0,199.18230073401256,21344.89764009746,21435.36449089155,0.3644908915484848,90.10235990253932,1,1,0.0018299361449550923,0.45236127693324385,1.0,1.0,1.0,1.0,1.0,1.0,1.0,1.0,0.0,1.0
2024-05-21,21324.0,21350.0,21280.0,185.0,142.0,185.0,21270.0716068497,dn,0.0,211.83160542601135,21314.123558514482,21344.89764009746,20.89764009746068,9.876441485517717,1,1,0.09865213481922941,0.04662402225416436,1.0,1.0,1.0,1.0,0.0,1.0,0.0,0.0,0.0,0.0
2024-05-22,21293.0,21346.0,21283.0,330.0,330.0,83.0,21481.30905156489,up,0.0,209.27621443305787,21270.0716068497,21314.123558514482,21.123558514482283,22.928393150301417,1,1,0.10093626058607426,0.10956043529560129,1.0,1.0,1.0,0.0,1.0,0.0,1.0,0.0,1.0,0.0
2024-05-23,21630.0,21650.0,21557.0,169.0,169.0,158.0,21600.20591470836,dn,1.0,220.77371782038568,21481.30905156489,21270.0716068497,inf,148.69094843510902,0,2,inf,0.6734993182298952,1.0,1.0,1.0,1.0,1.0,1.0,0.0,0.0,0.0,0.0
2024-05-24,21448.0,21476.0,21434.0,203.0,203.0,66.0,21531.91329160778,dn,1.0,215.84288755177752,21600.20591470836,21481.30905156489,33.30905156489098,inf,2,0,0.15432082077247336,inf,1.0,0.0,1.0,0.0,1.0,0.0,0.0,0.0,0.0,0.0
2024-05-27,21670.0,21717.0,21655.0,262.0,262.0,127.0,21823.07103024521,up,0.0,214.6197554039892,21531.91329160778,21600.20591470836,inf,69.79408529163993,0,2,inf,0.325198792442304,1.0,1.0,1.0,1.0,1.0,0.0,1.0,0.0,0.0,0.0
2024-05-28,21892.0,21892.0,21850.0,149.0,149.0,79.0,21921.810847297224,up,1.0,219.1321596512283,21823.07103024521,21531.91329160778,inf,68.92896975479016,0,2,inf,0.31455433043008296,1.0,0.0,1.0,0.0,0.0,0.0,0.0,0.0,0.0,0.0
2024-05-29,21865.0,21888.0,21860.0,187.0,85.0,187.0,21808.491075381567,up,1.0,212.45290635111132,21921.810847297224,21823.07103024521,56.81084729722352,41.92896975479016,1,1,0.2674044251639222,0.1973565364434038,1.0,1.0,0.0,1.0,0.0,1.0,0.0,0.0,0.0,0.0
2024-05-30,21512.0,21514.0,21444.0,185.0,128.0,185.0,21460.46474336531,dn,1.0,210.02882003195788,21808.491075381567,21921.810847297224,296.4910753815675,inf,2,0,1.4116685288069206,inf,1.0,1.0,1.0,1.0,0.0,1.0,0.0,0.0,0.0,0.0
2024-05-31,21505.0,21520.0,21465.0,330.0,152.0,330.0,21420.25313417319,up,1.0,207.64512288605712,21460.46474336531,21808.491075381567,303.4910753815675,44.53525663468827,1,1,1.461585377799144,0.21447773978841042,1.0,1.0,1.0,1.0,1.0,1.0,0.0,1.0,0.0,1.0
2024-06-03,21469.0,21563.0,21468.0,274.0,274.0,158.0,21583.863816678284,up,1.0,219.29796832548024,21420.25313417319,21460.46474336531,inf,8.535256634688267,0,2,inf,0.03892081946705639,1.0,1.0,1.0,1.0,1.0,1.0,1.0,0.0,1.0,0.0
2024-06-04,21560.0,21574.0,21480.0,290.0,129.0,290.0,21404.71274651881,dn,0.0,224.50768562781545,21583.863816678284,21420.25313417319,23.86381667828391,139.7468658268117,1,1,0.10629398548896402,0.6224591618590795,1.0,1.0,1.0,1.0,0.0,1.0,0.0,1.0,0.0,1.0
2024-06-05,21350.0,21422.0,21349.0,267.0,267.0,196.0,21390.49569939902,dn,1.0,230.74504890135682,21404.71274651881,21583.863816678284,54.71274651880958,inf,2,0,0.23711341491101376,inf,1.0,1.0,1.0,1.0,1.0,1.0,1.0,0.0,0.0,0.0
2024-06-06,21825.0,21860.0,21803.0,171.0,171.0,129.0,21877.096670677896,up,1.0,234.19790138694188,21390.49569939902,21404.71274651881,inf,420.2872534811904,0,2,inf,1.7945816379745931,1.0,1.0,1.0,1.0,1.0,0.0,0.0,0.0,0.0,0.0
2024-06-07,21839.0,21859.0,21807.0,127.0,127.0,89.0,21847.922530063493,dn,1.0,228.17905363580456,21877.096670677896,21390.49569939902,38.09667067789633,448.50430060098006,1,1,0.16695954370422725,1.9655805099307473,1.0,1.0,1.0,0.0,0.0,0.0,0.0,0.0,0.0,0.0
2024-06-11,21920.0,21940.0,21839.0,187.0,138.0,187.0,21858.366585262265,dn,1.0,218.54295328953745,21847.922530063493,21877.096670677896,inf,42.90332932210367,0,2,inf,0.19631531777308342,1.0,1.0,1.0,1.0,0.0,1.0,0.0,0.0,0.0,0.0
2024-06-12,21829.0,21833.0,21790.0,273.0,273.0,108.0,21932.10924167391,up,0.0,215.5388625000577,21858.366585262265,21847.922530063493,18.92253006349347,inf,2,0,0.08779173205244323,inf,1.0,1.0,1.0,1.0,1.0,0.0,1.0,0.0,1.0,0.0
2024-06-13,22308.0,22310.0,22260.0,266.0,213.0,266.0,22329.652486123858,up,1.0,221.0113517857665,21932.10924167391,21858.366585262265,inf,375.8907583260916,0,2,inf,1.7007757985682779,1.0,1.0,1.0,1.0,1.0,1.0,0.0,1.0,0.0,0.0
2024-06-14,22274.0,22322.0,22274.0,244.0,244.0,85.0,22380.074741260858,up,1.0,225.29598494902683,22329.652486123858,21932.10924167391,55.65248612385767,341.8907583260916,1,1,0.24701943151116978,1.5175182034577506,1.0,0.0,1.0,0.0,1.0,0.0,1.0,0.0,0.0,0.0
2024-06-17,22430.0,22461.0,22420.0,134.0,134.0,114.0,22482.58412952347,,,227.0773197157862,22380.074741260858,22329.652486123858,inf,49.92525873914201,0,2,inf,0.21986017274481356,1.0,1.0,1.0,1.0,0.0,0.0,0.0,0.0,0.0,0.0
2024-06-18,22726.0,22760.0,22710.0,146.0,146.0,122.0,22747.317342342343,dn,1.0,218.2128130761875,22482.58412952347,22380.074741260858,inf,243.41587047652865,0,2,inf,1.1154976055028523,1.0,1.0,1.0,1.0,0.0,0.0,0.0,0.0,0.0,0.0
2024-06-19,22956.0,22978.0,22940.0,351.0,351.0,170.0,23133.231064635824,up,0.0,211.33540230702678,22747.317342342343,22482.58412952347,inf,208.68265765765682,0,2,inf,0.9874477034116789,1.0,1.0,1.0,1.0,1.0,1.0,1.0,0.0,1.0,0.0
2024-06-20,23153.0,23171.0,23130.0,274.0,274.0,69.0,23230.500166588925,dn,1.0,224.63679256350042,23133.231064635824,22747.317342342343,inf,19.768935364176286,0,2,inf,0.08800399586629601,1.0,0.0,1.0,0.0,1.0,0.0,1.0,0.0,0.0,0.0
2024-06-21,23034.0,23110.0,23025.0,266.0,266.0,129.0,23185.03832600016,up,0.0,229.3380504145956,23230.500166588925,23133.231064635824,99.23106463582371,inf,2,0,0.43268469604775367,inf,1.0,1.0,1.0,1.0,1.0,0.0,1.0,0.0,0.0,0.0
2024-06-24,23050.0,23073.0,22933.0,365.0,134.0,365.0,22816.40355482286,dn,0.0,232.8296646608246,23185.03832600016,23230.500166588925,135.03832600016176,inf,2,0,0.579987632576284,inf,1.0,1.0,1.0,1.0,0.0,1.0,0.0,1.0,0.0,1.0
2024-06-25,22608.0,22667.0,22600.0,366.0,366.0,257.0,22618.916302985097,dn,1.0,245.41731564550795,22816.40355482286,23185.03832600016,208.40355482286031,inf,2,0,0.8491803207720191,inf,1.0,1.0,1.0,1.0,1.0,1.0,1.0,1.0,1.0,0.0
2024-06-26,22806.0,22840.0,22770.0,261.0,235.0,261.0,22888.640340175745,up,1.0,256.90138082212627,22618.916302985097,22816.40355482286,10.403554822860315,187.083697014903,1,1,0.04049629779944056,0.728231574373811,1.0,1.0,1.0,1.0,1.0,1.0,0.0,1.0,0.0,0.0
2024-06-27,22614.0,22626.0,22555.0,267.0,267.0,92.0,22724.007716289016,up,0.0,257.29172550573327,22888.640340175745,22618.916302985097,4.916302985096991,inf,2,0,0.019107893871959904,inf,1.0,0.0,1.0,0.0,1.0,0.0,1.0,0.0,0.0,0.0
2024-06-28,22908.0,22945.0,22840.0,324.0,324.0,163.0,22976.364610190598,dn,1.0,258.2163230766158,22724.007716289016,22888.640340175745,inf,19.359659824254777,0,2,inf,0.07497457787945705,1.0,1.0,1.0,1.0,1.0,0.0,1.0,0.0,1.0,0.0
2024-07-01,22960.0,23034.0,22955.0,228.0,211.0,228.0,23052.734808414905,up,1.0,264.4814351645572,22976.364610190598,22724.007716289016,16.364610190597887,235.99228371098434,1,1,0.061874324677707614,0.8922829822219951,1.0,1.0,1.0,1.0,1.0,1.0,0.0,0.0,0.0,0.0
2024-07-02,22838.0,22863.0,22814.0,276.0,276.0,248.0,22845.701099592177,up,1.0,261.0070127679327,23052.734808414905,22976.364610190598,138.3646101905979,inf,2,0,0.5301183624273768,inf,1.0,1.0,1.0,1.0,1.0,1.0,1.0,0.0,0.0,0.0
2024-07-03,23073.0,23117.0,23046.0,207.0,207.0,136.0,23088.271852178368,dn,1.0,262.43491631384387,22845.701099592177,23052.734808414905,inf,20.265191585094726,0,2,inf,0.07721987557806424,1.0,1.0,1.0,1.0,1.0,0.0,0.0,0.0,0.0,0.0
2024-07-04,23487.0,23518.0,23467.0,165.0,165.0,130.0,23548.657062711518,up,1.0,257.15540047443017,23088.271852178368,22845.701099592177,inf,398.72814782163186,0,2,inf,1.5505338292954838,1.0,1.0,1.0,1.0,0.0,0.0,0.0,0.0,0.0,0.0
2024-07-05,23659.0,23677.0,23630.0,151.0,74.0,151.0,23603.77779430725,,,248.3786956673416,23548.657062711518,23088.271852178368,inf,110.34293728848206,0,2,inf,0.44425282527558846,0.0,1.0,0.0,1.0,0.0,0.0,0.0,0.0,0.0,0.0
2024-07-08,23545.0,23556.0,23512.0,482.0,482.0,104.0,23821.927911586507,up,0.0,239.10453417521381,23603.77779430725,23548.657062711518,3.6570627115179377,inf,2,0,0.015294827946834637,inf,1.0,1.0,1.0,0.0,1.0,0.0,1.0,0.0,1.0,0.0
2024-07-09,23945.0,23958.0,23875.0,468.0,270.0,468.0,23855.204722479648,up,1.0,262.2374356823363,23821.927911586507,23603.77779430725,inf,123.07208841349347,0,2,inf,0.4693154815721199,1.0,1.0,1.0,1.0,1.0,1.0,1.0,1.0,0.0,1.0
2024-07-10,23759.0,23835.0,23753.0,312.0,312.0,153.0,23878.231442527598,up,1.0,281.83387037925667,23855.204722479648,23821.927911586507,62.927911586506525,inf,2,0,0.2232801596977185,inf,1.0,1.0,1.0,1.0,1.0,0.0,1.0,0.0,0.0,0.0
2024-07-11,24251.0,24262.0,24200.0,245.0,245.0,102.0,24301.9043383808,,,284.70683510504176,23878.231442527598,23855.204722479648,inf,372.7685574724019,0,2,inf,1.30930666745275,1.0,0.0,1.0,0.0,1.0,0.0,0.0,0.0,0.0,0.0
2024-07-12,24038.0,24070.0,23953.0,286.0,168.0,286.0,23901.996488724486,dn,0.0,280.9252317617044,24301.9043383808,23878.231442527598,263.90433838079844,159.76855747240188,1,1,0.9394113043026907,0.5687227041532744,1.0,1.0,1.0,1.0,0.0,1.0,0.0,1.0,0.0,0.0
2024-07-15,24091.0,24112.0,23966.0,356.0,187.0,356.0,23886.648215619898,dn,0.0,281.4085430224945,23901.996488724486,24301.9043383808,210.90433838079844,189.00351127551403,1,1,0.7494596152467898,0.6716338787923932,1.0,1.0,1.0,1.0,0.0,1.0,0.0,1.0,0.0,1.0
2024-07-16,23830.0,23906.0,23824.0,358.0,358.0,272.0,24001.999948119774,up,0.0,288.51249130606647,23886.648215619898,23901.996488724486,56.64821561989811,inf,2,0,0.19634579897548785,inf,1.0,1.0,1.0,1.0,1.0,1.0,1.0,0.0,1.0,0.0
2024-07-17,23980.0,24000.0,23717.0,353.0,283.0,353.0,23847.71257381035,,,295.1303492769173,24001.999948119774,23886.648215619898,21.999948119773762,93.35178438010189,1,1,0.07454315753589771,0.3163069626990853,1.0,1.0,1.0,1.0,1.0,1.0,0.0,1.0,0.0,0.0
2024-07-18,23294.0,23382.0,23278.0,290.0,290.0,232.0,23312.933921821885,dn,1.0,300.64174458387754,23847.71257381035,24001.999948119774,553.7125738103496,inf,2,0,1.8417687622746832,inf,1.0,1.0,1.0,1.0,1.0,1.0,0.0,0.0,0.0,0.0
2024-07-19,23148.0,23180.0,23071.0,332.0,229.0,332.0,23007.96504150776,up,1.0,299.62824509969874,23312.933921821885,23847.71257381035,164.93392182188472,inf,2,0,0.5504618623888557,inf,1.0,1.0,1.0,1.0,1.0,1.0,0.0,1.0,0.0,0.0
2024-07-22,22859.0,22906.0,22811.0,722.0,309.0,722.0,22453.990533209657,dn,0.0,302.71126937591794,23007.96504150776,23312.933921821885,148.96504150775945,inf,2,0,0.49210272817021955,inf,1.0,1.0,1.0,1.0,1.0,1.0,1.0,1.0,0.0,1.0
2024-07-23,22600.0,22654.0,22571.0,300.0,300.0,123.0,22766.962600738752,up,0.0,342.6435294353543,22453.990533209657,23007.96504150776,407.96504150775945,146.00946679034314,1,1,1.1906398529692042,0.426126438257724,1.0,0.0,1.0,0.0,1.0,0.0,0.0,0.0,0.0,0.0
2024-07-26,22028.0,22049.0,21945.0,238.0,238.0,186.0,22058.988837032255,dn,1.0,338.58224091770154,22766.962600738752,22453.990533209657,425.99053320965686,inf,2,0,1.2581597075352853,inf,1.0,1.0,1.0,1.0,0.0,0.0,0.0,0.0,0.0,0.0
2024-07-29,22430.0,22496.0,22412.0,373.0,179.0,373.0,22328.48024352875,up,1.0,329.00297987792044,22058.988837032255,22766.962600738752,336.96260073875237,371.0111629677449,1,1,1.0241931573500807,1.1276832906054892,1.0,1.0,1.0,1.0,0.0,1.0,0.0,1.0,0.0,0.0
2024-07-30,21933.0,22008.0,21910.0,490.0,490.0,270.0,22030.26657245836,up,1.0,333.1931722704994,22328.48024352875,22058.988837032255,125.9888370322551,inf,2,0,0.3781255065153987,inf,1.0,1.0,1.0,1.0,1.0,1.0,1.0,0.0,1.0,0.0
2024-07-31,22050.0,22115.0,22037.0,335.0,335.0,186.0,22185.543733912997,up,1.0,348.12715586378516,22030.26657245836,22328.48024352875,278.48024352874927,19.733427541639685,1,1,0.7999382950685776,0.05668453956910204,1.0,1.0,1.0,1.0,1.0,0.0,0.0,0.0,0.0,0.0
2024-08-01,22721.0,22728.0,22680.0,268.0,209.0,268.0,22604.810970901308,dn,0.0,346.87695054342464,22185.543733912997,22030.26657245836,inf,535.4562660870033,0,2,inf,1.5436490238055496,1.0,1.0,1.0,1.0,0.0,1.0,0.0,0.0,0.0,0.0
2024-08-02,22000.0,22000.0,21886.0,591.0,213.0,591.0,21818.17358257864,,,339.36486001547945,22604.810970901308,22185.543733912997,185.5437339129967,inf,2,0,0.5467382035504014,inf,1.0,1.0,1.0,1.0,0.0,1.0,0.0,1.0,0.0,1.0
2024-08-05,20712.0,20742.0,20101.0,1368.0,529.0,1368.0,20006.97980793384,,,363.33011144257665,21818.17358257864,22604.810970901308,1106.1735825786418,inf,2,0,3.044541445207108,inf,1.0,1.0,1.0,1.0,1.0,1.0,1.0,1.0,1.0,1.0
2024-08-06,20395.0,20654.0,20394.0,1201.0,1201.0,1084.0,20335.244178026293,up,1.0,459.0129579718551,20006.97980793384,21818.17358257864,1423.1735825786418,388.02019206616023,1,1,3.1005085104065957,0.8453360309927288,1.0,1.0,1.0,1.0,1.0,1.0,1.0,1.0,1.0,1.0
2024-08-07,20500.0,20675.0,20494.0,841.0,841.0,300.0,21036.324201090185,up,0.0,529.6783905459641,20335.244178026293,20006.97980793384,inf,164.7558219737075,0,2,inf,0.3110487890659198,1.0,1.0,1.0,1.0,1.0,0.0,1.0,0.0,1.0,0.0
2024-08-08,20680.0,20793.0,20545.0,537.0,537.0,391.0,20842.336121327327,up,0.0,559.3280676368247,21036.324201090185,20335.244178026293,356.32420109018494,344.7558219737075,1,1,0.6370576084187295,0.6163749719021068,1.0,1.0,1.0,1.0,1.0,0.0,0.0,0.0,0.0,0.0
2024-08-09,21305.0,21399.0,21032.0,561.0,561.0,360.0,21417.208014816562,,,557.2015850047461,20842.336121327327,21036.324201090185,inf,268.67579890981506,0,2,inf,0.48218778650374183,1.0,1.0,1.0,1.0,1.0,0.0,1.0,0.0,0.0,0.0
2024-08-12,21650.0,21779.0,21625.0,295.0,295.0,267.0,21744.364580283338,dn,1.0,557.563338813818,21417.208014816562,20842.336121327327,inf,232.79198518343765,0,2,inf,0.4175166639877873,1.0,1.0,1.0,0.0,0.0,0.0,0.0,0.0,0.0,0.0
2024-08-13,21848.0,21898.0,21810.0,236.0,155.0,236.0,21765.777168655273,dn,0.0,532.5573065458353,21744.364580283338,21417.208014816562,inf,103.635419716662,0,2,inf,0.19459956410858567,0.0,1.0,0.0,0.0,0.0,0.0,0.0,0.0,0.0,0.0
2024-08-14,22104.0,22132.0,21962.0,250.0,196.0,250.0,22021.386083333335,,,504.3137535414701,21765.777168655273,21744.364580283338,inf,338.2228313447267,0,2,inf,0.6706595427342721,1.0,1.0,0.0,0.0,0.0,0.0,0.0,0.0,0.0,0.0
2024-08-15,21993.0,22097.0,21982.0,278.0,175.0,278.0,21982.00165089305,,,480.09339606133005,22021.386083333335,21765.777168655273,28.386083333334682,227.22283134472673,1,1,0.059126169129200996,0.4732888084044795,0.0,1.0,0.0,1.0,0.0,0.0,0.0,0.0,0.0,0.0
2024-08-16,22324.0,22385.0,22294.0,170.0,170.0,162.0,22358.533437622213,dn,1.0,460.846405960251,21982.00165089305,22021.386083333335,inf,302.6139166666653,0,2,inf,0.656648099568268,0.0,0.0,0.0,0.0,0.0,0.0,0.0,0.0,0.0,0.0
2024-08-19,22400.0,22458.0,22390.0,201.0,201.0,190.0,22402.667538927897,dn,1.0,433.1467482497509,22358.533437622213,21982.00165089305,inf,41.46656237778734,0,2,inf,0.09573328795689785,1.0,1.0,0.0,0.0,0.0,0.0,0.0,0.0,0.0,0.0
2024-08-20,22555.0,22565.0,22528.0,185.0,74.0,185.0,22482.104842154884,dn,1.0,411.037534130727,22402.667538927897,22358.533437622213,inf,152.3324610721029,0,2,inf,0.37060474633845686,0.0,1.0,0.0,0.0,0.0,0.0,0.0,0.0,0.0,0.0
2024-08-21,22311.0,22320.0,22263.0,193.0,114.0,193.0,22255.714388343848,dn,1.0,389.5101499278006,22482.104842154884,22402.667538927897,91.66753892789711,inf,2,0,0.23534056543812415,inf,0.0,1.0,0.0,0.0,0.0,0.0,0.0,0.0,0.0,0.0
2024-08-22,22229.0,22277.0,22208.0,251.0,111.0,251.0,22129.065816559138,dn,0.0,370.79489755372435,22255.714388343848,22482.104842154884,26.71438834384753,inf,2,0,0.07204626741115523,inf,0.0,1.0,0.0,1.0,0.0,0.0,0.0,0.0,0.0,0.0
2024-08-23,21942.0,21984.0,21882.0,305.0,305.0,134.0,22005.220981116403,,,359.3858596914649,22129.065816559138,22255.714388343848,187.0658165591376,inf,2,0,0.520515238745717,inf,1.0,0.0,1.0,0.0,1.0,0.0,0.0,0.0,0.0,0.0
2024-08-26,22230.0,22298.0,22222.0,319.0,228.0,319.0,22304.09884355226,up,1.0,354.2062540065635,22005.220981116403,22129.065816559138,inf,100.9341834408624,0,2,inf,0.28495878403940345,1.0,1.0,1.0,1.0,0.0,1.0,0.0,0.0,0.0,0.0
2024-08-27,22112.0,22125.0,22045.0,212.0,212.0,154.0,22094.401327502732,dn,1.0,350.85327743450983,22304.09884355226,22005.220981116403,192.0988435522595,106.77901888359702,1,1,0.5475190226436366,0.30434094748773827,1.0,1.0,1.0,0.0,0.0,0.0,0.0,0.0,0.0,0.0
2024-08-28,22181.0,22186.0,22101.0,366.0,366.0,163.0,22216.26013009101,up,1.0,337.62915577408035,22094.401327502732,22304.09884355226,123.0988435522595,86.59867249726813,1,1,0.3645977885708108,0.25649050449663885,1.0,1.0,1.0,0.0,1.0,0.0,1.0,0.0,0.0,0.0
2024-08-29,21938.0,22046.0,21900.0,345.0,345.0,139.0,22087.326059082025,up,0.0,340.33114093845364,22216.26013009101,22094.401327502732,156.40132750273187,inf,2,0,0.45955632232613086,inf,1.0,1.0,1.0,0.0,1.0,0.0,1.0,0.0,0.0,0.0
2024-08-30,22320.0,22335.0,22280.0,153.0,153.0,122.0,22286.01340602235,dn,1.0,340.77579418241044,22087.326059082025,22216.26013009101,inf,103.73986990898993,0,2,inf,0.30442264879136355,1.0,0.0,0.0,0.0,0.0,0.0,0.0,0.0,0.0,0.0
2024-09-02,22318.0,22432.0,22305.0,276.0,143.0,276.0,22281.849875982098,,,322.8923852126571,22286.01340602235,22087.326059082025,inf,31.986593977650045,0,2,inf,0.09906270770858737,1.0,1.0,0.0,1.0,0.0,1.0,0.0,0.0,0.0,0.0
2024-09-03,22205.0,22217.0,22177.0,314.0,137.0,314.0,22171.237448218722,up,1.0,318.4264437638326,22281.849875982098,22286.01340602235,76.84987598209773,inf,2,0,0.24134263182958193,inf,1.0,1.0,0.0,1.0,0.0,1.0,0.0,1.0,0.0,0.0
2024-09-04,21246.0,21280.0,21038.0,519.0,519.0,452.0,21139.3653808961,dn,1.0,318.0048776910866,22171.237448218722,22281.849875982098,925.2374482187224,inf,2,0,2.9095070960436904,inf,1.0,1.0,1.0,1.0,1.0,1.0,1.0,1.0,1.0,1.0
2024-09-05,21310.0,21310.0,21252.0,398.0,210.0,398.0,21282.957597715256,dn,1.0,337.1472702919355,21139.3653808961,22171.237448218722,861.2374482187224,170.63461910390106,1,1,2.5544844170708476,0.5061130079924678,1.0,1.0,1.0,1.0,0.0,1.0,0.0,1.0,0.0,0.0
2024-09-06,21211.0,21247.0,21156.0,422.0,422.0,234.0,21271.926530967863,dn,1.0,342.94276835937023,21282.957597715256,21139.3653808961,71.95759771525627,71.63461910390106,1,1,0.2098239250225326,0.20888213927530624,1.0,1.0,1.0,1.0,1.0,0.0,1.0,0.0,1.0,0.0
2024-09-09,20734.0,20800.0,20616.0,509.0,509.0,184.0,20934.821307144135,up,0.0,350.4720285156207,21271.926530967863,21282.957597715256,537.9265309678631,inf,2,0,1.5348629482534792,inf,1.0,1.0,1.0,1.0,1.0,0.0,1.0,0.0,1.0,0.0
2024-09-10,21233.0,21281.0,21180.0,376.0,210.0,376.0,21094.614032704667,dn,0.0,365.5699305617521,20934.821307144135,21271.926530967863,38.92653096786307,298.17869285586494,1,1,0.10648176371630654,0.8156543192643592,1.0,1.0,1.0,1.0,0.0,1.0,0.0,1.0,0.0,0.0
2024-09-11,21100.0,21110.0,21048.0,180.0,158.0,180.0,21044.376693583352,dn,1.0,366.5632705082519,21094.614032704667,20934.821307144135,inf,5.385967295333103,0,2,inf,0.014693145027501757,1.0,1.0,0.0,0.0,0.0,0.0,0.0,0.0,0.0,0.0
2024-09-12,21597.0,21650.0,21561.0,319.0,319.0,189.0,21634.009409611415,dn,1.0,348.79533998365645,21044.376693583352,21094.614032704667,inf,502.3859672953331,0,2,inf,1.4403459843209874,1.0,1.0,1.0,1.0,1.0,0.0,0.0,0.0,0.0,0.0
2024-09-13,21800.0,21800.0,21717.0,176.0,176.0,143.0,21738.562535175468,,,345.95768855664153,21634.009409611415,21044.376693583352,inf,165.99059038858468,0,2,inf,0.4798002642493897,1.0,1.0,1.0,0.0,0.0,0.0,0.0,0.0,0.0,0.0
2024-09-16,21807.0,21852.0,21802.0,136.0,136.0,117.0,21809.24861866291,dn,1.0,329.77124202743755,21738.562535175468,21634.009409611415,inf,68.43746482453207,0,2,inf,0.20753011816245018,1.0,0.0,0.0,0.0,0.0,0.0,0.0,0.0,0.0,0.0
2024-09-18,21730.0,21794.0,21718.0,312.0,154.0,312.0,21737.2170879747,,,311.31683802482445,21809.24861866291,21738.562535175468,8.562535175467929,inf,2,0,0.02750424689455811,inf,1.0,1.0,0.0,1.0,0.0,1.0,0.0,1.0,0.0,0.0
2024-09-19,21763.0,21789.0,21716.0,421.0,421.0,128.0,21890.80248076621,dn,1.0,311.38190107007927,21737.2170879747,21809.24861866291,46.2486186629103,25.782912025300902,1,1,0.14852699692555876,0.08280157561083883,1.0,1.0,1.0,0.0,1.0,0.0,1.0,0.0,1.0,0.0
2024-09-20,22345.0,22384.0,22302.0,239.0,123.0,239.0,22294.061449542074,up,1.0,321.821720015786,21890.80248076621,21737.2170879747,inf,454.1975192337886,0,2,inf,1.411332706852444,0.0,1.0,0.0,1.0,0.0,1.0,0.0,0.0,0.0,0.0
2024-09-23,22291.0,22327.0,22275.0,134.0,121.0,134.0,22321.899605028295,dn,1.0,313.9339371571397,22294.061449542074,21890.80248076621,3.061449542074115,400.1975192337886,1,1,0.009751891018210324,1.274782595528911,1.0,1.0,0.0,0.0,0.0,0.0,0.0,0.0,0.0,0.0
2024-09-24,22298.0,22316.0,22237.0,356.0,356.0,213.0,22316.520564835366,up,1.0,296.7973717136026,22321.899605028295,22294.061449542074,23.8996050282949,3.938550457925885,1,1,0.08052498878378561,0.013270166225482704,1.0,1.0,1.0,1.0,1.0,1.0,1.0,0.0,0.0,0.0
2024-09-25,22835.0,22838.0,22790.0,121.0,121.0,113.0,22797.582342767295,dn,1.0,302.4357172646881,22316.520564835366,22321.899605028295,inf,513.1003949717051,0,2,inf,1.6965601801676282,1.0,0.0,0.0,0.0,0.0,0.0,0.0,0.0,0.0,0.0
2024-09-26,23034.0,23056.0,23010.0,186.0,138.0,186.0,22981.56404415896,dn,1.0,285.1561251442416,22797.582342767295,22316.520564835366,inf,236.4176572327051,0,2,inf,0.8290814623502022,1.0,1.0,0.0,1.0,0.0,0.0,0.0,0.0,0.0,0.0
2024-09-27,23190.0,23195.0,23130.0,317.0,142.0,317.0,23035.869474241823,dn,0.0,275.7126846543139,22981.56404415896,22797.582342767295,inf,208.43595584103969,0,2,inf,0.7559897220629325,1.0,1.0,1.0,1.0,0.0,1.0,0.0,1.0,0.0,0.0
2024-09-30,22699.0,22739.0,22655.0,439.0,146.0,439.0,22549.51538612196,up,1.0,279.64480992533163,23035.869474241823,22981.56404415896,282.5640441589603,inf,2,0,1.0104390788958613,inf,1.0,1.0,1.0,1.0,0.0,1.0,0.0,1.0,0.0,1.0
2024-10-01,22246.0,22402.0,22228.0,235.0,235.0,140.0,22383.898354712772,up,0.0,294.8214946943477,22549.51538612196,23035.869474241823,303.5153861219587,inf,2,0,1.0294886620686334,inf,1.0,1.0,1.0,0.0,1.0,0.0,0.0,0.0,0.0,0.0
2024-10-04,22331.0,22412.0,22272.0,257.0,235.0,257.0,22369.041888354022,up,1.0,289.1242094853622,22383.898354712772,22549.51538612196,52.898354712771834,inf,2,0,0.1829606548926854,inf,1.0,1.0,1.0,1.0,1.0,1.0,0.0,0.0,0.0,0.0
2024-10-07,22570.0,22585.0,22539.0,269.0,269.0,222.0,22691.782478413435,up,0.0,286.06476096294676,22369.041888354022,22383.898354712772,inf,186.10164528722817,0,2,inf,0.6505577431515007,1.0,1.0,1.0,1.0,1.0,1.0,0.0,0.0,0.0,0.0
2024-10-08,22606.0,22618.0,22581.0,242.0,242.0,226.0,22531.018948780787,dn,1.0,284.4395456331423,22691.782478413435,22369.041888354022,85.78247841343546,236.95811164597762,1,1,0.30158421967131793,0.8330702087099937,1.0,1.0,1.0,1.0,1.0,1.0,0.0,0.0,0.0,0.0
2024-10-09,22770.0,22830.0,22763.0,222.0,125.0,222.0,22763.449569728225,up,1.0,280.3976841442716,22531.018948780787,22691.782478413435,inf,78.21752158656454,0,2,inf,0.2789520955755101,1.0,1.0,0.0,1.0,0.0,1.0,0.0,0.0,0.0,0.0
2024-10-11,22829.0,22850.0,22801.0,253.0,253.0,191.0,22943.148288737742,up,0.0,274.8359999400552,22763.449569728225,22531.018948780787,inf,65.55043027177453,0,2,inf,0.2385074382034079,1.0,1.0,1.0,1.0,1.0,0.0,0.0,0.0,0.0,0.0
2024-10-14,22987.0,23017.0,22963.0,231.0,231.0,199.0,22958.65258519489,dn,1.0,272.7563808981452,22943.148288737742,22763.449569728225,inf,43.851711262257595,0,2,inf,0.16077244872461127,1.0,1.0,1.0,1.0,1.0,1.0,0.0,0.0,0.0,0.0
2024-10-15,23168.0,23169.0,23101.0,285.0,285.0,163.0,23268.375014137757,,,268.77958271736946,22958.65258519489,22943.148288737742,inf,209.34741480511002,0,2,inf,0.7788813893101608,1.0,1.0,1.0,1.0,1.0,0.0,1.0,0.0,0.0,0.0
2024-10-16,22952.0,22972.0,22921.0,339.0,339.0,225.0,23093.80933917381,up,0.0,270.3243843633343,23268.375014137757,22958.65258519489,6.65258519488998,inf,2,0,0.024609637826635923,inf,1.0,1.0,1.0,1.0,1.0,1.0,1.0,0.0,1.0,0.0
2024-10-17,23142.0,23174.0,23111.0,272.0,272.0,169.0,23140.900300998048,dn,1.0,276.8649191858739,23093.80933917381,23268.375014137757,126.3750141377568,48.19066082618883,1,1,0.4564500786497789,0.174058385467882,1.0,1.0,1.0,1.0,1.0,0.0,1.0,0.0,0.0,0.0
2024-10-18,23820.0,23840.0,23771.0,313.0,172.0,313.0,23695.133612384558,dn,0.0,276.40159354912396,23140.900300998048,23093.80933917381,inf,679.0996990019521,0,2,inf,2.4569312002944654,1.0,1.0,1.0,1.0,0.0,1.0,0.0,1.0,0.0,0.0
2024-10-21,23810.0,23836.0,23765.0,270.0,70.0,270.0,23692.97709320695,dn,0.0,279.887156068255,23695.133612384558,23140.900300998048,inf,114.86638761544236,0,2,inf,0.4104024965955577,0.0,1.0,0.0,1.0,0.0,1.0,0.0,0.0,0.0,0.0
2024-10-22,23560.0,23563.0,23501.0,305.0,305.0,231.0,23492.34877074239,dn,1.0,278.94552215699264,23692.97709320695,23695.133612384558,132.9770932069514,inf,2,0,0.47671348935334723,inf,1.0,1.0,1.0,1.0,1.0,1.0,1.0,0.0,0.0,0.0
2024-10-23,23498.0,23511.0,23416.0,175.0,117.0,175.0,23421.118187666576,dn,0.0,281.42690099918383,23492.34877074239,23692.97709320695,194.9770932069514,5.651229257611703,1,1,0.692816118554057,0.02008062924172303,1.0,1.0,0.0,1.0,0.0,0.0,0.0,0.0,0.0,0.0
2024-10-24,23383.0,23384.0,23316.0,246.0,148.0,246.0,23328.646421419362,up,1.0,271.29100566592825,23421.118187666576,23492.34877074239,38.11818766657598,inf,2,0,0.1405066399934957,inf,1.0,1.0,1.0,1.0,0.0,1.0,0.0,0.0,0.0,0.0
2024-10-25,23270.0,23306.0,23252.0,235.0,235.0,123.0,23367.15160782943,up,0.0,268.88233845964936,23328.646421419362,23421.118187666576,58.646421419362014,inf,2,0,0.21811183938421067,inf,1.0,1.0,1.0,0.0,1.0,0.0,0.0,0.0,0.0,0.0
2024-10-28,23650.0,23657.0,23612.0,441.0,192.0,441.0,23398.57906905419,dn,0.0,265.6554490825399,23367.15160782943,23328.646421419362,inf,282.84839217057015,0,2,inf,1.064718955125548,1.0,1.0,1.0,1.0,1.0,1.0,0.0,1.0,0.0,1.0
2024-10-29,23137.0,23148.0,23068.0,455.0,322.0,455.0,22884.148403391326,dn,0.0,282.354930122298,23398.57906905419,23367.15160782943,230.15160782942985,inf,2,0,0.8151145359131606,inf,1.0,1.0,1.0,1.0,1.0,1.0,1.0,1.0,0.0,1.0
2024-10-30,23072.0,23130.0,23065.0,300.0,163.0,300.0,23002.49940117848,dn,1.0,298.7973177296982,22884.148403391326,23398.57906905419,326.57906905419077,187.8515966086743,1,1,1.0929785833941952,0.6286923792890637,1.0,1.0,1.0,1.0,0.0,1.0,0.0,1.0,0.0,0.0
2024-11-01,22397.0,22406.0,22232.0,590.0,590.0,174.0,22555.020510472703,up,0.0,298.91185889829836,23002.49940117848,22884.148403391326,487.1484033913257,inf,2,0,1.6297392990255126,inf,1.0,1.0,1.0,1.0,1.0,0.0,1.0,0.0,1.0,0.0
2024-11-04,22767.0,22853.0,22700.0,346.0,346.0,171.0,22904.25848643387,up,0.0,326.6345390032223,22555.020510472703,23002.49940117848,235.49940117848018,211.97948952729712,1,1,0.7209874433277766,0.6489806319141465,1.0,1.0,1.0,1.0,1.0,0.0,1.0,0.0,0.0,0.0
2024-11-05,22808.0,22853.0,22782.0,457.0,457.0,279.0,23024.50724657553,up,0.0,328.47886862196304,22904.25848643387,22555.020510472703,96.25848643387144,252.97948952729712,1,1,0.2930431623735668,0.7701545325840853,1.0,1.0,1.0,1.0,1.0,1.0,1.0,0.0,1.0,0.0
2024-11-06,23250.0,23259.0,23062.0,397.0,397.0,274.0,23255.346656403162,,,340.71897637225226,23024.50724657553,22904.25848643387,inf,225.49275342447072,0,2,inf,0.6618144836702866,1.0,1.0,1.0,1.0,1.0,1.0,1.0,0.0,0.0,0.0
2024-11-07,23183.0,23189.0,23085.0,491.0,491.0,133.0,23408.970633221168,up,0.0,346.0790738606092,23255.346656403162,23024.50724657553,72.34665640316234,158.49275342447072,1,1,0.20904660774809378,0.4579668792349667,1.0,0.0,1.0,0.0,1.0,0.0,1.0,0.0,1.0,0.0
2024-11-08,23772.0,23794.0,23722.0,266.0,259.0,266.0,23673.52614117217,dn,0.0,359.88106682626545,23408.970633221168,23255.346656403162,inf,363.0293667788319,0,2,inf,1.0087481677775683,1.0,1.0,1.0,1.0,1.0,1.0,0.0,0.0,0.0,0.0
2024-11-11,23555.0,23618.0,23537.0,323.0,323.0,309.0,23458.437796266517,dn,1.0,350.9400128428116,23673.52614117217,23408.970633221168,118.52614117216945,146.0293667788319,1,1,0.3377390346915446,0.41610919654305545,1.0,1.0,1.0,1.0,1.0,1.0,0.0,0.0,0.0,0.0
2024-11-12,23013.0,23153.0,22983.0,379.0,259.0,379.0,23083.32220060271,up,1.0,348.2790592387343,23458.437796266517,23673.52614117217,445.43779626651667,inf,2,0,1.278968070145105,inf,1.0,1.0,1.0,1.0,1.0,1.0,0.0,1.0,0.0,0.0
2024-11-13,22755.0,22875.0,22730.0,285.0,285.0,252.0,22910.37432994202,up,0.0,351.2048631207596,23083.32220060271,23458.437796266517,328.3222006027099,inf,2,0,0.9348452572247508,inf,1.0,1.0,1.0,1.0,1.0,1.0,0.0,0.0,0.0,0.0
2024-11-14,22786.0,22845.0,22742.0,304.0,230.0,304.0,22726.406398432096,up,1.0,344.8996380616397,22910.37432994202,23083.32220060271,124.37432994202027,inf,2,0,0.360610207192483,inf,1.0,1.0,1.0,1.0,0.0,1.0,0.0,0.0,0.0,0.0
2024-11-15,22710.0,22796.0,22684.0,246.0,246.0,240.0,22812.314952930014,up,0.0,341.0044344367216,22726.406398432096,22910.37432994202,16.406398432096466,inf,2,0,0.04811197971427235,inf,1.0,1.0,1.0,1.0,1.0,0.0,0.0,0.0,0.0,0.0
2024-11-18,22654.0,22735.0,22602.0,245.0,187.0,245.0,22627.802257808962,up,1.0,331.9563930617958,22812.314952930014,22726.406398432096,72.40639843209647,inf,2,0,0.2181202108031628,inf,1.0,1.0,1.0,1.0,0.0,1.0,0.0,0.0,0.0,0.0
2024-11-19,22641.0,22715.0,22610.0,403.0,403.0,165.0,22795.851492754777,dn,1.0,323.67483181781523,22627.802257808962,22812.314952930014,171.31495293001353,13.197742191037833,1,1,0.5292810440894598,0.040774693901644975,1.0,1.0,1.0,1.0,1.0,0.0,1.0,0.0,1.0,0.0
2024-11-20,22947.0,22987.0,22940.0,244.0,106.0,244.0,22843.19825359099,up,1.0,331.2296097399281,22795.851492754777,22627.802257808962,inf,151.1485072452233,0,2,inf,0.4563254697063488,0.0,1.0,0.0,1.0,0.0,1.0,0.0,0.0,0.0,0.0
2024-11-21,22647.0,22678.0,22580.0,219.0,219.0,170.0,22614.18070384085,dn,1.0,322.92202785993493,22843.19825359099,22795.851492754777,148.8514927547767,inf,2,0,0.4609518085255551,inf,1.0,1.0,1.0,1.0,0.0,0.0,0.0,0.0,0.0,0.0
2024-11-22,22811.0,22864.0,22780.0,286.0,286.0,170.0,22964.669269154216,up,0.0,313.02469187327443,22614.18070384085,22843.19825359099,32.198253590988315,196.8192961591485,1,1,0.1028617052485544,0.6287660407276409,1.0,1.0,1.0,1.0,1.0,0.0,0.0,0.0,0.0,0.0
2024-11-25,23254.0,23287.0,23200.0,273.0,101.0,273.0,23142.733437104776,dn,0.0,310.45091169486733,22964.669269154216,22614.18070384085,inf,289.3307308457843,0,2,inf,0.9319693386185272,0.0,1.0,0.0,1.0,0.0,1.0,0.0,0.0,0.0,0.0
2024-11-26,22710.0,22787.0,22688.0,230.0,230.0,215.0,22720.48577927796,dn,1.0,306.88415820011807,23142.733437104776,22964.669269154216,254.66926915421573,inf,2,0,0.8298547264474525,inf,1.0,1.0,1.0,1.0,1.0,0.0,0.0,0.0,0.0,0.0
2024-11-27,22600.0,22637.0,22552.0,349.0,138.0,349.0,22517.698802341823,up,1.0,299.5618574191544,22720.48577927796,23142.733437104776,120.4857792779585,inf,2,0,0.4022066771650831,inf,1.0,1.0,0.0,1.0,0.0,1.0,0.0,1.0,0.0,0.0
2024-11-28,22302.0,22374.0,22302.0,268.0,249.0,268.0,22271.54744399158,up,1.0,304.2702519506635,22517.698802341823,22720.48577927796,215.69880234182347,inf,2,0,0.7089053266265358,inf,1.0,1.0,1.0,1.0,1.0,1.0,0.0,0.0,0.0,0.0
2024-11-29,22210.0,22221.0,22061.0,434.0,434.0,217.0,22249.95062925814,dn,1.0,300.8159422410765,22271.54744399158,22517.698802341823,61.54744399158153,inf,2,0,0.2046016694895009,inf,1.0,1.0,1.0,1.0,1.0,1.0,1.0,0.0,1.0,0.0
2024-12-02,22530.0,22597.0,22498.0,330.0,330.0,63.0,22715.25406392399,up,0.0,313.50013821811683,22249.95062925814,22271.54744399158,inf,258.45255600841847,0,2,inf,0.8244097035408668,1.0,0.0,1.0,0.0,1.0,0.0,1.0,0.0,0.0,0.0
2024-12-03,23152.0,23191.0,23087.0,192.0,150.0,192.0,23085.86498638662,dn,0.0,315.0715536259152,22715.25406392399,22249.95062925814,inf,436.7459360760113,0,2,inf,1.3861801582841724,1.0,1.0,0.0,1.0,0.0,0.0,0.0,0.0,0.0,0.0
2024-12-04,23200.0,23220.0,23160.0,225.0,225.0,149.0,23176.046871094877,dn,1.0,303.35045328058993,23085.86498638662,22715.25406392399,inf,114.13501361338058,0,2,inf,0.3762480404399105,1.0,1.0,1.0,0.0,1.0,0.0,0.0,0.0,0.0,0.0
2024-12-05,23260.0,23294.0,23243.0,117.0,113.0,117.0,23272.14911135212,up,1.0,295.8885053491052,23176.046871094877,23085.86498638662,inf,83.95312890512287,0,2,inf,0.2837323092563885,0.0,1.0,0.0,0.0,0.0,0.0,0.0,0.0,0.0,0.0
2024-12-06,23321.0,23360.0,23292.0,226.0,109.0,226.0,23246.06692504329,dn,0.0,278.8515048396666,23272.14911135212,23176.046871094877,inf,48.85088864788122,0,2,inf,0.17518603199207908,1.0,1.0,0.0,1.0,0.0,1.0,0.0,0.0,0.0,0.0
2024-12-09,23193.0,23263.0,23181.0,117.0,106.0,117.0,23226.399773305675,up,1.0,273.81802818826975,23246.06692504329,23272.14911135212,53.06692504329112,inf,2,0,0.1938036198507856,inf,1.0,1.0,0.0,0.0,0.0,0.0,0.0,0.0,0.0,0.0
2024-12-10,23228.0,23274.0,23180.0,311.0,157.0,311.0,23145.885836542577,up,1.0,258.882977884625,23226.399773305675,23246.06692504329,18.06692504329112,1.6002266943251016,1,1,0.06978799916054315,0.006181274286169043,1.0,1.0,1.0,1.0,0.0,1.0,0.0,1.0,0.0,0.0
2024-12-11,22887.0,22925.0,22862.0,231.0,193.0,231.0,22925.025625239196,up,1.0,263.846503800375,23145.885836542577,23226.399773305675,258.8858365425767,inf,2,0,0.98119866215263,inf,1.0,1.0,1.0,1.0,1.0,1.0,0.0,0.0,0.0,0.0
2024-12-12,23004.0,23095.0,23003.0,208.0,208.0,150.0,23119.755144904215,up,0.0,260.71826534319644,22925.025625239196,23145.885836542577,141.88583654257673,78.9743747608045,1,1,0.5442113399911024,0.3029107863112183,1.0,1.0,1.0,1.0,1.0,0.0,0.0,0.0,0.0,0.0
2024-12-13,22996.0,22999.0,22943.0,204.0,204.0,135.0,23001.436027162403,up,1.0,255.6974781676539,23119.755144904215,22925.025625239196,123.75514490421483,70.9743747608045,1,1,0.4839904788700025,0.27757166503718317,1.0,1.0,1.0,1.0,1.0,0.0,0.0,0.0,0.0,0.0
2024-12-16,23220.0,23237.0,23185.0,324.0,105.0,324.0,23102.118785694565,up,1.0,250.77390881835353,23001.436027162403,23119.755144904215,inf,100.24485509578517,0,2,inf,0.3997419650558499,1.0,1.0,0.0,1.0,0.0,1.0,0.0,1.0,0.0,1.0
2024-12-17,23105.0,23144.0,23086.0,191.0,133.0,191.0,23114.914476761307,dn,1.0,257.7478222642246,23102.118785694565,23001.436027162403,inf,2.881214305434696,0,2,inf,0.01117842346881628,1.0,1.0,1.0,1.0,0.0,1.0,0.0,0.0,0.0,0.0
2024-12-18,22937.0,22960.0,22926.0,298.0,298.0,120.0,23022.91155495591,up,1.0,251.39088681048895,23114.914476761307,23102.118785694565,165.1187856945653,inf,2,0,0.6568208887342847,inf,1.0,1.0,1.0,0.0,1.0,0.0,1.0,0.0,0.0,0.0
2024-12-19,22747.0,22777.0,22718.0,188.0,188.0,139.0,22826.583102129833,up,0.0,255.82984997139476,23022.91155495591,23114.914476761307,275.9115549559101,inf,2,0,1.0784963325693258,inf,1.0,1.0,1.0,1.0,1.0,0.0,0.0,0.0,0.0,0.0
2024-12-20,22767.0,22780.0,22709.0,203.0,158.0,203.0,22698.927923393774,up,1.0,249.36986425983335,22826.583102129833,23022.91155495591,59.583102129832696,inf,2,0,0.2389346535784673,inf,1.0,1.0,1.0,1.0,0.0,1.0,0.0,0.0,0.0,0.0
2024-12-23,22904.0,22963.0,22899.0,346.0,346.0,103.0,23091.737586446903,up,0.0,244.95368671127778,22698.927923393774,22826.583102129833,inf,77.4168978701673,0,2,inf,0.31604708183640084,1.0,1.0,1.0,0.0,1.0,0.0,1.0,0.0,1.0,0.0
2024-12-24,23430.0,23459.0,23381.0,272.0,62.0,272.0,23290.25331595653,dn,0.0,254.5771451197275,23091.737586446903,22698.927923393774,inf,338.26241355309685,0,2,inf,1.3287226290247391,0.0,1.0,0.0,1.0,0.0,1.0,0.0,1.0,0.0,0.0
2024-12-25,23340.0,23345.0,23310.0,109.0,105.0,109.0,23302.31712962963,dn,1.0,256.2364646321344,23290.25331595653,23091.737586446903,inf,49.74668404347176,0,2,inf,0.1941436559971686,1.0,1.0,0.0,0.0,0.0,0.0,0.0,0.0,0.0,0.0
2024-12-26,23358.0,23368.0,23328.0,95.0,63.0,95.0,23324.464856523497,up,1.0,242.21394419097876,23302.31712962963,23290.25331595653,inf,55.68287037036862,0,2,inf,0.22989126640233506,0.0,1.0,0.0,0.0,0.0,0.0,0.0,0.0,0.0,0.0
2024-12-30,23202.0,23260.0,23181.0,170.0,143.0,170.0,23242.634867887828,up,1.0,228.1935685537427,23324.464856523497,23302.31712962963,100.31712962963138,inf,2,0,0.4396141848581737,inf,1.0,1.0,1.0,1.0,0.0,1.0,0.0,0.0,0.0,0.0
2024-12-31,22998.0,23040.0,22987.0,155.0,155.0,110.0,23021.167552476476,dn,1.0,222.65132392957673,23242.634867887828,23324.464856523497,244.63486788782757,inf,2,0,1.0987352941373216,inf,1.0,1.0,1.0,0.0,0.0,0.0,0.0,0.0,0.0,0.0
2025-01-02,22935.0,22966.0,22881.0,306.0,187.0,306.0,22847.118562874253,up,1.0,216.20834069818847,23021.167552476476,23242.634867887828,86.16755247647598,inf,2,0,0.39853944671246416,inf,1.0,1.0,1.0,1.0,1.0,1.0,0.0,1.0,0.0,1.0
2025-01-03,22935.0,22992.0,22924.0,203.0,203.0,173.0,23001.911299906853,up,1.0,224.759927298361,22847.118562874253,23021.167552476476,86.16755247647598,87.88143712574674,1,1,0.38337595812660835,0.3910013594598079,1.0,1.0,1.0,1.0,1.0,1.0,0.0,0.0,0.0,0.0
2025-01-06,23222.0,23308.0,23218.0,402.0,402.0,64.0,23464.587261539324,up,0.0,222.68755326994565,23001.911299906853,22847.118562874253,inf,220.08870009314705,0,2,inf,0.9883295984053126,1.0,0.0,1.0,0.0,1.0,0.0,1.0,0.0,1.0,0.0
2025-01-07,23965.0,23990.0,23901.0,267.0,106.0,267.0,23835.792799680872,dn,0.0,239.76492914899845,23464.587261539324,23001.911299906853,inf,500.41273846067634,0,2,inf,2.0870973091719436,1.0,1.0,0.0,1.0,0.0,1.0,0.0,1.0,0.0,0.0
2025-01-08,23549.0,23590.0,23533.0,210.0,116.0,210.0,23535.433805961038,up,1.0,242.3587454205224,23835.792799680872,23464.587261539324,286.7927996808721,84.41273846067634,1,1,1.1833400077362635,0.34829664724584125,1.0,1.0,0.0,1.0,0.0,1.0,0.0,0.0,0.0,0.0
2025-01-09,23258.0,23339.0,23251.0,327.0,159.0,327.0,23258.83326392244,up,1.0,239.27696014237742,23535.433805961038,23835.792799680872,277.43380596103816,inf,2,0,1.1594672792397405,inf,1.0,1.0,1.0,1.0,0.0,1.0,0.0,1.0,0.0,1.0
2025-01-10,23083.0,23083.0,23023.0,186.0,170.0,186.0,23049.15850581321,up,1.0,247.6315353669129,23258.83326392244,23535.433805961038,175.83326392243907,inf,2,0,0.7100600642882937,inf,1.0,1.0,1.0,1.0,0.0,1.0,0.0,0.0,0.0,0.0
2025-01-13,22960.0,22978.0,22890.0,577.0,233.0,577.0,22624.697029193394,up,1.0,241.76186533196883,23049.15850581321,23258.83326392244,89.15850581321138,inf,2,0,0.36878647379224083,inf,1.0,1.0,1.0,1.0,1.0,1.0,0.0,1.0,0.0,1.0
2025-01-14,22594.0,22650.0,22563.0,237.0,237.0,141.0,22663.218560158803,,,273.6893067289242,22624.697029193394,23049.15850581321,30.697029193393973,inf,2,0,0.11216013354806688,inf,1.0,1.0,1.0,1.0,1.0,0.0,0.0,0.0,0.0,0.0
2025-01-15,22814.0,22821.0,22765.0,309.0,112.0,309.0,22640.470868558506,dn,0.0,270.19508704045523,22663.218560158803,22624.697029193394,inf,150.78143984119743,0,2,inf,0.5580465636616906,1.0,1.0,0.0,1.0,0.0,1.0,0.0,1.0,0.0,0.0
2025-01-16,23080.0,23080.0,23007.0,227.0,215.0,227.0,23081.358835954,up,1.0,273.89079303660236,22640.470868558506,22663.218560158803,inf,416.7814398411974,0,2,inf,1.5217066452668213,1.0,1.0,1.0,1.0,1.0,1.0,0.0,0.0,0.0,0.0
2025-01-17,23277.0,23318.0,23236.0,362.0,250.0,362.0,23106.47029953528,dn,0.0,269.4250032235926,23081.358835954,22640.470868558506,inf,195.64116404599918,0,2,inf,0.7261433115160395,1.0,1.0,1.0,1.0,1.0,1.0,0.0,1.0,0.0,1.0
2025-01-20,23249.0,23284.0,23222.0,195.0,195.0,92.0,23335.28148148148,up,0.0,278.2416695832505,23106.47029953528,23081.358835954,inf,142.5297004647182,0,2,inf,0.5122514563623728,1.0,0.0,1.0,0.0,0.0,0.0,0.0,0.0,0.0,0.0
2025-01-21,23426.0,23432.0,23306.0,229.0,220.0,229.0,23328.76458245136,dn,0.0,270.3138915277028,23335.28148148148,23106.47029953528,inf,90.71851851851898,0,2,inf,0.33560435242826503,1.0,1.0,1.0,1.0,1.0,1.0,0.0,0.0,0.0,0.0
2025-01-22,23600.0,23646.0,23590.0,146.0,146.0,115.0,23650.270324095818,dn,1.0,266.37923519173114,23328.76458245136,23335.28148148148,inf,264.718518518519,0,2,inf,0.9937655926070332,1.0,1.0,1.0,0.0,0.0,0.0,0.0,0.0,0.0,0.0
2025-02-03,22680.0,22740.0,22539.0,278.0,278.0,242.0,22652.092497980135,up,0.0,254.91454612585198,23650.270324095818,23328.76458245136,648.7645824513602,inf,2,0,2.5450277056024233,inf,1.0,1.0,1.0,1.0,1.0,1.0,1.0,0.0,0.0,0.0
2025-02-04,22919.0,22945.0,22872.0,237.0,122.0,237.0,22836.67648927584,dn,0.0,257.1131607805327,22652.092497980135,23650.270324095818,731.2703240958181,266.9075020198652,1,1,2.8441574981065147,1.0380935040804573,1.0,1.0,0.0,1.0,0.0,1.0,0.0,0.0,0.0,0.0
2025-02-05,23077.0,23107.0,23063.0,221.0,221.0,176.0,23194.124580910026,up,0.0,255.19762165857722,22836.67648927584,22652.092497980135,inf,240.32351072415986,0,2,inf,0.9417153230592522,1.0,1.0,1.0,1.0,1.0,0.0,0.0,0.0,0.0,0.0
2025-02-06,23355.0,23371.0,23323.0,145.0,93.0,145.0,23300.876974019357,dn,1.0,251.94070531014128,23194.124580910026,22836.67648927584,inf,160.87541908997446,0,2,inf,0.6385447674758843,0.0,1.0,0.0,1.0,0.0,0.0,0.0,0.0,0.0,0.0
2025-02-07,23285.0,23338.0,23278.0,187.0,187.0,71.0,23380.720003165894,up,0.0,241.75587623298497,23300.876974019357,23194.124580910026,15.876974019356567,90.87541908997446,1,1,0.06567358058364467,0.375897456996644,1.0,0.0,1.0,0.0,1.0,0.0,0.0,0.0,0.0,0.0
2025-02-10,23324.0,23336.0,23295.0,199.0,176.0,199.0,23258.1623191686,up,1.0,236.5410308774626,23380.720003165894,23300.876974019357,56.72000316589401,23.123025980643433,1,1,0.2397892786527897,0.09775482035766579,1.0,1.0,1.0,1.0,1.0,1.0,0.0,0.0,0.0,0.0
2025-02-11,23391.0,23422.0,23386.0,201.0,117.0,201.0,23395.516487857618,up,1.0,232.96569460341854,23258.1623191686,23380.720003165894,inf,10.279996834105987,0,2,inf,0.044126655006462644,1.0,1.0,1.0,1.0,0.0,1.0,0.0,0.0,0.0,0.0
2025-02-12,23429.0,23470.0,23420.0,244.0,116.0,244.0,23408.147212210297,up,1.0,229.9213427364263,23395.516487857618,23258.1623191686,inf,33.4835121423821,0,2,inf,0.1456302914025968,1.0,1.0,1.0,1.0,0.0,1.0,0.0,1.0,0.0,0.0
2025-02-13,23435.0,23460.0,23352.0,210.0,182.0,210.0,23359.397332176555,dn,0.0,231.26216723771904,23408.147212210297,23395.516487857618,inf,26.852787789703143,0,2,inf,0.11611405406445327,1.0,1.0,1.0,1.0,1.0,1.0,0.0,0.0,0.0,0.0
2025-02-14,23338.0,23349.0,23264.0,233.0,100.0,233.0,23202.36872872322,dn,0.0,229.23719892936484,23359.397332176555,23408.147212210297,21.39733217655521,inf,2,0,0.09334144840579908,inf,1.0,1.0,0.0,1.0,0.0,1.0,0.0,1.0,0.0,0.0
2025-02-17,23286.0,23355.0,23283.0,257.0,257.0,60.0,23447.024205434413,up,0.0,229.595560936092,23202.36872872322,23359.397332176555,73.39733217655521,83.63127127677944,1,1,0.31968097239033894,0.36425473966397043,1.0,0.0,1.0,0.0,1.0,0.0,1.0,0.0,0.0,0.0
2025-02-18,23570.0,23583.0,23525.0,197.0,197.0,117.0,23561.029411764706,dn,1.0,232.20550751360705,23447.024205434413,23202.36872872322,inf,122.97579456558742,0,2,inf,0.5295989568997675,1.0,1.0,1.0,1.0,1.0,0.0,0.0,0.0,0.0,0.0
2025-02-19,23582.0,23621.0,23568.0,127.0,127.0,124.0,23620.753799790356,up,0.0,228.85260203612066,23561.029411764706,23447.024205434413,inf,20.97058823529369,0,2,inf,0.09163360192856283,1.0,1.0,1.0,1.0,0.0,0.0,0.0,0.0,0.0,0.0
2025-02-20,23505.0,23564.0,23501.0,193.0,193.0,193.0,23480.705705757224,dn,0.0,219.15235422315678,23620.753799790356,23561.029411764706,56.02941176470631,inf,2,0,0.2556642020265642,inf,1.0,1.0,1.0,1.0,1.0,1.0,0.0,0.0,0.0,0.0
2025-02-21,23533.0,23567.0,23505.0,287.0,287.0,93.0,23645.569153826353,dn,1.0,216.66165382095136,23480.705705757224,23620.753799790356,87.75379979035642,52.29429424277623,1,1,0.40502690828196086,0.24136386536582105,1.0,1.0,1.0,0.0,1.0,0.0,1.0,0.0,1.0,0.0
2025-02-24,23549.0,23552.0,23456.0,120.0,120.0,108.0,23509.264295804925,,,223.3605439332417,23645.569153826353,23480.705705757224,96.5691538263527,68.29429424277623,1,1,0.4323465197829005,0.3057580942459924,1.0,1.0,1.0,0.0,0.0,0.0,0.0,0.0,0.0,0.0
2025-02-25,23231.0,23263.0,23206.0,207.0,207.0,142.0,23252.27068709672,up,1.0,213.5166826062663,23509.264295804925,23645.569153826353,278.2642958049255,inf,2,0,1.3032438140585787,inf,1.0,1.0,1.0,1.0,1.0,0.0,0.0,0.0,0.0,0.0
2025-02-26,23150.0,23175.0,23130.0,317.0,317.0,91.0,23272.349784052305,up,1.0,212.89604616757427,23252.27068709672,23509.264295804925,102.27068709671948,inf,2,0,0.48037851776834034,inf,1.0,1.0,1.0,0.0,1.0,0.0,1.0,0.0,1.0,0.0
2025-02-27,23374.0,23426.0,23372.0,307.0,98.0,307.0,23246.826973378284,up,1.0,222.8107084373291,23272.349784052305,23252.27068709672,inf,101.65021594769496,0,2,inf,0.45621782121969484,1.0,1.0,0.0,1.0,0.0,1.0,0.0,1.0,0.0,1.0
2025-03-03,22650.0,22747.0,22640.0,186.0,174.0,186.0,22699.523818051577,dn,1.0,230.82873620520252,23246.826973378284,23272.349784052305,596.8269733782836,inf,2,0,2.5855835074525353,inf,1.0,1.0,1.0,1.0,1.0,1.0,0.0,0.0,0.0,0.0
2025-03-04,22242.0,22284.0,22194.0,474.0,474.0,123.0,22470.076301798937,up,0.0,226.559332757088,22699.523818051577,23246.826973378284,457.5238180515771,inf,2,0,2.0194437037035424,inf,1.0,1.0,1.0,1.0,1.0,0.0,1.0,0.0,1.0,0.0
2025-03-05,22659.0,22744.0,22637.0,290.0,290.0,110.0,22832.204069921427,up,0.0,250.12511058974627,22470.076301798937,22699.523818051577,40.52381805157711,188.9236982010625,1,1,0.16201419344115367,0.7553168002829354,1.0,1.0,1.0,0.0,1.0,0.0,1.0,0.0,0.0,0.0
2025-03-06,22991.0,23017.0,22888.0,313.0,113.0,313.0,22810.70191998284,dn,0.0,253.92271910500853,22832.204069921427,22470.076301798937,inf,158.7959300785733,0,2,inf,0.6253710996726685,1.0,1.0,0.0,1.0,0.0,1.0,0.0,1.0,0.0,1.0
2025-03-07,22499.0,22580.0,22482.0,205.0,203.0,205.0,22564.729623809963,up,1.0,259.5491268092934,22810.70191998284,22832.204069921427,311.7019199828392,inf,2,0,1.2009361149261952,inf,1.0,1.0,1.0,1.0,1.0,1.0,0.0,0.0,0.0,0.0
2025-03-10,22456.0,22520.0,22446.0,232.0,216.0,232.0,22440.0943832701,up,1.0,254.353971875075,22564.729623809963,22810.70191998284,108.7296238099625,inf,2,0,0.4274736620325499,inf,1.0,1.0,1.0,1.0,1.0,1.0,0.0,0.0,0.0,0.0
2025-03-11,21868.0,21947.0,21785.0,424.0,424.0,286.0,21904.600258954557,dn,1.0,252.2250221726869,22440.0943832701,22564.729623809963,572.0943832701014,inf,2,0,2.268190437023392,inf,1.0,1.0,1.0,1.0,1.0,1.0,1.0,1.0,1.0,0.0
2025-03-12,22101.0,22122.0,22044.0,301.0,301.0,235.0,22191.419547931742,up,0.0,268.58454387052626,21904.600258954557,22440.0943832701,339.0943832701014,196.39974104544308,1,1,1.2625238160896,0.7312399225032079,1.0,1.0,1.0,1.0,1.0,1.0,1.0,0.0,0.0,0.0
2025-03-13,22445.0,22465.0,22415.0,558.0,98.0,558.0,22192.778451677834,dn,0.0,271.6717301685714,22191.419547931742,21904.600258954557,inf,253.58045206825773,0,2,inf,0.9334075794743601,0.0,1.0,0.0,1.0,0.0,1.0,0.0,1.0,0.0,1.0
2025-03-14,22120.0,22131.0,22035.0,257.0,166.0,257.0,21976.688917720527,dn,0.0,298.94108920013605,22192.778451677834,22191.419547931742,71.41954793174227,inf,2,0,0.23890843551428984,inf,1.0,1.0,1.0,1.0,0.0,1.0,0.0,0.0,0.0,0.0
2025-03-17,22161.0,22244.0,22160.0,201.0,180.0,201.0,22200.63103988799,dn,1.0,294.94669975250406,21976.688917720527,22192.778451677834,31.7784516778338,184.31108227947334,1,1,0.10774303189186304,0.6248962352660078,1.0,1.0,1.0,1.0,0.0,0.0,0.0,0.0,0.0,0.0
2025-03-18,22373.0,22385.0,22316.0,194.0,90.0,194.0,22266.968901721346,dn,0.0,285.9993950141703,22200.63103988799,21976.688917720527,inf,172.36896011200952,0,2,inf,0.6026899466114927,0.0,1.0,0.0,1.0,0.0,0.0,0.0,0.0,0.0,0.0
2025-03-19,22244.0,22262.0,22220.0,285.0,71.0,285.0,22093.76800418868,dn,0.0,277.23754786996363,22266.968901721346,22200.63103988799,22.9689017213459,43.36896011200952,1,1,0.08284917356187015,0.15643249063922407,0.0,1.0,0.0,1.0,0.0,1.0,0.0,1.0,0.0,0.0
2025-03-20,22236.0,22248.0,22202.0,215.0,215.0,133.0,22319.2551326748,up,0.0,277.9768290252052,22093.76800418868,22266.968901721346,30.9689017213459,142.23199581131848,1,1,0.11140821279941228,0.511668531186899,1.0,1.0,1.0,0.0,1.0,0.0,0.0,0.0,0.0,0.0
2025-03-21,22323.0,22377.0,22293.0,204.0,104.0,204.0,22256.532205267664,dn,0.0,271.9790357847094,22319.2551326748,22093.76800418868,inf,3.7448673252001754,0,2,inf,0.013768955810860737,0.0,1.0,0.0,1.0,0.0,1.0,0.0,0.0,0.0,0.0
2025-03-24,22302.0,22386.0,22290.0,275.0,109.0,275.0,22242.936901166908,,,265.50484190045137,22256.532205267664,22319.2551326748,17.255132674799825,45.46779473233619,1,1,0.0649898983057698,0.17125034107432183,1.0,1.0,0.0,1.0,0.0,1.0,0.0,1.0,0.0,0.0
2025-03-25,22330.0,22404.0,22328.0,241.0,123.0,241.0,22318.462157181235,dn,1.0,266.40914267183695,22242.936901166908,22256.532205267664,inf,73.46779473233619,0,2,inf,0.27577054599373824,1.0,1.0,0.0,1.0,0.0,1.0,0.0,0.0,0.0,0.0
2025-03-26,22409.0,22425.0,22382.0,179.0,96.0,179.0,22330.388429905157,dn,1.0,263.98922432213817,22318.462157181235,22242.936901166908,inf,90.53784281876506,0,2,inf,0.3429603729138748,0.0,1.0,0.0,1.0,0.0,0.0,0.0,0.0,0.0,0.0
2025-03-27,22031.0,22052.0,21978.0,161.0,101.0,161.0,21958.01505671031,dn,0.0,255.89501248193454,22330.388429905157,22318.462157181235,287.46215718123494,inf,2,0,1.1233597497392762,inf,1.0,1.0,0.0,1.0,0.0,0.0,0.0,0.0,0.0,0.0
2025-03-28,21750.0,21795.0,21722.0,310.0,129.0,310.0,21624.096510689793,dn,0.0,246.85739224555982,21958.01505671031,22330.388429905157,208.01505671030827,inf,2,0,0.8426527349174402,inf,1.0,1.0,1.0,1.0,0.0,1.0,0.0,1.0,0.0,1.0
2025-03-31,20856.0,20984.0,20856.0,341.0,209.0,341.0,20876.302428127427,up,1.0,252.87097393645888,21624.096510689793,21958.01505671031,768.0965106897929,inf,2,0,3.03750366731612,inf,1.0,1.0,1.0,1.0,1.0,1.0,0.0,1.0,0.0,1.0
2025-04-01,21000.0,21010.0,20888.0,383.0,383.0,122.0,21105.921863455,,,261.264214513939,20876.302428127427,21624.096510689793,624.0965106897929,123.69757187257346,1,1,2.388756193996465,0.4734577680403067,1.0,1.0,1.0,0.0,1.0,0.0,1.0,0.0,1.0,0.0
2025-04-02,21273.0,21327.0,21261.0,172.0,135.0,172.0,21275.12896040729,dn,1.0,272.8580988459448,21105.921863455,20876.302428127427,inf,167.07813654499842,0,2,inf,0.6123261037574348,1.0,1.0,0.0,1.0,0.0,0.0,0.0,0.0,0.0,0.0
2025-04-07,19167.0,19167.0,19167.0,0.0,0.0,0.0,19167.0,,,263.2525656225215,21275.12896040729,21105.921863455,1938.9218634550016,inf,2,0,7.365253435878101,inf,0.0,0.0,0.0,0.0,0.0,0.0,0.0,0.0,0.0,0.0
2025-04-08,18596.0,18639.0,18439.0,750.0,423.0,750.0,18343.2368017784,dn,1.0,238.18089270609087,19167.0,21275.12896040729,571.0,inf,2,0,2.3973375593339443,inf,1.0,1.0,1.0,1.0,1.0,1.0,1.0,1.0,1.0,1.0
2025-04-09,17846.0,17976.0,17843.0,1147.0,443.0,1147.0,17685.69069336847,up,1.0,286.9255695912251,18343.2368017784,19167.0,497.23680177839924,inf,2,0,1.7329818408544024,inf,1.0,1.0,1.0,1.0,1.0,1.0,1.0,1.0,1.0,1.0
2025-04-10,18902.0,18902.0,18902.0,0.0,0.0,0.0,18902.0,,,368.8374201063465,17685.69069336847,18343.2368017784,inf,558.7631982216008,0,2,inf,1.5149308821770122,0.0,0.0,0.0,0.0,0.0,0.0,0.0,0.0,0.0,0.0
2025-04-11,18560.0,18725.0,18554.0,1125.0,1125.0,284.0,19073.713596460806,dn,1.0,333.71004676288493,18902.0,17685.69069336847,342.0,874.3093066315305,1,1,1.0248417850092642,2.6199669896446482,1.0,1.0,1.0,1.0,1.0,1.0,1.0,0.0,1.0,0.0
2025-04-14,19800.0,19850.0,19695.0,532.0,299.0,532.0,19672.79570184984,dn,1.0,409.0709946902292,19073.713596460806,18902.0,inf,726.286403539194,0,2,inf,1.7754531926400148,1.0,1.0,1.0,1.0,1.0,1.0,0.0,1.0,0.0,1.0
2025-04-15,19585.0,19610.0,19544.0,316.0,316.0,108.0,19703.4308978072,dn,1.0,420.7785190054455,19672.79570184984,19073.713596460806,87.79570184983822,511.286403539194,1,1,0.20865062707419724,1.215096257165583,1.0,0.0,1.0,0.0,1.0,0.0,0.0,0.0,0.0,0.0
2025-04-16,19539.0,19610.0,19539.0,318.0,91.0,318.0,19445.897481678327,dn,0.0,410.79961243349834,19703.4308978072,19672.79570184984,133.79570184983822,inf,2,0,0.32569578402778443,inf,0.0,1.0,0.0,1.0,0.0,1.0,0.0,0.0,0.0,0.0
2025-04-17,19243.0,19341.0,19222.0,294.0,294.0,229.0,19273.689470086334,dn,1.0,401.9615541064985,19445.897481678327,19703.4308978072,202.89748167832659,inf,2,0,0.504768377984153,inf,1.0,1.0,1.0,1.0,1.0,0.0,0.0,0.0,0.0,0.0
2025-04-18,19380.0,19396.0,19342.0,144.0,144.0,127.0,19361.26712058188,dn,1.0,391.67950133445106,19273.689470086334,19445.897481678327,65.89748167832659,106.31052991366596,1,1,0.16824337616294455,0.27142224587058106,0.0,0.0,0.0,0.0,0.0,0.0,0.0,0.0,0.0,0.0
2025-04-21,19347.0,19368.0,19225.0,341.0,141.0,341.0,19132.60230202425,dn,0.0,368.0909773978367,19361.26712058188,19273.689470086334,14.26712058188059,73.31052991366596,1,1,0.038759767171528715,0.1991641589042025,0.0,1.0,0.0,1.0,0.0,1.0,0.0,0.0,0.0,0.0
2025-04-22,18945.0,18972.0,18915.0,262.0,192.0,262.0,18887.8912250068,dn,1.0,365.5108843123284,19132.60230202425,19361.26712058188,187.6023020242501,inf,2,0,0.5132605076240199,inf,1.0,1.0,1.0,1.0,0.0,1.0,0.0,0.0,0.0,0.0
2025-04-23,19250.0,19250.0,19171.0,425.0,425.0,108.0,19432.980347783112,up,0.0,355.6527048540114,18887.8912250068,19132.60230202425,inf,117.3976979757499,0,2,inf,0.3300908340453629,1.0,0.0,1.0,0.0,1.0,0.0,1.0,0.0,0.0,0.0
2025-04-24,19636.0,19660.0,19593.0,269.0,90.0,269.0,19530.189938468942,up,1.0,362.2572091536294,19432.980347783112,18887.8912250068,inf,203.01965221688806,0,2,inf,0.5604295707219166,0.0,1.0,0.0,1.0,0.0,1.0,0.0,0.0,0.0,0.0
2025-04-25,19980.0,19992.0,19922.0,160.0,111.0,160.0,19917.10684869852,up,1.0,353.37557018661704,19530.189938468942,19432.980347783112,inf,449.8100615310577,0,2,inf,1.272895184275228,0.0,1.0,0.0,0.0,0.0,0.0,0.0,0.0,0.0,0.0
2025-04-28,19965.0,20010.0,19954.0,120.0,99.0,120.0,19990.16139069264,up,1.0,334.958849216463,19917.10684869852,19530.189938468942,inf,47.89315130147952,0,2,inf,0.14298219442033358,0.0,0.0,0.0,0.0,0.0,0.0,0.0,0.0,0.0,0.0
2025-04-29,19980.0,20024.0,19976.0,244.0,244.0,112.0,20104.350722630898,up,1.0,314.48657786251414,19990.16139069264,19917.10684869852,10.161390692639543,62.89315130147952,1,1,0.032311047300345695,0.19998675850953126,1.0,0.0,1.0,0.0,1.0,0.0,0.0,0.0,0.0,0.0
2025-04-30,20091.0,20122.0,20065.0,203.0,203.0,179.0,20152.07924762085,up,0.0,307.7735704470366,20104.350722630898,19990.16139069264,13.350722630897508,100.83860930736046,1,1,0.04337839214558215,0.32763894950724276,1.0,1.0,1.0,1.0,0.0,0.0,0.0,0.0,0.0,0.0
2025-05-02,20488.0,20549.0,20469.0,241.0,241.0,101.0,20592.1454280392,up,0.0,297.79513516636644,20152.07924762085,20104.350722630898,inf,335.9207523791483,0,2,inf,1.1280263265263974,1.0,0.0,1.0,0.0,1.0,0.0,0.0,0.0,0.0,0.0
2025-05-05,20757.0,20796.0,20738.0,590.0,279.0,590.0,20456.011866112083,dn,0.0,292.38607467433155,20592.1454280392,20152.07924762085,inf,164.85457196080097,0,2,inf,0.5638249774529138,1.0,1.0,1.0,1.0,1.0,1.0,0.0,1.0,0.0,1.0
2025-05-06,20150.0,20232.0,20150.0,333.0,333.0,159.0,20355.787993712776,up,0.0,320.7302580386809,20456.011866112083,20592.1454280392,306.0118661120832,inf,2,0,0.9541097493681977,inf,1.0,1.0,1.0,0.0,1.0,0.0,1.0,0.0,0.0,0.0
2025-05-07,20440.0,20560.0,20428.0,295.0,175.0,295.0,20391.709856623504,dn,0.0,321.8988048921399,20355.787993712776,20456.011866112083,16.011866112083226,84.21200628722363,1,1,0.04974192469415472,0.2616101862056957,1.0,1.0,1.0,1.0,0.0,1.0,0.0,0.0,0.0,0.0
2025-05-08,20475.0,20548.0,20452.0,243.0,243.0,165.0,20588.52715366198,up,0.0,319.33701395003135,20391.709856623504,20355.787993712776,inf,83.29014337649642,0,2,inf,0.26082207742297403,1.0,1.0,1.0,1.0,1.0,0.0,0.0,0.0,0.0,0.0
2025-05-09,20649.0,20677.0,20627.0,276.0,276.0,122.0,20740.05738799988,up,1.0,312.0668221452665,20588.52715366198,20391.709856623504,inf,60.472846338019735,0,2,inf,0.1937817225243821,1.0,1.0,1.0,0.0,1.0,0.0,0.0,0.0,0.0,0.0
2025-05-12,21015.0,21047.0,20981.0,156.0,156.0,132.0,21065.140105714087,up,0.0,308.63188670286013,20740.05738799988,20588.52715366198,inf,274.94261200011897,0,2,inf,0.890843181945176,1.0,1.0,1.0,0.0,0.0,0.0,0.0,0.0,0.0,0.0
2025-05-13,21421.0,21496.0,21407.0,232.0,113.0,232.0,21398.540593338188,up,1.0,294.095516540683,21065.140105714087,20740.05738799988,inf,355.85989428591347,0,2,inf,1.2100146866288133,0.0,1.0,0.0,1.0,0.0,1.0,0.0,0.0,0.0,0.0
2025-05-14,21677.0,21718.0,21658.0,208.0,208.0,151.0,21685.550600731323,dn,1.0,288.1816578225227,21398.540593338188,21065.140105714087,inf,278.45940666181195,0,2,inf,0.9662634630039563,1.0,1.0,1.0,1.0,1.0,0.0,0.0,0.0,0.0,0.0
2025-05-15,21776.0,21806.0,21723.0,134.0,134.0,130.0,21745.543043943777,,,280.54530945847296,21685.550600731323,21398.540593338188,inf,90.44939926867664,0,2,inf,0.3224056728778251,1.0,1.0,0.0,0.0,0.0,0.0,0.0,0.0,0.0,0.0
2025-05-16,21775.0,21785.0,21709.0,199.0,199.0,106.0,21792.777537437603,dn,1.0,266.58861331957075,21745.543043943777,21685.550600731323,inf,29.456956056223135,0,2,inf,0.11049592737448193,1.0,1.0,1.0,0.0,1.0,0.0,0.0,0.0,0.0,0.0
2025-05-19,21682.0,21730.0,21654.0,249.0,107.0,249.0,21616.69338664534,up,1.0,260.1516025272307,21792.777537437603,21745.543043943777,63.543043943776865,inf,2,0,0.24425390167306643,inf,1.0,1.0,0.0,1.0,0.0,1.0,0.0,0.0,0.0,0.0
2025-05-20,21753.0,21772.0,21729.0,267.0,73.0,267.0,21609.666641576183,dn,0.0,259.0895451436849,21616.69338664534,21792.777537437603,39.777537437603314,136.30661335465993,1,1,0.15352814570554607,0.5260984702376451,0.0,1.0,0.0,1.0,0.0,1.0,0.0,1.0,0.0,0.0
2025-05-21,21472.0,21535.0,21472.0,275.0,275.0,82.0,21637.227999609964,up,0.0,259.8429217966673,21609.666641576183,21616.69338664534,137.66664157618288,inf,2,0,0.5298071643602822,inf,1.0,0.0,1.0,0.0,1.0,0.0,1.0,0.0,0.0,0.0
2025-05-22,21465.0,21545.0,21457.0,154.0,120.0,154.0,21479.222331007186,up,1.0,261.2864530541276,21637.227999609964,21609.666641576183,144.66664157618288,inf,2,0,0.5536706548893066,inf,1.0,1.0,0.0,1.0,0.0,0.0,0.0,0.0,0.0,0.0
2025-05-23,21558.0,21616.0,21551.0,268.0,117.0,268.0,21492.86410191872,up,1.0,251.06869562040117,21479.222331007186,21637.227999609964,79.22799960996417,78.77766899281414,1,1,0.3155630351055455,0.31376938012184774,1.0,1.0,0.0,1.0,0.0,1.0,0.0,1.0,0.0,0.0
2025-05-26,21450.0,21569.0,21445.0,212.0,124.0,212.0,21431.98051350969,dn,0.0,252.6812007994106,21492.86410191872,21479.222331007186,29.222331007185858,inf,2,0,0.11564901114421973,inf,1.0,1.0,0.0,1.0,0.0,1.0,0.0,0.0,0.0,0.0
2025-05-27,21403.0,21438.0,21400.0,305.0,100.0,305.0,21253.83564553601,dn,0.0,248.80680072327624,21431.98051350969,21492.86410191872,28.980513509690354,inf,2,0,0.11647797980378591,inf,1.0,1.0,0.0,1.0,0.0,1.0,0.0,1.0,0.0,1.0
2025-05-28,21420.0,21475.0,21413.0,362.0,125.0,362.0,21318.24360403666,up,1.0,254.15853398772612,21253.83564553601,21431.98051350969,11.980513509690354,166.16435446398827,1,1,0.04713795488869526,0.6537823139631924,1.0,1.0,0.0,1.0,0.0,1.0,0.0,1.0,0.0,1.0
2025-05-29,21513.0,21608.0,21506.0,341.0,110.0,341.0,21389.23627200733,dn,0.0,264.42914979841885,21318.24360403666,21253.83564553601,inf,194.75639596334076,0,2,inf,0.7365163640688199,1.0,1.0,0.0,1.0,0.0,1.0,0.0,1.0,0.0,1.0
2025-06-02,20976.0,21022.0,20955.0,259.0,103.0,259.0,20896.818789093337,up,1.0,271.72161172237895,21389.23627200733,21318.24360403666,342.24360403665924,inf,2,0,1.2595376638142917,inf,0.0,1.0,0.0,1.0,0.0,1.0,0.0,0.0,0.0,0.0
2025-06-03,21034.0,21082.0,21012.0,266.0,209.0,266.0,21059.229933084585,up,1.0,270.51002965358094,20896.818789093337,21389.23627200733,355.2362720073288,137.18121090666318,1,1,1.3132092457431228,0.507120608734321,1.0,1.0,1.0,1.0,1.0,1.0,0.0,1.0,0.0,0.0
2025-06-04,21280.0,21316.0,21267.0,272.0,272.0,73.0,21436.34101127256,dn,1.0,270.0805030199066,21059.229933084585,20896.818789093337,inf,220.77006691541465,0,2,inf,0.8174231921477966,1.0,0.0,1.0,0.0,1.0,0.0,1.0,0.0,0.0,0.0
2025-06-05,21589.0,21612.0,21551.0,165.0,126.0,165.0,21577.90613429184,up,1.0,270.26331225610596,21436.34101127256,21059.229933084585,inf,152.65898872743855,0,2,inf,0.5648528002305262,1.0,1.0,0.0,1.0,0.0,0.0,0.0,0.0,0.0,0.0
2025-06-06,21599.0,21606.0,21550.0,117.0,103.0,117.0,21566.436194338465,dn,1.0,260.23823489838156,21577.90613429184,21436.34101127256,inf,21.093865708160592,0,2,inf,0.08105598209424289,1.0,1.0,0.0,0.0,0.0,0.0,0.0,0.0,0.0,0.0
2025-06-09,21663.0,21775.0,21658.0,162.0,130.0,162.0,21702.874848879383,,,246.59649824139285,21566.436194338465,21577.90613429184,inf,85.09386570816059,0,2,inf,0.34507329307191686,1.0,1.0,1.0,1.0,0.0,0.0,0.0,0.0,0.0,0.0
2025-06-10,21879.0,21896.0,21850.0,386.0,386.0,195.0,22087.7457717081,up,0.0,238.53968888506972,21702.874848879383,21566.436194338465,inf,176.12515112061737,0,2,inf,0.7383473666114986,1.0,1.0,1.0,1.0,1.0,1.0,1.0,0.0,1.0,0.0
2025-06-11,22296.0,22310.0,22265.0,165.0,165.0,143.0,22285.96471219643,up,1.0,252.5835280388726,22087.7457717081,21702.874848879383,inf,208.25422829189847,0,2,inf,0.8244964741321064,1.0,1.0,1.0,1.0,0.0,0.0,0.0,0.0,0.0,0.0
2025-06-12,22315.0,22329.0,22266.0,115.0,102.0,115.0,22261.277857142857,dn,0.0,244.24223965421805,22285.96471219643,22087.7457717081,inf,29.0352878035701,0,2,inf,0.11887905975918142,1.0,1.0,0.0,0.0,0.0,0.0,0.0,0.0,0.0,0.0
2025-06-13,21954.0,22048.0,21906.0,246.0,246.0,205.0,22000.327676960096,,,231.93345492524492,22261.277857142857,22285.96471219643,307.2778571428571,inf,2,0,1.3248535328458615,inf,1.0,1.0,1.0,1.0,1.0,1.0,1.0,0.0,0.0,0.0
2025-06-16,22030.0,22061.0,21971.0,193.0,174.0,193.0,21960.078349762687,dn,0.0,233.2731258847454,22000.327676960096,22261.277857142857,231.2778571428571,29.67232303990386,1,1,0.9914466412094374,0.12719992038244574,1.0,1.0,1.0,1.0,1.0,1.0,0.0,0.0,0.0,0.0
2025-06-17,22150.0,22203.0,22130.0,199.0,130.0,199.0,22149.782523236834,up,1.0,229.43759008619824,21960.078349762687,22000.327676960096,inf,149.67232303990386,0,2,inf,0.6523443825559401,1.0,1.0,1.0,1.0,0.0,1.0,0.0,0.0,0.0,0.0
2025-06-18,21714.0,21745.0,21694.0,268.0,268.0,115.0,21874.258041939218,up,0.0,226.5387719827508,22149.782523236834,21960.078349762687,246.07834976268714,inf,2,0,1.0862526869414837,inf,1.0,1.0,1.0,1.0,1.0,0.0,1.0,0.0,0.0,0.0
2025-06-19,21820.0,21835.0,21782.0,182.0,80.0,182.0,21736.30406479449,up,1.0,230.48746036534595,21874.258041939218,22149.782523236834,54.25804193921795,inf,2,0,0.23540561318699707,inf,0.0,1.0,0.0,1.0,0.0,1.0,0.0,0.0,0.0,0.0
2025-06-20,21635.0,21692.0,21627.0,273.0,194.0,273.0,21601.15752840073,up,1.0,225.86960699721777,21736.30406479449,21874.258041939218,101.30406479449084,inf,2,0,0.4485068449060466,inf,1.0,1.0,1.0,1.0,1.0,1.0,0.0,1.0,0.0,0.0
2025-06-23,21350.0,21398.0,21290.0,279.0,279.0,193.0,21356.80892043332,dn,1.0,230.3582158546256,21601.15752840073,21736.30406479449,251.15752840073037,inf,2,0,1.090291168773554,inf,1.0,1.0,1.0,1.0,1.0,1.0,1.0,0.0,0.0,0.0
2025-06-24,21770.0,21830.0,21764.0,202.0,202.0,145.0,21885.31676626063,up,0.0,234.99076672561364,21356.80892043332,21601.15752840073,inf,168.84247159926963,0,2,inf,0.7185068330638629,1.0,1.0,1.0,1.0,1.0,0.0,0.0,0.0,0.0,0.0
2025-06-25,22138.0,22149.0,22070.0,151.0,151.0,132.0,22091.27341389728,,,231.84878894222186,21885.31676626063,21356.80892043332,inf,252.68323373937164,0,2,inf,1.0898622110221239,1.0,1.0,1.0,1.0,0.0,0.0,0.0,0.0,0.0,0.0
2025-06-26,22161.0,22217.0,22160.0,185.0,124.0,185.0,22170.811050847456,,,224.14890428105787,22091.27341389728,21885.31676626063,inf,69.72658610271901,0,2,inf,0.3110726163322646,1.0,1.0,1.0,1.0,0.0,1.0,0.0,0.0,0.0,0.0
2025-06-27,22197.0,22221.0,22178.0,232.0,139.0,232.0,22087.53466012237,dn,0.0,220.4204372066714,22170.811050847456,22091.27341389728,inf,26.1889491525435,0,2,inf,0.11881361585354322,1.0,1.0,1.0,1.0,0.0,1.0,0.0,1.0,0.0,0.0
2025-06-30,22239.0,22254.0,22180.0,171.0,103.0,171.0,22143.42663215302,dn,0.0,221.52325271079795,22087.53466012237,22170.811050847456,inf,68.1889491525435,0,2,inf,0.3078184719577282,1.0,1.0,0.0,1.0,0.0,1.0,0.0,0.0,0.0,0.0
2025-07-01,22197.0,22232.0,22191.0,402.0,402.0,307.0,22423.653059795546,up,0.0,216.7115143573886,22143.42663215302,22087.53466012237,inf,53.573367846980545,0,2,inf,0.2472105278108588,1.0,1.0,1.0,1.0,1.0,1.0,1.0,1.0,1.0,1.0
2025-07-02,22298.0,22299.0,22224.0,193.0,193.0,91.0,22313.685096964586,dn,1.0,234.35803679954208,22423.653059795546,22143.42663215302,125.65305979554614,154.57336784698055,1,1,0.5361585269764969,0.6595607727299522,1.0,1.0,1.0,0.0,1.0,0.0,0.0,0.0,0.0,0.0
2025-07-03,22568.0,22636.0,22547.0,169.0,169.0,79.0,22655.760031251742,up,0.0,230.41917615196664,22313.685096964586,22423.653059795546,inf,144.34694020445386,0,2,inf,0.626453677228903,1.0,0.0,1.0,0.0,1.0,0.0,0.0,0.0,0.0,0.0
2025-07-04,22739.0,22762.0,22711.0,331.0,50.0,331.0,22561.233173889075,dn,0.0,224.5697308041603,22655.760031251742,22313.685096964586,inf,83.23996874825752,0,2,inf,0.3706642406800955,0.0,1.0,0.0,1.0,0.0,1.0,0.0,1.0,0.0,1.0
2025-07-07,22349.0,22506.0,22345.0,262.0,180.0,262.0,22345.601020072394,dn,0.0,234.7059469180498,22561.233173889075,22655.760031251742,212.23317388907526,inf,2,0,0.9042513693237558,inf,1.0,1.0,1.0,1.0,1.0,1.0,0.0,1.0,0.0,0.0
2025-07-08,22353.0,22397.0,22294.0,256.0,174.0,256.0,22248.91108327122,dn,0.0,237.3053805449022,22345.601020072394,22561.233173889075,208.23317388907526,7.3989799276059784,1,1,0.8774903182175173,0.031179149459723127,1.0,1.0,1.0,1.0,1.0,1.0,0.0,1.0,0.0,0.0
2025-07-09,22250.0,22255.0,22157.0,327.0,327.0,109.0,22334.27354603147,up,0.0,239.08582049300674,22248.91108327122,22345.601020072394,95.60102007239402,1.0889167287787131,1,1,0.3998606854863246,0.0045545015029888145,1.0,1.0,1.0,0.0,1.0,0.0,1.0,0.0,1.0,0.0
2025-07-10,22470.0,22516.0,22428.0,237.0,237.0,106.0,22544.016238207132,dn,1.0,247.45859949367275,22334.27354603147,22248.91108327122,inf,135.72645396853113,0,2,inf,0.5484814601159234,1.0,1.0,1.0,0.0,1.0,0.0,0.0,0.0,0.0,0.0
2025-07-11,22519.0,22555.0,22488.0,286.0,286.0,87.0,22662.93973321905,up,0.0,246.46254239903726,22544.016238207132,22334.27354603147,25.01623820713212,184.72645396853113,1,1,0.1015011772727288,0.7495112732767651,1.0,0.0,1.0,0.0,1.0,0.0,1.0,0.0,0.0,0.0
2025-07-14,22670.0,22695.0,22650.0,175.0,89.0,175.0,22583.785166291374,dn,0.0,250.22801455150992,22662.93973321905,22544.016238207132,inf,7.060266780950769,0,2,inf,0.028215333097715165,0.0,1.0,0.0,1.0,0.0,0.0,0.0,0.0,0.0,0.0
2025-07-15,22529.0,22560.0,22512.0,370.0,370.0,169.0,22742.30869744557,up,0.0,243.0634417370804,22583.785166291374,22662.93973321905,54.78516629137448,inf,2,0,0.2253945138760732,inf,1.0,1.0,1.0,1.0,1.0,0.0,1.0,0.0,1.0,0.0
2025-07-16,22704.0,22749.0,22701.0,297.0,297.0,126.0,22897.426118929216,up,0.0,255.15263776212038,22742.30869744557,22583.785166291374,38.30869744556912,120.21483370862552,1,1,0.15014031515239298,0.47114870049159435,1.0,1.0,1.0,0.0,1.0,0.0,1.0,0.0,0.0,0.0
2025-07-17,22958.0,22984.0,22911.0,284.0,284.0,163.0,23001.772340814936,up,1.0,259.1381008323946,22897.426118929216,22742.30869744557,inf,60.57388107078441,0,2,inf,0.2337513506358619,1.0,1.0,1.0,1.0,1.0,0.0,1.0,0.0,0.0,0.0
2025-07-18,23350.0,23399.0,23335.0,169.0,80.0,169.0,23296.35507841527,dn,0.0,261.50590075311896,23001.772340814936,22897.426118929216,inf,348.2276591850641,0,2,inf,1.3316244802973565,0.0,1.0,0.0,1.0,0.0,0.0,0.0,0.0,0.0,0.0
2025-07-21,23234.0,23256.0,23195.0,129.0,108.0,129.0,23226.057925185076,up,1.0,252.69581496710762,23296.35507841527,23001.772340814936,62.35507841526851,232.2276591850641,1,1,0.24675944246795306,0.9190008121633998,1.0,1.0,0.0,1.0,0.0,0.0,0.0,0.0,0.0,0.0
2025-07-22,23241.0,23275.0,23205.0,429.0,201.0,429.0,23171.65119177442,up,1.0,240.91526116071643,23226.057925185076,23296.35507841527,55.35507841526851,14.942074814924126,1,1,0.22976991224454107,0.06202211824578499,1.0,1.0,1.0,1.0,1.0,1.0,0.0,1.0,0.0,1.0
2025-07-23,23006.0,23119.0,23000.0,258.0,258.0,122.0,23176.015592630665,up,0.0,258.8280934311244,23171.65119177442,23226.057925185076,165.65119177442102,inf,2,0,0.6400046825616391,inf,1.0,1.0,1.0,0.0,1.0,0.0,1.0,0.0,0.0,0.0
2025-07-24,23400.0,23408.0,23304.0,179.0,103.0,179.0,23298.867028199566,dn,0.0,258.7492273900649,23176.015592630665,23171.65119177442,inf,223.9844073693348,0,2,inf,0.865642806467893,1.0,1.0,0.0,1.0,0.0,0.0,0.0,0.0,0.0,0.0
2025-07-25,23264.0,23291.0,23237.0,121.0,109.0,121.0,23264.745288499522,up,1.0,251.1540628767254,23298.867028199566,23176.015592630665,34.86702819956554,87.9844073693348,1,1,0.13882725129029433,0.3503204621161969,1.0,1.0,0.0,0.0,0.0,0.0,0.0,0.0,0.0,0.0
2025-07-28,23368.0,23446.0,23352.0,218.0,193.0,218.0,23374.23727890168,up,1.0,238.7584378408468,23264.745288499522,23298.867028199566,inf,69.13297180043446,0,2,inf,0.28955195228123237,1.0,1.0,1.0,1.0,1.0,1.0,0.0,0.0,0.0,0.0
2025-07-29,23326.0,23355.0,23286.0,332.0,188.0,332.0,23183.98388686581,,,236.78144376076614,23374.23727890168,23264.745288499522,48.23727890168084,61.25471150047815,1,1,0.20372068915340227,0.25869726329723414,1.0,1.0,1.0,1.0,1.0,1.0,0.0,1.0,0.0,1.0
2025-07-30,23213.0,23294.0,23203.0,223.0,223.0,148.0,23336.242763331436,up,1.0,245.8498776883122,23183.98388686581,23374.23727890168,161.23727890168084,29.016113134188345,1,1,0.6558363193741223,0.11802370376191479,1.0,1.0,1.0,1.0,1.0,0.0,0.0,0.0,0.0,0.0
2025-07-31,23497.0,23511.0,23361.0,266.0,266.0,156.0,23489.63807944524,,,243.6736988608539,23336.242763331436,23183.98388686581,inf,160.75723666856356,0,2,inf,0.6597233818015029,1.0,1.0,1.0,1.0,1.0,0.0,1.0,0.0,0.0,0.0
2025-08-01,23064.0,23186.0,23048.0,394.0,394.0,128.0,23318.335993328445,up,0.0,245.8000132550583,23489.63807944524,23336.242763331436,272.24276333143644,inf,2,0,1.1075783102132684,inf,1.0,1.0,1.0,1.0,1.0,0.0,1.0,0.0,1.0,0.0
2025-08-04,23108.0,23157.0,23084.0,268.0,268.0,125.0,23191.646152445133,dn,1.0,259.9142977069575,23318.335993328445,23489.63807944524,210.3359933284446,inf,2,0,0.8092513385531013,inf,1.0,1.0,1.0,0.0,1.0,0.0,1.0,0.0,0.0,0.0
2025-08-05,23446.0,23476.0,23430.0,163.0,163.0,125.0,23515.23387961403,up,1.0,260.68436459200916,23191.646152445133,23318.335993328445,inf,127.6640066715554,0,2,inf,0.48972636648676365,1.0,1.0,1.0,0.0,0.0,0.0,0.0,0.0,0.0,0.0
2025-08-06,23423.0,23437.0,23391.0,102.0,102.0,91.0,23425.315641343852,up,1.0,251.38109177372257,23515.23387961403,23191.646152445133,92.23387961402841,231.35384755486666,1,1,0.3669085807656987,0.9203311431359238,1.0,0.0,0.0,0.0,0.0,0.0,0.0,0.0,0.0,0.0
2025-08-07,23660.0,23767.0,23653.0,401.0,401.0,99.0,23931.793572853727,up,0.0,237.15432112860614,23425.315641343852,23515.23387961403,inf,144.7661203859716,0,2,inf,0.610430034321266,1.0,1.0,1.0,0.0,1.0,0.0,1.0,0.0,1.0,0.0
2025-08-08,24091.0,24095.0,23981.0,148.0,86.0,148.0,23985.428973076007,dn,0.0,252.75867149731033,23931.793572853727,23425.315641343852,inf,159.2064271462732,0,2,inf,0.6298752331746108,0.0,1.0,0.0,1.0,0.0,0.0,0.0,0.0,0.0,0.0
2025-08-11,23973.0,23985.0,23902.0,390.0,390.0,152.0,24051.000501593775,dn,1.0,242.78165516423317,23985.428973076007,23931.793572853727,12.428973076006514,41.2064271462732,1,1,0.05119403715902157,0.16972627984762076,1.0,1.0,1.0,1.0,1.0,0.0,1.0,0.0,1.0,0.0
2025-08-12,24155.0,24171.0,24113.0,153.0,153.0,115.0,24152.183477315637,dn,1.0,256.80244991049665,24051.000501593775,23985.428973076007,inf,103.99949840622503,0,2,inf,0.4049786068726057,1.0,1.0,1.0,0.0,0.0,0.0,0.0,0.0,0.0,0.0
2025-08-13,24298.0,24344.0,24294.0,258.0,194.0,258.0,24302.87552218584,dn,1.0,246.91650229997316,24152.183477315637,24051.000501593775,inf,145.816522684363,0,2,inf,0.5905499281178618,1.0,1.0,1.0,1.0,1.0,1.0,0.0,1.0,0.0,0.0
2025-08-14,24337.0,24340.0,24292.0,155.0,122.0,155.0,24287.29219592735,dn,1.0,247.97207350949952,24302.87552218584,24152.183477315637,inf,34.124477814159036,0,2,inf,0.13761419716019663,1.0,1.0,0.0,1.0,0.0,0.0,0.0,0.0,0.0,0.0
2025-08-15,24282.0,24355.0,24281.0,197.0,197.0,167.0,24296.199765871228,dn,1.0,239.11759031811863,24287.29219592735,24302.87552218584,5.292195927351713,inf,2,0,0.022132189941823397,inf,1.0,1.0,1.0,1.0,1.0,0.0,0.0,0.0,0.0,0.0
2025-08-18,24199.0,24224.0,24176.0,286.0,286.0,86.0,24364.260669456067,up,0.0,235.10639124020256,24296.199765871228,24287.29219592735,88.29219592735171,inf,2,0,0.375541453644047,inf,1.0,0.0,1.0,0.0,1.0,0.0,1.0,0.0,0.0,0.0
2025-08-19,24380.0,24418.0,24375.0,134.0,120.0,134.0,24377.852275835947,up,1.0,239.9534015982785,24364.260669456067,24296.199765871228,inf,15.739330543932738,0,2,inf,0.06559327952467608,1.0,1.0,1.0,1.0,0.0,0.0,0.0,0.0,0.0,0.0
2025-08-20,24100.0,24140.0,24060.0,527.0,104.0,527.0,23789.195403440797,dn,0.0,229.8626014460615,24377.852275835947,24364.260669456067,264.26066945606726,inf,2,0,1.1496462138408254,inf,1.0,1.0,0.0,1.0,0.0,1.0,0.0,1.0,0.0,1.0
2025-08-21,23729.0,23773.0,23691.0,252.0,252.0,130.0,23838.988586731277,up,0.0,258.16140130834134,23789.195403440797,24377.852275835947,60.195403440797236,inf,2,0,0.23316964943532126,inf,1.0,1.0,1.0,1.0,1.0,0.0,0.0,0.0,0.0,0.0
2025-08-22,23877.0,23911.0,23853.0,250.0,129.0,250.0,23823.979911073016,up,1.0,257.5746011837374,23838.988586731277,23789.195403440797,inf,38.01141326872312,0,2,inf,0.1475743846405422,1.0,1.0,1.0,1.0,0.0,1.0,0.0,0.0,0.0,0.0
2025-08-25,24120.0,24173.0,24103.0,244.0,244.0,121.0,24204.83880734236,dn,1.0,256.85321059481004,23823.979911073016,23838.988586731277,inf,281.0114132687231,0,2,inf,1.0940545092582978,1.0,1.0,1.0,0.0,1.0,0.0,0.0,0.0,0.0,0.0
2025-08-26,24143.0,24172.0,24102.0,191.0,191.0,112.0,24178.433229236376,up,1.0,255.6290953000662,24204.83880734236,23823.979911073016,61.83880734235936,319.0200889269836,1,1,0.24190832921335048,1.247980354319632,1.0,1.0,1.0,0.0,1.0,0.0,0.0,0.0,0.0,0.0
2025-08-27,24350.0,24384.0,24331.0,165.0,165.0,90.0,24434.735711073306,up,0.0,249.47394336672656,24178.433229236376,24204.83880734236,inf,145.16119265764064,0,2,inf,0.5818691551456088,1.0,0.0,1.0,0.0,0.0,0.0,0.0,0.0,0.0,0.0
2025-08-28,24358.0,24387.0,24351.0,217.0,114.0,217.0,24325.33833110793,dn,1.0,241.42880590322878,24434.735711073306,24178.433229236376,76.73571107330645,179.56677076362394,1,1,0.3178399146954494,0.7437669672093693,1.0,1.0,0.0,1.0,0.0,1.0,0.0,0.0,0.0,0.0
2025-08-29,24401.0,24449.0,24373.0,207.0,107.0,207.0,24330.98726722903,up,1.0,239.10225296006413,24325.33833110793,24434.735711073306,33.73571107330645,75.66166889206943,1,1,0.14109323795849438,0.3164406355665196,1.0,1.0,0.0,1.0,0.0,1.0,0.0,0.0,0.0,0.0
2025-09-01,24120.0,24187.0,24113.0,398.0,176.0,398.0,24030.311595525858,dn,1.0,236.04489553529612,24330.98726722903,24325.33833110793,205.33833110793057,inf,2,0,0.8699121861638649,inf,1.0,1.0,1.0,1.0,1.0,1.0,0.0,1.0,0.0,1.0
2025-09-02,24083.0,24172.0,24077.0,370.0,184.0,370.0,24053.51743618975,up,1.0,251.46919119860127,24030.311595525858,24330.98726722903,247.98726722902938,52.68840447414186,1,1,0.9861536757128153,0.209522304593291,1.0,1.0,1.0,1.0,1.0,1.0,0.0,1.0,0.0,1.0
2025-09-03,23966.0,24004.0,23888.0,195.0,195.0,125.0,23995.955611680045,up,0.0,262.7578396558773,24053.51743618975,24030.311595525858,64.31159552585814,inf,2,0,0.24475614356581815,inf,1.0,1.0,1.0,0.0,1.0,0.0,0.0,0.0,0.0,0.0
2025-09-04,24195.0,24246.0,24189.0,252.0,176.0,252.0,24237.202498020484,up,1.0,256.3047120696033,23995.955611680045,24053.51743618975,inf,141.4825638102484,0,2,inf,0.5520092185110773,1.0,1.0,1.0,1.0,0.0,1.0,0.0,1.0,0.0,0.0
2025-09-05,24363.0,24383.0,24341.0,143.0,143.0,97.0,24370.663162812427,dn,1.0,255.89473949154583,24237.202498020484,23995.955611680045,inf,125.7975019795158,0,2,inf,0.4915986246121009,1.0,0.0,1.0,0.0,0.0,0.0,0.0,0.0,0.0,0.0
2025-09-08,24588.0,24639.0,24559.0,156.0,115.0,156.0,24591.632410932245,up,1.0,245.14285953997003,24370.663162812427,24237.202498020484,inf,217.3368371875731,0,2,inf,0.8865721710003012,1.0,1.0,0.0,1.0,0.0,0.0,0.0,0.0,0.0,0.0
2025-09-09,24725.0,24737.0,24700.0,178.0,178.0,138.0,24757.333800916225,dn,1.0,236.6530633933062,24591.632410932245,24370.663162812427,inf,133.36758906775503,0,2,inf,0.5635574167324612,1.0,1.0,1.0,1.0,1.0,0.0,0.0,0.0,0.0,0.0
2025-09-10,24970.0,25003.0,24961.0,283.0,283.0,96.0,25120.135647408086,up,0.0,231.06705735584848,24757.333800916225,24591.632410932245,inf,212.6661990837747,0,2,inf,0.9203657220434671,1.0,1.0,1.0,0.0,1.0,0.0,1.0,0.0,0.0,0.0
2025-09-11,25386.0,25395.0,25353.0,288.0,152.0,288.0,25343.337537388525,up,1.0,236.01305189338672,25120.135647408086,24757.333800916225,inf,265.8643525919142,0,2,inf,1.126481567265238,1.0,1.0,1.0,1.0,0.0,1.0,0.0,1.0,0.0,0.0
2025-09-12,25418.0,25425.0,25390.0,116.0,116.0,103.0,25422.223237677452,up,1.0,240.96418980830228,25343.337537388525,25120.135647408086,inf,74.66246261147535,0,2,inf,0.3098487898590768,1.0,1.0,0.0,0.0,0.0,0.0,0.0,0.0,0.0,0.0
2025-09-15,25404.0,25445.0,25389.0,181.0,139.0,181.0,25360.727383041176,dn,0.0,229.06283839798778,25422.223237677452,25343.337537388525,18.223237677451834,60.66246261147535,1,1,0.07955562676556757,0.264828913479526,1.0,1.0,1.0,1.0,0.0,1.0,0.0,0.0,0.0,0.0
2025-09-16,25420.0,25433.0,25410.0,253.0,253.0,75.0,25583.06700253812,up,0.0,224.48542521722703,25360.727383041176,25422.223237677452,2.2232376774518343,59.272616958824074,1,1,0.009903706110543621,0.2640377071316231,1.0,0.0,1.0,0.0,1.0,0.0,1.0,0.0,0.0,0.0
2025-09-17,25575.0,25582.0,25547.0,155.0,81.0,155.0,25505.546194690265,dn,1.0,227.20109900606255,25583.06700253812,25360.727383041176,8.067002538118686,214.27261695882407,1,1,0.03550600139440095,0.9430967451134843,0.0,1.0,0.0,1.0,0.0,0.0,0.0,0.0,0.0,0.0
2025-09-18,25623.0,25647.0,25585.0,257.0,257.0,157.0,25628.16614647841,dn,1.0,220.32480386262802,25505.546194690265,25583.06700253812,inf,39.932997461881314,0,2,inf,0.1812460365868722,1.0,1.0,1.0,1.0,1.0,1.0,1.0,0.0,0.0,0.0
2025-09-19,25850.0,25853.0,25790.0,217.0,138.0,217.0,25727.08746877321,dn,0.0,223.81767968523488,25628.16614647841,25505.546194690265,inf,221.83385352159166,0,2,inf,0.9911364188636341,1.0,1.0,1.0,1.0,0.0,1.0,0.0,0.0,0.0,0.0
2025-09-22,25756.0,25800.0,25726.0,252.0,252.0,111.0,25823.54847471793,dn,1.0,223.16837685806965,25727.08746877321,25628.16614647841,inf,28.912531226789724,0,2,inf,0.12955478564589587,1.0,1.0,1.0,1.0,1.0,0.0,1.0,0.0,0.0,0.0
2025-09-23,26058.0,26100.0,26030.0,305.0,305.0,157.0,26177.613383963173,up,1.0,225.9142457287297,25823.54847471793,25727.08746877321,inf,234.4515252820711,0,2,inf,1.0377899123882284,1.0,1.0,1.0,1.0,1.0,0.0,1.0,0.0,1.0,0.0
2025-09-24,26376.0,26393.0,26340.0,321.0,188.0,321.0,26206.79368480011,dn,0.0,233.44622232599355,26177.613383963173,25823.54847471793,inf,198.38661603682704,0,2,inf,0.8498172044086115,1.0,1.0,1.0,1.0,1.0,1.0,0.0,1.0,0.0,1.0
2025-09-25,26191.0,26207.0,26144.0,196.0,169.0,196.0,26172.09978692546,dn,1.0,241.7846773425656,26206.79368480011,26177.613383963173,15.793684800111805,13.386616036827036,1,1,0.06532128079288904,0.055365857687749986,1.0,1.0,1.0,1.0,0.0,1.0,0.0,0.0,0.0,0.0
2025-09-26,25944.0,25991.0,25936.0,491.0,194.0,491.0,25674.364635793485,dn,0.0,237.42423188136888,26172.09978692546,26206.79368480011,228.09978692546065,inf,2,0,0.9607266500052645,inf,1.0,1.0,1.0,1.0,1.0,1.0,0.0,1.0,0.0,1.0
2025-09-30,25800.0,25938.0,25797.0,249.0,249.0,171.0,25944.23396020528,,,261.5743050355242,25674.364635793485,26172.09978692546,372.09978692546065,125.63536420651508,1,1,1.4225395222781,0.4803046850853819,1.0,1.0,1.0,1.0,1.0,0.0,0.0,0.0,0.0,0.0
2025-10-01,26094.0,26114.0,26068.0,375.0,314.0,375.0,26165.90605695637,up,1.0,260.3767521749981,25944.23396020528,25674.364635793485,inf,149.76603979471838,0,2,inf,0.5751897530930921,1.0,1.0,1.0,1.0,1.0,1.0,1.0,1.0,0.0,1.0
2025-10-02,26459.0,26496.0,26436.0,146.0,139.0,146.0,26456.771022128556,up,1.0,271.29325196785544,26165.90605695637,25944.23396020528,inf,293.09394304363013,0,2,inf,1.0803583978504478,1.0,1.0,1.0,1.0,0.0,0.0,0.0,0.0,0.0,0.0
2025-10-03,26480.0,26490.0,26388.0,376.0,376.0,102.0,26612.764752127965,,,259.36056130425015,26456.771022128556,26165.90605695637,inf,23.22897787144393,0,2,inf,0.08956249074505405,1.0,1.0,1.0,0.0,1.0,0.0,1.0,0.0,1.0,0.0
2025-10-07,27202.0,27224.0,26995.0,361.0,361.0,229.0,27202.637293045183,,,270.46907927527394,26612.764752127965,26456.771022128556,inf,589.235247872035,0,2,inf,2.178567877152168,1.0,1.0,1.0,1.0,1.0,1.0,1.0,0.0,1.0,0.0
2025-10-08,27061.0,27077.0,27014.0,215.0,215.0,165.0,27022.912499785285,dn,1.0,279.09107172524784,27202.637293045183,26612.764752127965,141.63729304518347,448.23524787203496,1,1,0.5074948910749061,1.606053698175274,1.0,1.0,1.0,1.0,1.0,0.0,0.0,0.0,0.0,0.0
2025-10-09,27440.0,27455.0,27374.0,182.0,148.0,182.0,27358.654851139407,dn,0.0,272.9871601323671,27022.912499785285,27202.637293045183,inf,237.36270695481653,0,2,inf,0.8695013598431632,1.0,1.0,1.0,1.0,0.0,0.0,0.0,0.0,0.0,0.0
2025-10-13,26450.0,26724.0,26390.0,555.0,555.0,240.0,26773.84429827128,up,0.0,264.32171631023687,27358.654851139407,27022.912499785285,572.912499785285,inf,2,0,2.1674817634463763,inf,1.0,1.0,1.0,1.0,1.0,1.0,1.0,0.0,1.0,0.0
2025-10-14,27269.0,27319.0,27260.0,734.0,190.0,734.0,27132.12276500334,up,1.0,292.0053623759286,26773.84429827128,27358.654851139407,89.65485113940667,495.1557017287196,1,1,0.30703152301698056,1.6957075640660826,1.0,1.0,1.0,1.0,0.0,1.0,0.0,1.0,0.0,1.0
2025-10-15,26878.0,27003.0,26878.0,479.0,479.0,182.0,27113.608310865045,dn,1.0,334.1000897686973,27132.12276500334,26773.84429827128,254.12276500333974,104.15570172871958,1,1,0.7606186672361355,0.31174999623863675,1.0,1.0,1.0,1.0,1.0,0.0,1.0,0.0,1.0,0.0
2025-10-16,27545.0,27546.0,27482.0,427.0,427.0,282.0,27641.855966420575,dn,1.0,347.90008121929753,27113.608310865045,27132.12276500334,inf,412.87723499666026,0,2,inf,1.186769584961392,1.0,1.0,1.0,1.0,1.0,1.0,1.0,0.0,1.0,0.0
2025-10-17,27251.0,27453.0,27244.0,301.0,301.0,224.0,27446.778572448253,up,0.0,355.4334068174597,27641.855966420575,27113.608310865045,390.855966420575,137.3916891349545,1,1,1.099660186475683,0.3865469213070197,1.0,1.0,1.0,1.0,1.0,0.0,0.0,0.0,0.0,0.0
2025-10-20,27444.0,27568.0,27432.0,392.0,392.0,152.0,27692.743567730347,up,0.0,350.2492728348445,27446.778572448253,27641.855966420575,2.7785724482528167,inf,2,0,0.00793312838528866,inf,1.0,1.0,1.0,0.0,1.0,0.0,1.0,0.0,0.0,0.0
2025-10-21,27900.0,27902.0,27860.0,238.0,176.0,238.0,27923.554493044758,up,1.0,354.2255325648593,27692.743567730347,27446.778572448253,inf,207.25643226965258,0,2,inf,0.5850973834916984,1.0,1.0,0.0,1.0,0.0,0.0,0.0,0.0,0.0,0.0
2025-10-22,27690.0,27703.0,27591.0,271.0,271.0,189.0,27666.618817259932,dn,1.0,343.1564342253489,27923.554493044758,27692.743567730347,2.743567730347422,inf,2,0,0.007995093364753104,inf,1.0,1.0,1.0,1.0,1.0,0.0,0.0,0.0,0.0,0.0
2025-10-23,27385.0,27425.0,27313.0,316.0,316.0,112.0,27515.556844145955,up,0.0,336.28439287055375,27666.618817259932,27923.554493044758,281.61881725993226,inf,2,0,0.837442424419429,inf,1.0,0.0,1.0,0.0,1.0,0.0,0.0,0.0,0.0,0.0
2025-10-27,28284.0,28291.0,28217.0,212.0,177.0,212.0,28190.36604752755,dn,0.0,334.35254593050104,27515.556844145955,27666.618817259932,inf,617.3811827400677,0,2,inf,1.846497627293071,1.0,1.0,1.0,1.0,0.0,0.0,0.0,0.0,0.0,0.0
2025-10-28,28233.0,28250.0,28124.0,266.0,118.0,266.0,28079.50595805529,dn,0.0,322.6999225085486,28190.36604752755,27515.556844145955,inf,42.63395247244989,0,2,inf,0.1321164013335655,0.0,1.0,0.0,1.0,0.0,1.0,0.0,0.0,0.0,0.0
2025-10-29,28225.0,28265.0,28203.0,243.0,243.0,106.0,28351.41404877069,up,0.0,317.2999298886868,28079.50595805529,28190.36604752755,inf,34.63395247244989,0,2,inf,0.10915209620310966,1.0,0.0,1.0,0.0,1.0,0.0,0.0,0.0,0.0,0.0
2025-10-30,28430.0,28456.0,28388.0,371.0,238.0,371.0,28372.58572460188,up,1.0,310.22374608976423,28351.41404877069,28079.50595805529,inf,78.58595122931001,0,2,inf,0.2533202316710176,1.0,1.0,1.0,1.0,1.0,1.0,0.0,1.0,0.0,0.0
2025-10-31,28478.0,28525.0,28432.0,210.0,167.0,210.0,28485.448769876988,,,316.0119607478819,28372.58572460188,28351.41404877069,inf,105.41427539812139,0,2,inf,0.3335768530679829,1.0,1.0,1.0,1.0,0.0,0.0,0.0,0.0,0.0,0.0
2025-11-03,28380.0,28414.0,28364.0,354.0,219.0,354.0,28383.369106777467,up,1.0,305.9155835337979,28485.448769876988,28372.58572460188,105.44876987698808,7.41427539812139,1,1,0.34469891549456805,0.024236344263587513,1.0,1.0,1.0,1.0,1.0,1.0,0.0,1.0,0.0,0.0
2025-11-04,28410.0,28455.0,28382.0,481.0,212.0,481.0,28336.322797879908,up,1.0,310.49505176867433,28383.369106777467,28485.448769876988,75.44876987698808,26.630893222532904,1,1,0.24299507978374832,0.08576913889878512,1.0,1.0,1.0,1.0,0.0,1.0,0.0,1.0,0.0,1.0
2025-11-05,27710.0,27828.0,27616.0,435.0,435.0,413.0,27647.73922688357,dn,1.0,326.7336182668958,28336.322797879908,28383.369106777467,626.3227978799077,inf,2,0,1.9169218068288565,inf,1.0,1.0,1.0,1.0,1.0,1.0,1.0,1.0,1.0,1.0
2025-11-06,28010.0,28045.0,27976.0,238.0,238.0,146.0,28025.489391258572,dn,1.0,337.0447022414771,27647.73922688357,28336.322797879908,326.32279787990774,362.26077311643166,1,1,0.9681884797765264,1.0748152120690755,1.0,1.0,1.0,0.0,0.0,0.0,0.0,0.0,0.0,0.0
2025-11-07,27777.0,27838.0,27755.0,242.0,224.0,242.0,27725.814749488753,dn,0.0,327.61187345657453,28025.489391258572,27647.73922688357,248.48939125857214,129.26077311643166,1,1,0.7584871349038874,0.394554604363463,1.0,1.0,1.0,1.0,0.0,1.0,0.0,0.0,0.0,0.0
2025-11-10,27777.0,27872.0,27755.0,321.0,321.0,184.0,27874.409461031406,,,319.4583616988055,27725.814749488753,28025.489391258572,248.48939125857214,51.18525051124743,1,1,0.7778459450463691,0.16022510802051365,1.0,1.0,1.0,1.0,1.0,0.0,1.0,0.0,0.0,0.0
2025-11-11,28149.0,28173.0,28120.0,418.0,118.0,418.0,28012.83937192751,up,1.0,319.60518439415733,27874.409461031406,27725.814749488753,inf,274.59053896859405,0,2,inf,0.8591554592241896,0.0,1.0,0.0,1.0,0.0,1.0,0.0,1.0,0.0,1.0
2025-11-12,27889.0,27994.0,27889.0,220.0,220.0,136.0,27989.837001131586,dn,1.0,328.9761192137614,28012.83937192751,27874.409461031406,123.83937192750818,14.590538968594046,1,1,0.3764387890023108,0.0443513620486034,1.0,1.0,1.0,0.0,0.0,0.0,0.0,0.0,0.0,0.0
2025-11-13,28038.0,28044.0,27884.0,242.0,221.0,242.0,27931.39061463471,dn,0.0,318.5974411934032,27989.837001131586,28012.83937192751,inf,25.160628072491818,0,2,inf,0.07897310153604833,1.0,1.0,1.0,1.0,0.0,1.0,0.0,0.0,0.0,0.0
2025-11-14,27510.0,27519.0,27450.0,230.0,216.0,230.0,27471.061600975212,dn,1.0,311.3024467940315,27931.39061463471,27989.837001131586,421.3906146347108,inf,2,0,1.3536373355700524,inf,1.0,1.0,1.0,1.0,0.0,1.0,0.0,0.0,0.0,0.0
2025-11-17,27570.0,27673.0,27564.0,225.0,162.0,225.0,27571.245247917173,dn,1.0,303.55935662317137,27471.061600975212,27931.39061463471,361.3906146347108,98.93839902478794,1,1,1.1905105434892895,0.3259276871758785,1.0,1.0,1.0,1.0,0.0,1.0,0.0,0.0,0.0,0.0
2025-11-18,27142.0,27184.0,27106.0,526.0,258.0,526.0,27009.453018141838,,,296.0775131352503,27571.245247917173,27471.061600975212,329.06160097521206,inf,2,0,1.1114035560846338,inf,1.0,1.0,1.0,1.0,1.0,1.0,0.0,1.0,0.0,1.0
2025-11-19,26801.0,26907.0,26757.0,360.0,198.0,360.0,26720.15590268573,dn,1.0,317.97489283665504,27009.453018141838,27571.245247917173,208.45301814183767,inf,2,0,0.6555643946672255,inf,1.0,1.0,1.0,1.0,0.0,1.0,0.0,1.0,0.0,0.0
2025-11-20,27308.0,27388.0,27300.0,291.0,291.0,280.0,27378.49756250435,up,1.0,321.97728399506883,26720.15590268573,27009.453018141838,inf,298.5469818581623,0,2,inf,0.9272299528519988,1.0,1.0,1.0,1.0,1.0,1.0,0.0,0.0,0.0,0.0
2025-11-21,26750.0,26770.0,26700.0,373.0,194.0,373.0,26584.359903687746,dn,0.0,319.0270664717289,27378.49756250435,26720.15590268573,628.4975625043517,29.844097314271494,1,1,1.9700446405855252,0.09354722671129904,1.0,1.0,1.0,1.0,0.0,1.0,0.0,1.0,0.0,0.0
2025-11-24,26705.0,26724.0,26681.0,194.0,183.0,194.0,26625.192205102456,dn,1.0,324.16734585537375,26584.359903687746,27378.49756250435,673.4975625043517,120.64009631225417,1,1,2.077623089170834,0.37215375902197556,1.0,1.0,1.0,1.0,0.0,0.0,0.0,0.0,0.0,0.0
2025-11-25,27055.0,27080.0,27040.0,332.0,172.0,332.0,26924.3766050688,up,1.0,311.7704557739096,26625.192205102456,26584.359903687746,inf,429.8077948975442,0,2,inf,1.378603350438161,1.0,1.0,1.0,1.0,0.0,1.0,0.0,1.0,0.0,0.0
2025-11-26,27188.0,27203.0,27133.0,251.0,251.0,139.0,27297.090652681007,up,0.0,313.69707903353725,26924.3766050688,26625.192205102456,inf,263.6233949312009,0,2,inf,0.8403756762523664,1.0,1.0,1.0,0.0,1.0,0.0,0.0,0.0,0.0,0.0
2025-11-27,27518.0,27544.0,27476.0,188.0,173.0,188.0,27558.49441786284,up,1.0,307.7259286493908,27297.090652681007,26924.3766050688,inf,220.90934731899324,0,2,inf,0.7178769377301563,1.0,1.0,1.0,1.0,0.0,0.0,0.0,0.0,0.0,0.0
2025-11-28,27590.0,27639.0,27558.0,296.0,296.0,129.0,27711.259689856503,,,296.3234592542108,27558.49441786284,27297.090652681007,inf,31.505582137160673,0,2,inf,0.10632159268271965,1.0,1.0,1.0,0.0,1.0,0.0,1.0,0.0,0.0,0.0
2025-12-01,27650.0,27651.0,27572.0,273.0,118.0,273.0,27545.1773176339,dn,1.0,296.2926536109526,27711.259689856503,27558.49441786284,61.25968985650252,91.50558213716067,1,1,0.20675399511234466,0.3088351365515535,1.0,1.0,0.0,1.0,0.0,1.0,0.0,0.0,0.0,0.0
2025-12-02,27674.0,27694.0,27627.0,261.0,162.0,261.0,27645.166628296174,up,1.0,294.0743056480047,27545.1773176339,27711.259689856503,37.25968985650252,128.8226823660989,1,1,0.12670161636324967,0.4380616731619339,1.0,1.0,1.0,1.0,0.0,1.0,0.0,0.0,0.0,0.0
2025-12-03,27808.0,27848.0,27805.0,198.0,126.0,198.0,27785.93177997076,dn,1.0,290.9243717767662,27645.166628296174,27545.1773176339,inf,162.83337170382583,0,2,inf,0.5597103147782067,1.0,1.0,0.0,1.0,0.0,0.0,0.0,0.0,0.0,0.0
2025-12-04,27841.0,27849.0,27767.0,210.0,148.0,210.0,27778.00084941148,,,282.07443160755037,27785.93177997076,27645.166628296174,inf,55.068220029239455,0,2,inf,0.19522584771474705,1.0,1.0,1.0,1.0,0.0,1.0,0.0,0.0,0.0,0.0
2025-12-05,27792.0,27814.0,27763.0,256.0,256.0,169.0,27880.634810926917,up,0.0,275.2102000258789,27778.00084941148,27785.93177997076,inf,6.0682200292394555,0,2,inf,0.022049400889461366,1.0,1.0,1.0,1.0,1.0,0.0,0.0,0.0,0.0,0.0
2025-12-08,28054.0,28080.0,28019.0,279.0,279.0,61.0,28187.91761376007,,,273.3806571662714,27880.634810926917,27778.00084941148,inf,173.36518907308346,0,2,inf,0.6341530921393679,1.0,0.0,1.0,0.0,1.0,0.0,1.0,0.0,0.0,0.0
2025-12-09,28350.0,28360.0,28301.0,156.0,80.0,156.0,28264.66444694707,dn,0.0,273.91583267424556,28187.91761376007,27880.634810926917,inf,162.0823862399302,0,2,inf,0.5917233212024173,0.0,1.0,0.0,1.0,0.0,0.0,0.0,0.0,0.0,0.0
2025-12-10,28279.0,28296.0,28270.0,182.0,182.0,114.0,28346.251393953426,up,1.0,262.68575337193647,28264.66444694707,28187.91761376007,inf,14.335553052929754,0,2,inf,0.0545730130732749,1.0,1.0,1.0,0.0,0.0,0.0,0.0,0.0,0.0,0.0
2025-12-11,28600.0,28602.0,28516.0,543.0,116.0,543.0,28267.27025051238,dn,0.0,255.0013959079425,28346.251393953426,28264.66444694707,inf,253.74860604657442,0,2,inf,0.9950871254766764,1.0,1.0,0.0,1.0,0.0,1.0,0.0,1.0,0.0,1.0
2025-12-12,28266.0,28329.0,28260.0,185.0,145.0,185.0,28263.249740134746,dn,1.0,282.4298343929004,28267.27025051238,28346.251393953426,1.2702505123816081,inf,2,0,0.0044975790716730996,inf,1.0,1.0,1.0,1.0,0.0,0.0,0.0,0.0,0.0,0.0
2025-12-15,27834.0,27843.0,27762.0,229.0,229.0,111.0,27891.459854447654,up,0.0,273.1508025459575,28263.249740134746,28267.27025051238,429.2497401347464,inf,2,0,1.5714753027772097,inf,1.0,1.0,1.0,0.0,1.0,0.0,0.0,0.0,0.0,0.0
2025-12-16,27630.0,27649.0,27551.0,278.0,278.0,272.0,27571.62243406861,up,1.0,268.9459642082473,27891.459854447654,28263.249740134746,261.4598544476539,inf,2,0,0.972165004287639,inf,1.0,1.0,1.0,1.0,1.0,1.0,1.0,1.0,0.0,0.0
2025-12-17,27714.0,27771.0,27695.0,267.0,163.0,267.0,27720.806647701025,up,1.0,269.8082533312714,27571.62243406861,27891.459854447654,177.45985444765392,142.37756593139056,1,1,0.6577258191941526,0.527699075819519,1.0,1.0,1.0,1.0,0.0,1.0,0.0,1.0,0.0,0.0
2025-12-18,27500.0,27592.0,27496.0,222.0,215.0,222.0,27565.854049105536,dn,1.0,269.540800633055,27720.806647701025,27571.62243406861,71.62243406860944,inf,2,0,0.26572019486620924,inf,1.0,1.0,1.0,1.0,1.0,1.0,0.0,0.0,0.0,0.0
2025-12-19,27800.0,27858.0,27795.0,188.0,188.0,145.0,27884.46173834568,up,0.0,265.0131053346688,27565.854049105536,27720.806647701025,inf,79.19335229897479,0,2,inf,0.29882806059332934,1.0,1.0,1.0,1.0,0.0,0.0,0.0,0.0,0.0,0.0
2025-12-22,28256.0,28304.0,28243.0,198.0,198.0,134.0,28278.365969004026,dn,1.0,257.67852387422414,27884.46173834568,27565.854049105536,inf,371.5382616543211,0,2,inf,1.4418673937905404,1.0,1.0,1.0,1.0,1.0,0.0,0.0,0.0,0.0,0.0
2025-12-23,28392.0,28397.0,28364.0,96.0,96.0,87.0,28400.13957910425,dn,1.0,251.99485493382184,28278.365969004026,27884.46173834568,inf,113.63403099597417,0,2,inf,0.4509379011957066,0.0,0.0,0.0,0.0,0.0,0.0,0.0,0.0,0.0,0.0
2025-12-24,28565.0,28577.0,28525.0,177.0,80.0,177.0,28468.18194384215,dn,0.0,237.13820208298168,28400.13957910425,28278.365969004026,inf,164.8604208957513,0,2,inf,0.6952081927232533,0.0,1.0,0.0,1.0,0.0,1.0,0.0,0.0,0.0,0.0
2025-12-26,28595.0,28629.0,28582.0,178.0,178.0,145.0,28629.287656359564,up,1.0,231.41075426555486,28468.18194384215,28400.13957910425,inf,126.81805615784833,0,2,inf,0.548021445936426,1.0,1.0,1.0,1.0,1.0,0.0,0.0,0.0,0.0,0.0
2025-12-29,28749.0,28764.0,28735.0,285.0,285.0,90.0,28875.528206181334,dn,1.0,226.32401576407344,28629.287656359564,28468.18194384215,inf,119.7123436404363,0,2,inf,0.5289422920333291,1.0,1.0,1.0,0.0,1.0,0.0,1.0,0.0,1.0,0.0
2025-12-30,28777.0,28807.0,28764.0,237.0,237.0,102.0,28829.49759211558,dn,1.0,231.91220473892358,28875.528206181334,28629.287656359564,98.5282061813341,147.7123436404363,1,1,0.42485131945622595,0.6369321692522577,1.0,1.0,1.0,0.0,1.0,0.0,1.0,0.0,0.0,0.0
2025-12-31,28842.0,28843.0,28790.0,271.0,271.0,93.0,28937.485700197238,dn,1.0,232.3967566685499,28829.49759211558,28875.528206181334,33.5282061813341,12.5024078844217,1,1,0.14427140318981677,0.05379768660994245,1.0,1.0,1.0,0.0,1.0,0.0,1.0,0.0,0.0,0.0
2026-01-02,29047.0,29109.0,29026.0,474.0,474.0,97.0,29306.25993428903,up,0.0,236.0732560334499,28937.485700197238,28829.49759211558,inf,109.51429980276225,0,2,inf,0.4638996455712241,1.0,1.0,1.0,0.0,1.0,0.0,1.0,0.0,1.0,0.0
2026-01-05,29888.0,29918.0,29854.0,637.0,637.0,233.0,30207.363634442685,up,0.0,258.73294593502607,29306.25993428903,28937.485700197238,inf,581.7400657109683,0,2,inf,2.2484189773692638,1.0,1.0,1.0,1.0,1.0,1.0,1.0,0.0,1.0,0.0
2026-01-06,30271.0,30275.0,30201.0,489.0,489.0,106.0,30450.59517670256,dn,1.0,294.75837965549977,30207.363634442685,29306.25993428903,inf,63.636365557315,0,2,inf,0.21589332127449712,1.0,0.0,1.0,0.0,1.0,0.0,1.0,0.0,1.0,0.0
2026-01-07,30609.0,30634.0,30587.0,228.0,228.0,194.0,30554.439794381848,dn,1.0,313.2575815930712,30450.59517670256,30207.363634442685,inf,158.40482329743827,0,2,inf,0.5056695595103258,1.0,1.0,1.0,1.0,1.0,0.0,0.0,0.0,0.0,0.0
2026-01-08,30362.0,30425.0,30353.0,310.0,310.0,244.0,30515.28469345812,up,0.0,305.1378119175406,30554.439794381848,30450.59517670256,88.59517670256173,inf,2,0,0.29034479911163347,inf,1.0,1.0,1.0,1.0,1.0,1.0,1.0,0.0,0.0,0.0
2026-01-09,30450.0,30465.0,30360.0,573.0,573.0,460.0,30351.95321094278,dn,1.0,305.6008774492034,30515.28469345812,30554.439794381848,65.28469345812118,inf,2,0,0.21362731024544498,inf,1.0,1.0,1.0,1.0,1.0,1.0,1.0,1.0,1.0,1.0
2026-01-12,30717.0,30739.0,30675.0,208.0,208.0,198.0,30679.88549179471,up,1.0,331.06746054927925,30351.95321094278,30515.28469345812,inf,201.71530654187882,0,2,inf,0.6092876243627501,1.0,1.0,1.0,1.0,0.0,0.0,0.0,0.0,0.0,0.0
2026-01-13,31067.0,31252.0,31042.0,626.0,251.0,626.0,30871.811938071743,dn,0.0,319.3467500207765,30679.88549179471,30351.95321094278,inf,387.1145082052899,0,2,inf,1.2122074459192225,1.0,1.0,1.0,1.0,1.0,1.0,0.0,1.0,0.0,1.0
2026-01-14,31000.0,31066.0,30964.0,225.0,225.0,217.0,31019.735723966154,dn,1.0,348.5518214473692,30871.811938071743,30679.88549179471,inf,128.1880619282565,0,2,inf,0.367773323909061,1.0,1.0,1.0,1.0,0.0,0.0,0.0,0.0,0.0,0.0
2026-01-15,30831.0,30875.0,30816.0,313.0,313.0,198.0,30880.428968969318,up,1.0,336.78498130952454,31019.735723966154,30871.811938071743,40.8119380717435,inf,2,0,0.12118099183952329,inf,1.0,1.0,1.0,1.0,1.0,0.0,0.0,0.0,0.0,0.0
2026-01-16,31382.0,31424.0,31341.0,379.0,379.0,267.0,31355.39187924349,dn,1.0,334.51974499433175,30880.428968969318,31019.735723966154,inf,362.2642760338458,0,2,inf,1.082938395878498,1.0,1.0,1.0,1.0,1.0,1.0,1.0,0.0,0.0,0.0
2026-01-19,31272.0,31325.0,31208.0,566.0,566.0,170.0,31514.56754087096,up,0.0,338.75595975677635,31355.39187924349,30880.428968969318,83.3918792434888,391.5710310306822,1,1,0.2461709583009651,1.1559089065527484,1.0,1.0,1.0,1.0,1.0,0.0,1.0,0.0,1.0,0.0
2026-01-20,31481.0,31495.0,31328.0,414.0,414.0,167.0,31574.889270795644,up,0.0,360.39824930375005,31514.56754087096,31355.39187924349,33.56754087096124,125.6081207565112,1,1,0.0931401329940144,0.3485258904536088,1.0,1.0,1.0,0.0,1.0,0.0,1.0,0.0,0.0,0.0
2026-01-21,31437.0,31535.0,31437.0,425.0,365.0,425.0,31543.991012675764,up,1.0,365.50317794148816,31574.889270795644,31514.56754087096,77.56754087096124,inf,2,0,0.21222124882147725,inf,1.0,1.0,1.0,1.0,1.0,1.0,1.0,1.0,0.0,0.0
2026-01-22,31876.0,31937.0,31833.0,274.0,224.0,274.0,31929.903863569867,up,1.0,371.16954194706074,31543.991012675764,31574.889270795644,inf,301.1107292043562,0,2,inf,0.8112484866748659,1.0,1.0,1.0,1.0,0.0,1.0,0.0,0.0,0.0,0.0
2026-01-23,31995.0,32093.0,31988.0,293.0,293.0,283.0,32048.904922060072,up,1.0,361.91529985686446,31929.903863569867,31543.991012675764,inf,65.0961364301329,0,2,inf,0.1798656659607319,1.0,1.0,1.0,1.0,1.0,1.0,0.0,0.0,0.0,0.0
2026-01-26,32128.0,32198.0,32106.0,145.0,145.0,144.0,32155.763862567557,dn,1.0,355.3519379657345,32048.904922060072,31929.903863569867,inf,79.09507793992816,0,2,inf,0.22258237394938607,1.0,1.0,0.0,0.0,0.0,0.0,0.0,0.0,0.0,0.0
2026-01-27,32313.0,32353.0,32295.0,326.0,326.0,147.0,32404.52764852116,dn,1.0,335.318420064236,32155.763862567557,32048.904922060072,inf,157.23613743244277,0,2,inf,0.4689158961273928,1.0,1.0,1.0,0.0,1.0,0.0,0.0,0.0,0.0,0.0
2026-01-28,32758.0,32770.0,32685.0,270.0,270.0,170.0,32779.63879548557,up,1.0,334.43095148668976,32404.52764852116,32155.763862567557,inf,353.4723514788384,0,2,inf,1.0569367156583487,1.0,1.0,1.0,1.0,1.0,0.0,0.0,0.0,0.0,0.0
2026-01-29,33014.0,33014.0,32901.0,427.0,252.0,427.0,32768.838447745904,,,328.2946703927193,32779.63879548557,32404.52764852116,inf,234.36120451443276,0,2,inf,0.7138745330043904,1.0,1.0,1.0,1.0,1.0,1.0,0.0,1.0,0.0,1.0
2026-01-30,32456.0,32526.0,32451.0,434.0,320.0,434.0,32294.386235135877,dn,0.0,337.6951779743651,32768.838447745904,32779.63879548557,312.838447745904,inf,2,0,0.9263929962590463,inf,1.0,1.0,1.0,1.0,1.0,1.0,0.0,1.0,0.0,1.0
2026-02-02,31888.0,31964.0,31822.0,572.0,287.0,572.0,31633.721059343567,dn,0.0,346.86706578633033,32294.386235135877,32768.838447745904,406.38623513587663,inf,2,0,1.1715907193858814,inf,1.0,1.0,1.0,1.0,1.0,1.0,0.0,1.0,0.0,1.0
2026-02-03,32386.0,32446.0,32326.0,442.0,296.0,442.0,32223.81307274041,dn,0.0,368.3082976162036,31633.721059343567,32294.386235135877,inf,91.61376486412337,0,2,inf,0.2487420605429576,1.0,1.0,1.0,1.0,1.0,1.0,0.0,1.0,0.0,0.0
2026-02-04,32110.0,32145.0,32052.0,441.0,441.0,217.0,32301.275722318598,dn,1.0,375.326554986089,32223.81307274041,31633.721059343567,113.81307274040955,476.2789406564334,1,1,0.3032374640921101,1.2689721372741294,1.0,1.0,1.0,1.0,1.0,0.0,1.0,0.0,0.0,0.0
2026-02-05,31970.0,32092.0,31968.0,368.0,215.0,368.0,31976.068499193385,up,1.0,381.5811687969377,32301.275722318598,32223.81307274041,253.81307274040955,inf,2,0,0.6651614217248724,inf,1.0,1.0,1.0,1.0,0.0,1.0,0.0,0.0,0.0,0.0
2026-02-06,31458.0,31574.0,31428.0,663.0,663.0,370.0,31584.38215154657,dn,1.0,380.28772414961026,31976.068499193385,32301.275722318598,518.0684991933849,inf,2,0,1.3623066596532312,inf,1.0,1.0,1.0,1.0,1.0,1.0,1.0,0.0,1.0,0.0
2026-02-09,32824.0,32836.0,32687.0,321.0,188.0,321.0,32637.96033574997,dn,0.0,407.21270280202833,31584.38215154657,31976.068499193385,inf,847.9315008066151,0,2,inf,2.0822815569652007,1.0,1.0,0.0,1.0,0.0,1.0,0.0,0.0,0.0,0.0
2026-02-10,32906.0,32974.0,32879.0,430.0,430.0,148.0,33105.07745309994,up,0.0,399.00196920183515,32637.96033574997,31584.38215154657,inf,268.0396642500309,0,2,inf,0.671775291701488,1.0,0.0,1.0,0.0,1.0,0.0,1.0,0.0,0.0,0.0
2026-02-11,33349.0,33349.0,33272.0,571.0,571.0,206.0,33621.037420565925,up,0.0,401.9541626111842,33105.07745309994,32637.96033574997,inf,243.9225469000594,0,2,inf,0.6068416988531328,1.0,1.0,1.0,1.0,1.0,0.0,1.0,0.0,1.0,0.0
2026-02-23,34183.0,34507.0,34132.0,671.0,405.0,671.0,34170.697934267184,dn,0.0,418.0537661720238,33621.037420565925,33105.07745309994,inf,561.9625794340755,0,2,inf,1.344235179555433,1.0,1.0,1.0,1.0,1.0,1.0,0.0,1.0,0.0,1.0
2026-02-24,34125.0,34235.0,34100.0,856.0,856.0,157.0,34632.7143042609,up,0.0,442.1438836794501,34170.697934267184,33621.037420565925,45.69793426718388,503.96257943407545,1,1,0.10335534642454633,1.1398157885622666,1.0,0.0,1.0,0.0,1.0,0.0,1.0,0.0,1.0,0.0
2026-02-25,35243.0,35283.0,35123.0,712.0,712.0,411.0,35420.200788494,dn,1.0,481.5587519004548,34632.7143042609,34170.697934267184,inf,610.2856957390977,0,2,inf,1.2673130606195537,1.0,1.0,1.0,1.0,1.0,1.0,1.0,0.0,1.0,0.0
2026-02-26,35522.0,35595.0,35480.0,407.0,407.0,247.0,35572.51511982935,dn,1.0,503.50553743374485,35420.200788494,34632.7143042609,inf,101.79921150599694,0,2,inf,0.20218091746288383,1.0,1.0,1.0,0.0,1.0,0.0,0.0,0.0,0.0,0.0
2026-03-02,34744.0,34989.0,34722.0,773.0,773.0,303.0,35257.03064443988,up,0.0,494.3145338686263,35572.51511982935,35420.200788494,676.2007884940031,inf,2,0,1.3679565178913322,inf,1.0,1.0,1.0,1.0,1.0,0.0,1.0,0.0,1.0,0.0
2026-03-03,35018.0,35139.0,34976.0,1006.0,344.0,1006.0,34736.27157244528,up,1.0,520.856006833519,35257.03064443988,35572.51511982935,239.03064443988114,inf,2,0,0.45891885915464237,inf,1.0,1.0,1.0,1.0,0.0,1.0,0.0,1.0,0.0,1.0
2026-03-04,33461.0,33538.0,33253.0,987.0,577.0,987.0,33150.87477582643,up,1.0,567.0601966588981,34736.27157244528,35257.03064443988,1275.2715724452792,inf,2,0,2.2489174517258337,inf,1.0,1.0,1.0,1.0,1.0,1.0,1.0,1.0,0.0,1.0
2026-03-05,33911.0,33972.0,33869.0,902.0,536.0,902.0,33779.85745169918,up,1.0,607.054463643765,33150.87477582643,34736.27157244528,825.2715724452792,760.125224173571,1,1,1.3594687492975417,1.2521532575693768,1.0,1.0,1.0,1.0,1.0,1.0,0.0,1.0,0.0,1.0
2026-03-06,33360.0,33545.0,33338.0,592.0,592.0,426.0,33591.71731206421,dn,1.0,635.1445147253112,33779.85745169918,33150.87477582643,419.85745169917936,209.12522417357104,1,1,0.6610423958093384,0.32925612884181804,1.0,1.0,1.0,1.0,1.0,0.0,0.0,0.0,0.0,0.0
2026-03-09,31730.0,31796.0,31124.0,987.0,987.0,672.0,31675.04633244123,up,0.0,631.0355133229006,33591.71731206421,33779.85745169918,1861.717312064211,inf,2,0,2.9502575889283924,inf,1.0,1.0,1.0,1.0,1.0,1.0,1.0,1.0,1.0,0.0
2026-03-10,33242.0,33329.0,33056.0,955.0,485.0,955.0,32864.45503417629,dn,0.0,664.9368930064338,31675.04633244123,33591.71731206421,349.717312064211,1566.9536675587697,1,1,0.5259406054054323,2.3565449353757066,1.0,1.0,1.0,1.0,1.0,1.0,0.0,1.0,0.0,1.0
2026-03-11,33341.0,33462.0,33288.0,908.0,908.0,207.0,33810.79420466522,up,0.0,692.5619508153449,32864.45503417629,31675.04633244123,inf,476.5449658237121,0,2,inf,0.6880900188967665,1.0,0.0,1.0,0.0,1.0,0.0,1.0,0.0,1.0,0.0
2026-03-12,33678.0,33678.0,33470.0,613.0,469.0,613.0,33578.54299330242,up,1.0,713.0798602615025,33810.79420466522,32864.45503417629,132.79420466521697,813.5449658237121,1,1,0.18622627291215085,1.1408889959749624,1.0,1.0,1.0,1.0,0.0,1.0,0.0,0.0,0.0,0.0
2026-03-13,32664.0,32868.0,32663.0,855.0,855.0,385.0,33201.908623942545,up,0.0,703.5484449985023,33578.54299330242,33810.79420466522,914.5429933024207,inf,2,0,1.2999005254064169,inf,1.0,1.0,1.0,1.0,1.0,0.0,1.0,0.0,0.0,0.0
2026-03-16,33460.0,33613.0,33451.0,646.0,491.0,646.0,33360.993541615215,up,1.0,717.9724026176925,33201.908623942545,33578.54299330242,118.54299330242065,258.0913760574549,1,1,0.16510800814936433,0.35947255788170446,1.0,1.0,1.0,1.0,0.0,1.0,0.0,0.0,0.0,0.0
2026-03-17,33616.0,33796.0,33593.0,424.0,424.0,327.0,33802.719716150816,up,0.0,711.1178880826742,33360.993541615215,33201.908623942545,inf,255.00645838478522,0,2,inf,0.358599414609492,1.0,1.0,1.0,0.0,0.0,0.0,0.0,0.0,0.0,0.0
2026-03-18,34351.0,34480.0,34351.0,333.0,327.0,333.0,34447.5661936411,up,1.0,683.7733273128957,33802.719716150816,33360.993541615215,inf,548.2802838491843,0,2,inf,0.8018450880554608,1.0,1.0,0.0,0.0,0.0,0.0,0.0,0.0,0.0,0.0
2026-03-19,33898.0,33943.0,33825.0,546.0,313.0,546.0,33857.064706469224,up,1.0,650.3663437592866,34447.5661936411,33802.719716150816,549.5661936410979,95.28028384918434,1,1,0.8450101991201796,0.14650248242927136,1.0,1.0,0.0,1.0,0.0,1.0,0.0,0.0,0.0,0.0
2026-03-20,33809.0,33860.0,33652.0,517.0,477.0,517.0,33638.59625411547,up,1.0,640.4266919726879,33857.064706469224,34447.5661936411,48.06470646922389,inf,2,0,0.07505106684602973,inf,1.0,1.0,1.0,1.0,1.0,1.0,0.0,0.0,0.0,0.0
2026-03-23,32501.0,32544.0,32213.0,677.0,677.0,414.0,32592.047652483267,up,0.0,628.67176892767,33638.59625411547,33857.064706469224,1137.5962541154731,inf,2,0,1.8095233639262653,inf,1.0,1.0,1.0,1.0,1.0,0.0,1.0,0.0,0.0,0.0
2026-03-24,33280.0,33393.0,33213.0,1051.0,657.0,1051.0,32820.29411637465,dn,0.0,633.2744576012252,32592.047652483267,33638.59625411547,358.59625411547313,687.9523475167334,1,1,0.5662572519880191,1.0863415368474234,1.0,1.0,1.0,1.0,1.0,1.0,1.0,1.0,0.0,1.0
2026-03-25,33786.0,33880.0,33736.0,436.0,302.0,436.0,33647.880015232295,dn,0.0,673.0578425915847,32820.29411637465,32592.047652483267,inf,965.7058836253491,0,2,inf,1.4348037011305503,1.0,1.0,0.0,1.0,0.0,0.0,0.0,0.0,0.0,0.0
2026-03-26,33855.0,33865.0,33762.0,677.0,310.0,677.0,33670.57678462566,dn,1.0,650.48090520191,33647.880015232295,32820.29411637465,inf,207.11998476770532,0,2,inf,0.31841055304062316,1.0,1.0,0.0,1.0,0.0,1.0,0.0,1.0,0.0,0.0
2026-03-27,32793.0,32822.0,32652.0,591.0,591.0,328.0,32927.58704586296,up,0.0,653.0065332779186,33670.57678462566,33647.880015232295,854.8800152322947,inf,2,0,1.309144658845946,inf,1.0,1.0,1.0,1.0,1.0,0.0,0.0,0.0,0.0,0.0
2026-03-30,32048.0,32242.0,32027.0,685.0,685.0,304.0,32434.492843348857,up,0.0,647.101149156212,32927.58704586296,33670.57678462566,879.5870458629579,inf,2,0,1.3592728849421702,inf,1.0,1.0,1.0,0.0,1.0,0.0,1.0,0.0,0.0,0.0
2026-03-31,32000.0,32265.0,32000.0,645.0,489.0,645.0,32111.391624215776,up,1.0,650.7105635222871,32434.492843348857,32927.58704586296,434.4928433488567,inf,2,0,0.6677205930036745,inf,1.0,1.0,1.0,1.0,1.0,1.0,0.0,1.0,0.0,0.0
2026-04-01,33049.0,33169.0,33040.0,505.0,505.0,281.0,33207.496311550996,dn,1.0,650.1667003296883,32111.391624215776,32434.492843348857,inf,614.5071566511433,0,2,inf,0.9451532296863825,1.0,1.0,1.0,0.0,1.0,0.0,0.0,0.0,0.0,0.0
2026-04-02,33676.0,33676.0,33558.0,1201.0,245.0,1201.0,32960.87370297357,dn,0.0,636.3413002982894,33207.496311550996,32111.391624215776,inf,468.5036884490037,0,2,inf,0.7362459237352492,1.0,1.0,0.0,1.0,0.0,1.0,0.0,1.0,0.0,1.0
2026-04-07,33192.0,33281.0,33156.0,422.0,262.0,422.0,33175.080917944266,up,1.0,690.1183193175,32960.87370297357,33207.496311550996,15.496311550996325,231.1262970264288,1,1,0.022454572088915957,0.334908218716761,0.0,1.0,0.0,1.0,0.0,0.0,0.0,0.0,0.0,0.0
2026-04-08,34651.0,34684.0,34542.0,587.0,587.0,211.0,34814.93190917604,dn,1.0,664.5832412872619,33175.080917944266,32960.87370297357,inf,1475.9190820557342,0,2,inf,2.2208189890508803,1.0,0.0,1.0,0.0,1.0,0.0,0.0,0.0,0.0,0.0
2026-04-09,35032.0,35100.0,34905.0,355.0,219.0,355.0,34885.368358981184,dn,0.0,657.1943611646656,34814.93190917604,33175.080917944266,inf,217.0680908239592,0,2,inf,0.33029512066913636,0.0,1.0,0.0,1.0,0.0,0.0,0.0,0.0,0.0,0.0
2026-04-10,35249.0,35376.0,35215.0,365.0,365.0,281.0,35440.70998067776,up,0.0,628.4139458156498,34885.368358981184,34814.93190917604,inf,363.63164101881557,0,2,inf,0.5786498588073821,1.0,1.0,1.0,0.0,0.0,0.0,0.0,0.0,0.0,0.0
2026-04-13,35280.0,35506.0,35225.0,427.0,427.0,245.0,35488.90425233458,up,0.0,603.3269033570165,35440.70998067776,34885.368358981184,160.70998067776236,394.63164101881557,1,1,0.26637297256850956,0.6540925637875852,1.0,1.0,1.0,0.0,0.0,0.0,0.0,0.0,0.0,0.0
2026-04-14,36060.0,36106.0,36010.0,440.0,440.0,290.0,36219.26960608595,up,1.0,586.5338649420626,35488.90425233458,35440.70998067776,inf,571.0957476654221,0,2,inf,0.9736790691903775,1.0,1.0,1.0,0.0,1.0,0.0,0.0,0.0,0.0,0.0
2026-04-15,36997.0,37005.0,36944.0,450.0,450.0,415.0,37100.3242020361,dn,1.0,572.5782587571042,36219.26960608595,35488.90425233458,inf,777.7303939140475,0,2,inf,1.3582953631565877,1.0,1.0,1.0,1.0,1.0,1.0,0.0,0.0,0.0,0.0
2026-04-16,37321.0,37415.0,37305.0,580.0,580.0,329.0,37327.49122215917,dn,1.0,560.9041388754753,37100.3242020361,36219.26960608595,inf,220.67579796390055,0,2,inf,0.3934287210044855,1.0,1.0,1.0,1.0,1.0,0.0,1.0,0.0,0.0,0.0
2026-04-17,37145.0,37307.0,37141.0,355.0,247.0,355.0,37218.44221645157,up,1.0,562.7227923159062,37327.49122215917,37100.3242020361,182.49122215917305,44.67579796390055,1,1,0.32430039204227673,0.07939219554273903,1.0,1.0,0.0,1.0,0.0,0.0,0.0,0.0,0.0,0.0
2026-04-20,37324.0,37458.0,37271.0,495.0,433.0,495.0,37495.37735704577,up,0.0,542.9396692382008,37218.44221645157,37327.49122215917,3.4912221591730486,105.55778354842914,1,1,0.006430221177376089,0.19441899262313503,1.0,1.0,1.0,1.0,1.0,1.0,0.0,0.0,0.0,0.0
2026-04-21,37707.0,37795.0,37701.0,512.0,512.0,424.0,37933.71902371034,up,1.0,538.3739864536103,37495.37735704577,37218.44221645157,inf,211.62264295422938,0,2,inf,0.39307739281430554,1.0,1.0,1.0,1.0,1.0,1.0,0.0,0.0,0.0,0.0
2026-04-22,38150.0,38173.0,37945.0,444.0,444.0,248.0,38188.007546825036,dn,1.0,535.8621782199332,37933.71902371034,37495.37735704577,inf,216.2809762896577,0,2,inf,0.4036130652253084,1.0,1.0,1.0,0.0,1.0,0.0,0.0,0.0,0.0,0.0
2026-04-23,38686.0,38724.0,38558.0,1679.0,631.0,1679.0,38153.17877335245,up,1.0,527.1133993418443,38188.007546825036,37933.71902371034,inf,497.9924531749639,0,2,inf,0.94475392543001,1.0,1.0,1.0,1.0,1.0,1.0,1.0,1.0,0.0,1.0
2026-04-24,38299.0,38489.0,38268.0,976.0,976.0,681.0,38790.912768865055,up,0.0,636.8168851188116,38153.17877335245,38188.007546825036,inf,110.99245317496388,0,2,inf,0.17429257258820313,1.0,1.0,1.0,1.0,1.0,1.0,1.0,1.0,1.0,0.0
2026-04-27,39999.0,40059.0,39904.0,621.0,557.0,621.0,40145.294405986904,up,1.0,669.12003891702,38790.912768865055,38153.17877335245,inf,1208.087231134945,0,2,inf,1.805486550799242,1.0,1.0,1.0,1.0,1.0,1.0,0.0,0.0,0.0,0.0
2026-04-28,39820.0,39958.0,39800.0,686.0,547.0,686.0,39998.20737107208,up,1.0,664.53717806778,40145.294405986904,38790.912768865055,325.29440598690417,1029.087231134945,1,1,0.48950520260241254,1.548577363462398,1.0,1.0,1.0,1.0,1.0,1.0,0.0,1.0,0.0,0.0
2026-04-29,39698.0,39790.0,39388.0,667.0,595.0,667.0,39455.32076745245,dn,0.0,666.581256347039,39998.20737107208,40145.294405986904,300.2073710720797,inf,2,0,0.45036875581719654,inf,1.0,1.0,1.0,1.0,1.0,1.0,0.0,1.0,0.0,0.0
2026-04-30,39698.0,39937.0,39653.0,672.0,397.0,672.0,39574.60357524393,dn,0.0,666.6211366949401,39455.32076745245,39998.20737107208,300.2073710720797,242.67923254754714,1,1,0.4503418126831177,0.364043711171136,1.0,1.0,1.0,1.0,0.0,1.0,0.0,1.0,0.0,0.0
2026-05-04,40440.0,40447.0,40230.0,907.0,907.0,280.0,40683.356638799705,dn,1.0,667.1334093906601,39574.60357524393,39455.32076745245,inf,865.3964247560725,0,2,inf,1.2971864586222717,1.0,1.0,1.0,0.0,1.0,0.0,1.0,0.0,1.0,0.0
2026-05-05,40936.0,40945.0,40846.0,299.0,277.0,299.0,40945.53791891372,up,1.0,689.9778465915496,40683.356638799705,39574.60357524393,inf,252.64336120029475,0,2,inf,0.36616155496634895,1.0,1.0,0.0,0.0,0.0,0.0,0.0,0.0,0.0,0.0
2026-05-06,41650.0,41743.0,41620.0,967.0,517.0,967.0,41488.10009729847,up,1.0,652.7418612018781,40945.53791891372,40683.356638799705,inf,704.4620810862834,0,2,inf,1.0792353347603203,1.0,1.0,1.0,1.0,1.0,1.0,0.0,1.0,0.0,1.0
2026-05-07,42329.0,42329.0,42042.0,463.0,463.0,324.0,42276.75498225728,dn,1.0,682.6712077540802,41488.10009729847,40945.53791891372,inf,840.8999027015307,0,2,inf,1.2317787730758516,1.0,1.0,1.0,0.0,0.0,0.0,0.0,0.0,0.0,0.0
2026-05-08,42120.0,42157.0,42041.0,804.0,488.0,804.0,41982.181562974205,up,1.0,661.7501403489298,42276.75498225728,41488.10009729847,156.75498225727642,631.8999027015307,1,1,0.2368794091598109,0.9548919813879305,1.0,1.0,1.0,1.0,1.0,1.0,0.0,1.0,0.0,0.0
2026-05-11,42230.0,42258.0,41816.0,456.0,395.0,456.0,42041.32873388931,,,675.2977460299841,41982.181562974205,42276.75498225728,46.754982257276424,247.818437025795,1,1,0.0692360999753736,0.3669765499480751,1.0,1.0,1.0,1.0,0.0,0.0,0.0,0.0,0.0,0.0
2026-05-12,42200.0,42247.0,42168.0,756.0,643.0,756.0,42004.39044633486,up,1.0,654.4122464080808,42041.32873388931,41982.181562974205,inf,158.6712661106867,0,2,inf,0.24246377872907635,1.0,1.0,1.0,1.0,1.0,1.0,1.0,1.0,0.0,0.0
2026-05-13,41238.0,41267.0,40984.0,620.0,620.0,372.0,41352.08691069375,up,0.0,664.0872705596922,42004.39044633486,42041.32873388931,766.390446334859,inf,2,0,1.1540508007162158,inf,1.0,1.0,1.0,1.0,1.0,0.0,0.0,0.0,0.0,0.0
2026-05-14,41948.0,41996.0,41870.0,741.0,368.0,741.0,41788.412214063224,up,1.0,659.8884828873406,41352.08691069375,42004.39044633486,56.39044633485901,595.9130893062465,1,1,0.08545450905298836,0.9030512044987209,1.0,1.0,1.0,1.0,0.0,1.0,0.0,1.0,0.0,0.0
2026-05-15,42282.0,42365.0,42232.0,1478.0,276.0,1478.0,41700.38535155408,up,1.0,667.6133892790225,41788.412214063224,41352.08691069375,inf,493.5877859367756,0,2,inf,0.7393317657541548,1.0,1.0,0.0,1.0,0.0,1.0,0.0,1.0,0.0,1.0
2026-05-18,40200.0,40508.0,40169.0,821.0,821.0,385.0,40647.56551966786,up,0.0,744.7930664905442,41700.38535155408,41788.412214063224,1500.3853515540832,inf,2,0,2.0144996228601864,inf,1.0,1.0,1.0,1.0,1.0,0.0,1.0,0.0,0.0,0.0
2026-05-19,40890.0,40931.0,40671.0,743.0,276.0,743.0,40511.18142513224,,,752.050869681921,40647.56551966786,41700.38535155408,810.3853515540832,242.43448033213645,1,1,1.0775672021984826,0.3223644704176379,0.0,1.0,0.0,1.0,0.0,1.0,0.0,1.0,0.0,0.0
2026-05-20,40282.0,40337.0,40117.0,539.0,429.0,539.0,40219.365403856646,up,1.0,751.1888820931666,40511.18142513224,40647.56551966786,229.18142513224302,inf,2,0,0.3050916095744594,inf,1.0,1.0,1.0,1.0,0.0,1.0,0.0,0.0,0.0,0.0
2026-05-21,40967.0,41155.0,40957.0,709.0,709.0,207.0,41435.524624870006,up,0.0,730.9804171319126,40219.365403856646,40511.18142513224,inf,455.818574867757,0,2,inf,0.6235715269312064,1.0,0.0,1.0,0.0,1.0,0.0,0.0,0.0,0.0,0.0
2026-05-22,42196.0,42253.0,41900.0,712.0,712.0,463.0,42131.63915787278,dn,1.0,728.8870440717305,41435.524624870006,40219.365403856646,inf,760.4753751299941,0,2,inf,1.0433377590055708,1.0,1.0,1.0,1.0,1.0,0.0,0.0,0.0,0.0,0.0
2026-05-25,43195.0,43338.0,43004.0,1046.0,1046.0,409.0,43726.754119642734,up,0.0,727.2787541601372,42131.63915787278,41435.524624870006,inf,1063.360842127222,0,2,inf,1.462109041470891,1.0,1.0,1.0,1.0,1.0,0.0,1.0,0.0,1.0,0.0
2026-05-26,44274.0,44280.0,44002.0,661.0,338.0,661.0,43903.9170761126,dn,0.0,757.6331585258384,43726.754119642734,42131.63915787278,inf,547.2458803572663,0,2,inf,0.7223098331942964,1.0,1.0,0.0,1.0,0.0,1.0,0.0,0.0,0.0,0.0
2026-05-27,44490.0,44666.0,44413.0,963.0,886.0,963.0,44806.9518287882,up,1.0,748.4300005709966,43903.9170761126,43726.754119642734,inf,586.0829238873994,0,2,inf,0.783083151985171,1.0,1.0,1.0,1.0,1.0,1.0,1.0,1.0,0.0,1.0
2026-05-28,45174.0,45240.0,44821.0,1890.0,648.0,1890.0,44325.87346000613,,,768.8652386118541,44806.9518287882,43903.9170761126,inf,367.04817121179804,0,2,inf,0.47738947318581376,1.0,1.0,1.0,1.0,1.0,1.0,0.0,1.0,0.0,1.0
2026-05-29,44655.0,44860.0,44655.0,816.0,816.0,311.0,45110.36613662422,up,0.0,875.6399777916776,44325.87346000613,44806.9518287882,151.95182878820196,329.1265399938711,1,1,0.17353231081501927,0.3758697048345287,1.0,0.0,1.0,0.0,1.0,0.0,0.0,0.0,0.0,0.0
2026-06-01,45483.0,45637.0,45405.0,1060.0,1060.0,695.0,45972.04549066349,up,0.0,869.9599799067558,45110.36613662422,44325.87346000613,inf,372.63386337577685,0,2,inf,0.42833448892179676,1.0,1.0,1.0,1.0,1.0,1.0,1.0,0.0,0.0,0.0
2026-06-02,46145.0,46228.0,45891.0,895.0,832.0,895.0,45842.747082771675,dn,0.0,888.0590294394458,45972.04549066349,45110.36613662422,inf,172.95450933650864,0,2,inf,0.1947556452927231,1.0,1.0,1.0,1.0,1.0,1.0,0.0,1.0,0.0,0.0
2026-06-03,46718.0,46902.0,46709.0,444.0,391.0,444.0,46796.87444131321,,,888.7200742547367,45842.747082771675,45972.04549066349,inf,745.9545093365086,0,2,inf,0.8393582309503378,1.0,1.0,0.0,1.0,0.0,0.0,0.0,0.0,0.0,0.0
2026-06-04,46505.0,46510.0,46313.0,447.0,447.0,440.0,46376.68504506323,up,1.0,846.3657814685713,46796.87444131321,45842.747082771675,291.8744413132081,662.2529172283248,1,1,0.34485614577513074,0.7824665549205178,1.0,1.0,1.0,1.0,0.0,0.0,0.0,0.0,0.0,0.0
2026-06-05,45668.0,45715.0,45423.0,1130.0,1130.0,1072.0,45322.3574842205,up,1.0,808.3309451382312,46376.68504506323,46796.87444131321,708.6850450632264,inf,2,0,0.876726357348642,inf,1.0,1.0,1.0,1.0,1.0,1.0,1.0,1.0,1.0,1.0
