d,open,hi_full,lo_full,hi_1030,lo_1030,hi_1130,lo_1130,rng,ema20,up_L4,dn_L4,up_L5,dn_L5,anyL4,anyL5,anyL4_1130,anyL5_1130,anyL4_1030,night_norm,deep_stop,regime,level,extreme,tempL4_5,cntL4_5,tempL5_5,tempDS_5,tempL4_10,cntL4_10,tempL5_10,tempDS_10,tempL4_20,cntL4_20,tempL5_20,tempDS_20,fwdL4_1,fwdL5_1,fwdL4_3,fwdL5_3,fwdL4_5,fwdL5_5,fwdL4_10,fwdL5_10,rv_up
2020-12-31,14678.0,14712.0,14604.0,14712.0,14623.0,14712.0,14604.0,108.0,,0.0,0.0,0.0,0.0,,,,,,,,升壓,高18-24,False,,,,,,,,,,,,,,,,,,,,,1.0
2021-01-04,14640.0,14925.0,14635.0,14844.0,14635.0,14921.0,14635.0,290.0,108.0,1.0,0.0,1.0,0.0,1.0,1.0,1.0,1.0,1.0,0.9682539682539683,0.0,升壓,高18-24,False,,,,,,,,,,,,,1.0,1.0,0.6666666666666666,0.6666666666666666,0.6,0.6,0.5,0.5,1.0
2021-01-05,14874.0,14980.0,14836.0,14925.0,14836.0,14941.0,14836.0,144.0,125.33333333333333,0.0,0.0,0.0,0.0,0.0,0.0,0.0,0.0,0.0,3.0090978013646703,0.0,升壓,高18-24,False,,,,,,,,,,,,,0.0,0.0,0.6666666666666666,0.6666666666666666,0.4,0.4,0.5,0.5,1.0
2021-01-06,15048.0,15140.0,14764.0,15140.0,14970.0,15140.0,14902.0,376.0,127.1111111111111,0.0,1.0,0.0,1.0,1.0,1.0,1.0,0.0,0.0,1.2695839267856601,0.0,升壓,高18-24,False,,,,,,,,,,,,,1.0,1.0,0.6666666666666666,0.6666666666666666,0.4,0.4,0.6,0.5,1.0
2021-01-07,15050.0,15260.0,15024.0,15120.0,15024.0,15232.0,15024.0,236.0,150.8148148148148,1.0,0.0,1.0,0.0,1.0,1.0,1.0,0.0,0.0,2.631961630398539,0.0,升壓,高18-24,False,,,,,,,,,,,,,1.0,1.0,0.3333333333333333,0.3333333333333333,0.4,0.4,0.5,0.4,1.0
2021-01-08,15376.0,15473.0,15264.0,15422.0,15264.0,15422.0,15264.0,209.0,158.92768959435625,0.0,0.0,0.0,0.0,0.0,0.0,0.0,0.0,0.0,1.9734426226276294,0.0,升壓,高18-24,False,,,,,,,,,,,,,0.0,0.0,0.0,0.0,0.2,0.2,0.5,0.4,1.0
2021-01-11,15420.0,15538.0,15369.0,15510.0,15369.0,15510.0,15369.0,169.0,163.69648106156043,0.0,0.0,0.0,0.0,0.0,0.0,0.0,0.0,0.0,1.9711304792434856,0.0,升壓,高18-24,False,0.6,3.0,0.6,0.0,,,,,,,,,0.0,0.0,0.3333333333333333,0.3333333333333333,0.4,0.4,0.5,0.4,1.0
2021-01-12,15517.0,15605.0,15407.0,15605.0,15466.0,15605.0,15466.0,198.0,164.2015781033166,0.0,0.0,0.0,0.0,0.0,0.0,0.0,0.0,0.0,1.0107619002307533,0.0,升壓,高18-24,False,0.4,2.0,0.4,0.0,,,,,,,,,0.0,0.0,0.3333333333333333,0.3333333333333333,0.6,0.6,0.6,0.4,1.0
2021-01-13,15557.0,15790.0,15555.0,15747.0,15555.0,15766.0,15555.0,235.0,167.42047542681024,1.0,0.0,1.0,0.0,1.0,1.0,1.0,1.0,1.0,0.6511323565831015,1.0,升壓,高18-24,False,0.4,2.0,0.4,0.0,,,,,,,,,1.0,1.0,0.6666666666666666,0.6666666666666666,0.8,0.6,0.7,0.5,1.0
2021-01-14,15705.0,15766.0,15632.0,15730.0,15632.0,15734.0,15632.0,134.0,173.8566206242569,0.0,0.0,0.0,0.0,0.0,0.0,0.0,0.0,0.0,1.376303162377368,0.0,升壓,高18-24,False,0.4,2.0,0.4,0.2,,,,,,,,,0.0,0.0,0.6666666666666666,0.6666666666666666,0.6,0.4,0.6,0.4,1.0
2021-01-15,15950.0,16002.0,15584.0,16002.0,15756.0,16002.0,15756.0,418.0,170.06075199337528,0.0,1.0,0.0,1.0,1.0,1.0,1.0,0.0,1.0,3.006032507539819,0.0,升壓,高18-24,False,0.2,1.0,0.2,0.2,,,,,,,,,1.0,1.0,1.0,0.6666666666666666,0.8,0.6,0.6,0.4,1.0
2021-01-18,15637.0,15679.0,15327.0,15679.0,15327.0,15679.0,15327.0,352.0,193.6740137082919,0.0,1.0,0.0,1.0,1.0,1.0,1.0,1.0,1.0,1.3370863036955283,0.0,升壓,高18-24,False,0.4,2.0,0.4,0.2,0.5,5.0,0.5,0.1,,,,,1.0,1.0,0.6666666666666666,0.3333333333333333,0.6,0.4,0.6,0.4,1.0
2021-01-19,15714.0,15946.0,15710.0,15842.0,15710.0,15852.0,15710.0,236.0,208.75267906940695,1.0,0.0,0.0,0.0,1.0,0.0,0.0,0.0,0.0,0.7282376159007716,1.0,升壓,高18-24,False,0.6,3.0,0.6,0.2,0.5,5.0,0.5,0.1,,,,,1.0,0.0,0.6666666666666666,0.3333333333333333,0.6,0.2,0.5,0.3,1.0
2021-01-20,15899.0,15964.0,15735.0,15964.0,15816.0,15964.0,15770.0,229.0,211.34766201517772,0.0,0.0,0.0,0.0,0.0,0.0,0.0,0.0,0.0,0.7082400835284104,1.0,升壓,高18-24,False,0.8,4.0,0.6,0.4,0.6,6.0,0.5,0.2,,,,,0.0,0.0,0.3333333333333333,0.3333333333333333,0.6,0.4,0.5,0.4,1.0
2021-01-21,15803.0,16183.0,15769.0,16045.0,15769.0,16183.0,15769.0,414.0,213.02883706135125,1.0,0.0,1.0,0.0,1.0,1.0,1.0,1.0,1.0,,,升壓,極高>24,False,0.6,3.0,0.4,0.4,0.5,5.0,0.4,0.3,,,,,1.0,1.0,0.6666666666666666,0.3333333333333333,0.6,0.4,0.5,0.4,1.0
2021-01-22,16051.0,16085.0,15928.0,16085.0,15964.0,16085.0,15964.0,157.0,232.16894781741303,0.0,0.0,0.0,0.0,0.0,0.0,0.0,0.0,0.0,0.7446706615770314,1.0,升壓,高18-24,False,0.8,4.0,0.6,,0.5,5.0,0.4,,,,,,0.0,0.0,0.6666666666666666,0.3333333333333333,0.4,0.2,0.4,0.3,1.0
2021-01-25,15956.0,16004.0,15719.0,16004.0,15719.0,16004.0,15719.0,285.0,225.01000040623083,0.0,1.0,0.0,0.0,1.0,0.0,1.0,0.0,1.0,1.4020206770875383,0.0,升壓,極高>24,False,0.6,3.0,0.4,,0.5,5.0,0.4,,,,,,1.0,0.0,0.6666666666666666,0.3333333333333333,0.6,0.4,0.4,0.3,1.0
2021-01-26,15865.0,15974.0,15537.0,15974.0,15786.0,15974.0,15634.0,437.0,230.72333370087551,0.0,1.0,0.0,1.0,1.0,1.0,1.0,0.0,0.0,1.294389634047273,0.0,升壓,極高>24,False,0.6,3.0,0.2,,0.6,6.0,0.4,,,,,,1.0,1.0,0.3333333333333333,0.3333333333333333,0.4,0.4,0.3,0.3,1.0
2021-01-27,15725.0,15814.0,15585.0,15814.0,15646.0,15814.0,15585.0,229.0,250.3687304912683,0.0,0.0,0.0,0.0,0.0,0.0,0.0,0.0,0.0,0.9015694970901224,0.0,升壓,極高>24,False,0.6,3.0,0.4,,0.7,7.0,0.5,,,,,,0.0,0.0,0.3333333333333333,0.3333333333333333,0.4,0.4,0.2,0.2,1.0
2021-01-28,15411.0,15524.0,15305.0,15524.0,15336.0,15524.0,15315.0,219.0,248.3336133016237,0.0,0.0,0.0,0.0,0.0,0.0,0.0,0.0,0.0,2.032036050625865,0.0,升壓,極高>24,False,0.6,3.0,0.4,,0.6,6.0,0.4,,,,,,0.0,0.0,0.3333333333333333,0.3333333333333333,0.4,0.4,0.2,0.2,1.0
2021-01-29,15498.0,15539.0,15063.0,15539.0,15351.0,15539.0,15314.0,476.0,245.5399358443262,0.0,1.0,0.0,1.0,1.0,1.0,0.0,0.0,0.0,2.571683112183479,0.0,升壓,極高>24,False,0.4,2.0,0.2,0.2,0.6,6.0,0.4,,,,,,1.0,1.0,0.6666666666666666,0.6666666666666666,0.4,0.4,0.2,0.2,1.0
2021-02-01,15156.0,15398.0,15090.0,15265.0,15090.0,15299.0,15090.0,308.0,267.4885133829618,0.0,0.0,0.0,0.0,0.0,0.0,0.0,0.0,0.0,1.199205837148122,0.0,升壓,極高>24,False,0.6,3.0,0.4,0.0,0.6,6.0,0.4,,0.55,11.0,0.45,,0.0,0.0,0.3333333333333333,0.3333333333333333,0.2,0.2,0.1,0.1,1.0
2021-02-02,15469.0,15820.0,15459.0,15779.0,15459.0,15795.0,15459.0,361.0,271.3467502036321,1.0,0.0,1.0,0.0,1.0,1.0,1.0,0.0,1.0,0.9451611873788439,0.0,升壓,極高>24,False,0.4,2.0,0.4,0.0,0.5,5.0,0.3,,0.5,10.0,0.4,,1.0,1.0,0.3333333333333333,0.3333333333333333,0.2,0.2,0.1,0.1,1.0
2021-02-03,15864.0,15875.0,15716.0,15875.0,15716.0,15875.0,15716.0,159.0,279.8851549461433,0.0,0.0,0.0,0.0,0.0,0.0,0.0,0.0,0.0,0.9317339530102792,0.0,升壓,極高>24,False,0.4,2.0,0.4,0.0,0.5,5.0,0.4,,0.55,11.0,0.45,,0.0,0.0,0.0,0.0,0.0,0.0,0.0,0.0,1.0
2021-02-04,15721.0,15777.0,15542.0,15777.0,15542.0,15777.0,15542.0,235.0,268.37228304651063,0.0,0.0,0.0,0.0,0.0,0.0,0.0,0.0,0.0,0.8206023784580605,0.0,降壓,高18-24,False,0.4,2.0,0.4,0.0,0.5,5.0,0.4,,0.5,10.0,0.4,,0.0,0.0,0.0,0.0,0.0,0.0,0.0,0.0,0.0
2021-02-05,15809.0,15984.0,15751.0,15984.0,15751.0,15984.0,15751.0,233.0,265.1939703754144,0.0,0.0,0.0,0.0,0.0,0.0,0.0,0.0,0.0,0.5461156670278549,1.0,降壓,高18-24,False,0.4,2.0,0.4,0.0,0.4,4.0,0.3,0.1,0.45,9.0,0.35,,0.0,0.0,0.0,0.0,0.0,0.0,0.1,0.1,0.0
2021-02-17,16261.0,16433.0,16179.0,16399.0,16179.0,16432.0,16179.0,254.0,262.12787795870827,0.0,0.0,0.0,0.0,0.0,0.0,0.0,0.0,0.0,0.524863648577474,1.0,降壓,高18-24,False,0.2,1.0,0.2,0.2,0.4,4.0,0.3,0.1,0.45,9.0,0.35,,0.0,0.0,0.0,0.0,0.0,0.0,0.1,0.1,0.0
2021-02-18,16374.0,16525.0,16287.0,16382.0,16287.0,16525.0,16287.0,238.0,261.3537943435932,0.0,0.0,0.0,0.0,0.0,0.0,0.0,0.0,0.0,,,降壓,高18-24,False,0.2,1.0,0.2,0.4,0.3,3.0,0.3,0.2,0.45,9.0,0.35,,0.0,0.0,0.0,0.0,0.0,0.0,0.2,0.1,0.0
2021-02-19,16301.0,16328.0,16130.0,16328.0,16162.0,16328.0,16130.0,198.0,259.1296234537272,0.0,0.0,0.0,0.0,0.0,0.0,0.0,0.0,0.0,0.9276862109293402,0.0,降壓,高18-24,False,0.0,0.0,0.0,,0.2,2.0,0.2,,0.45,9.0,0.35,,0.0,0.0,0.0,0.0,0.0,0.0,0.3,0.1,0.0
2021-02-22,16480.0,16564.0,16336.0,16564.0,16391.0,16564.0,16336.0,228.0,253.30775455337223,0.0,0.0,0.0,0.0,0.0,0.0,0.0,0.0,0.0,1.0102329599532611,0.0,降壓,高18-24,False,0.0,0.0,0.0,,0.2,2.0,0.2,,0.4,8.0,0.3,,0.0,0.0,0.0,0.0,0.0,0.0,0.3,0.1,0.0
2021-02-23,16223.0,16451.0,16182.0,16382.0,16182.0,16423.0,16182.0,269.0,250.89749221495583,0.0,0.0,0.0,0.0,0.0,0.0,0.0,0.0,0.0,1.0369000460899538,0.0,降壓,高18-24,False,0.0,0.0,0.0,,0.2,2.0,0.2,,0.4,8.0,0.3,,0.0,0.0,0.0,0.0,0.2,0.2,0.3,0.1,0.0
2021-02-24,16300.0,16435.0,16133.0,16435.0,16281.0,16435.0,16213.0,302.0,252.62154057543623,0.0,0.0,0.0,0.0,0.0,0.0,0.0,0.0,0.0,1.515460964793987,0.0,升壓,極高>24,False,0.0,0.0,0.0,,0.1,1.0,0.1,,0.35,7.0,0.25,,0.0,0.0,0.0,0.0,0.2,0.2,0.3,0.1,1.0
2021-02-25,16388.0,16422.0,16243.0,16422.0,16264.0,16422.0,16243.0,179.0,257.32425099682325,0.0,0.0,0.0,0.0,0.0,0.0,0.0,0.0,0.0,1.2672608135099461,0.0,降壓,高18-24,False,0.0,0.0,0.0,,0.1,1.0,0.1,,0.3,6.0,0.2,,0.0,0.0,0.3333333333333333,0.3333333333333333,0.4,0.2,0.3,0.1,0.0
2021-02-26,16037.0,16118.0,15852.0,16118.0,15852.0,16118.0,15852.0,266.0,249.86479852093532,0.0,0.0,0.0,0.0,0.0,0.0,0.0,0.0,0.0,1.9145378254269318,0.0,升壓,極高>24,False,0.0,0.0,0.0,0.0,0.0,0.0,0.0,,0.25,5.0,0.2,,0.0,0.0,0.3333333333333333,0.3333333333333333,0.6,0.2,0.3,0.1,0.0
2021-03-02,16249.0,16277.0,15868.0,16277.0,16100.0,16277.0,16035.0,409.0,251.40148437608434,0.0,1.0,0.0,1.0,1.0,1.0,0.0,0.0,0.0,1.4901989443957173,0.0,升壓,極高>24,False,0.0,0.0,0.0,0.0,0.0,0.0,0.0,,0.25,5.0,0.2,,1.0,1.0,0.6666666666666666,0.3333333333333333,0.6,0.2,0.3,0.1,1.0
2021-03-03,16000.0,16196.0,15885.0,16030.0,15885.0,16147.0,15885.0,311.0,266.41086681645726,0.0,0.0,0.0,0.0,0.0,0.0,0.0,0.0,0.0,0.7203066841650537,1.0,升壓,高18-24,False,0.2,1.0,0.2,0.0,0.1,1.0,0.1,,0.25,5.0,0.2,,0.0,0.0,0.6666666666666666,0.0,0.4,0.0,0.2,0.0,1.0
2021-03-04,16025.0,16066.0,15756.0,16066.0,15831.0,16066.0,15789.0,310.0,270.65745092917564,0.0,1.0,0.0,0.0,1.0,0.0,0.0,0.0,0.0,1.47425641670083,0.0,升壓,極高>24,False,0.2,1.0,0.2,0.2,0.1,1.0,0.1,,0.25,5.0,0.2,,1.0,0.0,0.6666666666666666,0.0,0.4,0.0,0.2,0.0,1.0
2021-03-05,15601.0,15914.0,15570.0,15805.0,15570.0,15870.0,15570.0,344.0,274.4043603644922,1.0,0.0,0.0,0.0,1.0,0.0,1.0,0.0,0.0,2.146242386417538,0.0,升壓,極高>24,False,0.4,2.0,0.2,0.2,0.2,2.0,0.1,,0.25,5.0,0.2,,1.0,0.0,0.3333333333333333,0.0,0.2,0.0,0.1,0.0,1.0
2021-03-08,15950.0,16095.0,15767.0,16095.0,15882.0,16095.0,15825.0,328.0,281.0325165202549,0.0,0.0,0.0,0.0,0.0,0.0,0.0,0.0,0.0,1.147039443835215,0.0,升壓,極高>24,False,0.6,3.0,0.2,0.2,0.3,3.0,0.1,0.1,0.25,5.0,0.15,,0.0,0.0,0.0,0.0,0.0,0.0,0.0,0.0,1.0
2021-03-09,15810.0,15848.0,15608.0,15825.0,15608.0,15848.0,15608.0,240.0,285.5056101849925,0.0,0.0,0.0,0.0,0.0,0.0,0.0,0.0,0.0,1.0426698448596474,0.0,升壓,極高>24,False,0.6,3.0,0.2,0.2,0.3,3.0,0.1,0.1,0.25,5.0,0.15,,0.0,0.0,0.0,0.0,0.0,0.0,0.0,0.0,1.0
2021-03-10,15977.0,15986.0,15808.0,15986.0,15809.0,15986.0,15808.0,178.0,281.17174254832656,0.0,0.0,0.0,0.0,0.0,0.0,0.0,0.0,0.0,1.121721715789879,0.0,降壓,高18-24,False,0.4,2.0,0.0,0.2,0.3,3.0,0.1,0.1,0.25,5.0,0.15,,0.0,0.0,0.0,0.0,0.0,0.0,0.0,0.0,0.0
2021-03-11,15951.0,16214.0,15942.0,16188.0,15942.0,16202.0,15942.0,272.0,271.34586230562877,0.0,0.0,0.0,0.0,0.0,0.0,0.0,0.0,0.0,0.6875944614550478,1.0,降壓,高18-24,False,0.4,2.0,0.0,0.0,0.3,3.0,0.1,0.1,0.2,4.0,0.1,,0.0,0.0,0.0,0.0,0.0,0.0,0.0,0.0,0.0
2021-03-12,16276.0,16288.0,16155.0,16288.0,16171.0,16288.0,16155.0,133.0,271.4081611336641,0.0,0.0,0.0,0.0,0.0,0.0,0.0,0.0,0.0,0.5539679696961907,1.0,降壓,高18-24,False,0.2,1.0,0.0,0.2,0.3,3.0,0.1,0.2,0.2,4.0,0.1,,0.0,0.0,0.0,0.0,0.0,0.0,0.0,0.0,0.0
2021-03-15,16206.0,16249.0,16142.0,16249.0,16142.0,16249.0,16142.0,107.0,258.22643150188657,0.0,0.0,0.0,0.0,0.0,0.0,0.0,0.0,0.0,0.5681198655100747,1.0,降壓,高18-24,False,0.0,0.0,0.0,0.4,0.3,3.0,0.1,0.3,0.15,3.0,0.05,,0.0,0.0,0.0,0.0,0.0,0.0,0.0,0.0,0.0
2021-03-16,16250.0,16348.0,16213.0,16295.0,16213.0,16295.0,16213.0,135.0,243.8239142159926,0.0,0.0,0.0,0.0,0.0,0.0,0.0,0.0,0.0,0.6359753178796902,1.0,降壓,高18-24,False,0.0,0.0,0.0,0.6,0.3,3.0,0.1,0.4,0.15,3.0,0.05,,0.0,0.0,0.0,0.0,0.0,0.0,0.0,0.0,0.0
2021-03-17,16304.0,16336.0,16161.0,16336.0,16255.0,16336.0,16255.0,175.0,233.45973190970759,0.0,0.0,0.0,0.0,0.0,0.0,0.0,0.0,0.0,0.43357963879319217,1.0,降壓,高18-24,False,0.0,0.0,0.0,0.8,0.2,2.0,0.0,0.5,0.15,3.0,0.05,,0.0,0.0,0.0,0.0,0.0,0.0,0.0,0.0,0.0
2021-03-18,16255.0,16401.0,16220.0,16401.0,16249.0,16401.0,16249.0,181.0,227.89213839449735,0.0,0.0,0.0,0.0,0.0,0.0,0.0,0.0,0.0,,,降壓,低<18,False,0.0,0.0,0.0,1.0,0.2,2.0,0.0,0.5,0.15,3.0,0.05,,0.0,0.0,0.0,0.0,0.0,0.0,0.0,0.0,0.0
2021-03-19,16100.0,16110.0,15953.0,16110.0,15957.0,16110.0,15953.0,157.0,223.42622045216427,0.0,0.0,0.0,0.0,0.0,0.0,0.0,0.0,0.0,1.2796763246511536,0.0,降壓,高18-24,False,0.0,0.0,0.0,,0.1,1.0,0.0,,0.15,3.0,0.05,,0.0,0.0,0.0,0.0,0.0,0.0,0.0,0.0,0.0
2021-03-22,16018.0,16174.0,15911.0,16142.0,15911.0,16142.0,15911.0,263.0,217.09991374243435,0.0,0.0,0.0,0.0,0.0,0.0,0.0,0.0,0.0,0.9102169234004277,0.0,降壓,低<18,False,0.0,0.0,0.0,,0.0,0.0,0.0,,0.15,3.0,0.05,,0.0,0.0,0.0,0.0,0.0,0.0,0.0,0.0,0.0
2021-03-23,16223.0,16277.0,16103.0,16277.0,16153.0,16277.0,16131.0,174.0,221.47135052886918,0.0,0.0,0.0,0.0,0.0,0.0,0.0,0.0,0.0,0.8888292974729873,0.0,降壓,低<18,False,0.0,0.0,0.0,,0.0,0.0,0.0,,0.15,3.0,0.05,,0.0,0.0,0.0,0.0,0.0,0.0,0.0,0.0,0.0
2021-03-24,16019.0,16062.0,15939.0,16062.0,15954.0,16062.0,15943.0,123.0,216.95026952611974,0.0,0.0,0.0,0.0,0.0,0.0,0.0,0.0,0.0,0.7151264353938743,1.0,降壓,高18-24,False,0.0,0.0,0.0,,0.0,0.0,0.0,,0.15,3.0,0.05,,0.0,0.0,0.0,0.0,0.0,0.0,0.1,0.1,0.0
2021-03-25,15890.0,16090.0,15870.0,16080.0,15870.0,16090.0,15870.0,220.0,208.00262480934643,0.0,0.0,0.0,0.0,0.0,0.0,0.0,0.0,0.0,1.1117166359706876,0.0,降壓,高18-24,False,0.0,0.0,0.0,,0.0,0.0,0.0,,0.15,3.0,0.05,,0.0,0.0,0.0,0.0,0.0,0.0,0.1,0.1,0.0
2021-03-26,16095.0,16293.0,16081.0,16225.0,16081.0,16262.0,16081.0,212.0,209.14523197036107,0.0,0.0,0.0,0.0,0.0,0.0,0.0,0.0,0.0,0.6191329165054482,1.0,降壓,低<18,False,0.0,0.0,0.0,0.2,0.0,0.0,0.0,,0.15,3.0,0.05,,0.0,0.0,0.0,0.0,0.0,0.0,0.1,0.1,0.0
2021-03-29,16370.0,16485.0,16350.0,16465.0,16350.0,16477.0,16350.0,135.0,209.4171146398505,0.0,0.0,0.0,0.0,0.0,0.0,0.0,0.0,0.0,1.1538899648518435,0.0,降壓,高18-24,False,0.0,0.0,0.0,0.4,0.0,0.0,0.0,,0.15,3.0,0.05,,0.0,0.0,0.0,0.0,0.0,0.0,0.1,0.1,0.0
2021-03-30,16469.0,16531.0,16418.0,16524.0,16420.0,16531.0,16418.0,113.0,202.32977038843617,0.0,0.0,0.0,0.0,0.0,0.0,0.0,0.0,0.0,0.5286548383425106,1.0,降壓,低<18,False,0.0,0.0,0.0,0.4,0.0,0.0,0.0,,0.15,3.0,0.05,,0.0,0.0,0.0,0.0,0.0,0.0,0.2,0.2,0.0
2021-03-31,16540.0,16549.0,16403.0,16549.0,16453.0,16549.0,16403.0,146.0,193.8221732085851,0.0,0.0,0.0,0.0,0.0,0.0,0.0,0.0,0.0,0.33467534406651867,1.0,降壓,低<18,False,0.0,0.0,0.0,0.6,0.0,0.0,0.0,,0.1,2.0,0.0,,0.0,0.0,0.0,0.0,0.2,0.2,0.2,0.2,0.0
2021-04-01,16535.0,16587.0,16452.0,16587.0,16485.0,16587.0,16452.0,135.0,189.26768052205318,0.0,0.0,0.0,0.0,0.0,0.0,0.0,0.0,0.0,0.8932910822568678,0.0,降壓,低<18,False,0.0,0.0,0.0,0.6,0.0,0.0,0.0,,0.1,2.0,0.0,,0.0,0.0,0.0,0.0,0.2,0.2,0.2,0.2,0.0
2021-04-06,16760.0,16840.0,16697.0,16840.0,16705.0,16840.0,16705.0,143.0,184.09932999614335,0.0,0.0,0.0,0.0,0.0,0.0,0.0,0.0,0.0,0.9510567269245583,0.0,降壓,低<18,False,0.0,0.0,0.0,0.6,0.0,0.0,0.0,0.4,0.05,1.0,0.0,,0.0,0.0,0.3333333333333333,0.3333333333333333,0.2,0.2,0.2,0.2,0.0
2021-04-07,16777.0,16788.0,16673.0,16785.0,16692.0,16785.0,16673.0,115.0,180.18510809174876,0.0,0.0,0.0,0.0,0.0,0.0,0.0,0.0,0.0,0.5579624024818961,1.0,降壓,低<18,False,0.0,0.0,0.0,0.4,0.0,0.0,0.0,0.4,0.0,0.0,0.0,,0.0,0.0,0.3333333333333333,0.3333333333333333,0.2,0.2,0.2,0.2,0.0
2021-04-08,16715.0,16930.0,16687.0,16826.0,16687.0,16878.0,16687.0,243.0,173.97700255920125,1.0,0.0,1.0,0.0,1.0,1.0,0.0,0.0,0.0,0.5096737656861258,1.0,降壓,低<18,False,0.0,0.0,0.0,0.6,0.0,0.0,0.0,0.5,0.0,0.0,0.0,,1.0,1.0,0.3333333333333333,0.3333333333333333,0.4,0.4,0.2,0.2,0.0
2021-04-09,16952.0,16971.0,16810.0,16971.0,16810.0,16971.0,16810.0,161.0,180.55062136308686,0.0,0.0,0.0,0.0,0.0,0.0,0.0,0.0,0.0,0.5422779734505332,1.0,降壓,低<18,False,0.2,1.0,0.2,0.6,0.1,1.0,0.1,0.6,0.05,1.0,0.05,,0.0,0.0,0.0,0.0,0.2,0.2,0.2,0.1,0.0
2021-04-12,16895.0,16965.0,16760.0,16965.0,16858.0,16965.0,16760.0,205.0,178.68865742374527,0.0,0.0,0.0,0.0,0.0,0.0,0.0,0.0,0.0,0.726711559575251,1.0,降壓,低<18,False,0.2,1.0,0.2,0.6,0.1,1.0,0.1,0.6,0.05,1.0,0.05,,0.0,0.0,0.3333333333333333,0.3333333333333333,0.2,0.2,0.3,0.1,0.0
2021-04-13,16910.0,17046.0,16780.0,17046.0,16890.0,17046.0,16890.0,266.0,181.19449957386476,0.0,0.0,0.0,0.0,0.0,0.0,0.0,0.0,0.0,0.8035262033401325,0.0,升壓,低<18,False,0.2,1.0,0.2,0.8,0.1,1.0,0.1,0.7,0.05,1.0,0.05,,0.0,0.0,0.3333333333333333,0.3333333333333333,0.2,0.2,0.4,0.1,1.0
2021-04-14,16860.0,16917.0,16592.0,16917.0,16732.0,16917.0,16592.0,325.0,189.27121390016336,0.0,1.0,0.0,1.0,1.0,1.0,1.0,1.0,0.0,0.7603591554924751,1.0,升壓,低<18,False,0.2,1.0,0.2,0.8,0.1,1.0,0.1,0.6,0.05,1.0,0.05,,1.0,1.0,0.3333333333333333,0.3333333333333333,0.2,0.2,0.4,0.1,1.0
2021-04-15,16881.0,17074.0,16852.0,16949.0,16852.0,16974.0,16852.0,222.0,202.19776495729064,0.0,0.0,0.0,0.0,0.0,0.0,0.0,0.0,0.0,0.8123210894671281,0.0,升壓,高18-24,False,0.4,2.0,0.4,0.8,0.2,2.0,0.2,0.7,0.1,2.0,0.1,,0.0,0.0,0.0,0.0,0.0,0.0,0.3,0.0,1.0
2021-04-16,17062.0,17160.0,16990.0,17093.0,16990.0,17098.0,16990.0,170.0,204.08369210421534,0.0,0.0,0.0,0.0,0.0,0.0,0.0,0.0,0.0,1.0186449983394863,0.0,升壓,高18-24,False,0.2,1.0,0.2,0.6,0.2,2.0,0.2,0.6,0.1,2.0,0.1,,0.0,0.0,0.0,0.0,0.2,0.0,0.3,0.0,1.0
2021-04-19,17118.0,17296.0,17111.0,17235.0,17111.0,17253.0,17111.0,185.0,200.83762618952818,0.0,0.0,0.0,0.0,0.0,0.0,0.0,0.0,0.0,0.43454674456534054,1.0,升壓,高18-24,False,0.2,1.0,0.2,0.4,0.2,2.0,0.2,0.5,0.1,2.0,0.1,,0.0,0.0,0.0,0.0,0.4,0.0,0.4,0.1,1.0
2021-04-20,17238.0,17324.0,17206.0,17299.0,17206.0,17314.0,17206.0,118.0,199.32928083814454,0.0,0.0,0.0,0.0,0.0,0.0,0.0,0.0,0.0,0.909374836295936,0.0,升壓,高18-24,False,0.2,1.0,0.2,0.4,0.2,2.0,0.2,0.6,0.1,2.0,0.1,0.5,0.0,0.0,0.3333333333333333,0.0,0.6,0.0,0.5,0.2,0.0
2021-04-21,17225.0,17270.0,17150.0,17258.0,17150.0,17260.0,17150.0,120.0,191.58363504403553,0.0,0.0,0.0,0.0,0.0,0.0,0.0,0.0,0.0,0.9080263784791234,0.0,升壓,高18-24,False,0.2,1.0,0.2,0.4,0.2,2.0,0.2,0.6,0.1,2.0,0.1,0.5,0.0,0.0,0.6666666666666666,0.0,0.6,0.0,0.5,0.2,0.0
2021-04-22,17258.0,17369.0,17053.0,17369.0,17220.0,17369.0,17220.0,316.0,184.76614599222262,0.0,1.0,0.0,0.0,1.0,0.0,0.0,0.0,0.0,,,升壓,高18-24,False,0.0,0.0,0.0,0.2,0.2,2.0,0.2,0.5,0.1,2.0,0.1,0.5,1.0,0.0,1.0,0.0,0.6,0.0,0.5,0.2,1.0
2021-04-23,17061.0,17260.0,17041.0,17178.0,17041.0,17228.0,17041.0,219.0,197.2646082786776,1.0,0.0,0.0,0.0,1.0,0.0,0.0,0.0,0.0,1.5797196082412421,0.0,升壓,高18-24,False,0.2,1.0,0.0,,0.2,2.0,0.1,,0.15,3.0,0.1,,1.0,0.0,0.6666666666666666,0.0,0.4,0.0,0.4,0.2,1.0
2021-04-26,17337.0,17536.0,17323.0,17456.0,17323.0,17473.0,17323.0,213.0,199.3346455854702,1.0,0.0,0.0,0.0,1.0,0.0,0.0,0.0,0.0,0.8946954055293036,0.0,升壓,高18-24,False,0.4,2.0,0.0,,0.3,3.0,0.1,,0.2,4.0,0.1,,1.0,0.0,0.3333333333333333,0.0,0.4,0.2,0.3,0.2,1.0
2021-04-27,17532.0,17576.0,17460.0,17576.0,17490.0,17576.0,17481.0,116.0,200.63610791066353,0.0,0.0,0.0,0.0,0.0,0.0,0.0,0.0,0.0,0.7158488830305784,1.0,升壓,高18-24,False,0.6,3.0,0.0,,0.4,4.0,0.1,,0.25,5.0,0.1,,0.0,0.0,0.0,0.0,0.4,0.4,0.3,0.3,0.0
2021-04-28,17548.0,17563.0,17475.0,17563.0,17502.0,17563.0,17475.0,88.0,192.57552620488605,0.0,0.0,0.0,0.0,0.0,0.0,0.0,0.0,0.0,0.5610170222157165,1.0,升壓,高18-24,False,0.6,3.0,0.0,,0.4,4.0,0.1,,0.25,5.0,0.1,,0.0,0.0,0.3333333333333333,0.3333333333333333,0.4,0.4,0.4,0.4,0.0
2021-04-29,17578.0,17702.0,17531.0,17702.0,17575.0,17702.0,17575.0,171.0,182.6159522806112,0.0,0.0,0.0,0.0,0.0,0.0,0.0,0.0,0.0,0.8446490367473777,0.0,升壓,高18-24,False,0.6,3.0,0.0,,0.3,3.0,0.0,,0.25,5.0,0.1,,0.0,0.0,0.6666666666666666,0.6666666666666666,0.4,0.4,0.5,0.4,0.0
2021-05-03,17501.0,17534.0,17226.0,17534.0,17250.0,17534.0,17250.0,308.0,181.50967111102918,0.0,1.0,0.0,1.0,1.0,1.0,1.0,1.0,1.0,1.0521821082538467,0.0,升壓,高18-24,False,0.4,2.0,0.0,0.4,0.3,3.0,0.0,,0.25,5.0,0.1,,1.0,1.0,0.6666666666666666,0.6666666666666666,0.4,0.4,0.5,0.4,1.0
2021-05-04,17271.0,17309.0,16668.0,17309.0,16852.0,17309.0,16668.0,641.0,193.55636910045496,0.0,1.0,0.0,1.0,1.0,1.0,1.0,1.0,1.0,1.1245329048442865,0.0,升壓,高18-24,False,0.4,2.0,0.2,0.4,0.4,4.0,0.1,,0.3,6.0,0.15,,1.0,1.0,0.3333333333333333,0.3333333333333333,0.2,0.2,0.5,0.4,1.0
2021-05-05,16847.0,17020.0,16756.0,17020.0,16841.0,17020.0,16841.0,264.0,236.17004823374495,0.0,0.0,0.0,0.0,0.0,0.0,0.0,0.0,0.0,2.7496380466460018,0.0,升壓,極高>24,False,0.4,2.0,0.4,0.4,0.5,5.0,0.2,,0.35,7.0,0.2,,0.0,0.0,0.0,0.0,0.2,0.2,0.5,0.4,1.0
2021-05-06,16884.0,17081.0,16700.0,17081.0,16883.0,17081.0,16841.0,381.0,238.82051983053114,0.0,0.0,0.0,0.0,0.0,0.0,0.0,0.0,0.0,0.9936765589115861,0.0,升壓,高18-24,False,0.4,2.0,0.4,0.2,0.5,5.0,0.2,,0.35,7.0,0.2,,0.0,0.0,0.0,0.0,0.4,0.4,0.5,0.4,1.0
2021-05-07,17120.0,17288.0,17060.0,17217.0,17060.0,17227.0,17060.0,228.0,252.3614227038139,0.0,0.0,0.0,0.0,0.0,0.0,0.0,0.0,0.0,1.2736584982847434,0.0,升壓,高18-24,False,0.4,2.0,0.4,0.0,0.5,5.0,0.2,,0.35,7.0,0.2,,0.0,0.0,0.3333333333333333,0.3333333333333333,0.6,0.4,0.5,0.4,1.0
2021-05-10,17369.0,17373.0,17178.0,17373.0,17178.0,17373.0,17178.0,195.0,250.04128720821257,0.0,0.0,0.0,0.0,0.0,0.0,0.0,0.0,0.0,0.9530031908965784,0.0,升壓,高18-24,False,0.4,2.0,0.4,0.0,0.4,4.0,0.2,0.2,0.3,6.0,0.15,,0.0,0.0,0.6666666666666666,0.6666666666666666,0.6,0.4,0.5,0.4,1.0
2021-05-11,16968.0,16970.0,16425.0,16970.0,16658.0,16970.0,16658.0,545.0,244.79925985504946,0.0,1.0,0.0,1.0,1.0,1.0,1.0,1.0,1.0,1.7054204658058556,0.0,升壓,極高>24,False,0.2,1.0,0.2,0.0,0.3,3.0,0.2,0.2,0.3,6.0,0.15,,1.0,1.0,1.0,0.6666666666666666,0.8,0.6,0.5,0.4,1.0
2021-05-12,16503.0,16531.0,15027.0,16531.0,16070.0,16531.0,15027.0,1504.0,273.38980653552096,0.0,1.0,0.0,1.0,1.0,1.0,1.0,1.0,1.0,3.052894344527409,0.0,升壓,極高>24,True,0.2,1.0,0.2,0.0,0.3,3.0,0.3,0.2,0.35,7.0,0.2,,1.0,1.0,0.6666666666666666,0.3333333333333333,0.8,0.6,0.4,0.3,1.0
2021-05-13,15538.0,15991.0,15348.0,15916.0,15348.0,15991.0,15348.0,643.0,390.5907773416618,1.0,0.0,0.0,0.0,1.0,0.0,1.0,0.0,0.0,2.755393399528261,0.0,升壓,極高>24,False,0.4,2.0,0.4,0.0,0.4,4.0,0.4,0.1,0.4,8.0,0.25,,1.0,0.0,0.6666666666666666,0.3333333333333333,0.6,0.4,0.3,0.2,1.0
2021-05-14,15800.0,16021.0,15653.0,16021.0,15753.0,16021.0,15670.0,368.0,414.6297509281702,0.0,0.0,0.0,0.0,0.0,0.0,0.0,0.0,0.0,2.4147475952782647,0.0,升壓,極高>24,False,0.6,3.0,0.4,0.0,0.5,5.0,0.4,0.0,0.4,8.0,0.2,,0.0,0.0,0.6666666666666666,0.6666666666666666,0.4,0.4,0.3,0.2,1.0
2021-05-17,15183.0,15735.0,15096.0,15735.0,15096.0,15735.0,15096.0,639.0,410.1888222683445,1.0,0.0,1.0,0.0,1.0,1.0,1.0,1.0,1.0,1.4662883637892736,0.0,升壓,極高>24,True,0.6,3.0,0.4,0.0,0.5,5.0,0.4,0.0,0.4,8.0,0.2,,1.0,1.0,0.6666666666666666,0.6666666666666666,0.4,0.4,0.3,0.2,1.0
2021-05-18,15563.0,16180.0,15501.0,15987.0,15501.0,16130.0,15501.0,679.0,431.98036300469266,1.0,0.0,1.0,0.0,1.0,1.0,1.0,1.0,1.0,0.8296018215827804,0.0,升壓,極高>24,False,0.8,4.0,0.6,0.0,0.5,5.0,0.4,0.0,0.45,9.0,0.25,,1.0,1.0,0.3333333333333333,0.3333333333333333,0.2,0.2,0.2,0.1,1.0
2021-05-19,16122.0,16248.0,15979.0,16238.0,15979.0,16238.0,15979.0,269.0,455.50604271853143,0.0,0.0,0.0,0.0,0.0,0.0,0.0,0.0,0.0,0.8154863479540532,0.0,升壓,極高>24,False,0.8,4.0,0.6,0.0,0.5,5.0,0.4,0.0,0.5,10.0,0.3,,0.0,0.0,0.0,0.0,0.0,0.0,0.1,0.0,1.0
2021-05-20,16078.0,16113.0,15854.0,16113.0,15876.0,16113.0,15854.0,259.0,437.74356245962366,0.0,0.0,0.0,0.0,0.0,0.0,0.0,0.0,0.0,,,升壓,極高>24,False,0.6,3.0,0.4,0.0,0.5,5.0,0.4,0.0,0.5,10.0,0.3,,0.0,0.0,0.0,0.0,0.0,0.0,0.1,0.0,1.0
2021-05-21,16222.0,16425.0,16072.0,16425.0,16105.0,16425.0,16072.0,353.0,420.7203660348976,0.0,0.0,0.0,0.0,0.0,0.0,0.0,0.0,0.0,1.259258464857147,0.0,升壓,極高>24,False,0.4,2.0,0.4,,0.5,5.0,0.4,,0.5,10.0,0.3,,0.0,0.0,0.0,0.0,0.2,0.0,0.1,0.0,0.0
2021-05-24,16079.0,16368.0,16069.0,16273.0,16069.0,16356.0,16069.0,299.0,414.27080736490734,0.0,0.0,0.0,0.0,0.0,0.0,0.0,0.0,0.0,1.320968534540746,0.0,升壓,極高>24,False,0.4,2.0,0.4,,0.5,5.0,0.4,,0.45,9.0,0.3,,0.0,0.0,0.0,0.0,0.2,0.0,0.1,0.0,0.0
2021-05-25,16463.0,16623.0,16425.0,16604.0,16425.0,16623.0,16425.0,198.0,403.2926352349162,0.0,0.0,0.0,0.0,0.0,0.0,0.0,0.0,0.0,0.9378924411661315,0.0,降壓,極高>24,False,0.2,1.0,0.2,,0.5,5.0,0.4,,0.4,8.0,0.3,,0.0,0.0,0.3333333333333333,0.0,0.2,0.0,0.2,0.1,0.0
2021-05-26,16616.0,16664.0,16504.0,16664.0,16504.0,16664.0,16504.0,160.0,383.7409556887337,0.0,0.0,0.0,0.0,0.0,0.0,0.0,0.0,0.0,0.7143439108324177,1.0,降壓,極高>24,False,0.0,0.0,0.0,,0.4,4.0,0.3,,0.35,7.0,0.3,,0.0,0.0,0.3333333333333333,0.0,0.2,0.0,0.2,0.1,0.0
2021-05-27,16593.0,16595.0,16219.0,16595.0,16219.0,16595.0,16219.0,376.0,362.43229324218765,0.0,1.0,0.0,0.0,1.0,0.0,1.0,0.0,1.0,0.5542048112036458,1.0,降壓,極高>24,False,0.0,0.0,0.0,,0.3,3.0,0.2,,0.35,7.0,0.3,,1.0,0.0,0.3333333333333333,0.0,0.2,0.0,0.2,0.1,0.0
2021-05-28,16731.0,16878.0,16673.0,16850.0,16673.0,16860.0,16673.0,205.0,363.72445579055073,0.0,0.0,0.0,0.0,0.0,0.0,0.0,0.0,0.0,0.9260444762221448,0.0,降壓,高18-24,False,0.2,1.0,0.0,0.4,0.3,3.0,0.2,,0.4,8.0,0.3,,0.0,0.0,0.0,0.0,0.0,0.0,0.1,0.1,0.0
2021-05-31,16891.0,17098.0,16884.0,17084.0,16884.0,17098.0,16884.0,214.0,348.60784095335543,0.0,0.0,0.0,0.0,0.0,0.0,0.0,0.0,0.0,0.7140320031348164,1.0,降壓,高18-24,False,0.2,1.0,0.0,0.4,0.3,3.0,0.2,,0.4,8.0,0.3,,0.0,0.0,0.0,0.0,0.0,0.0,0.1,0.1,0.0
2021-06-01,17050.0,17148.0,17015.0,17148.0,17024.0,17148.0,17015.0,133.0,335.7880465768454,0.0,0.0,0.0,0.0,0.0,0.0,0.0,0.0,0.0,0.44440857901235914,1.0,降壓,高18-24,False,0.2,1.0,0.0,0.6,0.2,2.0,0.1,,0.35,7.0,0.25,,0.0,0.0,0.0,0.0,0.2,0.2,0.1,0.1,0.0
2021-06-02,17171.0,17198.0,17016.0,17198.0,17104.0,17198.0,17060.0,182.0,316.4748992838125,0.0,0.0,0.0,0.0,0.0,0.0,0.0,0.0,0.0,0.5430502171462023,1.0,降壓,高18-24,False,0.2,1.0,0.0,0.8,0.1,1.0,0.0,,0.3,6.0,0.2,,0.0,0.0,0.0,0.0,0.2,0.2,0.2,0.1,0.0
2021-06-03,17253.0,17313.0,17147.0,17313.0,17190.0,17313.0,17147.0,166.0,303.6677660186875,0.0,0.0,0.0,0.0,0.0,0.0,0.0,0.0,0.0,0.8102961334387813,0.0,降壓,高18-24,False,0.2,1.0,0.0,0.8,0.1,1.0,0.0,,0.3,6.0,0.2,,0.0,0.0,0.3333333333333333,0.3333333333333333,0.2,0.2,0.2,0.1,0.0
2021-06-04,17051.0,17159.0,17025.0,17154.0,17025.0,17154.0,17025.0,134.0,290.5565502073839,0.0,0.0,0.0,0.0,0.0,0.0,0.0,0.0,0.0,0.7297732562238257,1.0,降壓,高18-24,False,0.0,0.0,0.0,0.6,0.1,1.0,0.0,0.5,0.3,6.0,0.2,,0.0,0.0,0.3333333333333333,0.3333333333333333,0.2,0.2,0.2,0.1,0.0
2021-06-07,17212.0,17229.0,16719.0,17229.0,16719.0,17229.0,16719.0,510.0,275.6464025685854,0.0,1.0,0.0,1.0,1.0,1.0,1.0,1.0,1.0,1.261862394326225,0.0,降壓,高18-24,False,0.0,0.0,0.0,0.8,0.1,1.0,0.0,0.6,0.3,6.0,0.2,,1.0,1.0,0.3333333333333333,0.3333333333333333,0.2,0.2,0.2,0.1,0.0
2021-06-08,17190.0,17198.0,17030.0,17198.0,17055.0,17198.0,17033.0,168.0,297.96579280014873,0.0,0.0,0.0,0.0,0.0,0.0,0.0,0.0,0.0,0.674607233201502,1.0,降壓,高18-24,False,0.2,1.0,0.2,0.6,0.2,2.0,0.1,0.6,0.35,7.0,0.25,,0.0,0.0,0.0,0.0,0.0,0.0,0.1,0.0,0.0
2021-06-09,16997.0,17073.0,16889.0,17073.0,16940.0,17073.0,16940.0,184.0,285.58809824775363,0.0,0.0,0.0,0.0,0.0,0.0,0.0,0.0,0.0,0.7716014482371518,1.0,降壓,高18-24,False,0.2,1.0,0.2,0.6,0.2,2.0,0.1,0.7,0.3,6.0,0.2,,0.0,0.0,0.0,0.0,0.2,0.0,0.1,0.0,0.0
2021-06-10,17035.0,17175.0,16992.0,17165.0,16992.0,17165.0,16992.0,183.0,275.9130412717771,0.0,0.0,0.0,0.0,0.0,0.0,0.0,0.0,0.0,0.7650366528391688,1.0,降壓,高18-24,False,0.2,1.0,0.2,0.6,0.2,2.0,0.1,0.7,0.25,5.0,0.15,,0.0,0.0,0.0,0.0,0.2,0.0,0.1,0.0,0.0
2021-06-11,17189.0,17298.0,17189.0,17298.0,17189.0,17298.0,17189.0,109.0,267.0641801982745,0.0,0.0,0.0,0.0,0.0,0.0,0.0,0.0,0.0,0.6612228070624615,1.0,降壓,低<18,False,0.2,1.0,0.2,0.8,0.1,1.0,0.1,0.7,0.2,4.0,0.15,,0.0,0.0,0.3333333333333333,0.0,0.2,0.0,0.1,0.0,0.0
2021-06-15,17322.0,17402.0,17276.0,17373.0,17276.0,17392.0,17276.0,126.0,252.01044875081982,0.0,0.0,0.0,0.0,0.0,0.0,0.0,0.0,0.0,0.4764071206121776,1.0,降壓,低<18,False,0.2,1.0,0.2,0.8,0.1,1.0,0.1,0.8,0.2,4.0,0.15,,0.0,0.0,0.3333333333333333,0.0,0.2,0.0,0.1,0.0,0.0
2021-06-16,17324.0,17398.0,17033.0,17392.0,17311.0,17395.0,17311.0,365.0,240.00945363169413,0.0,1.0,0.0,0.0,1.0,0.0,0.0,0.0,0.0,0.6861406134163022,1.0,降壓,高18-24,False,0.0,0.0,0.0,1.0,0.1,1.0,0.1,0.8,0.15,3.0,0.1,,1.0,0.0,0.3333333333333333,0.0,0.2,0.0,0.1,0.0,0.0
2021-06-17,17070.0,17298.0,17039.0,17168.0,17039.0,17206.0,17039.0,259.0,251.9133151905804,0.0,0.0,0.0,0.0,0.0,0.0,0.0,0.0,0.0,,,降壓,低<18,False,0.2,1.0,0.0,1.0,0.2,2.0,0.1,0.8,0.15,3.0,0.05,,0.0,0.0,0.0,0.0,0.0,0.0,0.0,0.0,0.0
2021-06-18,17315.0,17332.0,17212.0,17332.0,17212.0,17332.0,17212.0,120.0,252.58823755338227,0.0,0.0,0.0,0.0,0.0,0.0,0.0,0.0,0.0,0.5984695952398955,1.0,降壓,低<18,False,0.2,1.0,0.0,,0.2,2.0,0.1,,0.15,3.0,0.05,,0.0,0.0,0.0,0.0,0.0,0.0,0.0,0.0,0.0
2021-06-21,17048.0,17149.0,16891.0,17149.0,16903.0,17149.0,16891.0,258.0,239.96078635782206,0.0,0.0,0.0,0.0,0.0,0.0,0.0,0.0,0.0,1.5061657218212898,0.0,降壓,高18-24,False,0.2,1.0,0.0,,0.2,2.0,0.1,,0.15,3.0,0.05,,0.0,0.0,0.0,0.0,0.0,0.0,0.0,0.0,0.0
2021-06-22,17155.0,17180.0,16988.0,17180.0,17001.0,17180.0,17001.0,192.0,241.67880670469614,0.0,0.0,0.0,0.0,0.0,0.0,0.0,0.0,0.0,1.0051541630753562,0.0,降壓,高18-24,False,0.2,1.0,0.0,,0.2,2.0,0.1,,0.15,3.0,0.05,,0.0,0.0,0.0,0.0,0.0,0.0,0.0,0.0,0.0
2021-06-23,17100.0,17319.0,17059.0,17250.0,17059.0,17258.0,17059.0,260.0,236.94749178043938,0.0,0.0,0.0,0.0,0.0,0.0,0.0,0.0,0.0,1.2204271237727742,0.0,降壓,高18-24,False,0.2,1.0,0.0,,0.1,1.0,0.0,,0.15,3.0,0.05,,0.0,0.0,0.0,0.0,0.0,0.0,0.0,0.0,0.0
2021-06-24,17298.0,17398.0,17261.0,17382.0,17261.0,17398.0,17261.0,137.0,239.14296875373086,0.0,0.0,0.0,0.0,0.0,0.0,0.0,0.0,0.0,0.6273849433124452,1.0,降壓,高18-24,False,0.0,0.0,0.0,,0.1,1.0,0.0,,0.15,3.0,0.05,,0.0,0.0,0.0,0.0,0.0,0.0,0.0,0.0,0.0
2021-06-25,17438.0,17562.0,17377.0,17557.0,17420.0,17560.0,17420.0,185.0,229.41506696766126,0.0,0.0,0.0,0.0,0.0,0.0,0.0,0.0,0.0,0.5956919350474081,1.0,降壓,高18-24,False,0.0,0.0,0.0,0.4,0.1,1.0,0.0,,0.15,3.0,0.05,,0.0,0.0,0.0,0.0,0.0,0.0,0.0,0.0,0.0
2021-06-28,17484.0,17560.0,17398.0,17513.0,17398.0,17560.0,17398.0,162.0,225.18506058978875,0.0,0.0,0.0,0.0,0.0,0.0,0.0,0.0,0.0,0.6124267166180019,1.0,降壓,高18-24,False,0.0,0.0,0.0,0.4,0.1,1.0,0.0,,0.1,2.0,0.05,,0.0,0.0,0.0,0.0,0.0,0.0,0.0,0.0,0.0
2021-06-29,17595.0,17623.0,17451.0,17623.0,17456.0,17623.0,17456.0,172.0,219.16743577171363,0.0,0.0,0.0,0.0,0.0,0.0,0.0,0.0,0.0,0.7689939586994781,1.0,升壓,高18-24,False,0.0,0.0,0.0,0.6,0.1,1.0,0.0,,0.1,2.0,0.05,,0.0,0.0,0.0,0.0,0.0,0.0,0.0,0.0,0.0
2021-06-30,17610.0,17766.0,17583.0,17752.0,17583.0,17759.0,17583.0,183.0,214.67529903155042,0.0,0.0,0.0,0.0,0.0,0.0,0.0,0.0,0.0,0.6577642143101601,1.0,降壓,高18-24,False,0.0,0.0,0.0,0.8,0.1,1.0,0.0,,0.1,2.0,0.05,,0.0,0.0,0.0,0.0,0.0,0.0,0.0,0.0,0.0
2021-07-01,17678.0,17774.0,17555.0,17762.0,17655.0,17774.0,17645.0,219.0,211.65860388568848,0.0,0.0,0.0,0.0,0.0,0.0,0.0,0.0,0.0,0.8362303746415997,0.0,升壓,高18-24,False,0.0,0.0,0.0,1.0,0.0,0.0,0.0,,0.1,2.0,0.05,,0.0,0.0,0.0,0.0,0.0,0.0,0.0,0.0,0.0
2021-07-02,17651.0,17724.0,17588.0,17700.0,17601.0,17724.0,17601.0,136.0,212.35778446800387,0.0,0.0,0.0,0.0,0.0,0.0,0.0,0.0,0.0,0.8653579293037756,0.0,降壓,高18-24,False,0.0,0.0,0.0,0.8,0.0,0.0,0.0,0.6,0.1,2.0,0.05,,0.0,0.0,0.0,0.0,0.0,0.0,0.0,0.0,0.0
2021-07-05,17755.0,17920.0,17742.0,17915.0,17742.0,17918.0,17742.0,178.0,205.08561451867018,0.0,0.0,0.0,0.0,0.0,0.0,0.0,0.0,0.0,0.8363876558156885,0.0,降壓,高18-24,False,0.0,0.0,0.0,0.6,0.0,0.0,0.0,0.5,0.1,2.0,0.05,,0.0,0.0,0.0,0.0,0.0,0.0,0.0,0.0,0.0
2021-07-06,17956.0,17974.0,17858.0,17974.0,17858.0,17974.0,17858.0,116.0,202.50603218355874,0.0,0.0,0.0,0.0,0.0,0.0,0.0,0.0,0.0,0.6535589592279306,1.0,降壓,高18-24,False,0.0,0.0,0.0,0.4,0.0,0.0,0.0,0.5,0.1,2.0,0.05,,0.0,0.0,0.0,0.0,0.0,0.0,0.0,0.0,0.0
2021-07-07,17821.0,17906.0,17715.0,17906.0,17770.0,17906.0,17770.0,191.0,194.26736245179126,0.0,0.0,0.0,0.0,0.0,0.0,0.0,0.0,0.0,1.6136121555934713,0.0,升壓,高18-24,False,0.0,0.0,0.0,0.4,0.0,0.0,0.0,0.6,0.05,1.0,0.0,,0.0,0.0,0.0,0.0,0.0,0.0,0.1,0.0,0.0
2021-07-08,17876.0,17897.0,17694.0,17897.0,17694.0,17897.0,17694.0,203.0,193.9561850754302,0.0,0.0,0.0,0.0,0.0,0.0,0.0,0.0,0.0,0.77423283604851,1.0,升壓,高18-24,False,0.0,0.0,0.0,0.2,0.0,0.0,0.0,0.6,0.05,1.0,0.0,,0.0,0.0,0.0,0.0,0.0,0.0,0.2,0.1,0.0
2021-07-09,17662.0,17700.0,17526.0,17700.0,17526.0,17700.0,17526.0,174.0,194.81750078253208,0.0,0.0,0.0,0.0,0.0,0.0,0.0,0.0,0.0,1.1827902878157293,0.0,升壓,高18-24,False,0.0,0.0,0.0,0.4,0.0,0.0,0.0,0.6,0.05,1.0,0.0,,0.0,0.0,0.0,0.0,0.0,0.0,0.2,0.1,0.0
2021-07-12,17848.0,17960.0,17770.0,17960.0,17820.0,17960.0,17789.0,190.0,192.83488166038617,0.0,0.0,0.0,0.0,0.0,0.0,0.0,0.0,0.0,1.0021999037595175,0.0,升壓,高18-24,False,0.0,0.0,0.0,0.4,0.0,0.0,0.0,0.5,0.05,1.0,0.0,,0.0,0.0,0.0,0.0,0.0,0.0,0.2,0.1,0.0
2021-07-13,17958.0,18030.0,17824.0,18030.0,17929.0,18030.0,17929.0,206.0,192.56489293082558,0.0,0.0,0.0,0.0,0.0,0.0,0.0,0.0,0.0,1.050085490852437,0.0,升壓,高18-24,False,0.0,0.0,0.0,0.4,0.0,0.0,0.0,0.4,0.05,1.0,0.0,,0.0,0.0,0.0,0.0,0.0,0.0,0.3,0.2,0.0
2021-07-14,17846.0,17924.0,17748.0,17924.0,17748.0,17924.0,17748.0,176.0,193.84442693741363,0.0,0.0,0.0,0.0,0.0,0.0,0.0,0.0,0.0,0.8296979588098305,0.0,升壓,高18-24,False,0.0,0.0,0.0,0.2,0.0,0.0,0.0,0.3,0.05,1.0,0.0,,0.0,0.0,0.0,0.0,0.2,0.0,0.3,0.2,0.0
2021-07-15,17919.0,18046.0,17868.0,17962.0,17868.0,17972.0,17868.0,178.0,192.14495770527898,0.0,0.0,0.0,0.0,0.0,0.0,0.0,0.0,0.0,0.754173567551494,1.0,降壓,高18-24,False,0.0,0.0,0.0,0.2,0.0,0.0,0.0,0.2,0.0,0.0,0.0,,0.0,0.0,0.0,0.0,0.4,0.2,0.4,0.3,0.0
2021-07-16,17826.0,17928.0,17772.0,17888.0,17772.0,17895.0,17772.0,156.0,190.7978188762048,0.0,0.0,0.0,0.0,0.0,0.0,0.0,0.0,0.0,1.7604060574088127,0.0,降壓,高18-24,False,0.0,0.0,0.0,0.2,0.0,0.0,0.0,0.3,0.0,0.0,0.0,0.45,0.0,0.0,0.3333333333333333,0.0,0.4,0.2,0.4,0.3,0.0
2021-07-19,17717.0,17813.0,17647.0,17775.0,17647.0,17775.0,17647.0,166.0,187.4837408879948,0.0,0.0,0.0,0.0,0.0,0.0,0.0,0.0,0.0,1.6647564284258392,0.0,升壓,高18-24,False,0.0,0.0,0.0,0.2,0.0,0.0,0.0,0.3,0.0,0.0,0.0,0.4,0.0,0.0,0.6666666666666666,0.3333333333333333,0.4,0.2,0.4,0.3,0.0
2021-07-20,17680.0,17716.0,17478.0,17716.0,17581.0,17716.0,17581.0,238.0,185.43767032723338,0.0,1.0,0.0,0.0,1.0,0.0,0.0,0.0,0.0,1.944301217901091,0.0,升壓,高18-24,False,0.0,0.0,0.0,0.2,0.0,0.0,0.0,0.3,0.0,0.0,0.0,0.4,1.0,0.0,0.6666666666666666,0.3333333333333333,0.6,0.4,0.4,0.3,1.0
2021-07-21,17655.0,17674.0,17376.0,17674.0,17520.0,17674.0,17444.0,298.0,190.4436064865445,0.0,1.0,0.0,1.0,1.0,1.0,1.0,0.0,0.0,1.2293346671443306,0.0,升壓,高18-24,False,0.2,1.0,0.0,0.2,0.1,1.0,0.0,0.2,0.05,1.0,0.0,0.4,1.0,1.0,0.3333333333333333,0.3333333333333333,0.4,0.4,0.3,0.3,1.0
2021-07-22,17441.0,17525.0,17347.0,17525.0,17407.0,17525.0,17403.0,178.0,200.68707253544503,0.0,0.0,0.0,0.0,0.0,0.0,0.0,0.0,0.0,,,升壓,高18-24,False,0.4,2.0,0.2,0.2,0.2,2.0,0.1,0.2,0.1,2.0,0.05,0.4,0.0,0.0,0.3333333333333333,0.3333333333333333,0.4,0.4,0.2,0.2,1.0
2021-07-23,17486.0,17559.0,17380.0,17559.0,17440.0,17559.0,17404.0,179.0,198.52639896064073,0.0,0.0,0.0,0.0,0.0,0.0,0.0,0.0,0.0,0.6276825368528859,1.0,升壓,高18-24,False,0.4,2.0,0.2,,0.2,2.0,0.1,,0.1,2.0,0.05,,0.0,0.0,0.3333333333333333,0.3333333333333333,0.4,0.4,0.2,0.2,1.0
2021-07-26,17473.0,17479.0,17197.0,17479.0,17305.0,17479.0,17272.0,282.0,196.66674191677018,0.0,1.0,0.0,1.0,1.0,1.0,1.0,0.0,0.0,0.7727746799828533,1.0,升壓,高18-24,False,0.4,2.0,0.2,,0.2,2.0,0.1,,0.1,2.0,0.05,,1.0,1.0,0.6666666666666666,0.6666666666666666,0.4,0.4,0.3,0.2,1.0
2021-07-27,17322.0,17348.0,17153.0,17348.0,17221.0,17348.0,17176.0,195.0,204.79371887707777,0.0,0.0,0.0,0.0,0.0,0.0,0.0,0.0,0.0,1.2887317059966623,0.0,升壓,高18-24,False,0.6,3.0,0.4,,0.3,3.0,0.2,,0.15,3.0,0.1,,0.0,0.0,0.3333333333333333,0.3333333333333333,0.2,0.2,0.3,0.1,1.0
2021-07-28,17062.0,17136.0,16733.0,17136.0,16733.0,17136.0,16733.0,403.0,203.8609837459275,0.0,1.0,0.0,1.0,1.0,1.0,1.0,1.0,1.0,1.5037420283479572,0.0,升壓,極高>24,False,0.4,2.0,0.4,,0.3,3.0,0.2,,0.15,3.0,0.1,,1.0,1.0,0.3333333333333333,0.3333333333333333,0.2,0.2,0.3,0.1,1.0
2021-07-29,17136.0,17332.0,17068.0,17196.0,17068.0,17218.0,17068.0,264.0,222.82660434155346,0.0,0.0,0.0,0.0,0.0,0.0,0.0,0.0,0.0,0.9716152466021839,0.0,升壓,高18-24,False,0.4,2.0,0.4,,0.4,4.0,0.3,,0.2,4.0,0.15,,0.0,0.0,0.0,0.0,0.0,0.0,0.2,0.0,1.0
2021-07-30,17285.0,17299.0,17126.0,17299.0,17216.0,17299.0,17206.0,173.0,226.74788011854838,0.0,0.0,0.0,0.0,0.0,0.0,0.0,0.0,0.0,0.6903618340398239,1.0,升壓,高18-24,False,0.4,2.0,0.4,0.4,0.4,4.0,0.3,,0.2,4.0,0.15,,0.0,0.0,0.0,0.0,0.0,0.0,0.2,0.0,1.0
2021-08-02,17313.0,17470.0,17160.0,17358.0,17160.0,17358.0,17160.0,310.0,221.62903439297236,0.0,0.0,0.0,0.0,0.0,0.0,0.0,0.0,0.0,0.9174275477850814,0.0,升壓,高18-24,False,0.4,2.0,0.4,0.4,0.4,4.0,0.3,,0.2,4.0,0.15,,0.0,0.0,0.0,0.0,0.2,0.0,0.3,0.1,1.0
2021-08-03,17426.0,17496.0,17361.0,17462.0,17371.0,17462.0,17361.0,135.0,230.0453168317369,0.0,0.0,0.0,0.0,0.0,0.0,0.0,0.0,0.0,0.9515023057310854,0.0,降壓,高18-24,False,0.2,1.0,0.2,0.2,0.4,4.0,0.3,,0.2,4.0,0.15,,0.0,0.0,0.0,0.0,0.4,0.0,0.3,0.1,0.0
2021-08-04,17491.0,17586.0,17464.0,17568.0,17464.0,17581.0,17464.0,122.0,220.993381895381,0.0,0.0,0.0,0.0,0.0,0.0,0.0,0.0,0.0,0.7539631178231148,1.0,降壓,高18-24,False,0.2,1.0,0.2,0.2,0.3,3.0,0.3,,0.2,4.0,0.15,,0.0,0.0,0.3333333333333333,0.0,0.4,0.0,0.4,0.2,0.0
2021-08-05,17570.0,17584.0,17520.0,17584.0,17520.0,17584.0,17520.0,64.0,211.56544076248755,0.0,0.0,0.0,0.0,0.0,0.0,0.0,0.0,0.0,0.47564038044381896,1.0,降壓,高18-24,False,0.0,0.0,0.0,0.4,0.2,2.0,0.2,,0.2,4.0,0.15,,0.0,0.0,0.6666666666666666,0.0,0.4,0.0,0.5,0.3,0.0
2021-08-06,17555.0,17560.0,17353.0,17560.0,17353.0,17560.0,17353.0,207.0,197.51158926129827,0.0,1.0,0.0,0.0,1.0,0.0,1.0,0.0,1.0,1.9808007357298503,0.0,降壓,高18-24,False,0.0,0.0,0.0,0.6,0.2,2.0,0.2,0.5,0.2,4.0,0.15,,1.0,0.0,0.6666666666666666,0.0,0.4,0.0,0.6,0.4,0.0
2021-08-09,17438.0,17448.0,17235.0,17438.0,17235.0,17448.0,17235.0,213.0,198.4152474268889,0.0,1.0,0.0,0.0,1.0,0.0,1.0,0.0,1.0,0.4446006201294781,1.0,升壓,高18-24,False,0.2,1.0,0.0,0.4,0.3,3.0,0.2,0.4,0.25,5.0,0.15,,1.0,0.0,0.3333333333333333,0.0,0.4,0.2,0.5,0.4,0.0
2021-08-10,17396.0,17443.0,17259.0,17443.0,17271.0,17443.0,17271.0,184.0,199.80427148147092,0.0,0.0,0.0,0.0,0.0,0.0,0.0,0.0,0.0,0.6095600089598878,1.0,升壓,高18-24,False,0.4,2.0,0.0,0.6,0.3,3.0,0.1,0.4,0.3,6.0,0.15,,0.0,0.0,0.0,0.0,0.2,0.2,0.5,0.5,0.0
2021-08-11,17217.0,17298.0,17078.0,17298.0,17150.0,17298.0,17132.0,220.0,198.29910276894987,0.0,0.0,0.0,0.0,0.0,0.0,0.0,0.0,0.0,0.9823992612055547,0.0,降壓,高18-24,False,0.4,2.0,0.0,0.8,0.3,3.0,0.1,0.5,0.3,6.0,0.15,,0.0,0.0,0.3333333333333333,0.3333333333333333,0.4,0.4,0.5,0.5,0.0
2021-08-12,17207.0,17235.0,17125.0,17235.0,17125.0,17235.0,17125.0,110.0,200.36585488619275,0.0,0.0,0.0,0.0,0.0,0.0,0.0,0.0,0.0,0.7289250249213567,1.0,降壓,高18-24,False,0.4,2.0,0.0,0.6,0.2,2.0,0.0,0.5,0.3,6.0,0.15,,0.0,0.0,0.3333333333333333,0.3333333333333333,0.6,0.6,0.5,0.5,0.0
2021-08-13,17185.0,17190.0,16934.0,17190.0,16973.0,17190.0,16971.0,256.0,191.75958299226963,0.0,1.0,0.0,1.0,1.0,1.0,1.0,0.0,1.0,0.8081015123748779,0.0,降壓,高18-24,False,0.4,2.0,0.0,0.6,0.2,2.0,0.0,0.6,0.3,6.0,0.15,,1.0,1.0,0.6666666666666666,0.6666666666666666,0.8,0.8,0.5,0.5,0.0
2021-08-16,16829.0,16936.0,16750.0,16936.0,16753.0,16936.0,16753.0,186.0,197.87771794538682,0.0,0.0,0.0,0.0,0.0,0.0,0.0,0.0,0.0,0.7316847600997156,1.0,升壓,高18-24,False,0.4,2.0,0.2,0.6,0.3,3.0,0.1,0.5,0.35,7.0,0.2,,0.0,0.0,0.6666666666666666,0.6666666666666666,0.6,0.6,0.5,0.4,0.0
2021-08-17,16850.0,16873.0,16575.0,16873.0,16766.0,16873.0,16714.0,298.0,196.74650671249285,0.0,1.0,0.0,1.0,1.0,1.0,0.0,0.0,0.0,0.9855200620963946,0.0,升壓,高18-24,False,0.2,1.0,0.2,0.6,0.3,3.0,0.1,0.6,0.35,7.0,0.2,,1.0,1.0,1.0,1.0,0.8,0.8,0.5,0.4,1.0
2021-08-18,16440.0,16796.0,16389.0,16575.0,16389.0,16693.0,16389.0,407.0,206.38969654939828,1.0,0.0,1.0,0.0,1.0,1.0,1.0,1.0,0.0,2.059918303180559,0.0,升壓,高18-24,False,0.4,2.0,0.4,0.4,0.4,4.0,0.2,0.6,0.35,7.0,0.25,,1.0,1.0,0.6666666666666666,0.6666666666666666,0.6,0.6,0.4,0.3,1.0
2021-08-19,16611.0,16648.0,16256.0,16648.0,16413.0,16648.0,16320.0,392.0,225.49543973516987,0.0,1.0,0.0,1.0,1.0,1.0,1.0,1.0,0.0,,,升壓,極高>24,False,0.6,3.0,0.6,0.4,0.5,5.0,0.3,0.5,0.35,7.0,0.25,,1.0,1.0,0.6666666666666666,0.6666666666666666,0.4,0.4,0.3,0.2,1.0
2021-08-20,16297.0,16426.0,16145.0,16426.0,16145.0,16426.0,16145.0,281.0,241.3530169032489,0.0,0.0,0.0,0.0,0.0,0.0,0.0,0.0,0.0,2.1200448387957804,0.0,升壓,極高>24,False,0.8,4.0,0.8,,0.6,6.0,0.4,,0.4,8.0,0.3,,0.0,0.0,0.3333333333333333,0.3333333333333333,0.2,0.2,0.2,0.1,1.0
2021-08-23,16427.0,16729.0,16393.0,16714.0,16393.0,16723.0,16393.0,336.0,245.12892005532044,1.0,0.0,1.0,0.0,1.0,1.0,1.0,0.0,1.0,1.2407022974747774,0.0,升壓,高18-24,False,0.6,3.0,0.6,,0.5,5.0,0.4,,0.4,8.0,0.3,,1.0,1.0,0.3333333333333333,0.3333333333333333,0.4,0.2,0.2,0.1,1.0
2021-08-24,16822.0,16842.0,16717.0,16842.0,16728.0,16842.0,16720.0,125.0,253.7833086214804,0.0,0.0,0.0,0.0,0.0,0.0,0.0,0.0,0.0,1.1060622370891782,0.0,升壓,高18-24,False,0.8,4.0,0.8,,0.5,5.0,0.5,,0.4,8.0,0.3,,0.0,0.0,0.0,0.0,0.2,0.0,0.1,0.0,1.0
2021-08-25,16794.0,16982.0,16785.0,16913.0,16785.0,16945.0,16785.0,197.0,241.51823160991083,0.0,0.0,0.0,0.0,0.0,0.0,0.0,0.0,0.0,0.5848303179241211,1.0,降壓,高18-24,False,0.6,3.0,0.6,,0.5,5.0,0.5,,0.4,8.0,0.3,,0.0,0.0,0.3333333333333333,0.0,0.2,0.0,0.1,0.0,0.0
2021-08-26,17103.0,17125.0,16882.0,17125.0,16908.0,17125.0,16882.0,243.0,237.27840002801454,0.0,0.0,0.0,0.0,0.0,0.0,0.0,0.0,0.0,1.153035638826753,0.0,降壓,高18-24,False,0.4,2.0,0.4,,0.5,5.0,0.5,,0.35,7.0,0.25,,0.0,0.0,0.3333333333333333,0.0,0.2,0.0,0.2,0.0,0.0
2021-08-27,16940.0,17218.0,16908.0,17197.0,16908.0,17218.0,16908.0,310.0,237.82331431106078,1.0,0.0,0.0,0.0,1.0,0.0,1.0,0.0,1.0,0.7533913943157593,1.0,升壓,高18-24,False,0.2,1.0,0.2,0.2,0.5,5.0,0.5,,0.35,7.0,0.25,,1.0,0.0,0.3333333333333333,0.0,0.2,0.0,0.2,0.0,1.0
2021-08-30,17249.0,17353.0,17206.0,17306.0,17206.0,17314.0,17206.0,147.0,244.69728437667405,0.0,0.0,0.0,0.0,0.0,0.0,0.0,0.0,0.0,0.7780497591739773,1.0,降壓,高18-24,False,0.4,2.0,0.2,0.4,0.5,5.0,0.4,,0.4,8.0,0.25,,0.0,0.0,0.0,0.0,0.0,0.0,0.1,0.0,0.0
2021-08-31,17276.0,17468.0,17144.0,17308.0,17156.0,17308.0,17144.0,324.0,235.3927811027051,0.0,0.0,0.0,0.0,0.0,0.0,0.0,0.0,0.0,0.5543921686155574,1.0,升壓,高18-24,False,0.2,1.0,0.0,0.6,0.5,5.0,0.4,,0.4,8.0,0.25,,0.0,0.0,0.0,0.0,0.0,0.0,0.1,0.0,1.0
2021-09-01,17408.0,17500.0,17363.0,17476.0,17363.0,17476.0,17363.0,137.0,243.83156385482843,0.0,0.0,0.0,0.0,0.0,0.0,0.0,0.0,0.0,0.7603244748509629,1.0,降壓,高18-24,False,0.2,1.0,0.0,0.8,0.4,4.0,0.3,,0.4,8.0,0.25,,0.0,0.0,0.0,0.0,0.0,0.0,0.1,0.0,0.0
2021-09-02,17434.0,17507.0,17266.0,17507.0,17402.0,17507.0,17270.0,241.0,233.65712920198763,0.0,0.0,0.0,0.0,0.0,0.0,0.0,0.0,0.0,0.5782101291775181,1.0,降壓,高18-24,False,0.2,1.0,0.0,0.8,0.3,3.0,0.2,,0.4,8.0,0.25,,0.0,0.0,0.0,0.0,0.2,0.0,0.1,0.0,0.0
2021-09-03,17442.0,17553.0,17370.0,17485.0,17370.0,17553.0,17370.0,183.0,234.35645023036977,0.0,0.0,0.0,0.0,0.0,0.0,0.0,0.0,0.0,0.6916549908900737,1.0,降壓,高18-24,False,0.2,1.0,0.0,1.0,0.2,2.0,0.1,0.6,0.4,8.0,0.25,,0.0,0.0,0.0,0.0,0.2,0.0,0.1,0.0,0.0
2021-09-06,17440.0,17596.0,17425.0,17584.0,17425.0,17584.0,17425.0,171.0,229.4653597322393,0.0,0.0,0.0,0.0,0.0,0.0,0.0,0.0,0.0,0.5593375969956669,1.0,降壓,高18-24,False,0.0,0.0,0.0,1.0,0.2,2.0,0.1,0.7,0.35,7.0,0.25,,0.0,0.0,0.3333333333333333,0.0,0.2,0.0,0.1,0.0,0.0
2021-09-07,17522.0,17529.0,17337.0,17529.0,17337.0,17529.0,17337.0,192.0,223.8972302339308,0.0,0.0,0.0,0.0,0.0,0.0,0.0,0.0,0.0,0.519857632129591,1.0,降壓,高18-24,False,0.0,0.0,0.0,1.0,0.1,1.0,0.0,0.8,0.3,6.0,0.25,,0.0,0.0,0.3333333333333333,0.0,0.2,0.0,0.1,0.0,0.0
2021-09-08,17395.0,17426.0,17163.0,17426.0,17290.0,17426.0,17251.0,263.0,220.85939878308025,0.0,1.0,0.0,0.0,1.0,0.0,0.0,0.0,0.0,0.7291519951765248,1.0,降壓,高18-24,False,0.0,0.0,0.0,1.0,0.1,1.0,0.0,0.9,0.3,6.0,0.25,,1.0,0.0,0.3333333333333333,0.0,0.2,0.0,0.1,0.0,0.0
2021-09-09,17142.0,17291.0,17084.0,17268.0,17084.0,17291.0,17084.0,207.0,224.87278937516786,0.0,0.0,0.0,0.0,0.0,0.0,0.0,0.0,0.0,1.5829467520869422,0.0,降壓,高18-24,False,0.2,1.0,0.0,1.0,0.2,2.0,0.0,0.9,0.35,7.0,0.25,,0.0,0.0,0.0,0.0,0.0,0.0,0.0,0.0,0.0
2021-09-10,17300.0,17479.0,17284.0,17461.0,17284.0,17466.0,17284.0,195.0,223.1706189584852,0.0,0.0,0.0,0.0,0.0,0.0,0.0,0.0,0.0,0.945454263697888,0.0,降壓,高18-24,False,0.2,1.0,0.0,0.8,0.2,2.0,0.0,0.9,0.35,7.0,0.25,,0.0,0.0,0.0,0.0,0.0,0.0,0.0,0.0,0.0
2021-09-13,17434.0,17492.0,17356.0,17492.0,17356.0,17492.0,17356.0,136.0,220.48770286720088,0.0,0.0,0.0,0.0,0.0,0.0,0.0,0.0,0.0,0.9503913873165898,0.0,降壓,低<18,False,0.2,1.0,0.0,0.6,0.1,1.0,0.0,0.8,0.3,6.0,0.2,,0.0,0.0,0.0,0.0,0.0,0.0,0.0,0.0,0.0
2021-09-14,17541.0,17569.0,17426.0,17569.0,17455.0,17569.0,17426.0,143.0,212.4412549750865,0.0,0.0,0.0,0.0,0.0,0.0,0.0,0.0,0.0,0.5433068509938783,1.0,降壓,低<18,False,0.2,1.0,0.0,0.4,0.1,1.0,0.0,0.7,0.3,6.0,0.2,,0.0,0.0,0.0,0.0,0.0,0.0,0.0,0.0,0.0
2021-09-15,17403.0,17433.0,17280.0,17433.0,17280.0,17433.0,17280.0,153.0,205.82780212031636,0.0,0.0,0.0,0.0,0.0,0.0,0.0,0.0,0.0,0.8434122194997357,0.0,降壓,低<18,False,0.2,1.0,0.0,0.4,0.1,1.0,0.0,0.7,0.25,5.0,0.15,,0.0,0.0,0.0,0.0,0.0,0.0,0.0,0.0,0.0
2021-09-16,17337.0,17362.0,17191.0,17362.0,17211.0,17362.0,17211.0,171.0,200.79658287076242,0.0,0.0,0.0,0.0,0.0,0.0,0.0,0.0,0.0,,,降壓,低<18,False,0.0,0.0,0.0,0.2,0.1,1.0,0.0,0.6,0.2,4.0,0.1,,0.0,0.0,0.0,0.0,0.0,0.0,0.1,0.1,0.0
2021-09-17,17256.0,17395.0,17165.0,17302.0,17165.0,17380.0,17165.0,230.0,197.95881307354696,0.0,0.0,0.0,0.0,0.0,0.0,0.0,0.0,0.0,0.6377671401948892,1.0,降壓,低<18,False,0.0,0.0,0.0,,0.1,1.0,0.0,,0.15,3.0,0.05,,0.0,0.0,0.0,0.0,0.0,0.0,0.2,0.2,0.0
2021-09-22,16835.0,16940.0,16751.0,16940.0,16799.0,16940.0,16751.0,189.0,201.0103546855901,0.0,0.0,0.0,0.0,0.0,0.0,0.0,0.0,0.0,0.9953571761318392,0.0,升壓,高18-24,False,0.0,0.0,0.0,,0.1,1.0,0.0,,0.15,3.0,0.05,,0.0,0.0,0.0,0.0,0.0,0.0,0.2,0.2,0.0
2021-09-23,17020.0,17130.0,16985.0,17130.0,16985.0,17130.0,16985.0,145.0,199.86651138220057,0.0,0.0,0.0,0.0,0.0,0.0,0.0,0.0,0.0,1.5299070552684833,0.0,升壓,高18-24,False,0.0,0.0,0.0,,0.1,1.0,0.0,,0.1,2.0,0.0,,0.0,0.0,0.0,0.0,0.0,0.0,0.2,0.2,0.0
2021-09-24,17191.0,17275.0,17170.0,17275.0,17170.0,17275.0,17170.0,105.0,194.64112934580052,0.0,0.0,0.0,0.0,0.0,0.0,0.0,0.0,0.0,0.9221032797473269,0.0,升壓,高18-24,False,0.0,0.0,0.0,,0.1,1.0,0.0,,0.1,2.0,0.0,,0.0,0.0,0.0,0.0,0.0,0.0,0.3,0.2,0.0
2021-09-27,17247.0,17344.0,17222.0,17344.0,17229.0,17344.0,17229.0,122.0,186.10387893191475,0.0,0.0,0.0,0.0,0.0,0.0,0.0,0.0,0.0,0.5469785114253226,1.0,升壓,高18-24,False,0.0,0.0,0.0,,0.0,0.0,0.0,,0.1,2.0,0.0,,0.0,0.0,0.0,0.0,0.2,0.2,0.3,0.2,0.0
2021-09-28,17182.0,17183.0,17042.0,17183.0,17042.0,17183.0,17042.0,141.0,179.99874760506572,0.0,0.0,0.0,0.0,0.0,0.0,0.0,0.0,0.0,0.7258945374184609,1.0,升壓,高18-24,False,0.0,0.0,0.0,0.4,0.0,0.0,0.0,,0.1,2.0,0.0,,0.0,0.0,0.0,0.0,0.4,0.4,0.3,0.2,0.0
2021-09-29,16926.0,16937.0,16760.0,16937.0,16792.0,16937.0,16792.0,177.0,176.28458116648804,0.0,0.0,0.0,0.0,0.0,0.0,0.0,0.0,0.0,2.4130776374697738,0.0,升壓,高18-24,False,0.0,0.0,0.0,0.4,0.0,0.0,0.0,,0.05,1.0,0.0,,0.0,0.0,0.3333333333333333,0.3333333333333333,0.4,0.4,0.3,0.2,0.0
2021-09-30,16803.0,16966.0,16704.0,16853.0,16704.0,16884.0,16704.0,262.0,176.35271629348918,0.0,0.0,0.0,0.0,0.0,0.0,0.0,0.0,0.0,1.7408955645603996,0.0,升壓,高18-24,False,0.0,0.0,0.0,0.4,0.0,0.0,0.0,,0.05,1.0,0.0,,0.0,0.0,0.6666666666666666,0.6666666666666666,0.4,0.4,0.3,0.2,1.0
2021-10-01,16800.0,16805.0,16415.0,16805.0,16558.0,16805.0,16506.0,390.0,184.50960045601403,0.0,1.0,0.0,1.0,1.0,1.0,1.0,1.0,1.0,1.4650707953583597,0.0,升壓,極高>24,False,0.0,0.0,0.0,0.4,0.0,0.0,0.0,,0.05,1.0,0.0,,1.0,1.0,0.6666666666666666,0.6666666666666666,0.6,0.4,0.3,0.2,1.0
2021-10-04,16588.0,16629.0,16313.0,16629.0,16350.0,16629.0,16343.0,316.0,204.08011469829842,0.0,1.0,0.0,1.0,1.0,1.0,1.0,0.0,1.0,2.306390025134814,0.0,升壓,極高>24,False,0.2,1.0,0.2,0.4,0.1,1.0,0.1,,0.1,2.0,0.05,,1.0,1.0,0.3333333333333333,0.3333333333333333,0.4,0.2,0.2,0.1,1.0
2021-10-05,16240.0,16424.0,16107.0,16310.0,16107.0,16424.0,16107.0,317.0,214.73915139369856,0.0,0.0,0.0,0.0,0.0,0.0,0.0,0.0,0.0,1.78988792768409,0.0,升壓,極高>24,False,0.4,2.0,0.4,0.2,0.2,2.0,0.2,0.3,0.15,3.0,0.1,,0.0,0.0,0.3333333333333333,0.0,0.2,0.0,0.1,0.0,1.0
2021-10-06,16470.0,16493.0,16265.0,16493.0,16291.0,16493.0,16265.0,228.0,224.47827983239395,0.0,0.0,0.0,0.0,0.0,0.0,0.0,0.0,0.0,0.8870085377646391,0.0,升壓,極高>24,False,0.4,2.0,0.4,0.0,0.2,2.0,0.2,0.2,0.15,3.0,0.1,,0.0,0.0,0.3333333333333333,0.0,0.2,0.0,0.1,0.0,1.0
2021-10-07,16521.0,16760.0,16519.0,16734.0,16519.0,16760.0,16519.0,241.0,224.81368175311835,1.0,0.0,0.0,0.0,1.0,0.0,1.0,0.0,0.0,1.5353725202930117,0.0,升壓,高18-24,False,0.4,2.0,0.4,0.0,0.2,2.0,0.2,0.2,0.15,3.0,0.1,,1.0,0.0,0.3333333333333333,0.0,0.2,0.0,0.1,0.0,1.0
2021-10-08,16740.0,16759.0,16591.0,16759.0,16649.0,16759.0,16649.0,168.0,226.35523587186898,0.0,0.0,0.0,0.0,0.0,0.0,0.0,0.0,0.0,0.742129638866552,1.0,升壓,極高>24,False,0.6,3.0,0.4,0.0,0.3,3.0,0.2,0.2,0.2,4.0,0.1,,0.0,0.0,0.0,0.0,0.0,0.0,0.0,0.0,1.0
2021-10-12,16485.0,16489.0,16285.0,16489.0,16285.0,16489.0,16285.0,204.0,220.79759436026242,0.0,0.0,0.0,0.0,0.0,0.0,0.0,0.0,0.0,0.6469918971227409,1.0,升壓,極高>24,False,0.4,2.0,0.2,0.2,0.3,3.0,0.2,0.3,0.15,3.0,0.1,,0.0,0.0,0.0,0.0,0.0,0.0,0.0,0.0,1.0
2021-10-13,16520.0,16585.0,16318.0,16585.0,16375.0,16585.0,16336.0,267.0,219.19782346880885,0.0,0.0,0.0,0.0,0.0,0.0,0.0,0.0,0.0,1.1468293527402846,0.0,升壓,極高>24,False,0.2,1.0,0.0,0.4,0.3,3.0,0.2,0.3,0.15,3.0,0.1,,0.0,0.0,0.0,0.0,0.0,0.0,0.0,0.0,1.0
2021-10-14,16496.0,16546.0,16354.0,16546.0,16370.0,16546.0,16354.0,192.0,223.75041170987467,0.0,0.0,0.0,0.0,0.0,0.0,0.0,0.0,0.0,0.9170380090421403,0.0,升壓,高18-24,False,0.2,1.0,0.0,0.4,0.3,3.0,0.2,0.2,0.15,3.0,0.1,,0.0,0.0,0.0,0.0,0.0,0.0,0.0,0.0,1.0
2021-10-15,16654.0,16790.0,16570.0,16784.0,16570.0,16789.0,16570.0,220.0,220.7265629756009,0.0,0.0,0.0,0.0,0.0,0.0,0.0,0.0,0.0,1.1893192183234162,0.0,升壓,高18-24,False,0.2,1.0,0.0,0.4,0.3,3.0,0.2,0.2,0.15,3.0,0.1,,0.0,0.0,0.0,0.0,0.0,0.0,0.0,0.0,1.0
2021-10-18,16800.0,16870.0,16705.0,16870.0,16770.0,16870.0,16770.0,165.0,220.65736650173415,0.0,0.0,0.0,0.0,0.0,0.0,0.0,0.0,0.0,0.5508353106312998,1.0,降壓,高18-24,False,0.0,0.0,0.0,0.4,0.3,3.0,0.2,0.2,0.15,3.0,0.1,,0.0,0.0,0.0,0.0,0.0,0.0,0.1,0.0,0.0
2021-10-19,16810.0,16954.0,16787.0,16953.0,16787.0,16954.0,16787.0,167.0,215.35666493014043,0.0,0.0,0.0,0.0,0.0,0.0,0.0,0.0,0.0,0.8979576747628659,0.0,降壓,高18-24,False,0.0,0.0,0.0,0.4,0.2,2.0,0.1,0.3,0.15,3.0,0.1,,0.0,0.0,0.0,0.0,0.0,0.0,0.1,0.0,0.0
2021-10-20,16973.0,16987.0,16863.0,16987.0,16903.0,16987.0,16890.0,124.0,210.75126827012704,0.0,0.0,0.0,0.0,0.0,0.0,0.0,0.0,0.0,0.40868504893469115,1.0,降壓,高18-24,False,0.0,0.0,0.0,0.2,0.1,1.0,0.0,0.3,0.15,3.0,0.1,0.3,0.0,0.0,0.0,0.0,0.0,0.0,0.1,0.0,0.0
2021-10-21,16879.0,17047.0,16812.0,17047.0,16870.0,17047.0,16870.0,235.0,202.48924272059114,0.0,0.0,0.0,0.0,0.0,0.0,0.0,0.0,0.0,,,降壓,高18-24,False,0.0,0.0,0.0,0.4,0.1,1.0,0.0,0.4,0.15,3.0,0.1,0.3,0.0,0.0,0.0,0.0,0.0,0.0,0.1,0.0,0.0
2021-10-22,16877.0,16913.0,16770.0,16897.0,16770.0,16913.0,16770.0,143.0,205.58550531863008,0.0,0.0,0.0,0.0,0.0,0.0,0.0,0.0,0.0,0.6563776504594299,1.0,降壓,高18-24,False,0.0,0.0,0.0,,0.1,1.0,0.0,,0.15,3.0,0.1,,0.0,0.0,0.0,0.0,0.0,0.0,0.2,0.1,0.0
2021-10-25,16788.0,16930.0,16731.0,16842.0,16731.0,16930.0,16731.0,199.0,199.62498100257008,0.0,0.0,0.0,0.0,0.0,0.0,0.0,0.0,0.0,1.0633496601551304,0.0,降壓,高18-24,False,0.0,0.0,0.0,,0.0,0.0,0.0,,0.15,3.0,0.1,,0.0,0.0,0.0,0.0,0.2,0.0,0.2,0.1,0.0
2021-10-26,16975.0,17073.0,16948.0,17037.0,16948.0,17073.0,16948.0,125.0,199.56545900232533,0.0,0.0,0.0,0.0,0.0,0.0,0.0,0.0,0.0,0.500671243983457,1.0,降壓,高18-24,False,0.0,0.0,0.0,,0.0,0.0,0.0,,0.15,3.0,0.1,,0.0,0.0,0.0,0.0,0.2,0.0,0.2,0.1,0.0
2021-10-27,16944.0,17088.0,16928.0,17025.0,16928.0,17025.0,16928.0,160.0,192.46398671638957,0.0,0.0,0.0,0.0,0.0,0.0,0.0,0.0,0.0,0.9491255239055572,0.0,降壓,高18-24,False,0.0,0.0,0.0,,0.0,0.0,0.0,,0.15,3.0,0.1,,0.0,0.0,0.3333333333333333,0.0,0.2,0.0,0.2,0.1,0.0
2021-10-28,17013.0,17103.0,16984.0,17103.0,17007.0,17103.0,17000.0,119.0,189.3721784576858,0.0,0.0,0.0,0.0,0.0,0.0,0.0,0.0,0.0,0.8070163586732951,0.0,降壓,低<18,False,0.0,0.0,0.0,,0.0,0.0,0.0,,0.15,3.0,0.1,,0.0,0.0,0.3333333333333333,0.0,0.2,0.0,0.2,0.1,0.0
2021-10-29,17061.0,17074.0,16858.0,17074.0,16858.0,17074.0,16858.0,216.0,182.6700662236205,0.0,1.0,0.0,0.0,1.0,0.0,1.0,0.0,1.0,0.7399138920590873,1.0,降壓,高18-24,False,0.0,0.0,0.0,0.4,0.0,0.0,0.0,,0.15,3.0,0.1,,1.0,0.0,0.3333333333333333,0.0,0.4,0.2,0.2,0.1,0.0
2021-11-01,17040.0,17130.0,17028.0,17130.0,17037.0,17130.0,17028.0,102.0,185.84434563089474,0.0,0.0,0.0,0.0,0.0,0.0,0.0,0.0,0.0,0.7816982738791545,1.0,降壓,高18-24,False,0.2,1.0,0.0,0.4,0.1,1.0,0.0,,0.2,4.0,0.1,,0.0,0.0,0.0,0.0,0.2,0.2,0.1,0.1,0.0
2021-11-02,17167.0,17255.0,17004.0,17255.0,17136.0,17255.0,17042.0,251.0,177.8591698565238,0.0,0.0,0.0,0.0,0.0,0.0,0.0,0.0,0.0,0.383494822831601,1.0,降壓,高18-24,False,0.2,1.0,0.0,0.6,0.1,1.0,0.0,,0.15,3.0,0.05,,0.0,0.0,0.3333333333333333,0.3333333333333333,0.2,0.2,0.1,0.1,0.0
2021-11-03,17081.0,17127.0,17040.0,17127.0,17055.0,17127.0,17040.0,87.0,184.82496320352155,0.0,0.0,0.0,0.0,0.0,0.0,0.0,0.0,0.0,0.7400008045990099,1.0,降壓,高18-24,False,0.2,1.0,0.0,0.6,0.1,1.0,0.0,,0.1,2.0,0.0,,0.0,0.0,0.3333333333333333,0.3333333333333333,0.2,0.2,0.1,0.1,0.0
2021-11-04,17269.0,17280.0,17050.0,17280.0,17166.0,17280.0,17124.0,230.0,175.5083000412814,0.0,1.0,0.0,1.0,1.0,1.0,0.0,0.0,0.0,1.4493738285864752,0.0,降壓,高18-24,False,0.2,1.0,0.0,0.8,0.1,1.0,0.0,,0.1,2.0,0.0,,1.0,1.0,0.3333333333333333,0.3333333333333333,0.2,0.2,0.1,0.1,0.0
2021-11-05,17150.0,17279.0,17106.0,17214.0,17106.0,17219.0,17106.0,173.0,180.69798575163554,0.0,0.0,0.0,0.0,0.0,0.0,0.0,0.0,0.0,1.1119120006973136,0.0,降壓,低<18,False,0.4,2.0,0.2,0.8,0.2,2.0,0.1,0.6,0.15,3.0,0.05,,0.0,0.0,0.0,0.0,0.0,0.0,0.0,0.0,0.0
2021-11-08,17256.0,17425.0,17251.0,17381.0,17251.0,17381.0,17251.0,174.0,179.96484425147978,0.0,0.0,0.0,0.0,0.0,0.0,0.0,0.0,0.0,0.8817666443771017,0.0,降壓,低<18,False,0.2,1.0,0.2,0.6,0.2,2.0,0.1,0.5,0.1,2.0,0.05,,0.0,0.0,0.0,0.0,0.0,0.0,0.0,0.0,0.0
2021-11-09,17499.0,17593.0,17480.0,17591.0,17480.0,17593.0,17480.0,113.0,179.39676384657693,0.0,0.0,0.0,0.0,0.0,0.0,0.0,0.0,0.0,0.9327173510405101,0.0,降壓,低<18,False,0.2,1.0,0.2,0.4,0.2,2.0,0.1,0.5,0.1,2.0,0.05,,0.0,0.0,0.0,0.0,0.0,0.0,0.0,0.0,0.0
2021-11-10,17550.0,17581.0,17496.0,17581.0,17504.0,17581.0,17496.0,85.0,173.07326252785532,0.0,0.0,0.0,0.0,0.0,0.0,0.0,0.0,0.0,0.7905116875280291,1.0,降壓,低<18,False,0.2,1.0,0.2,0.2,0.2,2.0,0.1,0.4,0.1,2.0,0.05,,0.0,0.0,0.0,0.0,0.0,0.0,0.0,0.0,0.0
2021-11-11,17430.0,17537.0,17395.0,17515.0,17395.0,17534.0,17395.0,142.0,164.68533276329768,0.0,0.0,0.0,0.0,0.0,0.0,0.0,0.0,0.0,1.714034497365815,0.0,降壓,低<18,False,0.2,1.0,0.2,0.2,0.2,2.0,0.1,0.5,0.1,2.0,0.05,,0.0,0.0,0.0,0.0,0.0,0.0,0.0,0.0,0.0
2021-11-12,17570.0,17638.0,17491.0,17638.0,17513.0,17638.0,17513.0,147.0,162.52482488107884,0.0,0.0,0.0,0.0,0.0,0.0,0.0,0.0,0.0,0.7709795843647004,1.0,降壓,低<18,False,0.0,0.0,0.0,0.2,0.2,2.0,0.1,0.5,0.1,2.0,0.05,,0.0,0.0,0.0,0.0,0.0,0.0,0.0,0.0,0.0
2021-11-15,17615.0,17707.0,17603.0,17707.0,17615.0,17707.0,17615.0,104.0,161.04627013049992,0.0,0.0,0.0,0.0,0.0,0.0,0.0,0.0,0.0,0.7399153937169026,1.0,降壓,低<18,False,0.0,0.0,0.0,0.4,0.1,1.0,0.1,0.5,0.1,2.0,0.05,,0.0,0.0,0.0,0.0,0.0,0.0,0.1,0.1,0.0
2021-11-16,17662.0,17717.0,17653.0,17714.0,17653.0,17717.0,17653.0,64.0,155.61329202283326,0.0,0.0,0.0,0.0,0.0,0.0,0.0,0.0,0.0,0.676240253157151,1.0,降壓,低<18,False,0.0,0.0,0.0,0.6,0.1,1.0,0.1,0.5,0.1,2.0,0.05,,0.0,0.0,0.0,0.0,0.0,0.0,0.2,0.1,0.0
2021-11-17,17711.0,17761.0,17678.0,17738.0,17678.0,17759.0,17678.0,83.0,146.88821659208725,0.0,0.0,0.0,0.0,0.0,0.0,0.0,0.0,0.0,0.39142354432001025,1.0,降壓,低<18,False,0.0,0.0,0.0,0.8,0.1,1.0,0.1,0.5,0.1,2.0,0.05,,0.0,0.0,0.0,0.0,0.0,0.0,0.2,0.1,0.0
2021-11-18,17769.0,17868.0,17763.0,17830.0,17763.0,17830.0,17763.0,105.0,140.803624535698,0.0,0.0,0.0,0.0,0.0,0.0,0.0,0.0,0.0,,,降壓,低<18,False,0.0,0.0,0.0,0.8,0.1,1.0,0.1,0.5,0.1,2.0,0.05,,0.0,0.0,0.0,0.0,0.0,0.0,0.3,0.2,0.0
2021-11-19,17919.0,17949.0,17813.0,17949.0,17855.0,17949.0,17822.0,136.0,137.39375553229817,0.0,0.0,0.0,0.0,0.0,0.0,0.0,0.0,0.0,0.7497176003170484,1.0,降壓,低<18,False,0.0,0.0,0.0,,0.0,0.0,0.0,,0.1,2.0,0.05,,0.0,0.0,0.0,0.0,0.0,0.0,0.3,0.2,0.0
2021-11-22,17790.0,17876.0,17787.0,17873.0,17787.0,17873.0,17787.0,89.0,137.26101691017453,0.0,0.0,0.0,0.0,0.0,0.0,0.0,0.0,0.0,1.184423410793012,0.0,降壓,低<18,False,0.0,0.0,0.0,,0.0,0.0,0.0,,0.1,2.0,0.05,,0.0,0.0,0.0,0.0,0.2,0.2,0.3,0.2,0.0
2021-11-23,17765.0,17768.0,17638.0,17768.0,17662.0,17768.0,17654.0,130.0,132.664729585396,0.0,0.0,0.0,0.0,0.0,0.0,0.0,0.0,0.0,1.3549444502500336,0.0,降壓,低<18,False,0.0,0.0,0.0,,0.0,0.0,0.0,,0.1,2.0,0.05,,0.0,0.0,0.0,0.0,0.4,0.2,0.3,0.2,0.0
2021-11-24,17604.0,17698.0,17593.0,17698.0,17593.0,17698.0,17593.0,105.0,132.41094581535828,0.0,0.0,0.0,0.0,0.0,0.0,0.0,0.0,0.0,1.2138806881416335,0.0,降壓,低<18,False,0.0,0.0,0.0,,0.0,0.0,0.0,,0.1,2.0,0.05,,0.0,0.0,0.3333333333333333,0.3333333333333333,0.4,0.2,0.3,0.2,0.0
2021-11-25,17688.0,17715.0,17600.0,17715.0,17600.0,17715.0,17600.0,115.0,129.8003795472289,0.0,0.0,0.0,0.0,0.0,0.0,0.0,0.0,0.0,1.1206829418631599,0.0,降壓,低<18,False,0.0,0.0,0.0,,0.0,0.0,0.0,,0.1,2.0,0.05,,0.0,0.0,0.6666666666666666,0.3333333333333333,0.6,0.4,0.3,0.2,0.0
2021-11-26,17530.0,17572.0,17307.0,17572.0,17368.0,17572.0,17322.0,265.0,128.39081959034996,0.0,1.0,0.0,1.0,1.0,1.0,1.0,1.0,1.0,0.5028382147468387,1.0,升壓,高18-24,False,0.0,0.0,0.0,0.2,0.0,0.0,0.0,,0.1,2.0,0.05,,1.0,1.0,0.6666666666666666,0.3333333333333333,0.6,0.4,0.3,0.2,1.0
2021-11-29,17243.0,17416.0,17184.0,17379.0,17184.0,17416.0,17184.0,232.0,141.40121772460236,1.0,0.0,0.0,0.0,1.0,0.0,1.0,0.0,0.0,2.442333495630707,0.0,升壓,高18-24,False,0.2,1.0,0.2,0.2,0.1,1.0,0.1,,0.1,2.0,0.1,,1.0,0.0,0.6666666666666666,0.3333333333333333,0.4,0.2,0.2,0.1,1.0
2021-11-30,17428.0,17537.0,17312.0,17537.0,17404.0,17537.0,17404.0,225.0,150.02967317940212,0.0,0.0,0.0,0.0,0.0,0.0,0.0,0.0,0.0,0.9045660068808401,0.0,升壓,高18-24,False,0.4,2.0,0.2,0.2,0.2,2.0,0.1,,0.15,3.0,0.1,,0.0,0.0,0.3333333333333333,0.3333333333333333,0.2,0.2,0.2,0.1,1.0
2021-12-01,17350.0,17617.0,17333.0,17487.0,17333.0,17518.0,17333.0,284.0,157.16970430517335,1.0,0.0,1.0,0.0,1.0,1.0,1.0,0.0,0.0,1.5161463313734636,0.0,升壓,高18-24,False,0.4,2.0,0.2,0.2,0.2,2.0,0.1,,0.15,3.0,0.1,,1.0,1.0,0.3333333333333333,0.3333333333333333,0.2,0.2,0.2,0.1,1.0
2021-12-02,17570.0,17709.0,17509.0,17709.0,17509.0,17709.0,17509.0,200.0,169.24878008563303,0.0,0.0,0.0,0.0,0.0,0.0,0.0,0.0,0.0,1.5283355827720997,0.0,升壓,高18-24,False,0.6,3.0,0.4,0.2,0.3,3.0,0.2,,0.2,4.0,0.15,,0.0,0.0,0.0,0.0,0.0,0.0,0.1,0.0,1.0
2021-12-03,17696.0,17745.0,17621.0,17725.0,17621.0,17728.0,17621.0,124.0,172.17746769652513,0.0,0.0,0.0,0.0,0.0,0.0,0.0,0.0,0.0,0.8428155563025047,0.0,升壓,高18-24,False,0.6,3.0,0.4,0.2,0.3,3.0,0.2,0.2,0.15,3.0,0.1,,0.0,0.0,0.0,0.0,0.0,0.0,0.1,0.0,1.0
2021-12-06,17619.0,17736.0,17527.0,17696.0,17527.0,17720.0,17527.0,209.0,167.5891374397132,0.0,0.0,0.0,0.0,0.0,0.0,0.0,0.0,0.0,1.2651537394964945,0.0,升壓,高18-24,False,0.4,2.0,0.2,0.0,0.3,3.0,0.2,0.1,0.15,3.0,0.1,,0.0,0.0,0.0,0.0,0.0,0.0,0.1,0.0,1.0
2021-12-07,17677.0,17799.0,17586.0,17697.0,17586.0,17697.0,17586.0,213.0,171.53302911212145,0.0,0.0,0.0,0.0,0.0,0.0,0.0,0.0,0.0,0.8202837408806679,0.0,升壓,高18-24,False,0.2,1.0,0.2,0.0,0.3,3.0,0.2,0.1,0.15,3.0,0.1,,0.0,0.0,0.0,0.0,0.2,0.0,0.2,0.0,1.0
2021-12-08,17945.0,17988.0,17840.0,17988.0,17902.0,17988.0,17902.0,148.0,175.48226443477657,0.0,0.0,0.0,0.0,0.0,0.0,0.0,0.0,0.0,1.1321097291828475,0.0,升壓,低<18,False,0.2,1.0,0.2,0.0,0.3,3.0,0.2,0.1,0.15,3.0,0.1,,0.0,0.0,0.0,0.0,0.2,0.0,0.3,0.0,1.0
2021-12-09,17886.0,17946.0,17812.0,17946.0,17869.0,17946.0,17869.0,134.0,172.8649059171788,0.0,0.0,0.0,0.0,0.0,0.0,0.0,0.0,0.0,0.5590213259270749,1.0,降壓,低<18,False,0.0,0.0,0.0,0.0,0.3,3.0,0.2,0.1,0.15,3.0,0.1,,0.0,0.0,0.3333333333333333,0.0,0.2,0.0,0.3,0.0,0.0
2021-12-10,17808.0,17874.0,17765.0,17874.0,17765.0,17874.0,17765.0,109.0,169.1634863060189,0.0,0.0,0.0,0.0,0.0,0.0,0.0,0.0,0.0,0.8678113635223881,0.0,降壓,低<18,False,0.0,0.0,0.0,0.2,0.3,3.0,0.2,0.2,0.15,3.0,0.1,,0.0,0.0,0.3333333333333333,0.0,0.2,0.0,0.3,0.0,0.0
2021-12-13,17912.0,17944.0,17743.0,17944.0,17855.0,17944.0,17832.0,201.0,163.43363046735044,0.0,1.0,0.0,0.0,1.0,0.0,0.0,0.0,0.0,0.7576516191260737,1.0,降壓,低<18,False,0.0,0.0,0.0,0.2,0.2,2.0,0.1,0.1,0.15,3.0,0.1,,1.0,0.0,0.3333333333333333,0.0,0.2,0.0,0.3,0.0,0.0
2021-12-14,17683.0,17711.0,17565.0,17711.0,17604.0,17711.0,17583.0,146.0,167.0113799466504,0.0,0.0,0.0,0.0,0.0,0.0,0.0,0.0,0.0,1.1090393282577884,0.0,降壓,低<18,False,0.2,1.0,0.0,0.4,0.2,2.0,0.1,0.2,0.2,4.0,0.1,,0.0,0.0,0.0,0.0,0.2,0.0,0.2,0.0,0.0
2021-12-15,17588.0,17666.0,17536.0,17640.0,17536.0,17649.0,17536.0,130.0,165.01029614220752,0.0,0.0,0.0,0.0,0.0,0.0,0.0,0.0,0.0,0.8673663968912412,0.0,降壓,低<18,False,0.2,1.0,0.0,0.4,0.2,2.0,0.1,0.2,0.2,4.0,0.1,,0.0,0.0,0.0,0.0,0.4,0.0,0.2,0.0,0.0
2021-12-16,17765.0,17809.0,17671.0,17777.0,17671.0,17777.0,17671.0,138.0,161.67598222390205,0.0,0.0,0.0,0.0,0.0,0.0,0.0,0.0,0.0,,,降壓,低<18,False,0.2,1.0,0.0,0.4,0.1,1.0,0.0,0.2,0.2,4.0,0.1,,0.0,0.0,0.3333333333333333,0.0,0.4,0.0,0.2,0.0,0.0
2021-12-17,17716.0,17798.0,17703.0,17794.0,17710.0,17798.0,17710.0,95.0,159.4211267740066,0.0,0.0,0.0,0.0,0.0,0.0,0.0,0.0,0.0,1.360451456093955,0.0,降壓,低<18,False,0.2,1.0,0.0,,0.1,1.0,0.0,,0.2,4.0,0.1,,0.0,0.0,0.6666666666666666,0.0,0.4,0.0,0.2,0.0,0.0
2021-12-20,17720.0,17748.0,17564.0,17748.0,17615.0,17748.0,17564.0,184.0,153.28578136695836,0.0,1.0,0.0,0.0,1.0,0.0,1.0,0.0,0.0,0.578731533635032,1.0,升壓,低<18,False,0.2,1.0,0.0,,0.1,1.0,0.0,,0.2,4.0,0.1,,1.0,0.0,0.6666666666666666,0.0,0.4,0.0,0.2,0.0,0.0
2021-12-21,17660.0,17829.0,17624.0,17773.0,17624.0,17785.0,17624.0,205.0,156.21094504629565,1.0,0.0,0.0,0.0,1.0,0.0,0.0,0.0,0.0,1.0883902526479623,0.0,升壓,低<18,False,0.2,1.0,0.0,,0.2,2.0,0.0,,0.25,5.0,0.1,,1.0,0.0,0.3333333333333333,0.0,0.2,0.0,0.2,0.0,1.0
2021-12-22,17847.0,17852.0,17783.0,17852.0,17792.0,17852.0,17783.0,69.0,160.8575217085532,0.0,0.0,0.0,0.0,0.0,0.0,0.0,0.0,0.0,0.675535934033787,1.0,降壓,低<18,False,0.4,2.0,0.0,,0.3,3.0,0.0,,0.3,6.0,0.1,,0.0,0.0,0.0,0.0,0.0,0.0,0.1,0.0,0.0
2021-12-23,17935.0,17983.0,17903.0,17983.0,17903.0,17983.0,17903.0,80.0,152.1091863077386,0.0,0.0,0.0,0.0,0.0,0.0,0.0,0.0,0.0,1.041608612094298,0.0,降壓,低<18,False,0.4,2.0,0.0,,0.3,3.0,0.0,,0.3,6.0,0.1,,0.0,0.0,0.0,0.0,0.0,0.0,0.1,0.0,0.0
2021-12-24,18014.0,18035.0,17946.0,18035.0,17990.0,18035.0,17975.0,89.0,145.24164475462064,0.0,0.0,0.0,0.0,0.0,0.0,0.0,0.0,0.0,0.48682565411899276,1.0,降壓,低<18,False,0.4,2.0,0.0,0.4,0.3,3.0,0.0,,0.3,6.0,0.1,,0.0,0.0,0.0,0.0,0.0,0.0,0.2,0.1,0.0
2021-12-27,17982.0,18099.0,17967.0,18085.0,17967.0,18099.0,17967.0,132.0,139.88529763513296,0.0,0.0,0.0,0.0,0.0,0.0,0.0,0.0,0.0,0.6125313369896588,1.0,降壓,低<18,False,0.4,2.0,0.0,0.6,0.3,3.0,0.0,,0.25,5.0,0.05,,0.0,0.0,0.0,0.0,0.0,0.0,0.3,0.1,0.0
2021-12-28,18115.0,18209.0,18105.0,18159.0,18105.0,18159.0,18105.0,104.0,139.13431690797745,0.0,0.0,0.0,0.0,0.0,0.0,0.0,0.0,0.0,0.705699629511908,1.0,降壓,低<18,False,0.2,1.0,0.0,0.6,0.2,2.0,0.0,,0.2,4.0,0.05,,0.0,0.0,0.0,0.0,0.2,0.0,0.3,0.1,0.0
2021-12-29,18195.0,18289.0,18188.0,18243.0,18188.0,18245.0,18188.0,101.0,135.78819148817007,0.0,0.0,0.0,0.0,0.0,0.0,0.0,0.0,0.0,0.7439769490300935,1.0,降壓,低<18,False,0.0,0.0,0.0,0.8,0.2,2.0,0.0,,0.2,4.0,0.05,,0.0,0.0,0.0,0.0,0.2,0.0,0.3,0.1,0.0
2021-12-30,18242.0,18265.0,18177.0,18265.0,18215.0,18265.0,18177.0,88.0,132.47503039405865,0.0,0.0,0.0,0.0,0.0,0.0,0.0,0.0,0.0,0.5328808182552496,1.0,降壓,低<18,False,0.0,0.0,0.0,0.8,0.2,2.0,0.0,,0.15,3.0,0.0,,0.0,0.0,0.3333333333333333,0.0,0.2,0.0,0.3,0.1,0.0
2022-01-03,18288.0,18389.0,18203.0,18389.0,18254.0,18389.0,18206.0,186.0,128.23931321367212,0.0,0.0,0.0,0.0,0.0,0.0,0.0,0.0,0.0,0.6153833104720154,1.0,降壓,低<18,False,0.0,0.0,0.0,1.0,0.2,2.0,0.0,0.7,0.15,3.0,0.0,,0.0,0.0,0.3333333333333333,0.0,0.4,0.2,0.4,0.2,0.0
2022-01-04,18361.0,18522.0,18359.0,18497.0,18359.0,18497.0,18359.0,163.0,133.7403310028462,1.0,0.0,0.0,0.0,1.0,0.0,1.0,0.0,1.0,1.0979065587833297,0.0,升壓,低<18,False,0.0,0.0,0.0,1.0,0.2,2.0,0.0,0.8,0.15,3.0,0.0,,1.0,0.0,0.3333333333333333,0.0,0.6,0.2,0.4,0.2,1.0
2022-01-05,18480.0,18546.0,18438.0,18546.0,18454.0,18546.0,18449.0,108.0,136.52696614543228,0.0,0.0,0.0,0.0,0.0,0.0,0.0,0.0,0.0,1.0185424457849346,0.0,降壓,低<18,False,0.2,1.0,0.0,0.8,0.2,2.0,0.0,0.7,0.2,4.0,0.0,,0.0,0.0,0.3333333333333333,0.3333333333333333,0.4,0.2,0.4,0.2,0.0
2022-01-06,18345.0,18419.0,18238.0,18419.0,18292.0,18419.0,18265.0,181.0,133.81011222681968,0.0,0.0,0.0,0.0,0.0,0.0,0.0,0.0,0.0,2.5764169637273002,0.0,升壓,低<18,False,0.2,1.0,0.0,0.6,0.1,1.0,0.0,0.7,0.2,4.0,0.0,,0.0,0.0,0.6666666666666666,0.3333333333333333,0.4,0.2,0.4,0.2,1.0
2022-01-07,18459.0,18478.0,18115.0,18478.0,18115.0,18478.0,18115.0,363.0,138.30438725283685,0.0,1.0,0.0,1.0,1.0,1.0,1.0,1.0,1.0,0.8325274778398473,0.0,升壓,低<18,False,0.2,1.0,0.0,0.4,0.1,1.0,0.0,0.6,0.2,4.0,0.0,,1.0,1.0,0.6666666666666666,0.3333333333333333,0.4,0.2,0.4,0.2,1.0
2022-01-10,18075.0,18264.0,18022.0,18233.0,18022.0,18233.0,18022.0,242.0,159.70396941923335,1.0,0.0,0.0,0.0,1.0,0.0,1.0,0.0,1.0,1.1600086115762784,0.0,升壓,低<18,False,0.4,2.0,0.2,0.2,0.2,2.0,0.1,0.6,0.25,5.0,0.05,,1.0,0.0,0.3333333333333333,0.0,0.4,0.2,0.4,0.1,1.0
2022-01-11,18200.0,18295.0,18102.0,18254.0,18102.0,18295.0,18102.0,193.0,167.5416866174016,0.0,0.0,0.0,0.0,0.0,0.0,0.0,0.0,0.0,1.838463826931111,0.0,升壓,低<18,False,0.6,3.0,0.2,0.0,0.3,3.0,0.1,0.5,0.3,6.0,0.05,,0.0,0.0,0.0,0.0,0.2,0.2,0.4,0.2,1.0
2022-01-12,18403.0,18411.0,18271.0,18411.0,18286.0,18411.0,18271.0,140.0,169.9662878919348,0.0,0.0,0.0,0.0,0.0,0.0,0.0,0.0,0.0,1.3842854189235458,0.0,升壓,低<18,False,0.4,2.0,0.2,0.0,0.3,3.0,0.1,0.4,0.25,5.0,0.05,,0.0,0.0,0.3333333333333333,0.3333333333333333,0.4,0.2,0.5,0.2,1.0
2022-01-13,18433.0,18485.0,18364.0,18485.0,18364.0,18485.0,18364.0,121.0,167.11235571175052,0.0,0.0,0.0,0.0,0.0,0.0,0.0,0.0,0.0,0.6830551655961605,1.0,升壓,低<18,False,0.4,2.0,0.2,0.0,0.3,3.0,0.1,0.3,0.25,5.0,0.05,,0.0,0.0,0.3333333333333333,0.3333333333333333,0.4,0.2,0.5,0.2,1.0
2022-01-14,18549.0,18560.0,18220.0,18560.0,18220.0,18560.0,18220.0,340.0,162.7207027868219,0.0,1.0,0.0,1.0,1.0,1.0,1.0,1.0,1.0,1.3690618827923113,0.0,升壓,低<18,False,0.4,2.0,0.2,0.2,0.3,3.0,0.1,0.3,0.25,5.0,0.05,,1.0,1.0,0.6666666666666666,0.3333333333333333,0.4,0.2,0.5,0.2,1.0
2022-01-17,18417.0,18537.0,18387.0,18522.0,18387.0,18522.0,18387.0,150.0,179.60444537855315,0.0,0.0,0.0,0.0,0.0,0.0,0.0,0.0,0.0,1.032067214458001,0.0,升壓,低<18,False,0.4,2.0,0.2,0.2,0.4,4.0,0.2,0.2,0.3,6.0,0.1,0.45,0.0,0.0,0.3333333333333333,0.0,0.4,0.0,0.4,0.1,1.0
2022-01-18,18531.0,18583.0,18347.0,18583.0,18472.0,18583.0,18472.0,236.0,176.78497439011952,0.0,1.0,0.0,0.0,1.0,0.0,0.0,0.0,0.0,0.35821828352363455,1.0,升壓,低<18,False,0.2,1.0,0.2,0.2,0.4,4.0,0.2,0.1,0.3,6.0,0.1,0.45,1.0,0.0,0.3333333333333333,0.0,0.6,0.2,0.4,0.1,1.0
2022-01-19,18261.0,18345.0,18210.0,18345.0,18230.0,18345.0,18230.0,135.0,182.42450063867955,0.0,0.0,0.0,0.0,0.0,0.0,0.0,0.0,0.0,1.1040269320089344,0.0,升壓,高18-24,False,0.4,2.0,0.2,0.4,0.4,4.0,0.2,0.2,0.3,6.0,0.1,0.45,0.0,0.0,0.3333333333333333,0.0,0.6,0.2,0.3,0.1,1.0
2022-01-20,18203.0,18270.0,18081.0,18216.0,18081.0,18216.0,18081.0,189.0,177.90788153023388,0.0,0.0,0.0,0.0,0.0,0.0,0.0,0.0,0.0,,,升壓,低<18,False,0.4,2.0,0.2,0.4,0.4,4.0,0.2,0.2,0.25,5.0,0.1,0.45,0.0,0.0,0.6666666666666666,0.3333333333333333,0.6,0.2,0.3,0.1,1.0
2022-01-21,18026.0,18050.0,17836.0,18050.0,17896.0,18050.0,17890.0,214.0,178.9642737654497,0.0,1.0,0.0,0.0,1.0,0.0,0.0,0.0,0.0,1.9613227361246397,0.0,升壓,高18-24,False,0.4,2.0,0.2,,0.4,4.0,0.2,,0.25,5.0,0.1,,1.0,0.0,1.0,0.3333333333333333,0.6,0.2,0.3,0.1,1.0
2022-01-24,17736.0,17973.0,17703.0,17847.0,17703.0,17882.0,17703.0,270.0,182.30100959731163,1.0,0.0,1.0,0.0,1.0,1.0,0.0,0.0,0.0,1.8410000586323503,0.0,升壓,高18-24,False,0.4,2.0,0.0,,0.4,4.0,0.1,,0.3,6.0,0.1,,1.0,1.0,0.6666666666666666,0.3333333333333333,0.4,0.2,0.2,0.1,1.0
2022-01-25,17790.0,17799.0,17578.0,17799.0,17618.0,17799.0,17584.0,221.0,190.65329439756766,0.0,1.0,0.0,0.0,1.0,0.0,1.0,0.0,0.0,3.21805704731906,0.0,升壓,高18-24,False,0.6,3.0,0.2,,0.4,4.0,0.2,,0.35,7.0,0.15,,1.0,0.0,0.3333333333333333,0.0,0.2,0.0,0.1,0.0,1.0
2022-01-26,17683.0,17757.0,17607.0,17732.0,17607.0,17757.0,17607.0,150.0,193.54345683589455,0.0,0.0,0.0,0.0,0.0,0.0,0.0,0.0,0.0,1.2833795578957958,0.0,升壓,極高>24,False,0.6,3.0,0.2,,0.5,5.0,0.2,,0.4,8.0,0.15,,0.0,0.0,0.0,0.0,0.0,0.0,0.0,0.0,1.0
2022-02-07,17797.0,17900.0,17693.0,17846.0,17717.0,17846.0,17693.0,207.0,189.39646094676172,0.0,0.0,0.0,0.0,0.0,0.0,0.0,0.0,0.0,1.6059140506046796,0.0,升壓,高18-24,False,0.6,3.0,0.2,,0.5,5.0,0.2,,0.4,8.0,0.15,,0.0,0.0,0.0,0.0,0.0,0.0,0.1,0.0,1.0
2022-02-08,17960.0,18047.0,17922.0,18047.0,17936.0,18047.0,17936.0,125.0,191.07298847564155,0.0,0.0,0.0,0.0,0.0,0.0,0.0,0.0,0.0,0.5389183951040193,1.0,升壓,高18-24,False,0.6,3.0,0.2,0.0,0.5,5.0,0.2,,0.4,8.0,0.15,,0.0,0.0,0.0,0.0,0.0,0.0,0.2,0.1,0.0
2022-02-09,18068.0,18169.0,18050.0,18105.0,18050.0,18114.0,18050.0,119.0,184.78032290653283,0.0,0.0,0.0,0.0,0.0,0.0,0.0,0.0,0.0,0.552830780131553,1.0,降壓,低<18,False,0.4,2.0,0.2,0.2,0.4,4.0,0.1,,0.4,8.0,0.15,,0.0,0.0,0.0,0.0,0.0,0.0,0.3,0.1,0.0
2022-02-10,18230.0,18340.0,18133.0,18240.0,18133.0,18246.0,18133.0,207.0,178.5155302487678,0.0,0.0,0.0,0.0,0.0,0.0,0.0,0.0,0.0,0.5321337741789921,1.0,降壓,低<18,False,0.2,1.0,0.0,0.4,0.4,4.0,0.1,,0.4,8.0,0.15,,0.0,0.0,0.0,0.0,0.0,0.0,0.3,0.1,0.0
2022-02-11,18202.0,18290.0,18182.0,18283.0,18182.0,18287.0,18182.0,108.0,181.2283368917423,0.0,0.0,0.0,0.0,0.0,0.0,0.0,0.0,0.0,1.1731516216225029,0.0,降壓,低<18,False,0.0,0.0,0.0,0.6,0.3,3.0,0.1,,0.35,7.0,0.15,,0.0,0.0,0.0,0.0,0.0,0.0,0.4,0.2,0.0
2022-02-14,18099.0,18132.0,17934.0,18132.0,17934.0,18132.0,17934.0,198.0,174.2542095687192,0.0,0.0,0.0,0.0,0.0,0.0,0.0,0.0,0.0,1.7428369681229103,0.0,升壓,高18-24,False,0.0,0.0,0.0,0.6,0.3,3.0,0.1,,0.35,7.0,0.15,,0.0,0.0,0.0,0.0,0.2,0.0,0.4,0.2,0.0
2022-02-15,17922.0,18093.0,17883.0,18093.0,17883.0,18093.0,17883.0,210.0,176.51571341931736,0.0,0.0,0.0,0.0,0.0,0.0,0.0,0.0,0.0,1.001651819166907,0.0,升壓,高18-24,False,0.0,0.0,0.0,0.6,0.3,3.0,0.1,0.3,0.35,7.0,0.15,,0.0,0.0,0.0,0.0,0.4,0.2,0.4,0.2,1.0
2022-02-16,18184.0,18248.0,18140.0,18237.0,18151.0,18248.0,18151.0,108.0,179.70469309366808,0.0,0.0,0.0,0.0,0.0,0.0,0.0,0.0,0.0,1.208324605936427,0.0,降壓,高18-24,False,0.0,0.0,0.0,0.4,0.2,2.0,0.1,0.3,0.3,6.0,0.1,,0.0,0.0,0.3333333333333333,0.0,0.6,0.2,0.4,0.2,0.0
2022-02-17,18269.0,18330.0,18168.0,18325.0,18245.0,18330.0,18245.0,162.0,172.87567470379494,0.0,0.0,0.0,0.0,0.0,0.0,0.0,0.0,0.0,,,升壓,高18-24,False,0.0,0.0,0.0,0.2,0.1,1.0,0.0,0.3,0.25,5.0,0.1,,0.0,0.0,0.6666666666666666,0.3333333333333333,0.6,0.2,0.4,0.2,0.0
2022-02-18,18065.0,18254.0,18039.0,18210.0,18039.0,18231.0,18039.0,215.0,171.8398961605764,1.0,0.0,0.0,0.0,1.0,0.0,0.0,0.0,0.0,1.083414027405108,0.0,升壓,高18-24,False,0.0,0.0,0.0,,0.0,0.0,0.0,,0.25,5.0,0.1,,1.0,0.0,1.0,0.3333333333333333,0.8,0.4,0.4,0.2,1.0
2022-02-21,18001.0,18242.0,17970.0,18195.0,17970.0,18235.0,17970.0,272.0,175.9503822405215,1.0,0.0,1.0,0.0,1.0,1.0,1.0,1.0,1.0,0.7148183582395475,1.0,升壓,高18-24,False,0.2,1.0,0.0,,0.1,1.0,0.0,,0.3,6.0,0.1,,1.0,1.0,0.6666666666666666,0.3333333333333333,0.6,0.4,0.4,0.3,1.0
2022-02-22,17990.0,18068.0,17773.0,18068.0,17852.0,18068.0,17773.0,295.0,185.09796488428134,0.0,1.0,0.0,0.0,1.0,0.0,1.0,0.0,0.0,1.4641071446511122,0.0,升壓,高18-24,False,0.4,2.0,0.2,,0.2,2.0,0.1,,0.35,7.0,0.15,,1.0,0.0,0.6666666666666666,0.3333333333333333,0.4,0.2,0.4,0.2,1.0
2022-02-23,17954.0,18060.0,17936.0,18016.0,17936.0,18016.0,17936.0,124.0,195.56482537149265,0.0,0.0,0.0,0.0,0.0,0.0,0.0,0.0,0.0,0.9590791088418767,0.0,升壓,高18-24,False,0.6,3.0,0.2,,0.3,3.0,0.1,,0.35,7.0,0.1,,0.0,0.0,0.3333333333333333,0.3333333333333333,0.2,0.2,0.3,0.2,1.0
2022-02-24,17811.0,17850.0,17506.0,17850.0,17715.0,17850.0,17649.0,344.0,188.74912771706477,0.0,1.0,0.0,1.0,1.0,1.0,0.0,0.0,0.0,1.172142674218476,0.0,升壓,極高>24,False,0.6,3.0,0.2,,0.3,3.0,0.1,,0.35,7.0,0.1,,1.0,1.0,0.3333333333333333,0.3333333333333333,0.2,0.2,0.3,0.2,1.0
2022-02-25,17660.0,17702.0,17513.0,17702.0,17513.0,17702.0,17513.0,189.0,203.5349250773443,0.0,0.0,0.0,0.0,0.0,0.0,0.0,0.0,0.0,2.1829108138116426,0.0,升壓,高18-24,False,0.8,4.0,0.4,0.2,0.4,4.0,0.2,,0.35,7.0,0.15,,0.0,0.0,0.0,0.0,0.0,0.0,0.2,0.1,1.0
2022-03-01,17756.0,17942.0,17692.0,17921.0,17692.0,17926.0,17692.0,250.0,202.1506464985496,0.0,0.0,0.0,0.0,0.0,0.0,0.0,0.0,0.0,1.3279761342404366,0.0,升壓,高18-24,False,0.6,3.0,0.4,0.2,0.4,4.0,0.2,,0.35,7.0,0.15,,0.0,0.0,0.0,0.0,0.2,0.2,0.2,0.1,1.0
2022-03-02,17788.0,17895.0,17758.0,17840.0,17758.0,17840.0,17758.0,137.0,206.707727784402,0.0,0.0,0.0,0.0,0.0,0.0,0.0,0.0,0.0,1.3685170797113235,0.0,升壓,高18-24,False,0.4,2.0,0.2,0.0,0.4,4.0,0.2,,0.35,7.0,0.15,,0.0,0.0,0.0,0.0,0.4,0.2,0.3,0.2,1.0
2022-03-03,17942.0,17964.0,17865.0,17964.0,17865.0,17964.0,17865.0,99.0,200.06889656683992,0.0,0.0,0.0,0.0,0.0,0.0,0.0,0.0,0.0,1.2354189239480822,0.0,升壓,高18-24,False,0.2,1.0,0.2,0.0,0.4,4.0,0.2,,0.3,6.0,0.15,,0.0,0.0,0.3333333333333333,0.3333333333333333,0.4,0.2,0.4,0.3,0.0
2022-03-04,17608.0,17788.0,17522.0,17774.0,17522.0,17788.0,17522.0,266.0,190.44328736999802,0.0,0.0,0.0,0.0,0.0,0.0,0.0,0.0,0.0,0.8225104456892499,0.0,升壓,高18-24,False,0.2,1.0,0.2,0.0,0.4,4.0,0.2,,0.25,5.0,0.1,,0.0,0.0,0.6666666666666666,0.3333333333333333,0.4,0.2,0.4,0.3,1.0
2022-03-07,17362.0,17405.0,17051.0,17405.0,17070.0,17405.0,17061.0,354.0,197.63916476333154,0.0,1.0,0.0,1.0,1.0,1.0,1.0,1.0,1.0,1.0479726143708916,0.0,升壓,極高>24,False,0.0,0.0,0.0,0.0,0.4,4.0,0.2,0.1,0.2,4.0,0.1,,1.0,1.0,0.6666666666666666,0.3333333333333333,0.4,0.2,0.4,0.3,1.0
2022-03-08,16840.0,17058.0,16695.0,17058.0,16812.0,17058.0,16750.0,363.0,212.5306728811095,1.0,0.0,0.0,0.0,1.0,0.0,1.0,0.0,1.0,2.013431266304597,0.0,升壓,極高>24,False,0.2,1.0,0.2,0.0,0.4,4.0,0.3,0.1,0.25,5.0,0.15,,1.0,0.0,0.3333333333333333,0.0,0.2,0.0,0.3,0.2,1.0
2022-03-09,16890.0,17023.0,16865.0,16999.0,16865.0,16999.0,16865.0,158.0,226.8610849876705,0.0,0.0,0.0,0.0,0.0,0.0,0.0,0.0,0.0,1.3233209634089662,0.0,升壓,極高>24,False,0.4,2.0,0.2,0.0,0.4,4.0,0.2,0.0,0.3,6.0,0.15,,0.0,0.0,0.0,0.0,0.2,0.2,0.2,0.2,1.0
2022-03-10,17301.0,17456.0,17269.0,17447.0,17269.0,17456.0,17269.0,187.0,220.30288641741618,0.0,0.0,0.0,0.0,0.0,0.0,0.0,0.0,0.0,1.2647989231919048,0.0,升壓,高18-24,False,0.4,2.0,0.2,0.0,0.3,3.0,0.2,0.0,0.3,6.0,0.15,,0.0,0.0,0.0,0.0,0.4,0.4,0.2,0.2,1.0
2022-03-11,17372.0,17387.0,17170.0,17387.0,17241.0,17387.0,17196.0,217.0,217.13118294909083,0.0,0.0,0.0,0.0,0.0,0.0,0.0,0.0,0.0,1.0188102944014898,0.0,升壓,高18-24,False,0.4,2.0,0.2,0.0,0.3,3.0,0.2,0.0,0.3,6.0,0.15,,0.0,0.0,0.3333333333333333,0.3333333333333333,0.4,0.4,0.2,0.2,1.0
2022-03-14,17289.0,17350.0,17150.0,17350.0,17224.0,17350.0,17150.0,200.0,217.1186893348917,0.0,0.0,0.0,0.0,0.0,0.0,0.0,0.0,0.0,1.050271660655295,0.0,升壓,高18-24,False,0.4,2.0,0.2,0.0,0.2,2.0,0.1,0.0,0.3,6.0,0.15,,0.0,0.0,0.6666666666666666,0.6666666666666666,0.4,0.4,0.2,0.2,0.0
2022-03-15,17177.0,17195.0,16861.0,17195.0,16868.0,17195.0,16868.0,334.0,215.48833796966395,0.0,1.0,0.0,1.0,1.0,1.0,1.0,1.0,1.0,0.9385321280704629,0.0,升壓,極高>24,False,0.2,1.0,0.0,0.0,0.2,2.0,0.1,0.0,0.3,6.0,0.15,,1.0,1.0,0.6666666666666666,0.6666666666666666,0.4,0.4,0.3,0.2,1.0
2022-03-16,17080.0,17089.0,16801.0,17089.0,16897.0,17089.0,16816.0,288.0,226.77516292493405,0.0,1.0,0.0,1.0,1.0,1.0,1.0,0.0,0.0,1.3587041275825003,0.0,升壓,極高>24,False,0.2,1.0,0.2,0.0,0.3,3.0,0.2,0.0,0.35,7.0,0.2,,1.0,1.0,0.3333333333333333,0.3333333333333333,0.2,0.2,0.2,0.1,1.0
2022-03-17,17339.0,17470.0,17262.0,17400.0,17262.0,17400.0,17262.0,208.0,232.60609978922605,0.0,0.0,0.0,0.0,0.0,0.0,0.0,0.0,0.0,,,升壓,高18-24,False,0.4,2.0,0.4,0.0,0.4,4.0,0.3,0.0,0.4,8.0,0.25,,0.0,0.0,0.0,0.0,0.0,0.0,0.1,0.0,1.0
2022-03-18,17441.0,17444.0,17295.0,17444.0,17338.0,17444.0,17295.0,149.0,230.26266171406166,0.0,0.0,0.0,0.0,0.0,0.0,0.0,0.0,0.0,0.6587004387408447,1.0,降壓,高18-24,False,0.4,2.0,0.4,,0.4,4.0,0.3,,0.4,8.0,0.25,,0.0,0.0,0.0,0.0,0.0,0.0,0.1,0.0,0.0
2022-03-21,17442.0,17577.0,17439.0,17577.0,17439.0,17577.0,17439.0,138.0,222.52336059843674,0.0,0.0,0.0,0.0,0.0,0.0,0.0,0.0,0.0,0.7400333134964051,1.0,降壓,高18-24,False,0.4,2.0,0.4,,0.4,4.0,0.3,,0.4,8.0,0.25,,0.0,0.0,0.0,0.0,0.0,0.0,0.1,0.0,0.0
2022-03-22,17536.0,17543.0,17453.0,17543.0,17453.0,17543.0,17453.0,90.0,214.47351673191895,0.0,0.0,0.0,0.0,0.0,0.0,0.0,0.0,0.0,0.47805707451426627,1.0,降壓,高18-24,False,0.4,2.0,0.4,,0.3,3.0,0.2,,0.35,7.0,0.25,,0.0,0.0,0.0,0.0,0.2,0.0,0.1,0.0,0.0
2022-03-23,17644.0,17735.0,17610.0,17716.0,17625.0,17735.0,17625.0,125.0,202.6188960907838,0.0,0.0,0.0,0.0,0.0,0.0,0.0,0.0,0.0,0.4990712275615397,1.0,降壓,低<18,False,0.2,1.0,0.2,,0.2,2.0,0.2,,0.3,6.0,0.2,,0.0,0.0,0.0,0.0,0.2,0.0,0.2,0.1,0.0
2022-03-24,17570.0,17687.0,17548.0,17629.0,17548.0,17647.0,17548.0,139.0,195.22662027261393,0.0,0.0,0.0,0.0,0.0,0.0,0.0,0.0,0.0,0.6414659192486918,1.0,降壓,低<18,False,0.0,0.0,0.0,,0.2,2.0,0.2,,0.25,5.0,0.2,,0.0,0.0,0.3333333333333333,0.0,0.2,0.0,0.2,0.1,0.0
2022-03-25,17720.0,17726.0,17591.0,17726.0,17591.0,17726.0,17591.0,135.0,189.8717040561745,0.0,0.0,0.0,0.0,0.0,0.0,0.0,0.0,0.0,0.6163949395155308,1.0,降壓,低<18,False,0.0,0.0,0.0,1.0,0.2,2.0,0.2,,0.25,5.0,0.2,,0.0,0.0,0.3333333333333333,0.0,0.2,0.0,0.3,0.2,0.0
2022-03-28,17512.0,17521.0,17304.0,17521.0,17304.0,17521.0,17304.0,217.0,184.645827479396,0.0,1.0,0.0,0.0,1.0,0.0,1.0,0.0,1.0,0.5541653342427298,1.0,降壓,高18-24,False,0.0,0.0,0.0,1.0,0.2,2.0,0.2,,0.2,4.0,0.15,,1.0,0.0,0.3333333333333333,0.0,0.2,0.0,0.3,0.2,0.0
2022-03-29,17560.0,17577.0,17484.0,17577.0,17504.0,17577.0,17504.0,93.0,187.72717724326304,0.0,0.0,0.0,0.0,0.0,0.0,0.0,0.0,0.0,0.7057790764263674,1.0,降壓,低<18,False,0.2,1.0,0.0,1.0,0.3,3.0,0.2,,0.25,5.0,0.15,,0.0,0.0,0.0,0.0,0.0,0.0,0.3,0.3,0.0
2022-03-30,17671.0,17755.0,17658.0,17745.0,17671.0,17745.0,17658.0,97.0,178.70554131533322,0.0,0.0,0.0,0.0,0.0,0.0,0.0,0.0,0.0,0.8471468588021202,0.0,降壓,低<18,False,0.2,1.0,0.0,1.0,0.2,2.0,0.1,,0.25,5.0,0.15,,0.0,0.0,0.0,0.0,0.2,0.2,0.3,0.3,0.0
2022-03-31,17747.0,17774.0,17623.0,17774.0,17685.0,17774.0,17685.0,151.0,170.92406119006338,0.0,0.0,0.0,0.0,0.0,0.0,0.0,0.0,0.0,0.6189561567009075,1.0,降壓,低<18,False,0.2,1.0,0.0,0.8,0.1,1.0,0.0,,0.25,5.0,0.15,,0.0,0.0,0.0,0.0,0.2,0.2,0.3,0.3,0.0
2022-04-01,17466.0,17567.0,17414.0,17535.0,17414.0,17535.0,17414.0,153.0,169.0265315529145,0.0,0.0,0.0,0.0,0.0,0.0,0.0,0.0,0.0,0.9939797535073993,0.0,降壓,低<18,False,0.2,1.0,0.0,0.8,0.1,1.0,0.0,0.9,0.25,5.0,0.15,,0.0,0.0,0.3333333333333333,0.3333333333333333,0.4,0.4,0.3,0.3,0.0
2022-04-06,17439.0,17508.0,17327.0,17447.0,17327.0,17453.0,17327.0,181.0,167.5001952145417,0.0,0.0,0.0,0.0,0.0,0.0,0.0,0.0,0.0,0.8517428081062657,0.0,降壓,低<18,False,0.2,1.0,0.0,0.6,0.1,1.0,0.0,0.8,0.25,5.0,0.15,,0.0,0.0,0.3333333333333333,0.3333333333333333,0.4,0.4,0.3,0.3,0.0
2022-04-07,17333.0,17387.0,17123.0,17387.0,17303.0,17387.0,17233.0,264.0,168.78589090839486,0.0,1.0,0.0,1.0,1.0,1.0,0.0,0.0,0.0,0.9570608656211117,0.0,升壓,高18-24,False,0.0,0.0,0.0,0.4,0.1,1.0,0.0,0.7,0.2,4.0,0.1,,1.0,1.0,0.6666666666666666,0.6666666666666666,0.6,0.6,0.3,0.3,1.0
2022-04-08,17200.0,17318.0,17169.0,17239.0,17169.0,17258.0,17169.0,149.0,177.85390129807155,0.0,0.0,0.0,0.0,0.0,0.0,0.0,0.0,0.0,0.6960689981854133,1.0,升壓,高18-24,False,0.2,1.0,0.2,0.2,0.2,2.0,0.1,0.6,0.2,4.0,0.15,,0.0,0.0,0.3333333333333333,0.3333333333333333,0.4,0.4,0.2,0.2,1.0
2022-04-11,17222.0,17298.0,16976.0,17298.0,16994.0,17298.0,16976.0,322.0,175.1059106982552,0.0,1.0,0.0,1.0,1.0,1.0,1.0,1.0,1.0,0.9361427431429954,0.0,升壓,高18-24,False,0.2,1.0,0.2,0.4,0.2,2.0,0.1,0.6,0.2,4.0,0.15,,1.0,1.0,0.6666666666666666,0.6666666666666666,0.4,0.4,0.2,0.2,1.0
2022-04-12,16960.0,17068.0,16906.0,17068.0,16906.0,17068.0,16906.0,162.0,189.09582396508804,0.0,0.0,0.0,0.0,0.0,0.0,0.0,0.0,0.0,0.8503748390013753,0.0,升壓,高18-24,False,0.4,2.0,0.4,0.2,0.3,3.0,0.2,0.5,0.25,5.0,0.2,,0.0,0.0,0.3333333333333333,0.3333333333333333,0.2,0.2,0.2,0.1,1.0
2022-04-13,17080.0,17321.0,17071.0,17235.0,17071.0,17298.0,17071.0,250.0,186.51526930174632,1.0,0.0,1.0,0.0,1.0,1.0,1.0,0.0,0.0,0.9336468712772901,0.0,升壓,高18-24,False,0.4,2.0,0.4,0.2,0.3,3.0,0.2,0.4,0.25,5.0,0.2,,1.0,1.0,0.3333333333333333,0.3333333333333333,0.2,0.2,0.2,0.1,1.0
2022-04-14,17349.0,17352.0,17251.0,17352.0,17256.0,17352.0,17256.0,101.0,192.56143413015144,0.0,0.0,0.0,0.0,0.0,0.0,0.0,0.0,0.0,0.5439699331601804,1.0,降壓,高18-24,False,0.6,3.0,0.6,0.2,0.3,3.0,0.3,0.3,0.3,6.0,0.25,,0.0,0.0,0.0,0.0,0.0,0.0,0.1,0.0,0.0
2022-04-15,17102.0,17117.0,16960.0,17117.0,16975.0,17117.0,16965.0,157.0,183.8412975463275,0.0,0.0,0.0,0.0,0.0,0.0,0.0,0.0,0.0,1.315403758550288,0.0,升壓,高18-24,False,0.4,2.0,0.4,0.4,0.3,3.0,0.3,0.3,0.25,5.0,0.2,,0.0,0.0,0.0,0.0,0.0,0.0,0.1,0.0,0.0
2022-04-18,16908.0,16995.0,16813.0,16995.0,16842.0,16995.0,16813.0,182.0,181.2849834942963,0.0,0.0,0.0,0.0,0.0,0.0,0.0,0.0,0.0,0.4572818988279135,1.0,升壓,高18-24,False,0.4,2.0,0.4,0.2,0.3,3.0,0.3,0.3,0.2,4.0,0.15,,0.0,0.0,0.0,0.0,0.0,0.0,0.1,0.0,0.0
2022-04-19,17065.0,17122.0,16988.0,17122.0,17005.0,17122.0,17005.0,134.0,181.35308030436332,0.0,0.0,0.0,0.0,0.0,0.0,0.0,0.0,0.0,1.1525896781356673,0.0,升壓,高18-24,False,0.2,1.0,0.2,0.4,0.3,3.0,0.3,0.3,0.2,4.0,0.15,0.6,0.0,0.0,0.0,0.0,0.2,0.0,0.1,0.0,0.0
2022-04-20,17018.0,17082.0,16951.0,17058.0,16951.0,17058.0,16951.0,131.0,176.84326313251918,0.0,0.0,0.0,0.0,0.0,0.0,0.0,0.0,0.0,0.9795789844654634,0.0,升壓,高18-24,False,0.2,1.0,0.2,0.4,0.3,3.0,0.3,0.3,0.2,4.0,0.15,0.55,0.0,0.0,0.0,0.0,0.2,0.0,0.1,0.0,0.0
2022-04-21,17180.0,17222.0,17090.0,17222.0,17153.0,17222.0,17117.0,132.0,172.47723807227925,0.0,0.0,0.0,0.0,0.0,0.0,0.0,0.0,0.0,0.7201449236956459,1.0,降壓,低<18,False,0.0,0.0,0.0,0.4,0.3,3.0,0.3,0.3,0.2,4.0,0.15,0.5,0.0,0.0,0.3333333333333333,0.0,0.2,0.0,0.1,0.0,0.0
2022-04-22,16862.0,16999.0,16823.0,16950.0,16823.0,16956.0,16823.0,176.0,168.62226301777648,0.0,0.0,0.0,0.0,0.0,0.0,0.0,0.0,0.0,1.5930951840183596,0.0,降壓,低<18,False,0.0,0.0,0.0,0.4,0.2,2.0,0.2,0.4,0.2,4.0,0.15,0.5,0.0,0.0,0.3333333333333333,0.0,0.2,0.0,0.1,0.0,0.0
2022-04-25,16686.0,16734.0,16508.0,16734.0,16510.0,16734.0,16510.0,226.0,169.3249046351311,0.0,1.0,0.0,0.0,1.0,0.0,1.0,0.0,1.0,1.9201976773106142,0.0,升壓,高18-24,False,0.0,0.0,0.0,0.4,0.2,2.0,0.2,0.3,0.2,4.0,0.15,0.45,1.0,0.0,0.3333333333333333,0.0,0.2,0.0,0.1,0.0,1.0
2022-04-26,16648.0,16663.0,16533.0,16663.0,16533.0,16663.0,16533.0,130.0,174.72253276511861,0.0,0.0,0.0,0.0,0.0,0.0,0.0,0.0,0.0,0.9138930371530781,0.0,升壓,高18-24,False,0.2,1.0,0.0,0.2,0.2,2.0,0.1,0.3,0.25,5.0,0.15,0.4,0.0,0.0,0.0,0.0,0.0,0.0,0.1,0.1,0.0
2022-04-27,16221.0,16344.0,16160.0,16318.0,16175.0,16336.0,16160.0,184.0,170.4632439303454,0.0,0.0,0.0,0.0,0.0,0.0,0.0,0.0,0.0,2.0366128913156807,0.0,升壓,高18-24,False,0.2,1.0,0.0,0.2,0.2,2.0,0.1,0.3,0.25,5.0,0.15,0.35,0.0,0.0,0.0,0.0,0.0,0.0,0.1,0.1,0.0
2022-04-28,16317.0,16416.0,16220.0,16348.0,16220.0,16416.0,16220.0,196.0,171.75245879412205,0.0,0.0,0.0,0.0,0.0,0.0,0.0,0.0,0.0,0.7719423727983121,1.0,升壓,高18-24,False,0.2,1.0,0.0,0.2,0.1,1.0,0.0,0.3,0.2,4.0,0.15,0.3,0.0,0.0,0.0,0.0,0.0,0.0,0.2,0.1,1.0
2022-04-29,16555.0,16635.0,16495.0,16635.0,16539.0,16635.0,16495.0,140.0,174.06174843277708,0.0,0.0,0.0,0.0,0.0,0.0,0.0,0.0,0.0,1.6512251278580121,0.0,升壓,高18-24,False,0.2,1.0,0.0,0.2,0.1,1.0,0.0,0.3,0.2,4.0,0.15,0.3,0.0,0.0,0.0,0.0,0.0,0.0,0.2,0.1,0.0
2022-05-03,16487.0,16570.0,16434.0,16570.0,16457.0,16570.0,16449.0,136.0,170.81777239156023,0.0,0.0,0.0,0.0,0.0,0.0,0.0,0.0,0.0,1.187881367326131,0.0,升壓,高18-24,False,0.2,1.0,0.0,0.2,0.1,1.0,0.0,0.3,0.2,4.0,0.15,0.3,0.0,0.0,0.0,0.0,0.0,0.0,0.2,0.1,0.0
2022-05-04,16505.0,16589.0,16489.0,16589.0,16500.0,16589.0,16489.0,100.0,167.5017940685545,0.0,0.0,0.0,0.0,0.0,0.0,0.0,0.0,0.0,0.5812469551813193,1.0,升壓,高18-24,False,0.0,0.0,0.0,0.2,0.1,1.0,0.0,0.2,0.2,4.0,0.15,0.25,0.0,0.0,0.0,0.0,0.2,0.2,0.2,0.1,0.0
2022-05-05,16753.0,16776.0,16645.0,16776.0,16695.0,16776.0,16660.0,131.0,161.07305177631122,0.0,0.0,0.0,0.0,0.0,0.0,0.0,0.0,0.0,1.7316989445480437,0.0,降壓,高18-24,False,0.0,0.0,0.0,0.4,0.1,1.0,0.0,0.3,0.2,4.0,0.15,0.3,0.0,0.0,0.0,0.0,0.2,0.2,0.2,0.1,0.0
2022-05-06,16310.0,16380.0,16266.0,16346.0,16266.0,16346.0,16266.0,114.0,158.20895160713872,0.0,0.0,0.0,0.0,0.0,0.0,0.0,0.0,0.0,1.6144986632079965,0.0,升壓,高18-24,False,0.0,0.0,0.0,0.4,0.1,1.0,0.0,0.3,0.2,4.0,0.15,0.3,0.0,0.0,0.3333333333333333,0.3333333333333333,0.4,0.2,0.2,0.1,0.0
2022-05-09,16156.0,16194.0,16015.0,16194.0,16058.0,16194.0,16034.0,179.0,153.9985752636017,0.0,0.0,0.0,0.0,0.0,0.0,0.0,0.0,0.0,0.9657066304415206,0.0,升壓,極高>24,False,0.0,0.0,0.0,0.2,0.1,1.0,0.0,0.2,0.15,3.0,0.1,0.3,0.0,0.0,0.3333333333333333,0.3333333333333333,0.4,0.2,0.2,0.1,0.0
2022-05-10,15809.0,16045.0,15730.0,15996.0,15730.0,16003.0,15730.0,315.0,156.37966333373487,1.0,0.0,1.0,0.0,1.0,1.0,1.0,1.0,1.0,1.0270864219444624,0.0,升壓,高18-24,False,0.0,0.0,0.0,0.2,0.1,1.0,0.0,0.2,0.15,3.0,0.1,0.25,1.0,1.0,0.6666666666666666,0.3333333333333333,0.4,0.2,0.2,0.1,1.0
2022-05-11,15989.0,16058.0,15907.0,15995.0,15907.0,16032.0,15907.0,151.0,171.48636206385535,0.0,0.0,0.0,0.0,0.0,0.0,0.0,0.0,0.0,1.049328978496375,0.0,升壓,高18-24,False,0.2,1.0,0.2,0.2,0.1,1.0,0.1,0.2,0.15,3.0,0.1,0.25,0.0,0.0,0.3333333333333333,0.0,0.2,0.0,0.2,0.1,1.0
2022-05-12,15801.0,15890.0,15608.0,15890.0,15788.0,15890.0,15768.0,282.0,169.53527996253578,0.0,1.0,0.0,0.0,1.0,0.0,0.0,0.0,0.0,1.4283403577889053,0.0,升壓,極高>24,False,0.2,1.0,0.2,0.0,0.1,1.0,0.1,0.2,0.15,3.0,0.1,0.25,1.0,0.0,0.3333333333333333,0.0,0.2,0.0,0.2,0.1,1.0
2022-05-13,15777.0,15854.0,15743.0,15841.0,15743.0,15841.0,15743.0,111.0,180.24620568038952,0.0,0.0,0.0,0.0,0.0,0.0,0.0,0.0,0.0,0.8448318895475243,0.0,升壓,高18-24,False,0.4,2.0,0.2,0.0,0.2,2.0,0.1,0.2,0.15,3.0,0.05,0.25,0.0,0.0,0.0,0.0,0.0,0.0,0.2,0.2,1.0
2022-05-16,15996.0,16044.0,15847.0,16044.0,15898.0,16044.0,15847.0,197.0,173.65132894892386,0.0,0.0,0.0,0.0,0.0,0.0,0.0,0.0,0.0,0.7447804791921524,1.0,升壓,高18-24,False,0.4,2.0,0.2,0.0,0.2,2.0,0.1,0.1,0.15,3.0,0.05,0.2,0.0,0.0,0.0,0.0,0.0,0.0,0.2,0.2,1.0
2022-05-17,15978.0,16096.0,15963.0,16082.0,15963.0,16082.0,15963.0,133.0,175.87501190616922,0.0,0.0,0.0,0.0,0.0,0.0,0.0,0.0,0.0,0.458000737882141,1.0,降壓,高18-24,False,0.4,2.0,0.2,0.2,0.2,2.0,0.1,0.2,0.15,3.0,0.05,0.25,0.0,0.0,0.0,0.0,0.0,0.0,0.3,0.2,0.0
2022-05-18,16138.0,16229.0,16104.0,16175.0,16104.0,16175.0,16104.0,125.0,171.791677438915,0.0,0.0,0.0,0.0,0.0,0.0,0.0,0.0,0.0,0.47422761695023286,1.0,降壓,高18-24,False,0.2,1.0,0.0,0.4,0.2,2.0,0.1,0.3,0.15,3.0,0.05,0.25,0.0,0.0,0.0,0.0,0.2,0.2,0.4,0.3,0.0
2022-05-19,15871.0,15965.0,15820.0,15948.0,15820.0,15960.0,15820.0,145.0,167.33532720663737,0.0,0.0,0.0,0.0,0.0,0.0,0.0,0.0,0.0,1.5022569151450793,0.0,降壓,高18-24,False,0.2,1.0,0.0,0.6,0.2,2.0,0.1,0.3,0.15,3.0,0.05,0.3,0.0,0.0,0.0,0.0,0.2,0.2,0.4,0.3,0.0
2022-05-20,16069.0,16145.0,16013.0,16124.0,16013.0,16140.0,16013.0,132.0,165.20815318695762,0.0,0.0,0.0,0.0,0.0,0.0,0.0,0.0,0.0,1.3375170030765404,0.0,降壓,高18-24,False,0.0,0.0,0.0,0.6,0.2,2.0,0.1,0.3,0.15,3.0,0.05,0.3,0.0,0.0,0.3333333333333333,0.3333333333333333,0.4,0.4,0.4,0.3,0.0
2022-05-23,16220.0,16263.0,16076.0,16263.0,16076.0,16263.0,16076.0,187.0,162.04547193105688,0.0,0.0,0.0,0.0,0.0,0.0,0.0,0.0,0.0,1.5795967234321788,0.0,降壓,高18-24,False,0.0,0.0,0.0,0.6,0.2,2.0,0.1,0.3,0.15,3.0,0.05,0.25,0.0,0.0,0.3333333333333333,0.3333333333333333,0.4,0.4,0.4,0.3,0.0
2022-05-24,16131.0,16156.0,15914.0,16156.0,16050.0,16156.0,15992.0,242.0,164.4220936519086,0.0,1.0,0.0,1.0,1.0,1.0,0.0,0.0,0.0,0.5979832327743247,1.0,升壓,高18-24,False,0.0,0.0,0.0,0.4,0.2,2.0,0.1,0.3,0.15,3.0,0.05,0.25,1.0,1.0,0.6666666666666666,0.6666666666666666,0.6,0.4,0.4,0.3,1.0
2022-05-25,15996.0,16146.0,15968.0,16078.0,15968.0,16078.0,15968.0,178.0,171.81046568506017,0.0,0.0,0.0,0.0,0.0,0.0,0.0,0.0,0.0,0.7845402714648263,1.0,升壓,高18-24,False,0.2,1.0,0.2,0.4,0.2,2.0,0.1,0.4,0.15,3.0,0.1,0.3,0.0,0.0,0.3333333333333333,0.3333333333333333,0.6,0.4,0.3,0.2,1.0
2022-05-26,16153.0,16184.0,15928.0,16184.0,16040.0,16184.0,15962.0,256.0,172.39994514362587,0.0,1.0,0.0,1.0,1.0,1.0,1.0,0.0,0.0,1.0267834280300319,0.0,升壓,高18-24,False,0.2,1.0,0.2,0.4,0.2,2.0,0.1,0.5,0.15,3.0,0.1,0.35,1.0,1.0,0.6666666666666666,0.3333333333333333,0.6,0.4,0.3,0.2,1.0
2022-05-27,16110.0,16245.0,16100.0,16232.0,16100.0,16234.0,16100.0,145.0,180.36185512994723,0.0,0.0,0.0,0.0,0.0,0.0,0.0,0.0,0.0,0.8839317915229626,0.0,升壓,高18-24,False,0.4,2.0,0.4,0.4,0.2,2.0,0.2,0.5,0.2,4.0,0.15,0.35,0.0,0.0,0.6666666666666666,0.3333333333333333,0.4,0.2,0.2,0.1,1.0
2022-05-30,16400.0,16584.0,16391.0,16541.0,16391.0,16541.0,16391.0,193.0,176.99405940328558,1.0,0.0,0.0,0.0,1.0,0.0,0.0,0.0,0.0,0.6875477640565921,1.0,升壓,高18-24,False,0.4,2.0,0.4,0.4,0.2,2.0,0.2,0.5,0.2,4.0,0.15,0.3,1.0,0.0,0.6666666666666666,0.3333333333333333,0.4,0.2,0.2,0.1,1.0
2022-05-31,16492.0,16716.0,16460.0,16564.0,16460.0,16609.0,16460.0,256.0,178.51843469821077,1.0,0.0,1.0,0.0,1.0,1.0,0.0,0.0,0.0,0.3764622714123133,1.0,升壓,高18-24,False,0.6,3.0,0.4,0.6,0.3,3.0,0.2,0.5,0.25,5.0,0.15,0.35,1.0,1.0,0.3333333333333333,0.3333333333333333,0.2,0.2,0.1,0.1,1.0
2022-06-01,16647.0,16755.0,16592.0,16755.0,16621.0,16755.0,16621.0,163.0,185.89763139361926,0.0,0.0,0.0,0.0,0.0,0.0,0.0,0.0,0.0,0.6121160609898584,1.0,升壓,高18-24,False,0.6,3.0,0.4,0.6,0.4,4.0,0.3,0.5,0.3,6.0,0.2,0.4,0.0,0.0,0.0,0.0,0.0,0.0,0.0,0.0,1.0
2022-06-02,16536.0,16585.0,16471.0,16560.0,16471.0,16563.0,16471.0,114.0,183.71690459422695,0.0,0.0,0.0,0.0,0.0,0.0,0.0,0.0,0.0,0.9925073097617283,0.0,降壓,高18-24,False,0.6,3.0,0.4,0.6,0.4,4.0,0.3,0.5,0.3,6.0,0.2,0.4,0.0,0.0,0.0,0.0,0.0,0.0,0.1,0.1,0.0
2022-06-06,16590.0,16648.0,16463.0,16646.0,16463.0,16646.0,16463.0,185.0,177.07719939477676,0.0,0.0,0.0,0.0,0.0,0.0,0.0,0.0,0.0,0.8660061198494343,0.0,降壓,高18-24,False,0.4,2.0,0.2,0.6,0.4,4.0,0.3,0.5,0.3,6.0,0.2,0.4,0.0,0.0,0.0,0.0,0.0,0.0,0.1,0.1,0.0
2022-06-07,16520.0,16531.0,16406.0,16531.0,16406.0,16531.0,16406.0,125.0,177.83175183336945,0.0,0.0,0.0,0.0,0.0,0.0,0.0,0.0,0.0,0.9564953034128288,0.0,降壓,高18-24,False,0.4,2.0,0.2,0.6,0.4,4.0,0.3,0.5,0.3,6.0,0.2,0.4,0.0,0.0,0.0,0.0,0.0,0.0,0.2,0.1,0.0
2022-06-08,16560.0,16693.0,16555.0,16693.0,16555.0,16693.0,16555.0,138.0,172.8001564206676,0.0,0.0,0.0,0.0,0.0,0.0,0.0,0.0,0.0,0.7614126994457646,1.0,降壓,低<18,False,0.2,1.0,0.2,0.4,0.4,4.0,0.3,0.5,0.3,6.0,0.2,0.4,0.0,0.0,0.0,0.0,0.0,0.0,0.3,0.1,0.0
2022-06-09,16573.0,16606.0,16524.0,16599.0,16524.0,16603.0,16524.0,82.0,169.48585580917546,0.0,0.0,0.0,0.0,0.0,0.0,0.0,0.0,0.0,0.7994852984961691,1.0,降壓,低<18,False,0.0,0.0,0.0,0.4,0.3,3.0,0.2,0.5,0.25,5.0,0.15,0.45,0.0,0.0,0.0,0.0,0.0,0.0,0.4,0.2,0.0
2022-06-10,16380.0,16486.0,16350.0,16447.0,16350.0,16483.0,16350.0,136.0,161.15386954163495,0.0,0.0,0.0,0.0,0.0,0.0,0.0,0.0,0.0,1.4224439730503056,0.0,降壓,低<18,False,0.0,0.0,0.0,0.4,0.3,3.0,0.2,0.5,0.25,5.0,0.15,0.5,0.0,0.0,0.0,0.0,0.2,0.2,0.5,0.3,0.0
2022-06-13,16115.0,16120.0,15993.0,16120.0,15993.0,16120.0,15993.0,127.0,158.7582629186221,0.0,0.0,0.0,0.0,0.0,0.0,0.0,0.0,0.0,1.2875787070179978,0.0,升壓,高18-24,False,0.0,0.0,0.0,0.4,0.2,2.0,0.1,0.5,0.2,4.0,0.15,0.5,0.0,0.0,0.0,0.0,0.2,0.2,0.5,0.3,0.0
2022-06-14,15950.0,16068.0,15841.0,15974.0,15841.0,15974.0,15841.0,227.0,155.73366645018191,0.0,0.0,0.0,0.0,0.0,0.0,0.0,0.0,0.0,1.3018297613549,0.0,升壓,高18-24,False,0.0,0.0,0.0,0.4,0.2,2.0,0.1,0.5,0.2,4.0,0.15,0.5,0.0,0.0,0.3333333333333333,0.3333333333333333,0.4,0.2,0.5,0.3,0.0
2022-06-15,16052.0,16096.0,15989.0,16096.0,15999.0,16096.0,15999.0,107.0,162.52093631206935,0.0,0.0,0.0,0.0,0.0,0.0,0.0,0.0,0.0,0.6516140783132566,1.0,升壓,高18-24,False,0.0,0.0,0.0,0.4,0.1,1.0,0.1,0.4,0.2,4.0,0.15,0.45,0.0,0.0,0.3333333333333333,0.3333333333333333,0.6,0.2,0.5,0.3,0.0
2022-06-16,15751.0,15805.0,15382.0,15805.0,15610.0,15805.0,15610.0,423.0,157.23322809187226,0.0,1.0,0.0,1.0,1.0,1.0,0.0,0.0,0.0,,,升壓,高18-24,False,0.0,0.0,0.0,0.4,0.0,0.0,0.0,0.4,0.2,4.0,0.15,0.45,1.0,1.0,0.6666666666666666,0.3333333333333333,0.8,0.4,0.5,0.3,1.0
2022-06-17,15196.0,15300.0,15137.0,15300.0,15184.0,15300.0,15153.0,163.0,182.54434922597966,0.0,0.0,0.0,0.0,0.0,0.0,0.0,0.0,0.0,1.245391085012758,0.0,升壓,高18-24,False,0.2,1.0,0.2,,0.1,1.0,0.1,,0.25,5.0,0.2,,0.0,0.0,0.6666666666666666,0.0,0.8,0.4,0.5,0.3,1.0
2022-06-20,15182.0,15231.0,14966.0,15231.0,15013.0,15231.0,15013.0,265.0,180.6829826330292,0.0,1.0,0.0,0.0,1.0,0.0,0.0,0.0,0.0,0.777893690725472,1.0,升壓,高18-24,False,0.2,1.0,0.2,,0.1,1.0,0.1,,0.25,5.0,0.2,,1.0,0.0,1.0,0.3333333333333333,0.8,0.4,0.6,0.4,1.0
2022-06-21,15164.0,15362.0,15115.0,15247.0,15115.0,15318.0,15115.0,247.0,188.7131747632169,1.0,0.0,0.0,0.0,1.0,0.0,0.0,0.0,0.0,0.6971943515634016,1.0,升壓,高18-24,False,0.4,2.0,0.2,,0.2,2.0,0.1,,0.3,6.0,0.2,,1.0,0.0,1.0,0.6666666666666666,0.6,0.4,0.5,0.4,1.0
2022-06-22,15316.0,15319.0,14984.0,15319.0,15124.0,15319.0,15025.0,335.0,194.26430097624385,0.0,1.0,0.0,1.0,1.0,1.0,1.0,1.0,1.0,0.49700598593980444,1.0,升壓,高18-24,False,0.6,3.0,0.2,,0.3,3.0,0.1,,0.35,7.0,0.2,,1.0,1.0,0.6666666666666666,0.6666666666666666,0.4,0.4,0.5,0.5,1.0
2022-06-23,15059.0,15145.0,14804.0,15145.0,14846.0,15145.0,14828.0,341.0,207.66770088326822,0.0,1.0,0.0,1.0,1.0,1.0,1.0,0.0,1.0,1.513309186524047,0.0,升壓,高18-24,False,0.8,4.0,0.4,,0.4,4.0,0.2,,0.35,7.0,0.2,,1.0,1.0,0.3333333333333333,0.3333333333333333,0.2,0.2,0.5,0.5,1.0
2022-06-24,15006.0,15142.0,14959.0,15138.0,15006.0,15142.0,15001.0,183.0,220.36601508486171,0.0,0.0,0.0,0.0,0.0,0.0,0.0,0.0,0.0,0.9652025658949515,0.0,升壓,高18-24,False,0.8,4.0,0.4,0.6,0.5,5.0,0.3,,0.4,8.0,0.25,,0.0,0.0,0.0,0.0,0.2,0.2,0.4,0.4,1.0
2022-06-27,15205.0,15400.0,15201.0,15361.0,15201.0,15400.0,15201.0,199.0,216.80734698154154,0.0,0.0,0.0,0.0,0.0,0.0,0.0,0.0,0.0,1.1449453465171053,0.0,升壓,高18-24,False,0.8,4.0,0.4,0.6,0.5,5.0,0.3,,0.35,7.0,0.2,,0.0,0.0,0.0,0.0,0.4,0.4,0.4,0.4,1.0
2022-06-28,15299.0,15304.0,15096.0,15304.0,15096.0,15304.0,15096.0,208.0,215.11140917377568,0.0,0.0,0.0,0.0,0.0,0.0,0.0,0.0,0.0,0.7263695299849262,1.0,升壓,高18-24,False,0.6,3.0,0.4,0.4,0.5,5.0,0.3,,0.35,7.0,0.2,,0.0,0.0,0.3333333333333333,0.3333333333333333,0.4,0.4,0.4,0.4,1.0
2022-06-29,15020.0,15114.0,14980.0,15114.0,14980.0,15114.0,14980.0,134.0,214.43413210960657,0.0,0.0,0.0,0.0,0.0,0.0,0.0,0.0,0.0,1.2923885464276026,0.0,升壓,高18-24,False,0.4,2.0,0.4,0.4,0.5,5.0,0.3,,0.3,6.0,0.2,,0.0,0.0,0.6666666666666666,0.6666666666666666,0.6,0.6,0.5,0.4,0.0
2022-06-30,14931.0,14945.0,14610.0,14945.0,14680.0,14945.0,14674.0,335.0,206.77373857535832,0.0,1.0,0.0,1.0,1.0,1.0,1.0,1.0,1.0,0.5268053433026709,1.0,升壓,極高>24,False,0.2,1.0,0.2,0.2,0.5,5.0,0.3,,0.25,5.0,0.15,,1.0,1.0,0.6666666666666666,0.6666666666666666,0.8,0.8,0.5,0.4,1.0
2022-07-01,14656.0,14702.0,14128.0,14702.0,14454.0,14702.0,14275.0,574.0,218.98576347294323,0.0,1.0,0.0,1.0,1.0,1.0,1.0,1.0,0.0,1.249057015565477,0.0,升壓,極高>24,False,0.2,1.0,0.2,0.4,0.5,5.0,0.3,0.5,0.3,6.0,0.2,,1.0,1.0,0.6666666666666666,0.6666666666666666,0.6,0.6,0.4,0.3,1.0
2022-07-04,14236.0,14312.0,14025.0,14312.0,14093.0,14312.0,14065.0,287.0,252.79664314218672,0.0,0.0,0.0,0.0,0.0,0.0,0.0,0.0,0.0,0.7727402637721942,1.0,升壓,極高>24,False,0.4,2.0,0.4,0.4,0.6,6.0,0.4,0.5,0.35,7.0,0.25,,0.0,0.0,0.6666666666666666,0.6666666666666666,0.4,0.4,0.3,0.2,1.0
2022-07-05,14350.0,14430.0,13975.0,14430.0,14082.0,14430.0,13975.0,455.0,256.0541057000737,0.0,1.0,0.0,1.0,1.0,1.0,1.0,1.0,1.0,0.7846390036768679,1.0,升壓,極高>24,False,0.4,2.0,0.4,0.6,0.5,5.0,0.4,0.5,0.35,7.0,0.25,,1.0,1.0,0.6666666666666666,0.6666666666666666,0.4,0.4,0.3,0.2,1.0
2022-07-06,14213.0,14239.0,13858.0,14239.0,14030.0,14239.0,13936.0,381.0,275.0013337286381,0.0,1.0,0.0,1.0,1.0,1.0,1.0,0.0,0.0,1.6180540748421564,0.0,升壓,極高>24,False,0.6,3.0,0.6,0.6,0.5,5.0,0.5,0.5,0.4,8.0,0.3,,1.0,1.0,0.3333333333333333,0.3333333333333333,0.4,0.2,0.2,0.1,1.0
2022-07-07,14068.0,14295.0,13832.0,14192.0,13832.0,14293.0,13832.0,463.0,285.09644480210113,0.0,0.0,0.0,0.0,0.0,0.0,0.0,0.0,0.0,0.9569452178756511,0.0,升壓,極高>24,False,0.8,4.0,0.8,0.6,0.5,5.0,0.5,0.4,0.45,9.0,0.35,,0.0,0.0,0.0,0.0,0.2,0.0,0.1,0.0,1.0
2022-07-08,14390.0,14485.0,14264.0,14485.0,14330.0,14485.0,14264.0,221.0,302.03964053523435,0.0,0.0,0.0,0.0,0.0,0.0,0.0,0.0,0.0,1.0916864234663513,0.0,升壓,極高>24,False,0.6,3.0,0.6,0.4,0.4,4.0,0.4,0.4,0.45,9.0,0.35,,0.0,0.0,0.3333333333333333,0.0,0.2,0.0,0.1,0.0,1.0
2022-07-11,14467.0,14496.0,14229.0,14496.0,14257.0,14496.0,14229.0,267.0,294.3215795318787,0.0,0.0,0.0,0.0,0.0,0.0,0.0,0.0,0.0,0.9425928999310217,0.0,升壓,極高>24,False,0.4,2.0,0.4,0.4,0.4,4.0,0.4,0.4,0.45,9.0,0.35,,0.0,0.0,0.3333333333333333,0.0,0.2,0.0,0.1,0.0,1.0
2022-07-12,14157.0,14181.0,13850.0,14181.0,13931.0,14181.0,13850.0,331.0,291.71952433836645,0.0,1.0,0.0,0.0,1.0,0.0,1.0,0.0,0.0,0.807363641190733,0.0,升壓,極高>24,False,0.4,2.0,0.4,0.2,0.4,4.0,0.4,0.4,0.45,9.0,0.35,,1.0,0.0,0.3333333333333333,0.0,0.2,0.0,0.1,0.0,1.0
2022-07-13,14240.0,14356.0,14203.0,14332.0,14203.0,14344.0,14203.0,153.0,295.46052202042677,0.0,0.0,0.0,0.0,0.0,0.0,0.0,0.0,0.0,1.992276533039731,0.0,升壓,極高>24,False,0.4,2.0,0.2,0.0,0.5,5.0,0.4,0.3,0.5,10.0,0.35,,0.0,0.0,0.0,0.0,0.0,0.0,0.0,0.0,0.0
2022-07-14,14237.0,14437.0,14122.0,14367.0,14122.0,14437.0,14122.0,315.0,281.8928532565766,0.0,0.0,0.0,0.0,0.0,0.0,0.0,0.0,0.0,1.2835149679993494,0.0,升壓,極高>24,False,0.2,1.0,0.0,0.0,0.5,5.0,0.4,0.3,0.5,10.0,0.35,,0.0,0.0,0.0,0.0,0.0,0.0,0.0,0.0,0.0
2022-07-15,14422.0,14542.0,14333.0,14520.0,14333.0,14520.0,14333.0,209.0,285.04591485118834,0.0,0.0,0.0,0.0,0.0,0.0,0.0,0.0,0.0,0.9680032175203275,0.0,降壓,極高>24,False,0.2,1.0,0.0,0.0,0.4,4.0,0.3,0.2,0.45,9.0,0.3,0.35,0.0,0.0,0.0,0.0,0.0,0.0,0.0,0.0,0.0
2022-07-18,14577.0,14666.0,14535.0,14666.0,14535.0,14666.0,14535.0,131.0,277.8034467701228,0.0,0.0,0.0,0.0,0.0,0.0,0.0,0.0,0.0,0.7567122020604591,1.0,降壓,極高>24,False,0.2,1.0,0.0,0.0,0.3,3.0,0.2,0.2,0.45,9.0,0.3,0.35,0.0,0.0,0.0,0.0,0.0,0.0,0.0,0.0,0.0
2022-07-19,14562.0,14697.0,14533.0,14697.0,14533.0,14697.0,14533.0,164.0,263.82216612534916,0.0,0.0,0.0,0.0,0.0,0.0,0.0,0.0,0.0,0.9053270743737826,0.0,降壓,高18-24,False,0.2,1.0,0.0,0.2,0.3,3.0,0.2,0.2,0.4,8.0,0.3,0.35,0.0,0.0,0.0,0.0,0.0,0.0,0.0,0.0,0.0
2022-07-20,14845.0,14907.0,14696.0,14907.0,14838.0,14907.0,14838.0,211.0,254.31529316103018,0.0,0.0,0.0,0.0,0.0,0.0,0.0,0.0,0.0,0.8617641659095746,0.0,降壓,高18-24,False,0.0,0.0,0.0,0.2,0.2,2.0,0.1,0.1,0.35,7.0,0.3,0.3,0.0,0.0,0.0,0.0,0.0,0.0,0.0,0.0,0.0
2022-07-21,14600.0,14771.0,14573.0,14671.0,14573.0,14695.0,14573.0,198.0,250.190027145694,0.0,0.0,0.0,0.0,0.0,0.0,0.0,0.0,0.0,,,降壓,高18-24,False,0.0,0.0,0.0,0.2,0.1,1.0,0.0,0.1,0.3,6.0,0.25,0.25,0.0,0.0,0.0,0.0,0.0,0.0,0.0,0.0,0.0
2022-07-22,14796.0,14848.0,14725.0,14848.0,14735.0,14848.0,14725.0,123.0,245.2195483699136,0.0,0.0,0.0,0.0,0.0,0.0,0.0,0.0,0.0,0.7730506533713789,1.0,降壓,高18-24,False,0.0,0.0,0.0,,0.1,1.0,0.0,,0.25,5.0,0.2,,0.0,0.0,0.0,0.0,0.0,0.0,0.1,0.0,0.0
2022-07-25,14750.0,14845.0,14688.0,14793.0,14688.0,14805.0,14688.0,157.0,233.5795913823028,0.0,0.0,0.0,0.0,0.0,0.0,0.0,0.0,0.0,0.8340247083327972,0.0,降壓,高18-24,False,0.0,0.0,0.0,,0.1,1.0,0.0,,0.25,5.0,0.2,,0.0,0.0,0.0,0.0,0.0,0.0,0.2,0.1,0.0
2022-07-26,14755.0,14788.0,14650.0,14788.0,14650.0,14788.0,14650.0,138.0,226.28629696494062,0.0,0.0,0.0,0.0,0.0,0.0,0.0,0.0,0.0,0.45592188275492074,1.0,降壓,高18-24,False,0.0,0.0,0.0,,0.1,1.0,0.0,,0.25,5.0,0.2,,0.0,0.0,0.0,0.0,0.0,0.0,0.2,0.1,0.0
2022-07-27,14670.0,14800.0,14615.0,14747.0,14632.0,14747.0,14615.0,185.0,217.87807820637485,0.0,0.0,0.0,0.0,0.0,0.0,0.0,0.0,0.0,0.7787475569271527,1.0,降壓,高18-24,False,0.0,0.0,0.0,,0.0,0.0,0.0,,0.25,5.0,0.2,,0.0,0.0,0.0,0.0,0.0,0.0,0.2,0.1,0.0
2022-07-28,14922.0,14949.0,14786.0,14949.0,14786.0,14949.0,14786.0,163.0,214.74683266291058,0.0,0.0,0.0,0.0,0.0,0.0,0.0,0.0,0.0,1.0411040578040218,0.0,降壓,高18-24,False,0.0,0.0,0.0,,0.0,0.0,0.0,,0.25,5.0,0.2,,0.0,0.0,0.0,0.0,0.0,0.0,0.2,0.1,0.0
2022-07-29,14936.0,14990.0,14870.0,14990.0,14913.0,14990.0,14913.0,120.0,209.81856288549054,0.0,0.0,0.0,0.0,0.0,0.0,0.0,0.0,0.0,0.8774990815220247,0.0,降壓,高18-24,False,0.0,0.0,0.0,0.6,0.0,0.0,0.0,,0.2,4.0,0.15,,0.0,0.0,0.0,0.0,0.2,0.0,0.2,0.1,0.0
2022-08-01,14921.0,14940.0,14804.0,14940.0,14804.0,14940.0,14804.0,136.0,201.26441403925335,0.0,0.0,0.0,0.0,0.0,0.0,0.0,0.0,0.0,0.6726193156420005,1.0,降壓,高18-24,False,0.0,0.0,0.0,0.4,0.0,0.0,0.0,,0.15,3.0,0.1,,0.0,0.0,0.0,0.0,0.4,0.2,0.2,0.1,0.0
2022-08-02,14767.0,14778.0,14589.0,14778.0,14589.0,14778.0,14589.0,189.0,195.04875555932446,0.0,0.0,0.0,0.0,0.0,0.0,0.0,0.0,0.0,0.8442273475142884,0.0,升壓,極高>24,False,0.0,0.0,0.0,0.6,0.0,0.0,0.0,,0.15,3.0,0.1,,0.0,0.0,0.3333333333333333,0.0,0.4,0.2,0.2,0.1,0.0
2022-08-03,14627.0,14727.0,14594.0,14727.0,14594.0,14727.0,14594.0,133.0,194.47268360129357,0.0,0.0,0.0,0.0,0.0,0.0,0.0,0.0,0.0,1.048624534795045,0.0,升壓,極高>24,False,0.0,0.0,0.0,0.4,0.0,0.0,0.0,,0.1,2.0,0.05,,0.0,0.0,0.6666666666666666,0.3333333333333333,0.4,0.2,0.2,0.1,0.0
2022-08-04,14686.0,14722.0,14461.0,14722.0,14631.0,14722.0,14574.0,261.0,188.61814230593228,0.0,1.0,0.0,0.0,1.0,0.0,0.0,0.0,0.0,0.7407547864030347,1.0,升壓,極高>24,False,0.0,0.0,0.0,0.2,0.0,0.0,0.0,,0.05,1.0,0.0,,1.0,0.0,0.6666666666666666,0.3333333333333333,0.4,0.2,0.2,0.1,0.0
2022-08-05,14780.0,15020.0,14777.0,14967.0,14777.0,14989.0,14777.0,243.0,195.51165256251016,1.0,0.0,1.0,0.0,1.0,1.0,1.0,0.0,0.0,0.6329225253623277,1.0,升壓,高18-24,False,0.2,1.0,0.0,0.4,0.1,1.0,0.0,0.5,0.1,2.0,0.0,,1.0,1.0,0.3333333333333333,0.3333333333333333,0.2,0.2,0.1,0.1,1.0
2022-08-08,14937.0,14987.0,14888.0,14964.0,14888.0,14978.0,14888.0,99.0,200.03435231846157,0.0,0.0,0.0,0.0,0.0,0.0,0.0,0.0,0.0,0.5783412619679178,1.0,降壓,高18-24,False,0.4,2.0,0.2,0.6,0.2,2.0,0.1,0.5,0.15,3.0,0.05,,0.0,0.0,0.0,0.0,0.0,0.0,0.0,0.0,0.0
2022-08-09,14894.0,15065.0,14853.0,14935.0,14853.0,15054.0,14853.0,212.0,190.41203305003665,0.0,0.0,0.0,0.0,0.0,0.0,0.0,0.0,0.0,0.8137368414875202,0.0,降壓,高18-24,False,0.4,2.0,0.2,0.6,0.2,2.0,0.1,0.6,0.15,3.0,0.05,,0.0,0.0,0.0,0.0,0.0,0.0,0.0,0.0,0.0
2022-08-10,14874.0,14945.0,14832.0,14925.0,14832.0,14925.0,14832.0,113.0,192.46802990241412,0.0,0.0,0.0,0.0,0.0,0.0,0.0,0.0,0.0,0.8727000938274697,0.0,降壓,高18-24,False,0.4,2.0,0.2,0.6,0.2,2.0,0.1,0.5,0.1,2.0,0.05,,0.0,0.0,0.0,0.0,0.0,0.0,0.0,0.0,0.0
2022-08-11,15115.0,15191.0,15093.0,15191.0,15093.0,15191.0,15093.0,98.0,184.8996461021842,0.0,0.0,0.0,0.0,0.0,0.0,0.0,0.0,0.0,1.4979567400786202,0.0,降壓,低<18,False,0.4,2.0,0.2,0.6,0.2,2.0,0.1,0.4,0.1,2.0,0.05,,0.0,0.0,0.0,0.0,0.0,0.0,0.0,0.0,0.0
2022-08-12,15229.0,15309.0,15200.0,15266.0,15200.0,15287.0,15200.0,109.0,176.6234893305476,0.0,0.0,0.0,0.0,0.0,0.0,0.0,0.0,0.0,0.8678587577837013,0.0,降壓,低<18,False,0.2,1.0,0.2,0.4,0.2,2.0,0.1,0.4,0.1,2.0,0.05,,0.0,0.0,0.0,0.0,0.0,0.0,0.0,0.0,0.0
2022-08-15,15369.0,15432.0,15310.0,15395.0,15310.0,15396.0,15310.0,122.0,170.1831570133526,0.0,0.0,0.0,0.0,0.0,0.0,0.0,0.0,0.0,0.8479719765669307,0.0,降壓,低<18,False,0.0,0.0,0.0,0.2,0.2,2.0,0.1,0.4,0.1,2.0,0.05,,0.0,0.0,0.0,0.0,0.0,0.0,0.0,0.0,0.0
2022-08-16,15390.0,15450.0,15385.0,15450.0,15385.0,15450.0,15385.0,65.0,165.59428491684284,0.0,0.0,0.0,0.0,0.0,0.0,0.0,0.0,0.0,0.565245999758782,1.0,降壓,低<18,False,0.0,0.0,0.0,0.0,0.2,2.0,0.1,0.3,0.1,2.0,0.05,,0.0,0.0,0.0,0.0,0.0,0.0,0.0,0.0,0.0
2022-08-17,15404.0,15461.0,15396.0,15460.0,15396.0,15460.0,15396.0,65.0,156.01387682952446,0.0,0.0,0.0,0.0,0.0,0.0,0.0,0.0,0.0,0.5437984755791079,1.0,降壓,低<18,False,0.0,0.0,0.0,0.2,0.2,2.0,0.1,0.4,0.1,2.0,0.05,,0.0,0.0,0.0,0.0,0.0,0.0,0.1,0.0,0.0
2022-08-18,15250.0,15325.0,15224.0,15294.0,15224.0,15324.0,15224.0,101.0,147.34588856004595,0.0,0.0,0.0,0.0,0.0,0.0,0.0,0.0,0.0,,,降壓,低<18,False,0.0,0.0,0.0,0.4,0.2,2.0,0.1,0.5,0.1,2.0,0.05,,0.0,0.0,0.0,0.0,0.0,0.0,0.2,0.1,0.0
2022-08-19,15308.0,15406.0,15275.0,15368.0,15275.0,15406.0,15275.0,131.0,142.93199441147016,0.0,0.0,0.0,0.0,0.0,0.0,0.0,0.0,0.0,0.602745358100937,1.0,降壓,低<18,False,0.0,0.0,0.0,,0.1,1.0,0.1,,0.1,2.0,0.05,,0.0,0.0,0.0,0.0,0.0,0.0,0.3,0.1,0.0
2022-08-22,15171.0,15250.0,15156.0,15229.0,15156.0,15250.0,15156.0,94.0,141.79561399133016,0.0,0.0,0.0,0.0,0.0,0.0,0.0,0.0,0.0,0.9396692734096832,0.0,降壓,低<18,False,0.0,0.0,0.0,,0.0,0.0,0.0,,0.1,2.0,0.05,,0.0,0.0,0.0,0.0,0.0,0.0,0.4,0.2,0.0
2022-08-23,15059.0,15109.0,15022.0,15109.0,15022.0,15109.0,15022.0,87.0,137.2436507540606,0.0,0.0,0.0,0.0,0.0,0.0,0.0,0.0,0.0,1.2171737416285764,0.0,降壓,高18-24,False,0.0,0.0,0.0,,0.0,0.0,0.0,,0.1,2.0,0.05,,0.0,0.0,0.0,0.0,0.0,0.0,0.4,0.2,0.0
2022-08-24,15080.0,15120.0,14987.0,15120.0,15042.0,15120.0,15011.0,133.0,132.4585411584358,0.0,0.0,0.0,0.0,0.0,0.0,0.0,0.0,0.0,0.9960956084131091,0.0,降壓,高18-24,False,0.0,0.0,0.0,,0.0,0.0,0.0,,0.1,2.0,0.05,,0.0,0.0,0.0,0.0,0.2,0.0,0.5,0.2,0.0
2022-08-25,15130.0,15225.0,15116.0,15225.0,15120.0,15225.0,15120.0,109.0,132.5101086671562,0.0,0.0,0.0,0.0,0.0,0.0,0.0,0.0,0.0,0.6666498831816287,1.0,降壓,低<18,False,0.0,0.0,0.0,,0.0,0.0,0.0,,0.1,2.0,0.05,,0.0,0.0,0.0,0.0,0.4,0.2,0.5,0.2,0.0
2022-08-26,15271.0,15318.0,15228.0,15318.0,15253.0,15318.0,15253.0,90.0,130.27105069885562,0.0,0.0,0.0,0.0,0.0,0.0,0.0,0.0,0.0,0.789972787774155,1.0,降壓,低<18,False,0.0,0.0,0.0,0.4,0.0,0.0,0.0,,0.1,2.0,0.05,,0.0,0.0,0.3333333333333333,0.0,0.6,0.2,0.5,0.2,0.0
2022-08-29,14832.0,14898.0,14762.0,14862.0,14762.0,14890.0,14762.0,136.0,126.43571253705984,0.0,0.0,0.0,0.0,0.0,0.0,0.0,0.0,0.0,2.684524249298891,0.0,升壓,高18-24,False,0.0,0.0,0.0,0.4,0.0,0.0,0.0,,0.1,2.0,0.05,,0.0,0.0,0.6666666666666666,0.3333333333333333,0.8,0.4,0.5,0.2,0.0
2022-08-30,14850.0,14994.0,14837.0,14914.0,14837.0,14925.0,14837.0,157.0,127.34659705733986,1.0,0.0,0.0,0.0,1.0,0.0,0.0,0.0,0.0,0.5671937483345532,1.0,升壓,高18-24,False,0.0,0.0,0.0,0.4,0.0,0.0,0.0,,0.1,2.0,0.05,,1.0,0.0,1.0,0.3333333333333333,0.8,0.4,0.5,0.2,0.0
2022-08-31,14849.0,15099.0,14826.0,14938.0,14826.0,15019.0,14826.0,273.0,130.17073067092653,1.0,0.0,1.0,0.0,1.0,1.0,1.0,1.0,0.0,1.9409089037533038,0.0,升壓,高18-24,False,0.2,1.0,0.0,0.6,0.1,1.0,0.0,,0.15,3.0,0.05,,1.0,1.0,1.0,0.6666666666666666,0.8,0.4,0.5,0.3,1.0
2022-09-01,14841.0,14842.0,14675.0,14842.0,14694.0,14842.0,14694.0,167.0,143.7735182260764,0.0,1.0,0.0,0.0,1.0,0.0,1.0,0.0,1.0,0.8723426571436242,0.0,升壓,高18-24,False,0.4,2.0,0.2,0.6,0.2,2.0,0.1,,0.2,4.0,0.1,,1.0,0.0,0.6666666666666666,0.3333333333333333,0.6,0.2,0.4,0.2,1.0
2022-09-02,14776.0,14782.0,14584.0,14782.0,14633.0,14782.0,14628.0,198.0,145.9855641093072,0.0,1.0,0.0,1.0,1.0,1.0,1.0,0.0,1.0,1.278303156483285,0.0,升壓,高18-24,False,0.6,3.0,0.2,0.4,0.3,3.0,0.1,0.4,0.2,4.0,0.1,,1.0,1.0,0.6666666666666666,0.3333333333333333,0.4,0.2,0.3,0.2,1.0
2022-09-05,14590.0,14719.0,14561.0,14719.0,14578.0,14719.0,14561.0,158.0,150.9393199084208,0.0,0.0,0.0,0.0,0.0,0.0,0.0,0.0,0.0,1.335535371474989,0.0,升壓,高18-24,False,0.8,4.0,0.4,0.2,0.4,4.0,0.2,0.3,0.2,4.0,0.1,,0.0,0.0,0.3333333333333333,0.0,0.2,0.0,0.3,0.1,1.0
2022-09-06,14720.0,14770.0,14555.0,14770.0,14610.0,14770.0,14555.0,215.0,151.61176563142834,0.0,1.0,0.0,0.0,1.0,0.0,1.0,0.0,0.0,0.3089706416487703,1.0,升壓,高18-24,False,0.8,4.0,0.4,0.2,0.4,4.0,0.2,0.3,0.2,4.0,0.1,,1.0,0.0,0.3333333333333333,0.0,0.2,0.0,0.3,0.1,1.0
2022-09-07,14445.0,14455.0,14331.0,14455.0,14331.0,14455.0,14331.0,124.0,157.64874033319708,0.0,0.0,0.0,0.0,0.0,0.0,0.0,0.0,0.0,1.07333590237771,0.0,升壓,高18-24,False,0.8,4.0,0.4,0.2,0.5,5.0,0.2,0.4,0.25,5.0,0.1,,0.0,0.0,0.0,0.0,0.2,0.2,0.2,0.1,1.0
2022-09-08,14459.0,14552.0,14389.0,14474.0,14389.0,14496.0,14389.0,163.0,154.44409839670212,0.0,0.0,0.0,0.0,0.0,0.0,0.0,0.0,0.0,1.2146203428155122,0.0,升壓,高18-24,False,0.6,3.0,0.2,0.2,0.5,5.0,0.2,0.4,0.25,5.0,0.1,,0.0,0.0,0.0,0.0,0.2,0.2,0.3,0.1,1.0
2022-09-12,14775.0,14824.0,14731.0,14824.0,14731.0,14824.0,14731.0,93.0,155.25894616844477,0.0,0.0,0.0,0.0,0.0,0.0,0.0,0.0,0.0,0.9473742790062987,0.0,升壓,高18-24,False,0.4,2.0,0.2,0.2,0.5,5.0,0.2,0.3,0.25,5.0,0.1,,0.0,0.0,0.3333333333333333,0.3333333333333333,0.2,0.2,0.4,0.1,0.0
2022-09-13,14884.0,14928.0,14827.0,14928.0,14866.0,14928.0,14842.0,101.0,149.329522723831,0.0,0.0,0.0,0.0,0.0,0.0,0.0,0.0,0.0,0.5981432585192114,1.0,升壓,高18-24,False,0.2,1.0,0.0,0.2,0.5,5.0,0.2,0.2,0.25,5.0,0.1,,0.0,0.0,0.3333333333333333,0.3333333333333333,0.4,0.2,0.5,0.1,0.0
2022-09-14,14458.0,14641.0,14443.0,14625.0,14443.0,14625.0,14443.0,198.0,144.72671103584707,1.0,0.0,1.0,0.0,1.0,1.0,1.0,0.0,1.0,3.0526146523982365,0.0,升壓,高18-24,False,0.2,1.0,0.0,0.4,0.5,5.0,0.2,0.3,0.25,5.0,0.1,,1.0,1.0,0.3333333333333333,0.3333333333333333,0.4,0.2,0.5,0.1,1.0
2022-09-15,14578.0,14715.0,14562.0,14686.0,14562.0,14715.0,14562.0,153.0,149.80035760386164,0.0,0.0,0.0,0.0,0.0,0.0,0.0,0.0,0.0,0.7219729375132475,1.0,升壓,高18-24,False,0.2,1.0,0.2,0.2,0.5,5.0,0.3,0.2,0.3,6.0,0.15,,0.0,0.0,0.3333333333333333,0.0,0.2,0.0,0.5,0.1,1.0
2022-09-16,14500.0,14527.0,14465.0,14527.0,14468.0,14527.0,14465.0,62.0,150.10508545111293,0.0,0.0,0.0,0.0,0.0,0.0,0.0,0.0,0.0,0.9215593021788422,0.0,升壓,高18-24,False,0.2,1.0,0.2,0.4,0.4,4.0,0.2,0.3,0.3,6.0,0.15,,0.0,0.0,0.3333333333333333,0.0,0.4,0.0,0.6,0.1,0.0
2022-09-19,14550.0,14579.0,14406.0,14579.0,14440.0,14579.0,14406.0,173.0,141.7141249319593,0.0,1.0,0.0,0.0,1.0,0.0,1.0,0.0,0.0,0.7087333802286592,1.0,升壓,高18-24,False,0.2,1.0,0.2,0.4,0.3,3.0,0.2,0.3,0.3,6.0,0.15,0.35,1.0,0.0,0.3333333333333333,0.0,0.6,0.0,0.6,0.1,0.0
2022-09-20,14548.0,14569.0,14464.0,14550.0,14469.0,14550.0,14464.0,105.0,144.6937320812965,0.0,0.0,0.0,0.0,0.0,0.0,0.0,0.0,0.0,1.0171455891914907,0.0,升壓,高18-24,False,0.4,2.0,0.2,0.6,0.3,3.0,0.1,0.4,0.35,7.0,0.15,0.35,0.0,0.0,0.3333333333333333,0.0,0.6,0.0,0.6,0.1,0.0
2022-09-21,14476.0,14520.0,14392.0,14520.0,14453.0,14520.0,14453.0,128.0,140.91337664498255,0.0,0.0,0.0,0.0,0.0,0.0,0.0,0.0,0.0,0.9703546136487873,0.0,升壓,高18-24,False,0.4,2.0,0.2,0.4,0.3,3.0,0.1,0.4,0.35,7.0,0.15,0.35,0.0,0.0,0.6666666666666666,0.0,0.6,0.0,0.6,0.1,0.0
2022-09-22,14225.0,14250.0,14088.0,14243.0,14088.0,14245.0,14088.0,162.0,139.6835312502223,0.0,1.0,0.0,0.0,1.0,0.0,1.0,0.0,1.0,,,升壓,高18-24,False,0.2,1.0,0.0,0.4,0.2,2.0,0.1,0.3,0.35,7.0,0.15,0.35,1.0,0.0,1.0,0.0,0.8,0.2,0.6,0.1,0.0
2022-09-23,14212.0,14229.0,14056.0,14229.0,14133.0,14229.0,14124.0,173.0,141.8089092263916,0.0,1.0,0.0,0.0,1.0,0.0,0.0,0.0,0.0,0.7864022307137336,1.0,升壓,高18-24,False,0.4,2.0,0.0,,0.3,3.0,0.1,,0.4,8.0,0.15,,1.0,0.0,0.6666666666666666,0.0,0.8,0.2,0.5,0.1,1.0
2022-09-26,13916.0,13953.0,13740.0,13953.0,13801.0,13953.0,13797.0,213.0,144.77948930006858,0.0,1.0,0.0,0.0,1.0,0.0,0.0,0.0,0.0,1.2878361034209627,0.0,升壓,高18-24,False,0.6,3.0,0.0,,0.4,4.0,0.1,,0.45,9.0,0.15,,1.0,0.0,0.6666666666666666,0.3333333333333333,0.6,0.2,0.4,0.1,1.0
2022-09-27,13843.0,13861.0,13735.0,13861.0,13735.0,13861.0,13735.0,126.0,151.27668079530014,0.0,0.0,0.0,0.0,0.0,0.0,0.0,0.0,0.0,0.6688945442657325,1.0,升壓,高18-24,False,0.6,3.0,0.0,,0.5,5.0,0.1,,0.5,10.0,0.15,,0.0,0.0,0.6666666666666666,0.3333333333333333,0.6,0.2,0.4,0.1,1.0
2022-09-28,13796.0,13849.0,13486.0,13849.0,13493.0,13849.0,13486.0,363.0,148.8693778624144,0.0,1.0,0.0,1.0,1.0,1.0,1.0,1.0,1.0,0.9750694047548504,0.0,升壓,極高>24,False,0.6,3.0,0.0,,0.5,5.0,0.1,,0.5,10.0,0.15,,1.0,1.0,0.6666666666666666,0.3333333333333333,0.6,0.2,0.4,0.1,1.0
2022-09-29,13658.0,13672.0,13471.0,13672.0,13516.0,13672.0,13471.0,201.0,169.26277044694638,0.0,1.0,0.0,0.0,1.0,0.0,1.0,0.0,0.0,1.5708054590806964,0.0,升壓,極高>24,False,0.8,4.0,0.2,,0.5,5.0,0.1,,0.5,10.0,0.2,,1.0,0.0,0.6666666666666666,0.0,0.4,0.0,0.4,0.1,1.0
2022-09-30,13356.0,13458.0,13298.0,13450.0,13298.0,13450.0,13298.0,160.0,172.2853637377134,0.0,0.0,0.0,0.0,0.0,0.0,0.0,0.0,0.0,1.1146026905076711,0.0,升壓,極高>24,False,0.8,4.0,0.2,0.4,0.6,6.0,0.1,,0.5,10.0,0.15,,0.0,0.0,0.3333333333333333,0.0,0.2,0.0,0.3,0.1,1.0
2022-10-03,13248.0,13444.0,13215.0,13444.0,13215.0,13444.0,13215.0,229.0,171.11532909602641,1.0,0.0,0.0,0.0,1.0,0.0,1.0,0.0,1.0,0.8842382311760303,0.0,升壓,極高>24,False,0.6,3.0,0.2,0.2,0.6,6.0,0.1,,0.45,9.0,0.15,,1.0,0.0,0.3333333333333333,0.0,0.2,0.0,0.3,0.1,1.0
2022-10-04,13530.0,13615.0,13489.0,13594.0,13489.0,13594.0,13489.0,126.0,176.62815489640485,0.0,0.0,0.0,0.0,0.0,0.0,0.0,0.0,0.0,1.20868475555578,0.0,升壓,極高>24,False,0.6,3.0,0.2,0.2,0.6,6.0,0.1,,0.45,9.0,0.1,,0.0,0.0,0.0,0.0,0.2,0.0,0.2,0.1,1.0
2022-10-05,13740.0,13884.0,13721.0,13884.0,13721.0,13884.0,13721.0,163.0,171.806425858652,0.0,0.0,0.0,0.0,0.0,0.0,0.0,0.0,0.0,1.2771270336112293,0.0,升壓,高18-24,False,0.6,3.0,0.2,0.0,0.6,6.0,0.1,,0.45,9.0,0.1,,0.0,0.0,0.0,0.0,0.2,0.0,0.2,0.1,1.0
2022-10-06,13932.0,13957.0,13814.0,13957.0,13814.0,13957.0,13814.0,143.0,170.9677186340185,0.0,0.0,0.0,0.0,0.0,0.0,0.0,0.0,0.0,1.043935297616019,0.0,升壓,高18-24,False,0.4,2.0,0.0,0.0,0.6,6.0,0.1,,0.4,8.0,0.1,,0.0,0.0,0.3333333333333333,0.0,0.4,0.2,0.2,0.1,0.0
2022-10-07,13781.0,13818.0,13683.0,13795.0,13743.0,13818.0,13725.0,135.0,168.3041263831596,0.0,0.0,0.0,0.0,0.0,0.0,0.0,0.0,0.0,0.5880482765464131,1.0,升壓,極高>24,False,0.2,1.0,0.0,0.0,0.5,5.0,0.1,0.2,0.4,8.0,0.1,,0.0,0.0,0.3333333333333333,0.0,0.4,0.2,0.2,0.1,0.0
2022-10-11,13251.0,13297.0,13081.0,13297.0,13144.0,13297.0,13124.0,216.0,165.13230482285869,0.0,1.0,0.0,0.0,1.0,0.0,0.0,0.0,0.0,1.705028724829918,0.0,升壓,極高>24,False,0.2,1.0,0.0,0.2,0.4,4.0,0.1,0.2,0.4,8.0,0.1,,1.0,0.0,0.6666666666666666,0.3333333333333333,0.4,0.2,0.3,0.2,1.0
2022-10-12,13049.0,13140.0,12975.0,13110.0,12975.0,13140.0,12975.0,165.0,169.97684722068166,0.0,0.0,0.0,0.0,0.0,0.0,0.0,0.0,0.0,1.0395597805144998,0.0,升壓,極高>24,False,0.2,1.0,0.0,0.2,0.4,4.0,0.1,0.2,0.45,9.0,0.1,,0.0,0.0,0.3333333333333333,0.3333333333333333,0.2,0.2,0.3,0.3,1.0
2022-10-13,13032.0,13085.0,12805.0,13085.0,12888.0,13085.0,12852.0,280.0,169.50286177109294,0.0,1.0,0.0,1.0,1.0,1.0,1.0,0.0,0.0,0.5867027160891772,1.0,升壓,極高>24,False,0.2,1.0,0.0,0.2,0.4,4.0,0.1,0.1,0.45,9.0,0.1,,1.0,1.0,0.3333333333333333,0.3333333333333333,0.2,0.2,0.3,0.3,1.0
2022-10-14,13150.0,13249.0,13074.0,13249.0,13074.0,13249.0,13074.0,175.0,180.02639874527455,0.0,0.0,0.0,0.0,0.0,0.0,0.0,0.0,0.0,2.666023992655657,0.0,升壓,極高>24,False,0.4,2.0,0.2,0.4,0.4,4.0,0.1,0.2,0.45,9.0,0.1,,0.0,0.0,0.0,0.0,0.0,0.0,0.2,0.2,1.0
2022-10-17,12964.0,13009.0,12821.0,13009.0,12821.0,13009.0,12821.0,188.0,179.54769410286744,0.0,0.0,0.0,0.0,0.0,0.0,0.0,0.0,0.0,1.540069231050986,0.0,升壓,極高>24,False,0.4,2.0,0.2,0.4,0.3,3.0,0.1,0.2,0.45,9.0,0.1,,0.0,0.0,0.0,0.0,0.0,0.0,0.2,0.2,1.0
2022-10-18,13158.0,13182.0,12992.0,13182.0,13016.0,13182.0,12992.0,190.0,180.35267561688008,0.0,0.0,0.0,0.0,0.0,0.0,0.0,0.0,0.0,0.9154566078576994,0.0,升壓,極高>24,False,0.4,2.0,0.2,0.2,0.3,3.0,0.1,0.2,0.45,9.0,0.1,,0.0,0.0,0.0,0.0,0.2,0.2,0.2,0.2,1.0
2022-10-19,13125.0,13168.0,12967.0,13168.0,13076.0,13168.0,13032.0,201.0,181.27146841527244,0.0,0.0,0.0,0.0,0.0,0.0,0.0,0.0,0.0,1.0371497265488334,0.0,升壓,極高>24,False,0.2,1.0,0.2,0.2,0.2,2.0,0.1,0.2,0.4,8.0,0.1,,0.0,0.0,0.0,0.0,0.4,0.4,0.2,0.2,1.0
2022-10-20,12815.0,12916.0,12662.0,12819.0,12662.0,12819.0,12662.0,254.0,183.1503761852465,0.0,0.0,0.0,0.0,0.0,0.0,0.0,0.0,0.0,,,升壓,極高>24,False,0.2,1.0,0.2,0.2,0.2,2.0,0.1,0.2,0.4,8.0,0.1,,0.0,0.0,0.3333333333333333,0.3333333333333333,0.4,0.4,0.2,0.2,1.0
2022-10-21,12922.0,12948.0,12794.0,12948.0,12855.0,12948.0,12855.0,154.0,189.89795940569923,0.0,0.0,0.0,0.0,0.0,0.0,0.0,0.0,0.0,0.9940802816466043,0.0,升壓,極高>24,False,0.0,0.0,0.0,,0.2,2.0,0.1,,0.4,8.0,0.1,,0.0,0.0,0.6666666666666666,0.6666666666666666,0.4,0.4,0.2,0.2,1.0
2022-10-24,13100.0,13126.0,12864.0,13126.0,12922.0,13126.0,12908.0,262.0,186.47910612896595,0.0,1.0,0.0,1.0,1.0,1.0,1.0,0.0,0.0,1.3013585453248226,0.0,升壓,極高>24,False,0.0,0.0,0.0,,0.2,2.0,0.1,,0.35,7.0,0.1,,1.0,1.0,0.6666666666666666,0.6666666666666666,0.4,0.4,0.2,0.2,1.0
2022-10-25,12895.0,12946.0,12652.0,12946.0,12663.0,12946.0,12652.0,294.0,193.67157221192159,0.0,1.0,0.0,1.0,1.0,1.0,1.0,1.0,1.0,0.6602115741033713,1.0,升壓,極高>24,False,0.2,1.0,0.2,,0.3,3.0,0.2,,0.35,7.0,0.15,,1.0,1.0,0.3333333333333333,0.3333333333333333,0.2,0.2,0.1,0.1,1.0
2022-10-26,12722.0,12833.0,12664.0,12759.0,12664.0,12833.0,12664.0,169.0,203.22666057269095,0.0,0.0,0.0,0.0,0.0,0.0,0.0,0.0,0.0,0.796739883354622,1.0,升壓,極高>24,False,0.4,2.0,0.4,,0.3,3.0,0.3,,0.35,7.0,0.2,,0.0,0.0,0.0,0.0,0.0,0.0,0.0,0.0,1.0
2022-10-27,12883.0,12984.0,12878.0,12984.0,12878.0,12984.0,12878.0,106.0,199.96697861338706,0.0,0.0,0.0,0.0,0.0,0.0,0.0,0.0,0.0,0.7900238602145181,1.0,降壓,極高>24,False,0.4,2.0,0.4,,0.3,3.0,0.3,,0.35,7.0,0.2,,0.0,0.0,0.0,0.0,0.0,0.0,0.0,0.0,0.0
2022-10-28,12855.0,12915.0,12745.0,12915.0,12832.0,12915.0,12807.0,170.0,191.01774255496923,0.0,0.0,0.0,0.0,0.0,0.0,0.0,0.0,0.0,0.6000283262476054,1.0,降壓,極高>24,False,0.4,2.0,0.4,0.6,0.2,2.0,0.2,,0.3,6.0,0.15,,0.0,0.0,0.0,0.0,0.0,0.0,0.0,0.0,0.0
2022-10-31,12880.0,12997.0,12836.0,12980.0,12836.0,12997.0,12836.0,161.0,189.0160527878293,0.0,0.0,0.0,0.0,0.0,0.0,0.0,0.0,0.0,0.9475895030138167,0.0,降壓,極高>24,False,0.4,2.0,0.4,0.8,0.2,2.0,0.2,,0.25,5.0,0.15,,0.0,0.0,0.0,0.0,0.0,0.0,0.0,0.0,0.0
2022-11-01,12960.0,13095.0,12934.0,13086.0,12934.0,13095.0,12934.0,161.0,186.3478572842265,0.0,0.0,0.0,0.0,0.0,0.0,0.0,0.0,0.0,0.42113664752473995,1.0,降壓,極高>24,False,0.2,1.0,0.2,0.8,0.2,2.0,0.2,,0.25,5.0,0.15,,0.0,0.0,0.0,0.0,0.0,0.0,0.0,0.0,0.0
2022-11-02,13033.0,13103.0,13015.0,13085.0,13015.0,13103.0,13015.0,88.0,183.9337756381097,0.0,0.0,0.0,0.0,0.0,0.0,0.0,0.0,0.0,0.5875248230447896,1.0,降壓,高18-24,False,0.0,0.0,0.0,0.8,0.2,2.0,0.2,,0.2,4.0,0.15,,0.0,0.0,0.0,0.0,0.0,0.0,0.1,0.1,0.0
2022-11-03,12883.0,12983.0,12854.0,12973.0,12854.0,12980.0,12854.0,129.0,174.79722557733734,0.0,0.0,0.0,0.0,0.0,0.0,0.0,0.0,0.0,1.476151544001092,0.0,降壓,高18-24,False,0.0,0.0,0.0,0.8,0.2,2.0,0.2,,0.2,4.0,0.15,,0.0,0.0,0.0,0.0,0.0,0.0,0.1,0.1,0.0
2022-11-04,12880.0,13039.0,12850.0,12967.0,12850.0,12971.0,12850.0,189.0,170.43558504616234,0.0,0.0,0.0,0.0,0.0,0.0,0.0,0.0,0.0,0.6505816784215286,1.0,降壓,高18-24,False,0.0,0.0,0.0,0.6,0.2,2.0,0.2,0.6,0.2,4.0,0.15,,0.0,0.0,0.0,0.0,0.0,0.0,0.1,0.1,0.0
2022-11-07,13156.0,13265.0,13096.0,13198.0,13096.0,13234.0,13096.0,169.0,172.20362456557547,0.0,0.0,0.0,0.0,0.0,0.0,0.0,0.0,0.0,1.0485920110108289,0.0,降壓,高18-24,False,0.0,0.0,0.0,0.6,0.2,2.0,0.2,0.7,0.2,4.0,0.15,,0.0,0.0,0.0,0.0,0.0,0.0,0.1,0.1,0.0
2022-11-08,13312.0,13390.0,13298.0,13389.0,13298.0,13390.0,13298.0,92.0,171.8985174640921,0.0,0.0,0.0,0.0,0.0,0.0,0.0,0.0,0.0,0.5348629502809641,1.0,降壓,高18-24,False,0.0,0.0,0.0,0.6,0.1,1.0,0.1,0.7,0.2,4.0,0.15,,0.0,0.0,0.0,0.0,0.0,0.0,0.1,0.1,0.0
2022-11-09,13467.0,13613.0,13438.0,13577.0,13438.0,13599.0,13438.0,175.0,164.28913484846427,0.0,0.0,0.0,0.0,0.0,0.0,0.0,0.0,0.0,0.9454365604464605,0.0,降壓,高18-24,False,0.0,0.0,0.0,0.6,0.0,0.0,0.0,0.7,0.15,3.0,0.15,,0.0,0.0,0.0,0.0,0.2,0.2,0.1,0.1,0.0
2022-11-10,13543.0,13565.0,13461.0,13565.0,13466.0,13565.0,13461.0,104.0,165.30921724384862,0.0,0.0,0.0,0.0,0.0,0.0,0.0,0.0,0.0,0.977684834593503,0.0,降壓,高18-24,False,0.0,0.0,0.0,0.4,0.0,0.0,0.0,0.6,0.15,3.0,0.15,,0.0,0.0,0.0,0.0,0.2,0.2,0.1,0.1,0.0
2022-11-11,13965.0,14062.0,13896.0,14043.0,13896.0,14043.0,13896.0,166.0,159.4702441730059,0.0,0.0,0.0,0.0,0.0,0.0,0.0,0.0,0.0,3.037825329857437,0.0,降壓,高18-24,False,0.0,0.0,0.0,0.4,0.0,0.0,0.0,0.5,0.1,2.0,0.1,,0.0,0.0,0.3333333333333333,0.3333333333333333,0.2,0.2,0.1,0.1,0.0
2022-11-14,14159.0,14195.0,14080.0,14177.0,14080.0,14195.0,14080.0,115.0,160.09212568033868,0.0,0.0,0.0,0.0,0.0,0.0,0.0,0.0,0.0,0.8251053533453242,0.0,降壓,高18-24,False,0.0,0.0,0.0,0.2,0.0,0.0,0.0,0.4,0.1,2.0,0.1,,0.0,0.0,0.3333333333333333,0.3333333333333333,0.2,0.2,0.1,0.1,0.0
2022-11-15,14237.0,14575.0,14212.0,14550.0,14212.0,14550.0,14212.0,363.0,155.79763752030644,1.0,0.0,1.0,0.0,1.0,1.0,1.0,1.0,1.0,0.4428486370495515,1.0,升壓,極高>24,False,0.0,0.0,0.0,0.2,0.0,0.0,0.0,0.4,0.1,2.0,0.1,,1.0,1.0,0.3333333333333333,0.3333333333333333,0.2,0.2,0.1,0.1,1.0
2022-11-16,14620.0,14652.0,14451.0,14652.0,14451.0,14652.0,14451.0,201.0,175.53119585170583,0.0,0.0,0.0,0.0,0.0,0.0,0.0,0.0,0.0,1.363609276932563,0.0,升壓,極高>24,False,0.2,1.0,0.2,0.2,0.1,1.0,0.1,0.4,0.15,3.0,0.15,,0.0,0.0,0.0,0.0,0.0,0.0,0.1,0.1,1.0
2022-11-17,14471.0,14545.0,14357.0,14494.0,14357.0,14494.0,14357.0,188.0,177.95679624678147,0.0,0.0,0.0,0.0,0.0,0.0,0.0,0.0,0.0,,,升壓,高18-24,False,0.2,1.0,0.2,0.2,0.1,1.0,0.1,0.3,0.15,3.0,0.15,,0.0,0.0,0.0,0.0,0.0,0.0,0.2,0.1,1.0
2022-11-18,14551.0,14681.0,14437.0,14681.0,14470.0,14681.0,14449.0,244.0,178.9132918423261,0.0,0.0,0.0,0.0,0.0,0.0,0.0,0.0,0.0,1.02773013497142,0.0,升壓,高18-24,False,0.2,1.0,0.2,,0.1,1.0,0.1,,0.15,3.0,0.15,,0.0,0.0,0.0,0.0,0.0,0.0,0.2,0.1,1.0
2022-11-21,14492.0,14517.0,14411.0,14517.0,14420.0,14517.0,14415.0,106.0,185.11202595258075,0.0,0.0,0.0,0.0,0.0,0.0,0.0,0.0,0.0,0.5504753602693246,1.0,升壓,高18-24,False,0.2,1.0,0.2,,0.1,1.0,0.1,,0.15,3.0,0.15,,0.0,0.0,0.0,0.0,0.0,0.0,0.2,0.1,1.0
2022-11-22,14457.0,14529.0,14364.0,14475.0,14364.0,14524.0,14364.0,165.0,177.5775472904302,0.0,0.0,0.0,0.0,0.0,0.0,0.0,0.0,0.0,0.4015758709008575,1.0,降壓,高18-24,False,0.2,1.0,0.2,,0.1,1.0,0.1,,0.1,2.0,0.1,,0.0,0.0,0.0,0.0,0.0,0.0,0.2,0.1,0.0
2022-11-23,14615.0,14642.0,14543.0,14637.0,14543.0,14642.0,14543.0,99.0,176.37968564372255,0.0,0.0,0.0,0.0,0.0,0.0,0.0,0.0,0.0,0.6781992119074275,1.0,降壓,高18-24,False,0.0,0.0,0.0,,0.1,1.0,0.1,,0.05,1.0,0.05,,0.0,0.0,0.0,0.0,0.2,0.2,0.3,0.1,0.0
2022-11-24,14690.0,14789.0,14656.0,14719.0,14656.0,14719.0,14656.0,133.0,169.01019177289183,0.0,0.0,0.0,0.0,0.0,0.0,0.0,0.0,0.0,0.5694757323892017,1.0,降壓,高18-24,False,0.0,0.0,0.0,,0.1,1.0,0.1,,0.05,1.0,0.05,,0.0,0.0,0.0,0.0,0.4,0.2,0.4,0.1,0.0
2022-11-25,14769.0,14798.0,14703.0,14798.0,14730.0,14798.0,14704.0,95.0,165.58064969928307,0.0,0.0,0.0,0.0,0.0,0.0,0.0,0.0,0.0,0.40153805495134515,1.0,降壓,高18-24,False,0.0,0.0,0.0,0.8,0.1,1.0,0.1,,0.05,1.0,0.05,,0.0,0.0,0.3333333333333333,0.3333333333333333,0.4,0.2,0.4,0.1,0.0
2022-11-28,14550.0,14588.0,14433.0,14568.0,14433.0,14581.0,14433.0,155.0,158.8586830612561,0.0,0.0,0.0,0.0,0.0,0.0,0.0,0.0,0.0,0.6896882715649748,1.0,降壓,高18-24,False,0.0,0.0,0.0,1.0,0.1,1.0,0.1,,0.05,1.0,0.05,,0.0,0.0,0.6666666666666666,0.3333333333333333,0.4,0.2,0.4,0.1,0.0
2022-11-29,14470.0,14678.0,14431.0,14573.0,14431.0,14626.0,14431.0,247.0,158.49118943637455,1.0,0.0,1.0,0.0,1.0,1.0,1.0,0.0,0.0,1.1803662100954657,0.0,升壓,高18-24,False,0.0,0.0,0.0,1.0,0.1,1.0,0.1,,0.05,1.0,0.05,,1.0,1.0,0.6666666666666666,0.3333333333333333,0.4,0.2,0.4,0.1,1.0
2022-11-30,14640.0,14838.0,14619.0,14737.0,14619.0,14788.0,14619.0,219.0,166.92059996624366,1.0,0.0,0.0,0.0,1.0,0.0,0.0,0.0,0.0,0.7898232404370125,1.0,升壓,高18-24,False,0.2,1.0,0.2,0.8,0.1,1.0,0.1,,0.1,2.0,0.1,,1.0,0.0,0.3333333333333333,0.0,0.4,0.0,0.3,0.0,1.0
2022-12-01,15030.0,15119.0,14927.0,15119.0,15000.0,15119.0,14927.0,192.0,171.8805428266014,0.0,0.0,0.0,0.0,0.0,0.0,0.0,0.0,0.0,2.0210894775450092,0.0,升壓,高18-24,False,0.4,2.0,0.2,0.8,0.2,2.0,0.1,,0.15,3.0,0.1,,0.0,0.0,0.0,0.0,0.4,0.0,0.2,0.0,1.0
2022-12-02,14860.0,14959.0,14842.0,14959.0,14842.0,14959.0,14842.0,117.0,173.79668160502032,0.0,0.0,0.0,0.0,0.0,0.0,0.0,0.0,0.0,0.8079783574896202,0.0,降壓,高18-24,False,0.4,2.0,0.2,0.6,0.2,2.0,0.1,0.7,0.15,3.0,0.1,,0.0,0.0,0.3333333333333333,0.0,0.4,0.0,0.2,0.0,0.0
2022-12-05,14898.0,15046.0,14880.0,15046.0,14880.0,15046.0,14880.0,166.0,168.38747383311363,0.0,0.0,0.0,0.0,0.0,0.0,0.0,0.0,0.0,1.2604441481865445,0.0,升壓,高18-24,False,0.4,2.0,0.2,0.4,0.2,2.0,0.1,0.7,0.15,3.0,0.1,,0.0,0.0,0.6666666666666666,0.0,0.4,0.0,0.2,0.0,0.0
2022-12-06,14874.0,14894.0,14672.0,14894.0,14786.0,14894.0,14786.0,222.0,168.1600953728171,0.0,1.0,0.0,0.0,1.0,0.0,0.0,0.0,0.0,0.9041999297164875,0.0,升壓,高18-24,False,0.4,2.0,0.2,0.2,0.2,2.0,0.1,0.6,0.15,3.0,0.1,,1.0,0.0,0.6666666666666666,0.0,0.4,0.0,0.2,0.0,1.0
2022-12-07,14603.0,14780.0,14594.0,14780.0,14600.0,14780.0,14594.0,186.0,173.2877053373107,1.0,0.0,0.0,0.0,1.0,0.0,1.0,0.0,1.0,0.8558470344513001,0.0,升壓,高18-24,False,0.4,2.0,0.0,0.2,0.3,3.0,0.1,0.5,0.2,4.0,0.1,,1.0,0.0,0.3333333333333333,0.0,0.2,0.0,0.2,0.1,1.0
2022-12-08,14567.0,14570.0,14413.0,14570.0,14413.0,14570.0,14413.0,157.0,174.49840006709064,0.0,0.0,0.0,0.0,0.0,0.0,0.0,0.0,0.0,0.6896109059865747,1.0,升壓,高18-24,False,0.4,2.0,0.0,0.0,0.4,4.0,0.1,0.4,0.25,5.0,0.1,,0.0,0.0,0.0,0.0,0.0,0.0,0.1,0.1,1.0
2022-12-09,14636.0,14722.0,14572.0,14705.0,14572.0,14722.0,14572.0,150.0,172.83188577498677,0.0,0.0,0.0,0.0,0.0,0.0,0.0,0.0,0.0,0.9474898279128429,0.0,降壓,高18-24,False,0.4,2.0,0.0,0.2,0.4,4.0,0.1,0.4,0.25,5.0,0.1,,0.0,0.0,0.0,0.0,0.0,0.0,0.1,0.1,0.0
2022-12-12,14649.0,14650.0,14485.0,14650.0,14485.0,14650.0,14485.0,165.0,170.65742046308327,0.0,0.0,0.0,0.0,0.0,0.0,0.0,0.0,0.0,0.7677531834483806,1.0,降壓,高18-24,False,0.4,2.0,0.0,0.2,0.4,4.0,0.1,0.3,0.25,5.0,0.1,,0.0,0.0,0.0,0.0,0.0,0.0,0.1,0.1,0.0
2022-12-13,14660.0,14687.0,14496.0,14687.0,14558.0,14687.0,14544.0,191.0,170.11861851421818,0.0,0.0,0.0,0.0,0.0,0.0,0.0,0.0,0.0,0.906842911355806,0.0,升壓,高18-24,False,0.4,2.0,0.0,0.4,0.4,4.0,0.1,0.3,0.25,5.0,0.1,,0.0,0.0,0.0,0.0,0.0,0.0,0.1,0.1,1.0
2022-12-14,14609.0,14732.0,14576.0,14712.0,14576.0,14715.0,14576.0,156.0,172.10732151286408,0.0,0.0,0.0,0.0,0.0,0.0,0.0,0.0,0.0,1.67026352897974,0.0,降壓,高18-24,False,0.2,1.0,0.0,0.4,0.3,3.0,0.0,0.3,0.2,4.0,0.05,,0.0,0.0,0.0,0.0,0.2,0.2,0.1,0.1,0.0
2022-12-15,14658.0,14750.0,14607.0,14712.0,14607.0,14750.0,14607.0,143.0,170.5732908925913,0.0,0.0,0.0,0.0,0.0,0.0,0.0,0.0,0.0,1.3102912211683244,0.0,降壓,低<18,False,0.0,0.0,0.0,0.4,0.2,2.0,0.0,0.2,0.2,4.0,0.05,,0.0,0.0,0.0,0.0,0.2,0.2,0.1,0.1,0.0
2022-12-16,14440.0,14550.0,14411.0,14508.0,14411.0,14550.0,14411.0,139.0,167.94726318853498,0.0,0.0,0.0,0.0,0.0,0.0,0.0,0.0,0.0,1.6483187919482236,0.0,降壓,高18-24,False,0.0,0.0,0.0,0.2,0.2,2.0,0.0,0.2,0.2,4.0,0.05,0.45,0.0,0.0,0.3333333333333333,0.3333333333333333,0.2,0.2,0.1,0.1,0.0
2022-12-19,14405.0,14485.0,14362.0,14485.0,14362.0,14485.0,14362.0,123.0,165.19038098010307,0.0,0.0,0.0,0.0,0.0,0.0,0.0,0.0,0.0,0.9768896939313169,0.0,降壓,低<18,False,0.0,0.0,0.0,0.2,0.2,2.0,0.0,0.2,0.2,4.0,0.05,0.45,0.0,0.0,0.3333333333333333,0.3333333333333333,0.2,0.2,0.1,0.1,0.0
2022-12-20,14366.0,14442.0,14121.0,14442.0,14351.0,14442.0,14244.0,321.0,161.1722494581885,0.0,1.0,0.0,1.0,1.0,1.0,0.0,0.0,0.0,0.8520333676673272,0.0,升壓,高18-24,False,0.0,0.0,0.0,0.0,0.2,2.0,0.0,0.2,0.2,4.0,0.05,0.4,1.0,1.0,0.3333333333333333,0.3333333333333333,0.2,0.2,0.2,0.2,1.0
2022-12-21,14210.0,14278.0,14175.0,14278.0,14200.0,14278.0,14200.0,103.0,176.39393998598007,0.0,0.0,0.0,0.0,0.0,0.0,0.0,0.0,0.0,0.5475131252128436,1.0,降壓,低<18,False,0.2,1.0,0.2,0.0,0.2,2.0,0.1,0.2,0.25,5.0,0.1,0.35,0.0,0.0,0.0,0.0,0.0,0.0,0.1,0.1,0.0
2022-12-22,14311.0,14396.0,14285.0,14385.0,14285.0,14385.0,14285.0,111.0,169.40404093969624,0.0,0.0,0.0,0.0,0.0,0.0,0.0,0.0,0.0,,,降壓,低<18,False,0.2,1.0,0.2,0.2,0.1,1.0,0.1,0.3,0.25,5.0,0.1,0.35,0.0,0.0,0.0,0.0,0.0,0.0,0.1,0.1,0.0
2022-12-23,14168.0,14237.0,14125.0,14225.0,14125.0,14225.0,14125.0,112.0,163.84175132639183,0.0,0.0,0.0,0.0,0.0,0.0,0.0,0.0,0.0,1.7613867616390562,0.0,降壓,低<18,False,0.2,1.0,0.2,,0.1,1.0,0.1,,0.25,5.0,0.1,,0.0,0.0,0.0,0.0,0.0,0.0,0.1,0.1,0.0
2022-12-26,14196.0,14254.0,14192.0,14227.0,14192.0,14227.0,14192.0,62.0,158.90444167625927,0.0,0.0,0.0,0.0,0.0,0.0,0.0,0.0,0.0,0.8891426158941816,0.0,降壓,低<18,False,0.2,1.0,0.2,,0.1,1.0,0.1,,0.25,5.0,0.1,,0.0,0.0,0.0,0.0,0.0,0.0,0.2,0.1,0.0
2022-12-27,14295.0,14392.0,14278.0,14392.0,14292.0,14392.0,14292.0,114.0,149.67544723090126,0.0,0.0,0.0,0.0,0.0,0.0,0.0,0.0,0.0,0.20615634353617837,1.0,降壓,低<18,False,0.2,1.0,0.2,,0.1,1.0,0.1,,0.25,5.0,0.1,,0.0,0.0,0.0,0.0,0.2,0.2,0.2,0.1,0.0
2022-12-28,14190.0,14195.0,14070.0,14195.0,14117.0,14195.0,14070.0,125.0,146.27778558986304,0.0,0.0,0.0,0.0,0.0,0.0,0.0,0.0,0.0,0.6061498159191651,1.0,降壓,低<18,False,0.0,0.0,0.0,,0.1,1.0,0.1,,0.2,4.0,0.05,,0.0,0.0,0.0,0.0,0.2,0.2,0.2,0.1,0.0
2022-12-29,13960.0,14072.0,13938.0,14023.0,13938.0,14029.0,13938.0,134.0,144.2513298193999,0.0,0.0,0.0,0.0,0.0,0.0,0.0,0.0,0.0,1.1407196114671125,0.0,降壓,低<18,False,0.0,0.0,0.0,,0.1,1.0,0.1,,0.15,3.0,0.05,,0.0,0.0,0.3333333333333333,0.3333333333333333,0.2,0.2,0.2,0.1,0.0
2022-12-30,14193.0,14213.0,14127.0,14213.0,14141.0,14213.0,14141.0,86.0,143.27501269374275,0.0,0.0,0.0,0.0,0.0,0.0,0.0,0.0,0.0,1.113908658971443,0.0,降壓,低<18,False,0.0,0.0,0.0,0.4,0.1,1.0,0.1,,0.15,3.0,0.05,,0.0,0.0,0.3333333333333333,0.3333333333333333,0.2,0.2,0.3,0.2,0.0
2023-01-03,14050.0,14247.0,13952.0,14091.0,13952.0,14185.0,13952.0,295.0,137.82024958005297,1.0,0.0,1.0,0.0,1.0,1.0,1.0,0.0,0.0,0.7365693670470488,1.0,升壓,低<18,False,0.0,0.0,0.0,0.4,0.1,1.0,0.1,,0.15,3.0,0.05,,1.0,1.0,0.3333333333333333,0.3333333333333333,0.4,0.2,0.3,0.2,1.0
2023-01-04,14205.0,14271.0,14181.0,14271.0,14181.0,14271.0,14181.0,90.0,152.78974962004793,0.0,0.0,0.0,0.0,0.0,0.0,0.0,0.0,0.0,1.0053829182269067,0.0,降壓,低<18,False,0.2,1.0,0.2,0.6,0.2,2.0,0.2,,0.2,4.0,0.1,,0.0,0.0,0.0,0.0,0.2,0.0,0.2,0.1,0.0
2023-01-05,14324.0,14375.0,14239.0,14375.0,14268.0,14375.0,14258.0,136.0,146.80977346575764,0.0,0.0,0.0,0.0,0.0,0.0,0.0,0.0,0.0,0.8740565756528542,0.0,降壓,低<18,False,0.2,1.0,0.2,0.4,0.1,1.0,0.1,,0.15,3.0,0.1,,0.0,0.0,0.3333333333333333,0.0,0.2,0.0,0.2,0.1,0.0
2023-01-06,14278.0,14403.0,14275.0,14347.0,14275.0,14398.0,14275.0,128.0,145.78027123092357,0.0,0.0,0.0,0.0,0.0,0.0,0.0,0.0,0.0,0.6439418846208935,1.0,降壓,低<18,False,0.2,1.0,0.2,0.2,0.1,1.0,0.1,,0.1,2.0,0.1,,0.0,0.0,0.3333333333333333,0.0,0.2,0.0,0.3,0.2,0.0
2023-01-09,14618.0,14770.0,14582.0,14665.0,14582.0,14688.0,14582.0,188.0,144.08691206607372,1.0,0.0,0.0,0.0,1.0,0.0,0.0,0.0,0.0,1.8376697194774376,0.0,升壓,高18-24,False,0.2,1.0,0.2,0.4,0.1,1.0,0.1,0.4,0.1,2.0,0.1,,1.0,0.0,0.3333333333333333,0.0,0.4,0.2,0.3,0.2,1.0
2023-01-10,14745.0,14829.0,14735.0,14829.0,14740.0,14829.0,14735.0,94.0,148.26911091692384,0.0,0.0,0.0,0.0,0.0,0.0,0.0,0.0,0.0,0.9865226285503005,0.0,升壓,低<18,False,0.4,2.0,0.2,0.4,0.2,2.0,0.1,0.4,0.15,3.0,0.1,,0.0,0.0,0.0,0.0,0.2,0.2,0.2,0.2,0.0
2023-01-11,14855.0,14884.0,14746.0,14884.0,14776.0,14884.0,14746.0,138.0,143.1006241629311,0.0,0.0,0.0,0.0,0.0,0.0,0.0,0.0,0.0,0.5256662980632467,1.0,升壓,低<18,False,0.2,1.0,0.0,0.2,0.2,2.0,0.1,0.4,0.15,3.0,0.1,,0.0,0.0,0.3333333333333333,0.3333333333333333,0.2,0.2,0.2,0.2,0.0
2023-01-12,14825.0,14840.0,14709.0,14840.0,14747.0,14840.0,14715.0,131.0,142.61485043312814,0.0,0.0,0.0,0.0,0.0,0.0,0.0,0.0,0.0,0.9619265681992131,0.0,升壓,低<18,False,0.2,1.0,0.0,0.4,0.2,2.0,0.1,0.4,0.15,3.0,0.1,,0.0,0.0,0.3333333333333333,0.3333333333333333,0.2,0.2,0.2,0.2,0.0
2023-01-13,15000.0,15016.0,14822.0,15016.0,14856.0,15016.0,14832.0,194.0,141.50867420140165,0.0,1.0,0.0,1.0,1.0,1.0,1.0,0.0,1.0,1.821560843583611,0.0,升壓,低<18,False,0.2,1.0,0.0,0.4,0.2,2.0,0.1,0.3,0.15,3.0,0.1,,1.0,1.0,0.3333333333333333,0.3333333333333333,0.4,0.4,0.2,0.2,1.0
2023-01-16,14935.0,15004.0,14916.0,15004.0,14923.0,15004.0,14918.0,88.0,146.50784808698245,0.0,0.0,0.0,0.0,0.0,0.0,0.0,0.0,0.0,0.7489573075683563,1.0,升壓,低<18,False,0.4,2.0,0.2,0.2,0.3,3.0,0.2,0.3,0.2,4.0,0.15,,0.0,0.0,0.0,0.0,0.2,0.2,0.2,0.1,0.0
2023-01-17,14923.0,14969.0,14906.0,14956.0,14906.0,14956.0,14906.0,63.0,140.93567207869842,0.0,0.0,0.0,0.0,0.0,0.0,0.0,0.0,0.0,0.43268944379767793,1.0,升壓,低<18,False,0.2,1.0,0.2,0.4,0.3,3.0,0.2,0.4,0.2,4.0,0.15,,0.0,0.0,0.3333333333333333,0.3333333333333333,0.2,0.2,0.2,0.1,0.0
2023-01-30,15450.0,15532.0,15349.0,15532.0,15372.0,15532.0,15349.0,183.0,133.51322711882239,0.0,0.0,0.0,0.0,0.0,0.0,0.0,0.0,0.0,1.3783068603143769,0.0,升壓,高18-24,False,0.2,1.0,0.2,0.6,0.2,2.0,0.1,0.4,0.2,4.0,0.15,,0.0,0.0,0.3333333333333333,0.3333333333333333,0.2,0.2,0.2,0.1,0.0
2023-01-31,15449.0,15456.0,15265.0,15456.0,15384.0,15456.0,15351.0,191.0,138.22625310750595,0.0,1.0,0.0,1.0,1.0,1.0,0.0,0.0,0.0,0.5415683799009364,1.0,升壓,高18-24,False,0.2,1.0,0.2,0.4,0.2,2.0,0.1,0.4,0.15,3.0,0.1,,1.0,1.0,0.3333333333333333,0.3333333333333333,0.2,0.2,0.2,0.1,1.0
2023-02-01,15350.0,15402.0,15297.0,15396.0,15326.0,15396.0,15297.0,105.0,143.25232424012444,0.0,0.0,0.0,0.0,0.0,0.0,0.0,0.0,0.0,1.0156338465755432,0.0,升壓,高18-24,False,0.4,2.0,0.4,0.6,0.3,3.0,0.2,0.5,0.2,4.0,0.15,,0.0,0.0,0.0,0.0,0.0,0.0,0.1,0.0,0.0
2023-02-02,15549.0,15600.0,15468.0,15570.0,15468.0,15573.0,15468.0,132.0,139.60924574106497,0.0,0.0,0.0,0.0,0.0,0.0,0.0,0.0,0.0,1.3644575829629415,0.0,升壓,低<18,False,0.2,1.0,0.2,0.6,0.3,3.0,0.2,0.4,0.2,4.0,0.15,0.4,0.0,0.0,0.0,0.0,0.2,0.0,0.2,0.0,0.0
2023-02-03,15581.0,15629.0,15488.0,15588.0,15488.0,15588.0,15488.0,141.0,138.88455567048734,0.0,0.0,0.0,0.0,0.0,0.0,0.0,0.0,0.0,0.6831029416505162,1.0,升壓,高18-24,False,0.2,1.0,0.2,0.4,0.2,2.0,0.2,0.4,0.2,4.0,0.15,0.4,0.0,0.0,0.0,0.0,0.2,0.0,0.3,0.0,0.0
2023-02-06,15504.0,15505.0,15391.0,15505.0,15411.0,15505.0,15407.0,114.0,139.08602655901237,0.0,0.0,0.0,0.0,0.0,0.0,0.0,0.0,0.0,0.8268586016744436,0.0,升壓,高18-24,False,0.2,1.0,0.2,0.4,0.2,2.0,0.2,0.5,0.2,4.0,0.15,0.45,0.0,0.0,0.3333333333333333,0.0,0.2,0.0,0.3,0.0,0.0
2023-02-07,15383.0,15447.0,15366.0,15447.0,15370.0,15447.0,15366.0,81.0,136.69688117243976,0.0,0.0,0.0,0.0,0.0,0.0,0.0,0.0,0.0,0.6601223148161078,1.0,升壓,低<18,False,0.2,1.0,0.2,0.4,0.2,2.0,0.2,0.4,0.2,4.0,0.15,0.4,0.0,0.0,0.3333333333333333,0.0,0.2,0.0,0.4,0.1,0.0
2023-02-08,15475.0,15624.0,15474.0,15588.0,15474.0,15623.0,15474.0,150.0,131.39241629887408,1.0,0.0,0.0,0.0,1.0,0.0,1.0,0.0,0.0,1.13271741910484,0.0,降壓,低<18,False,0.0,0.0,0.0,0.4,0.2,2.0,0.2,0.5,0.2,4.0,0.15,0.4,1.0,0.0,0.3333333333333333,0.0,0.2,0.0,0.4,0.1,0.0
2023-02-09,15549.0,15608.0,15530.0,15592.0,15530.0,15605.0,15530.0,78.0,133.16456712755274,0.0,0.0,0.0,0.0,0.0,0.0,0.0,0.0,0.0,0.7690229643901758,1.0,降壓,低<18,False,0.2,1.0,0.0,0.4,0.2,2.0,0.1,0.5,0.25,5.0,0.15,0.4,0.0,0.0,0.0,0.0,0.2,0.0,0.3,0.1,0.0
2023-02-10,15596.0,15598.0,15520.0,15598.0,15520.0,15598.0,15520.0,78.0,127.91079882969058,0.0,0.0,0.0,0.0,0.0,0.0,0.0,0.0,0.0,1.2412163271851637,0.0,降壓,低<18,False,0.2,1.0,0.0,0.6,0.2,2.0,0.1,0.5,0.25,5.0,0.15,0.45,0.0,0.0,0.0,0.0,0.4,0.0,0.4,0.2,0.0
2023-02-13,15510.0,15547.0,15431.0,15547.0,15431.0,15547.0,15431.0,116.0,123.15738941733909,0.0,0.0,0.0,0.0,0.0,0.0,0.0,0.0,0.0,0.8893608012331835,0.0,升壓,高18-24,False,0.2,1.0,0.0,0.4,0.2,2.0,0.1,0.4,0.2,4.0,0.1,0.4,0.0,0.0,0.3333333333333333,0.0,0.4,0.0,0.4,0.2,0.0
2023-02-14,15633.0,15682.0,15588.0,15682.0,15588.0,15682.0,15588.0,94.0,122.47573328235441,0.0,0.0,0.0,0.0,0.0,0.0,0.0,0.0,0.0,0.8795711697283904,0.0,升壓,高18-24,False,0.2,1.0,0.0,0.4,0.2,2.0,0.1,0.4,0.2,4.0,0.1,0.4,0.0,0.0,0.6666666666666666,0.0,0.6,0.2,0.5,0.3,0.0
2023-02-15,15495.0,15533.0,15360.0,15533.0,15424.0,15533.0,15373.0,173.0,119.76375868403494,0.0,1.0,0.0,0.0,1.0,0.0,1.0,0.0,0.0,0.967712999405197,0.0,升壓,低<18,False,0.2,1.0,0.0,0.2,0.1,1.0,0.0,0.3,0.2,4.0,0.1,0.4,1.0,0.0,0.6666666666666666,0.0,0.6,0.2,0.6,0.3,1.0
2023-02-16,15458.0,15599.0,15451.0,15535.0,15451.0,15585.0,15451.0,148.0,124.83387690460304,1.0,0.0,0.0,0.0,1.0,0.0,1.0,0.0,0.0,0.5732980585421652,1.0,升壓,低<18,False,0.2,1.0,0.0,0.2,0.2,2.0,0.0,0.3,0.25,5.0,0.1,0.35,1.0,0.0,0.6666666666666666,0.3333333333333333,0.4,0.2,0.5,0.3,1.0
2023-02-17,15428.0,15475.0,15384.0,15475.0,15384.0,15475.0,15384.0,91.0,127.0401743422599,0.0,0.0,0.0,0.0,0.0,0.0,0.0,0.0,0.0,1.1000956009830607,0.0,降壓,低<18,False,0.4,2.0,0.0,0.2,0.3,3.0,0.0,0.4,0.25,5.0,0.1,0.4,0.0,0.0,0.3333333333333333,0.3333333333333333,0.4,0.4,0.4,0.3,0.0
2023-02-20,15386.0,15555.0,15367.0,15519.0,15367.0,15538.0,15367.0,188.0,123.6077767858542,1.0,0.0,1.0,0.0,1.0,1.0,1.0,1.0,1.0,0.5044942187811272,1.0,升壓,低<18,False,0.4,2.0,0.0,0.2,0.3,3.0,0.0,0.3,0.25,5.0,0.1,0.4,1.0,1.0,0.3333333333333333,0.3333333333333333,0.4,0.4,0.4,0.3,1.0
2023-02-21,15486.0,15547.0,15471.0,15529.0,15471.0,15547.0,15471.0,76.0,129.74036947291572,0.0,0.0,0.0,0.0,0.0,0.0,0.0,0.0,0.0,0.3388678204086375,1.0,降壓,低<18,False,0.6,3.0,0.2,0.4,0.4,4.0,0.1,0.4,0.3,6.0,0.15,0.4,0.0,0.0,0.3333333333333333,0.3333333333333333,0.4,0.4,0.3,0.2,0.0
2023-02-22,15353.0,15415.0,15306.0,15379.0,15306.0,15399.0,15306.0,109.0,124.62223904692374,0.0,0.0,0.0,0.0,0.0,0.0,0.0,0.0,0.0,1.2280636290673987,0.0,降壓,低<18,False,0.6,3.0,0.2,0.6,0.4,4.0,0.1,0.4,0.3,6.0,0.15,0.45,0.0,0.0,0.3333333333333333,0.3333333333333333,0.6,0.4,0.3,0.2,0.0
2023-02-23,15435.0,15656.0,15433.0,15603.0,15433.0,15656.0,15433.0,223.0,123.13440675674052,1.0,0.0,1.0,0.0,1.0,1.0,1.0,1.0,1.0,0.7595186596508889,1.0,升壓,低<18,False,0.4,2.0,0.2,0.6,0.3,3.0,0.1,0.4,0.25,5.0,0.1,0.45,1.0,1.0,0.6666666666666666,0.6666666666666666,0.6,0.4,0.4,0.3,1.0
2023-02-24,15642.0,15684.0,15526.0,15684.0,15592.0,15684.0,15581.0,158.0,132.64541563705095,0.0,0.0,0.0,0.0,0.0,0.0,0.0,0.0,0.0,1.0414600686989748,0.0,升壓,低<18,False,0.4,2.0,0.4,0.6,0.4,4.0,0.2,0.4,0.3,6.0,0.15,0.45,0.0,0.0,0.6666666666666666,0.3333333333333333,0.4,0.2,0.3,0.2,1.0
2023-03-01,15381.0,15555.0,15333.0,15496.0,15333.0,15525.0,15333.0,222.0,135.06013795733182,1.0,0.0,1.0,0.0,1.0,1.0,1.0,0.0,0.0,1.1275695176447174,0.0,升壓,低<18,False,0.4,2.0,0.4,0.6,0.4,4.0,0.2,0.4,0.3,6.0,0.15,0.4,1.0,1.0,0.6666666666666666,0.3333333333333333,0.4,0.2,0.3,0.2,1.0
2023-03-02,15596.0,15618.0,15435.0,15618.0,15435.0,15618.0,15435.0,183.0,143.3401248185383,0.0,1.0,0.0,0.0,1.0,0.0,1.0,0.0,1.0,0.7872511026188047,1.0,升壓,低<18,False,0.4,2.0,0.4,0.4,0.5,5.0,0.3,0.4,0.35,7.0,0.2,0.4,1.0,0.0,0.3333333333333333,0.0,0.2,0.0,0.2,0.1,1.0
2023-03-03,15612.0,15670.0,15568.0,15666.0,15568.0,15666.0,15568.0,102.0,147.1172557882013,0.0,0.0,0.0,0.0,0.0,0.0,0.0,0.0,0.0,1.0688493152153493,0.0,升壓,低<18,False,0.6,3.0,0.4,0.4,0.6,6.0,0.3,0.5,0.35,7.0,0.15,0.4,0.0,0.0,0.0,0.0,0.0,0.0,0.1,0.1,1.0
2023-03-06,15730.0,15834.0,15692.0,15793.0,15692.0,15834.0,15692.0,142.0,142.8203742845631,0.0,0.0,0.0,0.0,0.0,0.0,0.0,0.0,0.0,0.8962020337592771,0.0,升壓,低<18,False,0.6,3.0,0.4,0.4,0.5,5.0,0.3,0.5,0.35,7.0,0.15,0.4,0.0,0.0,0.0,0.0,0.2,0.2,0.1,0.1,1.0
2023-03-07,15786.0,15894.0,15750.0,15854.0,15750.0,15870.0,15750.0,144.0,142.74224340031898,0.0,0.0,0.0,0.0,0.0,0.0,0.0,0.0,0.0,0.6313230477636353,1.0,升壓,低<18,False,0.4,2.0,0.2,0.2,0.4,4.0,0.3,0.4,0.35,7.0,0.15,0.4,0.0,0.0,0.0,0.0,0.2,0.2,0.1,0.1,1.0
2023-03-08,15725.0,15809.0,15721.0,15808.0,15725.0,15808.0,15721.0,88.0,142.86202974314574,0.0,0.0,0.0,0.0,0.0,0.0,0.0,0.0,0.0,1.2928273636029795,0.0,降壓,低<18,False,0.4,2.0,0.2,0.4,0.4,4.0,0.3,0.5,0.35,7.0,0.15,0.4,0.0,0.0,0.3333333333333333,0.3333333333333333,0.2,0.2,0.1,0.1,0.0
2023-03-09,15855.0,15862.0,15751.0,15862.0,15770.0,15862.0,15751.0,111.0,137.6370745295128,0.0,0.0,0.0,0.0,0.0,0.0,0.0,0.0,0.0,0.6825598887346218,1.0,降壓,低<18,False,0.2,1.0,0.0,0.4,0.3,3.0,0.2,0.4,0.35,7.0,0.15,0.4,0.0,0.0,0.3333333333333333,0.3333333333333333,0.2,0.2,0.2,0.1,0.0
2023-03-10,15618.0,15624.0,15452.0,15624.0,15510.0,15624.0,15466.0,172.0,135.10021028860683,0.0,1.0,0.0,1.0,1.0,1.0,1.0,0.0,0.0,1.4393104226596607,0.0,升壓,低<18,False,0.0,0.0,0.0,0.4,0.3,3.0,0.2,0.4,0.35,7.0,0.15,0.4,1.0,1.0,0.3333333333333333,0.3333333333333333,0.2,0.2,0.3,0.2,1.0
2023-03-13,15450.0,15540.0,15345.0,15515.0,15345.0,15540.0,15345.0,195.0,138.61447597540618,0.0,0.0,0.0,0.0,0.0,0.0,0.0,0.0,0.0,1.222104409350027,0.0,升壓,高18-24,False,0.2,1.0,0.2,0.4,0.4,4.0,0.3,0.4,0.35,7.0,0.2,0.4,0.0,0.0,0.0,0.0,0.0,0.0,0.2,0.1,1.0
2023-03-14,15358.0,15428.0,15310.0,15420.0,15310.0,15420.0,15310.0,118.0,143.98452588251035,0.0,0.0,0.0,0.0,0.0,0.0,0.0,0.0,0.0,1.5461621482857468,0.0,升壓,高18-24,False,0.2,1.0,0.2,0.4,0.3,3.0,0.2,0.3,0.35,7.0,0.2,0.35,0.0,0.0,0.0,0.0,0.0,0.0,0.2,0.1,1.0
2023-03-15,15402.0,15475.0,15316.0,15475.0,15381.0,15475.0,15381.0,159.0,141.5098091317951,0.0,0.0,0.0,0.0,0.0,0.0,0.0,0.0,0.0,1.1164175992895418,0.0,升壓,高18-24,False,0.2,1.0,0.2,0.2,0.3,3.0,0.2,0.3,0.35,7.0,0.2,0.35,0.0,0.0,0.0,0.0,0.0,0.0,0.3,0.1,1.0
2023-03-16,15194.0,15305.0,15150.0,15305.0,15184.0,15305.0,15184.0,155.0,143.17554159543366,0.0,0.0,0.0,0.0,0.0,0.0,0.0,0.0,0.0,1.9637545887420114,0.0,升壓,高18-24,False,0.2,1.0,0.2,0.2,0.2,2.0,0.1,0.3,0.35,7.0,0.2,0.35,0.0,0.0,0.0,0.0,0.2,0.0,0.3,0.1,1.0
2023-03-17,15310.0,15418.0,15298.0,15380.0,15298.0,15397.0,15298.0,120.0,144.30168049110665,0.0,0.0,0.0,0.0,0.0,0.0,0.0,0.0,0.0,1.2417810888708403,0.0,升壓,低<18,False,0.2,1.0,0.2,0.0,0.1,1.0,0.1,0.2,0.35,7.0,0.2,0.35,0.0,0.0,0.0,0.0,0.4,0.2,0.3,0.1,0.0
2023-03-20,15454.0,15477.0,15352.0,15477.0,15368.0,15477.0,15359.0,125.0,141.98723473004887,0.0,0.0,0.0,0.0,0.0,0.0,0.0,0.0,0.0,0.6694838285282527,1.0,升壓,高18-24,False,0.0,0.0,0.0,0.0,0.1,1.0,0.1,0.2,0.3,6.0,0.2,0.35,0.0,0.0,0.3333333333333333,0.0,0.4,0.2,0.3,0.1,0.0
2023-03-21,15464.0,15517.0,15425.0,15517.0,15425.0,15517.0,15425.0,92.0,140.3694028509966,0.0,0.0,0.0,0.0,0.0,0.0,0.0,0.0,0.0,1.5504506380491294,0.0,升壓,低<18,False,0.0,0.0,0.0,0.2,0.1,1.0,0.1,0.3,0.25,5.0,0.2,0.35,0.0,0.0,0.6666666666666666,0.3333333333333333,0.4,0.2,0.3,0.1,0.0
2023-03-22,15589.0,15725.0,15568.0,15700.0,15568.0,15703.0,15568.0,157.0,135.7627930556636,1.0,0.0,0.0,0.0,1.0,0.0,0.0,0.0,0.0,0.7795782850699501,1.0,降壓,低<18,False,0.0,0.0,0.0,0.2,0.1,1.0,0.1,0.2,0.25,5.0,0.2,0.35,1.0,0.0,0.6666666666666666,0.3333333333333333,0.6,0.2,0.3,0.1,0.0
2023-03-23,15695.0,15866.0,15683.0,15796.0,15683.0,15866.0,15683.0,183.0,137.78538419321944,1.0,0.0,1.0,0.0,1.0,1.0,1.0,1.0,0.0,1.1913067821320351,0.0,升壓,低<18,False,0.2,1.0,0.0,0.4,0.2,2.0,0.1,0.3,0.25,5.0,0.15,0.35,1.0,1.0,0.3333333333333333,0.3333333333333333,0.4,0.2,0.2,0.1,1.0
2023-03-24,15878.0,15923.0,15806.0,15884.0,15806.0,15888.0,15806.0,117.0,142.0915380795795,0.0,0.0,0.0,0.0,0.0,0.0,0.0,0.0,0.0,1.1145693489109445,0.0,降壓,低<18,False,0.4,2.0,0.2,0.4,0.3,3.0,0.2,0.2,0.3,6.0,0.2,0.3,0.0,0.0,0.3333333333333333,0.0,0.2,0.0,0.2,0.0,0.0
2023-03-27,15855.0,15893.0,15793.0,15884.0,15793.0,15884.0,15793.0,100.0,139.70186778628621,0.0,0.0,0.0,0.0,0.0,0.0,0.0,0.0,0.0,0.944163352106858,0.0,降壓,低<18,False,0.4,2.0,0.2,0.4,0.2,2.0,0.1,0.2,0.3,6.0,0.2,0.3,0.0,0.0,0.3333333333333333,0.0,0.2,0.0,0.2,0.0,0.0
2023-03-28,15814.0,15829.0,15655.0,15829.0,15661.0,15829.0,15661.0,174.0,135.92073752092563,0.0,1.0,0.0,0.0,1.0,0.0,1.0,0.0,1.0,0.6675097017724629,1.0,升壓,低<18,False,0.4,2.0,0.2,0.2,0.2,2.0,0.1,0.2,0.25,5.0,0.15,0.25,1.0,0.0,0.3333333333333333,0.0,0.2,0.0,0.2,0.0,1.0
2023-03-29,15730.0,15787.0,15653.0,15787.0,15716.0,15787.0,15653.0,134.0,139.54733394750414,0.0,0.0,0.0,0.0,0.0,0.0,0.0,0.0,0.0,0.48696361533517724,1.0,升壓,低<18,False,0.6,3.0,0.2,0.4,0.3,3.0,0.1,0.3,0.3,6.0,0.15,0.3,0.0,0.0,0.0,0.0,0.0,0.0,0.1,0.0,1.0
2023-03-30,15822.0,15862.0,15761.0,15847.0,15797.0,15862.0,15761.0,101.0,139.01901642869421,0.0,0.0,0.0,0.0,0.0,0.0,0.0,0.0,0.0,0.7114516599445458,1.0,降壓,低<18,False,0.4,2.0,0.2,0.4,0.3,3.0,0.1,0.4,0.25,5.0,0.1,0.35,0.0,0.0,0.0,0.0,0.0,0.0,0.1,0.0,0.0
2023-03-31,15879.0,15965.0,15860.0,15965.0,15878.0,15965.0,15861.0,105.0,135.39815772119954,0.0,0.0,0.0,0.0,0.0,0.0,0.0,0.0,0.0,0.49226156608741634,1.0,降壓,低<18,False,0.2,1.0,0.0,0.6,0.3,3.0,0.1,0.5,0.2,4.0,0.1,0.35,0.0,0.0,0.0,0.0,0.2,0.0,0.1,0.0,0.0
2023-04-06,15780.0,15793.0,15701.0,15793.0,15701.0,15793.0,15701.0,92.0,132.5030950810853,0.0,0.0,0.0,0.0,0.0,0.0,0.0,0.0,0.0,0.8477561421300817,0.0,降壓,低<18,False,0.2,1.0,0.0,0.8,0.3,3.0,0.1,0.6,0.2,4.0,0.1,0.4,0.0,0.0,0.0,0.0,0.2,0.0,0.1,0.0,0.0
2023-04-07,15850.0,15870.0,15796.0,15870.0,15818.0,15870.0,15796.0,74.0,128.64565745431526,0.0,0.0,0.0,0.0,0.0,0.0,0.0,0.0,0.0,0.6925572126169496,1.0,降壓,低<18,False,0.2,1.0,0.0,0.8,0.3,3.0,0.1,0.5,0.2,4.0,0.1,0.4,0.0,0.0,0.3333333333333333,0.0,0.2,0.0,0.1,0.0,0.0
2023-04-10,15839.0,15927.0,15828.0,15927.0,15828.0,15927.0,15828.0,99.0,123.44130912533285,0.0,0.0,0.0,0.0,0.0,0.0,0.0,0.0,0.0,0.21027915531328295,1.0,降壓,低<18,False,0.0,0.0,0.0,0.8,0.3,3.0,0.1,0.6,0.2,4.0,0.1,0.4,0.0,0.0,0.3333333333333333,0.0,0.2,0.0,0.2,0.1,0.0
2023-04-11,15834.0,15963.0,15825.0,15953.0,15825.0,15963.0,15825.0,138.0,121.11356539911067,1.0,0.0,0.0,0.0,1.0,0.0,1.0,0.0,1.0,1.0800588431601712,0.0,降壓,低<18,False,0.0,0.0,0.0,0.8,0.2,2.0,0.1,0.6,0.2,4.0,0.1,0.45,1.0,0.0,0.3333333333333333,0.0,0.2,0.0,0.2,0.1,0.0
2023-04-12,15957.0,15960.0,15866.0,15960.0,15866.0,15960.0,15866.0,94.0,122.72179726586204,0.0,0.0,0.0,0.0,0.0,0.0,0.0,0.0,0.0,0.41908328137988743,1.0,降壓,低<18,False,0.2,1.0,0.0,0.6,0.2,2.0,0.0,0.6,0.25,5.0,0.1,0.4,0.0,0.0,0.0,0.0,0.0,0.0,0.2,0.2,0.0
2023-04-13,15865.0,15903.0,15808.0,15897.0,15827.0,15903.0,15827.0,95.0,119.9863880024466,0.0,0.0,0.0,0.0,0.0,0.0,0.0,0.0,0.0,1.151724281414545,0.0,降壓,低<18,False,0.2,1.0,0.0,0.6,0.2,2.0,0.0,0.7,0.2,4.0,0.05,0.45,0.0,0.0,0.0,0.0,0.0,0.0,0.2,0.2,0.0
2023-04-14,15882.0,15995.0,15855.0,15915.0,15855.0,15978.0,15855.0,140.0,117.60673200221359,0.0,0.0,0.0,0.0,0.0,0.0,0.0,0.0,0.0,1.0764506069980733,0.0,降壓,低<18,False,0.2,1.0,0.0,0.6,0.2,2.0,0.0,0.7,0.2,4.0,0.05,0.45,0.0,0.0,0.0,0.0,0.0,0.0,0.2,0.2,0.0
2023-04-17,15920.0,15974.0,15877.0,15937.0,15877.0,15958.0,15877.0,97.0,119.73942419247896,0.0,0.0,0.0,0.0,0.0,0.0,0.0,0.0,0.0,0.7848042467959041,1.0,降壓,低<18,False,0.2,1.0,0.0,0.4,0.1,1.0,0.0,0.6,0.2,4.0,0.05,0.45,0.0,0.0,0.0,0.0,0.2,0.2,0.2,0.2,0.0
2023-04-18,15931.0,15963.0,15862.0,15954.0,15884.0,15963.0,15884.0,101.0,117.5737647455762,0.0,0.0,0.0,0.0,0.0,0.0,0.0,0.0,0.0,0.5284677012518096,1.0,降壓,低<18,False,0.2,1.0,0.0,0.4,0.1,1.0,0.0,0.6,0.2,4.0,0.05,0.5,0.0,0.0,0.0,0.0,0.2,0.2,0.2,0.2,0.0
2023-04-19,15876.0,15907.0,15768.0,15907.0,15839.0,15907.0,15815.0,139.0,115.99531096028323,0.0,0.0,0.0,0.0,0.0,0.0,0.0,0.0,0.0,0.4997692208417583,1.0,降壓,低<18,False,0.0,0.0,0.0,0.6,0.1,1.0,0.0,0.6,0.2,4.0,0.05,0.55,0.0,0.0,0.3333333333333333,0.3333333333333333,0.4,0.4,0.2,0.2,0.0
2023-04-20,15730.0,15798.0,15682.0,15798.0,15682.0,15798.0,15682.0,116.0,118.18623372597054,0.0,0.0,0.0,0.0,0.0,0.0,0.0,0.0,0.0,0.65596224059618,1.0,降壓,低<18,False,0.0,0.0,0.0,0.6,0.1,1.0,0.0,0.6,0.2,4.0,0.05,0.6,0.0,0.0,0.3333333333333333,0.3333333333333333,0.4,0.4,0.2,0.2,0.0
2023-04-21,15757.0,15778.0,15602.0,15778.0,15641.0,15778.0,15627.0,176.0,117.97802099016383,0.0,1.0,0.0,1.0,1.0,1.0,1.0,0.0,1.0,0.9494565564865471,0.0,升壓,低<18,False,0.0,0.0,0.0,0.8,0.1,1.0,0.0,0.7,0.2,4.0,0.05,0.6,1.0,1.0,0.6666666666666666,0.6666666666666666,0.4,0.4,0.2,0.2,1.0
2023-04-24,15545.0,15655.0,15542.0,15655.0,15542.0,15655.0,15542.0,113.0,123.50392375300537,0.0,0.0,0.0,0.0,0.0,0.0,0.0,0.0,0.0,0.6911987836688596,1.0,升壓,低<18,False,0.2,1.0,0.2,0.8,0.2,2.0,0.1,0.6,0.25,5.0,0.1,0.6,0.0,0.0,0.3333333333333333,0.3333333333333333,0.2,0.2,0.1,0.1,1.0
2023-04-25,15641.0,15662.0,15369.0,15662.0,15495.0,15662.0,15418.0,293.0,122.50355006224295,0.0,1.0,0.0,1.0,1.0,1.0,1.0,1.0,1.0,0.5717201493352522,1.0,升壓,低<18,False,0.2,1.0,0.2,0.8,0.2,2.0,0.1,0.6,0.2,4.0,0.1,0.6,1.0,1.0,0.3333333333333333,0.3333333333333333,0.2,0.2,0.1,0.1,1.0
2023-04-26,15390.0,15409.0,15312.0,15409.0,15312.0,15409.0,15312.0,97.0,138.74130719917218,0.0,0.0,0.0,0.0,0.0,0.0,0.0,0.0,0.0,1.1816061298338771,0.0,升壓,低<18,False,0.4,2.0,0.4,0.8,0.2,2.0,0.2,0.7,0.2,4.0,0.1,0.65,0.0,0.0,0.0,0.0,0.0,0.0,0.0,0.0,1.0
2023-04-27,15342.0,15461.0,15305.0,15461.0,15305.0,15461.0,15305.0,156.0,134.76594460877484,0.0,0.0,0.0,0.0,0.0,0.0,0.0,0.0,0.0,0.719523646182876,1.0,升壓,低<18,False,0.4,2.0,0.4,0.6,0.2,2.0,0.2,0.6,0.2,4.0,0.1,0.65,0.0,0.0,0.0,0.0,0.0,0.0,0.1,0.0,1.0
2023-04-28,15515.0,15596.0,15498.0,15596.0,15506.0,15596.0,15498.0,98.0,136.78823559841533,0.0,0.0,0.0,0.0,0.0,0.0,0.0,0.0,0.0,1.29900489804459,0.0,升壓,低<18,False,0.4,2.0,0.4,0.6,0.2,2.0,0.2,0.7,0.2,4.0,0.1,0.7,0.0,0.0,0.0,0.0,0.0,0.0,0.1,0.0,1.0
2023-05-02,15628.0,15672.0,15551.0,15672.0,15551.0,15672.0,15551.0,121.0,133.09411792237577,0.0,0.0,0.0,0.0,0.0,0.0,0.0,0.0,0.0,0.9857856029525924,0.0,降壓,低<18,False,0.2,1.0,0.2,0.6,0.2,2.0,0.2,0.7,0.15,3.0,0.1,0.65,0.0,0.0,0.0,0.0,0.0,0.0,0.1,0.0,0.0
2023-05-03,15559.0,15595.0,15523.0,15595.0,15532.0,15595.0,15523.0,72.0,131.94229716786379,0.0,0.0,0.0,0.0,0.0,0.0,0.0,0.0,0.0,1.5526605220861596,0.0,升壓,低<18,False,0.2,1.0,0.2,0.4,0.2,2.0,0.2,0.6,0.15,3.0,0.1,0.6,0.0,0.0,0.0,0.0,0.0,0.0,0.2,0.0,0.0
2023-05-04,15496.0,15619.0,15490.0,15582.0,15490.0,15589.0,15490.0,129.0,126.23350696140056,0.0,0.0,0.0,0.0,0.0,0.0,0.0,0.0,0.0,1.2405827909961975,0.0,降壓,低<18,False,0.0,0.0,0.0,0.2,0.2,2.0,0.2,0.5,0.15,3.0,0.1,0.55,0.0,0.0,0.0,0.0,0.0,0.0,0.3,0.1,0.0
2023-05-05,15598.0,15696.0,15576.0,15696.0,15581.0,15696.0,15576.0,120.0,126.49698248888622,0.0,0.0,0.0,0.0,0.0,0.0,0.0,0.0,0.0,0.840361515549814,0.0,降壓,低<18,False,0.0,0.0,0.0,0.2,0.2,2.0,0.2,0.4,0.15,3.0,0.1,0.5,0.0,0.0,0.0,0.0,0.2,0.0,0.3,0.1,0.0
2023-05-08,15758.0,15776.0,15704.0,15776.0,15708.0,15776.0,15708.0,72.0,125.87822225184944,0.0,0.0,0.0,0.0,0.0,0.0,0.0,0.0,0.0,1.4642458681104094,0.0,降壓,低<18,False,0.0,0.0,0.0,0.0,0.2,2.0,0.2,0.3,0.15,3.0,0.1,0.5,0.0,0.0,0.0,0.0,0.2,0.0,0.3,0.1,0.0
2023-05-09,15706.0,15744.0,15652.0,15744.0,15652.0,15744.0,15652.0,92.0,120.74696298976853,0.0,0.0,0.0,0.0,0.0,0.0,0.0,0.0,0.0,0.47360662542399307,1.0,降壓,低<18,False,0.0,0.0,0.0,0.0,0.1,1.0,0.1,0.3,0.15,3.0,0.1,0.45,0.0,0.0,0.3333333333333333,0.0,0.2,0.0,0.3,0.1,0.0
2023-05-10,15692.0,15702.0,15581.0,15702.0,15597.0,15702.0,15586.0,121.0,118.00915699074297,0.0,0.0,0.0,0.0,0.0,0.0,0.0,0.0,0.0,0.5768151636914934,1.0,降壓,低<18,False,0.0,0.0,0.0,0.2,0.1,1.0,0.1,0.3,0.15,3.0,0.1,0.45,0.0,0.0,0.3333333333333333,0.0,0.4,0.0,0.3,0.1,0.0
2023-05-11,15660.0,15683.0,15517.0,15683.0,15534.0,15683.0,15534.0,166.0,118.29399918210078,0.0,1.0,0.0,0.0,1.0,0.0,1.0,0.0,1.0,0.9779618127019464,0.0,升壓,低<18,False,0.0,0.0,0.0,0.4,0.0,0.0,0.0,0.3,0.1,2.0,0.1,0.5,1.0,0.0,0.3333333333333333,0.0,0.6,0.2,0.3,0.1,1.0
2023-05-12,15450.0,15559.0,15420.0,15484.0,15420.0,15517.0,15420.0,139.0,122.8374278314245,0.0,0.0,0.0,0.0,0.0,0.0,0.0,0.0,0.0,1.2862746087660395,0.0,升壓,低<18,False,0.2,1.0,0.0,0.4,0.1,1.0,0.0,0.3,0.15,3.0,0.1,0.45,0.0,0.0,0.3333333333333333,0.0,0.4,0.2,0.2,0.1,1.0
2023-05-15,15439.0,15522.0,15425.0,15508.0,15425.0,15508.0,15425.0,97.0,124.37672041890788,0.0,0.0,0.0,0.0,0.0,0.0,0.0,0.0,0.0,1.1825729456733292,0.0,降壓,低<18,False,0.2,1.0,0.0,0.4,0.1,1.0,0.0,0.2,0.15,3.0,0.1,0.45,0.0,0.0,0.6666666666666666,0.3333333333333333,0.4,0.2,0.2,0.1,0.0
2023-05-16,15604.0,15723.0,15593.0,15687.0,15593.0,15695.0,15593.0,130.0,121.76941371234523,1.0,0.0,0.0,0.0,1.0,0.0,0.0,0.0,0.0,1.015845705861462,0.0,升壓,低<18,False,0.2,1.0,0.0,0.4,0.1,1.0,0.0,0.2,0.15,3.0,0.1,0.45,1.0,0.0,0.6666666666666666,0.3333333333333333,0.4,0.2,0.2,0.1,1.0
2023-05-17,15661.0,15894.0,15650.0,15812.0,15650.0,15835.0,15650.0,244.0,122.55327907307425,1.0,0.0,1.0,0.0,1.0,1.0,1.0,1.0,1.0,0.516910522759586,1.0,升壓,低<18,False,0.4,2.0,0.0,0.2,0.2,2.0,0.0,0.2,0.2,4.0,0.1,0.4,1.0,1.0,0.3333333333333333,0.3333333333333333,0.2,0.2,0.1,0.1,1.0
2023-05-18,16026.0,16085.0,15960.0,16049.0,15960.0,16082.0,15960.0,125.0,134.11963344706717,0.0,0.0,0.0,0.0,0.0,0.0,0.0,0.0,0.0,1.5335087816663493,0.0,升壓,低<18,False,0.6,3.0,0.2,0.2,0.3,3.0,0.1,0.3,0.25,5.0,0.15,0.4,0.0,0.0,0.0,0.0,0.0,0.0,0.1,0.0,1.0
2023-05-19,16153.0,16161.0,16068.0,16161.0,16068.0,16161.0,16068.0,93.0,133.25109692829886,0.0,0.0,0.0,0.0,0.0,0.0,0.0,0.0,0.0,0.8853440127265982,0.0,升壓,低<18,False,0.4,2.0,0.2,0.2,0.3,3.0,0.1,0.3,0.25,5.0,0.15,0.35,0.0,0.0,0.0,0.0,0.0,0.0,0.1,0.0,1.0
2023-05-22,16133.0,16158.0,16091.0,16158.0,16091.0,16158.0,16091.0,67.0,129.41765912560373,0.0,0.0,0.0,0.0,0.0,0.0,0.0,0.0,0.0,0.5803514662311045,1.0,升壓,低<18,False,0.4,2.0,0.2,0.2,0.3,3.0,0.1,0.3,0.25,5.0,0.15,0.3,0.0,0.0,0.0,0.0,0.0,0.0,0.2,0.1,0.0
2023-05-23,16149.0,16195.0,16072.0,16179.0,16072.0,16195.0,16072.0,123.0,123.47312016126052,0.0,0.0,0.0,0.0,0.0,0.0,0.0,0.0,0.0,0.4098384402729317,1.0,降壓,低<18,False,0.4,2.0,0.2,0.4,0.3,3.0,0.1,0.4,0.2,4.0,0.1,0.35,0.0,0.0,0.0,0.0,0.0,0.0,0.2,0.1,0.0
2023-05-24,16055.0,16091.0,16005.0,16086.0,16024.0,16086.0,16005.0,86.0,123.42806109828334,0.0,0.0,0.0,0.0,0.0,0.0,0.0,0.0,0.0,1.3244490441338774,0.0,降壓,低<18,False,0.2,1.0,0.2,0.6,0.3,3.0,0.1,0.4,0.2,4.0,0.1,0.35,0.0,0.0,0.0,0.0,0.0,0.0,0.2,0.1,0.0
2023-05-25,16132.0,16232.0,16125.0,16232.0,16125.0,16232.0,16125.0,107.0,119.86348385082778,0.0,0.0,0.0,0.0,0.0,0.0,0.0,0.0,0.0,1.337404078392045,0.0,升壓,低<18,False,0.0,0.0,0.0,0.4,0.3,3.0,0.1,0.3,0.15,3.0,0.05,0.3,0.0,0.0,0.0,0.0,0.2,0.0,0.3,0.1,0.0
2023-05-26,16362.0,16456.0,16346.0,16456.0,16346.0,16456.0,16346.0,110.0,118.63839015074895,0.0,0.0,0.0,0.0,0.0,0.0,0.0,0.0,0.0,1.8671277966841437,0.0,升壓,低<18,False,0.0,0.0,0.0,0.4,0.2,2.0,0.1,0.3,0.15,3.0,0.05,0.3,0.0,0.0,0.0,0.0,0.2,0.0,0.4,0.2,0.0
2023-05-29,16607.0,16633.0,16543.0,16633.0,16555.0,16633.0,16543.0,90.0,117.81568632686809,0.0,0.0,0.0,0.0,0.0,0.0,0.0,0.0,0.0,1.9603104099076991,0.0,升壓,低<18,False,0.0,0.0,0.0,0.4,0.2,2.0,0.1,0.3,0.15,3.0,0.05,0.25,0.0,0.0,0.3333333333333333,0.0,0.4,0.2,0.4,0.2,0.0
2023-05-30,16550.0,16607.0,16515.0,16607.0,16550.0,16607.0,16532.0,92.0,115.16657334335684,0.0,0.0,0.0,0.0,0.0,0.0,0.0,0.0,0.0,0.5353602459961097,1.0,升壓,低<18,False,0.0,0.0,0.0,0.2,0.2,2.0,0.1,0.3,0.15,3.0,0.05,0.25,0.0,0.0,0.3333333333333333,0.0,0.4,0.2,0.4,0.2,0.0
2023-05-31,16576.0,16598.0,16455.0,16598.0,16455.0,16598.0,16455.0,143.0,112.96023302494191,0.0,1.0,0.0,0.0,1.0,0.0,1.0,0.0,1.0,1.8701700884851187,0.0,升壓,低<18,False,0.0,0.0,0.0,0.2,0.1,1.0,0.1,0.4,0.15,3.0,0.05,0.3,1.0,0.0,0.6666666666666666,0.3333333333333333,0.4,0.2,0.5,0.3,0.0
2023-06-01,16440.0,16518.0,16422.0,16518.0,16422.0,16518.0,16422.0,96.0,115.82116321304268,0.0,0.0,0.0,0.0,0.0,0.0,0.0,0.0,0.0,1.2181084462884686,0.0,升壓,低<18,False,0.2,1.0,0.0,0.2,0.1,1.0,0.0,0.3,0.2,4.0,0.05,0.3,0.0,0.0,0.3333333333333333,0.3333333333333333,0.4,0.2,0.4,0.3,0.0
2023-06-02,16577.0,16738.0,16566.0,16677.0,16566.0,16700.0,16566.0,172.0,113.93343338322909,1.0,0.0,1.0,0.0,1.0,1.0,1.0,0.0,0.0,1.1524533736318567,0.0,升壓,低<18,False,0.2,1.0,0.0,0.2,0.1,1.0,0.0,0.3,0.2,4.0,0.05,0.3,1.0,1.0,0.3333333333333333,0.3333333333333333,0.6,0.4,0.4,0.3,1.0
2023-06-05,16750.0,16764.0,16657.0,16754.0,16664.0,16758.0,16664.0,107.0,119.46358258482631,0.0,0.0,0.0,0.0,0.0,0.0,0.0,0.0,0.0,0.6928550061924941,1.0,升壓,低<18,False,0.4,2.0,0.2,0.2,0.2,2.0,0.1,0.3,0.25,5.0,0.1,0.3,0.0,0.0,0.3333333333333333,0.0,0.4,0.2,0.3,0.2,1.0
2023-06-06,16687.0,16784.0,16680.0,16780.0,16680.0,16784.0,16680.0,104.0,118.27657471960475,0.0,0.0,0.0,0.0,0.0,0.0,0.0,0.0,0.0,0.6307408412339484,1.0,升壓,低<18,False,0.4,2.0,0.2,0.4,0.2,2.0,0.1,0.3,0.25,5.0,0.1,0.35,0.0,0.0,0.6666666666666666,0.3333333333333333,0.4,0.2,0.3,0.2,0.0
2023-06-07,16785.0,16906.0,16766.0,16862.0,16766.0,16877.0,16766.0,140.0,116.91690093678525,1.0,0.0,0.0,0.0,1.0,0.0,0.0,0.0,0.0,0.885977471524949,0.0,升壓,低<18,False,0.4,2.0,0.2,0.4,0.2,2.0,0.1,0.3,0.25,5.0,0.1,0.35,1.0,0.0,0.6666666666666666,0.3333333333333333,0.6,0.4,0.3,0.2,1.0
2023-06-08,16852.0,16867.0,16667.0,16867.0,16776.0,16867.0,16753.0,200.0,119.11529132375809,0.0,1.0,0.0,1.0,1.0,1.0,0.0,0.0,0.0,1.0348426952203127,0.0,升壓,低<18,False,0.4,2.0,0.2,0.4,0.3,3.0,0.1,0.3,0.3,6.0,0.1,0.3,1.0,1.0,0.3333333333333333,0.3333333333333333,0.4,0.4,0.2,0.2,1.0
2023-06-09,16802.0,16888.0,16785.0,16873.0,16785.0,16886.0,16785.0,103.0,126.8185969119716,0.0,0.0,0.0,0.0,0.0,0.0,0.0,0.0,0.0,1.1007592454798278,0.0,升壓,低<18,False,0.6,3.0,0.4,0.4,0.4,4.0,0.2,0.3,0.3,6.0,0.15,0.3,0.0,0.0,0.3333333333333333,0.3333333333333333,0.2,0.2,0.1,0.1,1.0
2023-06-12,16954.0,16984.0,16907.0,16984.0,16907.0,16984.0,16907.0,77.0,124.55015911083144,0.0,0.0,0.0,0.0,0.0,0.0,0.0,0.0,0.0,1.150391719519059,0.0,升壓,低<18,False,0.4,2.0,0.2,0.4,0.4,4.0,0.2,0.3,0.3,6.0,0.15,0.3,0.0,0.0,0.3333333333333333,0.3333333333333333,0.2,0.2,0.1,0.1,0.0
2023-06-13,17088.0,17274.0,17081.0,17216.0,17081.0,17244.0,17081.0,193.0,120.0215725288475,1.0,0.0,1.0,0.0,1.0,1.0,1.0,1.0,1.0,1.320350592685118,0.0,升壓,低<18,False,0.4,2.0,0.2,0.2,0.4,4.0,0.2,0.3,0.3,6.0,0.15,0.3,1.0,1.0,0.3333333333333333,0.3333333333333333,0.2,0.2,0.1,0.1,1.0
2023-06-14,17199.0,17230.0,17133.0,17228.0,17133.0,17228.0,17133.0,97.0,126.97189895467154,0.0,0.0,0.0,0.0,0.0,0.0,0.0,0.0,0.0,1.0266505538509043,0.0,升壓,低<18,False,0.6,3.0,0.4,0.0,0.5,5.0,0.3,0.2,0.3,6.0,0.2,0.3,0.0,0.0,0.0,0.0,0.0,0.0,0.1,0.0,1.0
2023-06-15,17250.0,17348.0,17230.0,17310.0,17230.0,17310.0,17230.0,118.0,124.11743238755997,0.0,0.0,0.0,0.0,0.0,0.0,0.0,0.0,0.0,0.9667044837968405,0.0,升壓,低<18,False,0.4,2.0,0.4,0.0,0.4,4.0,0.3,0.2,0.25,5.0,0.15,0.25,0.0,0.0,0.0,0.0,0.0,0.0,0.1,0.0,0.0
2023-06-16,17292.0,17322.0,17215.0,17318.0,17215.0,17318.0,17215.0,107.0,123.53481977922092,0.0,0.0,0.0,0.0,0.0,0.0,0.0,0.0,0.0,0.780754808267096,1.0,升壓,低<18,False,0.2,1.0,0.2,0.0,0.4,4.0,0.3,0.2,0.25,5.0,0.15,0.25,0.0,0.0,0.0,0.0,0.0,0.0,0.2,0.0,0.0
2023-06-19,17194.0,17286.0,17160.0,17268.0,17160.0,17286.0,17160.0,126.0,121.96007503834274,0.0,0.0,0.0,0.0,0.0,0.0,0.0,0.0,0.0,0.8729486527605803,0.0,升壓,低<18,False,0.2,1.0,0.2,0.2,0.3,3.0,0.2,0.3,0.25,5.0,0.15,0.3,0.0,0.0,0.0,0.0,0.0,0.0,0.2,0.0,0.0
2023-06-20,17210.0,17238.0,17106.0,17238.0,17106.0,17238.0,17106.0,132.0,122.3448297965958,0.0,0.0,0.0,0.0,0.0,0.0,0.0,0.0,0.0,0.5182893271517339,1.0,升壓,低<18,False,0.2,1.0,0.2,0.2,0.3,3.0,0.2,0.2,0.25,5.0,0.15,0.25,0.0,0.0,0.0,0.0,0.0,0.0,0.2,0.0,1.0
2023-06-21,16966.0,17051.0,16956.0,17005.0,16956.0,17005.0,16956.0,95.0,123.26436981596763,0.0,0.0,0.0,0.0,0.0,0.0,0.0,0.0,0.0,0.614450993298504,1.0,升壓,低<18,False,0.0,0.0,0.0,0.4,0.3,3.0,0.2,0.2,0.25,5.0,0.15,0.25,0.0,0.0,0.0,0.0,0.2,0.0,0.3,0.1,0.0
2023-06-26,16851.0,16915.0,16822.0,16915.0,16822.0,16915.0,16822.0,93.0,120.57252507158975,0.0,0.0,0.0,0.0,0.0,0.0,0.0,0.0,0.0,1.044632631635375,0.0,降壓,低<18,False,0.0,0.0,0.0,0.6,0.2,2.0,0.2,0.3,0.25,5.0,0.15,0.3,0.0,0.0,0.0,0.0,0.2,0.0,0.4,0.1,0.0
2023-06-27,16805.0,16855.0,16705.0,16855.0,16743.0,16855.0,16736.0,150.0,117.94657030286692,0.0,0.0,0.0,0.0,0.0,0.0,0.0,0.0,0.0,1.0678271996057396,0.0,升壓,低<18,False,0.0,0.0,0.0,0.6,0.1,1.0,0.1,0.3,0.25,5.0,0.15,0.3,0.0,0.0,0.3333333333333333,0.0,0.4,0.0,0.4,0.1,1.0
2023-06-28,16795.0,16810.0,16712.0,16810.0,16712.0,16810.0,16712.0,98.0,120.99927789307007,0.0,0.0,0.0,0.0,0.0,0.0,0.0,0.0,0.0,1.1067052135548852,0.0,降壓,低<18,False,0.0,0.0,0.0,0.4,0.1,1.0,0.1,0.3,0.25,5.0,0.15,0.3,0.0,0.0,0.3333333333333333,0.0,0.4,0.0,0.4,0.1,0.0
2023-06-29,16851.0,16965.0,16733.0,16965.0,16804.0,16965.0,16737.0,232.0,118.80887047468245,0.0,1.0,0.0,0.0,1.0,0.0,0.0,0.0,0.0,0.9325939858081959,0.0,升壓,低<18,False,0.0,0.0,0.0,0.4,0.1,1.0,0.1,0.3,0.25,5.0,0.15,0.3,1.0,0.0,0.6666666666666666,0.0,0.4,0.0,0.4,0.1,1.0
2023-06-30,16718.0,16826.0,16671.0,16768.0,16671.0,16768.0,16671.0,155.0,129.58897804852222,0.0,0.0,0.0,0.0,0.0,0.0,0.0,0.0,0.0,0.6287839818627414,1.0,升壓,低<18,False,0.2,1.0,0.0,0.2,0.1,1.0,0.0,0.3,0.3,6.0,0.15,0.25,0.0,0.0,0.3333333333333333,0.0,0.4,0.2,0.3,0.1,1.0
2023-07-03,16901.0,17038.0,16897.0,17030.0,16897.0,17030.0,16897.0,141.0,132.00907537723438,1.0,0.0,0.0,0.0,1.0,0.0,1.0,0.0,1.0,1.2280830047870233,0.0,升壓,低<18,False,0.2,1.0,0.0,0.2,0.1,1.0,0.0,0.4,0.25,5.0,0.15,0.3,1.0,0.0,0.3333333333333333,0.0,0.6,0.2,0.3,0.1,1.0
2023-07-04,17025.0,17116.0,16983.0,17072.0,16983.0,17079.0,16983.0,133.0,132.86535391273586,0.0,0.0,0.0,0.0,0.0,0.0,0.0,0.0,0.0,0.7859057544314293,1.0,升壓,低<18,False,0.4,2.0,0.0,0.2,0.2,2.0,0.0,0.4,0.3,6.0,0.15,0.3,0.0,0.0,0.3333333333333333,0.3333333333333333,0.4,0.2,0.2,0.1,1.0
2023-07-05,17086.0,17098.0,16975.0,17098.0,17009.0,17098.0,17009.0,123.0,132.87817734961814,0.0,0.0,0.0,0.0,0.0,0.0,0.0,0.0,0.0,0.40585112757232966,1.0,升壓,低<18,False,0.4,2.0,0.0,0.4,0.2,2.0,0.0,0.4,0.25,5.0,0.1,0.35,0.0,0.0,0.6666666666666666,0.3333333333333333,0.4,0.2,0.3,0.2,1.0
2023-07-06,16869.0,16898.0,16673.0,16898.0,16816.0,16898.0,16716.0,225.0,131.9373985544164,0.0,1.0,0.0,1.0,1.0,1.0,1.0,0.0,0.0,0.7803517457464528,1.0,升壓,低<18,False,0.4,2.0,0.0,0.6,0.2,2.0,0.0,0.5,0.25,5.0,0.1,0.35,1.0,1.0,0.6666666666666666,0.3333333333333333,0.4,0.2,0.4,0.2,1.0
2023-07-07,16566.0,16708.0,16536.0,16635.0,16536.0,16708.0,16536.0,172.0,140.8005034539958,1.0,0.0,0.0,0.0,1.0,0.0,1.0,0.0,0.0,2.002779786669483,0.0,升壓,低<18,False,0.4,2.0,0.2,0.8,0.3,3.0,0.1,0.5,0.3,6.0,0.15,0.35,1.0,0.0,0.3333333333333333,0.0,0.2,0.0,0.3,0.1,1.0
2023-07-10,16675.0,16737.0,16545.0,16737.0,16653.0,16737.0,16560.0,192.0,143.77188407742477,0.0,0.0,0.0,0.0,0.0,0.0,0.0,0.0,0.0,1.80020071854019,0.0,升壓,低<18,False,0.6,3.0,0.2,0.6,0.4,4.0,0.1,0.4,0.3,6.0,0.15,0.35,0.0,0.0,0.0,0.0,0.0,0.0,0.2,0.1,1.0
2023-07-11,16750.0,16877.0,16737.0,16852.0,16737.0,16876.0,16737.0,140.0,148.36503797481288,0.0,0.0,0.0,0.0,0.0,0.0,0.0,0.0,0.0,1.3953804665492466,0.0,升壓,低<18,False,0.4,2.0,0.2,0.6,0.4,4.0,0.1,0.4,0.25,5.0,0.1,0.35,0.0,0.0,0.0,0.0,0.0,0.0,0.2,0.1,1.0
2023-07-12,16880.0,16929.0,16824.0,16899.0,16824.0,16925.0,16824.0,105.0,147.56836769149737,0.0,0.0,0.0,0.0,0.0,0.0,0.0,0.0,0.0,1.0774654974038569,0.0,升壓,低<18,False,0.4,2.0,0.2,0.4,0.4,4.0,0.1,0.4,0.25,5.0,0.1,0.35,0.0,0.0,0.0,0.0,0.2,0.2,0.2,0.1,1.0
2023-07-13,17137.0,17255.0,17056.0,17249.0,17113.0,17255.0,17113.0,199.0,143.5142374351643,0.0,0.0,0.0,0.0,0.0,0.0,0.0,0.0,0.0,1.8904108030181186,0.0,升壓,低<18,False,0.4,2.0,0.2,0.2,0.4,4.0,0.1,0.4,0.25,5.0,0.1,0.35,0.0,0.0,0.0,0.0,0.4,0.2,0.2,0.1,1.0
2023-07-14,17219.0,17305.0,17143.0,17235.0,17143.0,17295.0,17143.0,162.0,148.79859577467246,0.0,0.0,0.0,0.0,0.0,0.0,0.0,0.0,0.0,1.2764027352673115,0.0,升壓,低<18,False,0.2,1.0,0.0,0.0,0.3,3.0,0.1,0.4,0.2,4.0,0.05,0.35,0.0,0.0,0.3333333333333333,0.3333333333333333,0.4,0.2,0.2,0.1,1.0
2023-07-17,17234.0,17345.0,17229.0,17336.0,17229.0,17345.0,17229.0,116.0,150.0558723675608,0.0,0.0,0.0,0.0,0.0,0.0,0.0,0.0,0.0,1.0053574699851642,0.0,升壓,低<18,False,0.0,0.0,0.0,0.0,0.3,3.0,0.1,0.3,0.2,4.0,0.05,0.35,0.0,0.0,0.6666666666666666,0.3333333333333333,0.4,0.2,0.2,0.1,1.0
2023-07-18,17338.0,17386.0,17152.0,17386.0,17152.0,17386.0,17152.0,234.0,146.81245595160263,0.0,1.0,0.0,1.0,1.0,1.0,1.0,1.0,1.0,0.7815459266065098,1.0,升壓,低<18,False,0.0,0.0,0.0,0.0,0.2,2.0,0.1,0.3,0.2,4.0,0.05,0.35,1.0,1.0,0.6666666666666666,0.3333333333333333,0.4,0.2,0.3,0.2,1.0
2023-07-19,17213.0,17269.0,17047.0,17269.0,17125.0,17269.0,17125.0,222.0,155.1160315752595,0.0,1.0,0.0,0.0,1.0,0.0,0.0,0.0,0.0,0.8893689146136246,0.0,升壓,低<18,False,0.2,1.0,0.2,0.2,0.3,3.0,0.2,0.3,0.25,5.0,0.1,0.35,1.0,0.0,0.3333333333333333,0.0,0.2,0.0,0.2,0.1,1.0
2023-07-20,17020.0,17150.0,17018.0,17150.0,17018.0,17150.0,17018.0,132.0,161.4859333299967,0.0,0.0,0.0,0.0,0.0,0.0,0.0,0.0,0.0,0.9833456138143741,0.0,升壓,低<18,False,0.4,2.0,0.2,0.2,0.4,4.0,0.2,0.2,0.3,6.0,0.1,0.35,0.0,0.0,0.0,0.0,0.0,0.0,0.2,0.2,1.0
2023-07-21,16860.0,16984.0,16816.0,16958.0,16816.0,16984.0,16816.0,168.0,158.67774920333034,0.0,0.0,0.0,0.0,0.0,0.0,0.0,0.0,0.0,1.4311941579514538,0.0,升壓,低<18,False,0.4,2.0,0.2,0.2,0.3,3.0,0.1,0.1,0.3,6.0,0.1,0.3,0.0,0.0,0.0,0.0,0.0,0.0,0.2,0.2,1.0
2023-07-24,16947.0,17024.0,16866.0,17016.0,16866.0,17024.0,16866.0,158.0,159.56558261253699,0.0,0.0,0.0,0.0,0.0,0.0,0.0,0.0,0.0,0.6060677204138436,1.0,升壓,低<18,False,0.4,2.0,0.2,0.2,0.2,2.0,0.1,0.1,0.3,6.0,0.1,0.25,0.0,0.0,0.0,0.0,0.0,0.0,0.2,0.2,1.0
2023-07-25,17091.0,17225.0,17054.0,17188.0,17054.0,17188.0,17054.0,171.0,159.41647950658108,0.0,0.0,0.0,0.0,0.0,0.0,0.0,0.0,0.0,0.9368589866957973,0.0,升壓,低<18,False,0.4,2.0,0.2,0.4,0.2,2.0,0.1,0.2,0.3,6.0,0.1,0.3,0.0,0.0,0.0,0.0,0.2,0.2,0.3,0.3,1.0
2023-07-26,17206.0,17208.0,17078.0,17208.0,17086.0,17208.0,17086.0,130.0,160.51967193452575,0.0,0.0,0.0,0.0,0.0,0.0,0.0,0.0,0.0,0.5639709573963109,1.0,降壓,低<18,False,0.2,1.0,0.0,0.2,0.2,2.0,0.1,0.2,0.3,6.0,0.1,0.3,0.0,0.0,0.0,0.0,0.2,0.2,0.3,0.3,0.0
2023-07-27,17183.0,17263.0,17168.0,17262.0,17168.0,17263.0,17168.0,95.0,157.61303651218995,0.0,0.0,0.0,0.0,0.0,0.0,0.0,0.0,0.0,1.3218971067412586,0.0,升壓,低<18,False,0.0,0.0,0.0,0.4,0.2,2.0,0.1,0.3,0.3,6.0,0.1,0.35,0.0,0.0,0.3333333333333333,0.3333333333333333,0.4,0.4,0.4,0.3,0.0
2023-07-28,17155.0,17299.0,17135.0,17237.0,17135.0,17288.0,17135.0,164.0,151.64989017769568,0.0,0.0,0.0,0.0,0.0,0.0,0.0,0.0,0.0,1.7361717170724096,0.0,降壓,低<18,False,0.0,0.0,0.0,0.4,0.2,2.0,0.1,0.3,0.25,5.0,0.1,0.35,0.0,0.0,0.3333333333333333,0.3333333333333333,0.4,0.4,0.4,0.3,0.0
2023-07-31,17400.0,17425.0,17058.0,17425.0,17312.0,17425.0,17141.0,367.0,152.82609111315324,0.0,1.0,0.0,1.0,1.0,1.0,1.0,1.0,0.0,0.803902388839792,0.0,升壓,低<18,False,0.0,0.0,0.0,0.4,0.2,2.0,0.1,0.3,0.25,5.0,0.1,0.3,1.0,1.0,0.6666666666666666,0.6666666666666666,0.4,0.4,0.5,0.4,1.0
2023-08-01,17160.0,17218.0,17090.0,17218.0,17090.0,17218.0,17090.0,128.0,173.22360624523387,0.0,0.0,0.0,0.0,0.0,0.0,0.0,0.0,0.0,0.5436520842407863,1.0,升壓,低<18,False,0.2,1.0,0.2,0.2,0.3,3.0,0.2,0.3,0.25,5.0,0.15,0.3,0.0,0.0,0.3333333333333333,0.3333333333333333,0.4,0.4,0.4,0.3,1.0
2023-08-02,17093.0,17162.0,16806.0,17162.0,16921.0,17162.0,16855.0,356.0,168.91659612664017,0.0,1.0,0.0,1.0,1.0,1.0,1.0,1.0,1.0,0.7318527174016574,1.0,升壓,低<18,False,0.2,1.0,0.2,0.4,0.2,2.0,0.1,0.3,0.25,5.0,0.15,0.3,1.0,1.0,0.3333333333333333,0.3333333333333333,0.4,0.4,0.4,0.3,1.0
2023-08-04,16720.0,16863.0,16715.0,16835.0,16715.0,16863.0,16715.0,148.0,186.73406316219825,0.0,0.0,0.0,0.0,0.0,0.0,0.0,0.0,0.0,1.2224251768020817,0.0,升壓,低<18,False,0.4,2.0,0.4,0.4,0.2,2.0,0.2,0.4,0.3,6.0,0.2,0.3,0.0,0.0,0.3333333333333333,0.3333333333333333,0.4,0.2,0.4,0.3,1.0
2023-08-07,16859.0,17027.0,16836.0,16952.0,16836.0,17022.0,16836.0,191.0,183.0451047657984,0.0,0.0,0.0,0.0,0.0,0.0,0.0,0.0,0.0,1.5569698627374609,0.0,升壓,低<18,False,0.4,2.0,0.4,0.4,0.2,2.0,0.2,0.4,0.25,5.0,0.15,0.25,0.0,0.0,0.3333333333333333,0.3333333333333333,0.4,0.2,0.4,0.3,1.0
2023-08-08,17020.0,17026.0,16757.0,17026.0,16757.0,17026.0,16757.0,269.0,183.8027138357224,0.0,1.0,0.0,1.0,1.0,1.0,1.0,1.0,1.0,0.8841526734844364,0.0,升壓,低<18,False,0.4,2.0,0.4,0.4,0.2,2.0,0.2,0.4,0.2,4.0,0.15,0.25,1.0,1.0,0.6666666666666666,0.3333333333333333,0.6,0.4,0.4,0.3,1.0
2023-08-09,16815.0,16935.0,16780.0,16935.0,16785.0,16935.0,16785.0,155.0,191.9167410894631,0.0,0.0,0.0,0.0,0.0,0.0,0.0,0.0,0.0,1.1719879212374469,0.0,升壓,低<18,False,0.4,2.0,0.4,0.4,0.3,3.0,0.3,0.3,0.25,5.0,0.2,0.25,0.0,0.0,0.3333333333333333,0.0,0.4,0.2,0.3,0.2,1.0
2023-08-10,16788.0,16797.0,16584.0,16797.0,16584.0,16797.0,16584.0,213.0,188.40086098570472,0.0,1.0,0.0,0.0,1.0,0.0,1.0,0.0,1.0,1.3600670978137386,0.0,升壓,低<18,False,0.4,2.0,0.4,0.2,0.3,3.0,0.3,0.3,0.25,5.0,0.2,0.25,1.0,0.0,0.6666666666666666,0.3333333333333333,0.4,0.2,0.3,0.2,1.0
2023-08-11,16711.0,16754.0,16574.0,16754.0,16587.0,16754.0,16574.0,180.0,190.74363612992332,0.0,0.0,0.0,0.0,0.0,0.0,0.0,0.0,0.0,1.1791885302583207,0.0,升壓,低<18,False,0.4,2.0,0.2,0.0,0.4,4.0,0.3,0.2,0.3,6.0,0.2,0.25,0.0,0.0,0.3333333333333333,0.3333333333333333,0.4,0.4,0.2,0.2,1.0
2023-08-14,16567.0,16570.0,16306.0,16570.0,16332.0,16570.0,16320.0,264.0,189.72043268897824,0.0,1.0,0.0,1.0,1.0,1.0,1.0,1.0,1.0,0.7096949603771803,1.0,升壓,低<18,False,0.4,2.0,0.2,0.0,0.4,4.0,0.3,0.2,0.3,6.0,0.2,0.25,1.0,1.0,0.3333333333333333,0.3333333333333333,0.4,0.4,0.2,0.2,1.0
2023-08-15,16471.0,16540.0,16422.0,16540.0,16460.0,16540.0,16431.0,118.0,196.79467719478984,0.0,0.0,0.0,0.0,0.0,0.0,0.0,0.0,0.0,1.0984251492368138,0.0,升壓,低<18,False,0.6,3.0,0.4,0.2,0.5,5.0,0.4,0.3,0.35,7.0,0.25,0.3,0.0,0.0,0.3333333333333333,0.3333333333333333,0.2,0.2,0.1,0.1,0.0
2023-08-16,16300.0,16413.0,16290.0,16413.0,16290.0,16413.0,16290.0,123.0,189.29042222385746,0.0,0.0,0.0,0.0,0.0,0.0,0.0,0.0,0.0,0.816168244662538,0.0,升壓,低<18,False,0.4,2.0,0.2,0.2,0.4,4.0,0.3,0.3,0.35,7.0,0.25,0.3,0.0,0.0,0.3333333333333333,0.3333333333333333,0.2,0.2,0.1,0.1,0.0
2023-08-17,16261.0,16493.0,16205.0,16387.0,16205.0,16493.0,16205.0,288.0,182.97704867872818,1.0,0.0,1.0,0.0,1.0,1.0,1.0,1.0,0.0,,,升壓,低<18,False,0.4,2.0,0.2,0.2,0.4,4.0,0.3,0.2,0.3,6.0,0.2,0.25,1.0,1.0,0.3333333333333333,0.3333333333333333,0.2,0.2,0.1,0.1,1.0
2023-08-18,16422.0,16541.0,16320.0,16541.0,16392.0,16541.0,16358.0,221.0,192.9792345188493,0.0,0.0,0.0,0.0,0.0,0.0,0.0,0.0,0.0,1.1367640301103084,0.0,升壓,低<18,False,0.4,2.0,0.4,,0.4,4.0,0.3,,0.3,6.0,0.25,,0.0,0.0,0.0,0.0,0.0,0.0,0.0,0.0,1.0
2023-08-21,16424.0,16474.0,16325.0,16474.0,16328.0,16474.0,16328.0,149.0,195.64787885038746,0.0,0.0,0.0,0.0,0.0,0.0,0.0,0.0,0.0,0.9135434748070721,0.0,升壓,低<18,False,0.4,2.0,0.4,,0.4,4.0,0.3,,0.3,6.0,0.25,,0.0,0.0,0.0,0.0,0.0,0.0,0.0,0.0,0.0
2023-08-22,16495.0,16507.0,16380.0,16507.0,16380.0,16507.0,16380.0,127.0,191.20522372177913,0.0,0.0,0.0,0.0,0.0,0.0,0.0,0.0,0.0,1.0806934816232305,0.0,升壓,低<18,False,0.2,1.0,0.2,,0.4,4.0,0.3,,0.3,6.0,0.25,,0.0,0.0,0.0,0.0,0.0,0.0,0.0,0.0,0.0
2023-08-23,16419.0,16561.0,16405.0,16538.0,16405.0,16552.0,16405.0,156.0,185.0904405101811,0.0,0.0,0.0,0.0,0.0,0.0,0.0,0.0,0.0,0.9932773123642109,0.0,降壓,低<18,False,0.2,1.0,0.2,,0.3,3.0,0.2,,0.3,6.0,0.25,,0.0,0.0,0.0,0.0,0.0,0.0,0.0,0.0,0.0
2023-08-24,16788.0,16798.0,16670.0,16798.0,16692.0,16798.0,16692.0,128.0,182.31992236635435,0.0,0.0,0.0,0.0,0.0,0.0,0.0,0.0,0.0,1.778961426563681,0.0,降壓,低<18,False,0.2,1.0,0.2,,0.3,3.0,0.2,,0.3,6.0,0.25,,0.0,0.0,0.0,0.0,0.0,0.0,0.0,0.0,0.0
2023-08-25,16549.0,16586.0,16415.0,16586.0,16502.0,16586.0,16463.0,171.0,177.14659642670156,0.0,0.0,0.0,0.0,0.0,0.0,0.0,0.0,0.0,1.682920060304466,0.0,升壓,低<18,False,0.0,0.0,0.0,0.0,0.2,2.0,0.2,,0.3,6.0,0.25,,0.0,0.0,0.0,0.0,0.0,0.0,0.0,0.0,0.0
2023-08-28,16468.0,16548.0,16461.0,16544.0,16464.0,16548.0,16464.0,87.0,176.56120629082523,0.0,0.0,0.0,0.0,0.0,0.0,0.0,0.0,0.0,0.9128340817913612,0.0,降壓,低<18,False,0.0,0.0,0.0,0.0,0.2,2.0,0.2,,0.3,6.0,0.25,,0.0,0.0,0.0,0.0,0.0,0.0,0.0,0.0,0.0
2023-08-29,16578.0,16632.0,16453.0,16581.0,16453.0,16581.0,16453.0,179.0,168.03156759646092,0.0,0.0,0.0,0.0,0.0,0.0,0.0,0.0,0.0,0.7236841258761153,1.0,降壓,低<18,False,0.0,0.0,0.0,0.0,0.1,1.0,0.1,,0.3,6.0,0.25,,0.0,0.0,0.0,0.0,0.0,0.0,0.1,0.1,0.0
2023-08-30,16738.0,16778.0,16695.0,16778.0,16724.0,16778.0,16695.0,83.0,169.0761802063218,0.0,0.0,0.0,0.0,0.0,0.0,0.0,0.0,0.0,0.9649121758241135,0.0,降壓,低<18,False,0.0,0.0,0.0,0.2,0.1,1.0,0.1,,0.25,5.0,0.2,,0.0,0.0,0.0,0.0,0.0,0.0,0.1,0.1,0.0
2023-08-31,16730.0,16731.0,16602.0,16731.0,16624.0,16731.0,16624.0,129.0,160.87844875810066,0.0,0.0,0.0,0.0,0.0,0.0,0.0,0.0,0.0,0.49061525255856964,1.0,降壓,低<18,False,0.0,0.0,0.0,0.2,0.1,1.0,0.1,,0.25,5.0,0.2,,0.0,0.0,0.0,0.0,0.0,0.0,0.1,0.1,0.0
2023-09-01,16608.0,16727.0,16600.0,16727.0,16600.0,16727.0,16600.0,127.0,157.84240601923392,0.0,0.0,0.0,0.0,0.0,0.0,0.0,0.0,0.0,0.9281338575201634,0.0,降壓,低<18,False,0.0,0.0,0.0,0.4,0.0,0.0,0.0,0.2,0.2,4.0,0.15,,0.0,0.0,0.0,0.0,0.0,0.0,0.2,0.1,0.0
2023-09-04,16646.0,16782.0,16607.0,16733.0,16607.0,16752.0,16607.0,175.0,154.90503401740213,0.0,0.0,0.0,0.0,0.0,0.0,0.0,0.0,0.0,0.7545465660103025,1.0,降壓,低<18,False,0.0,0.0,0.0,0.4,0.0,0.0,0.0,0.2,0.2,4.0,0.15,,0.0,0.0,0.0,0.0,0.0,0.0,0.2,0.1,0.0
2023-09-05,16736.0,16765.0,16707.0,16758.0,16707.0,16758.0,16707.0,58.0,156.81884030145906,0.0,0.0,0.0,0.0,0.0,0.0,0.0,0.0,0.0,0.4819936306133989,1.0,降壓,低<18,False,0.0,0.0,0.0,0.6,0.0,0.0,0.0,0.3,0.2,4.0,0.15,,0.0,0.0,0.0,0.0,0.2,0.2,0.2,0.1,0.0
2023-09-06,16758.0,16801.0,16702.0,16801.0,16711.0,16801.0,16708.0,99.0,147.40752217751057,0.0,0.0,0.0,0.0,0.0,0.0,0.0,0.0,0.0,0.6784936531626231,1.0,降壓,低<18,False,0.0,0.0,0.0,0.6,0.0,0.0,0.0,0.4,0.15,3.0,0.1,,0.0,0.0,0.0,0.0,0.2,0.2,0.2,0.1,0.0
2023-09-07,16604.0,16660.0,16560.0,16660.0,16576.0,16660.0,16576.0,100.0,142.7972819701286,0.0,0.0,0.0,0.0,0.0,0.0,0.0,0.0,0.0,1.0921908414726988,0.0,降壓,低<18,False,0.0,0.0,0.0,0.8,0.0,0.0,0.0,0.5,0.15,3.0,0.1,,0.0,0.0,0.3333333333333333,0.3333333333333333,0.2,0.2,0.2,0.1,0.0
2023-09-08,16490.0,16579.0,16467.0,16552.0,16467.0,16569.0,16467.0,112.0,138.72135035392589,0.0,0.0,0.0,0.0,0.0,0.0,0.0,0.0,0.0,0.9454430493475156,0.0,降壓,低<18,False,0.0,0.0,0.0,0.6,0.0,0.0,0.0,0.5,0.1,2.0,0.1,,0.0,0.0,0.3333333333333333,0.3333333333333333,0.4,0.2,0.3,0.2,0.0
2023-09-11,16560.0,16577.0,16366.0,16577.0,16406.0,16577.0,16366.0,211.0,136.1764598440282,0.0,1.0,0.0,1.0,1.0,1.0,1.0,1.0,1.0,0.5594985712609297,1.0,降壓,低<18,False,0.0,0.0,0.0,0.6,0.0,0.0,0.0,0.5,0.1,2.0,0.1,,1.0,1.0,0.3333333333333333,0.3333333333333333,0.4,0.2,0.4,0.2,0.0
2023-09-12,16459.0,16591.0,16413.0,16494.0,16413.0,16562.0,16413.0,178.0,143.30251128745408,0.0,0.0,0.0,0.0,0.0,0.0,0.0,0.0,0.0,0.6399986744755446,1.0,升壓,低<18,False,0.2,1.0,0.2,0.6,0.1,1.0,0.1,0.6,0.1,2.0,0.1,,0.0,0.0,0.3333333333333333,0.0,0.2,0.0,0.3,0.1,1.0
2023-09-13,16570.0,16645.0,16523.0,16645.0,16555.0,16645.0,16535.0,122.0,146.60703402198226,0.0,0.0,0.0,0.0,0.0,0.0,0.0,0.0,0.0,0.7207086606986766,1.0,降壓,低<18,False,0.2,1.0,0.2,0.6,0.1,1.0,0.1,0.6,0.1,2.0,0.1,,0.0,0.0,0.3333333333333333,0.0,0.2,0.0,0.3,0.1,0.0
2023-09-14,16676.0,16842.0,16675.0,16785.0,16675.0,16786.0,16675.0,167.0,144.26350697226965,1.0,0.0,0.0,0.0,1.0,0.0,0.0,0.0,0.0,0.9872036846701132,0.0,升壓,低<18,False,0.2,1.0,0.2,0.6,0.1,1.0,0.1,0.7,0.1,2.0,0.1,,1.0,0.0,0.3333333333333333,0.0,0.2,0.0,0.3,0.1,1.0
2023-09-15,16848.0,16918.0,16808.0,16883.0,16808.0,16883.0,16808.0,110.0,146.42888726062492,0.0,0.0,0.0,0.0,0.0,0.0,0.0,0.0,0.0,0.5964532570537946,1.0,降壓,低<18,False,0.4,2.0,0.2,0.6,0.2,2.0,0.1,0.6,0.1,2.0,0.05,0.4,0.0,0.0,0.0,0.0,0.2,0.2,0.2,0.1,0.0
2023-09-18,16757.0,16796.0,16700.0,16796.0,16734.0,16796.0,16726.0,96.0,142.9594694262797,0.0,0.0,0.0,0.0,0.0,0.0,0.0,0.0,0.0,1.7279590490487167,0.0,降壓,低<18,False,0.4,2.0,0.2,0.8,0.2,2.0,0.1,0.7,0.1,2.0,0.05,0.45,0.0,0.0,0.0,0.0,0.4,0.2,0.2,0.1,0.0
2023-09-19,16700.0,16741.0,16603.0,16741.0,16673.0,16741.0,16655.0,138.0,138.48713900472924,0.0,0.0,0.0,0.0,0.0,0.0,0.0,0.0,0.0,0.8038204444531669,0.0,降壓,低<18,False,0.2,1.0,0.0,0.6,0.2,2.0,0.1,0.6,0.1,2.0,0.05,0.45,0.0,0.0,0.3333333333333333,0.3333333333333333,0.4,0.2,0.2,0.1,0.0
2023-09-20,16620.0,16658.0,16544.0,16658.0,16567.0,16658.0,16567.0,114.0,138.44074481380264,0.0,0.0,0.0,0.0,0.0,0.0,0.0,0.0,0.0,0.95423814713399,0.0,降壓,低<18,False,0.2,1.0,0.0,0.4,0.2,2.0,0.1,0.5,0.1,2.0,0.05,0.45,0.0,0.0,0.6666666666666666,0.3333333333333333,0.4,0.2,0.2,0.1,0.0
2023-09-21,16479.0,16483.0,16280.0,16483.0,16306.0,16483.0,16298.0,203.0,136.11305483153572,0.0,1.0,0.0,1.0,1.0,1.0,1.0,1.0,1.0,1.2467878901910974,0.0,升壓,低<18,False,0.2,1.0,0.0,0.2,0.2,2.0,0.1,0.4,0.1,2.0,0.05,0.45,1.0,1.0,0.6666666666666666,0.3333333333333333,0.4,0.2,0.3,0.2,1.0
2023-09-22,16200.0,16355.0,16188.0,16315.0,16188.0,16325.0,16188.0,167.0,142.48324008567516,1.0,0.0,0.0,0.0,1.0,0.0,0.0,0.0,0.0,1.002700502929001,0.0,升壓,低<18,False,0.2,1.0,0.2,0.2,0.3,3.0,0.2,0.4,0.15,3.0,0.1,0.45,1.0,0.0,0.3333333333333333,0.0,0.2,0.0,0.2,0.1,1.0
2023-09-25,16352.0,16491.0,16340.0,16446.0,16340.0,16471.0,16340.0,151.0,144.81816960132514,0.0,0.0,0.0,0.0,0.0,0.0,0.0,0.0,0.0,0.7373338749627579,1.0,升壓,低<18,False,0.4,2.0,0.2,0.0,0.4,4.0,0.2,0.4,0.2,4.0,0.1,0.45,0.0,0.0,0.0,0.0,0.0,0.0,0.2,0.2,1.0
2023-09-26,16400.0,16408.0,16273.0,16408.0,16286.0,16408.0,16276.0,135.0,145.40691535357988,0.0,0.0,0.0,0.0,0.0,0.0,0.0,0.0,0.0,0.8667159397911904,0.0,升壓,低<18,False,0.4,2.0,0.2,0.2,0.3,3.0,0.1,0.4,0.2,4.0,0.1,0.5,0.0,0.0,0.0,0.0,0.0,0.0,0.2,0.2,1.0
2023-09-27,16246.0,16334.0,16230.0,16334.0,16230.0,16334.0,16230.0,104.0,144.41578055800085,0.0,0.0,0.0,0.0,0.0,0.0,0.0,0.0,0.0,1.2479371537509782,0.0,升壓,低<18,False,0.4,2.0,0.2,0.2,0.3,3.0,0.1,0.3,0.2,4.0,0.1,0.45,0.0,0.0,0.0,0.0,0.0,0.0,0.2,0.2,0.0
2023-09-28,16342.0,16435.0,16295.0,16435.0,16336.0,16435.0,16295.0,140.0,140.56665860009602,0.0,0.0,0.0,0.0,0.0,0.0,0.0,0.0,0.0,1.0762145591598768,0.0,升壓,低<18,False,0.4,2.0,0.2,0.2,0.3,3.0,0.1,0.2,0.2,4.0,0.1,0.45,0.0,0.0,0.0,0.0,0.2,0.2,0.2,0.2,0.0
2023-10-02,16531.0,16610.0,16504.0,16610.0,16504.0,16610.0,16504.0,106.0,140.5126911143726,0.0,0.0,0.0,0.0,0.0,0.0,0.0,0.0,0.0,1.1268904751699762,0.0,降壓,低<18,False,0.2,1.0,0.0,0.2,0.2,2.0,0.1,0.2,0.2,4.0,0.1,0.4,0.0,0.0,0.0,0.0,0.2,0.2,0.3,0.2,0.0
2023-10-03,16497.0,16553.0,16408.0,16553.0,16469.0,16553.0,16469.0,145.0,137.225768151099,0.0,0.0,0.0,0.0,0.0,0.0,0.0,0.0,0.0,1.0474535067084512,0.0,升壓,低<18,False,0.0,0.0,0.0,0.2,0.2,2.0,0.1,0.1,0.2,4.0,0.1,0.4,0.0,0.0,0.3333333333333333,0.3333333333333333,0.4,0.4,0.4,0.3,0.0
2023-10-04,16285.0,16286.0,16164.0,16286.0,16164.0,16286.0,16164.0,122.0,137.96617118432766,0.0,0.0,0.0,0.0,0.0,0.0,0.0,0.0,0.0,1.330110518965032,0.0,升壓,低<18,False,0.0,0.0,0.0,0.0,0.2,2.0,0.1,0.1,0.2,4.0,0.1,0.35,0.0,0.0,0.3333333333333333,0.3333333333333333,0.4,0.4,0.4,0.3,0.0
2023-10-05,16300.0,16486.0,16288.0,16466.0,16288.0,16479.0,16288.0,198.0,136.44558345248694,1.0,0.0,1.0,0.0,1.0,1.0,1.0,1.0,1.0,1.0666794354263018,0.0,升壓,低<18,False,0.0,0.0,0.0,0.0,0.2,2.0,0.1,0.1,0.2,4.0,0.1,0.3,1.0,1.0,0.6666666666666666,0.6666666666666666,0.4,0.4,0.5,0.4,1.0
2023-10-06,16476.0,16552.0,16473.0,16548.0,16473.0,16552.0,16473.0,79.0,142.3079088379644,0.0,0.0,0.0,0.0,0.0,0.0,0.0,0.0,0.0,0.8147363920535401,0.0,升壓,低<18,False,0.2,1.0,0.2,0.0,0.3,3.0,0.2,0.1,0.25,5.0,0.15,0.25,0.0,0.0,0.3333333333333333,0.3333333333333333,0.2,0.2,0.4,0.3,0.0
2023-10-11,16829.0,16829.0,16662.0,16829.0,16662.0,16829.0,16662.0,167.0,136.2785841867297,0.0,1.0,0.0,1.0,1.0,1.0,1.0,1.0,1.0,1.8519910878819665,0.0,升壓,低<18,False,0.2,1.0,0.2,0.0,0.2,2.0,0.1,0.1,0.25,5.0,0.15,0.25,1.0,1.0,0.3333333333333333,0.3333333333333333,0.4,0.2,0.4,0.3,1.0
2023-10-12,16768.0,16857.0,16725.0,16800.0,16725.0,16814.0,16725.0,132.0,139.20443331180306,0.0,0.0,0.0,0.0,0.0,0.0,0.0,0.0,0.0,0.6330634492983337,1.0,降壓,低<18,False,0.4,2.0,0.4,0.0,0.2,2.0,0.2,0.1,0.3,6.0,0.2,0.25,0.0,0.0,0.0,0.0,0.4,0.2,0.3,0.2,0.0
2023-10-13,16750.0,16807.0,16730.0,16807.0,16740.0,16807.0,16740.0,77.0,138.51829680591706,0.0,0.0,0.0,0.0,0.0,0.0,0.0,0.0,0.0,1.4123031922568525,0.0,升壓,低<18,False,0.4,2.0,0.4,0.2,0.2,2.0,0.2,0.1,0.25,5.0,0.15,0.25,0.0,0.0,0.3333333333333333,0.0,0.4,0.2,0.3,0.2,0.0
2023-10-16,16661.0,16683.0,16603.0,16683.0,16615.0,16683.0,16615.0,80.0,132.65941139582972,0.0,0.0,0.0,0.0,0.0,0.0,0.0,0.0,0.0,1.0693311498080786,0.0,升壓,低<18,False,0.4,2.0,0.4,0.2,0.2,2.0,0.2,0.1,0.25,5.0,0.15,0.2,0.0,0.0,0.6666666666666666,0.3333333333333333,0.6,0.4,0.3,0.2,0.0
2023-10-17,16764.0,16782.0,16634.0,16782.0,16710.0,16782.0,16686.0,148.0,127.64422935813165,0.0,1.0,0.0,0.0,1.0,0.0,0.0,0.0,0.0,1.113957103543538,0.0,升壓,低<18,False,0.2,1.0,0.2,0.2,0.2,2.0,0.2,0.1,0.25,5.0,0.15,0.15,1.0,0.0,0.6666666666666666,0.3333333333333333,0.6,0.4,0.3,0.2,0.0
2023-10-18,16616.0,16633.0,16411.0,16633.0,16497.0,16633.0,16469.0,222.0,129.58287418116674,0.0,1.0,0.0,1.0,1.0,1.0,1.0,0.0,0.0,1.036315121708949,0.0,升壓,低<18,False,0.4,2.0,0.2,0.2,0.3,3.0,0.2,0.1,0.25,5.0,0.15,0.15,1.0,1.0,0.6666666666666666,0.6666666666666666,0.4,0.4,0.3,0.3,1.0
2023-10-19,16365.0,16487.0,16357.0,16485.0,16357.0,16485.0,16357.0,130.0,138.3845052115318,0.0,0.0,0.0,0.0,0.0,0.0,0.0,0.0,0.0,,,升壓,低<18,False,0.4,2.0,0.2,0.2,0.4,4.0,0.3,0.1,0.3,6.0,0.2,0.1,0.0,0.0,0.3333333333333333,0.3333333333333333,0.2,0.2,0.2,0.2,1.0
2023-10-20,16440.0,16465.0,16255.0,16448.0,16255.0,16448.0,16255.0,210.0,137.58598090567162,0.0,1.0,0.0,1.0,1.0,1.0,1.0,1.0,1.0,0.8800136513253084,0.0,升壓,低<18,False,0.4,2.0,0.2,,0.4,4.0,0.3,,0.3,6.0,0.2,,1.0,1.0,0.3333333333333333,0.3333333333333333,0.2,0.2,0.3,0.2,1.0
2023-10-23,16350.0,16366.0,16250.0,16366.0,16271.0,16366.0,16253.0,116.0,144.4825541527505,0.0,0.0,0.0,0.0,0.0,0.0,0.0,0.0,0.0,1.125607152633441,0.0,升壓,低<18,False,0.6,3.0,0.4,,0.5,5.0,0.4,,0.35,7.0,0.25,,0.0,0.0,0.0,0.0,0.0,0.0,0.2,0.1,1.0
2023-10-24,16274.0,16343.0,16148.0,16332.0,16148.0,16332.0,16148.0,195.0,141.76992994772664,0.0,0.0,0.0,0.0,0.0,0.0,0.0,0.0,0.0,1.475798263752977,0.0,升壓,低<18,False,0.6,3.0,0.4,,0.4,4.0,0.3,,0.35,7.0,0.25,,0.0,0.0,0.0,0.0,0.0,0.0,0.2,0.1,1.0
2023-10-25,16370.0,16480.0,16350.0,16480.0,16360.0,16480.0,16360.0,130.0,146.83946042889553,0.0,0.0,0.0,0.0,0.0,0.0,0.0,0.0,0.0,0.8902133642724037,0.0,升壓,低<18,False,0.4,2.0,0.4,,0.4,4.0,0.3,,0.3,6.0,0.2,,0.0,0.0,0.0,0.0,0.2,0.2,0.2,0.1,1.0
2023-10-26,16144.0,16176.0,16039.0,16176.0,16055.0,16176.0,16055.0,137.0,145.23570229281026,0.0,0.0,0.0,0.0,0.0,0.0,0.0,0.0,0.0,1.2299487684813066,0.0,升壓,低<18,False,0.2,1.0,0.2,,0.3,3.0,0.2,,0.25,5.0,0.2,,0.0,0.0,0.0,0.0,0.2,0.2,0.2,0.1,1.0
2023-10-27,16137.0,16217.0,16120.0,16214.0,16131.0,16217.0,16131.0,97.0,144.451349693495,0.0,0.0,0.0,0.0,0.0,0.0,0.0,0.0,0.0,0.7909307570461213,1.0,升壓,低<18,False,0.2,1.0,0.2,0.0,0.3,3.0,0.2,,0.25,5.0,0.2,,0.0,0.0,0.3333333333333333,0.3333333333333333,0.4,0.2,0.2,0.1,0.0
2023-10-30,16118.0,16238.0,16111.0,16238.0,16111.0,16238.0,16111.0,127.0,139.93217353220976,0.0,0.0,0.0,0.0,0.0,0.0,0.0,0.0,0.0,0.9262947406937129,0.0,升壓,低<18,False,0.0,0.0,0.0,0.2,0.3,3.0,0.2,,0.25,5.0,0.2,,0.0,0.0,0.3333333333333333,0.3333333333333333,0.4,0.2,0.2,0.1,0.0
2023-10-31,16180.0,16197.0,15973.0,16197.0,16132.0,16197.0,16036.0,224.0,138.70053795771358,0.0,1.0,0.0,1.0,1.0,1.0,1.0,0.0,0.0,0.7632350807835911,1.0,升壓,低<18,False,0.0,0.0,0.0,0.2,0.3,3.0,0.2,,0.25,5.0,0.2,,1.0,1.0,0.6666666666666666,0.3333333333333333,0.4,0.2,0.3,0.1,1.0
2023-11-01,16099.0,16120.0,15978.0,16120.0,15978.0,16120.0,15978.0,142.0,146.82429624745515,0.0,0.0,0.0,0.0,0.0,0.0,0.0,0.0,0.0,0.6796220240967947,1.0,升壓,低<18,False,0.2,1.0,0.2,0.4,0.3,3.0,0.3,,0.3,6.0,0.25,,0.0,0.0,0.3333333333333333,0.0,0.2,0.0,0.2,0.0,1.0
2023-11-02,16256.0,16399.0,16250.0,16358.0,16250.0,16379.0,16250.0,149.0,146.36483946198322,1.0,0.0,0.0,0.0,1.0,0.0,0.0,0.0,0.0,1.3796501279222144,0.0,升壓,低<18,False,0.2,1.0,0.2,0.6,0.2,2.0,0.2,,0.3,6.0,0.25,,1.0,0.0,0.3333333333333333,0.0,0.2,0.0,0.2,0.0,1.0
2023-11-03,16488.0,16537.0,16441.0,16520.0,16441.0,16537.0,16441.0,96.0,146.61580713227053,0.0,0.0,0.0,0.0,0.0,0.0,0.0,0.0,0.0,0.9284559786480426,0.0,降壓,低<18,False,0.4,2.0,0.2,0.6,0.3,3.0,0.2,0.3,0.35,7.0,0.25,,0.0,0.0,0.0,0.0,0.0,0.0,0.1,0.0,0.0
2023-11-06,16680.0,16750.0,16626.0,16731.0,16626.0,16731.0,16626.0,124.0,141.7952540720543,0.0,0.0,0.0,0.0,0.0,0.0,0.0,0.0,0.0,1.318901255550603,0.0,降壓,低<18,False,0.4,2.0,0.2,0.4,0.2,2.0,0.1,0.3,0.35,7.0,0.25,,0.0,0.0,0.0,0.0,0.0,0.0,0.1,0.0,0.0
2023-11-07,16632.0,16712.0,16613.0,16696.0,16613.0,16698.0,16613.0,99.0,140.10046796995388,0.0,0.0,0.0,0.0,0.0,0.0,0.0,0.0,0.0,0.6329793546342104,1.0,降壓,低<18,False,0.4,2.0,0.2,0.4,0.2,2.0,0.1,0.3,0.3,6.0,0.2,,0.0,0.0,0.0,0.0,0.2,0.0,0.1,0.0,0.0
2023-11-08,16725.0,16797.0,16687.0,16797.0,16687.0,16797.0,16687.0,110.0,136.18613768710114,0.0,0.0,0.0,0.0,0.0,0.0,0.0,0.0,0.0,0.6704818167126767,1.0,降壓,低<18,False,0.2,1.0,0.0,0.4,0.2,2.0,0.1,0.4,0.3,6.0,0.2,,0.0,0.0,0.0,0.0,0.2,0.0,0.2,0.0,0.0
2023-11-09,16711.0,16788.0,16692.0,16788.0,16692.0,16788.0,16692.0,96.0,133.69221981213911,0.0,0.0,0.0,0.0,0.0,0.0,0.0,0.0,0.0,0.8125885601591257,0.0,降壓,低<18,False,0.2,1.0,0.0,0.4,0.2,2.0,0.1,0.5,0.25,5.0,0.15,,0.0,0.0,0.3333333333333333,0.0,0.2,0.0,0.2,0.0,0.0
2023-11-10,16664.0,16738.0,16627.0,16698.0,16627.0,16698.0,16627.0,111.0,130.1024845919354,0.0,0.0,0.0,0.0,0.0,0.0,0.0,0.0,0.0,1.0878196531979754,0.0,降壓,低<18,False,0.0,0.0,0.0,0.4,0.2,2.0,0.1,0.5,0.25,5.0,0.15,,0.0,0.0,0.3333333333333333,0.0,0.2,0.0,0.2,0.0,0.0
2023-11-13,16969.0,16985.0,16836.0,16985.0,16873.0,16985.0,16847.0,149.0,128.2832003450844,0.0,1.0,0.0,0.0,1.0,0.0,0.0,0.0,0.0,2.2639539267209567,0.0,降壓,低<18,False,0.0,0.0,0.0,0.4,0.2,2.0,0.1,0.4,0.25,5.0,0.15,,1.0,0.0,0.3333333333333333,0.0,0.2,0.0,0.2,0.0,0.0
2023-11-14,16956.0,16976.0,16912.0,16967.0,16912.0,16976.0,16912.0,64.0,130.2562288836478,0.0,0.0,0.0,0.0,0.0,0.0,0.0,0.0,0.0,0.650966347050341,1.0,降壓,低<18,False,0.2,1.0,0.0,0.4,0.3,3.0,0.1,0.4,0.3,6.0,0.15,,0.0,0.0,0.0,0.0,0.0,0.0,0.1,0.0,0.0
2023-11-15,17190.0,17214.0,17094.0,17214.0,17149.0,17214.0,17142.0,120.0,123.9461118471099,0.0,0.0,0.0,0.0,0.0,0.0,0.0,0.0,0.0,1.606218774285889,0.0,降壓,低<18,False,0.2,1.0,0.0,0.4,0.2,2.0,0.0,0.4,0.25,5.0,0.15,,0.0,0.0,0.0,0.0,0.2,0.0,0.2,0.1,0.0
2023-11-16,17196.0,17218.0,17109.0,17218.0,17109.0,17218.0,17109.0,109.0,123.57029167119468,0.0,0.0,0.0,0.0,0.0,0.0,0.0,0.0,0.0,0.6896450601773613,1.0,降壓,低<18,False,0.2,1.0,0.0,0.2,0.2,2.0,0.0,0.3,0.2,4.0,0.1,,0.0,0.0,0.0,0.0,0.2,0.0,0.2,0.1,0.0
2023-11-17,17152.0,17252.0,17151.0,17252.0,17151.0,17252.0,17151.0,101.0,122.18264484536661,0.0,0.0,0.0,0.0,0.0,0.0,0.0,0.0,0.0,0.7448160577116045,1.0,降壓,低<18,False,0.2,1.0,0.0,0.4,0.1,1.0,0.0,0.4,0.2,4.0,0.1,0.35,0.0,0.0,0.3333333333333333,0.0,0.2,0.0,0.2,0.1,0.0
2023-11-20,17227.0,17288.0,17154.0,17288.0,17156.0,17288.0,17154.0,134.0,120.16525009818884,0.0,0.0,0.0,0.0,0.0,0.0,0.0,0.0,0.0,0.44121291510915894,1.0,降壓,低<18,False,0.2,1.0,0.0,0.6,0.1,1.0,0.0,0.5,0.15,3.0,0.05,0.4,0.0,0.0,0.3333333333333333,0.0,0.2,0.0,0.2,0.1,0.0
2023-11-21,17281.0,17425.0,17280.0,17402.0,17280.0,17425.0,17280.0,145.0,121.48284532693276,1.0,0.0,0.0,0.0,1.0,0.0,1.0,0.0,1.0,0.8284677620025133,0.0,升壓,低<18,False,0.0,0.0,0.0,0.8,0.1,1.0,0.0,0.6,0.15,3.0,0.05,0.45,1.0,0.0,0.3333333333333333,0.0,0.2,0.0,0.2,0.1,1.0
2023-11-22,17298.0,17334.0,17256.0,17334.0,17280.0,17334.0,17280.0,78.0,123.72257434341536,0.0,0.0,0.0,0.0,0.0,0.0,0.0,0.0,0.0,0.8497465990069079,0.0,降壓,低<18,False,0.2,1.0,0.0,0.6,0.2,2.0,0.0,0.5,0.2,4.0,0.05,0.45,0.0,0.0,0.0,0.0,0.2,0.2,0.1,0.1,0.0
2023-11-23,17275.0,17323.0,17214.0,17323.0,17214.0,17323.0,17214.0,109.0,119.36804345356627,0.0,0.0,0.0,0.0,0.0,0.0,0.0,0.0,0.0,0.953631497395242,0.0,降壓,低<18,False,0.2,1.0,0.0,0.6,0.2,2.0,0.0,0.4,0.2,4.0,0.05,0.45,0.0,0.0,0.0,0.0,0.2,0.2,0.1,0.1,0.0
2023-11-24,17330.0,17350.0,17265.0,17350.0,17271.0,17350.0,17271.0,85.0,118.38061074370282,0.0,0.0,0.0,0.0,0.0,0.0,0.0,0.0,0.0,0.6973231424797773,1.0,降壓,低<18,False,0.2,1.0,0.0,0.4,0.2,2.0,0.0,0.4,0.2,4.0,0.05,0.45,0.0,0.0,0.3333333333333333,0.3333333333333333,0.2,0.2,0.1,0.1,0.0
2023-11-27,17257.0,17361.0,17145.0,17361.0,17230.0,17361.0,17205.0,216.0,115.20150495858826,0.0,0.0,0.0,0.0,0.0,0.0,0.0,0.0,0.0,0.3392846870882753,1.0,升壓,低<18,False,0.2,1.0,0.0,0.4,0.2,2.0,0.0,0.5,0.2,4.0,0.05,0.45,0.0,0.0,0.3333333333333333,0.3333333333333333,0.2,0.2,0.1,0.1,1.0
2023-11-28,17215.0,17402.0,17195.0,17394.0,17195.0,17402.0,17195.0,207.0,124.8013616291989,1.0,0.0,1.0,0.0,1.0,1.0,1.0,1.0,1.0,0.6651945270745591,1.0,升壓,低<18,False,0.2,1.0,0.0,0.4,0.1,1.0,0.0,0.6,0.2,4.0,0.05,0.5,1.0,1.0,0.3333333333333333,0.3333333333333333,0.2,0.2,0.1,0.1,1.0
2023-11-29,17339.0,17450.0,17314.0,17450.0,17335.0,17450.0,17335.0,136.0,132.629803378799,0.0,0.0,0.0,0.0,0.0,0.0,0.0,0.0,0.0,0.565338468199962,1.0,升壓,低<18,False,0.2,1.0,0.2,0.6,0.2,2.0,0.1,0.6,0.2,4.0,0.05,0.5,0.0,0.0,0.0,0.0,0.0,0.0,0.0,0.0,1.0
2023-11-30,17400.0,17416.0,17291.0,17416.0,17291.0,17416.0,17291.0,125.0,132.95077448558007,0.0,0.0,0.0,0.0,0.0,0.0,0.0,0.0,0.0,1.0434074591089624,0.0,升壓,低<18,False,0.2,1.0,0.2,0.8,0.2,2.0,0.1,0.7,0.2,4.0,0.05,0.5,0.0,0.0,0.0,0.0,0.0,0.0,0.0,0.0,1.0
2023-12-01,17333.0,17434.0,17254.0,17395.0,17254.0,17425.0,17254.0,180.0,132.19355786790578,0.0,0.0,0.0,0.0,0.0,0.0,0.0,0.0,0.0,1.102362004761417,0.0,升壓,低<18,False,0.2,1.0,0.2,0.8,0.2,2.0,0.1,0.6,0.15,3.0,0.05,0.5,0.0,0.0,0.0,0.0,0.0,0.0,0.0,0.0,1.0
2023-12-04,17465.0,17491.0,17376.0,17491.0,17376.0,17491.0,17376.0,115.0,136.74655235667666,0.0,0.0,0.0,0.0,0.0,0.0,0.0,0.0,0.0,1.2617409209755566,0.0,升壓,低<18,False,0.2,1.0,0.2,0.6,0.2,2.0,0.1,0.5,0.15,3.0,0.05,0.5,0.0,0.0,0.0,0.0,0.0,0.0,0.0,0.0,1.0
2023-12-05,17285.0,17330.0,17231.0,17330.0,17234.0,17330.0,17231.0,99.0,134.67545213223127,0.0,0.0,0.0,0.0,0.0,0.0,0.0,0.0,0.0,1.396940230772942,0.0,降壓,低<18,False,0.2,1.0,0.2,0.4,0.2,2.0,0.1,0.4,0.15,3.0,0.05,0.5,0.0,0.0,0.0,0.0,0.0,0.0,0.0,0.0,0.0
2023-12-06,17367.0,17453.0,17346.0,17453.0,17346.0,17453.0,17346.0,107.0,131.27779002439974,0.0,0.0,0.0,0.0,0.0,0.0,0.0,0.0,0.0,0.7235041452425737,1.0,降壓,低<18,False,0.0,0.0,0.0,0.2,0.1,1.0,0.1,0.4,0.15,3.0,0.05,0.45,0.0,0.0,0.0,0.0,0.0,0.0,0.0,0.0,0.0
2023-12-07,17321.0,17371.0,17261.0,17371.0,17302.0,17371.0,17268.0,110.0,128.9656195458855,0.0,0.0,0.0,0.0,0.0,0.0,0.0,0.0,0.0,1.1578089235903155,0.0,降壓,低<18,False,0.0,0.0,0.0,0.2,0.1,1.0,0.1,0.5,0.15,3.0,0.05,0.45,0.0,0.0,0.0,0.0,0.0,0.0,0.0,0.0,0.0
2023-12-08,17409.0,17470.0,17363.0,17470.0,17385.0,17470.0,17385.0,107.0,127.15937006532496,0.0,0.0,0.0,0.0,0.0,0.0,0.0,0.0,0.0,1.2257896653064098,0.0,降壓,低<18,False,0.0,0.0,0.0,0.2,0.1,1.0,0.1,0.5,0.15,3.0,0.05,0.45,0.0,0.0,0.0,0.0,0.0,0.0,0.0,0.0,0.0
2023-12-11,17436.0,17457.0,17350.0,17457.0,17350.0,17457.0,17350.0,107.0,125.23943005910354,0.0,0.0,0.0,0.0,0.0,0.0,0.0,0.0,0.0,0.7499909031959847,1.0,升壓,低<18,False,0.0,0.0,0.0,0.2,0.1,1.0,0.1,0.4,0.15,3.0,0.05,0.45,0.0,0.0,0.0,0.0,0.0,0.0,0.0,0.0,0.0
2023-12-12,17518.0,17545.0,17427.0,17545.0,17476.0,17545.0,17452.0,118.0,123.50234148204606,0.0,0.0,0.0,0.0,0.0,0.0,0.0,0.0,0.0,0.9902327705241402,0.0,升壓,低<18,False,0.0,0.0,0.0,0.4,0.1,1.0,0.1,0.4,0.1,2.0,0.05,0.5,0.0,0.0,0.0,0.0,0.0,0.0,0.0,0.0,0.0
2023-12-13,17491.0,17519.0,17426.0,17519.0,17463.0,17519.0,17445.0,93.0,122.97830895994643,0.0,0.0,0.0,0.0,0.0,0.0,0.0,0.0,0.0,0.9142548170190072,0.0,降壓,低<18,False,0.0,0.0,0.0,0.4,0.0,0.0,0.0,0.3,0.1,2.0,0.05,0.45,0.0,0.0,0.0,0.0,0.0,0.0,0.0,0.0,0.0
2023-12-14,17608.0,17691.0,17595.0,17691.0,17595.0,17691.0,17595.0,96.0,120.123231916142,0.0,0.0,0.0,0.0,0.0,0.0,0.0,0.0,0.0,1.5678913594974333,0.0,降壓,低<18,False,0.0,0.0,0.0,0.2,0.0,0.0,0.0,0.2,0.1,2.0,0.05,0.45,0.0,0.0,0.0,0.0,0.0,0.0,0.1,0.0,0.0
2023-12-15,17771.0,17775.0,17672.0,17775.0,17718.0,17775.0,17718.0,103.0,117.82578125746181,0.0,0.0,0.0,0.0,0.0,0.0,0.0,0.0,0.0,0.8336219895749932,0.0,降壓,低<18,False,0.0,0.0,0.0,0.2,0.0,0.0,0.0,0.2,0.1,2.0,0.05,0.4,0.0,0.0,0.0,0.0,0.0,0.0,0.1,0.0,0.0
2023-12-18,17672.0,17673.0,17583.0,17673.0,17583.0,17673.0,17583.0,90.0,116.4138020900845,0.0,0.0,0.0,0.0,0.0,0.0,0.0,0.0,0.0,0.5979133015135072,1.0,降壓,低<18,False,0.0,0.0,0.0,0.2,0.0,0.0,0.0,0.2,0.1,2.0,0.05,0.35,0.0,0.0,0.0,0.0,0.0,0.0,0.1,0.0,0.0
2023-12-19,17596.0,17621.0,17505.0,17621.0,17524.0,17621.0,17524.0,116.0,113.89820189102883,0.0,0.0,0.0,0.0,0.0,0.0,0.0,0.0,0.0,0.7080716926793862,1.0,降壓,低<18,False,0.0,0.0,0.0,0.2,0.0,0.0,0.0,0.3,0.1,2.0,0.05,0.35,0.0,0.0,0.0,0.0,0.0,0.0,0.1,0.0,0.0
2023-12-20,17592.0,17676.0,17591.0,17652.0,17591.0,17652.0,17591.0,85.0,114.09837313950227,0.0,0.0,0.0,0.0,0.0,0.0,0.0,0.0,0.0,0.5862095687960802,1.0,降壓,低<18,False,0.0,0.0,0.0,0.4,0.0,0.0,0.0,0.4,0.05,1.0,0.05,0.4,0.0,0.0,0.0,0.0,0.0,0.0,0.2,0.1,0.0
2023-12-21,17442.0,17544.0,17414.0,17520.0,17414.0,17535.0,17414.0,130.0,111.32709950716873,0.0,0.0,0.0,0.0,0.0,0.0,0.0,0.0,0.0,2.7923973817514485,0.0,升壓,低<18,False,0.0,0.0,0.0,0.6,0.0,0.0,0.0,0.4,0.05,1.0,0.05,0.45,0.0,0.0,0.0,0.0,0.2,0.0,0.2,0.1,0.0
2023-12-22,17563.0,17597.0,17542.0,17590.0,17542.0,17597.0,17542.0,55.0,113.10547098267647,0.0,0.0,0.0,0.0,0.0,0.0,0.0,0.0,0.0,0.8529955044044671,0.0,升壓,低<18,False,0.0,0.0,0.0,0.6,0.0,0.0,0.0,0.4,0.05,1.0,0.05,0.45,0.0,0.0,0.0,0.0,0.2,0.0,0.2,0.1,0.0
2023-12-25,17644.0,17666.0,17607.0,17666.0,17607.0,17666.0,17607.0,59.0,107.57161660337394,0.0,0.0,0.0,0.0,0.0,0.0,0.0,0.0,0.0,0.7689843360846362,1.0,升壓,低<18,False,0.0,0.0,0.0,0.6,0.0,0.0,0.0,0.4,0.05,1.0,0.05,0.4,0.0,0.0,0.3333333333333333,0.0,0.2,0.0,0.3,0.2,0.0
2023-12-26,17651.0,17740.0,17634.0,17715.0,17634.0,17740.0,17634.0,106.0,102.94574835543357,0.0,0.0,0.0,0.0,0.0,0.0,0.0,0.0,0.0,0.36038005281623897,1.0,升壓,低<18,False,0.0,0.0,0.0,0.6,0.0,0.0,0.0,0.4,0.05,1.0,0.05,0.4,0.0,0.0,0.3333333333333333,0.0,0.2,0.0,0.4,0.3,0.0
2023-12-27,17755.0,17874.0,17737.0,17843.0,17737.0,17844.0,17737.0,137.0,103.23662946443989,1.0,0.0,0.0,0.0,1.0,0.0,0.0,0.0,0.0,0.4622528338802748,1.0,升壓,低<18,False,0.0,0.0,0.0,0.6,0.0,0.0,0.0,0.5,0.0,0.0,0.0,0.4,1.0,0.0,0.3333333333333333,0.0,0.4,0.2,0.4,0.3,0.0
2023-12-28,17850.0,17887.0,17821.0,17887.0,17840.0,17887.0,17821.0,66.0,106.45218856306467,0.0,0.0,0.0,0.0,0.0,0.0,0.0,0.0,0.0,0.6342851488508477,1.0,升壓,低<18,False,0.2,1.0,0.0,0.6,0.1,1.0,0.0,0.6,0.05,1.0,0.0,0.4,0.0,0.0,0.0,0.0,0.2,0.2,0.3,0.3,0.0
2023-12-29,17853.0,17900.0,17828.0,17900.0,17828.0,17900.0,17828.0,72.0,102.59959917610612,0.0,0.0,0.0,0.0,0.0,0.0,0.0,0.0,0.0,0.419067815184331,1.0,升壓,低<18,False,0.2,1.0,0.0,0.8,0.1,1.0,0.0,0.7,0.05,1.0,0.0,0.45,0.0,0.0,0.3333333333333333,0.3333333333333333,0.2,0.2,0.3,0.3,0.0
2024-01-02,17838.0,17920.0,17751.0,17920.0,17772.0,17920.0,17751.0,169.0,99.68535163552458,0.0,0.0,0.0,0.0,0.0,0.0,0.0,0.0,0.0,1.1291927826632961,0.0,升壓,低<18,False,0.2,1.0,0.0,1.0,0.1,1.0,0.0,0.8,0.05,1.0,0.0,0.5,0.0,0.0,0.3333333333333333,0.3333333333333333,0.4,0.4,0.3,0.3,1.0
2024-01-03,17658.0,17667.0,17507.0,17667.0,17537.0,17667.0,17507.0,160.0,106.28674671785558,0.0,1.0,0.0,1.0,1.0,1.0,1.0,1.0,1.0,1.6433233655628745,0.0,升壓,低<18,False,0.2,1.0,0.0,0.8,0.1,1.0,0.0,0.7,0.05,1.0,0.0,0.5,1.0,1.0,0.3333333333333333,0.3333333333333333,0.6,0.6,0.4,0.4,1.0
2024-01-04,17525.0,17583.0,17525.0,17583.0,17525.0,17583.0,17525.0,58.0,111.40229464948838,0.0,0.0,0.0,0.0,0.0,0.0,0.0,0.0,0.0,0.9947627563375324,0.0,升壓,低<18,False,0.4,2.0,0.2,0.6,0.2,2.0,0.1,0.6,0.1,2.0,0.05,0.5,0.0,0.0,0.3333333333333333,0.3333333333333333,0.4,0.4,0.4,0.3,0.0
2024-01-05,17577.0,17626.0,17491.0,17626.0,17491.0,17626.0,17491.0,135.0,106.31636182572758,0.0,0.0,0.0,0.0,0.0,0.0,0.0,0.0,0.0,0.6572466261861811,1.0,升壓,低<18,False,0.2,1.0,0.2,0.4,0.2,2.0,0.1,0.5,0.1,2.0,0.05,0.45,0.0,0.0,0.6666666666666666,0.6666666666666666,0.4,0.4,0.4,0.3,1.0
2024-01-08,17572.0,17706.0,17568.0,17706.0,17568.0,17706.0,17568.0,138.0,109.048136889944,1.0,0.0,1.0,0.0,1.0,1.0,1.0,1.0,1.0,1.4850294204814922,0.0,升壓,低<18,False,0.2,1.0,0.2,0.4,0.2,2.0,0.1,0.6,0.1,2.0,0.05,0.5,1.0,1.0,0.6666666666666666,0.6666666666666666,0.4,0.4,0.5,0.3,1.0
2024-01-09,17770.0,17782.0,17526.0,17782.0,17526.0,17782.0,17526.0,256.0,111.80545718613982,0.0,1.0,0.0,1.0,1.0,1.0,1.0,1.0,1.0,2.217326270685759,0.0,升壓,低<18,False,0.4,2.0,0.4,0.2,0.3,3.0,0.2,0.6,0.15,3.0,0.1,0.5,1.0,1.0,0.3333333333333333,0.3333333333333333,0.2,0.2,0.4,0.2,1.0
2024-01-10,17509.0,17521.0,17439.0,17521.0,17439.0,17521.0,17439.0,82.0,125.53827078745984,0.0,0.0,0.0,0.0,0.0,0.0,0.0,0.0,0.0,1.030894357851924,0.0,升壓,低<18,False,0.6,3.0,0.6,0.2,0.4,4.0,0.3,0.5,0.2,4.0,0.15,0.45,0.0,0.0,0.0,0.0,0.2,0.2,0.3,0.1,1.0
2024-01-11,17490.0,17606.0,17481.0,17570.0,17481.0,17570.0,17481.0,125.0,121.39176880770175,0.0,0.0,0.0,0.0,0.0,0.0,0.0,0.0,0.0,0.7791918011043489,1.0,升壓,低<18,False,0.4,2.0,0.4,0.2,0.4,4.0,0.3,0.4,0.2,4.0,0.15,0.45,0.0,0.0,0.0,0.0,0.4,0.2,0.3,0.1,1.0
2024-01-12,17466.0,17570.0,17447.0,17546.0,17447.0,17570.0,17447.0,123.0,121.73540987363492,0.0,0.0,0.0,0.0,0.0,0.0,0.0,0.0,0.0,1.6765327446971432,0.0,升壓,低<18,False,0.4,2.0,0.4,0.4,0.3,3.0,0.3,0.4,0.2,4.0,0.15,0.5,0.0,0.0,0.3333333333333333,0.3333333333333333,0.4,0.2,0.3,0.1,1.0
2024-01-15,17580.0,17655.0,17527.0,17655.0,17527.0,17655.0,17527.0,128.0,121.85584702852684,0.0,0.0,0.0,0.0,0.0,0.0,0.0,0.0,0.0,0.9863947208653409,0.0,升壓,低<18,False,0.4,2.0,0.4,0.2,0.3,3.0,0.3,0.3,0.2,4.0,0.15,0.5,0.0,0.0,0.6666666666666666,0.3333333333333333,0.6,0.2,0.3,0.1,1.0
2024-01-16,17480.0,17499.0,17321.0,17499.0,17321.0,17499.0,17321.0,178.0,122.44100445438143,0.0,1.0,0.0,1.0,1.0,1.0,1.0,1.0,1.0,0.36639537571938413,1.0,升壓,低<18,False,0.2,1.0,0.2,0.2,0.3,3.0,0.3,0.2,0.2,4.0,0.15,0.5,1.0,1.0,0.6666666666666666,0.3333333333333333,0.6,0.2,0.4,0.1,1.0
2024-01-17,17313.0,17344.0,17159.0,17344.0,17242.0,17344.0,17218.0,185.0,127.73233736348796,0.0,1.0,0.0,0.0,1.0,0.0,0.0,0.0,0.0,0.7628961894734012,1.0,升壓,低<18,False,0.2,1.0,0.2,0.4,0.4,4.0,0.4,0.3,0.25,5.0,0.2,0.5,1.0,0.0,0.6666666666666666,0.0,0.4,0.0,0.3,0.0,1.0
2024-01-18,17240.0,17326.0,17215.0,17326.0,17215.0,17326.0,17215.0,111.0,133.1864004717272,0.0,0.0,0.0,0.0,0.0,0.0,0.0,0.0,0.0,,,升壓,低<18,False,0.4,2.0,0.2,0.6,0.4,4.0,0.3,0.4,0.3,6.0,0.2,0.5,0.0,0.0,0.3333333333333333,0.0,0.2,0.0,0.2,0.0,1.0
2024-01-19,17541.0,17684.0,17504.0,17592.0,17504.0,17614.0,17504.0,180.0,131.07340995061034,1.0,0.0,0.0,0.0,1.0,0.0,0.0,0.0,0.0,1.5870601577324206,0.0,升壓,低<18,False,0.4,2.0,0.2,,0.4,4.0,0.3,,0.3,6.0,0.2,,1.0,0.0,0.3333333333333333,0.0,0.2,0.0,0.2,0.0,1.0
2024-01-22,17816.0,17843.0,17747.0,17843.0,17751.0,17843.0,17747.0,96.0,135.73308519340935,0.0,0.0,0.0,0.0,0.0,0.0,0.0,0.0,0.0,1.0595096209513064,0.0,升壓,低<18,False,0.6,3.0,0.2,,0.5,5.0,0.3,,0.35,7.0,0.2,,0.0,0.0,0.0,0.0,0.0,0.0,0.1,0.0,1.0
2024-01-23,17799.0,17877.0,17790.0,17873.0,17790.0,17875.0,17790.0,87.0,131.9489818416561,0.0,0.0,0.0,0.0,0.0,0.0,0.0,0.0,0.0,0.5553536824794365,1.0,降壓,低<18,False,0.6,3.0,0.2,,0.4,4.0,0.2,,0.35,7.0,0.2,,0.0,0.0,0.0,0.0,0.2,0.0,0.1,0.0,0.0
2024-01-24,17903.0,17941.0,17876.0,17936.0,17876.0,17941.0,17876.0,65.0,127.66812642816504,0.0,0.0,0.0,0.0,0.0,0.0,0.0,0.0,0.0,0.6310799917437335,1.0,降壓,低<18,False,0.4,2.0,0.0,,0.3,3.0,0.1,,0.35,7.0,0.2,,0.0,0.0,0.0,0.0,0.2,0.0,0.1,0.0,0.0
2024-01-25,18016.0,18030.0,17935.0,18030.0,17935.0,18030.0,17935.0,95.0,121.69973343500646,0.0,0.0,0.0,0.0,0.0,0.0,0.0,0.0,0.0,1.6528287275242597,0.0,降壓,低<18,False,0.2,1.0,0.0,,0.3,3.0,0.1,,0.35,7.0,0.2,,0.0,0.0,0.3333333333333333,0.0,0.2,0.0,0.1,0.0,0.0
2024-01-26,17951.0,18023.0,17936.0,18015.0,17936.0,18023.0,17936.0,87.0,119.15690167929156,0.0,0.0,0.0,0.0,0.0,0.0,0.0,0.0,0.0,0.7988435727797887,1.0,降壓,低<18,False,0.2,1.0,0.0,0.4,0.3,3.0,0.1,,0.3,6.0,0.2,,0.0,0.0,0.3333333333333333,0.0,0.2,0.0,0.1,0.0,0.0
2024-01-29,18011.0,18135.0,17970.0,18119.0,17970.0,18120.0,17970.0,165.0,116.09433961459713,1.0,0.0,0.0,0.0,1.0,0.0,0.0,0.0,0.0,0.8568656306593286,0.0,降壓,低<18,False,0.0,0.0,0.0,0.6,0.3,3.0,0.1,,0.3,6.0,0.2,,1.0,0.0,0.3333333333333333,0.0,0.2,0.0,0.2,0.0,0.0
2024-01-30,18129.0,18139.0,18064.0,18139.0,18071.0,18139.0,18064.0,75.0,120.75202155606407,0.0,0.0,0.0,0.0,0.0,0.0,0.0,0.0,0.0,0.8085002536792979,0.0,降壓,低<18,False,0.2,1.0,0.0,0.6,0.4,4.0,0.1,,0.35,7.0,0.2,,0.0,0.0,0.0,0.0,0.0,0.0,0.1,0.0,0.0
2024-01-31,17990.0,18003.0,17904.0,18003.0,17914.0,18003.0,17914.0,99.0,116.39468616977224,0.0,0.0,0.0,0.0,0.0,0.0,0.0,0.0,0.0,0.6044984766505114,1.0,降壓,低<18,False,0.2,1.0,0.0,0.4,0.3,3.0,0.0,,0.35,7.0,0.2,,0.0,0.0,0.0,0.0,0.0,0.0,0.2,0.0,0.0
2024-02-01,17956.0,17994.0,17882.0,17994.0,17882.0,17994.0,17882.0,112.0,114.7380493916987,0.0,0.0,0.0,0.0,0.0,0.0,0.0,0.0,0.0,1.3837710622314712,0.0,降壓,低<18,False,0.2,1.0,0.0,0.4,0.2,2.0,0.0,,0.3,6.0,0.15,,0.0,0.0,0.0,0.0,0.0,0.0,0.2,0.0,0.0
2024-02-02,18100.0,18105.0,18023.0,18105.0,18023.0,18105.0,18023.0,82.0,114.47728278296549,0.0,0.0,0.0,0.0,0.0,0.0,0.0,0.0,0.0,0.9661025816731648,0.0,降壓,低<18,False,0.2,1.0,0.0,0.4,0.2,2.0,0.0,0.4,0.3,6.0,0.15,,0.0,0.0,0.0,0.0,0.0,0.0,0.2,0.0,0.0
2024-02-05,18008.0,18102.0,17958.0,18074.0,17958.0,18096.0,17958.0,144.0,111.38420823220687,0.0,0.0,0.0,0.0,0.0,0.0,0.0,0.0,0.0,0.8723084190669085,0.0,升壓,低<18,False,0.2,1.0,0.0,0.2,0.1,1.0,0.0,0.4,0.3,6.0,0.15,,0.0,0.0,0.0,0.0,0.2,0.0,0.3,0.1,0.0
2024-02-15,18590.0,18696.0,18531.0,18652.0,18531.0,18696.0,18531.0,165.0,114.49047411485384,0.0,0.0,0.0,0.0,0.0,0.0,0.0,0.0,0.0,0.7224932025413677,1.0,升壓,低<18,False,0.0,0.0,0.0,0.2,0.1,1.0,0.0,0.4,0.25,5.0,0.1,,0.0,0.0,0.0,0.0,0.2,0.0,0.4,0.2,1.0
2024-02-16,18683.0,18726.0,18633.0,18726.0,18637.0,18726.0,18637.0,93.0,119.30090515153442,0.0,0.0,0.0,0.0,0.0,0.0,0.0,0.0,0.0,0.6413266028140304,1.0,升壓,低<18,False,0.0,0.0,0.0,0.4,0.1,1.0,0.0,0.4,0.2,4.0,0.05,,0.0,0.0,0.3333333333333333,0.0,0.4,0.0,0.4,0.2,1.0
2024-02-19,18680.0,18692.0,18619.0,18692.0,18639.0,18692.0,18619.0,73.0,116.79605704186447,0.0,0.0,0.0,0.0,0.0,0.0,0.0,0.0,0.0,0.6165795287277035,1.0,升壓,低<18,False,0.0,0.0,0.0,0.4,0.1,1.0,0.0,0.4,0.2,4.0,0.05,,0.0,0.0,0.3333333333333333,0.0,0.4,0.0,0.5,0.3,0.0
2024-02-20,18634.0,18754.0,18596.0,18737.0,18596.0,18737.0,18596.0,158.0,112.62500399025834,1.0,0.0,0.0,0.0,1.0,0.0,0.0,0.0,0.0,0.2855152710374594,1.0,升壓,低<18,False,0.0,0.0,0.0,0.6,0.1,1.0,0.0,0.5,0.2,4.0,0.05,,1.0,0.0,0.6666666666666666,0.0,0.4,0.0,0.5,0.3,1.0
2024-02-21,18755.0,18755.0,18679.0,18755.0,18681.0,18755.0,18681.0,76.0,116.9464321816623,0.0,0.0,0.0,0.0,0.0,0.0,0.0,0.0,0.0,1.151498673264173,0.0,升壓,低<18,False,0.2,1.0,0.0,0.8,0.2,2.0,0.0,0.5,0.25,5.0,0.05,,0.0,0.0,0.3333333333333333,0.0,0.4,0.2,0.5,0.4,0.0
2024-02-22,18887.0,18890.0,18751.0,18890.0,18751.0,18890.0,18751.0,139.0,113.04677197388494,0.0,1.0,0.0,0.0,1.0,0.0,1.0,0.0,1.0,0.4894556919778411,1.0,升壓,低<18,False,0.2,1.0,0.0,0.8,0.1,1.0,0.0,0.5,0.25,5.0,0.05,,1.0,0.0,0.3333333333333333,0.0,0.6,0.4,0.5,0.4,1.0
2024-02-23,18990.0,19000.0,18898.0,18999.0,18905.0,18999.0,18905.0,102.0,115.51850797637209,0.0,0.0,0.0,0.0,0.0,0.0,0.0,0.0,0.0,1.2697580908274597,0.0,降壓,低<18,False,0.4,2.0,0.0,0.8,0.2,2.0,0.0,0.6,0.25,5.0,0.0,,0.0,0.0,0.3333333333333333,0.3333333333333333,0.4,0.4,0.5,0.5,0.0
2024-02-26,18907.0,18996.0,18853.0,18947.0,18853.0,18947.0,18853.0,143.0,114.23103102624141,0.0,0.0,0.0,0.0,0.0,0.0,0.0,0.0,0.0,0.7897289705792154,1.0,升壓,低<18,False,0.4,2.0,0.0,0.6,0.2,2.0,0.0,0.5,0.2,4.0,0.0,,0.0,0.0,0.6666666666666666,0.6666666666666666,0.6,0.6,0.5,0.5,1.0
2024-02-27,18950.0,19020.0,18750.0,19020.0,18750.0,19020.0,18750.0,270.0,116.97093283326603,0.0,1.0,0.0,1.0,1.0,1.0,1.0,1.0,1.0,0.40293355708352496,1.0,升壓,低<18,False,0.4,2.0,0.0,0.6,0.2,2.0,0.0,0.6,0.2,4.0,0.0,0.5,1.0,1.0,0.6666666666666666,0.6666666666666666,0.6,0.6,0.6,0.6,1.0
2024-02-29,18808.0,18997.0,18805.0,18903.0,18805.0,18903.0,18805.0,192.0,131.54512970628832,1.0,0.0,1.0,0.0,1.0,1.0,0.0,0.0,0.0,0.6812541473924173,1.0,升壓,低<18,False,0.4,2.0,0.2,0.6,0.3,3.0,0.1,0.7,0.2,4.0,0.05,0.55,1.0,1.0,0.6666666666666666,0.6666666666666666,0.6,0.6,0.5,0.5,1.0
2024-03-01,18968.0,19017.0,18924.0,19017.0,18924.0,19017.0,18924.0,93.0,137.30273640092753,0.0,0.0,0.0,0.0,0.0,0.0,0.0,0.0,0.0,1.2979909547539472,0.0,升壓,低<18,False,0.6,3.0,0.4,0.8,0.4,4.0,0.2,0.8,0.25,5.0,0.1,0.6,0.0,0.0,0.3333333333333333,0.3333333333333333,0.4,0.4,0.4,0.4,1.0
2024-03-04,19144.0,19340.0,19137.0,19295.0,19137.0,19340.0,19137.0,203.0,133.08342817226776,1.0,0.0,1.0,0.0,1.0,1.0,1.0,1.0,1.0,3.0454204262511473,0.0,升壓,低<18,False,0.4,2.0,0.4,0.6,0.4,4.0,0.2,0.7,0.25,5.0,0.1,0.55,1.0,1.0,0.6666666666666666,0.6666666666666666,0.6,0.6,0.4,0.4,1.0
2024-03-05,19362.0,19436.0,19305.0,19414.0,19305.0,19414.0,19305.0,131.0,139.74214929871846,0.0,0.0,0.0,0.0,0.0,0.0,0.0,0.0,0.0,1.211450294331019,0.0,升壓,低<18,False,0.6,3.0,0.6,0.6,0.5,5.0,0.3,0.6,0.3,6.0,0.15,0.5,0.0,0.0,0.3333333333333333,0.3333333333333333,0.4,0.4,0.3,0.3,1.0
2024-03-06,19282.0,19523.0,19271.0,19413.0,19271.0,19468.0,19271.0,252.0,138.90956365122148,1.0,0.0,1.0,0.0,1.0,1.0,1.0,1.0,0.0,1.6150483573828123,0.0,升壓,低<18,False,0.6,3.0,0.6,0.4,0.5,5.0,0.3,0.5,0.3,6.0,0.15,0.5,1.0,1.0,0.6666666666666666,0.6666666666666666,0.6,0.6,0.3,0.3,1.0
2024-03-07,19688.0,19770.0,19584.0,19751.0,19584.0,19751.0,19584.0,186.0,149.68008139872418,0.0,0.0,0.0,0.0,0.0,0.0,0.0,0.0,0.0,2.5039102320236,0.0,升壓,低<18,False,0.6,3.0,0.6,0.2,0.5,5.0,0.4,0.4,0.35,7.0,0.2,0.45,0.0,0.0,0.3333333333333333,0.3333333333333333,0.4,0.4,0.2,0.2,1.0
2024-03-08,19930.0,20009.0,19638.0,20009.0,19908.0,20009.0,19638.0,371.0,153.13912126551236,0.0,1.0,0.0,1.0,1.0,1.0,1.0,1.0,0.0,2.5513172924435237,0.0,升壓,低<18,False,0.4,2.0,0.4,0.0,0.5,5.0,0.4,0.4,0.3,6.0,0.2,0.45,1.0,1.0,0.6666666666666666,0.6666666666666666,0.4,0.4,0.3,0.2,1.0
2024-03-11,19691.0,19825.0,19679.0,19825.0,19684.0,19825.0,19684.0,146.0,173.8877763830826,0.0,0.0,0.0,0.0,0.0,0.0,0.0,0.0,0.0,2.236575908235754,0.0,升壓,低<18,False,0.6,3.0,0.6,0.0,0.5,5.0,0.5,0.3,0.35,7.0,0.25,0.45,0.0,0.0,0.3333333333333333,0.3333333333333333,0.2,0.2,0.2,0.1,1.0
2024-03-12,19714.0,19956.0,19698.0,19852.0,19698.0,19934.0,19698.0,258.0,171.23179767993187,1.0,0.0,1.0,0.0,1.0,1.0,1.0,1.0,0.0,0.7159284790856361,1.0,升壓,低<18,False,0.4,2.0,0.4,0.0,0.5,5.0,0.5,0.3,0.35,7.0,0.25,0.4,1.0,1.0,0.3333333333333333,0.3333333333333333,0.2,0.2,0.2,0.1,1.0
2024-03-13,19994.0,20064.0,19886.0,20064.0,19897.0,20064.0,19892.0,178.0,179.49543599612883,0.0,0.0,0.0,0.0,0.0,0.0,0.0,0.0,0.0,0.880487648108415,0.0,升壓,低<18,False,0.6,3.0,0.6,0.2,0.6,6.0,0.6,0.3,0.4,8.0,0.3,0.45,0.0,0.0,0.0,0.0,0.0,0.0,0.2,0.1,1.0
2024-03-14,19897.0,19978.0,19799.0,19978.0,19799.0,19978.0,19799.0,179.0,179.35301352030703,0.0,0.0,0.0,0.0,0.0,0.0,0.0,0.0,0.0,0.8142855816008869,0.0,升壓,低<18,False,0.4,2.0,0.4,0.2,0.5,5.0,0.5,0.2,0.4,8.0,0.3,0.45,0.0,0.0,0.0,0.0,0.0,0.0,0.2,0.1,1.0
2024-03-15,19828.0,19873.0,19723.0,19873.0,19776.0,19873.0,19753.0,150.0,179.3193931850397,0.0,0.0,0.0,0.0,0.0,0.0,0.0,0.0,0.0,1.0232317543259422,0.0,升壓,低<18,False,0.4,2.0,0.4,0.2,0.4,4.0,0.4,0.1,0.4,8.0,0.3,0.45,0.0,0.0,0.0,0.0,0.2,0.0,0.2,0.1,1.0
2024-03-18,19778.0,19920.0,19747.0,19820.0,19747.0,19841.0,19747.0,173.0,176.52707002455972,0.0,0.0,0.0,0.0,0.0,0.0,0.0,0.0,0.0,0.568643080130179,1.0,升壓,低<18,False,0.2,1.0,0.2,0.2,0.4,4.0,0.4,0.1,0.4,8.0,0.3,0.4,0.0,0.0,0.0,0.0,0.2,0.0,0.2,0.1,1.0
2024-03-19,19816.0,19911.0,19739.0,19862.0,19739.0,19911.0,19739.0,172.0,176.19115859364928,0.0,0.0,0.0,0.0,0.0,0.0,0.0,0.0,0.0,0.8423361753496875,0.0,升壓,低<18,False,0.2,1.0,0.2,0.4,0.3,3.0,0.3,0.2,0.4,8.0,0.3,0.4,0.0,0.0,0.3333333333333333,0.0,0.2,0.0,0.2,0.1,1.0
2024-03-20,19860.0,19956.0,19731.0,19956.0,19826.0,19956.0,19826.0,225.0,175.79200063234936,0.0,0.0,0.0,0.0,0.0,0.0,0.0,0.0,0.0,0.8688600105697721,0.0,升壓,低<18,False,0.0,0.0,0.0,0.2,0.3,3.0,0.3,0.2,0.4,8.0,0.3,0.35,0.0,0.0,0.3333333333333333,0.0,0.4,0.2,0.2,0.1,1.0
2024-03-21,20048.0,20264.0,20029.0,20163.0,20029.0,20214.0,20029.0,235.0,180.4784767626018,1.0,0.0,0.0,0.0,1.0,0.0,0.0,0.0,0.0,,,升壓,低<18,False,0.0,0.0,0.0,0.2,0.2,2.0,0.2,0.2,0.35,7.0,0.3,0.3,1.0,0.0,0.3333333333333333,0.0,0.4,0.2,0.2,0.1,1.0
2024-03-22,20226.0,20285.0,20122.0,20285.0,20165.0,20285.0,20122.0,163.0,185.67100278521113,0.0,0.0,0.0,0.0,0.0,0.0,0.0,0.0,0.0,1.2262461096208834,0.0,升壓,低<18,False,0.2,1.0,0.0,,0.3,3.0,0.2,,0.4,8.0,0.3,,0.0,0.0,0.3333333333333333,0.3333333333333333,0.2,0.2,0.1,0.1,1.0
2024-03-25,20256.0,20307.0,20188.0,20271.0,20188.0,20307.0,20188.0,119.0,183.51185966281008,0.0,0.0,0.0,0.0,0.0,0.0,0.0,0.0,0.0,0.5289815447133106,1.0,降壓,低<18,False,0.2,1.0,0.0,,0.2,2.0,0.1,,0.35,7.0,0.3,,0.0,0.0,0.3333333333333333,0.3333333333333333,0.2,0.2,0.2,0.2,0.0
2024-03-26,20280.0,20459.0,20038.0,20459.0,20233.0,20459.0,20124.0,421.0,177.36787302825675,1.0,1.0,0.0,1.0,1.0,1.0,1.0,0.0,1.0,0.8236379973690287,0.0,升壓,低<18,False,0.2,1.0,0.0,,0.2,2.0,0.1,,0.35,7.0,0.3,,1.0,1.0,0.3333333333333333,0.3333333333333333,0.2,0.2,0.2,0.2,1.0
2024-03-27,20185.0,20288.0,20148.0,20226.0,20148.0,20248.0,20148.0,140.0,200.57093273985134,0.0,0.0,0.0,0.0,0.0,0.0,0.0,0.0,0.0,0.6932759736304496,1.0,升壓,低<18,False,0.4,2.0,0.2,,0.2,2.0,0.1,,0.4,8.0,0.35,,0.0,0.0,0.0,0.0,0.0,0.0,0.1,0.1,1.0
2024-03-28,20238.0,20250.0,20081.0,20248.0,20081.0,20250.0,20081.0,169.0,194.80227247891312,0.0,0.0,0.0,0.0,0.0,0.0,0.0,0.0,0.0,0.7587707917281106,1.0,升壓,低<18,False,0.4,2.0,0.2,,0.2,2.0,0.1,,0.35,7.0,0.3,,0.0,0.0,0.0,0.0,0.0,0.0,0.1,0.1,1.0
2024-03-29,20226.0,20299.0,20192.0,20284.0,20192.0,20299.0,20192.0,107.0,192.3449131952071,0.0,0.0,0.0,0.0,0.0,0.0,0.0,0.0,0.0,0.8679790775702997,0.0,降壓,低<18,False,0.2,1.0,0.2,0.6,0.2,2.0,0.1,,0.3,6.0,0.25,,0.0,0.0,0.0,0.0,0.0,0.0,0.1,0.1,0.0
2024-04-01,20393.0,20400.0,20259.0,20400.0,20259.0,20400.0,20259.0,141.0,184.216826224235,0.0,0.0,0.0,0.0,0.0,0.0,0.0,0.0,0.0,0.7787910755278362,1.0,降壓,低<18,False,0.2,1.0,0.2,0.6,0.2,2.0,0.1,,0.3,6.0,0.25,,0.0,0.0,0.0,0.0,0.2,0.2,0.2,0.2,0.0
2024-04-02,20350.0,20524.0,20350.0,20469.0,20350.0,20498.0,20350.0,174.0,180.1009380124031,0.0,0.0,0.0,0.0,0.0,0.0,0.0,0.0,0.0,0.8979490679004863,0.0,降壓,低<18,False,0.2,1.0,0.2,0.6,0.2,2.0,0.1,,0.25,5.0,0.2,,0.0,0.0,0.0,0.0,0.2,0.2,0.3,0.3,0.0
2024-04-03,20370.0,20419.0,20275.0,20415.0,20275.0,20415.0,20275.0,144.0,179.51989629693614,0.0,0.0,0.0,0.0,0.0,0.0,0.0,0.0,0.0,1.0897052244240557,0.0,升壓,低<18,False,0.0,0.0,0.0,0.6,0.2,2.0,0.1,,0.25,5.0,0.2,,0.0,0.0,0.3333333333333333,0.3333333333333333,0.2,0.2,0.4,0.4,0.0
2024-04-08,20404.0,20520.0,20375.0,20498.0,20375.0,20520.0,20375.0,145.0,176.13704903056126,0.0,0.0,0.0,0.0,0.0,0.0,0.0,0.0,0.0,1.1435677414415555,0.0,降壓,低<18,False,0.0,0.0,0.0,0.4,0.2,2.0,0.1,,0.2,4.0,0.15,,0.0,0.0,0.3333333333333333,0.3333333333333333,0.2,0.2,0.5,0.5,0.0
2024-04-09,20538.0,20877.0,20518.0,20734.0,20518.0,20805.0,20518.0,359.0,173.17161578955543,1.0,0.0,1.0,0.0,1.0,1.0,1.0,1.0,1.0,1.0425592901351362,0.0,升壓,低<18,False,0.0,0.0,0.0,0.2,0.1,1.0,0.1,0.4,0.2,4.0,0.15,,1.0,1.0,0.3333333333333333,0.3333333333333333,0.2,0.2,0.5,0.5,1.0
2024-04-10,20822.0,20892.0,20804.0,20878.0,20804.0,20892.0,20804.0,88.0,190.86955714293111,0.0,0.0,0.0,0.0,0.0,0.0,0.0,0.0,0.0,1.1158394285221354,0.0,升壓,低<18,False,0.2,1.0,0.2,0.2,0.2,2.0,0.2,0.4,0.2,4.0,0.15,,0.0,0.0,0.0,0.0,0.2,0.2,0.4,0.4,0.0
2024-04-11,20706.0,20764.0,20651.0,20764.0,20651.0,20764.0,20651.0,113.0,181.07245646265196,0.0,0.0,0.0,0.0,0.0,0.0,0.0,0.0,0.0,1.4792156001137866,0.0,升壓,低<18,False,0.2,1.0,0.2,0.0,0.2,2.0,0.2,0.3,0.2,4.0,0.15,,0.0,0.0,0.0,0.0,0.4,0.4,0.5,0.4,0.0
2024-04-12,20745.0,20809.0,20682.0,20771.0,20682.0,20789.0,20682.0,127.0,174.58936537097082,0.0,0.0,0.0,0.0,0.0,0.0,0.0,0.0,0.0,1.0774806750329737,0.0,降壓,低<18,False,0.2,1.0,0.2,0.0,0.1,1.0,0.1,0.3,0.15,3.0,0.1,,0.0,0.0,0.3333333333333333,0.3333333333333333,0.6,0.6,0.5,0.4,0.0
2024-04-15,20544.0,20605.0,20460.0,20605.0,20520.0,20605.0,20460.0,145.0,170.0570448594498,0.0,0.0,0.0,0.0,0.0,0.0,0.0,0.0,0.0,2.0227583814398016,0.0,升壓,低<18,False,0.2,1.0,0.2,0.0,0.1,1.0,0.1,0.2,0.15,3.0,0.1,,0.0,0.0,0.6666666666666666,0.6666666666666666,0.8,0.8,0.5,0.4,0.0
2024-04-16,20278.0,20286.0,19798.0,20286.0,19913.0,20286.0,19913.0,488.0,167.6706596347403,0.0,1.0,0.0,1.0,1.0,1.0,1.0,1.0,1.0,2.2145144782557877,0.0,升壓,高18-24,False,0.2,1.0,0.2,0.0,0.1,1.0,0.1,0.1,0.15,3.0,0.1,,1.0,1.0,1.0,1.0,0.8,0.8,0.5,0.4,1.0
2024-04-17,19979.0,20242.0,19955.0,20154.0,19955.0,20235.0,19955.0,287.0,198.17821586000312,1.0,0.0,1.0,0.0,1.0,1.0,1.0,1.0,0.0,0.9092608531806196,0.0,升壓,高18-24,False,0.2,1.0,0.2,0.0,0.2,2.0,0.2,0.1,0.2,4.0,0.15,,1.0,1.0,1.0,1.0,0.6,0.6,0.4,0.3,1.0
2024-04-18,20070.0,20359.0,20025.0,20319.0,20025.0,20336.0,20025.0,334.0,206.63743339714568,1.0,0.0,1.0,0.0,1.0,1.0,1.0,1.0,1.0,1.4267353668452085,0.0,升壓,低<18,False,0.4,2.0,0.4,0.0,0.3,3.0,0.3,0.0,0.25,5.0,0.2,,1.0,1.0,0.6666666666666666,0.6666666666666666,0.6,0.4,0.3,0.2,1.0
2024-04-19,19840.0,19924.0,19265.0,19924.0,19440.0,19924.0,19265.0,659.0,218.76720164503658,0.0,1.0,0.0,1.0,1.0,1.0,1.0,1.0,1.0,3.0761435691639174,0.0,升壓,高18-24,False,0.6,3.0,0.6,0.0,0.4,4.0,0.4,0.0,0.3,6.0,0.25,,1.0,1.0,0.3333333333333333,0.3333333333333333,0.4,0.2,0.3,0.1,1.0
2024-04-22,19620.0,19715.0,19445.0,19715.0,19473.0,19715.0,19473.0,270.0,260.6941348216998,0.0,0.0,0.0,0.0,0.0,0.0,0.0,0.0,0.0,0.9955830677231464,0.0,升壓,高18-24,False,0.8,4.0,0.8,0.0,0.5,5.0,0.5,0.0,0.35,7.0,0.3,,0.0,0.0,0.3333333333333333,0.0,0.2,0.0,0.2,0.0,1.0
2024-04-23,19651.0,19745.0,19554.0,19745.0,19554.0,19745.0,19554.0,191.0,261.5804076958236,0.0,0.0,0.0,0.0,0.0,0.0,0.0,0.0,0.0,1.1355385647039953,0.0,升壓,低<18,False,0.8,4.0,0.8,0.0,0.5,5.0,0.5,0.0,0.3,6.0,0.3,0.2,0.0,0.0,0.3333333333333333,0.0,0.2,0.0,0.2,0.0,1.0
2024-04-24,19930.0,20202.0,19916.0,20149.0,19916.0,20173.0,19916.0,286.0,254.85846410574518,1.0,0.0,0.0,0.0,1.0,0.0,0.0,0.0,0.0,0.9975599212861556,0.0,升壓,低<18,False,0.6,3.0,0.6,0.0,0.4,4.0,0.4,0.0,0.3,6.0,0.3,0.2,1.0,0.0,0.3333333333333333,0.0,0.2,0.0,0.2,0.0,1.0
2024-04-25,19940.0,19979.0,19834.0,19979.0,19834.0,19979.0,19834.0,145.0,257.8243246671028,0.0,0.0,0.0,0.0,0.0,0.0,0.0,0.0,0.0,1.0738140286940574,0.0,升壓,高18-24,False,0.6,3.0,0.4,0.0,0.5,5.0,0.4,0.0,0.35,7.0,0.3,0.15,0.0,0.0,0.0,0.0,0.0,0.0,0.1,0.0,1.0
2024-04-26,20126.0,20271.0,20070.0,20271.0,20070.0,20271.0,20070.0,201.0,247.0791508892835,0.0,0.0,0.0,0.0,0.0,0.0,0.0,0.0,0.0,2.0241167452382687,0.0,升壓,低<18,False,0.4,2.0,0.2,0.0,0.5,5.0,0.4,0.0,0.3,6.0,0.25,0.15,0.0,0.0,0.0,0.0,0.2,0.0,0.1,0.0,0.0
2024-04-29,20350.0,20560.0,20310.0,20560.0,20310.0,20560.0,20310.0,250.0,242.69066032839936,0.0,0.0,0.0,0.0,0.0,0.0,0.0,0.0,0.0,0.6276431179110368,1.0,升壓,高18-24,False,0.2,1.0,0.0,0.0,0.5,5.0,0.4,0.0,0.3,6.0,0.25,0.1,0.0,0.0,0.0,0.0,0.2,0.0,0.1,0.0,0.0
2024-04-30,20518.0,20576.0,20404.0,20576.0,20474.0,20576.0,20474.0,172.0,243.38678791617085,0.0,0.0,0.0,0.0,0.0,0.0,0.0,0.0,0.0,0.6596332527771636,1.0,升壓,高18-24,False,0.2,1.0,0.0,0.2,0.5,5.0,0.4,0.1,0.3,6.0,0.25,0.1,0.0,0.0,0.3333333333333333,0.0,0.2,0.0,0.1,0.0,0.0
2024-05-02,20250.0,20380.0,20215.0,20380.0,20215.0,20380.0,20215.0,165.0,236.58804620986885,0.0,0.0,0.0,0.0,0.0,0.0,0.0,0.0,0.0,0.9258660317939945,0.0,升壓,低<18,False,0.2,1.0,0.0,0.4,0.4,4.0,0.3,0.2,0.3,6.0,0.25,0.15,0.0,0.0,0.3333333333333333,0.0,0.2,0.0,0.1,0.0,0.0
2024-05-03,20548.0,20597.0,20306.0,20597.0,20412.0,20597.0,20381.0,291.0,229.7701370470242,0.0,1.0,0.0,0.0,1.0,0.0,0.0,0.0,0.0,1.4937747848516119,0.0,升壓,低<18,False,0.0,0.0,0.0,0.4,0.3,3.0,0.2,0.2,0.3,6.0,0.25,0.1,1.0,0.0,0.3333333333333333,0.0,0.2,0.0,0.1,0.0,0.0
2024-05-06,20685.0,20714.0,20562.0,20714.0,20562.0,20714.0,20562.0,152.0,235.60155256635522,0.0,0.0,0.0,0.0,0.0,0.0,0.0,0.0,0.0,1.5994803814904475,0.0,升壓,低<18,False,0.2,1.0,0.0,0.4,0.3,3.0,0.1,0.2,0.35,7.0,0.25,0.1,0.0,0.0,0.0,0.0,0.0,0.0,0.0,0.0,0.0
2024-05-07,20733.0,20756.0,20536.0,20756.0,20536.0,20756.0,20536.0,220.0,227.63949994098806,0.0,0.0,0.0,0.0,0.0,0.0,0.0,0.0,0.0,0.6287089255327762,1.0,降壓,低<18,False,0.2,1.0,0.0,0.4,0.2,2.0,0.0,0.2,0.35,7.0,0.25,0.1,0.0,0.0,0.0,0.0,0.0,0.0,0.1,0.1,0.0
2024-05-08,20618.0,20738.0,20574.0,20666.0,20574.0,20724.0,20574.0,164.0,226.91192851803683,0.0,0.0,0.0,0.0,0.0,0.0,0.0,0.0,0.0,0.32587784714856494,1.0,降壓,低<18,False,0.2,1.0,0.0,0.4,0.2,2.0,0.0,0.3,0.35,7.0,0.25,0.15,0.0,0.0,0.0,0.0,0.0,0.0,0.1,0.1,0.0
2024-05-09,20707.0,20763.0,20605.0,20763.0,20661.0,20763.0,20651.0,158.0,220.9203162782238,0.0,0.0,0.0,0.0,0.0,0.0,0.0,0.0,0.0,0.6593254772848102,1.0,降壓,低<18,False,0.2,1.0,0.0,0.4,0.2,2.0,0.0,0.4,0.3,6.0,0.2,0.2,0.0,0.0,0.0,0.0,0.0,0.0,0.2,0.2,0.0
2024-05-10,20738.0,20828.0,20616.0,20751.0,20616.0,20751.0,20616.0,212.0,214.92790520410725,0.0,0.0,0.0,0.0,0.0,0.0,0.0,0.0,0.0,0.7822103223206707,1.0,降壓,低<18,False,0.2,1.0,0.0,0.6,0.1,1.0,0.0,0.5,0.3,6.0,0.2,0.25,0.0,0.0,0.0,0.0,0.0,0.0,0.2,0.2,0.0
2024-05-13,20942.0,20965.0,20833.0,20965.0,20860.0,20965.0,20860.0,132.0,214.64905708943036,0.0,0.0,0.0,0.0,0.0,0.0,0.0,0.0,0.0,0.7693755960427066,1.0,降壓,低<18,False,0.0,0.0,0.0,0.8,0.1,1.0,0.0,0.6,0.3,6.0,0.2,0.3,0.0,0.0,0.0,0.0,0.0,0.0,0.2,0.2,0.0
2024-05-14,20892.0,21015.0,20868.0,20968.0,20868.0,20973.0,20868.0,147.0,206.77771831900841,0.0,0.0,0.0,0.0,0.0,0.0,0.0,0.0,0.0,0.45595859580374754,1.0,降壓,低<18,False,0.0,0.0,0.0,1.0,0.1,1.0,0.0,0.7,0.3,6.0,0.2,0.35,0.0,0.0,0.0,0.0,0.2,0.2,0.3,0.2,0.0
2024-05-15,21184.0,21361.0,21116.0,21361.0,21116.0,21361.0,21116.0,245.0,201.08460228862666,0.0,0.0,0.0,0.0,0.0,0.0,0.0,0.0,0.0,1.231249744716666,0.0,降壓,低<18,False,0.0,0.0,0.0,1.0,0.1,1.0,0.0,0.7,0.3,6.0,0.2,0.4,0.0,0.0,0.0,0.0,0.2,0.2,0.3,0.2,0.0
2024-05-16,21465.0,21556.0,21326.0,21556.0,21403.0,21556.0,21377.0,230.0,205.26702111828126,0.0,0.0,0.0,0.0,0.0,0.0,0.0,0.0,0.0,,,降壓,低<18,False,0.0,0.0,0.0,0.8,0.1,1.0,0.0,0.6,0.25,5.0,0.15,0.4,0.0,0.0,0.3333333333333333,0.3333333333333333,0.4,0.4,0.3,0.2,0.0
2024-05-17,21303.0,21407.0,21288.0,21407.0,21301.0,21407.0,21288.0,119.0,207.6225429165402,0.0,0.0,0.0,0.0,0.0,0.0,0.0,0.0,0.0,0.8893192155619907,0.0,降壓,低<18,False,0.0,0.0,0.0,,0.1,1.0,0.0,,0.2,4.0,0.1,,0.0,0.0,0.3333333333333333,0.3333333333333333,0.4,0.4,0.3,0.2,0.0
2024-05-20,21435.0,21485.0,21153.0,21485.0,21305.0,21485.0,21305.0,332.0,199.18230073401256,0.0,1.0,0.0,1.0,1.0,1.0,0.0,0.0,0.0,0.8151847310048368,0.0,升壓,低<18,False,0.0,0.0,0.0,,0.0,0.0,0.0,,0.15,3.0,0.05,,1.0,1.0,0.6666666666666666,0.6666666666666666,0.4,0.4,0.4,0.2,1.0
2024-05-21,21324.0,21350.0,21165.0,21350.0,21165.0,21350.0,21165.0,185.0,211.83160542601135,0.0,0.0,0.0,0.0,0.0,0.0,0.0,0.0,0.0,0.7872369000581653,1.0,升壓,低<18,False,0.2,1.0,0.2,,0.1,1.0,0.1,,0.15,3.0,0.05,,0.0,0.0,0.3333333333333333,0.3333333333333333,0.4,0.2,0.4,0.1,1.0
2024-05-22,21293.0,21613.0,21283.0,21530.0,21283.0,21576.0,21283.0,330.0,209.27621443305787,1.0,0.0,1.0,0.0,1.0,1.0,1.0,1.0,1.0,0.4071885417395087,1.0,升壓,低<18,False,0.2,1.0,0.2,,0.1,1.0,0.1,,0.15,3.0,0.05,,1.0,1.0,0.3333333333333333,0.3333333333333333,0.4,0.2,0.5,0.2,1.0
2024-05-23,21630.0,21661.0,21492.0,21650.0,21492.0,21661.0,21492.0,169.0,220.77371782038568,0.0,0.0,0.0,0.0,0.0,0.0,0.0,0.0,0.0,0.920646992488095,0.0,升壓,低<18,False,0.4,2.0,0.4,,0.2,2.0,0.2,,0.2,4.0,0.1,,0.0,0.0,0.3333333333333333,0.0,0.2,0.0,0.4,0.1,1.0
2024-05-24,21448.0,21617.0,21414.0,21570.0,21414.0,21573.0,21414.0,203.0,215.84288755177752,0.0,0.0,0.0,0.0,0.0,0.0,0.0,0.0,0.0,1.7451560480458503,0.0,升壓,低<18,False,0.4,2.0,0.4,0.4,0.2,2.0,0.2,,0.15,3.0,0.1,,0.0,0.0,0.3333333333333333,0.0,0.2,0.0,0.4,0.1,1.0
2024-05-27,21670.0,21917.0,21655.0,21917.0,21655.0,21917.0,21655.0,262.0,214.6197554039892,1.0,0.0,0.0,0.0,1.0,0.0,1.0,0.0,1.0,0.833704804997258,0.0,升壓,低<18,False,0.4,2.0,0.4,0.4,0.2,2.0,0.2,,0.15,3.0,0.1,,1.0,0.0,0.3333333333333333,0.0,0.4,0.0,0.4,0.1,1.0
2024-05-28,21892.0,21994.0,21845.0,21948.0,21845.0,21962.0,21845.0,149.0,219.1321596512283,0.0,0.0,0.0,0.0,0.0,0.0,0.0,0.0,0.0,0.40155745367357437,1.0,降壓,低<18,False,0.4,2.0,0.2,0.4,0.3,3.0,0.2,,0.2,4.0,0.1,,0.0,0.0,0.0,0.0,0.4,0.0,0.3,0.1,0.0
2024-05-29,21865.0,21907.0,21720.0,21907.0,21777.0,21907.0,21766.0,187.0,212.45290635111132,0.0,0.0,0.0,0.0,0.0,0.0,0.0,0.0,0.0,0.799155303517257,1.0,升壓,低<18,False,0.4,2.0,0.2,0.4,0.3,3.0,0.2,,0.2,4.0,0.1,,0.0,0.0,0.3333333333333333,0.0,0.6,0.2,0.4,0.1,0.0
2024-05-30,21512.0,21553.0,21368.0,21553.0,21425.0,21553.0,21425.0,185.0,210.02882003195788,0.0,0.0,0.0,0.0,0.0,0.0,0.0,0.0,0.0,1.1537189891358823,0.0,升壓,低<18,False,0.2,1.0,0.0,0.4,0.3,3.0,0.2,,0.2,4.0,0.1,,0.0,0.0,0.6666666666666666,0.0,0.6,0.2,0.4,0.1,0.0
2024-05-31,21505.0,21583.0,21253.0,21583.0,21453.0,21583.0,21301.0,330.0,207.64512288605712,0.0,1.0,0.0,0.0,1.0,0.0,1.0,0.0,0.0,1.4301322456739416,0.0,升壓,高18-24,False,0.2,1.0,0.0,0.4,0.3,3.0,0.2,0.4,0.2,4.0,0.1,,1.0,0.0,1.0,0.3333333333333333,0.6,0.2,0.5,0.1,1.0
2024-06-03,21469.0,21698.0,21424.0,21668.0,21424.0,21698.0,21424.0,274.0,219.29796832548024,1.0,0.0,0.0,0.0,1.0,0.0,1.0,0.0,0.0,1.6835322623730113,0.0,升壓,低<18,False,0.4,2.0,0.0,0.4,0.4,4.0,0.2,0.4,0.2,4.0,0.1,,1.0,0.0,0.6666666666666666,0.3333333333333333,0.4,0.2,0.4,0.1,1.0
2024-06-04,21560.0,21574.0,21284.0,21574.0,21377.0,21574.0,21284.0,290.0,224.50768562781545,0.0,1.0,0.0,1.0,1.0,1.0,1.0,1.0,0.0,1.3797521089206624,0.0,升壓,高18-24,False,0.4,2.0,0.0,0.4,0.4,4.0,0.1,0.4,0.25,5.0,0.1,,1.0,1.0,0.3333333333333333,0.3333333333333333,0.2,0.2,0.3,0.1,1.0
2024-06-05,21350.0,21493.0,21226.0,21493.0,21226.0,21493.0,21226.0,267.0,230.74504890135682,0.0,0.0,0.0,0.0,0.0,0.0,0.0,0.0,0.0,1.0152755660792816,0.0,升壓,高18-24,False,0.6,3.0,0.2,0.2,0.5,5.0,0.2,0.3,0.3,6.0,0.15,,0.0,0.0,0.0,0.0,0.2,0.0,0.3,0.1,1.0
2024-06-06,21825.0,21962.0,21791.0,21913.0,21791.0,21953.0,21791.0,171.0,234.19790138694188,0.0,0.0,0.0,0.0,0.0,0.0,0.0,0.0,0.0,2.1702466664497004,0.0,升壓,低<18,False,0.6,3.0,0.2,0.0,0.4,4.0,0.1,0.2,0.3,6.0,0.15,,0.0,0.0,0.0,0.0,0.2,0.0,0.4,0.1,1.0
2024-06-07,21839.0,21908.0,21781.0,21886.0,21781.0,21886.0,21781.0,127.0,228.17905363580456,0.0,0.0,0.0,0.0,0.0,0.0,0.0,0.0,0.0,0.866304492151833,0.0,降壓,低<18,False,0.6,3.0,0.2,0.0,0.4,4.0,0.1,0.2,0.3,6.0,0.15,,0.0,0.0,0.3333333333333333,0.0,0.4,0.0,0.5,0.1,0.0
2024-06-11,21920.0,21970.0,21783.0,21970.0,21832.0,21970.0,21787.0,187.0,218.54295328953745,0.0,0.0,0.0,0.0,0.0,0.0,0.0,0.0,0.0,0.9192619627259342,0.0,升壓,低<18,False,0.4,2.0,0.2,0.0,0.4,4.0,0.1,0.2,0.3,6.0,0.15,,0.0,0.0,0.3333333333333333,0.0,0.4,0.0,0.6,0.2,0.0
2024-06-12,21829.0,22063.0,21790.0,21953.0,21790.0,21968.0,21790.0,273.0,215.5388625000577,1.0,0.0,0.0,0.0,1.0,0.0,0.0,0.0,0.0,0.9918872384493453,0.0,升壓,低<18,False,0.2,1.0,0.2,0.0,0.3,3.0,0.1,0.2,0.3,6.0,0.15,,1.0,0.0,0.6666666666666666,0.0,0.4,0.0,0.6,0.2,0.0
2024-06-13,22308.0,22473.0,22207.0,22473.0,22225.0,22473.0,22207.0,266.0,221.0113517857665,0.0,0.0,0.0,0.0,0.0,0.0,0.0,0.0,0.0,1.4983459724132298,0.0,升壓,低<18,False,0.2,1.0,0.0,0.0,0.4,4.0,0.1,0.1,0.35,7.0,0.15,,0.0,0.0,0.3333333333333333,0.0,0.4,0.2,0.5,0.2,1.0
2024-06-14,22274.0,22514.0,22270.0,22355.0,22270.0,22439.0,22270.0,244.0,225.29598494902683,1.0,0.0,0.0,0.0,1.0,0.0,0.0,0.0,0.0,0.9923777602717825,0.0,升壓,低<18,False,0.2,1.0,0.0,0.0,0.4,4.0,0.1,0.0,0.35,7.0,0.15,,1.0,0.0,0.3333333333333333,0.0,0.6,0.2,0.5,0.2,1.0
2024-06-17,22430.0,22554.0,22420.0,22554.0,22420.0,22554.0,22420.0,134.0,227.0773197157862,0.0,0.0,0.0,0.0,0.0,0.0,0.0,0.0,0.0,0.6396986979941347,1.0,升壓,高18-24,False,0.4,2.0,0.0,0.0,0.5,5.0,0.1,0.0,0.4,8.0,0.15,0.2,0.0,0.0,0.3333333333333333,0.3333333333333333,0.6,0.2,0.4,0.2,0.0
2024-06-18,22726.0,22812.0,22666.0,22788.0,22666.0,22804.0,22666.0,146.0,218.2128130761875,0.0,0.0,0.0,0.0,0.0,0.0,0.0,0.0,0.0,1.3202267812066129,0.0,升壓,高18-24,False,0.4,2.0,0.0,0.2,0.4,4.0,0.1,0.1,0.4,8.0,0.15,0.25,0.0,0.0,0.6666666666666666,0.3333333333333333,0.8,0.4,0.4,0.2,0.0
2024-06-19,22956.0,23291.0,22940.0,23163.0,22940.0,23291.0,22940.0,351.0,211.33540230702678,1.0,0.0,1.0,0.0,1.0,1.0,1.0,1.0,1.0,1.0518951955952482,0.0,升壓,高18-24,False,0.4,2.0,0.0,0.2,0.3,3.0,0.1,0.1,0.35,7.0,0.1,0.25,1.0,1.0,1.0,0.3333333333333333,0.8,0.4,0.4,0.2,1.0
2024-06-20,23153.0,23380.0,23106.0,23216.0,23106.0,23233.0,23106.0,274.0,224.63679256350042,1.0,0.0,0.0,0.0,1.0,0.0,0.0,0.0,0.0,,,升壓,高18-24,False,0.4,2.0,0.2,0.2,0.3,3.0,0.1,0.1,0.4,8.0,0.15,0.2,1.0,0.0,1.0,0.3333333333333333,0.6,0.2,0.3,0.1,1.0
2024-06-21,23034.0,23291.0,23025.0,23271.0,23025.0,23291.0,23025.0,266.0,229.3380504145956,1.0,0.0,0.0,0.0,1.0,0.0,1.0,0.0,1.0,1.9055705980923658,0.0,升壓,高18-24,False,0.6,3.0,0.2,,0.4,4.0,0.1,,0.4,8.0,0.1,,1.0,0.0,0.6666666666666666,0.3333333333333333,0.4,0.2,0.2,0.1,1.0
2024-06-24,23050.0,23073.0,22708.0,23073.0,22731.0,23073.0,22731.0,365.0,232.8296646608246,0.0,1.0,0.0,1.0,1.0,1.0,1.0,1.0,1.0,2.1043047054656023,0.0,升壓,高18-24,False,0.6,3.0,0.2,,0.5,5.0,0.1,,0.45,9.0,0.1,,1.0,1.0,0.3333333333333333,0.3333333333333333,0.2,0.2,0.1,0.1,1.0
2024-06-25,22608.0,22776.0,22410.0,22702.0,22410.0,22737.0,22410.0,366.0,245.41731564550795,0.0,0.0,0.0,0.0,0.0,0.0,0.0,0.0,0.0,1.035863897831159,0.0,升壓,高18-24,False,0.8,4.0,0.4,,0.6,6.0,0.2,,0.5,10.0,0.15,,0.0,0.0,0.0,0.0,0.0,0.0,0.1,0.1,1.0
2024-06-26,22806.0,23005.0,22744.0,23000.0,22770.0,23005.0,22770.0,261.0,256.90138082212627,0.0,0.0,0.0,0.0,0.0,0.0,0.0,0.0,0.0,0.7723966536022655,1.0,升壓,高18-24,False,0.8,4.0,0.4,,0.6,6.0,0.2,,0.45,9.0,0.15,,0.0,0.0,0.0,0.0,0.0,0.0,0.2,0.1,1.0
2024-06-27,22614.0,22822.0,22555.0,22802.0,22555.0,22822.0,22555.0,267.0,257.29172550573327,0.0,0.0,0.0,0.0,0.0,0.0,0.0,0.0,0.0,1.2374058561036794,0.0,升壓,高18-24,False,0.6,3.0,0.2,,0.5,5.0,0.2,,0.45,9.0,0.15,,0.0,0.0,0.0,0.0,0.0,0.0,0.2,0.1,1.0
2024-06-28,22908.0,23117.0,22793.0,23117.0,22793.0,23117.0,22793.0,324.0,258.2163230766158,0.0,0.0,0.0,0.0,0.0,0.0,0.0,0.0,0.0,0.8017486699585272,0.0,升壓,高18-24,False,0.4,2.0,0.2,0.2,0.5,5.0,0.2,,0.45,9.0,0.15,,0.0,0.0,0.0,0.0,0.0,0.0,0.2,0.1,1.0
2024-07-01,22960.0,23166.0,22938.0,23166.0,22955.0,23166.0,22955.0,228.0,264.4814351645572,0.0,0.0,0.0,0.0,0.0,0.0,0.0,0.0,0.0,0.9609406433314676,0.0,升壓,高18-24,False,0.2,1.0,0.2,0.2,0.4,4.0,0.2,,0.45,9.0,0.15,,0.0,0.0,0.0,0.0,0.0,0.0,0.2,0.1,1.0
2024-07-02,22838.0,22993.0,22717.0,22993.0,22717.0,22993.0,22717.0,276.0,261.0070127679327,0.0,0.0,0.0,0.0,0.0,0.0,0.0,0.0,0.0,0.8088370013698247,0.0,升壓,高18-24,False,0.0,0.0,0.0,0.2,0.4,4.0,0.2,,0.4,8.0,0.15,,0.0,0.0,0.0,0.0,0.2,0.2,0.3,0.1,1.0
2024-07-03,23073.0,23188.0,22981.0,23127.0,22981.0,23140.0,22981.0,207.0,262.43491631384387,0.0,0.0,0.0,0.0,0.0,0.0,0.0,0.0,0.0,1.3305140832218962,0.0,降壓,高18-24,False,0.0,0.0,0.0,0.2,0.4,4.0,0.2,,0.35,7.0,0.15,,0.0,0.0,0.0,0.0,0.4,0.2,0.4,0.1,0.0
2024-07-04,23487.0,23626.0,23461.0,23590.0,23461.0,23620.0,23461.0,165.0,257.15540047443017,0.0,0.0,0.0,0.0,0.0,0.0,0.0,0.0,0.0,1.2111663136932476,0.0,降壓,高18-24,False,0.0,0.0,0.0,0.0,0.3,3.0,0.1,,0.3,6.0,0.1,,0.0,0.0,0.3333333333333333,0.3333333333333333,0.4,0.2,0.5,0.1,0.0
2024-07-05,23659.0,23677.0,23526.0,23677.0,23573.0,23677.0,23561.0,151.0,248.3786956673416,0.0,0.0,0.0,0.0,0.0,0.0,0.0,0.0,0.0,0.4852077493745962,1.0,降壓,高18-24,False,0.0,0.0,0.0,0.0,0.2,2.0,0.1,0.1,0.3,6.0,0.1,,0.0,0.0,0.6666666666666666,0.3333333333333333,0.4,0.2,0.5,0.1,0.0
2024-07-08,23545.0,23994.0,23512.0,23888.0,23512.0,23994.0,23512.0,482.0,239.10453417521381,1.0,0.0,1.0,0.0,1.0,1.0,1.0,1.0,1.0,0.8194488539093325,0.0,升壓,高18-24,False,0.0,0.0,0.0,0.2,0.1,1.0,0.1,0.2,0.3,6.0,0.1,,1.0,1.0,0.6666666666666666,0.3333333333333333,0.4,0.2,0.6,0.1,1.0
2024-07-09,23945.0,24092.0,23624.0,24092.0,23624.0,24092.0,23624.0,468.0,262.2374356823363,0.0,1.0,0.0,0.0,1.0,0.0,1.0,0.0,1.0,0.947841740466748,0.0,升壓,高18-24,False,0.2,1.0,0.2,0.2,0.1,1.0,0.1,0.2,0.35,7.0,0.15,,1.0,0.0,0.3333333333333333,0.0,0.4,0.0,0.6,0.1,1.0
2024-07-10,23759.0,24014.0,23702.0,23907.0,23702.0,23976.0,23702.0,312.0,281.83387037925667,0.0,0.0,0.0,0.0,0.0,0.0,0.0,0.0,0.0,0.6482243621506802,1.0,升壓,高18-24,False,0.4,2.0,0.2,0.2,0.2,2.0,0.1,0.2,0.4,8.0,0.15,,0.0,0.0,0.0,0.0,0.4,0.0,0.5,0.1,1.0
2024-07-11,24251.0,24405.0,24160.0,24383.0,24160.0,24383.0,24160.0,245.0,284.70683510504176,0.0,0.0,0.0,0.0,0.0,0.0,0.0,0.0,0.0,1.0469373774173225,0.0,升壓,高18-24,False,0.4,2.0,0.2,0.4,0.2,2.0,0.1,0.2,0.35,7.0,0.15,,0.0,0.0,0.3333333333333333,0.0,0.6,0.0,0.5,0.1,1.0
2024-07-12,24038.0,24070.0,23784.0,24070.0,23811.0,24070.0,23811.0,286.0,280.9252317617044,0.0,0.0,0.0,0.0,0.0,0.0,0.0,0.0,0.0,1.9054147576987908,0.0,升壓,高18-24,False,0.4,2.0,0.2,0.4,0.2,2.0,0.1,0.2,0.35,7.0,0.15,,0.0,0.0,0.6666666666666666,0.0,0.6,0.0,0.5,0.1,1.0
2024-07-15,24091.0,24112.0,23756.0,24112.0,23756.0,24112.0,23756.0,356.0,281.4085430224945,0.0,1.0,0.0,0.0,1.0,0.0,1.0,0.0,1.0,1.4767878457731,0.0,升壓,高18-24,False,0.4,2.0,0.2,0.2,0.2,2.0,0.1,0.2,0.3,6.0,0.15,,1.0,0.0,1.0,0.0,0.8,0.0,0.6,0.1,1.0
2024-07-16,23830.0,24182.0,23824.0,24172.0,23824.0,24182.0,23824.0,358.0,288.51249130606647,1.0,0.0,0.0,0.0,1.0,0.0,1.0,0.0,1.0,1.1724212161431964,0.0,升壓,高18-24,False,0.4,2.0,0.0,0.2,0.3,3.0,0.1,0.2,0.35,7.0,0.15,,1.0,0.0,0.6666666666666666,0.0,0.8,0.2,0.5,0.1,1.0
2024-07-17,23980.0,24000.0,23647.0,24000.0,23717.0,24000.0,23717.0,353.0,295.1303492769173,0.0,1.0,0.0,0.0,1.0,0.0,0.0,0.0,0.0,0.6419979565095056,1.0,升壓,高18-24,False,0.4,2.0,0.0,0.2,0.4,4.0,0.1,0.2,0.4,8.0,0.15,,1.0,0.0,0.6666666666666666,0.0,0.6,0.2,0.4,0.1,1.0
2024-07-18,23294.0,23444.0,23154.0,23419.0,23154.0,23419.0,23154.0,290.0,300.64174458387754,0.0,0.0,0.0,0.0,0.0,0.0,0.0,0.0,0.0,,,升壓,高18-24,False,0.6,3.0,0.0,0.2,0.5,5.0,0.1,0.3,0.4,8.0,0.1,,0.0,0.0,0.6666666666666666,0.3333333333333333,0.4,0.2,0.4,0.2,1.0
2024-07-19,23148.0,23185.0,22853.0,23185.0,22853.0,23185.0,22853.0,332.0,299.62824509969874,0.0,1.0,0.0,0.0,1.0,0.0,1.0,0.0,1.0,2.629423466519706,0.0,升壓,高18-24,False,0.6,3.0,0.0,,0.5,5.0,0.1,,0.35,7.0,0.1,,1.0,0.0,0.6666666666666666,0.3333333333333333,0.4,0.2,0.5,0.3,1.0
2024-07-22,22859.0,22906.0,22184.0,22906.0,22184.0,22906.0,22184.0,722.0,302.71126937591794,0.0,1.0,0.0,1.0,1.0,1.0,1.0,1.0,1.0,1.0021585610108308,0.0,升壓,高18-24,False,0.8,4.0,0.0,,0.6,6.0,0.1,,0.35,7.0,0.1,,1.0,1.0,0.3333333333333333,0.3333333333333333,0.4,0.2,0.5,0.4,1.0
2024-07-23,22600.0,22871.0,22571.0,22828.0,22571.0,22840.0,22571.0,300.0,342.6435294353543,0.0,0.0,0.0,0.0,0.0,0.0,0.0,0.0,0.0,1.0177562508567772,0.0,升壓,高18-24,False,0.8,4.0,0.2,,0.6,6.0,0.1,,0.35,7.0,0.1,,0.0,0.0,0.0,0.0,0.2,0.0,0.5,0.4,1.0
2024-07-26,22028.0,22156.0,21918.0,22156.0,21918.0,22156.0,21918.0,238.0,338.58224091770154,0.0,0.0,0.0,0.0,0.0,0.0,0.0,0.0,0.0,0.6058363574721448,1.0,升壓,極高>24,False,0.6,3.0,0.2,,0.5,5.0,0.1,,0.35,7.0,0.1,,0.0,0.0,0.3333333333333333,0.0,0.2,0.0,0.5,0.4,1.0
2024-07-29,22430.0,22519.0,22146.0,22519.0,22284.0,22519.0,22146.0,373.0,329.00297987792044,0.0,0.0,0.0,0.0,0.0,0.0,0.0,0.0,0.0,0.8819082829706256,0.0,升壓,極高>24,False,0.4,2.0,0.2,,0.5,5.0,0.1,,0.35,7.0,0.1,,0.0,0.0,0.3333333333333333,0.0,0.4,0.2,0.5,0.4,1.0
2024-07-30,21933.0,22299.0,21809.0,22079.0,21817.0,22079.0,21809.0,490.0,333.1931722704994,1.0,0.0,0.0,0.0,1.0,0.0,0.0,0.0,0.0,1.266620800267231,0.0,升壓,高18-24,False,0.4,2.0,0.2,0.2,0.5,5.0,0.1,,0.35,7.0,0.1,,1.0,0.0,0.3333333333333333,0.0,0.6,0.4,0.5,0.4,1.0
2024-07-31,22050.0,22348.0,22013.0,22287.0,22013.0,22348.0,22013.0,335.0,348.12715586378516,0.0,0.0,0.0,0.0,0.0,0.0,0.0,0.0,0.0,1.7170686358068263,0.0,升壓,極高>24,False,0.4,2.0,0.2,0.2,0.6,6.0,0.1,,0.4,8.0,0.1,,0.0,0.0,0.3333333333333333,0.3333333333333333,0.6,0.6,0.4,0.4,1.0
2024-08-01,22721.0,22728.0,22460.0,22728.0,22460.0,22728.0,22460.0,268.0,346.87695054342464,0.0,0.0,0.0,0.0,0.0,0.0,0.0,0.0,0.0,1.0473194160812926,0.0,升壓,高18-24,False,0.2,1.0,0.0,0.2,0.5,5.0,0.1,,0.4,8.0,0.1,,0.0,0.0,0.6666666666666666,0.6666666666666666,0.8,0.8,0.4,0.4,1.0
2024-08-02,22000.0,22099.0,21508.0,22099.0,21771.0,22099.0,21750.0,591.0,339.36486001547945,0.0,1.0,0.0,1.0,1.0,1.0,0.0,0.0,0.0,1.8893734037372851,0.0,升壓,極高>24,False,0.2,1.0,0.0,0.2,0.4,4.0,0.1,,0.4,8.0,0.1,,1.0,1.0,1.0,1.0,0.8,0.8,0.4,0.4,1.0
2024-08-05,20712.0,20742.0,19374.0,20742.0,19746.0,20742.0,19746.0,1368.0,363.33011144257665,0.0,1.0,0.0,1.0,1.0,1.0,1.0,1.0,1.0,1.5918214264719255,0.0,升壓,極高>24,True,0.4,2.0,0.2,0.0,0.4,4.0,0.2,,0.45,9.0,0.15,,1.0,1.0,1.0,1.0,0.6,0.6,0.3,0.3,1.0
2024-08-06,20395.0,20790.0,19589.0,20673.0,19589.0,20673.0,19589.0,1201.0,459.0129579718551,0.0,1.0,0.0,1.0,1.0,1.0,1.0,1.0,1.0,4.047294194842233,0.0,升壓,極高>24,True,0.6,3.0,0.4,0.0,0.5,5.0,0.3,0.1,0.5,10.0,0.2,,1.0,1.0,0.6666666666666666,0.6666666666666666,0.4,0.4,0.2,0.2,1.0
2024-08-07,20500.0,21335.0,20494.0,21295.0,20494.0,21313.0,20494.0,841.0,529.6783905459641,1.0,0.0,1.0,0.0,1.0,1.0,1.0,1.0,1.0,1.6285821504363056,0.0,升壓,極高>24,True,0.6,3.0,0.6,0.0,0.5,5.0,0.4,0.1,0.55,11.0,0.25,,1.0,1.0,0.3333333333333333,0.3333333333333333,0.2,0.2,0.1,0.1,1.0
2024-08-08,20680.0,21082.0,20545.0,21056.0,20545.0,21082.0,20545.0,537.0,559.3280676368247,0.0,0.0,0.0,0.0,0.0,0.0,0.0,0.0,0.0,1.4808227550623558,0.0,升壓,極高>24,True,0.8,4.0,0.8,0.0,0.5,5.0,0.4,0.1,0.55,11.0,0.25,,0.0,0.0,0.0,0.0,0.0,0.0,0.0,0.0,1.0
2024-08-09,21305.0,21593.0,21032.0,21522.0,21032.0,21593.0,21032.0,561.0,557.2015850047461,0.0,0.0,0.0,0.0,0.0,0.0,0.0,0.0,0.0,1.6164253279651852,0.0,升壓,極高>24,False,0.8,4.0,0.8,0.0,0.5,5.0,0.4,0.1,0.5,10.0,0.25,,0.0,0.0,0.0,0.0,0.0,0.0,0.0,0.0,1.0
2024-08-12,21650.0,21895.0,21600.0,21895.0,21600.0,21895.0,21600.0,295.0,557.563338813818,0.0,0.0,0.0,0.0,0.0,0.0,0.0,0.0,0.0,0.8493755883342371,0.0,升壓,極高>24,False,0.6,3.0,0.6,0.0,0.5,5.0,0.4,0.0,0.5,10.0,0.25,,0.0,0.0,0.0,0.0,0.0,0.0,0.0,0.0,1.0
2024-08-13,21848.0,21898.0,21662.0,21898.0,21662.0,21898.0,21662.0,236.0,532.5573065458353,0.0,0.0,0.0,0.0,0.0,0.0,0.0,0.0,0.0,0.6414568545331412,1.0,升壓,極高>24,False,0.4,2.0,0.4,0.0,0.5,5.0,0.4,0.0,0.5,10.0,0.25,,0.0,0.0,0.0,0.0,0.0,0.0,0.0,0.0,0.0
2024-08-14,22104.0,22158.0,21908.0,22158.0,21908.0,22158.0,21908.0,250.0,504.3137535414701,0.0,0.0,0.0,0.0,0.0,0.0,0.0,0.0,0.0,0.8173969867318789,0.0,降壓,極高>24,False,0.2,1.0,0.2,0.2,0.4,4.0,0.4,0.1,0.5,10.0,0.25,,0.0,0.0,0.0,0.0,0.0,0.0,0.0,0.0,0.0
2024-08-15,21993.0,22114.0,21836.0,22114.0,21883.0,22114.0,21883.0,278.0,480.09339606133005,0.0,0.0,0.0,0.0,0.0,0.0,0.0,0.0,0.0,0.8745710216878148,0.0,降壓,極高>24,False,0.0,0.0,0.0,0.2,0.4,4.0,0.4,0.1,0.45,9.0,0.25,,0.0,0.0,0.0,0.0,0.0,0.0,0.0,0.0,0.0
2024-08-16,22324.0,22447.0,22277.0,22447.0,22277.0,22447.0,22277.0,170.0,460.846405960251,0.0,0.0,0.0,0.0,0.0,0.0,0.0,0.0,0.0,1.2290543135315315,0.0,降壓,極高>24,False,0.0,0.0,0.0,0.2,0.4,4.0,0.4,0.1,0.4,8.0,0.25,,0.0,0.0,0.0,0.0,0.0,0.0,0.0,0.0,0.0
2024-08-19,22400.0,22521.0,22320.0,22458.0,22320.0,22514.0,22320.0,201.0,433.1467482497509,0.0,0.0,0.0,0.0,0.0,0.0,0.0,0.0,0.0,0.432204261377683,1.0,降壓,極高>24,False,0.0,0.0,0.0,0.2,0.3,3.0,0.3,0.1,0.35,7.0,0.25,,0.0,0.0,0.0,0.0,0.0,0.0,0.0,0.0,0.0
2024-08-20,22555.0,22574.0,22389.0,22574.0,22464.0,22574.0,22443.0,185.0,411.037534130727,0.0,0.0,0.0,0.0,0.0,0.0,0.0,0.0,0.0,0.645509922694435,1.0,降壓,極高>24,False,0.0,0.0,0.0,0.4,0.2,2.0,0.2,0.2,0.35,7.0,0.25,0.15,0.0,0.0,0.0,0.0,0.0,0.0,0.0,0.0,0.0
2024-08-21,22311.0,22344.0,22151.0,22344.0,22230.0,22344.0,22190.0,193.0,389.5101499278006,0.0,0.0,0.0,0.0,0.0,0.0,0.0,0.0,0.0,0.4869626184048539,1.0,降壓,極高>24,False,0.0,0.0,0.0,0.4,0.1,1.0,0.1,0.3,0.3,6.0,0.25,0.2,0.0,0.0,0.0,0.0,0.0,0.0,0.0,0.0,0.0
2024-08-22,22229.0,22277.0,22026.0,22277.0,22041.0,22277.0,22026.0,251.0,370.79489755372435,0.0,0.0,0.0,0.0,0.0,0.0,0.0,0.0,0.0,,,降壓,極高>24,False,0.0,0.0,0.0,0.6,0.0,0.0,0.0,0.4,0.25,5.0,0.2,0.25,0.0,0.0,0.0,0.0,0.0,0.0,0.1,0.1,0.0
2024-08-23,21942.0,22170.0,21865.0,21999.0,21865.0,21999.0,21865.0,305.0,359.3858596914649,0.0,0.0,0.0,0.0,0.0,0.0,0.0,0.0,0.0,1.1276214842753831,0.0,降壓,極高>24,False,0.0,0.0,0.0,,0.0,0.0,0.0,,0.25,5.0,0.2,,0.0,0.0,0.0,0.0,0.0,0.0,0.1,0.1,0.0
2024-08-26,22230.0,22450.0,22131.0,22450.0,22222.0,22450.0,22222.0,319.0,354.2062540065635,0.0,0.0,0.0,0.0,0.0,0.0,0.0,0.0,0.0,0.7608354459282612,1.0,降壓,極高>24,False,0.0,0.0,0.0,,0.0,0.0,0.0,,0.25,5.0,0.2,,0.0,0.0,0.0,0.0,0.0,0.0,0.1,0.1,0.0
2024-08-27,22112.0,22210.0,21998.0,22166.0,21998.0,22166.0,21998.0,212.0,350.85327743450983,0.0,0.0,0.0,0.0,0.0,0.0,0.0,0.0,0.0,0.6865955152875658,1.0,降壓,極高>24,False,0.0,0.0,0.0,,0.0,0.0,0.0,,0.25,5.0,0.2,,0.0,0.0,0.0,0.0,0.0,0.0,0.2,0.1,0.0
2024-08-28,22181.0,22414.0,22048.0,22211.0,22048.0,22211.0,22048.0,366.0,337.62915577408035,0.0,0.0,0.0,0.0,0.0,0.0,0.0,0.0,0.0,0.5489787252195225,1.0,降壓,極高>24,False,0.0,0.0,0.0,,0.0,0.0,0.0,,0.2,4.0,0.2,,0.0,0.0,0.0,0.0,0.0,0.0,0.2,0.1,0.0
2024-08-29,21938.0,22245.0,21900.0,22109.0,21900.0,22180.0,21900.0,345.0,340.33114093845364,0.0,0.0,0.0,0.0,0.0,0.0,0.0,0.0,0.0,1.0435703745372917,0.0,降壓,高18-24,False,0.0,0.0,0.0,,0.0,0.0,0.0,,0.2,4.0,0.2,,0.0,0.0,0.0,0.0,0.2,0.2,0.2,0.1,0.0
2024-08-30,22320.0,22366.0,22213.0,22335.0,22213.0,22335.0,22213.0,153.0,340.77579418241044,0.0,0.0,0.0,0.0,0.0,0.0,0.0,0.0,0.0,0.6538377592157332,1.0,降壓,高18-24,False,0.0,0.0,0.0,0.6,0.0,0.0,0.0,,0.2,4.0,0.2,,0.0,0.0,0.0,0.0,0.2,0.2,0.2,0.1,0.0
2024-09-02,22318.0,22448.0,22172.0,22448.0,22191.0,22448.0,22191.0,276.0,322.8923852126571,0.0,0.0,0.0,0.0,0.0,0.0,0.0,0.0,0.0,0.7093415589518202,1.0,降壓,高18-24,False,0.0,0.0,0.0,0.8,0.0,0.0,0.0,,0.15,3.0,0.15,,0.0,0.0,0.3333333333333333,0.3333333333333333,0.2,0.2,0.2,0.1,0.0
2024-09-03,22205.0,22314.0,22000.0,22314.0,22177.0,22314.0,22055.0,314.0,318.4264437638326,0.0,0.0,0.0,0.0,0.0,0.0,0.0,0.0,0.0,0.5001838248850438,1.0,降壓,高18-24,False,0.0,0.0,0.0,0.8,0.0,0.0,0.0,,0.1,2.0,0.1,,0.0,0.0,0.3333333333333333,0.3333333333333333,0.4,0.2,0.2,0.1,0.0
2024-09-04,21246.0,21347.0,20828.0,21347.0,20828.0,21347.0,20828.0,519.0,318.0048776910866,0.0,1.0,0.0,1.0,1.0,1.0,1.0,1.0,1.0,2.0956097076921223,0.0,升壓,極高>24,False,0.0,0.0,0.0,0.8,0.0,0.0,0.0,,0.05,1.0,0.05,,1.0,1.0,0.3333333333333333,0.3333333333333333,0.4,0.2,0.2,0.1,1.0
2024-09-05,21310.0,21454.0,21056.0,21454.0,21244.0,21454.0,21244.0,398.0,337.1472702919355,0.0,0.0,0.0,0.0,0.0,0.0,0.0,0.0,0.0,1.1761447305639061,0.0,升壓,極高>24,False,0.2,1.0,0.2,0.6,0.1,1.0,0.1,,0.05,1.0,0.05,,0.0,0.0,0.3333333333333333,0.0,0.2,0.0,0.2,0.0,1.0
2024-09-06,21211.0,21435.0,21013.0,21435.0,21013.0,21435.0,21013.0,422.0,342.94276835937023,0.0,0.0,0.0,0.0,0.0,0.0,0.0,0.0,0.0,0.7985382038811248,1.0,升壓,極高>24,False,0.2,1.0,0.2,0.6,0.1,1.0,0.1,0.6,0.05,1.0,0.05,,0.0,0.0,0.3333333333333333,0.0,0.2,0.0,0.2,0.0,1.0
2024-09-09,20734.0,21125.0,20616.0,21018.0,20616.0,21018.0,20616.0,509.0,350.4720285156207,1.0,0.0,0.0,0.0,1.0,0.0,0.0,0.0,0.0,2.2796461720419194,0.0,升壓,極高>24,False,0.2,1.0,0.2,0.6,0.1,1.0,0.1,0.7,0.05,1.0,0.05,,1.0,0.0,0.3333333333333333,0.0,0.2,0.0,0.2,0.0,1.0
2024-09-10,21233.0,21281.0,20905.0,21281.0,21025.0,21281.0,21025.0,376.0,365.5699305617521,0.0,0.0,0.0,0.0,0.0,0.0,0.0,0.0,0.0,0.5702051246661318,1.0,升壓,極高>24,False,0.4,2.0,0.2,0.4,0.2,2.0,0.1,0.6,0.1,2.0,0.05,,0.0,0.0,0.0,0.0,0.0,0.0,0.1,0.0,1.0
2024-09-11,21100.0,21130.0,20950.0,21130.0,20972.0,21130.0,20972.0,180.0,366.5632705082519,0.0,0.0,0.0,0.0,0.0,0.0,0.0,0.0,0.0,0.7912805483518689,1.0,升壓,極高>24,False,0.4,2.0,0.2,0.4,0.2,2.0,0.1,0.6,0.1,2.0,0.05,,0.0,0.0,0.0,0.0,0.0,0.0,0.1,0.0,0.0
2024-09-12,21597.0,21780.0,21461.0,21739.0,21461.0,21780.0,21461.0,319.0,348.79533998365645,0.0,0.0,0.0,0.0,0.0,0.0,0.0,0.0,0.0,1.544071211907883,0.0,升壓,極高>24,False,0.2,1.0,0.0,0.6,0.2,2.0,0.1,0.6,0.1,2.0,0.05,,0.0,0.0,0.0,0.0,0.2,0.0,0.1,0.0,0.0
2024-09-13,21800.0,21833.0,21657.0,21800.0,21683.0,21800.0,21657.0,176.0,345.95768855664153,0.0,0.0,0.0,0.0,0.0,0.0,0.0,0.0,0.0,0.6626992350929448,1.0,降壓,高18-24,False,0.2,1.0,0.0,0.6,0.2,2.0,0.1,0.6,0.1,2.0,0.05,,0.0,0.0,0.0,0.0,0.2,0.0,0.2,0.0,0.0
2024-09-16,21807.0,21871.0,21735.0,21852.0,21754.0,21852.0,21735.0,136.0,329.77124202743755,0.0,0.0,0.0,0.0,0.0,0.0,0.0,0.0,0.0,0.3185128423691787,1.0,降壓,高18-24,False,0.2,1.0,0.0,0.6,0.2,2.0,0.1,0.6,0.1,2.0,0.05,,0.0,0.0,0.3333333333333333,0.0,0.2,0.0,0.3,0.1,0.0
2024-09-18,21730.0,21872.0,21560.0,21864.0,21718.0,21872.0,21718.0,312.0,311.31683802482445,0.0,0.0,0.0,0.0,0.0,0.0,0.0,0.0,0.0,0.5769690890725587,1.0,升壓,極高>24,False,0.0,0.0,0.0,0.8,0.2,2.0,0.1,0.6,0.1,2.0,0.05,,0.0,0.0,0.3333333333333333,0.0,0.2,0.0,0.3,0.1,0.0
2024-09-19,21763.0,22082.0,21661.0,21920.0,21661.0,21999.0,21661.0,421.0,311.38190107007927,1.0,0.0,0.0,0.0,1.0,0.0,0.0,0.0,0.0,,,降壓,高18-24,False,0.0,0.0,0.0,0.8,0.2,2.0,0.1,0.6,0.1,2.0,0.05,,1.0,0.0,0.3333333333333333,0.0,0.2,0.0,0.3,0.1,0.0
2024-09-20,22345.0,22425.0,22186.0,22425.0,22260.0,22425.0,22211.0,239.0,321.821720015786,0.0,0.0,0.0,0.0,0.0,0.0,0.0,0.0,0.0,0.8474609365444277,0.0,降壓,高18-24,False,0.2,1.0,0.0,,0.2,2.0,0.0,,0.15,3.0,0.05,,0.0,0.0,0.0,0.0,0.0,0.0,0.2,0.1,0.0
2024-09-23,22291.0,22392.0,22258.0,22392.0,22258.0,22392.0,22258.0,134.0,313.9339371571397,0.0,0.0,0.0,0.0,0.0,0.0,0.0,0.0,0.0,0.45080206705144443,1.0,降壓,高18-24,False,0.2,1.0,0.0,,0.2,2.0,0.0,,0.15,3.0,0.05,,0.0,0.0,0.0,0.0,0.2,0.0,0.2,0.1,0.0
2024-09-24,22298.0,22508.0,22152.0,22365.0,22152.0,22365.0,22152.0,356.0,296.7973717136026,0.0,0.0,0.0,0.0,0.0,0.0,0.0,0.0,0.0,0.5067051967816998,1.0,降壓,高18-24,False,0.2,1.0,0.0,,0.2,2.0,0.0,,0.15,3.0,0.05,,0.0,0.0,0.0,0.0,0.4,0.2,0.2,0.1,0.0
2024-09-25,22835.0,22860.0,22739.0,22852.0,22751.0,22852.0,22739.0,121.0,302.4357172646881,0.0,0.0,0.0,0.0,0.0,0.0,0.0,0.0,0.0,1.0823566167105814,0.0,降壓,高18-24,False,0.2,1.0,0.0,,0.1,1.0,0.0,,0.15,3.0,0.05,,0.0,0.0,0.3333333333333333,0.0,0.4,0.2,0.2,0.1,0.0
2024-09-26,23034.0,23078.0,22892.0,23078.0,22940.0,23078.0,22930.0,186.0,285.1561251442416,0.0,0.0,0.0,0.0,0.0,0.0,0.0,0.0,0.0,0.7644036058749831,1.0,降壓,高18-24,False,0.2,1.0,0.0,,0.1,1.0,0.0,,0.15,3.0,0.05,,0.0,0.0,0.6666666666666666,0.3333333333333333,0.4,0.2,0.2,0.1,0.0
2024-09-27,23190.0,23195.0,22878.0,23195.0,23059.0,23195.0,22940.0,317.0,275.7126846543139,0.0,1.0,0.0,0.0,1.0,0.0,0.0,0.0,0.0,1.0710495592891067,0.0,降壓,高18-24,False,0.0,0.0,0.0,0.6,0.1,1.0,0.0,,0.15,3.0,0.05,,1.0,0.0,0.6666666666666666,0.3333333333333333,0.4,0.2,0.2,0.1,0.0
2024-09-30,22699.0,22755.0,22316.0,22755.0,22488.0,22755.0,22447.0,439.0,279.64480992533163,0.0,1.0,0.0,1.0,1.0,1.0,0.0,0.0,0.0,0.9544574730074606,0.0,升壓,極高>24,False,0.2,1.0,0.0,0.6,0.2,2.0,0.0,,0.2,4.0,0.05,,1.0,1.0,0.3333333333333333,0.3333333333333333,0.2,0.2,0.2,0.1,1.0
2024-10-01,22246.0,22463.0,22228.0,22463.0,22228.0,22463.0,22228.0,235.0,294.8214946943477,0.0,0.0,0.0,0.0,0.0,0.0,0.0,0.0,0.0,1.1783552650151332,0.0,升壓,極高>24,False,0.4,2.0,0.2,0.4,0.3,3.0,0.1,,0.25,5.0,0.1,,0.0,0.0,0.0,0.0,0.0,0.0,0.1,0.0,0.0
2024-10-04,22331.0,22507.0,22250.0,22507.0,22272.0,22507.0,22272.0,257.0,289.1242094853622,0.0,0.0,0.0,0.0,0.0,0.0,0.0,0.0,0.0,1.4854792079569459,0.0,升壓,極高>24,False,0.4,2.0,0.2,0.2,0.3,3.0,0.1,,0.25,5.0,0.1,,0.0,0.0,0.0,0.0,0.0,0.0,0.2,0.0,0.0
2024-10-07,22570.0,22808.0,22539.0,22808.0,22539.0,22808.0,22539.0,269.0,286.06476096294676,0.0,0.0,0.0,0.0,0.0,0.0,0.0,0.0,0.0,1.091979657417704,0.0,升壓,極高>24,False,0.4,2.0,0.2,0.2,0.3,3.0,0.1,,0.25,5.0,0.1,,0.0,0.0,0.0,0.0,0.0,0.0,0.2,0.0,0.0
2024-10-08,22606.0,22634.0,22392.0,22618.0,22406.0,22618.0,22392.0,242.0,284.4395456331423,0.0,0.0,0.0,0.0,0.0,0.0,0.0,0.0,0.0,0.7779647605927346,1.0,升壓,極高>24,False,0.4,2.0,0.2,0.0,0.2,2.0,0.1,0.3,0.2,4.0,0.05,,0.0,0.0,0.0,0.0,0.0,0.0,0.2,0.0,0.0
2024-10-09,22770.0,22888.0,22666.0,22888.0,22704.0,22888.0,22686.0,222.0,280.3976841442716,0.0,0.0,0.0,0.0,0.0,0.0,0.0,0.0,0.0,0.7633986152393063,1.0,升壓,極高>24,False,0.2,1.0,0.2,0.2,0.2,2.0,0.1,0.4,0.2,4.0,0.05,,0.0,0.0,0.0,0.0,0.2,0.0,0.2,0.0,0.0
2024-10-11,22829.0,23047.0,22794.0,23047.0,22794.0,23047.0,22794.0,253.0,274.8359999400552,0.0,0.0,0.0,0.0,0.0,0.0,0.0,0.0,0.0,0.7141309905921683,1.0,升壓,極高>24,False,0.0,0.0,0.0,0.4,0.2,2.0,0.1,0.4,0.2,4.0,0.05,,0.0,0.0,0.0,0.0,0.2,0.0,0.2,0.0,0.0
2024-10-14,22987.0,23049.0,22818.0,23017.0,22818.0,23017.0,22818.0,231.0,272.7563808981452,0.0,0.0,0.0,0.0,0.0,0.0,0.0,0.0,0.0,0.7121217638495888,1.0,升壓,極高>24,False,0.0,0.0,0.0,0.6,0.2,2.0,0.1,0.4,0.15,3.0,0.05,,0.0,0.0,0.3333333333333333,0.0,0.4,0.0,0.2,0.0,0.0
2024-10-15,23168.0,23386.0,23101.0,23352.0,23101.0,23386.0,23101.0,285.0,268.77958271736946,0.0,0.0,0.0,0.0,0.0,0.0,0.0,0.0,0.0,0.5060353314374324,1.0,升壓,極高>24,False,0.0,0.0,0.0,0.8,0.2,2.0,0.1,0.5,0.15,3.0,0.05,,0.0,0.0,0.3333333333333333,0.0,0.4,0.0,0.3,0.1,0.0
2024-10-16,22952.0,23260.0,22921.0,23088.0,22921.0,23213.0,22921.0,339.0,270.3243843633343,1.0,0.0,0.0,0.0,1.0,0.0,0.0,0.0,0.0,1.343857682589506,0.0,升壓,極高>24,False,0.0,0.0,0.0,1.0,0.2,2.0,0.1,0.5,0.15,3.0,0.05,,1.0,0.0,0.6666666666666666,0.0,0.4,0.0,0.4,0.2,1.0
2024-10-17,23142.0,23277.0,23005.0,23174.0,23025.0,23174.0,23005.0,272.0,276.8649191858739,0.0,0.0,0.0,0.0,0.0,0.0,0.0,0.0,0.0,0.64056828021475,1.0,升壓,極高>24,False,0.2,1.0,0.0,0.8,0.2,2.0,0.1,0.5,0.2,4.0,0.05,,0.0,0.0,0.3333333333333333,0.0,0.2,0.0,0.3,0.2,1.0
2024-10-18,23820.0,23840.0,23527.0,23840.0,23644.0,23840.0,23644.0,313.0,276.40159354912396,0.0,1.0,0.0,0.0,1.0,0.0,0.0,0.0,0.0,1.6001837190854606,0.0,升壓,極高>24,False,0.2,1.0,0.0,0.8,0.1,1.0,0.0,0.6,0.2,4.0,0.05,,1.0,0.0,0.3333333333333333,0.0,0.2,0.0,0.4,0.3,1.0
2024-10-21,23810.0,23836.0,23566.0,23836.0,23673.0,23836.0,23663.0,270.0,279.887156068255,0.0,0.0,0.0,0.0,0.0,0.0,0.0,0.0,0.0,0.5542592249347597,1.0,升壓,極高>24,False,0.4,2.0,0.0,0.6,0.2,2.0,0.0,0.6,0.25,5.0,0.05,,0.0,0.0,0.0,0.0,0.0,0.0,0.3,0.3,1.0
2024-10-22,23560.0,23637.0,23332.0,23563.0,23332.0,23563.0,23332.0,305.0,278.94552215699264,0.0,0.0,0.0,0.0,0.0,0.0,0.0,0.0,0.0,0.7551253466128909,1.0,升壓,極高>24,False,0.4,2.0,0.0,0.6,0.2,2.0,0.0,0.7,0.25,5.0,0.05,,0.0,0.0,0.0,0.0,0.2,0.2,0.4,0.4,1.0
2024-10-23,23498.0,23511.0,23336.0,23511.0,23388.0,23511.0,23336.0,175.0,281.42690099918383,0.0,0.0,0.0,0.0,0.0,0.0,0.0,0.0,0.0,0.5746026413373285,1.0,升壓,極高>24,False,0.4,2.0,0.0,0.6,0.2,2.0,0.0,0.8,0.2,4.0,0.05,0.55,0.0,0.0,0.0,0.0,0.4,0.4,0.4,0.4,0.0
2024-10-24,23383.0,23449.0,23203.0,23449.0,23266.0,23449.0,23266.0,246.0,271.29100566592825,0.0,0.0,0.0,0.0,0.0,0.0,0.0,0.0,0.0,1.0409591996287635,0.0,升壓,極高>24,False,0.2,1.0,0.0,0.8,0.2,2.0,0.0,0.8,0.2,4.0,0.05,0.6,0.0,0.0,0.3333333333333333,0.3333333333333333,0.4,0.4,0.5,0.4,0.0
2024-10-25,23270.0,23487.0,23252.0,23410.0,23252.0,23410.0,23252.0,235.0,268.88233845964936,0.0,0.0,0.0,0.0,0.0,0.0,0.0,0.0,0.0,0.6714957226850168,1.0,升壓,極高>24,False,0.2,1.0,0.0,0.6,0.2,2.0,0.0,0.7,0.2,4.0,0.05,0.55,0.0,0.0,0.6666666666666666,0.6666666666666666,0.6,0.6,0.5,0.4,0.0
2024-10-28,23650.0,23657.0,23216.0,23657.0,23260.0,23657.0,23260.0,441.0,265.6554490825399,0.0,1.0,0.0,1.0,1.0,1.0,1.0,1.0,1.0,0.7995782091466568,1.0,升壓,極高>24,False,0.0,0.0,0.0,0.8,0.2,2.0,0.0,0.7,0.2,4.0,0.05,0.55,1.0,1.0,0.6666666666666666,0.6666666666666666,0.6,0.6,0.5,0.4,1.0
2024-10-29,23137.0,23148.0,22693.0,23148.0,22693.0,23148.0,22693.0,455.0,282.354930122298,0.0,1.0,0.0,1.0,1.0,1.0,1.0,1.0,1.0,0.8644400440646131,0.0,升壓,極高>24,False,0.2,1.0,0.2,0.8,0.3,3.0,0.1,0.7,0.25,5.0,0.1,0.6,1.0,1.0,0.6666666666666666,0.6666666666666666,0.6,0.6,0.4,0.3,1.0
2024-10-30,23072.0,23145.0,22845.0,23145.0,22982.0,23145.0,22982.0,300.0,298.7973177296982,0.0,0.0,0.0,0.0,0.0,0.0,0.0,0.0,0.0,0.8624270066851183,0.0,升壓,極高>24,False,0.4,2.0,0.4,0.6,0.4,4.0,0.2,0.6,0.3,6.0,0.15,0.55,0.0,0.0,0.3333333333333333,0.3333333333333333,0.4,0.4,0.3,0.2,1.0
2024-11-01,22397.0,22822.0,22232.0,22687.0,22232.0,22687.0,22232.0,590.0,298.91185889829836,1.0,0.0,1.0,0.0,1.0,1.0,0.0,0.0,0.0,1.2180289211093243,0.0,升壓,極高>24,False,0.4,2.0,0.4,0.4,0.3,3.0,0.2,0.6,0.25,5.0,0.15,0.55,1.0,1.0,0.6666666666666666,0.6666666666666666,0.6,0.4,0.3,0.2,1.0
2024-11-04,22767.0,23046.0,22700.0,22955.0,22700.0,22955.0,22700.0,346.0,326.6345390032223,0.0,0.0,0.0,0.0,0.0,0.0,0.0,0.0,0.0,0.9717892786770362,0.0,升壓,極高>24,False,0.6,3.0,0.6,0.4,0.4,4.0,0.3,0.5,0.25,5.0,0.15,0.55,0.0,0.0,0.3333333333333333,0.3333333333333333,0.4,0.2,0.2,0.1,1.0
2024-11-05,22808.0,23239.0,22782.0,23239.0,22782.0,23239.0,22782.0,457.0,328.47886862196304,1.0,0.0,1.0,0.0,1.0,1.0,1.0,1.0,1.0,1.0141789777194234,0.0,升壓,極高>24,False,0.6,3.0,0.6,0.2,0.3,3.0,0.3,0.5,0.25,5.0,0.15,0.55,1.0,1.0,0.6666666666666666,0.3333333333333333,0.4,0.2,0.2,0.1,1.0
2024-11-06,23250.0,23448.0,23051.0,23259.0,23051.0,23448.0,23051.0,397.0,340.71897637225226,0.0,0.0,0.0,0.0,0.0,0.0,0.0,0.0,0.0,0.989642412862479,0.0,升壓,極高>24,False,0.6,3.0,0.6,0.0,0.4,4.0,0.4,0.4,0.3,6.0,0.2,0.55,0.0,0.0,0.3333333333333333,0.0,0.2,0.0,0.2,0.0,1.0
2024-11-07,23183.0,23576.0,23085.0,23489.0,23085.0,23544.0,23085.0,491.0,346.0790738606092,1.0,0.0,0.0,0.0,1.0,0.0,1.0,0.0,0.0,1.7791395429801273,0.0,升壓,高18-24,False,0.4,2.0,0.4,0.0,0.4,4.0,0.4,0.3,0.3,6.0,0.2,0.55,1.0,0.0,0.3333333333333333,0.0,0.2,0.0,0.2,0.0,1.0
2024-11-08,23772.0,23794.0,23528.0,23794.0,23634.0,23794.0,23623.0,266.0,359.88106682626545,0.0,0.0,0.0,0.0,0.0,0.0,0.0,0.0,0.0,0.8204095226986516,0.0,升壓,高18-24,False,0.6,3.0,0.4,0.0,0.5,5.0,0.4,0.2,0.35,7.0,0.2,0.5,0.0,0.0,0.0,0.0,0.0,0.0,0.1,0.0,1.0
2024-11-11,23555.0,23632.0,23309.0,23618.0,23309.0,23618.0,23309.0,323.0,350.9400128428116,0.0,0.0,0.0,0.0,0.0,0.0,0.0,0.0,0.0,1.0857192127382829,0.0,升壓,高18-24,False,0.4,2.0,0.2,0.0,0.5,5.0,0.4,0.2,0.35,7.0,0.2,0.45,0.0,0.0,0.0,0.0,0.0,0.0,0.1,0.0,1.0
2024-11-12,23013.0,23242.0,22863.0,23242.0,22983.0,23242.0,22983.0,379.0,348.2790592387343,0.0,0.0,0.0,0.0,0.0,0.0,0.0,0.0,0.0,1.8861793134696343,0.0,升壓,極高>24,False,0.4,2.0,0.2,0.0,0.5,5.0,0.4,0.1,0.35,7.0,0.2,0.4,0.0,0.0,0.0,0.0,0.0,0.0,0.1,0.0,1.0
2024-11-13,22755.0,23015.0,22730.0,23015.0,22730.0,23015.0,22730.0,285.0,351.2048631207596,0.0,0.0,0.0,0.0,0.0,0.0,0.0,0.0,0.0,1.0160729634465309,0.0,降壓,極高>24,False,0.2,1.0,0.0,0.0,0.4,4.0,0.3,0.0,0.35,7.0,0.2,0.35,0.0,0.0,0.0,0.0,0.2,0.0,0.1,0.0,0.0
2024-11-14,22786.0,22880.0,22576.0,22880.0,22590.0,22880.0,22576.0,304.0,344.8996380616397,0.0,0.0,0.0,0.0,0.0,0.0,0.0,0.0,0.0,1.1578137607098051,0.0,降壓,極高>24,False,0.2,1.0,0.0,0.0,0.3,3.0,0.2,0.0,0.35,7.0,0.2,0.3,0.0,0.0,0.0,0.0,0.2,0.0,0.1,0.0,0.0
2024-11-15,22710.0,22930.0,22684.0,22930.0,22684.0,22930.0,22684.0,246.0,341.0044344367216,0.0,0.0,0.0,0.0,0.0,0.0,0.0,0.0,0.0,0.8103271882094291,0.0,降壓,極高>24,False,0.0,0.0,0.0,0.0,0.3,3.0,0.2,0.0,0.3,6.0,0.2,0.3,0.0,0.0,0.3333333333333333,0.0,0.2,0.0,0.1,0.0,0.0
2024-11-18,22654.0,22789.0,22544.0,22789.0,22544.0,22789.0,22544.0,245.0,331.9563930617958,0.0,0.0,0.0,0.0,0.0,0.0,0.0,0.0,0.0,1.0408878426872132,0.0,升壓,極高>24,False,0.0,0.0,0.0,0.0,0.2,2.0,0.1,0.0,0.3,6.0,0.2,0.25,0.0,0.0,0.3333333333333333,0.0,0.2,0.0,0.1,0.0,0.0
2024-11-19,22641.0,22995.0,22592.0,22776.0,22592.0,22915.0,22592.0,403.0,323.67483181781523,1.0,0.0,0.0,0.0,1.0,0.0,0.0,0.0,0.0,0.9165527200386324,0.0,降壓,高18-24,False,0.0,0.0,0.0,0.0,0.2,2.0,0.1,0.0,0.25,5.0,0.2,0.25,1.0,0.0,0.3333333333333333,0.0,0.2,0.0,0.1,0.0,0.0
2024-11-20,22947.0,22999.0,22755.0,22999.0,22823.0,22999.0,22823.0,244.0,331.2296097399281,0.0,0.0,0.0,0.0,0.0,0.0,0.0,0.0,0.0,0.7939724789001907,1.0,降壓,高18-24,False,0.2,1.0,0.0,0.0,0.2,2.0,0.0,0.0,0.3,6.0,0.2,0.2,0.0,0.0,0.0,0.0,0.0,0.0,0.0,0.0,0.0
2024-11-21,22647.0,22733.0,22514.0,22678.0,22514.0,22730.0,22514.0,219.0,322.92202785993493,0.0,0.0,0.0,0.0,0.0,0.0,0.0,0.0,0.0,0.9600561885196864,0.0,降壓,高18-24,False,0.2,1.0,0.0,0.2,0.2,2.0,0.0,0.1,0.3,6.0,0.2,0.2,0.0,0.0,0.0,0.0,0.0,0.0,0.0,0.0,0.0
2024-11-22,22811.0,23066.0,22780.0,23021.0,22780.0,23066.0,22780.0,286.0,313.02469187327443,0.0,0.0,0.0,0.0,0.0,0.0,0.0,0.0,0.0,1.3125543725498101,0.0,降壓,高18-24,False,0.2,1.0,0.0,0.2,0.1,1.0,0.0,0.1,0.3,6.0,0.2,0.15,0.0,0.0,0.0,0.0,0.0,0.0,0.0,0.0,0.0
2024-11-25,23254.0,23287.0,23014.0,23287.0,23097.0,23287.0,23076.0,273.0,310.45091169486733,0.0,0.0,0.0,0.0,0.0,0.0,0.0,0.0,0.0,0.46219070121528094,1.0,降壓,高18-24,False,0.2,1.0,0.0,0.2,0.1,1.0,0.0,0.1,0.3,6.0,0.2,0.15,0.0,0.0,0.0,0.0,0.0,0.0,0.0,0.0,0.0
2024-11-26,22710.0,22845.0,22615.0,22845.0,22615.0,22845.0,22615.0,230.0,306.88415820011807,0.0,0.0,0.0,0.0,0.0,0.0,0.0,0.0,0.0,0.7715604473172,1.0,降壓,高18-24,False,0.2,1.0,0.0,0.4,0.1,1.0,0.0,0.2,0.3,6.0,0.2,0.15,0.0,0.0,0.0,0.0,0.0,0.0,0.0,0.0,0.0
2024-11-27,22600.0,22690.0,22341.0,22690.0,22522.0,22690.0,22506.0,349.0,299.5618574191544,0.0,0.0,0.0,0.0,0.0,0.0,0.0,0.0,0.0,0.8320222273517147,0.0,降壓,高18-24,False,0.0,0.0,0.0,0.6,0.1,1.0,0.0,0.3,0.25,5.0,0.15,0.15,0.0,0.0,0.0,0.0,0.0,0.0,0.0,0.0,0.0
2024-11-28,22302.0,22385.0,22117.0,22385.0,22117.0,22385.0,22117.0,268.0,304.2702519506635,0.0,0.0,0.0,0.0,0.0,0.0,0.0,0.0,0.0,1.3233316867362408,0.0,降壓,高18-24,False,0.0,0.0,0.0,0.4,0.1,1.0,0.0,0.3,0.2,4.0,0.1,0.15,0.0,0.0,0.0,0.0,0.0,0.0,0.0,0.0,0.0
2024-11-29,22210.0,22438.0,22004.0,22344.0,22004.0,22400.0,22004.0,434.0,300.8159422410765,0.0,0.0,0.0,0.0,0.0,0.0,0.0,0.0,0.0,0.45741058042860866,1.0,升壓,高18-24,False,0.0,0.0,0.0,0.4,0.1,1.0,0.0,0.3,0.2,4.0,0.1,0.15,0.0,0.0,0.0,0.0,0.0,0.0,0.0,0.0,1.0
2024-12-02,22530.0,22828.0,22498.0,22773.0,22498.0,22801.0,22498.0,330.0,313.50013821811683,0.0,0.0,0.0,0.0,0.0,0.0,0.0,0.0,0.0,1.347323404574688,0.0,升壓,高18-24,False,0.0,0.0,0.0,0.6,0.1,1.0,0.0,0.4,0.15,3.0,0.05,0.2,0.0,0.0,0.0,0.0,0.0,0.0,0.0,0.0,1.0
2024-12-03,23152.0,23191.0,22999.0,23191.0,23029.0,23191.0,22999.0,192.0,315.0715536259152,0.0,0.0,0.0,0.0,0.0,0.0,0.0,0.0,0.0,1.0147104704066205,0.0,降壓,高18-24,False,0.0,0.0,0.0,0.4,0.1,1.0,0.0,0.4,0.15,3.0,0.05,0.2,0.0,0.0,0.0,0.0,0.0,0.0,0.1,0.0,0.0
2024-12-04,23200.0,23296.0,23071.0,23220.0,23071.0,23220.0,23071.0,225.0,303.35045328058993,0.0,0.0,0.0,0.0,0.0,0.0,0.0,0.0,0.0,0.7801717915558789,1.0,降壓,高18-24,False,0.0,0.0,0.0,0.2,0.0,0.0,0.0,0.4,0.1,2.0,0.0,0.2,0.0,0.0,0.0,0.0,0.0,0.0,0.1,0.0,0.0
2024-12-05,23260.0,23328.0,23211.0,23328.0,23211.0,23328.0,23211.0,117.0,295.8885053491052,0.0,0.0,0.0,0.0,0.0,0.0,0.0,0.0,0.0,0.5746243478357569,1.0,降壓,高18-24,False,0.0,0.0,0.0,0.4,0.0,0.0,0.0,0.4,0.1,2.0,0.0,0.25,0.0,0.0,0.0,0.0,0.0,0.0,0.2,0.0,0.0
2024-12-06,23321.0,23360.0,23134.0,23360.0,23204.0,23360.0,23204.0,226.0,278.8515048396666,0.0,0.0,0.0,0.0,0.0,0.0,0.0,0.0,0.0,0.7014581207538323,1.0,降壓,高18-24,False,0.0,0.0,0.0,0.6,0.0,0.0,0.0,0.5,0.05,1.0,0.0,0.3,0.0,0.0,0.0,0.0,0.0,0.0,0.2,0.0,0.0
2024-12-09,23193.0,23287.0,23170.0,23287.0,23181.0,23287.0,23175.0,117.0,273.81802818826975,0.0,0.0,0.0,0.0,0.0,0.0,0.0,0.0,0.0,0.5312727404343865,1.0,降壓,高18-24,False,0.0,0.0,0.0,0.6,0.0,0.0,0.0,0.6,0.05,1.0,0.0,0.35,0.0,0.0,0.0,0.0,0.0,0.0,0.2,0.0,0.0
2024-12-10,23228.0,23337.0,23026.0,23337.0,23084.0,23337.0,23062.0,311.0,258.882977884625,0.0,0.0,0.0,0.0,0.0,0.0,0.0,0.0,0.0,0.9303935742995496,0.0,降壓,高18-24,False,0.0,0.0,0.0,0.8,0.0,0.0,0.0,0.6,0.05,1.0,0.0,0.4,0.0,0.0,0.0,0.0,0.2,0.0,0.3,0.1,0.0
2024-12-11,22887.0,23055.0,22824.0,23055.0,22862.0,23055.0,22862.0,231.0,263.846503800375,0.0,0.0,0.0,0.0,0.0,0.0,0.0,0.0,0.0,1.0873201250320679,0.0,降壓,高18-24,False,0.0,0.0,0.0,0.8,0.0,0.0,0.0,0.5,0.05,1.0,0.0,0.4,0.0,0.0,0.0,0.0,0.2,0.0,0.3,0.1,0.0
2024-12-12,23004.0,23211.0,23003.0,23211.0,23003.0,23211.0,23003.0,208.0,260.71826534319644,0.0,0.0,0.0,0.0,0.0,0.0,0.0,0.0,0.0,0.9359955857451848,0.0,降壓,高18-24,False,0.0,0.0,0.0,0.6,0.0,0.0,0.0,0.5,0.05,1.0,0.0,0.4,0.0,0.0,0.3333333333333333,0.0,0.4,0.0,0.3,0.1,0.0
2024-12-13,22996.0,23092.0,22888.0,23062.0,22888.0,23092.0,22888.0,204.0,255.6974781676539,0.0,0.0,0.0,0.0,0.0,0.0,0.0,0.0,0.0,1.0455777091280802,0.0,降壓,低<18,False,0.0,0.0,0.0,0.4,0.0,0.0,0.0,0.5,0.05,1.0,0.0,0.4,0.0,0.0,0.3333333333333333,0.0,0.4,0.0,0.3,0.1,0.0
2024-12-16,23220.0,23270.0,22946.0,23270.0,23118.0,23270.0,23064.0,324.0,250.77390881835353,0.0,1.0,0.0,0.0,1.0,0.0,0.0,0.0,0.0,1.0446240194969205,0.0,降壓,高18-24,False,0.0,0.0,0.0,0.2,0.0,0.0,0.0,0.4,0.05,1.0,0.0,0.4,1.0,0.0,0.6666666666666666,0.0,0.4,0.0,0.3,0.1,0.0
2024-12-17,23105.0,23215.0,23024.0,23215.0,23082.0,23215.0,23065.0,191.0,257.7478222642246,0.0,0.0,0.0,0.0,0.0,0.0,0.0,0.0,0.0,0.7490883492917407,1.0,降壓,高18-24,False,0.2,1.0,0.0,0.0,0.1,1.0,0.0,0.4,0.1,2.0,0.0,0.4,0.0,0.0,0.3333333333333333,0.0,0.4,0.2,0.2,0.1,0.0
2024-12-18,22937.0,23200.0,22902.0,23050.0,22902.0,23050.0,22902.0,298.0,251.39088681048895,1.0,0.0,0.0,0.0,1.0,0.0,0.0,0.0,0.0,0.7019593422934107,1.0,降壓,低<18,False,0.2,1.0,0.0,0.2,0.1,1.0,0.0,0.5,0.05,1.0,0.0,0.45,1.0,0.0,0.3333333333333333,0.0,0.4,0.2,0.3,0.1,0.0
2024-12-19,22747.0,22906.0,22718.0,22893.0,22718.0,22893.0,22718.0,188.0,255.82984997139476,0.0,0.0,0.0,0.0,0.0,0.0,0.0,0.0,0.0,,,降壓,高18-24,False,0.4,2.0,0.0,0.4,0.2,2.0,0.0,0.5,0.1,2.0,0.0,0.45,0.0,0.0,0.3333333333333333,0.3333333333333333,0.2,0.2,0.2,0.1,0.0
2024-12-20,22767.0,22793.0,22590.0,22793.0,22672.0,22793.0,22665.0,203.0,249.36986425983335,0.0,0.0,0.0,0.0,0.0,0.0,0.0,0.0,0.0,0.6700595340726976,1.0,降壓,高18-24,False,0.4,2.0,0.0,,0.2,2.0,0.0,,0.1,2.0,0.0,,0.0,0.0,0.3333333333333333,0.3333333333333333,0.2,0.2,0.3,0.2,0.0
2024-12-23,22904.0,23245.0,22899.0,23145.0,22899.0,23196.0,22899.0,346.0,244.95368671127778,1.0,0.0,1.0,0.0,1.0,1.0,1.0,0.0,1.0,1.7275621766466276,0.0,升壓,高18-24,False,0.4,2.0,0.0,,0.2,2.0,0.0,,0.1,2.0,0.0,,1.0,1.0,0.3333333333333333,0.3333333333333333,0.2,0.2,0.4,0.2,1.0
2024-12-24,23430.0,23459.0,23187.0,23459.0,23280.0,23459.0,23251.0,272.0,254.5771451197275,0.0,0.0,0.0,0.0,0.0,0.0,0.0,0.0,0.0,1.0843044718131132,0.0,升壓,高18-24,False,0.4,2.0,0.2,,0.3,3.0,0.1,,0.15,3.0,0.05,,0.0,0.0,0.0,0.0,0.0,0.0,0.3,0.1,1.0
2024-12-25,23340.0,23349.0,23240.0,23349.0,23271.0,23349.0,23240.0,109.0,256.2364646321344,0.0,0.0,0.0,0.0,0.0,0.0,0.0,0.0,0.0,0.6167162837858883,1.0,降壓,低<18,False,0.4,2.0,0.2,,0.3,3.0,0.1,,0.15,3.0,0.05,,0.0,0.0,0.0,0.0,0.2,0.0,0.3,0.1,0.0
2024-12-26,23358.0,23380.0,23285.0,23380.0,23289.0,23380.0,23289.0,95.0,242.21394419097876,0.0,0.0,0.0,0.0,0.0,0.0,0.0,0.0,0.0,0.5470462331626642,1.0,降壓,低<18,False,0.2,1.0,0.2,,0.3,3.0,0.1,,0.15,3.0,0.05,,0.0,0.0,0.0,0.0,0.2,0.0,0.3,0.1,0.0
2024-12-30,23202.0,23324.0,23154.0,23324.0,23181.0,23324.0,23181.0,170.0,228.1935685537427,0.0,0.0,0.0,0.0,0.0,0.0,0.0,0.0,0.0,1.1745311477702658,0.0,降壓,低<18,False,0.2,1.0,0.2,0.6,0.3,3.0,0.1,,0.15,3.0,0.05,,0.0,0.0,0.3333333333333333,0.0,0.4,0.2,0.4,0.2,0.0
2024-12-31,22998.0,23110.0,22955.0,23070.0,22955.0,23070.0,22955.0,155.0,222.65132392957673,0.0,0.0,0.0,0.0,0.0,0.0,0.0,0.0,0.0,1.052036431773791,0.0,降壓,高18-24,False,0.2,1.0,0.2,0.4,0.3,3.0,0.1,,0.15,3.0,0.05,,0.0,0.0,0.3333333333333333,0.0,0.6,0.2,0.4,0.2,0.0
2025-01-02,22935.0,22995.0,22689.0,22995.0,22840.0,22995.0,22753.0,306.0,216.20834069818847,0.0,1.0,0.0,0.0,1.0,0.0,0.0,0.0,0.0,0.9021929911207053,0.0,降壓,高18-24,False,0.0,0.0,0.0,0.4,0.2,2.0,0.1,,0.15,3.0,0.05,,1.0,0.0,0.6666666666666666,0.3333333333333333,0.6,0.2,0.5,0.2,0.0
2025-01-03,22935.0,23108.0,22905.0,23078.0,22905.0,23108.0,22905.0,203.0,224.759927298361,0.0,0.0,0.0,0.0,0.0,0.0,0.0,0.0,0.0,1.0221088098410065,0.0,降壓,低<18,False,0.2,1.0,0.0,0.4,0.3,3.0,0.1,,0.2,4.0,0.05,,0.0,0.0,0.6666666666666666,0.3333333333333333,0.4,0.2,0.4,0.2,0.0
2025-01-06,23222.0,23620.0,23218.0,23502.0,23218.0,23575.0,23218.0,402.0,222.68755326994565,1.0,0.0,1.0,0.0,1.0,1.0,1.0,1.0,1.0,1.169504358952403,0.0,升壓,高18-24,False,0.2,1.0,0.0,0.2,0.2,2.0,0.1,,0.2,4.0,0.05,,1.0,1.0,0.6666666666666666,0.3333333333333333,0.4,0.2,0.5,0.2,1.0
2025-01-07,23965.0,23990.0,23723.0,23990.0,23832.0,23990.0,23760.0,267.0,239.76492914899845,0.0,1.0,0.0,0.0,1.0,0.0,0.0,0.0,0.0,1.275450944275798,0.0,升壓,高18-24,False,0.4,2.0,0.2,0.0,0.3,3.0,0.2,0.3,0.25,5.0,0.1,,1.0,0.0,0.3333333333333333,0.0,0.4,0.2,0.4,0.1,1.0
2025-01-08,23549.0,23649.0,23439.0,23649.0,23533.0,23649.0,23469.0,210.0,242.3587454205224,0.0,0.0,0.0,0.0,0.0,0.0,0.0,0.0,0.0,1.5406888065019075,0.0,升壓,高18-24,False,0.6,3.0,0.2,0.0,0.4,4.0,0.2,0.2,0.3,6.0,0.1,,0.0,0.0,0.0,0.0,0.2,0.2,0.3,0.1,1.0
2025-01-09,23258.0,23410.0,23083.0,23410.0,23251.0,23410.0,23251.0,327.0,239.27696014237742,0.0,0.0,0.0,0.0,0.0,0.0,0.0,0.0,0.0,0.8217919763937946,0.0,升壓,高18-24,False,0.6,3.0,0.2,0.0,0.3,3.0,0.1,0.2,0.3,6.0,0.1,,0.0,0.0,0.3333333333333333,0.3333333333333333,0.4,0.2,0.3,0.1,1.0
2025-01-10,23083.0,23141.0,22955.0,23141.0,22975.0,23141.0,22975.0,186.0,247.6315353669129,0.0,0.0,0.0,0.0,0.0,0.0,0.0,0.0,0.0,0.675899044223008,1.0,升壓,高18-24,False,0.4,2.0,0.2,0.0,0.3,3.0,0.1,0.2,0.3,6.0,0.1,,0.0,0.0,0.3333333333333333,0.3333333333333333,0.4,0.2,0.3,0.1,1.0
2025-01-13,22960.0,23008.0,22431.0,23008.0,22431.0,23008.0,22431.0,577.0,241.76186533196883,0.0,1.0,0.0,1.0,1.0,1.0,1.0,1.0,1.0,1.3838406730137727,0.0,升壓,高18-24,False,0.4,2.0,0.2,0.2,0.3,3.0,0.1,0.2,0.3,6.0,0.1,,1.0,1.0,0.6666666666666666,0.3333333333333333,0.6,0.2,0.3,0.1,1.0
2025-01-14,22594.0,22767.0,22530.0,22686.0,22530.0,22758.0,22530.0,237.0,273.6893067289242,0.0,0.0,0.0,0.0,0.0,0.0,0.0,0.0,0.0,0.9986216392091846,0.0,升壓,高18-24,False,0.4,2.0,0.2,0.2,0.4,4.0,0.2,0.1,0.35,7.0,0.15,,0.0,0.0,0.3333333333333333,0.0,0.4,0.0,0.2,0.0,1.0
2025-01-15,22814.0,22821.0,22512.0,22821.0,22645.0,22821.0,22640.0,309.0,270.19508704045523,0.0,1.0,0.0,0.0,1.0,0.0,0.0,0.0,0.0,0.9916693951133724,0.0,升壓,高18-24,False,0.2,1.0,0.2,0.2,0.4,4.0,0.2,0.1,0.35,7.0,0.15,,1.0,0.0,0.6666666666666666,0.0,0.4,0.0,0.2,0.0,1.0
2025-01-16,23080.0,23217.0,22990.0,23100.0,23002.0,23202.0,23002.0,227.0,273.89079303660236,0.0,0.0,0.0,0.0,0.0,0.0,0.0,0.0,0.0,1.7580663338190718,0.0,升壓,高18-24,False,0.4,2.0,0.2,0.2,0.5,5.0,0.2,0.1,0.35,7.0,0.15,,0.0,0.0,0.3333333333333333,0.0,0.2,0.0,0.1,0.0,1.0
2025-01-17,23277.0,23318.0,22956.0,23318.0,22956.0,23318.0,22956.0,362.0,269.4250032235926,0.0,1.0,0.0,0.0,1.0,0.0,1.0,0.0,1.0,1.0181922646122745,0.0,升壓,高18-24,False,0.4,2.0,0.2,0.2,0.4,4.0,0.2,0.1,0.35,7.0,0.15,,1.0,0.0,0.3333333333333333,0.0,0.2,0.0,0.1,0.0,1.0
2025-01-20,23249.0,23417.0,23222.0,23366.0,23222.0,23417.0,23222.0,195.0,278.2416695832505,0.0,0.0,0.0,0.0,0.0,0.0,0.0,0.0,0.0,0.6237191450507308,1.0,升壓,高18-24,False,0.6,3.0,0.2,0.0,0.5,5.0,0.2,0.1,0.35,7.0,0.15,,0.0,0.0,0.0,0.0,0.0,0.0,0.0,0.0,1.0
2025-01-21,23426.0,23432.0,23203.0,23432.0,23203.0,23432.0,23203.0,229.0,270.3138915277028,0.0,0.0,0.0,0.0,0.0,0.0,0.0,0.0,0.0,0.9138769904973308,0.0,升壓,高18-24,False,0.4,2.0,0.0,0.2,0.4,4.0,0.1,0.2,0.35,7.0,0.15,0.25,0.0,0.0,0.0,0.0,0.0,0.0,0.0,0.0,0.0
2025-01-22,23600.0,23719.0,23573.0,23719.0,23573.0,23719.0,23573.0,146.0,266.37923519173114,0.0,0.0,0.0,0.0,0.0,0.0,0.0,0.0,0.0,1.0491242380497705,0.0,升壓,高18-24,False,0.4,2.0,0.0,0.2,0.3,3.0,0.1,0.2,0.35,7.0,0.15,0.2,0.0,0.0,0.0,0.0,0.0,0.0,0.0,0.0,0.0
2025-02-03,22680.0,22817.0,22539.0,22817.0,22539.0,22817.0,22539.0,278.0,254.91454612585198,0.0,0.0,0.0,0.0,0.0,0.0,0.0,0.0,0.0,0.6389092463092736,1.0,升壓,極高>24,False,0.2,1.0,0.0,0.2,0.3,3.0,0.1,0.2,0.3,6.0,0.1,0.2,0.0,0.0,0.0,0.0,0.0,0.0,0.0,0.0,0.0
2025-02-04,22919.0,22945.0,22708.0,22945.0,22795.0,22945.0,22795.0,237.0,257.1131607805327,0.0,0.0,0.0,0.0,0.0,0.0,0.0,0.0,0.0,1.2272792387203624,0.0,升壓,高18-24,False,0.2,1.0,0.0,0.4,0.3,3.0,0.1,0.3,0.3,6.0,0.1,0.25,0.0,0.0,0.0,0.0,0.0,0.0,0.1,0.0,0.0
2025-02-05,23077.0,23284.0,23063.0,23284.0,23063.0,23284.0,23063.0,221.0,255.19762165857722,0.0,0.0,0.0,0.0,0.0,0.0,0.0,0.0,0.0,0.9087920371833886,0.0,升壓,高18-24,False,0.0,0.0,0.0,0.4,0.3,3.0,0.1,0.2,0.3,6.0,0.1,0.2,0.0,0.0,0.0,0.0,0.0,0.0,0.1,0.0,0.0
2025-02-06,23355.0,23379.0,23234.0,23379.0,23272.0,23379.0,23234.0,145.0,251.94070531014128,0.0,0.0,0.0,0.0,0.0,0.0,0.0,0.0,0.0,1.0888665765049819,0.0,降壓,高18-24,False,0.0,0.0,0.0,0.2,0.2,2.0,0.0,0.2,0.3,6.0,0.1,0.15,0.0,0.0,0.0,0.0,0.0,0.0,0.1,0.0,0.0
2025-02-07,23285.0,23465.0,23278.0,23406.0,23278.0,23430.0,23278.0,187.0,241.75587623298497,0.0,0.0,0.0,0.0,0.0,0.0,0.0,0.0,0.0,0.3900953907785899,1.0,降壓,高18-24,False,0.0,0.0,0.0,0.2,0.2,2.0,0.0,0.2,0.3,6.0,0.1,0.15,0.0,0.0,0.0,0.0,0.0,0.0,0.1,0.0,0.0
2025-02-10,23324.0,23366.0,23167.0,23366.0,23221.0,23366.0,23168.0,199.0,236.5410308774626,0.0,0.0,0.0,0.0,0.0,0.0,0.0,0.0,0.0,1.1795933021383915,0.0,降壓,高18-24,False,0.0,0.0,0.0,0.4,0.1,1.0,0.0,0.3,0.3,6.0,0.1,0.2,0.0,0.0,0.0,0.0,0.0,0.0,0.2,0.0,0.0
2025-02-11,23391.0,23503.0,23302.0,23503.0,23368.0,23503.0,23318.0,201.0,232.96569460341854,0.0,0.0,0.0,0.0,0.0,0.0,0.0,0.0,0.0,0.7016709694392211,1.0,降壓,高18-24,False,0.0,0.0,0.0,0.2,0.1,1.0,0.0,0.3,0.25,5.0,0.1,0.2,0.0,0.0,0.0,0.0,0.2,0.0,0.2,0.0,0.0
2025-02-12,23429.0,23536.0,23292.0,23536.0,23401.0,23536.0,23336.0,244.0,229.9213427364263,0.0,0.0,0.0,0.0,0.0,0.0,0.0,0.0,0.0,0.8868344030909049,0.0,降壓,高18-24,False,0.0,0.0,0.0,0.4,0.0,0.0,0.0,0.4,0.25,5.0,0.1,0.25,0.0,0.0,0.0,0.0,0.2,0.0,0.2,0.0,0.0
2025-02-13,23435.0,23460.0,23250.0,23460.0,23250.0,23460.0,23250.0,210.0,231.26216723771904,0.0,0.0,0.0,0.0,0.0,0.0,0.0,0.0,0.0,1.0818481602492407,0.0,降壓,高18-24,False,0.0,0.0,0.0,0.4,0.0,0.0,0.0,0.3,0.2,4.0,0.05,0.25,0.0,0.0,0.3333333333333333,0.0,0.2,0.0,0.3,0.1,0.0
2025-02-14,23338.0,23349.0,23116.0,23349.0,23155.0,23349.0,23155.0,233.0,229.23719892936484,0.0,0.0,0.0,0.0,0.0,0.0,0.0,0.0,0.0,0.6418361316193523,1.0,降壓,高18-24,False,0.0,0.0,0.0,0.4,0.0,0.0,0.0,0.3,0.15,3.0,0.05,0.25,0.0,0.0,0.3333333333333333,0.0,0.2,0.0,0.4,0.1,0.0
2025-02-17,23286.0,23540.0,23283.0,23474.0,23283.0,23531.0,23283.0,257.0,229.595560936092,1.0,0.0,0.0,0.0,1.0,0.0,1.0,0.0,0.0,1.1036188287350572,0.0,降壓,高18-24,False,0.0,0.0,0.0,0.4,0.0,0.0,0.0,0.4,0.15,3.0,0.05,0.3,1.0,0.0,0.3333333333333333,0.0,0.4,0.0,0.4,0.1,0.0
2025-02-18,23570.0,23663.0,23466.0,23583.0,23466.0,23583.0,23466.0,197.0,232.20550751360705,0.0,0.0,0.0,0.0,0.0,0.0,0.0,0.0,0.0,0.35401672495460057,1.0,降壓,高18-24,False,0.2,1.0,0.0,0.4,0.1,1.0,0.0,0.3,0.2,4.0,0.05,0.3,0.0,0.0,0.0,0.0,0.2,0.0,0.4,0.2,0.0
2025-02-19,23582.0,23695.0,23568.0,23695.0,23568.0,23695.0,23568.0,127.0,228.85260203612066,0.0,0.0,0.0,0.0,0.0,0.0,0.0,0.0,0.0,0.770849874424091,1.0,降壓,高18-24,False,0.2,1.0,0.0,0.4,0.1,1.0,0.0,0.4,0.2,4.0,0.05,0.3,0.0,0.0,0.3333333333333333,0.0,0.2,0.0,0.5,0.2,0.0
2025-02-20,23505.0,23564.0,23371.0,23564.0,23371.0,23564.0,23371.0,193.0,219.15235422315678,0.0,0.0,0.0,0.0,0.0,0.0,0.0,0.0,0.0,0.6706792301089097,1.0,降壓,高18-24,False,0.2,1.0,0.0,0.6,0.1,1.0,0.0,0.5,0.15,3.0,0.0,0.35,0.0,0.0,0.3333333333333333,0.0,0.4,0.2,0.6,0.2,0.0
2025-02-21,23533.0,23761.0,23474.0,23690.0,23474.0,23725.0,23474.0,287.0,216.66165382095136,1.0,0.0,0.0,0.0,1.0,0.0,0.0,0.0,0.0,0.7659624550120024,1.0,降壓,低<18,False,0.2,1.0,0.0,0.8,0.1,1.0,0.0,0.6,0.15,3.0,0.0,0.4,1.0,0.0,0.3333333333333333,0.0,0.6,0.2,0.6,0.2,0.0
2025-02-24,23549.0,23564.0,23444.0,23552.0,23444.0,23552.0,23444.0,120.0,223.3605439332417,0.0,0.0,0.0,0.0,0.0,0.0,0.0,0.0,0.0,1.602257872372204,0.0,降壓,高18-24,False,0.4,2.0,0.0,0.8,0.2,2.0,0.0,0.6,0.15,3.0,0.0,0.45,0.0,0.0,0.3333333333333333,0.3333333333333333,0.4,0.2,0.5,0.2,0.0
2025-02-25,23231.0,23345.0,23138.0,23306.0,23138.0,23345.0,23138.0,207.0,213.5166826062663,0.0,0.0,0.0,0.0,0.0,0.0,0.0,0.0,0.0,1.3813882958349777,0.0,降壓,高18-24,False,0.2,1.0,0.0,0.8,0.2,2.0,0.0,0.6,0.15,3.0,0.0,0.45,0.0,0.0,0.6666666666666666,0.3333333333333333,0.6,0.4,0.5,0.2,0.0
2025-02-26,23150.0,23421.0,23104.0,23289.0,23104.0,23345.0,23104.0,317.0,212.89604616757427,1.0,0.0,1.0,0.0,1.0,1.0,0.0,0.0,0.0,1.203713377695787,0.0,升壓,高18-24,False,0.2,1.0,0.0,0.6,0.2,2.0,0.0,0.5,0.1,2.0,0.0,0.45,1.0,1.0,0.6666666666666666,0.3333333333333333,0.8,0.4,0.5,0.2,1.0
2025-02-27,23374.0,23434.0,23127.0,23434.0,23150.0,23434.0,23135.0,307.0,222.8107084373291,0.0,1.0,0.0,0.0,1.0,0.0,1.0,0.0,1.0,1.1094805225485052,0.0,升壓,高18-24,False,0.4,2.0,0.2,0.4,0.3,3.0,0.1,0.5,0.15,3.0,0.05,0.4,1.0,0.0,0.6666666666666666,0.3333333333333333,0.8,0.2,0.5,0.2,1.0
2025-03-03,22650.0,22797.0,22611.0,22797.0,22611.0,22797.0,22611.0,186.0,230.82873620520252,0.0,0.0,0.0,0.0,0.0,0.0,0.0,0.0,0.0,2.7842945608950664,0.0,升壓,高18-24,False,0.6,3.0,0.2,0.2,0.4,4.0,0.1,0.5,0.2,4.0,0.05,0.4,0.0,0.0,0.6666666666666666,0.3333333333333333,0.6,0.2,0.4,0.2,1.0
2025-03-04,22242.0,22668.0,22194.0,22514.0,22194.0,22603.0,22194.0,474.0,226.559332757088,1.0,0.0,1.0,0.0,1.0,1.0,1.0,1.0,1.0,2.1720554772359466,0.0,升壓,高18-24,False,0.4,2.0,0.2,0.0,0.4,4.0,0.1,0.4,0.2,4.0,0.05,0.4,1.0,1.0,1.0,0.3333333333333333,0.6,0.2,0.4,0.2,1.0
2025-03-05,22659.0,22927.0,22637.0,22884.0,22637.0,22899.0,22637.0,290.0,250.12511058974627,1.0,0.0,0.0,0.0,1.0,0.0,0.0,0.0,0.0,1.4956140631005994,0.0,升壓,高18-24,False,0.6,3.0,0.4,0.0,0.4,4.0,0.2,0.4,0.25,5.0,0.1,0.35,1.0,0.0,0.6666666666666666,0.0,0.4,0.0,0.3,0.1,1.0
2025-03-06,22991.0,23017.0,22704.0,23017.0,22769.0,23017.0,22704.0,313.0,253.92271910500853,0.0,1.0,0.0,0.0,1.0,0.0,1.0,0.0,0.0,0.9041434131154347,0.0,升壓,高18-24,False,0.8,4.0,0.4,0.0,0.5,5.0,0.2,0.3,0.3,6.0,0.1,0.35,1.0,0.0,0.3333333333333333,0.0,0.2,0.0,0.2,0.1,1.0
2025-03-07,22499.0,22685.0,22480.0,22685.0,22480.0,22685.0,22480.0,205.0,259.5491268092934,0.0,0.0,0.0,0.0,0.0,0.0,0.0,0.0,0.0,1.165292674605535,0.0,升壓,高18-24,False,0.8,4.0,0.2,0.0,0.6,6.0,0.2,0.2,0.35,7.0,0.1,0.35,0.0,0.0,0.0,0.0,0.2,0.2,0.1,0.1,1.0
2025-03-10,22456.0,22547.0,22315.0,22547.0,22315.0,22547.0,22315.0,232.0,254.353971875075,0.0,0.0,0.0,0.0,0.0,0.0,0.0,0.0,0.0,1.1129015989079547,0.0,升壓,高18-24,False,0.6,3.0,0.2,0.0,0.6,6.0,0.2,0.1,0.35,7.0,0.1,0.35,0.0,0.0,0.0,0.0,0.2,0.2,0.1,0.1,1.0
2025-03-11,21868.0,22085.0,21661.0,22050.0,21661.0,22075.0,21661.0,424.0,252.2250221726869,0.0,0.0,0.0,0.0,0.0,0.0,0.0,0.0,0.0,2.0238036198528,0.0,升壓,高18-24,False,0.6,3.0,0.2,0.0,0.5,5.0,0.2,0.0,0.35,7.0,0.1,0.3,0.0,0.0,0.3333333333333333,0.3333333333333333,0.2,0.2,0.1,0.1,1.0
2025-03-12,22101.0,22345.0,22044.0,22280.0,22044.0,22345.0,22044.0,301.0,268.58454387052626,0.0,0.0,0.0,0.0,0.0,0.0,0.0,0.0,0.0,0.8381835589835415,0.0,升壓,高18-24,False,0.4,2.0,0.0,0.0,0.5,5.0,0.2,0.0,0.35,7.0,0.1,0.3,0.0,0.0,0.3333333333333333,0.3333333333333333,0.2,0.2,0.1,0.1,1.0
2025-03-13,22445.0,22475.0,21917.0,22475.0,22265.0,22475.0,22120.0,558.0,271.6717301685714,0.0,1.0,0.0,1.0,1.0,1.0,1.0,0.0,0.0,0.7910570036491117,1.0,升壓,高18-24,False,0.2,1.0,0.0,0.0,0.5,5.0,0.2,0.0,0.35,7.0,0.1,0.25,1.0,1.0,0.3333333333333333,0.3333333333333333,0.2,0.2,0.1,0.1,1.0
2025-03-14,22120.0,22131.0,21874.0,22131.0,21874.0,22131.0,21874.0,257.0,298.94108920013605,0.0,0.0,0.0,0.0,0.0,0.0,0.0,0.0,0.0,0.5772765331507974,1.0,升壓,高18-24,False,0.2,1.0,0.2,0.2,0.5,5.0,0.2,0.1,0.4,8.0,0.15,0.3,0.0,0.0,0.0,0.0,0.0,0.0,0.0,0.0,1.0
2025-03-17,22161.0,22312.0,22111.0,22312.0,22132.0,22312.0,22132.0,201.0,294.94669975250406,0.0,0.0,0.0,0.0,0.0,0.0,0.0,0.0,0.0,0.8075590210042961,0.0,升壓,高18-24,False,0.2,1.0,0.2,0.4,0.4,4.0,0.2,0.2,0.4,8.0,0.15,0.35,0.0,0.0,0.0,0.0,0.0,0.0,0.1,0.0,1.0
2025-03-18,22373.0,22385.0,22191.0,22385.0,22205.0,22385.0,22191.0,194.0,285.9993950141703,0.0,0.0,0.0,0.0,0.0,0.0,0.0,0.0,0.0,0.9616331850304689,0.0,升壓,高18-24,False,0.2,1.0,0.2,0.4,0.4,4.0,0.2,0.2,0.4,8.0,0.15,0.3,0.0,0.0,0.0,0.0,0.0,0.0,0.1,0.0,0.0
2025-03-19,22244.0,22262.0,21977.0,22262.0,22095.0,22262.0,22053.0,285.0,277.23754786996363,0.0,0.0,0.0,0.0,0.0,0.0,0.0,0.0,0.0,0.6861460966969631,1.0,升壓,高18-24,False,0.2,1.0,0.2,0.4,0.3,3.0,0.1,0.2,0.35,7.0,0.15,0.3,0.0,0.0,0.0,0.0,0.0,0.0,0.2,0.0,0.0
2025-03-20,22236.0,22417.0,22202.0,22353.0,22202.0,22396.0,22202.0,215.0,277.9768290252052,0.0,0.0,0.0,0.0,0.0,0.0,0.0,0.0,0.0,0.9156585326534932,0.0,降壓,高18-24,False,0.2,1.0,0.2,0.6,0.2,2.0,0.1,0.3,0.35,7.0,0.15,0.3,0.0,0.0,0.0,0.0,0.0,0.0,0.2,0.0,0.0
2025-03-21,22323.0,22377.0,22173.0,22377.0,22191.0,22377.0,22191.0,204.0,271.9790357847094,0.0,0.0,0.0,0.0,0.0,0.0,0.0,0.0,0.0,0.6301749298840706,1.0,降壓,高18-24,False,0.0,0.0,0.0,0.4,0.1,1.0,0.1,0.3,0.35,7.0,0.15,0.25,0.0,0.0,0.0,0.0,0.0,0.0,0.2,0.0,0.0
2025-03-24,22302.0,22399.0,22124.0,22399.0,22213.0,22399.0,22125.0,275.0,265.50484190045137,0.0,0.0,0.0,0.0,0.0,0.0,0.0,0.0,0.0,0.5979825128123849,1.0,降壓,高18-24,False,0.0,0.0,0.0,0.4,0.1,1.0,0.1,0.4,0.35,7.0,0.15,0.25,0.0,0.0,0.0,0.0,0.2,0.0,0.3,0.1,0.0
2025-03-25,22330.0,22443.0,22202.0,22443.0,22266.0,22443.0,22202.0,241.0,266.40914267183695,0.0,0.0,0.0,0.0,0.0,0.0,0.0,0.0,0.0,0.6632418044892633,1.0,降壓,高18-24,False,0.0,0.0,0.0,0.6,0.1,1.0,0.1,0.5,0.3,6.0,0.15,0.25,0.0,0.0,0.0,0.0,0.2,0.0,0.4,0.2,0.0
2025-03-26,22409.0,22429.0,22250.0,22429.0,22258.0,22429.0,22250.0,179.0,263.98922432213817,0.0,0.0,0.0,0.0,0.0,0.0,0.0,0.0,0.0,0.3261375410473268,1.0,降壓,高18-24,False,0.0,0.0,0.0,0.8,0.1,1.0,0.1,0.6,0.3,6.0,0.15,0.3,0.0,0.0,0.3333333333333333,0.0,0.4,0.0,0.4,0.2,0.0
2025-03-27,22031.0,22052.0,21891.0,22052.0,21905.0,22052.0,21891.0,161.0,255.89501248193454,0.0,0.0,0.0,0.0,0.0,0.0,0.0,0.0,0.0,1.2144821976838935,0.0,降壓,高18-24,False,0.0,0.0,0.0,0.8,0.1,1.0,0.1,0.7,0.3,6.0,0.15,0.35,0.0,0.0,0.3333333333333333,0.0,0.4,0.0,0.5,0.3,0.0
2025-03-28,21750.0,21795.0,21485.0,21795.0,21576.0,21795.0,21495.0,310.0,246.85739224555982,0.0,1.0,0.0,0.0,1.0,0.0,1.0,0.0,0.0,0.6934038153521488,1.0,升壓,高18-24,False,0.0,0.0,0.0,0.8,0.0,0.0,0.0,0.6,0.25,5.0,0.1,0.35,1.0,0.0,0.6666666666666666,0.0,0.4,0.0,0.5,0.3,0.0
2025-03-31,20856.0,21065.0,20724.0,21065.0,20815.0,21065.0,20724.0,341.0,252.87097393645888,0.0,0.0,0.0,0.0,0.0,0.0,0.0,0.0,0.0,1.8265154844251437,0.0,升壓,極高>24,False,0.2,1.0,0.0,0.8,0.1,1.0,0.0,0.6,0.25,5.0,0.1,0.4,0.0,0.0,0.3333333333333333,0.0,0.4,0.2,0.4,0.3,1.0
2025-04-01,21000.0,21271.0,20888.0,21182.0,20888.0,21207.0,20888.0,383.0,261.264214513939,1.0,0.0,0.0,0.0,1.0,0.0,0.0,0.0,0.0,1.4626357538783936,0.0,升壓,極高>24,False,0.2,1.0,0.0,0.6,0.1,1.0,0.0,0.6,0.25,5.0,0.1,0.4,1.0,0.0,0.3333333333333333,0.0,0.6,0.4,0.4,0.3,1.0
2025-04-02,21273.0,21360.0,21188.0,21360.0,21188.0,21360.0,21188.0,172.0,272.8580988459448,0.0,0.0,0.0,0.0,0.0,0.0,0.0,0.0,0.0,1.0317519127208328,0.0,升壓,極高>24,False,0.4,2.0,0.0,0.4,0.2,2.0,0.0,0.6,0.25,5.0,0.05,0.4,0.0,0.0,0.3333333333333333,0.3333333333333333,0.4,0.4,0.3,0.3,1.0
2025-04-07,19167.0,19167.0,19167.0,19167.0,19167.0,19167.0,19167.0,0.0,263.2525656225215,0.0,0.0,0.0,0.0,0.0,0.0,0.0,0.0,0.0,2.705295188247499,0.0,升壓,極高>24,True,0.4,2.0,0.0,0.2,0.2,2.0,0.0,0.5,0.2,4.0,0.05,0.4,0.0,0.0,0.6666666666666666,0.6666666666666666,0.6,0.6,0.3,0.3,0.0
2025-04-08,18596.0,18754.0,18004.0,18754.0,18262.0,18754.0,18004.0,750.0,238.18089270609087,0.0,1.0,0.0,1.0,1.0,1.0,1.0,1.0,1.0,4.689815775791056,0.0,升壓,極高>24,True,0.4,2.0,0.0,0.2,0.2,2.0,0.0,0.5,0.15,3.0,0.05,0.4,1.0,1.0,0.6666666666666666,0.6666666666666666,0.6,0.6,0.3,0.3,1.0
2025-04-09,17846.0,18286.0,17139.0,18286.0,17843.0,18286.0,17431.0,1147.0,286.9255695912251,1.0,1.0,1.0,1.0,1.0,1.0,1.0,1.0,1.0,2.240783247524761,0.0,升壓,極高>24,True,0.4,2.0,0.2,0.0,0.3,3.0,0.1,0.4,0.2,4.0,0.1,0.4,1.0,1.0,0.6666666666666666,0.6666666666666666,0.4,0.4,0.2,0.2,1.0
2025-04-10,18902.0,18902.0,18902.0,18902.0,18902.0,18902.0,18902.0,0.0,368.8374201063465,0.0,0.0,0.0,0.0,0.0,0.0,0.0,0.0,0.0,3.3793555807146043,0.0,升壓,極高>24,True,0.6,3.0,0.4,0.0,0.4,4.0,0.2,0.3,0.25,5.0,0.15,0.4,0.0,0.0,0.3333333333333333,0.3333333333333333,0.2,0.2,0.1,0.1,1.0
2025-04-11,18560.0,19566.0,18441.0,19318.0,18441.0,19318.0,18441.0,1125.0,333.71004676288493,1.0,0.0,1.0,0.0,1.0,1.0,1.0,1.0,1.0,1.9856196633151248,0.0,升壓,極高>24,True,0.4,2.0,0.4,0.0,0.4,4.0,0.2,0.2,0.25,5.0,0.15,0.4,1.0,1.0,0.3333333333333333,0.3333333333333333,0.2,0.2,0.1,0.1,1.0
2025-04-14,19800.0,19982.0,19450.0,19982.0,19581.0,19982.0,19581.0,532.0,409.0709946902292,0.0,0.0,0.0,0.0,0.0,0.0,0.0,0.0,0.0,0.5459028136967986,1.0,升壓,極高>24,True,0.6,3.0,0.6,0.0,0.5,5.0,0.3,0.1,0.3,6.0,0.2,0.4,0.0,0.0,0.0,0.0,0.0,0.0,0.0,0.0,1.0
2025-04-15,19585.0,19833.0,19517.0,19765.0,19517.0,19823.0,19517.0,316.0,420.7785190054455,0.0,0.0,0.0,0.0,0.0,0.0,0.0,0.0,0.0,0.39898666839909797,1.0,升壓,極高>24,True,0.6,3.0,0.6,0.2,0.5,5.0,0.3,0.2,0.25,5.0,0.15,0.4,0.0,0.0,0.0,0.0,0.0,0.0,0.0,0.0,1.0
2025-04-16,19539.0,19622.0,19304.0,19622.0,19412.0,19622.0,19352.0,318.0,410.79961243349834,0.0,0.0,0.0,0.0,0.0,0.0,0.0,0.0,0.0,0.2737553652555384,1.0,升壓,極高>24,True,0.4,2.0,0.4,0.4,0.4,4.0,0.3,0.2,0.25,5.0,0.15,0.4,0.0,0.0,0.0,0.0,0.0,0.0,0.0,0.0,1.0
2025-04-17,19243.0,19406.0,19112.0,19341.0,19112.0,19406.0,19112.0,294.0,401.9615541064985,0.0,0.0,0.0,0.0,0.0,0.0,0.0,0.0,0.0,0.7106017436408364,1.0,升壓,極高>24,False,0.2,1.0,0.2,0.6,0.4,4.0,0.3,0.3,0.25,5.0,0.15,0.45,0.0,0.0,0.0,0.0,0.0,0.0,0.0,0.0,1.0
2025-04-18,19380.0,19432.0,19288.0,19415.0,19288.0,19432.0,19288.0,144.0,391.67950133445106,0.0,0.0,0.0,0.0,0.0,0.0,0.0,0.0,0.0,0.5378393897474971,1.0,降壓,極高>24,False,0.2,1.0,0.2,0.8,0.3,3.0,0.3,0.4,0.25,5.0,0.15,0.5,0.0,0.0,0.0,0.0,0.0,0.0,0.0,0.0,0.0
2025-04-21,19347.0,19368.0,19027.0,19368.0,19056.0,19368.0,19027.0,341.0,368.0909773978367,0.0,0.0,0.0,0.0,0.0,0.0,0.0,0.0,0.0,0.14877330697480026,1.0,升壓,極高>24,False,0.0,0.0,0.0,1.0,0.3,3.0,0.3,0.5,0.25,5.0,0.15,0.5,0.0,0.0,0.0,0.0,0.0,0.0,0.1,0.1,0.0
2025-04-22,18945.0,19035.0,18773.0,19035.0,18843.0,19035.0,18773.0,262.0,365.5108843123284,0.0,0.0,0.0,0.0,0.0,0.0,0.0,0.0,0.0,0.723889973839079,1.0,升壓,極高>24,False,0.0,0.0,0.0,1.0,0.3,3.0,0.3,0.6,0.25,5.0,0.15,0.55,0.0,0.0,0.0,0.0,0.0,0.0,0.2,0.1,0.0
2025-04-23,19250.0,19596.0,19171.0,19460.0,19171.0,19527.0,19171.0,425.0,355.6527048540114,0.0,0.0,0.0,0.0,0.0,0.0,0.0,0.0,0.0,0.6727268406553909,1.0,降壓,極高>24,False,0.0,0.0,0.0,1.0,0.2,2.0,0.2,0.7,0.25,5.0,0.15,0.55,0.0,0.0,0.0,0.0,0.0,0.0,0.2,0.1,0.0
2025-04-24,19636.0,19682.0,19413.0,19682.0,19515.0,19682.0,19444.0,269.0,362.2572091536294,0.0,0.0,0.0,0.0,0.0,0.0,0.0,0.0,0.0,0.5227498083188893,1.0,降壓,極高>24,False,0.0,0.0,0.0,1.0,0.1,1.0,0.1,0.8,0.25,5.0,0.15,0.55,0.0,0.0,0.0,0.0,0.0,0.0,0.2,0.1,0.0
2025-04-25,19980.0,20008.0,19848.0,20008.0,19880.0,20008.0,19848.0,160.0,353.37557018661704,0.0,0.0,0.0,0.0,0.0,0.0,0.0,0.0,0.0,1.2544088489398915,0.0,降壓,極高>24,False,0.0,0.0,0.0,1.0,0.1,1.0,0.1,0.9,0.25,5.0,0.15,0.55,0.0,0.0,0.0,0.0,0.0,0.0,0.2,0.1,0.0
2025-04-28,19965.0,20053.0,19933.0,20053.0,19954.0,20053.0,19933.0,120.0,334.958849216463,0.0,0.0,0.0,0.0,0.0,0.0,0.0,0.0,0.0,0.6577650201981174,1.0,降壓,極高>24,False,0.0,0.0,0.0,0.8,0.0,0.0,0.0,0.9,0.25,5.0,0.15,0.5,0.0,0.0,0.0,0.0,0.2,0.2,0.2,0.1,0.0
2025-04-29,19980.0,20207.0,19963.0,20198.0,19963.0,20207.0,19963.0,244.0,314.48657786251414,0.0,0.0,0.0,0.0,0.0,0.0,0.0,0.0,0.0,0.502644984681874,1.0,降壓,極高>24,False,0.0,0.0,0.0,0.8,0.0,0.0,0.0,0.9,0.25,5.0,0.15,0.55,0.0,0.0,0.0,0.0,0.4,0.2,0.2,0.1,0.0
2025-04-30,20091.0,20268.0,20065.0,20268.0,20065.0,20268.0,20065.0,203.0,307.7735704470366,0.0,0.0,0.0,0.0,0.0,0.0,0.0,0.0,0.0,0.3678138146305416,1.0,降壓,極高>24,False,0.0,0.0,0.0,0.8,0.0,0.0,0.0,0.9,0.2,4.0,0.15,0.55,0.0,0.0,0.3333333333333333,0.3333333333333333,0.4,0.2,0.2,0.1,0.0
2025-05-02,20488.0,20710.0,20469.0,20607.0,20469.0,20654.0,20469.0,241.0,297.79513516636644,0.0,0.0,0.0,0.0,0.0,0.0,0.0,0.0,0.0,1.2044191457714848,0.0,降壓,極高>24,False,0.0,0.0,0.0,0.8,0.0,0.0,0.0,0.9,0.2,4.0,0.15,0.6,0.0,0.0,0.6666666666666666,0.3333333333333333,0.4,0.2,0.2,0.1,0.0
2025-05-05,20757.0,20796.0,20206.0,20796.0,20253.0,20796.0,20206.0,590.0,292.38607467433155,0.0,1.0,0.0,1.0,1.0,1.0,1.0,1.0,1.0,0.6306993486281145,1.0,升壓,極高>24,False,0.0,0.0,0.0,0.6,0.0,0.0,0.0,0.8,0.15,3.0,0.15,0.6,1.0,1.0,0.6666666666666666,0.3333333333333333,0.4,0.2,0.2,0.1,1.0
2025-05-06,20150.0,20483.0,20150.0,20429.0,20150.0,20475.0,20150.0,333.0,320.7302580386809,1.0,0.0,0.0,0.0,1.0,0.0,1.0,0.0,0.0,0.7129017292907995,1.0,升壓,極高>24,False,0.2,1.0,0.2,0.8,0.1,1.0,0.1,0.8,0.2,4.0,0.2,0.65,1.0,0.0,0.3333333333333333,0.0,0.2,0.0,0.1,0.0,1.0
2025-05-07,20440.0,20560.0,20265.0,20560.0,20265.0,20560.0,20265.0,295.0,321.8988048921399,0.0,0.0,0.0,0.0,0.0,0.0,0.0,0.0,0.0,0.6745017606886835,1.0,升壓,極高>24,False,0.4,2.0,0.2,0.8,0.2,2.0,0.1,0.8,0.25,5.0,0.2,0.7,0.0,0.0,0.0,0.0,0.0,0.0,0.0,0.0,1.0
2025-05-08,20475.0,20695.0,20452.0,20653.0,20452.0,20695.0,20452.0,243.0,319.33701395003135,0.0,0.0,0.0,0.0,0.0,0.0,0.0,0.0,0.0,0.9172174970953724,0.0,降壓,極高>24,False,0.4,2.0,0.2,0.8,0.2,2.0,0.1,0.8,0.2,4.0,0.15,0.75,0.0,0.0,0.0,0.0,0.0,0.0,0.1,0.0,0.0
2025-05-09,20649.0,20872.0,20596.0,20722.0,20596.0,20775.0,20596.0,276.0,312.0668221452665,0.0,0.0,0.0,0.0,0.0,0.0,0.0,0.0,0.0,0.8054603263563459,0.0,降壓,極高>24,False,0.4,2.0,0.2,0.6,0.2,2.0,0.1,0.7,0.15,3.0,0.1,0.75,0.0,0.0,0.0,0.0,0.0,0.0,0.1,0.0,0.0
2025-05-12,21015.0,21134.0,20978.0,21134.0,20978.0,21134.0,20978.0,156.0,308.63188670286013,0.0,0.0,0.0,0.0,0.0,0.0,0.0,0.0,0.0,0.40000980356892823,1.0,降壓,極高>24,False,0.4,2.0,0.2,0.6,0.2,2.0,0.1,0.6,0.15,3.0,0.1,0.75,0.0,0.0,0.0,0.0,0.0,0.0,0.1,0.0,0.0
2025-05-13,21421.0,21520.0,21288.0,21520.0,21337.0,21520.0,21288.0,232.0,294.095516540683,0.0,0.0,0.0,0.0,0.0,0.0,0.0,0.0,0.0,1.1961180619817648,0.0,降壓,極高>24,False,0.2,1.0,0.0,0.6,0.2,2.0,0.1,0.7,0.1,2.0,0.05,0.8,0.0,0.0,0.0,0.0,0.0,0.0,0.1,0.0,0.0
2025-05-14,21677.0,21787.0,21579.0,21730.0,21605.0,21730.0,21579.0,208.0,288.1816578225227,0.0,0.0,0.0,0.0,0.0,0.0,0.0,0.0,0.0,1.0989527766353213,0.0,降壓,極高>24,False,0.0,0.0,0.0,0.4,0.2,2.0,0.1,0.6,0.1,2.0,0.05,0.75,0.0,0.0,0.0,0.0,0.0,0.0,0.2,0.0,0.0
2025-05-15,21776.0,21810.0,21676.0,21806.0,21676.0,21810.0,21676.0,134.0,280.54530945847296,0.0,0.0,0.0,0.0,0.0,0.0,0.0,0.0,0.0,0.4045997895023096,1.0,降壓,極高>24,False,0.0,0.0,0.0,0.2,0.2,2.0,0.1,0.5,0.1,2.0,0.05,0.7,0.0,0.0,0.0,0.0,0.2,0.0,0.3,0.0,0.0
2025-05-16,21775.0,21878.0,21679.0,21859.0,21679.0,21878.0,21679.0,199.0,266.58861331957075,0.0,0.0,0.0,0.0,0.0,0.0,0.0,0.0,0.0,0.5248647131073851,1.0,降壓,高18-24,False,0.0,0.0,0.0,0.4,0.2,2.0,0.1,0.5,0.1,2.0,0.05,0.7,0.0,0.0,0.0,0.0,0.2,0.0,0.3,0.0,0.0
2025-05-19,21682.0,21748.0,21499.0,21748.0,21615.0,21748.0,21615.0,249.0,260.1516025272307,0.0,0.0,0.0,0.0,0.0,0.0,0.0,0.0,0.0,0.5083626760979256,1.0,降壓,極高>24,False,0.0,0.0,0.0,0.6,0.2,2.0,0.1,0.6,0.1,2.0,0.05,0.7,0.0,0.0,0.3333333333333333,0.0,0.2,0.0,0.3,0.0,0.0
2025-05-20,21753.0,21772.0,21505.0,21772.0,21566.0,21772.0,21524.0,267.0,259.0895451436849,0.0,0.0,0.0,0.0,0.0,0.0,0.0,0.0,0.0,0.9240335475984381,0.0,降壓,極高>24,False,0.0,0.0,0.0,0.6,0.1,1.0,0.0,0.6,0.1,2.0,0.05,0.7,0.0,0.0,0.3333333333333333,0.0,0.2,0.0,0.3,0.0,0.0
2025-05-21,21472.0,21747.0,21472.0,21614.0,21472.0,21687.0,21472.0,275.0,259.8429217966673,1.0,0.0,0.0,0.0,1.0,0.0,0.0,0.0,0.0,0.37792910912763467,1.0,降壓,極高>24,False,0.0,0.0,0.0,0.6,0.0,0.0,0.0,0.5,0.1,2.0,0.05,0.65,1.0,0.0,0.3333333333333333,0.0,0.4,0.0,0.3,0.0,0.0
2025-05-22,21465.0,21550.0,21396.0,21550.0,21396.0,21550.0,21396.0,154.0,261.2864530541276,0.0,0.0,0.0,0.0,0.0,0.0,0.0,0.0,0.0,1.1122263363502336,0.0,降壓,極高>24,False,0.2,1.0,0.0,0.8,0.1,1.0,0.0,0.5,0.15,3.0,0.05,0.65,0.0,0.0,0.0,0.0,0.4,0.0,0.2,0.0,0.0
2025-05-23,21558.0,21640.0,21372.0,21640.0,21434.0,21640.0,21434.0,268.0,251.06869562040117,0.0,0.0,0.0,0.0,0.0,0.0,0.0,0.0,0.0,0.8376668771012312,0.0,降壓,極高>24,False,0.2,1.0,0.0,0.6,0.1,1.0,0.0,0.5,0.15,3.0,0.05,0.6,0.0,0.0,0.3333333333333333,0.0,0.4,0.0,0.2,0.0,0.0
2025-05-26,21450.0,21569.0,21357.0,21569.0,21370.0,21569.0,21370.0,212.0,252.6812007994106,0.0,0.0,0.0,0.0,0.0,0.0,0.0,0.0,0.0,1.5147947148753376,0.0,降壓,極高>24,False,0.2,1.0,0.0,0.4,0.1,1.0,0.0,0.5,0.15,3.0,0.05,0.55,0.0,0.0,0.6666666666666666,0.0,0.4,0.0,0.2,0.0,0.0
2025-05-27,21403.0,21438.0,21133.0,21438.0,21176.0,21438.0,21166.0,305.0,248.80680072327624,0.0,1.0,0.0,0.0,1.0,0.0,0.0,0.0,0.0,0.32442251867811234,1.0,降壓,極高>24,False,0.2,1.0,0.0,0.2,0.1,1.0,0.0,0.4,0.15,3.0,0.05,0.55,1.0,0.0,0.6666666666666666,0.0,0.4,0.0,0.3,0.1,0.0
2025-05-28,21420.0,21512.0,21150.0,21512.0,21269.0,21512.0,21262.0,362.0,254.15853398772612,0.0,1.0,0.0,0.0,1.0,0.0,0.0,0.0,0.0,0.6764662961994828,1.0,升壓,極高>24,False,0.4,2.0,0.0,0.4,0.2,2.0,0.0,0.5,0.2,4.0,0.05,0.55,1.0,0.0,0.3333333333333333,0.0,0.2,0.0,0.2,0.1,1.0
2025-05-29,21513.0,21616.0,21275.0,21616.0,21311.0,21616.0,21311.0,341.0,264.42914979841885,0.0,0.0,0.0,0.0,0.0,0.0,0.0,0.0,0.0,0.4349176900416991,1.0,升壓,極高>24,False,0.4,2.0,0.0,0.4,0.3,3.0,0.0,0.6,0.25,5.0,0.05,0.55,0.0,0.0,0.0,0.0,0.0,0.0,0.1,0.1,1.0
2025-06-02,20976.0,21049.0,20790.0,21049.0,20845.0,21049.0,20796.0,259.0,271.72161172237895,0.0,0.0,0.0,0.0,0.0,0.0,0.0,0.0,0.0,1.3011205305863782,0.0,升壓,極高>24,False,0.4,2.0,0.0,0.6,0.3,3.0,0.0,0.6,0.25,5.0,0.05,0.55,0.0,0.0,0.0,0.0,0.0,0.0,0.1,0.1,1.0
2025-06-03,21034.0,21221.0,20955.0,21221.0,20981.0,21221.0,20960.0,266.0,270.51002965358094,0.0,0.0,0.0,0.0,0.0,0.0,0.0,0.0,0.0,0.9801663843525352,0.0,升壓,極高>24,False,0.4,2.0,0.0,0.6,0.3,3.0,0.0,0.5,0.25,5.0,0.05,0.55,0.0,0.0,0.0,0.0,0.0,0.0,0.1,0.1,1.0
2025-06-04,21280.0,21533.0,21261.0,21520.0,21261.0,21529.0,21261.0,272.0,270.0805030199066,0.0,0.0,0.0,0.0,0.0,0.0,0.0,0.0,0.0,1.0072939479674121,0.0,升壓,極高>24,False,0.4,2.0,0.0,0.6,0.3,3.0,0.0,0.4,0.2,4.0,0.0,0.5,0.0,0.0,0.0,0.0,0.2,0.2,0.1,0.1,1.0
2025-06-05,21589.0,21677.0,21512.0,21677.0,21521.0,21677.0,21512.0,165.0,270.26331225610596,0.0,0.0,0.0,0.0,0.0,0.0,0.0,0.0,0.0,0.5195327510539633,1.0,降壓,高18-24,False,0.2,1.0,0.0,0.4,0.3,3.0,0.0,0.4,0.15,3.0,0.0,0.45,0.0,0.0,0.0,0.0,0.2,0.2,0.2,0.1,0.0
2025-06-06,21599.0,21630.0,21513.0,21630.0,21513.0,21630.0,21513.0,117.0,260.23823489838156,0.0,0.0,0.0,0.0,0.0,0.0,0.0,0.0,0.0,0.945218638739248,0.0,降壓,高18-24,False,0.0,0.0,0.0,0.4,0.2,2.0,0.0,0.4,0.15,3.0,0.0,0.45,0.0,0.0,0.3333333333333333,0.3333333333333333,0.2,0.2,0.2,0.1,0.0
2025-06-09,21663.0,21788.0,21626.0,21788.0,21626.0,21788.0,21626.0,162.0,246.59649824139285,0.0,0.0,0.0,0.0,0.0,0.0,0.0,0.0,0.0,0.6765252875613861,1.0,降壓,高18-24,False,0.0,0.0,0.0,0.2,0.2,2.0,0.0,0.4,0.15,3.0,0.0,0.45,0.0,0.0,0.3333333333333333,0.3333333333333333,0.2,0.2,0.2,0.1,0.0
2025-06-10,21879.0,22236.0,21850.0,22160.0,21850.0,22222.0,21850.0,386.0,238.53968888506972,1.0,0.0,1.0,0.0,1.0,1.0,1.0,1.0,1.0,0.6235207911821098,1.0,升壓,高18-24,False,0.0,0.0,0.0,0.4,0.2,2.0,0.0,0.5,0.15,3.0,0.0,0.5,1.0,1.0,0.3333333333333333,0.3333333333333333,0.2,0.2,0.2,0.1,1.0
2025-06-11,22296.0,22355.0,22190.0,22333.0,22191.0,22350.0,22190.0,165.0,252.5835280388726,0.0,0.0,0.0,0.0,0.0,0.0,0.0,0.0,0.0,0.8785475789721684,0.0,降壓,高18-24,False,0.2,1.0,0.2,0.6,0.3,3.0,0.1,0.6,0.2,4.0,0.05,0.5,0.0,0.0,0.0,0.0,0.0,0.0,0.1,0.0,0.0
2025-06-12,22315.0,22329.0,22214.0,22329.0,22223.0,22329.0,22214.0,115.0,244.24223965421805,0.0,0.0,0.0,0.0,0.0,0.0,0.0,0.0,0.0,0.7489203672111377,1.0,降壓,高18-24,False,0.2,1.0,0.2,0.6,0.2,2.0,0.1,0.5,0.2,4.0,0.05,0.5,0.0,0.0,0.0,0.0,0.2,0.0,0.1,0.0,0.0
2025-06-13,21954.0,22139.0,21893.0,22139.0,21893.0,22139.0,21893.0,246.0,231.93345492524492,0.0,0.0,0.0,0.0,0.0,0.0,0.0,0.0,0.0,0.9063874714148754,0.0,升壓,極高>24,False,0.2,1.0,0.2,0.6,0.1,1.0,0.1,0.5,0.2,4.0,0.05,0.55,0.0,0.0,0.0,0.0,0.2,0.0,0.1,0.0,0.0
2025-06-16,22030.0,22061.0,21868.0,22061.0,21868.0,22061.0,21868.0,193.0,233.2731258847454,0.0,0.0,0.0,0.0,0.0,0.0,0.0,0.0,0.0,0.8422284952268981,0.0,降壓,極高>24,False,0.2,1.0,0.2,0.6,0.1,1.0,0.1,0.4,0.2,4.0,0.05,0.5,0.0,0.0,0.3333333333333333,0.0,0.2,0.0,0.1,0.0,0.0
2025-06-17,22150.0,22260.0,22061.0,22260.0,22084.0,22260.0,22061.0,199.0,229.43759008619824,0.0,0.0,0.0,0.0,0.0,0.0,0.0,0.0,0.0,1.045093813878398,0.0,升壓,極高>24,False,0.2,1.0,0.2,0.4,0.1,1.0,0.1,0.4,0.2,4.0,0.05,0.45,0.0,0.0,0.3333333333333333,0.0,0.2,0.0,0.1,0.0,0.0
2025-06-18,21714.0,21962.0,21694.0,21907.0,21694.0,21962.0,21694.0,268.0,226.5387719827508,1.0,0.0,0.0,0.0,1.0,0.0,1.0,0.0,0.0,0.6923164300695568,1.0,升壓,極高>24,False,0.0,0.0,0.0,0.2,0.1,1.0,0.1,0.4,0.2,4.0,0.05,0.4,1.0,0.0,0.3333333333333333,0.0,0.2,0.0,0.2,0.1,0.0
2025-06-19,21820.0,21857.0,21675.0,21857.0,21694.0,21857.0,21675.0,182.0,230.48746036534595,0.0,0.0,0.0,0.0,0.0,0.0,0.0,0.0,0.0,1.1030482508249462,0.0,升壓,極高>24,False,0.2,1.0,0.0,0.4,0.2,2.0,0.1,0.5,0.25,5.0,0.05,0.45,0.0,0.0,0.0,0.0,0.0,0.0,0.1,0.1,0.0
2025-06-20,21635.0,21743.0,21470.0,21743.0,21470.0,21743.0,21470.0,273.0,225.86960699721777,0.0,0.0,0.0,0.0,0.0,0.0,0.0,0.0,0.0,1.0221382616985575,0.0,升壓,極高>24,False,0.2,1.0,0.0,0.2,0.2,2.0,0.1,0.4,0.2,4.0,0.05,0.4,0.0,0.0,0.0,0.0,0.0,0.0,0.1,0.1,1.0
2025-06-23,21350.0,21484.0,21205.0,21398.0,21205.0,21406.0,21205.0,279.0,230.3582158546256,0.0,0.0,0.0,0.0,0.0,0.0,0.0,0.0,0.0,1.6678769050870745,0.0,升壓,極高>24,False,0.2,1.0,0.0,0.2,0.2,2.0,0.1,0.4,0.2,4.0,0.05,0.4,0.0,0.0,0.0,0.0,0.0,0.0,0.2,0.2,1.0
2025-06-24,21770.0,21966.0,21764.0,21955.0,21764.0,21955.0,21764.0,202.0,234.99076672561364,0.0,0.0,0.0,0.0,0.0,0.0,0.0,0.0,0.0,1.1442014557994735,0.0,升壓,極高>24,False,0.2,1.0,0.0,0.2,0.2,2.0,0.1,0.3,0.2,4.0,0.05,0.4,0.0,0.0,0.0,0.0,0.0,0.0,0.2,0.2,1.0
2025-06-25,22138.0,22168.0,22017.0,22149.0,22017.0,22149.0,22017.0,151.0,231.84878894222186,0.0,0.0,0.0,0.0,0.0,0.0,0.0,0.0,0.0,0.9459971643816044,0.0,降壓,高18-24,False,0.2,1.0,0.0,0.2,0.1,1.0,0.0,0.2,0.2,4.0,0.05,0.4,0.0,0.0,0.0,0.0,0.2,0.2,0.2,0.2,0.0
2025-06-26,22161.0,22263.0,22078.0,22263.0,22139.0,22263.0,22133.0,185.0,224.14890428105787,0.0,0.0,0.0,0.0,0.0,0.0,0.0,0.0,0.0,0.43667375100257316,1.0,降壓,高18-24,False,0.0,0.0,0.0,0.0,0.1,1.0,0.0,0.2,0.15,3.0,0.05,0.35,0.0,0.0,0.0,0.0,0.2,0.2,0.2,0.2,0.0
2025-06-27,22197.0,22221.0,21989.0,22221.0,22031.0,22221.0,22005.0,232.0,220.4204372066714,0.0,0.0,0.0,0.0,0.0,0.0,0.0,0.0,0.0,0.7719241142867848,1.0,降壓,高18-24,False,0.0,0.0,0.0,0.2,0.1,1.0,0.0,0.2,0.1,2.0,0.05,0.35,0.0,0.0,0.3333333333333333,0.3333333333333333,0.2,0.2,0.2,0.2,0.0
2025-06-30,22239.0,22254.0,22083.0,22254.0,22088.0,22254.0,22083.0,171.0,221.52325271079795,0.0,0.0,0.0,0.0,0.0,0.0,0.0,0.0,0.0,0.8022883057481622,0.0,升壓,極高>24,False,0.0,0.0,0.0,0.4,0.1,1.0,0.0,0.3,0.1,2.0,0.05,0.35,0.0,0.0,0.3333333333333333,0.3333333333333333,0.4,0.4,0.3,0.2,0.0
2025-07-01,22197.0,22593.0,22191.0,22593.0,22191.0,22593.0,22191.0,402.0,216.7115143573886,1.0,0.0,1.0,0.0,1.0,1.0,1.0,1.0,1.0,0.6604379314252627,1.0,升壓,極高>24,False,0.0,0.0,0.0,0.4,0.1,1.0,0.0,0.3,0.1,2.0,0.05,0.35,1.0,1.0,0.3333333333333333,0.3333333333333333,0.4,0.4,0.3,0.2,1.0
2025-07-02,22298.0,22401.0,22208.0,22318.0,22208.0,22367.0,22208.0,193.0,234.35803679954208,0.0,0.0,0.0,0.0,0.0,0.0,0.0,0.0,0.0,0.8821555008449022,0.0,升壓,極高>24,False,0.2,1.0,0.2,0.6,0.2,2.0,0.1,0.4,0.15,3.0,0.1,0.4,0.0,0.0,0.3333333333333333,0.3333333333333333,0.2,0.2,0.3,0.2,1.0
2025-07-03,22568.0,22716.0,22547.0,22708.0,22547.0,22708.0,22547.0,169.0,230.41917615196664,0.0,0.0,0.0,0.0,0.0,0.0,0.0,0.0,0.0,1.4133828294911859,0.0,降壓,極高>24,False,0.2,1.0,0.2,0.6,0.1,1.0,0.1,0.3,0.15,3.0,0.1,0.4,0.0,0.0,0.3333333333333333,0.3333333333333333,0.2,0.2,0.4,0.2,0.0
2025-07-04,22739.0,22762.0,22431.0,22762.0,22503.0,22762.0,22498.0,331.0,224.5697308041603,0.0,1.0,0.0,1.0,1.0,1.0,1.0,0.0,1.0,1.0029428782564827,0.0,升壓,極高>24,False,0.2,1.0,0.2,0.4,0.1,1.0,0.1,0.3,0.15,3.0,0.1,0.35,1.0,1.0,0.3333333333333333,0.3333333333333333,0.2,0.2,0.4,0.2,1.0
2025-07-07,22349.0,22506.0,22244.0,22506.0,22244.0,22506.0,22244.0,262.0,234.7059469180498,0.0,0.0,0.0,0.0,0.0,0.0,0.0,0.0,0.0,0.541979382749668,1.0,升壓,極高>24,False,0.4,2.0,0.4,0.2,0.2,2.0,0.2,0.3,0.2,4.0,0.15,0.35,0.0,0.0,0.0,0.0,0.2,0.0,0.3,0.1,1.0
2025-07-08,22353.0,22397.0,22141.0,22397.0,22141.0,22397.0,22141.0,256.0,237.3053805449022,0.0,0.0,0.0,0.0,0.0,0.0,0.0,0.0,0.0,1.1806237142863625,0.0,升壓,極高>24,False,0.4,2.0,0.4,0.4,0.2,2.0,0.2,0.4,0.2,4.0,0.15,0.35,0.0,0.0,0.0,0.0,0.2,0.0,0.3,0.1,1.0
2025-07-09,22250.0,22473.0,22146.0,22403.0,22146.0,22403.0,22146.0,327.0,239.08582049300674,0.0,0.0,0.0,0.0,0.0,0.0,0.0,0.0,0.0,0.49676152947004376,1.0,升壓,高18-24,False,0.2,1.0,0.2,0.2,0.2,2.0,0.2,0.4,0.15,3.0,0.1,0.3,0.0,0.0,0.3333333333333333,0.0,0.4,0.2,0.4,0.1,1.0
2025-07-10,22470.0,22647.0,22410.0,22596.0,22410.0,22605.0,22410.0,237.0,247.45859949367275,0.0,0.0,0.0,0.0,0.0,0.0,0.0,0.0,0.0,0.9850210559847761,0.0,升壓,高18-24,False,0.2,1.0,0.2,0.4,0.2,2.0,0.2,0.5,0.15,3.0,0.1,0.35,0.0,0.0,0.3333333333333333,0.0,0.6,0.2,0.4,0.1,1.0
2025-07-11,22519.0,22774.0,22488.0,22725.0,22488.0,22727.0,22488.0,286.0,246.46254239903726,1.0,0.0,0.0,0.0,1.0,0.0,0.0,0.0,0.0,0.91806194597321,0.0,升壓,高18-24,False,0.2,1.0,0.2,0.4,0.2,2.0,0.2,0.4,0.15,3.0,0.1,0.3,1.0,0.0,0.6666666666666666,0.3333333333333333,0.6,0.2,0.4,0.1,1.0
2025-07-14,22670.0,22695.0,22520.0,22695.0,22549.0,22695.0,22533.0,175.0,250.22801455150992,0.0,0.0,0.0,0.0,0.0,0.0,0.0,0.0,0.0,0.600449283795648,1.0,降壓,高18-24,False,0.2,1.0,0.0,0.4,0.3,3.0,0.2,0.3,0.2,4.0,0.1,0.3,0.0,0.0,0.6666666666666666,0.3333333333333333,0.4,0.2,0.3,0.1,0.0
2025-07-15,22529.0,22882.0,22512.0,22882.0,22512.0,22882.0,22512.0,370.0,243.0634417370804,1.0,0.0,1.0,0.0,1.0,1.0,1.0,1.0,1.0,0.7674610902635001,1.0,升壓,高18-24,False,0.2,1.0,0.0,0.4,0.3,3.0,0.2,0.4,0.2,4.0,0.1,0.35,1.0,1.0,0.6666666666666666,0.3333333333333333,0.4,0.2,0.3,0.1,1.0
2025-07-16,22704.0,22998.0,22701.0,22975.0,22701.0,22975.0,22701.0,297.0,255.15263776212038,1.0,0.0,0.0,0.0,1.0,0.0,1.0,0.0,1.0,0.6697324010588958,1.0,升壓,高18-24,False,0.4,2.0,0.2,0.6,0.3,3.0,0.2,0.4,0.25,5.0,0.15,0.4,1.0,0.0,0.3333333333333333,0.0,0.4,0.0,0.3,0.1,1.0
2025-07-17,22958.0,23150.0,22866.0,23029.0,22866.0,23029.0,22866.0,284.0,259.1381008323946,0.0,0.0,0.0,0.0,0.0,0.0,0.0,0.0,0.0,0.9507881976600506,0.0,升壓,高18-24,False,0.6,3.0,0.2,0.6,0.4,4.0,0.2,0.5,0.25,5.0,0.15,0.4,0.0,0.0,0.0,0.0,0.2,0.0,0.2,0.1,1.0
2025-07-18,23350.0,23399.0,23230.0,23399.0,23261.0,23399.0,23261.0,169.0,261.50590075311896,0.0,0.0,0.0,0.0,0.0,0.0,0.0,0.0,0.0,0.8901336420997892,0.0,降壓,高18-24,False,0.6,3.0,0.2,0.6,0.4,4.0,0.2,0.5,0.25,5.0,0.15,0.4,0.0,0.0,0.3333333333333333,0.0,0.2,0.0,0.2,0.1,0.0
2025-07-21,23234.0,23301.0,23172.0,23301.0,23172.0,23301.0,23172.0,129.0,252.69581496710762,0.0,0.0,0.0,0.0,0.0,0.0,0.0,0.0,0.0,0.8008153487319175,0.0,降壓,高18-24,False,0.4,2.0,0.2,0.6,0.3,3.0,0.1,0.5,0.25,5.0,0.15,0.4,0.0,0.0,0.3333333333333333,0.0,0.2,0.0,0.3,0.2,0.0
2025-07-22,23241.0,23406.0,22977.0,23406.0,23205.0,23406.0,23050.0,429.0,240.91526116071643,0.0,1.0,0.0,0.0,1.0,0.0,0.0,0.0,0.0,0.9001670370552525,0.0,升壓,高18-24,False,0.4,2.0,0.2,0.4,0.3,3.0,0.1,0.4,0.25,5.0,0.15,0.4,1.0,0.0,0.3333333333333333,0.0,0.2,0.0,0.3,0.2,1.0
2025-07-23,23006.0,23258.0,23000.0,23253.0,23000.0,23258.0,23000.0,258.0,258.8280934311244,0.0,0.0,0.0,0.0,0.0,0.0,0.0,0.0,0.0,1.0442823612218717,0.0,升壓,高18-24,False,0.4,2.0,0.0,0.2,0.4,4.0,0.1,0.4,0.3,6.0,0.15,0.4,0.0,0.0,0.0,0.0,0.2,0.2,0.2,0.2,1.0
2025-07-24,23400.0,23408.0,23229.0,23408.0,23229.0,23408.0,23229.0,179.0,258.7492273900649,0.0,0.0,0.0,0.0,0.0,0.0,0.0,0.0,0.0,1.0792441782865576,0.0,降壓,高18-24,False,0.2,1.0,0.0,0.0,0.4,4.0,0.1,0.3,0.3,6.0,0.15,0.4,0.0,0.0,0.0,0.0,0.2,0.2,0.2,0.2,0.0
2025-07-25,23264.0,23328.0,23207.0,23328.0,23207.0,23328.0,23207.0,121.0,251.1540628767254,0.0,0.0,0.0,0.0,0.0,0.0,0.0,0.0,0.0,0.775475254729884,1.0,降壓,高18-24,False,0.2,1.0,0.0,0.0,0.4,4.0,0.1,0.3,0.3,6.0,0.15,0.35,0.0,0.0,0.3333333333333333,0.3333333333333333,0.2,0.2,0.3,0.3,0.0
2025-07-28,23368.0,23483.0,23265.0,23483.0,23265.0,23483.0,23265.0,218.0,238.7584378408468,0.0,0.0,0.0,0.0,0.0,0.0,0.0,0.0,0.0,1.020454290912546,0.0,升壓,高18-24,False,0.2,1.0,0.0,0.2,0.3,3.0,0.1,0.4,0.3,6.0,0.15,0.35,0.0,0.0,0.3333333333333333,0.3333333333333333,0.4,0.4,0.3,0.3,0.0
2025-07-29,23326.0,23359.0,23027.0,23359.0,23027.0,23359.0,23027.0,332.0,236.78144376076614,0.0,1.0,0.0,1.0,1.0,1.0,1.0,1.0,1.0,0.8762258297094649,0.0,升壓,極高>24,False,0.2,1.0,0.0,0.2,0.3,3.0,0.1,0.3,0.3,6.0,0.15,0.35,1.0,1.0,0.3333333333333333,0.3333333333333333,0.4,0.4,0.4,0.3,1.0
2025-07-30,23213.0,23421.0,23198.0,23404.0,23198.0,23406.0,23198.0,223.0,245.8498776883122,0.0,0.0,0.0,0.0,0.0,0.0,0.0,0.0,0.0,0.7945556143375507,1.0,升壓,高18-24,False,0.2,1.0,0.2,0.2,0.3,3.0,0.1,0.2,0.3,6.0,0.15,0.3,0.0,0.0,0.3333333333333333,0.3333333333333333,0.2,0.2,0.3,0.2,0.0
2025-07-31,23497.0,23621.0,23355.0,23511.0,23355.0,23534.0,23355.0,266.0,243.6736988608539,0.0,0.0,0.0,0.0,0.0,0.0,0.0,0.0,0.0,1.3037066587272148,0.0,升壓,高18-24,False,0.2,1.0,0.2,0.4,0.2,2.0,0.1,0.2,0.3,6.0,0.15,0.35,0.0,0.0,0.3333333333333333,0.3333333333333333,0.2,0.2,0.3,0.2,1.0
2025-08-01,23064.0,23442.0,23048.0,23442.0,23048.0,23442.0,23048.0,394.0,245.8000132550583,1.0,0.0,1.0,0.0,1.0,1.0,1.0,1.0,1.0,2.1288852667455465,0.0,升壓,高18-24,False,0.2,1.0,0.2,0.4,0.2,2.0,0.1,0.2,0.3,6.0,0.15,0.35,1.0,1.0,0.3333333333333333,0.3333333333333333,0.4,0.4,0.3,0.2,1.0
2025-08-04,23108.0,23300.0,23032.0,23264.0,23032.0,23264.0,23032.0,268.0,259.9142977069575,0.0,0.0,0.0,0.0,0.0,0.0,0.0,0.0,0.0,1.7727728036362742,0.0,升壓,高18-24,False,0.4,2.0,0.4,0.2,0.3,3.0,0.2,0.2,0.3,6.0,0.15,0.35,0.0,0.0,0.0,0.0,0.2,0.2,0.2,0.1,1.0
2025-08-05,23446.0,23584.0,23421.0,23557.0,23421.0,23578.0,23421.0,163.0,260.68436459200916,0.0,0.0,0.0,0.0,0.0,0.0,0.0,0.0,0.0,0.792021784712326,1.0,升壓,高18-24,False,0.4,2.0,0.4,0.2,0.3,3.0,0.2,0.2,0.3,6.0,0.15,0.3,0.0,0.0,0.3333333333333333,0.3333333333333333,0.4,0.2,0.3,0.1,0.0
2025-08-06,23423.0,23483.0,23381.0,23473.0,23381.0,23483.0,23381.0,102.0,251.38109177372257,0.0,0.0,0.0,0.0,0.0,0.0,0.0,0.0,0.0,1.2046944020451158,0.0,升壓,高18-24,False,0.2,1.0,0.2,0.4,0.2,2.0,0.2,0.3,0.3,6.0,0.15,0.35,0.0,0.0,0.3333333333333333,0.3333333333333333,0.4,0.2,0.3,0.1,0.0
2025-08-07,23660.0,24054.0,23653.0,24040.0,23653.0,24054.0,23653.0,401.0,237.15432112860614,1.0,0.0,1.0,0.0,1.0,1.0,1.0,1.0,1.0,1.1288199414651034,0.0,升壓,高18-24,False,0.2,1.0,0.2,0.2,0.2,2.0,0.2,0.3,0.3,6.0,0.15,0.3,1.0,1.0,0.6666666666666666,0.3333333333333333,0.4,0.2,0.4,0.2,1.0
2025-08-08,24091.0,24095.0,23947.0,24095.0,23949.0,24095.0,23949.0,148.0,252.75867149731033,0.0,0.0,0.0,0.0,0.0,0.0,0.0,0.0,0.0,0.9585448303734524,0.0,降壓,高18-24,False,0.4,2.0,0.4,0.2,0.3,3.0,0.3,0.3,0.35,7.0,0.2,0.3,0.0,0.0,0.3333333333333333,0.0,0.2,0.0,0.3,0.1,0.0
2025-08-11,23973.0,24223.0,23833.0,24050.0,23833.0,24203.0,23833.0,390.0,242.78165516423317,1.0,0.0,0.0,0.0,1.0,0.0,0.0,0.0,0.0,0.547869264195466,1.0,升壓,高18-24,False,0.2,1.0,0.2,0.2,0.3,3.0,0.3,0.2,0.3,6.0,0.2,0.3,1.0,0.0,0.3333333333333333,0.0,0.2,0.0,0.3,0.1,1.0
2025-08-12,24155.0,24241.0,24088.0,24176.0,24088.0,24176.0,24088.0,153.0,256.80244991049665,0.0,0.0,0.0,0.0,0.0,0.0,0.0,0.0,0.0,0.6123497309890259,1.0,降壓,高18-24,False,0.4,2.0,0.2,0.4,0.4,4.0,0.3,0.3,0.35,7.0,0.2,0.3,0.0,0.0,0.0,0.0,0.2,0.0,0.2,0.1,0.0
2025-08-13,24298.0,24412.0,24154.0,24406.0,24243.0,24412.0,24215.0,258.0,246.91650229997316,0.0,0.0,0.0,0.0,0.0,0.0,0.0,0.0,0.0,1.0080132697384931,0.0,降壓,高18-24,False,0.4,2.0,0.2,0.4,0.3,3.0,0.2,0.4,0.3,6.0,0.15,0.3,0.0,0.0,0.0,0.0,0.2,0.0,0.2,0.1,0.0
2025-08-14,24337.0,24362.0,24207.0,24362.0,24207.0,24362.0,24207.0,155.0,247.97207350949952,0.0,0.0,0.0,0.0,0.0,0.0,0.0,0.0,0.0,0.6973231654815301,1.0,降壓,高18-24,False,0.4,2.0,0.2,0.4,0.3,3.0,0.2,0.3,0.25,5.0,0.15,0.25,0.0,0.0,0.3333333333333333,0.0,0.4,0.2,0.2,0.1,0.0
2025-08-15,24282.0,24385.0,24188.0,24355.0,24188.0,24355.0,24188.0,197.0,239.11759031811863,0.0,0.0,0.0,0.0,0.0,0.0,0.0,0.0,0.0,0.6701530304395621,1.0,降壓,高18-24,False,0.2,1.0,0.0,0.6,0.3,3.0,0.2,0.4,0.25,5.0,0.15,0.3,0.0,0.0,0.3333333333333333,0.0,0.4,0.2,0.2,0.1,0.0
2025-08-18,24199.0,24462.0,24176.0,24419.0,24176.0,24423.0,24176.0,286.0,235.10639124020256,1.0,0.0,0.0,0.0,1.0,0.0,0.0,0.0,0.0,1.1092172666397977,0.0,降壓,高18-24,False,0.2,1.0,0.0,0.8,0.2,2.0,0.1,0.5,0.25,5.0,0.15,0.35,1.0,0.0,0.6666666666666666,0.3333333333333333,0.4,0.2,0.2,0.1,0.0
2025-08-19,24380.0,24447.0,24313.0,24447.0,24313.0,24447.0,24313.0,134.0,239.9534015982785,0.0,0.0,0.0,0.0,0.0,0.0,0.0,0.0,0.0,0.45107556312399666,1.0,降壓,高18-24,False,0.2,1.0,0.0,0.6,0.3,3.0,0.1,0.5,0.3,6.0,0.15,0.35,0.0,0.0,0.3333333333333333,0.3333333333333333,0.2,0.2,0.2,0.1,0.0
2025-08-20,24100.0,24140.0,23613.0,24140.0,23749.0,24140.0,23702.0,527.0,229.8626014460615,0.0,1.0,0.0,1.0,1.0,1.0,1.0,1.0,1.0,0.9691191763747364,0.0,升壓,高18-24,False,0.2,1.0,0.0,0.6,0.3,3.0,0.1,0.5,0.25,5.0,0.15,0.4,1.0,1.0,0.3333333333333333,0.3333333333333333,0.2,0.2,0.2,0.1,1.0
2025-08-21,23729.0,23943.0,23691.0,23943.0,23691.0,23943.0,23691.0,252.0,258.16140130834134,0.0,0.0,0.0,0.0,0.0,0.0,0.0,0.0,0.0,1.3055559705085475,0.0,升壓,高18-24,False,0.4,2.0,0.2,0.6,0.4,4.0,0.2,0.5,0.3,6.0,0.2,0.4,0.0,0.0,0.0,0.0,0.0,0.0,0.1,0.0,1.0
2025-08-22,23877.0,23982.0,23732.0,23982.0,23772.0,23982.0,23772.0,250.0,257.5746011837374,0.0,0.0,0.0,0.0,0.0,0.0,0.0,0.0,0.0,0.9780248024717436,0.0,升壓,極高>24,False,0.4,2.0,0.2,0.4,0.3,3.0,0.1,0.5,0.3,6.0,0.2,0.4,0.0,0.0,0.0,0.0,0.0,0.0,0.1,0.0,1.0
2025-08-25,24120.0,24314.0,24070.0,24305.0,24070.0,24314.0,24070.0,244.0,256.85321059481004,0.0,0.0,0.0,0.0,0.0,0.0,0.0,0.0,0.0,2.2737762734243083,0.0,升壓,高18-24,False,0.4,2.0,0.2,0.2,0.3,3.0,0.1,0.5,0.3,6.0,0.2,0.35,0.0,0.0,0.0,0.0,0.0,0.0,0.1,0.0,1.0
2025-08-26,24143.0,24281.0,24090.0,24202.0,24090.0,24202.0,24090.0,191.0,255.6290953000662,0.0,0.0,0.0,0.0,0.0,0.0,0.0,0.0,0.0,0.5943498784204481,1.0,升壓,高18-24,False,0.2,1.0,0.2,0.2,0.2,2.0,0.1,0.4,0.3,6.0,0.2,0.35,0.0,0.0,0.0,0.0,0.2,0.0,0.1,0.0,0.0
2025-08-27,24350.0,24496.0,24331.0,24496.0,24331.0,24496.0,24331.0,165.0,249.47394336672656,0.0,0.0,0.0,0.0,0.0,0.0,0.0,0.0,0.0,0.8728014195821518,0.0,降壓,高18-24,False,0.2,1.0,0.2,0.2,0.2,2.0,0.1,0.4,0.25,5.0,0.15,0.4,0.0,0.0,0.0,0.0,0.2,0.0,0.1,0.0,0.0
2025-08-28,24358.0,24420.0,24203.0,24420.0,24322.0,24420.0,24322.0,217.0,241.42880590322878,0.0,0.0,0.0,0.0,0.0,0.0,0.0,0.0,0.0,0.8940222325623128,0.0,降壓,高18-24,False,0.0,0.0,0.0,0.2,0.2,2.0,0.1,0.4,0.25,5.0,0.15,0.35,0.0,0.0,0.3333333333333333,0.0,0.2,0.0,0.2,0.0,0.0
2025-08-29,24401.0,24453.0,24246.0,24453.0,24257.0,24453.0,24253.0,207.0,239.10225296006413,0.0,0.0,0.0,0.0,0.0,0.0,0.0,0.0,0.0,0.9934514815396137,0.0,降壓,高18-24,False,0.0,0.0,0.0,0.2,0.2,2.0,0.1,0.3,0.25,5.0,0.15,0.35,0.0,0.0,0.3333333333333333,0.0,0.2,0.0,0.2,0.0,0.0
2025-09-01,24120.0,24245.0,23847.0,24245.0,23890.0,24245.0,23847.0,398.0,236.04489553529612,0.0,1.0,0.0,0.0,1.0,0.0,1.0,0.0,0.0,1.3342884202227383,0.0,升壓,高18-24,False,0.0,0.0,0.0,0.2,0.2,2.0,0.1,0.2,0.2,4.0,0.1,0.35,1.0,0.0,0.3333333333333333,0.0,0.2,0.0,0.2,0.0,1.0
2025-09-02,24083.0,24249.0,23879.0,24249.0,23986.0,24249.0,23879.0,370.0,251.46919119860127,0.0,0.0,0.0,0.0,0.0,0.0,0.0,0.0,0.0,0.45336456634197914,1.0,升壓,高18-24,False,0.2,1.0,0.0,0.2,0.2,2.0,0.1,0.2,0.25,5.0,0.1,0.35,0.0,0.0,0.0,0.0,0.0,0.0,0.1,0.0,1.0
2025-09-03,23966.0,24083.0,23888.0,24083.0,23888.0,24083.0,23888.0,195.0,262.7578396558773,0.0,0.0,0.0,0.0,0.0,0.0,0.0,0.0,0.0,1.7989217933421515,0.0,升壓,高18-24,False,0.2,1.0,0.0,0.2,0.2,2.0,0.1,0.2,0.25,5.0,0.1,0.35,0.0,0.0,0.0,0.0,0.0,0.0,0.2,0.0,1.0
2025-09-04,24195.0,24365.0,24113.0,24362.0,24189.0,24365.0,24154.0,252.0,256.3047120696033,0.0,0.0,0.0,0.0,0.0,0.0,0.0,0.0,0.0,1.0656609237345194,0.0,升壓,高18-24,False,0.2,1.0,0.0,0.2,0.1,1.0,0.0,0.2,0.25,5.0,0.1,0.35,0.0,0.0,0.0,0.0,0.2,0.0,0.2,0.0,1.0
2025-09-05,24363.0,24429.0,24286.0,24395.0,24286.0,24424.0,24286.0,143.0,255.89473949154583,0.0,0.0,0.0,0.0,0.0,0.0,0.0,0.0,0.0,1.094172283397167,0.0,降壓,高18-24,False,0.2,1.0,0.0,0.2,0.1,1.0,0.0,0.2,0.2,4.0,0.05,0.35,0.0,0.0,0.0,0.0,0.2,0.0,0.2,0.0,0.0
2025-09-08,24588.0,24674.0,24518.0,24674.0,24518.0,24674.0,24518.0,156.0,245.14285953997003,0.0,0.0,0.0,0.0,0.0,0.0,0.0,0.0,0.0,1.298350624068877,0.0,降壓,高18-24,False,0.2,1.0,0.0,0.2,0.1,1.0,0.0,0.2,0.2,4.0,0.05,0.35,0.0,0.0,0.3333333333333333,0.0,0.2,0.0,0.2,0.0,0.0
2025-09-09,24725.0,24838.0,24660.0,24838.0,24660.0,24838.0,24660.0,178.0,236.6530633933062,0.0,0.0,0.0,0.0,0.0,0.0,0.0,0.0,0.0,0.7642587941308272,1.0,降壓,高18-24,False,0.0,0.0,0.0,0.2,0.1,1.0,0.0,0.2,0.15,3.0,0.05,0.3,0.0,0.0,0.3333333333333333,0.0,0.2,0.0,0.2,0.0,0.0
2025-09-10,24970.0,25244.0,24961.0,25168.0,24961.0,25230.0,24961.0,283.0,231.06705735584848,1.0,0.0,0.0,0.0,1.0,0.0,1.0,0.0,0.0,1.12323575782445,0.0,降壓,高18-24,False,0.0,0.0,0.0,0.2,0.1,1.0,0.0,0.2,0.15,3.0,0.05,0.3,1.0,0.0,0.3333333333333333,0.0,0.4,0.0,0.3,0.0,0.0
2025-09-11,25386.0,25464.0,25176.0,25437.0,25312.0,25463.0,25312.0,288.0,236.01305189338672,0.0,0.0,0.0,0.0,0.0,0.0,0.0,0.0,0.0,1.516139758435995,0.0,升壓,高18-24,False,0.2,1.0,0.0,0.2,0.2,2.0,0.0,0.2,0.2,4.0,0.05,0.3,0.0,0.0,0.0,0.0,0.2,0.0,0.3,0.1,1.0
2025-09-12,25418.0,25466.0,25350.0,25459.0,25350.0,25460.0,25350.0,116.0,240.96418980830228,0.0,0.0,0.0,0.0,0.0,0.0,0.0,0.0,0.0,0.8903705197536972,0.0,降壓,高18-24,False,0.2,1.0,0.0,0.2,0.2,2.0,0.0,0.2,0.2,4.0,0.05,0.25,0.0,0.0,0.3333333333333333,0.0,0.2,0.0,0.3,0.1,0.0
2025-09-15,25404.0,25450.0,25269.0,25450.0,25269.0,25450.0,25269.0,181.0,229.06283839798778,0.0,0.0,0.0,0.0,0.0,0.0,0.0,0.0,0.0,0.5652973052070632,1.0,降壓,高18-24,False,0.2,1.0,0.0,0.2,0.2,2.0,0.0,0.2,0.2,4.0,0.05,0.2,0.0,0.0,0.3333333333333333,0.0,0.2,0.0,0.4,0.2,0.0
2025-09-16,25420.0,25663.0,25410.0,25629.0,25410.0,25647.0,25410.0,253.0,224.48542521722703,1.0,0.0,0.0,0.0,1.0,0.0,1.0,0.0,0.0,0.8108533306517246,0.0,降壓,高18-24,False,0.2,1.0,0.0,0.4,0.1,1.0,0.0,0.3,0.15,3.0,0.05,0.25,1.0,0.0,0.3333333333333333,0.0,0.2,0.0,0.4,0.2,0.0
2025-09-17,25575.0,25596.0,25441.0,25596.0,25472.0,25596.0,25468.0,155.0,227.20109900606255,0.0,0.0,0.0,0.0,0.0,0.0,0.0,0.0,0.0,0.7256397296913151,1.0,升壓,高18-24,False,0.4,2.0,0.0,0.2,0.2,2.0,0.0,0.2,0.2,4.0,0.05,0.2,0.0,0.0,0.0,0.0,0.2,0.0,0.4,0.2,0.0
2025-09-18,25623.0,25747.0,25490.0,25647.0,25490.0,25702.0,25490.0,257.0,220.32480386262802,0.0,0.0,0.0,0.0,0.0,0.0,0.0,0.0,0.0,1.46966345576085,0.0,降壓,高18-24,False,0.2,1.0,0.0,0.4,0.2,2.0,0.0,0.3,0.15,3.0,0.0,0.25,0.0,0.0,0.0,0.0,0.4,0.2,0.4,0.2,0.0
2025-09-19,25850.0,25853.0,25636.0,25853.0,25636.0,25853.0,25636.0,217.0,223.81767968523488,0.0,0.0,0.0,0.0,0.0,0.0,0.0,0.0,0.0,1.4460895501534574,0.0,降壓,高18-24,False,0.2,1.0,0.0,0.4,0.2,2.0,0.0,0.3,0.15,3.0,0.0,0.25,0.0,0.0,0.3333333333333333,0.0,0.4,0.2,0.5,0.2,0.0
2025-09-22,25756.0,25941.0,25689.0,25830.0,25689.0,25921.0,25689.0,252.0,223.16837685806965,0.0,0.0,0.0,0.0,0.0,0.0,0.0,0.0,0.0,0.5425952655958707,1.0,升壓,高18-24,False,0.2,1.0,0.0,0.4,0.2,2.0,0.0,0.3,0.15,3.0,0.0,0.25,0.0,0.0,0.6666666666666666,0.3333333333333333,0.6,0.4,0.5,0.2,1.0
2025-09-23,26058.0,26328.0,26023.0,26220.0,26023.0,26310.0,26023.0,305.0,225.9142457287297,1.0,0.0,0.0,0.0,1.0,0.0,1.0,0.0,0.0,1.5489990328436847,0.0,升壓,高18-24,False,0.2,1.0,0.0,0.4,0.2,2.0,0.0,0.4,0.15,3.0,0.0,0.3,1.0,0.0,0.6666666666666666,0.3333333333333333,0.6,0.4,0.5,0.2,1.0
2025-09-24,26376.0,26393.0,26072.0,26393.0,26072.0,26393.0,26072.0,321.0,233.44622232599355,0.0,1.0,0.0,1.0,1.0,1.0,1.0,1.0,1.0,1.4017128360161801,0.0,升壓,高18-24,False,0.2,1.0,0.0,0.4,0.3,3.0,0.0,0.3,0.2,4.0,0.0,0.25,1.0,1.0,0.6666666666666666,0.6666666666666666,0.6,0.4,0.4,0.2,1.0
2025-09-25,26191.0,26283.0,26087.0,26283.0,26114.0,26283.0,26087.0,196.0,241.7846773425656,0.0,0.0,0.0,0.0,0.0,0.0,0.0,0.0,0.0,0.8488682153515751,0.0,升壓,高18-24,False,0.4,2.0,0.2,0.2,0.3,3.0,0.1,0.3,0.25,5.0,0.05,0.25,0.0,0.0,0.3333333333333333,0.3333333333333333,0.4,0.2,0.4,0.2,1.0
2025-09-26,25944.0,25991.0,25500.0,25991.0,25500.0,25991.0,25500.0,491.0,237.42423188136888,0.0,1.0,0.0,1.0,1.0,1.0,1.0,1.0,1.0,1.1407177848954637,0.0,升壓,高18-24,False,0.4,2.0,0.2,0.2,0.3,3.0,0.1,0.3,0.25,5.0,0.05,0.25,1.0,1.0,0.6666666666666666,0.3333333333333333,0.6,0.2,0.5,0.3,1.0
2025-09-30,25800.0,26046.0,25797.0,26046.0,25797.0,26046.0,25797.0,249.0,261.5743050355242,0.0,0.0,0.0,0.0,0.0,0.0,0.0,0.0,0.0,1.0216583265992774,0.0,升壓,高18-24,False,0.6,3.0,0.4,0.2,0.4,4.0,0.2,0.3,0.3,6.0,0.1,0.25,0.0,0.0,0.3333333333333333,0.0,0.4,0.0,0.5,0.3,1.0
2025-10-01,26094.0,26375.0,26000.0,26375.0,26061.0,26375.0,26000.0,375.0,260.3767521749981,1.0,0.0,0.0,0.0,1.0,0.0,1.0,0.0,1.0,1.1188040374258594,0.0,升壓,高18-24,False,0.6,3.0,0.4,0.0,0.4,4.0,0.2,0.2,0.25,5.0,0.1,0.25,1.0,0.0,0.6666666666666666,0.0,0.4,0.0,0.5,0.3,1.0
2025-10-02,26459.0,26527.0,26381.0,26527.0,26381.0,26527.0,26381.0,146.0,271.29325196785544,0.0,0.0,0.0,0.0,0.0,0.0,0.0,0.0,0.0,2.3419377133962036,0.0,升壓,高18-24,False,0.6,3.0,0.4,0.0,0.4,4.0,0.2,0.2,0.3,6.0,0.1,0.2,0.0,0.0,0.3333333333333333,0.0,0.2,0.0,0.4,0.3,1.0
2025-10-03,26480.0,26764.0,26388.0,26653.0,26388.0,26727.0,26388.0,376.0,259.36056130425015,1.0,0.0,0.0,0.0,1.0,0.0,0.0,0.0,0.0,0.9571895079311994,0.0,升壓,高18-24,False,0.4,2.0,0.2,0.0,0.4,4.0,0.2,0.1,0.3,6.0,0.1,0.2,1.0,0.0,0.3333333333333333,0.0,0.4,0.2,0.5,0.3,1.0
2025-10-07,27202.0,27356.0,26995.0,27300.0,26995.0,27356.0,26995.0,361.0,270.46907927527394,0.0,0.0,0.0,0.0,0.0,0.0,0.0,0.0,0.0,0.8459340135859623,0.0,升壓,高18-24,False,0.6,3.0,0.2,0.0,0.5,5.0,0.2,0.1,0.35,7.0,0.1,0.2,0.0,0.0,0.0,0.0,0.4,0.4,0.4,0.3,1.0
2025-10-08,27061.0,27127.0,26912.0,27077.0,26912.0,27077.0,26912.0,215.0,279.09107172524784,0.0,0.0,0.0,0.0,0.0,0.0,0.0,0.0,0.0,1.5679278720970857,0.0,升壓,高18-24,False,0.4,2.0,0.0,0.0,0.5,5.0,0.2,0.1,0.35,7.0,0.1,0.2,0.0,0.0,0.3333333333333333,0.3333333333333333,0.6,0.6,0.4,0.3,1.0
2025-10-09,27440.0,27455.0,27273.0,27455.0,27280.0,27455.0,27280.0,182.0,272.9871601323671,0.0,0.0,0.0,0.0,0.0,0.0,0.0,0.0,0.0,1.6824886158156263,0.0,升壓,高18-24,False,0.4,2.0,0.0,0.0,0.5,5.0,0.2,0.0,0.35,7.0,0.1,0.2,0.0,0.0,0.6666666666666666,0.6666666666666666,0.6,0.6,0.4,0.3,0.0
2025-10-13,26450.0,26945.0,26390.0,26863.0,26390.0,26876.0,26390.0,555.0,264.32171631023687,1.0,0.0,1.0,0.0,1.0,1.0,1.0,1.0,1.0,1.2099855756622773,0.0,升壓,極高>24,False,0.2,1.0,0.0,0.0,0.4,4.0,0.2,0.0,0.35,7.0,0.1,0.15,1.0,1.0,1.0,1.0,0.6,0.6,0.4,0.3,1.0
2025-10-14,27269.0,27450.0,26716.0,27450.0,27213.0,27450.0,27115.0,734.0,292.0053623759286,0.0,1.0,0.0,1.0,1.0,1.0,0.0,0.0,0.0,1.379865550916079,0.0,升壓,極高>24,False,0.4,2.0,0.2,0.0,0.4,4.0,0.2,0.0,0.35,7.0,0.15,0.15,1.0,1.0,0.6666666666666666,0.6666666666666666,0.6,0.4,0.3,0.2,1.0
2025-10-15,26878.0,27300.0,26821.0,27155.0,26821.0,27233.0,26821.0,479.0,334.1000897686973,1.0,0.0,1.0,0.0,1.0,1.0,1.0,0.0,0.0,1.7903052742151189,0.0,升壓,極高>24,False,0.4,2.0,0.4,0.0,0.5,5.0,0.3,0.0,0.4,8.0,0.2,0.15,1.0,1.0,0.3333333333333333,0.3333333333333333,0.4,0.2,0.2,0.1,1.0
2025-10-16,27545.0,27877.0,27450.0,27732.0,27459.0,27732.0,27450.0,427.0,347.90008121929753,0.0,0.0,0.0,0.0,0.0,0.0,0.0,0.0,0.0,1.058387975641543,0.0,升壓,極高>24,False,0.6,3.0,0.6,0.0,0.5,5.0,0.3,0.0,0.45,9.0,0.25,0.15,0.0,0.0,0.3333333333333333,0.0,0.2,0.0,0.1,0.0,1.0
2025-10-17,27251.0,27545.0,27244.0,27545.0,27244.0,27545.0,27244.0,301.0,355.4334068174597,0.0,0.0,0.0,0.0,0.0,0.0,0.0,0.0,0.0,1.1562176413287044,0.0,升壓,極高>24,False,0.6,3.0,0.6,0.0,0.5,5.0,0.3,0.0,0.45,9.0,0.25,0.1,0.0,0.0,0.3333333333333333,0.0,0.2,0.0,0.1,0.0,1.0
2025-10-20,27444.0,27824.0,27432.0,27824.0,27432.0,27824.0,27432.0,392.0,350.2492728348445,1.0,0.0,0.0,0.0,1.0,0.0,1.0,0.0,1.0,1.3993180132123908,0.0,升壓,極高>24,False,0.6,3.0,0.6,0.0,0.4,4.0,0.3,0.0,0.4,8.0,0.25,0.1,1.0,0.0,0.3333333333333333,0.0,0.2,0.0,0.1,0.0,1.0
2025-10-21,27900.0,28036.0,27798.0,28036.0,27860.0,28036.0,27860.0,238.0,354.2255325648593,0.0,0.0,0.0,0.0,0.0,0.0,0.0,0.0,0.0,0.7426211464792483,1.0,升壓,極高>24,False,0.6,3.0,0.4,0.0,0.5,5.0,0.3,0.0,0.45,9.0,0.25,0.05,0.0,0.0,0.0,0.0,0.0,0.0,0.0,0.0,1.0
2025-10-22,27690.0,27797.0,27526.0,27715.0,27549.0,27715.0,27529.0,271.0,343.1564342253489,0.0,0.0,0.0,0.0,0.0,0.0,0.0,0.0,0.0,0.742937753130294,1.0,升壓,極高>24,False,0.4,2.0,0.2,0.2,0.4,4.0,0.3,0.1,0.45,9.0,0.25,0.1,0.0,0.0,0.0,0.0,0.0,0.0,0.0,0.0,0.0
2025-10-23,27385.0,27629.0,27313.0,27552.0,27313.0,27629.0,27313.0,316.0,336.28439287055375,0.0,0.0,0.0,0.0,0.0,0.0,0.0,0.0,0.0,1.3382547545616108,0.0,升壓,極高>24,False,0.2,1.0,0.0,0.4,0.4,4.0,0.3,0.2,0.45,9.0,0.25,0.15,0.0,0.0,0.0,0.0,0.0,0.0,0.0,0.0,0.0
2025-10-27,28284.0,28291.0,28079.0,28291.0,28079.0,28291.0,28079.0,212.0,334.35254593050104,0.0,0.0,0.0,0.0,0.0,0.0,0.0,0.0,0.0,0.935172184096178,0.0,升壓,極高>24,False,0.2,1.0,0.0,0.4,0.4,4.0,0.3,0.2,0.45,9.0,0.25,0.1,0.0,0.0,0.0,0.0,0.0,0.0,0.0,0.0,0.0
2025-10-28,28233.0,28250.0,27984.0,28250.0,28042.0,28250.0,27996.0,266.0,322.6999225085486,0.0,0.0,0.0,0.0,0.0,0.0,0.0,0.0,0.0,0.7790596728288107,1.0,升壓,極高>24,False,0.2,1.0,0.0,0.4,0.4,4.0,0.3,0.2,0.4,8.0,0.25,0.1,0.0,0.0,0.0,0.0,0.0,0.0,0.0,0.0,0.0
2025-10-29,28225.0,28446.0,28203.0,28410.0,28203.0,28446.0,28203.0,243.0,317.2999298886868,0.0,0.0,0.0,0.0,0.0,0.0,0.0,0.0,0.0,0.9518451357764819,0.0,升壓,極高>24,False,0.0,0.0,0.0,0.6,0.3,3.0,0.2,0.3,0.35,7.0,0.2,0.15,0.0,0.0,0.0,0.0,0.0,0.0,0.1,0.0,0.0
2025-10-30,28430.0,28552.0,28181.0,28552.0,28292.0,28552.0,28292.0,371.0,310.22374608976423,0.0,0.0,0.0,0.0,0.0,0.0,0.0,0.0,0.0,0.8276881077122656,0.0,升壓,極高>24,False,0.0,0.0,0.0,0.4,0.2,2.0,0.1,0.3,0.35,7.0,0.2,0.15,0.0,0.0,0.0,0.0,0.0,0.0,0.1,0.0,0.0
2025-10-31,28478.0,28588.0,28378.0,28588.0,28424.0,28588.0,28378.0,210.0,316.0119607478819,0.0,0.0,0.0,0.0,0.0,0.0,0.0,0.0,0.0,0.7586228690794968,1.0,降壓,極高>24,False,0.0,0.0,0.0,0.2,0.1,1.0,0.0,0.3,0.3,6.0,0.15,0.15,0.0,0.0,0.0,0.0,0.0,0.0,0.1,0.0,0.0
2025-11-03,28380.0,28583.0,28229.0,28583.0,28364.0,28583.0,28239.0,354.0,305.9155835337979,0.0,0.0,0.0,0.0,0.0,0.0,0.0,0.0,0.0,1.0048469639741981,0.0,升壓,極高>24,False,0.0,0.0,0.0,0.4,0.1,1.0,0.0,0.4,0.3,6.0,0.15,0.2,0.0,0.0,0.0,0.0,0.0,0.0,0.1,0.0,0.0
2025-11-04,28410.0,28594.0,28113.0,28594.0,28311.0,28594.0,28206.0,481.0,310.49505176867433,0.0,0.0,0.0,0.0,0.0,0.0,0.0,0.0,0.0,0.9750344615550703,0.0,升壓,極高>24,False,0.0,0.0,0.0,0.4,0.1,1.0,0.0,0.4,0.25,5.0,0.15,0.2,0.0,0.0,0.0,0.0,0.0,0.0,0.1,0.0,1.0
2025-11-05,27710.0,27850.0,27415.0,27828.0,27415.0,27828.0,27415.0,435.0,326.7336182668958,0.0,0.0,0.0,0.0,0.0,0.0,0.0,0.0,0.0,1.055808461716745,0.0,升壓,極高>24,False,0.0,0.0,0.0,0.2,0.0,0.0,0.0,0.4,0.25,5.0,0.15,0.2,0.0,0.0,0.0,0.0,0.2,0.0,0.2,0.1,1.0
2025-11-06,28010.0,28141.0,27903.0,28049.0,27903.0,28141.0,27903.0,238.0,337.0447022414771,0.0,0.0,0.0,0.0,0.0,0.0,0.0,0.0,0.0,1.3363562086411676,0.0,升壓,極高>24,False,0.0,0.0,0.0,0.2,0.0,0.0,0.0,0.3,0.2,4.0,0.15,0.2,0.0,0.0,0.0,0.0,0.2,0.0,0.2,0.1,1.0
2025-11-07,27777.0,27838.0,27596.0,27838.0,27596.0,27838.0,27596.0,242.0,327.61187345657453,0.0,0.0,0.0,0.0,0.0,0.0,0.0,0.0,0.0,1.6445873422499047,0.0,升壓,極高>24,False,0.0,0.0,0.0,0.2,0.0,0.0,0.0,0.2,0.2,4.0,0.15,0.2,0.0,0.0,0.3333333333333333,0.0,0.2,0.0,0.2,0.1,0.0
2025-11-10,27777.0,28039.0,27718.0,27902.0,27718.0,27934.0,27718.0,321.0,319.4583616988055,0.0,0.0,0.0,0.0,0.0,0.0,0.0,0.0,0.0,1.9501908602808842,0.0,降壓,極高>24,False,0.0,0.0,0.0,0.0,0.0,0.0,0.0,0.2,0.2,4.0,0.15,0.2,0.0,0.0,0.3333333333333333,0.0,0.2,0.0,0.3,0.1,0.0
2025-11-11,28149.0,28180.0,27762.0,28180.0,27951.0,28180.0,27951.0,418.0,319.60518439415733,0.0,1.0,0.0,0.0,1.0,0.0,0.0,0.0,0.0,0.8547083926558268,0.0,升壓,極高>24,False,0.0,0.0,0.0,0.0,0.0,0.0,0.0,0.2,0.2,4.0,0.15,0.2,1.0,0.0,0.3333333333333333,0.0,0.2,0.0,0.3,0.1,1.0
2025-11-12,27889.0,28078.0,27858.0,28060.0,27858.0,28063.0,27858.0,220.0,328.9761192137614,0.0,0.0,0.0,0.0,0.0,0.0,0.0,0.0,0.0,0.7645739828543647,1.0,降壓,極高>24,False,0.2,1.0,0.0,0.0,0.1,1.0,0.0,0.1,0.2,4.0,0.1,0.2,0.0,0.0,0.0,0.0,0.2,0.2,0.2,0.1,0.0
2025-11-13,28038.0,28044.0,27802.0,28044.0,27802.0,28044.0,27802.0,242.0,318.5974411934032,0.0,0.0,0.0,0.0,0.0,0.0,0.0,0.0,0.0,0.5618769195534935,1.0,降壓,極高>24,False,0.2,1.0,0.0,0.2,0.1,1.0,0.0,0.2,0.15,3.0,0.05,0.25,0.0,0.0,0.0,0.0,0.2,0.2,0.2,0.1,0.0
2025-11-14,27510.0,27596.0,27366.0,27533.0,27380.0,27596.0,27380.0,230.0,311.3024467940315,0.0,0.0,0.0,0.0,0.0,0.0,0.0,0.0,0.0,1.8857251305632698,0.0,升壓,極高>24,False,0.2,1.0,0.0,0.4,0.1,1.0,0.0,0.3,0.1,2.0,0.0,0.3,0.0,0.0,0.3333333333333333,0.3333333333333333,0.2,0.2,0.2,0.1,0.0
2025-11-17,27570.0,27690.0,27465.0,27690.0,27487.0,27690.0,27487.0,225.0,303.55935662317137,0.0,0.0,0.0,0.0,0.0,0.0,0.0,0.0,0.0,1.755333077978972,0.0,升壓,極高>24,False,0.2,1.0,0.0,0.4,0.1,1.0,0.0,0.2,0.1,2.0,0.0,0.3,0.0,0.0,0.3333333333333333,0.3333333333333333,0.4,0.2,0.2,0.1,0.0
2025-11-18,27142.0,27298.0,26772.0,27298.0,27040.0,27298.0,26858.0,526.0,296.0775131352503,0.0,1.0,0.0,1.0,1.0,1.0,0.0,0.0,0.0,1.2851858216818646,0.0,升壓,極高>24,False,0.2,1.0,0.0,0.4,0.1,1.0,0.0,0.2,0.1,2.0,0.0,0.3,1.0,1.0,0.3333333333333333,0.3333333333333333,0.4,0.2,0.2,0.1,1.0
2025-11-19,26801.0,26919.0,26559.0,26919.0,26721.0,26919.0,26617.0,360.0,317.97489283665504,0.0,0.0,0.0,0.0,0.0,0.0,0.0,0.0,0.0,0.8045207196492792,0.0,升壓,極高>24,False,0.2,1.0,0.2,0.4,0.2,2.0,0.1,0.2,0.1,2.0,0.05,0.3,0.0,0.0,0.3333333333333333,0.0,0.2,0.0,0.1,0.0,1.0
2025-11-20,27308.0,27492.0,27201.0,27481.0,27206.0,27481.0,27201.0,291.0,321.97728399506883,0.0,0.0,0.0,0.0,0.0,0.0,0.0,0.0,0.0,1.0435883741434633,0.0,升壓,極高>24,False,0.2,1.0,0.2,0.2,0.2,2.0,0.1,0.2,0.1,2.0,0.05,0.25,0.0,0.0,0.3333333333333333,0.0,0.2,0.0,0.1,0.0,1.0
2025-11-21,26750.0,26770.0,26397.0,26770.0,26524.0,26770.0,26498.0,373.0,319.0270664717289,0.0,1.0,0.0,0.0,1.0,0.0,0.0,0.0,0.0,2.1336421727737562,0.0,升壓,極高>24,False,0.2,1.0,0.2,0.0,0.2,2.0,0.1,0.2,0.1,2.0,0.05,0.2,1.0,0.0,0.3333333333333333,0.0,0.2,0.0,0.1,0.0,1.0
2025-11-24,26705.0,26730.0,26536.0,26730.0,26536.0,26730.0,26536.0,194.0,324.16734585537375,0.0,0.0,0.0,0.0,0.0,0.0,0.0,0.0,0.0,1.2544361839195086,0.0,升壓,極高>24,False,0.4,2.0,0.2,0.0,0.3,3.0,0.1,0.2,0.15,3.0,0.05,0.2,0.0,0.0,0.0,0.0,0.0,0.0,0.0,0.0,0.0
2025-11-25,27055.0,27105.0,26773.0,27105.0,26846.0,27105.0,26846.0,332.0,311.7704557739096,0.0,0.0,0.0,0.0,0.0,0.0,0.0,0.0,0.0,1.3218557488231977,0.0,升壓,極高>24,False,0.4,2.0,0.2,0.0,0.3,3.0,0.1,0.2,0.15,3.0,0.05,0.2,0.0,0.0,0.0,0.0,0.0,0.0,0.0,0.0,0.0
2025-11-26,27188.0,27384.0,27133.0,27384.0,27133.0,27384.0,27133.0,251.0,313.69707903353725,0.0,0.0,0.0,0.0,0.0,0.0,0.0,0.0,0.0,1.1412269243882114,0.0,降壓,極高>24,False,0.2,1.0,0.0,0.0,0.2,2.0,0.1,0.2,0.15,3.0,0.05,0.15,0.0,0.0,0.0,0.0,0.0,0.0,0.0,0.0,0.0
2025-11-27,27518.0,27649.0,27461.0,27645.0,27476.0,27649.0,27476.0,188.0,307.7259286493908,0.0,0.0,0.0,0.0,0.0,0.0,0.0,0.0,0.0,0.6126894363154026,1.0,降壓,高18-24,False,0.2,1.0,0.0,0.0,0.2,2.0,0.1,0.1,0.15,3.0,0.05,0.15,0.0,0.0,0.0,0.0,0.0,0.0,0.0,0.0,0.0
2025-11-28,27590.0,27854.0,27558.0,27747.0,27558.0,27784.0,27558.0,296.0,296.3234592542108,0.0,0.0,0.0,0.0,0.0,0.0,0.0,0.0,0.0,0.14258649062803228,1.0,降壓,高18-24,False,0.2,1.0,0.0,0.2,0.2,2.0,0.1,0.1,0.15,3.0,0.05,0.2,0.0,0.0,0.0,0.0,0.0,0.0,0.1,0.1,0.0
2025-12-01,27650.0,27674.0,27401.0,27674.0,27485.0,27674.0,27485.0,273.0,296.2926536109526,0.0,0.0,0.0,0.0,0.0,0.0,0.0,0.0,0.0,0.40846691939324176,1.0,降壓,極高>24,False,0.0,0.0,0.0,0.4,0.2,2.0,0.1,0.2,0.15,3.0,0.05,0.2,0.0,0.0,0.0,0.0,0.0,0.0,0.1,0.1,0.0
2025-12-02,27674.0,27789.0,27528.0,27789.0,27615.0,27789.0,27558.0,261.0,294.0743056480047,0.0,0.0,0.0,0.0,0.0,0.0,0.0,0.0,0.0,0.8353289918385121,0.0,降壓,極高>24,False,0.0,0.0,0.0,0.6,0.2,2.0,0.1,0.3,0.15,3.0,0.05,0.25,0.0,0.0,0.0,0.0,0.0,0.0,0.1,0.1,0.0
2025-12-03,27808.0,27888.0,27690.0,27888.0,27762.0,27888.0,27690.0,198.0,290.9243717767662,0.0,0.0,0.0,0.0,0.0,0.0,0.0,0.0,0.0,0.7380580222936713,1.0,降壓,高18-24,False,0.0,0.0,0.0,0.6,0.1,1.0,0.0,0.3,0.15,3.0,0.05,0.25,0.0,0.0,0.0,0.0,0.0,0.0,0.1,0.1,0.0
2025-12-04,27841.0,27880.0,27670.0,27880.0,27719.0,27880.0,27716.0,210.0,282.07443160755037,0.0,0.0,0.0,0.0,0.0,0.0,0.0,0.0,0.0,0.6593565573677088,1.0,降壓,高18-24,False,0.0,0.0,0.0,0.8,0.1,1.0,0.0,0.4,0.15,3.0,0.05,0.3,0.0,0.0,0.0,0.0,0.0,0.0,0.1,0.1,0.0
2025-12-05,27792.0,28019.0,27763.0,27935.0,27763.0,27935.0,27763.0,256.0,275.2102000258789,0.0,0.0,0.0,0.0,0.0,0.0,0.0,0.0,0.0,0.4143305964768788,1.0,降壓,高18-24,False,0.0,0.0,0.0,0.8,0.1,1.0,0.0,0.5,0.15,3.0,0.05,0.35,0.0,0.0,0.0,0.0,0.2,0.2,0.1,0.1,0.0
2025-12-08,28054.0,28298.0,28019.0,28222.0,28019.0,28255.0,28019.0,279.0,273.3806571662714,0.0,0.0,0.0,0.0,0.0,0.0,0.0,0.0,0.0,0.6062456208831656,1.0,降壓,高18-24,False,0.0,0.0,0.0,0.8,0.0,0.0,0.0,0.6,0.15,3.0,0.05,0.4,0.0,0.0,0.0,0.0,0.2,0.2,0.1,0.1,0.0
2025-12-09,28350.0,28360.0,28204.0,28360.0,28230.0,28360.0,28207.0,156.0,273.91583267424556,0.0,0.0,0.0,0.0,0.0,0.0,0.0,0.0,0.0,0.49489459883610487,1.0,降壓,高18-24,False,0.0,0.0,0.0,0.8,0.0,0.0,0.0,0.7,0.15,3.0,0.05,0.45,0.0,0.0,0.3333333333333333,0.3333333333333333,0.2,0.2,0.1,0.1,0.0
2025-12-10,28279.0,28434.0,28252.0,28366.0,28252.0,28381.0,28252.0,182.0,262.68575337193647,0.0,0.0,0.0,0.0,0.0,0.0,0.0,0.0,0.0,0.564017892252756,1.0,降壓,高18-24,False,0.0,0.0,0.0,1.0,0.0,0.0,0.0,0.8,0.1,2.0,0.05,0.5,0.0,0.0,0.3333333333333333,0.3333333333333333,0.2,0.2,0.1,0.1,0.0
2025-12-11,28600.0,28602.0,28059.0,28602.0,28279.0,28602.0,28059.0,543.0,255.0013959079425,0.0,1.0,0.0,1.0,1.0,1.0,1.0,1.0,1.0,1.1769032869492049,0.0,升壓,高18-24,False,0.0,0.0,0.0,1.0,0.0,0.0,0.0,0.9,0.1,2.0,0.05,0.5,1.0,1.0,0.3333333333333333,0.3333333333333333,0.2,0.2,0.1,0.1,1.0
2025-12-12,28266.0,28342.0,28157.0,28342.0,28245.0,28342.0,28192.0,185.0,282.4298343929004,0.0,0.0,0.0,0.0,0.0,0.0,0.0,0.0,0.0,0.8147085614365212,0.0,升壓,高18-24,False,0.2,1.0,0.2,0.8,0.1,1.0,0.1,0.8,0.15,3.0,0.1,0.45,0.0,0.0,0.0,0.0,0.0,0.0,0.0,0.0,1.0
2025-12-15,27834.0,27984.0,27755.0,27972.0,27755.0,27984.0,27755.0,229.0,273.1508025459575,0.0,0.0,0.0,0.0,0.0,0.0,0.0,0.0,0.0,2.050322244329544,0.0,降壓,高18-24,False,0.2,1.0,0.2,0.6,0.1,1.0,0.1,0.7,0.15,3.0,0.1,0.45,0.0,0.0,0.0,0.0,0.0,0.0,0.1,0.0,0.0
2025-12-16,27630.0,27689.0,27411.0,27683.0,27458.0,27683.0,27411.0,278.0,268.9459642082473,0.0,0.0,0.0,0.0,0.0,0.0,0.0,0.0,0.0,1.0860151908150595,0.0,降壓,高18-24,False,0.2,1.0,0.2,0.4,0.1,1.0,0.1,0.6,0.15,3.0,0.1,0.45,0.0,0.0,0.0,0.0,0.0,0.0,0.1,0.0,0.0
2025-12-17,27714.0,27858.0,27591.0,27824.0,27695.0,27856.0,27695.0,267.0,269.8082533312714,0.0,0.0,0.0,0.0,0.0,0.0,0.0,0.0,0.0,0.7003224751531071,1.0,降壓,高18-24,False,0.2,1.0,0.2,0.2,0.1,1.0,0.1,0.6,0.1,2.0,0.05,0.45,0.0,0.0,0.0,0.0,0.0,0.0,0.1,0.0,0.0
2025-12-18,27500.0,27679.0,27457.0,27679.0,27464.0,27679.0,27457.0,222.0,269.540800633055,0.0,0.0,0.0,0.0,0.0,0.0,0.0,0.0,0.0,1.8725004595767234,0.0,降壓,高18-24,False,0.2,1.0,0.2,0.2,0.1,1.0,0.1,0.6,0.1,2.0,0.05,0.5,0.0,0.0,0.0,0.0,0.0,0.0,0.2,0.1,0.0
2025-12-19,27800.0,27983.0,27795.0,27943.0,27795.0,27983.0,27795.0,188.0,265.0131053346688,0.0,0.0,0.0,0.0,0.0,0.0,0.0,0.0,0.0,0.9476196807749383,0.0,降壓,高18-24,False,0.0,0.0,0.0,0.2,0.1,1.0,0.1,0.5,0.1,2.0,0.05,0.5,0.0,0.0,0.0,0.0,0.0,0.0,0.3,0.2,0.0
2025-12-22,28256.0,28368.0,28170.0,28304.0,28170.0,28368.0,28170.0,198.0,257.67852387422414,0.0,0.0,0.0,0.0,0.0,0.0,0.0,0.0,0.0,0.9013508210898483,0.0,降壓,高18-24,False,0.0,0.0,0.0,0.2,0.1,1.0,0.1,0.4,0.05,1.0,0.05,0.5,0.0,0.0,0.0,0.0,0.2,0.0,0.4,0.3,0.0
2025-12-23,28392.0,28455.0,28359.0,28455.0,28359.0,28455.0,28359.0,96.0,251.99485493382184,0.0,0.0,0.0,0.0,0.0,0.0,0.0,0.0,0.0,0.31760641951354546,1.0,降壓,低<18,False,0.0,0.0,0.0,0.2,0.1,1.0,0.1,0.3,0.05,1.0,0.05,0.5,0.0,0.0,0.0,0.0,0.2,0.0,0.4,0.3,0.0
2025-12-24,28565.0,28577.0,28400.0,28577.0,28409.0,28577.0,28405.0,177.0,237.13820208298168,0.0,0.0,0.0,0.0,0.0,0.0,0.0,0.0,0.0,0.6916054608042627,1.0,降壓,低<18,False,0.0,0.0,0.0,0.4,0.1,1.0,0.1,0.3,0.05,1.0,0.05,0.55,0.0,0.0,0.3333333333333333,0.0,0.2,0.0,0.5,0.3,0.0
2025-12-26,28595.0,28714.0,28536.0,28681.0,28536.0,28714.0,28536.0,178.0,231.41075426555486,0.0,0.0,0.0,0.0,0.0,0.0,0.0,0.0,0.0,0.34996100062010194,1.0,降壓,低<18,False,0.0,0.0,0.0,0.4,0.1,1.0,0.1,0.3,0.05,1.0,0.05,0.6,0.0,0.0,0.3333333333333333,0.0,0.4,0.2,0.6,0.4,0.0
2025-12-29,28749.0,28998.0,28713.0,28929.0,28713.0,28929.0,28713.0,285.0,226.32401576407344,1.0,0.0,0.0,0.0,1.0,0.0,0.0,0.0,0.0,0.39994329501240483,1.0,降壓,低<18,False,0.0,0.0,0.0,0.6,0.0,0.0,0.0,0.4,0.05,1.0,0.05,0.6,1.0,0.0,0.3333333333333333,0.0,0.6,0.4,0.6,0.4,0.0
2025-12-30,28777.0,28942.0,28705.0,28845.0,28705.0,28863.0,28705.0,237.0,231.91220473892358,0.0,0.0,0.0,0.0,0.0,0.0,0.0,0.0,0.0,0.8519340018619505,0.0,降壓,低<18,False,0.2,1.0,0.0,0.8,0.1,1.0,0.0,0.5,0.1,2.0,0.05,0.6,0.0,0.0,0.3333333333333333,0.3333333333333333,0.6,0.6,0.6,0.5,0.0
2025-12-31,28842.0,29053.0,28782.0,28953.0,28782.0,29015.0,28782.0,271.0,232.3967566685499,0.0,0.0,0.0,0.0,0.0,0.0,0.0,0.0,0.0,0.6724945973962966,1.0,升壓,高18-24,False,0.2,1.0,0.0,0.8,0.1,1.0,0.0,0.5,0.1,2.0,0.05,0.55,0.0,0.0,0.6666666666666666,0.6666666666666666,0.6,0.6,0.6,0.5,1.0
2026-01-02,29047.0,29500.0,29026.0,29384.0,29026.0,29454.0,29026.0,474.0,236.0732560334499,1.0,0.0,1.0,0.0,1.0,1.0,1.0,1.0,1.0,0.5859186730978069,1.0,升壓,高18-24,False,0.2,1.0,0.0,0.8,0.1,1.0,0.0,0.6,0.1,2.0,0.05,0.6,1.0,1.0,1.0,1.0,0.8,0.6,0.6,0.5,1.0
2026-01-05,29888.0,30487.0,29850.0,30385.0,29850.0,30487.0,29850.0,637.0,258.73294593502607,1.0,0.0,1.0,0.0,1.0,1.0,1.0,1.0,1.0,1.293766070210449,0.0,升壓,高18-24,False,0.4,2.0,0.2,0.8,0.2,2.0,0.1,0.6,0.15,3.0,0.1,0.6,1.0,1.0,0.6666666666666666,0.6666666666666666,0.8,0.6,0.5,0.4,1.0
2026-01-06,30271.0,30672.0,30183.0,30413.0,30183.0,30596.0,30183.0,489.0,294.75837965549977,1.0,0.0,1.0,0.0,1.0,1.0,1.0,0.0,0.0,0.7899036261050305,1.0,升壓,高18-24,False,0.6,3.0,0.4,0.6,0.3,3.0,0.2,0.6,0.2,4.0,0.15,0.55,1.0,1.0,0.6666666666666666,0.3333333333333333,0.6,0.4,0.5,0.4,1.0
2026-01-07,30609.0,30676.0,30448.0,30642.0,30448.0,30676.0,30448.0,228.0,313.2575815930712,0.0,0.0,0.0,0.0,0.0,0.0,0.0,0.0,0.0,0.8098882681879809,0.0,升壓,高18-24,False,0.6,3.0,0.6,0.6,0.4,4.0,0.3,0.7,0.25,5.0,0.2,0.55,0.0,0.0,0.6666666666666666,0.3333333333333333,0.6,0.4,0.4,0.3,1.0
2026-01-08,30362.0,30663.0,30353.0,30663.0,30353.0,30663.0,30353.0,310.0,305.1378119175406,1.0,0.0,0.0,0.0,1.0,0.0,1.0,0.0,1.0,1.1665345413782353,0.0,升壓,高18-24,False,0.6,3.0,0.6,0.6,0.4,4.0,0.3,0.7,0.25,5.0,0.2,0.5,1.0,0.0,0.6666666666666666,0.3333333333333333,0.6,0.4,0.5,0.3,1.0
2026-01-09,30450.0,30578.0,30005.0,30465.0,30005.0,30578.0,30005.0,573.0,305.6008774492034,0.0,1.0,0.0,1.0,1.0,1.0,1.0,1.0,1.0,0.9975319497964096,0.0,升壓,高18-24,False,0.8,4.0,0.6,0.4,0.5,5.0,0.3,0.6,0.3,6.0,0.2,0.45,1.0,1.0,0.6666666666666666,0.6666666666666666,0.4,0.4,0.4,0.3,1.0
2026-01-12,30717.0,30763.0,30555.0,30753.0,30555.0,30753.0,30555.0,208.0,331.06746054927925,0.0,0.0,0.0,0.0,0.0,0.0,0.0,0.0,0.0,1.635872945179788,0.0,升壓,高18-24,False,0.8,4.0,0.6,0.2,0.6,6.0,0.4,0.5,0.35,7.0,0.25,0.4,0.0,0.0,0.3333333333333333,0.3333333333333333,0.2,0.2,0.3,0.2,1.0
2026-01-13,31067.0,31252.0,30626.0,31252.0,30626.0,31252.0,30626.0,626.0,319.3467500207765,0.0,1.0,0.0,1.0,1.0,1.0,1.0,1.0,1.0,1.6591499223151542,0.0,升壓,高18-24,False,0.6,3.0,0.4,0.2,0.6,6.0,0.4,0.4,0.3,6.0,0.2,0.4,1.0,1.0,0.3333333333333333,0.3333333333333333,0.4,0.4,0.3,0.2,1.0
2026-01-14,31000.0,31162.0,30937.0,31162.0,30937.0,31162.0,30937.0,225.0,348.5518214473692,0.0,0.0,0.0,0.0,0.0,0.0,0.0,0.0,0.0,0.9332571484346979,0.0,升壓,高18-24,False,0.6,3.0,0.4,0.0,0.6,6.0,0.5,0.3,0.35,7.0,0.25,0.4,0.0,0.0,0.0,0.0,0.2,0.2,0.2,0.1,1.0
2026-01-15,30831.0,31057.0,30744.0,30942.0,30780.0,30942.0,30751.0,313.0,336.78498130952454,0.0,0.0,0.0,0.0,0.0,0.0,0.0,0.0,0.0,1.1498628479008086,0.0,升壓,高18-24,False,0.6,3.0,0.4,0.0,0.6,6.0,0.5,0.3,0.35,7.0,0.25,0.4,0.0,0.0,0.3333333333333333,0.3333333333333333,0.4,0.2,0.2,0.1,1.0
2026-01-16,31382.0,31536.0,31157.0,31424.0,31157.0,31445.0,31157.0,379.0,334.51974499433175,0.0,0.0,0.0,0.0,0.0,0.0,0.0,0.0,0.0,1.443487240845647,0.0,升壓,高18-24,False,0.4,2.0,0.4,0.0,0.6,6.0,0.5,0.2,0.35,7.0,0.25,0.4,0.0,0.0,0.3333333333333333,0.3333333333333333,0.4,0.2,0.3,0.2,1.0
2026-01-19,31272.0,31774.0,31208.0,31487.0,31208.0,31562.0,31208.0,566.0,338.75595975677635,1.0,0.0,1.0,0.0,1.0,1.0,0.0,0.0,0.0,0.7774234081921946,1.0,升壓,高18-24,False,0.2,1.0,0.2,0.0,0.5,5.0,0.4,0.1,0.35,7.0,0.25,0.35,1.0,1.0,0.6666666666666666,0.3333333333333333,0.4,0.2,0.4,0.2,1.0
2026-01-20,31481.0,31742.0,31328.0,31663.0,31328.0,31742.0,31328.0,414.0,360.39824930375005,0.0,0.0,0.0,0.0,0.0,0.0,0.0,0.0,0.0,0.5506424012112836,1.0,升壓,高18-24,False,0.4,2.0,0.4,0.2,0.5,5.0,0.4,0.2,0.4,8.0,0.3,0.4,0.0,0.0,0.3333333333333333,0.0,0.2,0.0,0.4,0.2,1.0
2026-01-21,31437.0,31802.0,31377.0,31802.0,31437.0,31802.0,31437.0,425.0,365.50317794148816,1.0,0.0,0.0,0.0,1.0,0.0,1.0,0.0,1.0,1.3562220011272121,0.0,升壓,高18-24,False,0.2,1.0,0.2,0.4,0.4,4.0,0.3,0.2,0.4,8.0,0.3,0.45,1.0,0.0,0.3333333333333333,0.0,0.2,0.0,0.5,0.2,1.0
2026-01-22,31876.0,32057.0,31783.0,32057.0,31833.0,32057.0,31833.0,274.0,371.16954194706074,0.0,0.0,0.0,0.0,0.0,0.0,0.0,0.0,0.0,1.8006654199178542,0.0,升壓,高18-24,False,0.4,2.0,0.2,0.4,0.5,5.0,0.3,0.2,0.45,9.0,0.3,0.45,0.0,0.0,0.0,0.0,0.0,0.0,0.4,0.2,1.0
2026-01-23,31995.0,32166.0,31873.0,32156.0,31873.0,32156.0,31873.0,293.0,361.91529985686446,0.0,0.0,0.0,0.0,0.0,0.0,0.0,0.0,0.0,0.9211373238638205,0.0,降壓,高18-24,False,0.4,2.0,0.2,0.4,0.4,4.0,0.3,0.2,0.45,9.0,0.3,0.4,0.0,0.0,0.0,0.0,0.2,0.2,0.4,0.2,0.0
2026-01-26,32128.0,32231.0,32086.0,32228.0,32086.0,32231.0,32086.0,145.0,355.3519379657345,0.0,0.0,0.0,0.0,0.0,0.0,0.0,0.0,0.0,0.6534638622105875,1.0,降壓,高18-24,False,0.4,2.0,0.2,0.4,0.3,3.0,0.2,0.2,0.45,9.0,0.3,0.35,0.0,0.0,0.0,0.0,0.4,0.2,0.5,0.2,0.0
2026-01-27,32313.0,32532.0,32206.0,32508.0,32206.0,32528.0,32206.0,326.0,335.318420064236,0.0,0.0,0.0,0.0,0.0,0.0,0.0,0.0,0.0,1.0773088841799796,0.0,升壓,高18-24,False,0.2,1.0,0.0,0.4,0.3,3.0,0.2,0.3,0.45,9.0,0.3,0.35,0.0,0.0,0.3333333333333333,0.3333333333333333,0.6,0.4,0.5,0.2,0.0
2026-01-28,32758.0,32938.0,32668.0,32838.0,32668.0,32838.0,32668.0,270.0,334.43095148668976,0.0,0.0,0.0,0.0,0.0,0.0,0.0,0.0,0.0,0.76804870193216,1.0,升壓,高18-24,False,0.2,1.0,0.0,0.2,0.2,2.0,0.1,0.3,0.4,8.0,0.3,0.3,0.0,0.0,0.6666666666666666,0.3333333333333333,0.8,0.4,0.6,0.2,0.0
2026-01-29,33014.0,33014.0,32587.0,33014.0,32610.0,33014.0,32587.0,427.0,328.2946703927193,0.0,1.0,0.0,1.0,1.0,1.0,1.0,1.0,1.0,1.0140589890003702,0.0,升壓,高18-24,False,0.0,0.0,0.0,0.4,0.2,2.0,0.1,0.4,0.4,8.0,0.3,0.35,1.0,1.0,1.0,0.6666666666666666,0.8,0.4,0.7,0.3,0.0
2026-01-30,32456.0,32526.0,32092.0,32526.0,32102.0,32526.0,32092.0,434.0,337.6951779743651,0.0,1.0,0.0,0.0,1.0,0.0,1.0,0.0,1.0,2.6608275662068657,0.0,升壓,極高>24,False,0.2,1.0,0.2,0.4,0.3,3.0,0.2,0.4,0.45,9.0,0.35,0.3,1.0,0.0,1.0,0.3333333333333333,0.6,0.2,0.6,0.2,1.0
2026-02-02,31888.0,31964.0,31392.0,31964.0,31455.0,31964.0,31438.0,572.0,346.86706578633033,0.0,1.0,0.0,1.0,1.0,1.0,1.0,1.0,1.0,1.731647440147099,0.0,升壓,極高>24,False,0.4,2.0,0.2,0.4,0.4,4.0,0.2,0.4,0.45,9.0,0.3,0.25,1.0,1.0,0.6666666666666666,0.3333333333333333,0.6,0.2,0.6,0.3,1.0
2026-02-03,32386.0,32446.0,32004.0,32446.0,32004.0,32446.0,32004.0,442.0,368.3082976162036,0.0,1.0,0.0,0.0,1.0,0.0,1.0,0.0,1.0,1.9260517523362997,0.0,升壓,極高>24,False,0.6,3.0,0.4,0.2,0.4,4.0,0.2,0.3,0.45,9.0,0.3,0.25,1.0,0.0,0.3333333333333333,0.0,0.4,0.0,0.6,0.2,1.0
2026-02-04,32110.0,32475.0,32034.0,32475.0,32034.0,32475.0,32034.0,441.0,375.326554986089,0.0,0.0,0.0,0.0,0.0,0.0,0.0,0.0,0.0,1.8607798969277622,0.0,升壓,極高>24,False,0.8,4.0,0.4,0.2,0.5,5.0,0.2,0.2,0.45,9.0,0.25,0.2,0.0,0.0,0.3333333333333333,0.0,0.4,0.0,0.5,0.2,1.0
2026-02-05,31970.0,32166.0,31798.0,32166.0,31893.0,32166.0,31840.0,368.0,381.5811687969377,0.0,0.0,0.0,0.0,0.0,0.0,0.0,0.0,0.0,1.9194522647414347,0.0,升壓,極高>24,False,0.8,4.0,0.4,0.0,0.4,4.0,0.2,0.2,0.45,9.0,0.25,0.2,0.0,0.0,0.3333333333333333,0.0,0.6,0.2,0.6,0.3,1.0
2026-02-06,31458.0,31883.0,31220.0,31830.0,31220.0,31883.0,31220.0,663.0,380.28772414961026,1.0,0.0,0.0,0.0,1.0,0.0,1.0,0.0,1.0,1.1849480601950775,0.0,升壓,極高>24,False,0.6,3.0,0.2,0.0,0.4,4.0,0.2,0.2,0.4,8.0,0.25,0.2,1.0,0.0,0.6666666666666666,0.0,0.6,0.2,0.7,0.4,1.0
2026-02-09,32824.0,32836.0,32515.0,32836.0,32515.0,32836.0,32515.0,321.0,407.21270280202833,0.0,0.0,0.0,0.0,0.0,0.0,0.0,0.0,0.0,1.826608887248465,0.0,升壓,極高>24,False,0.6,3.0,0.2,0.0,0.5,5.0,0.2,0.2,0.4,8.0,0.2,0.2,0.0,0.0,0.6666666666666666,0.3333333333333333,0.6,0.4,0.7,0.5,1.0
2026-02-10,32906.0,33309.0,32879.0,33147.0,32879.0,33147.0,32879.0,430.0,399.00196920183515,1.0,0.0,0.0,0.0,1.0,0.0,0.0,0.0,0.0,1.0319462722922308,0.0,升壓,極高>24,False,0.4,2.0,0.0,0.0,0.5,5.0,0.2,0.1,0.4,8.0,0.2,0.2,1.0,0.0,0.6666666666666666,0.3333333333333333,0.8,0.4,0.7,0.5,1.0
2026-02-11,33349.0,33843.0,33272.0,33645.0,33272.0,33835.0,33272.0,571.0,401.9541626111842,1.0,0.0,1.0,0.0,1.0,1.0,1.0,0.0,0.0,0.5267235267086982,1.0,升壓,極高>24,False,0.4,2.0,0.0,0.0,0.6,6.0,0.2,0.1,0.4,8.0,0.15,0.2,1.0,1.0,0.6666666666666666,0.6666666666666666,0.6,0.4,0.6,0.5,1.0
2026-02-23,34183.0,34507.0,33836.0,34507.0,34089.0,34507.0,34089.0,671.0,418.0537661720238,0.0,0.0,0.0,0.0,0.0,0.0,0.0,0.0,0.0,0.761902510413466,1.0,升壓,極高>24,False,0.6,3.0,0.2,0.2,0.7,7.0,0.3,0.1,0.45,9.0,0.2,0.25,0.0,0.0,0.6666666666666666,0.3333333333333333,0.6,0.4,0.5,0.4,1.0
2026-02-24,34125.0,34956.0,34100.0,34823.0,34100.0,34858.0,34100.0,856.0,442.1438836794501,1.0,0.0,1.0,0.0,1.0,1.0,1.0,1.0,1.0,0.9643245080811468,0.0,升壓,極高>24,False,0.6,3.0,0.2,0.4,0.6,6.0,0.2,0.2,0.45,9.0,0.2,0.3,1.0,1.0,0.6666666666666666,0.3333333333333333,0.8,0.6,0.6,0.5,1.0
2026-02-25,35243.0,35777.0,35065.0,35580.0,35065.0,35777.0,35065.0,712.0,481.5587519004548,1.0,0.0,0.0,0.0,1.0,0.0,1.0,0.0,0.0,1.161134556983506,0.0,升壓,極高>24,False,0.6,3.0,0.4,0.4,0.6,6.0,0.3,0.2,0.5,10.0,0.25,0.3,1.0,0.0,0.6666666666666666,0.3333333333333333,0.8,0.6,0.6,0.4,1.0
2026-02-26,35522.0,35755.0,35348.0,35653.0,35348.0,35755.0,35348.0,407.0,503.50553743374485,0.0,0.0,0.0,0.0,0.0,0.0,0.0,0.0,0.0,0.5737987558690757,1.0,升壓,極高>24,False,0.8,4.0,0.4,0.4,0.6,6.0,0.2,0.2,0.5,10.0,0.2,0.25,0.0,0.0,0.6666666666666666,0.6666666666666666,0.6,0.6,0.5,0.4,1.0
2026-03-02,34744.0,35495.0,34722.0,35495.0,34722.0,35495.0,34722.0,773.0,494.3145338686263,1.0,0.0,1.0,0.0,1.0,1.0,1.0,1.0,1.0,2.0263449319570146,0.0,升壓,極高>24,False,0.6,3.0,0.4,0.6,0.5,5.0,0.2,0.3,0.5,10.0,0.2,0.25,1.0,1.0,1.0,1.0,0.6,0.6,0.6,0.4,1.0
2026-03-03,35018.0,35320.0,34314.0,35320.0,34513.0,35320.0,34490.0,1006.0,520.856006833519,0.0,1.0,0.0,1.0,1.0,1.0,1.0,0.0,0.0,1.4191998525700553,0.0,升壓,極高>24,False,0.6,3.0,0.4,0.4,0.6,6.0,0.3,0.3,0.5,10.0,0.25,0.25,1.0,1.0,0.6666666666666666,0.6666666666666666,0.4,0.4,0.5,0.3,1.0
2026-03-04,33461.0,33666.0,32679.0,33666.0,32992.0,33666.0,32983.0,987.0,567.0601966588981,0.0,1.0,0.0,1.0,1.0,1.0,0.0,0.0,0.0,2.949250385335481,0.0,升壓,極高>24,True,0.8,4.0,0.6,0.2,0.7,7.0,0.4,0.3,0.55,11.0,0.3,0.25,1.0,1.0,0.3333333333333333,0.3333333333333333,0.4,0.4,0.4,0.2,1.0
2026-03-05,33911.0,34294.0,33392.0,34294.0,33430.0,34294.0,33392.0,902.0,607.054463643765,0.0,0.0,0.0,0.0,0.0,0.0,0.0,0.0,0.0,1.6083575260452019,0.0,升壓,極高>24,False,0.8,4.0,0.6,0.2,0.7,7.0,0.5,0.3,0.6,12.0,0.35,0.25,0.0,0.0,0.0,0.0,0.4,0.2,0.3,0.1,1.0
2026-03-06,33360.0,33888.0,33296.0,33888.0,33296.0,33888.0,33296.0,592.0,635.1445147253112,0.0,0.0,0.0,0.0,0.0,0.0,0.0,0.0,0.0,1.4297299265842407,0.0,升壓,極高>24,False,0.6,3.0,0.6,0.2,0.7,7.0,0.5,0.3,0.6,12.0,0.35,0.2,0.0,0.0,0.3333333333333333,0.3333333333333333,0.4,0.2,0.3,0.1,1.0
2026-03-09,31730.0,32111.0,31124.0,31890.0,31124.0,31972.0,31124.0,987.0,631.0355133229006,0.0,0.0,0.0,0.0,0.0,0.0,0.0,0.0,0.0,1.8210668001397419,0.0,升壓,極高>24,True,0.6,3.0,0.6,0.0,0.6,6.0,0.5,0.3,0.6,12.0,0.35,0.2,0.0,0.0,0.6666666666666666,0.3333333333333333,0.6,0.2,0.3,0.1,1.0
2026-03-10,33242.0,33329.0,32374.0,33329.0,32914.0,33329.0,32602.0,955.0,664.9368930064338,0.0,1.0,0.0,1.0,1.0,1.0,0.0,0.0,0.0,2.3083770397869285,0.0,升壓,極高>24,True,0.4,2.0,0.4,0.0,0.5,5.0,0.4,0.2,0.6,12.0,0.35,0.15,1.0,1.0,0.6666666666666666,0.3333333333333333,0.6,0.2,0.3,0.1,1.0
2026-03-11,33341.0,34185.0,33277.0,33854.0,33277.0,34060.0,33277.0,908.0,692.5619508153449,1.0,0.0,0.0,0.0,1.0,0.0,1.0,0.0,0.0,0.9117555914610967,0.0,升壓,極高>24,False,0.4,2.0,0.4,0.0,0.6,6.0,0.5,0.1,0.6,12.0,0.35,0.15,1.0,0.0,0.6666666666666666,0.0,0.4,0.0,0.3,0.1,1.0
2026-03-12,33678.0,33939.0,33326.0,33939.0,33470.0,33939.0,33326.0,613.0,713.0798602615025,0.0,0.0,0.0,0.0,0.0,0.0,0.0,0.0,0.0,0.5729266765086976,1.0,升壓,極高>24,True,0.4,2.0,0.2,0.0,0.6,6.0,0.4,0.1,0.6,12.0,0.35,0.15,0.0,0.0,0.3333333333333333,0.0,0.2,0.0,0.2,0.1,1.0
2026-03-13,32664.0,33518.0,32663.0,33518.0,32663.0,33518.0,32663.0,855.0,703.5484449985023,1.0,0.0,0.0,0.0,1.0,0.0,1.0,0.0,1.0,1.7004284007827535,0.0,升壓,極高>24,True,0.4,2.0,0.2,0.2,0.5,5.0,0.4,0.2,0.55,11.0,0.3,0.2,1.0,0.0,0.3333333333333333,0.0,0.2,0.0,0.2,0.1,1.0
2026-03-16,33460.0,33723.0,33077.0,33723.0,33077.0,33723.0,33077.0,646.0,717.9724026176925,0.0,0.0,0.0,0.0,0.0,0.0,0.0,0.0,0.0,1.1208806227302301,0.0,升壓,極高>24,True,0.6,3.0,0.2,0.2,0.6,6.0,0.4,0.1,0.55,11.0,0.3,0.2,0.0,0.0,0.0,0.0,0.0,0.0,0.1,0.1,1.0
2026-03-17,33616.0,34017.0,33593.0,34017.0,33593.0,34017.0,33593.0,424.0,711.1178880826742,0.0,0.0,0.0,0.0,0.0,0.0,0.0,0.0,0.0,0.8894296814488557,0.0,升壓,極高>24,False,0.6,3.0,0.2,0.2,0.5,5.0,0.3,0.1,0.55,11.0,0.3,0.2,0.0,0.0,0.0,0.0,0.0,0.0,0.2,0.1,0.0
2026-03-18,34351.0,34580.0,34247.0,34580.0,34247.0,34580.0,34247.0,333.0,683.7733273128957,0.0,0.0,0.0,0.0,0.0,0.0,0.0,0.0,0.0,0.8237027264410429,0.0,降壓,極高>24,False,0.4,2.0,0.0,0.2,0.4,4.0,0.2,0.1,0.55,11.0,0.3,0.2,0.0,0.0,0.0,0.0,0.2,0.2,0.2,0.1,0.0
2026-03-19,33898.0,34083.0,33537.0,34055.0,33770.0,34083.0,33770.0,546.0,650.3663437592866,0.0,0.0,0.0,0.0,0.0,0.0,0.0,0.0,0.0,1.298947586817604,0.0,升壓,極高>24,True,0.2,1.0,0.0,0.2,0.3,3.0,0.1,0.1,0.5,10.0,0.3,0.2,0.0,0.0,0.0,0.0,0.2,0.2,0.2,0.1,0.0
2026-03-20,33809.0,33888.0,33371.0,33888.0,33371.0,33888.0,33371.0,517.0,640.4266919726879,0.0,0.0,0.0,0.0,0.0,0.0,0.0,0.0,0.0,1.0737094642506606,0.0,升壓,極高>24,False,0.2,1.0,0.0,0.0,0.3,3.0,0.1,0.1,0.5,10.0,0.3,0.2,0.0,0.0,0.3333333333333333,0.3333333333333333,0.2,0.2,0.3,0.2,0.0
2026-03-23,32501.0,32890.0,32213.0,32890.0,32213.0,32890.0,32213.0,677.0,628.67176892767,0.0,0.0,0.0,0.0,0.0,0.0,0.0,0.0,0.0,1.3358575009854767,0.0,升壓,極高>24,True,0.0,0.0,0.0,0.0,0.3,3.0,0.1,0.1,0.45,9.0,0.3,0.2,0.0,0.0,0.3333333333333333,0.3333333333333333,0.2,0.2,0.3,0.2,0.0
2026-03-24,33280.0,33393.0,32342.0,33393.0,32342.0,33393.0,32342.0,1051.0,633.2744576012252,0.0,1.0,0.0,1.0,1.0,1.0,1.0,1.0,1.0,2.0479237306309663,0.0,升壓,極高>24,True,0.0,0.0,0.0,0.0,0.3,3.0,0.1,0.1,0.4,8.0,0.25,0.15,1.0,1.0,0.3333333333333333,0.3333333333333333,0.4,0.2,0.3,0.2,1.0
2026-03-25,33786.0,33880.0,33444.0,33880.0,33503.0,33880.0,33444.0,436.0,673.0578425915847,0.0,0.0,0.0,0.0,0.0,0.0,0.0,0.0,0.0,0.8033870399080666,0.0,升壓,極高>24,True,0.2,1.0,0.2,0.0,0.3,3.0,0.1,0.1,0.45,9.0,0.3,0.1,0.0,0.0,0.0,0.0,0.2,0.0,0.2,0.1,0.0
2026-03-26,33855.0,34024.0,33347.0,34024.0,33503.0,34024.0,33415.0,677.0,650.48090520191,0.0,0.0,0.0,0.0,0.0,0.0,0.0,0.0,0.0,0.47616211589132434,1.0,升壓,極高>24,True,0.2,1.0,0.2,0.0,0.2,2.0,0.1,0.1,0.4,8.0,0.25,0.1,0.0,0.0,0.3333333333333333,0.0,0.2,0.0,0.2,0.1,0.0
2026-03-27,32793.0,33243.0,32652.0,33032.0,32652.0,33032.0,32652.0,591.0,653.0065332779186,0.0,0.0,0.0,0.0,0.0,0.0,0.0,0.0,0.0,0.9621520092863615,0.0,升壓,極高>24,True,0.2,1.0,0.2,0.2,0.2,2.0,0.1,0.1,0.35,7.0,0.25,0.15,0.0,0.0,0.3333333333333333,0.0,0.4,0.2,0.2,0.1,0.0
2026-03-30,32048.0,32712.0,32027.0,32544.0,32027.0,32645.0,32027.0,685.0,647.101149156212,1.0,0.0,0.0,0.0,1.0,0.0,0.0,0.0,0.0,0.8658860259204103,0.0,升壓,極高>24,True,0.2,1.0,0.2,0.2,0.1,1.0,0.1,0.1,0.35,7.0,0.25,0.1,1.0,0.0,0.3333333333333333,0.0,0.4,0.2,0.2,0.1,0.0
2026-03-31,32000.0,32451.0,31806.0,32451.0,31962.0,32451.0,31962.0,645.0,650.7105635222871,0.0,0.0,0.0,0.0,0.0,0.0,0.0,0.0,0.0,1.027569804837603,0.0,升壓,極高>24,True,0.4,2.0,0.2,0.2,0.2,2.0,0.1,0.1,0.35,7.0,0.2,0.1,0.0,0.0,0.3333333333333333,0.3333333333333333,0.2,0.2,0.1,0.1,0.0
2026-04-01,33049.0,33411.0,32906.0,33293.0,32906.0,33345.0,32906.0,505.0,650.1667003296883,0.0,0.0,0.0,0.0,0.0,0.0,0.0,0.0,0.0,1.5651914499258877,0.0,降壓,極高>24,False,0.2,1.0,0.0,0.2,0.2,2.0,0.1,0.1,0.3,6.0,0.15,0.1,0.0,0.0,0.3333333333333333,0.3333333333333333,0.2,0.2,0.1,0.1,0.0
2026-04-02,33676.0,33687.0,32486.0,33687.0,32700.0,33687.0,32662.0,1201.0,636.3413002982894,0.0,1.0,0.0,1.0,1.0,1.0,1.0,1.0,1.0,0.5727345367200884,1.0,升壓,極高>24,True,0.2,1.0,0.0,0.2,0.2,2.0,0.1,0.1,0.25,5.0,0.1,0.1,1.0,1.0,0.3333333333333333,0.3333333333333333,0.2,0.2,0.1,0.1,1.0
2026-04-07,33192.0,33377.0,32955.0,33377.0,32955.0,33377.0,32955.0,422.0,690.1183193175,0.0,0.0,0.0,0.0,0.0,0.0,0.0,0.0,0.0,0.995754964985285,0.0,升壓,極高>24,False,0.4,2.0,0.2,0.2,0.3,3.0,0.2,0.2,0.3,6.0,0.15,0.15,0.0,0.0,0.0,0.0,0.0,0.0,0.0,0.0,1.0
2026-04-08,34651.0,35060.0,34473.0,35041.0,34473.0,35041.0,34473.0,587.0,664.5832412872619,0.0,0.0,0.0,0.0,0.0,0.0,0.0,0.0,0.0,0.8189922735783027,0.0,降壓,極高>24,False,0.4,2.0,0.2,0.2,0.3,3.0,0.2,0.2,0.3,6.0,0.15,0.15,0.0,0.0,0.0,0.0,0.0,0.0,0.0,0.0,0.0
2026-04-09,35032.0,35100.0,34745.0,35100.0,34756.0,35100.0,34756.0,355.0,657.1943611646656,0.0,0.0,0.0,0.0,0.0,0.0,0.0,0.0,0.0,0.4458251534632142,1.0,降壓,極高>24,False,0.2,1.0,0.2,0.2,0.3,3.0,0.2,0.2,0.3,6.0,0.15,0.15,0.0,0.0,0.0,0.0,0.0,0.0,0.0,0.0,0.0
2026-04-10,35249.0,35580.0,35215.0,35535.0,35215.0,35535.0,35215.0,365.0,628.4139458156498,0.0,0.0,0.0,0.0,0.0,0.0,0.0,0.0,0.0,0.5971649124643919,1.0,降壓,極高>24,False,0.2,1.0,0.2,0.4,0.2,2.0,0.1,0.3,0.25,5.0,0.1,0.2,0.0,0.0,0.0,0.0,0.0,0.0,0.1,0.1,0.0
2026-04-13,35280.0,35652.0,35225.0,35615.0,35225.0,35652.0,35225.0,427.0,603.3269033570165,0.0,0.0,0.0,0.0,0.0,0.0,0.0,0.0,0.0,0.3235306957540754,1.0,降壓,極高>24,False,0.2,1.0,0.2,0.6,0.2,2.0,0.1,0.4,0.2,4.0,0.1,0.25,0.0,0.0,0.0,0.0,0.0,0.0,0.2,0.2,0.0
2026-04-14,36060.0,36430.0,35990.0,36280.0,35990.0,36397.0,35990.0,440.0,586.5338649420626,0.0,0.0,0.0,0.0,0.0,0.0,0.0,0.0,0.0,0.737220701382058,1.0,降壓,極高>24,False,0.0,0.0,0.0,0.6,0.2,2.0,0.1,0.4,0.2,4.0,0.1,0.25,0.0,0.0,0.0,0.0,0.0,0.0,0.2,0.2,0.0
2026-04-15,36997.0,37359.0,36909.0,37359.0,36909.0,37359.0,36909.0,450.0,572.5782587571042,0.0,0.0,0.0,0.0,0.0,0.0,0.0,0.0,0.0,0.4950017629922239,1.0,降壓,極高>24,False,0.0,0.0,0.0,0.8,0.2,2.0,0.1,0.5,0.15,3.0,0.1,0.3,0.0,0.0,0.0,0.0,0.0,0.0,0.2,0.2,0.0
2026-04-16,37321.0,37666.0,37086.0,37415.0,37086.0,37415.0,37086.0,580.0,560.9041388754753,0.0,0.0,0.0,0.0,0.0,0.0,0.0,0.0,0.0,0.39990406101476045,1.0,降壓,極高>24,False,0.0,0.0,0.0,1.0,0.1,1.0,0.1,0.6,0.15,3.0,0.1,0.35,0.0,0.0,0.0,0.0,0.0,0.0,0.2,0.2,0.0
2026-04-17,37145.0,37388.0,37033.0,37388.0,37141.0,37388.0,37127.0,355.0,562.7227923159062,0.0,0.0,0.0,0.0,0.0,0.0,0.0,0.0,0.0,0.9221168107401303,0.0,降壓,極高>24,False,0.0,0.0,0.0,1.0,0.1,1.0,0.1,0.7,0.15,3.0,0.1,0.4,0.0,0.0,0.0,0.0,0.2,0.2,0.2,0.2,0.0
2026-04-20,37324.0,37704.0,37209.0,37688.0,37271.0,37704.0,37271.0,495.0,542.9396692382008,0.0,0.0,0.0,0.0,0.0,0.0,0.0,0.0,0.0,1.3869486647700986,0.0,降壓,極高>24,False,0.0,0.0,0.0,0.8,0.1,1.0,0.1,0.7,0.15,3.0,0.1,0.4,0.0,0.0,0.0,0.0,0.4,0.4,0.2,0.2,0.0
2026-04-21,37707.0,38159.0,37647.0,38122.0,37647.0,38122.0,37647.0,512.0,538.3739864536103,0.0,0.0,0.0,0.0,0.0,0.0,0.0,0.0,0.0,0.6667167030493352,1.0,降壓,極高>24,False,0.0,0.0,0.0,0.6,0.0,0.0,0.0,0.6,0.15,3.0,0.1,0.4,0.0,0.0,0.3333333333333333,0.3333333333333333,0.4,0.4,0.2,0.2,0.0
2026-04-22,38150.0,38369.0,37925.0,38333.0,37925.0,38346.0,37925.0,444.0,535.8621782199332,0.0,0.0,0.0,0.0,0.0,0.0,0.0,0.0,0.0,0.8483682718696913,0.0,降壓,極高>24,False,0.0,0.0,0.0,0.6,0.0,0.0,0.0,0.7,0.15,3.0,0.1,0.45,0.0,0.0,0.6666666666666666,0.6666666666666666,0.4,0.4,0.2,0.2,0.0
2026-04-23,38686.0,39087.0,37408.0,39087.0,37625.0,39087.0,37481.0,1679.0,527.1133993418443,0.0,1.0,0.0,1.0,1.0,1.0,1.0,1.0,1.0,1.0715770532081683,0.0,升壓,極高>24,False,0.0,0.0,0.0,0.4,0.0,0.0,0.0,0.7,0.15,3.0,0.1,0.45,1.0,1.0,0.6666666666666666,0.6666666666666666,0.4,0.4,0.2,0.2,1.0
2026-04-24,38299.0,39244.0,38268.0,39077.0,38268.0,39077.0,38268.0,976.0,636.8168851188116,1.0,0.0,1.0,0.0,1.0,1.0,1.0,0.0,1.0,1.1580171657429499,0.0,升壓,極高>24,True,0.2,1.0,0.2,0.2,0.1,1.0,0.1,0.6,0.15,3.0,0.1,0.45,1.0,1.0,0.3333333333333333,0.3333333333333333,0.2,0.2,0.1,0.1,1.0
2026-04-27,39999.0,40458.0,39837.0,40458.0,39901.0,40458.0,39901.0,621.0,669.12003891702,0.0,0.0,0.0,0.0,0.0,0.0,0.0,0.0,0.0,1.074503093337163,0.0,升壓,極高>24,True,0.4,2.0,0.4,0.2,0.2,2.0,0.2,0.5,0.2,4.0,0.15,0.45,0.0,0.0,0.0,0.0,0.0,0.0,0.0,0.0,1.0
2026-04-28,39820.0,40347.0,39661.0,40347.0,39800.0,40347.0,39800.0,686.0,664.53717806778,0.0,0.0,0.0,0.0,0.0,0.0,0.0,0.0,0.0,0.8091502556018072,0.0,升壓,極高>24,True,0.4,2.0,0.4,0.2,0.2,2.0,0.2,0.4,0.2,4.0,0.15,0.4,0.0,0.0,0.0,0.0,0.0,0.0,0.0,0.0,1.0
2026-04-29,39698.0,39790.0,39123.0,39790.0,39123.0,39790.0,39123.0,667.0,666.581256347039,0.0,0.0,0.0,0.0,0.0,0.0,0.0,0.0,0.0,0.9802039097530264,0.0,升壓,極高>24,False,0.4,2.0,0.4,0.0,0.2,2.0,0.2,0.3,0.2,4.0,0.15,0.4,0.0,0.0,0.0,0.0,0.0,0.0,0.0,0.0,1.0
2026-04-30,39698.0,39937.0,39265.0,39937.0,39455.0,39937.0,39427.0,672.0,666.6211366949401,0.0,0.0,0.0,0.0,0.0,0.0,0.0,0.0,0.0,0.7058523331338215,1.0,升壓,極高>24,True,0.4,2.0,0.4,0.0,0.2,2.0,0.2,0.2,0.15,3.0,0.15,0.4,0.0,0.0,0.0,0.0,0.0,0.0,0.0,0.0,1.0
2026-05-04,40440.0,41074.0,40167.0,40732.0,40167.0,40992.0,40167.0,907.0,667.1334093906601,0.0,0.0,0.0,0.0,0.0,0.0,0.0,0.0,0.0,1.2900128323233215,0.0,升壓,極高>24,True,0.2,1.0,0.2,0.2,0.2,2.0,0.2,0.2,0.15,3.0,0.15,0.45,0.0,0.0,0.0,0.0,0.0,0.0,0.1,0.1,1.0
2026-05-05,40936.0,41097.0,40798.0,41097.0,40798.0,41097.0,40798.0,299.0,689.9778465915496,0.0,0.0,0.0,0.0,0.0,0.0,0.0,0.0,0.0,0.9422365522358563,0.0,升壓,極高>24,True,0.0,0.0,0.0,0.2,0.2,2.0,0.2,0.2,0.15,3.0,0.15,0.45,0.0,0.0,0.0,0.0,0.0,0.0,0.2,0.1,0.0
2026-05-06,41650.0,42005.0,41038.0,42005.0,41038.0,42005.0,41038.0,967.0,652.7418612018781,0.0,0.0,0.0,0.0,0.0,0.0,0.0,0.0,0.0,0.8944857610145522,0.0,升壓,極高>24,True,0.0,0.0,0.0,0.2,0.2,2.0,0.2,0.2,0.1,2.0,0.1,0.4,0.0,0.0,0.0,0.0,0.0,0.0,0.2,0.1,1.0
2026-05-07,42329.0,42468.0,42005.0,42468.0,42005.0,42468.0,42005.0,463.0,682.6712077540802,0.0,0.0,0.0,0.0,0.0,0.0,0.0,0.0,0.0,1.3627791436894752,0.0,升壓,極高>24,True,0.0,0.0,0.0,0.2,0.2,2.0,0.2,0.1,0.1,2.0,0.1,0.4,0.0,0.0,0.0,0.0,0.0,0.0,0.2,0.1,0.0
2026-05-08,42120.0,42343.0,41539.0,42343.0,41539.0,42343.0,41539.0,804.0,661.7501403489298,0.0,0.0,0.0,0.0,0.0,0.0,0.0,0.0,0.0,1.1535064765874172,0.0,升壓,極高>24,True,0.0,0.0,0.0,0.2,0.2,2.0,0.2,0.1,0.1,2.0,0.1,0.4,0.0,0.0,0.0,0.0,0.0,0.0,0.2,0.1,1.0
2026-05-11,42230.0,42258.0,41802.0,42258.0,41802.0,42258.0,41802.0,456.0,675.2977460299841,0.0,0.0,0.0,0.0,0.0,0.0,0.0,0.0,0.0,0.8947841760304461,0.0,升壓,極高>24,True,0.0,0.0,0.0,0.0,0.1,1.0,0.1,0.1,0.1,2.0,0.1,0.35,0.0,0.0,0.0,0.0,0.2,0.2,0.2,0.1,0.0
2026-05-12,42200.0,42363.0,41607.0,42363.0,41607.0,42363.0,41607.0,756.0,654.4122464080808,0.0,0.0,0.0,0.0,0.0,0.0,0.0,0.0,0.0,0.8809591110087147,0.0,升壓,極高>24,True,0.0,0.0,0.0,0.0,0.0,0.0,0.0,0.1,0.1,2.0,0.1,0.3,0.0,0.0,0.0,0.0,0.4,0.2,0.3,0.1,0.0
2026-05-13,41238.0,41604.0,40984.0,41538.0,40984.0,41538.0,40984.0,620.0,664.0872705596922,0.0,0.0,0.0,0.0,0.0,0.0,0.0,0.0,0.0,1.3886669227404556,0.0,升壓,極高>24,True,0.0,0.0,0.0,0.0,0.0,0.0,0.0,0.1,0.1,2.0,0.1,0.25,0.0,0.0,0.3333333333333333,0.3333333333333333,0.4,0.2,0.3,0.1,0.0
2026-05-14,41948.0,42238.0,41497.0,42238.0,41615.0,42238.0,41530.0,741.0,659.8884828873406,0.0,0.0,0.0,0.0,0.0,0.0,0.0,0.0,0.0,0.8801785955046768,0.0,升壓,極高>24,True,0.0,0.0,0.0,0.0,0.0,0.0,0.0,0.1,0.1,2.0,0.1,0.2,0.0,0.0,0.6666666666666666,0.3333333333333333,0.4,0.2,0.4,0.1,1.0
2026-05-15,42282.0,42454.0,40976.0,42454.0,41605.0,42454.0,41550.0,1478.0,667.6133892790225,0.0,1.0,0.0,1.0,1.0,1.0,1.0,0.0,1.0,0.936901634083508,0.0,升壓,極高>24,True,0.0,0.0,0.0,0.0,0.0,0.0,0.0,0.1,0.1,2.0,0.1,0.15,1.0,1.0,0.6666666666666666,0.3333333333333333,0.4,0.2,0.5,0.2,1.0
2026-05-18,40200.0,40990.0,40169.0,40818.0,40169.0,40820.0,40169.0,821.0,744.7930664905442,1.0,0.0,0.0,0.0,1.0,0.0,0.0,0.0,0.0,1.1001333448957327,0.0,升壓,極高>24,True,0.2,1.0,0.2,0.0,0.1,1.0,0.1,0.0,0.15,3.0,0.15,0.1,1.0,0.0,0.3333333333333333,0.0,0.2,0.0,0.4,0.1,1.0
2026-05-19,40890.0,40931.0,40188.0,40931.0,40355.0,40931.0,40351.0,743.0,752.050869681921,0.0,0.0,0.0,0.0,0.0,0.0,0.0,0.0,0.0,1.3020647539941987,0.0,升壓,極高>24,True,0.4,2.0,0.2,0.0,0.2,2.0,0.1,0.0,0.2,4.0,0.15,0.1,0.0,0.0,0.0,0.0,0.2,0.0,0.4,0.1,1.0
2026-05-20,40282.0,40544.0,40005.0,40544.0,40115.0,40544.0,40071.0,539.0,751.1888820931666,0.0,0.0,0.0,0.0,0.0,0.0,0.0,0.0,0.0,1.1071058303558854,0.0,升壓,極高>24,True,0.4,2.0,0.2,0.0,0.2,2.0,0.1,0.0,0.2,4.0,0.15,0.1,0.0,0.0,0.0,0.0,0.2,0.0,0.4,0.1,1.0
2026-05-21,40967.0,41666.0,40957.0,41546.0,40957.0,41650.0,40957.0,709.0,730.9804171319126,0.0,0.0,0.0,0.0,0.0,0.0,0.0,0.0,0.0,1.1865775015029163,0.0,升壓,極高>24,False,0.4,2.0,0.2,0.0,0.2,2.0,0.1,0.0,0.2,4.0,0.15,0.05,0.0,0.0,0.3333333333333333,0.0,0.4,0.0,0.4,0.1,1.0
2026-05-22,42196.0,42502.0,41790.0,42253.0,41790.0,42253.0,41790.0,712.0,728.8870440717305,0.0,0.0,0.0,0.0,0.0,0.0,0.0,0.0,0.0,1.016971098137772,0.0,降壓,極高>24,False,0.4,2.0,0.2,0.0,0.2,2.0,0.1,0.0,0.2,4.0,0.15,0.05,0.0,0.0,0.3333333333333333,0.0,0.6,0.2,0.4,0.1,0.0
2026-05-25,43195.0,44050.0,43004.0,44050.0,43004.0,44050.0,43004.0,1046.0,727.2787541601372,1.0,0.0,0.0,0.0,1.0,0.0,1.0,0.0,1.0,0.6463604212920978,1.0,升壓,極高>24,False,0.2,1.0,0.0,0.0,0.2,2.0,0.1,0.0,0.15,3.0,0.1,0.05,1.0,0.0,0.6666666666666666,0.0,0.6,0.2,0.5,0.2,1.0
2026-05-26,44274.0,44280.0,43619.0,44280.0,43619.0,44280.0,43619.0,661.0,757.6331585258384,0.0,0.0,0.0,0.0,0.0,0.0,0.0,0.0,0.0,0.814478268560193,0.0,升壓,極高>24,False,0.2,1.0,0.0,0.2,0.3,3.0,0.1,0.1,0.15,3.0,0.05,0.1,0.0,0.0,0.6666666666666666,0.3333333333333333,0.6,0.2,0.5,0.3,1.0
2026-05-27,44490.0,45299.0,44336.0,45150.0,44413.0,45299.0,44413.0,963.0,748.4300005709966,1.0,0.0,0.0,0.0,1.0,0.0,1.0,0.0,0.0,0.996910962131692,0.0,升壓,極高>24,True,0.2,1.0,0.0,0.2,0.3,3.0,0.1,0.1,0.15,3.0,0.05,0.1,1.0,0.0,0.6666666666666666,0.3333333333333333,0.6,0.2,0.6,0.3,1.0
2026-05-28,45174.0,45348.0,43458.0,45348.0,44794.0,45348.0,44360.0,1890.0,768.8652386118541,0.0,1.0,0.0,1.0,1.0,1.0,1.0,0.0,0.0,1.4349672460355016,0.0,升壓,極高>24,True,0.4,2.0,0.0,0.2,0.4,4.0,0.1,0.1,0.2,4.0,0.05,0.1,1.0,1.0,0.6666666666666666,0.3333333333333333,0.4,0.2,0.5,0.3,1.0
2026-05-29,44655.0,45471.0,44655.0,45240.0,44655.0,45240.0,44655.0,816.0,875.6399777916776,0.0,0.0,0.0,0.0,0.0,0.0,0.0,0.0,0.0,1.2731359371916058,0.0,升壓,極高>24,True,0.6,3.0,0.2,0.2,0.5,5.0,0.2,0.1,0.25,5.0,0.1,0.1,0.0,0.0,0.3333333333333333,0.0,0.2,0.0,0.4,0.2,1.0
2026-06-01,45483.0,46465.0,45405.0,46465.0,45405.0,46465.0,45405.0,1060.0,869.9599799067558,1.0,0.0,0.0,0.0,1.0,0.0,1.0,0.0,1.0,0.9607483760360331,0.0,升壓,極高>24,True,0.6,3.0,0.2,0.2,0.4,4.0,0.1,0.1,0.25,5.0,0.1,0.05,1.0,0.0,0.3333333333333333,0.0,0.4,0.2,0.4,0.2,1.0
2026-06-02,46145.0,46228.0,45333.0,46228.0,45583.0,46228.0,45333.0,895.0,888.0590294394458,0.0,0.0,0.0,0.0,0.0,0.0,0.0,0.0,0.0,1.3151467619835593,0.0,升壓,極高>24,True,0.6,3.0,0.2,0.0,0.4,4.0,0.1,0.1,0.3,6.0,0.1,0.05,0.0,0.0,0.0,0.0,0.4,0.4,0.3,0.2,1.0
2026-06-03,46718.0,46994.0,46550.0,46994.0,46550.0,46994.0,46550.0,444.0,888.7200742547367,0.0,0.0,0.0,0.0,0.0,0.0,0.0,0.0,0.0,0.7729824764801025,1.0,降壓,極高>24,False,0.6,3.0,0.2,0.0,0.4,4.0,0.1,0.1,0.3,6.0,0.1,0.05,0.0,0.0,0.3333333333333333,0.3333333333333333,0.6,0.4,0.3,0.2,0.0
2026-06-04,46505.0,46587.0,46140.0,46580.0,46140.0,46580.0,46140.0,447.0,846.3657814685713,0.0,0.0,0.0,0.0,0.0,0.0,0.0,0.0,0.0,0.8500361036012685,0.0,降壓,極高>24,True,0.4,2.0,0.2,0.2,0.4,4.0,0.1,0.2,0.3,6.0,0.1,0.1,0.0,0.0,0.6666666666666666,0.6666666666666666,0.6,0.4,0.3,0.2,0.0
2026-06-05,45668.0,45785.0,44655.0,45774.0,44655.0,45785.0,44655.0,1130.0,808.3309451382312,0.0,1.0,0.0,1.0,1.0,1.0,1.0,1.0,1.0,1.4205008302012374,0.0,升壓,極高>24,True,0.2,1.0,0.0,0.2,0.4,4.0,0.1,0.2,0.3,6.0,0.1,0.1,1.0,1.0,1.0,0.6666666666666666,0.6,0.4,0.3,0.2,1.0
2026-06-08,42344.0,43655.0,42225.0,43547.0,42225.0,43615.0,42225.0,1430.0,838.9660932203044,1.0,0.0,1.0,0.0,1.0,1.0,1.0,1.0,1.0,5.763334872914554,0.0,升壓,極高>24,True,0.4,2.0,0.2,0.2,0.5,5.0,0.2,0.2,0.35,7.0,0.15,0.1,1.0,1.0,0.6666666666666666,0.3333333333333333,0.4,0.2,0.3,0.1,1.0
2026-06-09,43661.0,44750.0,43552.0,44360.0,43552.0,44551.0,43552.0,1198.0,895.2550367231325,1.0,0.0,0.0,0.0,1.0,0.0,1.0,0.0,0.0,0.9386929190160017,0.0,升壓,極高>24,True,0.4,2.0,0.4,0.2,0.5,5.0,0.3,0.1,0.4,8.0,0.2,0.1,1.0,0.0,0.3333333333333333,0.0,0.2,0.0,0.3,0.1,1.0
2026-06-10,43839.0,44481.0,43126.0,44481.0,43623.0,44481.0,43623.0,1355.0,924.0878903685485,0.0,0.0,0.0,0.0,0.0,0.0,0.0,0.0,0.0,2.4102330051060714,0.0,升壓,極高>24,True,0.6,3.0,0.4,0.2,0.6,6.0,0.3,0.1,0.45,9.0,0.2,0.1,0.0,0.0,0.0,0.0,0.0,0.0,0.3,0.1,1.0
2026-06-11,42643.0,43509.0,42050.0,43509.0,42236.0,43509.0,42050.0,1459.0,965.1271389048773,0.0,0.0,0.0,0.0,0.0,0.0,0.0,0.0,0.0,1.1737482729425617,0.0,升壓,極高>24,True,0.6,3.0,0.4,0.0,0.5,5.0,0.3,0.1,0.45,9.0,0.2,0.1,0.0,0.0,0.0,0.0,0.0,0.0,0.3,0.1,1.0
2026-06-12,44929.0,44931.0,44045.0,44931.0,44045.0,44931.0,44045.0,886.0,1012.1626494853651,0.0,0.0,0.0,0.0,0.0,0.0,0.0,0.0,0.0,1.217983115956824,0.0,升壓,極高>24,True,0.6,3.0,0.4,0.0,0.4,4.0,0.2,0.1,0.45,9.0,0.2,0.1,0.0,0.0,0.0,0.0,0.0,0.0,0.4,0.2,1.0
2026-06-15,45750.0,45905.0,45340.0,45905.0,45340.0,45905.0,45340.0,565.0,1000.1471590581875,0.0,0.0,0.0,0.0,0.0,0.0,0.0,0.0,0.0,0.8193985020109747,0.0,升壓,極高>24,True,0.4,2.0,0.2,0.0,0.4,4.0,0.2,0.1,0.4,8.0,0.15,0.1,0.0,0.0,0.0,0.0,0.2,0.0,0.4,0.2,0.0
2026-06-16,46124.0,46198.0,45463.0,46198.0,45463.0,46198.0,45463.0,735.0,958.7045724812173,0.0,0.0,0.0,0.0,0.0,0.0,0.0,0.0,0.0,0.5454295740997592,1.0,升壓,極高>24,True,0.2,1.0,0.0,0.0,0.3,3.0,0.2,0.1,0.35,7.0,0.15,0.1,0.0,0.0,0.0,0.0,0.4,0.2,0.4,0.2,0.0
2026-06-17,45410.0,46065.0,45215.0,45707.0,45268.0,45707.0,45215.0,850.0,937.3993751020537,0.0,0.0,0.0,0.0,0.0,0.0,0.0,0.0,0.0,0.8006999162711633,0.0,降壓,極高>24,True,0.0,0.0,0.0,0.2,0.3,3.0,0.2,0.2,0.35,7.0,0.15,0.15,0.0,0.0,0.3333333333333333,0.0,0.6,0.2,0.4,0.2,0.0
2026-06-18,46470.0,46778.0,46260.0,46705.0,46301.0,46705.0,46301.0,518.0,929.0756250923342,0.0,0.0,0.0,0.0,0.0,0.0,0.0,0.0,0.0,0.7521610714537424,1.0,升壓,極高>24,True,0.0,0.0,0.0,0.2,0.3,3.0,0.2,0.1,0.35,7.0,0.15,0.15,0.0,0.0,0.6666666666666666,0.3333333333333333,0.6,0.2,0.4,0.2,0.0
2026-06-22,47460.0,48476.0,47371.0,48328.0,47371.0,48328.0,47371.0,1105.0,889.925565559731,1.0,0.0,0.0,0.0,1.0,0.0,0.0,0.0,0.0,0.7396298985729266,1.0,升壓,極高>24,True,0.0,0.0,0.0,0.4,0.3,3.0,0.2,0.2,0.35,7.0,0.15,0.2,1.0,0.0,1.0,0.3333333333333333,0.8,0.4,0.5,0.3,0.0
2026-06-23,48650.0,48711.0,47404.0,48711.0,47960.0,48711.0,47856.0,1307.0,910.4088450302328,0.0,1.0,0.0,1.0,1.0,1.0,0.0,0.0,0.0,0.6401174028133327,1.0,升壓,極高>24,True,0.2,1.0,0.0,0.6,0.3,3.0,0.1,0.3,0.4,8.0,0.15,0.25,1.0,1.0,0.6666666666666666,0.3333333333333333,0.6,0.4,0.4,0.3,1.0
2026-06-24,46858.0,47067.0,45898.0,47067.0,46255.0,47067.0,45898.0,1169.0,948.1794312178297,0.0,1.0,0.0,0.0,1.0,0.0,1.0,0.0,0.0,0.9255021004200689,0.0,升壓,極高>24,True,0.4,2.0,0.2,0.8,0.3,3.0,0.1,0.4,0.4,8.0,0.2,0.25,1.0,0.0,0.6666666666666666,0.3333333333333333,0.4,0.2,0.4,0.3,1.0
2026-06-25,46993.0,46997.0,46091.0,46997.0,46091.0,46997.0,46091.0,906.0,969.2099615780364,0.0,0.0,0.0,0.0,0.0,0.0,0.0,0.0,0.0,1.6431864589126335,0.0,升壓,極高>24,True,0.6,3.0,0.2,0.6,0.3,3.0,0.1,0.4,0.45,9.0,0.2,0.25,0.0,0.0,0.3333333333333333,0.3333333333333333,0.2,0.2,0.3,0.3,1.0
2026-06-26,45709.0,45922.0,44264.0,45922.0,45162.0,45922.0,44264.0,1658.0,963.189965237271,0.0,1.0,0.0,1.0,1.0,1.0,1.0,1.0,0.0,1.3157974871572191,0.0,升壓,極高>24,True,0.6,3.0,0.2,0.6,0.3,3.0,0.1,0.4,0.4,8.0,0.2,0.25,1.0,1.0,0.3333333333333333,0.3333333333333333,0.2,0.2,0.3,0.3,1.0
2026-06-29,44799.0,45637.0,44373.0,45637.0,44373.0,45637.0,44373.0,1264.0,1029.362349500388,0.0,0.0,0.0,0.0,0.0,0.0,0.0,0.0,0.0,1.0037130085715704,0.0,升壓,極高>24,True,0.8,4.0,0.4,0.4,0.4,4.0,0.2,0.4,0.4,8.0,0.2,0.25,0.0,0.0,0.0,0.0,0.2,0.2,0.2,0.2,1.0
2026-06-30,46100.0,46883.0,45922.0,46648.0,45922.0,46738.0,45922.0,961.0,1051.708792405113,0.0,0.0,0.0,0.0,0.0,0.0,0.0,0.0,0.0,1.1665256756448616,0.0,升壓,極高>24,True,0.6,3.0,0.4,0.2,0.4,4.0,0.2,0.4,0.4,8.0,0.2,0.25,0.0,0.0,0.0,0.0,0.2,0.2,0.3,0.2,1.0
2026-07-01,47516.0,47695.0,46895.0,47695.0,46895.0,47695.0,46895.0,800.0,1043.0698597951023,0.0,0.0,0.0,0.0,0.0,0.0,0.0,0.0,0.0,0.9229662792362903,0.0,升壓,極高>24,True,0.4,2.0,0.2,0.0,0.4,4.0,0.2,0.4,0.35,7.0,0.2,0.25,0.0,0.0,0.3333333333333333,0.3333333333333333,0.4,0.4,0.3,0.2,1.0
2026-07-02,46200.0,46987.0,45780.0,46853.0,45780.0,46930.0,45780.0,1207.0,1019.9203493384259,0.0,0.0,0.0,0.0,0.0,0.0,0.0,0.0,0.0,1.135065514206806,0.0,升壓,極高>24,True,0.2,1.0,0.2,0.0,0.4,4.0,0.2,0.3,0.35,7.0,0.2,0.25,0.0,0.0,0.3333333333333333,0.3333333333333333,0.4,0.4,,,1.0
2026-07-03,45700.0,47084.0,45608.0,46661.0,45608.0,46695.0,45608.0,1476.0,1037.7374589252424,1.0,0.0,1.0,0.0,1.0,1.0,0.0,0.0,0.0,1.551424906138101,0.0,升壓,極高>24,True,0.2,1.0,0.2,0.0,0.4,4.0,0.2,0.3,0.35,7.0,0.2,0.2,1.0,1.0,0.6666666666666666,0.6666666666666666,0.4,0.4,,,1.0
2026-07-06,47280.0,47547.0,46581.0,47547.0,46872.0,47547.0,46581.0,966.0,1079.4767485514099,0.0,0.0,0.0,0.0,0.0,0.0,0.0,0.0,0.0,0.7105777284826279,1.0,升壓,極高>24,True,0.2,1.0,0.2,0.0,0.5,5.0,0.3,0.2,0.4,8.0,0.25,0.2,0.0,0.0,0.3333333333333333,0.3333333333333333,0.2,0.2,,,1.0
2026-07-07,47000.0,47187.0,45599.0,47187.0,46616.0,47187.0,46056.0,1588.0,1068.6694391655612,0.0,1.0,0.0,1.0,1.0,1.0,0.0,0.0,0.0,0.5777419285169435,1.0,升壓,極高>24,True,0.2,1.0,0.2,0.2,0.4,4.0,0.3,0.2,0.35,7.0,0.2,0.25,1.0,1.0,0.3333333333333333,0.3333333333333333,0.4,0.2,,,1.0
2026-07-08,45606.0,45960.0,45240.0,45960.0,45240.0,45960.0,45240.0,720.0,1118.129492578365,0.0,0.0,0.0,0.0,0.0,0.0,0.0,0.0,0.0,0.8891698127367599,0.0,升壓,極高>24,True,0.4,2.0,0.4,0.4,0.4,4.0,0.3,0.2,0.35,7.0,0.2,0.3,0.0,0.0,0.0,0.0,0.2,0.0,,,1.0
2026-07-09,46008.0,46158.0,45331.0,46158.0,45580.0,46158.0,45331.0,827.0,1080.2123980470922,0.0,0.0,0.0,0.0,0.0,0.0,0.0,0.0,0.0,1.1521432102611284,0.0,降壓,極高>24,True,0.4,2.0,0.4,0.4,0.3,3.0,0.3,0.2,0.3,6.0,0.2,0.3,0.0,0.0,0.3333333333333333,0.0,,,,,0.0
2026-07-13,46222.0,46378.0,45251.0,46378.0,45590.0,46378.0,45590.0,1127.0,1056.0969315664167,0.0,0.0,0.0,0.0,0.0,0.0,0.0,0.0,0.0,0.6399827623703993,1.0,降壓,極高>24,True,0.4,2.0,0.4,0.4,0.3,3.0,0.3,0.2,0.3,6.0,0.2,0.3,0.0,0.0,0.3333333333333333,0.0,,,,,0.0
2026-07-14,45046.0,45464.0,43852.0,45464.0,44115.0,45464.0,43852.0,1612.0,1062.8496047505676,0.0,1.0,0.0,0.0,1.0,0.0,1.0,0.0,0.0,0.7144529293508352,1.0,升壓,極高>24,True,0.2,1.0,0.2,0.6,0.2,2.0,0.2,0.3,0.3,6.0,0.2,0.35,1.0,0.0,,,,,,,1.0
2026-07-15,45652.0,46169.0,45406.0,45951.0,45406.0,46021.0,45406.0,763.0,1115.1496423933706,0.0,0.0,0.0,0.0,0.0,0.0,0.0,0.0,0.0,0.6022976328670271,1.0,降壓,極高>24,False,0.4,2.0,0.2,0.6,0.3,3.0,0.2,0.4,0.35,7.0,0.2,0.4,0.0,0.0,,,,,,,0.0
