d,ema20,up_full,W10_09:01,W20_09:01,W50_09:01,H20_09:01,upsw_09:01,W10_09:05,W20_09:05,W50_09:05,H20_09:05,upsw_09:05,W10_09:10,W20_09:10,W50_09:10,H20_09:10,upsw_09:10,W10_09:15,W20_09:15,W50_09:15,H20_09:15,upsw_09:15,W10_09:20,W20_09:20,W50_09:20,H20_09:20,upsw_09:20,W10_09:25,W20_09:25,W50_09:25,H20_09:25,upsw_09:25,W10_09:30,W20_09:30,W50_09:30,H20_09:30,upsw_09:30,exc
2025-06-02,271.72161172237895,103.0,-0.06267555874790863,-0.04437743085403994,-0.047344860087441744,-0.03453566004034434,92.0,-0.1525777025659786,-0.10150202553282058,-0.11574496516378936,-0.0986579495287761,92.0,0.031338507849692415,0.03907761562127997,0.018406480172814516,0.059319465334222686,94.0,-0.026492903143561165,-0.0061355654605930714,-0.02720785441443217,0.016680242205698498,94.0,-0.07660270834221625,-0.06701681983447308,-0.09079127047272406,-0.054766955527173235,94.0,-0.13126123519162797,-0.09280164174135556,-0.10888841207946327,-0.08736272292749721,94.0,-0.09581334740593751,-0.06558249104518621,-0.09684036605059762,-0.055971848162249954,94.0,0.37906443785279864
2025-06-03,270.51002965358094,209.0,0.06596482310286067,0.06757096785227089,0.06893887325535517,0.06101495709406942,87.0,0.10483438940125966,0.10364503511335478,0.07870638497946378,0.0896464106112891,101.0,0.11170489565436062,0.11835544660640758,0.09072095626659726,0.11690586839559226,126.0,0.2805419550954918,0.25446262389286184,0.1969416845523414,0.2422692587796047,133.0,0.19094529305570776,0.21871689790896515,0.17628378196973385,0.20985030160443896,133.0,0.16752391870955427,0.19712061338539738,0.16591615896897188,0.19892379981686992,133.0,0.18425733446525888,0.20369828389983577,0.174450223511065,0.20908344489975636,154.0,0.7726146060744898
2025-06-04,270.0805030199066,272.0,-0.044203259596701384,-0.021705400996330077,0.009092062516717188,-0.0348050286118942,58.0,-0.017653444989315897,0.011515899459897158,0.04392692841804776,0.004912553971011839,73.0,0.02045445726118099,0.0426929482165274,0.07507602659845632,0.035381795954045905,93.0,0.1068608484111349,0.10000980091006044,0.12403913075715625,0.07418595372698697,127.0,0.10864229878053003,0.11121846366208586,0.12675601275774037,0.11472081719993558,141.0,0.17735847754880885,0.16043453805742788,0.1716700932666204,0.1489789770336047,178.0,0.24139186947434838,0.2020665010997088,0.19628331959288559,0.16261625191447487,191.0,1.0071071290175728
2025-06-05,270.26331225610596,126.0,-0.13054870550058167,-0.10769553233965498,-0.05928513947421042,-0.04362142100740576,41.0,-0.11696686285466186,-0.1096488820121098,-0.08074383276353318,-0.004628360901216914,49.0,-0.12953521263439935,-0.10132997983776416,-0.05167573123967173,-0.007701157022337864,74.0,-0.18611059467865487,-0.14493828449030555,-0.09395088220076196,-0.012247542072876143,74.0,-0.1940501913636615,-0.13357135769123718,-0.06424204717995569,0.01494555940548715,87.0,-0.2530438726003022,-0.18608425854536595,-0.10799118618847876,-0.029487163140968352,87.0,-0.2455627211689543,-0.17480310447486097,-0.09088457638170096,-0.01878035399831767,87.0,0.4662120024659519
2025-06-06,260.23823489838156,103.0,-0.09026124704612973,-0.07413135832737415,-0.07739412921961414,-0.07338529879896498,56.0,-0.04306113675310395,-0.05407017307496538,-0.0664683132732649,-0.015450357102097101,56.0,-0.03317808475889448,-0.04880096477443631,-0.03471471224942477,-0.018216232054955775,56.0,0.05493635127168408,0.010745421292485312,0.011707405408494381,0.02337975295847976,98.0,-0.03649361376240298,-0.08130065550933069,-0.07559367292954249,-0.10325071191722505,103.0,0.026485514716300007,-0.0019549172363461176,-0.01846668426834329,-0.003962687516274122,103.0,-0.022426793782166714,-0.040609170903995226,-0.052760452638504506,-0.011779243324594303,103.0,0.39579118741033453
2025-06-09,246.59649824139285,130.0,0.042295499594849906,0.04342462265957828,0.031572619404567626,0.08528846433625663,130.0,0.05135432528064362,-0.00378786240257578,-0.0039792091469003634,0.05973621802011552,130.0,0.15168501691373448,0.06031275762982999,0.03796419926632672,0.09858405232679492,130.0,0.03874016101536145,0.0016155899310412816,0.007225725501118185,0.09483229589224416,130.0,0.12754065289793784,0.08195967876933326,0.07353654749894094,0.11843598045952065,130.0,-0.05939956770013917,-0.04762936082962564,-0.027462911514480683,0.040674711321031495,130.0,-0.07146831605445662,-0.07227836106871223,-0.05773325557281386,0.024355317338345506,130.0,0.5271769912675047
2025-06-10,238.53968888506972,386.0,-0.07458024105463516,-0.04119634636352942,-0.03767490324375423,-0.06270195837934882,46.0,0.044285337927052124,0.0690302288403728,0.05408135719541217,0.030103746600687754,70.0,-0.03861219058507886,0.00915187700291072,0.0034657518213646477,-0.026720668940279572,81.0,0.08133341193588955,0.07084205132214594,0.05900563616283319,0.019271944646980985,81.0,0.10570370267581733,0.08714070130341775,0.07157805799150459,0.03148711728361512,85.0,0.2414957907805452,0.21807976422727673,0.178425420924376,0.15348166926960236,130.0,0.22589458223628067,0.22544386919823442,0.1897886770228895,0.14406627424285742,172.0,1.6181793554110728
2025-06-11,252.5835280388726,165.0,-0.11050398056618468,-0.0652204821775844,-0.030376497990244226,-0.10984898231697714,68.0,-0.12331965802255794,-0.09291348172682898,-0.05116967579107137,-0.1424119266596099,68.0,-0.22469995258091405,-0.16267596157646796,-0.10835881658862444,-0.24875781540911804,68.0,-0.15925393207033745,-0.09301604818393161,-0.044901074202332976,-0.14091658087861125,68.0,-0.21562753875532334,-0.14635919814242415,-0.09103794705704384,-0.24878504191485756,68.0,-0.14800218188707104,-0.11382077049034679,-0.06649246506274478,-0.1897202974388189,68.0,-0.14042675080710093,-0.12929917725581808,-0.08018433331433833,-0.22765289728144164,68.0,0.6532492489953917
2025-06-12,244.24223965421805,102.0,-0.2438393123456075,-0.1820495568383047,-0.13849144482191628,-0.1636318314030108,41.0,-0.2641245082180577,-0.15630167236815615,-0.13864661697558853,-0.16663167113093574,41.0,-0.206869944541032,-0.09576748523751635,-0.06482414830485399,-0.08514447897611899,47.0,-0.11462453180869839,-0.04954236848084751,-0.02480224889169797,-0.06651909800517936,47.0,-0.11339933794383712,-0.03220256856624236,0.007311587535563052,-0.036220083348334535,59.0,-0.11568719245057806,-0.04344973936308845,0.007951325936442,-0.015662072956192714,59.0,-0.11501724310769583,-0.037411057254154424,0.017759010126735617,-0.017648892208956202,59.0,0.4176181816233131
2025-06-13,231.93345492524492,246.0,-0.09926211400759036,-0.04092679339535894,-0.019432286377575474,-0.03713698717886542,142.0,-0.11301002367299812,-0.070538596188798,-0.04925041749621295,-0.09425199482408865,142.0,-0.019444914412886188,0.030409827743845725,0.045931648807574894,-0.002659701152303923,142.0,-0.21694313940128457,-0.1257199139277638,-0.08776253858444279,-0.17228480293900544,142.0,-0.208730612075128,-0.13754297703665652,-0.10692629512616371,-0.1980083079936585,142.0,-0.1317363066907308,-0.044336295223894436,-0.020984163431354008,-0.08791416656023332,142.0,-0.1313910477391943,-0.033119417125134144,-0.0037422723530327858,-0.06676691866741676,142.0,1.0606490559082513
2025-06-16,233.2731258847454,174.0,-0.060544943793795804,-0.027928661379438842,-0.04755957354597623,-0.0603477680463662,46.0,-0.11826894636340164,-0.06999551567116373,-0.07367305736428867,-0.07992971546626021,46.0,-0.19682173951624368,-0.10311931357183007,-0.05857889369493451,-0.05799189842967715,72.0,-0.02061116930729914,0.03799757327494138,0.05754913253546116,0.08134073241145424,108.0,-0.03603142159618634,0.044955573195823606,0.05649445083267388,0.08611429190906246,108.0,-0.11237657758234484,-0.021789175176151816,0.004834361153183936,0.03126537851126106,108.0,-0.07583765276811263,-0.0008096194076528593,0.010258703872030477,0.03598321539228289,108.0,0.7459067534679035
2025-06-17,229.43759008619824,130.0,0.2508923352541177,0.19753338733070272,0.1551073014114816,0.24235413569451134,108.0,0.15191096704828294,0.13448865377319477,0.11820839999246902,0.1794022142678523,130.0,-0.021439727543615183,0.009527309656573179,0.016258073367921587,0.021418138793432042,130.0,-0.03062354719181,-0.01865311080937052,-0.013251168652935352,-0.012455221060004098,130.0,-0.030379410296589502,-0.048317140161018256,-0.026161207068588085,-0.019964965314798144,130.0,-0.030701115136578947,-0.04188439269021786,-0.026531155625969464,-0.044108183452472874,130.0,-0.038430731735894695,-0.0612010278078993,-0.03258898221419783,-0.013051356971266477,130.0,0.5666028829502604
2025-06-18,226.5387719827508,268.0,-0.14370153507215971,-0.053176757016905433,-0.015318854916927992,-0.01926980100260546,60.0,0.11089148595330699,0.10040163039290173,0.10967577825574089,0.10626350391071789,101.0,0.33801560569023337,0.2842738541157364,0.24972516113199653,0.3002246682540357,162.0,0.2357848905114883,0.21590888889123863,0.20550462645420367,0.23565071145230043,162.0,0.2091987356519334,0.17315309238333038,0.16596101520381576,0.1891056071941739,162.0,0.21596393325495347,0.17176830118206604,0.15316503144390572,0.1759063121534591,172.0,0.18294090487009812,0.13515571205429291,0.11659461008281354,0.13346108214963465,172.0,1.1830204501170605
2025-06-19,230.48746036534595,80.0,-0.03137213518770744,0.034149204211415415,0.04823606311137651,0.0308147626664963,75.0,-0.07935193423899353,-0.011419728989917156,-0.026988915238188055,-0.058762879753445886,75.0,-0.0664457587685362,-0.008804666882740715,-0.03579680330374268,-0.07094751257423641,75.0,0.0331259925117708,0.057320937153275645,0.014246991896404671,0.003643966952964159,75.0,0.04045541050153927,0.0748683234929617,0.029430014580117545,0.00021195308740711255,75.0,-0.05277534268082653,0.02159199347442466,-0.013582606682955599,-0.05043676668919948,75.0,-0.21521635143505882,-0.11024745908755633,-0.11580159912877712,-0.201497605978804,75.0,0.34709046588995296
2025-06-20,225.86960699721777,194.0,-0.03490053502173876,0.0063446310855843095,0.02184059272098821,0.006587808433004225,65.0,0.22692728383097233,0.20277096656406388,0.17407876580768802,0.18192680137764156,116.0,-0.05230430862584531,-0.03141079875681619,-0.022712299294348644,-0.004841319627402451,116.0,-0.11044303829998546,-0.0983992926943538,-0.07644293819487945,-0.0503667152735472,116.0,-0.09687582724404854,-0.09512837269946676,-0.08227649432411195,-0.07364898445867085,116.0,-0.177898686578207,-0.1727645745214622,-0.157337940459528,-0.1461087283177676,116.0,-0.19226775304299407,-0.19494318728921425,-0.1879539999709257,-0.19568931795151315,116.0,0.8589026322713249
2025-06-23,230.3582158546256,279.0,-0.1007576762902766,-0.03319637925590061,-0.007744493990863345,-0.08415857404977488,60.0,0.06682513789218296,0.12644231496822894,0.16032859521874218,0.09576498198382409,106.0,0.173994892468879,0.25096356181377394,0.28203120480350796,0.22263778925830807,166.0,0.10977175737256802,0.19514645676921494,0.2424834760988453,0.21056063100583858,166.0,-0.03449075850722683,0.051707981383965165,0.10553092910990368,0.061208917797445694,166.0,-0.06040662270056388,0.02709036820351892,0.08493669256825585,0.06294209942602817,166.0,-0.13138422818409945,-0.01569829436757789,0.044283863769609015,-0.044656365629147154,166.0,1.2111571491596864
2025-06-24,234.99076672561364,202.0,-0.05699518645196591,-0.0017339930637721682,0.03967232067643034,-0.012878384750375298,76.0,-0.07849825814850124,-0.013070768037592074,0.03219709551361897,-0.02368378510082591,115.0,0.12530162348837418,0.14270988505740656,0.147938390936808,0.1544998884468801,164.0,0.0611784592446158,0.10123346161276885,0.12871781889714773,0.10110581841157633,164.0,0.09544081682216146,0.14516209898199112,0.16422729452680163,0.1201639067568622,191.0,0.0762969648327757,0.12971973760130243,0.14099502179021756,0.08135699725201205,191.0,-0.07932486847614661,-0.001559782542039447,0.035594886845268625,-0.023220908603572166,191.0,0.8596082425479499
2025-06-25,231.84878894222186,151.0,0.09699665871680484,0.10371515526787219,0.08901093970311477,0.1160899537854304,50.0,0.044240429381637046,0.05279653520405148,0.03124394837750255,0.060152245766515317,52.0,0.07850351430852918,0.05841361607836331,0.02473728328948044,0.07072718468021856,52.0,0.044357088530201594,0.030258118875214134,0.007521090499700791,0.029588281290087837,52.0,0.029731839572317623,0.013449479155631059,-0.009568677838986085,0.0005646785987009596,52.0,0.15071030244944073,0.10845800449744702,0.06132285202657423,0.08193900179362296,52.0,0.039005422161975764,0.026123517623605333,-0.0058333872586613066,-0.015263406691642124,52.0,0.6512865591790092
2025-06-26,224.14890428105787,124.0,-0.14016074109841434,-0.1386851931449074,-0.09207326406559482,-0.19446609983160712,57.0,-0.03273072631452789,-0.05304721833939677,-0.028392458005085802,-0.10621800428369542,57.0,-0.15143619559087962,-0.14751649666267763,-0.08487530891922156,-0.21270191576752925,64.0,-0.13341380769185934,-0.1241950581294212,-0.07072518846656242,-0.17127921568360494,64.0,-0.03498909565063036,-0.047060386734936045,-0.010425406371193427,-0.07792309452876461,76.0,-0.04104341313360532,-0.08587288698855763,-0.04019816831783603,-0.15941632937010597,76.0,-0.13297662208701178,-0.17198000045639872,-0.11284407582132834,-0.2280242385999005,76.0,0.5532036857272242
2025-06-27,220.4204372066714,139.0,0.14419971974945364,0.10270131084074648,0.07793219421028766,0.06443468789611705,43.0,-0.038668320405773005,-0.08279629225078934,-0.07763828745637327,-0.10879092025221383,43.0,-0.001379008603862445,-0.07138060834137604,-0.08245682857105441,-0.11944651328856566,43.0,-0.006370459933649061,-0.06668229594798351,-0.06948001000772366,-0.11286992110629333,45.0,-0.030902911024716023,-0.1017621781454355,-0.09820094216669337,-0.13360041726269406,45.0,-0.057293065614012165,-0.13754343219171594,-0.12429177139577421,-0.14650786934198276,45.0,-0.14559844387563337,-0.20539370742612847,-0.17175546043694273,-0.18736145618992756,45.0,0.6306130309943552
2025-06-30,221.52325271079795,103.0,-0.007335101125446129,0.00829505919321288,-0.033562354282630595,-0.0019001649734186029,69.0,-0.15612132323688538,-0.13160023057815287,-0.12835691217961193,-0.15588024148804425,69.0,-0.07021810804389216,-0.07976459538251737,-0.09089252840389803,-0.13249491956461273,69.0,-0.06320591118488934,-0.0743208255183747,-0.0814352851024694,-0.1028634974429625,69.0,-0.06357707154022502,-0.07637640414111047,-0.08490278054642995,-0.11972160105243189,69.0,-0.07634940381181166,-0.07486168034987663,-0.08217371865966845,-0.12583200103270836,69.0,-0.06805720014819877,-0.07143248455535837,-0.09134504208785428,-0.09685511149768843,69.0,0.4649624756750394
2025-07-01,216.7115143573886,402.0,0.14956460265934826,0.19962231688637203,0.18418881636442427,0.2138000786675377,128.0,0.3658873078410986,0.36537225744245666,0.2922751041496634,0.3813846631520239,217.0,0.4161691080708722,0.3964462575580912,0.3220585879970574,0.40184980883396676,262.0,0.2825172875154508,0.2905930801382788,0.25673284209127173,0.32891956733528305,275.0,0.34729174249284706,0.32030785814694224,0.2703959196590712,0.36409869677203877,275.0,0.26083562472581545,0.2677365616632649,0.24141819772067905,0.31855452987466615,302.0,0.23781674326883892,0.24346816551611386,0.22368433869712695,0.3091601407955717,302.0,1.855000650021041
2025-07-02,234.35803679954208,193.0,0.020534349681952595,0.03082237652899796,0.03130473497647949,0.0317739269208741,46.0,0.04905143230279059,0.05676417966933365,0.09566414269780121,0.07932818288695924,54.0,0.014955759807418255,0.02748659624172892,0.08415706066707133,0.045142173520526414,77.0,-0.11717610148343359,-0.09406937441040722,-0.006678735073323337,-0.07789603932102182,77.0,-0.02572945045163022,-0.046449710978109,0.013101487478509236,-0.013300414214363019,77.0,0.05092785187647366,0.04833044338770073,0.08965121345731335,0.08124185514160014,99.0,0.1048461796189311,0.10293036975528544,0.13138261354218547,0.12265882956180904,99.0,0.8235262704691556
2025-07-03,230.41917615196664,169.0,-0.05830988144760184,-0.029718202701211408,-0.018447512542371872,-0.04452046056694817,105.0,-0.15544892760297832,-0.11983782973614772,-0.07909899660834528,-0.12163544472139246,105.0,-0.11500510247216011,-0.11316281685330466,-0.06889702709620597,-0.1085528003173506,105.0,-0.32853578290137353,-0.26489081633260003,-0.17592005112838738,-0.24296146120854809,105.0,-0.21602063875041017,-0.18411704788090902,-0.11796383641318631,-0.1803530339302326,105.0,-0.3298130377201314,-0.26393844118492693,-0.1649698943080509,-0.23230802212182403,136.0,-0.2021318279612821,-0.17833526872462105,-0.10339506570884559,-0.1719260170526326,148.0,0.7334458998696388
2025-07-04,224.5697308041603,50.0,-0.025094957053657396,-0.013603132945318671,-0.005533386116124509,0.005957161585156003,38.0,0.01214061078495688,0.0120347994653403,0.0012577437900953517,0.009784853657792249,38.0,0.0017513271561524547,0.0068157100005237685,0.006874673249819595,0.05961944649020153,45.0,0.010788482250986336,0.0121338534984472,-0.012694643245041855,0.034738907885334284,45.0,0.06017337976104722,0.01911630677065678,-0.025154214409953926,0.07019184007076255,45.0,-0.06672324389809467,-0.07334373387967287,-0.09356568854397265,-0.018285713980353856,45.0,-0.17239097662763253,-0.1503268701548637,-0.15511194077981325,-0.08164247009805374,45.0,0.22264799365860807
2025-07-07,234.7059469180498,180.0,-0.055170817036785016,-0.012196818389294997,-0.016008944564457655,0.010495351951433887,161.0,-0.24967708722004375,-0.18106113196307122,-0.15726508065657488,-0.15343803480832777,161.0,-0.32941296930604386,-0.27750980082429005,-0.26211263401198176,-0.2347336704016379,161.0,-0.41148163271462346,-0.3506935582660724,-0.31192093529857784,-0.310345201691219,161.0,-0.393283949155075,-0.31299809647098364,-0.2618873108423042,-0.2534418470515296,161.0,-0.3515064710315167,-0.25917298022840407,-0.23645805541015252,-0.20509999933661172,161.0,-0.20795419258792797,-0.12623411436474696,-0.09995979579268519,-0.06232740127646402,180.0,0.7669170822622957
2025-07-08,237.3053805449022,174.0,-0.026235966005554327,-0.02043608570137483,-0.031672233500283045,-0.03014045098508795,47.0,-0.15083643236241015,-0.1148647411285146,-0.10448282969140604,-0.0943569596739723,47.0,-0.09338345688158825,-0.0525695280579491,-0.0487407432158551,-0.01341229236445791,47.0,0.017109716177442343,0.046649589861266695,0.033908971878355613,0.07520702209054213,47.0,-0.03837765072938114,0.027002311567436092,0.049206152313551875,0.08168245164110173,68.0,-0.04066986203453325,0.024037953887458934,0.04586827344317503,0.08969250199951871,88.0,-0.03587318099806163,0.022424679320337572,0.045145740992565096,0.12369621804299791,88.0,0.7332324265065547
2025-07-09,239.08582049300674,327.0,-0.017969449258909396,-0.015951304584265268,-0.007560625391630596,0.0181375590738957,43.0,0.23610838872698045,0.222288948381707,0.18505878518571411,0.22712971028286946,134.0,0.23403825352423713,0.2429411202326712,0.21428281502424737,0.2547924246641791,139.0,0.2609186019304373,0.2552349438171196,0.21853142546079465,0.27103372699121603,139.0,0.22349061368007533,0.20765441723833233,0.18416226120760074,0.22084497048903434,139.0,0.21669882082479414,0.2065282150286511,0.16272046203756094,0.21596963613308012,139.0,0.21390720145783523,0.19953121277748626,0.162714102322471,0.20293104145398225,139.0,1.3677097174801496
2025-07-10,247.45859949367275,237.0,-0.025142036251421085,-0.025621685883090113,-0.02189376348412085,0.002522511473338007,65.0,0.02242313915902935,0.035003857448938344,0.029852071037089093,0.022843491585658786,65.0,0.051343677154229175,0.04905136352986753,0.04548490751258872,0.05922188730987521,65.0,-0.05675364435288466,-0.03859401869430726,-0.013154297070232909,-0.03933432484165294,69.0,-0.002845144566443433,-0.007567858531255761,0.01943625674688011,0.017688722731165223,92.0,0.12849372748162208,0.0996949451556129,0.09653950377638655,0.13836622709464044,135.0,0.05228114314123014,0.05026989673172346,0.07794467671223228,0.08854771484751246,145.0,0.9577359626415402
2025-07-11,246.46254239903726,286.0,-0.11541691160898727,-0.06691379530130998,-0.026488043528888276,0.0027434155867070075,92.0,-0.06314662892210918,-0.030302120348569,0.014959703057701567,-0.011417951273382371,106.0,-0.06952522815454143,-0.029759641815455998,0.03361567587918365,0.0316792382736578,123.0,-0.1290744899649417,-0.07468011133561386,-0.01276313081029087,-0.024021365227144605,123.0,-0.1844240339614912,-0.14642507008520692,-0.07826337093201896,-0.14778660040060568,123.0,-0.22109097288499002,-0.16565049779897326,-0.0942012839080369,-0.16662249580125463,125.0,-0.20698118418904385,-0.15522055896299483,-0.08804238046780853,-0.16395150398553376,142.0,1.1604197425544256
2025-07-14,250.22801455150992,89.0,-0.1368266150673318,-0.10910851604515107,-0.058429481195820795,-0.08396846533069242,45.0,-0.16100172641690258,-0.14740172208501687,-0.08913415064322683,-0.15045452844597082,45.0,-0.30961599789042166,-0.26896404367156507,-0.1673943253616197,-0.2163507357263943,45.0,-0.3511968724529965,-0.33461005791674153,-0.2409330742255591,-0.2549294406323246,45.0,-0.19291700423791644,-0.21072447806027098,-0.1313563328866069,-0.14791288854522436,53.0,-0.34640556487416047,-0.32858094944590177,-0.21705038506068533,-0.2431833764653966,55.0,-0.3054206472223079,-0.29465932346428053,-0.18459346536627153,-0.20988938516607764,55.0,0.3556756031474613
2025-07-15,243.0634417370804,370.0,-0.07670994950930575,-0.014265953470035177,0.01605156718095491,-0.041041781824399104,53.0,-0.03644833618031284,0.0272222719040557,0.03774252257369639,0.02005912245113465,53.0,0.12440117563438227,0.13524563812419105,0.1323326218659533,0.09285431469235889,76.0,0.12163627596814015,0.15770447158194192,0.15794047304019518,0.12489560187716615,95.0,-0.0472657374837858,0.013862700275867137,0.06175306573391019,-0.03378131030763195,96.0,0.0813755111126435,0.08891964402736655,0.11618255046727403,0.03954955754656974,109.0,0.10355076359350454,0.10708877870339062,0.13277701913658851,0.05358583729710798,128.0,1.5222363237998817
2025-07-16,255.15263776212038,297.0,0.18838672528607242,0.1117384808770109,0.07028404232382962,0.09873591117485747,60.0,0.14339364176481356,0.0985500468333099,0.07028317826050463,0.05558873338247185,81.0,0.20667056641559392,0.11788671803692954,0.09461211462348923,0.050846050577723075,107.0,0.31322317293632684,0.21182147460766193,0.1735061591033065,0.15116888677142706,135.0,0.3024616062207092,0.1970849344922322,0.156658332840101,0.11616968338035516,151.0,0.2958717827695606,0.18522512995336765,0.13992259097853285,0.13334359981043317,151.0,0.18554312793022412,0.10154749433743214,0.08191565728900682,0.026959780051714583,153.0,1.164009130397053
2025-07-17,259.1381008323946,284.0,0.21676894322466173,0.1915454993140246,0.13268746801084436,0.15236187018847805,96.0,0.18677624206288893,0.17766241526944002,0.134447517767542,0.08929341883910859,97.0,0.1486979269162279,0.12399167496842957,0.10092293612694138,0.04790026125634685,97.0,0.09498011263650152,0.10820518782708642,0.10543321218674502,0.007404114724788798,118.0,0.015081582796034672,0.039384199349075305,0.04393685823726304,-0.02639664097939683,118.0,-0.05455016057476445,-0.023516382235989657,-0.0005079091085329662,-0.1001583323476948,118.0,-0.1464873502870272,-0.11437094779663023,-0.07756331940531806,-0.15445274571470238,118.0,1.0959407323266814
2025-07-18,261.50590075311896,80.0,0.16639407035073484,0.13358689633951737,0.10963371491342801,0.13371845188772247,64.0,-0.04342812111988489,-0.03784018732678973,-0.042353105047144984,-0.02705811806448514,64.0,0.040313112515525856,0.02482051941710512,-0.019177803273764196,0.041605407590468144,64.0,0.07800374738877494,0.06065913965626334,0.009689904521513044,0.06809197538483455,64.0,0.08795071628836236,0.06623812207553924,0.01638004313620116,0.07859327460477755,64.0,0.0364182304357651,0.016263964529123334,-0.046568878662740815,-0.008708190156875243,65.0,0.044694932378054275,0.015991825264765183,-0.036988571932455964,0.026185993550119833,65.0,0.30592043915493117
2025-07-21,252.69581496710762,108.0,0.023836664527302317,0.0015440618635261776,0.017994480957605804,0.05385191246312905,81.0,-0.056774774565532024,-0.05335146598579783,-0.00041935753073936525,-0.003028551767871299,92.0,-0.1568390607419318,-0.12874932377619386,-0.07059717775615149,-0.1115859934249442,106.0,-0.27903091486257603,-0.25221599681739887,-0.17551071603738463,-0.24375932340844297,106.0,-0.08020884048699795,-0.1222627897863537,-0.0988533563581927,-0.08865831245285462,106.0,-0.07384607505331635,-0.11086669145931004,-0.08658711126542148,-0.0740173170497582,106.0,-0.10915212427527587,-0.14490943128351294,-0.12411096558283785,-0.10140676235443921,106.0,0.4273913282420523
2025-07-22,240.91526116071643,201.0,-0.016375508032512434,-0.006461584458029168,0.011087146178177743,0.019880696152813206,67.0,0.028364638064918943,0.044500976247712924,0.049062215153338445,0.06832913945189109,77.0,0.02572582747334531,0.046013156113318486,0.052410711878762554,0.11365016768286171,90.0,0.3783239585698216,0.3244604919280279,0.25034780652827754,0.363564720849611,181.0,0.42061737285409606,0.34030856649519414,0.26513440810743333,0.3758495206562026,187.0,0.216170471113246,0.18197849035949162,0.15197553399177094,0.23424487939645586,201.0,0.21344228132846604,0.15411747924519842,0.11942444674799141,0.21474605373219985,201.0,0.834318253777669
2025-07-23,258.8280934311244,258.0,0.01622004327313384,0.018687574395766657,0.025331693654986692,-0.05984068376092856,146.0,-0.07209484660698329,-0.043714592019299274,-0.020230988489976134,-0.131814136608551,153.0,0.18315687398694933,0.18524186502670378,0.15074922081815953,0.0928504408971124,183.0,0.03331205116231051,0.05489740205610134,0.05432320149996298,-0.019736668874136838,194.0,-0.04566851725585235,-0.031528275489550915,-0.018315869227486542,-0.09370279444553375,194.0,-0.22879056576532147,-0.18260089556054027,-0.12603375662706062,-0.2340540572363622,197.0,-0.250507404990178,-0.22059483507993163,-0.18091349752488808,-0.2908451259654858,197.0,0.9968006045242351
2025-07-24,258.7492273900649,103.0,-0.06909948957144289,-0.06704043461339454,-0.03698482806753137,-0.04546701830252571,55.0,-0.053542662426772206,-0.054537121136378576,-0.026558954504742327,-0.08171618917317115,75.0,-0.017580969842831248,-0.012902266645642452,-0.0013460594676539758,-0.055737529793881,75.0,-0.0825838944774434,-0.08214556975325735,-0.06617071616722009,-0.1332133278936464,75.0,-0.08197003927634228,-0.07827442029865427,-0.06074220218555846,-0.08172353370846858,75.0,-0.17222759274359142,-0.11760166310737251,-0.06762504167819562,-0.10136725584984721,75.0,-0.05686704851474324,-0.016081149955487962,0.013372635285907224,0.012051729560867617,75.0,0.39806882145672
2025-07-25,251.1540628767254,109.0,-0.028070456075161256,-0.033819613268139245,-0.01682856901062527,-0.051221854656228735,62.0,0.054783859676784036,0.03212696241759294,0.029396894501559703,-0.013144488224284108,66.0,0.07198338963645043,0.04895710539530717,0.05052686653345174,0.0005025742548822689,91.0,-0.24928143551084933,-0.2256551498758353,-0.1932095555507332,-0.27317167420281896,91.0,-0.202542376725994,-0.16633968671786156,-0.14396743862636413,-0.21583070558128797,91.0,-0.22646425074461854,-0.19889281163434433,-0.17159395023866802,-0.2338487303168667,91.0,-0.25026597861045047,-0.2136114181658643,-0.18610667037861056,-0.2517442058790801,91.0,0.4339965627133842
2025-07-28,238.7584378408468,193.0,-0.0696193996232917,-0.00798004764710882,0.001277740425730256,-0.029713858320727232,131.0,-0.0857277029837408,-0.035643075433956964,-0.032702481212836684,-0.0806894516643827,131.0,-0.3028098029918888,-0.2025478095121783,-0.16151576369879989,-0.231712701115309,131.0,-0.2610229311947816,-0.17523156827674607,-0.14034207875260996,-0.19188262046152157,131.0,-0.16284915162071528,-0.09022864469104298,-0.06732390966032219,-0.1320748215434471,131.0,-0.15575577530837076,-0.06957041052461643,-0.04258275346853908,-0.13619415048468966,131.0,-0.2565106022867182,-0.12859547560903564,-0.08499326476777441,-0.1729913526771695,131.0,0.8083483949105549
2025-07-29,236.78144376076614,188.0,0.0549716010178051,0.010447698908622337,0.018509987750223476,-0.04923898013929619,63.0,0.060220500039846074,0.022608367928772116,0.027406679955006927,-0.0181204132214261,63.0,-0.07341341457411053,-0.05738460121863601,-0.04037096028560938,-0.038406151228904825,63.0,0.021050699186973342,-0.008368779280637001,0.00021474206122286835,-0.016066884826206412,67.0,-0.03468573981893259,-0.0509357898194553,-0.03493599756784311,-0.03607050677756989,73.0,-0.039059409415211216,-0.060799737975364136,-0.054749718229219,-0.06680269574669666,73.0,-0.1137224329959372,-0.09336077027140292,-0.07337675629549087,-0.10300700330429642,73.0,0.7939811372632188
2025-07-30,245.8498776883122,223.0,-0.09657785523810657,-0.031951601505350105,-0.014565042595998598,-0.0734225630546468,140.0,-0.01691749885042253,0.01010538837428968,0.0032204223609323527,0.04098820513165553,143.0,-0.06583667992233301,-0.03640989947616677,-0.03570166715667101,0.0021038631377509197,143.0,-0.1307503044736625,-0.1213912851551636,-0.10617999088206621,-0.04176091614571998,143.0,-0.16486346839847651,-0.18490143624994293,-0.17831275022340867,-0.11340935392634267,143.0,-0.264902315615481,-0.2527817593068172,-0.2261932927816362,-0.19968353879393932,143.0,-0.21893130264863073,-0.2398978825381915,-0.24160841982983866,-0.18807018175999266,143.0,0.9070575999338865
2025-07-31,243.6736988608539,266.0,-0.12789917242408805,-0.03106475395437325,-0.04211378632006658,-0.07745138335070005,89.0,-0.029293682556358155,0.11238203970738118,0.11155430317092888,0.04386740550298611,89.0,-0.07704994712543127,0.04781280803021227,0.05486262000755561,-0.0031196030231131436,91.0,-0.08195418974549203,0.053400747070687433,0.05565466850540232,-0.008701410664910689,99.0,-0.07618333003467245,0.05840071876635934,0.05763848982319838,-0.01991655749702666,99.0,-0.22600018359451915,-0.04931802255051796,-0.018035626951602213,-0.13617062899774748,99.0,-0.07763546641760039,0.07682566506193243,0.07803574884657508,-0.015476052769874833,99.0,1.0916237626117178
2025-08-01,245.8000132550583,394.0,-0.03823060415178556,-0.014278301242383318,-0.019386071456641816,-0.013071507918230465,139.0,0.25680896345178783,0.2935702892733097,0.28319358546145557,0.32186726002053717,212.0,0.36298761893321485,0.40617442372736445,0.4054474968286648,0.44873905817868076,278.0,0.4997919339044124,0.4991410806797427,0.4779593465551159,0.531656386770456,292.0,0.24686160207064273,0.30561813638359336,0.3468711220805301,0.35294859975638143,297.0,0.23210093987280025,0.2761788033460638,0.31436110344199725,0.3043961728234298,297.0,0.27168679971396537,0.3098236891973941,0.36157388937861346,0.3356522211031376,304.0,1.6029291243005737
2025-08-04,259.9142977069575,268.0,-0.07502484021126658,-0.032268571094734445,-0.01664564262153889,-0.019234435377307933,73.0,0.059336880869752466,0.06857807176511452,0.044853859223531564,0.071324132813753,73.0,-0.14802565578379975,-0.10695494487720748,-0.09980088534329129,-0.07578291561190052,73.0,-0.15742898426079657,-0.12338824988642422,-0.10598102090309731,-0.1356941439971574,85.0,-0.14258430703688627,-0.1385919396955623,-0.10653432998646714,-0.1206885605235255,107.0,-0.06512714549499868,-0.09956674178704163,-0.07377442052153782,-0.0612839588412118,120.0,-0.19113253349873754,-0.17251050351625405,-0.1058740911044433,-0.12913194923337826,133.0,1.031109109288627
2025-08-05,260.68436459200916,163.0,0.22938391188288174,0.20358780283774616,0.16417816276793917,0.18118876630716765,100.0,0.12152098278895214,0.1047783946780022,0.09008567860876468,0.09855667582182734,100.0,0.1720151977391675,0.16017802667486936,0.12113634287661841,0.12498157623577379,116.0,-0.031863593518280664,-0.020862608748564587,-0.048440615612254385,-0.03060509509856716,116.0,0.011048856002492708,0.021120365955852698,-0.019542218844680694,-0.009221862109533288,116.0,0.08594078540310807,0.06659259058920962,0.009777831687512046,0.017966873388772734,116.0,0.11588345673680767,0.11131610540349068,0.03333520660067533,0.05569075131745856,116.0,0.6252772399875511
2025-08-06,251.38109177372257,102.0,0.024368802928848854,0.044476351533903745,0.051646485640951145,0.06324087823946958,42.0,0.028541072749210295,0.040602269985873046,0.02702514818732162,0.019808227706977165,67.0,-0.022871860458353658,-0.0022785368852122415,0.0062185720791189236,0.022529671050068957,67.0,0.01963285278453502,0.03381715803465134,0.03476475834668244,0.04835022113248553,67.0,0.044372343254102616,0.042664851075931695,0.03922994880540873,0.04400579647461668,67.0,0.07202824967976877,0.058476365462617225,0.04993007463714229,0.08879694975418909,67.0,-0.10239701411264222,-0.06482521763460247,-0.04022784703618118,0.006798735553943459,67.0,0.40575844141775774
2025-08-07,237.15432112860614,401.0,0.28734890711414096,0.21974208076994442,0.18736937866891454,0.19836098361950233,194.0,0.24177562862023613,0.1666104328573084,0.11183267464101647,0.13026685333398014,212.0,0.23369659350731573,0.14821702286013141,0.10467776651153546,0.08607730690785652,234.0,0.10331417699190959,0.07926393782928533,0.08909178390979328,0.036296969129119526,250.0,0.3772885563883073,0.2637615555017762,0.2211202363400263,0.19839779010969052,308.0,0.3481034427002203,0.24468100102949966,0.21668794556176696,0.18290083490960887,338.0,0.4437227227788195,0.3233015297896333,0.27055595586990056,0.24960572569626166,341.0,1.6908821146149058
2025-08-08,252.75867149731033,86.0,0.13046587088213998,0.14279157672312617,0.1374597247888156,0.1362385137968057,86.0,0.11100510171282622,0.121629215297829,0.14850567660126673,0.14358903308876958,86.0,-0.1387711816386296,-0.07712998043740142,0.0009672628372496457,-0.11597816365229784,86.0,-0.05323698650906747,-0.00043015674422512847,0.0419817885757732,-0.04004296586058177,86.0,-0.16147523381248535,-0.11272181171288048,-0.045346313051034176,-0.15229208509939285,86.0,-0.1712145061331973,-0.10868392556575936,-0.0316367721483989,-0.1296850217321285,86.0,-0.052520951523116845,-0.0060711708343505685,0.044469978301167036,0.0030004531714753714,86.0,0.34024549777282376
2025-08-11,242.78165516423317,390.0,-0.10552642448424422,-0.0564218495054242,-0.07121715365513774,-0.026073653664577104,30.0,-0.07802859924366544,-0.029109124084644833,-0.021444720669162285,-0.013887648724042528,66.0,-0.004919473540063704,0.003383612121178559,-0.031437999479414024,0.008682273042370051,69.0,-0.06650360753630935,-0.07078635371462351,-0.09810923920588835,-0.07219148119375698,69.0,-0.06781573619633526,-0.07246055925851869,-0.10755753567854615,-0.09823874177585475,69.0,-0.0744123579426561,-0.0702051082979632,-0.11053793044670054,-0.1330956066519161,75.0,-0.05979761755502858,-0.07021919709411834,-0.11343340905658177,-0.11805513788480665,75.0,1.6063816672482063
2025-08-12,256.80244991049665,153.0,0.11496721913557094,0.06252052474361204,0.04934661255544176,0.03801281514458706,63.0,-0.24539546029652395,-0.24048989254024122,-0.17960484140137384,-0.2472361228239966,63.0,-0.2520127612553957,-0.2611143548698093,-0.19550880822906497,-0.2912394822159395,63.0,-0.2633955388087863,-0.25939284012911074,-0.19506544760494682,-0.2769413364983333,63.0,-0.23049832718144309,-0.2190439254900764,-0.14949737181680647,-0.20071928110679602,63.0,-0.19468578743952394,-0.17894837206322617,-0.11216221009488611,-0.17034208828135816,70.0,-0.26830852382862797,-0.26050477432654123,-0.1871445833936496,-0.2600056903174669,70.0,0.5957887086097702
2025-08-13,246.91650229997316,194.0,-0.012702765451022415,-0.021202406477973293,-0.007078920217447256,0.0053130085022827685,50.0,0.016366523091749425,-0.012398638985037772,0.004401477050710915,0.04504079460866387,50.0,-0.05384853742492398,-0.0968434011489763,-0.05941645660954995,-0.02066359626565963,50.0,-0.03192368971817739,-0.11313016187310879,-0.0933712977728504,-0.050556213806766746,50.0,-0.09383474749464467,-0.15874079728407361,-0.12322992269945791,-0.07599120349604069,50.0,-0.09578450364295815,-0.1559312056359879,-0.10528319676890445,-0.08488495878756247,50.0,-0.03836915967007257,-0.09989723875591557,-0.04646175773316978,0.003650158876352536,59.0,0.7856907018888267
2025-08-14,247.97207350949952,122.0,0.06537439179076077,0.06704465909225675,0.04719593625379359,-0.005001044291875983,42.0,0.27342499762210737,0.20975549943230207,0.1798425725576006,0.14311033555227687,53.0,0.20787115858538344,0.14861040906612277,0.12993456222260452,0.10690300852977248,69.0,0.20803085052543985,0.13821776672812947,0.1364485869062215,0.09462641626960784,69.0,0.13965944303372033,0.10874907029960904,0.1452325243641576,0.1114202174718294,72.0,0.1560666629445877,0.111293432780882,0.1358418972686521,0.0838754692975503,76.0,0.1386605381185794,0.09188515694396776,0.09991194212074786,0.05178666112203779,85.0,0.4919908853983363
2025-08-15,239.11759031811863,197.0,0.09331099836458999,0.05472970974953556,0.05399756119775153,0.0591431499850426,74.0,0.07730680467581061,0.04380001190842465,0.04770051358649927,0.025745534613616578,74.0,0.018168474593662418,-0.025389709140557104,-0.03041840387222455,-0.1035215102515299,74.0,-0.07146233946831985,-0.09805813315191977,-0.10157912634560173,-0.19247462822392672,74.0,-0.05702013929231125,-0.0559356914018739,-0.028241327426495415,-0.11428821076088885,81.0,-0.11860310599477841,-0.12390653182817835,-0.0825205284096615,-0.17690735384457526,81.0,-0.11124401820458057,-0.132706306507766,-0.11505650629228614,-0.1819280165642982,81.0,0.8238624341183516
2025-08-18,235.10639124020256,286.0,-0.04908072094269443,-0.014170603437214976,-0.007547800368576739,-0.052247590308187465,50.0,0.04105905062103583,0.0789837607917532,0.08648411111047302,0.019625476794988984,90.0,-0.04884666208796356,0.02181597606189103,0.05405797266278705,-0.019797838742949936,132.0,0.09337612938707922,0.12044917063090728,0.1203214355025319,0.04971487533612203,149.0,-0.03656734280345048,0.02737140054098199,0.06880405835294781,-0.004973851119763902,168.0,0.1300116500463495,0.15058006451374037,0.15223130928427,0.0883435300848791,176.0,0.11603028385812526,0.1263154869166408,0.13864828597521223,0.0852127044508573,181.0,1.2164705454893425
2025-08-19,239.9534015982785,120.0,0.22090063456993683,0.16235584232052708,0.11944399824296696,0.18411646556393688,61.0,0.19655871440149567,0.10432413166183022,0.05724502247500818,0.11549775854383505,72.0,0.24016281838831097,0.09622588652549126,0.019671336424591363,0.047011796688330866,72.0,0.004884969181195923,-0.12051426781337586,-0.19475269451134994,-0.19765732354882173,72.0,-0.02302110872882101,-0.15858702222604418,-0.22905748460267858,-0.20371510537100082,72.0,0.11582697057901653,-0.07148965521167264,-0.1696171851405841,-0.14098801978537387,91.0,0.20130402189043226,0.00666639910007912,-0.09321232353786901,-0.06454829344620841,120.0,0.500097098856301
2025-08-20,229.8626014460615,104.0,-0.031038443342236578,0.05110581366838878,0.04910414529631671,0.09079716832984625,54.0,0.06984789776866397,0.07090923513445015,0.06787725169021373,0.15691100363895663,66.0,-0.13308111952989632,-0.09813403104056612,-0.09717084076613616,0.0010997069046777763,66.0,0.003884818376918371,0.005397926577854234,-0.0002460425526857008,0.061674187682971345,66.0,-0.006847519538563252,-0.04262503828729003,-0.059107350385959864,0.0020104988779275487,66.0,-0.2373187092754223,-0.23372175638857243,-0.23712441069536966,-0.16742845596121755,66.0,-0.1751461705004682,-0.19922184965930553,-0.24317080574617023,-0.1860745328443364,66.0,0.4524441964275087
2025-08-21,258.16140130834134,252.0,0.16109850111623855,0.125128062100132,0.1064057673204165,0.1359114628805884,96.0,0.20863797587446548,0.1851835287223216,0.17655113265634087,0.18736371147375225,123.0,0.16101799658086996,0.12364116076882098,0.10886896456460231,0.15375716034623083,123.0,0.21267095089535226,0.16480335698725215,0.14962121191867983,0.19894116519524793,142.0,0.2695529856118915,0.2177953330429509,0.20883402995088524,0.25330617936366573,162.0,0.2803288810525386,0.2394844523043626,0.2412738267586308,0.2860204776182874,195.0,0.3777811651996853,0.30797462825896316,0.2970639713141499,0.3691670829681386,195.0,0.9761335301206305
2025-08-22,257.5746011837374,129.0,-0.02430074287967886,-0.02750167498993774,-0.003655966850775724,-0.025492292568794175,129.0,-0.22142384975950063,-0.18526047090968809,-0.14226911247153465,-0.18896137365789076,129.0,-0.2718918645987753,-0.2553913221483938,-0.229884519223758,-0.2638736074067575,129.0,-0.17612706327365424,-0.1698631708156756,-0.14552513099062223,-0.18729111903915205,129.0,-0.31596920772257653,-0.29959188397205705,-0.25210480279877306,-0.29074501304841316,129.0,-0.4232281002809805,-0.372702548126911,-0.31504319246829293,-0.37009945461777166,129.0,-0.31806981235826554,-0.29750447962820453,-0.243940604119308,-0.3115388831199647,129.0,0.500825777880093
2025-08-25,256.85321059481004,244.0,0.07069712037142313,0.06826120793924682,0.09212066647881276,0.013503429216682109,88.0,0.09000294864557491,0.0587290668099636,0.08965965831294889,0.0681848619004022,88.0,0.018607136526718287,-0.004861351906033503,0.035743316899176904,0.03242892316958819,88.0,-0.068474434395633,-0.07332397953373825,-0.01626807285670161,-0.003920032900558642,88.0,0.08073069909351528,0.03964756442716226,0.059236851241182706,0.06864374631692628,88.0,0.05450436260998457,0.008343171533349214,0.04494039476943059,0.09082908903098115,88.0,0.04347865989826787,-0.0242293812576946,0.021631274164656968,0.057426018534586565,88.0,0.9499589257029527
2025-08-26,255.6290953000662,191.0,-0.07409172774747737,-0.046112030338694515,-0.04120750244233267,-0.06453957227896916,57.0,-0.10039909138304141,-0.0918523848198603,-0.06912907532854361,-0.09853885341238228,72.0,0.04412145723065842,0.06786053806668985,0.04786995986648966,0.01181142118464254,104.0,-0.09664379956032584,-0.05573022629637169,-0.05256247287841923,-0.0833681559452576,110.0,-0.18984717392480355,-0.12577058913691827,-0.10862330913925808,-0.17774200897615255,110.0,-0.22268022983018515,-0.16753638729463174,-0.13712240375588042,-0.1992094699050049,110.0,-0.23331970737452673,-0.22329600268968214,-0.20471844396286648,-0.2489166765052153,110.0,0.7471762937462093
2025-08-27,249.47394336672656,165.0,-0.13381430750929876,-0.08365133510798832,-0.058484033838486,-0.08371025597078027,89.0,-0.13447417719447347,-0.07060437342989136,-0.04902568428512852,-0.022275215485369447,89.0,-0.1838483501090674,-0.08279957681624757,-0.050568692849053666,-0.03156663662988273,89.0,-0.21668490643231617,-0.10357031826126971,-0.057885248853197166,-0.027631754251267817,89.0,-0.18950200224143746,-0.07065385253748653,-0.04243838709911938,-0.03092438150489583,104.0,-0.19017388504337066,-0.07370250013651646,-0.04501682869671133,-0.04887370127812434,104.0,-0.20034842867170535,-0.04870272298745138,-0.019513699468204977,-0.022606410679277756,104.0,0.6613917180017879
2025-08-28,241.42880590322878,114.0,-0.1828980163092585,-0.14271860767042968,-0.09748966556382745,-0.08693490169357576,44.0,-0.11492176056701903,-0.09959514685189456,-0.08521862547648366,-0.09935607405918244,62.0,-0.1199415881247206,-0.08149328682630748,-0.044709498036473505,-0.03468577578104479,79.0,-0.039223490324837226,-0.026417092527383168,-0.00867401581558714,-0.014315468013879373,84.0,-0.2297278676901252,-0.19700159231382947,-0.17376632248259422,-0.2260336051736114,84.0,-0.25507633000596674,-0.2557664497848411,-0.23323546928726135,-0.2477927644571618,84.0,-0.10835773131062625,-0.09958027611768469,-0.0806892269570323,-0.0934949639867106,84.0,0.4721888905240839
2025-08-29,239.10225296006413,107.0,0.058476908066952445,0.07983131595625462,0.06486912337363034,0.0010507054276883672,80.0,0.06930581843588476,0.07152687437882724,0.030486188127386304,-0.03575148629092506,80.0,-0.08490343578278894,-0.02840935714766035,-0.012004640839341513,-0.055812164414741544,80.0,-0.07903185219934214,-0.02446498327403291,-0.0352254345142823,-0.11818956252822471,80.0,-0.11758901041727518,-0.024572875982326086,-0.0407692373133423,-0.14914128572151802,80.0,-0.1301145693524416,-0.040126168539244236,-0.040791413692402224,-0.1447893733213086,80.0,-0.08433877020080671,-0.0017335157077038065,-0.00264488621523116,-0.10134952316549713,80.0,0.44750728475097884
2025-09-01,236.04489553529612,176.0,0.08987327766271448,0.05663347533730678,0.04900612513850874,0.04544417717933842,81.0,-0.023791997576693945,-0.08473327086152165,-0.08520138745208154,-0.14021480500812808,123.0,0.11209822473388029,0.025247707916778852,-0.00990823667466769,-0.03580553752896597,123.0,0.12157968232782791,0.037665331660839615,0.01560860521477682,-0.018605591520016767,123.0,-0.00042345033829162867,-0.07116493402170253,-0.0786000889201649,-0.12546239430823436,123.0,0.12924173147384135,0.04346057847139716,0.026404478598980898,-0.006079623735394235,123.0,0.1605534727501808,0.06054435415815057,0.04647717134456609,0.020448678275049665,123.0,0.7456208684406076
2025-09-02,251.46919119860127,184.0,0.11426880060765099,0.08015664027616015,0.04940930326831445,0.061811608534188316,129.0,0.16792033671979287,0.13213825887274355,0.09526511181036175,0.1302247709232795,131.0,0.14997608104546442,0.11187161290083947,0.04284187310556927,0.07871505696928702,172.0,0.04119365106732071,0.014322888280187077,-0.04293305094942979,0.0023996208766777997,172.0,-0.09364812675803874,-0.10014734070968398,-0.16430545693114346,-0.1665756931943721,172.0,-0.1210066332671448,-0.1189515598731337,-0.21365628101242223,-0.1627904795411905,172.0,-0.18501862481539694,-0.19400456682375186,-0.27990804569884997,-0.23651492056431628,172.0,0.7316999713681962
2025-09-03,262.7578396558773,195.0,-0.19127932019404228,-0.15434219206961636,-0.14089696628029122,-0.19036065689268752,93.0,0.050927379871054335,0.054189052740023454,0.019471206220105966,-0.01682583092192748,107.0,0.09786315952357837,0.10728163641764717,0.07398920789999429,0.05633273711408846,126.0,-0.045510124719122975,-0.006451186664669367,-0.017369020788226545,-0.04146569612445717,136.0,-0.10349091337537329,-0.05219348101521961,-0.05515135066019653,-0.06795967147183925,136.0,-0.012521812510046849,0.013847085152621,0.011073984149319406,-0.024570794895932165,136.0,0.1328189091883881,0.12438301276408813,0.08977297964327358,0.043232758346753906,136.0,0.7421281901821964
2025-09-04,256.3047120696033,176.0,0.13074566293009018,0.08107389176966025,0.02683925308907584,0.02017046274933867,86.0,0.03169517315153631,-0.004499653759005584,-0.030798545490751988,-0.05872620694957248,86.0,0.0013511480692486883,-0.0042997917604992615,-0.02465914561616522,-0.08928823510705822,133.0,-0.02024313108265786,-0.08190130809631063,-0.149295291419271,-0.16706723367712836,133.0,-0.12994362684455923,-0.13083815278776562,-0.17403242141497663,-0.19465871812545088,133.0,-0.17701433792962246,-0.20533466997670896,-0.26061331506007424,-0.28950239420028157,133.0,-0.013512533805676132,-0.03148939059224626,-0.10452631765855672,-0.15494447414435245,133.0,0.6866826543251559
2025-09-05,255.89473949154583,143.0,0.027477326329753717,0.0015226253455317312,0.005002112269577173,-0.0617313978065772,41.0,-0.002650858013679868,-0.01619894588376136,-4.956152507490933e-05,-0.06813147765938207,41.0,0.03330884565720274,0.023068762722382938,0.012246033214425195,-0.02430353608316667,50.0,-0.04732811961994909,-0.05785754750150677,-0.03916618913563817,-0.043268303076255864,54.0,-0.011444639952847512,-0.04979226751245857,-0.055756024344844245,-0.0672659562540154,54.0,-0.09360344394149964,-0.07100351244547534,-0.0456007457848988,-0.08608551498184859,54.0,-0.03038030458309114,-0.03432873632260354,-0.027507327315729302,-0.06894020343487589,54.0,0.5588235236259103
2025-09-08,245.14285953997003,115.0,-0.05636355745851235,-0.08591340901727137,-0.1098214240089533,-0.09203014890399287,100.0,-0.11680363391158326,-0.11310133182821154,-0.13459769536944993,-0.08684445456057847,100.0,-0.19936297267582923,-0.17349404834649043,-0.19634958143356007,-0.18583316666950186,115.0,-0.1852017990320409,-0.17096953757893302,-0.20665317060547927,-0.15318869951787029,115.0,-0.2058478273248503,-0.1851658605070629,-0.2110690014616031,-0.14155572531155186,115.0,-0.23927790915016972,-0.21023324758529496,-0.22527395742950493,-0.20859361825122696,115.0,-0.20118261689237416,-0.17147485947360874,-0.19741369065987438,-0.17485570357874614,115.0,0.4691142145270174
2025-09-09,236.6530633933062,178.0,0.003854678202364407,-0.03324825334449462,-0.03384131542914611,-0.10391800734501319,32.0,0.014183997411494748,0.0037841833085272697,0.02552261071686836,-0.06580023891856465,38.0,0.023518456714259367,0.006807065620220024,0.03713327854500274,-0.09230246947547237,38.0,0.060299628554174874,0.03488339389673755,0.05157493522813636,-0.06536516038800047,38.0,-0.010965883679574344,0.008950496751473873,0.05169860519735371,-0.07810130031299325,38.0,0.03827281802238772,0.006060594409012237,0.04283627498136143,-0.034419221011132844,39.0,0.02855061291651018,0.004165009302498067,0.05755056497985218,-0.008841387016374117,39.0,0.752155908939883
2025-09-10,231.06705735584848,283.0,-0.0697905070361495,-0.021925859196586617,-0.010742352144611327,0.02043606337601489,65.0,-0.024989855555883643,0.03602815704127942,0.04231097586383451,0.0782197601885816,65.0,-0.051147934529034295,-0.01279549081352834,0.016046485894809646,0.04673724171551365,65.0,-0.06553282818782155,-0.0008912191066593673,0.04838589895732414,0.04797051825401937,65.0,-0.09159689022786208,-0.004760241730587677,0.05036974565923302,0.048544289535519806,65.0,0.007097909545484752,0.09042807183451779,0.12198464252315014,0.1340475957894799,88.0,0.05096625917015527,0.14034308867694303,0.14668604096470472,0.1411908295009786,98.0,1.2247526897102152
2025-09-11,236.01305189338672,152.0,0.02859076051498648,-0.0027635422331012175,0.03555916365382658,0.02065283320358178,55.0,-0.08807983113226815,-0.09588918580176115,-0.05766394038931837,-0.0957415068824976,55.0,-0.22155678928435688,-0.23998704573202512,-0.20802916073999903,-0.23012904868832526,55.0,-0.09018578826143075,-0.1479049130606343,-0.15817711945144552,-0.14804306281529073,79.0,-0.047963281690417116,-0.07777231448325059,-0.09950289665256974,-0.12847582980619643,79.0,-0.04535501166937332,-0.04516076417415329,-0.07394098228403413,-0.1157625413366182,79.0,-0.057433073254872374,-0.04747973020429032,-0.07635981180094992,-0.1327155854895371,94.0,0.6440321786468928
2025-09-12,240.96418980830228,116.0,0.06971500650330836,0.004511347081937043,0.0015352877661409426,-0.0018216142781446005,28.0,0.06861996613671054,-0.023442274440912892,0.0073773094572158,-0.036947894880331386,44.0,0.001705518841126177,-0.09007692979395868,-0.08144908990303927,-0.11052871292020798,53.0,0.04120072998536251,-0.07900528041115386,-0.07875742032431124,-0.11175622647403513,53.0,-0.04837816161322332,-0.13286404156755546,-0.11440527656691263,-0.12990984100640338,66.0,-0.0941314011813579,-0.20364563505763944,-0.1829034963578149,-0.18799546206130913,66.0,-0.0991689629430593,-0.21755706765164978,-0.23569436325822793,-0.25910628264509755,66.0,0.4813993319600027
2025-09-15,229.06283839798778,139.0,-0.15517202732496502,-0.1732232823507799,-0.17651633218350055,-0.1906405100029917,61.0,-0.20154453764251692,-0.2596409966888776,-0.27417020093798034,-0.28210681488268385,61.0,-0.2880001287772816,-0.3115183354482879,-0.32046380882673287,-0.3569295366536998,61.0,-0.23039562495823337,-0.27302460166635945,-0.2656983739915248,-0.30989202871790494,61.0,-0.17649581246987636,-0.2379173968721382,-0.2320566101540941,-0.26229085821010484,61.0,-0.21660823260251916,-0.25082820405876305,-0.26567746829901234,-0.3152005030587718,61.0,-0.19957607233780192,-0.20497769606150482,-0.21176616522842534,-0.27261088802659456,64.0,0.6068203859348539
2025-09-16,224.48542521722703,253.0,-0.034170802362271255,-0.056804219854816075,-0.03593900637409522,-0.09294707980322918,60.0,0.11666484590926783,0.05502112436695244,0.02970479707376211,0.004963238000539484,125.0,0.19099782557410167,0.10849380240328882,0.056634030937811955,0.05874573970594113,174.0,0.1271105230587028,0.08772172843521481,0.09085054347757465,0.06824689435296367,185.0,0.1502317516818517,0.10870072836500036,0.10976055079083642,0.10645977400744815,185.0,0.24922324677047333,0.18944057505073345,0.1874124015438878,0.17270469792062274,189.0,0.13299641421393638,0.0951766852485937,0.10596961091146594,0.08770804703831608,189.0,1.1270219425389438
2025-09-17,227.20109900606255,81.0,0.14662458774747408,0.10255722694053296,0.06509688706312657,0.09201417660554999,38.0,0.13514653429769113,0.10763970559096185,0.04610825950624027,0.04488916198583381,46.0,0.1583824638268409,0.13738749854758597,0.07383154489037842,0.06199292417611702,61.0,-0.05446742598250515,-0.02639529527466063,-0.06507252374892729,-0.14495086175597793,61.0,-0.02377838062292747,-0.004792343420329516,-0.0676351684647523,-0.1043616338441896,61.0,-0.12920658300957322,-0.057408140511598635,-0.0732497248729044,-0.13216651613940597,70.0,-0.14839626699671238,-0.09596676708775424,-0.11380711434699528,-0.2122532845585606,70.0,0.3565123599945202
2025-09-18,220.32480386262802,257.0,0.02637184595887163,0.0190320118403761,0.00038815971041878566,0.05887793861483283,39.0,0.07674596191171638,0.05225246095149559,0.0036132676213165077,0.07838222016239271,39.0,0.028123701906619614,0.008499990801245366,-0.04779086574461519,0.0589916406881225,39.0,-0.08726022419140812,-0.04131751793609225,-0.06672502292909689,-0.005611306489922038,39.0,-0.10133666256946795,-0.04776306066970687,-0.0621661691288609,0.021057869074368376,39.0,-0.1114251511045723,-0.04446050577539095,-0.0706719924992278,0.014645705694157792,39.0,-0.09632047616845851,-0.025438479438115925,-0.06152735407333058,0.03378074243984869,39.0,1.1664596790483874
2025-09-19,223.81767968523488,138.0,-0.06444944054596617,-0.05450392364891377,-0.0224586333590948,-0.043998517284510055,33.0,-0.0877818236492646,-0.06975813481815614,-0.03069363753258225,-0.04687767831356232,33.0,-0.19920435275363038,-0.1543396698858457,-0.08539391993968715,-0.12953146022038498,33.0,-0.182636553494386,-0.15673956747819143,-0.07781811320522891,-0.06458391411960973,49.0,-0.1558602057159468,-0.1583112967666903,-0.10100072529179775,-0.08293770149784577,49.0,-0.33154398350064684,-0.29437451560286354,-0.20978238771493768,-0.19398810472742334,49.0,-0.3235889033784898,-0.2837535917139254,-0.201669085803914,-0.16421299552908963,49.0,0.6165732760435895
2025-09-22,223.16837685806965,252.0,0.14523276189421738,0.10810217121654848,0.0754961254353888,0.11923975087245638,47.0,0.10948398473752245,0.09163129815746239,0.06815913994408285,0.19750838270764318,49.0,0.13607685674995906,0.07921252393907573,0.029759813816918623,0.17237862852785354,49.0,0.08722741652227115,0.07578226994375915,0.05245100338024088,0.09906800918108191,49.0,0.16345221910784136,0.12405498323063881,0.07556960763121387,0.1111862348528547,49.0,0.18813593313604837,0.1611752351391972,0.11573540414525504,0.15117899785723787,57.0,0.17433486094048622,0.13527693585514888,0.09734823773522408,0.1293912336833573,77.0,1.1291922428609438
2025-09-23,225.9142457287297,305.0,0.01767739961620563,0.033471295518609286,0.04599572795647786,0.0075412381429544135,96.0,0.037064915333187926,0.03353630072537697,0.01783702529417924,0.034726836690942384,96.0,0.01177354196277936,-0.005583196438124216,0.00868784621409094,0.02181582877196572,96.0,-0.10275136322646818,-0.06824677919321294,-0.025260285950257033,-0.037939402266201815,96.0,-0.06975929090535687,-0.10025481095293667,-0.08544729078525924,-0.08578200568192901,96.0,-0.11191797550906717,-0.15394601608556355,-0.13862510041575593,-0.10983825248956211,96.0,-0.0782910049360783,-0.11147867743246952,-0.09599819768027644,-0.06655257076903608,96.0,1.3500697975736946
2025-09-24,233.44622232599355,188.0,-0.026988678029565012,-0.058607609946240716,-0.05889179563838253,-0.042479380785368843,49.0,-0.19102444126314377,-0.183905804356867,-0.13569024159211304,-0.15417798378736525,58.0,-0.11748663139106874,-0.1289266340411604,-0.09493692747032997,-0.087269317741702,66.0,-0.29993790866320497,-0.3400504718828001,-0.3224610781304785,-0.33090635757691444,66.0,-0.44142809893460216,-0.4517710136517592,-0.4192390785911998,-0.4348344561780683,66.0,-0.3997274762017082,-0.43732726179271963,-0.41345062301368274,-0.4365771997169878,66.0,-0.39315886307049325,-0.3968016444185813,-0.35591242218186697,-0.3837023381519145,86.0,0.8053246616150822
2025-09-25,241.7846773425656,169.0,0.07039605424216057,0.050513471456694506,0.034926089779628945,0.07921295265728623,46.0,0.1047409562572164,0.06700768246614779,0.06875613735660745,0.1386235164911347,46.0,0.18916095593110707,0.14672874312995007,0.11163227398887203,0.23836472709717998,55.0,0.2760133546441665,0.21564876658108417,0.17063165989247298,0.2635332850209764,59.0,0.2554717498923711,0.2199497843607819,0.1890026858686485,0.2631708386642338,76.0,0.28206964570568605,0.25538828049287904,0.22036088829876754,0.3080313392778807,97.0,0.2616295215058197,0.2389504545581414,0.2020108103971047,0.31032441947197414,125.0,0.6989690242469636
2025-09-26,237.42423188136888,194.0,-0.11329618335132671,-0.058514955235217846,-0.04370671916356518,-0.09487794002883485,55.0,-0.10178596288995778,-0.06908661267916065,-0.08415737742249857,-0.08327911136980902,55.0,-0.24747911343285317,-0.2533598099910718,-0.2700277033976494,-0.30988734361288417,55.0,-0.35653917864698725,-0.3415303142573018,-0.3451018301201361,-0.3838090671908223,84.0,-0.47989007633713776,-0.4621003013330235,-0.44727384646176277,-0.49960682697420655,84.0,-0.5098330528899805,-0.4794923909697627,-0.45324452205718146,-0.48027427635844416,101.0,-0.5802846999880998,-0.5654805688631055,-0.5503231626682741,-0.5827199547968053,101.0,0.8171027803806219
2025-09-30,261.5743050355242,249.0,0.10142960989112118,0.0855246704671606,0.0768774485719313,0.1306151021328856,141.0,0.09509295729594597,0.1277520417914294,0.09126746835338705,0.1287281758181363,141.0,0.04167230870099166,0.12915289801658,0.10303015705410838,0.1799461735765987,141.0,0.09313042029830493,0.16601034070714582,0.11935964325027308,0.22094891472114472,141.0,0.12296189016455102,0.18808853665124461,0.14749081460377184,0.2689256363980327,167.0,0.21930707851301265,0.29038971116832535,0.2490439400683455,0.3705470285002572,247.0,0.17630771178853769,0.2621024691999108,0.2318189949183704,0.3348496983846838,249.0,0.9519283630178564
2025-10-01,260.3767521749981,314.0,0.0536235391319084,0.05871151781821893,0.058227413857904906,0.02959216044916551,64.0,0.07820638023148725,0.07359618316782802,0.061817216153249865,0.05955971226550896,83.0,0.13763420925932093,0.12355501091339177,0.09210983673015898,0.12823910199960759,89.0,0.23690738730500366,0.15349074026115064,0.13387514518062923,0.13944286819706836,122.0,0.35005657997007644,0.25764720067944924,0.23240290352953735,0.2557720049451421,176.0,0.3269101428805566,0.26166984058211123,0.24096144484012394,0.2595781284298066,229.0,0.4119309544442366,0.3377731618435155,0.3053279978470842,0.3367109576116741,239.0,1.2059448371525963
2025-10-02,271.29325196785544,139.0,0.08036370804632448,0.05434611658849981,0.04906174576990848,0.03170344934319528,91.0,0.034391147995892775,0.004500474387747167,-0.007361517509779901,-0.09274675602723961,91.0,0.0020427389592425865,-0.01870227324678563,-0.05305559787017417,-0.11647607063433543,91.0,-0.010693483803420143,-0.03800359062729894,-0.07826753699568385,-0.16410518215649675,91.0,0.04203874445254494,-0.008909283204184087,-0.06543530413586929,-0.12081665187226968,91.0,0.02405897989360141,-0.029311275974520806,-0.09330263654772906,-0.16855460293471744,97.0,0.08933523018058516,-0.005360082589532498,-0.09879098513625655,-0.11691313870273334,97.0,0.5123606982176969
2025-10-03,259.36056130425015,376.0,0.08544373310158261,0.08973605077097523,0.06511292053425713,0.08151578256975694,61.0,0.15920708129709407,0.15627438590745737,0.13157222572104382,0.11393389759405291,90.0,0.09386091405722466,0.09636361273378884,0.08892899039249741,0.07793252776071392,93.0,0.2128539787211698,0.17518989286751221,0.1332503007239778,0.1092133332297846,106.0,0.2851443593886998,0.2302203669089056,0.19385041180390186,0.21770845063003044,157.0,0.2085896886828552,0.18592021303937478,0.16048908384729227,0.18794107342915653,157.0,0.16321268804045508,0.13662214383027668,0.12897498331704335,0.13932555530893811,157.0,1.4497192561166719
2025-10-07,270.46907927527394,361.0,0.1724138322507254,0.12305396223261175,0.08836685733209437,0.10625995163873496,222.0,0.2823977128804308,0.21923259014828583,0.14433371940820847,0.2007406810810522,222.0,0.33912408582124204,0.28120619833850374,0.1975207442615495,0.25748972454795604,222.0,0.15020129538124805,0.09721513863671384,0.03615874563844096,0.033109173456593206,222.0,0.1202402506605184,0.07037726223409246,0.011225440121148886,0.0007250625021090804,222.0,0.16204020909471134,0.0878488727430766,0.048043861766547305,0.028216392836744833,222.0,0.09566863544367019,0.007309593346134492,-0.02236288725326488,-0.04359945998718122,222.0,1.3347181902171776
2025-10-08,279.09107172524784,215.0,-0.10605071551602382,-0.08340918988828921,-0.06018636466510153,-0.11363851363425856,63.0,0.06879040417615175,0.04949991318965426,0.054895812955298,0.03651474101217721,104.0,-0.14040477083846362,-0.10650827186380987,-0.09167175603388925,-0.13805834905690126,104.0,-0.23006978810865736,-0.18997464293542074,-0.15699873595923797,-0.19582084887054144,104.0,-0.24251282704140778,-0.2135009786017713,-0.18309401150103807,-0.21443658881521876,104.0,-0.12232417390683303,-0.09347283516960554,-0.06216675526941629,-0.08597035774412658,104.0,-0.16335117563097865,-0.1315460486133535,-0.09192275082154376,-0.12103030997009939,104.0,0.7703578572791375
2025-10-09,272.9871601323671,148.0,0.005728575045845121,-0.0031232521614576766,-0.009490665318910421,0.018317881172792132,71.0,-0.05217877851972991,-0.09610322150788198,-0.10349034442136038,-0.05836484660590328,71.0,-0.16862831541528067,-0.17496927142422772,-0.1681828318255126,-0.16174122728272147,71.0,-0.3285369996914784,-0.30735392568196296,-0.25638015884923504,-0.25280558204782083,71.0,-0.25747843041254004,-0.25940551320620014,-0.2228907097331322,-0.18364548737557387,71.0,-0.309942553945752,-0.31416501981617306,-0.2608089774339539,-0.2248927899759002,82.0,-0.1717071434868394,-0.20270051080890544,-0.17667802850083902,-0.07940577206094405,99.0,0.54215004078667
2025-10-13,264.32171631023687,555.0,0.1755764870173426,0.16593241931554079,0.17781386865511067,0.19710611717150736,334.0,0.5549353751853774,0.4879074893225262,0.4475518217706878,0.5277866834324108,334.0,0.5891152359112776,0.5222543400641737,0.49258950251668165,0.5696675023398913,334.0,0.6073621625832355,0.5588652977612819,0.5464251734147587,0.616865866532867,374.0,0.6875011960988462,0.6109830380032613,0.5822857297783154,0.6715510561592503,406.0,0.6866377608984678,0.6091037741011658,0.5856185777352435,0.6736309938532001,444.0,0.6813379229328058,0.6119513686571657,0.5875523497050578,0.6722154850980393,454.0,2.0997139688234747
2025-10-14,292.0053623759286,190.0,0.032781277131544655,0.019374640069908012,0.028291147912744327,0.03551478239606404,133.0,0.06222002649267305,0.03970923344102061,0.03950823335698831,0.06623453539787372,180.0,0.07280916661525401,0.05349504149478193,0.03469131388057471,0.09108983230227204,190.0,-0.10244739809779449,-0.10675127783870952,-0.1183283952150102,-0.1032943755174691,190.0,-0.2142735787777624,-0.21601559911618168,-0.205836291040425,-0.20927838602023982,190.0,-0.19478062243790742,-0.19659723896021108,-0.18490830042510764,-0.17635389279650054,190.0,-0.20420723127657697,-0.22443603734720427,-0.2243085344385205,-0.20542722560436866,190.0,0.6506729823522672
2025-10-15,334.1000897686973,479.0,-0.12463105090032275,-0.07184207542596596,-0.07619198640706028,-0.08260784663152197,125.0,-0.3321770655477652,-0.2531013278453819,-0.2289297327988214,-0.25765637374033007,125.0,-0.39897993217297717,-0.3303807710370673,-0.3073105377394132,-0.33343198339022084,125.0,-0.15287971982444062,-0.10794462149548778,-0.10020254064410851,-0.09701199132900405,146.0,-0.17237476412879832,-0.12077229833633933,-0.10666303259741979,-0.10265360452937157,146.0,-0.1188975535038744,-0.0749472190858986,-0.07436806583259918,-0.07985688510819192,146.0,-0.13877483845495403,-0.0727442929582019,-0.06677126805651003,-0.06995534139017136,157.0,1.4337020990674358
2025-10-16,347.90008121929753,427.0,0.0893435970872689,0.09168978687407203,0.09365276758760083,0.0867498980255524,64.0,0.14576194801149028,0.1273819357986333,0.13009279620512373,0.11806487357244928,74.0,0.07689509538698457,0.09112368999244286,0.10502492114064425,0.06034802689338506,95.0,0.19229373199244854,0.1661049267553996,0.1482283258027673,0.1128356671186388,95.0,0.1853810208934804,0.18794879337536644,0.17177483304591246,0.09224696960930083,95.0,0.1787705467597953,0.19300874139701985,0.1786930162484988,0.1053874891524369,95.0,0.17962747181311214,0.19569077901311138,0.18656300269200804,0.12163086059453314,97.0,1.2273638985753559
2025-10-17,355.4334068174597,301.0,0.10416161039594946,0.052961259328019455,0.029958625843873845,0.02663056774272804,236.0,0.1834674786522348,0.1232505518673592,0.09031938361067353,0.11047406886494253,279.0,0.3075581774691811,0.2427385438095956,0.19626629670123288,0.23981423710615113,292.0,0.24399660467482526,0.17767454779353753,0.13076552002421096,0.18770420274581007,301.0,0.1790382778360338,0.10614429736279103,0.07148632462969437,0.10521127997381034,301.0,0.19816855418593396,0.11897776943600334,0.08316859157549517,0.13142630248210446,301.0,0.1222729889352018,0.065578246736546,0.04172795630054725,0.07152918028398302,301.0,0.8468534308441775
2025-10-20,350.2492728348445,392.0,0.02415049600096578,-4.7813616697092215e-05,-0.02359638511196713,-0.033749984707641636,187.0,0.08019355863456071,0.014961671011317963,-0.030445033994282836,-0.006977639190437364,187.0,-0.035306130070970436,-0.08512098382598438,-0.10668319786296764,-0.14042559433473514,187.0,-0.011949282442377423,-0.048556479759843486,-0.04954495371479563,-0.07193330449607642,187.0,0.089134605917495,0.025152889443438985,0.019593389664573517,0.0017368075021947228,187.0,0.2739397461243656,0.19914559698974066,0.15893196453696373,0.1689320985929681,255.0,0.32600107621504515,0.24509297506576536,0.2044611543223262,0.22181648057325412,305.0,1.119202894633396
2025-10-21,354.2255325648593,176.0,0.05406380919460147,0.041482218315004656,0.035973589309222946,0.0587537395240722,70.0,0.08576612498872421,0.049855624279100716,0.0451910350047657,0.04465746874916792,134.0,0.1251117820848723,0.07882148622746121,0.06737647984188466,0.07896988090567263,141.0,0.0726668806063137,0.04689814226787174,0.04931099692704062,0.06512128093976059,144.0,0.15393487669637163,0.10394536040918938,0.0861618003059683,0.12841940753622033,147.0,0.05929292568200354,0.018291274519239887,0.014407708046330164,0.036232008342388954,152.0,0.08218577798282914,0.028118024820029064,0.018916603338391774,0.04996398947328577,152.0,0.4968585938049909
2025-10-22,343.1564342253489,271.0,0.010259676718427818,-0.006093842494055926,-0.01743470664521327,0.026760852387564756,47.0,0.11072113279041541,0.09808881197906436,0.05733293311578268,0.14309530999516215,101.0,0.2356733364210696,0.23061666220127705,0.16452378391997435,0.23398122032372962,142.0,0.20447011980654436,0.20187648320278753,0.14752972262690345,0.19688134890028022,166.0,0.17242841099875808,0.18333072600935033,0.1394166412023184,0.1836620324263449,166.0,0.15451728127637462,0.1711068363031526,0.13617519113181875,0.15991415171818288,166.0,0.12146626546581267,0.14369421759019366,0.11457857533918714,0.12261991294824338,166.0,0.7897272875321808
2025-10-23,336.28439287055375,316.0,0.030058576424644535,0.0405378526563496,0.03897985892784081,0.07964910827286932,136.0,0.062137032010280355,0.05788451225327604,0.061630328605369364,0.08647005077753295,139.0,0.0520043166564723,0.05307806646598665,0.06530643925633774,0.07807110888322473,152.0,0.147866285797239,0.12624345239028664,0.14035498502982569,0.14932726479328928,169.0,0.1639563542518589,0.17273012328261525,0.18677857309789678,0.1709104362471607,203.0,0.2313855190653719,0.22739471429103877,0.22203905542964678,0.2030758266070152,203.0,0.12776867267306408,0.12115869426891616,0.12475474704581102,0.11448389761421436,210.0,0.9396808377058348
2025-10-27,334.35254593050104,177.0,-0.15963351998209285,-0.10241742762552011,-0.06461980694782526,-0.11633230706923064,74.0,-0.17988815632133104,-0.1350569025226539,-0.11413334198184401,-0.13664731455803666,74.0,-0.2404302715199908,-0.21764013859263764,-0.19604030179227286,-0.25595069192884995,74.0,-0.18023720425614612,-0.17338645859594656,-0.15693165793508923,-0.20844618580473043,74.0,-0.1815688933096892,-0.16248725605116313,-0.13477436359609868,-0.17862932690904862,75.0,-0.24695972678309616,-0.2098349939633677,-0.16805317753296678,-0.2475768014507201,75.0,-0.2386558732053326,-0.21167916913643087,-0.1633883704768961,-0.20509691820684234,75.0,0.529381343597699
2025-10-28,322.6999225085486,118.0,0.01786497406671546,0.007751999408210083,0.011926333960084126,0.01931643467194814,110.0,0.03186550846290886,-0.015598341011312054,-0.03736584181509784,-0.04120050198995051,110.0,-0.014987665241944888,-0.10672711018497982,-0.13709440984991747,-0.13514037416601327,110.0,0.025862706286684668,-0.04637089053743343,-0.0689735647543982,-0.025526596925763957,110.0,0.02852026995652239,-0.039049018720955585,-0.05474030467775648,-0.019754883552757445,110.0,0.19304142766465654,0.1140779536561753,0.07097913442493306,0.09272661162202551,110.0,0.2739847179565397,0.1932769055226768,0.12602406314978365,0.14065190339214356,110.0,0.36566479186828466
2025-10-29,317.2999298886868,243.0,0.04934225946915923,0.0472625462296613,0.02288371246488323,0.018249508356051124,102.0,0.04647312044929479,0.06771759639428841,0.06639860881391095,0.023448858865429398,133.0,-0.042960245543480303,0.01666626282281771,0.03476708021083442,-0.05306882707365747,140.0,-0.0964542214459211,-0.05662578779710426,-0.057925502886085514,-0.15453765208332595,140.0,-0.04864583794090921,-0.016000888955283385,-0.024567174855438387,-0.12326850181812923,140.0,-0.2346057370328971,-0.15789790540056417,-0.1360504005693383,-0.24943092063392316,140.0,-0.07646708274039858,-0.01877912051706279,-0.02177253294207119,-0.11953348212685175,140.0,0.7658369167785438
2025-10-30,310.22374608976423,238.0,0.008207510103890972,0.02864056212088843,0.025563119753582098,0.019428545975708762,87.0,0.1248306071596957,0.13450378031069377,0.13229681858973483,0.10545209594480258,128.0,0.262345188636798,0.20883861326534234,0.17289316226011725,0.1895732939769766,164.0,0.1482437515813236,0.09659780400496762,0.0753299030570789,0.04946280370895101,164.0,0.034732975745855973,-0.03223282683932414,-0.057134829345158976,-0.08336038190257485,164.0,-0.028294450709401887,-0.10628955120676375,-0.1454580223010989,-0.17040854625294927,164.0,-0.27055051924331197,-0.3017567010864899,-0.3121951411174166,-0.35543049888987965,164.0,0.7671882085104276
2025-10-31,316.0119607478819,167.0,-0.04612713684946467,-0.04732058989080365,-0.029504466259104165,-0.024962631172403486,93.0,-0.13507603453554543,-0.12117897844016762,-0.06339098352727673,-0.059845569491361085,93.0,-0.10896875443313489,-0.09393994526677316,-0.025174841460386344,-0.008571038764443878,93.0,-0.09446193176456656,-0.06705619308201025,0.01466921722060208,0.016518475062399895,93.0,-0.04891965313666427,-0.025100727335255063,0.03692338124810864,-0.007141641243867877,93.0,-0.14614240937254375,-0.10474726304551565,-0.003961543903776495,-0.05517317004867506,93.0,-0.16103546484857567,-0.12255798405387967,-0.016219326855048535,-0.07234270051915313,93.0,0.5284610101616837
2025-11-03,305.9155835337979,219.0,0.0741877887384773,0.09623329090489177,0.07552889668936016,0.10963432690498541,76.0,-0.09822559857394836,-0.04593575015562985,-0.03814591164183797,0.00938365486267727,76.0,0.07139844928230969,0.08698889338737163,0.07980948464535896,0.13972279274757093,117.0,0.10402896633419109,0.10975572627795833,0.11852839494501133,0.1477891623208193,161.0,0.2530176273282902,0.19804235424812447,0.1753202188045357,0.22348679557207565,215.0,0.22368260552087738,0.15485044688409766,0.1412566491751538,0.1800665876899819,219.0,0.1880945834621814,0.11730089523473813,0.10247757299473224,0.1429213462165174,219.0,0.715883765940301
2025-11-04,310.49505176867433,212.0,0.041434256988716105,0.02549837393577581,0.006452430212895135,-0.005578449638566915,113.0,-0.08397862951469193,-0.0939388543265306,-0.07957628276492136,-0.09946744639997265,113.0,-0.13321121032729685,-0.12877444850903777,-0.11560989992322736,-0.16166888970709692,113.0,-0.1268060688617308,-0.13643331807702058,-0.12877190885322587,-0.2013011340642885,113.0,-0.08944762754473107,-0.0834954972764449,-0.07578667953619399,-0.0988940120014157,148.0,0.002996985063947591,-0.008675123186756502,-0.0190453024891286,-0.035935375893285916,211.0,-0.05286582740490006,-0.040994567451464604,-0.042901620234055596,-0.07689345993417786,212.0,0.6827806072669547
2025-11-05,326.7336182668958,435.0,0.08634447068557727,0.06323164346158182,0.08606896067571475,0.1402957138244098,132.0,0.12448875297335368,0.13565509101009005,0.17591866426639788,0.1967020900895857,132.0,0.152836826033845,0.14698505081730517,0.18201772642662337,0.20310032590009133,132.0,0.25693035539842274,0.2570077826921992,0.2784463015795462,0.2777942429574185,179.0,0.14561818338896493,0.13851181950119215,0.1398150016103719,0.11698056228226632,179.0,-0.04870229752057106,-0.0666530525996607,-0.07677006650245309,-0.12125133529131543,179.0,0.05094806653559078,0.042707619257245845,0.048093581606105155,0.04062770900452948,179.0,1.3313597857097939
2025-11-06,337.0447022414771,238.0,0.023800807940430536,0.010702053112923634,-0.030617022984844363,0.03235480545618942,45.0,0.05478836267900624,0.06904508583316012,0.01200257138320735,0.07080537906979567,64.0,0.019550286634956948,0.03438651284988454,-0.034067472208447656,0.014891718002027427,67.0,0.13311796480510318,0.12910788133745865,0.06453505494440478,0.1275585552930272,67.0,0.1337711235581467,0.1425635746040114,0.09153998548987292,0.15297502211111577,110.0,0.12093345053770273,0.11512443734708505,0.06346799524716862,0.13346708487851994,110.0,-0.053481780996387215,-0.03298261611609872,-0.05559124822217412,-0.029115016470337287,110.0,0.7061377865227025
2025-11-07,327.61187345657453,224.0,0.054239560577840164,0.084294538073136,0.09678966524066128,0.1374638521824232,69.0,0.09720760688873556,0.07553253135146508,0.0707858144666754,0.06409808257154234,69.0,0.012099888473298346,-0.017933763512391843,-0.024207091252389797,-0.020536353223135795,69.0,0.1273768119675466,0.08292538917848453,0.06747925481571557,0.09153774435238267,107.0,0.12927743886323476,0.08251346254678228,0.05087167157088628,0.10799542419465633,112.0,0.13355119792888087,0.07270284039403209,0.03144358259099035,0.0839482402840366,112.0,0.11213677593359987,0.07970598610498103,0.04375959680423404,0.08580950462887516,112.0,0.6837359025990599
2025-11-10,319.4583616988055,321.0,0.14566209461285734,0.1155741813804215,0.05990067784180992,0.05401422167992108,147.0,0.10456999485438129,0.07216215779198641,0.00899936894613724,-0.015513688173445997,147.0,0.028701930867967643,0.024695813783895463,-0.037845342630152504,-0.030720094840454414,147.0,0.0892281545002656,0.07199420072821866,0.015746839885264638,-0.008975816723063992,147.0,-0.11482161304196563,-0.12985059444661443,-0.18929349424939768,-0.17472864080834033,147.0,-0.04717509239303704,-0.039192057513888615,-0.10032269057253286,-0.03177368207926012,147.0,0.017958791538471085,0.023936306662890813,-0.04679555196088201,0.031352463173192846,147.0,1.0048257879148832
2025-11-11,319.60518439415733,118.0,0.06416860458198777,0.0703445371296488,0.07223739336737078,0.12245746534092647,48.0,0.20172851891757207,0.18315541435608312,0.15449684230040603,0.2709259260681091,60.0,-0.04300217663717332,-0.017268150569949795,-0.004912869195227324,0.12489803306891484,60.0,0.05615981853761871,0.07886185409726505,0.0938834865659332,0.22443352850487033,60.0,0.0703916073235509,0.10327596991460626,0.12994284741877593,0.25220384956424835,60.0,0.05624435436136414,0.08864291328984517,0.11795548502113427,0.22804952170377843,60.0,-0.021799619501944808,0.012011425297794392,0.030876984497342098,0.13626024340232806,60.0,0.36920552532237694
2025-11-12,328.9761192137614,220.0,-0.0062831213057849234,-0.015459016651915602,0.03770697782730036,0.008148925001913646,105.0,-0.13487542583201467,-0.08937196831452736,-0.020209018316876937,0.009046208910828957,105.0,-0.2988480757581247,-0.24052391318150265,-0.14021762846859648,-0.1261963192764954,105.0,-0.1795698758690934,-0.15205227218674394,-0.07267206794311398,-0.08438178668827565,105.0,-0.10572197191164714,-0.09320419412011446,-0.0223763778792395,0.002548984368301484,105.0,-0.15161949169314745,-0.13474289875673093,-0.06194702130430608,-0.054030531802658745,105.0,-0.18595069297018665,-0.16261481580748746,-0.10472217463514383,-0.07926854958392153,105.0,0.6687415503769405
2025-11-13,318.5974411934032,221.0,0.14938509040662795,0.11964238615117051,0.10110263372623059,0.1960178797299592,87.0,0.1400946742373223,0.1062331721812625,0.1205172519144101,0.1805101070306011,113.0,0.0013841448956086486,-0.014808698955034267,0.02800612140543479,0.05980538393513215,116.0,0.06149201538387002,0.025954019118489373,0.05810921899881833,0.06037524925876607,116.0,0.15797841188980494,0.11747569194480009,0.1297749975281354,0.18282822228832868,116.0,0.12194401381621345,0.08206199297209275,0.09339884290484243,0.1493346897717863,116.0,-0.03936083702631165,-0.06819639990244018,-0.05357049625166475,-0.036481297110537075,116.0,0.6936653325656903
2025-11-14,311.3024467940315,216.0,0.06450101862327534,0.07539486284299152,0.08326373793243382,0.1439428571458473,58.0,0.10632527292109739,0.1055999998419851,0.13024827046247608,0.1626834880355693,88.0,0.11360777001292463,0.12830421348973756,0.14815462227286696,0.18235685630353154,122.0,-0.08420480857901393,-0.06527281989597354,-0.07423171590563296,-0.1285832889145751,122.0,-0.06620472692084092,-0.0469215620756399,-0.050936948254689605,-0.11475456752915161,122.0,-0.06800730070447683,-0.050362856872364546,-0.07529192564951397,-0.12272259785254254,122.0,-0.09625366958498686,-0.0404256277075256,-0.04977154788240838,-0.09264391103317489,122.0,0.6938589857692737
2025-11-17,303.55935662317137,162.0,0.045933350977573624,0.04680048159740956,0.051850396676476895,0.0753315838988949,109.0,-0.16696419051782715,-0.12834631023512583,-0.1109428941631662,-0.12594736913562438,109.0,-0.04779453064076084,-0.006320040175141936,-0.016059504527601402,-0.05990796262846614,109.0,-0.08199358840968311,-0.07254078068076897,-0.06852532540925296,-0.09286116348506855,109.0,-0.04338157418352083,-0.017976123010714093,-0.007387912891535929,-0.02885922173959277,110.0,-0.09150931004590683,-0.054760667887629295,-0.0271068851727472,-0.052071880863864016,110.0,0.04641922240473375,0.04675194641937706,0.042835340744165395,0.028469473945745498,154.0,0.5336682808993481
2025-11-18,296.0775131352503,258.0,0.029507451722500487,0.011858147650566957,0.03441827197069708,0.055925990463019576,78.0,-0.022762184475245546,-0.03630903141617609,-0.005429988755110128,0.012201667636316032,78.0,0.042129898241521184,0.010020304812188867,0.01875032528567714,0.06500031112227203,88.0,-0.039502151878151585,-0.06171078287024315,-0.04166354575995,-0.007096636510930949,88.0,0.02291050254968834,-0.01731382436539794,0.00866943531380654,0.04767749718417294,88.0,0.034175171656085156,-0.03190769986435087,-0.010512049389867112,0.038279932097259696,88.0,-0.1277407544517589,-0.17434058571577768,-0.12682667275388113,-0.10712021849142801,88.0,0.8713934309565204
2025-11-19,317.97489283665504,198.0,0.06871441172961894,0.08551012545537842,0.04275866290803832,0.03090009829528586,106.0,0.31817590228708464,0.2916469312169598,0.21673138176623433,0.25341289265912753,139.0,0.25808786037212844,0.23310861181316542,0.1341718377479382,0.1684216406742361,144.0,0.242599106452347,0.21688676519013197,0.14707721179989744,0.1655509680377435,144.0,0.3806038512356741,0.3424709294719707,0.2760693443790712,0.33071537369581794,172.0,0.37267085331340655,0.33026799646098254,0.252446621742411,0.31865728463573795,198.0,0.3712226796448651,0.31311720934412873,0.20696811290081074,0.29335590613604356,198.0,0.6226906729447768
2025-11-20,321.97728399506883,291.0,-0.03568019768179994,-0.025057410091602724,0.0017631494100606737,-0.02871864566479912,88.0,-0.048231250936508666,-0.03455686120293852,0.023110236110255037,-0.0017595691656615104,105.0,0.030176232923914866,0.05122585082250575,0.08346496729611501,0.07902574120556,147.0,-0.12095812675492301,-0.09834351973360453,-0.052783399422910576,-0.06577126812910607,147.0,-0.09244444015716329,-0.07477696668229376,-0.031146159421234353,-0.031854184169034176,147.0,-0.08722253226863874,-0.07070525544192038,-0.03345182618764645,-0.015475895188739288,147.0,-0.046781226593483896,-0.016557622843727353,0.0274160128076899,0.028977623475067715,158.0,0.9037904674183684
2025-11-21,319.0270664717289,194.0,0.17595599255363192,0.14973185060871244,0.15913474296543023,0.1757863830702963,68.0,0.07633793033857128,0.0402086514163594,0.04075179553186214,0.0806866719247186,84.0,0.18025488252357527,0.12642711914902155,0.13299738529873592,0.1428431263366388,113.0,0.09071652699595528,0.049388080993462674,0.07487814807202131,0.05764481333010351,113.0,0.17229729369053245,0.11427251640855811,0.10476622485401205,0.11454603744302659,113.0,0.15199562237765535,0.10085374794194736,0.09635218272331852,0.09059793721161873,113.0,0.25201141403500266,0.1994028134774223,0.193220623492708,0.18909035755140494,113.0,0.6080988743229145
2025-11-24,324.16734585537375,183.0,-0.042515212930530566,-0.05718727352543491,-0.08432589376128576,-0.046778437285960484,37.0,0.050677057783958916,-0.008214116417092788,-0.048094384672961316,0.04733484064020433,60.0,0.07636397725919601,0.004627497832234408,-0.03665005815795926,0.06908409388243557,60.0,-0.013702467390005316,-0.052956280558003346,-0.05549597041136081,-0.011164668319994549,72.0,-0.29286092981488304,-0.30246731754568895,-0.24597195334276126,-0.3167449295865177,72.0,-0.23682405499502288,-0.22972145488263784,-0.16800469389105718,-0.25244247839341966,91.0,-0.24709888627980067,-0.22321813558346143,-0.14716715501642746,-0.24365444499915923,91.0,0.5645232388139577
2025-11-25,311.7704557739096,172.0,0.10937177645883725,0.08915908254101673,0.05380635265958992,0.04389131553416796,65.0,-0.06180433318326503,-0.04347875900439272,-0.06654614973544155,-0.060749567212726556,65.0,-0.10459678416365031,-0.08557231034661304,-0.09394353518484733,-0.075471504618032,65.0,-0.26034020130702246,-0.21640365800114694,-0.2119520915360352,-0.19573951209372867,65.0,-0.3130858177865218,-0.25138650861718226,-0.2184042597712823,-0.21833484252458293,65.0,-0.21359106897908026,-0.17411931771708158,-0.16562742427269633,-0.14119997489314728,65.0,-0.30471481382861826,-0.2531545073845316,-0.23544622662206055,-0.22883908070618855,65.0,0.5516879384002035
2025-11-26,313.69707903353725,251.0,0.10150459855819952,0.06961337593200793,0.030583398345863357,0.07987461957669188,101.0,0.12312673606303877,0.10752067870577785,0.06346768807253633,0.0974138698301652,151.0,0.056040090870280015,0.038786114721498156,-0.0014714225867240598,0.012083398589669067,159.0,0.03676359123656196,0.011330806466398786,-0.010888976240097225,-0.008701989192574392,169.0,0.11115021429864189,0.11043291201478664,0.07163999817064455,0.05517569605297709,191.0,0.08950361745734728,0.0984819268573947,0.07102276085190568,0.02426488043614288,219.0,0.09066696745641946,0.09835403195608589,0.08251480557256592,0.03101348133864606,251.0,0.8001349606865982
2025-11-27,307.7259286493908,173.0,-0.023553523857349337,0.008420910110272793,0.017216379725909024,-0.00010697315385144865,92.0,-0.09962832218001143,-0.021607908835005372,-0.01649723953084301,-0.06245587222867903,108.0,-0.08137654942316899,-0.03471239447084261,-0.033036297541178455,-0.05645984567342482,108.0,0.012114346345666115,0.048079562739998166,0.041037090550187914,0.00996247160778343,111.0,0.06954104836585731,0.10524571758700549,0.1056091183320242,0.07615835806385692,111.0,0.033324119389746006,0.07437040298866807,0.06812776911903845,0.029605762492357017,111.0,-0.05905039788103217,-0.0031870658990219617,0.01132889645892186,-0.03263754600613172,111.0,0.5621885707171217
2025-11-28,296.3234592542108,296.0,-0.1340239150377643,-0.14303902084434963,-0.10317876369867877,-0.10835484088675697,81.0,-0.06187342812740102,-0.09992775266474191,-0.0718846999024731,-0.04513707135339729,81.0,-0.007200668816374711,-0.06158159540644963,-0.031703012051931996,0.022992906451312543,81.0,-0.0708651127002437,-0.1292563934629529,-0.08850969127716596,-0.091512927058967,81.0,-0.004204233503676628,-0.05007248650199651,-0.020114660772396428,-0.03671771648701948,84.0,0.08475610896244262,0.03527389049852563,0.038798627078344694,0.04989413562026126,110.0,0.04376034763277646,0.0008105305819279144,-0.006396963310026972,0.01995922251278056,110.0,0.9989084250871502
2025-12-01,296.2926536109526,118.0,-0.2618288711549633,-0.22838147833683242,-0.1617465746852575,-0.21123360738104832,79.0,-0.16241911088520133,-0.12072179552785911,-0.08406335276315546,-0.13785806973423312,118.0,-0.31667952909809965,-0.3022553990333967,-0.27901184520000455,-0.3503454152014119,118.0,-0.3467637673978076,-0.35522638534347867,-0.32555062978315685,-0.40604327315789723,118.0,-0.3780351794613977,-0.35282004496143493,-0.30061149414600136,-0.4258667880892698,118.0,-0.4428359832398468,-0.4279514302171596,-0.3665168477878107,-0.47400797590384736,118.0,-0.413719162829237,-0.3970775412357156,-0.3490897316604669,-0.40719859266930236,118.0,0.3982548961707975
2025-12-02,294.0743056480047,162.0,0.09678964391143462,0.12522691990635423,0.09535149923159705,0.19516430067603602,77.0,-0.008175286363989466,0.03592625993764055,0.028126092194647918,0.08750606988763802,96.0,0.043558209161496365,0.07364263565814111,0.02442711467926846,0.11226113916063465,99.0,0.160058735257164,0.18105668196276245,0.1238179552773364,0.20725139528223352,149.0,0.03795462235319458,0.07654469261066009,0.06121447078479467,0.11414965396040153,162.0,0.00984187944168734,0.03690375441364363,0.017023012397707277,0.0737928647840761,162.0,0.0944385147003353,0.09659235058889441,0.0646321922266625,0.14084149294372902,162.0,0.550881178289366
2025-12-03,290.9243717767662,126.0,0.20626225134191814,0.17995394165024195,0.14833585152913523,0.1755190180765004,46.0,0.0595488448743397,0.004468636753155011,0.0012305070828940873,-0.014508683964316024,49.0,0.07397227562885571,0.011723275706372337,0.005299183430907777,0.008652447092629906,49.0,0.13651401739078703,0.07115099684019582,0.048885106234342605,0.06635571119875436,49.0,0.1028847025985702,0.06637767654450037,0.057197290411616905,0.06305505690903768,49.0,0.13065483775508605,0.0805733317113137,0.07121532558033919,0.06625084707386207,49.0,0.18288597359105613,0.10984530679850277,0.08551085910766158,0.08026030628341332,49.0,0.4331022500125327
2025-12-04,282.07443160755037,148.0,-0.0604471215378419,-0.05264030573510953,-0.04301645781802558,-0.02453645265562359,43.0,-0.08193170224680257,-0.059469504746987284,-0.03935183393889127,-0.04695236453882282,59.0,-0.15306647528861334,-0.13889543887201067,-0.10337522520390253,-0.13724116955053384,66.0,-0.04415974911336533,-0.06200659351318263,-0.03970194951492031,-0.07635720489560413,76.0,-0.017264931757290963,-0.009656312675075456,0.0124268488735168,-0.02491390201481591,113.0,-0.08388465637719714,-0.07355707074801432,-0.04949890868104001,-0.10019698857997114,113.0,-0.11269274766281838,-0.08937570332362603,-0.07309162005210798,-0.12902644134394128,113.0,0.5246842089038121
2025-12-05,275.2102000258789,256.0,-0.011271173953010909,0.010753463468223439,-0.0006381517643460275,0.0077910930611069865,70.0,0.13472409634236693,0.13617087870827418,0.11861759393483819,0.14002010921252891,172.0,0.03192447309338809,0.0648552334117054,0.06076597800683419,0.05887933955195831,172.0,-0.02376306674704882,0.04767122172771501,0.047121629840383344,0.024287343459295934,172.0,0.02869662215046689,0.08908379765496799,0.06351933517358865,0.05459233930179853,172.0,0.0676628883088689,0.1339558990647794,0.10789017100544623,0.10310869871716573,172.0,0.09524428862093207,0.14658843459263174,0.1104077589362335,0.09077701812986681,172.0,0.9301980812336442
2025-12-08,273.3806571662714,279.0,0.08934313414764604,0.045835939073973944,0.030608243615441545,0.03664161519146119,61.0,-0.03562697076900055,-0.06754721176050922,-0.04907620401812352,-0.0647481601777975,61.0,0.0822639958914632,0.05309092972427708,0.053379801590341946,0.06808937761762061,68.0,0.0839136155180711,0.04990546646164543,0.05380513573506352,0.08080993941473293,69.0,0.09279927298936083,0.05868525594348574,0.054643689937381924,0.07495291710790715,71.0,-0.01172739256839747,-0.03903139449210417,-0.025586211130179382,-0.050265331458819826,71.0,0.038792750109879204,-0.014195787857284859,0.0009628674144819328,-0.032123454371005965,71.0,1.020555012530791
2025-12-09,273.91583267424556,80.0,0.022600829796795716,0.035300032745630275,0.03573283068740049,0.0184364008466243,59.0,-0.025713281270408974,-0.02937013824100924,-0.021552212073004288,-0.03591804605897156,59.0,-0.18024987549760307,-0.14093582592327455,-0.10871489553950675,-0.13474827325468508,59.0,-0.16173803082814045,-0.12276502863238876,-0.07649251645062984,-0.07158396428704622,59.0,-0.11402813729469928,-0.07243536440158284,-0.015978529295917924,-0.038143312962093896,59.0,-0.17639059179305983,-0.13482225289576852,-0.07161025662671293,-0.09000282464307635,59.0,-0.28561295062426917,-0.2251493624002227,-0.1464358479678801,-0.17106278989626122,59.0,0.29206051807578426
2025-12-10,262.68575337193647,182.0,-0.023956075600533554,-0.01285947815888004,-0.006075172085480755,0.09475739547767748,34.0,-0.03460578601727439,-0.011005291970213342,-0.020247206424406687,0.05467178167092996,83.0,-0.02162039190056049,-0.019715680402410236,-0.019113171210196327,0.046947887564573486,83.0,-0.00359597570135477,0.016325421511696178,0.01566064907508395,0.013413299012133282,96.0,-0.05313584274111937,-0.014090064254030832,-0.00745790678925651,-0.03484415926382373,96.0,0.002460094591775467,0.005796244167373764,-0.010785318774073934,-0.0005553538919266073,96.0,-0.07985692226026307,-0.05441059224028715,-0.040689838987322924,-0.0331537541481197,96.0,0.6928430554903615
2025-12-11,255.0013959079425,116.0,-0.003928492617859747,0.012403279252575724,-0.005945184725799893,0.0034872802296973065,40.0,-0.195950540346934,-0.14341989809364047,-0.10461564287921528,-0.08824476049950868,40.0,-0.23565762938800044,-0.19710462796830916,-0.14803275983869957,-0.17061305214880462,40.0,-0.23715407500948218,-0.18854106542243815,-0.12462928365252657,-0.10956893307992609,40.0,-0.26548200200585537,-0.2178942250805748,-0.1440696292823649,-0.13160625552315544,40.0,-0.2603734486071758,-0.2086413960180797,-0.10803497662231515,-0.09962828018122463,40.0,-0.24637310936671428,-0.1863191209486921,-0.08947348766919014,-0.06994892518872425,40.0,0.4548994705969253
2025-12-12,282.4298343929004,145.0,0.054590657896443566,0.053242912602264846,0.05758344325322305,0.06052719229110435,69.0,0.09937501528009662,0.07257749390316773,0.08583251848120715,0.08299344013464922,69.0,0.10498115044193475,0.035481546935373885,0.03330971272714902,0.005448777768422372,69.0,0.04368355926574165,-0.05483939228162407,-0.05135197250151087,-0.09741582141422873,69.0,0.2138557030947539,0.09395740103824199,0.06177287537846019,0.05870212203586167,90.0,0.1925965246396526,0.060417771582492216,0.03995007018743955,0.020995277116533137,90.0,0.1549893599168763,0.055189086655635475,0.05396469049991384,0.054354586724892684,93.0,0.5134018518676898
2025-12-15,273.1508025459575,229.0,-0.035522816344726045,-0.02193420113616988,-0.009716512386574746,0.010018661843064696,81.0,-0.11089935092942312,-0.058415189180261014,-0.04767098394273007,-0.01861084631527726,81.0,-0.006392922607736253,0.016897647441849434,0.026865022017602894,0.0779150071756514,81.0,0.1525595058774597,0.12568601092170298,0.09686877744699943,0.15127746933648153,129.0,0.12019771624220822,0.13379254174442706,0.13634971681929328,0.19276123871087675,140.0,0.06054830350183984,0.07477939671028593,0.09372094852272636,0.15826454823365882,140.0,0.11794135697378477,0.1202936657222641,0.14196582202018612,0.21291815675157277,140.0,0.8383647342989989
2025-12-16,268.9459642082473,278.0,0.09214467617939891,0.04828114836840012,0.04107134315943661,0.09818197915649995,83.0,0.09104597408354485,0.07258283642798642,0.06548452332759999,0.07763812452848448,115.0,0.18417566333887858,0.11249012065307085,0.0762333435841863,0.1206596000265712,118.0,0.14013064654903112,0.05294343712723523,0.00664383399326474,0.07856175337843524,135.0,0.138267665171726,0.02357219439839226,-0.029709732999072556,0.004654662337259058,135.0,0.07727026082082769,-0.0193203945526589,-0.045644598550615166,0.007652569727856618,135.0,0.09266740045557288,-0.026115919719772562,-0.06909550223319173,0.0032486148970513867,135.0,1.0336648881064527
2025-12-17,269.8082533312714,163.0,0.017723847810754593,0.018247642658699936,0.024511836588301097,0.05065015966843647,89.0,0.18254383896706325,0.14494050195981203,0.12985145611732296,0.20132516315345939,128.0,0.07532461149559626,0.0479934265994219,0.045375770129669375,0.11532611323178334,128.0,-0.08830610296219556,-0.07520070271210359,-0.04276510691872593,0.028741687897573018,128.0,-0.08257040707049605,-0.08990250793163926,-0.06179185827193626,0.02822772959579042,128.0,-0.06361789530899217,-0.05423363189464986,-0.04082657309974369,0.0692728308624262,128.0,-0.11812372629673829,-0.1075772058620596,-0.08949130304416887,0.004575898573789745,128.0,0.6041327423734074
2025-12-18,269.540800633055,215.0,0.058949490992426606,0.05800272265616293,0.036885693849706865,-0.028845154724027076,96.0,0.021074134414335595,0.016003854867795497,0.008389662573078823,-0.022453509819944678,96.0,0.04414343523221428,0.0476265847463321,0.022023529413100307,0.005609217535786287,96.0,0.13951831828256644,0.11822587720401981,0.07592113867710731,0.01399843778453862,96.0,0.1448989998810779,0.13063553702423333,0.08728181021972137,-0.02850241833442999,96.0,0.10818295069522932,0.0866282042222971,0.029793156398673814,-0.07895072193461218,96.0,0.1214395818443059,0.10902137810408939,0.027166340820561474,-0.05875173150141488,96.0,0.7976528952019205
2025-12-19,265.0131053346688,188.0,-0.02223066390595982,-0.01616274340229292,-0.011715939713479817,0.0029530233941736476,58.0,-0.14615815344833677,-0.1035606946829871,-0.06933920194273188,-0.18335659893138695,58.0,-0.032526215240436376,0.019247498487361375,0.03521472615637632,-0.05466618201310448,89.0,-0.11640172930959383,-0.03823988917104237,0.018106284446960857,-0.07861197061322413,105.0,-0.008717124000935581,0.059946581940543614,0.09000687485898606,-0.009372193643336937,114.0,-0.09810691108485858,-0.011638741552884828,0.03952526227300509,-0.08318058857951512,114.0,-0.0735122113765946,0.0007216485056390785,0.023767048074387422,-0.07102456378850458,116.0,0.7093988795859221
2025-12-22,257.67852387422414,198.0,0.0033919771275711104,0.013251942139057513,0.017058616479777338,0.04423978591396834,61.0,-0.05530277795175456,-0.05628374257410306,-0.044455345733263145,-0.022751496547310908,61.0,-0.02873769449655717,0.004079298267096701,0.0021577243690677956,0.03385006720569759,61.0,0.011150202876891302,0.025821718905654215,0.022874490335592128,0.07569437638462115,61.0,-0.05532210303322342,-0.0324706587163973,-0.004070427311205985,0.015791266005937034,61.0,-0.0705257558983377,-0.04489577939242172,-0.014156888842386367,0.015640682240096224,61.0,-0.19401262333906166,-0.15777393145400234,-0.10468275966661278,-0.07866056861837971,61.0,0.768399310206566
2025-12-23,251.99485493382184,96.0,-0.011151281803331643,-0.027466583366657537,-0.036997880225721806,-0.04365264552183664,32.0,-0.07443748748943661,-0.07222819630989848,-0.05348028539713069,-0.07587156682277223,52.0,-0.06714104609513215,-0.07446813026216785,-0.038577952628136014,-0.08189133868252606,57.0,-0.07264038669001131,-0.08455853080209332,-0.047627207573938596,-0.1053218852369737,57.0,-0.1696953987972055,-0.16985788162468077,-0.10474044106051389,-0.19543780695665,57.0,-0.0895532397578306,-0.11275071496437393,-0.0703463896409896,-0.1393590386382274,57.0,-0.06953225186559536,-0.09607828075459762,-0.06578076901069883,-0.12176461865829544,57.0,0.3809601589890049
2025-12-24,237.13820208298168,80.0,-0.04577168557972616,0.006039693018151343,-0.016738762015813695,-0.09500036500315887,41.0,-0.07954697815408492,-0.029508079752820885,-0.07143043930762215,-0.07395337517817939,41.0,-0.05693322117537534,-0.010127213514679382,-0.05354992300115335,-0.036671952221686864,41.0,-0.0758510715591915,-0.015351762363669976,-0.04478017029745735,-0.03227252360496441,41.0,-0.0974225104745737,-0.04477430975735778,-0.07467066621570065,-0.05263616287774479,41.0,-0.009123415761309397,0.03211113516128341,-0.008590725852682978,0.010462678571153032,41.0,0.0882031359266874,0.08510054395544354,0.02129121351924771,0.05317468286477296,41.0,0.3373560198116271
2025-12-26,231.41075426555486,178.0,-3.828967735398642e-07,-0.006531710248076541,0.004019814415216976,0.014779179631750046,99.0,-0.024117372746932545,-0.021467331808095125,-0.005287770818101196,0.00222075540690402,99.0,-0.0036928729761793004,0.015303747899748987,0.03405411029076093,0.019741108419152116,99.0,-0.11978409866537355,-0.08426882804555628,-0.03640459627031942,-0.08108057763287639,99.0,-0.03580206002279294,-0.020060702710130014,0.013310628573903496,0.037549651392691105,99.0,-0.020349443883382435,-0.016256382720635013,0.006619830521585197,0.04075015101707331,99.0,0.03540614882428608,0.007410779517040447,0.013704122119437603,0.04642863324542481,99.0,0.7691950210565258
2025-12-29,226.32401576407344,285.0,0.05557317831048193,0.006911807534427782,-0.04467631068448908,-0.06556749909218018,38.0,-0.07617278001498727,-0.1052872812890953,-0.12720607867505662,-0.17438276823712956,38.0,-0.05641942024233182,-0.09572972138559063,-0.12547027890730525,-0.1379622836692147,38.0,0.06668703794794058,0.019598217646994102,-0.02735335710988113,-0.03590572527552055,83.0,0.10022997032766624,0.06677328939211856,0.007271383051588054,-0.04400339597344989,107.0,0.09872609308984448,0.05513496814799203,-0.021919242340147117,-0.04711755273755853,107.0,0.044907591617749265,0.010314842829514035,-0.05258960269902874,-0.09290110670766817,109.0,1.259256553211269
2025-12-30,231.91220473892358,237.0,0.16100748029357986,0.07552568671935316,0.04180955155621075,0.0441313024150046,43.0,0.16507244137424731,0.10081760862189058,0.06456936643452028,0.056213176629248726,43.0,0.09255006671144292,0.04495249019497315,0.026022418322577495,0.010924715521911939,43.0,0.10144820317779685,0.041311056208565795,0.01760381070588334,-0.015660034246653725,43.0,0.029554798968013753,-0.004496987475168813,-0.016732331628948487,-0.058712652720363676,43.0,-0.03956035802297848,-0.0890548910526925,-0.09409815062942134,-0.1115055304862852,43.0,0.09989236391807485,0.05003406945347119,0.02206817582569643,0.030016394481171497,72.0,1.0219384541094076
2025-12-31,232.3967566685499,271.0,0.05097147688186061,0.030342012320166003,0.013800694626008046,0.09788931459195421,41.0,0.15082214417462314,0.11881272932722729,0.09864603245383703,0.1601391017617333,69.0,0.21549744953066433,0.20866003949498907,0.16890279967495345,0.26537584303547046,94.0,0.23536301774502066,0.1990312645550789,0.14722169134885507,0.32592845262368336,94.0,0.3008224901065435,0.2610580111379294,0.1834516393024722,0.37439630189175316,94.0,0.19895450000435547,0.16665520800623246,0.10189625914342165,0.1950431855082889,94.0,0.2430500065714588,0.20165335163384307,0.14121903051657594,0.23742103923840002,101.0,1.1661092172061034
2026-01-02,236.0732560334499,474.0,0.07608286608808294,0.04683716634497899,0.028576198775187047,0.03098830646532139,131.0,-0.04650566044789844,-0.06806808954724973,-0.01789170002867135,-0.038511881364855116,131.0,-0.15845063141551063,-0.17170174097565397,-0.09889195255877302,-0.10104450317034676,131.0,-0.018327870742557453,-0.04986792402205872,-0.02157399916209125,0.03294784927141645,131.0,-0.03554089278955815,-0.06997967623453669,-0.0313526951731803,0.03304070820809733,131.0,0.05997576500887856,-0.009193588157226158,0.011906233505631976,0.11836603625045292,131.0,0.15922383800777076,0.05729973364504917,0.03844489139121177,0.20266878244557907,131.0,2.0078513253226684
2026-01-05,258.73294593502607,637.0,0.16619178829418924,0.11880376830620308,0.08089692342847588,0.0753591646154648,86.0,0.09712293974163312,0.011637303222770453,-0.016149301871155406,-0.06705359340397443,126.0,0.0885665644643274,0.01464724018991689,-0.04632156526234305,-0.06401293413066758,155.0,0.07692485537515514,0.025093331012128527,-0.01755113079860631,-0.05117797662272562,163.0,0.04688308713451302,-0.0056614820419725615,-0.05095149922064658,-0.08019699029960813,163.0,0.17098590273717487,0.0953610535865464,0.024161287557088157,0.023112062156053065,223.0,0.16637092125246852,0.09595833914666912,0.01871154666986817,0.026084942672330347,231.0,2.4619980176779097
2026-01-06,294.75837965549977,489.0,0.09729739885417417,0.07822246007963327,0.07190696729345818,0.1132589675830927,55.0,0.33715985916889696,0.2612206839894259,0.2151013287334433,0.3130570010530221,74.0,0.1553469068112238,0.14485785328442824,0.1279062240890123,0.22879662517017757,77.0,0.1871679496643984,0.1686220119567034,0.1467412489205208,0.23375328662698025,77.0,0.19661715807756575,0.19140401729526157,0.15590561114871063,0.26270384291678117,89.0,0.2981937098420028,0.2893352238398519,0.2416173864568173,0.3787092321229057,167.0,0.32560612039782066,0.30004604376908495,0.25057294482020726,0.39054093875807266,186.0,1.6589859144005372
2026-01-07,313.2575815930712,228.0,0.13107189409889242,0.097060254862905,0.07159994305296398,0.06882219400033043,47.0,-0.08034017274677847,-0.0487321788296217,-0.055241287334034245,-0.08732329878075654,47.0,-0.054078218241382106,-0.04457374944058595,-0.06587871701404804,-0.04004549143020737,47.0,-0.07848345988799046,-0.07681598549072798,-0.08964208386048039,-0.053410845723693035,81.0,-0.34156970467615927,-0.3038794411318259,-0.25740774060187976,-0.28378424135234587,81.0,-0.26125673762492535,-0.22857286711177854,-0.19352440400005427,-0.2094718233456008,81.0,-0.25547711199170975,-0.2289521390418507,-0.19518079383022005,-0.20372706919808733,105.0,0.7278355366229483
2026-01-08,305.1378119175406,310.0,-0.047488210731554695,-0.021516056870349007,-0.007987985074920344,0.06800152402985889,102.0,-0.12029333060455887,-0.09810582640078463,-0.11559247023286863,-0.08553953627362136,102.0,-0.09711739888896015,-0.05514837541704852,-0.06263850351794288,-0.061762124811454884,102.0,-0.0404499574663042,0.0012798289315370517,-0.0011319866678820823,0.025050916904839078,102.0,0.16584648004112282,0.1703182912395995,0.1343745070672785,0.18389679666505038,163.0,0.03350383633691829,0.055064198541829944,0.05611708083880902,0.09678110491666805,163.0,-0.06313598354293336,-0.04239640344235983,-0.04111648903891723,-0.026248664332868064,163.0,1.0159344004333797
2026-01-09,305.6008774492034,573.0,0.021034492811899386,0.015774935810422833,0.007771471500863203,0.009084610123081482,96.0,0.12669159910010694,0.12540850790251631,0.10413677518518043,0.15521276453272845,96.0,0.029155088163960764,0.04472040089158123,0.05695331000319538,0.0791817252983025,96.0,-0.018699553843244534,0.015227492474574746,0.038018101986921495,0.041681030837158406,96.0,-0.16244448479704485,-0.09986264331620587,-0.07799233960506294,-0.13389785321806028,96.0,-0.40526303390933865,-0.35238640611285055,-0.3115802740699409,-0.34701974311061173,96.0,-0.4931399496930601,-0.42241891707470003,-0.3698313765132906,-0.40902584375820394,96.0,1.8749946164511369
2026-01-12,331.06746054927925,208.0,0.02264577650727642,0.004616252453170895,0.024570619804781167,-0.0013438786205123713,73.0,0.046733840829452214,0.020552454860845316,0.027443939415450275,-0.0035143711015215287,78.0,0.03963994708061401,0.0328288517030497,0.01868076836384747,-0.0035626789428132763,78.0,-0.05431988402672026,-0.03613724933802893,-0.02969743913763465,-0.07296216364090034,78.0,-0.10189524300156949,-0.05527098820621847,-0.014595019951161586,-0.04392404191442963,115.0,-0.09703280776503714,-0.08516632274652065,-0.06120640345376539,-0.061701301842822305,115.0,-0.21721019526354673,-0.18796455432064668,-0.1579051000148464,-0.15346300491060857,115.0,0.6282707447446025
2026-01-13,319.3467500207765,251.0,-0.0348332995791459,-0.048233560844205686,-0.036384933913088946,-0.08145463431243914,210.0,-0.13482116007838849,-0.1355730964433504,-0.08739862839696207,-0.1209050591902996,210.0,-0.09630873775513361,-0.10616848278604828,-0.029182342768378854,-0.04308937018194897,210.0,-0.039388896054289864,-0.04643664182133291,-0.0022992423982714652,0.026892697152562952,210.0,-0.07546007902001767,-0.08073848313216588,-0.029320382844477518,0.018361185603893784,210.0,-0.1168777939661297,-0.12777267557715055,-0.08600682227912711,-0.0467172923937083,210.0,-0.1800972816996338,-0.17428159516043204,-0.12332185211640961,-0.11295067101351436,210.0,0.7859795034196219
2026-01-14,348.5518214473692,225.0,0.09452271371927792,0.05314150337662507,0.03871060127301862,0.018476498307457817,102.0,0.014093695468423928,0.03409283695375938,0.025419757279114986,-0.10845263454565067,102.0,0.09680751482880716,0.11032958538573306,0.07779587844938649,-0.0021101224403384847,102.0,0.09978624048775632,0.10699267953545548,0.07981097077963094,-0.03194823305378185,102.0,0.08901543183960046,0.12303447045626989,0.09916605931041439,-0.006796778990943575,102.0,0.09945215156674518,0.10934794446566065,0.07725424007039838,-0.052273623085594786,102.0,0.2019126793082377,0.18835723308299174,0.13924868266475032,0.041675358362551006,102.0,0.6455281142003002
2026-01-15,336.78498130952454,313.0,0.04144130973519354,-0.029118525665016323,-0.020322418875451758,-0.05112063371961609,61.0,0.09854718341974643,0.02600386897765783,0.04302945593122436,0.07585560470693024,122.0,0.0018488573685128923,-0.07215616704673164,-0.008326272515657582,0.012595021610432128,122.0,0.016699354450979993,-0.05150476559797598,0.013848215162234221,-0.029690769791817197,122.0,0.04176602399552793,-0.045094470670855286,0.0243293281830682,-0.02982965722175619,122.0,0.0496168997497891,-0.03147907546298318,0.03198064692757432,-0.076288636522464,122.0,0.15283052524816157,0.06128916228283079,0.08484912271281414,0.05359622582290246,122.0,0.9293763599046455
2026-01-16,334.51974499433175,379.0,-0.0833969905922429,-0.041353686910681316,-0.035705878850829695,-0.04228269405290041,83.0,-0.21932998716485677,-0.21352962502421782,-0.21225403582203847,-0.29937981500408695,83.0,-0.25738401382913895,-0.21972175841200126,-0.19832562098893372,-0.2619272355177713,83.0,-0.2894748863442982,-0.22131436076428626,-0.20740684709063636,-0.2459116785197033,83.0,-0.2604029891524659,-0.19877379651669796,-0.19943231451806123,-0.19964299650181203,83.0,-0.3032903821913332,-0.23351987045872621,-0.22040713960606573,-0.26798628754517356,83.0,-0.3141039224246267,-0.2387287810239732,-0.2448030219024505,-0.3720116247748377,83.0,1.1329675024307517
2026-01-19,338.75595975677635,566.0,-0.007353404087174622,0.0011061735716501107,-0.015766317840019934,0.045832205806663334,128.0,-0.04782221046031905,-0.035340801013699435,-0.039400829395460954,-0.005271331988357608,131.0,-0.025611863162929387,-0.03502589870497034,-0.03665265924743,0.03522907891785785,140.0,-0.09071027096041485,-0.08566404736670771,-0.052300978569700105,0.030592295621546695,165.0,0.1016031046657297,0.08251113306811231,0.05667636567697959,0.18666722952628687,212.0,0.10789789134641475,0.09463496799281483,0.05770595004516471,0.17857033571469205,235.0,0.15238174729541473,0.1445641679439313,0.08561972512115716,0.22931592157260144,245.0,1.6708193131314435
2026-01-20,360.39824930375005,414.0,-0.003384656584196199,-0.023729403015741182,-0.013107826733714155,-0.07831807336579989,63.0,0.18610278093515856,0.1572649495165487,0.1691514344953271,0.224593479923491,156.0,0.08304914473022255,0.10200812315795202,0.12235406483912775,0.15062601191885852,157.0,0.2700146426829608,0.26374927839509577,0.24387357532440582,0.27028074480374376,206.0,0.3189183820755332,0.2852286892779087,0.27265851992144796,0.2566773108552049,206.0,0.439577593577202,0.3769664266471281,0.33700500354613194,0.3317754618443899,222.0,0.3795730766100669,0.3207240597844999,0.2899052522352344,0.27478938300171163,229.0,1.148729220521472
2026-01-21,365.50317794148816,365.0,0.061596092026176434,0.07034148563705185,0.07552234717991396,0.10277191766908943,146.0,0.039766268061107474,0.014230883038014789,0.029653653485941584,0.09364029629546215,181.0,0.0663255302937112,0.022089878146050564,0.02155284678693112,0.13827843984626492,181.0,0.11967641416119225,0.05191695670260333,0.0312169746085515,0.1745716525775985,188.0,0.13940462134379705,0.06715681051838171,0.028552349158825485,0.20210823927728694,219.0,0.07181117093844892,0.04887555314304609,0.0495632801680952,0.2168672436499786,249.0,0.0879022091726019,0.08579852458762748,0.08725112880721109,0.2647796966368756,263.0,0.9986233281354158
2026-01-22,371.16954194706074,224.0,0.08792467326618317,0.06519150398702246,0.033087894271017625,0.05728016057207456,104.0,0.061402496346352205,0.03219727629077405,-0.029971377342178876,-0.009397657338295954,104.0,0.0725244825610879,-0.003515918939667776,-0.060648867855279245,-0.020054540775924206,125.0,-0.005449165328448725,-0.05870221630028336,-0.09777907560603091,-0.028644346102007202,125.0,-0.13404609605087775,-0.18058806416146897,-0.1931034148377196,-0.17726147099006787,125.0,-0.09531949660811102,-0.1435350087515674,-0.15819419834847998,-0.1279289056275149,125.0,-0.08910441789648274,-0.1069050908717612,-0.1133413169299966,-0.08538964043838947,125.0,0.6034977946330217
2026-01-23,361.91529985686446,293.0,-0.0061139372895703875,-0.02179199881401055,-0.02568767459044319,0.061581472417165065,105.0,0.030843442581956305,0.01026410632765439,-0.029657076182223952,-0.0008257967928836865,108.0,-0.06011761944154336,-0.05805823412541222,-0.07492064712867517,-0.06516376821624091,168.0,-0.19438872714263106,-0.16899578117500055,-0.14671010272529408,-0.11739919509192444,168.0,-0.23264726155513155,-0.2232224527606032,-0.19591226757482785,-0.17141006086438662,168.0,-0.3211739376966966,-0.29862557937095074,-0.2592766567618861,-0.2503829268348834,168.0,-0.35815048032861807,-0.3354830561240816,-0.2903138067488799,-0.2570877923125777,168.0,0.8095816897375709
2026-01-26,355.3519379657345,145.0,0.008817792967585024,0.02950481741797922,0.01884251574005604,0.047992920304637476,70.0,0.1295794063599354,0.14041421404875823,0.08876662636006516,0.16214410546590743,126.0,0.17994001521358535,0.19004932829160684,0.13242720390416884,0.20351806711080572,126.0,0.21768082352207258,0.23210806680082544,0.15985981528537144,0.22451101473756835,132.0,0.14966002088341465,0.1633876590217896,0.10158410770382517,0.16705822487147273,132.0,0.18436990401962058,0.18029581075186274,0.10293900393187462,0.154901502883688,132.0,0.06814233802478943,0.0892918535541479,0.027318221946701287,0.03859856830441861,132.0,0.408046177629069
2026-01-27,335.318420064236,326.0,-0.0889945241095017,-0.08976709909348426,-0.09026385254667035,-0.1030274856359266,53.0,-0.09340266386329099,-0.12572543484460916,-0.11548079709274407,-0.2005283652329627,53.0,-0.009297988654781516,-0.06401957163472889,-0.06709397299797482,-0.14134204117447258,53.0,-0.040143487504259216,-0.09764930067508949,-0.10155070481489091,-0.15908669983803853,53.0,0.004690581821919813,-0.05956988830728794,-0.055761303266328596,-0.13020402506854545,53.0,0.08776499724209871,0.035929613365662444,0.04952218622208591,-0.006002234529274831,59.0,0.057082434491396855,0.005694173778067604,0.018288287313073904,-0.03905824365204646,69.0,0.9722102350880368
2026-01-28,334.43095148668976,270.0,-0.018929934704437136,-0.005981708136191381,-0.004161073280605844,-0.039174110753138675,47.0,0.14353029833374442,0.15820699349653203,0.11521212924708701,0.12800745578318262,71.0,0.13742258308051675,0.16941141716331615,0.12444849074282417,0.12486605737191356,80.0,0.28158008347359137,0.25557373524503113,0.19216650866239868,0.17228582801398698,118.0,0.1718407469622435,0.14401548689877458,0.10766638115495439,0.07711048532827024,157.0,0.23042699342804968,0.21958524596869392,0.17654186172142566,0.16416709597237647,157.0,0.24708772467450102,0.23450899254144603,0.19648210947573627,0.20413565193188482,157.0,0.8073415418032739
2026-01-29,328.2946703927193,252.0,-0.03756235286082601,-0.02983868913169485,-0.024355268415562847,0.00043454261015382433,89.0,0.010657658877773691,0.005045660026804932,-0.0043282171505997415,0.010447754975107503,101.0,-0.022820679971378346,-0.0153227800843219,-0.013495004814790225,0.03410588654740393,101.0,0.014256392238607644,-0.0076881841895949975,-0.03979967573061888,0.011286157417369502,101.0,-0.19394165654669124,-0.18022613484339328,-0.20680532385886502,-0.17446916652265432,101.0,-0.46239366004984084,-0.4152416049268243,-0.4109217320734908,-0.40098540750270395,103.0,-0.35922105500278007,-0.3325933457714556,-0.3474085205295663,-0.32964449910675864,144.0,0.7676030795703978
2026-01-30,337.6951779743651,320.0,0.02038645165162131,0.011189209184266649,0.021245461649627508,0.10269077174535868,75.0,-0.022596385655906704,-0.07236797333568737,-0.0653617435524018,0.07513129019532158,81.0,0.015534888292722013,-0.05634258626356555,-0.06790377123477465,0.12386588103371067,81.0,0.12171624895654513,0.036026650783787424,0.019871159310765368,0.2300357532908128,87.0,0.03429502788355143,-0.03127784071522157,-0.03866225373554501,0.1595717844489685,87.0,0.033088554634911845,-0.0675023791235215,-0.09373162596160482,0.09285943589654211,87.0,0.013955319749224046,-0.08006039202506934,-0.09886546294098411,0.06974296071696713,87.0,0.9476001461421272
2026-02-02,346.86706578633033,287.0,0.1158112213347544,0.11222039802041603,0.09146139339465399,0.07766668008429625,142.0,-0.1682693896652901,-0.16188188788871158,-0.14552547997989404,-0.22177019971543546,142.0,-0.09213477949571061,-0.09376463680054305,-0.07569350647181723,-0.13946896128328862,149.0,-0.13288320418990682,-0.10473008061494495,-0.0704332636609254,-0.17167070575018864,149.0,-0.04072478607409207,-0.022179882021745777,-0.001368047585808906,-0.05353867900212463,149.0,-0.035396536049671634,0.011870595794940195,0.03433115864017711,-0.042238655388236936,149.0,-0.15496690371472086,-0.10326887195767176,-0.060569392076055925,-0.16253335463279486,149.0,0.8274063129902094
2026-02-03,368.3082976162036,296.0,-0.15442968837163348,-0.09583924856531315,-0.07086244734296225,-0.06713277710925382,84.0,-0.18845823766106007,-0.12060829534621959,-0.08135492666052395,-0.058527886489319975,84.0,-0.09519641169550062,-0.04042931190886211,-0.022265156679358973,0.02968052455569483,93.0,-0.12543052929122883,-0.04419151181228796,-0.019092875731729946,0.0011183036610198846,126.0,-0.20246207057778268,-0.09837354299544593,-0.05506588905236843,-0.048664518752260175,131.0,-0.15321975912238972,-0.07458638757847826,-0.027651571547814377,-0.02462380708963783,155.0,-0.20817480332070656,-0.1439069616126397,-0.09444674956856497,-0.10507458610499995,155.0,0.8036745354796415
2026-02-04,375.326554986089,441.0,-0.004818911071481365,0.03941872808610223,0.049928106633583616,0.1386251958687347,63.0,-0.012376549405024717,0.0019971825477466533,0.0058756014797102475,0.05885276356064912,84.0,-0.026794523066711984,0.0369628756185909,0.04257291956021383,0.07258550214812189,98.0,0.06085788546920675,0.0894636113315342,0.07013264599468791,0.14349398051379147,160.0,0.02009948529596249,0.0782927947406278,0.07738894532125187,0.14019115053061715,160.0,0.07984202833733908,0.13583648896361467,0.13738543786813834,0.2103351137861513,221.0,0.11182994119074184,0.1639720487853811,0.15231999337004778,0.21401448678967072,235.0,1.1749768145671045
2026-02-05,381.5811687969377,215.0,-0.08702006275278357,-0.07336606018343045,-0.07740908969052675,-0.03913519539186741,124.0,-0.1287551842930018,-0.06586879896139539,-0.06908089904525871,-0.07146882402168221,124.0,0.027952303983075827,0.08000793179221612,0.0540967322613059,0.008846772673368593,177.0,-0.009140586525386513,0.030817450652486558,0.03232456613631781,-0.03100737623247739,177.0,-0.07517239590100128,-0.03225763525613762,-0.040018574912604264,-0.08616882620627486,189.0,-0.12741725923531008,-0.06553127349211503,-0.06593116211522111,-0.09398788795671952,189.0,-0.026787847817578474,0.0025636387516891307,0.005808799758601045,-0.03397568031541506,198.0,0.5634449956685741
2026-02-06,380.28772414961026,663.0,0.022172610907104224,0.022509590324581375,0.028912500092594898,0.013663543208771792,162.0,-0.23486961474411563,-0.266453036596882,-0.2799401419880996,-0.2923149231153861,162.0,-0.10052756529402616,-0.16519625671734758,-0.21454744046093777,-0.18495649559837699,162.0,-0.14071807911323747,-0.20397647494560248,-0.24789884597667403,-0.21845670022553362,163.0,-0.27778350536294383,-0.34199414207472223,-0.38078095567395837,-0.3455439127639379,163.0,-0.25100053113480025,-0.3085056231115679,-0.35691358499518133,-0.31755009761947517,163.0,-0.16815211247432243,-0.2469310581059581,-0.2968066589029299,-0.25394949556048907,163.0,1.7434167812873365
2026-02-09,407.21270280202833,188.0,-0.015951550291520337,-0.05594348940537033,-0.058757242517706205,-0.04189359932832652,62.0,-0.2540185285802626,-0.2675051866688381,-0.27001897308723044,-0.25585774501459335,62.0,-0.1762104992198773,-0.18744533486799697,-0.1742263910495589,-0.15661161790091824,81.0,-0.21042470170161975,-0.20156221565343052,-0.17521656195463153,-0.15854889224040733,81.0,-0.19684452284570067,-0.2108163497906594,-0.19892184095754295,-0.14512103362261508,81.0,-0.17042149093727677,-0.1896974535069525,-0.1994706336987865,-0.14462982802619737,84.0,-0.2771275240910071,-0.27939901734444894,-0.27317587690961587,-0.24012010302270026,84.0,0.4616751852444019
2026-02-10,399.00196920183515,430.0,-0.01117249288638312,-0.015509879964224956,-0.022387816660988068,-0.03369847665130648,99.0,0.02299170614753683,0.007440719159419536,-0.006993225459522934,-0.008181829641099524,99.0,0.1958751220660061,0.11885800921982961,0.03308174843640026,0.11445207917649629,180.0,0.2715862651370723,0.1901580465344733,0.09439979407264944,0.18516213502823534,262.0,0.12088348658262221,0.054144846511683484,-0.02129012241620116,0.06802132698512885,262.0,0.1726887181822515,0.09135686191822853,0.012681973051970755,0.116815362973755,262.0,0.12413218543488759,0.04904825914642604,-0.02874427140464814,0.06938125555159995,262.0,1.0776889168245796
2026-02-11,401.9541626111842,571.0,0.19758066565365098,0.12326721815199287,0.08055880542512517,0.17116566599268776,106.0,0.3468577540910978,0.25492785845436633,0.1813758394976326,0.29061961723813445,173.0,0.3154320396083915,0.24683335007510088,0.15889909058914434,0.26073647363065855,173.0,0.28168415785057843,0.2184136413004779,0.1276689120354753,0.23243098176483032,173.0,0.34231415726107134,0.27526428018906784,0.18359674089052036,0.2822231016092572,173.0,0.3584179912428127,0.2772939363550548,0.1826735655764114,0.2874132388145095,182.0,0.39246612586687923,0.32311354955518773,0.22012965798549003,0.31681238339542434,205.0,1.4205599869663152
2026-02-23,418.0537661720238,405.0,0.050801827336157096,-0.02508580082950445,-0.05015957519534134,0.01754085458212014,375.0,0.08736052837831881,0.015158065022628954,-0.011075384075467634,0.07050031804592471,375.0,0.092095492706755,0.010068274179225373,-0.04433610194366251,0.04406091606511386,375.0,0.1920878910899918,0.07330709643217381,0.01033533873812564,0.10321767037804004,375.0,0.2559448975957923,0.12667605524687503,0.05462654775726012,0.15480879177992102,375.0,0.3327428979518322,0.19280721135276396,0.11625586204293069,0.23098623943492463,375.0,0.3481211922528412,0.20454902726506052,0.12829065111158708,0.2359832487225189,375.0,0.9687749107212866
2026-02-24,442.1438836794501,856.0,-0.0016750601968232638,-0.00224134162868523,-0.014198965981553492,-0.024006691391138167,144.0,0.10636242335979772,0.11622898629627751,0.09322239074966854,0.11729093098289313,262.0,0.11630753832343652,0.11009078402240066,0.11033699445133693,0.08094185729407018,262.0,0.17998535609119845,0.1941265132106012,0.19077610901816805,0.14568478413976862,288.0,0.18096834975553613,0.2094248161963393,0.21280536060284944,0.16487142540835936,312.0,0.29071576055457,0.310323401407926,0.3125144079114091,0.27738435019810614,398.0,0.31865110547332665,0.3236822918451867,0.31697203445303507,0.2588528251103026,398.0,1.936021353222182
2026-02-25,481.5587519004548,712.0,0.08294605160660089,0.08345996083279118,0.08208299702433386,0.08741682698446393,90.0,-0.04568553438237108,-0.02588843201175503,0.005738419830163366,-0.0569742254620799,133.0,-0.20328800429858962,-0.1789625277065664,-0.15798267680970127,-0.22219467883759347,133.0,-0.2416050186044953,-0.16568808805182625,-0.15063677662041983,-0.2061864055535355,133.0,-0.18442829563535615,-0.08587818088398766,-0.07231069760667502,-0.16106078872065369,163.0,-0.2342659908172852,-0.1417129762626515,-0.1277401565174419,-0.21168485290308636,178.0,-0.276975362452741,-0.14928981570117017,-0.12759568061108179,-0.2063303019291577,178.0,1.4785319489888136
2026-02-26,503.50553743374485,407.0,-0.0736023943304683,-0.09620168959984006,-0.0944762562314856,-0.12477973349506809,90.0,0.07791709131106196,0.029794120621536472,0.023725619935852857,0.02924574040345562,135.0,-0.09550384773751201,-0.15053044319444278,-0.15925053663593894,-0.1691759785895672,135.0,-0.19247811604120088,-0.2190272978092841,-0.20584020719318194,-0.2249429079664984,135.0,-0.2311120003402832,-0.26905842850316847,-0.2538305998123263,-0.27801054672141756,135.0,-0.2497712743422445,-0.2927647034876097,-0.27716474120755535,-0.30395605213140375,135.0,-0.23927371249473492,-0.29124529517381775,-0.27047112332452894,-0.3083471508392829,135.0,0.8083327187907168
2026-03-02,494.3145338686263,773.0,0.1576321418294709,0.1558140456832004,0.1132155932793738,0.139517045356235,267.0,0.35183341772819415,0.3505896285127997,0.30669636205722384,0.2822003789618188,393.0,0.5265974530229833,0.5272182335131456,0.4672578002097143,0.46340344143795315,568.0,0.5711770834847011,0.5797636590304325,0.5238574393575044,0.5247448606266357,630.0,0.6064362590829063,0.6104367526878344,0.5556565217321808,0.5273062916437373,642.0,0.6067988023547463,0.6088942787500805,0.55723628575023,0.5656591556975227,642.0,0.6112479026277381,0.618674706725773,0.5654526114470736,0.5655564093990046,642.0,1.5637816552758688
2026-03-03,520.856006833519,344.0,0.06735737992243444,0.06721082056611151,0.07808850429818813,0.10001370258078836,222.0,-0.02098528807121227,0.00427940437021996,0.04266645672992741,0.03217697180387836,222.0,0.05112242091151372,0.07445934571589612,0.12462680073523869,0.0937808534807194,270.0,0.07193054774557446,0.08666146286482157,0.12272094938616188,0.1028136115366267,322.0,0.11421308548808462,0.13858415621716544,0.17237474154084897,0.14455471358607727,344.0,-0.04547611622223297,0.015849226646848416,0.07695246141869434,0.03380372534633513,344.0,-0.20511093043122086,-0.13194131492025085,-0.05299960189233648,-0.11360834216291446,344.0,0.6604512484963097
2026-03-04,567.0601966588981,577.0,0.08463645240658517,0.07763273161062459,0.06533646741399868,0.04270477832226026,413.0,-0.01781657644511139,-0.028553765962525575,-0.03909451777036131,-0.06386529283893913,413.0,-0.12052229034556766,-0.11197823047145357,-0.11519197138491134,-0.1639821950469961,413.0,-0.23344324490422644,-0.2567088909463482,-0.27486060949734836,-0.29068926358433334,413.0,-0.3805933874368739,-0.4138115478107344,-0.4309266209890324,-0.4085911409567269,413.0,-0.36898780602358683,-0.41128586510772014,-0.4465088382361099,-0.4236470859429578,413.0,-0.35962387733307616,-0.399991312286097,-0.43695743821203975,-0.40760007171084284,413.0,1.0175286563925081
2026-03-05,607.054463643765,536.0,0.00038755468443062103,-0.004695551171777235,-0.016813268911574756,0.009103206518095664,198.0,0.05020802726380071,0.06574496609310124,0.06179893623647781,0.09050328552068182,276.0,0.04976690236056917,0.06821558896516933,0.07830487652650722,0.08477021281276995,330.0,0.19706697545688112,0.15908924395264334,0.13279383757643606,0.23701655224972257,425.0,0.13847597419749658,0.10224849724529605,0.09676669099049909,0.15474982701620155,425.0,0.07079486475630979,0.040738609721910804,0.03256207980060914,0.07881581703129778,425.0,0.0737211235359285,0.047504600554887186,0.03963958671004845,0.053934083174079564,425.0,0.8829520777801882
2026-03-06,635.1445147253112,592.0,0.03167124611887247,-0.0008866304291230303,-0.01510917202711608,0.014518043446820951,185.0,0.09312793874400771,0.06685915907931289,0.044318190852194995,0.04882776296848293,211.0,0.14489551728485772,0.12546307451032243,0.10414351679854562,0.12875767855357215,242.0,0.12119264257327855,0.12273645945678796,0.10920232487836654,0.13213381254724216,272.0,0.10748984008536076,0.100266950292367,0.07890484597940374,0.11508167045394978,272.0,0.028750746920022083,0.05129052264912912,0.04110614120378715,0.0648823465842474,272.0,-0.007254742823000804,0.004354094136842564,0.000764674202721669,0.01050605075186857,272.0,0.932071341678877
2026-03-09,631.0355133229006,987.0,0.05512154976418875,0.04240366393648683,0.05524855023576491,0.06907678377328784,422.0,0.13512296093196863,0.12323330665975199,0.12021668689309328,0.166067323167473,533.0,0.2251208539431376,0.18480214339023476,0.17699669279127167,0.2331320780118316,621.0,0.3093718949145076,0.2850397064898532,0.2697402990820761,0.3312394342518114,747.0,0.2622350981049662,0.23197630769893807,0.2134873935978491,0.27425974610711545,766.0,0.21908330314226418,0.19457261468099696,0.17761416602179664,0.23590872140389135,766.0,0.13494221170314422,0.10187123329757712,0.0946145894755547,0.1503853796328026,766.0,1.5640958062766788
2026-03-10,664.9368930064338,485.0,-0.014424855224070424,-0.013401501256939816,-0.018767527428488,0.055589456509535666,110.0,-0.04224004297792958,-0.039651460043055614,-0.058062111916246543,0.03326422999572404,121.0,0.09461215190210519,0.05333209889947023,0.002310449450913203,0.08115720051248612,148.0,0.13755803627310317,0.09011066897899707,0.039793855449565714,0.1371207442790916,235.0,0.09684631284364043,0.0670580220598431,0.03815023947593175,0.11543281112895193,235.0,0.10956617004671768,0.09636552810462277,0.0573721518684223,0.16256635146853085,235.0,-0.061504584514837285,-0.06446515274866839,-0.07780108720185448,0.0011530922687018619,235.0,0.7293925259690881
2026-03-11,692.5619508153449,908.0,-0.036109856615682605,0.009529904520132217,0.05324852163526752,0.04871328891507296,123.0,-0.02550190202349982,0.00763549260515873,0.04685386078441963,0.04922623000886726,123.0,0.057940875711216144,0.07836111920432635,0.09857694525578915,0.1242293687884493,172.0,0.15348705484952835,0.15883906764278505,0.16899703784310402,0.20475142215147943,315.0,0.26751722163035385,0.26606544531544196,0.2533099932833309,0.28400359616368387,363.0,0.2909347239524814,0.3032400666614857,0.311787709606844,0.33748778029229615,407.0,0.24000002279556887,0.25019978330923537,0.26019536101240487,0.2706417296057962,407.0,1.311074047500043
2026-03-12,713.0798602615025,469.0,0.056159517421449694,0.04507359504682391,0.03904214507184713,0.036532957854943114,208.0,0.06287331576043668,0.04605772947940311,0.04000654485628697,0.04443092881915346,246.0,0.08759767416917032,0.0743158405941128,0.07291276460502125,0.04835827217395307,246.0,-0.0029814747233989523,0.004452369883989957,0.01908965382083194,0.012686166223877204,246.0,0.03653208386046016,0.056048781964049665,0.061192084894687096,0.0813714438915552,246.0,0.11131317087259403,0.11992959631754851,0.11765350968558513,0.14094159877000775,318.0,0.26092441624341306,0.26346806228963754,0.23396477487880335,0.2546925217489303,400.0,0.6577103437306546
2026-03-13,703.5484449985023,855.0,0.21748661254842475,0.18134074294608368,0.11982319735663585,0.1579039610963321,412.0,0.03375214293353526,-0.004007075424365852,-0.04895592737677157,-0.051653513283003404,412.0,0.1976650962612508,0.20250849866185325,0.14732531552104183,0.16577430055840298,480.0,0.23997416885793982,0.2380387995449158,0.1697053278199704,0.21269051632385877,480.0,0.31448498732790137,0.3020168332611084,0.24128029492539446,0.29352983585207404,532.0,0.3396572816203144,0.3306870652373627,0.25997733808206896,0.3039613287945435,557.0,0.35152923773610006,0.35924236616668137,0.3005281898406383,0.3328325573197418,593.0,1.215268125568553
2026-03-16,717.9724026176925,491.0,0.08571237369894724,0.06985517334044519,0.05893256241378329,0.06696377012588142,272.0,-0.03709108149687713,-0.02719994794557911,-0.048895851562387176,-0.07496931039437299,272.0,-0.0980601295377716,-0.08108986262526,-0.09466405744631748,-0.1226370770219006,272.0,-0.2037178622657508,-0.18753533940193307,-0.19193261972488396,-0.21403436205202914,272.0,-0.2277378934935736,-0.22308452426549802,-0.2271298728269596,-0.2542042912123456,272.0,-0.1356009635447015,-0.14992614704262222,-0.1738224490110661,-0.21881048704003783,272.0,-0.26922190712749444,-0.27748932284315464,-0.28948521182822734,-0.32923076860478484,272.0,0.6838702966992016
2026-03-17,711.1178880826742,424.0,0.1105751736908639,0.09321115917102431,0.06534135123337008,0.09677082888113206,183.0,0.10859292800180403,0.08955676918563074,0.07243315616563133,0.12003111686889775,227.0,0.10128638672503505,0.07054198286871932,0.04634279198242785,0.11423249945765018,240.0,0.14894750939106202,0.11953995982393036,0.09614572990493221,0.19877951223447046,263.0,0.05868775575233544,0.05290289232053333,0.049796427196993426,0.1304582297993332,263.0,0.04887166937157105,0.042240885308405064,0.047091250703983914,0.1072178182149092,263.0,0.18810296505841187,0.17813490491432865,0.15603677158927992,0.23644406022623668,290.0,0.5962443177223324
2026-03-18,683.7733273128957,327.0,0.05503775038185139,0.05865342916646872,0.06366120771694851,0.05548859484569015,156.0,0.05516064410967921,0.054125183599579366,0.0705243283097426,-0.008536157134090989,209.0,0.09352422420843777,0.0784742800796779,0.07920630772316468,0.03726963381313288,229.0,0.050574239599024774,0.04073655381621027,0.04663829025692878,-0.025412763781483636,229.0,-0.00951949619119278,-0.012502041120390406,0.014528661797574905,-0.09182288604392076,229.0,-0.022308337206131627,-0.025625617934055715,0.01419204801284789,-0.04386048921941725,229.0,-0.06606441985379781,-0.08408473219952659,-0.04052679614362174,-0.0709472602263116,229.0,0.4782286569805966
2026-03-19,650.3663437592866,313.0,-0.039692949602093366,-0.047916669632415386,-0.046389441423701314,-0.011289126702401826,136.0,0.03684280476866569,0.022112185075062428,0.048513809043790455,0.07100026390857922,136.0,0.11477329087075731,0.1071844095215525,0.11888704969465357,0.18719589972898704,155.0,0.11417255954648178,0.08245824304155384,0.07679822768220919,0.1559150145701254,155.0,0.09208639434100155,0.08624796806067243,0.09759100504805437,0.16376749866537038,155.0,0.03309043559250374,0.04933416599821653,0.08578292231623187,0.14420223423790787,155.0,-0.0792790884708452,-0.05443872871905218,-0.008774528368397538,0.02956157780053248,155.0,0.48126721655179544
2026-03-20,640.4266919726879,477.0,0.02261939089441877,0.024475974439355806,0.011264859103165211,-0.011028570048393317,184.0,-0.08082068201823692,-0.05054940340516084,-0.028858861374003,-0.12287027831422374,236.0,-0.16132569321715987,-0.15247977922010358,-0.11053155806454605,-0.22725219375540404,236.0,-0.3400103640705362,-0.3363102091567604,-0.29763519837234226,-0.3931808199148486,236.0,-0.47401582464726405,-0.47068513600116485,-0.42741509994600857,-0.5237903825266378,236.0,-0.5545867427323642,-0.5451121455237422,-0.5041804011412245,-0.563971934548875,236.0,-0.42221178317858693,-0.3991962743412841,-0.3389160447988546,-0.41353829412628906,297.0,0.7448159265984224
2026-03-23,628.67176892767,677.0,0.14417685278555453,0.11491505539468483,0.11466859659398512,0.11084804906524942,273.0,0.22999212324791263,0.1873991448700483,0.16246966278454392,0.18630445142594348,345.0,0.2955881110886096,0.27192092096006737,0.25070056342100816,0.24738351367706835,422.0,0.33213077120390516,0.32746185563459185,0.2957485023469528,0.30576017509952685,483.0,0.22037092502673492,0.23163371239098798,0.2226605284576101,0.195896644045895,483.0,0.22297335123091888,0.2302604747907225,0.2155297383990395,0.18244527508961325,495.0,0.12539635181282494,0.11742212739015113,0.10102399940870752,0.04470222341211122,495.0,1.0768735506522964
2026-03-24,633.2744576012252,657.0,-0.09243312153034786,-0.08244329727446188,-0.07549083633332904,-0.08569105707522237,180.0,-0.2068070919562674,-0.18755074145265954,-0.15892399693972575,-0.19622444750991566,180.0,-0.22223415788694847,-0.21801262795199589,-0.18555142208361233,-0.2340033818029014,180.0,-0.3700916158892632,-0.3485277059102754,-0.3171227536306803,-0.3853236655242683,180.0,-0.3889288068365958,-0.35305321819995233,-0.3021929463126952,-0.384709138335181,180.0,-0.4912411974210226,-0.4556876938838975,-0.39650841698844547,-0.4428674770084827,180.0,-0.5734196254126308,-0.5445782292382988,-0.49275732190346455,-0.5419464683751996,180.0,1.0374648655318337
2026-03-25,673.0578425915847,302.0,0.012104326250911497,0.026344034156794306,0.03882069148735416,0.046869495930737845,100.0,0.04017060441251369,0.044991938588096886,0.07145057024313134,0.11275640724505288,100.0,0.11087599722951173,0.09411920857070294,0.11945149780856804,0.16310331490248758,114.0,0.01152797984374927,0.03737155206673547,0.07017856695288681,0.0976199073462669,122.0,0.09446729397776019,0.12177749261604034,0.14330746218717486,0.15608186732142976,130.0,0.10432992295160083,0.13843701964499025,0.15871805580194365,0.1691629218129269,192.0,0.1071099790231972,0.1307593505128765,0.1428858000122846,0.16446261291279202,192.0,0.44869843405606863
2026-03-26,650.48090520191,310.0,0.16073144505004955,0.13190754776961364,0.09967307630268446,0.17263112522191457,92.0,0.221281970106976,0.18693439834349804,0.1582149198637534,0.1950282140035499,130.0,0.16964754592561476,0.1700203057327755,0.1699520668206528,0.17136366168881634,130.0,0.19424242143205822,0.21462031320084837,0.20633080261611364,0.20767708133456383,130.0,0.14352932069222218,0.16514087411168824,0.1429298353404676,0.15074442433159327,130.0,0.17044916135825808,0.18658998636884536,0.18598218542567696,0.19080751507149638,134.0,0.240695156488196,0.24633585982207373,0.24276178057675285,0.2558304918797854,232.0,0.47657048426928944
2026-03-27,653.0065332779186,591.0,0.04367949458626715,0.044918807851145506,0.04294357764556999,0.06649981826908606,170.0,-0.05606662055543008,-0.02694009902514373,-0.02022333340048083,-0.029737691965425538,193.0,-0.024468678778159815,-0.01268682208588027,-0.005876073857796826,0.018589567889166433,193.0,0.027123946571258727,0.03941089306403605,0.061424090185218695,0.12361534961961616,231.0,-0.018222286019814307,0.011316705959939517,0.028808827627849795,0.09002383411888186,231.0,0.046813524124523165,0.08325978890719021,0.1030587602069597,0.1636956418281114,231.0,0.056465072595132226,0.12146669117365852,0.15237470596414837,0.23347681986866634,293.0,0.9050445437863196
2026-03-30,647.101149156212,685.0,0.05045331539090717,0.050579983866631754,0.03205710473691115,0.0099340298159831,320.0,0.12470835797123395,0.09394079666467714,0.0724642656860287,0.06987460781199387,399.0,0.11334611860419903,0.07865622685127761,0.04921929820085302,0.002348133410189071,409.0,0.1445295547281157,0.11831049122130882,0.07186451133803266,0.03359593691319052,436.0,0.06559397543432943,0.04267125010052634,0.00038381693455082354,-0.07102779144874609,436.0,0.12390221211647856,0.082598724576545,0.036347410065244105,-0.03131954533460768,436.0,0.11165033739609685,0.07943358762863079,0.04009869630342809,-0.020295148274529218,448.0,1.0585671202920999
2026-03-31,650.7105635222871,489.0,0.0837527833689311,0.07896095779899001,0.06934669055259919,0.07651283462544894,326.0,-0.01544069467129362,-0.028237499192840507,-0.014741312138771513,-0.02491252015261747,326.0,-0.2138144433792757,-0.23304597274760833,-0.2364577409009427,-0.25641103842358715,326.0,-0.23052934378957482,-0.2600940656750276,-0.26487203226359995,-0.2862216899791626,326.0,-0.2665446877931755,-0.2930436377031009,-0.30199397937916667,-0.30572721665150726,326.0,-0.1547295070413052,-0.20989021859042933,-0.21886077044740687,-0.19329494299417174,326.0,-0.08659272447567112,-0.1401428814452501,-0.139688447564768,-0.12722832086714206,387.0,0.7514861866588578
2026-04-01,650.1667003296883,505.0,-0.07323293325991241,-0.059911404202975645,-0.039028700302779926,-0.04192579026087548,147.0,-0.16151276041390958,-0.12319342389351265,-0.08740376115386968,-0.12810480122418996,147.0,-0.17890858448119176,-0.13085426404089245,-0.095847411483888,-0.13126482880335463,147.0,-0.1843774637681284,-0.14483216271868096,-0.11459103507845399,-0.15762984284513684,147.0,-0.08685566173336916,-0.05225582642022105,-0.017866088662871624,-0.06601928309527824,224.0,-0.11123392259158205,-0.06106898927872418,-0.019961474003634603,-0.06317691213902263,234.0,-0.05542451868256897,-0.018236306129147586,0.010042275500583227,-0.008921477230922365,308.0,0.776723876728727
2026-04-02,636.3413002982894,245.0,0.014105685430017566,0.01753196768985698,0.02065738981320912,0.007462518588468729,129.0,-0.040986463064287916,0.008601235251943267,0.013794094785898211,-0.00511062580719628,129.0,-0.01814990143894363,0.019759363593454076,0.024524197396455543,0.0005012237252641669,198.0,-0.06719792515853085,-0.008947002190755953,0.006534300483314414,-0.034875508692442415,245.0,-0.30497856743177704,-0.25043875718172237,-0.2387251628364838,-0.28838917639089345,245.0,-0.392789779763836,-0.34767683432113017,-0.3245769152339016,-0.35706709679994136,245.0,-0.479197396560809,-0.43898217942160106,-0.4045877829435629,-0.4461432223363323,245.0,0.3850135137938627
2026-04-07,690.1183193175,262.0,-0.10651400205743956,-0.07762192515160402,-0.04138947790720212,-0.06428239640453197,117.0,-0.04818417174738335,-0.00581242749662092,0.013187840202475033,0.04141382210634096,199.0,-0.13296039788509792,-0.038691801465576575,-0.023684028434338762,0.050957772806143165,199.0,-0.2253771565864913,-0.09795789316121334,-0.05804786223944843,-0.00541551601765629,199.0,-0.10289199834467028,0.0060466339121591954,0.03958296240309376,0.08190655185002797,199.0,-0.0796823552570166,0.02762229400125389,0.061647087369406176,0.1089938721424408,223.0,-0.148759173534532,-0.0031842890968135826,0.044038947937536085,0.0921819798556086,223.0,0.37964504443108793
2026-04-08,664.5832412872619,587.0,0.06109017482947299,0.04612294652352447,0.035624308461521925,-0.013637913956287138,106.0,0.04020194696435247,0.028305124932770234,0.027770855433854255,-0.014374910949671377,106.0,0.08742382402153992,0.07515257352238273,0.05416449554420429,0.03960607338760815,142.0,0.03510712950928306,0.04246272503587132,0.027399899119388442,0.007015923888393199,170.0,-0.010058249351170365,-0.0034245153633120696,-0.03450410577990304,-0.062004224571153836,170.0,0.12814831456591447,0.12778270240410552,0.08588321572907631,0.09455625317121986,170.0,0.05889235097920131,0.06480752185294537,0.028561987651879374,0.014373470718937824,170.0,0.8832603104210281
2026-04-09,657.1943611646656,219.0,-0.10535059260576826,-0.08508099704252738,-0.07047308631782835,-0.06945354020075069,143.0,-0.19904269622207899,-0.18846163220326173,-0.1713948191569269,-0.15928369414211824,143.0,-0.19269597466971058,-0.11988061827096048,-0.08912125069436551,-0.08934874807886442,143.0,-0.053913333507677026,0.0023697588803201853,0.03684420680462457,0.06457804124138697,143.0,-0.06044933647251108,-0.02606582111530346,0.012534586630991716,0.045662157466132065,143.0,-0.19029808080697933,-0.1421390218683318,-0.0673888950570788,-0.07055781156701016,143.0,-0.16449744435231864,-0.11492019191225633,-0.046023855911702785,-0.0488611565809531,143.0,0.33323475206313846
2026-04-10,628.4139458156498,365.0,0.008414407633731498,-0.027383535444214895,-0.02659314334928641,-0.06279024043417589,161.0,0.032131901733350704,-0.015637731674066267,-0.06363405299360256,-0.08930490412666695,223.0,0.0270117308688373,0.007901571257125272,-0.06568271056925302,-0.05969292921375845,223.0,0.05062504875193971,0.03500514469551546,-0.03902967144548538,-0.06939143368632344,223.0,0.04910714450187868,0.02083819769129396,-0.05571701475548203,-0.08239393285221135,250.0,0.003384933451274164,-0.03336807111734526,-0.10526436883989929,-0.1810258445608488,250.0,0.006065771028301351,-0.044595130595037856,-0.11640312553631857,-0.19184734901827144,250.0,0.5808273390977158
2026-04-13,603.3269033570165,427.0,-0.06596509823988213,-0.09782952024869966,-0.11531945332311484,-0.09437003415709745,281.0,0.03141298724087187,-0.01366748261724307,-0.03434471079904899,0.01365469166736528,281.0,-0.06245711760573651,-0.10095472602155177,-0.10450630713634292,-0.07654816195053765,281.0,0.03441181669126302,-0.0052636566904023,-0.01178273823119087,0.016072184788608918,330.0,0.062312372606345694,0.001863744504820946,-0.02052898784080368,0.013116252277105707,330.0,0.14798428357957405,0.06763274842174642,0.029064883314947474,0.09131806883613469,358.0,0.16229201424645384,0.10546123003254021,0.07016934303532868,0.13438574979012016,363.0,0.7077423493368143
2026-04-14,586.5338649420626,440.0,-0.008401413147123133,0.048351693148760456,0.04146921029516882,-0.02678862367960563,96.0,0.0443114952206885,0.10137549308327969,0.07330055414977345,0.058371405040917625,158.0,-0.0254103499839908,0.05682204594498107,0.05279638871855563,-0.018031623146601033,201.0,-0.10656681164292786,-0.006882712630839554,-0.012034151969620259,-0.08990269850257623,201.0,-0.11664346063075509,-0.007257588386192727,-0.013746700477325423,-0.11013516563865111,226.0,-0.0900073885084276,0.038563086522391696,0.007206472050353286,-0.06608735726713152,270.0,-0.18920768463337825,-0.08456130139603274,-0.12564011002422046,-0.19054035366940048,270.0,0.7501698133720939
2026-04-15,572.5782587571042,450.0,0.04545096116538789,-0.007331753537082053,-0.009423528421163263,3.257285305819181e-05,73.0,0.0029021064738715793,-0.034269881803125374,-0.016230867568384637,-0.02819527288540401,73.0,0.03928225791332959,0.0015327469964161828,0.010362873821662013,0.007820592164884605,84.0,0.08923583337234338,0.04595963557499628,0.0735694412572238,0.07386671676215895,213.0,0.12386908246182406,0.06516766152774227,0.10678029869124427,0.07500110302228198,276.0,0.16139029458923648,0.06845188343307756,0.08729153937276497,0.04411490899275684,316.0,0.07320115483304883,-0.035788656943810934,-0.005195710448867755,-0.09421463320465737,331.0,0.7859187685135218
2026-04-16,560.9041388754753,580.0,-0.08949381508978102,-0.11202805454652245,-0.08749643541539838,-0.11560943742850291,110.0,-0.26231464772099583,-0.2739697022750517,-0.22809121494791956,-0.3002551033636323,110.0,-0.14790523092426267,-0.1688015979959427,-0.16734570317627637,-0.2277628971819416,116.0,-0.10536636113420934,-0.06211346616096206,-0.0553296646822616,-0.12198667270413295,191.0,-0.09406867580816435,-0.049329654851721944,-0.025393419131387377,-0.07098418014974195,222.0,-0.18833234309219696,-0.12596857980935575,-0.0874785158155068,-0.13203460969757913,253.0,-0.13375505147847885,-0.09859542859120471,-0.07767408693869195,-0.06259648422301667,253.0,1.034044785554282
2026-04-17,562.7227923159062,247.0,-0.0032153129556258876,0.0010175720333321318,0.03524113163313919,0.0352983839578691,166.0,-0.12722575741362552,-0.08376023739631315,-0.00021565762601082048,0.024840174937992763,166.0,-0.08709247095070369,-0.0365800528791236,0.048287703936466496,0.04229398146467832,204.0,-0.1170189772472921,-0.05346021190709761,0.07196998474240669,0.06397568516814361,204.0,-0.07641336795878859,-0.006054389132449267,0.12952834811155628,0.1423020773086958,204.0,-0.2198653641070838,-0.15108617697891263,0.026180262054966874,0.020563184862342408,212.0,-0.2887391280001236,-0.2049953235188171,-0.009779998605517155,-0.05374828506304036,212.0,0.43893725893607843
2026-04-20,542.9396692382008,433.0,0.1358351746400585,0.07450059221353005,0.026655716833287515,0.09151748383620056,187.0,0.23348750828594156,0.16355551902012996,0.11681095317588228,0.1990066506892285,253.0,0.321086568867508,0.25082097225926975,0.1844439789008711,0.22818519090553163,350.0,0.26298967111967125,0.20918871020188096,0.133036534283534,0.19304988355992192,350.0,0.2031350478022713,0.14353800163661598,0.09633892800273829,0.1333674650252011,350.0,0.2308807747982315,0.1624172449561553,0.13220824782709126,0.22191492835633853,350.0,0.1924295060502662,0.10945029249003806,0.06797073728466399,0.11683226230038907,350.0,0.7975103396065031
2026-04-21,538.3739864536103,512.0,0.2150654872007499,0.16783761102501218,0.14866714218896296,0.1530515825964044,233.0,0.33442616825282734,0.25939512438396656,0.23993096832054378,0.2643090719527567,370.0,0.25911810044352357,0.18934430369378075,0.14326513355783138,0.14719584923138315,370.0,-0.010491385270816209,-0.069739286827981,-0.09532732973822318,-0.13111250386598344,370.0,0.17048487847320434,0.06670428957166205,0.01794573683737098,0.025740632046182085,370.0,0.02770272455381767,-0.0629874709387159,-0.09009473732912637,-0.0745562386185911,370.0,0.0772754358248409,-0.025168042567935166,-0.0633249183805875,-0.04318925603760657,370.0,0.9510117741250061
2026-04-22,535.8621782199332,444.0,-0.024468475657851655,-0.020268052943569346,-0.01856895480709133,-0.041202108569434764,97.0,0.07486438973213425,0.09509026223001818,0.06220594005503412,0.08827812508624534,175.0,0.0880121426257349,0.08949830043790702,0.053961173892782904,0.08970372488061802,175.0,0.06207551733264826,0.05942293144155246,0.0224329091766144,0.06604203126647293,182.0,0.1664089876868763,0.17340661721372938,0.10826179922423497,0.14800547490531787,182.0,0.14857168391431863,0.18101459153224703,0.12126518431750864,0.1743333380591353,241.0,0.2116316018007402,0.2377614279274311,0.1567795184854722,0.19370940397556163,272.0,0.828571259637902
2026-04-23,527.1133993418443,631.0,0.10410481424258172,0.06813594227174104,0.025775362474434155,0.024834577917060764,150.0,0.11739809118345737,0.06797870376287402,0.03430340285495182,0.04482130571890684,316.0,0.21709828877986248,0.1479536080272478,0.09037298060227285,0.17048729460961887,378.0,0.2267727820525555,0.17735004329290138,0.09988940628598818,0.17111750257801486,417.0,0.19910956079383485,0.1438204675042313,0.05501203165767604,0.10894836595092032,447.0,0.2458987796531059,0.22147239341528557,0.10297540101616924,0.14753998128411722,529.0,0.15642122425439553,0.13632254701408375,0.03014293591660472,0.06769961346589984,529.0,1.19708586575084
2026-04-24,636.8168851188116,976.0,-0.017187723481774848,0.036709158022111756,0.02212503316852344,0.0811943840146586,250.0,0.11890602714815414,0.1876416431418439,0.1528053219077525,0.24312411509404497,329.0,0.15730756306122176,0.19880328301778544,0.14087682818343633,0.2419527851980926,368.0,0.24838521422890517,0.27838547660072394,0.2018185504758074,0.3258341186854899,386.0,0.17396795288821637,0.20801912605576817,0.15663566986311625,0.2823136919135879,386.0,0.28490211335029403,0.3019302264203406,0.22171181276057406,0.3608900746026675,434.0,0.32869391536461157,0.33007527145338544,0.23921174129003878,0.39176554522325635,542.0,1.5326226782097756
2026-04-27,669.12003891702,557.0,0.07891778612086786,0.04544873453639615,0.024572737262696494,-0.01771166826217753,221.0,0.17205681972101217,0.14015249986055764,0.08226959368833742,0.10951773333878334,454.0,0.10126522939228817,0.03787761337414254,-0.04119638457134063,0.04208104758413911,454.0,-0.018433612429791385,-0.1026904504572971,-0.19425104924093886,-0.12709818387607363,454.0,0.2056630750199473,0.10951310255537859,-0.010182496193780654,0.10203629309815919,512.0,0.20251410417165522,0.09156798856463648,-0.05458541399482602,0.07464435671459299,557.0,0.19083963736387285,0.09327362133994481,-0.04949339142681568,0.07096750558662779,557.0,0.8324365847741044
2026-04-28,664.53717806778,547.0,-0.05410274665389741,-0.09273151454630829,-0.06849784647262659,-0.08773987685200874,193.0,0.1894027411266629,0.14188357546530284,0.1206394463831484,0.1191390507570087,206.0,0.22222536281705993,0.1438233041885947,0.10195913283187792,0.1335754084375621,206.0,0.3128147226304229,0.25792706655011527,0.1868737160409767,0.24703831545793176,301.0,0.4482154855777571,0.37414486131745256,0.2790524801188137,0.3730279116826871,376.0,0.5079535599037873,0.40004759955361574,0.29557401007522816,0.3860742601013245,405.0,0.42899938527343845,0.30265945539354694,0.2019150113080194,0.30659119616702574,448.0,0.8231292665828973
2026-04-29,666.581256347039,595.0,0.0017975512503720596,0.026924259838634695,0.027950857037945812,0.03858595093860708,322.0,0.049979616845990865,0.025592914038163106,0.019440349828835114,0.058553703768491366,322.0,-0.05452394083930003,-0.07713310441655076,-0.06633284761627854,-0.04196257526502549,322.0,0.0827794949166698,0.04220258815268485,0.021546240501790964,0.0832142774197497,322.0,0.1452231841676194,0.11643067905796083,0.08952120327288653,0.16477773088872594,322.0,0.046611205527188664,0.03687401889421238,0.023408312516980067,0.0833428881440479,322.0,0.14025173545583464,0.11640138988148245,0.07347685175540775,0.1639391151778366,322.0,0.8926143577163952
2026-04-30,666.6211366949401,397.0,0.10989389050284283,0.08659537824149116,0.06831447071742491,0.09824185735604121,274.0,0.0010786803523672713,-0.018673404705526756,-0.008681225467632654,-0.004418081510356408,274.0,-0.19823516224088372,-0.16111148059662667,-0.11174912167053425,-0.1407829165063969,274.0,-0.2335711444959352,-0.16859953699088068,-0.127001065192296,-0.17106426777986494,274.0,-0.27161255459007766,-0.19972847634129137,-0.148455505929862,-0.2045211863959939,274.0,-0.18988109112948742,-0.12508214299387996,-0.0771895215293468,-0.13125315063027504,274.0,-0.12698291955007449,-0.055473288115565025,-0.025556711789337508,-0.0589161130999689,274.0,0.5955406724249663
2026-05-04,667.1334093906601,907.0,-0.07648367639694992,-0.008703091890309727,0.0016405406889113718,-0.020400882585352026,142.0,-0.19327025783505275,-0.1625596912220601,-0.16639283084848738,-0.15008676085058606,147.0,-0.08042024953379127,-0.04111418691586394,-0.07225034218279351,-0.035098415404767824,213.0,0.11643588416956227,0.13274002067746216,0.09381850929931666,0.13345062959504012,384.0,0.03141151948585189,0.06311512554492936,0.04263949806545972,0.06865600807967913,398.0,0.059640999282948366,0.08172876616233599,0.057862002801839056,0.09846618638612863,398.0,0.031191282580295757,0.03698636822650288,0.00777162030525303,0.05351203006535369,398.0,1.3595481611817748
2026-05-05,689.9778465915496,277.0,0.0305511779868596,0.04946307860409905,0.03979751398609475,0.04204499009766329,149.0,0.1438645005380606,0.16538804555285125,0.14151020010893972,0.1696479980077073,251.0,0.11075912632372074,0.10965537473681038,0.06866938892431979,0.10102492463531808,251.0,0.1499474920793172,0.15955388602659312,0.12677763537079023,0.16364770796487357,251.0,0.14641767950461257,0.1547004042675713,0.11804715189986362,0.15813026727095406,251.0,0.1385620056913782,0.13661272209351272,0.1025853970596763,0.13595828954195957,251.0,-0.011398709606661155,-0.020853234340611128,-0.04969025838099722,-0.037585876739731905,251.0,0.40146216486277625
2026-05-06,652.7418612018781,517.0,0.07824368566483715,0.060424296767321584,0.021460772503815947,-0.0033341583441324585,167.0,0.08503388748626682,0.04355783027045291,-0.01599624488808842,-0.04811482130460975,225.0,0.08256872475892968,0.015204117011942478,-0.04056119130198911,-0.07323539243521804,258.0,0.13203297218948543,0.08040997640337029,0.03699323871005495,-0.01657616178661222,335.0,0.1231434993791739,0.08106581191505102,0.042935752396928796,-0.022487958362008315,385.0,0.08386533946431451,0.03981509878862525,-0.0018047098103331147,-0.06694185913044153,385.0,0.058728165757569874,0.015446822182084789,-0.030217416773236354,-0.08178370480560455,385.0,0.7920435791387122
2026-05-07,682.6712077540802,463.0,-0.11355957536371473,-0.16098910240445033,-0.14448798157994122,-0.1402272488804292,217.0,-0.35988542955770114,-0.3595795536964607,-0.28208430090991005,-0.37192517465175173,217.0,-0.3107800630288335,-0.28204403578636944,-0.2206451081779117,-0.33411063832089677,217.0,-0.24921016086147432,-0.20878790896720797,-0.14939088794342506,-0.24204417079744167,217.0,-0.16397827751760646,-0.09945042912045007,-0.05745470314412456,-0.1103814244825001,271.0,-0.23338841254148063,-0.16357459695313564,-0.12282667430408484,-0.177744284060205,271.0,-0.35874104126625167,-0.273744422786456,-0.21615924249463972,-0.2909755453752124,271.0,0.6782181447540808
2026-05-08,661.7501403489298,488.0,-0.03928183394889749,-0.06514475817237579,-0.07318396683257489,-0.0512079151478982,135.0,0.0676966434501517,0.050432370819248507,0.05403410465882386,0.09085927861908086,141.0,0.13719337808507484,0.11532015396288338,0.12928962805658625,0.17672078101948774,157.0,0.2014659724853555,0.18916139943250487,0.19217668948319186,0.2533144876760967,244.0,0.11431789296818634,0.10902891883692921,0.11973632122276869,0.176471110709296,244.0,0.08212088875709117,0.06494673007607858,0.0785332650672942,0.11687244420049334,244.0,0.09798534061050464,0.07828052873329305,0.08205328372407542,0.15040533169376852,257.0,0.7374384533453756
2026-05-11,675.2977460299841,395.0,0.004235685665298018,-0.004481407170690421,-0.006006200750727699,-0.02969092234698723,154.0,-0.04213124796191651,0.0030821662362195894,0.03173490887094226,-0.017807935037005014,184.0,0.01579678486401413,0.049022217169108866,0.0523455329093254,-0.013166799379373111,198.0,0.010510979489968694,0.03153668986773523,0.03361707456597721,-0.004492696865668367,262.0,0.11228559067898104,0.12920663414879016,0.11660787552781463,0.10582065263962738,306.0,0.1740074966363194,0.18037992395338667,0.16026554271410906,0.1713870443191825,307.0,0.12246508864481556,0.14703342913159403,0.13322868937712193,0.1134144739365744,327.0,0.5849271707512281
2026-05-12,654.4122464080808,643.0,0.12736024860538614,0.1199670266233095,0.09752613385107048,0.06868848637518907,182.0,0.0910073723468236,0.09461097731308817,0.04887534707848067,-0.017594082222368114,195.0,0.13663075705677763,0.12027201899500169,0.051221122946927655,-0.011610915716922791,195.0,0.095483083089911,0.1073613055625125,0.04324403428353134,-0.014951661104179165,195.0,0.0787205693382993,0.1309582194845023,0.06861629346963737,-0.009873693429876925,195.0,0.007060831053096125,0.07011692169184235,0.009830921071288069,-0.07923093104806009,195.0,-0.10086117838949997,-0.0450864995868543,-0.11229038213815569,-0.192967536603412,195.0,0.9825610745050692
2026-05-13,664.0872705596922,620.0,0.010349971526331887,0.022119769941986795,0.0025567548872777145,0.016003777968664895,316.0,-0.014933609386460581,0.05816951914629175,0.03110449139388959,-0.010074492908742174,357.0,0.08244308386041943,0.1398266464406742,0.08854946546042099,0.030420873176032065,357.0,0.087615314008401,0.12036490521373874,0.04634115746453217,0.012329114191103687,391.0,0.041460772395961895,0.0787595452186793,0.003869409345323538,-0.03261078891052272,391.0,-0.011997271339175546,0.011230767007344345,-0.07415280440789782,-0.11170843950363278,391.0,0.11009807125379598,0.12718850078296257,0.042055952359792086,0.01790733099348439,429.0,0.9336122336413172
2026-05-14,659.8884828873406,368.0,0.04118070324338052,0.0015043544189677301,-0.02456540483605744,-0.05471092005016355,254.0,0.11162922139930447,0.07054505368922784,0.0225555600804515,0.0002041259506862012,347.0,0.04002291961609895,-0.0058592712421042265,-0.027551151403211658,-0.0683017165432769,368.0,0.025326073098622056,-0.0062861431785760985,-0.029688257300644096,-0.05543568441951306,368.0,-0.02838688248603752,-0.05028903261467169,-0.0792313440864516,-0.09243182875930007,368.0,0.016214984257979955,-0.007786571576442877,-0.04409293589445996,-0.026917780898202466,368.0,0.11310535548381102,0.06615388950095503,0.014247002922987162,0.04050632879720542,368.0,0.5576699844643701
2026-05-15,667.6133892790225,276.0,0.02929786571484287,-0.015936620100155743,-0.018622349429618826,-0.052508701434228595,198.0,0.08112607428499352,0.016308133076114558,-5.541652461396146e-05,-0.00550329220216148,222.0,0.003471233338520299,-0.03711460803406068,-0.03579970460454674,-0.032919317595598754,222.0,-0.003198801045326534,-0.025501629743868735,-0.026488228703837418,-0.047707882673352846,222.0,-0.002950761353861041,-0.045597802263999634,-0.05881384426465876,-0.040022946075277205,222.0,0.0009248094514075887,-0.05716159518247042,-0.06597444958156828,-0.05136393298129252,222.0,-0.13917926524397187,-0.17853416534163602,-0.16838710154651548,-0.1793138952453532,222.0,0.4134129189620679
2026-05-18,744.7930664905442,821.0,0.013020957827557238,0.04997532846218693,0.006965065176746088,-0.034322102300371214,458.0,-0.0753210615894996,-0.001604404318406296,-0.04857622823669727,-0.07720051192326821,458.0,-0.31390214358107715,-0.2245501699428705,-0.2527141718503495,-0.32135662635968215,458.0,-0.2718944056817206,-0.20506025070118744,-0.2338540314707446,-0.2853241627373717,458.0,-0.19893126571201641,-0.14971071403077116,-0.17708747899149727,-0.2203905934266915,458.0,-0.19446047016707435,-0.10354237636305218,-0.13039803625504798,-0.17931601390623153,458.0,-0.12431405282009317,-0.0656444806542173,-0.10114727819681393,-0.1503866187177377,458.0,1.102319606529827
2026-05-19,752.050869681921,276.0,-0.09408983443173331,-0.06958159817504883,-0.059590623877390676,-0.0031911792760223375,95.0,0.08933370497616899,0.0813508524628231,0.06661330995362919,0.16286105577036875,190.0,0.056549458417017535,0.10165822057517232,0.09986367289008402,0.1915280685057352,275.0,-0.0005536111794713171,0.05931638572740972,0.06894842272553864,0.1045308416668167,275.0,-0.04123488401396323,-0.020867511153227686,-0.00032504453458122453,-0.009835610275001395,275.0,-0.10562792916867472,-0.040328495047147965,-0.022615970458625102,0.01142894322088702,275.0,-0.12262013212308241,-0.057630260349847084,-0.03262342317142592,0.020732752060912497,275.0,0.3669964508075549
2026-05-20,751.1888820931666,429.0,0.0696027892172648,0.05872620898395756,0.04084033895535131,0.038939253037047275,248.0,-0.10314420532397103,-0.10161964559433333,-0.09943273035433256,-0.14387867244835695,248.0,-0.04712319941025877,-0.014367831059847819,-0.006276905447249754,-0.009230762421746351,248.0,-0.0014744750532546243,0.022749408664792567,0.02609033451944874,0.041183175383317935,353.0,-0.0394922416568588,0.020338974138431443,0.02772214523497969,0.038463207398995364,353.0,-0.058999087821091804,-0.009913565151843844,-0.006387391246668872,0.025265317451609332,353.0,-0.25064850591953514,-0.2017213763210654,-0.19421079132236163,-0.1643248706851356,353.0,0.5710947142942313
2026-05-21,730.9804171319126,709.0,-0.052731767925411004,-0.01063842830836299,0.010556774778678776,0.01826961698037132,219.0,0.005370597971028868,0.02145869255003846,0.025805200115802257,0.046481753773344126,251.0,-0.03297270278415656,0.038259887596583865,0.05774002838573279,0.06935982880338044,347.0,0.0676392274526197,0.11312664219931576,0.12499767922929853,0.15094296657305012,429.0,0.012935329937746824,0.04978858217924872,0.062045137590018354,0.08738595870174812,473.0,0.010427625619274992,0.06688850700770928,0.0695799983880536,0.11049951253810733,473.0,0.10155385621362972,0.15014900588440983,0.13595471805145826,0.1826926877541109,511.0,0.9699302243715976
2026-05-22,728.8870440717305,712.0,-0.017954250298963224,0.03168737923930779,0.025736593322157233,0.07229183119687796,195.0,-0.11182505747885958,-0.026219233857630742,-0.03272375562906827,0.006059328256872539,195.0,-0.0039841139150851934,0.08870304863276728,0.08884025287772752,0.11976055465364834,195.0,0.06642571188398198,0.15125499836541734,0.14253274650753175,0.16844514904154154,239.0,0.12465526244541734,0.18764354141335138,0.1707912875405142,0.19743149926926015,253.0,0.06224869622935615,0.13791311526859001,0.12328321097085206,0.15241569712380865,253.0,0.09831574453526186,0.18123462200871193,0.14792365733777224,0.18921081189009448,256.0,0.9768317406529884
2026-05-25,727.2787541601372,1046.0,0.007174866399341329,0.0009604638271687544,-0.011861133098722887,-0.055149639261514796,474.0,-0.010322372712358063,0.007599984031366158,0.0025860415645849533,-0.06608920027325495,608.0,0.08685695240145794,0.06863370393221174,0.06665820295513378,-0.022459278579568222,739.0,0.1725224736877138,0.11433314294459969,0.10562852236382907,0.04163895724715285,739.0,0.11567998093680185,0.05117461172510808,0.05366497463982194,-0.023935105743279256,790.0,0.23864148646419028,0.1628893177345164,0.15565787302011555,0.09823445465224721,840.0,0.2187728740944229,0.16942918120687817,0.16578981439463994,0.0998561940332021,895.0,1.4382380813638955
2026-05-26,757.6331585258384,338.0,0.11176866105387684,0.018492941332695963,-0.0010930127554764292,0.05316734044145191,278.0,-0.022541728452400923,-0.10162737861701486,-0.10778948967744514,-0.04411504340867602,278.0,-0.2079311439462627,-0.2553722114246587,-0.2579066833761529,-0.2374777907342975,278.0,-0.16324831665450334,-0.19999597402890207,-0.21513826722589605,-0.18592737633607315,278.0,-0.0506172094059286,-0.12992403886661205,-0.14474060071414807,-0.058290444198859884,278.0,-0.010079262758475585,-0.1005785952454376,-0.1111230949157307,-0.004710183219324025,278.0,-0.007420705820108742,-0.11765055470113527,-0.1278212464674691,-0.005010591353055574,278.0,0.44612619735078923
2026-05-27,748.4300005709966,886.0,0.08888403364866113,0.04653962547961359,0.025871488636375718,0.03506040347492839,400.0,0.1031113821216224,0.09466730011988658,0.07456389882129365,0.09367861739681256,532.0,0.2066437949219356,0.1588073757730638,0.12416941548437183,0.13509031775079908,592.0,0.18055232066934865,0.14919358423548515,0.13067770649133084,0.12100825074778554,615.0,0.2163975722775232,0.17086747695103593,0.13818729466578614,0.14248764699075395,615.0,0.20093166800861398,0.15225705737799583,0.10638431301640343,0.11024889822202782,737.0,0.048853672553293113,-0.013062054197951839,-0.051024837008492356,-0.0803327191853312,737.0,1.1838114443889844
2026-05-28,768.8652386118541,648.0,-0.04247239893920599,-0.007292997002953824,0.004621781213693731,0.0033431030543564686,254.0,0.07525516875457362,0.08694326895901307,0.0714762145014542,0.14725526774464365,254.0,0.15184463389259228,0.15522056782688654,0.15525110134721198,0.21122341997112382,298.0,0.19927843350145044,0.16824686580397233,0.17864228062233165,0.20994734019299743,347.0,0.13030544392277965,0.1130200871480535,0.14007144324052553,0.1385910178410499,347.0,0.14451203160543138,0.1292944295602542,0.15291851530724118,0.15433321957367876,347.0,0.11676721441929196,0.09514871169770697,0.11705800579512299,0.12220300938963775,347.0,0.8428004902002463
2026-05-29,875.6399777916776,816.0,-0.10362912812187029,-0.08458057184622658,-0.048223383955663494,-0.11923447093839944,317.0,-0.20113680163719538,-0.17043508592296486,-0.10919949502941793,-0.2280798679746291,317.0,-0.08512731715895643,-0.08421205287907374,-0.03827154621140313,-0.13454034389967495,317.0,-0.1170720014749769,-0.11172468642592791,-0.06756646060879011,-0.15590872762553148,325.0,-0.06006402739667997,-0.06568225100408807,-0.01418465085130855,-0.09898644688358325,325.0,-0.11677702598262323,-0.11141262001605182,-0.06099664894109943,-0.151633828284475,325.0,-0.1288067381610887,-0.13632941904781182,-0.08102090734166925,-0.1722360301989553,325.0,0.9318898413682679
2026-06-01,869.9599799067558,1060.0,0.10811329941480098,0.06458898892782373,0.04688940091275062,0.0831088923909264,264.0,0.37306992151524915,0.2809279986136561,0.22971048499408217,0.2935060043771657,523.0,0.27321788118285845,0.19351213682237522,0.1702200050659095,0.1399743836588705,561.0,0.2310571333554024,0.16673156206270562,0.15162719237345335,0.13561670017355337,561.0,0.25637047011044445,0.18544351146525934,0.15747186223548623,0.12705982043069092,561.0,0.3566927243941182,0.26872887323990874,0.22420160807628517,0.2087311604682065,561.0,0.401541710975737,0.2911813787654829,0.2323026185717957,0.2194634991329915,595.0,1.218446853283542
2026-06-02,888.0590294394458,832.0,-0.003782449144788022,-0.007851574317331272,0.00428448725891087,-0.014969594397023427,208.0,-0.11890692359235402,-0.1337016375029338,-0.08052328355794976,-0.09388651331841157,258.0,-0.02487248400675085,-0.08232270330628282,-0.03345834580535122,0.007181836415822074,259.0,-0.07313901094545452,-0.14292398458046568,-0.06638815677301897,-0.07027213991759527,305.0,-0.055469651150220796,-0.1202688476449728,-0.05933942378045648,-0.059519413237542985,305.0,-0.25107940124843253,-0.3092208334042014,-0.26398720120775776,-0.25569367204266347,305.0,-0.17654916054337286,-0.2540609238230682,-0.22532501349890993,-0.1736331740589118,328.0,0.936874658574407
2026-06-03,888.7200742547367,391.0,0.025866996430619633,0.037103458224478164,0.04138248271287667,-0.02180213995703453,193.0,-0.09394441806045774,-0.05067414191847982,-0.018383278451974124,-0.08968296950680278,193.0,-0.05468028027463065,0.006792569095536838,0.03925646129076427,-0.06034932408014231,193.0,-0.061523637624378034,0.0052686874322772055,0.033999514980023,-0.09217155193526991,193.0,-0.05442284907352486,0.030829874048800755,0.048154260906253084,-0.06158807241340718,193.0,-0.03096659483344181,0.04353177824537217,0.06675823416926313,0.04866533661234115,193.0,-0.11332045446174016,-0.009450978166277591,0.030130363620671,-0.002525732399943672,193.0,0.4399585553728883
2026-06-04,846.3657814685713,447.0,0.11815528452927093,0.09281037756177205,0.06451287117754112,0.081639702341645,217.0,0.16915572683708952,0.15605548554520604,0.10151688643009586,0.0768934008182971,221.0,0.175229415915927,0.1471538806186055,0.09162726325237852,0.02670817192297385,221.0,0.13148529891619046,0.134578867340648,0.092181036528267,-0.007706307854778815,267.0,0.0037651954655885528,0.02506875225183095,-0.0012721159973290567,-0.08301621719536033,267.0,0.09093860772896568,0.08389387654811215,0.05220410854054404,-0.027281697456662216,267.0,0.13086394455059616,0.11201724528369585,0.07251131888079738,-0.0026297330367740577,267.0,0.5281404444593544
2026-06-05,808.3309451382312,1130.0,0.05022342379844865,0.017087462938421737,0.016433715921379318,0.022764638457702123,304.0,-0.02702175434235703,-0.04354082527138683,-0.04364757934515986,-0.09427976603024887,304.0,-0.2686963629295446,-0.26151233270789354,-0.23335391785166998,-0.3361236691813466,304.0,-0.4269592289081552,-0.428114072463802,-0.3995752846674784,-0.4767196460775269,304.0,-0.49121760563698663,-0.4980920837706305,-0.45224499228008763,-0.5187822982732309,304.0,-0.6224615646133059,-0.6360141310837432,-0.5988577106509827,-0.6526770046025591,304.0,-0.4702451808975958,-0.49307662450733986,-0.4372115501592813,-0.4701770215025111,505.0,1.3979422745058472
2026-06-08,838.9660932203044,1430.0,0.22143562695025532,0.183792856365906,0.1635592087110115,0.20536861551129118,627.0,0.3672429416713557,0.3151700737093219,0.28878661356806085,0.3664472025883854,766.0,0.4571524539835342,0.3833025515019252,0.34630066222002004,0.44191498259271894,1031.0,0.466450430113974,0.3919018092678174,0.3478812686226647,0.4229218347737833,1128.0,0.39285319382920253,0.32565679085008264,0.2953878106504672,0.36106025524948154,1128.0,0.33428314447611895,0.28545033626126814,0.2582084314193797,0.319500310787227,1128.0,0.30137587463131127,0.25253615183930644,0.21596450341642312,0.27370822839013026,1128.0,1.7044788955785557
2026-06-09,895.2550367231325,1198.0,-0.030282406831314505,-0.037016432625260255,-0.06166404803995145,-0.0313474195083661,323.0,-0.016085150259298266,-0.010444985308257366,-0.026891032977463467,0.020602525161311076,336.0,-0.047050362670734744,-0.029574333159219042,-0.03026896039578969,0.0060142318383383415,408.0,-0.04178921440588697,-0.03240952762821047,-0.04383445422356688,0.005090415750795082,408.0,-0.17134152908087708,-0.1502166226045635,-0.1561630980987165,-0.108486575243736,408.0,-0.07506535997741795,-0.06665928170142829,-0.08071949926816294,0.01732893939987262,427.0,-0.049500238635125766,-0.03549241428188187,-0.04077585666387103,0.05735068846597938,536.0,1.3381661659061905
