trade_date,close,volume,taiex_dist_250ma_pct,taiex_dist_125ma_z,volume_5m_60m,vix,vix_pct,margin_amt,margin_drop_60d_pct,margin_amt_pct_1y,econ_score,econ_signal_color,econ_blue_streak,cond_A_below_250ma,cond_B_blue_streak,mode2_AND,mode2_OR,macro_tier
2008-01-02,8323.05,4372600.0,,,,,,330226434.0,,,28,綠,0,False,False,False,False,D
2008-01-03,8184.2,3636400.0,,,,,,332033119.0,,,28,綠,0,False,False,False,False,D
2008-01-04,8221.1,4603600.0,,,,,,334346264.0,,,28,綠,0,False,False,False,False,D
2008-01-07,7883.37,4539800.0,,,,,,333416687.0,,,28,綠,0,False,False,False,False,D
2008-01-08,7962.91,4618800.0,,,,,,332965100.0,,,28,綠,0,False,False,False,False,D
2008-01-09,8085.06,4682400.0,,,,,,333450428.0,,,28,綠,0,False,False,False,False,D
2008-01-10,8057.27,4480000.0,,,,,,333668616.0,,,28,綠,0,False,False,False,False,D
2008-01-11,8029.31,3920400.0,,,,,,333427775.0,,,28,綠,0,False,False,False,False,D
2008-01-14,8173.41,6106000.0,,,,,,332317787.0,,,28,綠,0,False,False,False,False,D
2008-01-15,8428.84,7548600.0,,,,,,333440488.0,,,28,綠,0,False,False,False,False,C
2008-01-16,8179.54,7645200.0,,,,,,336729465.0,,,28,綠,0,False,False,False,False,C
2008-01-17,8101.63,6393800.0,,,,,,338498468.0,,,28,綠,0,False,False,False,False,C
2008-01-18,8184.65,5977400.0,,,,,,341255098.0,,,28,綠,0,False,False,False,False,C
2008-01-21,8110.2,5519000.0,,,,,,344506253.0,,,28,綠,0,False,False,False,False,C
2008-01-22,7581.96,4674600.0,,,,,,335403819.0,,,28,綠,0,False,False,False,False,C
2008-01-23,7408.4,5692200.0,,,,,,324790587.0,,,28,綠,0,False,False,False,False,C
2008-01-24,7517.05,5326400.0,,,,,,317509042.0,,,28,綠,0,False,False,False,False,C
2008-01-25,7739.59,4640400.0,,,,,,314415846.0,,,29,綠,0,False,False,False,False,C
2008-01-28,7485.79,3969400.0,,,,,,309652189.0,,,29,綠,0,False,False,False,False,C
2008-01-29,7576.42,3867400.0,,,,,,307177950.0,,,29,綠,0,False,False,False,False,C
2008-01-30,7543.5,4061000.0,,,,,,305478616.0,,,29,綠,0,False,False,False,False,C
2008-01-31,7521.13,4342600.0,,,,,,301370423.0,,,29,綠,0,False,False,False,False,C
2008-02-01,7673.99,4123200.0,,,,,,297667318.0,,,29,綠,0,False,False,False,False,C
2008-02-12,7553.3,3811000.0,,,,,,297906385.0,,,29,綠,0,False,False,False,False,C
2008-02-13,7550.55,3561200.0,,,,,,295486922.0,,,29,綠,0,False,False,False,False,C
2008-02-14,7865.28,4326600.0,,,,,,296344829.0,,,29,綠,0,False,False,False,False,C
2008-02-15,7876.37,3882600.0,,,,,,294715569.0,,,29,綠,0,False,False,False,False,C
2008-02-18,7890.9,4036800.0,,,,,,295469051.0,,,29,綠,0,False,False,False,False,C
2008-02-19,8024.41,4502800.0,,,,,,296676795.0,,,29,綠,0,False,False,False,False,C
2008-02-20,7894.47,4148400.0,,,,,,297743048.0,,,29,綠,0,False,False,False,False,C
2008-02-21,8085.93,4585400.0,,,,,,299022801.0,,,29,綠,0,False,False,False,False,C
2008-02-22,8108.71,4923400.0,,,,,,299588739.0,,,29,綠,0,False,False,False,False,C
2008-02-25,8286.31,6325000.0,,,,,,299367427.0,,,29,綠,0,False,False,False,False,C
2008-02-26,8307.67,6403800.0,,,,,,298910353.0,,,29,綠,0,False,False,False,False,C
2008-02-27,8462.08,6403600.0,,,,,,299285317.0,,,29,綠,0,False,False,False,False,C
2008-02-29,8412.76,5924600.0,,,,,,302357897.0,,,29,綠,0,False,False,False,False,bull
2008-03-03,8262.87,5371400.0,,,,,,304161602.0,,,29,綠,0,False,False,False,False,bull
2008-03-04,8470.11,6154200.0,,,,,,305766262.0,,,29,綠,0,False,False,False,False,bull
2008-03-05,8483.95,6387800.0,,,,,,307241186.0,,,29,綠,0,False,False,False,False,bull
2008-03-06,8658.64,6635600.0,,,1.206126493750909,,,308160540.0,-10.550088041507914,,29,綠,0,False,False,False,False,D
2008-03-07,8531.38,6186600.0,,,1.2098771074157992,,,308675482.0,-10.400615573151876,,29,綠,0,False,False,False,False,D
2008-03-10,8299.37,5125200.0,,,1.199935906205666,,,310749040.0,-9.798722869625244,,29,綠,0,False,False,False,False,D
2008-03-11,8381.6,4787000.0,,,1.1476771137206596,,,313411267.0,-9.025956925083738,,29,綠,0,False,False,False,False,D
2008-03-12,8435.3,5224600.0,,,1.1010987752004038,,,312066418.0,-9.416326907715083,,29,綠,0,False,False,False,False,D
2008-03-13,8210.99,4257000.0,,,1.0110572501886206,,,312408508.0,-9.317028274665308,,29,綠,0,False,False,False,False,D
2008-03-14,8161.39,4559200.0,,,0.9487766129205863,,,312858221.0,-9.18648986031612,,29,綠,0,False,False,False,False,D
2008-03-17,8005.46,4595400.0,,,0.9295689781829296,,,313832077.0,-8.903808198802128,,29,綠,0,False,False,False,False,D
2008-03-18,8057.82,4114800.0,,,0.9063571687044972,,,315423622.0,-8.441829646557968,,29,綠,0,False,False,False,False,D
2008-03-19,8179.35,4831800.0,,,0.891391864348859,,,312866108.0,-9.18420049693554,,29,綠,0,False,False,False,False,D
2008-03-20,8337.62,5514200.0,,,0.9396501369562138,,,313589874.0,-8.974112583088587,,29,綠,0,False,False,False,False,D
2008-03-21,8524.99,6460000.0,,,1.0096362341396503,,,311023121.0,-9.719165242553666,,29,綠,0,False,False,False,False,D
2008-03-24,8865.35,8697000.0,,,1.1559111401983353,,,314312959.0,-8.764222343447566,,29,綠,0,False,False,False,False,D
2008-03-25,8795.09,6914000.0,,,1.2568763849151512,,,316703236.0,-8.070395459556433,,27,綠,0,False,False,False,False,D
2008-03-26,8768.02,6933600.0,,,1.3298920042322184,,,321058267.0,-6.806258462890657,,27,綠,0,False,False,False,False,D
2008-03-27,8605.95,6124400.0,,,1.3489919015591545,,,327384485.0,-4.969944043366899,,27,綠,0,False,False,False,False,D
2008-03-28,8623.48,5444200.0,,,1.3089248714603638,,,329129004.0,-4.463561652682107,,27,綠,0,False,False,False,False,D
2008-03-31,8572.59,4984600.0,,,1.1673749911580138,,,330003761.0,-4.209645506782717,,27,綠,0,False,False,False,False,D
2008-04-01,8419.72,5053400.0,,,1.0964915325417213,,,329161119.0,-4.45423961579008,,27,綠,0,False,False,False,False,D
2008-04-02,8605.32,5023400.0,,,1.0237109056092115,,,,,,27,綠,0,False,False,False,False,D
2008-04-03,8596.34,4691600.0,,,0.9702195494010218,,,329938697.0,-4.228531666158176,,27,綠,0,False,False,False,False,D
2008-04-07,8729.79,4730800.0,,,0.9416677136564215,,,330385371.0,-4.098875383838099,,27,綠,0,False,False,False,False,D
2008-04-08,8672.85,4826000.0,,,0.932014283743812,,,325252521.0,-5.588790285324661,,27,綠,0,False,False,False,False,D
2008-04-09,8667.93,5174000.0,,,0.9349323189030282,,,321072030.0,-6.802263470091499,,27,綠,0,False,False,False,False,D
2008-04-10,8829.4,4983000.0,,,0.9320706485623572,,,,,,27,綠,0,False,False,False,False,D
2008-04-11,8909.58,7167000.0,,,1.0183503442702135,,,326312361.0,-5.2811500057155705,,27,綠,0,False,False,False,False,D
2008-04-14,8892.68,6673800.0,,,1.0851367410785435,,,329072364.0,-4.480002573422085,,27,綠,0,False,False,False,False,bull
2008-04-15,8924.78,6236200.0,,,1.1319899932793478,,,331268391.0,-3.842560732852649,,27,綠,0,False,False,False,False,bull
2008-04-16,9066.04,7499400.0,,,1.205592631037177,,,333858146.0,-3.090831271500898,,27,綠,0,False,False,False,False,bull
2008-04-17,9090.43,8117200.0,,,1.3134928861177793,,,,,,27,綠,0,False,False,False,False,bull
2008-04-18,9074.34,6308800.0,,,1.2868042665189083,,,341350924.0,-0.9158989053240784,,27,綠,0,False,False,False,False,bull
2008-04-21,9083.32,6144600.0,,,1.2731368430428038,,,340859632.0,-1.058506476513795,,27,綠,0,False,False,False,False,bull
2008-04-22,9037.25,5248000.0,,,1.24086073431932,,,343727336.0,-0.2260966218224201,,27,綠,0,False,False,False,False,bull
2008-04-23,9008.49,5812200.0,,,1.178628718986323,,,345420248.0,0.0,,27,綠,0,False,False,False,False,bull
2008-04-24,8990.33,5208400.0,,,1.0712740510137606,,,,,,27,綠,0,False,False,False,False,bull
2008-04-25,8947.83,5443800.0,,,1.036533106771431,,,348804744.0,0.0,,26,綠,0,False,False,False,False,bull
2008-04-28,9079.6,5140800.0,,,1.0008939259625549,,,,,,26,綠,0,False,False,False,False,bull
2008-04-29,8891.74,5244800.0,,,1.001028368684154,,,347419857.0,-0.3970378912048283,,26,綠,0,False,False,False,False,bull
2008-04-30,8919.92,5097200.0,,,0.9729906820986716,,,349185264.0,0.0,,26,綠,0,False,False,False,False,bull
2008-05-02,8963.63,5657600.0,,,0.9845574573938164,,,349055920.0,-0.0370416547704029,,26,綠,0,False,False,False,False,bull
2008-05-05,8837.07,5174600.0,,,0.9706714471728248,,,351097830.0,0.0,,26,綠,0,False,False,False,False,bull
2008-05-06,8857.37,4739600.0,,,0.953882793793125,,,352459936.0,0.0,,26,綠,0,False,False,False,False,bull
2008-05-07,8926.34,5208200.0,,,0.950013063481176,,,352943267.0,0.0,,26,綠,0,False,False,False,False,bull
2008-05-08,8866.62,5033200.0,,,0.945032482608518,,,356405518.0,0.0,,26,綠,0,False,False,False,False,bull
2008-05-09,8792.39,5184000.0,,,0.9238240258801196,,,357652080.0,0.0,,26,綠,0,False,False,False,False,bull
2008-05-12,8830.05,4324000.0,,,0.8907487833089631,,,358724085.0,0.0,,26,綠,0,False,False,False,False,bull
2008-05-13,8989.53,4869000.0,,,0.8939857214447051,,,358387204.0,-0.0939108953333869,,26,綠,0,False,False,False,False,bull
2008-05-14,9018.42,4821000.0,,,0.8774333719582851,,,358132953.0,-0.1647873741179101,,26,綠,0,False,False,False,False,bull
2008-05-15,9157.18,6043800.0,,,0.9085258204133786,,,358175905.0,-0.1528138262586968,,26,綠,0,False,False,False,False,bull
2008-05-16,9197.41,6284600.0,,,0.9430993660734744,,,358234719.0,-0.1364184955688158,,26,綠,0,False,False,False,False,bull
2008-05-19,9295.2,5674400.0,,,0.9869524464608376,,,360328921.0,0.0,,26,綠,0,False,False,False,False,A
2008-05-20,9068.89,6496800.0,,,1.0390675988473153,,,362432061.0,0.0,,26,綠,0,False,False,False,False,A
2008-05-21,9015.57,5356800.0,,,1.0567028735449118,,,365891404.0,0.0,,26,綠,0,False,False,False,False,A
2008-05-22,9008.03,5864600.0,,,1.0517887056722088,,,368661328.0,0.0,,26,綠,0,False,False,False,False,A
2008-05-23,8834.73,5748800.0,,,1.0348012435483385,,,366214386.0,-0.6637370980229312,,26,綠,0,False,False,False,False,A
2008-05-26,8707.83,4512800.0,,,0.9991435681012149,,,363893493.0,-1.2932831945964238,,27,綠,0,False,False,False,False,A
2008-05-27,8778.39,4165000.0,,,0.9206971998212308,,,362981167.0,-1.5407531434921755,,27,綠,0,False,False,False,False,A
2008-05-28,8665.73,4378400.0,,,0.8882136067745838,,,362158433.0,-1.7639211129842185,,27,綠,0,False,False,False,False,A
2008-05-29,8684.92,4699200.0,,,0.8499646514049937,,,360952657.0,-2.090989863737484,,27,綠,0,False,False,False,False,A
2008-05-30,8619.08,5922200.0,,,0.8574382522130704,,,357110392.0,-3.133210652352449,,27,綠,0,False,False,False,False,A
2008-06-02,8724.47,3714200.0,,,0.8358877493980834,,,356390863.0,-3.32838409348973,,27,綠,0,False,False,False,False,A
2008-06-03,8579.43,3860400.0,,,0.8306420306839778,,,357765895.0,-2.955404370484989,,27,綠,0,False,False,False,False,A
2008-06-04,8627.8,3460400.0,,,0.8009522289047827,,,358410351.0,-2.7805946057895174,,27,綠,0,False,False,False,False,A
2008-06-05,8738.46,4056600.0,,,0.7789394475756604,,,358712118.0,-2.6987398038125656,,27,綠,0,False,False,False,False,A
2008-06-06,8745.35,4092600.0,,,0.7136151748278194,,,357640370.0,-2.9894532360606045,,27,綠,0,False,False,False,False,A
2008-06-09,8587.96,3553800.0,,,0.7091945117370864,,,357622540.0,-2.9942896532939303,,27,綠,0,False,False,False,False,A
2008-06-10,8370.0,4150800.0,,,0.7209351081758509,,,357728972.0,-2.965419795807821,,27,綠,0,False,False,False,False,A
2008-06-11,8345.59,3919600.0,,,0.7396303107758486,,,354640483.0,-3.803177587425171,,27,綠,0,False,False,False,False,A
2008-06-12,8062.31,4918400.0,,,0.7699375897039179,,,347799074.0,-5.658921187415676,,27,綠,0,False,False,False,False,A
2008-06-13,8105.59,4248200.0,,,0.7771535370526119,,,344752508.0,-6.48530729537219,,27,綠,0,False,False,False,False,A
2008-06-16,8169.77,3585400.0,,,0.7830393618074768,,,342854697.0,-7.000091693913715,,27,綠,0,False,False,False,False,A
2008-06-17,8201.79,3545600.0,,,0.7672881979892898,,,341512657.0,-7.364122281900965,,27,綠,0,False,False,False,False,A
2008-06-18,8217.58,3427200.0,,,0.7612887040592827,,,341647129.0,-7.327646527655323,,27,綠,0,False,False,False,False,A
2008-06-19,8047.74,3587000.0,,,0.717581195747586,,,342699975.0,-7.0420602944282775,,27,綠,0,False,False,False,False,A
2008-06-20,7902.44,4130200.0,,,0.7195355701333326,,,340961167.0,-7.513714864066241,,27,綠,0,False,False,False,False,A
2008-06-23,7876.49,3589600.0,,,0.7257366209233493,,,338075083.0,-8.296569961902813,,27,綠,0,False,False,False,False,A
2008-06-24,7738.12,3847200.0,,,0.7416292705122287,,,334448320.0,-9.280335473646426,,27,綠,0,False,False,False,False,A
2008-06-25,7855.06,4147400.0,,,0.7725256956229387,,,,,,22,黃藍,1,False,False,False,False,A
2008-06-26,7811.8,3821200.0,,,0.7851261314183481,,,331368734.0,-10.115678311667123,,22,黃藍,1,False,False,False,False,A
2008-06-27,7548.76,4494400.0,,,0.8011825949719583,,,323749164.0,-12.182499380569691,,22,黃藍,1,False,False,False,False,A
2008-06-30,7523.54,3914600.0,,,0.8163956197435812,,,317276167.0,-13.938310611195975,,22,黃藍,1,False,False,False,False,A
2008-07-01,7407.98,3657400.0,,,0.8116648548645199,,,307972059.0,-16.4620654217358,,22,黃藍,1,False,False,False,False,A
2008-07-02,7353.86,4238600.0,,,0.8169797164319159,,,305505567.0,-17.131105489860328,,22,黃藍,1,False,False,False,False,A
2008-07-03,7394.1,4977200.0,,,0.8644805495058252,,,305558823.0,-17.116659711050573,,22,黃藍,1,False,False,False,False,A
2008-07-04,7228.41,4143200.0,,,0.8526386540929181,,,304972250.0,-17.275768615470295,,22,黃藍,1,False,False,False,False,A
2008-07-07,7341.11,3441200.0,,,0.8440294551053064,,,304287602.0,-17.461480527189984,,22,黃藍,1,False,False,False,False,A
2008-07-08,7051.85,4377000.0,,,0.8806727488343822,,,301900300.0,-18.10904017575719,,22,黃藍,1,False,False,False,False,A
2008-07-09,7048.25,4629800.0,,,0.9019623422651096,,,299705487.0,-18.70438686207955,,22,黃藍,1,False,False,False,False,A
2008-07-10,7075.65,3936000.0,,,0.86921467830859,,,297355289.0,-19.34188198877209,,22,黃藍,1,False,False,False,False,A
2008-07-11,7244.76,4526400.0,,,0.8968044180318143,,,296018580.0,-19.70446653411936,,22,黃藍,1,False,False,False,False,A
2008-07-14,7156.96,3766400.0,,,0.9191030396412851,,,295163775.0,-19.93633381584303,,22,黃藍,1,False,False,False,False,A
2008-07-15,6834.24,4275000.0,,,0.92089816941117,,,290024155.0,-21.330464311678497,,22,黃藍,1,False,False,False,False,A
2008-07-16,6710.64,4331600.0,,,0.910935386839528,,,285413863.0,-22.581013704806058,,22,黃藍,1,False,False,False,False,A
2008-07-17,6974.51,4572200.0,,,0.9430107337982888,,,283944985.0,-22.979449311808477,,22,黃藍,1,False,False,False,False,A
2008-07-18,6815.32,5042000.0,,,0.9662438109747165,,,278526527.0,-24.449215080134472,,22,黃藍,1,False,False,False,False,A
2008-07-21,7085.67,4139200.0,,,0.9873439520399296,,,275744114.0,-25.203949246339175,,22,黃藍,1,False,False,False,False,A
2008-07-22,7065.65,3731800.0,,,0.9683788150489144,,,274105749.0,-25.64835848472829,,22,黃藍,1,False,False,False,False,A
2008-07-23,7309.83,4987600.0,,,0.9984464621841648,,,273253235.0,-25.879604328881495,,22,黃藍,1,False,False,False,False,A
2008-07-24,7368.08,4996800.0,,,1.0176893606051718,,,272276773.0,-26.144471274730503,,22,黃藍,1,False,False,False,False,A
2008-07-25,7233.62,3616200.0,,,0.9615893031348222,,,272810772.0,-25.99962315548324,,20,黃藍,2,False,False,False,False,A
2008-07-29,7014.47,4042800.0,,,0.96133267571048,,,272145532.0,-26.18007061483813,,20,黃藍,2,False,False,False,False,A
2008-07-30,7070.35,3467000.0,,,0.9539734962172424,,,271729278.0,-26.292980206483712,,20,黃藍,2,False,False,False,False,A
2008-07-31,7024.06,3700600.0,,,0.9009291795088156,,,269171501.0,-26.986781483085203,,20,黃藍,2,False,False,False,False,A
2008-08-01,7002.54,3308000.0,,,0.8295974827134788,,,266256226.0,-27.777554688350715,,20,黃藍,2,False,False,False,False,A
2008-08-04,6977.36,3136600.0,,,0.8140108534780464,,,265027371.0,-28.11088365634054,,20,黃藍,2,False,False,False,False,A
2008-08-05,6813.4,4177000.0,,,0.8206618642640814,,,261423660.0,-29.08839627464262,,20,黃藍,2,False,False,False,False,A
2008-08-06,7026.24,4241600.0,,,0.8584667604908661,,,259482252.0,-29.615006432136543,,20,黃藍,2,False,False,False,False,A
2008-08-07,7024.58,3941800.0,,,0.8725772698377345,,,258359176.0,-29.919642669979208,,20,黃藍,2,False,False,False,False,A
2008-08-08,7209.04,4943200.0,,,0.9525064016285028,,,258121621.0,-29.98407985987616,,20,黃藍,2,False,False,False,False,A
2008-08-11,7325.62,4737000.0,,,1.0332943957181646,,,256907446.0,-30.31342685338561,,20,黃藍,2,False,False,False,False,A
2008-08-12,7293.8,4271800.0,,,1.0434565356077723,,,256610911.0,-30.39386246663767,,20,黃藍,2,False,False,False,False,A
2008-08-13,7292.34,4123000.0,,,1.047634984293501,,,259004655.0,-29.74455541482778,,20,黃藍,2,False,False,False,False,A
2008-08-14,7326.07,4276400.0,,,1.068132382773641,,,261583111.0,-29.045144924991973,,20,黃藍,2,False,False,False,False,A
2008-08-15,7196.5,3853200.0,,,1.0242476017355502,,,260186699.0,-29.423924008650022,,20,黃藍,2,False,False,False,False,A
2008-08-18,7000.74,3594600.0,,,0.9776684946218273,,,258152835.0,-29.50772966084407,,20,黃藍,2,False,False,False,False,A
2008-08-19,6978.6,3468400.0,,,0.9426144640343036,,,258954656.0,-28.83778880871607,,20,黃藍,2,False,False,False,False,A
2008-08-20,7040.9,3446000.0,,,0.9122437792439164,,,259552565.0,-28.49420614706437,,20,黃藍,2,False,False,False,False,A
2008-08-21,6918.48,3318600.0,,,0.8691222410017393,,,259265853.0,-28.410930306847227,,20,黃藍,2,False,False,False,False,A
2008-08-22,6911.64,3240400.0,,,0.8440430790989555,,,258610566.0,-28.35332806540333,,20,黃藍,2,False,False,False,False,A
2008-08-25,7030.72,3047200.0,,,0.8267685799314054,,,257793969.0,-28.133465231860384,,16,藍,3,False,True,False,True,A
2008-08-26,6964.6,2548200.0,,,0.7845323686738223,,,257587362.0,-28.191062115163895,,16,藍,3,False,True,False,True,A
2008-08-27,7080.97,3440000.0,,,0.7856147291846488,,,257231067.0,-28.29038828289598,,16,藍,3,False,True,False,True,A
2008-08-28,7033.37,3807800.0,,,0.8090796515230149,,,257387163.0,-28.246872607743907,,16,藍,3,False,True,False,True,A
2008-08-29,7046.11,3494400.0,,,0.8237985346938708,,,258446343.0,-27.951599616715484,,16,藍,3,False,True,False,True,A
2008-09-01,6813.09,3445000.0,,,0.8461595504784761,,,258059480.0,-27.861733267720908,,16,藍,3,False,True,False,True,A
2008-09-02,6699.82,3458400.0,,,0.8925389919297391,,,258147214.0,-27.83720799667297,,16,藍,3,False,True,False,True,A
2008-09-03,6584.93,3934800.0,,,0.91840283783932,,,251400615.0,-29.72316063905498,,16,藍,3,False,True,False,True,A
2008-09-04,6412.63,4126400.0,,,0.9337181040347812,,,245223689.0,-30.85287756051246,,16,藍,3,False,True,False,True,A
2008-09-05,6307.28,3958400.0,,,0.9610779431520086,,,239440882.0,-31.155399798448,,16,藍,3,False,True,False,True,A
2008-09-08,6658.69,3317200.0,,,0.9583634314773614,,,239163757.0,-30.627406197143603,,16,藍,3,False,True,False,True,A
2008-09-09,6424.77,3529400.0,,,0.962212667860112,,,236732926.0,-30.952404015045477,,16,藍,3,False,True,False,True,A
2008-09-10,6458.01,3995200.0,,,0.9634521504673896,,,237989724.0,-30.55449624704525,,16,藍,3,False,True,False,True,A
2008-09-11,6251.95,3718000.0,,,0.9415012608801756,,,235879553.0,-31.17024505181245,,16,藍,3,False,True,False,True,A
2008-09-12,6310.68,3648800.0,,,0.9255182614574096,,,232996287.0,-32.011583309861635,,16,藍,3,False,True,False,True,A
2008-09-15,6052.45,3130600.0,,,0.919928639427482,,,225875288.0,-33.75336845911253,,16,藍,3,False,True,False,True,A
2008-09-16,5756.59,3532000.0,,,0.9202868397337874,,,209845581.0,-37.92929690710155,,16,藍,3,False,True,False,True,A
2008-09-17,5800.87,4704800.0,,,0.953039538288966,,,203873332.0,-39.04190279682075,,16,藍,3,False,True,False,True,A
2008-09-18,5641.95,4143800.0,,,0.9747155595838974,,,192525587.0,-41.89989360915384,,16,藍,3,False,True,False,True,A
2008-09-19,5970.38,4413200.0,,,1.0110649612942022,,,189931193.0,-41.3338429500933,,16,藍,3,False,True,False,True,A
2008-09-22,6110.6,4353800.0,,,1.0737747508204436,,,187767307.0,-40.81896892053666,,16,藍,3,False,True,False,True,A
2008-09-23,6182.21,4144000.0,,,1.103777820049458,,,188732926.0,-38.71751657834648,,16,藍,3,False,True,False,True,A
2008-09-24,6132.6,4209000.0,,,1.076118669042994,,,190837610.0,-37.54472277175907,,16,藍,3,False,True,False,True,A
2008-09-25,6060.83,3768200.0,,,1.0592115994256404,,,190676166.0,-37.59755842494524,,18,黃藍,4,False,True,False,True,A
2008-09-26,5929.63,3924400.0,,,1.0390477831721945,,,189395151.0,-37.89757887807825,,18,黃藍,4,False,True,False,True,A
2008-09-30,5719.28,2947000.0,,,0.9723290209951312,,,184757366.0,-39.28199348720096,,18,黃藍,4,False,True,False,True,A
2008-10-01,5764.01,2825800.0,,,0.907225455531611,,,184313751.0,-38.948801640806586,,18,黃藍,4,False,True,False,True,A
2008-10-02,5703.72,3026800.0,,,0.8514608168596697,,,183711702.0,-38.702589719353384,,18,黃藍,4,False,True,False,True,A
2008-10-03,5742.23,3179600.0,,,0.8262275663754743,,,183959778.0,-38.13468776067407,,18,黃藍,4,False,True,False,True,A
2008-10-06,5505.7,2945200.0,,,0.7786961728001057,,,182891621.0,-38.21616839051117,,18,黃藍,4,False,True,False,True,A
2008-10-07,5524.66,3008200.0,,,0.7870850045782335,,,181784690.0,-38.41226281917556,,18,黃藍,4,False,True,False,True,A
2008-10-08,5206.4,3213800.0,,,0.8094215596889783,,,177221512.0,-38.89422348286818,,18,黃藍,4,False,True,False,True,A
2008-10-09,5130.71,3804400.0,,,0.8521217045388597,,,171976187.0,-39.74497762920507,,18,黃藍,4,False,True,False,True,A
2008-10-13,5020.44,2205000.0,,,0.8082598017242834,,,168159622.0,-40.777393198192954,,18,黃藍,4,False,True,False,True,A
2008-10-14,5291.56,3236800.0,,,0.8287009257671867,,,168111074.0,-39.64270627623199,,18,黃藍,4,False,True,False,True,A
2008-10-15,5246.26,2673600.0,,,0.8194395060346866,,,166144925.0,-39.74670117527876,,18,黃藍,4,False,True,False,True,A
2008-10-16,5075.97,1698000.0,,,0.7455761902676186,,,165008716.0,-39.80107436564565,,18,黃藍,4,False,True,False,True,A
2008-10-17,4960.4,3068400.0,,,0.7074213025972682,,,163975306.0,-39.99144932355513,,18,黃藍,4,False,True,False,True,A
2008-10-20,4931.84,2195600.0,,,0.7160542586715692,,,163008492.0,-40.24851335415744,,18,黃藍,4,False,True,False,True,A
2008-10-21,4942.72,3491800.0,,,0.7353695221485483,,,162565847.0,-40.41076684464644,,18,黃藍,4,False,True,False,True,A
2008-10-22,4862.59,2598000.0,,,0.7346263350203331,,,161567030.0,-40.63212105205534,,18,黃藍,4,False,True,False,True,A
2008-10-23,4730.51,1710800.0,-38.085429218271656,,0.7434790650030588,,,158776760.0,-41.56803375453711,,18,黃藍,4,True,True,True,True,A
2008-10-24,4579.62,1659800.0,-39.94062895165701,,0.6690525868674896,,,154991831.0,-42.418929781128654,,18,黃藍,4,True,True,True,True,A
2008-10-27,4366.87,2183600.0,-42.60933301075303,,0.6732490840443514,,,148370113.0,-44.275439027668035,,12,藍,5,True,True,True,True,A
2008-10-28,4399.97,4329200.0,-42.053937240262314,,0.7181335225638174,,,142213275.0,-46.34015556076282,,12,藍,5,True,True,True,True,A
2008-10-29,4406.52,4528000.0,-41.84804356201075,,0.8236835061160609,,,139501758.0,-46.67019691496826,,12,藍,5,True,True,True,True,A
2008-10-30,4683.64,4037400.0,-38.075583249986195,,0.9572968289328068,,,139799446.0,-46.556394460802935,,12,藍,5,True,True,True,True,A
2008-10-31,4870.66,4772600.0,-35.491421515861646,,1.1324612497076256,,,138269054.0,-47.14144446427965,0.5,12,藍,5,True,True,True,True,A
2008-11-03,4995.06,4325600.0,-33.73548781099523,,1.2523743585411895,,,138501698.0,-47.05250752981526,0.9950248756218906,12,藍,5,True,True,True,True,A
2008-11-04,4992.63,4130200.0,-33.66002469471368,,1.2458488473572489,,,138532403.0,-47.04076938667497,1.4851485148514851,12,藍,5,True,True,True,True,A
2008-11-05,4978.26,4516600.0,-33.743654247921285,,1.2465059142420594,,,138507696.0,-47.050214568325096,1.477832512315271,12,藍,5,True,True,True,True,A
2008-11-06,4694.12,3419000.0,-37.41347542427772,,1.2160632509179083,,,137920153.0,-47.27482501727721,0.4901960784313725,12,藍,5,True,True,True,True,A
2008-11-07,4742.33,3785800.0,-36.660312072487635,,1.1612375975505882,,,140361100.0,-46.34168105753586,3.902439024390244,12,藍,5,True,True,True,True,A
2008-11-10,4740.27,3235200.0,-36.57807060638255,,1.1039958354621964,,,139330686.0,-46.44972762423954,2.912621359223301,12,藍,5,True,True,True,True,A
2008-11-11,4638.57,3284600.0,-37.82801636187548,,1.0579852622604249,,,137451300.0,-47.0429814477079,0.4830917874396135,12,藍,5,True,True,True,True,A
2008-11-12,4615.57,2692800.0,-38.02584920441182,,0.9563738254603495,,,136969034.0,-47.22878812621251,0.4807692307692308,12,藍,5,True,True,True,True,A
2008-11-13,4437.83,3261800.0,-40.3001840030112,,0.9481672975717848,,,133147320.0,-48.7012120261651,0.4784688995215311,12,藍,5,True,True,True,True,A
2008-11-14,4452.7,3154600.0,-39.98873543056505,,0.9126529944875268,,,131210959.0,-49.39134580133081,0.4761904761904762,12,藍,5,True,True,True,True,A
2008-11-17,4439.8,2769800.0,-40.0516421109978,,0.8878471110833535,,,128258472.0,-50.40478276514039,0.4739336492890995,12,藍,5,True,True,True,True,A
2008-11-18,4305.18,3185400.0,-41.75748611272709,,0.8822755983831624,,,123526133.0,-52.20434092193752,0.4716981132075472,12,藍,5,True,True,True,True,A
2008-11-19,4284.09,3091600.0,-41.9313235454365,,0.905435882622176,,,121600726.0,-52.9493338584404,0.4694835680751174,12,藍,5,True,True,True,True,A
2008-11-20,4089.93,3195600.0,-44.45054365716557,,0.8987205329556156,,,118053204.0,-54.32196771304286,0.4672897196261681,12,藍,5,True,True,True,True,A
2008-11-21,4171.1,3333800.0,-43.2367537892115,,0.9096503104447452,,,116749146.0,-54.82654362805203,0.4651162790697674,12,藍,5,True,True,True,True,A
2008-11-24,4160.54,2829600.0,-43.26960621955944,,0.9175105084957936,,,115924528.0,-55.14561101760298,0.4629629629629629,12,藍,5,True,True,True,True,A
2008-11-25,4266.49,3618400.0,-41.71562581215361,,0.942347276874989,,,116522442.0,-54.86201838304557,0.9216589861751152,12,藍,6,True,True,True,True,A
2008-11-26,4271.8,2964600.0,-41.53439464435144,,0.9370995489476096,,,116170345.0,-54.99841226254721,0.9174311926605504,12,藍,6,True,True,True,True,A
2008-11-27,4453.75,3900600.0,-38.93819209209131,,0.9764256770958076,,,117886646.0,-53.10805186375539,2.28310502283105,12,藍,6,True,True,True,True,A
2008-11-28,4460.49,3740400.0,-38.740490037313904,,1.0012260717853778,,,117332994.0,-52.15266743662762,2.272727272727273,12,藍,6,True,True,True,True,A
2008-12-01,4518.43,4199000.0,-37.84084956050741,,1.0812402306113704,,,117184178.0,-51.05924392644027,2.262443438914027,12,藍,6,True,True,True,True,A
2008-12-02,4356.98,3566600.0,-39.9563827172043,,1.0802701380973707,,,116673660.0,-51.21599465424019,1.8018018018018016,12,藍,6,True,True,True,True,A
2008-12-03,4307.26,4004000.0,-40.53604176308048,,1.137560912716436,,,117384566.0,-50.676624172226866,3.587443946188341,12,藍,6,True,True,True,True,A
2008-12-04,4254.96,3747400.0,-41.152508041869645,,1.1273823265108192,,,117771830.0,-50.51390118003582,4.017857142857143,12,藍,6,True,True,True,True,A
2008-12-05,4225.07,2784400.0,-41.46056129345212,,1.0777818237853551,,,117751480.0,-50.07982739394118,4.0,12,藍,6,True,True,True,True,A
2008-12-08,4418.33,3766800.0,-38.68038740594196,,1.0520773127945668,,,118658694.0,-49.072710330358184,5.752212389380531,12,藍,6,True,True,True,True,A
2008-12-09,4472.66,4553800.0,-37.825166177496584,,1.1052924660465062,,,117982714.0,-47.766435609370426,5.286343612334802,12,藍,6,True,True,True,True,A
2008-12-10,4658.87,5116600.0,-35.13897455313252,,1.159262957458666,,,119542022.0,-43.03333840515803,6.578947368421052,12,藍,6,True,True,True,True,A
2008-12-11,4655.57,5446400.0,-35.087728687211566,,1.2463522473224249,,,119900396.0,-41.188778922787215,6.986899563318777,12,藍,6,True,True,True,True,A
2008-12-12,4481.27,5326000.0,-37.41849217711417,,1.3884119310198486,,,,,,12,藍,6,True,True,True,True,A
2008-12-15,4613.72,3884800.0,-35.47196774765784,,1.3969082771009045,,,120005946.0,-37.66753403016504,7.391304347826087,12,藍,6,True,True,True,True,A
2008-12-16,4616.89,3529400.0,-35.33136887763146,,1.3437693416626622,,,119991849.0,-37.12358428718532,7.35930735930736,12,藍,6,True,True,True,True,A
2008-12-17,4648.02,5395800.0,-34.80013652522868,,1.353094070057664,,,120031997.0,-37.102546505377006,8.189655172413794,12,藍,6,True,True,True,True,A
2008-12-18,4694.81,4140400.0,-34.049967845424284,,1.278181338290816,,,120831962.0,-36.68336026635421,8.583690987124463,12,藍,6,True,True,True,True,A
2008-12-19,4694.52,4417200.0,-33.96072607498831,,1.2248166437859511,,,121360833.0,-36.4062288350813,8.974358974358974,12,藍,6,True,True,True,True,A
2008-12-22,4535.54,4325600.0,-36.101571147054905,,1.2467642350788932,,,120765398.0,-36.664660018389505,8.51063829787234,12,藍,6,True,True,True,True,A
2008-12-23,4405.86,3253400.0,-37.83151736058674,,1.2349333040199204,,,119543822.0,-36.881265772216096,6.779661016949152,12,藍,6,True,True,True,True,A
2008-12-24,4423.09,3077800.0,-37.49210111112924,,1.1013021353261645,,,119805124.0,-35.15542757845985,7.172995780590717,12,藍,6,True,True,True,True,A
2008-12-25,4413.45,2211800.0,-37.532394416775375,,0.993675682563528,,,120030985.0,-34.87681502396422,8.823529411764707,11,藍,7,True,True,True,True,A
2008-12-26,4425.08,2233200.0,-37.27250030837365,,0.8714411977137494,,,,,,11,藍,7,True,True,True,True,A
2008-12-29,4416.16,1828000.0,-37.30401561705427,,0.7320766333373022,,,119349099.0,-35.12217708808063,6.2761506276150625,11,藍,7,True,True,True,True,A
2008-12-30,4589.04,3194800.0,-34.75796770586762,,0.7277937793866405,,,120176845.0,-34.6722167712118,10.0,11,藍,7,True,True,True,True,A
2008-12-31,4591.22,3320800.0,-34.635814151779435,,0.7407712046524829,,,120161103.0,-34.29928482070811,9.95850622406639,11,藍,7,True,True,True,True,A
2009-01-05,4698.31,3626800.0,-33.02248923339839,,0.8210972358582097,,,121254022.0,-33.298001058284946,11.570247933884298,11,藍,7,True,True,True,True,A
2009-01-06,4727.26,4336400.0,-32.471326105072315,,0.94027152713109,,,121246441.0,-31.584806137981715,11.522633744855968,11,藍,7,True,True,True,True,A
2009-01-07,4789.84,4666800.0,-31.444408254279647,,1.0910541492380812,,,121755812.0,-29.20193538190261,13.114754098360656,11,藍,7,True,True,True,True,A
2009-01-08,4535.79,3958600.0,-34.94329101546537,,1.1307051644285675,,,122575905.0,-27.107409292344865,13.46938775510204,11,藍,7,True,True,True,True,A
2009-01-09,4502.74,3040600.0,-35.291822707693626,,1.112858967865809,,,123464956.0,-26.557511612828076,13.821138211382117,11,藍,7,True,True,True,True,A
2009-01-12,4453.9,3008000.0,-35.864326856460266,,1.0711472472489394,,,123782674.0,-25.4971682102237,14.5748987854251,11,藍,7,True,True,True,True,A
2009-01-13,4532.36,2691200.0,-34.600682214811116,,0.9801839364200132,,,123873570.0,-24.929074655668497,14.919354838709678,11,藍,7,True,True,True,True,A
2009-01-14,4521.47,3055800.0,-34.62440126817734,,0.8856669824234945,,,124411202.0,-24.12808670105485,15.261044176706829,11,藍,7,True,True,True,True,A
2009-01-15,4320.77,2904600.0,-37.39202229606006,,0.8286930598370259,,,123625927.0,-24.159824139714143,14.4,11,藍,7,True,True,True,True,A
2009-01-16,4353.7,2642200.0,-36.774892080925774,,0.8060667203976847,,,124418013.0,-23.46608140884598,16.0,11,藍,7,True,True,True,True,A
2009-01-19,4366.76,2035000.0,-36.43524493639523,,0.7500851167201127,,,123351638.0,-23.652964345510345,13.6,11,藍,7,True,True,True,True,A
2009-01-20,4242.61,2569600.0,-38.100541582947365,,0.7400843535076939,,,122278825.0,-22.986950357218525,13.2,11,藍,7,True,True,True,True,A
2009-01-21,4247.97,2581800.0,-37.88263826604957,,0.7121987689272999,,,120417106.0,-22.307449868115953,10.4,11,藍,7,True,True,True,True,A
2009-02-02,4259.98,2399800.0,-37.56368973240903,,0.6901707874131294,,,120340204.0,-18.891883569570375,10.4,9,藍,8,True,True,True,True,A
2009-02-03,4372.81,2919000.0,-35.76926450118199,,0.7111753114363464,,,121112257.0,-14.837586716148683,12.0,9,藍,8,True,True,True,True,A
2009-02-04,4389.97,3048800.0,-35.39604601791987,,0.7724495470855776,,,121395962.0,-13.511676668250676,13.6,9,藍,8,True,True,True,True,A
2009-02-05,4363.25,2846200.0,-35.673958265461685,,0.7955511814050763,,,122000824.0,-13.080743881317543,14.8,9,藍,8,True,True,True,True,A
2009-02-06,4471.25,3491000.0,-33.963136872357225,,0.8513967709592843,,,122364317.0,-12.82177398153762,15.6,9,藍,8,True,True,True,True,A
2009-02-09,4494.59,3619200.0,-33.49092248363826,,0.9242779531946508,,,121648442.0,-13.331797770179914,14.4,9,藍,8,True,True,True,True,A
2009-02-10,4526.1,2979600.0,-32.90711386964135,,0.9347444502813236,,,122533924.0,-12.700937795443323,16.400000000000002,9,藍,8,True,True,True,True,A
2009-02-11,4575.95,3746400.0,-32.047264661350425,,0.9739841195702944,,,123406427.0,-12.07932468468828,17.599999999999998,9,藍,8,True,True,True,True,A
2009-02-12,4466.42,3957400.0,-33.5523303672411,,1.0379937347963808,,,123301255.0,-12.1542542770041,17.2,9,藍,8,True,True,True,True,A
2009-02-13,4592.5,3611600.0,-31.55733624878465,,1.0431202810504454,,,125133385.0,-10.848956726614423,21.2,9,藍,8,True,True,True,True,A
2009-02-16,4591.26,3384600.0,-31.449841920133743,,1.0289605401001047,,,125840351.0,-9.682242575049118,21.6,9,藍,8,True,True,True,True,A
2009-02-17,4491.78,3134600.0,-32.8122889530185,,1.03576223298349,,,125940489.0,-8.37446499232819,22.0,9,藍,8,True,True,True,True,A
2009-02-18,4498.37,3217000.0,-32.59061514243187,,1.005234750533689,,,126427661.0,-7.696172406384935,22.4,9,藍,8,True,True,True,True,A
2009-02-19,4528.87,3394200.0,-31.99756684544267,,0.9713925982228075,,,126964091.0,-4.643900455525504,22.8,9,藍,8,True,True,True,True,A
2009-02-20,4436.94,3045400.0,-33.24001474234484,,0.9372919445166062,,,126917758.0,-3.271983554361492,22.8,9,藍,8,True,True,True,True,A
2009-02-23,4477.78,2863800.0,-32.486833637412815,,0.9085255152228562,,,127714926.0,-0.4237895489664027,23.6,9,藍,8,True,True,True,True,A
2009-02-24,4430.18,2839200.0,-33.059412093438276,,0.8924716083791476,,,128495267.0,0.0,24.4,9,藍,8,True,True,True,True,A
2009-02-25,4493.74,3580600.0,-31.95915993075362,,0.91189866761524,,,128820518.0,0.0,24.8,9,藍,9,True,True,True,True,A
2009-02-26,4518.56,3066200.0,-31.435214568860037,,0.8940319280525126,,,128657136.0,-0.1268291748368843,24.8,9,藍,9,True,True,True,True,A
2009-02-27,4557.15,3303400.0,-30.70026191975265,,0.9069350413831264,,,129548471.0,0.0,25.6,9,藍,9,True,True,True,True,A
2009-03-02,4425.83,3906800.0,-32.538806888127375,,0.9660205456268944,,,129365681.0,-0.1410977671824471,25.6,9,藍,9,True,True,True,True,A
2009-03-03,4435.34,3511000.0,-32.23385541665692,,1.0022495986981372,,,129954660.0,0.0,26.4,9,藍,9,True,True,True,True,A
2009-03-04,4541.42,4128200.0,-30.44643561376761,,1.0327194611477415,,,131455410.0,0.0,27.200000000000003,9,藍,9,True,True,True,True,A
2009-03-05,4637.2,5018400.0,-28.814879997625404,,1.138263426111152,,,131426117.0,-0.0222836017171145,27.200000000000003,9,藍,9,True,True,True,True,A
2009-03-06,4653.63,4139200.0,-28.403993830130553,,1.1864867188171582,,,132248226.0,0.0,28.000000000000004,9,藍,9,True,True,True,True,A
2009-03-09,4628.24,3938200.0,-28.625869783153192,,1.1861811469564123,,,133435933.0,0.0,28.799999999999997,9,藍,9,True,True,True,True,A
2009-03-10,4671.02,4484400.0,-27.796314941263606,,1.2390285665363432,,,134875727.0,0.0,29.2,9,藍,9,True,True,True,True,A
2009-03-11,4759.96,5713200.0,-26.243701399342907,,1.3171784038399372,,,135681838.0,0.0,29.6,9,藍,9,True,True,True,True,A
2009-03-12,4754.65,4327000.0,-26.153116908938724,,1.2688580913422132,,,136249891.0,0.0,30.0,9,藍,9,True,True,True,True,A
2009-03-13,4897.39,5976000.0,-23.77504690706481,,1.3579399491395772,,,135975670.0,-0.2012632802766792,30.0,9,藍,9,True,True,True,True,A
2009-03-16,4971.32,5243200.0,-22.459740275848247,,1.4259004029484936,,,135736045.0,-0.377134980607067,30.0,9,藍,9,True,True,True,True,A
2009-03-17,5041.39,5435200.0,-21.199965935259456,,1.4763923020339988,,,136749600.0,0.0,31.2,9,藍,9,True,True,True,True,A
2009-03-18,5047.54,5605000.0,-20.947482280504857,,1.4693340677621078,,,136159581.0,-0.4314593973218203,30.8,9,藍,9,True,True,True,True,A
2009-03-19,5035.93,6125000.0,-20.974582611947,,1.5629516375042902,,,136890624.0,0.0,32.0,9,藍,9,True,True,True,True,A
2009-03-20,4961.62,5149600.0,-21.99163630951944,,1.5086909313211128,,,,,,9,藍,9,True,True,True,True,A
2009-03-23,5124.18,4549600.0,-19.28689827031031,,1.4639055973683806,,,139563024.0,0.0,36.0,9,藍,9,True,True,True,True,A
2009-03-24,5242.18,6609200.0,-17.27514165616903,0.6616282828539506,1.5195070533212662,,,138495423.0,-0.7649597790314432,34.0,9,藍,9,True,True,True,True,A
2009-03-25,5346.38,7001400.0,-15.471198258808949,0.7956080698593594,1.5748352791894014,,,139324444.0,-0.1709478579369274,35.6,10,藍,10,True,True,True,True,A
2009-03-26,5386.56,7339800.0,-14.666563385816628,0.8424848401336796,1.6187371045089325,,,140897936.0,0.0,38.0,10,藍,10,True,True,True,True,A
2009-03-27,5390.7,7301000.0,-14.412530959350187,0.8402973270148332,1.709969216279314,,,142882543.0,0.0,38.8,10,藍,10,True,True,True,True,A
2009-03-30,5206.05,6138600.0,-17.15536733062358,0.6044246692369423,1.7706131758539645,,,143688867.0,0.0,39.2,10,藍,10,True,True,True,True,A
2009-03-31,5210.84,5029000.0,-16.890964813211195,0.6143107593423522,1.6752300838641323,,,145199199.0,0.0,39.6,10,藍,10,True,True,True,True,A
2009-04-02,5473.78,7837800.0,-12.5224663608676,0.9432292664570384,1.6777730221193523,,,147710072.0,0.0,40.0,10,藍,10,True,True,True,True,A
2009-04-03,5529.63,8533200.0,-11.454797660034064,1.0065022840469209,1.692961704643469,,,148132853.0,0.0,40.400000000000006,10,藍,10,True,True,True,True,A
2009-04-06,5556.22,7273200.0,-10.856788418038123,1.0314815970743654,1.6551156880784106,,,145666157.0,-1.6651917181396625,40.0,10,藍,10,True,True,True,True,A
2009-04-07,5576.85,5954800.0,-10.362266347425818,1.0472683181415992,1.62856813644455,,,147738235.0,-0.2663946531833826,40.8,10,藍,10,True,True,True,True,A
2009-04-08,5443.56,7470600.0,-12.326439751171211,0.8803250260769256,1.7154968685404006,,,147874068.0,-0.1746979112054231,41.2,10,藍,10,True,True,True,True,A
2009-04-09,5667.8,7002600.0,-8.542296656000543,1.1348620766109951,1.6552959154072753,,,153386108.0,0.0,42.4,10,藍,10,True,True,True,True,A
2009-04-10,5781.96,7954400.0,-6.522309816011733,1.2517838427869123,1.6067245016669307,,,156170944.0,0.0,43.2,10,藍,10,True,True,True,True,A
2009-04-13,5857.64,7212600.0,-5.1260583540596585,1.3202827473413734,1.588804792079856,,,155976973.0,-0.124204282199895,43.2,10,藍,10,True,True,True,True,A
2009-04-14,5892.68,6466800.0,-4.386617405344207,1.3384658499112512,1.5967611049567387,,,153078673.0,-1.9800552655940915,42.4,10,藍,10,True,True,True,True,A
2009-04-15,5875.19,6486200.0,-4.487272689580227,1.2987361986918768,1.533752502752937,,,152051702.0,-2.6376494208807495,42.4,10,藍,10,True,True,True,True,A
2009-04-16,5997.17,7799200.0,-2.319253392994481,1.4085102079045635,1.5416594238820895,,,152925978.0,-2.0778295353071567,42.8,10,藍,10,True,True,True,True,A
2009-04-17,5755.38,10438800.0,-6.065481044857609,1.1249909098032718,1.6038466437573824,,,,,,10,藍,10,True,True,True,True,A
2009-04-20,5781.66,6013800.0,-5.44253116530541,1.1356956067867727,1.537948743033791,,,156292655.0,0.0,45.2,10,藍,10,True,True,True,True,A
2009-04-21,5881.41,5742200.0,-3.610333759673407,1.2253216004365466,1.4933978503867544,,,159619393.0,0.0,46.0,10,藍,10,True,True,True,True,A
2009-04-22,5886.11,6273800.0,-3.3302408566618693,1.2124664027076983,1.466533945897641,,,161338619.0,0.0,46.400000000000006,10,藍,10,True,True,True,True,A
2009-04-23,5875.24,6048800.0,-3.3055498214203083,1.1827928330783704,1.3771283195667758,,,,,,10,藍,10,True,True,True,True,A
2009-04-24,5880.77,6519600.0,-3.010053677367953,1.1700515076850575,1.20494133769483,,,164179943.0,0.0,48.4,10,藍,10,True,True,True,True,A
2009-04-27,5705.05,6312600.0,-5.700859844586594,0.9741814969199332,1.201991843297953,,,161236994.0,-1.7925143267956916,46.400000000000006,10,藍,11,True,True,True,True,A
2009-04-28,5596.73,5991400.0,-7.282141850661006,0.8520884012268358,1.1977403592249436,,,160912929.0,-1.9898983641381824,46.400000000000006,10,藍,11,True,True,True,True,A
2009-04-29,5614.06,5284400.0,-6.786498034052936,0.8587622450614887,1.150967988168503,,,160031669.0,-2.52666307723106,46.400000000000006,10,藍,11,True,True,True,True,A
2009-04-30,5992.57,5619800.0,-0.3062058494740686,1.223421930185906,1.1253922886184249,,,159835822.0,-2.6459510952565015,46.400000000000006,10,藍,11,True,True,True,True,A
2009-05-04,6330.4,6844800.0,5.507033127761727,1.5322062998824022,1.1235305369790327,,,160726525.0,-2.1034347660846735,47.2,10,藍,11,False,True,False,True,A
2009-05-05,6379.94,9164800.0,6.511059601418238,1.5471823339427844,1.2087930388442485,,,160224167.0,-2.4094148942419844,47.2,10,藍,11,False,True,False,True,A
2009-05-06,6566.7,9475600.0,9.801505724817448,1.6919210116625267,1.3132432000019247,,,164894978.0,0.0,51.2,10,藍,11,False,True,False,True,A
2009-05-07,6572.87,10118400.0,10.080696557933456,1.6602013448206925,1.4564273718871228,,,169712785.0,0.0,53.2,10,藍,11,False,True,False,True,A
2009-05-08,6583.87,7952800.0,10.431611556234795,1.6365573573893568,1.5200279183388588,,,173978169.0,0.0,54.0,10,藍,11,False,True,False,True,A
2009-05-11,6647.5,7872200.0,11.664440399406024,1.663576713565927,1.538367932351625,,,177366287.0,0.0,54.8,10,藍,11,False,True,False,True,A
2009-05-12,6432.55,6936000.0,8.235080088961901,1.4375394393094303,1.4476250586728765,,,177738230.0,0.0,55.2,10,藍,11,False,True,False,True,A
2009-05-13,6485.14,6229200.0,9.295150850916082,1.4617271012285726,1.325925754314668,,,183452291.0,0.0,56.39999999999999,10,藍,11,False,True,False,True,A
2009-05-14,6364.17,6386600.0,7.432282079251376,1.3295649572767922,1.1884842990875033,,,186336304.0,0.0,58.4,10,藍,11,False,True,False,True,A
2009-05-15,6489.09,6753200.0,9.71445630445758,1.4186316346073158,1.1369282459000034,,,190237265.0,0.0,60.4,10,藍,11,False,True,False,True,A
2009-05-18,6577.81,6952000.0,11.396184593842705,1.4727701041195915,1.095512418958752,,,192604855.0,0.0,62.0,10,藍,11,False,True,False,True,A
2009-05-19,6655.59,8821200.0,12.8940981205408,1.5152062367373105,1.1395449887803677,,,193322508.0,0.0,62.4,10,藍,11,False,True,False,True,A
2009-05-20,6703.62,7998600.0,13.898406295627764,1.52952588692606,1.180540319253391,,,194899369.0,0.0,62.8,10,藍,11,False,True,False,True,A
2009-05-21,6718.81,7550800.0,14.34911595677488,1.5149666801349595,1.2026721977721155,,,197463272.0,0.0,63.2,10,藍,11,False,True,False,True,A
2009-05-22,6737.29,7378800.0,14.863649367637455,1.5024908462547202,1.21033217256148,,,202052441.0,0.0,63.6,10,藍,11,False,True,False,True,A
2009-05-25,6734.46,7459200.0,14.99847639988087,1.472555974502027,1.2123146626979628,,,205545430.0,0.0,64.4,11,藍,12,False,True,False,True,A
2009-05-26,6683.11,8110400.0,14.303723257901396,1.4028924429795335,1.1757740063760116,,,204419201.0,-0.5479221795395791,64.4,11,藍,12,False,True,False,True,A
2009-05-27,6890.44,8228800.0,18.02074427603913,1.5496948128330206,1.1699353677773352,,,209143988.0,0.0,65.2,11,藍,12,False,True,False,True,A
2009-06-01,6954.1,7423000.0,19.264793917790165,1.5724815818729736,1.15470297214817,,,208347294.0,-0.3809308637645371,65.2,11,藍,12,False,True,False,True,A
2009-06-02,6949.08,8740600.0,19.322664971618636,1.5369764535716013,1.1818513857815252,,,207220128.0,-0.9198734414493426,65.2,11,藍,12,False,True,False,True,A
2009-06-03,6893.14,5761400.0,18.515580839099556,1.461853517924323,1.129571591214358,,,207801981.0,-0.641666544103577,65.60000000000001,11,藍,12,False,True,False,True,A
2009-06-04,6786.06,5706000.0,16.825547202685033,1.3477025992680474,1.054528380675302,,,211059565.0,0.0,67.2,11,藍,12,False,True,False,True,A
2009-06-05,6767.1,4586200.0,16.653199084051312,1.3084099728620049,0.94590843875332,,,212494508.0,0.0,67.60000000000001,11,藍,12,False,True,False,True,A
2009-06-08,6628.02,5640800.0,14.41277550877438,1.1738432763948523,0.8910612807743318,,,213043800.0,0.0,68.0,11,藍,12,False,True,False,True,A
2009-06-09,6414.39,5955800.0,10.901993474739488,0.9830881888062558,0.8090503748475422,,,209178826.0,-1.814168729622735,66.8,11,藍,12,False,True,False,True,A
2009-06-10,6462.27,4270400.0,11.893651352993976,1.0047923915358046,0.7655290681681172,,,207255130.0,-2.7171267129106784,65.60000000000001,11,藍,12,False,True,False,True,A
2009-06-11,6567.37,4319400.0,13.875955160308132,1.071792965901747,0.7278919060274701,,,206913376.0,-2.877541613508584,65.2,11,藍,12,False,True,False,True,A
2009-06-12,6448.23,4737200.0,11.987998038001338,0.9589489477455446,0.7332371972928273,,,207640895.0,-2.5360536190210654,66.4,11,藍,12,False,True,False,True,A
2009-06-15,6225.56,4354600.0,8.310427752945309,0.7659898559999079,0.6972451265149444,,,203707361.0,-4.382403524533453,64.0,11,藍,12,False,True,False,True,A
2009-06-16,6220.81,4067200.0,8.406368509807347,0.7476344572768124,0.6439703530287275,,,203390732.0,-4.531025075594783,64.0,11,藍,12,False,True,False,True,A
2009-06-17,6195.91,3744200.0,8.136327584474124,0.7131250763182075,0.6321031534270716,,,203954180.0,-4.266549883169564,65.2,11,藍,12,False,True,False,True,A
2009-06-18,6144.53,3694000.0,7.404636859537801,0.6594785879294638,0.6157004021030322,,,203750045.0,-4.362368207852095,64.8,11,藍,12,False,True,False,True,A
2009-06-19,6231.15,3203200.0,9.058360104465567,0.7149080304959652,0.5717630650873672,,,203559253.0,-4.451923501176753,64.4,11,藍,12,False,True,False,True,A
2009-06-22,6341.21,3511800.0,11.12190341672011,0.7887263339697763,0.550748673285044,,,202984139.0,-4.721874562883313,64.0,11,藍,12,False,True,False,True,A
2009-06-23,6197.47,3407200.0,8.753386717059746,0.6636552821051733,0.5356483225529954,,,204195426.0,-4.153312135814326,66.8,11,藍,12,False,True,False,True,A
2009-06-24,6380.08,5013200.0,12.101175812732306,0.7928588940171692,0.5777738683239114,,,203940683.0,-4.272885200132555,66.4,11,藍,12,False,True,False,True,A
2009-06-25,6457.61,4859200.0,13.603937907212377,0.839156391103578,0.6173824662342107,,,203641788.0,-4.413182641316011,65.2,12,藍,13,False,True,False,True,A
2009-06-26,6463.56,4081400.0,13.835512492494528,0.8292557959788596,0.6479288149956619,,,203119193.0,-4.658481964741522,64.4,12,藍,13,False,True,False,True,A
2009-06-29,6391.15,3634600.0,12.680202374324,0.7594623434818762,0.6541001200992571,,,202850057.0,-4.784810916816166,64.0,12,藍,13,False,True,False,True,A
2009-06-30,6432.16,3719800.0,13.518863817390528,0.7779139540438497,0.6710127501092994,,,201849758.0,-5.2543383097747975,63.6,12,藍,13,False,True,False,True,A
2009-07-01,6578.97,3790000.0,16.20495050536753,0.8765193407024017,0.640465220841188,,,201847106.0,-5.255583124221404,63.6,12,藍,13,False,True,False,True,A
2009-07-02,6667.53,5084600.0,17.868087360792188,0.9278569811799182,0.6514413644824442,,,201150603.0,-5.582512610082997,63.6,12,藍,13,False,True,False,True,A
2009-07-03,6665.4,4293000.0,17.92602880632079,0.9087409914046952,0.6611650125728314,,,202858462.0,-4.7808657186925885,65.60000000000001,12,藍,13,False,True,False,True,A
2009-07-06,6649.91,3910000.0,17.726862575173335,0.8800132913601024,0.6765046792001934,,,,,,12,藍,13,False,True,False,True,A
2009-07-07,6715.22,4519000.0,18.95116813305714,0.912281010593008,0.7072628113319593,,,203887652.0,-4.297777264581274,69.19999999999999,12,藍,13,False,True,False,True,A
2009-07-08,6668.14,4213200.0,18.179159544903097,0.8599856814381834,0.7285606990540536,,,204707594.0,-3.912907111119873,71.2,12,藍,13,False,True,False,True,A
2009-07-09,6748.18,5196000.0,19.649079673828147,0.903243395148193,0.736340754566945,,,205496234.0,-3.5427297109796205,71.6,12,藍,13,False,True,False,True,A
2009-07-10,6769.86,3974800.0,20.08664382634141,0.9032469052478233,0.7308031419208109,,,205228366.0,-3.668463480279642,71.6,12,藍,13,False,True,False,True,A
2009-07-13,6530.82,4624600.0,15.903819504365918,0.7103023604391083,0.758687697543348,,,200881787.0,-5.708691358302847,63.6,12,藍,13,False,True,False,True,A
2009-07-14,6639.41,3484400.0,17.889713038042117,0.7779278046446508,0.7327171580406102,,,201060851.0,-5.624641036256394,64.0,12,藍,13,False,True,False,True,A
2009-07-15,6738.6,4834400.0,19.67756215672799,0.8378463176289642,0.766091889317109,,,200172360.0,-6.041687202349939,63.6,12,藍,13,False,True,False,True,A
2009-07-16,6780.3,5189000.0,20.441080485614023,0.8547786223492477,0.7676773055084033,,,199734181.0,-6.247362748880747,63.6,12,藍,13,False,True,False,True,A
2009-07-17,6850.99,4515600.0,21.71620360527226,0.8910194718911323,0.7892581711987677,,,201306632.0,-5.5092746186464945,65.60000000000001,12,藍,13,False,True,False,True,A
2009-07-20,6938.86,5191200.0,23.304126233446407,0.9386218199047858,0.8115550557738863,,,202147928.0,-5.114381174199859,67.2,12,藍,13,False,True,False,True,A
2009-07-21,6953.34,5426600.0,23.57932315496616,0.9316473116365968,0.881049081423353,,,203030990.0,-4.699883310380307,68.8,12,藍,13,False,True,False,True,A
2009-07-22,6985.32,5753600.0,24.13436021718128,0.9383667161281704,0.915287791248675,,,204661339.0,-3.934618608943325,74.0,12,藍,13,False,True,False,True,A
2009-07-23,6980.88,5020600.0,24.031632280643404,0.918696429618424,0.9128265598060724,,,205973447.0,-3.318732110486201,76.0,12,藍,13,False,True,False,True,A
2009-07-24,6973.28,5299200.0,23.89670884069455,0.8953255156826647,0.9423511115112422,,,206018954.0,-3.29737171417333,76.4,12,藍,13,False,True,False,True,A
2009-07-27,7028.43,4144400.0,24.857667769340413,0.9179389184701332,0.9084400644017422,,,205708687.0,-3.443007024846534,76.0,17,黃藍,14,False,True,False,True,A
2009-07-28,7142.63,5615400.0,26.881256397772095,0.9820891396217974,0.915140096863651,,,206589290.0,-3.0296633837736655,77.2,17,黃藍,14,False,True,False,True,A
2009-07-29,7083.63,5961400.0,25.8315762888697,0.9201748702447377,0.9249134554822578,,,206876576.0,-2.8948150568099145,77.60000000000001,17,黃藍,14,False,True,False,True,A
2009-07-30,7027.11,5035400.0,24.852652368239536,0.8607519851256874,0.9368899660025996,,,,,,17,黃藍,14,False,True,False,True,A
2009-07-31,7077.71,5679600.0,25.77763279525668,0.8786530283156081,0.9615045854430898,,,208368696.0,-2.194433257386509,80.4,17,黃藍,14,False,True,False,True,A
2009-08-03,7056.71,5150200.0,25.42021497648794,0.8459549909940041,1.013345346853467,,,209017584.0,-1.889853635731244,80.80000000000001,17,黃藍,14,False,True,False,True,A
2009-08-04,6955.87,6550000.0,23.633117561665355,0.757293948714134,1.0524000786242245,,,207550620.0,-2.578427534619642,79.2,17,黃藍,14,False,True,False,True,A
2009-08-05,6848.24,4982800.0,21.739333862440024,0.6647337334905413,1.025262337257348,,,206782441.0,-2.9390008064069453,77.60000000000001,17,黃藍,14,False,True,False,True,A
2009-08-06,6868.65,5078400.0,22.115651651423395,0.664799472607237,1.032854543070736,,,207273725.0,-2.708398460785998,79.60000000000001,17,黃藍,14,False,True,False,True,A
2009-08-10,6882.87,3538400.0,22.37887955042977,0.6605357946456021,0.960367144049251,,,208011272.0,-2.362203452998867,81.2,17,黃藍,14,False,True,False,True,A
2009-08-11,6909.02,3696000.0,22.84980305290107,0.6648855010921859,0.912936612258962,,,208286080.0,-2.233212137597996,81.6,17,黃藍,14,False,True,False,True,A
2009-08-12,6898.9,3640000.0,22.662399316428925,0.6439161409366996,0.8095673279565665,,,209693397.0,-1.5726357678561873,84.0,17,黃藍,14,False,True,False,True,A
2009-08-13,7034.96,4410000.0,25.08076956598843,0.7255296031330833,0.7939208683582601,,,209713401.0,-1.5632461493833665,84.39999999999999,17,黃藍,14,False,True,False,True,A
2009-08-14,7069.51,4547600.0,25.69104820997925,0.7350556443600529,0.7841131940197795,,,209947529.0,-1.4533494990232054,85.2,17,黃藍,14,False,True,False,True,A
2009-08-17,6931.8,3537400.0,23.266962674298508,0.622775025048106,0.7957705503501133,,,209809668.0,-1.518059666603769,84.8,17,黃藍,14,False,True,False,True,A
2009-08-18,6789.77,4096400.0,20.787307451838803,0.5080599877088321,0.8213250985481318,,,207327515.0,-2.683150131569189,80.0,17,黃藍,14,False,True,False,True,A
2009-08-19,6788.58,2661000.0,20.80956965235877,0.4937773834071632,0.7942578534058412,,,207135582.0,-2.7732409955135986,78.8,17,黃藍,14,False,True,False,True,A
2009-08-20,6733.23,3529000.0,19.87226983985826,0.4415998377489625,0.7682931419275426,,,205478921.0,-3.5508562089110316,75.2,17,黃藍,14,False,True,False,True,A
2009-08-21,6654.8,3871400.0,18.53263564963666,0.3730798501882112,0.7511105231397014,,,203012891.0,-4.708378746530056,68.8,17,黃藍,14,False,True,False,True,A
2009-08-24,6838.25,3082400.0,21.831269909901017,0.4896540485532106,0.7453658367866631,,,202767903.0,-4.823372940212294,67.60000000000001,17,黃藍,14,False,True,False,True,A
2009-08-25,6809.41,2951200.0,21.33399617489319,0.4555714816450102,0.7072486949185313,,,202840317.0,-4.7893827466464645,68.0,18,黃藍,15,False,True,False,True,A
2009-08-26,6719.21,3765600.0,19.74889952079981,0.3789378389747063,0.7698113545339736,,,200997635.0,-5.6543138077709845,64.8,18,黃藍,15,False,True,False,True,A
2009-08-27,6690.75,3009200.0,19.27146077157154,0.3464111300181375,0.7542892803415145,,,200635122.0,-5.824472714061615,64.4,18,黃藍,15,False,True,False,True,A
2009-08-28,6809.86,3223200.0,21.40415689961138,0.4181733996301681,0.7318237772580575,,,199940658.0,-6.1504451197359415,64.0,18,黃藍,15,False,True,False,True,A
2009-08-31,6825.95,3066000.0,21.69844116312585,0.4159987782049887,0.7353274955788307,,,200407510.0,-5.931310838428529,64.8,18,黃藍,15,False,True,False,True,A
2009-09-01,7019.75,4414000.0,25.1546401266242,0.5386288308297076,0.8062756458900839,,,202392795.0,-4.9994437763502155,69.19999999999999,18,黃藍,15,False,True,False,True,A
2009-09-02,7039.77,4190000.0,25.504847262527917,0.5384699666021793,0.8314979354676897,,,204849395.0,-3.8463475585771567,78.0,18,黃藍,15,False,True,False,True,A
2009-09-03,7104.65,4667200.0,26.659387460786785,0.5701327929699522,0.9071125257187732,,,206501256.0,-1.64149252740193,81.2,18,黃藍,15,False,True,False,True,A
2009-09-04,7153.13,4596200.0,27.51278331192648,0.5899730432832412,0.9697479744222064,,,208478002.0,-0.6999496526582125,88.0,18,黃藍,15,False,True,False,True,A
2009-09-07,7224.59,4238800.0,28.770252263137753,0.6254324602780011,1.026052569285539,,,208520035.0,-0.6799289359580889,88.4,18,黃藍,15,False,True,False,True,A
2009-09-08,7313.99,5261400.0,30.317168689330643,0.6734475960373345,1.0616607103762794,,,207816772.0,-1.0148997752671811,86.4,18,黃藍,15,False,True,False,True,A
2009-09-09,7250.72,4678400.0,29.13915064784226,0.6145830143166843,1.0817021512223484,,,208975554.0,-0.4629609143911382,89.2,18,黃藍,15,False,True,False,True,A
2009-09-10,7332.08,5713400.0,30.51874196998967,0.6576469589161739,1.121485654095395,,,207662557.0,-1.0883538429261532,86.0,18,黃藍,15,False,True,False,True,A
2009-09-11,7337.14,3511000.0,30.52289337472528,0.647824385504422,1.0725358325408738,,,208332723.0,-0.7691474187343258,88.0,18,黃藍,15,False,True,False,True,A
2009-09-14,7256.95,3366800.0,29.009186761797757,0.5787665239659093,1.031928203335336,,,209164796.0,-0.3728231543034735,91.2,18,黃藍,15,False,True,False,True,A
2009-09-15,7346.26,3504400.0,30.53305895518627,0.629058714086871,0.9514838213246454,,,209687908.0,-0.1236599455285801,92.0,18,黃藍,15,False,True,False,True,A
2009-09-16,7440.24,4713200.0,32.107608403491625,0.6824644000508628,0.9483504313625404,,,210023341.0,0.0,94.4,18,黃藍,15,False,True,False,True,A
2009-09-17,7477.3,5246000.0,32.669595365771706,0.695172445132932,0.9262299933975366,,,210107460.0,0.0,94.8,18,黃藍,15,False,True,False,True,A
2009-09-18,7526.55,4007200.0,33.422741901260586,0.7162294723695152,0.9519015097873508,,,211797872.0,0.0,95.6,18,黃藍,15,False,True,False,True,A
2009-09-21,7502.46,4405600.0,32.88340470008723,0.6862068494581346,0.998124027128986,,,214099481.0,0.0,96.8,18,黃藍,15,False,True,False,True,A
2009-09-22,7469.03,4144200.0,32.15865656425817,0.6509698591415065,1.0253286470314564,,,214874953.0,0.0,97.2,18,黃藍,15,False,True,False,True,A
2009-09-23,7376.76,4639400.0,30.37650743705438,0.5755159306710146,1.0184140487385769,,,213228361.0,-0.7663024363756347,96.8,18,黃藍,15,False,True,False,True,A
2009-09-24,7324.22,3257400.0,29.30865969406731,0.5285540923021652,0.9300465164217064,,,214784277.0,-0.0421994274967915,97.6,18,黃藍,15,False,True,False,True,A
2009-09-25,7345.22,3383600.0,29.523616567153297,0.5344063972196021,0.9075405654642268,,,216983563.0,0.0,98.4,18,黃藍,16,False,True,False,True,A
2009-09-28,7284.61,2706200.0,28.33587007414571,0.4800774522750179,0.8348186433068963,,,216715771.0,-0.1234157999331958,98.4,18,黃藍,16,False,True,False,True,A
2009-09-29,7429.98,3576200.0,30.77532126813046,0.573179713063394,0.8097025877767925,,,216203231.0,-0.3596272405205181,98.4,18,黃藍,16,False,True,False,True,A
2009-09-30,7509.17,4198800.0,32.045785302275405,0.6195562767479779,0.7903617794703133,,,218558105.0,0.0,99.6,18,黃藍,16,False,True,False,True,A
2009-10-01,7545.29,4968000.0,32.54923184655643,0.6350418484165533,0.8668064335735145,,,,,,18,黃藍,16,False,True,False,True,A
2009-10-02,7411.88,4034400.0,30.082103284054146,0.5286978997913109,0.9007736993090568,,,221048329.0,0.0,100.0,18,黃藍,16,False,True,False,True,A
2009-10-05,7437.98,3274000.0,30.40208938440334,0.5382112030824486,0.929534175959428,,,223460858.0,0.0,100.0,18,黃藍,16,False,True,False,True,A
2009-10-06,7536.05,4920600.0,31.95332872545655,0.5993607878097157,0.9907244126451747,,,223190143.0,-0.1211464962691586,99.6,18,黃藍,16,False,True,False,True,A
2009-10-07,7608.66,5540000.0,33.05280233474402,0.6429358982474159,1.0445428756283284,,,225308101.0,0.0,100.0,18,黃藍,16,False,True,False,True,A
2009-10-08,7503.31,5664000.0,31.045587197809276,0.5575348028782531,1.073109076296393,,,225534817.0,0.0,100.0,18,黃藍,16,False,True,False,True,A
2009-10-09,7571.96,4741200.0,32.07573590627064,0.5997789477583326,1.1073692194067986,,,226593883.0,0.0,100.0,18,黃藍,16,False,True,False,True,A
2009-10-12,7599.88,4193400.0,32.369328491707016,0.612799287670667,1.150962649166413,,,228455908.0,0.0,100.0,18,黃藍,16,False,True,False,True,A
2009-10-13,7596.6,4785600.0,32.121481972049374,0.6025921493035751,1.1465420546417084,,,228942212.0,0.0,100.0,18,黃藍,16,False,True,False,True,A
2009-10-14,7695.75,5239000.0,33.614522331385814,0.6698186158682986,1.1335108721421354,,,230654743.0,0.0,100.0,18,黃藍,16,False,True,False,True,A
2009-10-15,7710.4,6033800.0,33.62947277190304,0.6729840450398358,1.1492989612025954,,,228615888.0,-0.8839423692232506,99.2,18,黃藍,16,False,True,False,True,A
2009-10-16,7715.1,4219000.0,33.46161535582973,0.6691986083232394,1.1287529693950509,,,229816743.0,-0.3633135781647464,99.6,18,黃藍,16,False,True,False,True,A
2009-10-19,7751.32,4011000.0,33.86034172597327,0.6886766269679928,1.1259146631188826,,,231486547.0,0.0,100.0,18,黃藍,16,False,True,False,True,A
2009-10-20,7753.52,4478600.0,33.666829906369564,0.6825112153219691,1.11025,,,231639509.0,0.0,100.0,18,黃藍,16,False,True,False,True,A
2009-10-21,7701.5,4621000.0,32.53008349434838,0.6355140441988313,1.0858044906849424,,,232774768.0,0.0,100.0,18,黃藍,16,False,True,False,True,A
2009-10-22,7607.93,4868600.0,30.68174607727339,0.556827293850987,1.03603710122561,,,233583943.0,0.0,100.0,18,黃藍,16,False,True,False,True,A
2009-10-23,7649.28,3945200.0,31.147151538417216,0.5809667918621454,1.02761553081642,,,235499176.0,0.0,100.0,18,黃藍,16,False,True,False,True,A
2009-10-26,7668.4,3758000.0,31.22966024975692,0.5871137223943467,1.0234387113785464,,,235437257.0,-0.0262926609985251,99.6,20,黃藍,17,False,True,False,True,A
2009-10-27,7657.34,3260600.0,30.79017960320476,0.5699230184943982,0.9731550596047602,,,,,,20,黃藍,17,False,True,False,True,A
2009-10-28,7533.95,3735200.0,28.436631802498542,0.4665014057817754,0.941517246025006,,,236479238.0,0.0,100.0,20,黃藍,17,False,True,False,True,A
2009-10-29,7355.69,5153800.0,25.16077354305817,0.3207413450491624,0.9545854509960428,,,233241395.0,-1.3691870065988625,98.4,20,黃藍,17,False,True,False,True,A
2009-10-30,7340.08,3621000.0,24.64293076337944,0.3054782246609032,0.944512559338552,,,232497217.0,-1.6838776349575348,97.6,20,黃藍,17,False,True,False,True,A
2009-11-02,7335.18,3131000.0,24.311879031643755,0.2998729614196712,0.9156909005469458,,,232279297.0,-1.7760294880517165,97.2,20,黃藍,17,False,True,False,True,A
2009-11-03,7322.93,2929000.0,23.859401811723657,0.2880934296740151,0.9024207911530042,,,233369096.0,-1.3151860714300847,98.4,20,黃藍,17,False,True,False,True,A
2009-11-04,7467.04,3706800.0,26.059479767283317,0.4063029285983152,0.900796995659155,,,234528948.0,-0.8247193354031359,98.8,20,黃藍,17,False,True,False,True,A
2009-11-05,7417.46,3193400.0,25.007474366546177,0.3622294741726977,0.8095432612109721,,,234698372.0,-0.7530749908793262,98.8,20,黃藍,17,False,True,False,True,A
2009-11-06,7463.05,3327200.0,25.566898866455652,0.3968014509672606,0.7991671764140174,,,234531351.0,-0.8237031785428875,98.4,20,黃藍,17,False,True,False,True,A
2009-11-09,7536.7,2950400.0,26.589327860739072,0.4558662420434193,0.7922071853842919,,,234779736.0,-0.7186685877260819,98.8,20,黃藍,17,False,True,False,True,A
2009-11-10,7593.49,3245200.0,27.31948712064988,0.4998986054221387,0.8105873710655401,,,,,,20,黃藍,17,False,True,False,True,A
2009-11-11,7668.06,3483200.0,28.31386796397466,0.5615176138003367,0.7968563998465257,,,233461592.0,-1.2760722782775542,96.8,20,黃藍,17,False,True,False,True,A
2009-11-12,7670.93,4008400.0,28.110766043370283,0.5612445288284246,0.8353051397338287,,,,,,20,黃藍,17,False,True,False,True,A
2009-11-13,7665.63,3472400.0,27.772554062750277,0.5542446490230029,0.8438110068434209,,,233763082.0,-1.1485811705803957,97.2,20,黃藍,17,False,True,False,True,A
2009-11-16,7792.68,4253800.0,29.61767585980317,0.6659416336370279,0.9035674347699484,,,234643276.0,-0.7763734421370218,98.0,20,黃藍,17,False,True,False,True,A
2009-11-17,7733.21,5580800.0,28.362239111539257,0.6109822693600087,1.0070701405393192,,,233442252.0,-1.2842505860916211,95.6,20,黃藍,17,False,True,False,True,A
2009-11-18,7766.69,4668200.0,28.63366089216991,0.6409864779431754,1.0605853009002402,,,235534787.0,-0.3993800927250958,99.6,20,黃藍,17,False,True,False,True,A
2009-11-19,7759.98,4462200.0,28.241546457424587,0.6342341140960976,1.076191930343192,,,237376291.0,0.0,100.0,20,黃藍,17,False,True,False,True,A
2009-11-20,7682.97,4312200.0,26.697255963855905,0.5615615438487523,1.1116336007157082,,,240125171.0,0.0,100.0,20,黃藍,17,False,True,False,True,A
2009-11-23,7687.15,3229800.0,26.48402170890092,0.5665700759344731,1.0620388053741776,,,241481814.0,0.0,100.0,20,黃藍,17,False,True,False,True,A
2009-11-24,7714.56,3854600.0,26.64907734882396,0.5944362380636188,0.9818399234693878,,,242424138.0,0.0,100.0,20,黃藍,17,False,True,False,True,A
2009-11-25,7756.31,4332400.0,27.028645491743923,0.6378902011053261,0.9652301945961796,,,243171592.0,0.0,100.0,26,綠,0,False,False,False,False,A
2009-11-26,7739.16,4478000.0,26.45219889046838,0.623323900407785,0.9667141351304372,,,172872121.0,-28.909409368837785,46.0,26,綠,0,False,False,False,False,A
2009-11-27,7490.91,5113000.0,22.13014354890755,0.3769324569444088,1.0029584245076586,,,,,,26,綠,0,False,False,False,False,A
2009-11-30,7582.21,3368600.0,23.351948430461345,0.4686248405931878,1.0130924729259605,,,242143329.0,-0.4228549032158328,99.2,26,綠,0,False,False,False,False,A
2009-12-01,7649.23,4044400.0,24.169365363142337,0.5359624044667352,1.0271761369927643,,,243384520.0,0.0,100.0,26,綠,0,False,False,False,False,A
2009-12-02,7677.62,4569600.0,24.36987293921166,0.5614885941848884,1.0390489416184367,,,244510364.0,0.0,100.0,26,綠,0,False,False,False,False,A
2009-12-03,7684.67,3625600.0,24.224553322021976,0.5652745717156527,1.006428236642649,,,245154885.0,0.0,100.0,26,綠,0,False,False,False,False,A
2009-12-04,7650.91,3648400.0,23.428810677291064,0.5262279837349201,0.9347727945709527,,,246046041.0,0.0,100.0,26,綠,0,False,False,False,False,A
2009-12-07,7775.64,4278400.0,25.164903058320647,0.6569370369878882,0.9753404869995872,,,247732478.0,0.0,100.0,26,綠,0,False,False,False,False,A
2009-12-08,7768.71,4230200.0,24.77525561990002,0.6447271950442971,0.9814556282927652,,,247998282.0,0.0,100.0,26,綠,0,False,False,False,False,A
2009-12-09,7797.42,4522800.0,24.95200175400919,0.6719848451865587,0.9799485704036106,,,251087051.0,0.0,100.0,26,綠,0,False,False,False,False,A
2009-12-10,7677.91,5702200.0,22.76517042407001,0.5332386893609243,1.0781881506245514,,,250116694.0,-0.3864623827216004,99.6,26,綠,0,False,False,False,False,A
2009-12-11,7795.07,4659000.0,24.36988908564737,0.65928464533299,1.123930066872572,,,253440857.0,0.0,100.0,26,綠,0,False,False,False,False,A
2009-12-14,7819.13,4857800.0,24.487895023184393,0.6805062837119685,1.1496865842721418,,,254290077.0,0.0,100.0,26,綠,0,False,False,False,False,A
2009-12-15,7807.62,4637400.0,24.055882904105264,0.6601675777187258,1.1669155657668009,,,255027240.0,0.0,100.0,26,綠,0,False,False,False,False,A
2009-12-16,7751.6,3958400.0,22.923896641472258,0.5857910792704307,1.1430052435175964,,,255687499.0,0.0,100.0,26,綠,0,False,False,False,False,A
2009-12-17,7742.17,4446200.0,22.520929983006713,0.5685413462372533,1.0775990618275098,,,254728131.0,-0.3752111478864283,99.2,26,綠,0,False,False,False,False,A
2009-12-18,7753.63,3473600.0,22.458889170389657,0.5759199386221707,1.0206086864479282,,,255212435.0,-0.1857986807559958,99.6,26,綠,0,False,False,False,False,A
2009-12-21,7787.27,3749600.0,22.74434778172259,0.6102719015308947,0.9636894222675922,,,255438162.0,-0.0975163044635201,99.6,26,綠,0,False,False,False,False,A
2009-12-22,7856.0,3844600.0,23.57773525615843,0.6871013939958147,0.9250048295103668,,,255251572.0,-0.1704921052866961,99.2,26,綠,0,False,False,False,False,A
2009-12-23,7901.5,4158200.0,24.04318535829311,0.735971110866739,0.9346462210925158,,,255183839.0,-0.1969826456005187,98.4,26,綠,0,False,False,False,False,A
2009-12-24,7963.54,4802600.0,24.76102590845248,0.807445409059493,0.9522027070500256,,,255727226.0,0.0,100.0,26,綠,0,False,False,False,False,A
2009-12-25,7972.59,4429400.0,24.63436231739501,0.8150531192853014,0.9960846921669316,,,256913813.0,0.0,100.0,37,黃紅,0,False,False,False,False,A
2009-12-28,8057.49,5306400.0,25.67462440467821,0.9213172134599176,1.0614491729942903,,,257730433.0,0.0,100.0,37,黃紅,0,False,False,False,False,A
2009-12-29,8053.83,4764000.0,25.333635094875667,0.913989693236198,1.1054223679746693,,,258265069.0,0.0,100.0,37,黃紅,0,False,False,False,False,A
2009-12-30,8112.28,5184200.0,25.95323293058319,0.9890791790916282,1.15537982074735,,,259437508.0,0.0,100.0,37,黃紅,0,False,False,False,False,A
2009-12-31,8188.11,5857800.0,26.83417284820568,1.0880024199347305,1.204250885208183,,,260346820.0,0.0,100.0,37,黃紅,0,False,False,False,False,A
2010-01-04,8207.85,6429400.0,26.841951724591578,1.1138534669058795,1.289990890093308,,,261712044.0,0.0,100.0,37,黃紅,0,False,False,False,False,A
2010-01-05,8211.4,6762000.0,26.61330505540589,1.1155258632279643,1.3446863894715526,,,261344911.0,-0.1402812779988069,99.6,37,黃紅,0,False,False,False,False,A
2010-01-06,8327.62,6421600.0,28.11009681067053,1.270220158004737,1.412622902723867,,,264615436.0,0.0,100.0,37,黃紅,0,False,False,False,False,A
2010-01-07,8237.42,7133000.0,26.447106205118708,1.137898506617885,1.4915776856706284,,,263404549.0,-0.4576025564888059,99.6,37,黃紅,0,False,False,False,False,A
2010-01-08,8280.9,5764400.0,26.83778078740717,1.1933218367359475,1.4888338832623882,,,265475882.0,0.0,100.0,37,黃紅,0,False,False,False,False,A
2010-01-11,8323.82,5857000.0,27.219728114129648,1.2479236889229184,1.4535342801164175,,,267652256.0,0.0,100.0,37,黃紅,0,False,False,False,False,A
2010-01-12,8309.37,5246000.0,26.70656645343787,1.22555652219755,1.3780846697782014,,,269515094.0,0.0,100.0,37,黃紅,0,False,False,False,False,A
2010-01-13,8196.56,4925600.0,24.70540285363675,1.0607679987132468,1.3081101533122947,,,270901923.0,0.0,100.0,37,黃紅,0,False,False,False,False,A
2010-01-14,8289.98,4837200.0,25.83296615519159,1.1993289063956374,1.2033076025153442,,,272322023.0,0.0,100.0,37,黃紅,0,False,False,False,False,A
2010-01-15,8356.89,5643400.0,26.554716458792445,1.2995722302409576,1.1943555871937428,,,273690462.0,0.0,100.0,37,黃紅,0,False,False,False,False,A
2010-01-18,8337.82,5100400.0,25.974702331578865,1.2710990705360967,1.155256822429907,,,275979183.0,0.0,100.0,37,黃紅,0,False,False,False,False,A
2010-01-19,8249.0,5582400.0,24.337553960976045,1.1384433982357027,1.1624197436251598,,,275481684.0,-0.1802668573013349,99.6,37,黃紅,0,False,False,False,False,A
2010-01-20,8220.93,5009800.0,23.626202094220737,1.0980491123275402,1.1586462126891,,,276245020.0,0.0,100.0,37,黃紅,0,False,False,False,False,A
2010-01-21,8127.87,4596800.0,21.95086819814079,0.95376004990494,1.1443667461954172,,,275031181.0,-0.4394066542810436,98.8,37,黃紅,0,False,False,False,False,A
2010-01-22,7927.31,4907200.0,18.67920939233083,0.6311773124703108,1.1128887998981187,,,274705970.0,-0.557132215451341,98.4,37,黃紅,0,False,False,False,False,A
2010-01-25,7872.99,3663800.0,17.61067952815151,0.5408945718985202,1.0492714496742002,,,273839653.0,-0.8707367828748551,98.0,37,黃紅,0,False,False,False,False,A
2010-01-26,7598.81,5680000.0,13.28882015487576,0.0757225193772734,1.0437902234355791,,,,,,37,黃紅,0,False,False,False,False,A
2010-01-27,7560.03,3986200.0,12.496835815840964,0.0027800355352019,0.995171019141592,,,264341709.0,-4.308968538147765,94.8,37,黃紅,0,False,False,False,False,A
2010-01-28,7694.58,3931200.0,14.274230101177556,0.2288099334852567,0.9653754871861868,,,265194179.0,-4.000376549774544,95.2,37,黃紅,0,False,False,False,False,A
2010-01-29,7640.44,3949400.0,13.249706344414424,0.1244808865484094,0.9211386880333527,,,264643741.0,-4.199633716473875,94.8,37,黃紅,0,False,False,False,False,A
2010-02-01,7524.67,3222400.0,11.33216492117598,-0.0925480021501783,0.9023116925621224,,,266081111.0,-3.679309404383109,95.6,37,黃紅,0,False,False,False,False,A
2010-02-02,7429.61,3759800.0,9.735081413466286,-0.2749510634317071,0.8164965602084452,,,262778494.0,-4.874848422606858,92.8,37,黃紅,0,False,False,False,False,A
2010-02-03,7547.98,3152400.0,11.2847230781726,-0.0690341511194373,0.7806397144691543,,,262489339.0,-4.979521802782182,92.4,37,黃紅,0,False,False,False,False,A
2010-02-04,7542.04,2813800.0,11.002975117103382,-0.0903481863311175,0.7339944487157769,,,263046087.0,-4.777980432009236,92.8,37,黃紅,0,False,False,False,False,A
2010-02-05,7217.83,4614600.0,6.059490377935345,-0.701972789352268,0.7612185796336576,,,256681142.0,-7.082074456944057,88.8,37,黃紅,0,False,False,False,False,A
2010-02-08,7215.88,3033600.0,5.867596683195195,-0.7108665985786286,0.7542309420398382,,,250612403.0,-9.278942657500217,84.0,37,黃紅,0,False,False,False,False,A
2010-02-09,7361.04,3730000.0,7.822046340875641,-0.4465651836060199,0.7543667362560891,,,249048415.0,-9.845102366008264,83.2,37,黃紅,0,False,False,False,False,A
2010-02-10,7441.84,3984400.0,8.817491018167349,-0.3059770280057569,0.7951540533328278,,,246411897.0,-10.799515227460027,82.0,37,黃紅,0,False,False,False,False,A
2010-02-22,7560.04,3187400.0,10.348250638879428,-0.0926375428352622,0.8159022500722071,,,,,,37,黃紅,0,False,False,False,False,A
2010-02-23,7597.44,2992800.0,10.6958294989559,-0.0340739711330073,0.7486009226208683,,,248591035.0,-10.010672771585169,82.8,37,黃紅,0,False,False,False,False,A
2010-02-24,7529.67,2858200.0,9.511021139881032,-0.1816477671576877,0.7448353744339642,,,250538185.0,-9.305809386174635,83.6,37,黃紅,0,False,False,False,False,A
2010-02-25,7426.96,3420800.0,7.832205227486052,-0.396063699032439,0.7305712373155461,,,251699726.0,-8.8853344758939,84.39999999999999,38,紅,0,False,False,False,False,A
2010-02-26,7436.1,2737400.0,7.776760956266301,-0.3910390556911468,0.6779727054932537,,,252624840.0,-8.550445542873497,84.39999999999999,38,紅,0,False,False,False,False,A
2010-03-01,7577.75,3501600.0,9.633776729446131,-0.1225298219869494,0.6941342490520104,,,252749047.0,-8.505482922370872,84.39999999999999,38,紅,0,False,False,False,False,A
2010-03-02,7597.62,3158200.0,9.72573318161792,-0.0978461636104726,0.7050061725480143,,,252940737.0,-8.436091626194745,84.39999999999999,38,紅,0,False,False,False,False,A
2010-03-03,7629.52,3005000.0,9.99121762183196,-0.0466681471558836,0.7172748722605815,,,253348027.0,-8.288653674191123,84.39999999999999,38,紅,0,False,False,False,False,A
2010-03-04,7569.8,3480400.0,8.932766612406647,-0.1826477706883075,0.719672665977924,,,254177488.0,-7.988390885743388,84.8,38,紅,0,False,False,False,False,A
2010-03-05,7666.26,3218800.0,10.116077541979482,0.005867384876377,0.7438046580971255,,,253983398.0,-8.058650975861937,84.39999999999999,38,紅,0,False,False,False,False,A
2010-03-08,7762.27,3455000.0,11.289194391235762,0.1954710549020321,0.7448311120003713,,,252080636.0,-8.74744601730739,82.0,38,紅,0,False,False,False,False,A
2010-03-09,7770.59,2978600.0,11.20864225616703,0.2029496834455225,0.7384504154921844,,,251670339.0,-8.895972495721372,81.2,38,紅,0,False,False,False,False,A
2010-03-10,7779.08,2974000.0,11.131311401418136,0.2114347639865574,0.7389321662216595,,,251517094.0,-8.951446798932338,80.80000000000001,38,紅,0,False,False,False,False,A
2010-03-11,7749.66,3106000.0,10.513896649839998,0.1407206127563957,0.725005414821403,,,251942737.0,-8.797365107251526,81.6,38,紅,0,False,False,False,False,A
2010-03-12,7748.33,2575400.0,10.301312014954686,0.1309789435007479,0.6998024283686891,,,252362193.0,-8.645523093954779,82.0,38,紅,0,False,False,False,False,A
2010-03-15,7634.92,2705800.0,8.509228517366555,-0.1188051820523415,0.6697591433440004,,,252581446.0,-8.566154061347422,82.0,38,紅,0,False,False,False,False,A
2010-03-16,7695.63,2343400.0,9.189497335943289,0.0051821877070097,0.6485701147394483,,,253793426.0,-8.127420360374279,84.0,38,紅,0,False,False,False,False,A
2010-03-17,7847.84,3959000.0,11.16298760008252,0.3235885722796146,0.6971096921766408,,,252972189.0,-8.424706081579316,82.8,38,紅,0,False,False,False,False,A
2010-03-18,7886.34,4674600.0,11.524135811614276,0.3956247972023967,0.7721085662408096,,,254014777.0,-8.047291857062255,84.39999999999999,38,紅,0,False,False,False,False,A
2010-03-19,7897.91,4037000.0,11.507576973958896,0.4107803044027678,0.8435248502274258,,,255460974.0,-7.52377219325076,87.6,38,紅,0,False,False,False,False,A
2010-03-22,7835.98,3768800.0,10.459264461777966,0.270491977548698,0.89480040302891,,,257848293.0,-6.659568740822912,89.60000000000001,38,紅,0,False,False,False,False,A
2010-03-23,7811.87,4063400.0,9.947306665295114,0.2126294574060687,0.9782266933534997,,,258659722.0,-6.365833490862569,90.0,38,紅,0,False,False,False,False,A
2010-03-24,7822.71,4041400.0,9.922817747287793,0.2305301670213166,0.9799458579421576,,,259579485.0,-6.032881606336288,90.4,38,紅,0,False,False,False,False,A
2010-03-25,7838.1,3696800.0,9.971322516378892,0.2570760088285717,0.9335938367970136,,,260796519.0,-5.592318370119396,90.8,38,紅,0,False,False,False,False,A
2010-03-26,7876.86,3781000.0,10.351970454140634,0.3318927395086519,0.9216371409566236,,,260747409.0,-5.6100960661661885,90.4,38,紅,0,False,False,False,False,A
2010-03-29,7947.45,3972800.0,11.178856380578958,0.4711970256207636,0.9320387424049492,,,260765398.0,-5.603584093570266,90.4,38,紅,0,False,False,False,False,A
2010-03-30,7962.22,3880200.0,11.22517297690646,0.4904548387333126,0.9267022093382032,,,260660489.0,-5.641560886780873,89.60000000000001,38,紅,0,False,False,False,False,A
2010-03-31,7920.06,3841600.0,10.480091674569616,0.3902657113264027,0.9192985372340424,,,260520882.0,-5.692098268414033,89.2,38,紅,0,False,False,False,False,A
2010-04-01,8013.09,4758600.0,11.603004996031444,0.5735036499186736,0.9723391764623908,,,260846469.0,-5.5742365961927565,90.8,38,紅,0,False,False,False,False,A
2010-04-02,8025.93,3764600.0,11.60680266221119,0.5896673567600225,0.9754549723703596,,,260777790.0,-5.599098220847565,90.0,38,紅,0,False,False,False,False,A
2010-04-06,8089.65,4339600.0,12.32943633949332,0.7127979190844432,0.9965361405683052,,,259257996.0,-6.149259812900881,86.8,38,紅,0,False,False,False,False,A
2010-04-07,8121.78,4172600.0,12.613445798454052,0.7694900461859431,1.0176100761773696,,,259553431.0,-6.042313088576221,87.2,38,紅,0,False,False,False,False,A
2010-04-08,8057.6,5082800.0,11.568768543101536,0.6227743587646792,1.0840395030264416,,,260558809.0,-5.678368790141448,88.4,38,紅,0,False,False,False,False,A
2010-04-09,8092.03,3819000.0,11.889632564105192,0.6827828068311546,1.0506169930425509,,,261104291.0,-5.480905682933216,90.8,38,紅,0,False,False,False,False,A
2010-04-12,8117.75,4184800.0,12.079494759347687,0.7256978200959036,1.0814621579873671,,,258807810.0,-6.312226008635377,85.2,38,紅,0,False,False,False,False,A
2010-04-13,8029.73,4054200.0,10.719802192353372,0.5338979215804457,1.0810597869503946,,,255136375.0,-7.641276211965739,79.60000000000001,38,紅,0,False,False,False,False,A
2010-04-14,8097.13,3749000.0,11.506776393632324,0.6638249907792105,1.0686777395041098,,,254931398.0,-7.715477368605596,78.8,38,紅,0,False,False,False,False,A
2010-04-15,8171.94,5190600.0,12.39371392251511,0.8096333003049427,1.077252998696888,,,,,,38,紅,0,False,False,False,False,A
2010-04-16,8111.57,4369400.0,11.427387642133349,0.6753946200874232,1.1096491792726102,,,261559567.0,-5.316096920045835,91.2,38,紅,0,False,False,False,False,A
2010-04-19,7854.22,5187400.0,7.775013066153631,0.1350699526196604,1.1599764753085042,,,258251048.0,-6.513772447372988,83.6,38,紅,0,False,False,False,False,A
2010-04-20,7900.42,3753600.0,8.295834718395415,0.2273208902465575,1.1498549546259482,,,259017748.0,-6.2362289825170425,84.8,38,紅,0,False,False,False,False,A
2010-04-21,7990.53,3901200.0,9.396956405600436,0.4087505229157372,1.1664724183267452,,,259420883.0,-6.090295130026235,85.2,38,紅,0,False,False,False,False,A
2010-04-22,7978.69,3692800.0,9.103587273888488,0.3791745370896615,1.0951716935876088,,,260444363.0,-5.71979795328075,86.8,38,紅,0,False,False,False,False,A
2010-04-23,8004.89,4027600.0,9.334864470436644,0.4286819526459675,1.084627333970407,,,262529323.0,-4.965047695701447,92.0,38,紅,0,False,False,False,False,A
2010-04-26,8158.14,4437400.0,11.289886692687922,0.7384354755733092,1.0477027333115347,,,261721772.0,-5.257379119449827,91.2,39,紅,0,False,False,False,False,A
2010-04-27,8146.44,3716000.0,10.992725870246192,0.7069677977093723,1.0497891131604535,,,262382064.0,-5.018355082021026,91.2,39,紅,0,False,False,False,False,A
2010-04-28,8081.55,4334800.0,9.97671384900462,0.5649570738197934,1.0755309948419545,,,263407990.0,-4.646972459449223,93.2,39,紅,0,False,False,False,False,A
2010-04-29,8054.05,4648600.0,9.462520290194188,0.5007391046552083,1.1215016660940802,,,265964051.0,-3.2967643766908012,95.2,39,紅,0,False,False,False,False,A
2010-04-30,8004.25,5150600.0,8.643493807430106,0.3917002677503871,1.183776807165456,,,263636741.0,-4.029482504512006,92.8,39,紅,0,False,False,False,False,A
2010-05-03,7952.17,3430400.0,7.799756191228437,0.2790340943937794,1.1330782890200497,,,263743742.0,-3.686796594063753,92.8,39,紅,0,False,False,False,False,A
2010-05-04,7930.77,3672800.0,7.396786514790967,0.2284268344067807,1.1320760751654049,,,263626600.0,-0.9224672096321788,92.0,39,紅,0,False,False,False,False,A
2010-05-05,7696.9,4732200.0,4.152675944747798,-0.2560000122152083,1.1492636024382794,,,262098859.0,-1.4966308525372929,88.8,39,紅,0,False,False,False,False,A
2010-05-06,7579.48,4090600.0,2.497226597179696,-0.4996657268688789,1.11533515724635,,,261550281.0,-1.702800316404271,87.2,39,紅,0,False,False,False,False,A
2010-05-07,7567.1,4756000.0,2.2744676002444857,-0.5295310032092095,1.0896666423722368,,,258506131.0,-2.8468687504841337,78.8,39,紅,0,False,False,False,False,A
2010-05-10,7664.73,3267400.0,3.5328886662675476,-0.3362157186822905,1.0805331311184485,,,259422522.0,-2.4595538289496126,80.80000000000001,39,紅,0,False,False,False,False,A
2010-05-11,7608.44,3875600.0,2.715678421771011,-0.4551752777032871,1.086151633934398,,,259862640.0,-2.2940735701156845,82.0,39,紅,0,False,False,False,False,A
2010-05-12,7602.7,2929200.0,2.5852719107592397,-0.4716191671051313,0.9990002323403716,,,260386211.0,-2.097215762441518,82.39999999999999,39,紅,0,False,False,False,False,A
2010-05-13,7770.57,3779600.0,4.774721667154684,-0.1302796857812819,0.9793630492792068,,,260908833.0,-1.9007147699070055,86.0,39,紅,0,False,False,False,False,A
2010-05-14,7772.13,2810200.0,4.72306489134057,-0.1313280168051288,0.880504141730411,,,260948525.0,-1.885790948491757,86.0,39,紅,0,False,False,False,False,A
2010-05-17,7598.72,3083600.0,2.3184268173468485,-0.4906877712633829,0.874259322958623,,,260535469.0,-2.041096147990316,82.39999999999999,39,紅,0,False,False,False,False,A
2010-05-18,7585.3,2829800.0,2.0774541646890823,-0.5173174648458253,0.8200704453003845,,,259572461.0,-2.4031781648565733,79.60000000000001,39,紅,0,False,False,False,False,A
2010-05-19,7559.16,3417800.0,1.6719726414112086,-0.570481822625926,0.8444451516405181,,,260752423.0,-1.9595234695834889,83.6,39,紅,0,False,False,False,False,A
2010-05-20,7424.43,3058800.0,-0.1814575563952626,-0.8467424215415763,0.8054999377335543,,,259827516.0,-2.30727986618011,79.60000000000001,39,紅,0,True,False,False,True,A
2010-05-21,7237.71,3918400.0,-2.7197758797484592,-1.2229947921977649,0.862331555213229,,,254981337.0,-4.129397923781812,68.8,39,紅,0,True,False,False,True,A
2010-05-24,7322.73,2518600.0,-1.60898975334929,-1.039976759251815,0.8332596758187232,,,,,,39,紅,0,True,False,False,True,A
2010-05-25,7086.37,3914000.0,-4.802673850365979,-1.512158075195592,0.8890266420237266,,,248300557.0,-6.641308828613083,57.99999999999999,39,紅,0,True,False,False,True,A
2010-05-26,7167.35,3536200.0,-3.7371918091939023,-1.3318528069258957,0.8937944420465603,,,247803882.0,-6.828053991402018,57.2,39,紅,0,True,False,False,True,A
2010-05-27,7243.16,3097400.0,-2.748268130327283,-1.1663830411228986,0.8954666755708723,,,248114996.0,-6.711078032120965,57.599999999999994,39,紅,0,True,False,False,True,A
2010-05-28,7295.32,3575800.0,-2.069226349626623,-1.0561634002283935,0.8770364228522041,,,248060799.0,-6.731455598110136,57.2,39,紅,0,True,False,False,True,A
2010-05-31,7373.98,2443000.0,-1.0356238041369563,-0.893708489573166,0.876037005667892,,,248500127.0,-6.566272371900367,57.99999999999999,39,紅,0,True,False,False,True,A
2010-06-01,7289.33,2518000.0,-2.189556393617481,-1.0663135576432818,0.805542182322789,,,249496458.0,-6.191661218154629,58.8,39,紅,0,True,False,False,True,A
2010-06-02,7195.71,2794200.0,-3.4614557521603424,-1.2541464540817902,0.766767933535867,,,250242635.0,-5.911105632843591,59.2,39,紅,0,True,False,False,True,A
2010-06-03,7360.28,2820800.0,-1.2839836405886629,-0.9105204249497356,0.7525791835953287,,,249917136.0,-6.033490217818949,58.4,39,紅,0,True,False,False,True,A
2010-06-04,7344.59,2484600.0,-1.524926519818262,-0.9408429792389664,0.6964681373355007,,,249947410.0,-6.02210747647245,58.4,39,紅,0,True,False,False,True,A
2010-06-07,7157.83,2801400.0,-4.056236230040605,-1.3182082971456024,0.7148621976458931,,,249504437.0,-6.1886611886506415,57.599999999999994,39,紅,0,True,False,False,True,A
2010-06-08,7151.99,2772200.0,-4.1724129355846875,-1.3120972136027342,0.7281893878942216,,,251533832.0,-5.425627616117187,60.8,39,紅,0,True,False,False,True,A
2010-06-09,7071.67,3194200.0,-5.279535385155769,-1.456580314828302,0.7466727033009012,,,250427656.0,-5.841539464293992,58.8,39,紅,0,True,False,False,True,A
2010-06-10,7181.77,2467200.0,-3.836471883626137,-1.2174528280481878,0.7327450076285322,,,250547834.0,-5.796353658337082,59.2,39,紅,0,True,False,False,True,A
2010-06-11,7299.49,3280800.0,-2.304749681766941,-0.9652768163948688,0.7801082901531199,,,249663804.0,-6.128740684582218,56.39999999999999,39,紅,0,True,False,False,True,A
2010-06-14,7387.4,2681000.0,-1.1896353794018952,-0.776426443941169,0.7783646415810177,,,249275822.0,-6.274618294184426,55.2,39,紅,0,True,False,False,True,A
2010-06-15,7454.06,2928800.0,-0.3637642368461704,-0.6333652399296918,0.7898214778396421,,,248458244.0,-6.5820199888593205,53.6,39,紅,0,True,False,False,True,A
2010-06-17,7515.78,3259000.0,0.3903841640523676,-0.5044733260923178,0.7962354838153223,,,247813747.0,-6.8243448435066885,51.6,39,紅,0,False,False,False,False,A
2010-06-18,7493.11,2359000.0,0.0155099848530629,-0.5434509428568127,0.796423889166913,,,248069995.0,-6.727997987968683,52.400000000000006,39,紅,0,False,False,False,False,A
2010-06-21,7635.56,3884600.0,1.8405221991494252,-0.2538950919293499,0.8288563671764309,,,,,,39,紅,0,False,False,False,False,A
2010-06-22,7612.68,2901200.0,1.466527929581899,-0.296481774161623,0.8443286394369894,,,248141092.0,-6.701266179766528,52.8,39,紅,0,False,False,False,False,A
2010-06-23,7582.15,2991200.0,0.985054422382359,-0.3542640544995895,0.8516009119883319,,,,,,39,紅,0,False,False,False,False,A
2010-06-24,7589.89,3013000.0,1.0230296607328124,-0.3361263566240815,0.8413563670999614,,,285169680.0,0.0,100.0,39,紅,0,False,False,False,False,A
2010-06-25,7474.71,3368200.0,-0.5638862321159536,-0.5614082314081178,0.8993766002449071,,,251402828.0,-11.840968506890354,59.599999999999994,37,黃紅,0,True,False,False,True,A
2010-06-28,7500.79,3169800.0,-0.2719868200575459,-0.5043229175396547,0.8659720976134936,,,252529265.0,-11.445962628285027,62.4,37,黃紅,0,True,False,False,True,A
2010-06-29,7423.57,3366600.0,-1.3528423497557838,-0.6500535910232107,0.8937310514912559,,,252245212.0,-11.545571043878155,61.6,37,黃紅,0,True,False,False,True,A
2010-06-30,7329.37,3332000.0,-2.6510325325817856,-0.8259769003052261,0.9172032045516976,,,253046984.0,-11.264414926579851,64.4,37,黃紅,0,True,False,False,True,A
2010-07-01,7254.06,3086400.0,-3.685847086085739,-0.96174345939641,0.92607774332731,,,254470799.0,-10.765127975737112,67.2,37,黃紅,0,True,False,False,True,A
2010-07-02,7330.74,3677600.0,-2.7020163729419937,-0.799356037581002,0.9499424576714062,,,172872121.0,-39.37920714432194,0.6,37,黃紅,0,True,False,False,True,A
2010-07-05,7439.96,3403400.0,-1.2929729521815645,-0.5738491543920156,0.9651934802990692,,,256551148.0,-10.035615287010875,72.0,37,黃紅,0,True,False,False,True,A
2010-07-06,7548.48,4087000.0,0.0990445440323774,-0.3514454279460579,1.0068895496410182,,,256312795.0,-10.119198155989094,71.6,37,黃紅,0,False,False,False,False,A
2010-07-07,7534.46,3765400.0,-0.1302707425803405,-0.3709475175923578,1.03312693498452,,,256696809.0,-9.984536574856063,72.39999999999999,37,黃紅,0,True,False,False,True,A
2010-07-08,7608.85,4278000.0,0.8054948395127727,-0.2142620963218724,1.0986679883526425,,,256401817.0,-10.087980952252709,71.2,37,黃紅,0,False,False,False,False,A
2010-07-09,7647.25,3585200.0,1.2659871214956804,-0.1292192551611736,1.1018135924344323,,,255399381.0,-10.439503596595545,68.8,37,黃紅,0,False,False,False,False,A
2010-07-12,7639.55,3604800.0,1.1174416064130566,-0.135971408896117,1.1175236066190115,,,255074587.0,-10.55339859412824,66.8,37,黃紅,0,False,False,False,False,A
2010-07-13,7597.42,3037600.0,0.5030526078215384,-0.2089789232285841,1.0678904230219977,,,255705901.0,-10.332016713698316,70.0,37,黃紅,0,False,False,False,False,A
2010-07-14,7714.51,4078000.0,1.9939641439794735,0.0347924275782161,1.0844475912965332,,,254950954.0,-10.596752782413612,65.2,37,黃紅,0,False,False,False,False,A
2010-07-15,7704.52,3892600.0,1.8098793518598904,0.0240413639469923,1.0620019549771675,,,255830078.0,-10.288471761794591,70.39999999999999,37,黃紅,0,False,False,False,False,A
2010-07-16,7664.57,4754200.0,1.2346507243740892,-0.046228765031173,1.1244179700653731,,,256304720.0,-10.12202980344895,70.39999999999999,37,黃紅,0,False,False,False,False,A
2010-07-19,7649.83,3152200.0,0.9973372021410072,-0.0657264459876559,1.1028117484148383,,,257688723.0,-9.636703663587236,72.8,37,黃紅,0,False,False,False,False,A
2010-07-20,7712.03,3555000.0,1.7769795589069464,0.0693706643734983,1.1378570320193078,,,258299950.0,-9.422365659631136,74.4,37,黃紅,0,False,False,False,False,A
2010-07-21,7701.29,3832000.0,1.595128835133027,0.057354136877053,1.1228167371052522,,,258244818.0,-9.441698710746527,73.2,37,黃紅,0,False,False,False,False,A
2010-07-22,7666.34,3409400.0,1.0977393016090653,-0.0033775067784074,1.0995006936987073,,,259530464.0,-8.990863264285318,77.60000000000001,37,黃紅,0,False,False,False,False,A
2010-07-23,7761.22,4402800.0,2.3068314592437624,0.2045504368532474,1.080143262568583,,,258891426.0,-9.214953707561056,75.2,37,黃紅,0,False,False,False,False,A
2010-07-26,7787.45,3916600.0,2.6085412965433625,0.2688293182760313,1.1319865339803814,,,257993131.0,-9.529957392384771,72.0,37,黃紅,0,False,False,False,False,A
2010-07-27,7748.01,3609200.0,2.0501716034378883,0.1951924241273646,1.134195369145981,,,256848861.0,-9.931216740854076,70.0,37,黃紅,0,False,False,False,False,A
2010-07-28,7784.81,4175400.0,2.500190903858659,0.2815127291736719,1.151658823714569,,,259308573.0,-9.068673429798006,76.0,37,黃紅,0,False,False,False,False,A
2010-07-29,7798.99,4541000.0,2.648221154719129,0.3165117684138804,1.2195914412977469,,,260543820.0,-8.635511320838878,81.6,37,黃紅,0,False,False,False,False,A
2010-07-30,7760.63,4154600.0,2.1039070366978883,0.2373558783898807,1.204549660035355,,,261222065.0,-8.397672220973842,86.0,37,黃紅,0,False,False,False,False,A
2010-08-02,7911.68,5231200.0,4.0455547326845425,0.5638837063166919,1.2791929015558288,,,262070177.0,-8.100266129274331,88.0,37,黃紅,0,False,False,False,False,A
2010-08-03,7957.53,5229600.0,4.598957004518625,0.6618675136051241,1.3615464293529798,,,261958832.0,-8.1393113040629,87.6,37,黃紅,0,False,False,False,False,A
2010-08-04,7972.66,4822400.0,4.741839125050381,0.6940073921477625,1.3928894026482488,,,264525957.0,-7.239101646430293,92.8,37,黃紅,0,False,False,False,False,A
2010-08-05,7936.85,6156600.0,4.211764239747786,0.6117864316389833,1.4638671707437043,,,264669203.0,-7.188869798500318,93.6,37,黃紅,0,False,False,False,False,A
2010-08-06,7963.3,4304800.0,4.498977759513253,0.6653031090547155,1.4687811408880336,,,266367354.0,-6.593381877063509,95.2,37,黃紅,0,False,False,False,False,A
2010-08-09,8034.49,4990400.0,5.369479006851063,0.8163796607497807,1.4401156438192952,,,266603329.0,-6.510632897578733,95.2,37,黃紅,0,False,False,False,False,A
2010-08-10,7976.74,5258800.0,4.5535467320723155,0.6821237799391792,1.427156762920269,,,267012481.0,-6.367156213802253,95.2,37,黃紅,0,False,False,False,False,A
2010-08-11,7895.03,4870400.0,3.4285321122166597,0.493902291670326,1.4163772133489347,,,267018909.0,-6.364902117223682,95.2,37,黃紅,0,False,False,False,False,A
2010-08-12,7829.79,4390000.0,2.531153243777488,0.3374050399744755,1.312675181646889,,,269718894.0,-5.418102653830519,96.0,37,黃紅,0,False,False,False,False,A
2010-08-13,7891.58,4814200.0,3.2958144852942644,0.467858239115901,1.3300294361563487,,,272204806.0,-4.54637183027312,96.4,37,黃紅,0,False,False,False,False,A
2010-08-16,7941.22,4424600.0,3.8906639049357135,0.5725009798557068,1.296101820205288,,,274297479.0,-3.8125375039871,97.6,37,黃紅,0,False,False,False,False,A
2010-08-17,7931.09,5046000.0,3.6962059841469186,0.5413876882457063,1.2699014254920185,,,,,,37,黃紅,0,False,False,False,False,A
2010-08-18,7924.1,5324400.0,3.543323861616938,0.5195851960194726,1.286234156014685,,,277560390.0,-2.668337671802977,99.6,37,黃紅,0,False,False,False,False,A
2010-08-19,7928.94,4969400.0,3.541857216335978,0.5252290293624874,1.308908683596704,,,278923703.0,-2.190266861469985,99.6,37,黃紅,0,False,False,False,False,A
2010-08-20,7927.31,4005400.0,3.4518076561397786,0.514471206814233,1.2607565663851996,,,280073415.0,-1.787099175480367,99.6,37,黃紅,0,False,False,False,False,A
2010-08-23,7975.93,4635000.0,4.0245240019810655,0.617324109298115,1.26598927244059,,,280016589.0,-1.8070262588926005,99.2,37,黃紅,0,False,False,False,False,A
2010-08-24,7940.64,4714600.0,3.503178196068743,0.5274135733664764,1.2361399810083022,,,281766106.0,-1.1935259035953611,99.6,37,黃紅,0,False,False,False,False,A
2010-08-25,7736.98,5725600.0,0.795061830146216,0.0544375710358767,1.239788711822584,,,280492472.0,-1.6401491210426018,99.2,38,紅,0,False,False,False,False,A
2010-08-26,7689.74,4425200.0,0.1275086858016731,-0.0562661727118721,1.2033039179634542,,,,,,38,紅,0,False,False,False,False,A
2010-08-27,7722.91,3458600.0,0.5116143740754048,0.0185360392739929,1.1721230850915378,,,279859141.0,-1.8622382996677629,98.0,38,紅,0,False,False,False,False,A
2010-08-30,7741.2,3380800.0,0.7016725828183866,0.0576026122851354,1.103883675374004,,,278774661.0,-2.2425311835395685,97.2,38,紅,0,False,False,False,False,A
2010-08-31,7616.28,4190400.0,-0.9540974074814192,-0.2301277358203761,1.0709189856051935,,,275439745.0,-3.4119808950236226,95.2,38,紅,0,True,False,False,True,A
2010-09-01,7668.25,3612200.0,-0.3108442623475951,-0.1084463258041923,0.9606626371467102,,,,,,38,紅,0,True,False,False,True,A
2010-09-02,7720.82,4080600.0,0.3404282718212926,0.0142058284153584,0.9398030636403946,,,277280708.0,-2.7664133157494164,96.4,38,紅,0,False,False,False,False,A
2010-09-03,7830.21,4494800.0,1.7262647848534756,0.2680138197616041,0.9834750233937922,,,278861007.0,-2.212252368484616,97.2,38,紅,0,False,False,False,False,A
2010-09-06,7890.95,4269000.0,2.479882374219703,0.4085440747942278,1.0234891427466708,,,279925939.0,-1.8388143508103667,98.0,38,紅,0,False,False,False,False,A
2010-09-07,7884.4,4480400.0,2.3644851002002816,0.3927663309189482,1.0302070058209625,,,280760656.0,-1.546105462544265,99.2,38,紅,0,False,False,False,False,A
2010-09-08,7851.31,4209200.0,1.9030882708286752,0.3121907851178441,1.0540484977826508,,,281540414.0,-1.272668959757573,99.2,38,紅,0,False,False,False,False,A
2010-09-09,7835.54,4295800.0,1.6718327104006532,0.2737028533051588,1.0600988487146743,,,281814532.0,-1.17654443487821,99.6,38,紅,0,False,False,False,False,A
2010-09-10,7890.11,4179400.0,2.350542790180622,0.404413315283579,1.0370574659254206,,,281720318.0,-1.20958230903089,98.8,38,紅,0,False,False,False,False,A
2010-09-13,8091.3,5166600.0,4.914959794722316,0.8834406385344755,1.0749307652565137,,,282849783.0,-0.8135146064616686,99.6,38,紅,0,False,False,False,False,A
2010-09-14,8132.6,4819400.0,5.407482390952046,0.982221507394228,1.0829162271361186,,,283540501.0,-0.5713016194428524,99.6,38,紅,0,False,False,False,False,A
2010-09-15,8163.82,4851200.0,5.77244905056562,1.056948687337533,1.1053987948236688,,,286039461.0,0.0,100.0,38,紅,0,False,False,False,False,A
2010-09-16,8099.75,4603800.0,4.90850059252078,0.9021769474220934,1.1130069290811722,,,286115933.0,0.0,100.0,38,紅,0,False,False,False,False,A
2010-09-17,8158.33,5165000.0,5.632657572353625,1.04521551244113,1.1513257683576474,,,287982972.0,0.0,100.0,38,紅,0,False,False,False,False,A
2010-09-20,8186.96,4425800.0,5.965787806867397,1.115129967493801,1.1112213088228788,,,288555331.0,0.0,100.0,38,紅,0,False,False,False,False,A
2010-09-21,8196.4,4656400.0,6.048036318846659,1.1378943169541025,1.0981358133558603,,,289094776.0,0.0,100.0,38,紅,0,False,False,False,False,A
2010-09-23,8202.54,4565800.0,6.082141591479663,1.1520157301999807,1.0797695377613623,,,290755079.0,0.0,100.0,38,紅,0,False,False,False,False,A
2010-09-24,8166.62,4142800.0,5.571587446802932,1.061604775566439,1.0542329733109936,,,290737882.0,-0.0059146000335216,99.6,38,紅,0,False,False,False,False,A
2010-09-27,8191.54,4624400.0,5.8474122733462295,1.121363762188751,1.0256896784462186,,,290847512.0,0.0,100.0,38,紅,0,False,False,False,False,A
2010-09-28,8189.44,3635400.0,5.770810932453975,1.114640718248458,0.9886474035478864,,,291112259.0,0.0,100.0,38,紅,0,False,False,False,False,A
2010-09-29,8240.89,5151200.0,6.3907434639979765,1.2431000306758886,1.0071852033986286,,,292127538.0,0.0,100.0,38,紅,0,False,False,False,False,A
2010-09-30,8237.78,4496600.0,6.310592913443449,1.2375125371329754,1.0012562776040514,,,293262311.0,0.0,100.0,38,紅,0,False,False,False,False,A
2010-10-01,8244.18,3893000.0,6.354816452907366,1.2568990711808776,0.991357690654892,,,291194952.0,-0.704952161411563,99.2,38,紅,0,False,False,False,False,A
2010-10-04,8246.1,5026400.0,6.333811297545977,1.2609134020255597,1.0041540879436472,,,293986364.0,0.0,100.0,38,紅,0,False,False,False,False,A
2010-10-05,8200.43,4383800.0,5.703324434473818,1.1459647516969973,1.0349632480045696,,,294246041.0,0.0,100.0,38,紅,0,False,False,False,False,A
2010-10-06,8284.03,5662000.0,6.739761199434337,1.3602217920470094,1.0476652610552355,,,295572406.0,0.0,100.0,38,紅,0,False,False,False,False,A
2010-10-07,8283.92,5161200.0,6.70120872152263,1.3608276725275956,1.0730172755022318,,,296719528.0,0.0,100.0,38,紅,0,False,False,False,False,A
2010-10-08,8244.19,4236200.0,6.148946767658803,1.2594972346353817,1.086896911154608,,,296569485.0,-0.0505672818406478,99.6,38,紅,0,False,False,False,False,A
2010-10-11,8176.76,3743400.0,5.24796128058799,1.0903943860879577,1.033776162146979,,,294510346.0,-0.7445354253866298,98.8,38,紅,0,False,False,False,False,A
2010-10-12,8090.22,4025600.0,4.107770380318996,0.8713429943452188,1.0145136429725303,,,294740591.0,-0.6669385777669476,98.8,38,紅,0,False,False,False,False,A
2010-10-13,8106.66,3692600.0,4.291944680831128,0.9130715002429,0.9265196769018588,,,295246458.0,-0.4964519895030299,98.8,38,紅,0,False,False,False,False,A
2010-10-14,8215.45,4537400.0,5.6632665922755825,1.1973183842516812,0.8964708592626285,,,295285257.0,-0.4833760048310672,98.8,38,紅,0,False,False,False,False,A
2010-10-15,8205.3,4791800.0,5.505859533618658,1.1729872113798323,0.9164083230240752,,,294395134.0,-0.7833640123611951,97.2,38,紅,0,False,False,False,False,A
2010-10-18,8060.54,4396000.0,3.626086917260706,0.7940142530094543,0.9451969656230302,,,294094726.0,-0.8846070960317785,96.4,38,紅,0,False,False,False,False,A
2010-10-19,8046.23,3176000.0,3.4264328862489526,0.7604098224956278,0.9102238749347143,,,293847635.0,-0.9678813589916468,95.6,38,紅,0,False,False,False,False,A
2010-10-20,8124.62,3668000.0,4.41413706823314,0.977397492932896,0.9089397279261272,,,295097577.0,-0.5466276557301615,98.0,38,紅,0,False,False,False,False,A
2010-10-21,8131.23,4223400.0,4.476006347233163,1.0009105293350604,0.8949060884382043,,,295979849.0,-0.2492855812307708,99.2,38,紅,0,False,False,False,False,A
2010-10-22,8168.06,3782000.0,4.919021273439262,1.1025643423846585,0.8526743452775656,,,296281549.0,-0.1476070695286358,99.2,38,紅,0,False,False,False,False,A
2010-10-25,8306.98,3311400.0,6.667407797418351,1.4786992169251905,0.807133513379782,,,297522569.0,0.0,100.0,37,黃紅,0,False,False,False,False,A
2010-10-26,8343.23,3161600.0,7.095762419015207,1.5738906229037566,0.8127230953202048,,,298272179.0,0.0,100.0,37,黃紅,0,False,False,False,False,A
2010-10-27,8291.04,2910600.0,6.391221828007297,1.4275347707832986,0.7856008565755501,,,298634452.0,0.0,100.0,37,黃紅,0,False,False,False,False,A
2010-10-28,8354.05,3361800.0,7.154664644745225,1.5909238251064954,0.7508040727572275,,,299189288.0,0.0,100.0,37,黃紅,0,False,False,False,False,A
2010-10-29,8287.09,2584200.0,6.24501928194747,1.3933345751961854,0.7059376136874728,,,298166769.0,-0.3417632385287805,98.8,37,黃紅,0,False,False,False,False,A
2010-11-01,8379.75,3116000.0,7.375722053439116,1.6262610400022612,0.700133387819302,,,297279630.0,-0.6382775308452888,98.0,37,黃紅,0,False,False,False,False,A
2010-11-02,8344.76,3004600.0,6.872068300871814,1.51139018972649,0.6982155191637252,,,294797431.0,-1.4679191990322862,94.4,37,黃紅,0,False,False,False,False,A
2010-11-03,8293.9,3449400.0,6.167890678329399,1.3575231882464185,0.7284541241977662,,,290855687.0,-2.785394174941183,89.60000000000001,37,黃紅,0,False,False,False,False,A
2010-11-04,8357.85,2705000.0,6.93772024249458,1.51434561665328,0.7035789284285339,,,290822876.0,-2.796360810885716,88.8,37,黃紅,0,False,False,False,False,A
2010-11-05,8449.34,4335000.0,8.051261066943907,1.741243372902582,0.7866495328725732,,,291993825.0,-2.4049868389673095,90.4,37,黃紅,0,False,False,False,False,A
2010-11-08,8430.58,3672600.0,7.758024572742883,1.6733117479693578,0.8166897137927535,,,292744469.0,-2.154094166633399,90.8,37,黃紅,0,False,False,False,False,A
2010-11-09,8445.63,2671000.0,7.900248337820047,1.697652877359094,0.8064253411007205,,,293003938.0,-2.0673701392678203,90.8,37,黃紅,0,False,False,False,False,A
2010-11-10,8450.63,3159000.0,7.9168570395200755,1.6917499685619424,0.7985286983469578,,,293351900.0,-1.9510685155278689,91.2,37,黃紅,0,False,False,False,False,A
2010-11-11,8436.95,2604800.0,7.699859777193943,1.6370089609851644,0.8024708329300144,,,294373690.0,-1.6095489354552024,92.8,37,黃紅,0,False,False,False,False,A
2010-11-12,8316.05,2601400.0,6.121582873674117,1.2952194153653658,0.7248433936214163,,,293866809.0,-1.778967099918363,91.2,37,黃紅,0,False,False,False,False,A
2010-11-15,8240.65,2337600.0,5.128542470785547,1.075130524394823,0.6636001865690156,,,292599625.0,-2.202506327699807,88.8,37,黃紅,0,False,False,False,False,A
2010-11-16,8312.21,2166200.0,6.013350273886312,1.250613766445943,0.6451381113914744,,,292615306.0,-2.197265164119111,88.8,37,黃紅,0,False,False,False,False,A
2010-11-17,8255.54,2068400.0,5.262535668723708,1.0786649143368303,0.5970654656146478,,,294279593.0,-1.6409995935415975,92.4,37,黃紅,0,False,False,False,False,A
2010-11-18,8283.45,1930800.0,5.590573740588196,1.1323703087228465,0.5720698404248468,,,294177042.0,-1.6752758875511615,91.6,37,黃紅,0,False,False,False,False,A
2010-11-19,8306.12,2313000.0,5.850076128375088,1.1729135784382545,0.5623112155508997,,,293705121.0,-1.8330091416909284,89.60000000000001,37,黃紅,0,False,False,False,False,A
2010-11-22,8374.91,2074600.0,6.689079452933597,1.3389721977947937,0.5519476557174413,,,293476258.0,-1.9095035247384924,89.2,37,黃紅,0,False,False,False,False,A
2010-11-23,8328.63,2436200.0,6.0648424058320085,1.1905620029234714,0.5684094985255385,,,292876048.0,-2.110115653605887,87.6,37,黃紅,0,False,False,False,False,A
2010-11-24,8297.05,2207400.0,5.631329200262461,1.0853497289236247,0.5807497510012927,,,293320130.0,-1.9616872112079091,88.4,37,黃紅,0,False,False,False,False,A
2010-11-25,8349.99,2383800.0,6.273188869400719,1.2112116687253185,0.608046562748026,,,,,,34,黃紅,0,False,False,False,False,A
2010-11-26,8312.15,2532000.0,5.760735200347473,1.0840723585074317,0.6240015876265251,,,292774280.0,-2.1441302403848095,86.8,34,黃紅,0,False,False,False,False,A
2010-11-29,8367.17,2661400.0,6.41333243473315,1.2141167430430488,0.6608910087932769,,,,,,34,黃紅,0,False,False,False,False,A
2010-11-30,8372.48,3732200.0,6.438074047107753,1.206266849599292,0.7327502710516804,,,294760406.0,-1.4802943078630542,94.0,34,黃紅,0,False,False,False,False,A
2010-12-01,8520.11,4202800.0,8.266925435848679,1.5853639960805996,0.8419774708434503,,,298529506.0,-0.2205232695363077,99.2,34,黃紅,0,False,False,False,False,A
2010-12-02,8585.77,4731800.0,9.05094341169812,1.7340150434833348,0.9671370230816092,,,299791346.0,0.0,100.0,34,黃紅,0,False,False,False,False,A
2010-12-03,8624.01,3710800.0,9.484393495147698,1.8030205688838123,1.0336983078454438,,,301452615.0,0.0,100.0,34,黃紅,0,False,False,False,False,A
2010-12-06,8702.23,3623200.0,10.418470425208332,1.9803197604729144,1.0886576390318956,,,303514276.0,0.0,100.0,34,黃紅,0,False,False,False,False,A
2010-12-07,8704.39,3208800.0,10.393840332174378,1.9523716932518589,1.0696676521468518,,,305703452.0,0.0,100.0,34,黃紅,0,False,False,False,False,A
2010-12-08,8703.79,3183800.0,10.333891951012804,1.9187356492431031,1.02135100041315,,,306399045.0,0.0,100.0,34,黃紅,0,False,False,False,False,A
2010-12-09,8753.84,4398800.0,10.914562960075468,2.023991018439174,1.0050217634392704,,,308722198.0,0.0,100.0,34,黃紅,0,False,False,False,False,A
2010-12-10,8718.83,3880200.0,10.412723894814206,1.8963282160623491,1.0178178014820969,,,308797967.0,0.0,100.0,34,黃紅,0,False,False,False,False,A
2010-12-13,8736.59,3237800.0,10.584890618955251,1.91453566696168,1.0053591009284868,,,172360170.0,-44.18351530144627,0.4,34,黃紅,0,False,False,False,False,A
2010-12-14,8740.43,3574600.0,10.581913981392075,1.898077100006561,1.0299949275770726,,,309912508.0,0.0,100.0,34,黃紅,0,False,False,False,False,A
2010-12-15,8756.71,3622600.0,10.73469818101061,1.9140558255162516,1.0598719477143432,,,310332485.0,0.0,100.0,34,黃紅,0,False,False,False,False,A
2010-12-16,8782.2,3719600.0,10.999172431667072,1.952036782048092,1.0255008624121005,,,312678876.0,0.0,100.0,34,黃紅,0,False,False,False,False,A
2010-12-17,8817.9,4232000.0,11.389809154426052,2.0157554166293834,1.0450633084065757,,,313285808.0,0.0,100.0,34,黃紅,0,False,False,False,False,A
2010-12-20,8768.72,3183800.0,10.711770049282986,1.8499349591373797,1.0491528705493869,,,,,,34,黃紅,0,False,False,False,False,A
2010-12-21,8827.79,2753200.0,11.399034240779072,1.9753281228996116,1.0063792370202642,,,315114398.0,0.0,100.0,34,黃紅,0,False,False,False,False,A
2010-12-22,8860.49,3464800.0,11.75501648219659,2.027159727039556,1.005430773093339,,,316197855.0,0.0,100.0,34,黃紅,0,False,False,False,False,A
2010-12-23,8898.87,4002600.0,12.182644919100564,2.0910137411560896,1.0242704068298631,,,317101224.0,0.0,100.0,34,黃紅,0,False,False,False,False,A
2010-12-24,8861.1,3616800.0,11.65596602709063,1.952733137529208,0.989864586533867,,,317103568.0,0.0,100.0,34,黃紅,0,False,False,False,False,A
2010-12-27,8892.31,3458600.0,11.997315583931018,1.9997908071294908,1.0135463770522224,,,317500974.0,0.0,100.0,32,黃紅,0,False,False,False,False,A
2010-12-28,8870.76,3177200.0,11.680138904794571,1.9114404309873323,1.0445475150242127,,,316602380.0,-0.28302086405568,98.8,32,黃紅,0,False,False,False,False,A
2010-12-29,8866.35,4915200.0,11.578963031540704,1.8713761919133785,1.1342056141118977,,,317928780.0,0.0,100.0,32,黃紅,0,False,False,False,False,A
2010-12-30,8907.91,3983000.0,12.057097144803617,1.953620492353275,1.1396662672876876,,,319167633.0,0.0,100.0,32,黃紅,0,False,False,False,False,A
2010-12-31,8972.5,4857800.0,12.825076489303209,2.098172335770089,1.2097889928214052,,,322274797.0,0.0,100.0,32,黃紅,0,False,False,False,False,A
2011-01-03,9025.3,5067400.0,13.44236906430554,2.209662356751157,1.2967464340445598,,,323895897.0,0.0,100.0,32,黃紅,0,False,False,False,False,A
2011-01-04,8997.19,5270400.0,13.044382898380698,2.1061361766582403,1.41149246619748,,,324753207.0,0.0,100.0,32,黃紅,0,False,False,False,False,A
2011-01-05,8846.31,5796600.0,11.119697903286225,1.6832201714448611,1.448251867200668,,,324651796.0,-0.0312270973200889,99.6,32,黃紅,0,False,False,False,False,A
2011-01-06,8883.21,4362200.0,11.547009670790365,1.7615612817353985,1.471486552888875,,,326319766.0,0.0,100.0,32,黃紅,0,False,False,False,False,A
2011-01-07,8782.72,4500800.0,10.257359652895795,1.4735660658851542,1.4528121134512428,,,323733276.0,-0.7926243732351781,98.4,32,黃紅,0,False,False,False,False,A
2011-01-10,8817.88,2885200.0,10.671297651199776,1.5509960394648177,1.3357597780681272,,,323432914.0,-0.8846696709141425,98.0,32,黃紅,0,False,False,False,False,A
2011-01-11,8931.36,3573400.0,12.060568635969087,1.8371351190649232,1.2340130462813814,,,323295661.0,-0.926730561580508,97.6,32,黃紅,0,False,False,False,False,A
2011-01-12,8965.0,3922200.0,12.43928178447413,1.9022622373992,1.1230948654624118,,,323805471.0,-0.7705003686476044,98.4,32,黃紅,0,False,False,False,False,A
2011-01-13,8975.58,3951000.0,12.533270333150782,1.906671253230492,1.1005546816789469,,,323354873.0,-0.908585169799368,97.2,32,黃紅,0,False,False,False,False,A
2011-01-14,8972.51,2756200.0,12.460058768897774,1.8754109388501112,1.0036159461856369,,,323374517.0,-0.9025653076743136,97.2,32,黃紅,0,False,False,False,False,A
2011-01-17,8925.09,3579600.0,11.832776858211853,1.7254412448366077,1.043030441077418,,,323035638.0,-1.0064140582890708,96.0,32,黃紅,0,False,False,False,False,A
2011-01-18,8988.0,3723200.0,12.579350593305955,1.8735925443483097,1.0489375910932162,,,323336285.0,-0.9142814229647368,96.4,32,黃紅,0,False,False,False,False,A
2011-01-19,9086.02,3935000.0,13.757795997659478,2.111469004614273,1.0444707655863037,,,324352630.0,-0.6028246539009838,98.8,32,黃紅,0,False,False,False,False,A
2011-01-20,9022.17,3066400.0,12.907820318331286,1.905919176589844,0.9944082845984962,,,324746153.0,-0.4822303654140276,99.2,32,黃紅,0,False,False,False,False,A
2011-01-21,8954.38,3170400.0,12.001879770581644,1.69063988737578,1.0156590407348174,,,324463408.0,-0.5688769708176367,98.4,32,黃紅,0,False,False,False,False,A
2011-01-24,8947.79,2580000.0,11.85929976065099,1.642851471406524,0.9600526790665782,,,323867779.0,-0.7514062142346597,97.2,32,黃紅,0,False,False,False,False,A
2011-01-25,8991.39,2925600.0,12.326137961336258,1.7340125948152998,0.9139245032237504,,,323083204.0,-0.9918375585008234,94.0,34,黃紅,0,False,False,False,False,A
2011-01-26,9055.59,3204800.0,13.043683030475654,1.8794315148559533,0.8723936370454459,,,321748933.0,-1.4007220757813366,92.8,34,黃紅,0,False,False,False,False,A
2011-01-27,9102.33,3296800.0,13.54733628055705,1.9739375998834696,0.8832984794931384,,,320121390.0,-1.899479175282321,92.4,34,黃紅,0,False,False,False,False,A
2011-01-28,9145.35,3372600.0,13.998386876735722,2.0553578198725506,0.8992632727839712,,,316099936.0,-3.1318452220267896,89.2,34,黃紅,0,False,False,False,False,A
2011-02-08,9111.46,3854200.0,13.486153604650914,1.9336249897463944,0.9729053967215412,,,317642769.0,-2.659047322312679,91.2,34,黃紅,0,False,False,False,False,A
2011-02-09,9006.82,3537600.0,12.094746369310906,1.6306342747287998,1.0044202012602277,,,318536420.0,-2.3851898692523577,91.6,34,黃紅,0,False,False,False,False,A
2011-02-10,8836.56,3685600.0,9.905266221619833,1.154730541853244,1.0297611103696784,,,320478417.0,-1.79006900856873,92.4,34,黃紅,0,False,False,False,False,A
2011-02-11,8609.86,4563000.0,7.0288125104609716,0.530391729271651,1.092884343639978,,,318705696.0,-2.333315598173112,91.2,34,黃紅,0,False,False,False,False,A
2011-02-14,8685.47,3074000.0,7.889982748126578,0.719054710966031,1.0732908425636691,,,318002540.0,-2.548796262620512,90.4,34,黃紅,0,False,False,False,False,A
2011-02-15,8721.93,3209400.0,8.261870491766752,0.8038123002463271,1.032010942870714,,,318447236.0,-2.4125201168475954,90.4,34,黃紅,0,False,False,False,False,A
2011-02-16,8712.96,2959800.0,8.07798381450026,0.7649537214796829,0.9952518456351972,,,319194898.0,-2.183400683120127,91.6,34,黃紅,0,False,False,False,False,A
2011-02-17,8683.88,3118400.0,7.650925956541014,0.6706857823031895,0.9582086594669572,,,319250127.0,-2.1664758732390115,91.6,34,黃紅,0,False,False,False,False,A
2011-02-18,8843.84,3326600.0,9.564144658923382,1.0884158555204066,0.8823972761974757,,,,,,34,黃紅,0,False,False,False,False,A
2011-02-21,8839.22,2736800.0,9.439563432910363,1.0563861565015948,0.8617194158652699,,,,,,34,黃紅,0,False,False,False,False,A
2011-02-22,8673.67,3728400.0,7.329058347760988,0.5880183019605195,0.8840142155279018,,,317590588.0,-2.675038079060157,88.0,34,黃紅,0,False,False,False,False,A
2011-02-23,8528.94,3337800.0,5.480618044339722,0.1797492649186283,0.9012980289190488,,,314944686.0,-3.485869133652174,84.8,34,黃紅,0,False,False,False,False,A
2011-02-24,8541.64,2738400.0,5.57994151489962,0.2019016096300541,0.8780636265960832,,,,,,34,黃紅,0,False,False,False,False,A
2011-02-25,8599.65,3641600.0,6.243301210772233,0.3429877390519598,0.8903303184348936,,,314376509.0,-3.659985769908894,84.39999999999999,34,黃紅,0,False,False,False,False,A
2011-03-01,8727.56,2811800.0,7.763375534024811,0.6734335343307978,0.8933106101468612,,,314667814.0,-3.570715970665412,84.39999999999999,34,黃紅,0,False,False,False,False,A
2011-03-02,8619.9,2677400.0,6.382009263625747,0.3568545126889158,0.8355012485543416,,,315645553.0,-3.271089928398637,85.2,34,黃紅,0,False,False,False,False,A
2011-03-03,8738.37,3099000.0,7.781923531871931,0.6630402103081254,0.8247722236354771,,,316564531.0,-2.9894710699198037,86.0,34,黃紅,0,False,False,False,False,A
2011-03-04,8784.4,3112800.0,8.289933409506608,0.7651139446675452,0.8496548515986476,,,175541738.0,-46.20560680348122,1.2,34,黃紅,0,False,False,False,False,A
2011-03-07,8713.79,2288200.0,7.369109576249786,0.5466543776631815,0.7835411475977592,,,316724954.0,-2.9403097819088284,86.4,34,黃紅,0,False,False,False,False,A
2011-03-08,8747.75,2487400.0,7.735669213174852,0.6181216908662717,0.7697669353082117,,,317245112.0,-2.780908466329312,87.2,34,黃紅,0,False,False,False,False,A
2011-03-09,8750.02,2811200.0,7.712105614996339,0.6041958756488442,0.780278440641929,,,318043706.0,-2.536181029254599,89.2,34,黃紅,0,False,False,False,False,A
2011-03-10,8642.9,2763000.0,6.3466919235373895,0.2907995361490924,0.7628810481071907,,,318389346.0,-2.4302603845333723,89.2,34,黃紅,0,False,False,False,False,A
2011-03-11,8567.82,2422200.0,5.380365135581769,0.0675833598700616,0.7263593408624522,,,319094082.0,-2.2142955324379585,90.4,34,黃紅,0,False,False,False,False,A
2011-03-14,8520.02,3309000.0,4.746834086007232,-0.0796835707798933,0.7884859075084368,,,315896287.0,-3.194253026033366,82.8,34,黃紅,0,False,False,False,False,A
2011-03-15,8234.78,4871800.0,1.2132010004020335,-0.8755814460912776,0.9204456228592236,,,306716983.0,-6.00723126284664,78.0,34,黃紅,0,False,False,False,False,A
2011-03-16,8324.58,3250800.0,2.292951802324641,-0.6352642060577685,0.9453995822069072,,,303902316.0,-6.869779993651994,76.8,34,黃紅,0,False,False,False,False,A
2011-03-17,8282.69,3048000.0,1.7583808503663825,-0.751850418634143,0.9640213088760368,,,301418836.0,-7.630837170923933,75.6,34,黃紅,0,False,False,False,False,A
2011-03-18,8394.75,3085400.0,3.1099374556657,-0.4493866931823753,1.0044125916113107,,,301218311.0,-7.692287631758108,75.2,34,黃紅,0,False,False,False,False,A
2011-03-21,8467.71,2464000.0,3.973810315304704,-0.2561468262758727,0.9618482212711124,,,301216675.0,-7.692788980487318,74.8,34,黃紅,0,False,False,False,False,A
2011-03-22,8508.04,2781400.0,4.433308108086352,-0.1547787343981771,0.84748763926047,,,302223627.0,-7.384210676346219,76.0,34,黃紅,0,False,False,False,False,A
2011-03-23,8545.08,2474600.0,4.850773726678477,-0.0621189688112742,0.8052796327818538,,,303095379.0,-7.117064125376947,76.0,34,黃紅,0,False,False,False,False,A
2011-03-24,8576.4,2431800.0,5.196959928063545,0.014767537363814,0.7706605756336686,,,303288479.0,-7.057889040040559,76.0,34,黃紅,0,False,False,False,False,A
2011-03-25,8610.39,2449400.0,5.575880410236774,0.0983132779471177,0.7372651044505704,,,301669998.0,-7.553869108866669,74.8,34,黃紅,0,False,False,False,False,A
2011-03-28,8553.06,1942800.0,4.841790618833664,-0.0654030407976083,0.7139409580283882,,,301038613.0,-7.747355702626975,72.8,34,黃紅,0,False,False,False,False,A
2011-03-29,8596.57,2214000.0,5.342363361020271,0.0436002689019824,0.6851405877428595,,,301108969.0,-7.725795255687944,72.8,34,黃紅,0,False,False,False,False,A
2011-03-30,8646.31,2544000.0,5.914174101597152,0.1689001637561982,0.6924113935212725,,,,,,34,黃紅,0,False,False,False,False,A
2011-03-31,8683.3,2411400.0,6.332369410581001,0.2586541264294031,0.6938389308197489,,,300318708.0,-7.967969062591202,72.0,34,黃紅,0,False,False,False,False,A
2011-04-01,8705.13,1912600.0,6.564238495219947,0.3078476979001807,0.6717107661500374,,,298643611.0,-8.48129898450589,70.8,34,黃紅,0,False,False,False,False,A
2011-04-06,8851.98,2992600.0,8.321474682979687,0.6936631627402936,0.7393902405419721,,,295548114.0,-9.429907473027546,66.0,34,黃紅,0,False,False,False,False,A
2011-04-07,8901.72,2638400.0,8.888572142812333,0.8147311049105641,0.7741459970352997,,,172872121.0,-47.02370526951162,1.0,34,黃紅,0,False,False,False,False,A
2011-04-08,8894.54,3122600.0,8.75620761061086,0.7811273607944015,0.8181954686509393,,,295690605.0,-9.386241408373651,66.4,34,黃紅,0,False,False,False,False,A
2011-04-11,8880.27,2322000.0,8.539879544050741,0.7276454314309675,0.8252886368883344,,,142632833.0,-56.2904709241548,0.4,34,黃紅,0,False,False,False,False,A
2011-04-12,8732.59,2297200.0,6.702773201481928,0.3163940446527918,0.865769139882754,,,293148342.0,-10.165312511286858,56.8,34,黃紅,0,False,False,False,False,A
2011-04-13,8780.2,2134800.0,7.245178508293917,0.4350367937654397,0.8200892935152988,,,292761277.0,-10.283927759374526,55.2,34,黃紅,0,False,False,False,False,A
2011-04-14,8802.73,2277200.0,7.483315899410964,0.4842029007622688,0.8062097435750027,,,294580426.0,-9.72645340766762,62.8,34,黃紅,0,False,False,False,False,A
2011-04-15,8718.12,2372400.0,6.4218197401198935,0.2423916851659138,0.7585963745218692,,,,,,34,黃紅,0,False,False,False,False,A
2011-04-18,8714.48,2042400.0,6.346079348295958,0.2188843026641504,0.746330908704622,,,294004325.0,-9.902998336913493,59.599999999999994,34,黃紅,0,False,False,False,False,A
2011-04-19,8638.55,2233000.0,5.379131634626106,0.0008257620966384,0.7490983226260909,,,293542722.0,-10.044455596968035,57.599999999999994,34,黃紅,0,False,False,False,False,A
2011-04-20,8813.28,2643200.0,7.462744570754213,0.4628870051214905,0.7893598389646427,,,293174721.0,-9.721880215775796,55.60000000000001,34,黃紅,0,False,False,False,False,A
2011-04-21,8957.65,3689400.0,9.17159201966258,0.8389456722177226,0.8810465442500702,,,293899437.0,-9.498716371245203,58.8,34,黃紅,0,False,False,False,False,A
2011-04-22,8969.43,2776600.0,9.262388786355745,0.8511051672069793,0.9126268095972436,,,295905024.0,-8.881130302411927,66.4,34,黃紅,0,False,False,False,False,A
2011-04-25,8950.75,2696800.0,8.98460632175227,0.780606565793337,0.9628624565486512,,,296858928.0,-8.587391949797786,68.0,31,綠,0,False,False,False,False,A
2011-04-26,8948.14,2392200.0,8.910922035663905,0.7557827973076752,0.9824440818115244,,,297318006.0,-8.446026764788188,68.4,31,綠,0,False,False,False,False,A
2011-04-27,9049.25,3110000.0,10.093177010742604,1.010579896825641,1.01448924461539,,,,,,31,綠,0,False,False,False,False,A
2011-04-28,9040.77,3087000.0,9.938690517283696,0.9683217864824176,0.9732846088894426,,,297200263.0,-8.482283699292967,67.60000000000001,31,綠,0,False,False,False,False,A
2011-04-29,9007.87,3385400.0,9.487818947007298,0.8635535692534348,1.010725156525743,,,296031640.0,-8.842141079959152,65.60000000000001,31,綠,0,False,False,False,False,A
2011-05-03,8946.08,2675400.0,8.687012563882762,0.6825423700887858,1.0107026395551528,,,294337309.0,-9.36388120970289,59.2,31,綠,0,False,False,False,False,A
2011-05-04,8947.35,2336800.0,8.649896412745406,0.6717884305239568,1.0119304051992717,,,296032464.0,-8.841887343312116,65.60000000000001,31,綠,0,False,False,False,False,A
2011-05-05,9018.61,2702600.0,9.457387419513497,0.8510367615963129,0.9870718394769828,,,297346961.0,-8.437110569867166,68.4,31,綠,0,False,False,False,False,A
2011-05-06,8977.23,2796600.0,8.887484381044256,0.7248447654781301,0.970107073755586,,,299033342.0,-7.837575940150392,70.8,31,綠,0,False,False,False,False,A
2011-05-09,9035.48,2852600.0,9.516652218670588,0.8718751080520292,0.938381004876576,,,,,,31,綠,0,False,False,False,False,A
2011-05-10,9023.28,2172800.0,9.291619504449988,0.8265707821428641,0.910360057994335,,,298032387.0,-7.977141807614026,68.4,31,綠,0,False,False,False,False,A
2011-05-11,9020.4,2358800.0,9.185023155591344,0.8045617197696815,0.9191103818509336,,,,,,31,綠,0,False,False,False,False,A
2011-05-12,9033.68,2339800.0,9.270364537106886,0.8286800506372912,0.9051919524676504,,,298462463.0,-7.620557396725582,69.19999999999999,31,綠,0,False,False,False,False,A
2011-05-13,9006.61,2471800.0,8.86897840300352,0.7442125761657321,0.8849206925075099,,,298740114.0,-7.151171811345214,70.39999999999999,31,綠,0,False,False,False,False,A
2011-05-16,8911.71,1993800.0,7.662455331372528,0.471897858534186,0.8286977815138336,,,299230599.0,-6.630030876619064,71.2,31,綠,0,False,False,False,False,A
2011-05-17,8884.09,2180000.0,7.2711363425465665,0.3862290177975512,0.8331817497438584,,,299051915.0,-6.685786269344934,70.39999999999999,31,綠,0,False,False,False,False,A
2011-05-18,8944.84,2060600.0,7.934489897882269,0.5454618800435406,0.8165669100416193,,,298389863.0,-6.892368667684726,67.60000000000001,31,綠,0,False,False,False,False,A
2011-05-19,8892.88,2573200.0,7.239823572782688,0.3922466266269793,0.8377088039610089,,,296775734.0,-7.396030978273335,63.6,31,綠,0,False,False,False,False,A
2011-05-20,8837.03,2277600.0,6.500678087768483,0.2256328187130893,0.82563224711667,,,295019834.0,-7.943930589247763,57.99999999999999,31,綠,0,False,False,False,False,A
2011-05-23,8747.51,2123800.0,5.35461918396076,-0.0366364099046605,0.8437175571370537,,,293643992.0,-8.02071254931717,50.4,31,綠,0,False,False,False,False,A
2011-05-24,8756.61,2153400.0,5.387102949855382,-0.0212341879520126,0.8480130969614746,,,292344865.0,-8.427643319308688,44.4,31,綠,0,False,False,False,False,A
2011-05-25,8727.09,2107400.0,4.960864758342683,-0.1168585321130022,0.8549676021809077,,,292883670.0,-8.258871264286137,46.8,29,綠,0,False,False,False,False,A
2011-05-26,8788.4,1908000.0,5.611764836233368,0.0480756803657991,0.8132893739636912,,,292901583.0,-8.253260303323232,46.8,29,綠,0,False,False,False,False,A
2011-05-27,8810.0,2083800.0,5.787805751974783,0.1005238717980463,0.8021222127598171,,,292582214.0,-8.353297538390644,43.6,29,綠,0,False,False,False,False,A
2011-05-30,8823.68,1871400.0,5.87170000197545,0.1317357640858278,0.786695694180208,,,292968283.0,-8.187490923131566,46.8,29,綠,0,False,False,False,False,A
2011-05-31,8988.84,2901000.0,7.765795392336446,0.6149953513358588,0.8458732466144763,,,292333136.0,-8.38653786126939,42.4,29,綠,0,False,False,False,False,A
2011-06-01,9062.35,2648800.0,8.559198782309432,0.8252531400477121,0.8906768847770186,,,291194952.0,-8.743230154923399,41.0,29,綠,0,False,False,False,False,A
2011-06-02,8991.36,2220600.0,7.621028508560726,0.6004537083192095,0.915474831911286,,,292160795.0,-8.44054732422145,42.0,29,綠,0,False,False,False,False,A
2011-06-03,9046.28,1890800.0,8.182536496149337,0.7621115667509246,0.903915037034134,,,,,,29,綠,0,False,False,False,False,A
2011-06-07,9057.1,1770400.0,8.22408763847555,0.7862366736651054,0.902131510207732,,,293455484.0,-8.03480836727019,49.2,29,綠,0,False,False,False,False,A
2011-06-08,9007.53,1884200.0,7.546290885668292,0.62047145696601,0.8266676544359661,,,,,,29,綠,0,False,False,False,False,A
2011-06-09,9000.94,1718400.0,7.373094868184155,0.5971734036439424,0.7563387750816396,,,293385132.0,-8.056855783367364,48.8,29,綠,0,False,False,False,False,A
2011-06-10,8837.82,2192800.0,5.342481102487507,0.0639320121774014,0.7597574757770362,,,294313611.0,-7.765882351901468,54.400000000000006,29,綠,0,False,False,False,False,A
2011-06-13,8712.95,1959600.0,3.772886519108396,-0.3554485865064774,0.7805028603579921,,,294303716.0,-7.768983318217729,54.0,29,綠,0,False,False,False,False,A
2011-06-14,8829.21,1685800.0,5.075096667146699,0.0309782947537068,0.7819266564148719,,,294453937.0,-7.721905980067659,55.60000000000001,29,綠,0,False,False,False,False,A
2011-06-15,8831.45,2652000.0,5.025163393869108,0.035554406557277,0.8478363780822372,,,294770265.0,-7.622772834752856,57.2,29,綠,0,False,False,False,False,A
2011-06-16,8654.43,2089000.0,2.8580167519929907,-0.575770090380079,0.8847161669435679,,,294835038.0,-7.60247380582884,57.599999999999994,29,綠,0,False,False,False,False,A
2011-06-17,8636.1,2252000.0,2.5825189837467586,-0.63809536055578,0.8909832999257402,,,293065111.0,-8.157146267601416,44.4,29,綠,0,False,False,False,False,A
2011-06-20,8530.68,2202800.0,1.2814652985642354,-0.998079885425,0.9150468598241652,,,289020900.0,-8.50766156678505,34.0,29,綠,0,False,False,False,False,A
2011-06-21,8597.62,2089200.0,2.022703373496199,-0.7629088195724294,0.9515391014975042,,,285732139.0,-6.841761351049805,32.0,29,綠,0,False,False,False,False,A
2011-06-22,8621.04,2079600.0,2.2527840773998684,-0.677204293989884,0.9055158821283616,,,284666638.0,-6.329559528595366,31.2,29,綠,0,False,False,False,False,A
2011-06-23,8567.28,1841400.0,1.5691451771028466,-0.8564968565976258,0.8883914864958551,,,284813216.0,-6.091646824474331,31.2,29,綠,0,False,False,False,False,A
2011-06-24,8532.83,2049400.0,1.115138401238292,-0.9664013328935545,0.8705359415028078,,,285169680.0,-5.974113840308455,31.4,29,綠,0,False,False,False,False,A
2011-06-27,8500.16,2003800.0,0.684552044381487,-1.0666547127410584,0.8549255591031696,,,284996745.0,-6.031133810394426,30.8,27,綠,0,False,False,False,False,A
2011-06-28,8478.86,1840800.0,0.3844935209080589,-1.130450311312608,0.8379947890356302,,,284692968.0,-6.131294885091894,30.0,27,綠,0,False,False,False,False,A
2011-06-29,8573.38,2338600.0,1.4520194705024576,-0.7990677655094776,0.8605536849448664,,,285445015.0,-5.88333063584654,31.6,27,綠,0,False,False,False,False,A
2011-06-30,8652.59,2275800.0,2.3298119361180403,-0.5233023322980404,0.8953466410868488,,,284896384.0,-6.064224747554621,30.0,27,綠,0,False,False,False,False,A
2011-07-01,8739.82,2416000.0,3.292517514150692,-0.2196620632268127,0.9303910636829512,,,284203228.0,-5.790025562966324,28.4,27,綠,0,False,False,False,False,A
2011-07-04,8774.72,2317600.0,3.630488733389605,-0.0968464766872944,0.9594319965014276,,,283389402.0,-5.884768912346812,27.6,27,綠,0,False,False,False,False,A
2011-07-05,8784.44,2195200.0,3.674086487625044,-0.0601027621859365,0.9964248565266868,,,282731345.0,-6.103313382206161,26.8,27,綠,0,False,False,False,False,A
2011-07-06,8824.44,2197000.0,4.0781430309134326,0.0842384013190651,0.985087522247758,,,282950098.0,-5.783392621681097,27.200000000000003,27,綠,0,False,False,False,False,A
2011-07-07,8773.42,2347600.0,3.4166338388893625,-0.0963228947663021,0.9909313894838664,,,282873054.0,-5.46653485795415,26.8,27,綠,0,False,False,False,False,A
2011-07-08,8749.55,2652000.0,3.0762124914173645,-0.1781332828024563,1.0075635675257066,,,283759883.0,-5.170165100662048,28.000000000000004,27,綠,0,False,False,False,False,A
2011-07-11,8665.85,2013200.0,2.03933942021757,-0.4709556805177016,0.9832320358636149,,,,,,27,綠,0,False,False,False,False,A
2011-07-12,8491.01,2547400.0,-0.0590977130808364,-1.0795906217852584,1.01232268294958,,,,,,27,綠,0,True,False,False,True,A
2011-07-13,8488.06,2393600.0,-0.1337149277745233,-1.0695173685456263,1.026663288486561,,,275549998.0,-7.913830029127469,19.2,27,綠,0,True,False,False,True,A
2011-07-14,8481.35,2518200.0,-0.2541552373536141,-1.0776321025533484,1.0391942025093317,,,272119384.0,-9.060308367728128,17.599999999999998,27,綠,0,True,False,False,True,A
2011-07-15,8574.91,2598800.0,0.805366092771389,-0.7338964839790081,1.0349625967233729,,,272913597.0,-8.794889990511965,18.0,27,綠,0,False,False,False,False,A
2011-07-18,8538.57,2457000.0,0.338805709860976,-0.8509813074480194,1.0825453439305233,,,272532045.0,-8.922401014209113,17.599999999999998,27,綠,0,False,False,False,False,A
2011-07-19,8524.57,2247800.0,0.1338099509277086,-0.8876235126935278,1.060673025576014,,,272779041.0,-8.839857316864844,17.599999999999998,27,綠,0,False,False,False,False,A
2011-07-20,8706.17,2872000.0,2.216240096859188,-0.2462521642067223,1.1008173441734417,,,272318031.0,-8.993922443072073,16.8,27,綠,0,False,False,False,False,A
2011-07-21,8717.14,2804400.0,2.2967484384112833,-0.200727913421367,1.1222936985543337,,,272819352.0,-8.8263857667845,18.0,27,綠,0,False,False,False,False,A
2011-07-22,8765.32,3259600.0,2.810796882272069,-0.0267261842925587,1.178158702374029,,,273168704.0,-8.709635674659062,18.4,27,綠,0,False,False,False,False,A
2011-07-25,8683.51,2429400.0,1.8026424674023684,-0.303578558083712,1.1813663949458777,,,272432128.0,-8.95579231855229,16.400000000000002,25,綠,0,False,False,False,False,A
2011-07-26,8794.24,2358200.0,3.050883811225307,0.085668430704309,1.199860111328068,,,272985655.0,-8.770808897120846,18.0,25,綠,0,False,False,False,False,A
2011-07-27,8817.49,2979000.0,3.273466801134331,0.1712029071977485,1.206546298369532,,,273610899.0,-8.561858341232007,18.4,25,綠,0,False,False,False,False,A
2011-07-28,8767.2,2852400.0,2.6354462794353664,0.0051782050625161,1.2062124469114486,,,274997040.0,-8.09862329620909,18.8,25,綠,0,False,False,False,False,A
2011-07-29,8644.18,3088600.0,1.1545751551843342,-0.4103174656391697,1.188029224915714,,,275317271.0,-7.991605163347616,18.8,25,綠,0,False,False,False,False,A
2011-08-01,8701.38,3193600.0,1.780940589247375,-0.2047754877910222,1.2506758888099894,,,276671400.0,-7.539068222097166,19.6,25,綠,0,False,False,False,False,A
2011-08-02,8584.72,2822400.0,0.3776530415914237,-0.5952077028692473,1.291073589581052,,,277236270.0,-7.350294078714857,19.6,25,綠,0,False,False,False,False,A
2011-08-03,8456.86,3447400.0,-1.1425690786997895,-1.0123804141433088,1.3194478745683398,,,277355154.0,-7.310564184647441,20.0,25,綠,0,True,False,False,True,A
2011-08-04,8317.27,3285200.0,-2.790673798999463,-1.4518055496706614,1.347607870944868,,,276526180.0,-7.587599355104723,18.4,25,綠,0,True,False,False,True,A
2011-08-05,7853.13,4304800.0,-8.21024955846623,-2.8968387949533425,1.4311546261976362,,,263589943.0,-11.91076585052052,8.799999999999999,25,綠,0,True,False,False,True,A
2011-08-08,7552.8,4298800.0,-11.70474320510904,-3.678158718149004,1.504679699206585,,,254416999.0,-14.976275872107584,2.0,25,綠,0,True,False,False,True,A
2011-08-09,7493.12,5373400.0,-12.383162544078862,-3.669251546060108,1.6769291603181178,,,243359881.0,-18.67145879689931,2.0,25,綠,0,True,False,False,True,A
2011-08-10,7736.32,4546000.0,-9.52681454653406,-2.8312558636724057,1.7381368281366023,,,244500250.0,-18.290358400144765,2.4,25,綠,0,True,False,False,True,A
2011-08-11,7719.09,3751200.0,-9.71743127582454,-2.7845485198556035,1.7555650718671263,,,245362894.0,-18.002071038196195,2.8000000000000003,25,綠,0,True,False,False,True,A
2011-08-12,7637.02,3474600.0,-10.666539754296354,-2.91794487525634,1.6801845977855057,,,247800499.0,-17.187446795840554,3.2,25,綠,0,True,False,False,True,A
2011-08-15,7819.39,2220000.0,-8.532835467338282,-2.3474122301786986,1.517876901572206,,,247978969.0,-17.078287560873836,3.5999999999999996,25,綠,0,True,False,False,True,A
2011-08-16,7798.59,2422600.0,-8.772173750223725,-2.341316794606912,1.2840820935123387,,,248580885.0,-16.692583822795616,4.0,25,綠,0,True,False,False,True,A
2011-08-17,7741.76,2395200.0,-9.42851736143256,-2.426766989536529,1.114071034694632,,,250590202.0,-15.562435438201966,4.3999999999999995,25,綠,0,True,False,False,True,A
2011-08-18,7614.97,2615600.0,-10.898662940653637,-2.6790215100422876,1.0219934633314691,,,251209947.0,-14.849810741877103,4.8,25,綠,0,True,False,False,True,A
2011-08-19,7342.96,2901400.0,-14.058025416023227,-3.2503609705238956,0.971112394546317,,,245730859.0,-16.654797656715413,3.2,25,綠,0,True,False,False,True,A
2011-08-22,7312.59,2848000.0,-14.38877262815916,-3.2025741289439145,1.014689865647574,,,241927075.0,-17.944937399197443,2.0,25,綠,0,True,False,False,True,A
2011-08-23,7550.23,2798400.0,-11.591020557344438,-2.55388276783608,1.0374468215346004,,,242177786.0,-17.85990306891544,2.4,25,綠,0,True,False,False,True,A
2011-08-24,7502.93,2874400.0,-12.125409189864504,-2.5964878852870696,1.0742953933514368,,,241443510.0,-18.10894945260882,2.0,25,綠,0,True,False,False,True,A
2011-08-25,7410.87,2588200.0,-13.182072161806424,-2.7331242065721564,1.0726130383965622,,,239767270.0,-18.67748432260619,2.0,23,綠,0,True,False,False,True,A
2011-08-26,7445.1,2441000.0,-12.769138683663414,-2.58561628349066,1.0359089623326685,,,238360889.0,-19.15449038319523,2.0,23,綠,0,True,False,False,True,A
2011-08-29,7578.01,1952800.0,-11.207242963504331,-2.2347303402843672,0.9670881690628788,,,237211569.0,-19.54430836676881,2.0,23,綠,0,True,False,False,True,A
2011-08-30,7646.19,2556600.0,-10.405145364402651,-2.0418279461160744,0.9438837906924578,,,237835198.0,-19.3327904263536,2.4,23,綠,0,True,False,False,True,A
2011-08-31,7741.36,2482400.0,-9.289989933801436,-1.7985323233698096,0.910624329272142,,,236587893.0,-19.755842248301576,2.0,23,綠,0,True,False,False,True,A
2011-09-01,7757.76,3465400.0,-9.103849128886818,-1.730606751784429,0.9664167036095832,,,235840716.0,-20.00926429917736,2.0,23,綠,0,True,False,False,True,A
2011-09-02,7757.06,2128800.0,-9.115833742513944,-1.7014918682041609,0.9434016477922208,,,237636268.0,-19.400262054335617,3.2,23,綠,0,True,False,False,True,A
2011-09-05,7551.57,2161200.0,-11.516401047883573,-2.094519398553018,0.9578164205157256,,,239349922.0,-18.819037376419285,4.3999999999999995,23,綠,0,True,False,False,True,A
2011-09-06,7367.19,2654200.0,-13.658089461132311,-2.4220439605834336,0.959327310046322,,,239156740.0,-18.884559439641635,4.3999999999999995,23,綠,0,True,False,False,True,A
2011-09-07,7529.01,2179800.0,-11.74661890364235,-2.0437883878285414,0.9395612186766904,,,239711993.0,-18.696232772714076,5.2,23,綠,0,True,False,False,True,A
2011-09-08,7548.37,2342000.0,-11.505742597182806,-1.9662872167516128,0.8543762628551983,,,238951163.0,-18.95428554865314,4.3999999999999995,23,綠,0,True,False,False,True,A
2011-09-09,7610.57,2094200.0,-10.766459222313062,-1.808611097376844,0.8526335417624902,,,,,,23,綠,0,True,False,False,True,A
2011-09-13,7391.37,2371600.0,-13.318510880042831,-2.2080163482226753,0.8674165563522479,,,237766645.0,-19.356041733411615,3.5999999999999996,23,綠,0,True,False,False,True,A
2011-09-14,7228.47,3096600.0,-15.2025841606202,-2.4757201464642655,0.8947823736812163,,,233734407.0,-20.24488817435522,2.0,23,綠,0,True,False,False,True,A
2011-09-15,7385.68,2425000.0,-13.329651479368748,-2.1298364229479083,0.9109967760129452,,,234237507.0,-18.95482056833952,2.4,23,綠,0,True,False,False,True,A
2011-09-16,7577.4,3027600.0,-11.056653575739192,-1.7332128750322549,0.9546816566397992,,,234754353.0,-17.841110271463023,2.8000000000000003,23,綠,0,True,False,False,True,A
2011-09-19,7480.88,1743600.0,-12.16143737933864,-1.8873881499121163,0.9307040321395328,,,235150414.0,-17.619716007301793,3.2,23,綠,0,True,False,False,True,A
2011-09-20,7492.85,2267200.0,-11.995803789479936,-1.8340587913270132,0.9215451533890876,,,237125903.0,-16.927642614462894,4.3999999999999995,23,綠,0,True,False,False,True,A
2011-09-21,7535.88,2492600.0,-11.464522211766877,-1.7254675088871974,0.8737466748516473,,,237590317.0,-16.764944379918493,5.2,23,綠,0,True,False,False,True,A
2011-09-22,7305.5,2665400.0,-14.13557951914853,-2.1170907188695898,0.88954476387285,,,238946583.0,-16.289803484569525,7.199999999999999,23,綠,0,True,False,False,True,A
2011-09-23,7046.22,3274800.0,-17.138192781282164,-2.5388400801126747,0.902096913531768,,,237450444.0,-16.813946111477897,5.2,23,綠,0,True,False,False,True,A
2011-09-26,6877.12,2739400.0,-19.076313980512833,-2.7766623105564747,0.9723874963521782,,,232779952.0,-18.450160357503528,2.0,20,黃藍,1,True,False,False,True,A
2011-09-27,7089.95,2696600.0,-16.529623981929134,-2.3435685092490144,1.001168251004323,,,230577418.0,-19.066218123709145,2.0,20,黃藍,1,True,False,False,True,A
2011-09-28,7146.98,2370600.0,-15.816796350467587,-2.198078230975858,0.9913152587514452,,,229730814.0,-19.16671192770548,2.0,20,黃藍,1,True,False,False,True,A
2011-09-29,7182.61,2291800.0,-15.35696364948079,-2.094864962910062,0.963824972252519,,,229474397.0,-19.13078248626146,2.0,20,黃藍,1,True,False,False,True,A
2011-09-30,7225.38,2340800.0,-14.812164700924068,-1.983982358993896,0.8965469191830615,,,,,,20,黃藍,1,True,False,False,True,A
2011-10-03,7013.97,2067600.0,-17.2569509153676,-2.299865106736578,0.8511148186008833,,,230573942.0,-18.74329113675311,2.8000000000000003,20,黃藍,1,True,False,False,True,A
2011-10-04,7047.87,2281000.0,-16.810074752059094,-2.195526989106539,0.8197320707529628,,,230540116.0,-18.755211778826396,2.8000000000000003,20,黃藍,1,True,False,False,True,A
2011-10-05,6989.15,1735200.0,-17.454191969069267,-2.2471264187963502,0.777649577301259,,,230304825.0,-18.83813082908552,2.8000000000000003,20,黃藍,1,True,False,False,True,A
2011-10-06,7132.0,2206600.0,-15.72451471630294,-1.968958070659852,0.772340309603521,,,229733056.0,-19.039628304329405,2.8000000000000003,20,黃藍,1,True,False,False,True,A
2011-10-07,7211.96,2301800.0,-14.736459812261602,-1.8051880047368984,0.7705164685813634,,,228403237.0,-17.649542939447233,2.0,20,黃藍,1,True,False,False,True,A
2011-10-11,7398.71,2742000.0,-12.49197192663651,-1.4724124207235678,0.8188640253703988,,,,,,20,黃藍,1,True,False,False,True,A
2011-10-12,7382.35,2189800.0,-12.649853596405144,-1.4756331878467366,0.8135521655728695,,,226812726.0,-18.222999382228895,2.0,20,黃藍,1,True,False,False,True,A
2011-10-13,7428.33,2356600.0,-12.074659227266512,-1.378638479978413,0.8582226818973806,,,225994334.0,-18.518069435262777,2.0,20,黃藍,1,True,False,False,True,A
2011-10-14,7358.08,1807200.0,-12.875971970570156,-1.4704226383273846,0.8345535157484688,,,226608348.0,-18.29668757480526,2.4,20,黃藍,1,True,False,False,True,A
2011-10-17,7461.12,1882200.0,-11.628898453139024,-1.282955929404108,0.8083779863083301,,,226264795.0,-18.42055511252551,2.4,20,黃藍,1,True,False,False,True,A
2011-10-18,7359.48,1638200.0,-12.7973809345273,-1.4254815467937811,0.7344039568858118,,,227060310.0,-18.13373332878465,3.5999999999999996,20,黃藍,1,True,False,False,True,A
2011-10-19,7353.37,1715800.0,-12.834582667528792,-1.4104320886588306,0.7022550605321449,,,227272443.0,-18.05724908216416,4.0,20,黃藍,1,True,False,False,True,A
2011-10-20,7244.32,1616000.0,-14.093993450769847,-1.5581512942728162,0.6499294484974031,,,228561638.0,-17.59243168778468,4.8,20,黃藍,1,True,False,False,True,A
2011-10-21,7254.51,1398600.0,-13.940837652525763,-1.5136855958139654,0.6254444014887923,,,,,,20,黃藍,1,True,False,False,True,A
2011-10-24,7470.3,2411600.0,-11.353429957616065,-1.1456509019394312,0.6674335812291748,,,229519568.0,-17.24705141048145,5.6000000000000005,20,黃藍,1,True,False,False,True,A
2011-10-25,7491.21,2211400.0,-11.078286955302778,-1.090502538774982,0.7149787750151606,,,229055274.0,-17.414451941282476,5.2,21,黃藍,2,True,False,False,True,A
2011-10-26,7535.82,2069600.0,-10.52189947128958,-0.9988220435123544,0.7473745803948139,,,,,,21,黃藍,2,True,False,False,True,A
2011-10-27,7565.21,2870200.0,-10.14127385620002,-0.9333856538068404,0.8436789247033198,,,230617136.0,-16.85132485405337,8.799999999999999,21,黃藍,2,True,False,False,True,A
2011-10-28,7616.06,3591000.0,-9.50601844399199,-0.8354865344119659,1.0114923083429777,,,228101407.0,-17.758367309806687,4.3999999999999995,21,黃藍,2,True,False,False,True,A
2011-10-31,7587.69,2165000.0,-9.812962175451592,-0.8638182136740669,0.9997056773294092,,,229360645.0,-17.30435086848972,6.0,21,黃藍,2,True,False,False,True,A
2011-11-01,7622.01,2232000.0,-9.373494103228024,-0.791643829948888,1.0148790520949995,,,,,,21,黃藍,2,True,False,False,True,A
2011-11-02,7598.45,2494800.0,-9.624025049299814,-0.8121794776268193,1.060777781896949,,,232204148.0,-16.2791299706657,10.0,21,黃藍,2,True,False,False,True,A
2011-11-03,7460.31,2586600.0,-11.228230717027667,-1.014223235553419,1.057762813923938,,,232186426.0,-16.285519612157632,10.0,21,黃藍,2,True,False,False,True,A
2011-11-04,7603.23,2759400.0,-9.495653089750885,-0.7671477900936302,1.0025381992848257,,,233230102.0,-15.90922373845629,11.2,21,黃藍,2,True,False,False,True,A
2011-11-07,7621.72,2045000.0,-9.246513490173829,-0.7200297058775043,1.0044068199337457,,,233222235.0,-15.65998018704775,11.2,21,黃藍,2,True,False,False,True,A
2011-11-08,7600.79,2185400.0,-9.463085852196826,-0.7361582924464191,1.0095340046164654,,,233563852.0,-11.391212676122471,12.0,21,黃藍,2,True,False,False,True,A
2011-11-09,7561.86,2032800.0,-9.88869758743864,-0.7816249210557892,0.9721645340657868,,,233519615.0,-8.213831655171752,12.0,21,黃藍,2,True,False,False,True,A
2011-11-10,7308.68,2922600.0,-12.859130293515598,-1.16997376010203,0.9968233481132024,,,232695393.0,-7.37015162858977,10.8,21,黃藍,2,True,False,False,True,A
2011-11-11,7367.29,2100800.0,-12.115130120744928,-1.0566701205034823,0.943795608230526,,,232438503.0,-7.472412706651302,10.8,21,黃藍,2,True,False,False,True,A
2011-11-14,7525.65,2009600.0,-10.186402981986388,-0.7837865927358427,0.9448252889457436,,,232511413.0,-7.443389174394436,11.2,21,黃藍,2,True,False,False,True,A
2011-11-15,7491.06,1588000.0,-10.558824988445814,-0.8229563639736487,0.9029575083306612,,,231686136.0,-7.771910003229291,10.0,21,黃藍,2,True,False,False,True,A
2011-11-16,7387.52,2116600.0,-11.755931492811,-0.9724198638080628,0.9147855225978674,,,,,,21,黃藍,2,True,False,False,True,A
2011-11-17,7387.81,1819800.0,-11.716493002121291,-0.954310114085144,0.8265756523305743,,,232669085.0,-7.380624143836151,12.0,21,黃藍,2,True,False,False,True,A
2011-11-18,7233.78,2100200.0,-13.512551393865936,-1.1839251156965829,0.8311243900124513,,,232451155.0,-7.467376281879474,11.6,21,黃藍,2,True,False,False,True,A
2011-11-21,7042.64,2351600.0,-15.74896049861976,-1.4690024369566157,0.8620944430762052,,,227997383.0,-9.24030448523601,4.3999999999999995,21,黃藍,2,True,False,False,True,A
2011-11-22,7000.03,2248200.0,-16.207242923905557,-1.5115946820995665,0.9204236189333376,,,224573643.0,-10.603204338879143,2.0,21,黃藍,2,True,False,False,True,A
2011-11-23,6806.43,2482200.0,-18.466154063042772,-1.7918282024450485,0.9484400996543132,,,219185755.0,-10.80251137688816,2.0,21,黃藍,2,True,False,False,True,A
2011-11-24,6864.39,2408800.0,-17.71229647069967,-1.669293756165351,1.000277591198777,,,,,,21,黃藍,2,True,False,False,True,A
2011-11-25,6784.52,2380000.0,-18.609485530305147,-1.763445682323106,1.0251786601032018,,,215467118.0,-11.029363362005466,2.0,19,黃藍,3,True,True,True,True,A
2011-11-28,6898.78,1637000.0,-17.183197176359,-1.5496187867786078,0.9763117093754056,,,214572547.0,-11.398749429479052,2.0,19,黃藍,3,True,True,True,True,A
2011-11-29,6988.65,1959600.0,-16.049469834200202,-1.3792242834667905,0.9522304667134952,,,213943801.0,-11.38970726527294,2.0,19,黃藍,3,True,True,True,True,A
2011-11-30,6904.12,3089600.0,-17.008730842302167,-1.4842103132873732,0.9986814793540554,,,212561577.0,-11.346708414371989,2.0,19,黃藍,3,True,True,True,True,A
2011-12-01,7178.69,3336600.0,-13.658911082715605,-1.0236432705209162,1.0741129382625525,,,213683194.0,-10.85836326929208,2.4,19,黃藍,3,True,True,True,True,A
2011-12-02,7140.68,2061200.0,-14.065146885913274,-1.0608752333815086,1.0474005674430968,,,213175551.0,-11.070135318594597,2.4,19,黃藍,3,True,True,True,True,A
2011-12-05,7098.08,1560600.0,-14.51930369852234,-1.1059214605647738,1.0466860665300055,,,212688395.0,-11.273360861840567,2.4,19,黃藍,3,True,True,True,True,A
2011-12-06,6956.28,1738800.0,-16.161162690168453,-1.309509393127193,1.030098580717332,,,210897178.0,-12.02059798484926,2.0,19,黃藍,3,True,True,True,True,A
2011-12-07,7033.0,1731200.0,-15.171449584910132,-1.1676632756542602,0.9156527770867297,,,209566414.0,-12.575749182478324,2.0,19,黃藍,3,True,True,True,True,A
2011-12-08,6982.9,1753400.0,-15.705808164241777,-1.2270684644575844,0.7843505865869771,,,208248138.0,-13.125690795120128,2.0,19,黃藍,3,True,True,True,True,A
2011-12-09,6893.3,1918000.0,-16.714582593829352,-1.3484614354149504,0.7745541774033476,,,207152125.0,-13.582911556702964,2.0,19,黃藍,3,True,True,True,True,A
2011-12-12,6949.04,1391400.0,-15.969866302429994,-1.2398286408932775,0.7688246159390909,,,206170196.0,-13.99254020636339,2.0,19,黃藍,3,True,True,True,True,A
2011-12-13,6896.31,1525400.0,-16.53250176072679,-1.3056970472285478,0.7508269167999109,,,205258837.0,-14.3727293611046,2.0,19,黃藍,3,True,True,True,True,A
2011-12-14,6922.57,1554400.0,-16.141746564330912,-1.245603454609366,0.7388314644123674,,,205089221.0,-14.171072270529187,2.0,19,黃藍,3,True,True,True,True,A
2011-12-15,6764.59,1828200.0,-17.977100602453415,-1.4801746733717962,0.7493832958675124,,,203770789.0,-14.721195657357445,2.0,19,黃藍,3,True,True,True,True,A
2011-12-16,6785.09,1469400.0,-17.650433779476522,-1.4259982034700514,0.7149717847758965,,,202867637.0,-15.099168001075787,2.0,19,黃藍,3,True,True,True,True,A
2011-12-19,6633.33,2068200.0,-19.409244355586676,-1.6494125762728389,0.7845182065890514,,,198287745.0,-17.015869191148887,2.0,19,黃藍,3,True,True,True,True,A
2011-12-20,6662.64,1770800.0,-18.969680953736077,-1.5802433500251654,0.8134124293961568,,,197245702.0,-17.45196791535621,2.0,19,黃藍,3,True,True,True,True,A
2011-12-21,6966.48,2138600.0,-15.198032523459824,-1.0694215616936131,0.8718836510848568,,,197912333.0,-17.172980456472985,2.4,19,黃藍,3,True,True,True,True,A
2011-12-22,6966.35,1957000.0,-15.125128831899978,-1.0537388233596343,0.886864428758022,,,197297820.0,-17.430156345864127,2.4,19,黃藍,3,True,True,True,True,A
2011-12-23,7110.73,2717400.0,-13.293512339388217,-0.801202972071211,1.0012109401313078,,,198166935.0,-17.066428608439235,3.2,19,黃藍,3,True,True,True,True,A
2011-12-26,7092.58,1730800.0,-13.440188580879733,-0.8147898745467561,0.9741522469018428,,,197983228.0,-17.1433106452918,3.2,16,藍,4,True,True,True,True,A
2011-12-27,7085.03,1653800.0,-13.455698989304643,-0.8099003394219318,0.9662491235384412,,,197387351.0,-16.872191234984594,2.8000000000000003,16,藍,4,True,True,True,True,A
2011-12-28,7056.67,1799600.0,-13.726055501224044,-0.8386014911004956,0.9376923089117198,,,197031624.0,-15.641216604014565,2.0,16,藍,4,True,True,True,True,A
2011-12-29,7074.82,1516200.0,-13.427208640796731,-0.7895950623943432,0.8973235978822536,,,196967613.0,-15.668622814115944,2.0,16,藍,4,True,True,True,True,A
2011-12-30,7072.08,1704800.0,-13.384481047665952,-0.7746963139756059,0.8040470841829861,,,195784328.0,-16.17524444664494,2.0,16,藍,4,True,True,True,True,A
2012-01-03,7053.38,1818200.0,-13.536715241108116,-0.787220776338689,0.8155518814850856,,,193922485.0,-16.97238963159419,2.0,16,藍,4,True,True,True,True,A
2012-01-04,7082.97,2132200.0,-13.096224081566016,-0.718225041297519,0.8657177322074789,,,192726370.0,-17.484504408670226,2.0,16,藍,4,True,True,True,True,A
2012-01-05,7130.86,2209000.0,-12.429493551459334,-0.6191850408019567,0.905085825107824,,,192080907.0,-17.760858388309163,2.0,16,藍,4,True,True,True,True,A
2012-01-06,7120.51,2354400.0,-12.474701837909445,-0.6227336280643038,0.9859785956081596,,,191644413.0,-17.94774261558248,2.0,16,藍,4,True,True,True,True,A
2012-01-09,7093.04,1741000.0,-12.730658655272292,-0.6557191497292056,0.9899984553599012,,,190919224.0,-18.25823115813315,2.0,16,藍,4,True,True,True,True,A
2012-01-10,7178.87,2546400.0,-11.602107108998377,-0.4896869465691554,1.0546633057256032,,,189821251.0,-18.72832659053765,2.0,16,藍,4,True,True,True,True,A
2012-01-11,7188.21,2389000.0,-11.41313993429709,-0.4562845333289193,1.0728770767079396,,,188120166.0,-19.456643487794505,2.0,16,藍,4,True,True,True,True,A
2012-01-12,7186.58,2178800.0,-11.363486263536997,-0.4420086519727614,1.0660681509096614,,,185605449.0,-20.53331566050726,2.0,16,藍,4,True,True,True,True,A
2012-01-13,7181.54,2530000.0,-11.354085653178782,-0.433970545544142,1.074981430891443,,,181010452.0,-22.50065648001044,1.6,16,藍,4,True,True,True,True,A
2012-01-16,7103.62,2092600.0,-12.236696809093134,-0.5537851009955547,1.1021607865601142,,,181334240.0,-22.362027151359023,2.0,16,藍,4,True,True,True,True,A
2012-01-17,7221.08,2607400.0,-10.708556565857627,-0.3230799457560567,1.106194123263631,,,180180968.0,-22.855798764613628,1.6,16,藍,4,True,True,True,True,A
2012-01-18,7233.69,3019600.0,-10.47549780404832,-0.2799134251841882,1.1580081807085598,,,175799151.0,-24.731866898650058,1.6,16,藍,4,True,True,True,True,A
2012-01-30,7407.41,3584800.0,-8.254447011454763,0.0556571396251087,1.274022685064387,,,175873844.0,-24.699887206861103,2.0,14,藍,5,True,True,True,True,A
2012-01-31,7517.08,4300400.0,-6.831121987702014,0.2767404789650157,1.4214589459844749,,,178833064.0,-23.432901765980464,2.4,14,藍,5,True,True,True,True,A
2012-02-01,7549.21,4049800.0,-6.366103298258448,0.3564165632933792,1.59419040054465,,,181612975.0,-22.24268719459208,4.0,14,藍,5,True,True,True,True,A
2012-02-02,7652.46,4452800.0,-5.017925560096915,0.5671997078582686,1.7317366979271698,,,183669997.0,-21.36197642433128,4.3999999999999995,14,藍,5,True,True,True,True,A
2012-02-03,7674.99,4261800.0,-4.674525891088287,0.6262130018948513,1.815181895297577,,,186824849.0,-20.01123144689359,5.2,14,藍,5,True,True,True,True,A
2012-02-06,7687.98,3712400.0,-4.453072103707332,0.667647450501222,1.810252217741643,,,190919260.0,-18.258215744789137,6.800000000000001,14,藍,5,True,True,True,True,A
2012-02-07,7707.44,2997600.0,-4.152120909776977,0.7191169071970612,1.6916951640784934,,,191892928.0,-17.841341304818005,7.6,14,藍,5,True,True,True,True,A
2012-02-08,7869.91,3991000.0,-2.077055751730781,1.034523150102926,1.6716834274693484,,,194324605.0,-16.800222578963115,9.2,14,藍,5,True,True,True,True,A
2012-02-09,7910.78,4228800.0,-1.5124061465935588,1.1190649348095405,1.6269054215769525,,,196372872.0,-15.923260248336716,10.4,14,藍,5,True,True,True,True,A
2012-02-10,7862.27,3965600.0,-2.055861332087018,1.03012480205391,1.5819022051559684,,,198961842.0,-14.814796769150734,14.4,14,藍,5,True,True,True,True,A
2012-02-13,7912.91,3467600.0,-1.3644396174975906,1.1231062458772854,1.5459330421159951,,,202987018.0,-13.07496031971447,15.2,14,藍,5,True,True,True,True,A
2012-02-14,7884.08,3394800.0,-1.6636299446465117,1.0649411012100898,1.5737236288227106,,,202814057.0,-12.84139561800435,14.8,14,藍,5,True,True,True,True,A
2012-02-15,8005.24,3961800.0,-0.102509597309058,1.2894971351083484,1.551432720074396,,,205027280.0,-11.880308464702132,16.400000000000002,14,藍,5,True,True,True,True,A
2012-02-16,7869.7,4457800.0,-1.7464960166386243,1.0288250715337877,1.5444103428216085,,,203604634.0,-12.491754544872173,16.0,14,藍,5,True,True,True,True,A
2012-02-17,7894.36,3787200.0,-1.4033842590564716,1.0675891600777263,1.5079214667069076,,,204424545.0,-12.139360929708388,16.8,14,藍,5,True,True,True,True,A
2012-02-20,7954.82,2815200.0,-0.6119906116824029,1.174931044749015,1.449658512779205,,,206107911.0,-11.4158587076577,18.4,14,藍,5,True,True,True,True,A
2012-02-21,7921.5,2942600.0,-0.9886857497001996,1.1069032995240051,1.4037256403444345,,,207162607.0,-10.879080381424648,19.6,14,藍,5,True,True,True,True,A
2012-02-22,8001.68,3485200.0,0.0490677654709262,1.2477177380368585,1.3542713989413946,,,208817609.0,-8.412278135666144,20.4,14,藍,5,False,True,False,True,A
2012-02-23,7937.3,2861400.0,-0.7188369971938646,1.1186849982294136,1.2266106810129904,,,209477682.0,-6.7220537540997185,20.8,14,藍,5,True,True,True,True,A
2012-02-24,7959.34,2811000.0,-0.3990794229739399,1.1475433853545092,1.1471090397305157,,,208655208.0,-4.804393880432603,20.4,14,藍,5,True,True,True,True,A
2012-02-29,8121.44,3454400.0,1.6659208648807706,1.4290393887241104,1.188860878172065,,,208132560.0,-3.4040265949071635,20.0,13,藍,6,False,True,False,True,A
2012-03-01,8118.34,2838000.0,1.655381672223651,1.406343959572914,1.1776468152085402,,,209193793.0,-2.50672981012804,21.6,13,藍,6,False,True,False,True,A
2012-03-02,8144.04,3160600.0,1.9968526110086595,1.433672124782487,1.1472165407184736,,,211399904.0,-1.1890491746475047,23.200000000000003,13,藍,6,False,True,False,True,A
2012-03-05,8004.74,2834600.0,0.2792159700027455,1.1655692548239265,1.136580457534872,,,212983220.0,-0.3275755977327819,24.4,13,藍,6,False,True,False,True,A
2012-03-06,7937.97,3057000.0,-0.5242609311881686,1.0334975390441452,1.147201202181571,,,212484996.0,-0.5607357216871253,23.6,13,藍,6,True,True,True,True,A
2012-03-07,7903.08,2595200.0,-0.9205417767898524,0.963307727325974,1.086311305649888,,,212823124.0,-0.1653224294938025,24.8,13,藍,6,True,True,True,True,A
2012-03-08,7984.56,2728800.0,0.1328608671269815,1.1002748938132785,1.0822327892300163,,,213248889.0,0.0,26.0,13,藍,6,False,True,False,True,A
2012-03-09,8016.01,2700200.0,0.5637095722285687,1.148190697410239,1.0433915461276515,,,213979259.0,0.0,27.200000000000003,13,藍,6,False,True,False,True,A
2012-03-12,7927.55,2189200.0,-0.5032711732648484,0.9854226029225602,0.9911074376873362,,,213652026.0,-0.1529274386355361,26.4,13,藍,6,True,True,True,True,A
2012-03-13,8031.51,2546000.0,0.8360440783649583,1.1615671733704631,0.948179597822156,,,,,,13,藍,6,False,True,False,True,A
2012-03-14,8125.26,3113400.0,2.0449812945289683,1.3127694171683466,0.9783142886966344,,,212422152.0,-0.7276906216410443,23.6,13,藍,6,False,True,False,True,A
2012-03-15,8121.62,2435400.0,2.0314761605153495,1.2892492320201168,0.9527065945152712,,,213539524.0,-0.2055035623803146,26.8,13,藍,6,False,True,False,True,A
2012-03-16,8054.94,2726400.0,1.223686489919879,1.159433178634337,0.949933496964468,,,,,,13,藍,6,False,True,False,True,A
2012-03-19,8043.92,2103800.0,1.1118293926906242,1.127811685495475,0.9396252888242144,,,214379876.0,0.0,28.799999999999997,13,藍,6,False,True,False,True,A
2012-03-20,7972.7,1996000.0,0.2441825419166658,0.994906246337065,0.897083662566058,,,214288882.0,-0.0424452153335511,28.799999999999997,13,藍,6,False,True,False,True,A
2012-03-21,7981.94,2182400.0,0.3731247431833306,0.9981699711477172,0.8264586156842261,,,214157720.0,-0.1036272639694968,28.799999999999997,13,藍,6,False,True,False,True,A
2012-03-22,8059.94,2196000.0,1.3674704355295515,1.1152291743678224,0.8073825962786777,,,214091341.0,-0.1345905247188406,28.799999999999997,13,藍,6,False,True,False,True,A
2012-03-23,8076.61,1973800.0,1.587655895778958,1.1283678694270325,0.7508773526281066,,,214431458.0,0.0,30.4,13,藍,6,False,True,False,True,A
2012-03-26,7967.62,2166800.0,0.2383199199979593,0.9335933819012896,0.7549576630177246,,,215482768.0,0.0,31.6,15,藍,7,False,True,False,True,A
2012-03-27,8029.46,1976800.0,1.0385940888331602,1.0266743104249965,0.7526514689747653,,,213631212.0,-0.8592594281135278,27.200000000000003,15,藍,7,False,True,False,True,A
2012-03-28,8038.07,1997800.0,1.170870317060446,1.029491411471776,0.7400365070896959,,,213569684.0,-0.8878129874403692,27.200000000000003,15,藍,7,False,True,False,True,A
2012-03-29,7872.66,3208800.0,-0.8775000282787694,0.7446156473629527,0.806685813542358,,,207941606.0,-3.499658961128622,20.0,15,藍,7,True,True,True,True,A
2012-03-30,7933.0,2408600.0,-0.0853998413275951,0.8350530373196257,0.8391979703039192,,,207443414.0,-3.730857030758023,20.0,15,藍,7,True,True,True,True,A
2012-04-02,7862.9,1675400.0,-0.930988402289456,0.7052347535133271,0.8043929370329828,,,207058436.0,-3.909515400321941,19.2,15,藍,7,True,True,True,True,A
2012-04-03,7760.85,2535800.0,-2.1777161204115636,0.5221420822692491,0.8398934722140026,,,202439925.0,-6.052847344155148,14.8,15,藍,7,True,True,True,True,A
2012-04-05,7639.82,2431800.0,-3.6567750966608887,0.3127261234672141,0.8674698795180722,,,200268896.0,-7.060365959286359,14.8,15,藍,7,True,True,True,True,A
2012-04-06,7706.26,1921400.0,-2.7728185934127536,0.4156336514640141,0.7745309910039211,,,200224055.0,-7.081175511909148,14.4,15,藍,7,True,True,True,True,A
2012-04-09,7600.87,1478200.0,-4.050073140569064,0.2345229628739393,0.7098046422210286,,,198221212.0,-8.010643338310931,13.6,15,藍,7,True,True,True,True,A
2012-04-10,7640.68,1692200.0,-3.4956601364270035,0.2951826576181027,0.7115200984587527,,,197063562.0,-8.54787887261593,11.2,15,藍,7,True,True,True,True,A
2012-04-11,7656.67,1641000.0,-3.2352661728743772,0.3133524418823454,0.6501114897058232,,,196737454.0,-8.699217192160813,10.4,15,藍,7,True,True,True,True,A
2012-04-12,7662.92,1762800.0,-3.09559381194349,0.3157643973956873,0.6042482873728495,,,197912067.0,-8.154109566663818,13.2,15,藍,7,True,True,True,True,A
2012-04-13,7788.27,2215400.0,-1.4552874207687618,0.5138800122331678,0.6256744636323515,,,198017092.0,-8.105370170481567,14.4,15,藍,7,True,True,True,True,A
2012-04-16,7729.86,1476200.0,-2.137367219208169,0.4086670882738814,0.6265162173466672,,,197779641.0,-8.215565060868348,13.2,15,藍,7,True,True,True,True,A
2012-04-17,7585.87,1955600.0,-3.9045251154121856,0.1638072899802767,0.6475684880052086,,,195963360.0,-9.058454270459343,10.0,15,藍,7,True,True,True,True,A
2012-04-18,7605.0,1684000.0,-3.6047904401099817,0.1929693370501997,0.6533914349249003,,,195571141.0,-9.24047300153486,9.6,15,藍,7,True,True,True,True,A
2012-04-19,7622.69,1619600.0,-3.322724214297594,0.2192930394213035,0.6452631465121057,,,195283331.0,-9.37403820615484,9.6,15,藍,7,True,True,True,True,A
2012-04-20,7507.15,1825600.0,-4.7295697729683654,0.0256629132359357,0.6197852000130314,,,193857466.0,-10.03574541051004,8.4,15,藍,7,True,True,True,True,A
2012-04-23,7481.09,1621600.0,-5.000808518347136,-0.019432965655145,0.6321078004298077,,,192062968.0,-10.86852569111234,7.6,15,藍,7,True,True,True,True,A
2012-04-24,7498.84,1516400.0,-4.720250603259848,0.009666888559804,0.6042089697318144,,,191338059.0,-11.204937278325662,6.800000000000001,15,藍,7,True,True,True,True,A
2012-04-25,7563.18,1553200.0,-3.841656998764244,0.114303379026673,0.6000081118052577,,,191205404.0,-11.266499045529246,6.800000000000001,14,藍,8,True,True,True,True,A
2012-04-26,7521.35,1598600.0,-4.303583023681215,0.0423263970115738,0.6058544378609876,,,191223157.0,-11.25826033569422,7.199999999999999,14,藍,8,True,True,True,True,A
2012-04-27,7480.5,1940800.0,-4.751153784971041,-0.0291282219914149,0.6236090415456498,,,189817555.0,-11.910564003892878,5.6000000000000005,14,藍,8,True,True,True,True,A
2012-04-30,7501.72,1614600.0,-4.410413791290348,0.0030760814824414,0.632808532249873,,,188638267.0,-12.45784117642298,5.6000000000000005,14,藍,8,True,True,True,True,A
2012-05-02,7676.81,2695600.0,-2.1159268354227887,0.2938663636608648,0.7317942558286139,,,190876764.0,-11.419012401028745,6.800000000000001,14,藍,8,True,True,True,True,A
2012-05-03,7659.53,1847200.0,-2.266985181178504,0.2629802052095416,0.7666818208772311,,,191032844.0,-11.346579694948042,8.0,14,藍,8,True,True,True,True,A
2012-05-04,7700.95,2075800.0,-1.6712402115771785,0.3306274186898105,0.8131805478218472,,,191134501.0,-11.299403300778092,8.4,14,藍,8,True,True,True,True,A
2012-05-07,7538.08,1866000.0,-3.6785224019963376,0.0573759992480155,0.8133321879563611,,,192755815.0,-10.54699325191516,12.0,14,藍,8,True,True,True,True,A
2012-05-08,7545.71,1506000.0,-3.511964451960788,0.0712353746038509,0.8182320751188578,,,192982586.0,-10.441754674322729,12.0,14,藍,8,True,True,True,True,A
2012-05-09,7475.71,1653800.0,-4.335054954527926,-0.045233024288688,0.7460193074011704,,,193353844.0,-10.269463403217468,12.4,14,藍,8,True,True,True,True,A
2012-05-10,7484.01,1362200.0,-4.153552749754309,-0.0294190999768625,0.7185835148088245,,,192721447.0,-10.562942555109558,10.8,14,藍,8,True,True,True,True,A
2012-05-11,7401.37,1595600.0,-5.135327732278084,-0.1666183083576887,0.6869119677864822,,,191553978.0,-11.104734834295426,9.2,14,藍,8,True,True,True,True,A
2012-05-14,7377.18,1144200.0,-5.364917546337548,-0.2068197673031338,0.6350558378298018,,,190854645.0,-11.429277258959289,6.0,14,藍,8,True,True,True,True,A
2012-05-15,7395.64,1547000.0,-5.048809778195188,-0.1730194151176768,0.6500815999525236,,,191250261.0,-11.245682067718752,9.2,14,藍,8,True,True,True,True,A
2012-05-16,7234.57,1879600.0,-7.031493325957716,-0.4421476503096589,0.6832494112344186,,,190597321.0,-11.548694696552255,6.0,14,藍,8,True,True,True,True,A
2012-05-17,7356.77,1840600.0,-5.3795909046882295,-0.2313340964258806,0.7375237182911777,,,191179832.0,-11.27836635178178,8.799999999999999,14,藍,8,True,True,True,True,A
2012-05-18,7151.19,2143800.0,-7.93581462228798,-0.5772299336472655,0.7921004754343488,,,189296797.0,-12.15223437263438,5.2,14,藍,8,True,True,True,True,A
2012-05-21,7192.23,1296000.0,-7.325407256375136,-0.5061821131943403,0.8165287602804601,,,188817170.0,-12.374816904152633,5.2,14,藍,8,True,True,True,True,A
2012-05-22,7274.89,1506600.0,-6.182489220288848,-0.363960553979864,0.8255044744274209,,,188848902.0,-12.360090900632946,5.6000000000000005,14,藍,8,True,True,True,True,A
2012-05-23,7147.75,1546800.0,-7.736566219441684,-0.5772270122518496,0.8021753778034459,,,188403197.0,-12.566931106064128,4.8,14,藍,8,True,True,True,True,A
2012-05-24,7124.89,1644600.0,-7.947613841024944,-0.6120672626519265,0.790707164927418,,,187892362.0,-12.803996466204667,4.3999999999999995,14,藍,8,True,True,True,True,A
2012-05-25,7071.63,1330800.0,-8.552292093012827,-0.6996714298059139,0.7241641813178664,,,187369512.0,-13.046637678238843,4.3999999999999995,14,藍,9,True,True,True,True,A
2012-05-28,7136.0,1110800.0,-7.642896163881435,-0.5859437975044199,0.716043687129547,,,187353323.0,-13.054150575975523,4.3999999999999995,14,藍,9,True,True,True,True,A
2012-05-29,7342.29,2326000.0,-4.9033758025180045,-0.2330693142700427,0.8038297807874684,,,188057152.0,-12.727521673566027,5.6000000000000005,14,藍,9,True,True,True,True,A
2012-05-30,7261.8,2155200.0,-5.8744207209479615,-0.3745642572060734,0.8702521144977686,,,189039915.0,-12.271446689416948,8.0,14,藍,9,True,True,True,True,A
2012-05-31,7301.5,2517000.0,-5.286823978236482,-0.310610140241973,0.9632711094179434,,,190345489.0,-11.665563438464831,9.6,14,藍,9,True,True,True,True,A
2012-06-01,7106.09,1836600.0,-7.740064452654982,-0.651317931699864,1.0214741411627362,,,189941037.0,-11.853259189616498,9.6,14,藍,9,True,True,True,True,A
2012-06-04,6894.66,2139600.0,-10.395341265780994,-1.0159420323955883,1.1328510352777228,,,185506888.0,-13.911033479948614,3.5999999999999996,14,藍,9,True,True,True,True,A
2012-06-05,7000.45,1634000.0,-8.926329441155579,-0.837914641898072,1.0712432759057775,,,185769908.0,-13.788972675531994,4.3999999999999995,14,藍,9,True,True,True,True,A
2012-06-06,7056.15,1709000.0,-8.105752090373892,-0.7454927057496294,1.0290472927379153,,,185674943.0,-13.833043484943538,4.3999999999999995,14,藍,9,True,True,True,True,A
2012-06-07,7080.31,1657800.0,-7.699221724712105,-0.7060800077398082,0.9464883178227008,,,184867472.0,-14.20776996887287,3.5999999999999996,14,藍,9,True,True,True,True,A
2012-06-08,6999.65,1222000.0,-8.653239897246564,-0.8484057764443451,0.8965878327064143,,,184991591.0,-14.15016953931091,4.0,14,藍,9,True,True,True,True,A
2012-06-11,7120.23,1485200.0,-6.985604815189252,-0.6398560979304587,0.8335015427203782,,,185036395.0,-14.129377157434694,4.3999999999999995,14,藍,9,True,True,True,True,A
2012-06-12,7072.08,1160600.0,-7.521079580846137,-0.7236436735165437,0.7935068140064164,,,185140320.0,-14.081148242907291,4.8,14,藍,9,True,True,True,True,A
2012-06-13,7088.83,1321800.0,-7.209240768612511,-0.695451520517387,0.7564446490218641,,,,,,14,藍,9,True,True,True,True,A
2012-06-14,7075.1,1212800.0,-7.303409149783841,-0.7215126384193401,0.7124213431155637,,,184666669.0,-14.30095746681702,3.5999999999999996,14,藍,9,True,True,True,True,A
2012-06-15,7155.83,2347200.0,-6.169130253191497,-0.5826829370019544,0.8363488897900684,,,183587704.0,-14.801677320202236,3.2,14,藍,9,True,True,True,True,A
2012-06-18,7281.5,2049600.0,-4.443711378901379,-0.3679591408918385,0.9002764689848526,,,182816586.0,-15.159533313587284,3.2,14,藍,9,True,True,True,True,A
2012-06-19,7273.13,1335800.0,-4.475412799504807,-0.3881089756344504,0.92524122802927,,,182432531.0,-15.33776334263536,3.2,14,藍,9,True,True,True,True,A
2012-06-20,7334.63,1568400.0,-3.6008379293278736,-0.2861301937144727,0.958187571630349,,,182604501.0,-15.257956497013256,3.5999999999999996,14,藍,9,True,True,True,True,A
2012-06-21,7279.05,1513000.0,-4.26302522385094,-0.3885260921616724,0.9963074604370762,,,183004134.0,-14.336424772986826,4.3999999999999995,14,藍,9,True,True,True,True,A
2012-06-22,7222.05,1374600.0,-4.947271528871454,-0.4922194983159482,0.8916017919815646,,,184145350.0,-13.77739267526378,5.6000000000000005,14,藍,9,True,True,True,True,A
2012-06-25,7166.38,1277000.0,-5.60884741974801,-0.5950647991965046,0.8187404082814536,,,184479720.0,-11.2829204560438,6.0,15,藍,10,True,True,True,True,A
2012-06-26,7137.93,1349400.0,-5.9100529036922245,-0.6497310664684054,0.8287886973430408,,,185008916.0,-10.814755487971288,7.6,15,藍,10,True,True,True,True,A
2012-06-27,7183.01,1275200.0,-5.2466639207980466,-0.5787187622429324,0.7975908898670133,,,184565715.0,-10.8629821776496,6.4,15,藍,10,True,True,True,True,A
2012-06-28,7169.61,1380000.0,-5.355349008660179,-0.6092086490056364,0.790915518200848,,,185213598.0,-8.509352589416341,9.2,15,藍,10,True,True,True,True,A
2012-06-29,7296.28,1617200.0,-3.62193621520759,-0.3925953408575939,0.8264081329510697,,,184575447.0,-7.836188900746724,6.800000000000001,15,藍,10,True,True,True,True,A
2012-07-02,7345.16,1833800.0,-2.9181171159432004,-0.3124930499531057,0.8938889532769294,,,184332546.0,-7.936863030768205,6.0,15,藍,10,True,True,True,True,A
2012-07-03,7418.36,1918000.0,-1.8907140985777309,-0.1889465221615343,0.9578522870381608,,,183748478.0,-7.301304362925598,5.6000000000000005,15,藍,10,True,True,True,True,A
2012-07-04,7422.59,2111000.0,-1.7708557894543224,-0.1861509011981119,1.0532342970810191,,,183677252.0,-7.241718305811702,5.6000000000000005,15,藍,10,True,True,True,True,A
2012-07-05,7387.78,1614800.0,-2.161501145986753,-0.2511862297173489,1.0814268727705112,,,185003102.0,-6.572154892568567,9.6,15,藍,10,True,True,True,True,A
2012-07-06,7368.59,1536400.0,-2.3428978632290502,-0.2891552980370132,1.0742291466389124,,,185211788.0,-6.466767020293379,11.2,15,藍,10,True,True,True,True,A
2012-07-09,7309.96,1212400.0,-3.044144043819306,-0.395039706292488,1.0102376753675872,,,185809381.0,-6.16497842519574,13.6,15,藍,10,True,True,True,True,A
2012-07-10,7251.35,1614000.0,-3.741182853768617,-0.5003341386344656,0.9723004676024056,,,185586752.0,-6.164885798331488,12.4,15,藍,10,True,True,True,True,A
2012-07-11,7257.91,1463800.0,-3.5765082997237525,-0.4919998010123886,0.8989315116482747,,,186049905.0,-5.058830895734794,14.4,15,藍,10,True,True,True,True,A
2012-07-12,7130.93,1603400.0,-5.181917198489954,-0.7151652980061124,0.8982832272104456,,,186578639.0,-4.598072064221377,14.8,15,藍,10,True,True,True,True,A
2012-07-13,7104.27,1408400.0,-5.457885563994407,-0.7616090811235444,0.8846905642699061,,,185612832.0,-4.95203505106127,13.2,15,藍,10,True,True,True,True,A
2012-07-16,7090.04,1345000.0,-5.576839075922264,-0.7860401888429288,0.9051481166589898,,,184780062.0,-4.682514523325091,8.799999999999999,15,藍,10,True,True,True,True,A
2012-07-17,7127.0,1630200.0,-5.015747981166831,-0.7217939183641984,0.9070412933385276,,,184422383.0,-4.6192311542562345,7.199999999999999,15,藍,10,True,True,True,True,A
2012-07-18,7049.05,1416600.0,-5.982830380566052,-0.8563177579993282,0.9022087272653416,,,184616686.0,-4.518740263576038,8.799999999999999,15,藍,10,True,True,True,True,A
2012-07-19,7148.57,1587200.0,-4.582867557864231,-0.681629888020108,0.8999238632787518,,,183995862.0,-4.839822062187706,6.4,15,藍,10,True,True,True,True,A
2012-07-20,7164.68,1183400.0,-4.297634980343121,-0.6531557704902518,0.8762077971859014,,,183639084.0,-5.024342831270528,5.2,15,藍,10,True,True,True,True,A
2012-07-23,7028.73,1392000.0,-6.038493266354706,-0.8888928354428576,0.8869196149390525,,,183491624.0,-5.100607154207909,4.8,15,藍,10,True,True,True,True,A
2012-07-24,7008.35,1498200.0,-6.225802300423094,-0.9234503363061924,0.87172086473304,,,182946060.0,-5.382765495988794,4.3999999999999995,15,藍,10,True,True,True,True,A
2012-07-25,6979.13,1588400.0,-6.529829564638227,-0.971438947697948,0.9031451607879618,,,182985889.0,-5.362166474435337,4.8,15,藍,11,True,True,True,True,A
2012-07-26,6970.69,1604200.0,-6.553024442708451,-0.9829420313965704,0.9075527392783244,,,183151424.0,-5.276554005308527,5.6000000000000005,15,藍,11,True,True,True,True,A
2012-07-27,7124.49,1832200.0,-4.411316659813489,-0.7098162439903867,0.991101167867369,,,182505106.0,-5.610820956836006,3.5999999999999996,15,藍,11,True,True,True,True,A
2012-07-30,7158.88,1782200.0,-3.865535594691604,-0.6450748660828243,1.0408714451325862,,,182536396.0,-5.594638190901444,4.0,15,藍,11,True,True,True,True,A
2012-07-31,7270.49,2121200.0,-2.285560613474356,-0.4458033151648223,1.111807081883106,,,181985523.0,-5.87954227587014,3.2,15,藍,11,True,True,True,True,A
2012-08-01,7267.96,1899400.0,-2.2407711471189105,-0.4451607419945857,1.14761028384284,,,182763721.0,-5.4770687672493334,5.2,15,藍,11,True,True,True,True,A
2012-08-03,7217.51,1885600.0,-2.8447842346843446,-0.5275385517451072,1.176191044874461,,,182948020.0,-5.07127107653981,6.4,15,藍,11,True,True,True,True,A
2012-08-06,7286.33,2001000.0,-1.8436077109979816,-0.4011136920195347,1.1920696011630267,,,181634251.0,-5.1785544229209375,3.2,15,藍,11,True,True,True,True,A
2012-08-07,7295.46,1793000.0,-1.652290481711018,-0.379297238701421,1.1855126014132158,,,180253636.0,-5.7498614341760295,2.0,15,藍,11,True,True,True,True,A
2012-08-08,7319.8,2231000.0,-1.2636323443236432,-0.3287083633616809,1.1906375352225214,,,179104954.0,-6.3504786537258635,1.6,15,藍,11,True,True,True,True,A
2012-08-09,7433.7,2654200.0,0.3205848425721844,-0.1216859390779933,1.272279870742428,,,177599147.0,-7.103618021800543,1.2,15,藍,11,False,True,False,True,A
2012-08-10,7441.12,2080400.0,0.4430600026715967,-0.1028539359507423,1.2926281813831395,,,178010748.0,-6.88832282267096,1.6,15,藍,11,False,True,False,True,A
2012-08-13,7436.3,1704200.0,0.3843122334813525,-0.1050193302754739,1.2625278793960957,,,178183345.0,-6.389509971523412,2.0,15,藍,11,False,True,False,True,A
2012-08-14,7479.25,2058600.0,0.964860257127768,-0.0235394382880157,1.2847254931702603,,,178300408.0,-6.328009696095293,2.4,15,藍,11,False,True,False,True,A
2012-08-15,7467.74,1840400.0,0.8241050907819791,-0.0363948861898877,1.2338411777694231,,,178517070.0,-6.214184040894187,2.8000000000000003,15,藍,11,False,True,False,True,A
2012-08-16,7490.21,2097200.0,1.1399806303868198,0.0089432369116085,1.1610062022098464,,,178767580.0,-6.08257598371559,3.2,15,藍,11,False,True,False,True,A
2012-08-17,7467.92,1945200.0,0.8482105978646826,-0.0247309767696891,1.1415631755850468,,,178892719.0,-6.016832896943515,4.0,15,藍,11,False,True,False,True,A
2012-08-20,7431.91,1526800.0,0.3829352800092984,-0.0816497742887934,1.1184058210682983,,,178859798.0,-6.034128289743709,4.0,15,藍,11,False,True,False,True,A
2012-08-21,7506.81,1986600.0,1.4105975397650066,0.0582199974380015,1.1004143837822329,,,178876598.0,-6.025302233456134,4.3999999999999995,15,藍,11,False,True,False,True,A
2012-08-22,7496.58,1721000.0,1.2858180134217938,0.0472195658102202,1.09288398631853,,,179594372.0,-5.64821213073245,5.6000000000000005,15,藍,11,False,True,False,True,A
2012-08-23,7505.17,1747800.0,1.4078945077825764,0.0689899820037272,1.0559451174435452,,,179990167.0,-5.440277074283594,6.0,15,藍,11,False,True,False,True,A
2012-08-24,7477.53,1779200.0,1.0270822560757402,0.0264000052815064,1.0439020128044227,,,180756105.0,-5.0378835087602205,7.199999999999999,15,藍,11,False,True,False,True,A
2012-08-27,7468.22,1568200.0,0.8928113114726429,0.019135904369044,1.051637284612352,,,181286241.0,-4.55656983698578,8.0,16,藍,12,False,True,False,True,A
2012-08-28,7361.94,1746800.0,-0.5328703738882358,-0.1637120060805096,1.0270054170747795,,,181147288.0,-2.911025093285197,8.0,16,藍,12,True,True,True,True,A
2012-08-29,7391.15,1451600.0,-0.1321811787223664,-0.0998167845889289,0.9965115207926978,,,181745680.0,-2.5903067070823687,10.0,16,藍,12,True,True,True,True,A
2012-08-30,7371.44,1892600.0,-0.3963763297371059,-0.1273089027578741,1.0120493487594848,,,182934483.0,-1.9531474875856505,13.2,16,藍,12,True,True,True,True,A
2012-08-31,7397.06,1582800.0,-0.0476011162126227,-0.0724853338841314,0.989235868702003,,,182926954.0,-1.95718278339462,13.2,16,藍,12,True,True,True,True,A
2012-09-03,7450.53,1820400.0,0.6818468019295866,0.0332676476540511,1.0134402348014389,,,183360364.0,-1.724889310613955,16.0,16,藍,12,False,True,False,True,A
2012-09-04,7451.35,1888800.0,0.7035336568377473,0.0428074536398933,1.0262640346516514,,,183933183.0,-1.4178772094055203,18.8,16,藍,12,False,True,False,True,A
2012-09-05,7367.44,1910000.0,-0.4103626622506712,-0.1038438773345471,1.0727758140046946,,,185541255.0,-0.5560036269746829,26.8,16,藍,12,True,True,True,True,A
2012-09-06,7326.72,1820200.0,-0.9377088895507572,-0.1710821652115193,1.0590472464051648,,,185770436.0,-0.4331701658516224,29.2,16,藍,12,True,True,True,True,A
2012-09-07,7424.91,2176200.0,0.407924273748863,0.0213456990174335,1.118164533778323,,,185971424.0,-0.3254472233555096,30.0,16,藍,12,False,True,False,True,A
2012-09-10,7482.74,2304200.0,1.1937337407881052,0.1394935730051884,1.1749135243295228,,,186684823.0,0.0,31.2,16,藍,12,False,True,False,True,A
2012-09-11,7485.13,1837000.0,1.2195974808444283,0.154292538131294,1.17130150440363,,,186886355.0,0.0,32.0,16,藍,12,False,True,False,True,A
2012-09-12,7570.45,2700400.0,2.371064466132063,0.3232393955624095,1.2469128227154889,,,187633647.0,0.0,33.2,16,藍,12,False,True,False,True,A
2012-09-13,7578.8,2330000.0,2.482290149404648,0.3468599067334697,1.2961014238940074,,,187452463.0,-0.0965626383630437,33.2,16,藍,12,False,True,False,True,A
2012-09-14,7738.05,3645800.0,4.6284911562480735,0.6523997247002973,1.4348264127287382,,,187155041.0,-0.255074720154003,32.4,16,藍,12,False,True,False,True,A
2012-09-17,7762.22,3299400.0,4.934253780460959,0.7034873969958596,1.5189586662952157,,,188053265.0,0.0,34.8,16,藍,12,False,True,False,True,A
2012-09-18,7734.26,2445600.0,4.5276854608569455,0.6587856803074734,1.569082293803076,,,189546956.0,0.0,38.4,16,藍,12,False,True,False,True,A
2012-09-19,7781.91,2740400.0,5.1491470748966055,0.75639251521612,1.5538371722366882,,,190601518.0,0.0,40.8,16,藍,12,False,True,False,True,A
2012-09-20,7727.55,2531400.0,4.406162021404581,0.6566258302772253,1.5579533440649422,,,191414827.0,0.0,45.6,16,藍,12,False,True,False,True,A
2012-09-21,7754.59,2249600.0,4.756000985501472,0.7140232494550198,1.398831354837576,,,191901333.0,0.0,47.2,16,藍,12,False,True,False,True,A
2012-09-24,7768.3,2099200.0,4.925590800920354,0.7457072606866061,1.266914576205934,,,192941800.0,0.0,49.6,16,藍,12,False,True,False,True,A
2012-09-25,7734.13,2068400.0,4.452872382749296,0.683067943850305,1.224795587983612,,,192915664.0,-0.0135460537840944,49.6,15,藍,13,False,True,False,True,A
2012-09-26,7669.63,2122800.0,3.561399625274906,0.5655239048494763,1.1580114426767911,,,193570361.0,0.0,51.2,15,藍,13,False,True,False,True,A
2012-09-27,7683.8,1925200.0,3.71701771030641,0.6010418884806514,1.0963816082400784,,,193842088.0,0.0,51.6,15,藍,13,False,True,False,True,A
2012-09-28,7715.16,2022400.0,4.09321939362579,0.6710743006550767,1.0687758698984429,,,193162032.0,-0.3508298982004362,50.8,15,藍,13,False,True,False,True,A
2012-10-01,7675.72,1410200.0,3.528365138948588,0.5975181074976613,0.997944680554588,,,193398899.0,-0.2286340415400395,51.6,15,藍,13,False,True,False,True,A
2012-10-02,7718.68,1613000.0,4.075698905449325,0.6878663099954001,0.9470477658416692,,,193421597.0,-0.216924510222981,52.0,15,藍,13,False,True,False,True,A
2012-10-03,7684.63,1531200.0,3.588534048493224,0.6223849307414703,0.8860726512873691,,,193338603.0,-0.2597397733354998,51.2,15,藍,13,False,True,False,True,A
2012-10-04,7682.34,1783200.0,3.5321554190107975,0.6209123938774536,0.8688633064613914,,,193919410.0,0.0,54.0,15,藍,13,False,True,False,True,A
2012-10-05,7690.65,1803200.0,3.606353317014252,0.6436554857430927,0.8446200534320125,,,194032741.0,0.0,54.8,15,藍,13,False,True,False,True,A
2012-10-08,7615.89,1545200.0,2.567812026470524,0.495690503110873,0.8576121480718978,,,193604402.0,-0.2207560424042043,53.2,15,藍,13,False,True,False,True,A
2012-10-09,7592.01,1845000.0,2.213010545573824,0.4545106327508533,0.8778635537387637,,,192543023.0,-0.7677663018737647,48.4,15,藍,13,False,True,False,True,A
2012-10-11,7451.72,1956600.0,0.3069826680412523,0.1662262336757212,0.919178009366838,,,191838585.0,-1.130817401584818,46.8,15,藍,13,False,True,False,True,A
2012-10-12,7437.04,1560800.0,0.0972454920558834,0.1387425308125069,0.8951873965901733,,,191579806.0,-1.2641861303191095,46.400000000000006,15,藍,13,False,True,False,True,A
2012-10-15,7418.9,1186200.0,-0.1479913122870824,0.1037040135703297,0.8346461294142518,,,190930991.0,-1.5985704185872425,42.8,15,藍,13,True,True,True,True,A
2012-10-16,7471.02,1487000.0,0.5486991482607263,0.2192872621579165,0.8264881590112367,,,191203334.0,-1.458211117060909,44.4,15,藍,13,False,True,False,True,A
2012-10-17,7464.4,1839800.0,0.4576532205040793,0.2066514856406156,0.8227953155257738,,,191513185.0,-1.2985210573302164,46.8,15,藍,13,False,True,False,True,A
2012-10-18,7465.41,1300800.0,0.465441256023942,0.2102351681633487,0.7568776973248695,,,191015502.0,-1.5550153981487074,43.2,15,藍,13,False,True,False,True,A
2012-10-19,7408.76,1410400.0,-0.2941134972951182,0.0887560626138883,0.7425721711034629,,,191069534.0,-1.5271685514147326,44.0,15,藍,13,True,True,True,True,A
2012-10-22,7373.04,1241400.0,-0.7755517367516351,0.0140246169011074,0.7505787046982056,,,190482592.0,-1.829664922375137,40.400000000000006,15,藍,13,True,True,True,True,A
2012-10-23,7337.48,1201000.0,-1.2532642832727965,-0.0613023384908638,0.7250214687937907,,,190408115.0,-1.8680486506140732,40.400000000000006,15,藍,13,True,True,True,True,A
2012-10-24,7314.88,1380800.0,-1.561150834077513,-0.1091596215638775,0.6797933210805562,,,190421550.0,-1.8611245614470808,40.8,15,藍,13,True,True,True,True,A
2012-10-25,7262.08,1509400.0,-2.2720967743090292,-0.2241292070570952,0.7052351393893121,,,188987096.0,-2.6004090721988,37.6,20,黃藍,14,True,True,True,True,A
2012-10-26,7134.06,2529400.0,-3.977519202356049,-0.503543445015753,0.8177785174513852,,,184307187.0,-5.012326244466133,20.0,20,黃藍,14,True,True,True,True,A
2012-10-29,7091.67,1832200.0,-4.527540032541745,-0.590690422675731,0.8796386871188627,,,179974198.0,-7.245448849274361,6.0,20,黃藍,14,True,True,True,True,A
2012-10-30,7182.59,1781000.0,-3.285121879282599,-0.3769299560765588,0.9417930574284404,,,178725805.0,-7.888841811496134,3.2,20,黃藍,14,True,True,True,True,A
2012-10-31,7166.05,1588000.0,-3.487086624581189,-0.4086516420785821,0.9651155301085058,,,176972438.0,-8.792486727794047,1.2,20,黃藍,14,True,True,True,True,A
2012-11-01,7179.64,1918000.0,-3.28131597373478,-0.3718229611943821,1.0105468218142208,,,176817513.0,-8.872331499970924,1.2,20,黃藍,14,True,True,True,True,A
2012-11-02,7210.47,1967600.0,-2.846249565329303,-0.2974494710340271,0.9574442303943692,,,175883893.0,-9.35349771717135,1.2,20,黃藍,14,True,True,True,True,A
2012-11-05,7185.36,1253800.0,-3.161791705776245,-0.3498546598722034,0.903054618013543,,,175072500.0,-9.771670957325702,0.4,20,黃藍,14,True,True,True,True,A
2012-11-06,7236.68,1262000.0,-2.451119635678333,-0.2300297239229228,0.8512991544973602,,,174780937.0,-9.921935803607496,0.4,20,黃藍,14,True,True,True,True,A
2012-11-07,7287.18,1593400.0,-1.761219954498244,-0.1131573675600904,0.8554080007703679,,,174226323.0,-10.207771068904291,0.4,20,黃藍,14,True,True,True,True,A
2012-11-08,7242.63,1573400.0,-2.3428108838733195,-0.2129831042096352,0.8204906369986915,,,,,,20,黃藍,14,True,True,True,True,A
2012-11-09,7293.22,1911000.0,-1.643245932289379,-0.0978568224978836,0.815777835471482,,,174825661.0,-9.898886085415864,1.2,20,黃藍,14,True,True,True,True,A
2012-11-12,7267.75,1519200.0,-1.96912389500848,-0.1551103037406177,0.847521905189845,,,174728206.0,-9.949112144944651,0.8,20,黃藍,14,True,True,True,True,A
2012-11-13,7136.05,1702800.0,-3.7234375823829233,-0.4593390919081487,0.8936447407380822,,,174805470.0,-9.90929206117848,1.6,20,黃藍,14,True,True,True,True,A
2012-11-14,7159.75,1287400.0,-3.395922961592378,-0.4057781045809475,0.8661312953830096,,,174981608.0,-9.818514598007972,2.4,20,黃藍,14,True,True,True,True,A
2012-11-15,7143.84,1327800.0,-3.5989654782214795,-0.4418101866147713,0.8425115940216712,,,174987204.0,-9.815630548660858,2.8000000000000003,20,黃藍,14,True,True,True,True,A
2012-11-16,7130.07,1422200.0,-3.764233292125943,-0.4743340930821266,0.7916970363436424,,,174572369.0,-10.02942694088932,0.8,20,黃藍,14,True,True,True,True,A
2012-11-19,7129.04,1214400.0,-3.759325154724538,-0.4777160413960817,0.7623693456181795,,,173605246.0,-10.527859831655936,0.4,20,黃藍,14,True,True,True,True,A
2012-11-20,7145.77,1228800.0,-3.520878670146225,-0.4412975000899719,0.7126184838466106,,,,,,20,黃藍,14,True,True,True,True,A
2012-11-21,7088.49,1433800.0,-4.278775169545703,-0.5761807113816351,0.7308129885549709,,,172548850.0,-11.072301967841602,0.4,20,黃藍,14,True,True,True,True,A
2012-11-22,7105.76,1171600.0,-4.038929628600608,-0.5336109370523952,0.7154284577070423,,,172352050.0,-11.173728149312698,0.4,20,黃藍,14,True,True,True,True,A
2012-11-23,7326.01,2264600.0,-1.0796641671334868,-0.0149589711546265,0.8058045429253001,,,171854630.0,-11.430086945996395,0.4,20,黃藍,14,True,True,True,True,A
2012-11-26,7407.37,2199600.0,-0.0030908800710827,0.1781760682872758,0.9092094378797092,,,171642856.0,-11.539230381742636,0.4,19,黃藍,15,True,True,True,True,A
2012-11-27,7430.2,1985400.0,0.271332049113912,0.2296889614522435,0.990613513040434,,,171778178.0,-11.469488543688614,0.8,19,黃藍,15,False,True,False,True,A
2012-11-28,7434.93,1973000.0,0.3042721981650175,0.2333487164469355,1.048796707411058,,,172813785.0,-10.93576057867471,2.4,19,黃藍,15,False,True,False,True,A
2012-11-29,7503.55,2635600.0,1.1907575924537073,0.3974461155974428,1.200897018445349,,,171964181.0,-11.373626887021093,1.6,19,黃藍,15,False,True,False,True,A
2012-11-30,7580.17,3157800.0,2.1864734921533713,0.5837409095651617,1.2823734542235574,,,170820079.0,-11.963270672963384,0.4,19,黃藍,15,False,True,False,True,A
2012-12-03,7599.91,2437800.0,2.4188254757856833,0.627826366944579,1.3048798111662412,,,171019475.0,-11.86050657296028,0.8,19,黃藍,15,False,True,False,True,A
2012-12-04,7600.98,2494600.0,2.394781117317003,0.6242944158645141,1.3570839530140977,,,172260235.0,-11.221047482909082,2.8000000000000003,19,黃藍,15,False,True,False,True,A
2012-12-05,7649.05,3147200.0,3.016234762242254,0.7393042752320528,1.4654680666765258,,,173072781.0,-10.802280013144792,4.3999999999999995,19,黃藍,15,False,True,False,True,A
2012-12-06,7623.26,2726600.0,2.6422148315885137,0.6646101446519078,1.474740682981094,,,173230606.0,-10.720940647846644,4.8,19,黃藍,15,False,True,False,True,A
2012-12-07,7642.26,2334600.0,2.8678887803196726,0.7057226147148145,1.387746193786852,,,173720594.0,-10.468412132568904,5.6000000000000005,19,黃藍,15,False,True,False,True,A
2012-12-10,7609.5,1913200.0,2.3909147149384373,0.6144791761177683,1.35297513615151,,,174377493.0,-10.129861537130994,6.4,19,黃藍,15,False,True,False,True,A
2012-12-11,7613.69,2256200.0,2.415284798560692,0.6197342752678042,1.339900517977668,,,173598767.0,-10.531198958839632,5.2,19,黃藍,15,False,True,False,True,A
2012-12-12,7690.19,2206800.0,3.4049697196045408,0.8178918779208928,1.2407747926599733,,,174354615.0,-10.141652330727007,6.800000000000001,19,黃藍,15,False,True,False,True,A
2012-12-13,7757.09,2968600.0,4.256093756442859,0.992736221568495,1.2644194161864104,,,176132231.0,-9.225510039050574,12.0,19,黃藍,15,False,True,False,True,A
2012-12-14,7698.77,2683200.0,3.4305783929589815,0.8351829382837291,1.3003782138719262,,,176975975.0,-8.790663839563036,13.2,19,黃藍,15,False,True,False,True,A
2012-12-17,7631.28,2267000.0,2.4833940287799163,0.6518295326362671,1.338418632806307,,,178248850.0,-8.134653419136104,14.8,19,黃藍,15,False,True,False,True,A
2012-12-18,7643.74,2017800.0,2.6109732062574205,0.68205773372471,1.3136118357831956,,,178595098.0,-7.95620518497958,16.0,19,黃藍,15,False,True,False,True,A
2012-12-19,7677.47,2504600.0,3.013275192516489,0.7723857248325757,1.3405550626932787,,,179074707.0,-7.709025766945178,18.8,19,黃藍,15,False,True,False,True,A
2012-12-20,7595.46,2252400.0,1.868591633171114,0.5416028407563209,1.2619150974194868,,,179358226.0,-7.562906612755628,19.6,19,黃藍,15,False,True,False,True,A
2012-12-21,7519.93,2356200.0,0.8076526932983098,0.3278958539533341,1.2219976735085527,,,179895924.0,-7.285789463748285,20.4,19,黃藍,15,False,True,False,True,A
2012-12-24,7535.52,1590800.0,0.9693839076386468,0.3699948817758413,1.1539508828071887,,,179930275.0,-7.268085750538359,20.8,19,黃藍,15,False,True,False,True,A
2012-12-25,7636.57,1870600.0,2.286629902770277,0.6598027487770732,1.133428012540529,,,180055129.0,-7.203738878275187,22.0,21,黃藍,16,False,True,False,True,A
2012-12-26,7634.19,1974200.0,2.2181767052335117,0.6508284641687856,1.0731154879618798,,,180063370.0,-7.199491656926085,22.4,21,黃藍,16,False,True,False,True,A
2012-12-27,7648.41,1801600.0,2.3790935193111986,0.6900680616068252,1.022490731743711,,,180489678.0,-6.97978234508371,23.6,21,黃藍,16,False,True,False,True,A
2012-12-28,7699.5,1978600.0,3.029486818335609,0.8377070624025729,0.9805433394807774,,,180334927.0,-7.059537441673309,23.6,21,黃藍,16,False,True,False,True,A
2013-01-02,7779.22,2194600.0,4.05758140518489,1.0682060296745204,1.0411732584996385,,,180297891.0,-7.078624941962759,23.6,21,黃藍,16,False,True,False,True,A
2013-01-03,7836.84,2964400.0,4.78458622325371,1.2321012209374695,1.142818247980271,,,180691121.0,-6.875963268487766,24.8,21,黃藍,16,False,True,False,True,A
2013-01-04,7805.99,2696800.0,4.331298976430334,1.131529654290088,1.2094963550184328,,,181997974.0,-5.994919475023094,28.799999999999997,21,黃藍,16,False,True,False,True,A
2013-01-07,7755.09,2421000.0,3.61315826038307,0.9704894005022912,1.2687756447199052,,,183197195.0,-4.853890758742268,34.4,21,黃藍,16,False,True,False,True,A
2013-01-08,7721.66,2211200.0,3.1296788203795964,0.862389773452595,1.285642220567393,,,184412487.0,-3.87101374835516,39.6,21,黃藍,16,False,True,False,True,A
2013-01-09,7738.64,2471400.0,3.320270643931168,0.9017711680229404,1.29980720666902,,,184615638.0,-3.635126345205715,41.6,21,黃藍,16,False,True,False,True,A
2013-01-10,7811.64,3319400.0,4.257004880125345,1.1071553688388416,1.3155011580998472,,,184285527.0,-3.773974100007788,38.8,21,黃藍,16,False,True,False,True,A
2013-01-11,7819.15,2405200.0,4.318328250850831,1.1140734329805242,1.2802147629573817,,,184163516.0,-3.837683029500031,38.8,21,黃藍,16,False,True,False,True,A
2013-01-14,7823.97,2142800.0,4.341933625718404,1.1140156613305965,1.2437420614405277,,,184839344.0,-3.4847945325539857,44.0,21,黃藍,16,False,True,False,True,A
2013-01-15,7765.02,2520200.0,3.5233956298771747,0.9186085209881576,1.262790926053226,,,185639019.0,-2.8421668731342593,49.6,21,黃藍,16,False,True,False,True,A
2013-01-16,7700.43,2272200.0,2.6342452403720835,0.7097100173198497,1.2328292222146482,,,186065205.0,-2.619114044628381,52.400000000000006,21,黃藍,16,False,True,False,True,A
2013-01-17,7616.64,2929200.0,1.494189812619846,0.4440985369601324,1.1783057900844305,,,183685778.0,-3.5682074296847035,37.2,21,黃藍,16,False,True,False,True,A
2013-01-18,7732.87,2113400.0,3.0127201920256423,0.782909330070046,1.1435782050098815,,,183616664.0,-3.5735902790414213,36.0,21,黃藍,16,False,True,False,True,A
2013-01-21,7724.92,1515400.0,2.8727575643980976,0.7427947477169374,1.083625578390626,,,183279237.0,-3.75079028607844,34.8,21,黃藍,16,False,True,False,True,A
2013-01-22,7759.1,1580400.0,3.29832809037949,0.8289417336045108,1.001463790817398,,,182976122.0,-3.180626681516922,33.2,21,黃藍,16,False,True,False,True,A
2013-01-23,7744.18,1655600.0,3.0716753566420696,0.7646155057963948,0.9434846830646716,,,182174196.0,-2.091207219533604,29.2,21,黃藍,16,False,True,False,True,A
2013-01-24,7695.99,1862000.0,2.4145529096996925,0.6025906889275432,0.8401318903480975,,,182424379.0,-1.9567473671393851,29.6,21,黃藍,16,False,True,False,True,A
2013-01-25,7672.58,1697200.0,2.0945731777315313,0.51812672281298,0.7993638895078641,,,182072163.0,-2.1460444471603384,28.799999999999997,22,黃藍,17,False,True,False,True,A
2013-01-28,7714.67,1602400.0,2.645600690399763,0.6363187056655825,0.8097805735335006,,,181662636.0,-2.366143094836028,27.200000000000003,22,黃藍,17,False,True,False,True,A
2013-01-29,7802.0,1904200.0,3.7992869933580975,0.8912314750273034,0.8414332943128754,,,180658953.0,-2.9055685075562625,24.4,22,黃藍,17,False,True,False,True,A
2013-01-30,7832.98,2252800.0,4.202689720271582,0.9713411392058232,0.891887106370964,,,180476907.0,-3.0034084019094274,23.6,22,黃藍,17,False,True,False,True,A
2013-01-31,7850.02,2116800.0,4.420370385692213,1.0100599513286497,0.910069474701544,,,179641089.0,-3.452615441989812,19.6,22,黃藍,17,False,True,False,True,A
2013-02-01,7855.97,1838800.0,4.491258953589051,1.0151030617660306,0.9217384154132248,,,178627429.0,-3.9974029534431224,15.6,22,黃藍,17,False,True,False,True,A
2013-02-04,7923.16,2678600.0,5.381959046357202,1.2094165011037945,1.0149768465539457,,,177863245.0,-4.4081105868235815,13.2,22,黃藍,17,False,True,False,True,A
2013-02-05,7886.94,2316000.0,4.90154557928489,1.090663971673631,1.0503747990055363,,,176879741.0,-4.936690876727865,12.0,22,黃藍,17,False,True,False,True,A
2013-02-06,7906.65,2554200.0,5.161218686033121,1.1429443922223146,1.069980995724813,,,173453831.0,-6.777932499523487,5.2,22,黃藍,17,False,True,False,True,A
2013-02-18,7943.53,2578000.0,5.650014556464808,1.2484270308483087,1.1053774168814492,,,173623666.0,-6.686655358265399,6.4,22,黃藍,17,False,True,False,True,A
2013-02-19,7960.88,2308600.0,5.876445982709404,1.2933343689112222,1.1398166819431714,,,174330872.0,-6.306570323021974,7.6,22,黃藍,17,False,True,False,True,A
2013-02-20,8029.1,2992000.0,6.782388660763917,1.4976397715593983,1.153875046951296,,,174979852.0,-5.957778618522469,10.8,22,黃藍,17,False,True,False,True,A
2013-02-21,7957.46,2235600.0,5.824677511654527,1.2647310608808646,1.1396067095659892,,,175465126.0,-5.696970048752533,12.4,22,黃藍,17,False,True,False,True,A
2013-02-22,7947.72,2307600.0,5.692147121821929,1.2255832398070667,1.1083404961528966,,,176029213.0,-5.393803747455093,13.2,22,黃藍,17,False,True,False,True,A
2013-02-25,7947.68,2144800.0,5.692016606304623,1.217439343927945,1.0624518118735544,,,177044124.0,-4.848343891056901,15.6,19,黃藍,18,False,True,False,True,A
2013-02-26,7880.9,1918400.0,4.806207976678941,1.0014960750452837,1.0242060939838724,,,176602880.0,-5.085488713486221,14.000000000000002,19,黃藍,18,False,True,False,True,A
2013-02-27,7897.98,1921400.0,5.039145121657737,1.051525835477061,0.924564479820142,,,176294310.0,-5.251328425430215,14.000000000000002,19,黃藍,18,False,True,False,True,A
2013-03-01,7964.63,2114200.0,5.924016429935902,1.2566952063837784,0.9149100159131603,,,176188859.0,-5.308002643481891,14.000000000000002,19,黃藍,18,False,True,False,True,A
2013-03-04,7867.34,2278000.0,4.635248376825918,0.94046786171241,0.9117839161392172,,,176308651.0,-5.243620912357041,14.8,19,黃藍,18,False,True,False,True,A
2013-03-05,7932.71,2246200.0,5.515260426742675,1.1485301679486033,0.918938829204122,,,176738076.0,-5.01282816419115,15.6,19,黃藍,18,False,True,False,True,A
2013-03-06,7950.3,2329600.0,5.7586855373056105,1.2004016043329897,0.952518686227372,,,177151769.0,-4.790490516483187,18.0,19,黃藍,18,False,True,False,True,A
2013-03-07,7960.51,2261400.0,5.9048460900461635,1.2301438156967857,0.9849458090056166,,,177946631.0,-4.363295114742169,19.2,19,黃藍,18,False,True,False,True,A
2013-03-08,8015.14,2719000.0,6.63104126603231,1.3997319513396376,1.0413335132312995,,,178559604.0,-4.033855228332454,21.6,19,黃藍,18,False,True,False,True,A
2013-03-11,8038.72,2878800.0,6.939009160656859,1.4646403085837911,1.0906730714412058,,,179613043.0,-3.4676886524807258,26.4,19,黃藍,18,False,True,False,True,A
2013-03-12,7994.71,2738000.0,6.348359239234647,1.3072215103636924,1.1317952983408484,,,179651562.0,-3.44698677004118,27.200000000000003,19,黃藍,18,False,True,False,True,A
2013-03-13,7995.51,2224400.0,6.358381422922808,1.3010934542079722,1.1301941011582604,,,180238709.0,-3.1314269640043664,30.0,19,黃藍,18,False,True,False,True,A
2013-03-14,7951.76,2150200.0,5.7800236739432584,1.1457423250791514,1.1251560208558942,,,181061948.0,-2.6889804571467297,33.6,19,黃藍,18,False,True,False,True,A
2013-03-15,7927.49,2530400.0,5.457170066447818,1.0521621011367197,1.1068619405898583,,,180763407.0,-2.849430123165693,33.6,19,黃藍,18,False,True,False,True,A
2013-03-18,7811.34,2031400.0,3.924234460301955,0.6542053459244349,1.0310584605601711,,,180351674.0,-3.07071437671541,31.6,19,黃藍,18,False,True,False,True,A
2013-03-19,7838.47,1804200.0,4.301098081266538,0.7446579748825447,0.9517533495592996,,,180813143.0,-2.8226997089541808,34.4,19,黃藍,18,False,True,False,True,A
2013-03-20,7798.03,1954200.0,3.7808653127423,0.6032738960849235,0.9295440791547124,,,181887144.0,-2.245482168468844,37.2,19,黃藍,18,False,True,False,True,A
2013-03-21,7811.84,1695800.0,3.9781131864395087,0.6501990088817017,0.8976559314210943,,,182227304.0,-2.0626645374131076,39.2,19,黃藍,18,False,True,False,True,A
2013-03-22,7796.22,1727200.0,3.783892824817906,0.5943171219387214,0.8316089887572835,,,182727290.0,-1.7939490621043306,41.6,19,黃藍,18,False,True,False,True,A
2013-03-25,7856.12,1806800.0,4.587778811835478,0.8079023649538779,0.8141534671103087,,,182632373.0,-1.84496182400143,41.6,20,黃藍,19,False,True,False,True,A
2013-03-26,7856.36,1850200.0,4.5979687291647435,0.8112236816681141,0.819356730626793,,,,,,20,黃藍,19,False,True,False,True,A
2013-03-27,7894.12,1851200.0,5.109979664044639,0.949724477784233,0.8140351303602813,,,182047858.0,-2.1591070721685983,38.4,20,黃藍,19,False,True,False,True,A
2013-03-28,7866.88,1813200.0,4.758981634377118,0.856563465216264,0.8274960181071338,,,181983169.0,-2.1938739164047356,37.6,20,黃藍,19,False,True,False,True,A
2013-03-29,7918.61,1594000.0,5.450594885970342,1.0450860379255924,0.8200783707710139,,,182009507.0,-2.1797186636802945,38.8,20,黃藍,19,False,True,False,True,A
2013-04-01,7899.24,1560000.0,5.199945499587179,0.9769312382621916,0.7975649027034487,,,181323026.0,-2.5486651305922567,36.0,20,黃藍,19,False,True,False,True,A
2013-04-02,7913.18,1638000.0,5.392606431325309,1.031703336209279,0.7794312154072326,,,180422085.0,-3.0328722664723906,32.0,20,黃藍,19,False,True,False,True,A
2013-04-03,7942.35,1919600.0,5.777183275769832,1.1369009065581137,0.7860653394683215,,,179801134.0,-3.366599897062968,27.6,20,黃藍,19,False,True,False,True,A
2013-04-08,7752.79,2561600.0,3.2625135845895668,0.4300396908782914,0.8501101614376908,,,177600502.0,-4.549320760966565,18.8,20,黃藍,19,False,True,False,True,A
2013-04-09,7728.54,1888800.0,2.9468874547639476,0.3391301214653485,0.8777377703369035,,,176073534.0,-5.369983603328736,13.6,20,黃藍,19,False,True,False,True,A
2013-04-10,7752.8,1736400.0,3.270482181880334,0.4301935844206911,0.8970623885699205,,,175409321.0,-5.726962222732617,12.4,20,黃藍,19,False,True,False,True,A
2013-04-11,7857.98,1842000.0,4.659357484313587,0.821288131732041,0.9237969362771652,,,175538925.0,-5.657307071464544,13.2,20,黃藍,19,False,True,False,True,A
2013-04-12,7821.63,1677600.0,4.168814201296917,0.6815507881245059,0.9084901863516814,,,175066888.0,-5.91100146854432,12.0,20,黃藍,19,False,True,False,True,A
2013-04-15,7763.53,1634200.0,3.3860771677782555,0.4599224351353981,0.8267620135863083,,,173975376.0,-6.497630225919994,7.199999999999999,20,黃藍,19,False,True,False,True,A
2013-04-16,7801.05,1548000.0,3.8768531912637143,0.5980506637410412,0.7988248584718111,,,173392581.0,-6.810851066968701,5.2,20,黃藍,19,False,True,False,True,A
2013-04-17,7809.07,1906600.0,3.975205566951705,0.6248641546196294,0.8185846598581237,,,173576460.0,-6.712026034099175,6.0,20,黃藍,19,False,True,False,True,A
2013-04-18,7791.35,1784600.0,3.73217428484705,0.5528302256176385,0.8231375682257924,,,174042347.0,-6.461636929913897,8.4,20,黃藍,19,False,True,False,True,A
2013-04-19,7930.8,2033800.0,5.580764255097881,1.0697215898985764,0.8599883174750298,,,175507793.0,-5.674038840308697,15.2,20,黃藍,19,False,True,False,True,A
2013-04-22,7970.38,1947200.0,6.0940944740625,1.2023725016464746,0.8916115868311245,,,175942822.0,-5.440234244763818,16.400000000000002,20,黃藍,19,False,True,False,True,A
2013-04-23,7942.77,1876400.0,5.706489250436703,1.0810917586273228,0.9281839920679666,,,176604728.0,-5.084495513279874,19.6,20,黃藍,19,False,True,False,True,A
2013-04-24,8023.71,2412000.0,6.759884222970344,1.364053512469454,0.9762065433219568,,,176923026.0,-4.913427526656582,21.2,20,黃藍,19,False,True,False,True,A
2013-04-25,8021.75,1941400.0,6.711141120168689,1.3366705717520648,0.9994192533817072,,,177531625.0,-3.3503698909122948,23.200000000000003,18,黃藍,20,False,True,False,True,A
2013-04-26,8022.06,2227800.0,6.686034243997914,1.3175620800615429,1.0174583099730108,,,177778396.0,-3.1795959434270085,24.4,18,黃藍,20,False,True,False,True,A
2013-04-29,8029.74,1796200.0,6.7570129157672705,1.325889041736061,1.000403265146834,,,177177132.0,-3.329403319155023,23.200000000000003,18,黃藍,20,False,True,False,True,A
2013-04-30,8093.66,2283200.0,7.572813692338697,1.5380085028989692,1.0341830316866452,,,176807654.0,-3.371187416465194,20.4,18,黃藍,20,False,True,False,True,A
2013-05-02,8128.51,2151000.0,8.003544271093272,1.6379198422125134,1.004839195389157,,,177632074.0,-2.7884264030840713,25.2,18,黃藍,20,False,True,False,True,A
2013-05-03,8135.03,2032400.0,8.054932475758708,1.6314907937029874,1.0122430337893582,,,177538005.0,-2.839906945481433,24.4,18,黃藍,20,False,True,False,True,A
2013-05-06,8169.05,1971000.0,8.467128290591567,1.7235582137884389,0.9852950615540635,,,178138818.0,-2.511103842233965,27.6,18,黃藍,20,False,True,False,True,A
2013-05-07,8163.06,1872600.0,8.34953684344565,1.6679249438304955,0.99050345612712,,,178122997.0,-2.5197621001219908,27.6,18,黃藍,20,False,True,False,True,A
2013-05-08,8267.09,2467800.0,9.695964682482224,2.0020549996575343,1.003709188170766,,,177897435.0,-2.643203979000619,26.8,18,黃藍,20,False,True,False,True,A
2013-05-09,8285.89,2414000.0,9.908882920415667,2.022502136332228,1.0275420389800802,,,177553558.0,-2.8313953542462102,24.8,18,黃藍,20,False,True,False,True,A
2013-05-10,8280.26,2270000.0,9.800453701384631,1.95932603154152,1.0489575201174053,,,178096715.0,-2.534145282841988,28.4,18,黃藍,20,False,True,False,True,A
2013-05-13,8248.32,1958400.0,9.33572349697116,1.80457026002369,1.0467602072018694,,,178215348.0,-2.4692217566407293,30.0,18,黃藍,20,False,True,False,True,A
2013-05-14,8251.82,1960600.0,9.341181109591377,1.7776851309175647,1.0611990586972255,,,178511464.0,-2.3071682396209128,31.2,18,黃藍,20,False,True,False,True,A
2013-05-15,8318.59,2302600.0,10.176699660609902,1.971235503628081,1.0454756069112952,,,178641161.0,-2.2361897886188755,33.2,18,黃藍,20,False,True,False,True,A
2013-05-16,8390.05,3446200.0,11.069847092230956,2.172879930793835,1.136330897587628,,,179082123.0,-1.994867323868263,36.0,18,黃藍,20,False,True,False,True,A
2013-05-17,8368.19,2547200.0,10.723771949351477,2.052333381175852,1.1630010473198134,,,179629361.0,-1.6953838695905794,38.0,18,黃藍,20,False,True,False,True,A
2013-05-20,8377.05,2114400.0,10.782378015126676,2.041279064617767,1.1796716194460029,,,180173002.0,-1.397868922589505,42.0,18,黃藍,20,False,True,False,True,A
2013-05-21,8383.05,2660600.0,10.803849948071717,2.0191710562538048,1.24971317117944,,,181183283.0,-0.8449788753502555,48.4,18,黃藍,20,False,True,False,True,A
2013-05-22,8398.84,3031400.0,10.94426370507428,2.035562571975126,1.3110805328637865,,,181714421.0,-0.5543063655133286,50.4,18,黃藍,20,False,True,False,True,A
2013-05-23,8237.83,3340000.0,8.766771613231365,1.4545814613353716,1.290442960736179,,,183028249.0,0.0,61.2,18,黃藍,20,False,True,False,True,A
2013-05-24,8209.78,2450400.0,8.335850240952784,1.3317784236228305,1.2782531442870102,,,182977592.0,-0.0276771483510176,60.4,18,黃藍,20,False,True,False,True,A
2013-05-27,8280.1,1894000.0,9.201084124719078,1.5425216089183655,1.257773480290676,,,183783127.0,0.0,66.4,17,黃藍,21,False,True,False,True,A
2013-05-28,8263.05,1988600.0,8.91944377229016,1.4525509199540332,1.1939570982167331,,,184182041.0,0.0,68.4,17,黃藍,21,False,True,False,True,A
2013-05-29,8337.9,2471400.0,9.83715462492578,1.6768636679207678,1.138144484482702,,,184851380.0,0.0,74.0,17,黃藍,21,False,True,False,True,A
2013-05-30,8243.29,2458800.0,8.52687757689935,1.3255530123782733,1.054072138818483,,,185985181.0,0.0,81.6,17,黃藍,21,False,True,False,True,A
2013-05-31,8254.8,3586800.0,8.610739074317259,1.3399955839261295,1.1484159375636744,,,187066390.0,0.0,84.0,17,黃藍,21,False,True,False,True,A
2013-06-03,8201.02,2142200.0,7.842693406687114,1.1274608493698244,1.1731002595491358,,,188120889.0,0.0,87.6,17,黃藍,21,False,True,False,True,A
2013-06-04,8191.22,2192000.0,7.665747827960037,1.063788505760905,1.1926056076616596,,,188298223.0,0.0,88.0,17,黃藍,21,False,True,False,True,A
2013-06-05,8181.91,2282800.0,7.4913769080054,1.009455988105031,1.1790807355481303,,,188989856.0,0.0,88.4,17,黃藍,21,False,True,False,True,A
2013-06-06,8096.14,2347800.0,6.320159290478598,0.693844689347569,1.1735805070218854,,,189895075.0,0.0,89.2,17,黃藍,21,False,True,False,True,A
2013-06-07,8095.2,2536400.0,6.252609588872228,0.6758320449032887,1.0770594662088342,,,189017326.0,-0.4622284174563242,88.0,17,黃藍,21,False,True,False,True,A
2013-06-10,8160.55,1703000.0,7.03921392761242,0.894400358305463,1.0401618572841265,,,189273750.0,-0.3271938463912242,88.4,17,黃藍,21,False,True,False,True,A
2013-06-11,8116.15,1809000.0,6.394553685324652,0.7264227696538904,1.0068401774391995,,,189324356.0,-0.3005443927389902,88.4,17,黃藍,21,False,True,False,True,A
2013-06-13,7951.66,2286800.0,4.189331304720147,0.1297074296932133,1.00914874623919,,,189409786.0,-0.2555563908121366,88.8,17,黃藍,21,False,True,False,True,A
2013-06-14,7937.74,2085600.0,3.960221007233438,0.0704187207602282,0.9839607201309328,,,188846643.0,-0.5521112119416473,86.8,17,黃藍,21,False,True,False,True,A
2013-06-17,7992.89,1509200.0,4.628076222313219,0.2613225639940857,0.8890333062550773,,,189308956.0,-0.3086541343950074,88.4,17,黃藍,21,False,True,False,True,A
2013-06-18,8011.02,1719200.0,4.816511716036215,0.3190819328794519,0.8922201678281895,,,189674165.0,-0.1163326642357628,89.60000000000001,17,黃藍,21,False,True,False,True,A
2013-06-19,8007.39,1797800.0,4.717756744644605,0.2967508850620503,0.8904405495026054,,,190091755.0,0.0,90.0,17,黃藍,21,False,True,False,True,A
2013-06-20,7898.91,2156200.0,3.255339242922848,-0.1140935441696719,0.8751032740835163,,,190473113.0,0.0,90.8,17,黃藍,21,False,True,False,True,A
2013-06-21,7793.31,3274800.0,1.836681712545691,-0.5173059770740928,0.9761148751137628,,,191470584.0,0.0,93.6,17,黃藍,21,False,True,False,True,A
2013-06-24,7758.03,2153600.0,1.3437719400971806,-0.6565473165096997,1.033825752519781,,,192547507.0,0.0,95.6,17,黃藍,21,False,True,False,True,A
2013-06-25,7663.23,2368000.0,0.0854285710180896,-1.0121192305533104,1.08987364079606,,,191626703.0,-0.478221720107755,94.0,19,黃藍,22,False,True,False,True,A
2013-06-26,7784.8,2405200.0,1.6460199864215763,-0.5556575860442571,1.1409903269389978,,,191376335.0,-0.608250928951264,92.0,19,黃藍,22,False,True,False,True,A
2013-06-27,7883.9,2369400.0,2.9104450722264263,-0.1876546965849667,1.153791437657846,,,191513151.0,-0.5371952180092365,92.8,19,黃藍,22,False,True,False,True,A
2013-06-28,8062.21,2251800.0,5.1949530597690305,0.4747451332175978,1.0543198079070943,,,190651668.0,-0.9846084374387668,89.60000000000001,19,黃藍,22,False,True,False,True,A
2013-07-01,8036.0,2063400.0,4.8084433974149885,0.3652395741087191,1.0427098674521356,,,191055145.0,-0.7750617098355889,90.4,19,黃藍,22,False,True,False,True,A
2013-07-02,8015.86,1986800.0,4.499459237141249,0.2799790315103058,1.0075055522288503,,,191510102.0,-0.5387787233204738,92.4,19,黃藍,22,False,True,False,True,A
2013-07-03,7911.42,2276800.0,3.0963344757414935,-0.1311390076675393,0.9979809213015082,,,191418302.0,-0.5864552689326692,91.6,19,黃藍,22,False,True,False,True,A
2013-07-04,7893.72,1796800.0,2.8275864160393436,-0.212180425821777,0.9464471137692873,,,191928650.0,-0.3214048364697861,94.8,19,黃藍,22,False,True,False,True,A
2013-07-05,8001.82,1885000.0,4.190571336498321,0.1943478310806809,0.9119580139224668,,,190912103.0,-0.8493509085007265,88.0,19,黃藍,22,False,True,False,True,A
2013-07-08,7886.34,1742000.0,2.655374107775684,-0.265624509985072,0.883344174199549,,,191030010.0,-0.7881156311205837,88.8,19,黃藍,22,False,True,False,True,A
2013-07-09,7971.18,1739400.0,3.725914679901564,0.0565217296406491,0.8603810041727872,,,190722433.0,-0.9478564684818276,87.2,19,黃藍,22,False,True,False,True,A
2013-07-10,8011.69,2279800.0,4.22086916595517,0.2046514002168107,0.8564548531383543,,,190135322.0,-1.2527739452892528,84.39999999999999,19,黃藍,22,False,True,False,True,A
2013-07-11,8179.54,2724800.0,6.362469195085481,0.8517576689107672,0.9323294752219352,,,188532244.0,-2.0853362697653623,79.2,19,黃藍,22,False,True,False,True,A
2013-07-12,8220.49,2277800.0,6.8486827819259535,1.0014505117652257,0.9649579175264202,,,187871927.0,-2.428273454612944,77.60000000000001,19,黃藍,22,False,True,False,True,A
2013-07-15,8254.68,2128200.0,7.243673073066985,1.125986151964071,0.997020859941669,,,187130403.0,-2.8133856856427646,76.0,19,黃藍,22,False,True,False,True,A
2013-07-16,8260.11,2449000.0,7.261256633293193,1.137298141383577,1.0572016491475689,,,187367190.0,-2.6904098010471773,76.4,19,黃藍,22,False,True,False,True,A
2013-07-17,8258.95,2677400.0,7.1900938985196685,1.122690743849162,1.0867500288152072,,,187858005.0,-2.435503878011778,77.2,19,黃藍,22,False,True,False,True,A
2013-07-18,8194.88,2557800.0,6.306840972760733,0.8564252657143707,1.066573743664842,,,187152261.0,-2.8020336820045144,75.2,19,黃藍,22,False,True,False,True,A
2013-07-19,8062.03,2541200.0,4.5329601673541795,0.3150498377894846,1.0887762401601693,,,186048927.0,-3.375052786323533,72.0,19,黃藍,22,False,True,False,True,A
2013-07-22,8105.45,1948400.0,5.041404232167674,0.4874255954328723,1.0728745296072055,,,186367929.0,-3.209378348378201,72.8,19,黃藍,22,False,True,False,True,A
2013-07-23,8214.65,2607200.0,6.394541102437701,0.9345146351405588,1.0837968042114452,,,186324899.0,-3.2317260799434813,72.39999999999999,19,黃藍,22,False,True,False,True,A
2013-07-24,8196.19,2210200.0,6.096681971798154,0.8549802779514745,1.039584918389967,,,187562329.0,-2.5890639030709446,76.4,19,黃藍,22,False,True,False,True,A
2013-07-25,8163.58,2044600.0,5.613609172531035,0.715176722144806,0.996354529336384,,,187671840.0,-2.5321891080106274,76.8,23,綠,0,False,False,False,False,A
2013-07-26,8149.4,1833800.0,5.375584397184855,0.6465170191052482,0.9364371365479868,,,187304663.0,-2.722883345355388,74.8,23,綠,0,False,False,False,False,A
2013-07-29,8084.5,1566000.0,4.486687438328036,0.3537675188605672,0.9058925655097328,,,186874297.0,-2.94639493826321,72.39999999999999,23,綠,0,False,False,False,False,A
2013-07-30,8163.55,1789200.0,5.446492733052242,0.6960706442701305,0.8347975207768272,,,186867813.0,-2.949762418892289,72.0,23,綠,0,False,False,False,False,A
2013-07-31,8107.94,2083500.0,4.668727635155918,0.4438609192360861,0.8223201736353467,,,185999551.0,-3.40069632789377,69.6,23,綠,0,False,False,False,False,A
2013-08-01,8056.22,2017200.0,3.94324135607174,0.2030715955600535,0.822628170832949,,,186201424.0,-3.2958531112012786,70.39999999999999,23,綠,0,False,False,False,False,A
2013-08-02,8099.88,2267000.0,4.445685844942685,0.4013331367514105,0.8619241978199763,,,185572577.0,-3.622446277634745,67.2,23,綠,0,False,False,False,False,A
2013-08-05,8138.63,1870100.0,4.890489917229074,0.5769889270657063,0.8915160603887213,,,185584359.0,-3.616327268262164,67.2,23,綠,0,False,False,False,False,A
2013-08-06,8038.91,2093500.0,3.5583191409570167,0.0840230636343216,0.9176532764078942,,,186252690.0,-3.2692279936919673,70.39999999999999,23,綠,0,False,False,False,False,A
2013-08-07,7921.29,2091200.0,2.008914034444114,-0.5000174157002854,0.9174503240004348,,,185938162.0,-3.432578849229141,67.60000000000001,23,綠,0,False,False,False,False,A
2013-08-08,7907.67,1950400.0,1.7999727801157033,-0.5736718153942333,0.9139028952595324,,,186932631.0,-2.9160990383531686,72.8,23,綠,0,False,False,False,False,A
2013-08-09,7856.14,2009000.0,1.1033488791032653,-0.8327718636340243,0.900544731452415,,,187330035.0,-2.7097063375637473,74.8,23,綠,0,False,False,False,False,A
2013-08-12,7903.38,1668000.0,1.6789991457367752,-0.6032787936975191,0.8882227051802656,,,186887116.0,-2.9397373605050103,72.0,23,綠,0,False,False,False,False,A
2013-08-13,7986.27,1916200.0,2.7088873426232443,-0.1976351004472706,0.8734789161746541,,,186303608.0,-3.242783610800009,69.19999999999999,23,綠,0,False,False,False,False,A
2013-08-14,7951.33,2004300.0,2.2263241676934395,-0.3746497129392523,0.8699139461324352,,,186545150.0,-3.117338205786274,70.0,23,綠,0,False,False,False,False,A
2013-08-15,7887.26,2166600.0,1.3789613818298705,-0.6945082694174742,0.8954918627917036,,,186740137.0,-3.016071249367046,70.39999999999999,23,綠,0,False,False,False,False,A
2013-08-16,7925.0,2037700.0,1.8387171203196704,-0.5058290188354818,0.9071530193892132,,,186600744.0,-3.088465331311716,69.6,23,綠,0,False,False,False,False,A
2013-08-19,7900.21,1804300.0,1.4959556324305263,-0.6268623299164197,0.9243896194576982,,,187184083.0,-2.7855068515636505,74.0,23,綠,0,False,False,False,False,A
2013-08-20,7832.65,2051400.0,0.6097239696087813,-0.953979210046142,0.935833816341269,,,186588731.0,-3.09470431107685,68.8,23,綠,0,False,False,False,False,A
2013-08-22,7814.38,2255900.0,0.3571735124953324,-1.0304956447328288,0.9572462664234452,,,187502668.0,-2.620048983547733,75.6,23,綠,0,False,False,False,False,A
2013-08-23,7873.31,1946600.0,1.0940942053852547,-0.73345644147392,0.9406490474389902,,,187264342.0,-2.743824151407995,73.6,23,綠,0,False,False,False,False,A
2013-08-26,7894.97,1564000.0,1.3499812313756046,-0.6231422493485578,0.9027858461408552,,,187358298.0,-2.695027882131966,74.4,20,黃藍,1,False,False,False,False,A
2013-08-27,7820.84,1852400.0,0.3783065086533024,-0.9773709332330895,0.9197713800184996,,,187012337.0,-2.8747035400463536,70.8,20,黃藍,1,False,False,False,False,A
2013-08-28,7824.54,1666200.0,0.4094162913567601,-0.9517095504943311,0.8864783669624481,,,186564611.0,-3.1072310897278976,66.8,20,黃藍,1,False,False,False,False,A
2013-08-29,7917.66,1754200.0,1.5824343881185292,-0.4990236101289519,0.8415105878633378,,,186608123.0,-3.0846330303305356,67.60000000000001,20,黃藍,1,False,False,False,False,A
2013-08-30,8021.89,2087800.0,2.8924054625673006,0.0035025538116734,0.8563717795659416,,,186678537.0,-3.048063354047996,67.60000000000001,20,黃藍,1,False,False,False,False,A
2013-09-02,8038.86,1807200.0,3.080383762680841,0.0789969168781348,0.8835276987832115,,,186712151.0,-3.030605844198232,68.0,20,黃藍,1,False,False,False,False,A
2013-09-03,8088.37,2107400.0,3.6822592797273743,0.3128222337054168,0.911242326974638,,,186953620.0,-2.905198351905953,70.39999999999999,20,黃藍,1,False,False,False,False,A
2013-09-04,8083.44,2034100.0,3.5807437592122673,0.2845528621084144,0.9443008429621342,,,186693000.0,-3.040551961028506,67.2,20,黃藍,1,False,False,False,False,A
2013-09-05,8169.1,2419300.0,4.636662890365616,0.6942018657715664,1.0035263903407776,,,186178974.0,-3.307512571429969,62.0,20,黃藍,1,False,False,False,False,A
2013-09-06,8164.2,2418400.0,4.5314417112364165,0.6664348957718165,1.034168182722477,,,185657047.0,-3.578576584738643,58.8,20,黃藍,1,False,False,False,False,A
2013-09-09,8192.11,2156500.0,4.846099817900956,0.7985404800783418,1.067053577702681,,,184935722.0,-3.953198417676735,56.8,20,黃藍,1,False,False,False,False,A
2013-09-10,8208.77,2388600.0,5.018556399474621,0.8727992448305261,1.0863702178881076,,,184203438.0,-4.333511833004413,54.0,20,黃藍,1,False,False,False,False,A
2013-09-11,8208.99,2169100.0,4.980668545334818,0.8665513702255346,1.0953085678390968,,,183949759.0,-4.465260617474523,52.8,20,黃藍,1,False,False,False,False,A
2013-09-12,8225.36,2168200.0,5.143872808484709,0.9386826271345448,1.0683734220745302,,,184697406.0,-4.07696839201351,55.60000000000001,20,黃藍,1,False,False,False,False,A
2013-09-13,8168.2,1606400.0,4.368297114076677,0.6503190950054188,0.9959210673114888,,,184880120.0,-3.982075446970082,56.39999999999999,20,黃藍,1,False,False,False,False,A
2013-09-16,8255.34,1894800.0,5.436968564964314,1.0644719351402516,0.98179296022195,,,183659311.0,-4.616105468454598,50.8,20,黃藍,1,False,False,False,False,A
2013-09-17,8249.78,1632500.0,5.324683395389234,1.0212977722760053,0.9130141388174808,,,183760902.0,-4.255616865955135,51.6,20,黃藍,1,False,False,False,False,A
2013-09-18,8209.18,1853300.0,4.767605914140913,0.8045951145377047,0.8862350996609536,,,183467323.0,-4.408579438244368,50.4,20,黃藍,1,False,False,False,False,A
2013-09-23,8292.83,2274900.0,5.7961539001673295,1.1993551905714694,0.8975071667945249,,,183420762.0,-4.432838974275076,50.4,20,黃藍,1,False,False,False,False,A
2013-09-24,8299.12,2283200.0,5.837495049850833,1.210362319235921,0.9637620728443428,,,183160748.0,-4.568313276834908,49.6,20,黃藍,1,False,False,False,False,A
2013-09-25,8283.9,2257100.0,5.613988776866153,1.1194333357449584,0.9988517552145748,,,183442626.0,-4.421447240940839,51.2,20,黃藍,2,False,False,False,False,A
2013-09-26,8184.68,2068800.0,4.326526073012292,0.6159067659396065,1.0411128034615524,,,183308871.0,-4.491137201246401,50.8,20,黃藍,2,False,False,False,False,A
2013-09-27,8230.68,2154900.0,4.886320548248479,0.8318028597486901,1.0689047476107016,,,183034493.0,-4.634095534981359,49.6,20,黃藍,2,False,False,False,False,A
2013-09-30,8173.87,1885800.0,4.141564655192294,0.5384801569647821,1.0344918024294014,,,183439877.0,-4.422879544038891,52.0,20,黃藍,2,False,False,False,False,A
2013-10-01,8187.02,2001300.0,4.28468670128851,0.5938874161844183,1.0054444319631877,,,184135049.0,-3.609360120956912,55.60000000000001,20,黃藍,2,False,False,False,False,A
2013-10-02,8216.52,2471200.0,4.635825044181512,0.7295007002178666,1.0213685972429225,,,184700992.0,-3.313101433643855,59.2,20,黃藍,2,False,False,False,False,A
2013-10-03,8359.02,3252800.0,6.418513325391614,1.4252035436191195,1.1220131263901791,,,184548688.0,-3.2370313774258532,58.4,20,黃藍,2,False,False,False,False,A
2013-10-04,8364.55,2566700.0,6.454739991365758,1.437332168583785,1.1536978527680013,,,185180804.0,-2.6057851575837128,61.6,20,黃藍,2,False,False,False,False,A
2013-10-07,8333.66,2777100.0,6.025765123771341,1.259984607810467,1.233295612628546,,,185586991.0,-1.5622012115869155,62.8,20,黃藍,2,False,False,False,False,A
2013-10-08,8375.65,2581600.0,6.522481835186576,1.4445893503866083,1.289509091123804,,,186150032.0,-0.9165259693109976,66.0,20,黃藍,2,False,False,False,False,A
2013-10-09,8344.73,2605200.0,6.0952577615622845,1.2673605729669437,1.2988207800896605,,,185889118.0,-1.0480719200653708,64.0,20,黃藍,2,False,False,False,False,A
2013-10-11,8349.37,2618600.0,6.117895715365076,1.271491036351179,1.2343064191749984,,,185680183.0,-1.1592915617303612,64.0,20,黃藍,2,False,False,False,False,A
2013-10-14,8273.96,2278900.0,5.129780202680314,0.8764158237846545,1.2088993884098658,,,184305011.0,-1.891318924631399,57.599999999999994,20,黃藍,2,False,False,False,False,A
2013-10-15,8367.88,2286900.0,6.286228589533772,1.3243526583622671,1.1663910205088597,,,184821502.0,-1.5187883275402425,60.4,20,黃藍,2,False,False,False,False,A
2013-10-16,8332.18,2017400.0,5.797847708898319,1.124475502725259,1.1179433201063942,,,185027472.0,-1.409038244629562,62.4,20,黃藍,2,False,False,False,False,A
2013-10-17,8374.68,2263300.0,6.300560604502596,1.3161349987435569,1.0879561974530754,,,185147900.0,-1.344868787986519,62.8,20,黃藍,2,False,False,False,False,A
2013-10-18,8441.19,2315100.0,7.099900513143775,1.6230941059091937,1.056093785851539,,,185359815.0,-1.2319509416010417,63.6,20,黃藍,2,False,False,False,False,A
2013-10-21,8419.32,1980700.0,6.777586340455856,1.4925824492383122,1.0329813484460209,,,185759848.0,-1.0187953610941312,66.4,20,黃藍,2,False,False,False,False,A
2013-10-22,8418.27,1945800.0,6.71194583030172,1.4690914228733092,1.0026474142846025,,,185939817.0,-0.9228997808088844,67.60000000000001,20,黃藍,2,False,False,False,False,A
2013-10-23,8393.62,1912600.0,6.347894444168449,1.3275945730871794,0.9937028128283926,,,186348025.0,-0.6158008375646153,72.0,20,黃藍,2,False,False,False,False,A
2013-10-24,8413.72,1662800.0,6.548843582384022,1.4133992275684608,0.9376970052025292,,,186861690.0,-0.341850069034751,76.4,20,黃藍,2,False,False,False,False,A
2013-10-25,8346.62,1962800.0,5.652248859930352,1.0634624759089724,0.9011997333925796,,,187383536.0,-0.0635361625894304,82.8,20,黃藍,3,False,True,False,True,A
2013-10-28,8407.83,1712900.0,6.376236529824039,1.3555779768794955,0.8762311266938041,,,187489776.0,-0.0068756354976239,83.2,20,黃藍,3,False,True,False,True,A
2013-10-29,8420.98,1822800.0,6.49111217578589,1.405784936123125,0.866305463398334,,,188336258.0,0.0,86.4,20,黃藍,3,False,True,False,True,A
2013-10-30,8465.06,2049400.0,6.991377529310687,1.6124891460682704,0.8791408427402421,,,188646225.0,0.0,87.2,20,黃藍,3,False,True,False,True,A
2013-10-31,8450.06,2269000.0,6.7436673549971475,1.5255261512574094,0.936986379818843,,,188271254.0,-0.1987694161385949,86.0,20,黃藍,3,False,True,False,True,A
2013-11-01,8388.18,2146900.0,5.905754375524562,1.2066700893278757,0.9524610720464752,,,187896417.0,-0.3974677998459815,85.6,20,黃藍,3,False,True,False,True,A
2013-11-04,8354.14,2064200.0,5.420649026681363,1.0305045252897644,0.9861469985163452,,,187478404.0,-0.6190534689999759,83.2,20,黃藍,3,False,True,False,True,A
2013-11-05,8262.2,2292100.0,4.207854700786793,0.5639176171404428,1.029210548006873,,,187604392.0,-0.5522681410666977,84.8,20,黃藍,3,False,True,False,True,A
2013-11-06,8281.97,2237200.0,4.396747073310653,0.669445072168807,1.0446969960556822,,,187179940.0,-0.7772670775680774,80.4,20,黃藍,3,False,True,False,True,A
2013-11-07,8283.71,2161800.0,4.3559580872450345,0.6857160451470723,1.03327615130176,,,187455161.0,-0.6313744152579782,83.6,20,黃藍,3,False,True,False,True,A
2013-11-08,8229.59,1863300.0,3.619499910149984,0.4103112012004589,1.0048474668496197,,,186933156.0,-0.9080854917717012,78.4,20,黃藍,3,False,True,False,True,A
2013-11-11,8182.56,1862200.0,2.9746222405098965,0.1692073812354003,0.9861519709359432,,,186869350.0,-0.9419085910677514,76.8,20,黃藍,3,False,True,False,True,A
2013-11-12,8195.26,2131400.0,3.081746834200252,0.2395109195041785,0.9699657003064274,,,184751196.0,-2.064726712660166,59.599999999999994,20,黃藍,3,False,True,False,True,A
2013-11-13,8104.26,1783600.0,1.8913095797610289,-0.2316501253700131,0.9298727416746114,,,184481122.0,-2.207890987481992,57.599999999999994,20,黃藍,3,False,True,False,True,A
2013-11-14,8134.91,2146800.0,2.22784163079135,-0.0591603376112813,0.9276497401026952,,,184729491.0,-2.0762323762375847,59.2,20,黃藍,3,False,True,False,True,A
2013-11-15,8177.12,1940800.0,2.7097228281955323,0.1735905152530029,0.9339883008453246,,,184900598.0,-1.9855297926051796,61.2,20,黃藍,3,False,True,False,True,A
2013-11-18,8191.46,1750600.0,2.843117161615647,0.2584374719297423,0.9256188935128288,,,184536857.0,-2.1783462669343105,56.8,20,黃藍,3,False,True,False,True,A
2013-11-19,8260.21,1918200.0,3.653298379686137,0.6334520106535525,0.9078098769524297,,,184719711.0,-2.081416683530243,58.4,20,黃藍,3,False,True,False,True,A
2013-11-20,8204.46,1928700.0,2.906650874282941,0.3436745111407513,0.9217481786501152,,,185575502.0,-1.6277680616190435,63.6,20,黃藍,3,False,True,False,True,A
2013-11-21,8099.45,1835300.0,1.5471617719675397,-0.2148386636142624,0.8901867772087645,,,186234400.0,-1.2784909955128974,70.0,20,黃藍,3,False,True,False,True,A
2013-11-22,8116.78,1605200.0,1.7144103348671886,-0.1183877560960635,0.8599981445049991,,,186060139.0,-1.370865491742546,68.0,20,黃藍,3,False,True,False,True,A
2013-11-25,8187.51,1923100.0,2.5479248608881924,0.2702957255889897,0.8746304467558449,,,186300360.0,-1.2435260763898135,70.39999999999999,21,黃藍,4,False,True,False,True,A
2013-11-26,8248.02,2635900.0,3.248691676510233,0.6059180770199496,0.9362509381102628,,,186301734.0,-1.2427977289235446,70.39999999999999,21,黃藍,4,False,True,False,True,A
2013-11-27,8295.88,2058100.0,3.7872178327395103,0.8794924819834802,0.9486750594242452,,,186204929.0,-1.2941133595437704,68.8,21,黃藍,4,False,True,False,True,A
2013-11-28,8362.43,2379200.0,4.555270655495784,1.2565136450564514,0.9955020940146864,,,186328637.0,-1.228536643126572,71.2,21,黃藍,4,False,True,False,True,A
2013-11-29,8406.83,2180600.0,5.044153573254781,1.5130841715618155,1.0489324761860073,,,186483462.0,-1.146465029978734,72.0,21,黃藍,4,False,True,False,True,A
2013-12-02,8414.61,1737900.0,5.071723896861338,1.5676307074040234,1.0339469059291462,,,187044277.0,-0.8491810530531422,79.2,21,黃藍,4,False,True,False,True,A
2013-12-03,8392.55,1925000.0,4.728953598954563,1.4497887446731692,0.9708370220852958,,,187589903.0,-0.5599486552142774,85.6,21,黃藍,4,False,True,False,True,A
2013-12-04,8418.0,2133000.0,4.989312641729961,1.5911987568116297,0.9801112231948708,,,188153174.0,-0.2613627704450486,88.0,21,黃藍,4,False,True,False,True,A
2013-12-05,8375.54,1962700.0,4.409321659610416,1.3324873333399745,0.9421318000605072,,,188914559.0,0.0,90.4,21,黃藍,4,False,True,False,True,A
2013-12-06,8367.72,1851000.0,4.263096332909799,1.275330215556862,0.9147738315562512,,,189332145.0,0.0,92.4,21,黃藍,4,False,True,False,True,A
2013-12-09,8444.62,2056400.0,5.168357844977503,1.7117640386081652,0.9459387356486112,,,189490603.0,0.0,92.8,21,黃藍,4,False,True,False,True,A
2013-12-10,8443.39,1839200.0,5.103831365703228,1.688911493551461,0.9402198746984882,,,189890406.0,0.0,93.2,21,黃藍,4,False,True,False,True,A
2013-12-11,8433.77,2122800.0,4.939478953239946,1.6098168580993284,0.9354001398519344,,,189872922.0,-0.0092074161977409,92.8,21,黃藍,4,False,True,False,True,A
2013-12-12,8361.33,1620900.0,3.998712451976277,1.16725739819142,0.9048470715361177,,,190418999.0,0.0,94.4,21,黃藍,4,False,True,False,True,A
2013-12-13,8376.94,1787700.0,4.152661636912906,1.240536906814224,0.897704791583839,,,190980873.0,0.0,96.0,21,黃藍,4,False,True,False,True,A
2013-12-16,8313.87,1717500.0,3.334330051660128,0.858263726482773,0.8663660073292665,,,191112116.0,0.0,96.8,21,黃藍,4,False,True,False,True,A
2013-12-17,8352.93,1800100.0,3.782163863005647,1.070292925983182,0.8659047032752518,,,191355542.0,0.0,96.8,21,黃藍,4,False,True,False,True,A
2013-12-18,8349.04,1814900.0,3.697407302997956,1.0267259623484832,0.8395768066478944,,,192016712.0,0.0,99.6,21,黃藍,4,False,True,False,True,A
2013-12-19,8407.4,2037300.0,4.380877625837582,1.3389080857782647,0.8811219089771962,,,192296134.0,0.0,99.6,21,黃藍,4,False,True,False,True,A
2013-12-20,8408.53,2007200.0,4.353715551141414,1.3151500079918923,0.9026877510942254,,,192685232.0,0.0,100.0,21,黃藍,4,False,True,False,True,A
2013-12-23,8456.46,2120800.0,4.908642593622955,1.5587257650085111,0.9417695190911914,,,193392198.0,0.0,100.0,21,黃藍,4,False,True,False,True,A
2013-12-24,8450.49,1701500.0,4.798520665035222,1.4951896696050406,0.933655855218747,,,193649556.0,0.0,100.0,21,黃藍,4,False,True,False,True,A
2013-12-25,8467.76,1725200.0,4.972650775036242,1.569660660066287,0.9270626023377918,,,194156227.0,0.0,100.0,21,黃藍,5,False,True,False,True,A
2013-12-26,8485.89,1618300.0,5.152842567247207,1.6554754906458775,0.8926987113464766,,,194281841.0,0.0,100.0,21,黃藍,5,False,True,False,True,A
2013-12-27,8535.04,1975600.0,5.715181414675001,1.9181958131958323,0.898934522551049,,,194359996.0,0.0,100.0,21,黃藍,5,False,True,False,True,A
2013-12-30,8623.43,2361800.0,6.759946891438083,2.40087434077122,0.9241854497725834,,,194571064.0,0.0,100.0,21,黃藍,5,False,True,False,True,A
2013-12-31,8611.51,2324300.0,6.558758919848075,2.293462089179936,0.9892092169452452,,,194476058.0,-0.0488284321660491,99.6,21,黃藍,5,False,True,False,True,A
2014-01-02,8612.54,2537600.0,6.5139016364189315,2.2626030279852674,1.0699186750637322,,,194959313.0,0.0,100.0,21,黃藍,5,False,True,False,True,A
2014-01-03,8546.54,2539700.0,5.644821973541522,1.8531305579183488,1.16167721952193,,,195703293.0,0.0,100.0,21,黃藍,5,False,True,False,True,A
2014-01-06,8500.01,2640100.0,5.024821413532604,1.5539100768246774,1.2272177474211377,,,195944942.0,0.0,100.0,21,黃藍,5,False,True,False,True,A
2014-01-07,8512.3,2598900.0,5.1310487676212375,1.5997586208850334,1.247385573348267,,,197195038.0,0.0,100.0,21,黃藍,5,False,True,False,True,A
2014-01-08,8556.01,3206300.0,5.623529904517083,1.827154810442403,1.3244087868857812,,,198070824.0,0.0,100.0,21,黃藍,5,False,True,False,True,A
2014-01-09,8514.68,3819600.0,5.07101836249404,1.5718314050791646,1.4289499274888458,,,198561577.0,0.0,100.0,21,黃藍,5,False,True,False,True,A
2014-01-10,8529.35,2730100.0,5.213089345889439,1.644470967100477,1.4419135765370514,,,199510609.0,0.0,100.0,21,黃藍,5,False,True,False,True,A
2014-01-13,8566.2,2662700.0,5.629635640571056,1.847795731211264,1.4400755633086435,,,199375277.0,-0.0678319818070426,99.6,21,黃藍,5,False,True,False,True,A
2014-01-14,8548.14,2289900.0,5.368367276537027,1.7315913236810083,1.4069683928088876,,,199931351.0,0.0,100.0,21,黃藍,5,False,True,False,True,A
2014-01-15,8602.55,2869000.0,5.9947607091222554,2.0319853101847043,1.3646608241508238,,,199869662.0,-0.0308550908556607,99.6,21,黃藍,5,False,True,False,True,A
2014-01-16,8612.11,2832700.0,6.066004312225086,2.0661786644380173,1.2617606993650847,,,199222973.0,-0.3543106153471648,98.4,21,黃藍,5,False,True,False,True,A
2014-01-17,8596.0,2288800.0,5.822898854089187,1.9465071807783676,1.2141877725365977,,,199422622.0,-0.2544518393215879,98.8,21,黃藍,5,False,True,False,True,A
2014-01-20,8621.56,2277900.0,6.0952469797958075,2.07164171505084,1.175194976047638,,,199040610.0,-0.4455234236875636,97.6,21,黃藍,5,False,True,False,True,A
2014-01-21,8599.9,2478200.0,5.788047776819369,1.9288995238393376,1.1857394243366226,,,199152900.0,-0.3893591455799245,97.6,21,黃藍,5,False,True,False,True,A
2014-01-22,8625.3,2141700.0,6.058677415473984,2.057411630919454,1.115325875226863,,,198258977.0,-0.8364741155577946,96.4,21,黃藍,5,False,True,False,True,A
2014-01-23,8595.1,2056700.0,5.644199451410742,1.8608952368522251,1.043258390476102,,,198022593.0,-0.9547066983006582,95.6,21,黃藍,5,False,True,False,True,A
2014-01-24,8598.31,1936800.0,5.6370216935973785,1.857313084768137,1.0131991658462087,,,196979819.0,-1.4762727232308854,94.8,21,黃藍,5,False,True,False,True,A
2014-01-27,8462.57,2605100.0,3.926144872503386,1.0498068385120976,1.039944009789017,,,194926902.0,-2.503083670954637,93.2,24,綠,0,False,False,False,False,A
2014-02-05,8264.48,3156100.0,1.4669670294235675,-0.1078912526989192,1.0935606707669727,,,197380943.0,-1.2756418576894426,95.2,24,綠,0,False,False,False,False,A
2014-02-06,8311.01,2451100.0,2.0088770175732296,0.152303507745541,1.120636929322482,,,198946566.0,-0.4925615692958529,96.8,24,綠,0,False,False,False,False,A
2014-02-07,8387.35,2427200.0,2.914126686280732,0.5785369908108021,1.152977146825515,,,199320057.0,-0.305751947827332,98.0,24,綠,0,False,False,False,False,A
2014-02-10,8391.95,2048200.0,2.93784242890676,0.5912204899349324,1.1642005375501323,,,199576131.0,-0.1776709846771355,99.2,24,綠,0,False,False,False,False,A
2014-02-11,8430.56,1955500.0,3.3741849149752534,0.8006667349065718,1.1038162094341972,,,199672818.0,-0.1293108853148298,99.2,24,綠,0,False,False,False,False,A
2014-02-12,8510.87,2388700.0,4.316042858151365,1.2431293426340055,1.029309604770878,,,199742851.0,-0.0942823619493272,99.2,24,綠,0,False,False,False,False,A
2014-02-13,8467.7,2100200.0,3.74861383853626,0.9682199138894152,0.9975001141847966,,,200282774.0,0.0,100.0,24,綠,0,False,False,False,False,A
2014-02-14,8513.68,2340800.0,4.275603493793677,1.2064544315326489,0.9854278853150924,,,200064427.0,-0.1090193607963508,99.6,24,綠,0,False,False,False,False,A
2014-02-17,8519.55,1889000.0,4.312412292441921,1.2106320875362342,0.97284784005517,,,200227073.0,-0.0278111786089002,99.6,24,綠,0,False,False,False,False,A
2014-02-18,8556.23,1903400.0,4.725296725447935,1.393899210924207,0.9683745099826784,,,200580011.0,0.0,100.0,24,綠,0,False,False,False,False,A
2014-02-19,8577.01,2203700.0,4.942590829254235,1.4881244305945525,0.9482446769446954,,,200782206.0,0.0,100.0,24,綠,0,False,False,False,False,A
2014-02-20,8524.62,2399900.0,4.270888179411325,1.1605278292721235,0.9719287763988088,,,201011558.0,0.0,100.0,24,綠,0,False,False,False,False,A
2014-02-21,8601.86,2588600.0,5.178876990985894,1.5778670966161712,0.9894349836777064,,,201127863.0,0.0,100.0,24,綠,0,False,False,False,False,A
2014-02-24,8560.61,2464800.0,4.641024864485606,1.31066440740841,1.0364028383545434,,,201323381.0,0.0,100.0,24,綠,0,False,False,False,False,A
2014-02-25,8575.62,2395800.0,4.792113758561469,1.3701160889021655,1.0742022596083862,,,201825903.0,0.0,100.0,22,黃藍,1,False,False,False,False,A
2014-02-26,8600.86,2598300.0,5.067673894204041,1.485875955682098,1.103835409923292,,,202148636.0,0.0,100.0,22,黃藍,1,False,False,False,False,A
2014-02-27,8639.58,2515200.0,5.509201682529567,1.6819629170066372,1.1150548124851605,,,201635781.0,-0.2537019344518357,99.2,22,黃藍,1,False,False,False,False,A
2014-03-03,8601.98,2549200.0,5.016955089083415,1.430144471319563,1.1075346160762451,,,202080354.0,-0.0337781156237927,99.6,22,黃藍,1,False,False,False,False,A
2014-03-04,8554.54,2380400.0,4.406846346642555,1.121740102235001,1.1000607268353653,,,202696969.0,0.0,100.0,22,黃藍,1,False,False,False,False,A
2014-03-05,8632.93,2453300.0,5.328348250508918,1.5502945083079376,1.1029292678926437,,,203374397.0,0.0,100.0,22,黃藍,1,False,False,False,False,A
2014-03-06,8713.79,2719200.0,6.271705213947226,1.9868129444223697,1.1056201239050236,,,203821481.0,0.0,100.0,22,黃藍,1,False,False,False,False,A
2014-03-07,8713.96,3139500.0,6.2314918449217815,1.9501027235516195,1.1501258340987608,,,202838368.0,-0.4823402298798918,99.2,22,黃藍,1,False,False,False,False,A
2014-03-10,8665.24,2100000.0,5.601470401677033,1.6344354784950788,1.1113751229863362,,,203201108.0,-0.3043707645319288,99.2,22,黃藍,1,False,False,False,False,A
2014-03-11,8702.33,2194700.0,6.010328683633337,1.8228368303292777,1.093405398060526,,,203881149.0,0.0,100.0,22,黃藍,1,False,False,False,False,A
2014-03-12,8684.73,2232300.0,5.757174844590077,1.6919452177093282,1.071285238982142,,,172872121.0,-15.209364942317446,0.4,22,黃藍,1,False,False,False,False,A
2014-03-13,8747.79,2708000.0,6.483715882628595,2.0363222413834654,1.0653131501542437,,,205031879.0,0.0,100.0,22,黃藍,1,False,False,False,False,A
2014-03-14,8687.63,2247300.0,5.713982882697574,1.6565601805894423,0.985618545602551,,,205232100.0,0.0,100.0,22,黃藍,1,False,False,False,False,A
2014-03-17,8700.1,2240400.0,5.830438891934666,1.710372360059699,0.9968316636374616,,,205905716.0,0.0,100.0,22,黃藍,1,False,False,False,False,A
2014-03-18,8731.94,2490300.0,6.181934261539409,1.880859779898058,1.0158717080145554,,,205901050.0,-0.0022660857069164,99.6,22,黃藍,1,False,False,False,False,A
2014-03-19,8689.46,2362300.0,5.629674376209259,1.6068883877087845,1.022778061922882,,,205473370.0,-0.2099728013378705,99.2,22,黃藍,1,False,False,False,False,A
2014-03-20,8597.33,2381800.0,4.479161947947253,1.0372477682077208,0.9904326029403482,,,205353419.0,-0.2682281049448865,98.8,22,黃藍,1,False,False,False,False,A
2014-03-21,8577.17,2469800.0,4.202488472787198,0.8999876429166273,1.004495643465689,,,205052796.0,-0.4142284228768083,98.0,22,黃藍,1,False,False,False,False,A
2014-03-24,8605.38,1978400.0,4.51077846086119,1.0499692648295762,0.9813380074647968,,,204069653.0,-0.8917008403982336,97.2,22,黃藍,1,False,False,False,False,A
2014-03-25,8689.3,2018100.0,5.4849815913756865,1.5352875857328716,0.9417998011733572,,,204701927.0,-0.5846311716766522,97.2,25,綠,0,False,False,False,False,A
2014-03-26,8737.27,2308500.0,6.021047875528852,1.8000131419934755,0.935307074996175,,,204532109.0,-0.6671048413245604,96.8,25,綠,0,False,False,False,False,A
2014-03-27,8779.57,2333300.0,6.483600409466225,2.0249526351344467,0.9298606644632296,,,205520075.0,-0.187290089605866,99.2,25,綠,0,False,False,False,False,A
2014-03-28,8774.64,2284900.0,6.374119717742106,1.9697439261674496,0.910676471078652,,,204528328.0,-0.6689411186622911,96.0,25,綠,0,False,False,False,False,A
2014-03-31,8849.28,2044700.0,7.224219684528293,2.38580416637422,0.914174720130436,,,203960962.0,-0.944487621703518,95.2,25,綠,0,False,False,False,False,A
2014-04-01,8873.15,2291600.0,7.460476019601615,2.4925254737683673,0.9325734157650696,,,203381121.0,-1.226092722943155,94.0,25,綠,0,False,False,False,False,A
2014-04-02,8905.45,2439600.0,7.796869646061781,2.640332228444474,0.9404176295807196,,,202550989.0,-1.629253944557809,92.0,25,綠,0,False,False,False,False,A
2014-04-03,8888.54,2584100.0,7.5404021610862,2.500459393280755,0.9596502541302604,,,203107676.0,-1.3588937958380911,92.8,25,綠,0,False,False,False,False,A
2014-04-07,8876.44,2350400.0,7.341562383913068,2.388684336610183,0.9648751308016182,,,202449768.0,-1.6784128518316608,91.2,25,綠,0,False,False,False,False,A
2014-04-08,8888.25,2079300.0,7.433989435977423,2.4193396232333244,0.9707808331743376,,,201790583.0,-1.9985520945907105,89.60000000000001,25,綠,0,False,False,False,False,A
2014-04-09,8930.57,2341700.0,7.891720797469615,2.625521185629447,0.97625325811589,,,201829054.0,-1.979868300499244,90.0,25,綠,0,False,False,False,False,A
2014-04-10,8948.1,2782700.0,8.049465796756309,2.6899186468590375,1.00366369524009,,,202956976.0,-1.432082633393237,92.4,25,綠,0,False,False,False,False,A
2014-04-11,8908.05,2296800.0,7.515707440114714,2.424136514625039,0.981951961199962,,,202173407.0,-1.812630106878626,90.4,25,綠,0,False,False,False,False,A
2014-04-14,8857.42,1785900.0,6.847647536262672,2.1015153130715523,0.9444409577962152,,,200477563.0,-2.636232303526727,85.6,25,綠,0,False,False,False,False,A
2014-04-15,8916.71,2081400.0,7.501234260883061,2.4177460946191056,0.9562068527381306,,,199471183.0,-3.124989983279532,81.6,25,綠,0,False,False,False,False,A
2014-04-16,8923.82,2175300.0,7.526231314651096,2.4265475078195484,0.9458157821632868,,,198753873.0,-3.4733581655401933,78.4,25,綠,0,False,False,False,False,A
2014-04-17,8944.16,2287200.0,7.71492519862161,2.508756009143014,0.9060899260102449,,,200425668.0,-2.6614355863729395,85.2,25,綠,0,False,False,False,False,A
2014-04-18,8966.66,1853200.0,7.926363057176156,2.597273520374075,0.8709684317065696,,,200573525.0,-2.589627477850105,85.6,25,綠,0,False,False,False,False,A
2014-04-21,8951.19,1811600.0,7.678588552604208,2.474568933099697,0.8797974168639257,,,200409288.0,-2.6693906836466845,84.39999999999999,25,綠,0,False,False,False,False,A
2014-04-22,8974.71,2187000.0,7.9005869418936046,2.5715604078863508,0.8930394044845483,,,200355577.0,-2.6954759235532832,84.0,25,綠,0,False,False,False,False,A
2014-04-23,8956.92,2615700.0,7.627290877621126,2.4359718962144536,0.9289792604237748,,,199748473.0,-2.990321550859715,81.6,25,綠,0,False,False,False,False,A
2014-04-24,8945.45,2391300.0,7.429873570634895,2.342177007208787,0.9372062815295584,,,200062893.0,-2.8376205933010623,82.39999999999999,25,綠,0,False,False,False,False,A
2014-04-25,8774.12,3379600.0,5.329625358666842,1.3478366086643736,1.0620619476109352,,,196714305.0,-4.463893076188327,72.8,25,綠,0,False,False,False,False,A
2014-04-28,8809.71,2347800.0,5.71426211250409,1.534040195792477,1.106412917598151,,,196474817.0,-4.580202620504231,72.39999999999999,25,綠,0,False,False,False,False,A
2014-04-29,8872.11,2084300.0,6.415576932453776,1.867921041463429,1.0974029633741,,,197408305.0,-4.126845609278764,74.0,25,綠,0,False,False,False,False,A
2014-04-30,8791.44,2414300.0,5.409162999372351,1.391707469114658,1.0764940760248225,,,197943911.0,-3.866723641610804,74.0,25,綠,0,False,False,False,False,A
2014-05-02,8867.32,2118600.0,6.275863911532538,1.8031466978522908,1.056883341668908,,,198056201.0,-3.8121889729374976,74.4,25,綠,0,False,False,False,False,A
2014-05-05,8870.43,1935700.0,6.269916317132658,1.800828622087793,0.9414611431108972,,,199503048.0,-3.10951445369297,79.2,25,綠,0,False,False,False,False,A
2014-05-06,8912.39,2300600.0,6.727464362358663,2.018767714426649,0.9384010824878198,,,200809063.0,-2.4752362872723745,86.4,25,綠,0,False,False,False,False,A
2014-05-07,8893.22,2352500.0,6.457127640123512,1.8926333348783575,0.9621076625957796,,,201246072.0,-2.2629988572051105,87.2,25,綠,0,False,False,False,False,A
2014-05-08,8930.9,2466100.0,6.867120917603943,2.090901836704694,0.9636855246646052,,,201963879.0,-1.914389302334861,89.2,25,綠,0,False,False,False,False,A
2014-05-09,8889.69,2428800.0,6.33559267066956,1.8359514283221896,0.9870816766099912,,,202257428.0,-1.7718245374013804,90.4,25,綠,0,False,False,False,False,A
2014-05-12,8808.61,2068600.0,5.333507033892074,1.3534509926481817,1.0007997828955586,,,202447146.0,-1.6796862501864689,90.4,25,綠,0,False,False,False,False,A
2014-05-13,8817.94,2167800.0,5.412055780317657,1.3872485300337647,0.9888787947937432,,,201713697.0,-2.0358924858598875,86.8,25,綠,0,False,False,False,False,A
2014-05-14,8875.16,2097100.0,6.065239565853154,1.7050263935988696,0.9685799253405716,,,201504535.0,-2.1374739300583574,86.0,25,綠,0,False,False,False,False,A
2014-05-15,8880.65,1708000.0,6.100683507445434,1.7230600092390194,0.9043616709625736,,,201766342.0,-2.0103249586330083,86.8,25,綠,0,False,False,False,False,A
2014-05-16,8888.45,1797600.0,6.163016783475424,1.7510895851595023,0.8504900777886387,,,201708558.0,-2.0383882883562103,86.0,25,綠,0,False,False,False,False,A
2014-05-19,8899.9,1798700.0,6.266694267342704,1.7953155518064656,0.8295801398498337,,,202319377.0,-1.7417384372175468,90.0,25,綠,0,False,False,False,False,A
2014-05-20,8887.79,1739900.0,6.0898740642856115,1.699552716612094,0.7962810658253962,,,202318162.0,-1.7423285131142257,89.60000000000001,25,綠,0,False,False,False,False,A
2014-05-21,8862.42,1651800.0,5.7595814427466605,1.5239449775030551,0.7626782319652164,,,202744576.0,-1.5352366419978356,91.6,25,綠,0,False,False,False,False,A
2014-05-22,8969.63,2030100.0,7.0093658460269355,2.158704849293395,0.7934487097143159,,,203382886.0,-1.2252355345006547,94.0,25,綠,0,False,False,False,False,A
2014-05-23,9008.22,2229400.0,7.436937620188257,2.3759114499073775,0.8324558441367768,,,204030215.0,-0.910854266911172,95.2,25,綠,0,False,False,False,False,A
2014-05-26,9036.12,2254800.0,7.735814231241851,2.5282165383412187,0.874840390495921,,,205064662.0,-0.4084655911154987,97.6,29,綠,0,False,False,False,False,A
2014-05-27,9055.29,2064100.0,7.929772028250856,2.629238102213301,0.906481258593165,,,205399167.0,-0.2460101690426117,98.4,29,綠,0,False,False,False,False,A
2014-05-28,9121.71,2500300.0,8.683974048787551,3.0202610505585237,0.9820200401097664,,,205480803.0,-0.2063628966958838,98.8,29,綠,0,False,False,False,False,A
2014-05-29,9109.0,2347400.0,8.487492603342051,2.8851191021996496,1.0103919228936311,,,206151523.0,0.0,100.0,29,綠,0,False,False,False,False,A
2014-05-30,9075.91,3481800.0,8.048809955320833,2.624808577526003,1.1129746139293413,,,206289559.0,0.0,100.0,29,綠,0,False,False,False,False,A
2014-06-03,9123.46,2367700.0,8.57129009352957,2.8776564007667913,1.1258108033597385,,,206698135.0,0.0,100.0,29,綠,0,False,False,False,False,A
2014-06-04,9119.96,2575200.0,8.485388405325846,2.809245164648187,1.1757782105476082,,,207814964.0,0.0,100.0,29,綠,0,False,False,False,False,A
2014-06-05,9140.72,2772700.0,8.690817255937887,2.9015850005708796,1.1939802058166074,,,208608156.0,0.0,100.0,29,綠,0,False,False,False,False,A
2014-06-06,9134.46,2858700.0,8.57036085986419,2.81704925000883,1.2330371965621525,,,208875902.0,0.0,100.0,29,綠,0,False,False,False,False,A
2014-06-09,9162.74,2464400.0,8.859500575649408,2.9489485853688375,1.1418508761047093,,,208639304.0,-0.1132720422674703,99.6,29,綠,0,False,False,False,False,A
2014-06-10,9222.37,2518700.0,9.514789479884678,3.2614629783831397,1.1566724667251786,,,208008060.0,-0.4154821076487799,98.8,29,綠,0,False,False,False,False,A
2014-06-11,9229.8,2437300.0,9.54897715927206,3.2430945929184904,1.1429922563102204,,,208307766.0,-0.2719969103951494,98.8,29,綠,0,False,False,False,False,A
2014-06-12,9204.65,2618000.0,9.197448784864386,3.0304698905757466,1.1263408325588604,,,209160738.0,0.0,100.0,29,綠,0,False,False,False,False,A
2014-06-13,9196.39,2357800.0,9.04252651301172,2.922706105614306,1.0836407503890064,,,209970133.0,0.0,100.0,29,綠,0,False,False,False,False,A
2014-06-16,9202.93,2374500.0,9.062772700483729,2.9060802505762817,1.0756863459227155,,,210832554.0,0.0,100.0,29,綠,0,False,False,False,False,A
2014-06-17,9240.6,2507800.0,9.453157168654926,3.0772429909561327,1.0737480987693853,,,211461325.0,0.0,100.0,29,綠,0,False,False,False,False,A
2014-06-18,9279.93,3014200.0,9.858438710113736,3.249251078519974,1.119692306354083,,,210160150.0,-0.6153252846590269,99.2,29,綠,0,False,False,False,False,A
2014-06-19,9316.81,2202700.0,10.223781388485554,3.4046857031171753,1.0818086882516027,,,211148113.0,-0.1481178650516826,99.6,29,綠,0,False,False,False,False,A
2014-06-20,9273.79,2242200.0,9.64550377919982,3.091531378424778,1.0700342042631776,,,211475889.0,0.0,100.0,29,綠,0,False,False,False,False,bull
2014-06-23,9228.35,2702500.0,9.044546656739968,2.772021517936424,1.095354537319756,,,209695586.0,-0.8418467979581351,97.6,29,綠,0,False,False,False,False,bull
2014-06-24,9246.2,1913700.0,9.19171981410839,2.82355775005497,1.0471562717248817,,,210646073.0,-0.392392723314193,98.4,29,綠,0,False,False,False,False,bull
2014-06-25,9242.16,1987600.0,9.080386259400736,2.7494430268676395,0.960193625620922,,,211121084.0,-0.1677756276035799,98.8,24,綠,0,False,False,False,False,bull
2014-06-26,9320.94,2767400.0,9.936380854061516,3.159936653228066,1.0040143051044783,,,212135805.0,0.0,100.0,24,綠,0,False,False,False,False,bull
2014-06-27,9306.83,2252200.0,9.691634082654993,3.0439343371036447,1.0051641561728455,,,211980113.0,-0.073392608098383,99.6,24,綠,0,False,False,False,False,bull
2014-06-30,9393.07,2580300.0,10.622799434725357,3.512156289210142,0.9935891390440512,,,211856840.0,-0.1315030246779887,99.2,24,綠,0,False,False,False,False,bull
2014-07-01,9441.92,3004800.0,11.105013083720465,3.7762065963388305,1.0845645021446166,,,211942248.0,-0.0912420230050273,99.2,24,綠,0,False,False,False,False,bull
2014-07-02,9484.96,4105500.0,11.522228471517126,3.969569109772513,1.251215793513925,,,210679617.0,-0.686441404834983,96.4,24,綠,0,False,False,False,False,bull
2014-07-03,9526.23,2908200.0,11.92102411594758,4.124293072635212,1.255813560181975,,,212066213.0,-0.0328054002953438,99.6,24,綠,0,False,False,False,False,bull
2014-07-04,9510.05,2889200.0,11.654958565003994,3.932335558506048,1.304645398509446,,,212140412.0,0.0,100.0,24,綠,0,False,False,False,False,bull
2014-07-07,9520.2,2805800.0,11.696272041124336,3.900255711984568,1.3234259918220217,,,211617233.0,-0.2466192061510656,97.6,24,綠,0,False,False,False,False,bull
2014-07-08,9530.98,2811300.0,11.743294010694605,3.878222928695602,1.3024258941065647,,,211631850.0,-0.2397289583844119,97.6,24,綠,0,False,False,False,False,bull
2014-07-09,9489.98,2679700.0,11.18029479321641,3.5887563213614904,1.1754268061728352,,,212336049.0,0.0,100.0,24,綠,0,False,False,False,False,bull
2014-07-10,9565.12,3202100.0,11.97289762149419,3.940617131272779,1.1906637647818208,,,,,,24,綠,0,False,False,False,False,bull
2014-07-11,9495.84,3371800.0,11.084167313487049,3.488070832903079,1.2205297057501865,,,210723238.0,-0.7595559056484092,94.4,24,綠,0,False,False,False,False,bull
2014-07-14,9520.3,2798700.0,11.28521919497882,3.568000271651742,1.2156938654772584,,,212017176.0,-0.1501737465219577,98.4,24,綠,0,False,False,False,False,bull
2014-07-15,9569.17,2960700.0,11.77295942598482,3.763473526148141,1.2187137873440637,,,,,,24,綠,0,False,False,False,False,C
2014-07-16,9484.73,3060700.0,10.710460771168467,3.24423109372367,1.2391714707748778,,,214220844.0,0.0,100.0,24,綠,0,False,False,False,False,C
2014-07-17,9408.24,2920100.0,9.754667618148147,2.7757039156553858,1.2105183406104794,,,215175463.0,0.0,100.0,24,綠,0,False,False,False,False,C
2014-07-18,9400.97,2324700.0,9.609478870498991,2.6892079271541913,1.1288351272339598,,,,,,24,綠,0,False,False,False,False,C
2014-07-21,9440.97,2228000.0,10.014987582471822,2.8571439209218408,1.0842154739857224,,,215711398.0,0.0,100.0,24,綠,0,False,False,False,False,C
2014-07-22,9499.36,2277700.0,10.631497598501213,3.1145477262032,1.0369893700333286,,,215429815.0,-0.1305369130285827,99.6,24,綠,0,False,False,False,False,C
2014-07-23,9499.36,2277700.0,10.567606904604492,3.059250231822076,0.9740708297847356,,,,,,24,綠,0,False,False,False,False,C
2014-07-24,9527.54,2684600.0,10.826843954006776,3.152406991222623,0.9511462828898064,,,216544269.0,0.0,100.0,24,綠,0,False,False,False,False,C
2014-07-25,9439.29,2532200.0,9.729978988336908,2.6434752776932844,0.967115920343213,,,217334794.0,0.0,100.0,26,綠,0,False,False,False,False,C
2014-07-28,9420.18,2509800.0,9.440923245504989,2.5050768760974993,0.9872329024047156,,,218028353.0,0.0,100.0,26,綠,0,False,False,False,False,C
2014-07-29,9391.88,3528000.0,9.052482842093376,2.3174199544799547,1.0762534770480037,,,216281757.0,-0.8010866366540869,98.8,26,綠,0,False,False,False,False,C
2014-07-30,9447.02,2519700.0,9.629043766699576,2.5695196774927185,1.0939117705064283,,,215996573.0,-0.931887973304096,98.4,26,綠,0,False,False,False,False,C
2014-07-31,9315.85,2521900.0,8.049074443638176,1.8441314207327617,1.079780102967658,,,217139606.0,-0.4076290940013659,99.2,26,綠,0,False,False,False,False,C
2014-08-01,9266.51,2400600.0,7.421135803057169,1.555438416530891,1.069803770105942,,,216341046.0,-0.7738933844076692,98.4,26,綠,0,False,False,False,False,C
2014-08-04,9330.19,2281900.0,8.096901028998065,1.85985979355354,1.0527398674949555,,,216458876.0,-0.7198499545607263,98.4,26,綠,0,False,False,False,False,C
2014-08-05,9141.44,2611000.0,5.862122932079907,0.819010848961408,0.9763879873984834,,,217365328.0,-0.3041003570760359,99.6,26,綠,0,False,False,False,False,C
2014-08-06,9143.97,2616100.0,5.840627706430941,0.7977416884460098,0.9811172838247646,,,215060472.0,-1.3612362608637418,95.2,26,綠,0,False,False,False,False,C
2014-08-07,9131.44,1910100.0,5.64300257269677,0.700696588860884,0.933981553001045,,,214621513.0,-1.5625674152572255,94.8,26,綠,0,False,False,False,False,C
2014-08-08,9085.96,2139900.0,5.068892123329996,0.4285978619302448,0.9107909700973116,,,213257793.0,-2.188045698808723,94.0,26,綠,0,False,False,False,False,C
2014-08-11,9172.91,1921900.0,6.023648010924841,0.8609858170664505,0.8817051495784956,,,212962550.0,-2.3234606555964765,93.6,26,綠,0,False,False,False,False,C
2014-08-12,9163.12,1930900.0,5.855472359817257,0.7831701817298782,0.8274427156908696,,,212410463.0,-2.5766786395895953,93.2,26,綠,0,False,False,False,False,C
2014-08-13,9231.31,2033400.0,6.57870876856342,1.1242331076707968,0.7801052053073723,,,211884402.0,-2.8179596439918067,90.0,26,綠,0,False,False,False,False,C
2014-08-14,9230.61,2183500.0,6.505557215019654,1.0991599271851318,0.798791464358435,,,211887641.0,-2.8164740573901414,90.0,26,綠,0,False,False,False,False,C
2014-08-15,9206.81,1924300.0,6.1647649255576225,0.9504807394513934,0.7824628319063299,,,211405301.0,-3.037702165277559,87.2,26,綠,0,False,False,False,False,C
2014-08-18,9141.31,1992200.0,5.349323791143372,0.5688466580785323,0.7891881931116683,,,210092809.0,-3.639684422144857,84.0,26,綠,0,False,False,False,False,C
2014-08-19,9243.78,1977100.0,6.468524043139053,1.114162573741461,0.7942522339694282,,,209030282.0,-4.127018746043548,82.39999999999999,26,綠,0,False,False,False,False,C
2014-08-20,9288.05,2122000.0,6.912577839316072,1.3375702436903187,0.800908823796944,,,208078123.0,-4.563732130747233,80.4,26,綠,0,False,False,False,False,C
2014-08-21,9253.38,2038000.0,6.44654429900529,1.1255750752304985,0.7918787323449991,,,207753068.0,-4.712820538528766,79.2,26,綠,0,False,False,False,False,C
2014-08-22,9380.1,2488700.0,7.832072627368514,1.8262968808327955,0.8355591346163305,,,207754795.0,-4.712028439713985,79.2,26,綠,0,False,False,False,False,C
2014-08-25,9390.62,1912300.0,7.879074930206301,1.8702115178326704,0.8378955012642259,,,208111174.0,-4.548573093151789,80.4,27,綠,0,False,False,False,False,C
2014-08-26,9393.96,1984100.0,7.840074779477825,1.8822692197932145,0.8405886057282242,,,208164701.0,-4.524022616453008,80.4,27,綠,0,False,False,False,False,C
2014-08-27,9485.59,2940500.0,8.80846220738217,2.4230874765041137,0.9036414517564466,,,207726922.0,-4.724812556832918,77.60000000000001,27,綠,0,False,False,False,False,C
2014-08-28,9478.37,2707500.0,8.645628913371006,2.369758275505918,0.9572941727896452,,,209021339.0,-4.1311205061481155,82.0,27,綠,0,False,False,False,False,C
2014-08-29,9436.27,2271500.0,8.086675280914468,2.09847869012374,0.9436884907125844,,,209431911.0,-3.94280921802863,82.8,27,綠,0,False,False,False,False,C
2014-09-01,9513.06,2065000.0,8.881837802671296,2.5745475687615196,0.9584317357825004,,,209455033.0,-3.932204175298246,82.8,27,綠,0,False,False,False,False,C
2014-09-02,9399.72,2082900.0,7.507074839605868,1.8655561842783928,0.9691620403369106,,,209822908.0,-3.763476120007199,83.2,27,綠,0,False,False,False,False,C
2014-09-03,9450.35,1948400.0,8.010407547697108,2.181072472903847,0.8924040943384571,,,209911999.0,-3.7226140033264383,83.2,27,綠,0,False,False,False,False,C
2014-09-04,9428.89,1708100.0,7.695861766617505,2.017834684781791,0.816867171966596,,,210331795.0,-3.530072072782204,84.39999999999999,27,綠,0,False,False,False,False,C
2014-09-05,9407.94,1650700.0,7.38940084783651,1.8571256004452508,0.7702174860464895,,,210824905.0,-3.3039042403810663,85.6,27,綠,0,False,False,False,False,C
2014-09-09,9434.77,1868600.0,7.62949332375375,2.004312670508959,0.7568177313124171,,,210957996.0,-3.2428612621772177,86.0,27,綠,0,False,False,False,False,C
2014-09-10,9357.61,1839600.0,6.687241646043103,1.4685070758680974,0.740299651353358,,,211980017.0,-2.774105255934305,90.4,27,綠,0,False,False,False,False,C
2014-09-11,9322.95,1702100.0,6.236176545904663,1.2055092798067366,0.7265985565968166,,,211855119.0,-2.831390465991366,88.4,27,綠,0,False,False,False,False,C
2014-09-12,9223.18,1793200.0,5.04857924176438,0.5127205062718355,0.7357301774262905,,,212104254.0,-2.717123217456034,91.6,27,綠,0,False,False,False,False,C
2014-09-15,9217.46,1482600.0,4.934412127447458,0.4475109985181902,0.725578520249514,,,211862646.0,-2.8279381627030866,88.4,27,綠,0,False,False,False,False,C
2014-09-16,9133.4,1719500.0,3.933685743033496,-0.131346673113149,0.7180370681624955,,,211820463.0,-2.84728564637646,87.2,27,綠,0,False,False,False,False,C
2014-09-17,9195.17,1884000.0,4.589649284437817,0.2417578247980317,0.7219217821324065,,,212194160.0,-2.6758872961811533,92.4,27,綠,0,False,False,False,False,C
2014-09-18,9237.03,1554700.0,5.017444094588038,0.4792101097818733,0.7116814113242628,,,212846201.0,-2.3768248159907897,93.2,27,綠,0,False,False,False,False,C
2014-09-19,9240.45,1815800.0,5.0051236595800015,0.4674344390766977,0.7183956176672347,,,212853952.0,-2.3732697737711206,93.2,27,綠,0,False,False,False,False,C
2014-09-22,9134.65,1780200.0,3.7613788054055215,-0.241271561662229,0.7461702540236572,,,213801737.0,-1.938562550165207,94.0,27,綠,0,False,False,False,False,C
2014-09-23,9084.9,1642800.0,3.1571209091795573,-0.5728128683154766,0.7445909361981458,,,214233372.0,-1.74059059190343,94.4,27,綠,0,False,False,False,False,C
2014-09-24,9098.49,1582000.0,3.269720084394857,-0.4975121351811291,0.7260640718709952,,,215052402.0,-1.3649376143294538,94.8,27,綠,0,False,False,False,False,C
2014-09-25,9011.59,2039500.0,2.2500208083493756,-1.0394301846617655,0.7797283363571962,,,214467652.0,-1.6331366774118592,94.0,29,綠,0,False,False,False,False,C
2014-09-26,8989.82,1705600.0,1.9710414683172872,-1.1604129932532703,0.776882030702027,,,213726986.0,-1.9728475406132155,92.4,29,綠,0,False,False,False,False,C
2014-09-29,8960.76,1713100.0,1.6102106153389468,-1.3161991842483185,0.7776917789150858,,,214337709.0,-1.6927358067049196,93.6,29,綠,0,False,False,False,False,C
2014-09-30,8966.92,2295900.0,1.6439976803333662,-1.2617270791073798,0.8393810799633179,,,212846201.0,-2.3768248159907897,90.2,29,綠,0,False,False,False,False,C
2014-10-01,8990.26,1648000.0,1.8734809477193268,-1.1125604910090046,0.8527472660362685,,,213831969.0,-1.9246964636750703,92.4,29,綠,0,False,False,False,False,C
2014-10-02,8975.19,1825200.0,1.6657888743203804,-1.1872405360686615,0.838727640365331,,,214166530.0,-1.7712480724926636,92.4,29,綠,0,False,False,False,False,C
2014-10-03,9106.28,1873800.0,3.107755160918917,-0.4460670220949152,0.8628004896826209,,,213724562.0,-1.97395932262076,90.8,29,綠,0,False,False,False,False,C
2014-10-06,9095.14,1626000.0,2.9406565655250954,-0.5125594021319976,0.8663920117962942,,,214515204.0,-1.6113266699767257,94.0,29,綠,0,False,False,False,False,C
2014-10-07,9040.81,1569500.0,2.2941638180068185,-0.8124842198987174,0.8062125000294926,,,213983651.0,-1.8551266128217736,91.6,29,綠,0,False,False,False,False,C
2014-10-08,8955.18,1558600.0,1.2982067458032722,-1.269323640991497,0.8066704838247925,,,213847332.0,-1.917650132411907,91.2,29,綠,0,False,False,False,False,C
2014-10-09,8966.44,1777200.0,1.3965452691962543,-1.1944098770107323,0.8103611873265067,,,213266546.0,-2.1840310833334597,89.2,29,綠,0,False,False,False,False,C
2014-10-13,8711.39,2328700.0,-1.502633693294659,-2.477323689098475,0.858297725656337,,,210349739.0,-3.5218419505283336,74.8,29,綠,0,True,False,False,True,C
2014-10-14,8768.39,1735500.0,-0.8771426513480486,-2.1185412113900424,0.8730580392086882,,,209626728.0,-3.8534552430435505,71.6,29,綠,0,True,False,False,True,C
2014-10-15,8655.51,2304300.0,-2.166745416194897,-2.5948683929585648,0.9439965240004476,,,208014848.0,-4.592753585585266,66.4,29,綠,0,True,False,False,True,C
2014-10-16,8633.69,2514700.0,-2.429245960875509,-2.606525947556908,1.0350137381752984,,,206115488.0,-5.46390633882374,62.8,29,綠,0,True,False,False,True,C
2014-10-17,8512.88,2655100.0,-3.800845230141132,-3.0468150438851724,1.1168384491662002,,,204759474.0,-6.085850219673035,57.99999999999999,29,綠,0,True,False,False,True,C
2014-10-20,8663.14,1747800.0,-2.1174866752901624,-2.2883498708472687,1.0686862086285678,,,204492279.0,-6.208400794551707,56.39999999999999,29,綠,0,True,False,False,True,C
2014-10-21,8654.64,1380900.0,-2.2258970495806203,-2.260795198733242,1.0438695015444697,,,204263665.0,-6.313255964466236,56.00000000000001,29,綠,0,True,False,False,True,C
2014-10-22,8748.83,1911300.0,-1.1755425307206773,-1.8106086754387585,1.0101378537035814,,,203868483.0,-6.209290655591585,54.0,29,綠,0,True,False,False,True,C
2014-10-23,8731.07,1442500.0,-1.390044750332012,-1.8525230643846424,0.9198733248044296,,,203809133.0,-6.236594918210691,53.2,29,綠,0,True,False,False,True,C
2014-10-24,8646.01,1539700.0,-2.36077019921708,-2.159878342119577,0.8142815453911058,,,203973948.0,-6.1607709579146865,54.8,29,綠,0,True,False,False,True,C
2014-10-27,8627.78,1503400.0,-2.576946132146296,-2.180952162720808,0.7963345960888707,,,201025332.0,-7.5172964107688784,40.400000000000006,27,綠,0,True,False,False,True,C
2014-10-28,8773.55,1851800.0,-0.9470409211719312,-1.5696010402925156,0.848521111789273,,,199594156.0,-8.175716046121211,32.800000000000004,27,綠,0,True,False,False,True,C
2014-10-29,8903.68,2169000.0,0.4968388319149697,-1.0426648257049629,0.8758776856128633,,,198685011.0,-8.593972724113572,27.6,27,綠,0,False,False,False,False,C
2014-10-30,8888.07,1969100.0,0.2989001043822699,-1.0956686161591045,0.935251301979976,,,199394307.0,-7.284539485247665,30.4,27,綠,0,False,False,False,False,C
2014-10-31,8974.76,2025800.0,1.2518579733312256,-0.7529102080313949,0.9906261463653228,,,199156223.0,-7.391770030078529,28.799999999999997,27,綠,0,False,False,False,False,C
2014-11-03,9004.86,2063400.0,1.566700124682754,-0.6358653821110298,1.047511159380375,,,198985879.0,-7.470980491536197,27.6,27,綠,0,False,False,False,False,C
2014-11-04,8989.18,1704900.0,1.3651886585231656,-0.6950189606067432,1.0361475948548358,,,199287658.0,-7.330652368160948,29.2,27,綠,0,False,False,False,False,C
2014-11-05,8962.6,1633400.0,1.0392844020579537,-0.7953419726502395,0.9827374784185796,,,200148693.0,-6.930268558451163,35.6,27,綠,0,False,False,False,False,C
2014-11-06,8891.02,1597400.0,0.2080716575973402,-1.0646727987312934,0.946614874692325,,,199929788.0,-7.0320600278624195,34.0,27,綠,0,False,False,False,False,C
2014-11-07,8912.62,1492600.0,0.4220723717849667,-0.9787566001640008,0.8949182193744204,,,199855918.0,-7.066409795320491,33.2,27,綠,0,False,False,False,False,C
2014-11-10,9049.98,1844200.0,1.934479201357785,-0.4621885749934653,0.8744229310741212,,,199287369.0,-7.330786754011704,27.6,27,綠,0,False,False,False,False,C
2014-11-11,9034.14,1788700.0,1.7216733310407326,-0.5247253239981159,0.8843370752627862,,,199445842.0,-7.257096342499815,29.6,27,綠,0,False,False,False,False,C
2014-11-12,8918.95,1688500.0,0.3934987961942639,-0.9532711691671366,0.8925588263903013,,,200178953.0,-6.916197569371953,35.6,27,綠,0,False,False,False,False,C
2014-11-13,8980.67,1337100.0,1.0519188032928368,-0.7220572511730838,0.8698604675980683,,,199707717.0,-7.135323696593726,31.6,27,綠,0,False,False,False,False,C
2014-11-14,8982.88,1670000.0,1.040967353835847,-0.713822586070785,0.8923791240680388,,,199583477.0,-7.193095662330709,30.4,27,綠,0,False,False,False,False,C
2014-11-17,8884.39,1620300.0,-0.1019293397136386,-1.0741376441218284,0.8716396614723604,,,199474472.0,-7.243783308218989,28.799999999999997,27,綠,0,True,False,False,True,C
2014-11-18,8859.07,1875200.0,-0.4190670663774845,-1.1568650442288353,0.8858132111553497,,,197763465.0,-8.039406600071363,19.6,27,綠,0,True,False,False,True,C
2014-11-19,8963.24,1933300.0,0.7162634699086269,-0.7704062655624005,0.9121140912989888,,,196217924.0,-8.758087714825896,16.8,27,綠,0,False,False,False,False,C
2014-11-20,9078.87,1984700.0,1.974876957276832,-0.3487291047129979,0.9821291809553327,,,196000712.0,-8.859091934253307,16.400000000000002,27,綠,0,False,False,False,False,C
2014-11-21,9091.53,1711900.0,2.078949084165038,-0.302974832668306,0.997704014694306,,,196257277.0,-8.739788453978765,16.8,27,綠,0,False,False,False,False,C
2014-11-24,9122.33,1688500.0,2.3825637034892018,-0.1907211842936957,1.0145800264489442,,,196415620.0,-8.66615849284957,16.8,27,綠,0,False,False,False,False,C
2014-11-25,9116.24,1863300.0,2.2675318831502937,-0.2129937255786084,1.0170848964641244,,,196503161.0,-8.625451670146889,17.2,24,綠,0,False,False,False,False,C
2014-11-26,9122.39,1572900.0,2.290365699177958,-0.1919311870850761,0.9816214211197404,,,196124768.0,-8.801405529057984,15.2,24,綠,0,False,False,False,False,C
2014-11-27,9165.31,1657900.0,2.7265798896543134,-0.0373420129488616,0.948995694169673,,,195162918.0,-9.248668610546371,13.6,24,綠,0,False,False,False,False,C
2014-11-28,9187.15,1671500.0,2.928030243940436,0.039893741183119,0.9469233382741123,,,194947514.0,-9.348832104651406,12.8,24,綠,0,False,False,False,False,C
2014-12-01,9117.71,2000200.0,2.112453331175881,-0.2106944688677792,0.9791664533449008,,,195092000.0,-9.281645689314365,13.2,24,綠,0,False,False,False,False,C
2014-12-02,9034.79,2121500.0,1.153335603340847,-0.5060331390458443,1.003609874094635,,,196516014.0,-8.619474987310301,17.2,24,綠,0,False,False,False,False,C
2014-12-03,9175.26,2695800.0,2.690695762251151,-4.032839579979229e-06,1.1199081725847706,,,197895153.0,-7.978171292409001,19.6,24,綠,0,False,False,False,False,C
2014-12-04,9225.11,2423500.0,3.211173351536054,0.1792993555442911,1.1979734625321106,,,197433899.0,-8.192655760245822,18.8,24,綠,0,False,False,False,False,C
2014-12-05,9206.57,2074700.0,2.9662367122782656,0.1131563908065074,1.2380167429172646,,,198487028.0,-7.702947675050846,21.6,24,綠,0,False,False,False,False,C
2014-12-08,9187.29,2002500.0,2.715259882087905,0.0442937229227076,1.2359099657389334,,,199549119.0,-7.209072233473589,29.6,24,綠,0,False,False,False,False,C
2014-12-09,9128.9,1841800.0,2.028077075337083,-0.1632127223515754,1.2014399908572009,,,200186985.0,-6.912462665727398,35.6,24,綠,0,False,False,False,False,C
2014-12-10,9032.16,2150000.0,0.9168973457359554,-0.5035683296115668,1.1375915692999352,,,201192934.0,-6.44469341942063,40.8,24,綠,0,False,False,False,False,C
2014-12-11,9013.07,1673000.0,0.6780259968236738,-0.5634247557913571,1.0582401407800477,,,201510268.0,-6.297132175254662,42.0,24,綠,0,False,False,False,False,C
2014-12-12,9027.33,1621300.0,0.8110108481547104,-0.5039294332327807,1.0083809192956554,,,201796789.0,-6.163899066795822,44.0,24,綠,0,False,False,False,False,C
2014-12-15,8985.63,1671300.0,0.320603732950972,-0.6402627138617812,0.9736983467143996,,,202850828.0,-5.673767828921995,50.0,24,綠,0,False,False,False,False,C
2014-12-16,8950.91,1836200.0,-0.0933348143465207,-0.75068422234558,0.972596228280562,,,203865420.0,-5.201979562172014,53.2,24,綠,0,True,False,False,True,C
2014-12-17,8828.36,2319700.0,-1.48104729098545,-1.1628786728306344,0.9849971023674198,,,205280989.0,-4.543735810028292,59.599999999999994,24,綠,0,True,False,False,True,C
2014-12-18,8878.63,1975300.0,-0.945036893202384,-0.9713005668065487,1.0140523769598766,,,205443885.0,-4.2287534080801095,60.4,24,綠,0,True,False,False,True,C
2014-12-19,8999.52,2477900.0,0.3747165712952032,-0.5423298516601237,1.1018954615570813,,,203304752.0,-5.2259475277099705,50.0,24,綠,0,False,False,False,False,C
2014-12-22,9095.0,1954900.0,1.4058899198937598,-0.2046015518361097,1.1297771424395444,,,203090052.0,-5.326033673585206,48.8,24,綠,0,False,False,False,False,C
2014-12-23,9097.71,1867800.0,1.4048860932695928,-0.1891389735520508,1.1315964895261608,,,203347139.0,-5.206188089120247,50.0,24,綠,0,False,False,False,False,C
2014-12-24,9186.18,2610200.0,2.355502267260321,0.1223789480524323,1.1593784612763056,,,203836872.0,-4.977890518193759,52.0,24,綠,0,False,False,False,False,C
2014-12-25,9158.7,1831400.0,2.017381096434926,0.0352329652645292,1.1421938602818038,,,204293949.0,-4.7648161106566596,55.2,25,綠,0,False,False,False,False,C
2014-12-26,9214.07,1649700.0,2.5992332824449194,0.2338249224673592,1.0557750008652584,,,204331717.0,-4.747209899397154,55.2,25,綠,0,False,False,False,False,C
2014-12-29,9286.28,2137000.0,3.3656119661240527,0.4897306511720684,1.0726619641369397,,,203765534.0,-5.011145969867944,50.0,25,綠,0,False,False,False,False,C
2014-12-30,9268.43,1891600.0,3.1309908447785375,0.4348193119410113,1.0726681559094051,,,204084260.0,-4.626237076401693,54.0,25,綠,0,False,False,False,False,C
2014-12-31,9307.26,1578600.0,3.52747439413392,0.574988248104741,0.9632453343461018,,,203961709.0,-4.622747876976085,52.400000000000006,25,綠,0,False,False,False,False,C
2015-01-05,9274.11,2311000.0,3.1288802142350995,0.4680975917020222,1.0073824243200606,,,205346257.0,-3.7137981312830943,59.2,25,綠,0,False,False,False,False,C
2015-01-06,9048.34,2725800.0,0.5987522140955629,-0.2999909723892034,1.1114321017733766,,,206939417.0,-1.621262767528321,64.0,25,綠,0,False,False,False,False,C
2015-01-07,9080.09,2384100.0,0.9307600151399882,-0.1768361508279992,1.1366859922036852,,,207902074.0,-0.822726193579666,65.60000000000001,25,綠,0,False,False,False,False,C
2015-01-08,9238.03,2657600.0,2.6547982548181013,0.3757294964040029,1.2069525752915242,,,206834414.0,-0.567475837109474,63.2,25,綠,0,False,False,False,False,C
2015-01-09,9215.58,2398800.0,2.3727685551834496,0.3065879933214648,1.2908219390658138,,,207314904.0,-0.2824262349590605,63.6,25,綠,0,False,False,False,False,C
2015-01-12,9178.3,2205700.0,1.9284734353673312,0.1885977987028396,1.2833470199247958,,,207833651.0,-0.0329111675913343,65.2,25,綠,0,False,False,False,False,C
2015-01-13,9231.8,2324800.0,2.4918434064962405,0.3804049887026122,1.2453068665602702,,,208616855.0,0.0,68.4,25,綠,0,False,False,False,False,C
2015-01-14,9180.23,2271500.0,1.8891968050763297,0.2085607318482509,1.2280183364630508,,,209860858.0,0.0,72.39999999999999,25,綠,0,False,False,False,False,C
2015-01-15,9165.09,2210200.0,1.6924601483311918,0.1627642261220617,1.1732901942202614,,,210457997.0,0.0,74.8,25,綠,0,False,False,False,False,C
2015-01-16,9138.29,2591100.0,1.3693587373760825,0.0785896587623274,1.186153551272495,,,210784114.0,0.0,76.0,25,綠,0,False,False,False,False,C
2015-01-19,9174.06,1893500.0,1.7378932022422455,0.2110300338831376,1.1498211535279217,,,209180131.0,-0.7609600977804238,69.19999999999999,25,綠,0,False,False,False,False,C
2015-01-20,9251.69,1795000.0,2.5692543382649657,0.4861182795878901,1.093500251494998,,,209184381.0,-0.7589438168001599,69.19999999999999,25,綠,0,False,False,False,False,C
2015-01-21,9319.71,2174400.0,3.290948930536787,0.7272974366561402,1.077511181764294,,,208474345.0,-1.0957984243537442,65.60000000000001,25,綠,0,False,False,False,False,C
2015-01-22,9369.51,2387200.0,3.807288532896441,0.9017192081379748,1.0904793118536265,,,208146031.0,-1.25155684170772,64.4,25,綠,0,False,False,False,False,C
2015-01-23,9470.94,2647100.0,4.8915751146762085,1.2509552284782388,1.0917369840780842,,,207640101.0,-1.4915796737888891,60.0,25,綠,0,False,False,False,False,C
2015-01-26,9477.67,1906500.0,4.9253097307480305,1.2714699921418495,1.093610946600989,,,207953007.0,-1.3431311052217152,62.4,22,黃藍,1,False,False,False,False,C
2015-01-27,9521.59,1875400.0,5.369717069175508,1.4204118132847523,1.1030558197068885,,,208278687.0,-1.1886223076564488,64.8,22,黃藍,1,False,False,False,False,C
2015-01-28,9510.92,1784400.0,5.2089875810713435,1.3772225148108284,1.0664024284431657,,,208597167.0,-1.037529327281277,65.60000000000001,22,黃藍,1,False,False,False,False,C
2015-01-29,9426.9,1849600.0,4.241347311336231,1.082787283598612,1.0110942720064304,,,209113289.0,-0.7926712161999078,68.0,22,黃藍,1,False,False,False,False,C
2015-01-30,9361.91,2041700.0,3.481532913985261,0.8574574723881063,0.947028228636182,,,209097458.0,-0.8001817442466277,67.60000000000001,22,黃藍,1,False,False,False,False,C
2015-02-02,9386.99,1650800.0,3.707283347620136,0.9379598493613672,0.9210135396066648,,,209117982.0,-0.7904447675786421,68.0,22,黃藍,1,False,False,False,False,C
2015-02-03,9448.73,1649300.0,4.336927113831127,1.1428766402700614,0.8972106482831235,,,208610928.0,-1.031000846676709,64.8,22,黃藍,1,False,False,False,False,C
2015-02-04,9513.92,2134800.0,5.004532494633275,1.356313752640684,0.9299850423799236,,,208441735.0,-1.1112692297105464,63.2,22,黃藍,1,False,False,False,False,C
2015-02-05,9512.05,1523200.0,4.932004661092195,1.3369924680703604,0.8994216090843601,,,208772045.0,-0.954563871924428,65.60000000000001,22,黃藍,1,False,False,False,False,C
2015-02-06,9456.18,1533300.0,4.268487585575442,1.1359940361481513,0.8497114309373054,,,208582866.0,-1.0443139941751018,63.2,22,黃藍,1,False,False,False,False,C
2015-02-09,9421.5,1425200.0,3.844380582504825,1.009065411895168,0.8265290307097729,,,207866021.0,-1.3843989210685963,57.99999999999999,22,黃藍,1,False,False,False,False,C
2015-02-10,9393.7,1631400.0,3.4957143120683187,0.9086583114491092,0.8250045011703043,,,207416398.0,-1.5977086394660651,55.2,22,黃藍,1,False,False,False,False,C
2015-02-11,9462.22,1909200.0,4.207076898180157,1.1378400268907047,0.8005109028361593,,,206800835.0,-1.8897434557141248,53.6,22,黃藍,1,False,False,False,False,C
2015-02-12,9496.31,1563800.0,4.537528302369665,1.2463854304272437,0.8066509763118995,,,205554922.0,-2.4808283227643995,50.8,22,黃藍,1,False,False,False,False,C
2015-02-13,9529.51,1601700.0,4.858063077579773,1.3487154672382196,0.815749234834849,,,202770889.0,-3.801626625429656,32.800000000000004,22,黃藍,1,False,False,False,False,C
2015-02-24,9629.37,2332200.0,5.907818596312099,1.6780828597078234,0.9041147961607906,,,202475469.0,-3.9417795024154425,31.2,22,黃藍,1,False,False,False,False,C
2015-02-25,9699.54,2209800.0,6.624464299882361,1.9015776914143767,0.957996880294803,,,203329559.0,-3.5365829324310463,35.6,23,綠,0,False,False,False,False,bull
2015-02-26,9622.1,2117000.0,5.725757434660834,1.6237404914804838,0.9752284334503004,,,204109199.0,-3.1667068610303337,42.4,23,綠,0,False,False,False,False,bull
2015-03-02,9601.36,2202800.0,5.449635344649149,1.544449364323605,1.035749962261225,,,204984712.0,-2.751346811648244,45.6,23,綠,0,False,False,False,False,bull
2015-03-03,9605.77,1882000.0,5.450347171580967,1.551181076237257,1.0607912639093215,,,205031326.0,-2.7292322418567085,45.6,23,綠,0,False,False,False,False,bull
2015-03-04,9621.73,1910300.0,5.578224798952334,1.5966128820264125,1.0170227999763526,,,205078374.0,-2.7069117741956585,46.8,23,綠,0,False,False,False,False,bull
2015-03-05,9595.09,1921600.0,5.241769721102604,1.5012551763774145,0.9866002620458753,,,206354730.0,-2.1013841678789893,52.8,23,綠,0,False,False,False,False,bull
2015-03-06,9645.77,2120500.0,5.749215668768543,1.6654355838789456,0.9859724950884088,,,206366608.0,-2.095749018353442,52.8,23,綠,0,False,False,False,False,bull
2015-03-09,9562.98,1785400.0,4.795222430719215,1.3801248682306904,0.9475776099763676,,,207662976.0,-1.4807273379245267,55.60000000000001,23,綠,0,False,False,False,False,bull
2015-03-10,9536.53,2012200.0,4.463995779117963,1.289098403600314,0.9658222738428088,,,208185259.0,-1.232946331050356,61.2,23,綠,0,False,False,False,False,bull
2015-03-11,9523.18,2230500.0,4.280776018447706,1.2403351481800968,0.999132680101168,,,209306128.0,-0.7011847202109358,69.19999999999999,23,綠,0,False,False,False,False,bull
2015-03-12,9596.0,2358800.0,5.03758966516984,1.4812138592322963,1.040067177315448,,,209258731.0,-0.7236707601218942,68.8,23,綠,0,False,False,False,False,bull
2015-03-13,9579.35,1941300.0,4.81338937432698,1.419489451079937,1.0228455511338597,,,209854236.0,-0.4411518412625725,71.2,23,綠,0,False,False,False,False,bull
2015-03-16,9512.91,1773200.0,4.049516882136397,1.1921230617503984,1.0222160566004082,,,210833515.0,0.0,76.8,23,綠,0,False,False,False,False,bull
2015-03-17,9539.44,2021100.0,4.300691994588844,1.2780631695682751,1.0241881019436616,,,210922834.0,0.0,76.8,23,綠,0,False,False,False,False,bull
2015-03-18,9653.43,2195500.0,5.505228074152929,1.6519809596792825,1.0163265709262588,,,211043660.0,0.0,77.2,23,綠,0,False,False,False,False,bull
2015-03-19,9736.73,2389700.0,6.36685493732429,1.9155617977629615,1.012971972034195,,,211486183.0,0.0,79.2,23,綠,0,False,False,False,False,bull
2015-03-20,9749.69,2580300.0,6.459606986503802,1.938976362482757,1.06775045748811,,,212078764.0,0.0,84.39999999999999,23,綠,0,False,False,False,False,bull
2015-03-23,9758.09,2206800.0,6.503594802609657,1.946804691322391,1.106663903800452,,,212550597.0,0.0,86.8,23,綠,0,False,False,False,False,bull
2015-03-24,9731.66,1945600.0,6.1668216837874645,1.8378310974050571,1.1026694195216171,,,213007865.0,0.0,88.4,23,綠,0,False,False,False,False,bull
2015-03-25,9667.83,1966300.0,5.421226400256203,1.6100764675174428,1.080418089949586,,,213324062.0,0.0,89.2,24,綠,0,False,False,False,False,bull
2015-03-26,9619.12,2194600.0,4.842428580482532,1.4365715337657372,1.0638558295788954,,,214019807.0,0.0,91.6,24,綠,0,False,False,False,False,bull
2015-03-27,9503.72,2251300.0,3.544086869458998,1.0463907927699712,1.0292433743703988,,,214628530.0,0.0,94.4,24,綠,0,False,False,False,False,bull
2015-03-30,9521.87,1783800.0,3.704205342444842,1.0960139217003275,0.9887073764392,,,214176335.0,-0.2106872744271229,91.6,24,綠,0,False,False,False,False,bull
2015-03-31,9586.44,2184800.0,4.368837532187307,1.2961356740454135,1.015536776131181,,,214050754.0,-0.2691981350289265,90.8,24,綠,0,False,False,False,False,bull
2015-04-01,9507.66,1788200.0,3.4783391412138305,1.0242867990940496,0.9984651844796062,,,214041250.0,-0.2736262508996357,90.4,24,綠,0,False,False,False,False,bull
2015-04-02,9600.32,1860500.0,4.44927595216005,1.31524082206731,0.964111782492099,,,213888993.0,-0.3445660276385436,89.2,24,綠,0,False,False,False,False,bull
2015-04-07,9641.9,2011600.0,4.865484400513388,1.4352694076263983,0.9416556647596694,,,213838793.0,-0.3679552760297058,88.4,24,綠,0,False,False,False,False,bull
2015-04-08,9571.97,1983700.0,4.073284557240144,1.1879705070266176,0.9604839162820924,,,214687147.0,0.0,94.4,24,綠,0,False,False,False,False,bull
2015-04-09,9568.04,2165100.0,4.0005853573692445,1.159913820821712,0.9540023633419406,,,214379957.0,-0.1430872803950392,92.4,24,綠,0,False,False,False,False,bull
2015-04-10,9617.7,2002700.0,4.507237179147084,1.308284534383045,0.9773059476113596,,,213987248.0,-0.3260088038712443,88.8,24,綠,0,False,False,False,False,bull
2015-04-13,9666.52,1855700.0,5.00166388161099,1.451429597805057,0.9837929663143112,,,213569724.0,-0.5204890071970634,85.2,24,綠,0,False,False,False,False,bull
2015-04-14,9642.22,2034000.0,4.703406882949796,1.3566275940223742,0.9888253439918068,,,214606537.0,-0.0375476599910287,93.2,24,綠,0,False,False,False,False,bull
2015-04-15,9540.06,2435600.0,3.566649259617961,1.00708000105956,1.0352129871475186,,,216533238.0,0.0,98.0,24,綠,0,False,False,False,False,bull
2015-04-16,9656.87,2224100.0,4.80248001276827,1.37914081871523,1.042531084461145,,,215839218.0,-0.3205143036747088,96.0,24,綠,0,False,False,False,False,bull
2015-04-17,9570.93,2047400.0,3.8399236555399208,1.0780362965780144,1.048313659150659,,,216116656.0,-0.1923870920916076,96.4,24,綠,0,False,False,False,False,bull
2015-04-20,9552.85,1925300.0,3.612493904142532,1.002675752369416,1.058685741131631,,,215759189.0,-0.3574735256118047,95.2,24,綠,0,False,False,False,False,bull
2015-04-21,9533.98,2098100.0,3.380139933846625,0.9188502093416526,1.066577651286112,,,214448358.0,-0.9628452514989868,90.4,24,綠,0,False,False,False,False,bull
2015-04-22,9613.0,2128600.0,4.205831025730094,1.1599411535495687,1.0367635722846726,,,214119874.0,-1.1145466729685167,87.6,24,綠,0,False,False,False,False,bull
2015-04-23,9797.49,3637800.0,6.1664377717015695,1.741838480699255,1.1672491419001705,,,214827740.0,-0.7876379699268157,92.8,24,綠,0,False,False,False,False,bull
2015-04-24,9913.28,3791200.0,7.377090606915701,2.0873327925287595,1.318639706774765,,,213699444.0,-1.3087108594385866,82.0,24,綠,0,False,False,False,False,bull
2015-04-27,9973.12,3381800.0,7.977447140105172,2.238585159503344,1.4415495399343972,,,215255619.0,-0.5900336649470878,94.0,22,黃藍,1,False,False,False,False,B
2015-04-28,9956.83,2770800.0,7.75524620194418,2.1440531667181686,1.498895639964317,,,216736397.0,0.0,98.4,22,黃藍,1,False,False,False,False,B
2015-04-29,9853.83,2859900.0,6.599166514712815,1.7707512021170768,1.5627948092190778,,,216747449.0,0.0,98.4,22,黃藍,1,False,False,False,False,B
2015-04-30,9820.05,2644700.0,6.193543144493139,1.6299383053293617,1.4684267433432745,,,216869913.0,0.0,98.4,22,黃藍,1,False,False,False,False,B
2015-05-04,9845.04,2298800.0,6.414488865799448,1.6794812899110525,1.3224591903775205,,,216114850.0,-0.3481640166471593,94.8,22,黃藍,1,False,False,False,False,B
2015-05-05,9820.13,2134800.0,6.098887391783539,1.564650577851458,1.2018326789927516,,,214512595.0,-1.086973276924771,88.4,22,黃藍,1,False,False,False,False,B
2015-05-06,9818.2,2353700.0,6.034680760077051,1.5254361935822256,1.157197830001059,,,214738698.0,-0.9827158458813048,90.4,22,黃藍,1,False,False,False,False,B
2015-05-07,9704.11,2315900.0,4.761226760096146,1.1273634103819703,1.1019527592045135,,,214178760.0,-1.2409065705670292,85.2,22,黃藍,1,False,False,False,False,B
2015-05-08,9692.0,2012000.0,4.593245394112548,1.0670688126810917,1.042847615480903,,,213048695.0,-1.761986228121925,76.8,22,黃藍,1,False,False,False,False,B
2015-05-11,9663.72,2383200.0,4.252355869444776,0.9543623806917864,1.0447834756616614,,,209291537.0,-3.4944340112314247,53.6,22,黃藍,1,False,False,False,False,B
2015-05-12,9680.73,2141500.0,4.401245297326611,0.9917723283585452,1.0414236559905892,,,207649040.0,-4.251799095801731,38.4,22,黃藍,1,False,False,False,False,B
2015-05-13,9724.11,2129200.0,4.831499802558086,1.114812623984004,1.0206046881570865,,,206881477.0,-4.6057269364054205,36.4,22,黃藍,1,False,False,False,False,B
2015-05-14,9610.83,2198400.0,3.579906455828686,0.7282948449008362,1.0044323297351312,,,207192363.0,-4.4623755624414345,36.8,22,黃藍,1,False,False,False,False,B
2015-05-15,9579.48,1997700.0,3.211342927751367,0.6096693191157608,0.9995340114094274,,,206387389.0,-4.833553836488144,34.4,22,黃藍,1,False,False,False,False,B
2015-05-18,9606.1,2154300.0,3.4625930634505586,0.6781019235185114,0.9730009512191024,,,204317014.0,-5.7882159984082255,26.8,22,黃藍,1,False,False,False,False,B
2015-05-19,9716.77,2439000.0,4.614055220776196,1.0191732077957478,0.994125832527804,,,203320385.0,-6.247767526886037,20.4,22,黃藍,1,False,False,False,False,B
2015-05-20,9685.31,2182900.0,4.238977788563323,0.8996003278363595,0.9969448274452172,,,204140119.0,-5.869783329511457,25.6,22,黃藍,1,False,False,False,False,B
2015-05-21,9578.56,2176000.0,3.05910739607773,0.5359417095508423,0.9903190529629576,,,205287340.0,-5.340792938852703,30.0,22,黃藍,1,False,False,False,False,B
2015-05-22,9638.8,2176100.0,3.6737713180241096,0.7144146959802823,1.0021154499890064,,,204299742.0,-5.7961802197984005,26.0,22,黃藍,1,False,False,False,False,B
2015-05-25,9645.17,1568200.0,3.709032863788528,0.7179908001077953,0.954810681564482,,,204966830.0,-5.488581996157301,27.6,16,藍,2,False,False,False,False,B
2015-05-26,9669.41,1727100.0,3.93473179903125,0.7794643338128537,0.8935891705994197,,,204343517.0,-5.775995308302631,26.4,16,藍,2,False,False,False,False,B
2015-05-27,9693.54,2376600.0,4.156881124995159,0.8372874826372451,0.9094084399707872,,,204591815.0,-5.661503631441951,26.8,16,藍,2,False,False,False,False,B
2015-05-28,9712.84,2366200.0,4.330932677660085,0.8784467063919315,0.9255206366945044,,,204192344.0,-5.845702073021075,23.6,16,藍,2,False,False,False,False,B
2015-05-29,9701.07,3159400.0,4.173493125778136,0.8210534045457702,1.0049255336493372,,,203907500.0,-5.977045326706984,20.8,16,藍,2,False,False,False,False,B
2015-06-01,9625.69,1981100.0,3.337866919214546,0.5600326497446255,1.0414300258180833,,,203601736.0,-6.118034916166541,18.4,16,藍,2,False,False,False,False,B
2015-06-02,9614.26,2134600.0,3.1903892508840936,0.5092666565377358,1.0762684036443095,,,203440025.0,-6.192600815033296,18.0,16,藍,2,False,False,False,False,B
2015-06-03,9556.52,2285900.0,2.551518946587693,0.3086456630112727,1.066828860336045,,,202952209.0,-6.417535658807591,15.6,16,藍,2,False,False,False,False,B
2015-06-04,9348.63,2951500.0,0.3103225701201184,-0.380767460195419,1.109537142337765,,,201361853.0,-7.150858219784503,13.6,16,藍,2,False,False,False,False,B
2015-06-05,9340.13,2478600.0,0.207754175801749,-0.4138636989628481,1.0455641707862915,,,199319765.0,-8.092477078643915,8.0,16,藍,2,False,False,False,False,B
2015-06-08,9368.43,2178100.0,0.5008117792873287,-0.3261682460644419,1.0633833478094632,,,197508597.0,-8.927617359259973,4.8,16,藍,2,False,False,False,False,B
2015-06-09,9191.87,2785900.0,-1.396296673149385,-0.902166533341102,1.117444799725045,,,192127611.0,-11.40882184058422,0.4,16,藍,2,True,False,False,True,B
2015-06-10,9298.5,2190900.0,-0.2592001499451049,-0.5576610358194969,1.1070435296377148,,,190513862.0,-12.15293105226634,0.4,16,藍,2,True,False,False,True,B
2015-06-11,9302.49,2059600.0,-0.2235946331521884,-0.5508591510794792,1.026432330337562,,,190366948.0,-12.220673966886316,0.4,16,藍,2,True,False,False,True,B
2015-06-12,9301.93,1713100.0,-0.2355586817079335,-0.5553775281541175,0.961402037306134,,,189916745.0,-12.428265233822453,0.4,16,藍,2,True,False,False,True,B
2015-06-15,9259.48,1595200.0,-0.6924216151723864,-0.6937689737094068,0.9141422212076248,,,189429209.0,-12.653070967940122,0.4,16,藍,2,True,False,False,True,B
2015-06-16,9212.78,1737300.0,-1.192555929158773,-0.8443444407279691,0.8254450282700337,,,189131911.0,-12.7901568347104,0.4,16,藍,2,True,False,False,True,B
2015-06-17,9189.83,2054200.0,-1.4380689847437371,-0.9166295180935006,0.8164852878908311,,,189578053.0,-12.58443811890126,1.2,16,藍,2,True,False,False,True,B
2015-06-18,9218.37,1959000.0,-1.1329066347371342,-0.8248234715461809,0.8090068259690465,,,189429800.0,-12.652798454343456,1.2,16,藍,2,True,False,False,True,B
2015-06-22,9341.77,1993500.0,0.184592135502477,-0.4339742899333582,0.8337510629227978,,,188407925.0,-13.123991062789797,0.4,16,藍,2,False,False,False,False,B
2015-06-23,9391.14,1944900.0,0.7075507733714039,-0.2844726061735741,0.8651080354505389,,,188286716.0,-13.17988124982556,0.4,16,藍,2,False,False,False,False,B
2015-06-24,9397.31,1725600.0,0.7686421778927963,-0.2745057262810452,0.8670892361269262,,,188186348.0,-13.22616152845508,0.4,16,藍,2,False,False,False,False,B
2015-06-25,9476.34,2096500.0,1.6091389359048545,-0.0312923016081854,0.8718871452076259,,,187318140.0,-13.626497374027164,0.4,18,黃藍,3,False,True,False,True,B
2015-06-26,9462.57,1584100.0,1.453277074321884,-0.0894877389623096,0.8395100178031056,,,187382516.0,-13.59681321954512,0.8,18,黃藍,3,False,True,False,True,B
2015-06-29,9236.1,1867400.0,-0.9751581226050574,-0.8356761691238718,0.8301539606828421,,,186089438.0,-14.19305913587008,0.4,18,黃藍,3,True,True,True,True,B
2015-06-30,9323.02,1858800.0,-0.0465383519848395,-0.5647179709219217,0.8219649069119612,,,186222580.0,-14.131666571932456,0.8,18,黃藍,3,True,True,True,True,B
2015-07-01,9375.23,1618400.0,0.50747708613315,-0.4050366254501937,0.8137940673247508,,,186033937.0,-14.218650975342992,0.4,18,黃藍,3,False,True,False,True,B
2015-07-02,9379.24,1753300.0,0.5479527020296857,-0.3999827190536221,0.7843704121964992,,,187082723.0,-13.73504954557712,1.6,18,黃藍,3,False,True,False,True,B
2015-07-03,9358.23,1571900.0,0.3205087510244097,-0.4755691664756113,0.7857041442998131,,,188111726.0,-13.260570174157817,2.8000000000000003,18,黃藍,3,False,True,False,True,B
2015-07-06,9255.96,1580600.0,-0.7699947202033254,-0.8111628224837325,0.7630811803499541,,,188187544.0,-13.225610045778918,3.5999999999999996,18,黃藍,3,True,True,True,True,B
2015-07-07,9250.16,1872800.0,-0.8240191364947164,-0.8338590821333192,0.7651094770795178,,,187743288.0,-13.430459115829496,2.8000000000000003,18,黃藍,3,True,True,True,True,B
2015-07-08,8976.11,3059900.0,-3.7412515907539032,-1.71630466759157,0.8883320918263696,,,184787988.0,-14.793165430928171,0.4,18,黃藍,3,True,True,True,True,B
2015-07-09,8914.13,2589100.0,-4.3808117120448715,-1.900128706895825,0.9597888775578254,,,182927475.0,-15.651058982995028,0.4,18,黃藍,3,True,True,True,True,B
2015-07-13,9033.92,2077600.0,-3.076059655413268,-1.5041762371616267,1.007963179591901,,,181971796.0,-16.091728224191247,0.4,18,黃藍,3,True,True,True,True,B
2015-07-14,9041.76,2139300.0,-2.9720228616258377,-1.4709407204165923,1.0590090012201605,,,181451319.0,-16.33172324830508,0.4,18,黃藍,3,True,True,True,True,B
2015-07-15,9054.2,1789400.0,-2.8186394154426675,-1.424973660550306,1.0535285065303377,,,181689852.0,-16.22173427071924,0.8,18,黃藍,3,True,True,True,True,B
2015-07-16,9042.21,1666800.0,-2.9286704014850495,-1.4618250008452365,0.9294152097981264,,,181498427.0,-16.310001470789544,0.8,18,黃藍,3,True,True,True,True,B
2015-07-17,9045.98,1615500.0,-2.8665445349459686,-1.4497429708405916,0.8443145613947379,,,181155334.0,-16.468203683006966,0.4,18,黃藍,3,True,True,True,True,B
2015-07-20,8975.0,1767100.0,-3.6071462471947737,-1.667985561515947,0.8183315901369264,,,179686565.0,-17.145461758911665,0.4,18,黃藍,3,True,True,True,True,B
2015-07-21,9005.96,1714600.0,-3.2532536711256332,-1.5609245050194789,0.7911787037072724,,,178483475.0,-17.70021367602061,0.4,18,黃藍,3,True,True,True,True,B
2015-07-22,8918.7,1720100.0,-4.1638594332953,-1.831071413105588,0.797500242831763,,,178231920.0,-17.816207174851407,0.4,18,黃藍,3,True,True,True,True,B
2015-07-23,8791.12,2076700.0,-5.506602746448189,-2.212445733823313,0.8446657955780249,,,175852769.0,-18.91324777725161,0.4,18,黃藍,3,True,True,True,True,B
2015-07-24,8767.86,1622400.0,-5.730662999909365,-2.25451908250556,0.8530743912675739,,,174612548.0,-19.48512101814695,0.4,18,黃藍,3,True,True,True,True,B
2015-07-27,8556.68,2322200.0,-7.9677884118806785,-2.85817301802041,0.9101847128240176,,,168622116.0,-22.247344655872112,0.4,16,藍,4,True,True,True,True,B
2015-07-28,8582.49,2273000.0,-7.65608024623134,-2.7255425760170473,0.966815905388282,,,165463751.0,-23.43712104929393,0.4,16,藍,4,True,True,True,True,B
2015-07-29,8563.48,2046200.0,-7.823492237026756,-2.7330062324920696,1.0003313316387856,,,164553279.0,-23.37045882619629,0.4,16,藍,4,True,True,True,True,B
2015-07-30,8651.49,2008700.0,-6.842152915943797,-2.429474201063286,0.99476431340523,,,163607591.0,-23.810848941628585,0.4,16,藍,4,True,True,True,True,B
2015-07-31,8665.34,2024400.0,-6.658354886095073,-2.353394381415286,1.036447271006032,,,162962723.0,-23.91275259974425,0.4,16,藍,4,True,True,True,True,B
2015-08-03,8524.41,1822300.0,-8.140219215344423,-2.7150518611135683,0.9918705659571116,,,162112410.0,-23.908283033604125,0.4,16,藍,4,True,True,True,True,B
2015-08-04,8510.86,2242500.0,-8.250273292769092,-2.695816626527521,0.9870490016736077,,,157595260.0,-24.70060554813547,0.4,16,藍,4,True,True,True,True,B
2015-08-05,8542.27,1849400.0,-7.877913618847009,-2.5523762009926827,0.972107439699135,,,156423419.0,-24.66932714930924,0.4,16,藍,4,True,True,True,True,B
2015-08-06,8449.56,1995900.0,-8.838498141930435,-2.755240770791481,0.9720090992849396,,,154879437.0,-25.248481769571782,0.4,16,藍,4,True,True,True,True,B
2015-08-07,8442.29,1654200.0,-8.882583105792229,-2.7120551201962178,0.9394263824771634,,,153749158.0,-25.794003324340675,0.4,16,藍,4,True,True,True,True,B
2015-08-10,8466.84,1708400.0,-8.586056510116642,-2.587625473536329,0.931976791965944,,,153645358.0,-25.554870990688293,0.4,16,藍,4,True,True,True,True,B
2015-08-11,8394.14,2176400.0,-9.33432509601566,-2.7264836715982574,0.9241010432403556,,,153587845.0,-25.183966531983906,0.4,16,藍,4,True,True,True,True,B
2015-08-12,8283.38,2319000.0,-10.49747111146934,-2.9480863257023975,0.9690343158063812,,,153449724.0,-25.251248323447516,0.4,16,藍,4,True,True,True,True,B
2015-08-13,8311.74,2002800.0,-10.158724019240136,-2.8029984613604944,0.9731916979468572,,,153145431.0,-25.399476168379405,0.4,16,藍,4,True,True,True,True,B
2015-08-14,8305.64,1771200.0,-10.19259370226046,-2.7508032368222173,0.9880844216129232,,,152893584.0,-25.522156407696645,0.4,16,藍,4,True,True,True,True,B
2015-08-17,8213.42,1730700.0,-11.156223850810486,-2.910303909075379,0.9939452772334142,,,152661784.0,-25.518785649365803,0.4,16,藍,4,True,True,True,True,B
2015-08-18,8177.22,1910300.0,-11.509673142560208,-2.925471929833761,0.9696313660904616,,,152004626.0,-25.83940240476959,0.4,16,藍,4,True,True,True,True,B
2015-08-19,8021.84,2562600.0,-13.148221788812636,-3.2163815906461397,0.9857600147537312,,,150284197.0,-26.544374710200408,0.4,16,藍,4,True,True,True,True,B
2015-08-20,8029.81,2051500.0,-13.016670239386563,-3.111290488772526,0.9879328522677632,,,149519450.0,-26.91816630103213,0.4,16,藍,4,True,True,True,True,B
2015-08-21,7786.92,2548500.0,-15.594988775633242,-3.568881479365568,1.0630229810318548,,,145562668.0,-28.712964870024702,0.4,16,藍,4,True,True,True,True,B
2015-08-24,7410.34,3913000.0,-19.614251853339105,-4.2506775380178246,1.2617480095770257,,,132524780.0,-35.00740286649584,0.4,16,藍,4,True,True,True,True,B
2015-08-25,7675.64,3020700.0,-16.683348507820607,-3.534127980022458,1.3711776092447463,,,127782640.0,-37.23892413176674,0.4,14,藍,5,True,True,True,True,B
2015-08-26,7715.59,2504000.0,-16.194096895529704,-3.341620009354811,1.3597141291213604,,,127789806.0,-37.18551401082457,0.8,14,藍,5,True,True,True,True,B
2015-08-27,7824.55,2625000.0,-14.956509833727509,-3.024693704758029,1.4096841495917702,,,127209128.0,-37.32064872474485,0.4,14,藍,5,True,True,True,True,B
2015-08-28,8019.18,2574100.0,-12.794322722256224,-2.557119728630314,1.40888946286378,,,126159988.0,-37.34662940353454,0.4,14,藍,5,True,True,True,True,B
2015-08-31,8174.92,2653300.0,-11.05407800468531,-2.1921012473989574,1.2907223292071546,,,126287458.0,-36.64077518855192,0.8,14,藍,5,True,True,True,True,B
2015-09-01,8017.56,2184600.0,-12.714048699532988,-2.4675358815787196,1.2129164332719455,,,126795141.0,-35.80272305817655,1.2,14,藍,5,True,True,True,True,B
2015-09-02,8035.29,2197000.0,-12.46923598041429,-2.383940313444827,1.1830443843105274,,,127368848.0,-33.70611993921061,2.0,14,藍,5,True,True,True,True,B
2015-09-03,8095.95,2443000.0,-11.75501562148608,-2.221340908701713,1.16867406596337,,,126856693.0,-33.41340537204584,1.6,14,藍,5,True,True,True,True,B
2015-09-04,8000.6,2329400.0,-12.738097404936653,-2.368369426207143,1.1436657007482505,,,127158877.0,-33.203280119824164,2.0,14,藍,5,True,True,True,True,B
2015-09-07,7986.56,1496400.0,-12.836101587309404,-2.352187005104276,1.036318434585464,,,127649704.0,-32.78649336581669,3.2,14,藍,5,True,True,True,True,B
2015-09-08,8001.5,1503100.0,-12.615386077794422,-2.2824817668333397,0.9716608266363862,,,128177635.0,-32.38793574908167,4.3999999999999995,14,藍,5,True,True,True,True,B
2015-09-09,8286.92,2746900.0,-9.454290172320054,-1.6940642411843012,1.0157571368217757,,,125920079.0,-33.57876768572995,0.4,14,藍,5,True,True,True,True,B
2015-09-10,8268.68,2036300.0,-9.606902823517792,-1.703981706456398,0.974139917232964,,,126969668.0,-33.02512290280774,2.4,14,藍,5,True,True,True,True,B
2015-09-11,8305.82,1841800.0,-9.156275910737053,-1.6070969483857953,0.928751042386218,,,127159200.0,-32.87265256047359,3.2,14,藍,5,True,True,True,True,B
2015-09-14,8307.29,1769100.0,-9.096425368584228,-1.5814249736269252,0.956526921608644,,,127316067.0,-32.425312257963675,4.0,14,藍,5,True,True,True,True,B
2015-09-15,8259.99,1622000.0,-9.567510584555452,-1.6493643199995665,0.9709231642899784,,,127699363.0,-32.178240869632035,5.2,14,藍,5,True,True,True,True,B
2015-09-16,8333.29,1864800.0,-8.724058753364156,-1.4828864623767315,0.8859889776789106,,,127880495.0,-32.04624903335792,6.4,14,藍,5,True,True,True,True,B
2015-09-17,8445.5,2321600.0,-7.4594277827925906,-1.243325143063249,0.9092822218253604,,,126768050.0,-32.63738539464652,1.6,14,藍,5,True,True,True,True,B
2015-09-18,8462.14,2296800.0,-7.246157946661476,-1.189368706871355,0.9516717278845128,,,127387776.0,-32.30807241950084,5.2,14,藍,5,True,True,True,True,B
2015-09-21,8307.04,1810100.0,-8.909854929000534,-1.4634784212223535,0.9538918137586192,,,128621052.0,-31.652728301720117,8.0,14,藍,5,True,True,True,True,B
2015-09-22,8365.92,1758200.0,-8.233319895005987,-1.325753350637462,0.9678421064034144,,,128633066.0,-31.646344244760428,8.4,14,藍,5,True,True,True,True,B
2015-09-23,8193.42,1933600.0,-10.085970919942136,-1.6298465207898465,0.973882221803441,,,129944201.0,-30.9496270380148,8.799999999999999,14,藍,5,True,True,True,True,B
2015-09-24,8123.1,1964900.0,-10.814048730990326,-1.7350898544590687,0.9369533055571104,,,129779461.0,-31.037167369589564,8.799999999999999,14,藍,5,True,True,True,True,B
2015-09-25,8132.35,1654300.0,-10.669017597582362,-1.6902368371151788,0.8759900118449274,,,130473971.0,-30.668115313731924,9.6,14,藍,6,True,True,True,True,B
2015-09-30,8181.24,2283600.0,-10.094315450440307,-1.5715091667343375,0.9162460200048226,,,130832901.0,-30.47738536828984,10.0,14,藍,6,True,True,True,True,B
2015-10-01,8295.94,2108700.0,-8.802220900963688,-1.3310690373256366,0.9457427738656192,,,130744496.0,-30.35996258891556,10.0,14,藍,6,True,True,True,True,B
2015-10-02,8305.03,1758800.0,-8.670428884492045,-1.293060471714456,0.9299600710060298,,,130816367.0,-29.207321094918782,10.4,14,藍,6,True,True,True,True,B
2015-10-05,8352.36,1933400.0,-8.123303332646111,-1.1827364689020676,0.935319130545438,,,132065681.0,-27.804349237313858,11.2,14,藍,6,True,True,True,True,B
2015-10-06,8394.1,2193800.0,-7.63995033645615,-1.0836791121007514,0.9902659130323076,,,132075546.0,-27.419771138599963,11.6,14,藍,6,True,True,True,True,B
2015-10-07,8495.23,2089300.0,-6.508064322295044,-0.8760028878961797,0.9714547657142488,,,132617150.0,-27.00904946523926,12.4,14,藍,6,True,True,True,True,B
2015-10-08,8445.96,1977700.0,-7.028970693684379,-0.9512277245415784,0.9600802558799248,,,133018683.0,-26.788050330956292,12.8,14,藍,6,True,True,True,True,B
2015-10-12,8573.72,2081500.0,-5.605307731241626,-0.6945048874501588,0.988886411717626,,,132918816.0,-26.765857866084975,12.8,14,藍,6,True,True,True,True,B
2015-10-13,8567.92,1877100.0,-5.652242379291543,-0.6886848012505473,0.9818125047536316,,,134216813.0,-25.910648040868615,13.6,14,藍,6,True,True,True,True,B
2015-10-14,8522.51,1941200.0,-6.128148201024642,-0.7570839500544159,0.9550539726040524,,,135027710.0,-24.853752978137237,14.000000000000002,14,藍,6,True,True,True,True,B
2015-10-15,8601.52,2055300.0,-5.2372773295475366,-0.5941086089699097,0.9496105750232636,,,135140314.0,-24.284131065915208,14.4,14,藍,6,True,True,True,True,B
2015-10-16,8604.95,2165800.0,-5.181276865589543,-0.5717338538136864,0.964127853069312,,,135404819.0,-24.028861384649844,14.8,14,藍,6,True,True,True,True,B
2015-10-19,8631.5,1765400.0,-4.875148894664994,-0.507585187680244,0.9336800648177318,,,135730032.0,-22.81609623104655,15.2,14,藍,6,True,True,True,True,B
2015-10-20,8653.6,1994500.0,-4.61843835014921,-0.4524358469893752,0.9454764330471752,,,136906487.0,-21.594130222531316,15.6,14,藍,6,True,True,True,True,B
2015-10-21,8609.23,2022800.0,-5.103218353413653,-0.5223363541827861,0.9502307787903568,,,136819087.0,-18.860532505712357,15.6,14,藍,6,True,True,True,True,B
2015-10-22,8608.46,1675200.0,-5.105014364512056,-0.5088388907412053,0.9188319153828468,,,137695284.0,-16.78220566872076,16.400000000000002,14,藍,6,True,True,True,True,B
2015-10-23,8673.81,1974500.0,-4.385403002880875,-0.3691154840822994,0.9027112728850382,,,137541474.0,-16.415233512302116,16.400000000000002,14,藍,6,True,True,True,True,B
2015-10-26,8745.36,1778100.0,-3.6014276304320574,-0.2167829935622924,0.90586359440375,,,137376591.0,-16.032874660442864,16.400000000000002,14,藍,7,True,True,True,True,B
2015-10-27,8701.32,1841000.0,-4.094841183062116,-0.2812212532369101,0.8923376854114947,,,139214181.0,-14.572990413273835,17.599999999999998,14,藍,7,True,True,True,True,B
2015-10-28,8665.99,1784700.0,-4.484365249686957,-0.3287977451046989,0.8711424152107133,,,139594390.0,-13.890373969519052,18.0,14,藍,7,True,True,True,True,B
2015-10-29,8571.08,1985000.0,-5.526972988973046,-0.4894435478478236,0.8997780176624908,,,140387575.0,-10.918910251488528,18.4,14,藍,7,True,True,True,True,B
2015-10-30,8554.31,1963300.0,-5.703729916167974,-0.5022399915396106,0.9007155950932457,,,140679165.0,-10.065151433622608,18.8,14,藍,7,True,True,True,True,B
2015-11-02,8614.77,1570900.0,-5.032394463920937,-0.3692037127890679,0.8827329466340511,,,140784031.0,-9.100889229084684,19.2,14,藍,7,True,True,True,True,B
2015-11-03,8713.19,2018200.0,-3.9502761786582887,-0.1659263832473543,0.8996762088284165,,,140423184.0,-8.667347628661485,18.8,14,藍,7,True,True,True,True,B
2015-11-04,8857.02,2620400.0,-2.3746363207144228,0.121764638247589,0.972770570509219,,,140071934.0,-8.834255832187262,18.4,14,藍,7,True,True,True,True,B
2015-11-05,8850.18,1999200.0,-2.4533250306819356,0.121758103601339,0.9718749900474856,,,139382955.0,-9.248707148667917,18.0,14,藍,7,True,True,True,True,B
2015-11-06,8693.57,2240500.0,-4.170603299457094,-0.1605824571692173,0.9978505576533596,,,141755877.0,-7.620637362632207,20.8,14,藍,7,True,True,True,True,B
2015-11-09,8642.48,1754100.0,-4.7234523040033745,-0.2421485163127513,1.0199303572627654,,,141941643.0,-7.315783387621927,21.2,14,藍,7,True,True,True,True,B
2015-11-10,8536.9,1703500.0,-5.869213795380386,-0.4253516273696678,0.9921159521556328,,,143066740.0,-6.42724419358238,21.6,14,藍,7,True,True,True,True,B
2015-11-11,8415.01,1930600.0,-7.189069447238682,-0.6368804683919114,0.924606080394892,,,143653057.0,-5.901101614271716,22.0,14,藍,7,True,True,True,True,B
2015-11-12,8428.09,1541900.0,-7.02179197056358,-0.5939541836625795,0.8820223953628727,,,143713171.0,-5.4547385946004034,22.4,14,藍,7,True,True,True,True,B
2015-11-13,8329.5,1693800.0,-8.083752314872546,-0.7618711673689506,0.8308829196855249,,,144110180.0,-4.108227693428073,22.8,14,藍,7,True,True,True,True,B
2015-11-16,8295.4,1820000.0,-8.435973846433694,-0.8063594237577978,0.8422538806117223,,,144061722.0,-3.650179291055445,22.8,14,藍,7,True,True,True,True,B
2015-11-17,8419.42,1799600.0,-7.046808905121103,-0.5513053554546837,0.8533044557159958,,,143821489.0,-1.1961713974629813,22.8,14,藍,7,True,True,True,True,B
2015-11-18,8340.47,1761600.0,-7.889582239270858,-0.6804892412424384,0.8422549666446741,,,145018135.0,0.0,24.0,14,藍,7,True,True,True,True,B
2015-11-19,8477.2,1792800.0,-6.356525500207725,-0.4044122849389809,0.8820112591256606,,,145363264.0,0.0,24.4,14,藍,7,True,True,True,True,B
2015-11-20,8465.45,1579100.0,-6.467579620960981,-0.4089136175486297,0.881131341059936,,,145637236.0,0.0,25.2,14,藍,7,True,True,True,True,B
2015-11-23,8485.73,1530200.0,-6.222998884643674,-0.3528517695412112,0.8589755517476448,,,145831482.0,0.0,25.6,14,藍,7,True,True,True,True,B
2015-11-24,8400.14,1630600.0,-7.144946820475983,-0.4959091294697147,0.8489632289596466,,,146207967.0,0.0,26.0,14,藍,7,True,True,True,True,B
2015-11-25,8386.13,1693600.0,-7.279385885843344,-0.5026673637294292,0.8483746352866357,,,146569332.0,0.0,26.4,15,藍,8,True,True,True,True,B
2015-11-26,8484.9,1659700.0,-6.17181620533414,-0.2967389158432784,0.8418366418208658,,,146076886.0,-0.3359816090312808,26.0,15,藍,8,True,True,True,True,B
2015-11-27,8398.4,1419800.0,-7.105145834258229,-0.441065675698144,0.8307741441761395,,,146670671.0,0.0,27.200000000000003,15,藍,8,True,True,True,True,B
2015-11-30,8320.61,3289700.0,-7.9346958920003,-0.5687647274804711,1.0054281683907729,,,147455925.0,0.0,27.6,15,藍,8,True,True,True,True,B
2015-12-01,8463.3,1974700.0,-6.329824763093914,-0.280638464136529,1.0453505981800746,,,147290940.0,-0.1118876708413039,27.6,15,藍,8,True,True,True,True,B
2015-12-02,8457.4,1939900.0,-6.3675619947397735,-0.2751712654304908,1.074634040144555,,,147451140.0,-0.003245037457803,28.000000000000004,15,藍,8,True,True,True,True,B
2015-12-03,8456.06,1826900.0,-6.3550195643530065,-0.2641842415762026,1.088971957747763,,,147371590.0,-0.0571933613383117,28.000000000000004,15,藍,8,True,True,True,True,B
2015-12-04,8398.6,1789400.0,-6.961519193056715,-0.35893418211653,1.1246875319397358,,,148965255.0,0.0,29.2,15,藍,8,True,True,True,True,B
2015-12-07,8454.27,1799000.0,-6.315297531849261,-0.2394664064892938,0.9777728094850918,,,149036021.0,0.0,29.6,15,藍,8,True,True,True,True,B
2015-12-08,8343.86,2054400.0,-7.50421494756434,-0.4361853044003209,0.9859695080421228,,,149523648.0,0.0,30.4,15,藍,8,True,True,True,True,B
2015-12-09,8229.62,2149800.0,-8.734681473567298,-0.6366809106808244,1.0052599494905512,,,148467913.0,-0.7060655716479042,29.2,15,藍,8,True,True,True,True,B
2015-12-10,8216.17,2110400.0,-8.850740562425008,-0.6455610320243717,1.0318195592131023,,,148377720.0,-0.7663857960447834,29.2,15,藍,8,True,True,True,True,B
2015-12-11,8115.89,2056200.0,-9.920889224020662,-0.8175323174024036,1.0556383563065772,,,147378807.0,-1.434449352118536,28.4,15,藍,8,True,True,True,True,B
2015-12-14,8040.16,1808300.0,-10.714453478298664,-0.9422030512492982,1.0571203558663425,,,146597637.0,-1.9568884515177156,27.200000000000003,15,藍,8,True,True,True,True,B
2015-12-15,8073.35,1674400.0,-10.300728032305152,-0.8617201058214895,1.0233886675404562,,,147034596.0,-1.6646544097158464,28.000000000000004,15,藍,8,True,True,True,True,B
2015-12-16,8184.66,1987800.0,-9.02347564385356,-0.6355598497217544,1.009183823067418,,,147006320.0,-1.683565130781186,28.000000000000004,15,藍,8,True,True,True,True,B
2015-12-17,8319.67,2194700.0,-7.489487798124447,-0.3661185390282723,1.0146063487259236,,,146185302.0,-2.23265419527485,26.4,15,藍,8,True,True,True,True,B
2015-12-18,8257.32,1959000.0,-8.151134024689007,-0.4678267791230697,1.0027105823845135,,,146392278.0,-2.094230606251662,27.200000000000003,15,藍,8,True,True,True,True,B
2015-12-21,8282.17,2161800.0,-7.844750330293343,-0.4039120088857968,1.0374849228465666,,,146897766.0,-1.7561650181247583,28.799999999999997,15,藍,8,True,True,True,True,B
2015-12-22,8292.74,1832100.0,-7.696960070970739,-0.3671335168821101,1.0550967437470504,,,146915015.0,-1.7446290502489612,29.2,15,藍,8,True,True,True,True,B
2015-12-23,8315.7,1938800.0,-7.413786310230511,-0.3060241119088169,1.0474107829741055,,,146338779.0,-2.130010230890033,27.200000000000003,15,藍,8,True,True,True,True,B
2015-12-24,8324.36,1710600.0,-7.29149750472558,-0.2723581355764953,1.0021089689011882,,,145869695.0,-2.4437291685125286,26.0,15,藍,8,True,True,True,True,B
2015-12-25,8363.28,1236500.0,-6.838743444365051,-0.1853944534926733,0.9337910087290744,,,145691255.0,-2.563068150932219,25.6,15,藍,9,True,True,True,True,B
2015-12-28,8358.49,1219000.0,-6.870517077702471,-0.1798576645843347,0.8386140732268469,,,145685120.0,-2.5671711808422435,25.6,15,藍,9,True,True,True,True,B
2015-12-29,8293.91,1186200.0,-7.560991538446589,-0.2858768394328024,0.775470880356372,,,145544967.0,-2.660904180186936,24.8,15,藍,9,True,True,True,True,B
2015-12-30,8279.99,1300600.0,-7.682592568493252,-0.2956178963860556,0.7132392946833231,,,146001766.0,-2.3554013342424605,27.6,15,藍,9,True,True,True,True,B
2015-12-31,8338.06,1191500.0,-7.003637494534089,-0.1700681100959656,0.6629050865988981,,,145719683.0,-2.5440557737061096,26.8,15,藍,9,True,True,True,True,B
2016-01-04,8114.26,1717400.0,-9.456432717485844,-0.5771333593472454,0.7165577668526901,,,146187697.0,-2.231052441952192,29.2,15,藍,9,True,True,True,True,B
2016-01-05,8075.11,1710600.0,-9.849689427646936,-0.6335637466090885,0.7723980265154157,,,145854961.0,-2.4535831282019016,27.6,15,藍,9,True,True,True,True,B
2016-01-06,7990.39,2040600.0,-10.746729202654976,-0.7792498516689401,0.8639849792705251,,,144332193.0,-3.4719959480924385,24.0,15,藍,9,True,True,True,True,B
2016-01-07,7852.06,2544700.0,-12.235645321763764,-1.0251665980444562,0.993585540074858,,,142389899.0,-4.770983784451273,21.6,15,藍,9,True,True,True,True,B
2016-01-08,7893.97,1875700.0,-11.712954232313653,-0.9283750371708044,1.0691668070683145,,,141651703.0,-5.26468227955487,20.8,15,藍,9,True,True,True,True,B
2016-01-11,7788.42,1949300.0,-12.834210287896871,-1.1090673102210236,1.09637768947033,,,141444601.0,-5.403190136185013,20.8,15,藍,9,True,True,True,True,B
2016-01-12,7768.45,2027700.0,-12.99906703847989,-1.126837314488676,1.1280574295572012,,,139426273.0,-6.753028791806899,18.4,15,藍,9,True,True,True,True,B
2016-01-13,7824.61,1698800.0,-12.322051676159864,-1.0012292952037185,1.0940318508378093,,,138870398.0,-7.124792728438514,17.599999999999998,15,藍,9,True,True,True,True,B
2016-01-14,7742.88,1809100.0,-13.185836800190632,-1.1349108090160267,1.016282825541155,,,137548781.0,-8.008677664151158,17.2,15,藍,9,True,True,True,True,B
2016-01-15,7762.01,1991800.0,-12.913700006828671,-1.079943827354642,1.0259490581817163,,,136781284.0,-8.521972390614762,15.6,15,藍,9,True,True,True,True,B
2016-01-18,7811.18,1942500.0,-12.306764082928469,-0.9687923154565636,1.025508947127615,,,136792835.0,-8.514247191186774,16.0,15,藍,9,True,True,True,True,B
2016-01-19,7854.88,1581200.0,-11.763721316031344,-0.8700892172777122,0.9788962095625194,,,137417250.0,-8.09664435153428,17.599999999999998,15,藍,9,True,True,True,True,B
2016-01-20,7699.12,2046500.0,-13.453818368810358,-1.147188202281348,1.014731002421028,,,137991674.0,-7.712475019336072,19.2,15,藍,9,True,True,True,True,B
2016-01-21,7664.01,1763600.0,-13.78971719644525,-1.195745773564535,1.0099964259798773,,,137559281.0,-8.001655363571654,18.8,15,藍,9,True,True,True,True,B
2016-01-22,7756.18,1637300.0,-12.697578657577363,-1.009435275895217,0.9746613684327748,,,137685715.0,-7.917097501526984,19.2,15,藍,9,True,True,True,True,B
2016-01-25,7894.15,1623500.0,-11.094808006162474,-0.7389678177959705,0.942904549091335,,,136720539.0,-8.562598071443523,15.6,14,藍,10,True,True,True,True,B
2016-01-26,7828.67,1524700.0,-11.778785227610795,-0.851422536605726,0.9371403858960858,,,137041614.0,-8.34786615158025,17.599999999999998,14,藍,10,True,True,True,True,B
2016-01-27,7849.83,1478800.0,-11.484400191549652,-0.7998381567050213,0.8795570021866854,,,136853106.0,-8.473938517069888,17.2,14,藍,10,True,True,True,True,B
2016-01-28,7905.1,1830200.0,-10.804257668172108,-0.6848144093449506,0.8932987420024407,,,136385972.0,-8.78635331315619,15.6,14,藍,10,True,True,True,True,B
2016-01-29,8080.6,2552200.0,-8.770965280274673,-0.3471398107150776,0.9892349937276568,,,135211537.0,-9.571804320879062,14.8,14,藍,10,True,True,True,True,B
2016-02-01,8156.96,1818300.0,-7.854191607648006,-0.1977625055953728,1.0145434203721786,,,134836456.0,-9.822654942180115,14.000000000000002,14,藍,10,True,True,True,True,B
2016-02-02,8131.24,1768200.0,-8.088820830179122,-0.2408777632939782,1.0412486269438617,,,133862527.0,-10.474009435617836,13.6,14,藍,10,True,True,True,True,B
2016-02-03,8063.0,1781300.0,-8.800024221663923,-0.3657620758639352,1.073820427867363,,,132926274.0,-11.100166576995232,13.2,14,藍,10,True,True,True,True,B
2016-02-15,8066.51,1935700.0,-8.70065835543715,-0.3543254612678603,1.0853886738843344,,,133492185.0,-10.721690658590672,14.000000000000002,14,藍,10,True,True,True,True,B
2016-02-16,8212.07,2009100.0,-7.002015416298053,-0.0723013331078692,1.0211996019420404,,,133239752.0,-10.890515458798864,14.000000000000002,14,藍,10,True,True,True,True,B
2016-02-17,8214.25,1847300.0,-6.928943120055125,-0.0654597086152056,1.0229447879632942,,,133690502.0,-10.589058126778715,14.8,14,藍,10,True,True,True,True,B
2016-02-18,8314.67,2044500.0,-5.745333230529887,0.1268005847025286,1.051047588865424,,,133711074.0,-10.575299767967138,15.2,14,藍,10,True,True,True,True,B
2016-02-19,8325.04,1715700.0,-5.579670058004788,0.1467445993185776,1.0446769845450552,,,134214644.0,-10.238516920079425,16.0,14,藍,10,True,True,True,True,B
2016-02-22,8326.68,1697400.0,-5.510176077018738,0.1498984767379463,1.0192118999244946,,,134203010.0,-10.246297629121514,16.0,14,藍,10,True,True,True,True,B
2016-02-23,8334.64,1849900.0,-5.369272609041822,0.1637139393173939,1.0012696150049718,,,135053715.0,-9.677354180122732,18.0,14,藍,10,True,True,True,True,B
2016-02-24,8282.86,1825000.0,-5.9070385360300754,0.0621856087626936,0.9965970743205516,,,135394181.0,-9.449653743065443,19.2,14,藍,10,True,True,True,True,B
2016-02-25,8365.86,2028600.0,-4.9185530470110645,0.2177159818699596,0.9903732122908568,,,135215237.0,-9.569329795912951,19.2,14,藍,11,True,True,True,True,B
2016-02-26,8411.16,1967500.0,-4.360979945673806,0.2997778873402304,1.0146327375123534,,,135118075.0,-9.634310821523028,18.4,14,藍,11,True,True,True,True,B
2016-03-01,8485.69,1945500.0,-3.470664218303875,0.4337798997033374,1.0391404340692687,,,135386875.0,-9.454539926687715,20.0,14,藍,11,True,True,True,True,B
2016-03-02,8544.05,2308200.0,-2.764655521476518,0.5298044613378874,1.0823429564395313,,,135076002.0,-9.662448845549836,18.4,14,藍,11,True,True,True,True,B
2016-03-03,8611.79,2574500.0,-1.9527816125386164,0.6471329176435663,1.1509641609646395,,,135226767.0,-9.561618641086124,20.4,14,藍,11,True,True,True,True,B
2016-03-04,8643.55,2396100.0,-1.546986044399328,0.6953172258700592,1.1995391252311072,,,135488660.0,-9.386467082451064,22.0,14,藍,11,True,True,True,True,B
2016-03-07,8659.55,2424900.0,-1.3179816550395134,0.7148706394268184,1.2435629189973954,,,136012740.0,-9.03596734076472,22.8,14,藍,11,True,True,True,True,B
2016-03-08,8664.31,2643600.0,-1.2206118976263896,0.7148662509194672,1.3098857886980406,,,137353706.0,-8.139141977060378,26.4,14,藍,11,True,True,True,True,B
2016-03-09,8634.11,2198200.0,-1.5214754175276386,0.6495202978343807,1.293968782107428,,,138181695.0,-7.585390773772453,30.0,14,藍,11,True,True,True,True,B
2016-03-10,8660.7,2165700.0,-1.1755863872846422,0.6921001773587241,1.2466088483917006,,,138248994.0,-7.540381839801019,30.4,14,藍,11,True,True,True,True,B
2016-03-11,8706.14,2073100.0,-0.6155526647594591,0.7710563681191864,1.2096557984029663,,,138451756.0,-7.404776534077072,30.8,14,藍,11,True,True,True,True,B
2016-03-14,8747.9,2236200.0,-0.1001983168486428,0.8426725550363149,1.1879242536634522,,,138908859.0,-6.438464585947267,31.6,14,藍,11,True,True,True,True,B
2016-03-15,8611.18,2606100.0,-1.6150254642549549,0.5666339924029221,1.1792807996884331,,,138745243.0,-6.49186212053939,31.2,14,藍,11,True,True,True,True,B
2016-03-16,8699.14,1985300.0,-0.5708065096378212,0.7281991497076118,1.158284023668639,,,138224005.0,-6.21174929174179,30.4,14,藍,11,True,True,True,True,B
2016-03-17,8734.54,2375000.0,-0.1295738096044946,0.7859897250870328,1.1769181792562131,,,137770974.0,-6.300300916935223,29.6,14,藍,11,True,True,True,True,B
2016-03-18,8810.71,2473700.0,0.7741890193561681,0.9261732227920294,1.2117183730016656,,,137882621.0,-6.224368447273457,30.0,14,藍,11,False,True,False,True,B
2016-03-21,8812.7,1740400.0,0.8330851532252055,0.921234018888056,1.1596044245538886,,,138424070.0,-5.83801431122145,32.0,14,藍,11,False,True,False,True,B
2016-03-22,8785.68,1884200.0,0.5604555286720608,0.8606298696467786,1.0857035092849074,,,139005136.0,-5.383982705920154,34.0,14,藍,11,False,True,False,True,B
2016-03-23,8766.09,1743000.0,0.3705483216299932,0.814594856365884,1.064710863306541,,,139705486.0,-4.907278537867624,36.0,14,藍,11,False,True,False,True,B
2016-03-24,8743.38,1753200.0,0.1470346103601121,0.7625069161687501,1.0016991665992394,,,139925290.0,-4.757665511588451,36.4,14,藍,11,False,True,False,True,B
2016-03-25,8704.97,1484000.0,-0.249568761528911,0.6825047684778264,0.9037002159093792,,,139870449.0,-4.794993894939874,36.4,16,藍,12,True,True,True,True,B
2016-03-28,8690.45,1609600.0,-0.3681729312412136,0.6518596495676701,0.8916996380166681,,,139615665.0,-4.594212173931012,36.0,16,藍,12,True,True,True,True,B
2016-03-29,8617.35,1903600.0,-1.1549020251899074,0.5074692144501236,0.8940170100488408,,,138709263.0,-5.115638424757455,32.800000000000004,16,藍,12,True,True,True,True,B
2016-03-30,8737.04,1920800.0,0.2649709777559231,0.7383287170095415,0.9110524684494112,,,138031031.0,-5.57958444341592,30.8,16,藍,12,False,True,False,True,B
2016-03-31,8744.83,2006100.0,0.3998478420772657,0.7491657100279501,0.9313481123296488,,,138047760.0,-5.568140935963989,31.2,16,藍,12,False,True,False,True,B
2016-04-01,8657.55,1542800.0,-0.5560800671161094,0.5701566447239785,0.934852064232118,,,138750445.0,-5.087467791492741,34.4,16,藍,12,True,True,True,True,B
2016-04-06,8513.3,2018500.0,-2.163282190210852,0.2785564673897234,0.9704018715488582,,,139342699.0,-4.682335203625241,36.4,16,藍,12,True,True,True,True,B
2016-04-07,8490.25,1783400.0,-2.3826998374022086,0.227368644288594,0.9540163554186648,,,140050208.0,-4.198362191860783,39.6,16,藍,12,True,True,True,True,B
2016-04-08,8541.5,1796500.0,-1.749150165519936,0.3240916479451902,0.9363687003580236,,,140088051.0,-4.1724756085322285,40.400000000000006,16,藍,12,True,True,True,True,B
2016-04-11,8562.59,1435100.0,-1.460136326319302,0.3625241990876664,0.8800372142022803,,,139919565.0,-4.069382322895414,39.2,16,藍,12,True,True,True,True,B
2016-04-12,8531.18,1695400.0,-1.7774573154398934,0.2965406866186474,0.8958123448850333,,,139324649.0,-3.4694574342122,36.4,16,藍,12,True,True,True,True,B
2016-04-13,8652.08,1698200.0,-0.3419717722972743,0.534133717546429,0.8654755676018767,,,138277361.0,-2.8882231316141325,32.800000000000004,16,藍,12,True,True,True,True,B
2016-04-14,8667.71,1742000.0,-0.1171075061343247,0.5618733519987019,0.8671849292175192,,,139222394.0,-1.714987500009089,36.8,16,藍,12,True,True,True,True,B
2016-04-15,8700.39,1565500.0,0.2997777553393048,0.6243787393829561,0.8455090795251923,,,139061615.0,-1.6847486458673666,36.4,16,藍,12,False,True,False,True,B
2016-04-18,8666.01,1311400.0,-0.0549892985381476,0.552258436513369,0.8372795338055421,,,138782751.0,-0.931771118723038,35.199999999999996,16,藍,12,True,True,True,True,B
2016-04-19,8633.72,1525800.0,-0.3821701110308105,0.4871586632090733,0.8231545564192022,,,139153903.0,-0.6668291787427323,37.2,16,藍,12,True,True,True,True,B
2016-04-20,8514.48,1800900.0,-1.705725351734683,0.2490214723211289,0.8331894397237243,,,138896726.0,-0.8504115743604714,36.0,16,藍,12,True,True,True,True,B
2016-04-21,8568.65,1397500.0,-1.0313035631188678,0.3581800467349931,0.7999417670541847,,,138449821.0,-1.1694287901828258,33.6,16,藍,12,True,True,True,True,B
2016-04-22,8535.75,1593200.0,-1.365535702053435,0.2931607440340402,0.8056733394234781,,,137527965.0,-1.8274834875102943,27.6,16,藍,12,True,True,True,True,B
2016-04-25,8560.28,1113800.0,-1.0319170830346664,0.3442319131437925,0.7905707130033911,,,137275953.0,-2.007378916278877,26.4,16,藍,13,True,True,True,True,B
2016-04-26,8581.57,1291300.0,-0.740362247125938,0.3886139462332455,0.7675961446160081,,,137086939.0,-2.1423040570390977,26.4,16,藍,13,True,True,True,True,B
2016-04-27,8563.05,1429000.0,-0.9091976441360092,0.3528767880226963,0.7319467942204002,,,136719669.0,-2.404474882729291,23.6,16,藍,13,True,True,True,True,B
2016-04-28,8473.87,1614700.0,-1.8930390892562785,0.174214829362031,0.7562474718367084,,,136666161.0,-2.4426708599150975,23.6,16,藍,13,True,True,True,True,B
2016-04-29,8377.9,1575700.0,-2.9486286896897513,-0.0172292406707908,0.7547842220065257,,,135811175.0,-3.0529912933116616,22.8,16,藍,13,True,True,True,True,B
2016-05-03,8294.12,1644000.0,-3.8521760395327056,-0.1827085293637863,0.811605361141127,,,135178639.0,-3.5045187401457953,19.6,16,藍,13,True,True,True,True,B
2016-05-04,8185.47,1801400.0,-5.035595371815069,-0.3987236376295796,0.8642647405534003,,,135113930.0,-3.5507104028451364,18.8,16,藍,13,True,True,True,True,B
2016-05-05,8167.96,1609100.0,-5.159290210881348,-0.429248951701336,0.8825382156883907,,,135040051.0,-3.6034479486048383,18.0,16,藍,13,True,True,True,True,B
2016-05-06,8146.43,1678500.0,-5.329678673861742,-0.4687414109369235,0.8905724958331622,,,134814479.0,-3.7644695335221705,17.2,16,藍,13,True,True,True,True,B
2016-05-09,8131.83,1365700.0,-5.423641857663672,-0.4947604213441516,0.877361786566446,,,134124960.0,-4.256673540272182,16.0,16,藍,13,True,True,True,True,B
2016-05-10,8156.29,1320800.0,-5.065682667491848,-0.4388512879615154,0.8461486840649525,,,133687334.0,-4.569067064827678,14.8,16,藍,13,True,True,True,True,B
2016-05-11,8135.56,1584800.0,-5.231541882426816,-0.4772325085077333,0.823948114235884,,,133384757.0,-4.785057649206641,14.4,16,藍,13,True,True,True,True,B
2016-05-12,8108.05,1359700.0,-5.476591872329677,-0.5281811313422464,0.7998256530714969,,,132038234.0,-5.746255260557518,11.2,16,藍,13,True,True,True,True,B
2016-05-13,8053.69,2020700.0,-6.033000828252855,-0.6339145133760319,0.8366216740743171,,,131109787.0,-6.40901485594942,11.2,16,藍,13,True,True,True,True,B
2016-05-16,8067.6,1449600.0,-5.798757412328621,-0.5927123088022602,0.8501289930846518,,,130835681.0,-6.604681794023961,11.2,16,藍,13,True,True,True,True,B
2016-05-17,8140.48,1500000.0,-4.8788451359246565,-0.4274004728536524,0.8725981812602555,,,130913084.0,-6.5494286875331005,11.6,16,藍,13,True,True,True,True,B
2016-05-18,8159.68,1482200.0,-4.587420293461304,-0.3786213564046282,0.8657592238066609,,,130989491.0,-6.494886562452068,12.0,16,藍,13,True,True,True,True,B
2016-05-19,8095.98,1377200.0,-5.2620529937019445,-0.5109404184321401,0.8704196072400638,,,130682961.0,-6.71369894353088,10.0,16,藍,13,True,True,True,True,B
2016-05-20,8131.26,1228000.0,-4.778217044292313,-0.430740271510566,0.7857126906500524,,,130128848.0,-7.109245170382163,9.6,16,藍,13,True,True,True,True,B
2016-05-23,8344.44,1882300.0,-2.223753771410818,0.0368840139478359,0.8337742356762549,,,129097295.0,-7.845605618426371,8.799999999999999,16,藍,13,True,True,True,True,B
2016-05-24,8300.66,1382700.0,-2.67841428178214,-0.0585768440976753,0.8240714709357444,,,129895531.0,-7.275795420981337,9.6,16,藍,13,True,True,True,True,B
2016-05-25,8396.2,1675500.0,-1.5023601166343832,0.1493759299287621,0.8485353954685254,,,129680221.0,-7.429491613099821,9.2,17,黃藍,14,True,True,True,True,B
2016-05-26,8394.12,1328900.0,-1.4656055035807003,0.1455862538865806,0.8481797407063828,,,130028605.0,-7.180802308399594,10.8,17,黃藍,14,True,True,True,True,B
2016-05-27,8463.61,1546200.0,-0.5928733814226007,0.2967610531947641,0.8875186304986586,,,130123312.0,-7.1131969706681115,11.2,17,黃藍,14,True,True,True,True,B
2016-05-30,8535.87,1612400.0,0.3049735972748188,0.454797565775181,0.8625489032432603,,,129544032.0,-7.526708327179168,9.2,17,黃藍,14,False,True,False,True,B
2016-05-31,8535.59,2368300.0,0.3537220067622627,0.4530007384212318,0.977132139942637,,,129518194.0,-7.545152441302792,9.2,17,黃藍,14,False,True,False,True,B
2016-06-01,8597.16,1713400.0,1.1274480768034805,0.5864038885461504,0.987910322724443,,,129240527.0,-7.743361352068493,9.2,17,黃藍,14,False,True,False,True,B
2016-06-02,8556.02,1713200.0,0.6962742710407063,0.4931304780593248,1.0393210875522725,,,129733620.0,-7.391373444120513,10.8,17,黃藍,14,False,True,False,True,B
2016-06-03,8587.36,1446300.0,1.117773323742501,0.5586234579550591,1.0397671555434636,,,129661499.0,-7.442856064861664,10.4,17,黃藍,14,False,True,False,True,B
2016-06-06,8597.11,1253900.0,1.2858088349812682,0.578156667236696,1.0069708748413353,,,129675393.0,-7.432938016961918,10.8,17,黃藍,14,False,True,False,True,B
2016-06-07,8679.9,1653300.0,2.3104241906949454,0.7547539945270269,0.9269095172805444,,,129352080.0,-7.66373072033103,9.6,17,黃藍,14,False,True,False,True,B
2016-06-08,8715.48,1745300.0,2.773912651159833,0.824236814547291,0.9337488906353186,,,129457301.0,-7.588620102937973,10.0,17,黃藍,14,False,True,False,True,B
2016-06-13,8536.22,1795700.0,0.7112698778170282,0.4292494867211494,0.9477683913128736,,,129254617.0,-7.733303392164403,9.6,17,黃藍,14,False,True,False,True,B
2016-06-14,8576.12,1324500.0,1.228850530710557,0.5140921200296777,0.9452657864546808,,,129467844.0,-7.581094122010448,10.8,17,黃藍,14,False,True,False,True,B
2016-06-15,8606.37,1631200.0,1.621522130494443,0.5762239748928795,0.9947202527281068,,,129999627.0,-7.201487869939742,14.8,17,黃藍,14,False,True,False,True,B
2016-06-16,8494.14,1614200.0,0.3364340710057019,0.3286856754813513,0.997668061046574,,,130161036.0,-7.086268192852509,16.400000000000002,17,黃藍,14,False,True,False,True,B
2016-06-17,8568.08,1676500.0,1.2481334558566353,0.4870229487979081,0.9973553421777966,,,129882368.0,-7.285191654211822,14.000000000000002,17,黃藍,14,False,True,False,True,B
2016-06-20,8625.92,1441600.0,1.958897998909102,0.6062298997449965,0.9563943633937818,,,130080294.0,-7.143904800274507,16.0,17,黃藍,14,False,True,False,True,B
2016-06-21,8684.85,1522900.0,2.685246781632718,0.7237410674222357,0.9847639462648672,,,129756315.0,-7.375172918923685,13.6,17,黃藍,14,False,True,False,True,B
2016-06-22,8716.25,1616300.0,3.0850853751120626,0.7800792746635998,0.9842009788037004,,,130139755.0,-7.1014593528751435,17.599999999999998,17,黃藍,14,False,True,False,True,B
2016-06-23,8676.68,1277400.0,2.6474619183864645,0.6829144849205199,0.9467834573317904,,,130423439.0,-6.898955286343444,18.4,17,黃藍,14,False,True,False,True,B
2016-06-24,8476.99,2544000.0,0.3222230050449814,0.2460077224076817,1.0442001480967498,,,129112720.0,-7.83459468645188,9.2,17,黃藍,14,False,True,False,True,B
2016-06-27,8458.87,1349900.0,0.143519387974411,0.2002578412648528,1.0355892285262125,,,129572011.0,-7.506735888559117,12.4,20,黃藍,15,False,True,False,True,B
2016-06-28,8505.51,1527200.0,0.7283269441888391,0.2942389708450809,1.0401908209135715,,,130091756.0,-7.135722803367433,17.599999999999998,20,黃藍,15,False,True,False,True,B
2016-06-29,8586.56,1952800.0,1.7186227126761382,0.4620602588730079,1.0819264150471477,,,130071390.0,-7.150260802757545,17.2,20,黃藍,15,False,True,False,True,B
2016-06-30,8666.58,2157300.0,2.6994179965781875,0.6241834284719036,1.190090900009989,,,130049765.0,-7.165697522624538,17.2,20,黃藍,15,False,True,False,True,B
2016-07-01,8738.24,1877900.0,3.5806483946791645,0.7664304276269758,1.1030737022854458,,,130181057.0,-7.071976467143511,20.4,20,黃藍,15,False,True,False,True,B
2016-07-04,8760.58,1488300.0,3.876821401564393,0.8030892098759043,1.1264877151093988,,,129851162.0,-7.307467644046244,15.2,20,黃藍,15,False,True,False,True,B
2016-07-05,8716.07,1539800.0,3.3863330723153657,0.7003601088572696,1.1309366144403132,,,130414380.0,-6.905421933523795,21.2,20,黃藍,15,False,True,False,True,B
2016-07-06,8575.75,1803000.0,1.7647354957267745,0.3996458576067883,1.112070857730571,,,131059956.0,-6.331930062818591,25.2,20,黃藍,15,False,True,False,True,B
2016-07-07,8640.91,1591200.0,2.566937832212754,0.530942181646323,1.0393709661429935,,,131164646.0,-5.856826526080105,26.0,20,黃藍,15,False,True,False,True,B
2016-07-08,8640.91,1591200.0,2.6001663049536794,0.5250075914687454,1.0045620123415648,,,,,,20,黃藍,15,False,True,False,True,B
2016-07-11,8786.47,2165600.0,4.35769382108935,0.8189608827027669,1.084173747072283,,,130522761.0,-6.24873107698464,22.4,20,黃藍,15,False,True,False,True,B
2016-07-12,8841.46,1993200.0,5.037651110320753,0.920638155209634,1.1377640265480762,,,130200312.0,-6.480338213405525,21.2,20,黃藍,15,False,True,False,True,B
2016-07-13,8857.75,2219500.0,5.256211496683092,0.941848386014885,1.1815744727743855,,,130218339.0,-6.421353485140838,21.6,20,黃藍,15,False,True,False,True,B
2016-07-14,8866.36,2035000.0,5.378038024367096,0.94312175650807,1.2272762122846206,,,130710058.0,-6.067990058460667,24.0,20,黃藍,15,False,True,False,True,B
2016-07-15,8949.85,2268200.0,6.385517956738103,1.0951445680219687,1.3004558464102982,,,130695883.0,-6.078176621463503,24.0,20,黃藍,15,False,True,False,True,B
2016-07-18,9008.21,2099900.0,7.077600185412996,1.192030671516637,1.2885480802201836,,,130541684.0,-6.0152908139821815,23.6,20,黃藍,15,False,True,False,True,B
2016-07-19,9034.87,2370800.0,7.388333816799757,1.2210916884989786,1.321372408004311,,,130733497.0,-5.573372319491839,25.2,20,黃藍,15,False,True,False,True,B
2016-07-20,9007.68,2140900.0,7.06648958229107,1.1421686950867893,1.304766999488962,,,131046220.0,-4.713037817435894,28.000000000000004,20,黃藍,15,False,True,False,True,B
2016-07-21,9056.56,2658600.0,7.646726335747752,1.2139809199690577,1.3584083776208271,,,130745768.0,-4.756976627945901,26.0,20,黃藍,15,False,True,False,True,B
2016-07-22,9013.14,2094400.0,7.132725445723574,1.1016342838959046,1.327487691250421,,,131523483.0,-4.05834140041598,30.0,20,黃藍,15,False,True,False,True,B
2016-07-25,8991.67,1980900.0,6.880095221868365,1.03578921853621,1.306568219380212,,,131364344.0,-3.917011384806673,30.0,20,黃藍,16,False,True,False,True,B
2016-07-26,9024.79,1792500.0,7.274859147982392,1.0768001016461803,1.2372486383823935,,,131364021.0,-3.8796289887736,30.0,20,黃藍,16,False,True,False,True,B
2016-07-27,9063.39,2133200.0,7.7291578010561715,1.1280200347805578,1.229729184091368,,,131532232.0,-3.1506560487382576,31.2,20,黃藍,16,False,True,False,True,B
2016-07-28,9076.64,2369500.0,7.883024423351095,1.129374324844874,1.1880910214856149,,,131367925.0,-2.8190208365687126,30.8,20,黃藍,16,False,True,False,True,B
2016-07-29,8984.41,1899200.0,6.783462158737705,0.9276532395183495,1.1646406078462606,,,132002816.0,-2.302585677139285,32.0,20,黃藍,16,False,True,False,True,B
2016-08-01,9080.71,1830200.0,7.913170800886002,1.09212086771495,1.144977223276612,,,131855136.0,-2.358496591503805,32.0,20,黃藍,16,False,True,False,True,B
2016-08-02,9068.76,1733700.0,7.7557469672305315,1.044518663204806,1.1376635533578263,,,132420445.0,-1.77579887394736,34.0,20,黃藍,16,False,True,False,True,B
2016-08-03,9001.71,1685800.0,6.936434697871608,0.8947496589171973,1.0832910496809995,,,133212183.0,-0.6805422346444688,36.4,20,黃藍,16,False,True,False,True,B
2016-08-04,9024.71,1640000.0,7.187140979832297,0.9224335285285497,0.9972474869489656,,,133675280.0,-0.0090165609855006,38.0,20,黃藍,16,False,True,False,True,B
2016-08-05,9092.12,1959600.0,7.960660395525407,1.0346310200066131,1.0005549656232249,,,133785462.0,0.0,39.6,20,黃藍,16,False,True,False,True,B
2016-08-08,9150.26,1891100.0,8.625286975698637,1.126578332773462,1.00242162077025,,,134207058.0,0.0,41.2,20,黃藍,16,False,True,False,True,B
2016-08-09,9155.08,1911500.0,8.657237907158006,1.1150234221073725,1.02347240718165,,,133983240.0,-0.1667706626875018,40.400000000000006,20,黃藍,16,False,True,False,True,B
2016-08-10,9200.42,2158200.0,9.160323776381452,1.1858261161424366,1.0695604749052567,,,134189859.0,-0.0128152723532617,41.2,20,黃藍,16,False,True,False,True,B
2016-08-11,9131.83,2218600.0,8.314602378778138,1.0377222875263672,1.126742302659422,,,133257525.0,-0.7075134602831396,37.2,20,黃藍,16,False,True,False,True,B
2016-08-12,9150.39,1924700.0,8.503440939763752,1.0585431206455138,1.1182812756514664,,,133235222.0,-0.7241318113090595,36.8,20,黃藍,16,False,True,False,True,B
2016-08-15,9148.51,1666600.0,8.445196512604507,1.0397003496707533,1.0905237595893813,,,132605362.0,-1.1934513906116622,34.8,20,黃藍,16,False,True,False,True,B
2016-08-16,9110.36,1762700.0,7.958773654805677,0.9509008330278006,1.0688420091039983,,,133378800.0,-0.6171493603562936,38.4,20,黃藍,16,False,True,False,True,B
2016-08-17,9117.7,1704800.0,8.012430495599663,0.9530425016567782,1.0206984061787163,,,133928456.0,-0.2075911685658142,42.0,20,黃藍,16,False,True,False,True,B
2016-08-18,9122.5,1779500.0,8.032007383271532,0.9511132542739592,0.9688639602440896,,,134611074.0,0.0,45.2,20,黃藍,16,False,True,False,True,B
2016-08-19,9034.27,1966900.0,6.949114189951852,0.7700661377525,0.9709054532003636,,,134299939.0,-0.2311362585220886,45.2,20,黃藍,16,False,True,False,True,B
2016-08-22,8981.81,1680100.0,6.294357679099963,0.6593305651792762,0.9692799784943502,,,134185251.0,-0.316335786757039,43.2,20,黃藍,16,False,True,False,True,B
2016-08-23,9030.93,1606000.0,6.838981988362508,0.7501043413772988,0.9516857522528738,,,134425032.0,-0.1382070541982304,46.0,20,黃藍,16,False,True,False,True,B
2016-08-24,9017.38,1538600.0,6.638110947949145,0.7170783615554565,0.9342086858268104,,,134789915.0,0.0,46.8,20,黃藍,16,False,True,False,True,B
2016-08-25,9115.47,1843600.0,7.750285641149328,0.9080908050618542,0.9457023196640744,,,134947860.0,0.0,48.0,23,綠,0,False,False,False,False,B
2016-08-26,9131.72,1535600.0,7.885754282372293,0.938091467111901,0.8999278754521496,,,135186322.0,0.0,51.6,23,綠,0,False,False,False,False,B
2016-08-29,9110.17,1604400.0,7.576230790697648,0.8915280816875167,0.8925116186714955,,,135220178.0,0.0,52.8,23,綠,0,False,False,False,False,B
2016-08-30,9110.56,1631700.0,7.513618423923051,0.896459499516156,0.8938172497298363,,,135173745.0,-0.0343388099962418,51.2,23,綠,0,False,False,False,False,B
2016-08-31,9068.85,2149900.0,6.9376795525011135,0.8228225834690267,0.9530265922601654,,,135955608.0,0.0,56.39999999999999,23,綠,0,False,False,False,False,B
2016-09-01,9001.15,1891700.0,6.0730603036970106,0.6838905082971141,0.9561909893847572,,,136450263.0,0.0,57.2,23,綠,0,False,False,False,False,B
2016-09-02,8987.55,1968000.0,5.849328425403369,0.6617125508796463,1.0010881746276656,,,135139886.0,-0.9603330702264752,50.0,23,綠,0,False,False,False,False,B
2016-09-05,9090.13,1467300.0,6.993656513334345,0.9026797800808865,0.9891746018530416,,,134461872.0,-1.457227678630418,45.2,23,綠,0,False,False,False,False,B
2016-09-06,9181.85,1709300.0,8.014102566672543,1.1185054384842072,0.9941398323656572,,,134448975.0,-1.4666794742638205,44.8,23,綠,0,False,False,False,False,B
2016-09-07,9259.07,1969500.0,8.866970008191322,1.2973683469877566,0.971652318550653,,,134236744.0,-1.62221673401978,43.6,23,綠,0,False,False,False,False,B
2016-09-08,9262.89,1860000.0,8.848133027530567,1.3103958246820304,0.966097087692196,,,134881699.0,-1.149550001233783,46.8,23,綠,0,False,False,False,False,B
2016-09-09,9164.88,1587900.0,7.639267151549954,1.0817837042444391,0.92591378859882,,,135099961.0,-0.9895928159552172,48.8,23,綠,0,False,False,False,False,B
2016-09-12,8947.06,1673200.0,5.039025557698397,0.559477672214904,0.946130006549516,,,135085336.0,-1.000311007095677,48.4,23,綠,0,False,False,False,False,B
2016-09-13,8940.83,1797200.0,4.919559398472926,0.546536483441174,0.9532379501919818,,,134028531.0,-1.774809331074723,39.2,23,綠,0,False,False,False,False,B
2016-09-14,8902.3,1755900.0,4.422529115320799,0.4544283461094708,0.9291695082892064,,,133323968.0,-2.291160845912038,34.4,23,綠,0,False,False,False,False,B
2016-09-19,9152.88,1678200.0,7.303824032983148,1.0961249711066094,0.906452244142814,,,133158872.0,-2.41215438331548,32.4,23,綠,0,False,False,False,False,B
2016-09-20,9161.58,1425100.0,7.3617826647307805,1.1197835144588546,0.8980127952304929,,,133526414.0,-2.1427946972883443,35.6,23,綠,0,False,False,False,False,B
2016-09-21,9228.5,1624800.0,8.097363412945993,1.293787147205591,0.8905952572995645,,,133113309.0,-2.4455460375331044,31.6,23,綠,0,False,False,False,False,B
2016-09-22,9235.26,1489300.0,8.12945827685374,1.3105096773566496,0.8577737415067225,,,133416994.0,-2.2229850887132403,34.8,23,綠,0,False,False,False,False,B
2016-09-23,9284.62,1566400.0,8.657647027057548,1.4375415788479868,0.8402980630221748,,,133681282.0,-2.029296931439407,36.0,23,綠,0,False,False,False,False,B
2016-09-26,9194.52,1242800.0,7.556156544524935,1.200193582571083,0.7998751850454268,,,133770953.0,-1.9635799456099257,37.2,25,綠,0,False,False,False,False,B
2016-09-29,9270.9,1843300.0,8.402080395750652,1.3992850103232,0.8456617723117796,,,132931517.0,-2.5787755352292727,29.6,25,綠,0,False,False,False,False,B
2016-09-30,9166.85,1606100.0,7.149302169721581,1.1158076290773475,0.8427248600516286,,,133336369.0,-2.282072552692698,32.800000000000004,25,綠,0,False,False,False,False,B
2016-10-03,9234.2,1379500.0,7.897592955221704,1.2881371652818592,0.8319909663680569,,,133332579.0,-2.284850121542089,32.4,25,綠,0,False,False,False,False,B
2016-10-04,9287.77,1396600.0,8.473813203094261,1.4295442610064657,0.816507333748179,,,133430498.0,-2.2130884423432735,34.0,25,綠,0,False,False,False,False,B
2016-10-05,9272.28,1339700.0,8.247067975275366,1.3830492213963226,0.829000933263445,,,133499741.0,-2.162342479325232,34.4,25,綠,0,False,False,False,False,B
2016-10-06,9284.31,1405800.0,8.332323440019367,1.4152110512130192,0.7823839125964575,,,133823173.0,-1.925309590645494,37.6,25,綠,0,False,False,False,False,B
2016-10-07,9265.81,1501300.0,8.058827340312497,1.363543581174541,0.7755932577755077,,,134467088.0,-1.4534050403405965,44.0,25,綠,0,False,False,False,False,B
2016-10-11,9219.82,2070400.0,7.467970084790338,1.234177495058932,0.8512898707600172,,,132974483.0,-2.547287138611085,27.200000000000003,25,綠,0,False,False,False,False,B
2016-10-12,9252.6,1385400.0,7.796213722011807,1.3245904938780266,0.8566249249316044,,,132750047.0,-2.7117690495034075,25.6,25,綠,0,False,False,False,False,B
2016-10-13,9219.17,1523400.0,7.360551172454365,1.2241268924510964,0.8812328894682931,,,132642091.0,-2.7908865225126025,25.2,25,綠,0,False,False,False,False,B
2016-10-14,9165.17,1479500.0,6.688955153316437,1.0633548487461066,0.8960491100952803,,,131069001.0,-3.943753483274708,18.8,25,綠,0,False,False,False,False,B
2016-10-17,9176.22,1260400.0,6.776624031419829,1.0910954824465862,0.8758285127522413,,,130636148.0,-4.260977496247112,14.4,25,綠,0,False,False,False,False,B
2016-10-18,9222.58,1276700.0,7.274712959901223,1.220522102697309,0.7939870657327905,,,130720075.0,-4.199470102890165,16.0,25,綠,0,False,False,False,False,B
2016-10-19,9283.99,1506800.0,7.949402567550233,1.3912188931709566,0.8128297011734671,,,130358169.0,-4.464699346163957,12.8,25,綠,0,False,False,False,False,B
2016-10-20,9317.24,1631700.0,8.292132862537384,1.4790220299772692,0.8335496623035201,,,130824754.0,-4.1227542375642035,17.599999999999998,25,綠,0,False,False,False,False,B
2016-10-21,9306.57,1895600.0,8.131276519383889,1.433500322447776,0.8837297522855734,,,130896066.0,-4.070491971129436,18.4,25,綠,0,False,False,False,False,B
2016-10-24,9322.5,1257600.0,8.27839171396811,1.463361521671565,0.8896621037845082,,,130261650.0,-4.5354350104843695,12.8,25,綠,0,False,False,False,False,B
2016-10-25,9385.65,1429900.0,8.968165531495572,1.6330376103555866,0.9109061953166472,,,130480566.0,-4.374998529684036,14.4,23,綠,0,False,False,False,False,B
2016-10-26,9362.25,1311100.0,8.658102281604188,1.5445012479266933,0.8950534143244939,,,130602725.0,-4.2854721357334435,15.6,23,綠,0,False,False,False,False,B
2016-10-27,9299.55,1445200.0,7.895615143919929,1.3424232471647293,0.8809429500798195,,,130950541.0,-4.030568999343006,20.4,23,綠,0,False,False,False,False,B
2016-10-28,9306.92,1372600.0,7.947286994940021,1.348026028021737,0.8224999748614868,,,130429633.0,-4.412325683828107,14.4,23,綠,0,False,False,False,False,B
2016-10-31,9290.12,1320100.0,7.720619484305917,1.2816143052225395,0.8343209799179089,,,130377857.0,-4.450270645502529,13.6,23,綠,0,False,False,False,False,B
2016-11-01,9272.7,1119300.0,7.4855557482081965,1.212556831613994,0.8016272648220941,,,130357365.0,-4.465288571851269,13.2,23,綠,0,False,False,False,False,B
2016-11-02,9139.04,1373000.0,5.910165589836541,0.7982215143594799,0.8117643097711804,,,129044433.0,-5.427494119230829,0.4,23,綠,0,False,False,False,False,B
2016-11-03,9067.27,1401300.0,5.059278480154545,0.5664578363021547,0.80835813568163,,,127874207.0,-6.285115038583693,0.4,23,綠,0,False,False,False,False,B
2016-11-04,9068.15,1181400.0,5.053758460093641,0.5485305678620884,0.7911888059978474,,,127706699.0,-6.407876253049069,0.4,23,綠,0,False,False,False,False,B
2016-11-07,9189.84,1245000.0,6.439431318616403,0.8893197076823829,0.7871408747601161,,,127417888.0,-6.619536526653672,0.4,23,綠,0,False,False,False,False,B
2016-11-08,9217.43,1347800.0,6.731719252939787,0.9473929463521664,0.8203998538393277,,,126866140.0,-7.023894853174449,0.4,23,綠,0,False,False,False,False,B
2016-11-09,8943.2,2656500.0,3.5384724475224107,0.1052301958655232,0.9761194308878072,,,124753086.0,-8.57248402665226,0.4,23,綠,0,False,False,False,False,B
2016-11-10,9152.18,1998400.0,5.928576663718528,0.7120214546252931,1.0529454077580256,,,125040152.0,-8.362102607306811,0.8,23,綠,0,False,False,False,False,B
2016-11-11,8957.76,2518700.0,3.661872399189568,0.1057619212108204,1.2125006854126597,,,125364776.0,-8.124196140244889,1.2,23,綠,0,False,False,False,False,B
2016-11-14,8940.4,2151600.0,3.450097070496991,0.0331800031157385,1.3184396878387434,,,125694681.0,-7.882419398488078,1.6,23,綠,0,False,False,False,False,B
2016-11-15,8931.03,1949200.0,3.338136185890438,-0.0163863802341223,1.390062119459234,,,126349406.0,-7.402592547586368,2.0,23,綠,0,False,False,False,False,B
2016-11-16,8962.22,1851700.0,3.6936488025970777,0.0562768291010583,1.2888900287764615,,,126474418.0,-7.310975281887144,2.4,23,綠,0,False,False,False,False,B
2016-11-17,8995.26,1704600.0,4.061395036146311,0.1355965679003921,1.2536842688854073,,,126565590.0,-7.244158261534461,2.8000000000000003,23,綠,0,False,False,False,False,B
2016-11-18,9008.79,1779800.0,4.200253882104542,0.1561633892139866,1.1648875927726088,,,126586395.0,-7.228910947573622,3.2,23,綠,0,False,False,False,False,B
2016-11-21,9041.11,1807800.0,4.549694322430692,0.2317133070362111,1.1209765238151983,,,126527923.0,-7.271763191837893,2.8000000000000003,23,綠,0,False,False,False,False,B
2016-11-22,9133.39,2146700.0,5.581719288245939,0.4896380843909518,1.138997097522627,,,126318387.0,-7.425325372952927,2.0,23,綠,0,False,False,False,False,B
2016-11-23,9178.23,1926800.0,6.0632788496063466,0.6083716781024933,1.143668318237185,,,126570885.0,-7.240277726690787,4.0,23,綠,0,False,False,False,False,B
2016-11-24,9152.11,2022700.0,5.721237462191833,0.5104520702183581,1.1803610389926988,,,127356684.0,-6.664390965666368,5.2,23,綠,0,False,False,False,False,B
2016-11-25,9159.07,1840100.0,5.759430996023978,0.5163315985623205,1.1840488001968534,13.22,,127541344.0,-6.529059603205016,6.0,24,綠,0,False,False,False,False,B
2016-11-28,9222.24,1910200.0,6.449380578378931,0.6940463488505896,1.1927982677077915,13.37,,127674302.0,-6.431618970203084,6.4,24,綠,0,False,False,False,False,B
2016-11-29,9192.38,1889200.0,6.062998022611449,0.5860488523477183,1.1585931914979308,13.59,,128109870.0,-6.112405221234348,7.6,24,綠,0,False,False,False,False,B
2016-11-30,9240.71,2538900.0,6.583078796587516,0.7213078317497515,1.2277415601869497,13.37,,128625259.0,-5.734693233973466,8.0,24,綠,0,False,False,False,False,B
2016-12-01,9263.53,1996000.0,6.80695965292913,0.7765619430617591,1.22324850240907,13.04,,128937140.0,-4.589870676670542,8.4,24,綠,0,False,False,False,False,B
2016-12-02,9189.49,1730600.0,5.918912730590945,0.5303445621069363,1.2129685888429482,14.31,,129624299.0,-4.053044841367496,13.2,24,綠,0,False,False,False,False,B
2016-12-05,9160.66,1547800.0,5.549606310128612,0.425840709837457,1.1683494993647985,14.38,,130065151.0,-3.72672942518466,18.0,24,綠,0,False,False,False,False,B
2016-12-06,9250.77,1649700.0,6.545400435994939,0.6963037909550177,1.1401914577011822,12.95,,129807486.0,-3.917451167880056,15.6,24,綠,0,False,False,False,False,B
2016-12-07,9263.89,1682800.0,6.658232092468881,0.7224292592651738,1.0400343983461404,12.81,,130040177.0,-3.745214996768208,18.0,24,綠,0,False,False,False,False,B
2016-12-08,9375.86,2170000.0,7.898808813427813,1.063332222579456,1.0577581559792446,12.88,,130175370.0,-3.645146129982969,22.0,24,綠,0,False,False,False,False,B
2016-12-09,9392.68,1811800.0,8.03905844519817,1.103881099762133,1.0651455814745443,13.01,,130003493.0,-3.761950149792721,17.599999999999998,24,綠,0,False,False,False,False,B
2016-12-12,9349.94,1697400.0,7.50358745797659,0.9480331046021075,1.0828637002679613,13.69,,129910873.0,-3.3883495714579617,17.2,24,綠,0,False,False,False,False,B
2016-12-13,9382.14,1856000.0,7.827957032549556,1.0321964287447911,1.107001321003963,13.54,,130207611.0,-3.1676725237033465,24.0,24,綠,0,False,False,False,False,B
2016-12-14,9368.52,1658400.0,7.626277549390484,0.970560785385964,1.1051494342684558,13.61,,130550472.0,-2.912694889324888,28.799999999999997,24,綠,0,False,False,False,False,B
2016-12-15,9360.35,1692100.0,7.484917398449285,0.9243400723559962,1.0475558992151472,12.98,,131272532.0,-2.37571590752378,36.8,24,綠,0,False,False,False,False,B
2016-12-16,9326.78,1858100.0,7.056528902351893,0.7980552546499665,1.0485732008688249,12.91,,131763223.0,-2.0108005908479254,39.2,24,綠,0,False,False,False,False,B
2016-12-19,9239.32,1454800.0,6.009043530659084,0.5016146328070468,1.0212720047470916,12.97,,131901311.0,-1.9081078040449573,40.0,24,綠,0,False,False,False,False,B
2016-12-20,9242.41,1349900.0,5.99522879778898,0.4999799379620757,0.961942299227722,12.61,,132198940.0,-1.6867681406174273,41.2,24,綠,0,False,False,False,False,B
2016-12-21,9204.26,1439700.0,5.5098865633855345,0.365064562031863,0.9368762977364172,12.34,,132594024.0,-1.3929534935716017,42.0,24,綠,0,False,False,False,False,B
2016-12-22,9118.75,1427400.0,4.481627331923927,0.0738528961562772,0.9033901575554952,12.63,,132746527.0,-1.2795406114543062,43.2,24,綠,0,False,False,False,False,B
2016-12-23,9078.64,1333800.0,3.972565491376053,-0.0751751891797792,0.8447912019004666,12.77,,132983010.0,-1.1036737852164984,45.2,24,綠,0,False,False,False,False,B
2016-12-26,9110.54,799000.0,4.28834731801058,0.0138849401306712,0.7719707047139313,12.79,,133032757.0,-1.066678115316961,45.6,26,綠,0,False,False,False,False,B
2016-12-27,9109.27,880800.0,4.229682907254684,-0.0066559365768307,0.7185708496170318,12.62,,132862193.0,-1.19352253690509,44.0,26,綠,0,False,False,False,False,B
2016-12-28,9201.4,1195900.0,5.241377929636559,0.2890004313936701,0.6901911007398533,12.01,,132609570.0,-1.3813923002482211,42.8,26,綠,0,False,False,False,False,B
2016-12-29,9153.09,1239800.0,4.645944782798264,0.1124516219346395,0.6679018650542357,12.33,,132992870.0,-1.0963411359068027,46.400000000000006,26,綠,0,False,False,False,False,B
2016-12-30,9253.5,1329700.0,5.746944580112489,0.4418258529632016,0.6679184993544919,12.25,,132336087.0,-1.5847751533074026,41.6,26,綠,0,False,False,False,False,B
2017-01-03,9272.88,1186600.0,5.920958845525412,0.4957571159926699,0.7177711782368288,12.29,,132283582.0,-0.5631507734595022,41.6,26,綠,0,False,False,False,False,B
2017-01-04,9286.96,1322300.0,6.034734347262523,0.529945904624987,0.7780702325480457,12.04,,132114193.0,-0.6904795636160499,41.2,26,綠,0,False,False,False,False,B
2017-01-05,9358.14,1859300.0,6.797016451433679,0.7552511917783808,0.8561450417005173,11.28,,131974422.0,-0.795544664236343,40.400000000000006,26,綠,0,False,False,False,False,B
2017-01-06,9372.22,1743800.0,6.9084615572812575,0.7852573876560341,0.9162642851426308,11.17,,132209997.0,-0.6184642178016352,42.4,26,綠,0,False,False,False,False,B
2017-01-09,9342.42,1708500.0,6.520712380503826,0.6642858058842088,0.9606471055497776,11.53,,131922915.0,-0.8342621960394311,40.400000000000006,26,綠,0,False,False,False,False,B
2017-01-10,9349.64,1514800.0,6.551729991722979,0.6756993758080753,0.9983623428706784,11.38,,131696694.0,-1.004311291541526,39.2,26,綠,0,False,False,False,False,B
2017-01-11,9345.74,1801200.0,6.455565338541581,0.6501659598189199,1.0514058696466817,11.46,,131545630.0,-1.1178652788500805,39.2,26,綠,0,False,False,False,False,B
2017-01-12,9410.18,1919300.0,7.13725348536777,0.8610168259923203,1.0543011959733743,23.02,,131173434.0,-1.3976429880348944,36.8,26,綠,0,False,False,False,False,B
2017-01-13,9378.83,1560100.0,6.718866728365322,0.7420045347216473,1.0327557276475503,11.54,,131433030.0,-1.2025060865272452,38.8,26,綠,0,False,False,False,False,B
2017-01-16,9292.33,1445700.0,5.676063283839601,0.4315657513064943,1.0054178362611743,13.65,,131279971.0,-1.3175597044869185,37.6,26,綠,0,False,False,False,False,B
2017-01-17,9354.53,1449700.0,6.317451953144379,0.6481292176812977,0.995531311261826,13.84,,131019180.0,-1.5135948809961144,34.8,26,綠,0,False,False,False,False,B
2017-01-18,9341.97,1882800.0,6.102836216741892,0.6032708598083891,1.000867630318781,13.81,,131203075.0,-1.375362009523715,37.6,26,綠,0,False,False,False,False,B
2017-01-19,9318.12,1796100.0,5.763527239716451,0.5144993708641618,0.9811288135627292,12.69,,131282427.0,-1.3157135426427342,38.8,26,綠,0,False,False,False,False,B
2017-01-20,9331.46,1613400.0,5.840792607124977,0.5653169036884075,0.985890817140535,12.77,,130655216.0,-1.7871846405468392,30.0,26,綠,0,False,False,False,False,B
2017-01-23,9424.05,1796100.0,6.810752398239998,0.9164897992858188,1.0237325393177594,12.44,,130092055.0,-2.210509701757139,21.2,26,綠,0,False,False,False,False,B
2017-01-24,9447.95,2147200.0,7.002882859564174,1.010459976675375,1.0982874686227506,11.96,,128515578.0,-3.395538889718718,8.0,26,綠,0,False,False,False,False,B
2017-02-02,9428.97,3341600.0,6.706418693182524,0.944069303462886,1.2443620468644854,13.78,,129194793.0,-2.884976667814229,10.4,28,綠,0,False,False,False,False,B
2017-02-03,9455.56,2264200.0,6.925362334626165,1.058490312773609,1.2877009419107002,15.79,,130447512.0,-1.943314607845044,28.799999999999997,28,綠,0,False,False,False,False,B
2017-02-06,9538.01,3053900.0,7.773542194879465,1.4020182112919013,1.4311399457961755,12.97,,131783242.0,-0.9392536305926515,44.8,28,綠,0,False,False,False,False,B
2017-02-07,9554.56,2607300.0,7.877673824701215,1.4752852132179326,1.502976159908722,12.54,,132032714.0,-0.7517268848303279,47.2,28,綠,0,False,False,False,False,B
2017-02-08,9543.25,2893600.0,7.66030995537767,1.449112756760356,1.5625532760090373,12.26,,133316457.0,0.0,57.99999999999999,28,綠,0,False,False,False,False,B
2017-02-09,9590.18,2733900.0,8.09578597423468,1.680036092291905,1.4766751592125358,11.43,,133703448.0,0.0,64.0,28,綠,0,False,False,False,False,B
2017-02-10,9665.59,3443400.0,8.85206210138197,2.035809625411203,1.5937693546947558,11.54,,134145421.0,0.0,68.0,28,綠,0,False,False,False,False,B
2017-02-13,9710.32,2743600.0,9.266408340132957,2.246383488891665,1.5497882560700076,12.2,,134528924.0,0.0,72.8,28,綠,0,False,False,False,False,B
2017-02-14,9718.78,2798500.0,9.268645466530051,2.305848370486432,1.5664100289688845,12.41,,134450231.0,-0.0584952273906539,72.0,28,綠,0,False,False,False,False,B
2017-02-15,9799.76,2986500.0,10.082572713398116,2.704597869555576,1.5646988099228072,12.45,,135641232.0,0.0,83.2,28,綠,0,False,False,False,False,B
2017-02-16,9771.25,2654800.0,9.670354456381428,2.5832037240277255,1.5466066075592,12.66,,136700281.0,0.0,86.0,28,綠,0,False,False,False,False,B
2017-02-17,9759.76,2180300.0,9.458876468699462,2.5226155022519,1.4089695018661568,12.34,,137385280.0,0.0,87.6,28,綠,0,False,False,False,False,B
2017-02-20,9753.2,2480000.0,9.30702983217162,2.4763467445673633,1.371831590631823,12.04,,138062662.0,0.0,89.60000000000001,28,綠,0,False,False,False,False,B
2017-02-21,9763.93,2406100.0,9.347250514452044,2.516793195652072,1.3235062077704536,11.83,,138205832.0,0.0,90.0,28,綠,0,False,False,False,False,B
2017-02-22,9778.78,2566100.0,9.429448852106823,2.584255697056233,1.2713542708541707,11.89,,138592497.0,0.0,92.4,28,綠,0,False,False,False,False,B
2017-02-23,9769.31,2525500.0,9.240211107338926,2.531469604154055,1.2538803461114034,11.68,,138700065.0,0.0,92.4,28,綠,0,False,False,False,False,B
2017-02-24,9750.47,2454600.0,8.954571628997309,2.4196711226845093,1.2763797083247064,11.9,,139452499.0,0.0,97.2,28,綠,0,False,False,False,False,B
2017-03-01,9674.78,2474000.0,8.038260640709726,2.0286944987097577,1.270856788315818,12.55,,139837216.0,0.0,98.0,29,綠,0,False,False,False,False,B
2017-03-02,9691.8,2522300.0,8.161788715598133,2.090706725195707,1.2753258219797334,12.36,,140172578.0,0.0,100.0,29,綠,0,False,False,False,False,B
2017-03-03,9648.21,2180100.0,7.611755409336018,1.848701943735789,1.233256796193658,12.2,,140857726.0,0.0,100.0,29,綠,0,False,False,False,False,B
2017-03-06,9682.63,1906000.0,7.930368419002792,1.9986319072867724,1.1702433400167027,12.01,,141187755.0,0.0,100.0,29,綠,0,False,False,False,False,B
2017-03-07,9738.07,1882200.0,8.480465488848935,2.2504687024397523,1.118390709827458,11.68,,141409770.0,0.0,100.0,29,綠,0,False,False,False,False,B
2017-03-08,9753.45,2048400.0,8.58064483636389,2.306664652125549,1.0745008678896135,10.91,,141709806.0,0.0,100.0,29,綠,0,False,False,False,False,B
2017-03-09,9658.61,2432800.0,7.4629724988000925,1.8091876809758396,1.0590575288319828,11.38,,142200567.0,0.0,100.0,29,綠,0,False,False,False,False,B
2017-03-10,9627.89,2283500.0,7.063202995330828,1.6344534492869645,1.0629324845640151,10.98,,142012082.0,-0.1325486979246714,99.6,29,綠,0,False,False,False,False,B
2017-03-13,9697.34,1858800.0,7.777408344401891,1.9615909979456123,1.05632432677008,12.57,,141518524.0,-0.4796345151000698,98.8,29,綠,0,False,False,False,False,B
2017-03-14,9744.21,2212800.0,8.240575543792977,2.169277371594654,1.084748194597264,11.96,,141550109.0,-0.4574229299662357,98.8,29,綠,0,False,False,False,False,B
2017-03-15,9740.31,1836600.0,8.143027129783812,2.118124307052175,1.066512523955835,11.81,,142035784.0,-0.1158806912492831,99.6,29,綠,0,False,False,False,False,B
2017-03-16,9837.83,2102200.0,9.167854217724429,2.5705447037496825,1.0308219835387993,10.32,,141704750.0,-0.348674418436039,98.4,29,綠,0,False,False,False,False,B
2017-03-17,9908.69,2689700.0,9.893238412061478,2.8837958729488724,1.0626986334021928,9.97,,141878773.0,-0.2262958628006033,98.8,29,綠,0,False,False,False,False,B
2017-03-20,9912.97,2118700.0,9.87983984084217,2.8654678639553506,1.0861495288975072,10.53,,142392504.0,0.0,100.0,29,綠,0,False,False,False,False,B
2017-03-21,9972.49,2317100.0,10.474030209746244,3.1177079506810497,1.0905533606577575,10.31,,142121099.0,-0.1906034323267466,99.2,29,綠,0,False,False,False,False,B
2017-03-22,9922.66,2270500.0,9.860586202428182,2.833427333076391,1.127961976825745,10.86,,142965837.0,0.0,100.0,29,綠,0,False,False,False,False,B
2017-03-23,9930.74,2615300.0,9.89044794072901,2.8337760485524264,1.1710477354232036,10.79,,143862494.0,0.0,100.0,29,綠,0,False,False,False,False,B
2017-03-24,9902.98,2324400.0,9.527266489254336,2.65364620403563,1.1274668783611748,11.07,,144118112.0,0.0,100.0,29,綠,0,False,False,False,False,B
2017-03-27,9876.77,2296100.0,9.17625544353638,2.4823892299372528,1.1359697161853155,11.67,,143199264.0,-0.6375659431341982,99.2,28,綠,0,False,False,False,False,B
2017-03-28,9876.45,2595900.0,9.115917710247995,2.438487095172153,1.1520912366545926,11.59,,142292282.0,-1.2668983618103462,98.0,28,綠,0,False,False,False,False,B
2017-03-29,9856.25,2272800.0,8.838793777135507,2.3094928483382553,1.1446335697399528,11.53,,142915333.0,-0.8345786544858428,98.4,28,綠,0,False,False,False,False,B
2017-03-30,9848.15,2296100.0,8.699537874618132,2.2433446514806468,1.1060617554979066,12.05,,143405705.0,-0.4943216297476892,99.2,28,綠,0,False,False,False,False,B
2017-03-31,9811.52,2362400.0,8.247496952052822,2.042170348078693,1.0962243202084283,11.48,,143442079.0,-0.4690826091310439,99.2,28,綠,0,False,False,False,False,B
2017-04-05,9949.48,2734200.0,9.713219356328857,2.6864260037208423,1.120793789719765,11.63,,144141006.0,0.0,100.0,28,綠,0,False,False,False,False,B
2017-04-06,9897.8,2015700.0,9.08888786276004,2.4063147079439258,1.06113222744474,12.47,,144440449.0,0.0,100.0,28,綠,0,False,False,False,False,B
2017-04-07,9873.37,2422600.0,8.765448372585965,2.2581207625397086,1.0652024996679963,12.37,,144535359.0,0.0,100.0,28,綠,0,False,False,False,False,B
2017-04-10,9882.54,2364800.0,8.810005439013882,2.2763259871489834,1.0631313432124647,12.34,,145389608.0,0.0,100.0,28,綠,0,False,False,False,False,B
2017-04-11,9832.42,2287200.0,8.203747969302045,2.004292631177265,1.0478269409987195,13.64,,144806934.0,-0.4007672955552642,99.6,28,綠,0,False,False,False,False,B
2017-04-12,9817.68,2339400.0,7.984480982611357,1.9089427770862917,1.0052911836815468,13.31,,144344711.0,-0.7186875419596702,98.4,28,綠,0,False,False,False,False,B
2017-04-13,9836.68,2222700.0,8.141143292386378,1.9797577712412335,1.0207788277451628,12.67,,144860723.0,-0.3637708411731875,99.6,28,綠,0,False,False,False,False,B
2017-04-14,9732.93,2179100.0,6.95407777985923,1.4556421312168426,0.9962487211549392,14.07,,142909149.0,-1.7060772321499071,94.4,28,綠,0,False,False,False,False,B
2017-04-17,9716.4,2118300.0,6.722760195117715,1.358012237673283,0.9717922451559468,13.33,,142517596.0,-1.9753901530568816,94.0,28,綠,0,False,False,False,False,B
2017-04-18,9746.56,1763700.0,6.9960567686657855,1.4883904834342343,0.9244806982861212,13.04,,142632833.0,-1.8961293299587136,94.0,28,綠,0,False,False,False,False,B
2017-04-19,9639.94,2145200.0,5.772202318149604,0.9517117254702946,0.905321989439791,13.22,,143038458.0,-1.6171375879904704,95.2,28,綠,0,False,False,False,False,B
2017-04-20,9632.69,1820400.0,5.642059759424029,0.9015786143246812,0.871022246031114,12.64,,142680404.0,-1.8634096599256256,93.6,28,綠,0,False,False,False,False,B
2017-04-21,9717.41,1626700.0,6.517225639678931,1.2977303690166548,0.8226384840915866,12.03,,142629978.0,-1.898093019137929,92.8,28,綠,0,False,False,False,False,B
2017-04-24,9717.95,1467700.0,6.467744310132016,1.280084430039938,0.7660259749279439,11.62,,142528850.0,-1.9676495723133112,92.4,28,綠,0,False,False,False,False,B
2017-04-25,9841.71,2097800.0,7.767449186522751,1.8606229187681016,0.791320458805375,11.12,,142293231.0,-2.129709985874644,91.2,24,綠,0,False,False,False,False,B
2017-04-26,9856.45,2146400.0,7.87268702504612,1.9074331683751693,0.7899247721495243,11.12,,142672178.0,-1.8690675608672112,93.2,24,綠,0,False,False,False,False,B
2017-04-27,9860.62,1830500.0,7.863539053492172,1.9046190274305608,0.7906003878662112,10.83,,143082710.0,-1.5867007496161625,95.2,24,綠,0,False,False,False,False,B
2017-04-28,9872.0,2208800.0,7.931069289065711,1.9379604314967216,0.8372099013287104,10.52,,143242962.0,-1.476478291350782,95.6,24,綠,0,False,False,False,False,B
2017-05-02,9941.27,2064300.0,8.6262869357698,2.250309824319565,0.8867307029013399,10.76,,143194755.0,-1.5096354066791349,94.8,24,綠,0,False,False,False,False,B
2017-05-03,9955.33,1702700.0,8.71145615394838,2.295171637494521,0.8555893368330864,10.78,,142890556.0,-1.7188656289657236,92.4,24,綠,0,False,False,False,False,B
2017-05-04,9967.64,1816700.0,8.779408093101354,2.331397985266856,0.8363832054113289,10.92,,143381281.0,-1.3813415055084268,95.6,24,綠,0,False,False,False,False,B
2017-05-05,9899.94,1708400.0,7.976279679472631,1.9807716222370304,0.8291085527535795,11.41,,,,,24,綠,0,False,False,False,False,B
2017-05-08,9937.25,1860700.0,8.318140834570338,2.1389164401389067,0.8057225479746091,10.88,,142366260.0,-2.0794801235037377,88.8,24,綠,0,False,False,False,False,B
2017-05-09,9915.48,2425200.0,8.018020337726844,2.0088731435963045,0.8386129042684163,11.16,,141322366.0,-2.797477794974178,83.6,24,綠,0,False,False,False,False,B
2017-05-10,9968.32,1972100.0,8.527195789614433,2.2409989182285477,0.8682370743114768,11.1,,,,,24,綠,0,False,False,False,False,B
2017-05-11,10001.48,2145200.0,8.815825252186762,2.3775126653570675,0.9013152128214308,11.62,,141540190.0,-2.647656908188376,84.39999999999999,24,綠,0,False,False,False,False,B
2017-05-12,9986.82,1833700.0,8.580296912742638,2.2815243351448053,0.9235266124321412,10.71,,141121345.0,-2.9357414595959295,82.39999999999999,24,綠,0,False,False,False,False,bull
2017-05-15,10036.82,1810800.0,9.041273547737026,2.50549642490365,0.9255152666409756,11.41,,141534272.0,-2.651727350416957,84.0,24,綠,0,False,False,False,False,bull
2017-05-16,10031.49,2176300.0,8.896009666288801,2.469566018962293,0.907175496101853,11.2,,141861997.0,-2.426315779047977,85.6,24,綠,0,False,False,False,False,bull
2017-05-17,10013.67,1822400.0,8.615517518127874,2.3785159193695926,0.901493371236832,11.25,,142368059.0,-2.078242758588358,88.8,24,綠,0,False,False,False,False,bull
2017-05-18,9969.45,1786200.0,8.050412700780987,2.156316979953816,0.8742582702863076,10.69,,141698057.0,-2.539074869780239,84.0,24,綠,0,False,False,False,False,bull
2017-05-19,9947.62,1852200.0,7.729012396556881,2.0366412592404415,0.8781997705638537,10.76,,141948197.0,-2.367026809784094,85.6,24,綠,0,False,False,False,False,bull
2017-05-22,9997.26,1636800.0,8.180323349578247,2.297528028518645,0.8676934160533745,10.51,,141778610.0,-2.4836699470295014,84.39999999999999,24,綠,0,False,False,False,False,bull
2017-05-23,10007.84,1747800.0,8.207118725408053,2.3498711725351287,0.8318714458579158,10.1,,141306183.0,-2.8086085767560496,80.4,24,綠,0,False,False,False,False,bull
2017-05-24,10044.42,1748400.0,8.511756083032006,2.549800662285437,0.8302325526364983,9.62,,141439657.0,-2.7168042161582826,81.2,24,綠,0,False,False,False,False,bull
2017-05-25,10108.49,2021300.0,9.107036304998816,2.9195262530400927,0.8558891378151141,9.49,,140864495.0,-3.112404705018532,78.8,21,黃藍,1,False,False,False,False,bull
2017-05-26,10101.95,1914300.0,8.940761426143661,2.898031080686639,0.8654937273035279,9.69,,140835117.0,-3.1326111010630138,78.0,21,黃藍,1,False,False,False,False,bull
2017-05-31,10040.72,2713500.0,8.19176450415859,2.544268879361472,0.9664115629383314,10.43,,140971670.0,-3.0386889825027934,78.8,21,黃藍,1,False,False,False,False,bull
2017-06-01,10087.42,1983100.0,8.604733591999157,2.8209763692422043,0.9930761338279294,10.2,,141395826.0,-2.746951487756952,80.4,21,黃藍,1,False,False,False,False,bull
2017-06-02,10152.53,2100600.0,9.209008646393468,3.233976331570982,1.0274210609447318,9.82,,141562849.0,-2.632071887833964,82.8,21,黃藍,1,False,False,False,False,bull
2017-06-05,10226.84,2208100.0,9.90924640687005,3.7088287303819056,1.042789851525924,10.23,,142400061.0,-2.0562315567973743,89.2,21,黃藍,1,False,False,False,False,bull
2017-06-06,10206.18,2078600.0,9.599494257618272,3.5478851730279053,1.0568282312857604,10.13,,142849487.0,-1.7471131774425033,91.6,21,黃藍,1,False,False,False,False,bull
2017-06-07,10209.99,2239900.0,9.550561653082124,3.54964921880978,1.010134379299019,9.97,,142524413.0,-1.9707013722741449,89.2,21,黃藍,1,False,False,False,False,bull
2017-06-08,10225.78,1756200.0,9.633895706206872,3.608987965289709,0.9938677318903466,10.21,,142458109.0,-2.016305732112573,88.4,21,黃藍,1,False,False,False,False,bull
2017-06-09,10199.65,2205300.0,9.269139678987717,3.408454082448473,1.0045158725978,9.57,,142504053.0,-1.984705124179164,88.4,21,黃藍,1,False,False,False,False,bull
2017-06-12,10109.96,1800300.0,8.231930996237763,2.795361763687695,0.965909118131098,10.5,,142930663.0,-1.6912797508883852,92.8,21,黃藍,1,False,False,False,False,bull
2017-06-13,10128.15,1635400.0,8.352783839200821,2.871548156324382,0.9277183918880434,10.11,,143528620.0,-1.2800006999124725,96.4,21,黃藍,1,False,False,False,False,bull
2017-06-14,10072.46,2131200.0,7.686180314651571,2.4747022797160914,0.9150917046084796,10.83,,142439321.0,-2.0292282513066544,86.8,21,黃藍,1,False,False,False,False,bull
2017-06-15,10088.35,1647300.0,7.787326554540623,2.5331208920607593,0.907938619320263,10.19,,142574346.0,-1.9363571019463783,88.8,21,黃藍,1,False,False,False,False,bull
2017-06-16,10156.73,2120200.0,8.443735022552609,2.9284323748902787,0.903870625705564,9.64,,142919074.0,-1.6992507469997444,92.0,21,黃藍,1,False,False,False,False,bull
2017-06-19,10250.6,1878500.0,9.36829951655042,3.481716552491574,0.9132129473543786,11.02,,143237613.0,-1.4801573713576557,94.4,21,黃藍,1,False,False,False,False,bull
2017-06-20,10324.46,1913800.0,10.075198438487604,3.8918029126479623,0.9432991948553806,9.86,,143667951.0,-1.184167853317274,96.4,21,黃藍,1,False,False,False,False,bull
2017-06-21,10349.72,2399200.0,10.265987935402626,3.9843160306446816,0.968374754580025,9.93,,144273868.0,-0.7674138580798705,97.6,21,黃藍,1,False,False,False,False,bull
2017-06-22,10399.06,2010500.0,10.712223391060965,4.220659095522316,1.0086339359364072,10.02,,144006177.0,-0.9515336199269482,96.4,21,黃藍,1,False,False,False,False,bull
2017-06-23,10377.7,1952000.0,10.39824233258106,4.020192386239951,0.9952161863931254,10.4,,144460504.0,-0.6390442981316794,98.4,21,黃藍,1,False,False,False,False,bull
2017-06-26,10513.96,2648600.0,11.755626992694166,4.781038840948646,1.0676216056853294,12.17,,144440225.0,-0.6529923376641885,97.6,20,黃藍,2,False,False,False,False,bull
2017-06-27,10512.06,2660200.0,11.644971831662804,4.665376848272795,1.1399709402892133,12.12,,144879659.0,-0.350746526533038,99.6,20,黃藍,2,False,False,False,False,bull
2017-06-28,10390.55,3121300.0,10.265621020460124,3.8540175813548303,1.2022021196614363,12.52,,145042443.0,-0.2387825407714147,99.6,20,黃藍,2,False,False,False,False,bull
2017-06-29,10421.65,2867000.0,10.508708028720266,3.9802197603067784,1.2793862391456017,11.84,,145293425.0,-0.0661553472239914,99.6,20,黃藍,2,False,False,False,False,bull
2017-06-30,10395.07,2376900.0,10.144209342868407,3.746193490062982,1.320262237255842,12.33,,145870140.0,0.0,100.0,20,黃藍,2,False,False,False,False,bull
2017-07-03,10412.79,2157100.0,10.251223867264784,3.783415551137895,1.2787442616563454,12.07,,146299940.0,0.0,100.0,20,黃藍,2,False,False,False,False,bull
2017-07-04,10347.78,2445100.0,9.487239701938003,3.31946408301716,1.2535277641503275,12.1,,146530180.0,0.0,100.0,20,黃藍,2,False,False,False,False,bull
2017-07-05,10404.79,1994200.0,10.009988114663756,3.5978352378365637,1.1485373253047693,12.17,,146864990.0,0.0,100.0,20,黃藍,2,False,False,False,False,bull
2017-07-06,10368.2,1694000.0,9.535511579351551,3.3222932712207074,1.0403950015239256,12.23,,146396135.0,-0.3192421829055379,99.2,20,黃藍,2,False,False,False,False,bull
2017-07-07,10297.25,1754100.0,8.701509119500546,2.843614512047772,0.9839156797633392,12.4,,146300719.0,-0.3842106958234226,98.8,20,黃藍,2,False,False,False,False,bull
2017-07-10,10289.91,1964700.0,8.542241986895423,2.752357017235076,0.9680298895354692,12.31,,145692025.0,-0.7986688999195792,97.6,20,黃藍,2,False,False,False,False,bull
2017-07-11,10415.57,2039900.0,9.78303337731721,3.47684803222349,0.9296078867113472,11.72,,144809979.0,-1.3992517890070328,95.2,20,黃藍,2,False,False,False,False,bull
2017-07-12,10420.68,2196800.0,9.755724556638988,3.4411956688848964,0.9494066311044352,11.8,,144665381.0,-1.4977082012534095,94.4,20,黃藍,2,False,False,False,False,bull
2017-07-13,10460.15,2645100.0,10.091577154832494,3.617363008213206,1.0384990293196097,11.53,,145317729.0,-1.053526099038307,96.8,20,黃藍,2,False,False,False,False,bull
2017-07-14,10443.91,2292900.0,9.842810932633494,3.4511141819107394,1.0865887501767997,11.19,,145481508.0,-0.9420093924358692,97.2,20,黃藍,2,False,False,False,False,bull
2017-07-17,10457.54,2183500.0,9.905643000654674,3.471266612702724,1.1075866922262427,12.09,,145011620.0,-1.261954942427055,95.2,20,黃藍,2,False,False,False,False,bull
2017-07-18,10481.26,2035100.0,10.066763765245875,3.5653914643173628,1.1051904057316408,12.1,,145741874.0,-0.7647268419791537,97.6,20,黃藍,2,False,False,False,False,bull
2017-07-19,10506.1,2351900.0,10.241244455288598,3.658483074326051,1.1137365845475924,11.26,,145086108.0,-1.2112362517438635,95.2,20,黃藍,2,False,False,False,False,bull
2017-07-20,10499.36,2273600.0,10.08465140792844,3.556947846418242,1.0708250570691649,10.48,,145261606.0,-1.0917401077002764,95.2,20,黃藍,2,False,False,False,False,bull
2017-07-21,10436.7,1904900.0,9.3519856672255,3.112849395053465,1.0351186645245474,10.54,,145827934.0,-0.7061288057827805,97.6,20,黃藍,2,False,False,False,False,bull
2017-07-24,10461.28,1756400.0,9.535165304212445,3.206587464890652,0.9971100080662172,10.58,,146190920.0,-0.458972557040313,98.0,20,黃藍,2,False,False,False,False,bull
2017-07-25,10463.15,1959500.0,9.481132748491678,3.163763883441663,0.9887801284752492,10.7,,146139006.0,-0.4943206682545649,97.6,22,黃藍,3,False,True,False,True,bull
2017-07-26,10419.11,2344100.0,8.949515408463043,2.8405083886347513,0.986953563490221,10.2,,146349961.0,-0.3506819426467805,98.8,22,黃藍,3,False,True,False,True,bull
2017-07-27,10508.37,2487900.0,9.81129682959825,3.3309480467351964,1.0041942299116882,9.92,,146883245.0,0.0,100.0,22,黃藍,3,False,True,False,True,bull
2017-07-28,10423.05,1915800.0,8.855335627034346,2.758384695171536,1.0035293327834736,10.5,,146778519.0,-0.0712988060687248,99.2,22,黃藍,3,False,True,False,True,bull
2017-07-31,10427.33,2036800.0,8.836724603533318,2.739357487813092,1.0286119118035406,10.9,,147046370.0,0.0,100.0,22,黃藍,3,False,True,False,True,bull
2017-08-01,10437.29,2391000.0,8.875698842708417,2.751080764355577,1.0641274980063558,10.26,,147765699.0,0.0,100.0,22,黃藍,3,False,True,False,True,bull
2017-08-02,10519.27,2351400.0,9.663935525474315,3.208810177502242,1.0606926227629343,14.83,,147830801.0,0.0,100.0,22,黃藍,3,False,True,False,True,bull
2017-08-03,10469.88,2125000.0,9.08277839533947,2.8533228472364525,1.0287126830195854,10.96,,148827264.0,0.0,100.0,22,黃藍,3,False,True,False,True,bull
2017-08-04,10506.56,2439200.0,9.395872389913109,3.0310734168058424,1.074498492695553,11.4,,149680282.0,0.0,100.0,22,黃藍,3,False,True,False,True,bull
2017-08-07,10579.38,2543100.0,10.082810349682529,3.4277769612268685,1.118943036331159,11.33,,150714260.0,0.0,100.0,22,黃藍,3,False,True,False,True,bull
2017-08-08,10568.97,2898600.0,9.90561795771176,3.310416013171308,1.157177873033784,11.41,,150703491.0,-0.0071453092759769,99.6,22,黃藍,3,False,True,False,True,bull
2017-08-09,10470.38,2590000.0,8.817305696157,2.6540435266471043,1.1723923425306633,12.15,,150360650.0,-0.2346227888455943,99.2,22,黃藍,3,False,True,False,True,bull
2017-08-10,10329.74,3032100.0,7.295644733778298,1.7330331758044668,1.2485350309637242,13.23,,147902999.0,-1.8652919770166407,98.0,22,黃藍,3,False,True,False,True,bull
2017-08-11,10329.57,2408500.0,7.238235219455072,1.6940049191083395,1.2400960365736726,14.38,,147875311.0,-1.8836631649851845,97.6,22,黃藍,3,False,True,False,True,bull
2017-08-14,10225.28,2531500.0,6.104572100850579,1.0060262391811434,1.231985099796129,13.87,,146215852.0,-2.9847261964461755,92.8,22,黃藍,3,False,True,False,True,bull
2017-08-15,10311.16,2296200.0,6.937600643304053,1.5081258804035846,1.172878835905236,13.05,,145874626.0,-3.2111321118519243,91.6,22,黃藍,3,False,True,False,True,bull
2017-08-16,10290.39,2510400.0,6.66618796889311,1.3470004873796142,1.1579288363126454,12.77,,146670324.0,-2.6831807421540605,94.8,22,黃藍,3,False,True,False,True,bull
2017-08-17,10369.37,2588000.0,7.427972378894834,1.8076223399814064,1.110640721362106,11.98,,147351552.0,-2.2311810441825477,96.4,22,黃藍,3,False,True,False,True,bull
2017-08-18,10321.33,2316000.0,6.878404161457881,1.4836241807984518,1.0976369139637037,12.67,,147875160.0,-1.8837633545757384,97.2,22,黃藍,3,False,True,False,True,bull
2017-08-21,10326.39,2165200.0,6.878947439738551,1.4887423668901238,1.0636505311177058,13.03,,148442613.0,-1.5072541908111416,98.0,22,黃藍,3,False,True,False,True,bull
2017-08-22,10392.07,2482000.0,7.505702998436329,1.873131881300162,1.07573357869569,12.08,,149220025.0,-0.9914357141786052,98.4,22,黃藍,3,False,True,False,True,bull
2017-08-23,10406.81,2465700.0,7.60141898578377,1.934977501224762,1.0737244185656898,11.75,,149307279.0,-0.9335420550119146,98.4,22,黃藍,3,False,True,False,True,bull
2017-08-24,10488.96,2716400.0,8.390804653289857,2.4183152800968437,1.079304001635134,11.35,,149474291.0,-0.8227283868162176,98.4,22,黃藍,3,False,True,False,True,bull
2017-08-25,10515.51,2826800.0,8.60380020875788,2.5523100337105675,1.118680622564654,11.29,,150053568.0,-0.4383739136562127,98.8,22,黃藍,4,False,True,False,True,bull
2017-08-28,10525.98,2738000.0,8.648394354313982,2.5820248971536,1.1647644853764998,12.02,,151034219.0,0.0,100.0,22,黃藍,4,False,True,False,True,bull
2017-08-29,10496.57,2815800.0,8.283180462483548,2.361137349793919,1.187730107912173,12.66,,152436798.0,0.0,100.0,22,黃藍,4,False,True,False,True,bull
2017-08-30,10569.4,2765700.0,8.969438244988078,2.776436460488087,1.2093615666295177,12.36,,153827491.0,0.0,100.0,22,黃藍,4,False,True,False,True,bull
2017-08-31,10585.78,2800700.0,9.068528362472414,2.83365245934926,1.2075464074621352,12.6,75.5,155092598.0,0.0,100.0,22,黃藍,4,False,True,False,True,bull
2017-09-01,10594.82,3121700.0,9.089150680024428,2.842545173357472,1.2249797154137052,12.25,64.6766169154229,156107144.0,0.0,100.0,22,黃藍,4,False,True,False,True,bull
2017-09-04,10569.87,2619800.0,8.763317022902052,2.6403504466052876,1.2077189967099988,13.28,89.60396039603961,156230523.0,0.0,100.0,22,黃藍,4,False,True,False,True,bull
2017-09-05,10617.84,2761000.0,9.185000274683922,2.897195370464045,1.1934604789060363,13.71,94.58128078817734,157469872.0,0.0,100.0,22,黃藍,4,False,True,False,True,bull
2017-09-06,10547.86,2815600.0,8.401516373588075,2.4170700049363227,1.19192679551695,14.05,96.5686274509804,157408063.0,-0.0392513178647913,99.6,22,黃藍,4,False,True,False,True,bull
2017-09-07,10538.51,3227300.0,8.242827549562199,2.3146974213672333,1.2144418167282778,13.87,95.85365853658536,157560991.0,0.0,100.0,22,黃藍,4,False,True,False,True,bull
2017-09-08,10609.95,2818200.0,8.909492102532107,2.7154762368805145,1.1833546481395183,13.8,94.1747572815534,159870544.0,0.0,100.0,22,黃藍,4,False,True,False,True,bull
2017-09-11,10572.16,2977700.0,8.456496275103023,2.4334677723642986,1.2039293162865967,13.48,89.85507246376811,161078652.0,0.0,100.0,22,黃藍,4,False,True,False,True,bull
2017-09-12,10610.35,2920800.0,8.779467057492717,2.6303281186655982,1.208742326578106,12.49,71.15384615384616,162147860.0,0.0,100.0,22,黃藍,4,False,True,False,True,bull
2017-09-13,10532.88,2711500.0,7.917441128874401,2.1025424767884884,1.1976644093467212,12.15,59.09090909090909,162585711.0,0.0,100.0,22,黃藍,4,False,True,False,True,bull
2017-09-14,10553.57,2491800.0,8.06007277373468,2.1981813009650697,1.1338421051559813,11.62,40.95238095238095,163344206.0,0.0,100.0,22,黃藍,4,False,True,False,True,bull
2017-09-15,10580.41,3365900.0,8.268808681287856,2.333579323646375,1.167252043889845,11.25,29.62085308056872,163599049.0,0.0,100.0,22,黃藍,4,False,True,False,True,bull
2017-09-18,10631.57,3575300.0,8.727807712928389,2.6217306319803604,1.207940254986713,12.29,64.38679245283019,164622171.0,0.0,100.0,22,黃藍,4,False,True,False,True,bull
2017-09-19,10576.14,3071500.0,8.102688017073776,2.246156651603566,1.216679771312819,12.72,78.40375586854461,164640279.0,0.0,100.0,22,黃藍,4,False,True,False,True,bull
2017-09-20,10519.17,2745000.0,7.465178289726159,1.8584712355961868,1.2224235910104164,12.49,71.26168224299066,164934249.0,0.0,100.0,22,黃藍,4,False,True,False,True,bull
2017-09-21,10578.44,2312400.0,8.008297763481137,2.2017529635223183,1.2125348071751223,10.8,20.46511627906977,165949624.0,0.0,100.0,22,黃藍,4,False,True,False,True,bull
2017-09-22,10449.68,2427200.0,6.62819264891016,1.3574155134097523,1.1366240061557684,11.74,43.98148148148148,164775470.0,-0.7075364027338803,99.2,22,黃藍,4,False,True,False,True,bull
2017-09-25,10335.89,2622600.0,5.407063813707634,0.6104866524741188,1.0566989333744936,12.77,79.49308755760369,163837479.0,-1.272762751182853,98.0,25,綠,0,False,False,False,False,bull
2017-09-26,10257.02,2348600.0,4.544960634093304,0.0930848520407141,0.9993795231956696,12.85,81.19266055045871,162269468.0,-2.217634431036734,96.4,25,綠,0,False,False,False,False,bull
2017-09-27,10326.68,1954500.0,5.204625435395816,0.5022216910261963,0.9362029979394432,12.14,57.99086757990868,162583553.0,-2.0283691634034673,96.4,25,綠,0,False,False,False,False,bull
2017-09-28,10296.45,2054900.0,4.8481639487719566,0.2895331899515433,0.9133327462110598,11.86,45.909090909090914,163450560.0,-1.505917241487694,97.2,25,綠,0,False,False,False,False,bull
2017-09-29,10329.94,1942400.0,5.1420202127496495,0.4677706181519107,0.8734213400376752,11.28,30.09049773755656,162570387.0,-2.036302896353655,95.6,25,綠,0,False,False,False,False,bull
2017-10-02,10465.16,1730200.0,6.4650294938720725,1.2703170167908049,0.803318797576573,10.52,14.864864864864863,163434622.0,-1.5155213608679223,96.8,25,綠,0,False,False,False,False,bull
2017-10-03,10469.35,1916100.0,6.456332553673458,1.2680510353720469,0.7693168823674003,10.29,10.762331838565023,164134628.0,-1.0937029902520297,98.0,25,綠,0,False,False,False,False,bull
2017-10-05,10518.27,1905900.0,6.896215114592105,1.5350684150539036,0.7669115870614036,10.37,12.444444444444445,164714573.0,-0.7442324786466524,98.8,25,綠,0,False,False,False,False,bull
2017-10-06,10532.81,1950000.0,6.9890997827374015,1.5934167067915412,0.7620320639881232,10.36,12.389380530973453,165051020.0,-0.5414920373667131,99.6,25,綠,0,False,False,False,False,bull
2017-10-11,10641.19,2859400.0,8.025280026453336,2.2180243493720972,0.8328473797691939,10.75,20.52401746724891,165338103.0,-0.3684979726136649,99.6,25,綠,0,False,False,False,False,bull
2017-10-12,10711.44,2367700.0,8.673242902241562,2.606270305723898,0.8829990707681316,10.38,13.91304347826087,165733989.0,-0.1299400352964945,99.6,25,綠,0,False,False,False,False,bull
2017-10-13,10724.09,2301200.0,8.738201547862543,2.6444068928068316,0.9122905430854176,9.99,6.0606060606060606,,,,25,綠,0,False,False,False,False,bull
2017-10-16,10774.21,2451900.0,9.179891298670876,2.9028054741829994,0.9554070756064292,11.47,38.362068965517246,166767950.0,0.0,100.0,25,綠,0,False,False,False,False,bull
2017-10-17,10723.15,2368600.0,8.599140671669288,2.543195792549379,0.9883032745229072,11.79,46.78111587982833,166388010.0,-0.227825550413014,99.6,25,綠,0,False,False,False,False,bull
2017-10-18,10720.28,2651200.0,8.50614192286115,2.480075493004912,0.966828305539278,11.77,46.58119658119658,165801968.0,-0.5792371975550459,98.8,25,綠,0,False,False,False,False,bull
2017-10-19,10760.29,2173500.0,8.843222947093613,2.6713972218638267,0.9487368864111057,10.72,20.851063829787233,165510650.0,-0.7539218416968008,98.0,25,綠,0,False,False,False,False,bull
2017-10-20,10728.88,2314000.0,8.460716742878196,2.4254695043718173,0.947530426067281,11.12,29.23728813559322,165631191.0,-0.6816411666630189,98.0,25,綠,0,False,False,False,False,bull
2017-10-23,10735.21,2041300.0,8.458218955004375,2.414788887518142,0.9168314539097414,11.66,44.303797468354425,166245332.0,-0.3133803587559839,99.2,25,綠,0,False,False,False,False,bull
2017-10-24,10743.78,2253000.0,8.475599949594557,2.416941409537847,0.9090668143832876,11.16,30.04201680672269,166556810.0,-0.1266070608890976,99.6,25,綠,0,False,False,False,False,bull
2017-10-25,10750.57,2517700.0,8.475184815063942,2.4138950321236043,0.8948829044063054,11.87,50.2092050209205,166876292.0,0.0,100.0,28,綠,0,False,False,False,False,bull
2017-10-26,10734.76,2228900.0,8.249591452773705,2.273492298361403,0.8981317429683298,11.85,49.583333333333336,166873547.0,-0.0016449310846384,99.6,28,綠,0,False,False,False,False,bull
2017-10-27,10709.11,3016300.0,7.928894590534391,2.0750086721118612,0.9497666059030228,12.14,61.61825726141079,164919399.0,-1.172660883428546,94.4,28,綠,0,False,False,False,False,bull
2017-10-30,10756.87,2240000.0,8.347350804851764,2.329043103849064,0.9661250431098192,12.09,59.71074380165289,164667398.0,-1.323671549461322,93.2,28,綠,0,False,False,False,False,bull
2017-10-31,10793.8,2185500.0,8.65421862058254,2.517341961917295,0.9604223576381592,11.85,49.17695473251029,166087535.0,-0.4726597113027895,97.6,28,綠,0,False,False,False,False,bull
2017-11-01,10806.36,2414200.0,8.715696315324676,2.555605819398864,0.9524231100135948,11.64,43.44262295081967,166764260.0,-0.0671347611199318,98.8,28,綠,0,False,False,False,False,bull
2017-11-02,10788.51,2534500.0,8.474881837647025,2.4105793715010875,0.9765629104971678,11.85,49.38775510204081,167303816.0,0.0,100.0,28,綠,0,False,False,False,False,bull
2017-11-03,10800.77,2213600.0,8.535358538058672,2.446243786097434,0.9174252850509405,11.82,47.96747967479675,167560667.0,0.0,100.0,28,綠,0,False,False,False,False,bull
2017-11-06,10786.19,2241200.0,8.324115969767755,2.314680434661752,0.9196366103559964,11.74,45.546558704453446,168150783.0,0.0,100.0,28,綠,0,False,False,False,False,bull
2017-11-07,10840.34,2593500.0,8.800915459928065,2.606433719323887,0.9547824010823572,11.13,28.62903225806452,167922599.0,-0.1357020145425073,99.6,28,綠,0,False,False,False,False,bull
2017-11-08,10818.99,2513400.0,8.520023990099228,2.431917440475661,0.9620079675571572,10.91,24.69879518072289,168552649.0,0.0,100.0,28,綠,0,False,False,False,False,bull
2017-11-09,10743.27,3008000.0,7.696969840108807,1.923471656867794,0.9965183128814494,10.82,22.4,167827633.0,-0.4301421569470557,98.8,28,綠,0,False,False,False,False,bull
2017-11-10,10732.67,2347400.0,7.522000380963968,1.820992986599876,1.0067853430250453,10.17,7.6,168300872.0,-0.1493758783939373,99.6,28,綠,0,False,False,False,False,bull
2017-11-13,10683.92,2850600.0,6.964317874046355,1.4870298305464251,1.052716619177779,10.39,14.000000000000002,167924065.0,-0.3729303595815928,98.8,28,綠,0,False,False,False,False,bull
2017-11-14,10687.18,2676900.0,6.927627341945726,1.4765860885525977,1.0586912726705158,10.49,15.6,167235513.0,-0.7814389200136511,96.8,28,綠,0,False,False,False,False,bull
2017-11-15,10630.65,2325600.0,6.300736374073796,1.0903008735442066,1.0437837044041849,10.95,27.200000000000003,167763071.0,-0.4684459156735056,97.6,28,綠,0,False,False,False,False,bull
2017-11-16,10625.04,2189300.0,6.184855911100891,1.0197072062678156,0.9789316909559947,10.2,8.799999999999999,168011654.0,-0.3209649941485049,98.8,28,綠,0,False,False,False,False,bull
2017-11-17,10701.64,2471200.0,6.875256261570703,1.4682363529721,0.9887835771657494,9.44,0.4,167665702.0,-0.5262136224272571,96.8,28,綠,0,False,False,False,False,bull
2017-11-20,10664.55,2503700.0,6.440539374666621,1.2017420118294038,0.9611321842788172,9.83,4.0,167847142.0,-0.4185677319138425,97.6,28,綠,0,False,False,False,False,bull
2017-11-21,10779.24,3285200.0,7.507056919664952,1.8952158991423844,1.0054212734811447,9.17,0.4,168417830.0,-0.0799862836922841,99.6,28,綠,0,False,False,False,False,bull
2017-11-22,10822.59,3911700.0,7.858420321891776,2.1507935182300653,1.1222656150790935,9.49,1.4,169259359.0,0.0,100.0,28,綠,0,False,False,False,False,bull
2017-11-23,10854.57,2681100.0,8.094247402362964,2.3431729820224523,1.161128172120906,8.97,0.4,170770283.0,0.0,100.0,28,綠,0,False,False,False,False,bull
2017-11-24,10854.09,2746900.0,8.008072416991045,2.325435635810816,1.1832121616997702,9.12,0.8,172346917.0,0.0,100.0,28,綠,0,False,False,False,False,bull
2017-11-27,10750.93,2668100.0,6.906827854507869,1.6303833439369897,1.1968312497676654,9.72,5.2,172836934.0,0.0,100.0,23,綠,0,False,False,False,False,bull
2017-11-28,10707.07,2961000.0,6.39881277707533,1.3187734346656708,1.170235942231418,10.16,10.4,173391589.0,0.0,100.0,23,綠,0,False,False,False,False,bull
2017-11-29,10713.55,3096300.0,6.39247876025362,1.3388058129242064,1.1066724528213367,10.54,22.6,174375457.0,0.0,100.0,23,綠,0,False,False,False,False,bull
2017-11-30,10560.44,4939100.0,4.8125832776212265,0.304278381010459,1.2641243835415956,11.46,43.4,174570866.0,0.0,100.0,23,綠,0,False,False,False,False,bull
2017-12-01,10600.37,3776200.0,5.149522897915888,0.544255747529666,1.3347108465775492,11.18,36.4,174871221.0,0.0,100.0,23,綠,0,False,False,False,False,bull
2017-12-04,10651.11,2864500.0,5.590032654473346,0.8529598813023764,1.349320256137586,11.45,43.6,175541738.0,0.0,100.0,23,綠,0,False,False,False,False,bull
2017-12-05,10566.85,3126100.0,4.696273236536703,0.2811749301242247,1.3628304583035622,11.88,58.8,174359436.0,-0.6735161753952784,98.4,23,綠,0,False,False,False,False,bull
2017-12-06,10393.92,3022600.0,2.935085125950328,-0.8397111954825407,1.3554209958944012,14.89,99.2,173451550.0,-1.1907071354164216,98.0,23,綠,0,False,False,False,False,bull
2017-12-07,10355.76,2740500.0,2.509929251186175,-1.0736067627825148,1.1891255187622194,13.83,96.0,172673236.0,-1.6340854503787583,96.8,23,綠,0,False,False,False,False,bull
2017-12-08,10398.62,2683800.0,2.8870217306201424,-0.8043695030712975,1.107154679573779,12.34,77.60000000000001,171622754.0,-2.23250837359261,96.0,23,綠,0,False,False,False,False,bull
2017-12-11,10473.09,2334200.0,3.57426792105444,-0.3614612352033799,1.0690657372061991,11.67,51.4,172044970.0,-1.9919866578967105,96.0,23,綠,0,False,False,False,False,bull
2017-12-12,10443.28,2164400.0,3.2282612141960065,-0.5528249667846604,0.9972300235913404,11.69,52.8,172094252.0,-1.9639124229247409,96.0,23,綠,0,False,False,False,False,bull
2017-12-13,10470.7,2324000.0,3.445716583842464,-0.3995667610383591,0.9497672158184672,11.61,48.8,172360170.0,-1.8124282214865617,96.4,23,綠,0,False,False,False,False,bull
2017-12-14,10538.01,2447400.0,4.057775002151562,-0.0132028070936002,0.9338438112151928,10.86,28.999999999999996,172558779.0,-1.6992876076001937,96.4,23,綠,0,False,False,False,False,bull
2017-12-15,10491.44,2590700.0,3.547712674351207,-0.2924841898504609,0.9294800586964146,10.94,31.6,172763720.0,-1.5825398743630987,96.8,23,綠,0,False,False,False,False,bull
2017-12-18,10506.52,1861300.0,3.65028161451185,-0.2095988601023125,0.8976006810156382,11.53,47.8,172872121.0,-1.5207876089275132,97.2,23,綠,0,False,False,False,False,bull
2017-12-19,10467.34,2190500.0,3.2199849899132884,-0.4333815854373696,0.9003788424106289,11.8,57.4,172726332.0,-1.6038385127530184,96.0,23,綠,0,False,False,False,False,bull
2017-12-20,10504.52,2155800.0,3.539468580847649,-0.2250169386864534,0.888696008360888,11.23,38.4,172901420.0,-1.5040969914516855,97.2,23,綠,0,False,False,False,False,bull
2017-12-21,10488.97,2116400.0,3.341100946528361,-0.3083160084238254,0.8654235359648271,10.4,18.2,173422246.0,-1.2074006012177,97.6,23,綠,0,False,False,False,False,bull
2017-12-22,10537.27,2049900.0,3.769174046980048,-0.0394998312113019,0.8241702803800193,9.99,8.6,173799581.0,-0.9924460244320926,98.0,23,綠,0,False,False,False,False,bull
2017-12-25,10522.49,1928200.0,3.576207895712227,-0.1261274421943579,0.8296297081089957,10.01,9.2,173923866.0,-0.9216451987048232,98.0,23,綠,0,False,False,False,False,bull
2017-12-26,10421.91,2037800.0,2.5419521324996226,-0.6697566961529108,0.8175886878019835,10.88,31.0,172950215.0,-1.4763001833786105,96.0,23,綠,0,False,False,False,False,bull
2017-12-27,10486.67,2103300.0,3.128503720960476,-0.3202139613548018,0.8125507318283305,10.18,12.0,172732439.0,-1.6003595680475715,94.0,23,綠,0,False,False,False,False,bull
2017-12-28,10567.64,2223700.0,3.870634365982178,0.1082699011828167,0.8183968982433929,10.1,10.2,172933376.0,-1.485892773831372,95.6,23,綠,0,False,False,False,False,bull
2017-12-29,10642.86,2411700.0,4.550846308336427,0.4983701846414385,0.8442658506384422,9.93,7.4,172997211.0,-1.449528202802686,96.0,23,綠,0,False,False,False,False,bull
2018-01-02,10710.73,2375900.0,5.151793360692727,0.8521950741541114,0.8768667082509946,10.42,21.2,173231611.0,-1.315998705675342,96.0,23,綠,0,False,False,False,False,bull
2018-01-03,10801.57,2964800.0,5.971908811162505,1.3320155741188513,0.9434795400048428,10.24,16.0,173292462.0,-1.281334015275615,96.0,23,綠,0,False,False,False,False,bull
2018-01-04,10848.63,3048500.0,6.361057589328813,1.574028480388758,1.0160552054113263,9.88,6.800000000000001,174476811.0,-0.6066517354408328,98.8,23,綠,0,False,False,False,False,bull
2018-01-05,10879.8,3028400.0,6.5926400614436425,1.7313647605447209,1.0742163377699756,9.62,3.4000000000000004,174968827.0,-0.3263673964536001,99.6,23,綠,0,False,False,False,False,bull
2018-01-08,10915.75,3246900.0,6.873051335873838,1.9154892950357825,1.1321614160284987,10.52,25.8,174872051.0,-0.3814973052163811,99.2,23,綠,0,False,False,False,False,bull
2018-01-09,10914.89,2933100.0,6.790948593275954,1.9011154013419864,1.1715526148861128,9.81,6.0,174861320.0,-0.387610381298606,98.4,23,綠,0,False,False,False,False,bull
2018-01-10,10831.09,3224000.0,5.905665418491422,1.4226063387748176,1.1850008133011414,10.25,17.599999999999998,174871501.0,-0.3818106210159546,98.8,23,綠,0,False,False,False,False,bull
2018-01-11,10810.06,2736200.0,5.636524954195051,1.2914912594943542,1.1604662949822606,9.7,5.6000000000000005,174679951.0,-0.4909299690310688,97.6,23,綠,0,False,False,False,False,bull
2018-01-12,10883.96,2900300.0,6.292328165007106,1.6890305881040115,1.1453589059038471,8.96,0.4,174371320.0,-0.6667462754641292,96.0,23,綠,0,False,False,False,False,bull
2018-01-15,10956.31,2672500.0,6.932136996328317,2.0751359943913896,1.099116873117942,7.82,0.4,174270574.0,-0.7241377546347411,95.2,23,綠,0,False,False,False,False,bull
2018-01-16,10986.11,2943900.0,7.155467312545174,2.2228395357079864,1.0936871621630129,8.82,0.8,174918265.0,-0.3551708027409413,99.2,23,綠,0,False,False,False,False,bull
2018-01-17,11004.8,3337400.0,7.268192838734578,2.308752073221027,1.0947802043197532,8.96,1.4,174899284.0,-0.3659836158167694,98.8,23,綠,0,False,False,False,False,bull
2018-01-18,11071.57,3069900.0,7.846621388886123,2.65788906555709,1.1159660514213785,9.66,6.0,175345350.0,-0.1118753877211811,99.6,23,綠,0,False,False,False,False,bull
2018-01-19,11150.85,2661500.0,8.542535279825783,3.072102269854711,1.0951571866614132,9.89,10.4,175183976.0,-0.2038045219764202,99.2,23,綠,0,False,False,False,False,bull
2018-01-22,11231.46,3222600.0,9.249721425106635,3.479231433456293,1.1347264005203677,10.86,37.6,175448938.0,-0.0528649203644092,99.6,23,綠,0,False,False,False,False,bull
2018-01-23,11253.11,3399800.0,9.380547341634848,3.55218559625878,1.1603292401188834,11.18,46.2,175017923.0,-0.2983991191883949,98.4,23,綠,0,False,False,False,False,C
2018-01-24,11152.16,3171100.0,8.320983150652502,2.9658198481128144,1.141101160525118,10.97,42.0,175823013.0,0.0,100.0,23,綠,0,False,False,False,False,C
2018-01-25,11165.95,3457900.0,8.378651491221806,3.011022752051535,1.1621900600099813,11.38,51.4,176626827.0,0.0,100.0,22,黃藍,1,False,False,False,False,C
2018-01-26,11147.1,2701400.0,8.119915761616584,2.8770674269558913,1.1639218375793217,11.38,51.6,176897579.0,0.0,100.0,22,黃藍,1,False,False,False,False,C
2018-01-29,11221.81,2450400.0,8.7642246135766,3.2628677854754486,1.1059895076003416,11.73,63.2,177231212.0,0.0,100.0,22,黃藍,1,False,False,False,False,C
2018-01-30,11076.78,2709200.0,7.285968223343596,2.431110849006848,1.052684472540785,12.44,85.2,176629249.0,-0.3396484136214111,99.2,22,黃藍,1,False,False,False,False,C
2018-01-31,11103.79,2642900.0,7.4776341530827555,2.5564622258523766,1.0140079926355907,12.58,88.0,176408119.0,-0.4644176331649754,98.4,22,黃藍,1,False,False,False,False,C
2018-02-01,11160.25,2257600.0,7.952562961041673,2.84430689913071,0.928270553726618,13.0,92.0,176495513.0,-0.4151069056617409,98.4,22,黃藍,1,False,False,False,False,C
2018-02-02,11126.23,2023400.0,7.552859107503259,2.629931442625001,0.884230245501617,12.32,82.0,176131621.0,-0.6204273996614096,97.6,22,黃藍,1,False,False,False,False,C
2018-02-05,10946.25,2393600.0,5.752108590532382,1.599318173446856,0.8798259373576887,14.2,98.8,174927087.0,-1.3000672816027463,94.4,22,黃藍,1,False,False,False,False,C
2018-02-06,10404.0,5183600.0,0.4797861499643933,-1.418048000464489,1.0459667515999371,30.07,100.0,167364419.0,-5.56718700315608,74.0,22,黃藍,1,False,False,False,False,C
2018-02-07,10551.54,3145300.0,1.865465434855353,-0.6080898413133722,1.0791665742596095,23.17,99.6,167440807.0,-5.5240862427775985,74.0,22,黃藍,1,False,False,False,False,C
2018-02-08,10528.52,2287100.0,1.604570374018366,-0.7304894635701332,1.0815380243387422,21.82,99.2,166392565.0,-6.115540754751483,70.39999999999999,22,黃藍,1,False,False,False,False,C
2018-02-09,10371.75,2895400.0,0.0614866222112113,-1.5356173216987548,1.1394497614653922,26.76,99.6,162112614.0,-8.530437629687935,58.8,22,黃藍,1,False,False,False,False,C
2018-02-12,10421.09,2387100.0,0.5081914924976622,-1.2581083946956098,1.1395562479019554,24.01,99.2,161086972.0,-9.10914043740783,58.4,22,黃藍,1,False,False,False,False,C
2018-02-21,10714.44,2770600.0,3.2974464936476764,0.2221361744738836,0.9650612130981538,20.35,95.6,161025281.0,-9.14394864037831,57.599999999999994,22,黃藍,1,False,False,False,False,C
2018-02-22,10662.38,2385800.0,2.7581458332571205,-0.0541871616523571,0.9156202614978658,20.83,95.6,162465536.0,-8.331306790363765,59.599999999999994,22,黃藍,1,False,False,False,False,C
2018-02-23,10794.55,2623500.0,3.992047636004106,0.5941261389334249,0.9471392550080938,18.49,94.8,163240924.0,-7.893805973634034,60.8,22,黃藍,1,False,False,False,False,C
2018-02-26,10836.7,2295300.0,4.355265116646963,0.7859450011366831,0.9057381293709152,18.08,94.4,164722863.0,-7.057644564322,64.8,20,黃藍,2,False,False,False,False,C
2018-02-27,10815.47,2697700.0,4.108488609730636,0.6608680257025288,0.9285886948003206,18.05,94.0,165285041.0,-6.740444228299923,66.4,20,黃藍,2,False,False,False,False,C
2018-03-01,10785.79,2508100.0,3.781530440623848,0.4949010295435506,0.9103874359392632,19.75,94.8,165713703.0,-6.498578252683844,67.60000000000001,20,黃藍,2,False,False,False,False,C
2018-03-02,10698.17,2135500.0,2.9014449091635957,0.0455843933698549,0.8966616811903708,20.88,95.6,166132038.0,-6.262539128830197,69.19999999999999,20,黃藍,2,False,False,False,False,C
2018-03-05,10642.9,2203900.0,2.335801668241349,-0.2346658957059466,0.8707092966108239,21.06,95.6,166920731.0,-5.817531169396957,72.39999999999999,20,黃藍,2,False,False,False,False,C
2018-03-06,10784.34,1905900.0,3.655337920896028,0.4575821031335166,0.8580227410381452,18.01,92.0,167224054.0,-5.64638580703268,72.39999999999999,20,黃藍,2,False,False,False,False,C
2018-03-07,10745.32,2106300.0,3.2408030306884648,0.2531642012831344,0.82228354043479,19.72,93.6,166628395.0,-5.98247728509581,70.0,20,黃藍,2,False,False,False,False,C
2018-03-08,10823.24,2535200.0,3.9435785983858898,0.627173936710011,0.82605193238395,17.94,91.2,167929257.0,-5.248485802828004,76.8,20,黃藍,2,False,False,False,False,C
2018-03-09,10864.82,2457800.0,4.295904776731748,0.820298238070494,0.8541161455009573,17.27,90.8,167802736.0,-5.319873341496982,74.8,20,黃藍,2,False,False,False,False,C
2018-03-12,11002.1,2759800.0,5.558836294965113,1.4808091522585167,0.8979733584699725,16.5,90.4,167630215.0,-5.417215676435141,73.6,20,黃藍,2,False,False,False,False,C
2018-03-13,11095.63,2433800.0,6.398505516800708,1.921136938335115,0.9400996724320329,15.64,90.0,167965329.0,-5.228132728675353,76.8,20,黃藍,2,False,False,False,False,C
2018-03-14,11038.8,2331000.0,5.8007637015563915,1.6252341865702236,0.959440780985327,16.56,90.4,168889851.0,-4.706485333971536,78.8,20,黃藍,2,False,False,False,False,C
2018-03-15,11018.45,2124400.0,5.554529175959896,1.5071450477446515,0.9291992268697308,16.39,89.60000000000001,170310296.0,-3.905020973393784,79.2,20,黃藍,2,False,False,False,False,C
2018-03-16,11027.7,3071600.0,5.587748417925412,1.5334111076207295,0.9706763254918968,16.41,89.60000000000001,170385029.0,-3.86285402144629,79.2,20,黃藍,2,False,False,False,False,C
2018-03-19,11046.9,2206800.0,5.714131846465418,1.610906079139299,0.9291707977655792,16.86,90.4,170687032.0,-3.692453448887998,79.2,20,黃藍,2,False,False,False,False,C
2018-03-20,11010.84,2159800.0,5.316101589699581,1.4155882778400837,0.9099122877482088,17.77,90.8,171462412.0,-3.25495714603588,79.60000000000001,20,黃藍,2,False,False,False,False,C
2018-03-21,11011.07,2360400.0,5.267279619738337,1.4011822010869144,0.913502762995336,17.23,90.0,171881981.0,-3.018221756560577,80.0,20,黃藍,2,False,False,False,False,C
2018-03-22,11005.84,2637400.0,5.166385348707176,1.3567985160595095,0.9481091438605944,16.13,87.6,171529806.0,-3.216931112562724,79.2,20,黃藍,2,False,False,False,False,C
2018-03-23,10823.33,2618800.0,3.3834674085183676,0.4447115475941111,0.9111088723856808,20.98,95.2,169718533.0,-4.238914193059855,76.8,20,黃藍,2,False,False,False,False,C
2018-03-26,10840.05,2048600.0,3.5063425338614596,0.5168632854755986,0.89969167014856,19.08,92.8,170705353.0,-3.682116104921745,78.0,24,綠,0,False,False,False,False,C
2018-03-27,10986.79,2297400.0,4.864482490769026,1.2286732970779188,0.9091175079179008,17.22,88.8,171327867.0,-3.3308721039497264,78.4,24,綠,0,False,False,False,False,C
2018-03-28,10865.66,1953100.0,3.67299318670605,0.6202800884445933,0.8787027525761241,19.86,93.6,171973910.0,-2.966352224686022,80.0,24,綠,0,False,False,False,False,C
2018-03-29,10845.92,2158300.0,3.44819547989896,0.509747440516035,0.841044072515582,19.61,92.4,172933647.0,-2.424835304968743,85.2,24,綠,0,False,False,False,False,C
2018-03-30,10906.22,2263300.0,3.9846364416332305,0.7963057686712631,0.8128901399907115,17.82,89.2,172947639.0,-2.4169405330253,85.2,24,綠,0,False,False,False,False,C
2018-04-02,10888.27,2071400.0,3.7744982850450417,0.6901782873747709,0.8147831681503849,18.62,91.6,173790310.0,-1.941476312874281,88.0,24,綠,0,False,False,False,False,C
2018-04-03,10821.53,2124100.0,3.1012746965525784,0.3394474668457908,0.8021450840769245,19.11,92.0,174123896.0,-1.7532555157383902,88.8,24,綠,0,False,False,False,False,C
2018-04-09,10893.53,2664500.0,3.747036053389549,0.6702515447534675,0.8547648782877831,17.97,87.6,175273381.0,-1.1046761898801436,95.6,24,綠,0,False,False,False,False,C
2018-04-10,10927.18,2943400.0,4.025070461044722,0.8127186050553935,0.9109848234625758,17.13,84.39999999999999,175176807.0,-1.1591665919431844,94.8,24,綠,0,False,False,False,False,C
2018-04-11,10974.02,2560400.0,4.426209986212109,1.0176950513470917,0.9357954749727048,16.27,82.0,175033906.0,-1.2397962950227976,94.4,24,綠,0,False,False,False,False,C
2018-04-12,10955.29,2248200.0,4.202614665925746,0.8997989233979042,0.9539927198775744,16.53,83.2,175851632.0,-0.7784069095007938,97.2,24,綠,0,False,False,False,False,C
2018-04-13,10965.39,2400400.0,4.258384317942574,0.9314274510213454,0.978908657646614,15.91,80.80000000000001,175923446.0,-0.7378869586469905,97.2,24,綠,0,False,False,False,False,C
2018-04-16,10954.55,2341000.0,4.113474819248626,0.858836242123414,0.9597345124245652,16.7,83.6,176896728.0,-0.188727479897841,99.2,24,綠,0,False,False,False,False,C
2018-04-17,10810.45,2646400.0,2.7073405869148197,0.1331807352437206,0.9386419024653035,16.71,83.6,176383186.0,-0.478485696977573,97.2,24,綠,0,False,False,False,False,C
2018-04-18,10847.89,2189700.0,3.0252524900263045,0.3049028511052883,0.916190037168385,15.88,79.60000000000001,,,,24,綠,0,False,False,False,False,C
2018-04-19,10971.22,2490200.0,4.151491858419643,0.8989932139421314,0.9364261201717238,13.83,75.8,176915516.0,-0.1781266383259851,99.6,24,綠,0,False,False,False,False,C
2018-04-20,10779.38,2349600.0,2.2929693843560734,-0.0479950118339862,0.9358166821335168,14.87,78.4,177985863.0,0.0,100.0,24,綠,0,False,False,False,False,C
2018-04-23,10697.13,2324700.0,1.4792976457366045,-0.4465878299295522,0.9366614372351136,15.56,78.8,178073920.0,0.0,100.0,24,綠,0,False,False,False,False,C
2018-04-24,10579.5,2664800.0,0.3311593053547919,-0.9983467027747596,0.9398036439317868,15.55,78.4,175730284.0,-1.3161028858128132,94.0,24,綠,0,False,False,False,False,C
2018-04-25,10559.97,2555100.0,0.1139090950911953,-1.071741370246869,0.973337053439854,16.15,80.4,175454038.0,-1.4712328453262555,93.2,23,綠,0,False,False,False,False,C
2018-04-26,10488.58,2633700.0,-0.590877215197216,-1.3788489856366,0.9874362551527904,16.46,81.6,173542719.0,-2.5445618314012517,82.39999999999999,23,綠,0,True,False,False,True,C
2018-04-27,10553.43,2079000.0,-0.0108669443061999,-1.0561474923295802,0.9698183695523888,15.44,77.2,173307467.0,-2.6766710139250036,80.80000000000001,23,綠,0,True,False,False,True,C
2018-04-30,10657.88,2120800.0,0.93953317480363,-0.5680565174732854,0.9606643850128151,14.66,75.6,173478666.0,-2.5805317252520754,82.0,23,綠,0,False,False,False,False,C
2018-05-02,10618.81,2252100.0,0.5351748129399642,-0.7359581170283653,0.9348983640262464,14.81,75.6,174456872.0,-2.0312059171831565,85.6,23,綠,0,False,False,False,False,C
2018-05-03,10514.18,2113300.0,-0.4854327213424083,-1.1866215803640336,0.9058290160679114,15.78,78.4,174534581.0,-1.9875672978951664,86.0,23,綠,0,True,False,False,True,C
2018-05-04,10529.37,2055900.0,-0.3676010162272448,-1.0978600088104915,0.867289348225793,15.13,76.4,174861114.0,-1.8041979420681027,86.8,23,綠,0,True,False,False,True,C
2018-05-07,10604.91,1965200.0,0.3187645627095121,-0.7528159691860726,0.8623166798431947,14.64,73.6,174756324.0,-1.8630442908203513,86.4,23,綠,0,False,False,False,False,C
2018-05-08,10691.38,2300800.0,1.104958578342324,-0.370772252071086,0.8779872663791333,14.06,72.39999999999999,173907568.0,-2.339675568438096,81.6,23,綠,0,False,False,False,False,C
2018-05-09,10703.35,2414400.0,1.1863347240227908,-0.3151683977342657,0.8931231101037763,13.65,69.19999999999999,174213076.0,-2.1681131071860498,82.39999999999999,23,綠,0,False,False,False,False,C
2018-05-10,10760.21,2472700.0,1.6923803307140106,-0.0667388431497826,0.923786957865458,13.03,67.0,174714176.0,-1.8867131132958717,86.0,23,綠,0,False,False,False,False,C
2018-05-11,10858.98,2782800.0,2.5907880735966464,0.3594790396633503,0.9801587899010608,12.89,66.0,174022906.0,-2.2749058368569637,81.2,23,綠,0,False,False,False,False,C
2018-05-14,10952.39,2550800.0,3.434791859418697,0.7592516338582747,1.024549699435965,12.81,65.2,174598913.0,-1.9514407275360703,85.2,23,綠,0,False,False,False,False,C
2018-05-15,10874.73,2652800.0,2.663563193925212,0.4195077065190962,1.051493089966566,12.94,66.0,175441853.0,-1.4780755093165805,92.4,23,綠,0,False,False,False,False,C
2018-05-16,10897.57,2905400.0,2.8418912097550075,0.5145401794170436,1.108791152569231,13.03,66.8,176554268.0,-0.8533826851231219,96.8,23,綠,0,False,False,False,False,C
2018-05-17,10833.81,2510000.0,2.204749253655455,0.2381724469645625,1.116791073537898,13.23,67.80000000000001,177664303.0,-0.2300263845486189,99.2,23,綠,0,False,False,False,False,C
2018-05-18,10830.84,2570800.0,2.1434854038886466,0.2247242829826813,1.0969636904225606,13.29,68.4,178509622.0,0.0,100.0,23,綠,0,False,False,False,False,C
2018-05-21,10966.2,2401700.0,3.3824152211496457,0.8032253428160734,1.0882871455067795,13.09,66.8,179044460.0,0.0,100.0,23,綠,0,False,False,False,False,C
2018-05-22,10938.73,2535800.0,3.0864414538508846,0.6776557974015478,1.0774089563852107,12.91,64.0,179779351.0,0.0,100.0,23,綠,0,False,False,False,False,C
2018-05-23,10886.18,2468500.0,2.5583744211351043,0.4433585278834295,1.0431753294175226,13.55,68.8,180056930.0,0.0,100.0,23,綠,0,False,False,False,False,C
2018-05-24,10936.93,2239900.0,3.001344079611362,0.6554785878612257,1.0216482919146446,13.27,67.2,181154782.0,0.0,100.0,23,綠,0,False,False,False,False,C
2018-05-25,10942.3,2219900.0,3.0158799586659892,0.668535666655931,0.9951023968064944,13.05,65.4,181240187.0,0.0,100.0,26,綠,0,False,False,False,False,C
2018-05-28,10987.77,2463800.0,3.4043023798277554,0.8539292438425486,0.9991337361937024,13.09,65.8,182311602.0,0.0,100.0,26,綠,0,False,False,False,False,C
2018-05-29,10964.12,2424700.0,3.1422687679969994,0.742084058291771,0.9917173651388004,13.28,67.4,182312467.0,0.0,100.0,26,綠,0,False,False,False,False,C
2018-05-30,10821.17,3159000.0,1.7659512956504702,0.1150924136309042,1.0449104964744411,15.0,76.0,183100380.0,0.0,100.0,26,綠,0,False,False,False,False,C
2018-05-31,10874.96,4494100.0,2.238461771323815,0.3451495367364272,1.213312200247405,14.0,71.2,183677709.0,0.0,100.0,26,綠,0,False,False,False,False,C
2018-06-01,10949.08,2817400.0,2.900277595083364,0.6629866384135391,1.257140596512217,14.13,72.0,184203965.0,0.0,100.0,26,綠,0,False,False,False,False,C
2018-06-04,11109.5,2890900.0,4.36864262315519,1.353936514999864,1.2834758076045147,13.83,69.19999999999999,184532253.0,0.0,100.0,26,綠,0,False,False,False,False,C
2018-06-05,11100.11,3024000.0,4.241327995363748,1.3071331834348043,1.3239693061013416,14.02,70.8,184319523.0,-0.1152806604490977,99.6,26,綠,0,False,False,False,False,C
2018-06-06,11201.83,3038200.0,5.150719745728229,1.7357302512674873,1.3097723310333351,13.56,66.8,185409488.0,0.0,100.0,26,綠,0,False,False,False,False,C
2018-06-07,11251.75,3563000.0,5.57316058503273,1.935242575271312,1.2257010734093703,13.2,63.2,186167953.0,0.0,100.0,26,綠,0,False,False,False,False,C
2018-06-08,11156.42,2935100.0,4.639270988348734,1.5071467418516489,1.2336689619288983,13.81,68.0,187675238.0,0.0,100.0,26,綠,0,False,False,False,False,C
2018-06-11,11149.23,2763200.0,4.535658882007016,1.4607563809635615,1.2207974134353972,14.45,72.8,188843359.0,0.0,100.0,26,綠,0,False,False,False,False,C
2018-06-12,11144.79,3009100.0,4.457258426177047,1.4268055934805508,1.2141443702884154,14.42,72.39999999999999,189453831.0,0.0,100.0,26,綠,0,False,False,False,False,C
2018-06-13,11173.21,3259400.0,4.685827592651466,1.5383702750198425,1.222517279201457,14.01,69.6,190287392.0,0.0,100.0,26,綠,0,False,False,False,False,C
2018-06-14,11013.98,3145600.0,3.1634701905998193,0.8214408699701816,1.189082010810981,14.21,71.6,191365199.0,0.0,100.0,26,綠,0,False,False,False,False,C
2018-06-15,11087.47,3547100.0,3.8172879703008338,1.125991338070314,1.2264573918164157,14.13,70.6,192416485.0,0.0,100.0,26,綠,0,False,False,False,False,C
2018-06-19,10904.19,3158000.0,2.070786594436208,0.2911748682484741,1.249146109689306,16.54,82.39999999999999,192425331.0,0.0,100.0,26,綠,0,False,False,False,False,C
2018-06-20,10927.44,3060000.0,2.2578193827891355,0.3758090312731533,1.2474546720437265,16.28,80.0,190869497.0,-0.8085390795040389,98.8,26,綠,0,False,False,False,False,C
2018-06-21,10941.07,2522200.0,2.3520892862387557,0.4195945334344636,1.1914652152514402,15.02,75.2,190853241.0,-0.8169870317125764,98.4,26,綠,0,False,False,False,False,C
2018-06-22,10899.28,2733900.0,1.9302197899869848,0.2173938784137312,1.1588226520672504,15.55,76.2,191189672.0,-0.6421498633150331,98.8,26,綠,0,False,False,False,False,C
2018-06-25,10786.46,2393700.0,0.8513680320721284,-0.2941184385232498,1.0674743913680196,16.59,82.8,190913842.0,-0.7854937768042608,98.4,29,綠,0,False,False,False,False,C
2018-06-26,10742.17,2616000.0,0.4188035378837457,-0.4965496932407466,1.0236618777018347,16.23,78.8,189688622.0,-1.4222186786832136,96.8,29,綠,0,False,False,False,False,C
2018-06-27,10701.03,2357900.0,0.0201393131105264,-0.6848070102400551,0.9672215408053092,15.84,76.8,189558517.0,-1.4898319182311814,96.4,29,綠,0,False,False,False,False,C
2018-06-28,10654.28,2259600.0,-0.4281603683472885,-0.8942390223039471,0.9464890753793084,16.79,83.6,188790670.0,-1.888868259241815,95.2,29,綠,0,True,False,False,True,C
2018-06-29,10836.91,2256100.0,1.2620724791363402,-0.1034372703136973,0.9099457476826948,15.82,76.0,188909897.0,-1.8269081215715823,95.6,29,綠,0,False,False,False,False,C
2018-07-02,10777.94,2244500.0,0.6959822150435119,-0.3745573372751609,0.8975295964631486,17.16,84.39999999999999,188713089.0,-1.9291857161986643,94.4,29,綠,0,False,False,False,False,C
2018-07-03,10715.72,2685900.0,0.1071260184419216,-0.6614636745415222,0.8996545506395481,17.31,85.6,186881445.0,-2.881058315549942,93.6,29,綠,0,False,False,False,False,C
2018-07-04,10721.87,2081200.0,0.1567272816202523,-0.6438059623792928,0.8818325196763053,17.26,84.8,186736916.0,-2.9561674497002683,93.2,29,綠,0,False,False,False,False,C
2018-07-05,10611.81,2075800.0,-0.8795763141375843,-1.1355525074409167,0.8725981786735831,17.83,86.8,185845122.0,-3.4196168278905024,92.4,29,綠,0,True,False,False,True,C
2018-07-06,10608.57,2613100.0,-0.9167595201465292,-1.153705269840785,0.8997564225060222,16.87,82.39999999999999,184165985.0,-4.292234269302101,90.4,29,綠,0,True,False,False,True,C
2018-07-09,10720.28,2329300.0,0.1144397695210644,-0.6653986398408496,0.9058066995452508,15.18,71.2,184185524.0,-4.2820802007610945,90.4,29,綠,0,False,False,False,False,C
2018-07-10,10756.89,2427500.0,0.4434219510157958,-0.5101396055218265,0.8857925768344826,14.52,66.8,183640612.0,-4.565261212932511,89.2,29,綠,0,False,False,False,False,C
2018-07-11,10676.84,2140700.0,-0.3163037131104073,-0.8657837274385163,0.8915084177156751,15.69,73.2,184069934.0,-4.342150254635654,89.60000000000001,29,綠,0,True,False,False,True,C
2018-07-12,10738.38,2053500.0,0.2457721278064234,-0.5936638681302926,0.8931881859299361,14.04,62.0,184392385.0,-4.174578241988317,91.2,29,綠,0,False,False,False,False,C
2018-07-13,10864.54,2134000.0,1.4047166746500397,-0.0349012240072241,0.8564905137011439,13.31,55.60000000000001,184513987.0,-4.111383859331909,91.2,29,綠,0,False,False,False,False,C
2018-07-16,10817.45,1889400.0,0.9455949561261487,-0.2436318161699145,0.8256954741660709,13.93,60.4,185134335.0,-3.7890001083069462,91.6,29,綠,0,False,False,False,False,C
2018-07-17,10778.99,2029100.0,0.568336745506926,-0.4108589915902341,0.7964432215427605,13.86,59.599999999999994,185109665.0,-3.801820665700193,91.2,29,綠,0,False,False,False,False,C
2018-07-18,10842.46,2388600.0,1.144400052583156,-0.1261435885049868,0.8153742162552735,14.25,65.2,184296357.0,-4.224482274633582,89.2,29,綠,0,False,False,False,False,C
2018-07-19,10835.38,2052700.0,1.0627152975398295,-0.1553088973416234,0.8185560590410604,14.19,64.0,184186817.0,-4.281408251806515,88.4,29,綠,0,False,False,False,False,C
2018-07-20,10932.11,2245800.0,1.9469751551342735,0.2752784887133498,0.8289435117964377,13.83,57.8,183580754.0,-4.5963683440409415,86.0,29,綠,0,False,False,False,False,C
2018-07-23,10946.89,2153400.0,2.065655838482338,0.3383773962191586,0.852244149099864,14.49,66.4,182936717.0,-4.931062844319597,85.2,29,綠,0,False,False,False,False,C
2018-07-24,10995.39,2213600.0,2.497295929193433,0.556371983104439,0.8659485310773928,14.17,63.2,183062949.0,-4.865462333542771,85.2,29,綠,0,False,False,False,False,C
2018-07-25,10965.79,1970700.0,2.202904540263955,0.4239611554240713,0.8340286054827175,14.28,64.8,183845971.0,-4.458539816673097,86.8,22,黃藍,1,False,False,False,False,C
2018-07-26,11010.61,2336000.0,2.601336334739781,0.6318905056712945,0.8557741603670384,13.29,52.6,183661697.0,-4.554303715865766,86.0,22,黃藍,1,False,False,False,False,C
2018-07-27,11075.78,2230900.0,3.18644698659312,0.934729895214887,0.8539505635458194,12.9,46.400000000000006,183962739.0,-4.397857577285394,86.8,22,黃藍,1,False,False,False,False,C
2018-07-30,11033.54,2141500.0,2.7700643406917096,0.7438567451475498,0.8525424159947091,13.7,55.2,184238603.0,-4.254495994604786,88.8,22,黃藍,1,False,False,False,False,C
2018-07-31,11057.51,2513500.0,2.970455105849684,0.86278282926885,0.8728931753634585,13.43,53.2,183689040.0,-4.540094048220709,85.6,22,黃藍,1,False,False,False,False,C
2018-08-01,11098.13,2144000.0,3.3242806012527595,1.0622316632161029,0.8873127832403674,12.83,44.8,184068986.0,-4.342642913265926,86.4,22,黃藍,1,False,False,False,False,C
2018-08-02,10929.77,2168200.0,1.7374910033495876,0.2856266365007309,0.8756154457664891,14.38,65.2,183920684.0,-4.419712807977449,85.6,22,黃藍,1,False,False,False,False,C
2018-08-03,11012.43,1956900.0,2.48767979045175,0.6833249450607388,0.8570711251113108,13.33,52.400000000000006,183954261.0,-4.402263442124467,85.6,22,黃藍,1,False,False,False,False,C
2018-08-06,11024.1,1896400.0,2.5733366000188345,0.7461668483364705,0.8427252245439086,13.23,49.4,184636139.0,-4.047903651520808,90.8,22,黃藍,1,False,False,False,False,C
2018-08-07,10983.44,1987900.0,2.173869960592741,0.5611538394350108,0.8042249253964828,12.89,44.6,184477178.0,-4.130512837730288,89.60000000000001,22,黃藍,1,False,False,False,False,C
2018-08-08,11075.25,2141000.0,3.0034844171513053,1.006507694172446,0.8067125375275433,12.36,39.4,184093511.0,-4.329897709777098,86.0,22,黃藍,1,False,False,False,False,C
2018-08-09,11028.07,2004300.0,2.545285023387069,0.7873293246381861,0.7984515750759555,12.55,40.8,184155262.0,-4.297806820454424,86.0,22,黃藍,1,False,False,False,False,C
2018-08-10,10983.68,2143300.0,2.1130072578878516,0.5810653391929215,0.8153469145672659,13.06,47.599999999999994,182678851.0,-5.065071188574439,79.60000000000001,22,黃藍,1,False,False,False,False,C
2018-08-13,10748.92,2883800.0,-0.0785136435815227,-0.5331823004418873,0.8926198875857054,15.51,71.2,177953010.0,-7.521006161085933,75.2,22,黃藍,1,True,False,False,True,C
2018-08-14,10824.23,2280700.0,0.6124045803548881,-0.1596336518461305,0.9167778976248272,14.44,65.2,177543169.0,-7.733993192403552,74.4,22,黃藍,1,False,False,False,False,C
2018-08-15,10716.75,2450800.0,-0.392106784174978,-0.6717206307771771,0.9421104023739172,16.0,75.2,176640367.0,-8.20316323114445,72.39999999999999,22,黃藍,1,True,False,False,True,C
2018-08-16,10683.9,2348700.0,-0.7053167001224042,-0.8396642916516126,0.9704699465962188,16.56,79.80000000000001,175887797.0,-8.5942603887219,68.8,22,黃藍,1,True,False,False,True,C
2018-08-17,10690.96,2069100.0,-0.6530428604653139,-0.8071701547577514,0.9656240533323704,15.6,71.6,175821691.0,-8.628614493587646,67.60000000000001,22,黃藍,1,True,False,False,True,C
2018-08-20,10699.05,2057400.0,-0.5915181203282927,-0.77141503007009,0.9002859912488821,14.95,67.60000000000001,174115501.0,-9.515290894835465,53.6,22,黃藍,1,True,False,False,True,C
2018-08-21,10792.2,1972500.0,0.2528468912088525,-0.3405141888565807,0.8784160006555443,13.88,56.39999999999999,173298713.0,-9.939760997474911,48.8,22,黃藍,1,False,False,False,False,C
2018-08-22,10804.2,2018400.0,0.3459359316396547,-0.297225323664317,0.8458730475169319,13.73,53.2,173743231.0,-9.708752949994926,51.2,22,黃藍,1,False,False,False,False,C
2018-08-23,10863.13,1938600.0,0.8717956270320253,-0.0219058420010855,0.819464175605675,12.75,40.8,173689970.0,-9.736431738293334,50.8,22,黃藍,1,False,False,False,False,C
2018-08-24,10809.35,1748700.0,0.3560102621147336,-0.2832258891748306,0.808426716711023,13.16,47.599999999999994,173520866.0,-9.82431206003746,50.0,22,黃藍,1,False,False,False,False,C
2018-08-27,10902.21,1710800.0,1.1963096668616475,0.1542205734909817,0.7856618867377194,12.97,44.4,172738962.0,-10.230653572319955,42.8,26,綠,0,False,False,False,False,C
2018-08-28,10989.55,1940600.0,1.981905260130985,0.5637056926148734,0.7882157791694072,12.31,36.8,172485737.0,-10.362250071951284,40.8,26,綠,0,False,False,False,False,C
2018-08-29,11099.57,1822900.0,2.9758360307646123,1.076743850085598,0.7783096808723022,12.56,39.2,172558351.0,-10.324513875982367,40.8,26,綠,0,False,False,False,False,C
2018-08-30,11093.75,1915800.0,2.895610809140515,1.0382345354819924,0.7825911965483824,12.55,38.6,172894598.0,-10.14977232909112,44.0,26,綠,0,False,False,False,False,C
2018-08-31,11063.94,2081900.0,2.5972341349347774,0.8844050433793675,0.8197890664499102,13.23,48.4,,,,26,綠,0,False,False,False,False,C
2018-09-03,10964.22,1897900.0,1.6555993717876725,0.3971932828929941,0.8422831837957288,14.09,58.8,172710598.0,-10.245393835388542,41.2,26,綠,0,False,False,False,False,C
2018-09-04,11021.38,1653400.0,2.1667920077083664,0.6636451427497749,0.8238833786435932,13.25,48.4,172583126.0,-10.31163875196868,40.400000000000006,26,綠,0,False,False,False,False,C
2018-09-05,10995.13,1898700.0,1.9046193975402508,0.529201975581881,0.8373585320943712,13.84,55.2,172808026.0,-10.19476224780406,42.8,26,綠,0,False,False,False,False,C
2018-09-06,10924.3,2038400.0,1.2348361070805578,0.1851953117478801,0.8559437557342483,14.5,64.4,172160666.0,-10.531183651699164,37.6,26,綠,0,False,False,False,False,C
2018-09-07,10846.99,2491300.0,0.5086772287178903,-0.1876883127118593,0.8969334379886995,14.67,66.0,168820405.0,-12.267057500865102,30.8,26,綠,0,False,False,False,False,C
2018-09-10,10725.8,2600600.0,-0.6190991489830586,-0.7632466156567862,0.9669437758304787,15.32,69.19999999999999,164490794.0,-14.51707883511449,10.4,26,綠,0,True,False,False,True,C
2018-09-11,10752.3,2098700.0,-0.3802965017693983,-0.6217303096904047,1.0153644007609963,15.01,67.60000000000001,163505875.0,-15.028923608815306,8.799999999999999,26,綠,0,True,False,False,True,C
2018-09-12,10722.57,1938500.0,-0.6595996464492602,-0.7536650549044603,1.0277605005893844,14.89,66.2,162356537.0,-15.080906148528776,5.2,26,綠,0,True,False,False,True,C
2018-09-13,10727.23,1811500.0,-0.6230323328348436,-0.7189667533991936,1.0123967069608482,14.17,58.2,161298128.0,-15.634497244181684,3.5999999999999996,26,綠,0,True,False,False,True,C
2018-09-14,10868.14,2068800.0,0.6700601068101684,-0.0317077911909868,0.978317941006631,12.83,37.8,161277616.0,-15.645225857179144,3.2,26,綠,0,False,False,False,False,C
2018-09-17,10828.61,1698100.0,0.2957736174711066,-0.2151384127724293,0.8992221722598931,13.74,50.4,161640346.0,-15.333354403920069,3.5999999999999996,26,綠,0,False,False,False,False,C
2018-09-18,10760.21,1938500.0,-0.3446976293377546,-0.5373692936830899,0.8889341545924756,13.98,54.0,161251783.0,-14.991325626267663,2.4,26,綠,0,True,False,False,True,C
2018-09-19,10857.27,1999200.0,0.5450228915793125,-0.0605319563868511,0.8971619866643306,13.23,43.8,160583418.0,-15.28556957427558,0.8,26,綠,0,False,False,False,False,C
2018-09-20,10831.41,2090900.0,0.294452477224029,-0.1796874789831846,0.9247289834321948,13.09,41.6,159355798.0,-15.644547728486666,0.4,26,綠,0,False,False,False,False,C
2018-09-21,10972.41,2539000.0,1.584296219019348,0.502166314948712,0.9669654442141058,12.85,36.4,158931884.0,-15.868947829662943,0.4,26,綠,0,False,False,False,False,C
2018-09-25,10978.85,1987200.0,1.628923118404917,0.5296155671149934,0.9962088916435162,13.14,42.0,159553579.0,-15.451768689982073,1.2,24,綠,0,False,False,False,False,C
2018-09-26,10974.19,1855200.0,1.5729006815603126,0.5092966794313175,0.994846760600401,13.33,47.0,159576011.0,-14.611099566358767,1.6,24,綠,0,False,False,False,False,C
2018-09-27,11034.19,2089800.0,2.1109215931478507,0.7993691653937349,1.0033859124824351,12.82,34.0,159025131.0,-14.840014279768871,0.8,24,綠,0,False,False,False,False,C
2018-09-28,11006.34,2192700.0,1.8348323057511404,0.6567808937449509,1.0121201192080636,13.04,39.2,159040937.0,-14.422861741832534,1.2,24,綠,0,False,False,False,False,C
2018-10-01,11051.8,1646700.0,2.2375346535732397,0.8771771519827837,0.9345745528740396,13.38,47.2,159842826.0,-13.661166093258714,2.8000000000000003,24,綠,0,False,False,False,False,C
2018-10-02,10919.63,1802400.0,0.997298878152056,0.2227440125422376,0.920766665252667,13.92,53.2,160043807.0,-13.552606543783464,3.2,24,綠,0,False,False,False,False,C
2018-10-03,10863.94,1696000.0,0.4625872724998462,-0.0541301186373646,0.9108088263709084,13.62,48.0,159088928.0,-14.068382831310034,1.6,24,綠,0,False,False,False,False,C
2018-10-04,10718.91,1874000.0,-0.8954870145943348,-0.7609488674659094,0.8918752102782813,15.08,68.0,157858214.0,-14.7331509306472,0.4,24,綠,0,True,False,False,True,C
2018-10-05,10517.12,2735700.0,-2.7680378458534665,-1.7192788060586388,0.9392778822243674,17.11,82.39999999999999,153812488.0,-16.918443032190652,0.4,24,綠,0,True,False,False,True,C
2018-10-08,10455.93,1796600.0,-3.3394470001647676,-1.9711458715634411,0.956300583243555,18.28,89.2,153014068.0,-17.349708253739102,0.4,24,綠,0,True,False,False,True,C
2018-10-09,10466.83,2097200.0,-3.2435789789540452,-1.8771401777894916,0.9831198718025952,18.04,87.6,150958657.0,-18.459935052025873,0.4,24,綠,0,True,False,False,True,C
2018-10-11,9806.11,4348500.0,-9.329244768607609,-4.692601626583887,1.2161346971057818,25.87,99.2,139080617.0,-24.865826427809697,0.4,24,綠,0,True,False,False,True,C
2018-10-12,10045.81,2724400.0,-7.098341079020794,-3.472007540604303,1.293180454374219,22.06,95.6,136614006.0,-26.009064780107867,0.4,24,綠,0,True,False,False,True,C
2018-10-15,9901.12,2044700.0,-8.415497569805407,-3.912898475280382,1.228043764997912,23.96,96.0,136240879.0,-26.211152519821702,0.4,24,綠,0,True,False,False,True,C
2018-10-16,9981.1,1888800.0,-7.656839414955996,-3.4449418565522,1.2402281960820505,22.31,95.2,136229066.0,-26.21755050889577,0.4,24,綠,0,True,False,False,True,C
2018-10-17,9979.14,1856700.0,-7.652347197502301,-3.3318627681597266,1.2203211346441192,21.04,93.6,135821121.0,-26.438495878642694,0.4,24,綠,0,True,False,False,True,C
2018-10-18,9953.73,1611800.0,-7.861650498863551,-3.323362924797671,0.9652832059176788,22.46,95.2,131928460.0,-28.546783574151753,0.4,24,綠,0,True,False,False,True,C
2018-10-19,9919.26,2417000.0,-8.153357305786768,-3.3490936431731035,0.9326742313004864,22.09,94.4,131091994.0,-28.999818394166056,0.4,24,綠,0,True,False,False,True,C
2018-10-22,9974.28,1481700.0,-7.616532776085662,-3.0652049324507424,0.8851825641221812,22.75,95.2,130717832.0,-29.202466695861744,0.4,24,綠,0,True,False,False,True,C
2018-10-23,9775.2,1711300.0,-9.428636457016658,-3.667252032316396,0.8718177715037501,24.41,98.8,131030696.0,-29.03301774524217,0.8,24,綠,0,True,False,False,True,C
2018-10-24,9759.4,2135200.0,-9.542816675079283,-3.601069065634179,0.8986077198441338,23.06,94.8,130518865.0,-29.31022837300557,0.4,24,綠,0,True,False,False,True,C
2018-10-25,9520.79,2456900.0,-11.71385555904982,-4.2376855737627785,0.9802116469050024,24.65,98.8,126618769.0,-31.422542907485735,0.4,22,黃藍,1,True,False,False,True,C
2018-10-26,9489.18,2247500.0,-11.966494279878894,-4.15596452482863,0.9631280589951056,25.61,98.8,128298876.0,-30.512587245988716,0.8,22,黃藍,1,True,False,False,True,C
2018-10-29,9516.32,1787600.0,-11.674758593031209,-3.9121915189940393,0.995525583455572,25.09,98.4,128263280.0,-30.531866245318312,0.8,22,黃藍,1,True,False,False,True,C
2018-10-30,9526.11,1671600.0,-11.543904884755104,-3.746902201928984,0.9939783309995712,24.39,97.2,127201340.0,-31.10701908687551,0.8,22,黃藍,1,True,False,False,True,C
2018-10-31,9802.13,2211300.0,-8.94880551464561,-2.845665833597699,0.9987934138365908,23.05,92.8,126597425.0,-31.43410294124489,0.4,22,黃藍,1,True,False,False,True,C
2018-11-01,9844.74,1992200.0,-8.522753782358349,-2.66358070536807,0.9540237538456602,22.59,92.0,125322663.0,-32.06603420613904,0.4,22,黃藍,1,True,False,False,True,C
2018-11-02,9906.59,2238700.0,-7.920578586748967,-2.4349170962121485,0.952430116904687,22.47,91.6,124813244.0,-32.22390571712254,0.4,22,黃藍,1,True,False,False,True,C
2018-11-05,9889.81,1847700.0,-8.04690229910033,-2.438654763459694,0.9594155765980228,23.65,93.6,125002374.0,-32.121204334633674,0.8,22,黃藍,1,True,False,False,True,C
2018-11-06,9824.95,1984100.0,-8.617027518236409,-2.5742809436180836,0.9907791512704583,24.19,96.8,125479535.0,-31.311405609837124,1.6,22,黃藍,1,True,False,False,True,C
2018-11-07,9908.35,1867900.0,-7.810514194131823,-2.295052023100897,0.965545963158172,21.91,88.8,125423450.0,-29.518781390660376,1.6,22,黃藍,1,True,False,False,True,C
2018-11-08,9945.31,2038400.0,-7.437582886851407,-2.1518649201811764,0.9719461069093956,19.39,84.0,124210907.0,-30.039039125183127,0.4,22,黃藍,1,True,False,False,True,C
2018-11-09,9830.01,1597500.0,-8.477620220035373,-2.428439330394712,0.9158242992579536,20.7,86.0,124526878.0,-29.50259325491551,0.8,22,黃藍,1,True,False,False,True,C
2018-11-12,9831.21,1553300.0,-8.433881761467616,-2.3790287482685417,0.8927486145225194,20.45,85.6,124591273.0,-29.164345039809668,1.2,22,黃藍,1,True,False,False,True,C
2018-11-13,9775.84,1893900.0,-8.913464642089941,-2.4841413143123656,0.8851180808432898,21.16,88.0,123935723.0,-29.51056135616395,0.4,22,黃藍,1,True,False,False,True,C
2018-11-14,9791.88,1936800.0,-8.729072779591055,-2.3960591191684917,0.8928185217354724,20.4,84.8,124096468.0,-28.727501407241164,0.8,22,黃藍,1,True,False,False,True,C
2018-11-15,9826.46,1981500.0,-8.37543002089759,-2.258742071150018,0.8871205204150058,20.45,85.0,124486574.0,-28.350259585077016,1.6,22,黃藍,1,True,False,False,True,C
2018-11-16,9797.09,2128300.0,-8.61739642767353,-2.2927981257418035,0.9388059160324216,20.88,86.2,124280621.0,-28.468798303860257,1.6,22,黃藍,1,True,False,False,True,C
2018-11-19,9828.69,1612100.0,-8.293384227417159,-2.168882052979247,0.9471688104368432,20.61,84.8,123989298.0,-28.614589547110867,0.8,22,黃藍,1,True,False,False,True,C
2018-11-20,9743.99,1494300.0,-9.051662378830205,-2.344739754220815,0.909458999575228,21.66,88.0,124609976.0,-28.187324745140447,3.5999999999999996,22,黃藍,1,True,False,False,True,C
2018-11-21,9741.52,1656500.0,-9.04452343368295,-2.304340391818562,0.882004433531815,20.79,84.8,124819667.0,-27.805918493763464,4.3999999999999995,22,黃藍,1,True,False,False,True,C
2018-11-22,9714.71,1653700.0,-9.263996421605162,-2.325070976394122,0.8514425452235541,19.85,81.6,125098160.0,-27.644841743407163,5.2,22,黃藍,1,True,False,False,True,C
2018-11-23,9667.3,1478500.0,-9.671903139232557,-2.396768613212003,0.7889505026019048,21.05,86.8,124905978.0,-27.75599732734276,4.8,22,黃藍,1,True,False,False,True,C
2018-11-26,9765.36,1721700.0,-8.724987745764858,-2.110888175645183,0.8011977546271196,19.69,80.0,124800348.0,-27.81709235357371,4.0,22,黃藍,2,True,False,False,True,C
2018-11-27,9778.62,1887000.0,-8.566843434456386,-2.0433574760785587,0.84187204094369,18.97,76.8,125510561.0,-27.369946925960488,7.6,22,黃藍,2,True,False,False,True,C
2018-11-28,9884.31,2320700.0,-7.546164183344485,-1.7514102834420124,0.90526303520928,18.66,76.4,125488527.0,-27.382697491145464,7.6,22,黃藍,2,True,False,False,True,C
2018-11-29,9885.36,2548900.0,-7.502801210972447,-1.7195979518044195,0.987333738794722,19.17,78.8,125189447.0,-27.55576815627765,6.4,22,黃藍,2,True,False,False,True,C
2018-11-30,9888.03,3655700.0,-7.444352105821996,-1.6845789461198166,1.1860091193877402,19.72,80.2,125598992.0,-27.045477391450145,8.799999999999999,22,黃藍,2,True,False,False,True,C
2018-12-03,10137.87,3055000.0,-5.083969631858628,-1.0425257117928228,1.3055191133227777,17.34,69.6,125632511.0,-25.582152820922328,9.2,22,黃藍,2,True,False,False,True,C
2018-12-04,10083.54,2576200.0,-5.570584997396482,-1.1530242536018331,1.371389545251625,17.43,69.6,126123265.0,-23.325031186851707,9.6,22,黃藍,2,True,False,False,True,C
2018-12-05,9916.74,2025400.0,-7.104891476015494,-1.537866917520056,1.34904706251617,19.1,76.4,127197762.0,-22.20599901991289,10.8,22,黃藍,2,True,False,False,True,C
2018-12-06,9684.72,2658000.0,-9.248561423951765,-2.0683040350395907,1.3535254365921991,21.92,88.8,127551662.0,-21.437310528494457,11.6,22,黃藍,2,True,False,False,True,C
2018-12-07,9760.88,1716300.0,-8.506108593847834,-1.8444327534805032,1.167719768220598,21.53,87.2,128286154.0,-20.634818487706035,12.4,22,黃藍,2,True,False,False,True,C
2018-12-10,9647.54,1868800.0,-9.534464022160687,-2.0778409213793685,1.052099527779058,22.74,91.2,128275862.0,-20.641185709909333,12.4,22,黃藍,2,True,False,False,True,C
2018-12-11,9707.04,1768400.0,-8.947164614571012,-1.8974249406561845,0.9761013098936152,21.62,86.8,128628074.0,-20.42328714144178,13.6,22,黃藍,2,True,False,False,True,C
2018-12-12,9816.45,1860200.0,-7.900934815573939,-1.6025380938984313,0.9587758531101432,19.72,78.4,129001297.0,-20.000080247174697,14.000000000000002,22,黃藍,2,True,False,False,True,C
2018-12-13,9858.76,2034600.0,-7.486722271374678,-1.4760741068617012,0.8975308512178335,19.46,76.8,128232547.0,-20.145835356425156,12.0,22,黃藍,2,True,False,False,True,C
2018-12-14,9774.16,1837600.0,-8.259093778752463,-1.649997691515142,0.9104927349392616,20.15,80.0,128507471.0,-19.7048149448232,14.000000000000002,22,黃藍,2,True,False,False,True,C
2018-12-17,9787.53,1597900.0,-8.109950645914223,-1.5900956611266,0.8877119694817607,20.0,79.60000000000001,128884742.0,-19.46908511117834,14.8,22,黃藍,2,True,False,False,True,C
2018-12-18,9718.82,1881600.0,-8.730202092899274,-1.7233148427460807,0.9035858879382432,20.47,81.6,129101367.0,-19.333731545138765,15.6,22,黃藍,2,True,False,False,True,C
2018-12-19,9783.21,1782800.0,-8.101780529376038,-1.5464948910746392,0.8974933167394695,19.7,76.4,129080270.0,-19.346913560985215,15.6,22,黃藍,2,True,False,False,True,C
2018-12-20,9674.52,1696500.0,-9.09326163569548,-1.7745971612894087,0.8653984265602404,20.82,82.8,128632850.0,-19.62647451894218,14.8,22,黃藍,2,True,False,False,True,C
2018-12-21,9676.67,2087300.0,-9.045205155371391,-1.7424814087695202,0.8899823976427435,20.13,78.8,128537651.0,-19.685957607844205,14.4,22,黃藍,2,True,False,False,True,C
2018-12-24,9639.7,1385100.0,-9.363161769458552,-1.8013198182100063,0.8748389588716845,20.49,80.80000000000001,128021176.0,-20.00866612726852,12.0,22,黃藍,2,True,False,False,True,C
2018-12-25,9527.09,1458500.0,-10.390283789738348,-2.0262000935780304,0.834231441643625,21.83,87.6,127358796.0,-20.422540311103695,11.6,17,黃藍,3,True,True,True,True,C
2018-12-26,9478.99,1299700.0,-10.808288417322336,-2.0991962273577873,0.7895924259050515,22.91,91.6,127307407.0,-19.97720482471288,11.6,17,黃藍,3,True,True,True,True,C
2018-12-27,9641.56,1511100.0,-9.249656109022888,-1.6990753453868364,0.7723106620810399,20.38,78.0,126705283.0,-19.734754505711056,10.8,17,黃藍,3,True,True,True,True,C
2018-12-28,9727.41,1411300.0,-8.413674922287464,-1.480335909632924,0.707594833183394,20.37,77.60000000000001,126372734.0,-17.839743935485913,10.0,17,黃藍,3,True,True,True,True,C
2019-01-02,9554.14,1239100.0,-10.012243354704047,-1.8473582002582272,0.7017381956839202,21.4,85.2,119075643.0,-22.179937729647182,0.4,17,黃藍,3,True,True,True,True,C
2019-01-03,9492.42,1560800.0,-10.5622469827749,-1.956165264373163,0.7135344954603883,21.03,82.8,127018341.0,-15.858855978031125,12.0,17,黃藍,3,True,True,True,True,C
2019-01-04,9382.51,1842100.0,-11.561018292805985,-2.1648325256882055,0.7703139970145632,20.45,78.0,126154638.0,-9.293875220585194,10.4,17,黃藍,3,True,True,True,True,C
2019-01-07,9590.3,1722300.0,-9.569078853285191,-1.6721125728848094,0.809870456764674,18.46,64.8,126066869.0,-7.720392153641992,10.0,17,黃藍,3,True,True,True,True,C
2019-01-08,9563.6,1423100.0,-9.784119915450422,-1.7059944710674202,0.8203653372100372,17.94,61.4,126038300.0,-7.488632688578001,10.0,17,黃藍,3,True,True,True,True,C
2019-01-09,9738.31,2281800.0,-8.102316473022652,-1.2978605140683088,0.928276636620957,16.74,54.0,124940383.0,-8.286545104845686,6.0,17,黃藍,3,True,True,True,True,C
2019-01-10,9720.69,1609200.0,-8.231149898643581,-1.3160342071301587,0.9356565939542648,16.69,52.8,125281153.0,-7.760183337023113,7.6,17,黃藍,3,True,True,True,True,C
2019-01-11,9759.4,1618600.0,-7.827793357517396,-1.211545477572184,0.9140143588082787,16.6,52.400000000000006,124525973.0,-5.610985681179026,3.2,17,黃藍,3,True,True,True,True,C
2019-01-14,9708.22,1356000.0,-8.270561318908678,-1.30660560981676,0.8773060680151145,16.79,54.2,124995301.0,-4.650698195955429,6.800000000000001,17,黃藍,3,True,True,True,True,C
2019-01-15,9806.04,1709500.0,-7.307419547809578,-1.0721482155312427,0.9133191263126036,15.91,45.4,124530658.0,-4.960698674759386,4.0,17,黃藍,3,True,True,True,True,C
2019-01-16,9763.81,1796800.0,-7.666416715561988,-1.148479537571253,0.8592594952842213,15.98,45.6,124322679.0,-5.119424077545921,2.8000000000000003,17,黃藍,3,True,True,True,True,C
2019-01-17,9789.15,1634200.0,-7.390282950449624,-1.0723359270482324,0.8625033545812287,15.8,43.2,124008718.0,-4.987897343422348,1.6,17,黃藍,3,True,True,True,True,C
2019-01-18,9836.06,1545600.0,-6.912183257244137,-0.9486617038331446,0.8592316123213407,14.9,36.0,123090810.0,-4.655688115215697,0.8,17,黃藍,3,True,True,True,True,C
2019-01-21,9889.4,1593600.0,-6.372126344092647,-0.8112440195614773,0.8914693627055137,15.46,40.0,122724174.0,-4.93967891137822,0.8,17,黃藍,3,True,True,True,True,C
2019-01-22,9894.66,1408000.0,-6.284649351573944,-0.7823311136970702,0.8655265344277205,15.68,42.8,122647304.0,-4.999221270832864,0.8,17,黃藍,3,True,True,True,True,C
2019-01-23,9846.4,1140300.0,-6.701449965061354,-0.8721127114480286,0.798980772168751,15.05,38.0,122237884.0,-5.31635191748202,0.8,17,黃藍,3,True,True,True,True,C
2019-01-24,9877.12,1452000.0,-6.370347644410261,-0.7839390378322605,0.7806571537914822,14.47,32.0,122231661.0,-5.321172160787422,0.8,17,黃藍,3,True,True,True,True,C
2019-01-25,9969.61,1944600.0,-5.4540884713731455,-0.5584270621092798,0.8262931896714721,13.99,24.4,120976403.0,-6.293476350254293,0.8,16,藍,4,True,True,True,True,C
2019-01-28,10013.33,1656900.0,-4.998480310404138,-0.4428392189612625,0.8357912482591805,14.64,34.2,120573578.0,-6.6054986079272116,0.8,16,藍,4,True,True,True,True,C
2019-01-29,9931.59,1647200.0,-5.727484259465968,-0.6119163585450722,0.8667879597429815,15.24,40.8,120037871.0,-7.020449287729076,0.8,16,藍,4,True,True,True,True,C
2019-01-30,9932.26,1981800.0,-5.6738189479409655,-0.5963219667219019,0.9586278345260594,15.76,45.6,118039417.0,-8.568422052417151,0.4,16,藍,4,True,True,True,True,C
2019-02-11,10004.25,2320500.0,-4.948684859771047,-0.4136706439906322,1.05126441209653,14.75,36.0,117994811.0,-8.60297319702277,0.4,16,藍,4,True,True,True,True,C
2019-02-12,10097.74,2264900.0,-4.021463550874897,-0.1802702142666384,1.0825772253701331,14.13,27.800000000000004,119075643.0,-7.7657767946020275,1.4,16,藍,4,True,True,True,True,C
2019-02-13,10090.58,2455200.0,-4.05097754490989,-0.181281632415077,1.1656858175037874,14.45,32.6,119846698.0,-7.16852905205876,2.0,16,藍,4,True,True,True,True,C
2019-02-14,10089.01,2140200.0,-4.024554195209566,-0.1675362101483092,1.2135514293867975,14.24,30.4,119917061.0,-7.114026918088327,2.4,16,藍,4,True,True,True,True,C
2019-02-15,10064.78,2137700.0,-4.218167284114041,-0.2075106287325191,1.2240197037054394,15.3,42.8,120189658.0,-6.902877333591673,3.2,16,藍,4,True,True,True,True,C
2019-02-18,10145.28,1911900.0,-3.4168461245426887,-0.0004022844501121,1.1796410045241612,14.95,39.4,120571480.0,-6.607123687543913,3.5999999999999996,16,藍,4,True,True,True,True,C
2019-02-19,10152.26,1765600.0,-3.3132839501879756,0.0277799094406625,1.127392932270981,14.84,38.0,120720422.0,-6.4917554281202925,4.3999999999999995,16,藍,4,True,True,True,True,C
2019-02-20,10272.46,2246700.0,-2.1367103720755005,0.3278752163326972,1.1021760795996252,13.96,24.0,121171342.0,-6.142479498299968,5.2,16,藍,4,True,True,True,True,C
2019-02-21,10319.53,2282400.0,-1.6648007919805026,0.4492874412234305,1.1159902903892835,13.27,14.2,121576261.0,-5.828835259350894,5.6000000000000005,16,藍,4,True,True,True,True,C
2019-02-22,10322.92,2188700.0,-1.6294572511946523,0.4635736759060533,1.1157087327581736,13.05,9.0,121952954.0,-5.537054460469036,6.0,16,藍,4,True,True,True,True,C
2019-02-25,10390.93,2325300.0,-0.975304994017398,0.6314000552440381,1.151519563627066,12.71,2.4,121248857.0,-6.082437531432181,5.6000000000000005,20,黃藍,5,True,True,True,True,C
2019-02-26,10391.55,2295000.0,-0.9642255397957944,0.6372069165539853,1.2011112670722244,13.29,16.400000000000002,121157778.0,-6.1529859710935515,5.2,20,黃藍,5,True,True,True,True,C
2019-02-27,10389.17,2510800.0,-0.9875654463484518,0.6376917647395874,1.2198589017043244,12.77,3.2,121259651.0,-6.07407665946713,6.4,20,黃藍,5,True,True,True,True,C
2019-03-04,10349.88,2273800.0,-1.3593352047612817,0.5514025199580614,1.2105195839152167,13.51,20.4,122488179.0,-5.122477130703039,8.4,20,黃藍,5,True,True,True,True,C
2019-03-05,10305.26,1773500.0,-1.7692680491132289,0.4552322744734826,1.1666415899071407,13.77,23.6,123914923.0,-4.017342434491805,10.0,20,黃藍,5,True,True,True,True,C
2019-03-06,10357.15,1865800.0,-1.2631566439802469,0.5862809613292541,1.1188918493620774,13.39,20.0,124083722.0,-3.886593238009633,11.6,20,黃藍,5,True,True,True,True,C
2019-03-07,10311.68,2007700.0,-1.6785273897168138,0.489120103270065,1.0918749089589617,14.16,33.2,123356125.0,-4.450179059684163,10.0,20,黃藍,5,True,True,True,True,C
2019-03-08,10241.75,1780600.0,-2.323143102747292,0.3373268911710799,1.022295829389047,14.21,35.0,123601778.0,-4.259899897109533,10.4,20,黃藍,5,True,True,True,True,C
2019-03-11,10250.28,1774800.0,-2.2207090789477872,0.3736394200408358,0.9859987196074176,14.13,32.4,124643124.0,-3.4532887633947364,16.8,20,黃藍,5,True,True,True,True,C
2019-03-12,10343.33,1970500.0,-1.316427576997147,0.6079873641624134,1.0169539203912277,12.71,2.6,124970016.0,-3.200083078903418,19.2,20,黃藍,5,True,True,True,True,C
2019-03-13,10373.32,1810600.0,-1.0180280906311865,0.6906711371230965,1.0180086938522046,12.78,4.8,125528977.0,-2.7671201963337846,23.6,20,黃藍,5,True,True,True,True,C
2019-03-14,10348.65,2101900.0,-1.2423372617646542,0.6425521821985812,1.0275576942443203,12.86,7.6,125814296.0,-2.54611633972861,24.8,20,黃藍,5,True,True,True,True,C
2019-03-15,10439.24,2821000.0,-0.3647073721179117,0.8651413107502488,1.139141360839162,11.66,0.4,126437104.0,-2.0636985199389875,27.200000000000003,20,黃藍,5,True,True,True,True,C
2019-03-18,10512.7,2211800.0,0.3453287409642832,1.0431839116235757,1.1813444586938524,12.54,1.6,126556329.0,-1.9713486070213335,27.6,20,黃藍,5,False,True,False,True,C
2019-03-19,10512.32,2284300.0,0.353614676616102,1.0464976751915804,1.2107679162028189,12.46,1.6,126759362.0,-1.814082262970926,29.2,20,黃藍,5,False,True,False,True,C
2019-03-20,10551.56,2260000.0,0.7402613721507982,1.139592623976838,1.2536843997928238,12.75,4.6,127464001.0,-1.2682793668637142,31.6,20,黃藍,5,False,True,False,True,C
2019-03-21,10609.55,2137700.0,1.3091043572187884,1.272631178793142,1.254413454880321,12.41,1.6,128007132.0,-0.8475781670073254,32.4,20,黃藍,5,False,True,False,True,C
2019-03-22,10639.07,2427100.0,1.6087057391894466,1.339598972924177,1.2080039907913025,11.99,0.8,128253960.0,-0.6563888668971259,33.6,20,黃藍,5,False,True,False,True,C
2019-03-25,10479.48,2215900.0,0.1059272611510844,0.9735638504248644,1.2043900415820314,14.27,40.400000000000006,127728328.0,-1.0635356014471946,32.4,17,黃藍,6,False,True,False,True,C
2019-03-26,10559.2,1978500.0,0.8851612377656329,1.1581543092770157,1.1679294245251188,13.42,24.0,128200743.0,-0.6976099641144775,33.6,17,黃藍,6,False,True,False,True,C
2019-03-27,10542.7,1974900.0,0.7461897696807034,1.1236162090439803,1.1367747731687363,13.35,23.200000000000003,128258664.0,-0.6365078102176266,34.8,17,黃藍,6,False,True,False,True,C
2019-03-28,10536.26,1931300.0,0.7043052425249241,1.111984963380923,1.1134571248268106,13.6,26.4,127979459.0,-0.507950340834398,32.800000000000004,17,黃藍,6,False,True,False,True,C
2019-03-29,10641.04,2220600.0,1.720161086504375,1.3495109449018126,1.0865974696382028,13.39,24.2,127909569.0,-0.4886365941135799,32.800000000000004,17,黃藍,6,False,True,False,True,C
2019-04-01,10642.63,2667600.0,1.7496947737654371,1.351645976278581,1.128406829370483,13.64,27.6,127418554.0,-0.6550122804959204,31.6,17,黃藍,6,False,True,False,True,C
2019-04-02,10690.3,2311900.0,2.2177821279153087,1.4557638529067678,1.1539932185074482,13.32,22.4,127734751.0,-0.4084815665942068,33.2,17,黃藍,6,False,True,False,True,C
2019-04-03,10704.38,2223400.0,2.3570680187070847,1.4829884811569147,1.1720509187936592,13.06,15.0,127787820.0,-0.367105024577521,33.6,17,黃藍,6,False,True,False,True,C
2019-04-08,10800.57,2775100.0,3.278412415203127,1.6894272572111,1.2433689993553103,13.75,30.4,128076914.0,-0.1417058265942954,35.6,17,黃藍,6,False,True,False,True,C
2019-04-09,10851.6,2515400.0,3.771743109268804,1.7916576888808575,1.262646186394285,13.13,16.8,127567575.0,-0.5388244181305366,32.800000000000004,17,黃藍,6,False,True,False,True,C
2019-04-10,10868.14,2380600.0,3.9298133257549153,1.815142413721272,1.2236512016654315,13.12,16.8,128343405.0,0.0,39.6,17,黃藍,6,False,True,False,True,C
2019-04-11,10808.77,2465900.0,3.3635389142235677,1.6751045268351488,1.2265191451358828,13.43,27.0,129030084.0,0.0,42.4,17,黃藍,6,False,True,False,True,C
2019-04-12,10805.3,2240000.0,3.334344620617878,1.6598015469042748,1.2213070067025351,13.13,17.4,128860121.0,-0.1317235444099997,41.6,17,黃藍,6,False,True,False,True,C
2019-04-15,10875.6,2225000.0,4.007148824590115,1.7975190586096923,1.1633626682055451,12.88,10.4,129445534.0,0.0,44.0,17,黃藍,6,False,True,False,True,C
2019-04-16,10927.85,2542500.0,4.502583538616603,1.8903964944144216,1.158241174851686,12.66,4.3999999999999995,129466633.0,0.0,44.4,17,黃藍,6,False,True,False,True,C
2019-04-17,10997.26,2918400.0,5.16217584461141,2.012354580578512,1.1962245724568836,12.96,13.2,130416761.0,0.0,44.8,17,黃藍,6,False,True,False,True,C
2019-04-18,10962.02,2903900.0,4.823793609047468,1.9129762362123035,1.232339079429318,13.67,32.0,130100581.0,-0.242438163297124,44.8,17,黃藍,6,False,True,False,True,C
2019-04-19,10968.5,2135400.0,4.885979755251201,1.9011157512407608,1.217165348556562,12.91,12.6,130674861.0,0.0,46.0,17,黃藍,6,False,True,False,True,C
2019-04-22,10987.71,2117600.0,5.068371939858362,1.914845707649951,1.2021112067350288,13.49,29.6,131980219.0,0.0,48.0,17,黃藍,6,False,True,False,True,C
2019-04-23,11025.68,1997200.0,5.42902326505693,1.9543735019000477,1.1443344897533605,13.09,17.8,131904575.0,-0.0573146495536577,47.599999999999994,17,黃藍,6,False,True,False,True,C
2019-04-24,11027.64,2158600.0,5.444817246730255,1.9248641703872416,1.0685236216288971,13.3,25.6,132503286.0,0.0,48.8,17,黃藍,6,False,True,False,True,C
2019-04-25,11039.86,2203500.0,5.55240171263086,1.912903859881749,0.999169892682345,13.03,14.8,132786844.0,0.0,49.2,20,黃藍,7,False,True,False,True,C
2019-04-26,10952.47,2174600.0,4.712675490272436,1.7102440963950387,0.9986264959708986,13.57,32.4,132316669.0,-0.3540825173915572,48.8,20,黃藍,7,False,True,False,True,C
2019-04-29,10939.06,2124700.0,4.585753524011928,1.6574845093636217,0.994791281833108,14.4,48.8,131013850.0,-1.3352181184455292,46.8,20,黃藍,7,False,True,False,True,C
2019-04-30,10967.73,1865000.0,4.8523079880404705,1.685239885504629,0.9803832998432992,13.75,35.0,131269926.0,-1.1423707005190966,48.0,20,黃藍,7,False,True,False,True,C
2019-05-02,11004.49,1843600.0,5.191372593145218,1.72643132161627,0.9478410797038056,13.03,14.000000000000002,131702982.0,-0.8162420066252949,48.4,20,黃藍,7,False,True,False,True,C
2019-05-03,11096.3,1868300.0,6.048024449441159,1.8700140453786136,0.9115938339131698,12.41,2.1999999999999997,132380355.0,-0.3061214407656228,50.4,20,黃藍,7,False,True,False,True,C
2019-05-06,10897.12,2240200.0,4.131027799977793,1.4625926511396397,0.9121189393261726,16.45,67.60000000000001,130544088.0,-1.6889896110491187,46.0,20,黃藍,7,False,True,False,True,C
2019-05-07,10987.14,1781400.0,4.971239660818145,1.6051784192450496,0.8817227513130307,15.8,64.2,130428483.0,-1.776050193647196,45.6,20,黃藍,7,False,True,False,True,C
2019-05-08,10923.71,1846400.0,4.3504625872587015,1.4557944187263194,0.8787394207719779,16.28,67.0,130057325.0,-2.055564329851834,44.8,20,黃藍,7,False,True,False,True,C
2019-05-09,10733.67,2458000.0,2.532106202364084,1.0754319927558669,0.9293369757781472,18.33,75.2,128994871.0,-2.855684257395258,42.4,20,黃藍,7,False,True,False,True,C
2019-05-10,10712.99,2139200.0,2.3308805102407852,1.015662942160096,0.9528934537061065,18.6,75.6,127689677.0,-3.838608439251708,33.2,20,黃藍,7,False,True,False,True,C
2019-05-13,10558.29,2021900.0,0.8514806216442193,0.7094735006804119,0.935135217351626,19.48,78.0,126445334.0,-4.775706545145391,27.6,20,黃藍,7,False,True,False,True,C
2019-05-14,10519.25,2502400.0,0.4789638805822954,0.625021717155279,0.999129276282078,18.44,74.4,125360107.0,-5.592976515052952,22.0,20,黃藍,7,False,True,False,True,C
2019-05-15,10560.71,2024100.0,0.876689789220806,0.6907603264951202,1.0186506461617202,16.05,64.4,125546207.0,-5.452827088804069,24.4,20,黃藍,7,False,True,False,True,C
2019-05-16,10474.61,2169600.0,0.0625437588124335,0.5211775761160434,0.9920702242784848,16.31,65.60000000000001,125519463.0,-5.472967638269948,24.0,20,黃藍,7,False,True,False,True,C
2019-05-17,10384.11,2375500.0,-0.7898883251449905,0.3449768066653623,1.0118298400189716,16.65,67.60000000000001,125364160.0,-5.5899242548456085,22.4,20,黃藍,7,True,True,True,True,C
2019-05-20,10398.41,1909200.0,-0.6395275087665934,0.3628758662453866,1.0015711116127723,16.03,63.2,124751657.0,-6.051192089481395,17.2,20,黃藍,7,True,True,True,True,C
2019-05-21,10464.5,2268700.0,0.0070643816704982,0.4773264959282929,0.976520830493844,15.22,53.2,124666739.0,-6.115142701938153,17.2,20,黃藍,7,False,True,False,True,C
2019-05-22,10457.22,1664400.0,-0.0435883754743061,0.4560311620085708,0.948017130640528,14.76,48.8,124851732.0,-5.975826942614888,19.2,20,黃藍,7,True,True,True,True,C
2019-05-23,10308.37,1960700.0,-1.4450448670339209,0.1720741842663993,0.9312300818834722,16.32,65.2,124641311.0,-6.134292189367796,16.8,20,黃藍,7,True,True,True,True,C
2019-05-24,10328.28,1754200.0,-1.2331891644744637,0.2017144255863233,0.877293606930447,16.21,63.2,124607938.0,-6.159424950260886,16.400000000000002,20,黃藍,7,True,True,True,True,C
2019-05-27,10334.13,1661800.0,-1.1583551778846195,0.2042614753982022,0.8589432894574978,16.12,62.8,124510546.0,-6.232769565635583,14.8,21,黃藍,8,True,True,True,True,C
2019-05-28,10312.31,3192400.0,-1.3474836024490946,0.1559293002311872,0.937696145581828,16.02,61.6,124189163.0,-6.474798813653558,13.2,21,黃藍,8,True,True,True,True,C
2019-05-29,10301.78,1853800.0,-1.4231558334920875,0.1293218116001659,0.9598662823358228,16.11,62.4,124352051.0,-6.352130034809774,14.8,21,黃藍,8,True,True,True,True,C
2019-05-30,10382.99,1788400.0,-0.6249259663120785,0.2716803597156162,0.9475284819633488,15.69,54.6,124970860.0,-5.886113235735914,22.8,21,黃藍,8,True,True,True,True,C
2019-05-31,10498.49,2168100.0,0.4954344924177219,0.4763026697789256,0.9828005676826383,16.01,60.8,124168776.0,-6.490151991262026,13.2,21,黃藍,8,False,True,False,True,C
2019-06-03,10500.07,1635900.0,0.5273741950807694,0.4678055905975861,0.982147761603955,16.41,65.2,124516719.0,-6.228120761722449,16.400000000000002,21,黃藍,8,False,True,False,True,C
2019-06-04,10429.12,1621700.0,-0.1322724165832894,0.3256997583712724,0.8396352713049692,16.41,65.0,124624211.0,-6.147169971145636,19.2,21,黃藍,8,True,True,True,True,C
2019-06-05,10461.62,1703200.0,0.1991363037921217,0.3749835444006403,0.8261840035886268,15.93,58.8,124750138.0,-6.052336028108327,20.8,21,黃藍,8,False,True,False,True,C
2019-06-06,10409.2,1716000.0,-0.2817314112519062,0.266567191699423,0.8198483719097956,15.58,51.6,124629559.0,-6.143142463721783,19.6,21,黃藍,8,True,True,True,True,C
2019-06-10,10566.47,1819200.0,1.2347674080519857,0.5464355840469645,0.788429683041245,14.67,43.8,123970914.0,-6.6391592227314336,11.6,21,黃藍,8,False,True,False,True,C
2019-06-11,10607.76,2350800.0,1.640764734360855,0.6101742796931735,0.8512164768071565,14.19,37.8,123226975.0,-7.199409754779623,10.0,21,黃藍,8,False,True,False,True,C
2019-06-12,10615.66,2034500.0,1.7294604333877404,0.6134815315561134,0.8898268648436236,14.14,36.4,123556399.0,-6.95132493697945,10.8,21,黃藍,8,False,True,False,True,C
2019-06-13,10561.01,1685400.0,1.2270342042575435,0.5022788973280993,0.8960212176849279,14.45,42.2,124082780.0,-6.554914431131445,13.6,21,黃藍,8,False,True,False,True,C
2019-06-14,10524.67,1505300.0,0.9009772452447464,0.4256143762787983,0.8812068697343851,14.52,44.2,123951396.0,-6.653857968037857,12.4,21,黃藍,8,False,True,False,True,C
2019-06-17,10530.54,1444800.0,0.9832494660427324,0.4310691555605168,0.8516790531024836,14.47,43.0,124079252.0,-6.557571320845611,14.000000000000002,21,黃藍,8,False,True,False,True,C
2019-06-18,10566.74,1524200.0,1.3570239005416935,0.4916210869111956,0.7781421526111536,14.08,35.199999999999996,123767752.0,-6.792157813465316,11.6,21,黃藍,8,False,True,False,True,C
2019-06-19,10775.34,2370300.0,3.3730465432303487,0.865748564408203,0.8085423015493112,13.87,32.4,122504469.0,-7.7435193805796,8.799999999999999,21,黃藍,8,False,True,False,True,C
2019-06-20,10785.01,2079800.0,3.4802785059780392,0.8665758929135315,0.8482537550227366,13.44,26.0,122189072.0,-7.9810406518886765,7.6,21,黃藍,8,False,True,False,True,C
2019-06-21,10803.77,2780700.0,3.673846359397152,0.884985247193062,0.9651612536933518,14.38,42.2,122165289.0,-7.998951311773025,7.6,21,黃藍,8,False,True,False,True,C
2019-06-24,10779.45,1711700.0,3.4561062560016738,0.8226159594941469,0.9925048736101222,14.46,44.4,122376185.0,-7.84012834885962,9.2,21,黃藍,8,False,True,False,True,C
2019-06-25,10706.72,1790000.0,2.770200337003683,0.6725305580861143,1.0191985059035802,14.66,47.599999999999994,122692176.0,-7.602159744078262,10.8,18,黃藍,9,False,True,False,True,C
2019-06-26,10652.55,1555600.0,2.267317958980284,0.559791491098575,0.9446400975328662,15.06,52.400000000000006,123032151.0,-7.346129108995165,11.6,18,黃藍,9,False,True,False,True,C
2019-06-27,10773.9,2226300.0,3.437485549676029,0.769515309409166,0.9585504071622458,14.62,47.2,122526188.0,-7.727163091548436,10.4,18,黃藍,9,False,True,False,True,C
2019-06-28,10730.83,1693000.0,3.0317607082813676,0.6750381902729321,0.8616198765951524,14.88,50.4,122834550.0,-7.494939784847963,12.0,18,黃藍,9,False,True,False,True,C
2019-07-01,10895.46,2277900.0,4.61428351704642,0.9602054342370704,0.916215814007076,13.34,23.200000000000003,121849745.0,-8.236583286820192,7.199999999999999,18,黃藍,9,False,True,False,True,C
2019-07-02,10865.12,2034200.0,4.324338464351872,0.8856921325645468,0.9410863471804428,13.05,14.6,122489101.0,-7.755092816273275,10.4,18,黃藍,9,False,True,False,True,C
2019-07-03,10743.77,1875300.0,3.1608555980426667,0.6478713010755982,0.9788855850533188,13.63,29.2,123194236.0,-7.224065058734283,14.000000000000002,18,黃藍,9,False,True,False,True,C
2019-07-04,10775.9,1576600.0,3.468024974524792,0.6897081149903702,0.9229523022570384,12.86,10.6,124285598.0,-6.402174902206427,22.0,18,黃藍,9,False,True,False,True,C
2019-07-05,10785.73,1573800.0,3.5590417896138633,0.69055118516644,0.917338240928426,12.76,6.800000000000001,124489784.0,-6.24840515073918,23.6,18,黃藍,9,False,True,False,True,C
2019-07-08,10751.22,1628900.0,3.223851389176411,0.6105430761440284,0.8594702333947168,13.35,24.6,125226760.0,-5.693398361060528,34.8,18,黃藍,9,False,True,False,True,C
2019-07-09,10702.78,1723300.0,2.764066275046404,0.5044171632053417,0.832261701646811,12.83,9.6,125494017.0,-5.492130681259357,38.0,18,黃藍,9,False,True,False,True,C
2019-07-10,10798.48,2038800.0,3.682123748114652,0.6591114285107254,0.8498137398858644,12.17,1.2,125583255.0,-5.424926734458724,40.0,18,黃藍,9,False,True,False,True,C
2019-07-11,10843.42,2378800.0,4.108511342551183,0.7225517573725818,0.9308908799872476,12.14,1.2,125277428.0,-5.655240966492133,35.199999999999996,18,黃藍,9,False,True,False,True,C
2019-07-12,10824.35,2352200.0,3.921328798219041,0.671022442515931,1.0132047613883768,12.01,1.2,125600635.0,-5.411838088417856,41.2,18,黃藍,9,False,True,False,True,C
2019-07-15,10876.43,2211100.0,4.410722842222291,0.7456171073918268,1.0777107129732642,11.73,0.8,125877592.0,-5.203265468076039,42.4,18,黃藍,9,False,True,False,True,C
2019-07-16,10886.05,2352100.0,4.491938646178476,0.7419643855855751,1.1389482341176953,11.76,1.2,126377793.0,-4.826570770821242,44.8,18,黃藍,9,False,True,False,True,C
2019-07-17,10828.48,2420400.0,3.935023640426415,0.6158733930082033,1.1743204488934296,12.32,3.5999999999999996,126768617.0,-4.532246432485435,48.0,18,黃藍,9,False,True,False,True,C
2019-07-18,10799.28,2208600.0,3.653066274211547,0.5449474339024718,1.155218810014418,12.33,4.0,127188180.0,-4.216279136809668,48.8,18,黃藍,9,False,True,False,True,C
2019-07-19,10873.19,2136100.0,4.354598595788068,0.659212164812409,1.1338069636670265,11.58,0.4,127119539.0,-4.267971757804561,48.8,18,黃藍,9,False,True,False,True,C
2019-07-22,10944.53,2145600.0,5.030966531487955,0.7697603076906318,1.1277959457170346,12.26,3.5999999999999996,127715363.0,-3.523930722198169,53.2,18,黃藍,9,False,True,False,True,C
2019-07-23,10947.26,2326900.0,5.0538296012500785,0.7558873682412688,1.1238442883216242,12.06,2.8000000000000003,128379020.0,-3.022604826826458,60.4,18,黃藍,9,False,True,False,True,C
2019-07-24,10935.76,2400800.0,4.938705814509562,0.7172220317389741,1.119308605595379,12.17,3.8,128700183.0,-2.7799985881590965,62.4,18,黃藍,9,False,True,False,True,C
2019-07-25,10941.41,2543700.0,4.986377633185359,0.7087471249804421,1.1462754390809768,12.2,4.3999999999999995,129482225.0,-2.1892447712502356,66.4,21,黃藍,10,False,True,False,True,C
2019-07-26,10891.98,2243400.0,4.510094388716446,0.6035583732123587,1.1531097954932028,12.62,9.6,129917618.0,-1.8603492942740636,66.8,21,黃藍,10,False,True,False,True,C
2019-07-29,10885.73,2149500.0,4.448106331891816,0.5756852409685497,1.1508286002755972,13.41,29.6,130495176.0,-0.0374678016824477,68.8,21,黃藍,10,False,True,False,True,C
2019-07-30,10830.9,2415700.0,3.9260517910584056,0.4619404051291831,1.1579190212335893,13.49,31.0,129003243.0,-1.143285940317058,64.4,21,黃藍,10,False,True,False,True,C
2019-07-31,10823.81,2427500.0,3.8629273626664777,0.434825633171175,1.1544258642824243,13.52,31.6,129796712.0,-0.5352412414080349,67.2,21,黃藍,10,False,True,False,True,C
2019-08-01,10731.75,2335400.0,2.989961511566713,0.2574302917992285,1.129501681343513,13.71,34.0,130799045.0,0.0,71.6,21,黃藍,10,False,True,False,True,C
2019-08-02,10549.04,2828900.0,1.2527368417888287,-0.0799995715502632,1.1830833771935871,16.18,66.0,129602895.0,-0.9144944445121904,67.2,21,黃藍,10,False,True,False,True,C
2019-08-05,10423.41,2297300.0,0.0694638898964756,-0.3138862479910863,1.195933468538809,18.15,73.2,129421193.0,-1.0534113609162818,66.0,21,黃藍,10,False,True,False,True,C
2019-08-06,10394.75,2451800.0,-0.1795792871880363,-0.3728632103783783,1.19528024646418,18.17,73.2,128126758.0,-2.043047791365755,56.8,21,黃藍,10,True,True,True,True,C
2019-08-07,10386.18,2041200.0,-0.2370693460879519,-0.3942670341345416,1.162191305390444,17.59,71.6,128421288.0,-1.8178703063160744,61.2,21,黃藍,10,True,True,True,True,C
2019-08-08,10494.49,2086500.0,0.8250970037409858,-0.2067021098880458,1.1374189760926334,16.28,65.8,128672328.0,-1.6259422995022632,63.2,21,黃藍,10,False,True,False,True,C
2019-08-12,10472.36,2361300.0,0.6366858195887206,-0.2543438080267549,1.0902908257147754,15.75,56.8,128748368.0,-1.5678073184708647,64.0,21,黃藍,10,False,True,False,True,C
2019-08-13,10362.66,2269300.0,-0.3957901164268248,-0.4576234535343744,1.0885089373133845,16.57,68.0,128854834.0,-1.4864106997111486,64.4,21,黃藍,10,True,True,True,True,C
2019-08-14,10427.73,2618400.0,0.2521890461137512,-0.3468105758138893,1.098382682099118,15.99,61.6,129080105.0,-1.3141839070766916,67.2,21,黃藍,10,False,True,False,True,C
2019-08-15,10327.13,2414000.0,-0.6883611074753062,-0.5308591497625531,1.1330507282772475,17.55,71.2,128677966.0,-1.6216318704773418,63.6,21,黃藍,10,True,True,True,True,C
2019-08-16,10420.89,2566100.0,0.2349792032297485,-0.3671243373535906,1.17081647242044,16.99,69.6,129026207.0,-1.355390629954523,67.2,21,黃藍,10,False,True,False,True,C
2019-08-19,10488.75,2353800.0,0.9104721732870488,-0.2510167802325876,1.1664401271590514,16.04,62.0,129607698.0,-0.9108223993531452,71.2,21,黃藍,10,False,True,False,True,C
2019-08-20,10522.5,2290800.0,1.2548753175996554,-0.1969783503088051,1.1635264106997052,15.01,49.8,129604558.0,-0.9132230285014696,71.2,21,黃藍,10,False,True,False,True,C
2019-08-21,10525.8,2139300.0,1.304484306740222,-0.1965541146660584,1.1137831133665337,14.99,49.2,130061551.0,-0.563837450036428,73.2,21,黃藍,10,False,True,False,True,C
2019-08-22,10529.78,2281400.0,1.351339775085725,-0.1948279321665187,1.1092013853017515,15.01,49.6,130280535.0,-0.3964172674196513,74.0,21,黃藍,10,False,True,False,True,C
2019-08-23,10538.11,1896100.0,1.4426925561374593,-0.183665123401549,1.0449571290228532,14.42,40.8,130083737.0,-0.5468755524935216,73.6,21,黃藍,10,False,True,False,True,C
2019-08-26,10354.57,2015700.0,-0.3102105380590423,-0.5141553086149756,1.0109004401094326,17.92,71.6,130071651.0,-0.5561156811198431,73.6,22,黃藍,11,True,True,True,True,C
2019-08-27,10387.23,2298800.0,0.0156539760463565,-0.4562769302934395,1.0106142715570952,16.32,65.0,130642650.0,-0.1195689158128027,77.2,22,黃藍,11,False,True,False,True,C
2019-08-28,10434.29,1678300.0,0.478714128839355,-0.3722665362248217,0.9664668695522026,16.01,59.8,131054227.0,0.0,79.60000000000001,22,黃藍,11,False,True,False,True,C
2019-08-29,10462.43,2063000.0,0.75887634482485,-0.3226875985070596,0.9424192349395594,15.63,52.400000000000006,131402403.0,0.0,80.80000000000001,22,黃藍,11,False,True,False,True,C
2019-08-30,10618.05,2823700.0,2.2644419114161587,-0.0462156362879367,1.021230460912438,14.41,39.6,130833784.0,-0.4327310513491904,78.8,22,黃藍,11,False,True,False,True,C
2019-09-02,10634.85,2078600.0,2.432928775059777,-0.0201119631863564,1.0242296367075523,13.78,32.800000000000004,131530592.0,0.0,81.6,22,黃藍,11,False,True,False,True,C
2019-09-03,10558.21,1997000.0,1.7066945544382497,-0.1615273658860989,0.9946011966010362,14.5,42.8,132154602.0,0.0,83.6,22,黃藍,11,False,True,False,True,C
2019-09-04,10657.31,2090600.0,2.667334400133149,0.0123096032762348,1.0352380305666324,13.52,28.199999999999996,132678842.0,0.0,85.2,22,黃藍,11,False,True,False,True,C
2019-09-05,10756.93,2805200.0,3.632826565866936,0.184969449900172,1.0981481998715192,13.65,30.8,131569160.0,-0.836366961960672,82.0,22,黃藍,11,False,True,False,True,C
2019-09-06,10780.64,2376200.0,3.869612073151684,0.2198364385555136,1.050852898868358,13.24,20.4,131919218.0,-0.5725283613795785,83.2,22,黃藍,11,False,True,False,True,C
2019-09-10,10753.58,2275000.0,3.62271090428278,0.1640220956486907,1.0627281814604077,13.45,27.200000000000003,131708296.0,-0.7315002040792609,83.2,22,黃藍,11,False,True,False,True,C
2019-09-11,10790.35,2151800.0,3.989191673534207,0.223771209844319,1.0711690903971745,13.38,24.2,131628692.0,-0.7914977129510973,82.8,22,黃藍,11,False,True,False,True,C
2019-09-12,10827.55,2035900.0,4.357206641107561,0.2841675155348894,1.0620141369613132,13.35,23.200000000000003,132059028.0,-0.4671536099176988,85.6,22,黃藍,11,False,True,False,True,C
2019-09-16,10898.13,2107200.0,5.040141375519802,0.4030622776698974,1.0003526090403474,13.88,34.4,131860469.0,-0.6168074635441875,84.0,22,黃藍,11,False,True,False,True,C
2019-09-17,10874.5,2104900.0,4.81832241972934,0.3542517648133806,0.97537233880547,13.61,29.6,132218739.0,-0.34677948123786,86.8,22,黃藍,11,False,True,False,True,C
2019-09-18,10929.45,2121900.0,5.3506483327547265,0.4468560705514163,0.9662302599155758,13.64,30.6,131865627.0,-0.612919880624222,84.39999999999999,22,黃藍,11,False,True,False,True,C
2019-09-19,10894.7,1876200.0,5.0168862742201865,0.3787598166183377,0.9397383170141328,13.7,31.6,131589999.0,-0.8206606144482329,82.39999999999999,22,黃藍,11,False,True,False,True,C
2019-09-20,10929.69,2822000.0,5.350804823359975,0.4359283266823461,1.0039182617386708,13.7,31.4,131569551.0,-0.8360722653880261,82.39999999999999,22,黃藍,11,False,True,False,True,C
2019-09-23,10919.02,1996500.0,5.240117026564456,0.4121430680550091,0.9905328824750248,14.74,45.2,133103310.0,0.0,90.4,22,黃藍,11,False,True,False,True,C
2019-09-24,10918.01,2057900.0,5.223660076701927,0.4061377842632572,0.9875270731076068,14.65,44.0,133203290.0,0.0,90.8,22,黃藍,11,False,True,False,True,C
2019-09-25,10873.69,1969200.0,4.790415814673367,0.3209014320524051,0.9716293203965612,14.61,42.8,133538252.0,0.0,91.2,20,黃藍,12,False,True,False,True,C
2019-09-26,10871.99,1930900.0,4.7681864903187945,0.3132843060776031,0.9791521858631014,14.55,42.4,133419320.0,-0.08906212131637,91.2,20,黃藍,12,False,True,False,True,C
2019-09-27,10829.68,2084900.0,4.362012332357958,0.2332754338029352,0.911829285183932,14.5,41.8,132651055.0,-0.6643766761302222,89.60000000000001,20,黃藍,12,False,True,False,True,C
2019-10-01,10967.65,2028800.0,5.685918915468428,0.4740778852316784,0.9137013931518736,13.62,28.000000000000004,133218927.0,-0.239126239274122,91.6,20,黃藍,12,False,True,False,True,C
2019-10-02,10947.88,1628000.0,5.487781600204735,0.434047542451252,0.8743612414699948,14.69,46.0,134260359.0,0.0,92.8,20,黃藍,12,False,True,False,True,C
2019-10-03,10875.91,1753500.0,4.793565200977954,0.3017734071820615,0.8536413630405104,15.54,52.8,135733969.0,0.0,93.2,20,黃藍,12,False,True,False,True,C
2019-10-04,10894.48,1759200.0,4.969942650357346,0.3319729875962798,0.8372686354486305,14.46,41.0,136421668.0,0.0,94.8,20,黃藍,12,False,True,False,True,C
2019-10-07,10935.06,1617600.0,5.362453697189349,0.4011453232764649,0.7956248825749087,14.43,40.0,137148470.0,0.0,95.6,20,黃藍,12,False,True,False,True,C
2019-10-08,11017.31,1872400.0,6.1533826410994505,0.5448110641195283,0.7824461016477934,14.07,34.8,136410033.0,-0.5384216098072403,94.8,20,黃藍,12,False,True,False,True,C
2019-10-09,10889.96,1941600.0,4.929753193830602,0.3165762078860343,0.8135637928956542,15.15,52.400000000000006,137093776.0,-0.03987940951875,96.0,20,黃藍,12,False,True,False,True,C
2019-10-14,11066.95,2395500.0,6.633786530740086,0.6295799971618965,0.8716733221692645,13.27,18.6,136214303.0,-0.6811355606081497,94.0,20,黃藍,12,False,True,False,True,C
2019-10-15,11111.8,2031800.0,7.061579776537559,0.704624643484956,0.8976802029262844,12.7,8.4,137076570.0,-0.0524249377335379,96.4,20,黃藍,12,False,True,False,True,C
2019-10-16,11162.83,2346500.0,7.548648926571072,0.789621003123164,0.964089535998106,12.92,14.000000000000002,137769752.0,0.0,97.6,20,黃藍,12,False,True,False,True,C
2019-10-17,11186.88,2151300.0,7.76925993840529,0.8267401442286598,0.9915098428340062,12.54,7.4,138683880.0,0.0,98.0,20,黃藍,12,False,True,False,True,C
2019-10-18,11180.22,2561700.0,7.691975509038016,0.8100524562909884,1.0452831991482527,12.49,7.199999999999999,139116681.0,0.0,98.8,20,黃藍,12,False,True,False,True,C
2019-10-21,11184.15,1760000.0,7.710523114564709,0.8131986438199527,0.990277883401524,13.02,15.6,140080266.0,0.0,99.2,20,黃藍,12,False,True,False,True,C
2019-10-22,11271.25,2112800.0,8.517826330802166,0.9619276634598772,0.997918777555659,12.06,3.0,140568400.0,0.0,99.6,20,黃藍,12,False,True,False,True,C
2019-10-23,11239.67,2304700.0,8.181126841771823,0.9013372976643692,0.9942711067491384,12.16,4.0,140614493.0,0.0,100.0,20,黃藍,12,False,True,False,True,bull
2019-10-24,11320.14,2106800.0,8.91986300560053,1.0374945037566004,0.9924282282969232,11.56,0.4,140732136.0,0.0,100.0,20,黃藍,12,False,True,False,True,bull
2019-10-25,11296.12,1966200.0,8.62645480347985,0.995728536778138,0.9420874260440002,11.84,2.4,140689088.0,-0.0305886069973385,99.6,19,黃藍,13,False,True,False,True,bull
2019-10-28,11315.02,1737800.0,8.755107674844092,1.0269500026060023,0.9437014221689826,11.99,3.0,140954603.0,0.0,100.0,19,黃藍,13,False,True,False,True,bull
2019-10-29,11333.87,2228000.0,8.87631244291926,1.0596728627709482,0.9537545604593194,12.14,5.0,140688756.0,-0.1886046956550968,98.8,19,黃藍,13,False,True,False,True,bull
2019-10-30,11380.28,1993100.0,9.263395839918353,1.1386342349146974,0.9280360906521696,12.19,6.800000000000001,141418328.0,0.0,100.0,19,黃藍,13,False,True,False,True,bull
2019-10-31,11358.71,2507400.0,8.998550523126555,1.0965544563465286,0.964500911803522,12.25,7.6,140739443.0,-0.4800544664903688,99.2,19,黃藍,13,False,True,False,True,bull
2019-11-01,11399.53,1920500.0,9.329587268472002,1.166161355756009,0.9633552527847596,11.93,2.8000000000000003,141078964.0,-0.2399717241742527,99.6,19,黃藍,13,False,True,False,True,bull
2019-11-04,11556.85,2378900.0,10.768809927667226,1.4426426967158998,1.0263858382040878,13.05,20.8,141395891.0,-0.0158656945795597,99.6,19,黃藍,13,False,True,False,True,bull
2019-11-05,11644.03,2333100.0,11.533003971461262,1.5913983663724254,1.0358800514233697,14.1,42.0,140896818.0,-0.3687711539058784,98.4,19,黃藍,13,False,True,False,True,bull
2019-11-06,11653.07,2666600.0,11.53934252970982,1.6007180859067227,1.0967198571952743,14.35,45.6,141365906.0,-0.0370687454316388,99.2,19,黃藍,13,False,True,False,True,bull
2019-11-07,11606.56,2358500.0,11.015652076753566,1.513043131658362,1.0802350875323454,13.3,25.8,141301935.0,-0.0823040419485089,98.8,19,黃藍,13,False,True,False,True,bull
2019-11-08,11579.54,2109500.0,10.67003685798871,1.465748431590619,1.0975535751372143,13.36,28.4,141740475.0,0.0,100.0,19,黃藍,13,False,True,False,True,bull
2019-11-11,11427.28,2387200.0,9.133970324187429,1.1897529054128375,1.0981029659682469,14.49,51.2,140637625.0,-0.7780769748372862,95.2,19,黃藍,13,False,True,False,True,bull
2019-11-12,11520.37,2003100.0,9.938841879519291,1.360987080744437,1.0697336239610034,13.68,37.6,141094907.0,-0.4554577653277937,98.0,19,黃藍,13,False,True,False,True,bull
2019-11-13,11467.83,1957000.0,9.356398682874763,1.2616641000711897,1.0090311144283248,14.07,42.6,141806669.0,0.0,100.0,19,黃藍,13,False,True,False,True,bull
2019-11-14,11450.42,2312000.0,9.121771251921478,1.221400431533266,1.0054901960784313,13.82,40.8,140845884.0,-0.6775316046666324,96.0,19,黃藍,13,False,True,False,True,bull
2019-11-15,11525.6,2446300.0,9.767899217114213,1.3539712666387136,1.037904925381736,13.15,23.6,140487539.0,-0.9302312855257888,92.8,19,黃藍,13,False,True,False,True,bull
2019-11-18,11599.78,1943800.0,10.403164254292111,1.481230660251159,0.9996577862992636,13.57,34.599999999999994,140452228.0,-0.9551320890274914,92.4,19,黃藍,13,False,True,False,True,bull
2019-11-19,11656.4,1908800.0,10.86749168830511,1.5732839004800043,0.9937825312166458,13.56,34.4,139997884.0,-1.275528868109863,91.6,19,黃藍,13,False,True,False,True,bull
2019-11-20,11631.2,1896800.0,10.551836727065268,1.5125266171676983,0.9900028029524434,13.69,39.2,139921031.0,-1.3297244856657624,91.2,19,黃藍,13,False,True,False,True,bull
2019-11-21,11558.27,1861200.0,9.789784735168965,1.3615097929490632,0.9506662307840764,14.28,49.2,139881730.0,-1.357438979121638,90.8,19,黃藍,13,False,True,False,True,bull
2019-11-22,11566.8,1840600.0,9.803161059741404,1.365113851326357,0.8938009299393175,13.46,32.4,139928780.0,-1.324260003596869,91.2,19,黃藍,13,False,True,False,True,bull
2019-11-25,11561.58,2150400.0,9.681491251624204,1.3424164373812135,0.9123705861930788,13.93,44.0,140170055.0,-1.1541163836236783,92.0,19,黃藍,14,False,True,False,True,bull
2019-11-26,11576.82,3254400.0,9.753367748702091,1.3592371729938046,1.031727539316598,13.42,31.0,139902302.0,-1.342931903999522,90.0,19,黃藍,14,False,True,False,True,bull
2019-11-27,11647.46,2166700.0,10.344748817143804,1.483771223966167,1.0530160264718176,13.22,24.0,140100799.0,-1.202954707299415,91.6,19,黃藍,14,False,True,False,True,bull
2019-11-28,11617.08,1977000.0,9.9808682132331,1.4119409911002656,1.0645453008855554,13.4,30.8,140690744.0,-0.7869340757168479,94.8,19,黃藍,14,False,True,False,True,bull
2019-11-29,11489.57,2296900.0,8.705247076026899,1.1502504829612443,1.1117578461377222,14.84,62.6,141065035.0,-0.5229895076373312,96.8,19,黃藍,14,False,True,False,True,bull
2019-12-02,11502.83,2131300.0,8.760494067791813,1.1664476323312527,1.1095078829726852,14.44,54.0,140673459.0,-0.799123206257669,93.2,19,黃藍,14,False,True,False,True,bull
2019-12-03,11531.58,1884000.0,8.962152388625059,1.21448645929862,0.9818084503691834,14.08,47.4,140975441.0,-0.5861698930393746,96.4,19,黃藍,14,False,True,False,True,bull
2019-12-04,11510.47,0.0,8.69011545708779,1.1651151179884496,0.7913002664969572,14.32,52.0,141397634.0,-0.288445531429837,98.8,19,黃藍,14,False,True,False,True,bull
2019-12-05,11594.65,0.0,9.408423713647124,1.3255539298066736,0.6163264708323366,13.49,34.4,141020042.0,-0.554717916686979,96.0,19,黃藍,14,False,True,False,True,bull
2019-12-06,11609.64,1975900.0,9.471573588326782,1.3478687104787297,0.5868954567161498,13.03,20.0,141326706.0,-0.3384629251816076,97.6,19,黃藍,14,False,True,False,True,bull
2019-12-09,11660.77,0.0,9.871086609336816,1.444167079288717,0.3852692254906446,13.57,37.6,140938124.0,-0.6124852985581376,94.4,19,黃藍,14,False,True,False,True,bull
2019-12-10,11627.84,0.0,9.483958245821691,1.368531579340829,0.2008152604285326,14.11,49.6,140960832.0,-0.596471947310179,94.8,19,黃藍,14,False,True,False,True,bull
2019-12-11,11700.77,2258900.0,10.090944867855,1.5116332648742656,0.4295811259411796,13.43,33.0,140999624.0,-0.56911639324946,95.2,19,黃藍,14,False,True,False,True,bull
2019-12-12,11836.42,2486200.0,11.28549733316722,1.7810298915273015,0.6796056783796377,13.9,46.8,141122797.0,-0.4822565855488785,96.8,19,黃藍,14,False,True,False,True,bull
2019-12-13,11927.73,2969000.0,12.057919247025886,1.9546280839862056,0.7743862243890687,14.35,55.00000000000001,140344831.0,-1.0308668910345815,87.6,19,黃藍,14,False,True,False,True,bull
2019-12-16,11939.77,2643500.0,12.084612152021936,1.9611088320842591,1.035238929738698,14.21,53.0,142748303.0,0.0,100.0,19,黃藍,14,False,True,False,True,bull
2019-12-17,12097.01,2495800.0,13.477222595294986,2.2598252183434915,1.2780974477958238,14.22,53.6,142560469.0,-0.1315840511252873,99.6,19,黃藍,14,False,True,False,True,bull
2019-12-18,12122.45,0.0,13.62893348902576,2.2818273373120617,1.0787048821463117,14.6,63.2,142709295.0,-0.0273264194251051,99.6,19,黃藍,14,False,True,False,True,bull
2019-12-19,12018.9,2236200.0,12.569589968108795,2.0470084787256937,1.0511127651088887,14.51,62.4,143051171.0,0.0,100.0,19,黃藍,14,False,True,False,True,bull
2019-12-20,11959.08,2649800.0,11.91395441205315,1.9139651102501736,1.0135984955716424,14.19,52.6,143413452.0,0.0,100.0,19,黃藍,14,False,True,False,True,bull
2019-12-23,12022.23,1907900.0,12.40976469890471,2.036000594358723,0.9397116876832932,14.47,61.2,143392676.0,-0.0144867860791747,99.6,19,黃藍,14,False,True,False,True,bull
2019-12-24,11976.38,1724100.0,11.883609164015668,1.9324817634209284,0.8631540725290593,14.41,57.8,143392176.0,-0.014835428408766,99.2,19,黃藍,14,False,True,False,True,bull
2019-12-25,12008.13,1518600.0,12.083840463350914,1.9901665796019627,1.021925209918612,14.14,51.8,143810581.0,0.0,100.0,24,綠,0,False,False,False,False,bull
2019-12-26,12001.01,1618300.0,11.926092467606878,1.9600696439453784,0.962362711982746,14.25,55.2,144426821.0,0.0,100.0,24,綠,0,False,False,False,False,bull
2019-12-27,12091.59,1868500.0,12.677020277832408,2.1388265063608176,0.8807292675714533,14.04,48.4,144353892.0,-0.0504954685667421,99.6,24,綠,0,False,False,False,False,bull
2019-12-30,12053.37,1890200.0,12.225519544444944,2.0428800611004823,0.8779047019272309,14.43,60.2,144925446.0,0.0,100.0,24,綠,0,False,False,False,False,bull
2019-12-31,11997.14,1742700.0,11.610131465655671,1.9115395823761232,0.8799223125595261,14.71,69.6,145431752.0,0.0,100.0,24,綠,0,False,False,False,False,bull
2020-01-02,12100.48,2023800.0,12.471829526863788,2.1283631327839494,0.9281830209556424,14.32,56.99999999999999,145604286.0,0.0,100.0,24,綠,0,False,False,False,False,bull
2020-01-03,12110.43,2572900.0,12.467001626020089,2.1359672580054285,1.0190485240778693,14.81,71.6,144617307.0,-0.6778502385568512,98.8,24,綠,0,False,False,False,False,bull
2020-01-06,11953.36,2345200.0,10.914434009248463,1.7830380918388278,1.0635448645903265,15.04,75.2,145461073.0,-0.0983576815863785,99.6,24,綠,0,False,False,False,False,bull
2020-01-07,11880.32,2338400.0,10.146611686469898,1.6158944030691331,1.1091527151920282,14.34,57.599999999999994,144594678.0,-0.6933916766708365,98.0,24,綠,0,False,False,False,False,bull
2020-01-08,11817.1,2428800.0,9.472078467854628,1.470509753413013,1.1742801841284487,15.24,77.8,143692800.0,-1.3127951467033052,96.4,24,綠,0,False,False,False,False,bull
2020-01-09,11970.63,2036900.0,10.794040254071176,1.8207914490222137,1.1786436076617566,13.02,19.4,143743601.0,-1.2779053770436402,96.4,24,綠,0,False,False,False,False,bull
2020-01-10,12024.65,1869000.0,11.189231152752855,1.9501525955480583,1.1104946343847872,12.98,19.2,142894286.0,-1.8612089482036265,94.0,24,綠,0,False,False,False,False,bull
2020-01-13,12113.42,2292300.0,11.907753530692396,2.154218951413864,1.1076693073657575,11.26,0.4,142462752.0,-2.157583465640565,92.4,24,綠,0,False,False,False,False,bull
2020-01-14,12179.81,2255300.0,12.41920703364011,2.30100900567369,1.0947106872686303,11.64,1.6,141942489.0,-2.5148964364963815,92.0,24,綠,0,False,False,False,False,B
2020-01-15,12091.88,1943800.0,11.503145668480094,2.0946267581177835,1.0474057383861397,11.86,3.5999999999999996,142497224.0,-2.133908338385039,92.4,24,綠,0,False,False,False,False,B
2020-01-16,12066.93,2049000.0,11.167507224538786,2.042187952525098,1.050880453355027,11.94,4.3999999999999995,142946160.0,-1.8255822496873475,94.0,24,綠,0,False,False,False,False,B
2020-01-17,12090.29,2009700.0,11.271683312179883,2.1139972576931503,1.065955587288811,11.92,4.0,142473094.0,-2.1504806527467193,91.6,24,綠,0,False,False,False,False,B
2020-01-20,12118.71,2095100.0,11.429525347926358,2.186227205775934,1.0448969567700366,12.57,14.000000000000002,140672607.0,-3.3870424665933254,80.0,24,綠,0,False,False,False,False,B
2020-01-30,11421.74,4917300.0,4.949278426688388,0.4222481622678576,1.279355025795364,19.81,100.0,136525670.0,-6.235129644466647,71.6,27,綠,0,False,False,False,False,B
2020-01-31,11495.1,3130700.0,5.555194372299627,0.6065499203542363,1.3857791865108569,19.15,99.2,135246763.0,-7.113473981116187,69.6,27,綠,0,False,False,False,False,B
2020-02-03,11354.92,3472200.0,4.205423541490879,0.2366814072382983,1.5065323241575472,20.26,100.0,132366131.0,-9.0918717873456,64.8,27,綠,0,False,False,False,False,B
2020-02-04,11555.92,2731100.0,5.980132714530783,0.761159640445881,1.5732605506662165,18.76,98.4,132106707.0,-9.270042366747363,63.2,27,綠,0,False,False,False,False,B
2020-02-05,11573.62,2624400.0,6.0698761137587995,0.8057039012079812,1.6150849858356942,18.65,98.0,131599854.0,-9.618145443877935,59.2,27,綠,0,False,False,False,False,B
2020-02-06,11749.68,2305400.0,7.606757996880761,1.2763044580767775,1.3659143849636228,17.96,95.6,132425843.0,-9.050862005531895,65.2,27,綠,0,False,False,False,False,B
2020-02-07,11612.81,2182700.0,6.281276223089424,0.8982503570508518,1.2766653057604682,18.78,98.4,132011388.0,-9.335506785837335,62.0,27,綠,0,False,False,False,False,B
2020-02-10,11574.07,2328300.0,5.857554582501178,0.7840185054701534,1.1701555958257828,19.33,98.8,131943067.0,-9.38242916832819,61.2,27,綠,0,False,False,False,False,B
2020-02-11,11664.04,1845400.0,6.60913341955313,1.027745977053375,1.0894865509937632,17.53,93.2,132272619.0,-9.156095171539112,63.6,27,綠,0,False,False,False,False,B
2020-02-12,11774.19,2120500.0,7.541797919614393,1.3279303209744553,1.0407516652415958,16.43,91.2,132112918.0,-9.265776695611832,62.4,27,綠,0,False,False,False,False,B
2020-02-13,11791.78,2132400.0,7.627861766153599,1.3624992127107896,1.0261561340087777,16.52,91.6,132022032.0,-9.328196561466603,61.2,27,綠,0,False,False,False,False,B
2020-02-14,11815.7,1697100.0,7.768704683960598,1.4143304411469826,0.9816088331899112,15.75,81.39999999999999,132634590.0,-8.907496033461543,65.60000000000001,27,綠,0,False,False,False,False,B
2020-02-17,11763.51,1837200.0,7.218900082292922,1.242967942204354,0.9348960334258865,16.2,87.2,133245455.0,-8.48795824595438,68.0,27,綠,0,False,False,False,False,B
2020-02-18,11648.98,1882600.0,6.11004494628459,0.8832177485826525,0.94177725581988,17.14,92.8,134695869.0,-7.491824107430464,69.19999999999999,27,綠,0,False,False,False,False,B
2020-02-19,11758.84,2169000.0,7.042676667070237,1.1865168011679312,0.948635853384743,15.85,82.0,135306401.0,-7.072515021982251,69.6,27,綠,0,False,False,False,False,B
2020-02-20,11725.09,2035400.0,6.665785521552678,1.065019410638416,0.938468091194028,15.7,80.4,135469063.0,-6.9607999039259045,69.6,27,綠,0,False,False,False,False,B
2020-02-21,11686.35,1952700.0,6.245543112040974,0.9243343851631808,0.9630558343050064,16.72,92.0,135057110.0,-7.243726328220861,68.4,27,綠,0,False,False,False,False,B
2020-02-24,11534.87,2347100.0,4.810035045090803,0.4405853984067133,1.009081944757035,18.43,96.0,135766107.0,-6.756792172999633,70.0,27,綠,0,False,False,False,False,B
2020-02-25,11540.23,2158400.0,4.803791469139222,0.4287253871871604,1.033389599166512,18.52,96.4,136719169.0,-6.102235891600059,71.6,25,綠,0,False,False,False,False,B
2020-02-26,11433.62,2640000.0,3.784967306067827,0.0781123964642399,1.072115708686818,20.0,99.6,137491118.0,-5.572066745342922,72.8,25,綠,0,False,False,False,False,B
2020-02-27,11292.17,3360600.0,2.4562427425425635,-0.3744596914853548,1.1881875533472257,22.92,100.0,135384552.0,-7.018841464598095,68.0,25,綠,0,False,False,False,False,B
2020-03-02,11170.46,3204100.0,1.3112877440428858,-0.759986472921468,1.3080556511838874,25.25,100.0,135502015.0,-6.938168701984501,68.4,25,綠,0,False,False,False,False,B
2020-03-03,11327.72,2572300.0,2.693516255217089,-0.2995587372282697,1.3252677285727985,22.91,99.2,136118849.0,-6.514531447240503,69.19999999999999,25,綠,0,False,False,False,False,B
2020-03-04,11392.35,2245300.0,3.233008430470493,-0.1237510588673596,1.330702521625114,22.55,98.8,136136454.0,-6.502440457006877,69.19999999999999,25,綠,0,False,False,False,False,B
2020-03-05,11514.82,2291000.0,4.29581797502457,0.2247413391502165,1.297643310137349,19.37,96.8,135199398.0,-7.146003930131563,65.60000000000001,25,綠,0,False,False,False,False,B
2020-03-06,11321.81,2518500.0,2.510399955102551,-0.3834961007838099,1.2140075612131054,22.93,99.6,136548270.0,-6.219608123348787,70.8,25,綠,0,False,False,False,False,B
2020-03-09,10977.64,3897400.0,-0.6293610187045124,-1.4191953181919803,1.2596074815534026,28.36,100.0,134381858.0,-7.707484654675619,64.0,25,綠,0,True,False,False,True,B
2020-03-10,11003.54,3544100.0,-0.4170008788539848,-1.3378577386088613,1.3139732152973431,26.75,99.6,133333462.0,-8.42751565705971,62.4,25,綠,0,True,False,False,True,B
2020-03-11,10893.75,2804700.0,-1.4285300901158051,-1.6443296978718491,1.3363670052672572,29.49,100.0,132879755.0,-8.739118435016398,60.4,25,綠,0,True,False,False,True,B
2020-03-12,10422.32,4844200.0,-5.695368802126555,-2.9051193422382715,1.5305210702438037,33.27,100.0,125554617.0,-13.76997171635456,19.6,25,綠,0,True,False,False,True,B
2020-03-13,10128.87,5906200.0,-8.343270676728611,-3.5524660964604267,1.7501031477784676,39.76,100.0,115134379.0,-20.92651791857281,0.4,25,綠,0,True,False,False,True,B
2020-03-16,9717.77,3783600.0,-12.044634666327024,-4.360864899813624,1.6960443121505118,44.65,100.0,112580100.0,-22.680778778723585,0.4,25,綠,0,True,False,False,True,B
2020-03-17,9439.63,4504100.0,-14.533684858959743,-4.706350099784495,1.7474589491789836,48.54,100.0,107948645.0,-25.861629512746624,0.4,25,綠,0,True,False,False,True,B
2020-03-18,9218.67,3991000.0,-16.50120197466591,-4.849074781144306,1.82406545664804,47.85,99.6,104665406.0,-28.116534976175085,0.4,25,綠,0,True,False,False,True,B
2020-03-19,8681.34,5702600.0,-21.32362993308798,-5.503640849687802,1.8585227515862115,51.14,100.0,92863637.0,-36.22190695677735,0.4,25,綠,0,True,False,False,True,B
2020-03-20,9234.09,4683400.0,-16.283383869305993,-4.154289249190961,1.7403671597494932,51.66,100.0,92221450.0,-36.66295647368512,0.4,25,綠,0,True,False,False,True,B
2020-03-23,8890.03,136500.0,-19.36014572408824,-4.52247385645882,1.482699654356922,53.84,100.0,91285808.0,-37.30554882155049,0.4,25,綠,0,True,False,False,True,B
2020-03-24,9285.62,2920600.0,-15.73856633628238,-3.6431720222096646,1.3339309829465826,44.78,98.0,91572304.0,-37.10878538286984,0.8,25,綠,0,True,False,False,True,B
2020-03-25,9644.75,3565400.0,-12.45730987376037,-2.923748965216688,1.2904306746464786,42.43,97.2,90396752.0,-37.91614623212397,0.4,24,綠,0,True,False,False,True,B
2020-03-26,9736.36,2795400.0,-11.60323329761724,-2.69357457054226,1.068878173018494,44.0,97.2,90070898.0,-38.13994046851066,0.4,24,綠,0,True,False,False,True,B
2020-03-27,9698.92,3349400.0,-11.917120975791176,-2.682818029344487,0.9590285997938064,45.12,98.0,90597443.0,-37.77831306421845,1.2,24,綠,0,True,False,False,True,B
2020-03-30,9629.43,2274000.0,-12.520152625340035,-2.7216741049108233,1.1157484460658205,44.59,96.8,91735682.0,-36.996578521047105,2.4,24,綠,0,True,False,False,True,B
2020-03-31,9708.06,2882300.0,-11.7787866784334,-2.5334893763937267,1.103493921127754,44.65,97.0,91898116.0,-36.885019991787885,2.8000000000000003,24,綠,0,True,False,False,True,B
2020-04-01,9663.63,2434800.0,-12.152335282867408,-2.5413393487418863,1.0144495116412178,42.41,95.2,91965082.0,-36.83902821377112,3.2,24,綠,0,True,False,False,True,B
2020-04-06,9818.74,2987300.0,-10.715668214194825,-2.2560537837969035,1.021587782041518,35.81,92.8,93198509.0,-35.991919221388855,4.3999999999999995,24,綠,0,True,False,False,True,B
2020-04-07,9996.39,3205000.0,-9.084275799271554,-1.953113295709141,1.0029360294839935,33.25,92.0,93311906.0,-35.91403895899054,4.8,24,綠,0,True,False,False,True,B
2020-04-08,10137.47,3117000.0,-7.787025976837788,-1.7169429767373396,1.055480486304422,33.73,92.4,94221085.0,-35.28962121348543,5.2,24,綠,0,True,False,False,True,B
2020-04-09,10119.43,3058700.0,-7.9369440115336785,-1.7201732168722184,1.0616031717762593,32.91,91.2,95101888.0,-34.620386032763555,5.6000000000000005,24,綠,0,True,False,False,True,B
2020-04-10,10157.61,2365200.0,-7.576860379720721,-1.641014064598935,1.0579249046033914,30.9,90.8,95742704.0,-34.17984480287726,6.0,24,綠,0,True,False,False,True,B
2020-04-13,10099.22,2456300.0,-8.09002097205524,-1.702683364240475,1.0191186706627788,32.54,90.8,96541380.0,-33.233102811709294,6.4,24,綠,0,True,False,False,True,B
2020-04-14,10332.94,2847000.0,-5.952402657832379,-1.3495181480557787,0.9904171868237212,29.38,88.8,97271995.0,-32.32951288036815,6.800000000000001,24,綠,0,True,False,False,True,B
2020-04-15,10447.21,3333800.0,-4.903932182230258,-1.1745191915359543,1.0005289285993828,26.84,88.0,97879089.0,-31.90716781889999,7.199999999999999,24,綠,0,True,False,False,True,B
2020-04-16,10375.48,2770300.0,-5.5455456369645235,-1.265775226708907,0.97576400934724,28.22,88.0,99244539.0,-30.572084622629948,7.6,24,綠,0,True,False,False,True,B
2020-04-17,10597.04,3725200.0,-3.5213965555165454,-0.9414174783079962,1.0604955604196402,27.04,87.6,98351065.0,-31.19712694625725,7.6,24,綠,0,True,False,False,True,B
2020-04-20,10586.71,2298700.0,-3.6061452666465614,-0.9510100547758356,1.0494116987505169,28.65,88.4,99813355.0,-30.174161376563035,8.4,24,綠,0,True,False,False,True,B
2020-04-21,10288.42,3392700.0,-6.302344984259454,-1.362505754114331,1.08047630705399,33.96,92.4,100356304.0,-29.794333754750745,8.799999999999999,24,綠,0,True,False,False,True,B
2020-04-22,10307.74,2531000.0,-6.109259166390371,-1.3206292986006296,1.021110824602199,33.46,91.6,102149786.0,-28.539678155747588,9.2,24,綠,0,True,False,False,True,B
2020-04-23,10366.51,2633300.0,-5.5588386552667455,-1.2243327005096372,1.0082000510522469,31.45,89.60000000000001,103244771.0,-27.53384649595663,9.6,24,綠,0,True,False,False,True,B
2020-04-24,10347.36,2400100.0,-5.7151499353233985,-1.2382465925645625,0.914518440755648,30.97,89.2,104271364.0,-25.876568136680657,10.0,24,綠,0,True,False,False,True,B
2020-04-27,10567.27,3281100.0,-3.698679984773708,-0.9209828775937348,0.975641844840316,28.77,86.0,104706462.0,-23.844926477359795,10.8,20,黃藍,1,True,False,False,True,B
2020-04-28,10616.06,3260300.0,-3.2406030030498076,-0.8459340100162088,0.9758023279342308,27.9,84.39999999999999,104407728.0,-24.062201603451943,10.4,20,黃藍,1,True,False,False,True,B
2020-04-29,10772.22,3529100.0,-1.81049831430518,-0.6211085122142598,1.0424540808843616,27.32,84.0,104287235.0,-24.149838537206456,10.4,20,黃藍,1,True,False,False,True,B
2020-04-30,10992.14,3909100.0,0.1932235249277756,-0.3093025641115705,1.1276746619667888,29.06,86.0,104468367.0,-24.018097663588716,11.2,20,黃藍,1,False,False,False,False,B
2020-05-04,10720.48,3113100.0,-2.2734324106063646,-0.6859788926105012,1.1741884220914975,34.29,92.4,142632833.0,0.0,92.4,20,黃藍,1,True,False,False,True,B
2020-05-05,10774.61,2817200.0,-1.7709972772432816,-0.60446221556638,1.1410612704229024,32.53,89.2,108565552.0,-23.88459955780308,12.8,20,黃藍,1,True,False,False,True,B
2020-05-06,10774.98,3137600.0,-1.7585724115319796,-0.5985901201189823,1.1272771974635392,31.74,88.8,108459553.0,-23.958915546464677,12.8,20,黃藍,1,True,False,False,True,B
2020-05-07,10842.92,2849600.0,-1.132024874946641,-0.4977764196720478,1.0767841257583928,29.62,85.6,109792992.0,-23.02404033438781,13.6,20,黃藍,1,True,False,False,True,B
2020-05-08,10901.42,3169900.0,-0.5967590142181198,-0.410035911093923,1.021616890844548,28.33,81.6,110189579.0,-22.74599285285177,14.000000000000002,20,黃藍,1,True,False,False,True,B
2020-05-11,11013.26,3370600.0,0.4203223919387347,-0.2478769341165397,1.0301868995222754,27.88,79.60000000000001,110800040.0,-22.317998128803907,14.4,20,黃藍,1,False,False,False,False,B
2020-05-12,10879.47,3047800.0,-0.7963986229606689,-0.4326456218015107,1.0402715194044203,27.4,79.2,112035510.0,-21.451809065588705,14.8,20,黃藍,1,True,False,False,True,B
2020-05-13,10938.27,2677400.0,-0.2578263338925289,-0.3425700554265501,1.0064822429159772,27.0,77.2,112396868.0,-21.198460665785134,15.2,20,黃藍,1,True,False,False,True,B
2020-05-14,10780.88,3054300.0,-1.6816981437932674,-0.5580984726257309,1.0124875669566884,29.75,85.6,111223644.0,-22.021009005689457,14.8,20,黃藍,1,True,False,False,True,B
2020-05-15,10814.92,2749400.0,-1.3683063131018074,-0.5003229894874045,0.9797747538425118,28.9,82.39999999999999,111113214.0,-22.098431572203296,14.8,20,黃藍,1,True,False,False,True,B
2020-05-18,10740.55,2716100.0,-2.037745860581614,-0.5973262259765735,0.9324764630699718,29.65,85.2,111962890.0,-21.502723009084452,15.6,20,黃藍,1,True,False,False,True,B
2020-05-19,10860.44,3048200.0,-0.9419683258595354,-0.4180568441769909,0.9280516836547726,26.95,74.8,112604279.0,-21.053044638046277,17.2,20,黃藍,1,True,False,False,True,B
2020-05-20,10907.8,2731300.0,-0.5163181019102325,-0.3444114208873218,0.9280569236111188,24.99,73.2,113368374.0,-20.517336986498755,17.599999999999998,20,黃藍,1,True,False,False,True,B
2020-05-21,11008.31,2787700.0,0.389559250191793,-0.1946382755333628,0.9066594015777876,22.44,71.2,114377222.0,-19.810032799390587,18.0,20,黃藍,1,False,False,False,False,B
2020-05-22,10811.15,2923700.0,-1.4175214183625806,-0.4695538955833631,0.9150801105713748,26.78,74.0,114660405.0,-19.61149295828682,18.4,20,黃藍,1,True,False,False,True,B
2020-05-25,10871.18,2222100.0,-0.8828553690963914,-0.3767755007402522,0.882959423980529,25.01,72.0,115848938.0,-18.7782114655186,19.2,19,黃藍,2,True,False,False,True,B
2020-05-26,10997.21,2886300.0,0.2502545708010601,-0.1901934581060752,0.8713833293143638,23.78,71.2,115836834.0,-18.78669759016846,19.2,19,黃藍,2,False,False,False,False,B
2020-05-27,11014.66,2794500.0,0.3895592408498683,-0.1584818324395601,0.8781110772490458,23.79,71.2,115689043.0,-18.890313985420175,19.2,19,黃藍,2,False,False,False,False,B
2020-05-28,10944.19,3122300.0,-0.2730797155812931,-0.2512121609989553,0.9000882414147449,24.7,71.2,115475479.0,-19.040043886669487,19.2,19,黃藍,2,True,False,False,True,B
2020-05-29,10942.16,3589800.0,-0.3113353009363753,-0.2461653456005356,0.9379382045366302,24.01,70.8,116399048.0,-18.392528878676902,20.8,19,黃藍,2,True,False,False,True,B
2020-06-01,11079.02,2655700.0,0.9129303713295568,-0.0447041210142789,0.9636500440246538,23.46,68.8,116315043.0,-18.451424855313643,20.8,19,黃藍,2,False,False,False,False,B
2020-06-02,11127.93,2754300.0,1.3336632076860129,0.0303654766385742,0.9528415832571678,22.7,67.2,116375040.0,-18.40936090780725,21.2,19,黃藍,2,False,False,False,False,B
2020-06-03,11320.16,3776100.0,3.046179707550473,0.3084080235316039,1.0087909054711952,22.4,66.0,117217907.0,-17.818426140354372,22.0,19,黃藍,2,False,False,False,False,B
2020-06-04,11393.23,3539700.0,3.671127905670701,0.4150813311966748,1.037238117337419,21.55,65.60000000000001,117647157.0,-17.5174786018588,22.4,19,黃藍,2,False,False,False,False,B
2020-06-05,11479.4,3400800.0,4.411696039672747,0.5402011944764271,1.0260016573452044,20.46,65.2,118181406.0,-17.142916175548446,22.8,19,黃藍,2,False,False,False,False,B
2020-06-08,11610.32,3822500.0,5.552641397048628,0.7271458242745046,1.0943302500043506,20.46,64.60000000000001,117848845.0,-17.376074974266267,22.8,19,黃藍,2,False,False,False,False,B
2020-06-09,11637.11,3023600.0,5.744847634864221,0.7631678701280381,1.1221449523220284,20.5,65.2,117747826.0,-17.44689948071073,22.8,19,黃藍,2,False,False,False,False,B
2020-06-10,11720.16,3477600.0,6.447775245529982,0.8784087907448558,1.1175234041864568,20.63,65.2,118253277.0,-17.092527356586963,24.0,19,黃藍,2,False,False,False,False,B
2020-06-11,11535.77,4457500.0,4.733594169488033,0.614912004291014,1.172670369466627,23.03,68.4,116516653.0,-18.310075913587163,22.0,19,黃藍,2,False,False,False,False,B
2020-06-12,11429.94,3367500.0,3.737729023794362,0.4647499157326889,1.177717163239614,26.06,72.39999999999999,116855485.0,-18.07252051145895,22.4,19,黃藍,2,False,False,False,False,B
2020-06-15,11306.26,3034000.0,2.5825478003900604,0.2915551996692939,1.1324097458304296,29.37,83.6,117603294.0,-17.54823098830267,23.200000000000003,19,黃藍,2,False,False,False,False,B
2020-06-16,11511.64,2915500.0,4.406189258947384,0.5855179871313622,1.1426701115540796,24.82,69.6,118148449.0,-17.166022356156947,24.8,19,黃藍,2,False,False,False,False,B
2020-06-17,11534.59,3138800.0,4.571643096942854,0.6194126769203809,1.1298626470435962,24.03,68.8,119555907.0,-16.179252360499632,26.0,19,黃藍,2,False,False,False,False,B
2020-06-18,11548.33,3404900.0,4.658944101326725,0.6396894642684445,1.0406116987105012,23.16,66.0,120739638.0,-15.349337553997824,26.4,19,黃藍,2,False,False,False,False,B
2020-06-19,11549.86,4580400.0,4.63707452776915,0.6434039495682113,1.1101152306319395,22.69,63.6,122117711.0,-14.383169406724186,27.200000000000003,19,黃藍,2,False,False,False,False,B
2020-06-22,11572.93,2950700.0,4.8097210163351,0.6790333227486145,1.1083907416105632,22.91,64.2,122805591.0,-13.90089615621671,30.4,19,黃藍,2,False,False,False,False,B
2020-06-23,11612.36,3057500.0,5.126778439269743,0.7383500460156298,1.1160640950405438,22.71,63.6,123194289.0,-13.628379659261205,32.0,19,黃藍,2,False,False,False,False,B
2020-06-24,11660.67,2861900.0,5.520721299796664,0.8096318062308523,1.1009393632273423,22.32,60.4,123729395.0,-13.253216389525123,32.4,19,黃藍,2,False,False,False,False,B
2020-06-29,11542.62,2922300.0,4.414201738265761,0.6477548752191681,1.065657094351801,24.82,69.39999999999999,124989116.0,-12.3700249296738,33.6,19,黃藍,3,False,True,False,True,B
2020-06-30,11621.24,2935300.0,5.085299704445946,0.7647237991349125,0.9583069219152864,22.3,57.99999999999999,125774758.0,-11.819210658179944,36.0,19,黃藍,3,False,True,False,True,B
2020-07-01,11703.42,2868400.0,5.792900697967275,0.8845730715367239,0.9507165341935384,21.69,57.599999999999994,125684607.0,-11.882415600621211,35.6,19,黃藍,3,False,True,False,True,B
2020-07-02,11805.14,3060100.0,6.673049997843627,1.0297022229186206,0.9505109829290228,20.3,54.400000000000006,126921751.0,-11.015052894588443,37.2,19,黃藍,3,False,True,False,True,B
2020-07-03,11909.16,3536100.0,7.570012215359648,1.176702422351574,0.9924829562936214,20.42,54.400000000000006,127145160.0,-10.85842065550223,37.6,19,黃藍,3,False,True,False,True,B
2020-07-06,12116.7,4451500.0,9.39177368517204,1.464638104763658,1.0837290688046477,22.11,57.599999999999994,128455971.0,-9.9394099533871,39.6,19,黃藍,3,False,True,False,True,B
2020-07-07,12092.97,4263000.0,9.122906612206188,1.4259059287670657,1.161617441737869,21.8,57.2,128914666.0,-9.617818500457044,41.6,19,黃藍,3,False,True,False,True,B
2020-07-08,12170.19,3598500.0,9.75958912711971,1.5271718747723677,1.2003866030510322,21.66,56.39999999999999,132556243.0,-7.064705782013038,58.4,19,黃藍,3,False,True,False,True,B
2020-07-09,12192.69,3882900.0,9.906257431232874,1.5521134729142907,1.24323668720141,21.41,55.60000000000001,134325213.0,-5.824479417021745,63.2,19,黃藍,3,False,True,False,True,B
2020-07-10,12073.68,4166700.0,8.780818191030738,1.3817556134709803,1.2741397057213206,23.25,65.60000000000001,132684802.0,-6.974572958247278,59.2,19,黃藍,3,False,True,False,True,bull
2020-07-13,12211.56,3558300.0,9.970922071396997,1.566379625004672,1.2168254584980671,20.6,53.6,135268907.0,-5.162854754486998,65.2,19,黃藍,3,False,True,False,True,bull
2020-07-14,12209.01,3333000.0,9.89475862216162,1.5563908017117298,1.1553151513829645,21.19,54.0,135373135.0,-5.089780415425108,65.60000000000001,19,黃藍,3,False,True,False,True,bull
2020-07-15,12202.85,3905800.0,9.781639682380389,1.5413433145028208,1.1733646285354966,21.88,56.00000000000001,134816884.0,-5.479768462567101,63.2,19,黃藍,3,False,True,False,True,bull
2020-07-16,12157.74,3196600.0,9.321450855980624,1.4722251674247866,1.1253940884028402,20.4,49.2,136339367.0,-4.412354342004832,68.8,19,黃藍,3,False,True,False,True,bull
2020-07-17,12181.56,3396200.0,9.4806739103681,1.496802157599571,1.0776269761514017,20.16,48.0,134843023.0,-5.461442387532189,62.8,19,黃藍,3,False,True,False,True,bull
2020-07-20,12174.54,2819300.0,9.361624309735925,1.47849751981531,1.0302983114436854,20.36,48.8,134744199.0,-5.530727977617889,62.0,19,黃藍,3,False,True,False,True,bull
2020-07-21,12397.55,3529000.0,11.297106975990316,1.769796480451238,1.0376337187279616,20.47,52.0,136527508.0,-4.280448527584109,70.0,19,黃藍,3,False,True,False,True,bull
2020-07-22,12473.27,3424000.0,11.909568503665644,1.8578134420477308,1.002689241247967,20.51,52.400000000000006,137640389.0,-3.500206716079179,72.39999999999999,19,黃藍,3,False,True,False,True,bull
2020-07-23,12413.04,3426700.0,11.30648870387775,1.7647649660563338,1.0160321346774823,21.48,54.0,139584119.0,-2.137455967098403,73.6,19,黃藍,3,False,True,False,True,bull
2020-07-24,12304.04,3996200.0,10.270572777979355,1.6105319485759757,1.048828887443071,24.95,69.6,138401929.0,-2.9662903771952704,72.39999999999999,19,黃藍,3,False,True,False,True,bull
2020-07-27,12588.3,3687300.0,12.748959811736146,1.974376171241591,1.1008876848581624,24.83,68.4,139996553.0,-1.8482981404428809,75.2,19,黃藍,4,False,True,False,True,bull
2020-07-28,12586.73,4457700.0,12.666250822878707,1.955133420110164,1.1542725285500408,27.82,76.8,138876739.0,-2.633400684118782,72.39999999999999,19,黃藍,4,False,True,False,True,bull
2020-07-29,12540.97,3067000.0,12.187855889338516,1.879401576946812,1.132839606741146,27.51,76.4,140337101.0,0.0,76.8,19,黃藍,4,False,True,False,True,bull
2020-07-30,12722.92,3244900.0,13.737238383486808,2.0979345865213217,1.119362424453202,26.3,71.2,142552031.0,0.0,91.6,19,黃藍,4,False,True,False,True,bull
2020-07-31,12664.8,3171700.0,13.145185252298766,1.996436523195365,1.069164074325844,26.2,70.8,144918278.0,0.0,98.4,19,黃藍,4,False,True,False,True,bull
2020-08-03,12513.03,3391600.0,11.726673934517146,1.7802064333157976,1.0483582450649065,27.21,75.2,146889872.0,0.0,100.0,19,黃藍,4,False,True,False,True,bull
2020-08-04,12709.92,3465700.0,13.413272460296149,2.008596412889386,0.9868870230598156,24.5,64.0,147657104.0,0.0,100.0,19,黃藍,4,False,True,False,True,bull
2020-08-05,12802.3,3917200.0,14.161541683800143,2.100161689739846,1.0353854516271346,23.96,62.0,149662998.0,0.0,100.0,19,黃藍,4,False,True,False,True,bull
2020-08-06,12913.5,4098100.0,15.072197099341222,2.2114421310550716,1.0810731467668395,25.11,67.60000000000001,149767249.0,0.0,100.0,19,黃藍,4,False,True,False,True,bull
2020-08-07,12828.87,3831300.0,14.23919014801073,2.079196205026016,1.114172405559574,24.25,63.2,149892177.0,0.0,100.0,19,黃藍,4,False,True,False,True,bull
2020-08-10,12894.0,3952000.0,14.7370878383791,2.1331151856275654,1.1424637549371173,24.43,63.2,150554484.0,0.0,100.0,19,黃藍,4,False,True,False,True,bull
2020-08-11,12780.19,3726400.0,13.64550049205636,1.9671228367267364,1.1523604453629666,24.16,61.6,148852757.0,-1.1303064211624545,98.4,19,黃藍,4,False,True,False,True,bull
2020-08-12,12670.35,3440300.0,12.5948160347324,1.8117970585698897,1.120223871087892,23.25,57.4,150148629.0,-0.2695735053630153,99.6,19,黃藍,4,False,True,False,True,bull
2020-08-13,12763.13,3631900.0,13.337465785585335,1.9064784269076511,1.089689326622675,22.2,48.4,149112303.0,-0.9579130170576652,98.0,19,黃藍,4,False,True,False,True,bull
2020-08-14,12795.46,3896200.0,13.533965722560485,1.926176898346453,1.087305497811896,22.23,48.4,150003594.0,-0.3659074013365155,99.2,19,黃藍,4,False,True,False,True,bull
2020-08-17,12956.11,4310300.0,14.856166531786576,2.098649858213411,1.10005923290494,21.47,44.0,150800300.0,0.0,100.0,19,黃藍,4,False,True,False,True,bull
2020-08-18,12872.14,3911700.0,14.01161342683375,1.9755220531742983,1.105516328925058,21.88,46.2,150233670.0,-0.3757485893595702,99.2,19,黃藍,4,False,True,False,True,bull
2020-08-19,12778.64,4459400.0,13.087605913300935,1.8436930714364008,1.1518529513043685,21.87,45.6,149695268.0,-0.7327783830668771,97.2,19,黃藍,4,False,True,False,True,bull
2020-08-20,12362.64,6063400.0,9.33381218627653,1.334196160019149,1.2712544848483711,28.05,77.60000000000001,144190310.0,-4.383273773328037,91.2,19,黃藍,4,False,True,False,True,bull
2020-08-21,12607.84,3778800.0,11.418164191573709,1.6158761038726956,1.2588648832182368,24.38,62.4,145278094.0,-3.6619330332897215,93.6,19,黃藍,4,False,True,False,True,bull
2020-08-24,12647.13,3397300.0,11.675196773259104,1.6491540189621472,1.2062914081335423,23.62,56.8,145873807.0,-3.2668986732785017,94.8,19,黃藍,4,False,True,False,True,bull
2020-08-25,12758.25,3891600.0,12.563738960773344,1.7640508108979054,1.2034799217951262,23.27,56.00000000000001,146919649.0,-2.573370875256879,95.2,21,黃藍,5,False,True,False,True,bull
2020-08-26,12833.29,3413200.0,13.125748611434645,1.8344903227103977,1.1411481858300987,22.6,49.6,148138734.0,-1.764960679786446,95.6,21,黃藍,5,False,True,False,True,bull
2020-08-27,12797.31,4956500.0,12.714137757962474,1.7726320037091947,1.0687700352455365,22.91,52.0,149297381.0,-0.996628653921776,96.4,21,黃藍,5,False,True,False,True,bull
2020-08-28,12728.85,3774200.0,12.022758153094646,1.672923640727012,1.0685264057441743,23.66,56.8,149678563.0,-0.7438559472361792,96.8,21,黃藍,5,False,True,False,True,bull
2020-08-31,12591.45,4820400.0,10.732892439342502,1.494150769749375,1.1400861519174632,24.42,62.4,152199564.0,0.0,100.0,21,黃藍,5,False,True,False,True,bull
2020-09-01,12703.28,4070500.0,11.63085161905035,1.6085202710293247,1.146368413666629,22.97,51.6,152303884.0,0.0,100.0,21,黃藍,5,False,True,False,True,bull
2020-09-02,12699.5,3968600.0,11.512588234999498,1.587757061631798,1.175856763564572,22.21,42.0,153616033.0,0.0,100.0,21,黃藍,5,False,True,False,True,bull
2020-09-03,12757.97,5711400.0,11.938727695357631,1.6400161709958128,1.2023039796827948,21.95,40.8,153651017.0,0.0,100.0,21,黃藍,5,False,True,False,True,bull
2020-09-04,12637.95,5122000.0,10.79687931210265,1.485357278752134,1.2654931382952206,23.73,56.39999999999999,,,,21,黃藍,5,False,True,False,True,bull
2020-09-07,12601.4,5406000.0,10.39073101205665,1.4257662641178264,1.2913197086904855,23.93,57.2,155589696.0,0.0,100.0,21,黃藍,5,False,True,False,True,bull
2020-09-08,12663.56,4243200.0,10.848674932588724,1.4803089116448298,1.2954770026588207,22.61,45.6,156542294.0,0.0,100.0,21,黃藍,5,False,True,False,True,bull
2020-09-09,12608.58,4223700.0,10.284543004186016,1.398601116033355,1.302152879619784,22.37,43.6,157136480.0,0.0,100.0,21,黃藍,5,False,True,False,True,bull
2020-09-10,12691.75,4738300.0,10.931529173318802,1.4712369381890065,1.2409305462782985,20.81,33.6,156938915.0,-0.1257282841005475,99.6,21,黃藍,5,False,True,False,True,bull
2020-09-11,12675.95,4644800.0,10.71442381464142,1.4268006476353854,1.2080521224415055,20.9,33.6,155344253.0,-1.1405543766794315,98.4,21,黃藍,5,False,True,False,True,bull
2020-09-14,12787.82,3515300.0,11.604585023857933,1.524803255209561,1.1093080097248056,18.06,20.4,156205788.0,-0.5922825813585745,98.8,21,黃藍,5,False,True,False,True,bull
2020-09-15,12845.65,3475900.0,12.023711707301247,1.5565454895544308,1.0746044402167156,17.27,19.2,155648092.0,-0.9471944388725012,98.4,21,黃藍,5,False,True,False,True,bull
2020-09-16,12976.76,3609400.0,13.07952695511296,1.668018355052311,1.039579147239942,18.29,20.4,155725906.0,-0.8976744292604748,98.4,21,黃藍,5,False,True,False,True,D
2020-09-17,12872.74,3259900.0,12.091356797277744,1.5067083193935684,0.9618268436556452,18.6,21.2,156789420.0,-0.2208653267528966,99.2,21,黃藍,5,False,True,False,True,D
2020-09-18,12875.62,3858100.0,12.033628594337342,1.473693925719723,0.916980883077856,18.27,19.6,157318117.0,0.0,100.0,21,黃藍,5,False,True,False,True,D
2020-09-21,12795.12,3612600.0,11.255550773877305,1.343865260307937,0.91927964589441,20.69,32.0,157006281.0,-0.1982200181050984,99.2,21,黃藍,5,False,True,False,True,D
2020-09-22,12645.51,3420700.0,9.885188486573863,1.141300550509454,0.9145226235878494,22.01,38.4,156169362.0,-0.7302115114942547,97.2,21,黃藍,5,False,True,False,True,D
2020-09-23,12583.88,3552700.0,9.28560948526432,1.0434468397661327,0.9089341646519042,20.71,31.6,156610875.0,-0.4495616992415438,98.0,21,黃藍,5,False,True,False,True,D
2020-09-24,12264.38,4698500.0,6.459487968645069,0.6560187153893409,0.9759516339063988,23.02,50.0,155774125.0,-0.9814457669869008,96.4,21,黃藍,5,False,True,False,True,D
2020-09-25,12232.91,4286100.0,6.138280200360557,0.5970137384184359,0.9946032021649872,22.5,44.0,151866371.0,-3.465427951950378,92.8,26,綠,0,False,False,False,False,D
2020-09-28,12462.76,3002400.0,8.073748538951445,0.8331149552388817,0.969542221411636,21.85,34.8,152002689.0,-3.3787767749597464,92.8,26,綠,0,False,False,False,False,D
2020-09-29,12467.73,2887800.0,8.059197587231656,0.8134399280571999,0.947846780844348,21.52,32.800000000000004,152143823.0,-3.2890642849481857,92.8,26,綠,0,False,False,False,False,D
2020-09-30,12515.61,2462100.0,8.414170211705116,0.841813762295102,0.8961151064262356,21.7,34.0,151853634.0,-3.4735242858265334,91.6,26,綠,0,False,False,False,False,D
2020-10-05,12548.28,2876800.0,8.63580226054528,0.8539501723425922,0.8054450115009558,23.27,52.6,153146180.0,-2.651911349790692,93.6,26,綠,0,False,False,False,False,D
2020-10-06,12704.23,3064800.0,9.916250732092626,1.0064725965126435,0.7455975323925638,21.19,28.6,153347824.0,-2.523735394061448,93.6,26,綠,0,False,False,False,False,D
2020-10-07,12746.37,2873000.0,10.20935281807183,1.030157960152817,0.7410552933610909,20.83,26.8,153914809.0,-2.1633287156621637,94.4,26,綠,0,False,False,False,False,D
2020-10-08,12887.19,3427200.0,11.347694713332276,1.164320697402887,0.7689597000283708,20.63,25.0,153333914.0,-2.532577350897227,92.8,26,綠,0,False,False,False,False,D
2020-10-12,12955.91,3714400.0,11.864579605171668,1.215708014000478,0.8351469858939427,21.51,30.0,152335805.0,-3.167030024901709,92.0,26,綠,0,False,False,False,False,D
2020-10-13,12947.13,3354400.0,11.711636112315194,1.178740473950149,0.8595529492682021,,,153054773.0,-2.7100146386827144,92.0,26,綠,0,False,False,False,False,D
2020-10-14,12919.31,3672900.0,11.39303792060153,1.122897817214123,0.8902852704862937,21.96,36.0,154063591.0,-2.0687547385276677,94.4,26,綠,0,False,False,False,False,D
2020-10-15,12827.82,3580300.0,10.530491420221626,0.997114041487656,0.9241735650148526,22.25,38.8,154744836.0,-1.6357181544449837,94.4,26,綠,0,False,False,False,False,D
2020-10-16,12750.37,3718400.0,9.794451771841782,0.8875474605741798,0.9385645760425084,22.11,36.2,153543442.0,-2.3993898935365467,92.4,26,綠,0,False,False,False,False,D
2020-10-19,12908.34,2971300.0,11.082390244470664,1.045023287899229,0.9016739609691466,21.31,26.4,153414517.0,-2.4813416753519877,92.0,26,綠,0,False,False,False,False,D
2020-10-20,12862.37,2623800.0,10.611697771578111,0.9720095995333128,0.866611798799998,22.26,38.8,154053376.0,-2.075247951257896,93.6,26,綠,0,False,False,False,False,D
2020-10-21,12877.25,3419400.0,10.67074381792096,0.9649748413513995,0.8555021614978927,22.02,34.4,154875928.0,-1.5523889089010643,94.4,26,綠,0,False,False,False,False,D
2020-10-22,12917.03,3683000.0,10.943774241506226,0.9858869653398604,0.8609041664026292,22.04,34.4,154886233.0,-1.5458384872481026,94.4,26,綠,0,False,False,False,False,D
2020-10-23,12898.82,3531700.0,10.72133369217422,0.9419743359868904,0.8545713439450617,21.96,33.0,155686389.0,-1.037215567486102,95.6,26,綠,0,False,False,False,False,D
2020-10-26,12909.03,4288700.0,10.743491348449298,0.929985681515895,0.9190141859387152,22.49,42.4,156677041.0,-0.4075029705574215,98.0,27,綠,0,False,False,False,False,D
2020-10-27,12875.01,3583700.0,10.38744407493493,0.870403454311568,0.9678583413596684,23.27,52.400000000000006,157637076.0,0.0,100.0,27,綠,0,False,False,False,False,D
2020-10-28,12793.75,3657900.0,9.630221673212256,0.7587655988137273,0.9782586005344022,23.43,52.8,157068566.0,-0.3606448523569417,98.8,27,綠,0,False,False,False,False,D
2020-10-29,12662.91,3741600.0,8.457312808259521,0.5938216770366438,0.97982536740759,24.94,64.8,157736347.0,0.0,100.0,27,綠,0,False,False,False,False,D
2020-10-30,12546.34,3918600.0,7.410811615945491,0.4480434091422826,0.9980233342766665,27.35,75.2,156732639.0,-0.6363200486695688,96.8,27,綠,0,False,False,False,False,D
2020-11-02,12591.31,2950900.0,7.748901767839786,0.4819776338426218,0.9323540599140554,27.32,73.8,156550367.0,-0.7518748991949205,95.6,27,綠,0,False,False,False,False,D
2020-11-03,12736.01,2946900.0,8.933467944521833,0.6277780869512641,0.9036245443403728,26.11,67.2,156397243.0,-0.848950812839605,94.8,27,綠,0,False,False,False,False,D
2020-11-04,12867.9,3335500.0,10.003104936138577,0.7578424916306028,0.8886295811839627,23.77,53.6,156529292.0,-0.7652358019930562,94.8,27,綠,0,False,False,False,False,D
2020-11-05,12918.8,2946300.0,10.378410252261975,0.7964984770444618,0.8505449247566628,21.76,25.2,155773740.0,-1.2442325673993198,92.8,27,綠,0,False,False,False,False,D
2020-11-06,12973.53,3215100.0,10.785700223576947,0.8394923200398863,0.8152108583930757,21.76,25.0,155322345.0,-1.530403135302734,90.4,27,綠,0,False,False,False,False,D
2020-11-09,13127.47,3696600.0,12.032563999257274,0.993876667401935,0.8537330722124441,20.58,12.0,155807094.0,-1.2230871556826406,93.2,27,綠,0,False,False,False,False,D
2020-11-10,13081.72,4774300.0,11.578050673936469,0.922084032250562,0.9456301354542884,20.44,8.799999999999999,155255338.0,-1.5728835155539644,89.60000000000001,27,綠,0,False,False,False,False,bull
2020-11-11,13262.19,5109800.0,13.051560234946804,1.1043932809467918,1.033509129275674,20.51,11.4,156427064.0,-0.8300452146264045,94.4,27,綠,0,False,False,False,False,bull
2020-11-12,13221.78,3935700.0,12.646490585111742,1.0366702987023868,1.087081247719571,19.28,3.5999999999999996,156071770.0,-1.0552906997396103,92.8,27,綠,0,False,False,False,False,bull
2020-11-13,13273.33,3526400.0,13.02327658596111,1.072483837179444,1.105265507681291,18.8,3.2,156853069.0,-0.5599711270098071,97.2,27,綠,0,False,False,False,False,bull
2020-11-16,13551.83,3858000.0,15.318316601172038,1.3598373459462902,1.1166824949048286,19.31,4.8,157754775.0,0.0,100.0,27,綠,0,False,False,False,False,bull
2020-11-17,13593.01,4123400.0,15.589516816616882,1.3799115822052004,1.0916985802229788,19.86,5.6000000000000005,156800962.0,-0.6046175147471764,96.4,27,綠,0,False,False,False,False,bull
2020-11-18,13773.29,4140300.0,17.029158715527117,1.553718537689114,1.0385413393682197,20.61,14.000000000000002,157701135.0,-0.0340021403472573,99.2,27,綠,0,False,False,False,False,bull
2020-11-19,13722.43,3973800.0,16.509812174034273,1.469731018476114,1.0379175247552683,19.47,5.2,158629237.0,0.0,100.0,27,綠,0,False,False,False,False,bull
2020-11-20,13716.44,3869400.0,16.370085970063457,1.434626745507729,1.056164162536711,19.13,4.3999999999999995,159599827.0,0.0,100.0,27,綠,0,False,False,False,False,bull
2020-11-23,13878.01,4442800.0,17.64392552394494,1.5850099110790394,1.082188738928907,19.81,6.4,160830511.0,0.0,100.0,27,綠,0,False,False,False,False,bull
2020-11-24,13807.13,5153400.0,16.952598550970336,1.478171789665419,1.135449483502737,19.56,6.4,160439438.0,-0.2431584638812719,99.6,27,綠,0,False,False,False,False,bull
2020-11-25,13738.83,5163800.0,16.289785984025297,1.375988521724815,1.182099996208402,19.23,5.2,161199881.0,0.0,100.0,28,綠,0,False,False,False,False,bull
2020-11-26,13845.66,4596800.0,17.107226141223915,1.4669096206876342,1.2158664334813207,17.42,0.8,163100647.0,0.0,100.0,28,綠,0,False,False,False,False,bull
2020-11-27,13867.09,4863800.0,17.199826206978784,1.4624582741033347,1.2635494321471985,17.61,1.2,164350260.0,0.0,100.0,28,綠,0,False,False,False,False,bull
2020-11-30,13722.89,7445200.0,15.896286790022666,1.2775599108740094,1.399034693641569,18.57,3.5999999999999996,166873754.0,0.0,100.0,28,綠,0,False,False,False,False,bull
2020-12-01,13885.67,6561000.0,17.179247452634257,1.431435203787983,1.466039344469355,18.57,3.8,168377017.0,0.0,100.0,28,綠,0,False,False,False,False,bull
2020-12-02,13989.14,6589100.0,17.955759536845687,1.5194961435789531,1.5294475351086878,18.87,6.0,169323847.0,0.0,100.0,28,綠,0,False,False,False,False,bull
2020-12-03,13977.09,6081000.0,17.758821860878875,1.4807606029295215,1.6003927393953383,17.67,1.6,169976743.0,0.0,100.0,28,綠,0,False,False,False,False,bull
2020-12-04,14132.44,6852600.0,18.9680361056243,1.625097943575066,1.6827405530942638,18.03,2.0,172790201.0,0.0,100.0,28,綠,0,False,False,False,False,bull
2020-12-07,14256.6,8157200.0,19.906653570970978,1.733611097628585,1.6906609566664308,19.1,7.199999999999999,173225512.0,0.0,100.0,28,綠,0,False,False,False,False,bull
2020-12-08,14360.4,6401000.0,20.663136040652994,1.8175716357093716,1.6713266908678974,18.53,4.3999999999999995,174748765.0,0.0,100.0,28,綠,0,False,False,False,False,bull
2020-12-09,14390.14,6287100.0,20.795802999303582,1.820647825202174,1.6454729752221111,18.11,2.8000000000000003,176623280.0,0.0,100.0,28,綠,0,False,False,False,False,bull
2020-12-10,14249.49,6332100.0,19.50607674003209,1.6395756088593798,1.638963964144753,18.4,4.8,176352340.0,-0.1533999368599654,99.6,28,綠,0,False,False,False,False,bull
2020-12-11,14261.69,6398300.0,19.49810415848735,1.6243374392773842,1.598336717182416,17.85,2.0,174971927.0,-0.934957724712167,99.2,28,綠,0,False,False,False,False,bull
2020-12-14,14211.05,5733400.0,18.969468407909893,1.5411112484092837,1.4705633826087572,18.64,7.199999999999999,177217096.0,0.0,100.0,28,綠,0,False,False,False,False,bull
2020-12-15,14068.52,6314600.0,17.67936557420655,1.3627856048714757,1.4490716536091128,18.15,3.5999999999999996,176163466.0,-0.5945419622495113,98.8,28,綠,0,False,False,False,False,bull
2020-12-16,14304.46,4861300.0,19.547194394128255,1.590666377620788,1.377193753467897,17.43,1.2,177458467.0,0.0,100.0,28,綠,0,False,False,False,False,bull
2020-12-17,14258.93,4300900.0,19.061963142430297,1.5153068738796411,1.2794052905966404,17.09,0.4,178080205.0,0.0,100.0,28,綠,0,False,False,False,False,bull
2020-12-18,14249.96,5686900.0,18.88584088653493,1.4799230850448857,1.2356247430289546,17.09,0.6,179123809.0,0.0,100.0,28,綠,0,False,False,False,False,bull
2020-12-21,14384.96,6280700.0,19.91014887912099,1.5978179839734052,1.2477364533867386,17.85,3.4000000000000004,180799547.0,0.0,100.0,28,綠,0,False,False,False,False,bull
2020-12-22,14177.46,8023200.0,18.09188589016625,1.3518006707455623,1.3089289475879908,20.55,22.4,179199058.0,-0.8852284347814212,99.6,28,綠,0,False,False,False,False,bull
2020-12-23,14223.09,5537300.0,18.38190296588711,1.3774114422786436,1.333039872992748,18.78,9.6,180885327.0,0.0,100.0,28,綠,0,False,False,False,False,bull
2020-12-24,14280.28,5380500.0,18.77157599738055,1.41413051205356,1.3691608139145997,17.86,4.0,182324600.0,0.0,100.0,28,綠,0,False,False,False,False,bull
2020-12-25,14331.42,5375300.0,19.10938333127269,1.4444455175649749,1.3430256227739783,17.22,1.2,184261341.0,0.0,100.0,30,綠,0,False,False,False,False,bull
2020-12-28,14483.07,6279800.0,20.271230934415595,1.58029421978679,1.3244902479551115,18.3,8.0,186790038.0,0.0,100.0,30,綠,0,False,False,False,False,bull
2020-12-29,14472.05,7396000.0,20.079483448655314,1.5432148744780354,1.276528045673297,18.03,5.0,185949806.0,-0.4498269870259355,99.6,30,綠,0,False,False,False,False,bull
2020-12-30,14687.7,6211900.0,21.761088074001265,1.7452447420000872,1.2908427958466626,18.39,8.799999999999999,187131498.0,0.0,100.0,30,綠,0,False,False,False,False,bull
2020-12-31,14732.53,5881100.0,22.021208908521192,1.7660323166892182,1.298221676002804,18.19,6.800000000000001,187358231.0,0.0,100.0,30,綠,0,False,False,False,False,bull
2021-01-04,14902.03,6487600.0,23.306862090344875,1.915577540506098,1.3304433725100382,18.93,14.000000000000002,190297046.0,0.0,100.0,30,綠,0,False,False,False,False,bull
2021-01-05,15000.03,6302200.0,23.994684110534607,1.9877020586095888,1.3196296069172748,18.86,13.6,190793486.0,0.0,100.0,30,綠,0,False,False,False,False,bull
2021-01-06,14983.13,7787000.0,23.736679940018515,1.9398204476553431,1.3157452075556804,20.71,30.2,188887027.0,-0.9992264620606596,99.2,30,綠,0,False,False,False,False,bull
2021-01-07,15214.0,5878900.0,25.51225317372756,2.145709041358934,1.2927627041962977,20.96,32.800000000000004,191847391.0,0.0,100.0,30,綠,0,False,False,False,False,bull
2021-01-08,15463.95,6192800.0,27.428506863706893,2.364724201631487,1.2939617956575975,22.52,56.00000000000001,192769659.0,0.0,100.0,30,綠,0,False,False,False,False,bull
2021-01-11,15557.3,5319100.0,28.051839903272143,2.417935939491349,1.2410891990151711,23.76,68.0,194744944.0,0.0,100.0,30,綠,0,False,False,False,False,bull
2021-01-12,15500.7,6399400.0,27.443712446664993,2.3187733019233683,1.231056324781299,23.89,69.6,191507530.0,-1.6623866753634438,98.8,30,綠,0,False,False,False,False,bull
2021-01-13,15769.98,5900400.0,29.495140032198396,2.545431542074855,1.1453141851438124,23.58,65.2,195212571.0,0.0,100.0,30,綠,0,False,False,False,False,bull
2021-01-14,15707.19,5571500.0,28.81761984980928,2.435791417129915,1.1256687479607936,22.94,60.0,198674900.0,0.0,100.0,30,綠,0,False,False,False,False,bull
2021-01-15,15616.39,6418300.0,27.913527241771913,2.3023289255382435,1.124488123710518,23.24,62.0,195440959.0,-1.6277551920247602,99.6,30,綠,0,False,False,False,False,bull
2021-01-18,15612.0,5431000.0,27.725185613607103,2.2593696101348124,1.1219935747156378,23.19,62.0,195938145.0,-1.3775041537708084,99.6,30,綠,0,False,False,False,False,bull
2021-01-19,15877.37,5516500.0,29.732668945413355,2.479413737573188,1.0844740000689446,23.38,65.60000000000001,198027971.0,-0.3256219079511302,99.6,30,綠,0,False,False,False,False,bull
2021-01-20,15806.18,7303000.0,28.99529316992635,2.3671054546433146,1.1241179581080631,22.86,59.2,193231918.0,-2.7396425013929795,97.6,30,綠,0,False,False,False,False,bull
2021-01-21,16153.77,5268500.0,31.66119828862718,2.6568531394153876,1.1073298792424426,24.9,80.4,194740341.0,-1.9804006444699356,97.6,30,綠,0,False,False,False,False,D
2021-01-22,16019.03,5023800.0,30.396051015534848,2.4806339262167794,1.0515935845820703,23.96,73.0,197772542.0,-0.4541882240786329,99.2,30,綠,0,False,False,False,False,D
2021-01-25,15946.54,4667900.0,29.642211612194785,2.3692317766560156,1.0211297978547955,25.81,84.0,199605953.0,0.0,100.0,34,黃紅,0,False,False,False,False,D
2021-01-26,15658.85,4526600.0,27.155788743520297,2.059021625997996,0.9800127486746044,25.21,84.0,198171989.0,-0.718397411724489,99.2,34,黃紅,0,False,False,False,False,D
2021-01-27,15701.45,4293000.0,27.35351199481592,2.06821367637507,0.8663471574794114,24.38,77.4,201011072.0,0.0,100.0,34,黃紅,0,False,False,False,False,D
2021-01-28,15415.88,5142300.0,24.875451239610904,1.7699410611065916,0.8570481329279229,26.48,88.4,200286762.0,-0.3603333850187118,99.6,34,黃紅,0,False,False,False,False,D
2021-01-29,15138.31,5546700.0,22.482425224174012,1.4832674406542936,0.8691700166033829,27.63,93.6,198191951.0,-1.4024705066992529,98.4,34,黃紅,0,False,False,False,False,D
2021-02-01,15410.09,4413200.0,24.51795067927887,1.718317154845039,0.8569373898273208,26.96,90.4,196354794.0,-2.316428619414556,96.8,34,黃紅,0,False,False,False,False,D
2021-02-02,15760.05,4965800.0,27.17292243242605,2.0209979065188226,0.869376695701205,26.3,88.2,194807092.0,-3.086387201596537,95.2,34,黃紅,0,False,False,False,False,D
2021-02-03,15771.32,5015900.0,27.091666716843672,2.0027353238359344,0.8945322727174116,24.89,81.2,194467085.0,-3.2555355955715717,94.0,34,黃紅,0,False,False,False,False,D
2021-02-04,15706.22,4217800.0,26.40585469851013,1.9132673295100775,0.863853055518061,23.84,72.0,193416254.0,-3.778308291396008,93.6,34,黃紅,0,False,False,False,False,D
2021-02-05,15802.4,4311100.0,27.00862365278581,1.9750417087815777,0.8187566094022942,22.59,56.39999999999999,189952641.0,-5.501403922665514,90.8,34,黃紅,0,False,False,False,False,D
2021-02-17,16362.29,5847800.0,31.306497487275397,2.4571803265425527,0.8640255677560611,22.69,58.2,193048987.0,-3.96101812739947,92.8,34,黃紅,0,False,False,False,False,D
2021-02-18,16424.51,5808600.0,31.604704409916184,2.4707393798194173,0.8887961470875825,22.46,54.400000000000006,196422393.0,-2.282799128597255,96.8,34,黃紅,0,False,False,False,False,bull
2021-02-19,16341.38,5567600.0,30.747217928562065,2.3535409724042156,0.904414714955608,22.92,61.6,199702597.0,-0.6509467299393339,99.2,34,黃紅,0,False,False,False,False,bull
2021-02-22,16410.16,6377000.0,31.103746229134305,2.3759890772018233,0.973868717301006,23.76,72.2,203048919.0,0.0,100.0,34,黃紅,0,False,False,False,False,bull
2021-02-23,16443.4,6508000.0,31.175316508534788,2.366910498611141,1.04283585036142,23.65,69.6,205162372.0,0.0,100.0,34,黃紅,0,False,False,False,False,bull
2021-02-24,16212.53,6503200.0,29.150228232984738,2.12374356220843,1.0574968934456144,24.6,82.39999999999999,205090123.0,-0.0352155218794214,99.6,34,黃紅,0,False,False,False,False,bull
2021-02-25,16452.18,6958100.0,30.85901756534178,2.302187072171185,1.0891623501667589,23.33,67.60000000000001,207647124.0,0.0,100.0,37,黃紅,0,False,False,False,False,bull
2021-02-26,15953.8,7625000.0,26.72581732814278,1.82282915148072,1.151284922512091,26.26,92.0,209209692.0,0.0,100.0,37,黃紅,0,False,False,False,False,bull
2021-03-02,15946.88,6314300.0,26.501161319067673,1.7885156397890851,1.145438269554496,26.64,93.6,207401442.0,-0.8643242015766651,99.2,37,黃紅,0,False,False,False,False,bull
2021-03-03,16211.73,5473300.0,28.417726952788037,1.9939435840665165,1.1077527031334022,23.71,71.6,208611375.0,-0.2859891405031082,99.6,37,黃紅,0,False,False,False,False,bull
2021-03-04,15906.41,5822900.0,25.82491666548801,1.696119876692409,1.0819147649112115,25.38,89.2,210623996.0,0.0,100.0,37,黃紅,0,False,False,False,False,bull
2021-03-05,15855.23,4705600.0,25.249060720716937,1.6269814576054316,1.0139958344386937,25.48,89.2,211431492.0,0.0,100.0,37,黃紅,0,False,False,False,False,bull
2021-03-08,15820.11,4746800.0,24.79865155537055,1.573052777310033,0.92123846660528,24.9,85.39999999999999,211823369.0,0.0,100.0,37,黃紅,0,False,False,False,False,bull
2021-03-09,15853.09,5441900.0,24.879095303299387,1.5797154275168197,0.8944522139745672,24.93,86.0,214392438.0,0.0,100.0,37,黃紅,0,False,False,False,False,bull
2021-03-10,15911.67,4340600.0,25.153577447313175,1.6083062727463524,0.8600283383509871,23.17,63.6,214442225.0,0.0,100.0,37,黃紅,0,False,False,False,False,bull
2021-03-11,16179.56,5113400.0,27.066705859774693,1.8198229954377363,0.8398547829361326,21.61,36.8,215825802.0,0.0,100.0,37,黃紅,0,False,False,False,False,bull
2021-03-12,16255.18,4907000.0,27.465871134116657,1.8589669532982112,0.8547876235917303,20.38,20.8,215831664.0,0.0,100.0,37,黃紅,0,False,False,False,False,bull
2021-03-15,16249.33,4681700.0,27.231055266406823,1.826051114586135,0.856795174433948,20.64,30.0,218622587.0,0.0,100.0,37,黃紅,0,False,False,False,False,bull
2021-03-16,16313.16,5049000.0,27.531472555891856,1.8544483790965307,0.8461011210897509,19.16,16.0,219279686.0,0.0,100.0,37,黃紅,0,False,False,False,False,bull
2021-03-17,16215.82,4911400.0,26.563183891513503,1.7437822294760197,0.8697640395844765,18.46,10.0,219823995.0,0.0,100.0,37,黃紅,0,False,False,False,False,bull
2021-03-18,16287.84,5694800.0,26.91591578713391,1.7827517236504629,0.8921125264017209,16.74,0.4,221271582.0,0.0,100.0,37,黃紅,0,False,False,False,False,bull
2021-03-19,16070.24,6753400.0,25.018654496237545,1.568212355687203,0.9544966075637764,18.05,6.0,222088148.0,0.0,100.0,37,黃紅,0,False,False,False,False,bull
2021-03-22,16189.22,7093200.0,25.71865300443448,1.6558700037490088,1.0370922410899,17.76,4.0,225596256.0,0.0,100.0,37,黃紅,0,False,False,False,False,bull
2021-03-23,16177.59,7291400.0,25.39274237867191,1.6308121154752475,1.10803255127623,17.7,4.0,225031013.0,-0.2505551333263261,99.6,37,黃紅,0,False,False,False,False,bull
2021-03-24,16032.12,5549900.0,24.02240296935633,1.4921708720073723,1.1262277963441223,18.57,12.8,227128377.0,0.0,100.0,37,黃紅,0,False,False,False,False,bull
2021-03-25,16060.14,5947800.0,23.985164030633307,1.5139802737692607,1.1341692060059114,18.06,7.4,228048637.0,0.0,100.0,40,紅,0,False,False,False,False,bull
2021-03-26,16305.88,5404200.0,25.60739278327173,1.7415438565515855,1.0900482052172429,17.31,2.4,229766669.0,0.0,100.0,40,紅,0,False,False,False,False,bull
2021-03-29,16475.97,6897800.0,26.61353630455648,1.9146903099761197,1.086791384392389,18.67,15.2,230197160.0,0.0,100.0,40,紅,0,False,False,False,False,bull
2021-03-30,16554.9,5851100.0,26.93444703654851,1.992910780286094,1.0354990822489454,17.92,6.4,231312242.0,0.0,100.0,40,紅,0,False,False,False,False,bull
2021-03-31,16431.13,5865500.0,25.694729261080735,1.884668716658087,1.0450457676577545,17.63,4.0,232107089.0,0.0,100.0,40,紅,0,False,False,False,False,bull
2021-04-01,16571.28,5687600.0,26.484868413887863,2.0257938782923235,1.0350321855700635,17.1,1.6,232812929.0,0.0,100.0,40,紅,0,False,False,False,False,bull
2021-04-07,16815.36,6682200.0,28.067502502011475,2.264472592744423,1.078300775438399,16.94,0.8,236102460.0,0.0,100.0,40,紅,0,False,False,False,False,bull
2021-04-08,16926.44,7382600.0,28.63174219969,2.365730283674625,1.09521516946154,16.38,0.4,239495053.0,0.0,100.0,40,紅,0,False,False,False,False,bull
2021-04-09,16854.1,8624700.0,27.804021335207068,2.281589600422341,1.1834631872050063,16.89,1.2,240178019.0,0.0,100.0,40,紅,0,False,False,False,False,bull
2021-04-12,16859.7,9009000.0,27.56672255540395,2.2824496060153567,1.2805699170545533,17.32,4.8,242958854.0,0.0,100.0,40,紅,0,False,False,False,False,bull
2021-04-13,16824.91,10350300.0,27.029872723616283,2.2397061671416387,1.4245725736826562,17.78,8.0,242012027.0,-0.389706727872531,99.6,40,紅,0,False,False,False,False,bull
2021-04-14,16865.97,10140000.0,27.063499534072555,2.280265244463133,1.5251938893841792,17.96,10.0,240764227.0,-0.903291633076274,99.2,40,紅,0,False,False,False,False,bull
2021-04-15,17076.73,7006700.0,28.370536089277103,2.5015731517576607,1.5158989741053337,18.34,15.6,245359107.0,0.0,100.0,40,紅,0,False,False,False,False,bull
2021-04-16,17158.81,7912900.0,28.710353880355967,2.58009836697725,1.483543927530992,18.25,13.6,247778385.0,0.0,100.0,40,紅,0,False,False,False,False,bull
2021-04-19,17263.28,10158100.0,29.217720598594255,2.680142685859392,1.5053094465589492,18.97,23.200000000000003,253719982.0,0.0,100.0,40,紅,0,False,False,False,False,bull
2021-04-20,17323.87,9165400.0,29.392139489537456,2.733864287823094,1.4508054246134277,18.71,20.4,254654899.0,0.0,100.0,40,紅,0,False,False,False,False,bull
2021-04-21,17202.11,9427000.0,28.212873927228394,2.583559555189019,1.4158220808192534,18.75,20.8,259367710.0,0.0,100.0,40,紅,0,False,False,False,False,bull
2021-04-22,17096.97,14999500.0,27.163934629366945,2.454572371834841,1.6347673925563089,19.34,27.200000000000003,255100041.0,-1.6454126074521769,99.6,40,紅,0,False,False,False,False,bull
2021-04-23,17300.27,9329900.0,28.409864041817233,2.673093432733119,1.6631229673077284,18.59,19.2,259846969.0,0.0,100.0,40,紅,0,False,False,False,False,bull
2021-04-26,17572.29,9298000.0,30.15358201040657,2.965395324725089,1.6239633471748076,19.45,28.000000000000004,267790795.0,0.0,100.0,40,紅,0,False,False,False,False,bull
2021-04-27,17595.9,9687900.0,30.05025266108012,2.9695719210285763,1.6223150354936429,19.79,29.2,268507291.0,0.0,100.0,40,紅,0,False,False,False,False,C
2021-04-28,17567.53,10510700.0,29.573554382683565,2.908288609856398,1.6347219733529323,19.98,30.4,271712406.0,0.0,100.0,40,紅,0,False,False,False,False,C
2021-04-29,17566.66,10991600.0,29.30086921838158,2.8806106021412825,1.4990062912321436,18.76,21.6,274063216.0,0.0,100.0,40,紅,0,False,False,False,False,C
2021-05-03,17222.35,11037100.0,26.508278660737787,2.455616146087458,1.52826948402482,21.42,45.6,269119473.0,-1.803869586059298,99.2,40,紅,0,False,False,False,False,C
2021-05-04,16933.78,12968600.0,24.146862658346443,2.0942919152620787,1.6056117195090498,23.34,73.6,260221949.0,-5.050392096398664,98.0,40,紅,0,False,False,False,False,C
2021-05-05,16843.44,8435500.0,23.25045273143791,1.9708504244566352,1.5549785005645105,24.94,89.0,260231912.0,-5.046756803729545,98.0,40,紅,0,False,False,False,False,C
2021-05-06,16994.36,9028200.0,24.113327870067135,2.148728395371132,1.4960659861080878,21.55,47.599999999999994,259788424.0,-5.208576403773938,96.8,40,紅,0,False,False,False,False,C
2021-05-07,17285.0,8356000.0,25.98868683547892,2.4990651456807154,1.4073162912676478,20.23,32.4,264298597.0,-3.5629075446593315,98.0,40,紅,0,False,False,False,False,C
2021-05-10,17235.61,9059300.0,25.386695323805597,2.4163067007949697,1.33910734759485,19.64,29.6,270229503.0,-1.3988425940385958,99.2,40,紅,0,False,False,False,False,C
2021-05-11,16583.13,12909700.0,20.436341970945833,1.546574052256589,1.3148793973236703,26.59,95.6,257587189.0,-6.011761534608862,95.2,40,紅,0,False,False,False,False,C
2021-05-12,15902.37,13913300.0,15.327758737818789,0.6243426379107276,1.434354191897534,38.94,100.0,244639968.0,-10.735934734123532,92.8,40,紅,0,False,False,False,False,C
2021-05-13,15670.1,10615100.0,13.4803428214789,0.2883857180951337,1.4585954742468157,34.02,99.6,236636884.0,-13.656094585126668,90.4,40,紅,0,False,False,False,False,C
2021-05-14,15827.09,9406800.0,14.449733956898204,0.4671076609886108,1.4722127551901585,32.45,99.2,230817194.0,-15.779579117250089,88.0,40,紅,0,False,False,False,False,C
2021-05-17,15353.89,9443500.0,10.88104729769888,-0.1917624946122206,1.4655238027461883,38.67,99.6,214595444.0,-21.698560232906264,82.39999999999999,40,紅,0,False,False,False,False,C
2021-05-18,16145.98,7546900.0,16.42293018456502,0.84146275132949,1.3166543283396863,32.29,98.4,216265090.0,-21.089340935122063,83.2,40,紅,0,False,False,False,False,C
2021-05-19,16132.66,8707800.0,16.151631955102626,0.7953219245161811,1.174829613247554,30.97,98.0,218632614.0,-20.22548038697758,83.6,40,紅,0,False,False,False,False,C
2021-05-20,16042.36,8178100.0,15.334448519522672,0.6443570142499471,1.1065933848198175,29.63,97.6,216571322.0,-20.977603211078133,82.8,40,紅,0,False,False,False,False,C
2021-05-21,16302.06,7531400.0,17.019048184605808,0.972815377620989,1.054235283709047,28.04,96.8,219988990.0,-19.730566833894265,84.39999999999999,40,紅,0,False,False,False,False,C
2021-05-24,16338.29,7333500.0,17.09755470243679,0.9968436092659086,0.9984886282936066,27.93,96.4,222034058.0,-18.98436381188784,84.8,40,紅,0,False,False,False,False,C
2021-05-25,16595.67,9038500.0,18.744266858275456,1.3321027122578897,1.030864331435689,25.85,88.4,222993954.0,-18.634117611755677,85.2,41,紅,0,False,False,False,False,C
2021-05-26,16643.69,6816100.0,18.889521924127617,1.3766560036982178,0.9824081682134728,24.12,77.2,225719102.0,-17.639767461533403,86.0,41,紅,0,False,False,False,False,C
2021-05-27,16601.61,8532000.0,18.39066956575303,1.2975090101858249,0.9880732992310736,24.2,77.60000000000001,226935645.0,-17.195876078459214,86.0,41,紅,0,False,False,False,False,C
2021-05-28,16870.86,8549300.0,20.104848537210337,1.6658050928631865,1.0117350790720303,23.17,65.0,233365365.0,-14.849804214513778,89.2,41,紅,0,False,False,False,False,C
2021-05-31,17068.43,9490500.0,21.29856705883454,1.9360798185835648,1.058886365338059,23.88,74.8,234047805.0,-14.60079597110179,89.60000000000001,41,紅,0,False,False,False,False,C
2021-06-01,17162.38,7821200.0,21.75323961298737,2.0539465862859783,1.023506685992542,22.03,52.8,241873188.0,-11.745475540212592,91.6,41,紅,0,False,False,False,False,C
2021-06-02,17165.04,9368700.0,21.552946687385635,2.0431058458458367,1.0789868125532545,22.36,57.2,240498196.0,-12.247181686724424,90.8,41,紅,0,False,False,False,False,C
2021-06-03,17246.16,8355400.0,21.90725692394208,2.151054243793362,1.066633764830044,21.41,41.6,245958470.0,-10.254840620420946,93.2,41,紅,0,False,False,False,False,C
2021-06-04,17147.41,8595000.0,20.998816115543153,1.9810060869360664,1.059437789523462,22.41,57.599999999999994,246356191.0,-10.109720452233182,93.2,41,紅,0,False,False,False,False,C
2021-06-07,17083.91,8683700.0,20.344575469410707,1.8616014154571932,1.0330704862419902,23.29,67.2,245921177.0,-10.268448064916528,92.4,41,紅,0,False,False,False,False,C
2021-06-08,17076.21,5658700.0,20.082850578456927,1.8309047989276237,0.9783108199687384,22.69,61.0,247496957.0,-9.693478529420744,93.2,41,紅,0,False,False,False,False,C
2021-06-09,16966.22,6310000.0,19.107555493951843,1.637615561248541,0.9025534841130812,21.82,47.2,247956857.0,-9.52567052996999,93.6,41,紅,0,False,False,False,False,C
2021-06-10,17159.22,6582700.0,20.257143325698493,1.921256604794057,0.857131750446895,19.45,28.6,248038908.0,-9.495731816852066,93.6,41,紅,0,False,False,False,False,C
2021-06-11,17213.52,6154800.0,20.432238613637093,1.9854135402254975,0.7964182142353126,17.73,7.6,251459915.0,-8.24747710761739,93.6,41,紅,0,False,False,False,False,C
2021-06-15,17371.29,6317500.0,21.33059072711096,2.2148958301533384,0.7381183834470562,16.64,0.8,256269364.0,-6.492608625011538,94.8,41,紅,0,False,False,False,False,C
2021-06-16,17307.86,7962000.0,20.688130965448572,2.0812305424370448,0.7881516715636611,18.05,12.2,253970327.0,-7.331479683139966,93.6,41,紅,0,False,False,False,False,C
2021-06-17,17390.61,6398800.0,21.06554066046352,2.187669233808712,0.7891568221227846,17.1,3.4000000000000004,260074832.0,-5.104072047377565,96.4,41,紅,0,False,False,False,False,C
2021-06-18,17318.54,7976600.0,20.372487337776334,2.036328298009345,0.8201013336087185,17.27,5.0,262606750.0,-4.180227528235676,97.2,41,紅,0,False,False,False,False,C
2021-06-21,17062.98,7503200.0,18.41758499103689,1.5790947698753568,0.851183886920305,21.22,42.8,263972139.0,-3.682025317837619,97.2,41,紅,0,False,False,False,False,C
2021-06-22,17075.55,8917000.0,18.328906004440775,1.567854298745064,0.9094774189750968,19.9,33.6,264833958.0,-3.3675653868120707,97.6,41,紅,0,False,False,False,False,C
2021-06-23,17336.71,8083500.0,19.94580586675798,1.974696729407483,0.9078307468236572,19.31,29.799999999999997,262707409.0,-4.1434991407237955,96.4,41,紅,0,False,False,False,False,C
2021-06-24,17407.96,6453900.0,20.23983370836993,2.06627779241233,0.9082229279973314,18.14,14.8,269060717.0,-1.825308435408567,98.4,41,紅,0,False,False,False,False,C
2021-06-25,17502.99,6766700.0,20.689592828757792,2.2019344268550105,0.8776748300794264,18.82,26.0,272030069.0,-0.7418532956279693,99.6,41,紅,0,False,False,False,False,C
2021-06-28,17590.97,7091900.0,21.093202133382952,2.31865976711734,0.8677791662919745,19.37,31.6,280289200.0,0.0,100.0,41,紅,0,False,False,False,False,C
2021-06-29,17598.19,8437900.0,20.94097655852433,2.299493794068161,0.8523636335586985,20.1,36.0,276613307.0,-1.3114643732259397,99.6,41,紅,0,False,False,False,False,C
2021-06-30,17755.46,7979400.0,21.813939977556736,2.5388277514214885,0.8465039652961445,19.67,34.0,286850018.0,0.0,100.0,41,紅,0,False,False,False,False,bull
2021-07-01,17713.94,9647200.0,21.323856545079305,2.4329319756346233,0.9131550331227444,19.82,35.199999999999996,284114788.0,-0.9535401179580892,99.6,41,紅,0,False,False,False,False,bull
2021-07-02,17710.15,8973200.0,21.094294558601288,2.3936492000823297,0.9594343086991548,19.14,29.2,289131431.0,0.0,100.0,41,紅,0,False,False,False,False,bull
2021-07-05,17919.33,7425200.0,22.313588731981028,2.7248572289621387,0.96694651017291,19.14,29.4,298062239.0,0.0,100.0,41,紅,0,False,False,False,False,bull
2021-07-06,17913.07,6634400.0,22.0624860670915,2.6748549839988836,0.9293881628121912,18.94,27.6,298634866.0,0.0,100.0,41,紅,0,False,False,False,False,bull
2021-07-07,17850.69,6893400.0,21.428638461974472,2.5291665598579627,0.9082244975397192,19.98,37.8,295537905.0,-1.037039325475144,99.2,41,紅,0,False,False,False,False,bull
2021-07-08,17866.09,8078500.0,21.32723541799301,2.520132044448596,0.8760284858452456,19.84,36.8,299350679.0,0.0,100.0,41,紅,0,False,False,False,False,bull
2021-07-09,17661.48,6565500.0,19.743947656791583,2.1136447883083997,0.8262025771105191,20.41,40.0,295462211.0,-1.2989674895643046,98.4,41,紅,0,False,False,False,False,bull
2021-07-12,17814.33,6898800.0,20.5837500254816,2.3503748909248245,0.8141547997438641,19.71,35.6,299252325.0,-0.0328557798260414,99.6,41,紅,0,False,False,False,False,bull
2021-07-13,17847.52,8913100.0,20.614480318900295,2.370841288845174,0.8653797586159225,19.64,35.0,293348324.0,-2.005124899015178,97.6,41,紅,0,False,False,False,False,bull
2021-07-14,17845.75,7380100.0,20.416031598041187,2.3245684758433653,0.8813841492485857,19.47,34.2,291249246.0,-2.7063352677412835,97.2,41,紅,0,False,False,False,False,bull
2021-07-15,18034.19,5697300.0,21.492729015005786,2.626553591573539,0.8315125205431422,18.85,26.4,296486929.0,-0.9566539182628678,98.4,41,紅,0,False,False,False,False,D
2021-07-16,17895.25,6709700.0,20.37101645573044,2.332006415953323,0.8393519360848556,18.54,20.4,295688780.0,-1.2232806727657364,98.0,41,紅,0,False,False,False,False,D
2021-07-19,17789.25,5948000.0,19.478106333243833,2.0974130887645654,0.8317259730629211,20.81,47.8,299927555.0,0.0,100.0,41,紅,0,False,False,False,False,D
2021-07-20,17528.74,6263700.0,17.55616028579525,1.5854912738858415,0.7728679366731739,23.24,73.8,295615548.0,-1.4376828431118975,97.2,41,紅,0,False,False,False,False,D
2021-07-21,17458.79,7703300.0,16.92245979676098,1.4250016770087308,0.7831880225524163,22.53,68.0,293773592.0,-2.051816479482854,96.0,41,紅,0,False,False,False,False,D
2021-07-22,17572.33,6900500.0,17.51400650103738,1.600136971062974,0.8169406031069144,20.54,43.2,294621287.0,-1.7691832282632385,96.0,41,紅,0,False,False,False,False,D
2021-07-23,17572.92,6686500.0,17.349381806812648,1.5684483103997764,0.8227645777198012,19.9,39.8,296455441.0,-1.1576508867282966,97.6,41,紅,0,False,False,False,False,D
2021-07-26,17403.56,5927200.0,16.055799395965387,1.2330586214226105,0.8308653254788326,21.81,58.4,298020214.0,-0.6359339007714713,98.0,40,紅,0,False,False,False,False,D
2021-07-27,17269.87,6079500.0,15.008190655974868,0.9635057757435536,0.8348533797684013,21.9,59.599999999999994,296570707.0,-1.119219606214574,97.6,40,紅,0,False,False,False,False,D
2021-07-28,17135.22,6728900.0,13.960902719654705,0.6941792719490381,0.8211276005098609,24.21,86.0,289517961.0,-3.4707027835438464,93.2,40,紅,0,False,False,False,False,D
2021-07-29,17402.81,5660700.0,15.586651013288302,1.142998233821684,0.7942974850576877,20.94,50.8,291602781.0,-2.7755949265815207,93.6,40,紅,0,False,False,False,False,D
2021-07-30,17247.41,6577000.0,14.409396726978535,0.841045465178679,0.7956525061860722,22.02,63.0,291466562.0,-2.8210122274360554,93.2,40,紅,0,False,False,False,False,D
2021-08-02,17503.28,5186900.0,15.950085579108286,1.2662986225195645,0.7819401727270572,20.6,44.8,291966515.0,-2.654320974276605,93.6,40,紅,0,False,False,False,False,D
2021-08-03,17553.76,4533200.0,16.122954501647577,1.332118286641918,0.7492561099540335,20.59,44.8,292985833.0,-2.314466238355459,93.6,40,紅,0,False,False,False,False,D
2021-08-04,17623.89,5817500.0,16.43174165568588,1.4293659826646576,0.7368256531934183,20.42,42.8,293619248.0,-2.103276906318261,94.0,40,紅,0,False,False,False,False,D
2021-08-05,17603.12,6348300.0,16.140566309390376,1.365704958732339,0.7679086805173817,19.38,34.0,293909481.0,-2.0065092051979017,94.4,40,紅,0,False,False,False,False,D
2021-08-06,17526.28,5686300.0,15.481661451963795,1.20053709499297,0.7522137313294393,20.01,41.6,293561681.0,-2.1224705412612055,93.2,40,紅,0,False,False,False,False,D
2021-08-09,17485.15,5189400.0,15.06622881550847,1.099467821318993,0.7595647318482369,21.31,54.6,290197545.0,-3.2441200675943227,90.4,40,紅,0,False,False,False,False,D
2021-08-10,17323.64,4788400.0,13.863726852894532,0.7873611294452688,0.7748744502121191,21.1,53.6,285274027.0,-4.8856891458339,88.8,40,紅,0,False,False,False,False,D
2021-08-11,17227.18,5654700.0,13.089558058843805,0.5874388976155238,0.7737386044304697,20.92,52.8,278085058.0,-7.2825909576730945,87.6,40,紅,0,False,False,False,False,D
2021-08-12,17219.94,4227200.0,12.908317633558466,0.5461890453055519,0.7219586087615129,19.28,32.2,280174691.0,-6.585878379864098,87.6,40,紅,0,False,False,False,False,D
2021-08-13,16982.11,5206300.0,11.226972481650655,0.1228724708778278,0.713386165158033,20.46,44.8,277783137.0,-7.383255599839768,86.8,40,紅,0,False,False,False,False,D
2021-08-16,16858.77,4958100.0,10.305125871858785,-0.0986810926289172,0.7111434581385054,21.13,55.2,273298269.0,-8.878572693996055,85.6,40,紅,0,False,False,False,False,D
2021-08-17,16661.36,4136900.0,8.904259930159029,-0.433838770041909,0.6978105412293605,23.46,81.2,269314502.0,-10.206815775896285,84.0,40,紅,0,False,False,False,False,D
2021-08-18,16826.27,5284900.0,9.869210071730269,-0.1744631292756275,0.6933984411681848,20.62,48.0,270077735.0,-9.952343325040609,84.0,40,紅,0,False,False,False,False,D
2021-08-19,16375.4,5329700.0,6.82488852561877,-0.8884434033795154,0.7281272016480047,24.18,85.6,267133785.0,-10.933897020565515,81.6,40,紅,0,False,False,False,False,D
2021-08-20,16341.94,4562600.0,6.5045740434874,-0.9223687553498032,0.716239713471065,26.52,93.2,265704696.0,-11.41037508207607,81.2,40,紅,0,False,False,False,False,D
2021-08-23,16741.84,4379900.0,8.997770286135314,-0.2999684845524312,0.7064205891757607,22.44,69.6,270259633.0,-9.891696013058889,84.39999999999999,40,紅,0,False,False,False,False,D
2021-08-24,16818.73,5515800.0,9.383756970762374,-0.1845522046453164,0.7549872477017257,20.78,50.8,268544853.0,-10.463427409995724,82.0,40,紅,0,False,False,False,False,D
2021-08-25,17045.86,4501500.0,10.743115589166546,0.1534945009502229,0.7375415837227386,20.64,49.0,269299032.0,-10.211973688112783,82.8,38,紅,0,False,False,False,False,D
2021-08-26,17066.96,4595100.0,10.759457320348956,0.1739124892853816,0.7239807275747772,20.38,41.8,271668828.0,-9.421850886624938,84.39999999999999,38,紅,0,False,False,False,False,D
2021-08-27,17209.93,4252800.0,11.558962422391089,0.3778500992845683,0.722046073143931,19.93,39.2,269534976.0,-10.13330669134418,82.8,38,紅,0,False,False,False,False,D
2021-08-30,17396.52,3860100.0,12.621486959427596,0.6375095410650655,0.7146590437374996,19.46,33.2,269995592.0,-9.979730938692844,82.8,38,紅,0,False,False,False,False,D
2021-08-31,17490.29,4900300.0,13.085558401034438,0.7565157717672212,0.7022658946930431,19.16,28.6,268234002.0,-10.567069437818075,79.60000000000001,38,紅,0,False,False,False,False,D
2021-09-01,17473.99,4520700.0,12.839306354624924,0.7149006620960533,0.7049993070751083,19.18,29.2,267554611.0,-10.793587804895086,78.8,38,紅,0,False,False,False,False,D
2021-09-02,17319.76,4558000.0,11.711732965196529,0.467529535080913,0.707106357168425,19.0,26.4,267304376.0,-10.877019618954318,78.4,38,紅,0,False,False,False,False,D
2021-09-03,17516.92,4494700.0,12.847045934815943,0.7365442879704583,0.7188524779239116,19.09,26.8,268328004.0,-10.53572786935165,79.60000000000001,38,紅,0,False,False,False,False,D
2021-09-06,17495.3,5068400.0,12.57148588230683,0.682877680679312,0.7599582286224322,18.89,25.2,266960555.0,-10.99165430131953,77.2,38,紅,0,False,False,False,False,D
2021-09-07,17428.87,4347400.0,12.008556399307787,0.5648682639093656,0.7460640829363949,19.03,27.200000000000003,265162531.0,-11.591140400554394,76.4,38,紅,0,False,False,False,False,D
2021-09-08,17270.49,4088600.0,10.857368981052783,0.316066077649655,0.7397906991172041,19.38,34.2,262952042.0,-12.328148042283075,74.8,38,紅,0,False,False,False,False,D
2021-09-09,17304.33,3138500.0,10.943521599813453,0.3504202851831948,0.6994688859842155,19.55,36.8,263146821.0,-12.263206026535308,74.8,38,紅,0,False,False,False,False,D
2021-09-10,17474.57,3450400.0,11.89795606076451,0.5803489532829863,0.673315688739536,18.31,16.0,264265779.0,-11.890129934877107,75.2,38,紅,0,False,False,False,False,D
2021-09-13,17446.31,3675300.0,11.582997594250386,0.5238978745807502,0.633404265949042,16.88,1.6,264653896.0,-11.760726352735414,75.6,38,紅,0,False,False,False,False,D
2021-09-14,17434.9,3725300.0,11.373342877482036,0.4927459966763984,0.6214395101295317,17.09,3.2,264274494.0,-11.88722423319858,74.8,38,紅,0,False,False,False,False,D
2021-09-15,17354.0,3839700.0,10.72209916094597,0.3624459572794465,0.6204259080327242,17.56,7.6,264050373.0,-11.961949278051495,74.0,38,紅,0,False,False,False,False,D
2021-09-16,17278.7,3781900.0,10.11197734320477,0.2427454305145157,0.6478348341362424,17.31,6.2,264266555.0,-11.889871205731664,74.4,38,紅,0,False,False,False,False,D
2021-09-17,17276.79,4564600.0,9.96894638307542,0.2252096369606971,0.6913592157903204,17.14,4.8,264378901.0,-11.852413493651826,75.2,38,紅,0,False,False,False,False,D
2021-09-22,16925.82,4648700.0,7.618963169087781,-0.2749746101092317,0.7309706390983124,21.71,62.0,263579380.0,-12.118984866195438,72.39999999999999,38,紅,0,False,False,False,False,D
2021-09-23,17078.22,3706500.0,8.466521070285845,-0.071766062383827,0.7406850509186267,19.91,44.4,263626185.0,-12.10337943107628,72.39999999999999,38,紅,0,False,False,False,False,D
2021-09-24,17260.19,3963900.0,9.497831496081016,0.1660285372310166,0.7542643991335245,19.19,33.6,265237980.0,-11.56598465919545,76.4,38,紅,0,False,False,False,False,D
2021-09-27,17313.77,4368100.0,9.713345117744897,0.2250306961645777,0.7883175667717977,19.77,42.0,266204586.0,-11.243704833988994,76.8,39,紅,0,False,False,False,False,D
2021-09-28,17181.44,3676400.0,8.758889366687367,0.0335707696155767,0.7679443678165254,20.58,51.8,266685702.0,-11.083294097469636,76.8,39,紅,0,False,False,False,False,D
2021-09-29,16855.46,4613200.0,6.587942583459988,-0.4116912830139981,0.7734405690944263,23.01,75.6,265575908.0,-11.453314784631909,75.6,39,紅,0,False,False,False,False,D
2021-09-30,16934.77,4145900.0,6.979630063950674,-0.3060580649120431,0.79644286838319,22.3,70.0,266014824.0,-11.30697411246526,76.0,39,紅,0,False,False,False,False,D
2021-10-01,16570.89,5034000.0,4.581162972113806,-0.78606796729366,0.8424880820873162,24.54,86.4,259424153.0,-13.504395086340098,66.0,39,紅,0,False,False,False,False,D
2021-10-04,16408.35,4455400.0,3.457075587554593,-0.9861051576100736,0.8558248891667559,25.4,90.0,253184985.0,-15.58462009267538,62.8,39,紅,0,False,False,False,False,D
2021-10-05,16460.75,4344700.0,3.6860842461467014,-0.9026354037346298,0.8883288199069137,24.91,87.6,251601551.0,-16.112558914435187,62.4,39,紅,0,False,False,False,False,D
2021-10-06,16393.16,3980200.0,3.153026966426116,-0.9728758819985486,0.8717769737453681,25.44,90.0,251252047.0,-16.229088387694155,61.6,39,紅,0,False,False,False,False,D
2021-10-07,16713.86,3979100.0,5.052530514156532,-0.5580755707668624,0.8795111719302542,23.57,78.8,251040817.0,-16.29951539464255,61.2,39,紅,0,False,False,False,False,D
2021-10-08,16640.43,3630500.0,4.481257631706583,-0.6431223759449289,0.8333794848267173,24.36,84.39999999999999,251374377.0,-16.188301871763667,61.6,39,紅,0,False,False,False,False,D
2021-10-12,16462.84,3840700.0,3.2626017884782255,-0.8533256560981093,0.8133989758748921,25.24,88.8,248810833.0,-17.043022939322796,60.4,39,紅,0,False,False,False,False,D
2021-10-13,16347.99,3780500.0,2.4437054762671084,-0.979291188441471,0.7982064488206015,24.13,82.39999999999999,247276575.0,-17.554565801731687,58.4,39,紅,0,False,False,False,False,D
2021-10-14,16387.28,3823900.0,2.5911930222963724,-0.914272128786416,0.7975781370993734,22.32,66.8,246508125.0,-17.284763442254288,57.99999999999999,39,紅,0,False,False,False,False,D
2021-10-15,16781.19,3616300.0,4.9500859640354715,-0.4293230409504883,0.7896845877883826,20.17,47.599999999999994,246382510.0,-17.326913267702036,57.599999999999994,39,紅,0,False,False,False,False,D
2021-10-18,16705.46,4145800.0,4.373095929150721,-0.5114650411487393,0.8217467337650878,20.45,50.4,245515713.0,-17.61776501509391,56.00000000000001,39,紅,0,False,False,False,False,D
2021-10-19,16900.67,3873500.0,5.486931516199844,-0.272168858038872,0.8321304420692973,19.56,40.2,245744911.0,-17.540858151319895,56.00000000000001,39,紅,0,False,False,False,False,D
2021-10-20,16887.82,3633300.0,5.303355750674686,-0.282847123401454,0.834952057792308,19.37,36.6,246685086.0,-17.225384584147704,57.99999999999999,39,紅,0,False,False,False,False,D
2021-10-21,16889.51,4307800.0,5.21044000407098,-0.277332595159109,0.8611959870065646,18.88,27.6,247999714.0,-16.377542303933613,59.599999999999994,39,紅,0,False,False,False,False,D
2021-10-22,16888.74,3796200.0,5.101689793344046,-0.2728826856739202,0.8764461150917965,19.17,33.6,248501531.0,-15.449637706651592,60.0,39,紅,0,False,False,False,False,D
2021-10-25,16894.24,3360900.0,5.029601837652489,-0.2587724775749463,0.8522374281536585,19.72,43.6,324572308.0,0.0,100.0,38,紅,0,False,False,False,False,D
2021-10-26,17034.34,3828200.0,5.787890081767106,-0.0900349999083242,0.8560750636731762,18.84,26.4,251136823.0,-22.625308194807552,60.4,38,紅,0,False,False,False,False,D
2021-10-27,17074.55,3536400.0,5.927976884388815,-0.038665117568844,0.8615665018807707,18.51,20.0,252932883.0,-22.071946137807913,62.0,38,紅,0,False,False,False,False,D
2021-10-28,17041.63,4615900.0,5.614213543968289,-0.0715915230244045,0.8775746737055697,17.83,11.6,254117829.0,-21.706866933330616,63.2,38,紅,0,False,False,False,False,D
2021-10-29,16987.41,4554900.0,5.171030825815669,-0.1313299365144931,0.9122900062741154,18.98,30.8,245515713.0,-24.3571595762877,52.6,38,紅,0,False,False,False,False,D
2021-11-01,17068.24,4505300.0,5.562937421817403,-0.0397221308417447,0.9696249587170408,19.22,36.4,259445801.0,-20.065330712070484,65.60000000000001,38,紅,0,False,False,False,False,D
2021-11-02,17065.97,5366000.0,5.44019839093204,-0.0441987364400633,1.0444317749465433,19.84,47.8,260817958.0,-19.64257221845309,67.60000000000001,38,紅,0,False,False,False,False,D
2021-11-03,17122.16,4649400.0,5.677329321913224,0.0185763494091081,1.1003147317039943,19.04,32.0,262291856.0,-19.18846755096556,67.60000000000001,38,紅,0,False,False,False,False,D
2021-11-04,17078.86,4495000.0,5.30079794675091,-0.0286255059193917,1.0976496831007232,18.18,17.2,263063087.0,-18.95085300992468,68.8,38,紅,0,False,False,False,False,D
2021-11-05,17296.9,4755100.0,6.52683105087373,0.2172304409344664,1.1071157856496634,17.87,13.2,264349332.0,-18.554563810785737,72.39999999999999,38,紅,0,False,False,False,False,D
2021-11-08,17415.3,5609900.0,7.130601201926695,0.3432037728242835,1.1587635861390038,16.99,2.8000000000000003,265615302.0,-18.164521293665015,74.8,38,紅,0,False,False,False,False,D
2021-11-09,17541.36,5480400.0,7.773599795862894,0.4707531204000014,1.1584570008054562,17.68,10.4,265737409.0,-18.12690040088078,75.2,38,紅,0,False,False,False,False,D
2021-11-10,17559.65,5804300.0,7.754403448146801,0.4743251795138091,1.2092015069905475,17.13,5.2,267944002.0,-17.447054047506725,78.4,38,紅,0,False,False,False,False,D
2021-11-11,17452.52,6146900.0,6.97315864023097,0.3383777236585926,1.2797388645071883,17.12,5.2,172872121.0,-46.73848731420427,9.2,38,紅,0,False,False,False,False,D
2021-11-12,17518.13,5532600.0,7.253025910017978,0.3924472805631754,1.3085276406072308,16.35,0.4,268482316.0,-17.281200711676238,79.2,38,紅,0,False,False,False,False,D
2021-11-15,17634.47,5366800.0,7.840766301907484,0.509754643732597,1.2969897060130724,16.51,1.2,270407102.0,-16.688178462840398,83.6,38,紅,0,False,False,False,False,D
2021-11-16,17693.13,6220100.0,8.074722190510041,0.5613885868468617,1.3263476548613515,15.88,0.4,270660146.0,-16.610216174079767,83.6,38,紅,0,False,False,False,False,D
2021-11-17,17764.04,6399300.0,8.385075721558053,0.6252522655498982,1.3441081966841737,15.65,0.4,274050553.0,-15.565639382889064,85.2,38,紅,0,False,False,False,False,D
2021-11-18,17841.37,6803100.0,8.730591833403823,0.6980733710170366,1.361383927068157,15.03,0.4,274482717.0,-15.432490623938255,85.6,38,紅,0,False,False,False,False,D
2021-11-19,17818.31,6246900.0,8.469585210634767,0.6583845252163424,1.389653115068993,15.36,0.8,275671826.0,-15.066128808499585,85.6,38,紅,0,False,False,False,False,D
2021-11-22,17803.54,4908200.0,8.258891666157002,0.6304938110316763,1.3670446924876682,16.3,2.0,275351060.0,-15.16495609354326,85.2,38,紅,0,False,False,False,False,D
2021-11-23,17666.12,5002100.0,7.308620075333755,0.4665027337302772,1.3106037891666882,16.78,4.3999999999999995,273648274.0,-15.689580640379216,83.6,38,紅,0,False,False,False,False,D
2021-11-24,17642.52,4917100.0,7.058859930221724,0.4301167986600194,1.2413711721653995,16.39,3.2,275764603.0,-15.037544422921007,85.6,38,紅,0,False,False,False,False,D
2021-11-25,17654.19,4708400.0,7.024175280059904,0.4355863953182128,1.1444921718363668,16.14,2.0,277809171.0,-14.407617608585388,86.4,39,紅,0,False,False,False,False,D
2021-11-26,17369.39,5676100.0,5.20590395516642,0.1141933317485717,1.115951833111158,19.26,42.4,273211949.0,-15.824011394095889,82.0,39,紅,0,False,False,False,False,D
2021-11-29,17328.09,4887500.0,4.864144304784447,0.0664720070013248,1.1135290204373012,20.51,58.8,271492289.0,-16.35383478247935,80.4,39,紅,0,False,False,False,False,D
2021-11-30,17427.76,6132900.0,5.3726500671524615,0.1746242810788493,1.1568029339778083,19.77,50.2,273108202.0,-15.85597561206608,81.6,39,紅,0,False,False,False,False,D
2021-12-01,17585.99,4219800.0,6.234080600124294,0.3467810692104076,1.127292830480302,19.17,40.2,275384843.0,-15.154547627026766,84.39999999999999,39,紅,0,False,False,False,False,D
2021-12-02,17724.88,4988600.0,6.971826419962644,0.4951586451422307,1.139953002335215,19.78,50.4,276872544.0,-14.696190286202729,85.6,39,紅,0,False,False,False,False,D
2021-12-03,17697.14,4400000.0,6.702452003552321,0.4584978243709923,1.0835888204086572,19.04,37.0,278462123.0,-14.206444562115877,86.8,39,紅,0,False,False,False,False,D
2021-12-06,17688.21,3850100.0,6.549867391565975,0.4427336028846801,1.038854934800199,20.05,54.8,279727169.0,-13.816686727322406,86.8,39,紅,0,False,False,False,False,D
2021-12-07,17796.92,5417700.0,7.103296603134672,0.5551210065028315,0.999005413997788,18.2,23.200000000000003,279918579.0,-13.75771373570169,86.8,39,紅,0,False,False,False,False,D
2021-12-08,17832.42,5272600.0,7.210879101673062,0.5879372870798596,1.0380973349110063,17.33,12.8,278908956.0,-14.068776317171212,86.0,39,紅,0,False,False,False,False,D
2021-12-09,17914.12,5266100.0,7.597831402518386,0.6716019042950216,1.0441310895335634,15.98,2.0,279547192.0,-13.872137237290127,86.0,39,紅,0,False,False,False,False,D
2021-12-10,17826.26,4629000.0,6.971501980950561,0.5703548313597944,1.0505961210213812,16.35,3.4000000000000004,279481062.0,-13.89251174194442,85.6,39,紅,0,False,False,False,False,D
2021-12-13,17767.6,4799000.0,6.522577496152373,0.5012459565002536,1.087655415535823,15.51,1.2,279030569.0,-14.031307624678814,85.2,39,紅,0,False,False,False,False,D
2021-12-14,17599.37,4871000.0,5.426330528816672,0.3137526039628423,1.0601082400744364,16.37,4.3999999999999995,274846778.0,-15.32032424651582,80.4,39,紅,0,False,False,False,False,D
2021-12-15,17660.1,3773800.0,5.7039200166549,0.3773157023168518,0.9989470755665888,16.57,6.0,276140551.0,-14.92171568746401,82.0,39,紅,0,False,False,False,False,D
2021-12-16,17785.74,4322400.0,6.368701979220481,0.5090903458362247,0.9596719275435238,14.65,0.4,279146029.0,-13.995734657683736,85.2,39,紅,0,False,False,False,False,D
2021-12-17,17812.59,5154400.0,6.442133010187026,0.5321778994868636,0.9771340142018932,15.45,1.6,278993538.0,-14.042716792709252,84.39999999999999,39,紅,0,False,False,False,False,D
2021-12-20,17669.11,3798200.0,5.4985116544863795,0.3712040442306106,0.935019065619358,17.87,20.6,279528026.0,-13.878042238896116,85.6,39,紅,0,False,False,False,False,D
2021-12-21,17789.27,3555900.0,6.126550219352247,0.4996876773084651,0.8814665798235116,16.1,3.5999999999999996,280371186.0,-13.618266534309514,87.6,39,紅,0,False,False,False,False,D
2021-12-22,17826.83,3538900.0,6.258940272719575,0.5378740113626282,0.8718449524589451,15.8,2.8000000000000003,280962193.0,-13.43617860338227,87.6,39,紅,0,False,False,False,False,D
2021-12-23,17946.66,3851000.0,6.874380421156336,0.6660755389606626,0.8539902577197914,15.06,1.2,281376657.0,-13.308483174726046,87.6,39,紅,0,False,False,False,False,D
2021-12-24,17961.64,3834800.0,6.870487061969283,0.6793387599297211,0.7982444362571605,14.83,0.8,281583023.0,-13.244902273055285,87.6,39,紅,0,False,False,False,False,D
2021-12-27,18048.94,3701200.0,7.293136225594308,0.772619777498717,0.7978843158833524,15.35,2.0,282330910.0,-13.01447996604812,87.6,37,黃紅,0,False,False,False,False,D
2021-12-28,18196.81,3899900.0,8.070735787840162,0.9308602520053576,0.8143627440731404,14.85,1.2,281689753.0,-13.21201899947669,87.2,37,黃紅,0,False,False,False,False,bull
2021-12-29,18248.28,3983900.0,8.277042437412963,0.9830841917867824,0.8346980896299456,14.78,0.8,281982192.0,-13.121919199588646,87.2,37,黃紅,0,False,False,False,False,bull
2021-12-30,18218.84,4082900.0,7.998767573798686,0.9481738632789942,0.8444296108403978,14.47,0.4,282217824.0,-13.049321508968658,87.2,37,黃紅,0,False,False,False,False,bull
2022-01-03,18270.51,4309600.0,8.201219285563466,1.0019097805950712,0.8639572724422389,15.17,3.2,282449509.0,-12.977939880194588,87.6,37,黃紅,0,False,False,False,False,bull
2022-01-04,18526.35,4231400.0,9.606103269376211,1.2772192118659884,0.8849701111083541,15.32,3.5999999999999996,283576842.0,-12.630611111777288,87.6,37,黃紅,0,False,False,False,False,A
2022-01-05,18499.96,4261600.0,9.34211008075367,1.242934235443949,0.8992175246893366,15.4,4.8,284347962.0,-12.393030769587403,88.0,37,黃紅,0,False,False,False,False,A
2022-01-06,18367.92,3411400.0,8.46208530207913,1.0921620436162245,0.8757103199671236,16.27,8.4,284101376.0,-12.4690033630349,87.2,37,黃紅,0,False,False,False,False,A
2022-01-07,18169.76,4727900.0,7.1983291971616366,0.8714296189586567,0.9006116421662175,17.69,20.8,281250557.0,-13.347334301853008,83.6,37,黃紅,0,False,False,False,False,A
2022-01-10,18239.38,3440300.0,7.518955452172944,0.9453690608681662,0.8637719971727718,16.5,11.2,,,,37,黃紅,0,False,False,False,False,A
2022-01-11,18288.21,4694000.0,7.716491611904259,0.9962025855952438,0.8819449986918767,16.9,14.4,278684857.0,-14.137820716362532,78.0,37,黃紅,0,False,False,False,False,A
2022-01-12,18375.4,4196200.0,8.141541476229474,1.0909491922111254,0.8781220216880098,16.17,8.4,277123972.0,-14.618725883417016,76.0,37,黃紅,0,False,False,False,False,A
2022-01-13,18436.93,4599500.0,8.41593788479514,1.1562306770022233,0.9258915669861572,15.94,7.199999999999999,276229676.0,-14.894256474893108,74.8,37,黃紅,0,False,False,False,False,A
2022-01-14,18403.33,4559700.0,8.131367835077768,1.1155798019577814,0.9178771782891324,16.96,16.0,273761363.0,-15.65473817316541,70.8,37,黃紅,0,False,False,False,False,A
2022-01-17,18525.44,3172100.0,8.764194132907987,1.2453221771708618,0.9084397159578572,16.91,15.6,273724245.0,-15.666174145700689,70.39999999999999,37,黃紅,0,False,False,False,False,A
2022-01-18,18378.64,3163500.0,7.828512754657366,1.0784880903947958,0.8435168023669247,17.97,27.200000000000003,272950210.0,-15.904652592851512,68.4,37,黃紅,0,False,False,False,False,A
2022-01-19,18227.46,3422100.0,6.874559424016635,0.9081355800656516,0.8115326301805621,19.26,43.8,270452751.0,-4.886692664250571,66.0,37,黃紅,0,False,False,False,False,A
2022-01-20,18218.28,3209300.0,6.752692787378338,0.8956449058265452,0.7527735026521686,17.98,27.6,270323618.0,-4.932106388721014,65.2,37,黃紅,0,False,False,False,False,A
2022-01-21,17899.3,4160500.0,4.8312630793389175,0.5352874677567636,0.7368288218267389,19.73,52.0,266694022.0,-6.208569203671662,56.8,37,黃紅,0,False,False,False,False,A
2022-01-24,17989.04,3586500.0,5.300555342737043,0.63330181560064,0.7572854931931552,19.97,56.8,263350547.0,-7.384408473446348,48.0,37,黃紅,0,False,False,False,False,A
2022-01-25,17701.12,3506500.0,3.5646356041829472,0.3020997050343171,0.7748771172763687,23.82,82.8,260593413.0,-8.35404229132474,44.8,38,紅,0,False,False,False,False,A
2022-01-26,17674.4,2897700.0,3.358416614741272,0.2700025576051106,0.7589203910629788,24.01,84.0,256445014.0,-9.812958673500182,40.8,38,紅,0,False,False,False,False,A
2022-02-07,17900.3,0.0,4.629950385519458,0.5252569042024032,0.6292832004897468,20.25,60.0,259031744.0,-8.903252839209728,41.2,38,紅,0,False,False,False,False,A
2022-02-08,17966.56,4040800.0,4.964231599659036,0.600290940053011,0.625012295865434,19.31,45.4,261182820.0,-8.146758583063098,45.2,38,紅,0,False,False,False,False,A
2022-02-09,18151.76,3901200.0,5.996716454864017,0.8156672547652483,0.6410620766082185,17.15,19.6,261883380.0,-7.900384388898837,45.2,38,紅,0,False,False,False,False,A
2022-02-10,18338.05,3618700.0,7.026578384372612,1.033635840772408,0.6509020297545267,16.09,8.0,263291737.0,-7.405090879462678,47.599999999999994,38,紅,0,False,False,False,False,A
2022-02-11,18310.94,3541200.0,6.809399848760993,1.0017099496037307,0.6848540824563366,17.49,22.8,263509550.0,-7.328490013935812,48.0,38,紅,0,False,False,False,False,A
2022-02-14,17997.67,3594200.0,4.924809391010469,0.6294577550329983,0.8549879556456792,20.77,67.60000000000001,263152721.0,-7.453980275054688,46.8,38,紅,0,False,False,False,False,A
2022-02-15,17951.81,3611800.0,4.602556782512892,0.5728860187616529,0.8435186824181321,21.32,71.2,263551169.0,-7.313853369555713,48.0,38,紅,0,False,False,False,False,A
2022-02-16,18231.47,3822800.0,6.162426321064425,0.8995926076052273,0.8454610741702245,18.4,32.800000000000004,264034602.0,-7.143838787211002,49.2,38,紅,0,False,False,False,False,A
2022-02-17,18268.57,5115800.0,6.3009563291637125,0.9350697316979304,0.915940959066214,19.11,42.0,264774256.0,-6.883715945184091,52.400000000000006,38,紅,0,False,False,False,False,A
2022-02-18,18232.35,4870600.0,6.02055642836954,0.8841396857146328,0.9829384739692164,19.31,47.599999999999994,267034642.0,-6.088779352672132,57.2,38,紅,0,False,False,False,False,A
2022-02-21,18221.49,4487800.0,5.896776999094203,0.8630292516879877,1.0324266969096974,20.03,61.2,269854700.0,-5.097016309897097,63.2,38,紅,0,False,False,False,False,A
2022-02-22,17969.29,5056200.0,4.377748799619512,0.5509732940510079,1.1080939481133547,22.25,77.2,267507030.0,-5.92264909568791,57.599999999999994,38,紅,0,False,False,False,False,A
2022-02-23,18055.73,3709000.0,4.822627754847899,0.6442445479971568,1.113872075550979,20.07,62.0,269379678.0,-5.26407289671378,62.4,38,紅,0,False,False,False,False,A
2022-02-24,17594.55,6003200.0,2.102752584895216,0.0777511419790679,1.1513697693137317,24.58,90.4,264032727.0,-7.144498190565544,46.8,38,紅,0,False,False,False,False,A
2022-02-25,17652.18,5029500.0,2.4065227105694564,0.1364543872327527,1.158826462567668,22.66,80.4,266167981.0,-6.393568243685882,54.0,36,黃紅,0,False,False,False,False,A
2022-03-01,17898.25,4576900.0,3.798563774563659,0.4266452877267214,1.164653491838997,21.52,74.4,266890791.0,-6.139369129714389,55.2,36,黃紅,0,False,False,False,False,A
2022-03-02,17867.6,4013600.0,3.5841397022403347,0.3807224722196401,1.1179297490764653,21.79,76.0,269009962.0,-5.394095281048647,60.4,36,黃紅,0,False,False,False,False,A
2022-03-03,17934.4,4006800.0,3.9346637161919378,0.4570369165117413,1.1397953625972992,20.72,69.6,271652022.0,-4.464930893367894,66.8,36,黃紅,0,False,False,False,False,A
2022-03-04,17736.52,4422400.0,2.757093607354849,0.2028492791256328,1.0655373547619087,23.04,82.8,273849123.0,-3.692250482878439,70.8,36,黃紅,0,False,False,False,False,A
2022-03-07,17178.69,5833800.0,-0.4969909061262167,-0.5078410991934973,1.1057373820293988,26.54,95.6,269033280.0,-5.385894765090668,59.599999999999994,36,黃紅,0,True,False,False,True,A
2022-03-08,16825.25,5875900.0,-2.5526214338406428,-0.9559660547478348,1.160836516825581,27.48,96.4,262299095.0,-7.754184993947661,38.8,36,黃紅,0,True,False,False,True,A
2022-03-09,17015.36,3963600.0,-1.4757849673014434,-0.7088923634053196,1.1632087719044242,24.31,89.60000000000001,264064412.0,-7.133355153078255,45.2,36,黃紅,0,True,False,False,True,A
2022-03-10,17433.2,4493300.0,0.908900401873398,-0.1760572468890434,1.186242596235372,22.75,82.39999999999999,263939892.0,-7.177146569455631,43.2,36,黃紅,0,False,False,False,False,A
2022-03-11,17264.74,3114900.0,-0.0905581476268579,-0.3903534098399909,1.1264946684865116,23.64,86.4,265609675.0,-6.589914296625063,50.0,36,黃紅,0,True,False,False,True,A
2022-03-14,17263.04,3432300.0,-0.1317572794709266,-0.3921588618765138,1.0184492305741255,23.82,87.0,268267912.0,-5.655060752642215,57.2,36,黃紅,0,True,False,False,True,A
2022-03-15,16926.06,4138100.0,-2.105474627876379,-0.8160591601343284,0.9380113080911736,25.17,93.2,266035433.0,-6.440182961466065,51.2,36,黃紅,0,True,False,False,True,A
2022-03-16,16940.83,4846600.0,-2.045447122215178,-0.7894188230174862,0.982964169820806,24.06,88.4,264097007.0,-7.121892085162897,44.0,36,黃紅,0,True,False,False,True,A
2022-03-17,17448.22,5028900.0,0.8511547488488834,-0.1426137154970601,1.0076065782649355,20.58,67.4,264605301.0,-6.94313434185964,46.400000000000006,36,黃紅,0,False,False,False,False,A
2022-03-18,17456.52,4984000.0,0.8631035952289378,-0.134124651606629,1.098374222613976,20.38,64.4,264108630.0,-7.117804487728313,43.6,36,黃紅,0,False,False,False,False,A
2022-03-21,17560.36,3703600.0,1.4307177153291264,-0.0039451727299502,1.1169807359710289,19.53,52.0,264625633.0,-6.935983947723881,46.400000000000006,36,黃紅,0,False,False,False,False,A
2022-03-22,17559.71,3448800.0,1.396401877477537,-0.0056812433464741,1.0845099105106102,18.34,32.6,264490426.0,-6.98353378738125,45.6,36,黃紅,0,False,False,False,False,A
2022-03-23,17731.37,3950500.0,2.3525948296369585,0.2139897346282229,1.0419507236591323,16.69,14.000000000000002,264802038.0,-6.873945521719619,47.2,36,黃紅,0,False,False,False,False,A
2022-03-24,17699.06,3883600.0,2.1334059475401657,0.1702877552511257,0.9906128922782989,17.09,18.2,266473625.0,-6.286078814941533,52.0,36,黃紅,0,False,False,False,False,A
2022-03-25,17676.95,3872300.0,1.971427955406952,0.1386987426564318,0.9351818869296792,17.29,21.6,265405589.0,-6.661687626233101,48.0,34,黃紅,0,False,False,False,False,A
2022-03-28,17520.01,3202100.0,1.0373757500789502,-0.0697544399700567,0.9116460544982312,18.48,34.0,265578378.0,-6.600920881578184,48.4,34,黃紅,0,False,False,False,False,A
2022-03-29,17548.66,3429900.0,1.1680970621919415,-0.0350040368314527,0.9111184532489374,17.25,21.2,266075724.0,-6.426013350501876,50.8,34,黃紅,0,False,False,False,False,A
2022-03-30,17740.56,3739000.0,2.2378268668650674,0.2103991723673196,0.9010281828642815,16.73,14.4,265892074.0,-6.490599711068088,49.6,34,黃紅,0,False,False,False,False,A
2022-03-31,17693.47,3422500.0,1.930831484134524,0.1420299668177558,0.8796106619021519,17.3,22.8,265833142.0,-6.511325022262689,49.2,34,黃紅,0,False,False,False,False,A
2022-04-01,17625.59,3396600.0,1.5025084107259654,0.048005897493569,0.8570078932510398,17.69,26.6,265675623.0,-6.566721585998215,48.0,34,黃紅,0,False,False,False,False,A
2022-04-06,17522.5,4241200.0,0.8748516510741933,-0.0917344375215197,0.907525122323791,17.77,27.200000000000003,267859193.0,-5.798799781796924,56.00000000000001,34,黃紅,0,False,False,False,False,A
2022-04-07,17178.63,4863100.0,-1.1246363723923796,-0.5515033703848536,0.9753182666321648,20.54,67.4,265467802.0,-6.639808447088501,45.6,34,黃紅,0,True,False,False,True,A
2022-04-08,17284.54,3538700.0,-0.5335644743528178,-0.4160630083363822,0.96755927276825,19.02,40.400000000000006,266191618.0,-6.385255541237184,50.8,34,黃紅,0,True,False,False,True,A
2022-04-11,17048.37,4584600.0,-1.903782316337442,-0.7360798498401324,1.024166296297216,20.47,66.4,264163019.0,-7.098676866901546,38.4,34,黃紅,0,True,False,False,True,A
2022-04-12,16990.91,4100800.0,-2.2470011900971274,-0.8185268107585016,1.059708512752567,20.9,71.6,263375783.0,-7.375533431816894,33.2,34,黃紅,0,True,False,False,True,A
2022-04-13,17301.65,4058700.0,-0.4759634592161389,-0.4116045921147121,1.0515243221470838,19.11,41.4,264230977.0,-7.074777275878629,38.4,34,黃紅,0,True,False,False,True,A
2022-04-14,17245.65,4429600.0,-0.8079120831650759,-0.4990714612816432,1.025640094530182,18.35,32.0,264837707.0,-6.780561668240565,43.6,34,黃紅,0,True,False,False,True,A
2022-04-15,17004.18,4078400.0,-2.1985282739094765,-0.8392319115563832,1.0551931474666696,20.0,60.0,264314252.0,-6.021785407521878,39.6,34,黃紅,0,True,False,False,True,A
2022-04-18,16898.87,4020900.0,-2.8052317996700578,-0.9891122835450724,1.024743010173924,20.89,71.2,263433781.0,-5.472516936935687,32.0,34,黃紅,0,True,False,False,True,A
2022-04-19,16993.4,3514900.0,-2.264543648311792,-0.8670023659058274,1.000591901771682,19.16,41.8,263384134.0,-4.958011355293364,31.6,34,黃紅,0,True,False,False,True,A
2022-04-20,17148.88,4801300.0,-1.3776699093023248,-0.6634102255982897,1.0349568294245082,18.59,32.6,264434627.0,-4.270015144933232,40.400000000000006,34,黃紅,0,True,False,False,True,A
2022-04-21,17127.95,3952000.0,-1.5039731635129232,-0.7048495498154979,1.0139604696054552,17.35,22.0,264441722.0,-3.435249635617785,40.400000000000006,34,黃紅,0,True,False,False,True,A
2022-04-22,17025.09,4322500.0,-2.094317137953863,-0.8614364599689938,1.0271233021203223,17.71,24.4,264899731.0,-3.2680009714692417,43.6,34,黃紅,0,True,False,False,True,A
2022-04-25,16620.9,4528800.0,-4.406852551889634,-1.4327612998857822,1.0465369806627234,21.45,75.2,259689943.0,-5.170431018689076,22.0,31,綠,0,True,False,False,True,A
2022-04-26,16644.79,3941900.0,-4.255828891819576,-1.4060517107596238,1.0642752121075414,20.36,62.4,257398956.0,-6.007018324466206,19.6,31,綠,0,True,False,False,True,A
2022-04-27,16303.35,4261400.0,-6.197834633367117,-1.886745216972711,1.0340349024805349,21.74,76.4,252837739.0,-7.672613214832169,16.0,31,綠,0,True,False,False,True,A
2022-04-28,16419.38,3635500.0,-5.5132292804036895,-1.7193520049647917,1.0166779753186113,21.55,75.4,252966966.0,-7.6254240916448,16.8,31,綠,0,True,False,False,True,A
2022-04-29,16592.18,3416300.0,-4.507740775703788,-1.4734830228594338,0.9751203565535944,20.68,68.0,251787563.0,-8.056100292860897,16.0,31,綠,0,True,False,False,True,A
2022-05-03,16498.9,2457700.0,-5.027070194813679,-1.6083113452904585,0.8771053990070783,21.95,78.0,251848012.0,-8.034026459160872,16.400000000000002,31,綠,0,True,False,False,True,A
2022-05-04,16565.83,2630000.0,-4.619696321657389,-1.5225062044415143,0.8150906075901976,21.5,74.0,252497809.0,-7.796743610531848,16.8,31,綠,0,True,False,False,True,A
2022-05-05,16696.12,3215900.0,-3.849606939142871,-1.3451133497765335,0.762127084048524,19.51,47.599999999999994,253143450.0,-7.560978385897552,18.4,31,綠,0,True,False,False,True,A
2022-05-06,16408.2,3186200.0,-5.48245254617387,-1.7699043340583367,0.730204373554885,21.97,78.0,253016723.0,-7.607254597634771,18.4,31,綠,0,True,False,False,True,A
2022-05-09,16048.92,3742000.0,-7.519702285462129,-2.289585783295863,0.7470706813087642,24.01,87.8,250126279.0,-8.662742367080723,13.6,31,綠,0,True,False,False,True,A
2022-05-10,16061.7,3489400.0,-7.421291676454021,-2.25115325930891,0.7990170831344272,23.48,85.2,248696514.0,-9.184841902889715,13.2,31,綠,0,True,False,False,True,A
2022-05-11,16006.25,2938300.0,-7.721168512869774,-2.3008319696518504,0.8164380007242206,23.19,83.6,248382067.0,-9.299666809595736,12.8,31,綠,0,True,False,False,True,A
2022-05-12,15616.68,4040900.0,-9.941630254339993,-2.806126898709809,0.8553282864598506,24.55,92.0,244115519.0,-10.8576590183201,6.800000000000001,31,綠,0,True,False,False,True,A
2022-05-13,15832.54,3216400.0,-8.672331648544523,-2.4584007554620526,0.8581414158159758,21.64,74.0,243816019.0,-10.967025810047966,6.800000000000001,31,綠,0,True,False,False,True,A
2022-05-16,15901.04,3298100.0,-8.24790061673019,-2.336703969942719,0.8373607735051796,22.21,78.0,242279780.0,-11.52800587935423,6.800000000000001,31,綠,0,True,False,False,True,A
2022-05-17,16056.09,2799500.0,-7.328002654753872,-2.097629738893516,0.8067368358508994,20.01,56.2,241600907.0,-11.775906253313073,6.4,31,綠,0,True,False,False,True,A
2022-05-18,16296.86,3405600.0,-5.932117437659962,-1.7356918189740609,0.8357722455597808,19.62,48.8,240843578.0,-12.05245597956507,6.4,31,綠,0,True,False,False,True,A
2022-05-19,16020.32,3423100.0,-7.530865367035909,-2.07993243775297,0.809836479522942,21.24,71.2,241325531.0,-11.876463814711578,6.800000000000001,31,綠,0,True,False,False,True,A
2022-05-20,16144.85,2836000.0,-6.822292609497809,-1.87302638624626,0.7962513618323234,20.24,59.2,241803166.0,-11.702048430514784,7.6,31,綠,0,True,False,False,True,A
2022-05-23,16156.41,3295600.0,-6.762664075483947,-1.8253529998007456,0.8020696645701416,21.42,73.2,242488788.0,-11.451683560805122,8.4,31,綠,0,True,False,False,True,A
2022-05-24,15963.63,2961400.0,-7.8881466510456,-2.0469147095710083,0.8128866904867864,21.62,75.2,242277778.0,-11.52873693884351,7.6,31,綠,0,True,False,False,True,A
2022-05-25,16104.03,3107300.0,-7.077123925462658,-1.825988771688113,0.8076073635488393,20.46,62.6,242997709.0,-11.265843637556582,8.4,28,綠,0,True,False,False,True,A
2022-05-26,15968.83,3062100.0,-7.853765617969155,-1.9670109645152063,0.7956899087264055,20.93,70.39999999999999,243362307.0,-11.132705361995992,8.4,28,綠,0,True,False,False,True,A
2022-05-27,16266.22,2951400.0,-6.1425616328407875,-1.549864806246497,0.80740807506084,19.72,50.6,242664227.0,-11.387619452044037,7.6,28,綠,0,True,False,False,True,A
2022-05-30,16610.62,3342400.0,-4.162170322786285,-1.0841044764976482,0.8122506904968154,18.7,32.4,241249354.0,-11.90428095692678,4.3999999999999995,28,綠,0,True,False,False,True,A
2022-05-31,16807.77,5523600.0,-3.0351856020094963,-0.8156886883853302,0.9409118372492656,18.32,29.6,240591083.0,-12.144658210207233,3.5999999999999996,28,綠,0,True,False,False,True,A
2022-06-01,16675.09,3097600.0,-3.8023857765674096,-0.974991920007758,0.9458669521912876,18.85,34.2,241873188.0,-10.095439493582354,5.800000000000001,28,綠,0,True,False,False,True,A
2022-06-02,16552.57,2638200.0,-4.507188563447363,-1.1201846968251916,0.9366877182871612,18.69,32.800000000000004,242845808.0,-9.476386426715097,7.6,28,綠,0,True,False,False,True,A
2022-06-06,16605.96,2873700.0,-4.199274481116321,-1.0384735173357416,0.9451597666419078,18.27,29.2,242964895.0,-9.431995355448995,7.6,28,綠,0,True,False,False,True,A
2022-06-07,16512.88,2437900.0,-4.728388059053435,-1.1459290216536624,0.9024456325655928,18.57,32.800000000000004,243261143.0,-9.321565450585831,8.0,28,綠,0,True,False,False,True,A
2022-06-08,16670.51,2409700.0,-3.810103156844312,-0.9365290166207558,0.7398608017893902,17.88,26.8,242754599.0,-9.510385647613344,6.4,28,綠,0,True,False,False,True,A
2022-06-09,16621.34,2366400.0,-4.081839539195436,-0.9946425007039806,0.7020676199154268,17.55,22.8,242714824.0,-9.525212243796046,6.0,28,綠,0,True,False,False,True,A
2022-06-10,16460.12,2373300.0,-4.996746606715743,-1.1943691255204187,0.690816828115356,17.87,26.8,242197902.0,-9.580141981537292,4.0,28,綠,0,True,False,False,True,A
2022-06-13,16070.98,3106700.0,-7.217581866473098,-1.6800214585085411,0.7071032478064332,21.05,75.2,241556677.0,-9.81953081595374,2.4,28,綠,0,True,False,False,True,A
2022-06-14,16047.37,3086200.0,-7.330347989105205,-1.6884607383006964,0.749339386422671,21.39,78.0,241574083.0,-9.81303262569002,2.8000000000000003,28,綠,0,True,False,False,True,A
2022-06-15,15999.25,2967000.0,-7.585075085713474,-1.7267827264901914,0.7882455408261977,21.67,81.2,240486013.0,-10.219242316615208,0.8,28,綠,0,True,False,False,True,A
2022-06-16,15838.61,3636900.0,-8.486796667141453,-1.9045266286199376,0.8658073966973594,21.01,75.2,235540080.0,-12.065709837332331,0.8,28,綠,0,True,False,False,True,A
2022-06-17,15641.26,4373500.0,-9.59937427462087,-2.11849507118883,0.976853008568412,22.69,88.0,231698791.0,-13.499780087816513,0.8,28,綠,0,True,False,False,True,A
2022-06-20,15367.58,3998700.0,-11.14433814693244,-2.4179720785674426,1.0249286206743278,22.73,88.0,222702330.0,-16.858433154467093,0.8,28,綠,0,True,False,False,True,A
2022-06-21,15728.64,3553500.0,-9.025438971240067,-1.9332280230996384,1.0534227028010392,20.82,72.39999999999999,219229066.0,-18.155108456553886,0.8,28,綠,0,True,False,False,True,A
2022-06-22,15347.75,3950300.0,-11.186930001099071,-2.3678070156693862,1.1089736698153645,22.28,85.2,214114018.0,-20.06471176070481,0.8,28,綠,0,True,False,False,True,A
2022-06-23,15176.44,3916600.0,-12.13490346317788,-2.5307083527679883,1.124633860158019,23.03,88.8,210404758.0,-21.44949156178485,0.8,28,綠,0,True,False,False,True,A
2022-06-24,15303.32,3081400.0,-11.357474448606585,-2.335746118899421,1.0518166799403608,22.44,85.8,209523532.0,-21.77848008375057,0.8,28,綠,0,True,False,False,True,A
2022-06-27,15548.01,3120800.0,-9.903179125820117,-2.0070289841142737,1.0033744543556653,22.08,83.2,209629086.0,-21.73907355869619,1.2,28,綠,0,True,False,False,True,A
2022-06-28,15439.92,3094700.0,-10.495861317617807,-2.101339090989741,0.9802485011829196,21.82,81.2,209327189.0,-21.85178090938249,0.8,28,綠,0,True,False,False,True,A
2022-06-29,15240.13,3239700.0,-11.616414651528627,-2.2982754271152293,0.9404833639701068,22.18,83.2,209726316.0,-21.7027746365233,2.0,28,綠,0,True,False,False,True,A
2022-06-30,14825.73,3673000.0,-13.969573744074651,-2.7360548951371206,0.9253406010105166,24.37,95.6,206725105.0,-22.823218167464574,0.8,28,綠,0,True,False,False,True,A
2022-07-01,14343.08,4290300.0,-16.711033583863447,-3.2201606645443994,0.994119616624116,27.01,99.6,196445574.0,-26.201442601397012,0.8,28,綠,0,True,False,False,True,A
2022-07-04,14217.06,3244400.0,-17.379760914669244,-3.2770278933690467,1.0089412513534095,27.56,100.0,193412424.0,-27.340903724474146,0.8,28,綠,0,True,False,False,True,A
2022-07-05,14349.2,3468200.0,-16.548964292110664,-3.051410975748691,1.0307715616687412,27.18,99.2,193180359.0,-27.074158108525975,0.8,28,綠,0,True,False,False,True,A
2022-07-06,13985.51,3688700.0,-18.595672817158928,-3.366850430457382,1.0611628938337283,29.4,100.0,191054887.0,-27.876526609232386,0.8,28,綠,0,True,False,False,True,A
2022-07-07,14336.27,3460100.0,-16.487550515866765,-2.9133934110564375,1.0521067696584985,28.26,99.6,189771527.0,-28.36099671237492,0.8,28,綠,0,True,False,False,True,A
2022-07-08,14464.53,3508600.0,-15.676557976434468,-2.715975716709661,1.0094802222948676,27.33,98.4,189954736.0,-28.291835071738895,1.2,28,綠,0,True,False,False,True,A
2022-07-11,14340.53,2620100.0,-16.3336962247502,-2.790262912789695,0.9818021917888536,26.95,97.2,190305569.0,-28.159395148649654,1.6,28,綠,0,True,False,False,True,A
2022-07-12,13950.62,3120000.0,-18.53307753428304,-3.1359744548147575,0.9659101507697532,28.14,99.2,188217854.0,-28.947510331748884,0.8,28,綠,0,True,False,False,True,A
2022-07-13,14324.68,3342700.0,-16.278517801557857,-2.6848557036656246,0.94868703345804,27.6,98.8,188486826.0,-28.84597304479709,1.2,28,綠,0,True,False,False,True,A
2022-07-14,14438.52,2947600.0,-15.545803264947391,-2.5152627475004605,0.92097016285448,25.9,95.2,189160534.0,-28.591647380721575,1.6,28,綠,0,True,False,False,True,A
2022-07-15,14550.62,3025600.0,-14.824032298174895,-2.3542366637125975,0.9002388718313606,25.02,93.2,190602949.0,-28.04713380399771,3.2,28,綠,0,True,False,False,True,A
2022-07-18,14719.64,3117300.0,-13.77523371214574,-2.1386551805668534,0.9338517662728716,24.07,88.8,190943686.0,-27.918505134306837,3.5999999999999996,28,綠,0,True,False,False,True,A
2022-07-19,14694.08,2964100.0,-13.861982599872883,-2.1306283458788524,0.9308177367993902,23.54,85.6,191618764.0,-26.212481782554057,4.3999999999999995,28,綠,0,True,False,False,True,A
2022-07-20,14733.22,3539900.0,-13.569424279566702,-2.056790087400835,0.9474592352643948,22.99,82.39999999999999,191024002.0,-25.786800005513623,4.0,28,綠,0,True,False,False,True,A
2022-07-21,14937.7,3418100.0,-12.310029553299357,-1.8159915321493607,0.9786402798957904,21.11,67.60000000000001,190847336.0,-24.609016745248592,3.5999999999999996,28,綠,0,True,False,False,True,A
2022-07-22,14949.36,3674900.0,-12.17796572432428,-1.777736277250005,1.0212346061198232,21.26,68.4,191145679.0,-24.491161434356687,5.2,28,綠,0,True,False,False,True,A
2022-07-25,14936.33,2629600.0,-12.193460067899991,-1.7629559524236256,0.9965403449010009,21.66,72.39999999999999,191585486.0,-24.31742318436444,5.6000000000000005,27,綠,0,True,False,False,True,A
2022-07-26,14806.78,2617400.0,-12.89395896917071,-1.866251726371242,0.979251917944997,21.6,71.2,191179256.0,-24.477897413502102,5.6000000000000005,27,綠,0,True,False,False,True,A
2022-07-27,14921.59,2569700.0,-12.164662284767251,-1.7145198352241762,0.918894572034166,21.56,71.2,191169234.0,-24.48185643357551,5.6000000000000005,27,綠,0,True,False,False,True,A
2022-07-28,14891.9,2911200.0,-12.286417553377897,-1.713526967589573,0.8863738816705515,20.87,63.2,192038817.0,-24.13834250896083,7.199999999999999,27,綠,0,True,False,False,True,A
2022-07-29,15000.07,3117200.0,-11.59571880196652,-1.5740491257393414,0.8524835446311473,19.9,49.4,190881495.0,-24.557755417613247,4.0,27,綠,0,True,False,False,True,A
2022-08-01,14981.69,2658300.0,-11.650073040989186,-1.5658181221126517,0.8565708784958447,21.53,70.8,191030394.0,-23.626419917277065,5.2,27,綠,0,True,False,False,True,A
2022-08-02,14747.23,3161000.0,-12.978201577154778,-1.7787237836666343,0.8928016496896769,26.1,95.2,191188634.0,-23.12371776952209,7.199999999999999,27,綠,0,True,False,False,True,A
2022-08-03,14777.02,2649100.0,-12.751076637385587,-1.7172993219716282,0.9016282647184432,24.45,90.8,190662760.0,-23.238113643687488,3.5999999999999996,27,綠,0,True,False,False,True,A
2022-08-04,14702.2,2766400.0,-13.142931649500126,-1.7643454909780152,0.8934184158609989,24.05,87.6,190023702.0,-22.158286872372095,2.8000000000000003,27,綠,0,True,False,False,True,A
2022-08-05,15036.04,2749400.0,-11.120975708164684,-1.3989679691741956,0.8763942840490457,21.85,75.2,189978040.0,-22.081395316359423,2.8000000000000003,27,綠,0,True,False,False,True,A
2022-08-08,15020.41,2558700.0,-11.166589748022846,-1.390273720700706,0.8731514695748098,21.37,68.4,190076960.0,-21.895480716329665,3.5999999999999996,27,綠,0,True,False,False,True,A
2022-08-09,15050.28,2854300.0,-10.93825071222449,-1.3362511213608943,0.8558547343241059,19.88,49.2,190402068.0,-21.761890595489795,4.3999999999999995,27,綠,0,True,False,False,True,A
2022-08-10,14939.02,2863700.0,-11.541895889340887,-1.4247247527848357,0.8690885203756126,20.07,53.400000000000006,192314868.0,-20.975901991264408,10.8,27,綠,0,True,False,False,True,A
2022-08-11,15197.85,3417400.0,-9.957551942948577,-1.1347707100059046,0.9100527322532052,17.72,24.0,191062639.0,-21.490455380997027,8.0,27,綠,0,True,False,False,True,A
2022-08-12,15288.97,2921300.0,-9.367990010188176,-1.018053704649784,0.9233164991584668,16.86,14.4,190697137.0,-21.640643799452477,5.6000000000000005,27,綠,0,True,False,False,True,A
2022-08-15,15417.35,3136600.0,-8.561236573702383,-0.8659446616615178,0.9583083444808582,16.29,10.0,190603369.0,-21.679174006186585,5.2,27,綠,0,True,False,False,True,A
2022-08-16,15420.57,3045100.0,-8.497321730159287,-0.8432055726202858,0.9716222546197124,16.42,12.4,190229176.0,-21.832933643253146,4.0,27,綠,0,True,False,False,True,A
2022-08-17,15465.45,3108600.0,-8.190520328528944,-0.7747532887974746,0.9863254030277436,16.58,14.000000000000002,190980581.0,-21.52417383189912,8.0,27,綠,0,True,False,False,True,A
2022-08-18,15396.76,2635800.0,-8.558548679476745,-0.8228601929693635,0.939328868543158,16.58,14.2,191769761.0,-21.19989189615958,12.4,27,綠,0,True,False,False,True,A
2022-08-19,15408.78,3252400.0,-8.44777059978934,-0.7875855901665051,0.9593136248005184,16.33,10.8,192885043.0,-20.70865053856957,13.6,27,綠,0,True,False,False,True,A
2022-08-22,15245.14,2782000.0,-9.382639896114004,-0.9328508304014346,0.9377388011234724,17.87,28.199999999999996,193054091.0,-20.639158141257276,14.000000000000002,27,綠,0,True,False,False,True,A
2022-08-23,15095.89,2405400.0,-10.232158716693943,-1.0634499253869556,0.9017263136480812,18.42,33.6,193774141.0,-20.343159367626583,15.2,27,綠,0,True,False,False,True,A
2022-08-24,15069.19,2665500.0,-10.35698142305027,-1.0655350711425469,0.8869875337878727,18.4,33.4,193820303.0,-20.32418305294241,15.6,27,綠,0,True,False,False,True,A
2022-08-25,15200.04,2502900.0,-9.54358275716218,-0.9096290113517468,0.8812278813951706,17.51,24.0,194090529.0,-20.21309831632255,16.0,24,綠,0,True,False,False,True,A
2022-08-26,15278.44,3192200.0,-9.053271007001827,-0.8083955192002473,0.874714438362267,17.52,24.4,193725901.0,-20.362989908338957,15.2,24,綠,0,True,False,False,True,A
2022-08-29,14926.19,2973800.0,-11.12011985166483,-1.1479766486088303,0.8866203238405286,20.91,66.4,192898342.0,-20.703183574205273,14.000000000000002,24,綠,0,True,False,False,True,A
2022-08-30,14953.63,2729600.0,-10.918783005946668,-1.094544832142554,0.9061193984975324,19.67,50.4,194135619.0,-20.028036626403935,17.2,24,綠,0,True,False,False,True,A
2022-08-31,15095.44,3006200.0,-10.037055571514337,-0.9239391894973938,0.925107345406826,19.84,53.400000000000006,193955614.0,-20.089094352143896,16.8,24,綠,0,True,False,False,True,A
2022-09-01,14801.86,3009700.0,-11.73946443663531,-1.202839240926033,0.954369593809702,21.85,77.0,195124063.0,-19.436105189713825,18.0,24,綠,0,True,False,False,True,A
2022-09-02,14673.04,3003400.0,-12.457607534519363,-1.3142201783226188,0.9391298801053564,21.77,75.6,195241476.0,-19.179460985473344,18.4,24,綠,0,True,False,False,True,A
2022-09-05,14661.1,2643200.0,-12.475605241239988,-1.3080726267635798,0.9203090695939464,21.92,77.2,193991758.0,-19.696783864020713,17.2,24,綠,0,True,False,False,True,A
2022-09-06,14677.2,2642400.0,-12.322556971204156,-1.2724902581804447,0.9169014219923276,21.69,74.0,192604634.0,-19.910255238004215,13.6,24,綠,0,True,False,False,True,A
2022-09-07,14410.05,2439500.0,-13.855031177400033,-1.523169140621539,0.8830657667014661,22.49,81.2,192284618.0,-18.36437433493272,13.2,24,綠,0,True,False,False,True,A
2022-09-08,14583.42,2349200.0,-12.758302943771085,-1.3224841190145076,0.8464485089077189,20.39,58.8,192296272.0,-17.00592343617365,13.6,24,綠,0,True,False,False,True,A
2022-09-12,14807.43,2620300.0,-11.3649333723448,-1.071287253379426,0.8294964600719421,20.84,63.2,191781992.0,-13.8841555901099,12.8,24,綠,0,True,False,False,True,A
2022-09-13,14894.41,2535400.0,-10.78826640418942,-0.9660300375926096,0.8290584544788387,21.01,65.4,191402802.0,-12.692780436331375,11.6,24,綠,0,True,False,False,True,A
2022-09-14,14658.31,2515900.0,-12.142697246735516,-1.1928013719981507,0.8254273189328661,21.82,75.4,192668070.0,-10.01613448774755,15.6,24,綠,0,True,False,False,True,A
2022-09-15,14670.04,2703700.0,-12.014195532209367,-1.1584789433727636,0.8487701243410933,21.03,65.2,193431438.0,-8.066984873032196,18.0,24,綠,0,True,False,False,True,A
2022-09-16,14561.76,3637300.0,-12.606829708896822,-1.2467771239962318,0.936144437454418,21.11,65.8,193925843.0,-7.533853310044315,19.6,24,綠,0,True,False,False,True,A
2022-09-19,14425.68,2314800.0,-13.363650538405755,-1.3615822015681074,0.9196597903098834,21.33,67.2,192813997.0,-8.063994696783784,16.0,24,綠,0,True,False,False,True,A
2022-09-20,14549.3,2436500.0,-12.559778483730438,-1.209342624511997,0.9165308881793298,20.58,58.8,192516612.0,-8.205791399110831,15.2,24,綠,0,True,False,False,True,A
2022-09-21,14424.52,2716200.0,-13.246676928626208,-1.3119564730076985,0.9320012868999434,21.42,68.2,192445009.0,-8.23993256048993,15.2,24,綠,0,True,False,False,True,A
2022-09-22,14284.63,3106100.0,-14.022857533209244,-1.4288556595940018,0.9598824708147116,20.99,62.8,192613079.0,-6.826469383096939,16.400000000000002,24,綠,0,True,False,False,True,A
2022-09-23,14118.38,2584800.0,-14.957245077493662,-1.5706441595489622,0.8942684422817492,20.37,54.400000000000006,191583846.0,-2.474847308089517,12.0,24,綠,0,True,False,False,True,A
2022-09-26,13778.19,3149000.0,-16.936338707897292,-1.8877535328301556,0.9571489239205716,23.33,84.8,184889118.0,-5.3023354525346855,0.8,23,綠,0,True,False,False,True,A
2022-09-27,13826.59,2722800.0,-16.57514337964485,-1.8030400814518912,0.9796457429638282,23.02,83.2,184541425.0,-5.480419027358716,0.8,23,綠,0,True,False,False,True,A
2022-09-28,13466.07,3481100.0,-18.68249633056824,-2.130007128944671,1.0320478299197688,24.74,92.4,179729983.0,-7.944773476307872,0.8,23,綠,0,True,False,False,True,A
2022-09-29,13534.26,2992600.0,-18.200694505915628,-2.018151966871591,1.0283537773563527,24.57,91.6,179024025.0,-8.306355459021422,0.8,23,綠,0,True,False,False,True,A
2022-09-30,13424.58,2822000.0,-18.788280379449677,-2.0883775134230036,1.0485316754385157,25.08,93.2,177794031.0,-8.936341476951343,0.8,23,綠,0,True,False,False,True,A
2022-10-03,13300.48,2183300.0,-19.460806531553416,-2.1718216919096176,0.989326037398054,25.76,94.8,178045703.0,-8.807438538315497,1.2,23,綠,0,True,False,False,True,A
2022-10-04,13576.52,2392400.0,-17.717438849107612,-1.857303678617867,0.967588701211282,24.41,89.2,177739064.0,-8.964494818713623,0.8,23,綠,0,True,False,False,True,A
2022-10-05,13801.43,2785100.0,-16.292362471926893,-1.598023497279679,0.9208323699152638,23.99,85.2,176873002.0,-9.408079869258929,0.8,23,綠,0,True,False,False,True,A
2022-10-06,13892.05,2151900.0,-15.68049620030929,-1.4788381560154944,0.8680962471313478,23.69,84.0,176853569.0,-9.418033184711224,0.8,23,綠,0,True,False,False,True,A
2022-10-07,13702.28,1873700.0,-16.774365595955153,-1.6404289366862248,0.8064355822065359,24.74,91.4,177495761.0,-9.089111270599082,1.6,23,綠,0,True,False,False,True,A
2022-10-11,13106.03,2847100.0,-20.33198181686505,-2.196581893723285,0.8543489242531217,27.38,97.6,176101935.0,-9.803009786711508,0.8,23,綠,0,True,False,False,True,A
2022-10-12,13081.24,2438200.0,-20.41727840997134,-2.177140613036909,0.8610509006652216,27.18,96.6,175702561.0,-10.00756365927084,0.8,23,綠,0,True,False,False,True,A
2022-10-13,12810.73,3440400.0,-21.994984674148377,-2.398148888699556,0.9051408533602442,27.83,98.8,170337688.0,-12.755377858339894,0.4,23,綠,0,True,False,False,True,A
2022-10-14,13128.12,2967500.0,-19.99251066537984,-2.0450355025682585,0.966307433613506,26.07,94.0,169501621.0,-13.18359988222994,0.4,23,綠,0,True,False,False,True,A
2022-10-17,12966.05,3036700.0,-20.909380557557043,-2.1628241186769497,1.051522951803681,27.07,95.6,169222006.0,-13.326814841330128,0.4,23,綠,0,True,False,False,True,A
2022-10-18,13124.68,2610300.0,-19.876505935047263,-1.9679916839468088,1.041212740214077,25.9,93.0,169517149.0,-13.175646654095155,1.2,23,綠,0,True,False,False,True,A
2022-10-19,12976.76,2470600.0,-20.714257207584293,-2.071599626807261,1.044534718647509,25.71,92.0,169664840.0,-13.100001354220453,1.6,23,綠,0,True,False,False,True,A
2022-10-20,12946.1,3533700.0,-20.835006674072268,-2.0610879312396375,1.0455031449914358,25.5,91.6,169779618.0,-13.041213640486925,2.0,23,綠,0,True,False,False,True,A
2022-10-21,12819.2,2220400.0,-21.534955874785304,-2.145106443970429,0.9941418276136174,25.83,92.4,169136477.0,-13.370621619353052,0.4,23,綠,0,True,False,False,True,A
2022-10-24,12856.98,2281500.0,-21.22948702555059,-2.0707765286975066,0.9435674737248488,27.19,96.4,168938958.0,-13.471788135836466,0.4,23,綠,0,True,False,False,True,A
2022-10-25,12666.12,2289400.0,-22.318209712351944,-2.216071698413386,0.9250734107786424,27.62,98.4,167883694.0,-14.012279849799947,0.4,17,黃藍,1,True,False,False,True,A
2022-10-26,12729.05,2218400.0,-21.852528814852885,-2.118802463630872,0.9092500539131916,26.35,93.2,166897241.0,-14.51752751551622,0.4,17,黃藍,1,True,False,False,True,A
2022-10-27,12926.37,2373300.0,-20.563811724106063,-1.8971357033366807,0.8290795733332039,24.78,88.4,166357481.0,-14.79398516737294,0.4,17,黃藍,1,True,False,False,True,A
2022-10-28,12788.42,2112200.0,-21.332263772686677,-1.9936333446166103,0.8238836726255683,25.41,89.60000000000001,165925766.0,-15.015103655536798,0.4,17,黃藍,1,True,False,False,True,A
2022-10-31,12949.75,2003500.0,-20.262453633168647,-1.8089897521731737,0.8073198724552847,24.88,88.0,165317881.0,-15.326453995871244,0.4,17,黃藍,1,True,False,False,True,A
2022-11-01,13037.21,2030700.0,-19.644813732257635,-1.6960035583779909,0.7918091505533137,24.06,83.0,165337843.0,-15.316229733891172,0.8,17,黃藍,1,True,False,False,True,A
2022-11-02,13100.17,2032900.0,-19.177564431198192,-1.6098936150680745,0.7806529607260627,23.96,80.80000000000001,165071224.0,-15.45278832044888,0.4,17,黃藍,1,True,False,False,True,A
2022-11-03,12986.6,2009100.0,-19.797983554832996,-1.6917134863911218,0.7576581785461313,22.65,74.0,165908630.0,-15.02388047916622,1.6,17,黃藍,1,True,False,False,True,A
2022-11-04,13026.71,2354400.0,-19.471484090986863,-1.629078740868221,0.7781252214694506,21.93,70.0,166888609.0,-14.521948707251116,2.8000000000000003,17,黃藍,1,True,False,False,True,A
2022-11-07,13223.73,2750000.0,-18.175760485888297,-1.4221975068051504,0.8372882202384667,21.32,59.4,166176469.0,-14.886697025379997,2.4,17,黃藍,1,True,False,False,True,A
2022-11-08,13347.76,3009500.0,-17.33222441738249,-1.2884842270771926,0.910110046157244,20.08,46.400000000000006,165607194.0,-15.17827185449059,1.6,17,黃藍,1,True,False,False,True,A
2022-11-09,13638.81,2981300.0,-15.456684064116336,-0.9987013340773712,0.9820681489031238,20.31,47.2,164523129.0,-15.733515044723386,0.4,17,黃藍,1,True,False,False,True,A
2022-11-10,13503.76,2335900.0,-16.21955608445603,-1.1085304737682862,1.0110373198790317,20.7,51.6,165142511.0,-15.41627609903953,1.2,17,黃藍,1,True,False,False,True,A
2022-11-11,14007.56,3988800.0,-13.022864034299692,-0.6189707346993127,1.1278407974352112,20.61,50.8,163366822.0,-16.325759594237034,0.4,17,黃藍,1,True,False,False,True,A
2022-11-14,14174.9,3396800.0,-11.91290518985432,-0.445718853888301,1.1707039028306496,21.82,68.0,162495854.0,-16.77185743053899,0.4,17,黃藍,1,True,False,False,True,A
2022-11-15,14546.31,3441500.0,-9.537503633285988,-0.0832844016131115,1.2014809853389894,24.53,85.2,163015639.0,-16.505630699083632,0.8,17,黃藍,1,True,False,False,True,A
2022-11-16,14537.35,3356100.0,-9.525204584496269,-0.0797214829000035,1.225012529500717,24.23,83.2,163257826.0,-16.38158584705639,1.2,17,黃藍,1,True,False,False,True,A
2022-11-17,14535.23,2707100.0,-9.472653786238148,-0.0695031394875432,1.250208796211197,21.87,68.4,163979296.0,-16.012058831188103,2.0,17,黃藍,1,True,False,False,True,A
2022-11-18,14504.99,2787500.0,-9.593128659182469,-0.0872765264914765,1.160416119643643,21.61,62.8,163816097.0,-16.095647115472534,2.0,17,黃藍,1,True,False,False,True,A
2022-11-21,14449.39,2186300.0,-9.868101037231282,-0.1278465192768969,1.0729769053859437,21.03,54.6,163892375.0,-16.05657857247504,2.4,17,黃藍,1,True,False,False,True,A
2022-11-22,14542.2,2281400.0,-9.2178019736455,-0.0285098279181631,0.992586998429954,19.75,37.6,164157179.0,-15.920949603966324,3.2,17,黃藍,1,True,False,False,True,A
2022-11-23,14608.54,2345700.0,-8.73174821767464,0.0476414071619727,0.9208766584178324,19.9,39.4,164344922.0,-15.8247902202911,3.5999999999999996,17,黃藍,1,True,False,False,True,A
2022-11-24,14784.0,2615600.0,-7.564920193950512,0.2299957840261481,0.9146808275665852,18.9,30.4,164282017.0,-15.857009296528776,3.5999999999999996,17,黃藍,1,True,False,False,True,A
2022-11-25,14778.51,2808900.0,-7.52894566360348,0.2406517391837743,0.917412462908012,19.43,34.4,163925314.0,-16.039707669491293,2.8000000000000003,18,黃藍,2,True,False,False,True,A
2022-11-28,14556.87,2567800.0,-8.841701264379454,0.0441580484979935,0.9486303279207132,20.92,52.400000000000006,165119440.0,-15.42809274807982,5.6000000000000005,18,黃藍,2,True,False,False,True,A
2022-11-29,14709.64,3143000.0,-7.816754484668611,0.2055315310843071,1.0125134018515052,20.87,50.6,165330932.0,-14.774249326613145,6.800000000000001,18,黃藍,2,True,False,False,True,A
2022-11-30,14879.55,4457700.0,-6.687323507186252,0.382457920608263,1.157987761406844,20.26,42.8,165400997.0,-14.709151477041663,7.6,18,黃藍,2,True,False,False,True,A
2022-12-01,15012.8,3771700.0,-5.789262850582262,0.521979563905351,1.2352109343551516,20.75,48.8,166071709.0,-14.363291436098075,9.2,18,黃藍,2,True,False,False,True,A
2022-12-02,14970.68,2999500.0,-5.9969808129149875,0.4937199886677075,1.2449825908811127,20.33,42.8,167705189.0,-13.520969456350384,11.2,18,黃藍,2,True,False,False,True,A
2022-12-05,14980.74,3216700.0,-5.878320980337057,0.5150295745041716,1.2858416999707574,21.16,56.00000000000001,168577934.0,-13.070928870475504,12.0,18,黃藍,2,True,False,False,True,A
2022-12-06,14728.88,3221700.0,-7.397909679738341,0.2866234300578875,1.2868802406622584,22.18,70.6,168402389.0,-13.161450586036644,12.0,18,黃藍,2,True,False,False,True,A
2022-12-07,14630.01,3266900.0,-7.951088672237436,0.2029810780242094,1.1948374667400703,22.58,72.8,167806192.0,-13.468886145308648,11.6,18,黃藍,2,True,False,False,True,A
2022-12-08,14553.04,2428500.0,-8.362216608430789,0.1408038641698164,1.0980116633764538,21.72,64.0,168780126.0,-12.9666663354404,13.2,18,黃藍,2,True,False,False,True,A
2022-12-09,14705.43,2543200.0,-7.332817682377203,0.2971688971045791,1.06593878798516,20.19,39.6,168681849.0,-13.017343954513583,13.2,18,黃藍,2,True,False,False,True,A
2022-12-12,14612.59,2221600.0,-7.84641279602983,0.2175728439398231,1.0022556166074428,21.07,53.6,169199616.0,-12.247233793924202,14.8,18,黃藍,2,True,False,False,True,A
2022-12-13,14522.96,2730600.0,-8.335956271539608,0.1402292339881711,0.9638340586412518,23.03,75.8,169205573.0,-12.1526046525636,15.2,18,黃藍,2,True,False,False,True,A
2022-12-14,14739.36,2640200.0,-6.897408908076358,0.3536177492935657,0.9169046564918922,20.07,37.6,168473804.0,-12.532521220949905,12.8,18,黃藍,2,True,False,False,True,A
2022-12-15,14734.13,2570800.0,-6.855606116262863,0.3566430653788953,0.9281101289569376,17.94,21.2,169138256.0,-12.187553992634111,15.2,18,黃藍,2,True,False,False,True,A
2022-12-16,14528.55,4451200.0,-8.078564594830798,0.164958259934638,1.0588066955458622,18.46,24.8,169145664.0,-11.711938385452394,15.6,18,黃藍,2,True,False,False,True,A
2022-12-19,14433.32,3207500.0,-8.603957202732119,0.0788504299502336,1.126001472435148,17.11,13.2,169562670.0,-8.289534920059491,18.0,18,黃藍,2,True,False,False,True,A
2022-12-20,14170.03,3679200.0,-10.193178867330776,-0.1672487402632048,1.1906725648647905,19.19,29.2,166715453.0,-9.659604611810058,10.4,18,黃藍,2,True,False,False,True,A
2022-12-21,14234.4,3230800.0,-9.706798976797826,-0.0948710383570118,1.2294208857014084,16.91,11.4,167486421.0,-6.812197829006639,11.6,18,黃藍,2,True,False,False,True,A
2022-12-22,14442.94,3258800.0,-8.306192729748323,0.115294004762454,1.280472804692134,15.88,4.8,167608692.0,-6.376425175336103,12.0,18,黃藍,2,True,False,False,True,A
2022-12-23,14271.63,1979800.0,-9.312239362356811,-0.0436572488559156,1.1096897896702542,16.06,5.2,167846786.0,-5.728257873204612,13.2,18,黃藍,2,True,False,False,True,A
2022-12-26,14285.13,1574600.0,-9.148310809056689,-0.0263439363334307,0.9991960483196196,15.65,4.0,168213827.0,-5.522107994934312,14.000000000000002,12,藍,3,True,True,True,True,A
2022-12-27,14328.43,1821100.0,-8.792627202617732,0.0159927024325222,0.8658092158831295,15.77,4.3999999999999995,168205983.0,-5.363526050750441,14.000000000000002,12,藍,3,True,True,True,True,A
2022-12-28,14173.1,1958900.0,-9.697368165726749,-0.1356015073436908,0.7750403621127798,17.02,12.4,167367886.0,-5.70598133890082,11.6,12,藍,3,True,True,True,True,A
2022-12-29,14085.02,1839200.0,-10.17015469242459,-0.2204003637452377,0.675070046906438,17.13,13.2,167182755.0,-5.810282984729985,11.6,12,藍,3,True,True,True,True,A
2022-12-30,14137.69,1748100.0,-9.746197704215191,-0.1704302039165176,0.6596530917742238,16.42,7.4,166532123.0,-6.176844978286552,10.4,12,藍,3,True,True,True,True,A
2023-01-03,14224.12,1816400.0,-9.105660126063816,-0.0847414845583375,0.677729659389871,17.4,15.2,165795086.0,-5.852774417271451,8.4,12,藍,3,True,True,True,True,A
2023-01-04,14199.13,2073800.0,-9.172539718998404,-0.1078028053815175,0.6997056877101292,17.45,15.2,166079190.0,-5.477080667025678,10.0,12,藍,3,True,True,True,True,A
2023-01-05,14301.05,2086500.0,-8.428104140669316,-0.0063910346878022,0.7107117025176614,16.8,8.799999999999999,165406880.0,-2.8947252119566165,8.0,12,藍,3,True,True,True,True,A
2023-01-06,14373.34,1741200.0,-7.874482236456484,0.0625391475092499,0.7109097281329796,16.66,7.6,164378023.0,-3.1815332509465297,4.8,12,藍,3,True,True,True,True,A
2023-01-09,14752.21,2581100.0,-5.3607593674770735,0.4394918876252263,0.7753441708030736,18.1,21.2,162599873.0,-4.2288615586353835,0.8,12,藍,3,True,True,True,True,A
2023-01-10,14802.96,2069800.0,-4.944363104077254,0.48968648426711,0.7992693335319481,17.71,17.4,161019649.0,-5.159611679654033,0.4,12,藍,3,True,True,True,True,A
2023-01-11,14751.44,1986800.0,-5.183901634086629,0.4381247490000821,0.7958115979499034,17.42,14.000000000000002,160324125.0,-5.569274516803307,0.4,12,藍,3,True,True,True,True,A
2023-01-12,14731.64,1812900.0,-5.222560378673927,0.419499985098627,0.7782500103404719,17.81,18.4,159222919.0,-6.21788358600265,0.4,12,藍,3,True,True,True,True,A
2023-01-13,14824.13,1786500.0,-4.5453326466564405,0.5133416065851644,0.7904979527330033,16.79,7.199999999999999,156923871.0,-7.453762670757662,0.4,12,藍,3,True,True,True,True,A
2023-01-16,14927.01,1611600.0,-3.8008011826356976,0.6175154790296787,0.7184487720737628,17.1,10.4,154233707.0,-9.04029347969102,0.4,12,藍,3,True,True,True,True,A
2023-01-17,14932.93,1772600.0,-3.6793370521045374,0.6247946919691797,0.6977028167425654,17.15,11.4,151985060.0,-10.36643855631667,0.4,12,藍,3,True,True,True,True,A
2023-01-30,15493.82,3697500.0,0.0128829244008512,1.1917358618395502,0.8232447635630957,18.92,27.200000000000003,151144020.0,-10.8624439565619,0.4,12,藍,4,False,True,False,True,A
2023-01-31,15265.2,3357200.0,-1.3821007988372858,0.9565797204834396,0.9354294258487612,18.46,23.799999999999997,152452742.0,-10.090621951164133,1.2,12,藍,4,True,True,True,True,A
2023-02-01,15420.13,3009800.0,-0.3043502790751308,1.1090860110889835,1.0248710849188407,18.37,22.0,153394532.0,-9.535198991617673,1.6,12,藍,4,True,True,True,True,A
2023-02-02,15595.16,3248500.0,0.9037351776489484,1.2807564965476792,1.1413763687365348,17.85,17.2,153903696.0,-9.234918275349168,2.0,12,藍,4,False,True,False,True,A
2023-02-03,15602.66,2647300.0,1.0248424717542493,1.2796131825282135,1.202674317621372,18.2,20.0,154012577.0,-9.170705438879914,2.4,12,藍,4,False,True,False,True,A
2023-02-06,15392.82,2320600.0,-0.260615392084667,1.0612174112666115,1.0969223633240983,18.03,19.6,155401329.0,-8.351685544937455,3.2,12,藍,4,True,True,True,True,A
2023-02-07,15400.91,2251800.0,-0.1352723980852146,1.064088588261716,1.012388197317299,17.59,14.8,155973586.0,-8.014195577363816,3.5999999999999996,12,藍,4,True,True,True,True,A
2023-02-08,15618.17,2514500.0,1.33347063356584,1.2703023940793094,0.9721088490555796,17.23,10.4,156369230.0,-7.780863559178444,4.0,12,藍,4,False,True,False,True,A
2023-02-09,15598.71,2236100.0,1.2700341060755596,1.238249927194322,0.8969652312918374,16.76,6.0,157015335.0,-7.399821552703788,4.8,12,藍,4,False,True,False,True,A
2023-02-10,15586.65,2483000.0,1.2473333164754927,1.2118837933981574,0.8861312133702784,17.38,12.8,156892061.0,-7.47252269618071,4.3999999999999995,12,藍,4,False,True,False,True,A
2023-02-13,15544.28,2184300.0,1.0280235146158485,1.159098326380854,0.8804452385952249,18.69,27.4,157068974.0,-7.368187821057548,5.6000000000000005,12,藍,4,False,True,False,True,A
2023-02-14,15654.48,2077800.0,1.8036928195607569,1.256636036604731,0.8722724177243765,18.4,24.4,157740368.0,-6.972231564883945,6.0,12,藍,4,False,True,False,True,A
2023-02-15,15432.89,2438100.0,0.4288462689129769,1.0316489720364614,0.8659157475015876,17.65,16.400000000000002,157289591.0,-7.238078404875319,6.0,12,藍,4,False,True,False,True,A
2023-02-16,15550.5,2883000.0,1.2627534709183494,1.1389670496128346,0.9214081034867864,16.34,3.2,157707773.0,-6.991454545979961,6.4,12,藍,4,False,True,False,True,A
2023-02-17,15479.7,2528300.0,0.8768190143820633,1.0658320703807007,0.9300072563832495,16.49,4.0,159233826.0,-6.091461050949481,7.6,12,藍,4,False,True,False,True,A
2023-02-20,15551.23,2994900.0,1.4159153172115044,1.1313740095662763,0.9950946418395478,16.09,2.0,160585339.0,-5.294402948479167,8.4,12,藍,4,False,True,False,True,A
2023-02-21,15563.0,2997300.0,1.557171152385295,1.1371849199117234,1.0683626764640048,15.61,0.4,161425942.0,-4.798655270054429,9.2,12,藍,4,False,True,False,True,A
2023-02-22,15418.77,2881300.0,0.6825599726485283,0.9937234974499634,1.101337016929551,16.8,8.200000000000001,161890090.0,-4.524922850058919,9.6,12,藍,4,False,True,False,True,A
2023-02-23,15615.41,3012200.0,2.036315103412554,1.1795862464329183,1.1096961115598476,16.55,5.2,162189609.0,-4.348280786095194,10.0,12,藍,4,False,True,False,True,A
2023-02-24,15503.79,2717600.0,1.380214055555821,1.0685918348822157,1.1204506365048816,17.4,15.0,162343219.0,-4.257688912305993,10.4,12,藍,4,False,True,False,True,A
2023-03-01,15598.49,3062600.0,2.069780829574607,1.1549970679220989,1.1200504891775276,16.87,9.6,162501274.0,-4.164475588878141,11.2,11,藍,5,False,True,False,True,A
2023-03-02,15598.72,2664900.0,2.1414050013232147,1.1489357552889523,1.0924550511931956,16.89,10.0,163582615.0,-3.526752085231968,13.2,11,藍,5,False,True,False,True,A
2023-03-03,15608.42,3025100.0,2.26816026999158,1.1492179049706626,1.1005497403915752,16.59,6.4,164044928.0,-3.2541018609815473,15.2,11,藍,5,False,True,False,True,A
2023-03-06,15763.51,3095600.0,3.3464136913976232,1.2853531564272551,1.1048814899846775,16.37,4.0,165129131.0,-2.6146904858245037,18.4,11,藍,5,False,True,False,True,A
2023-03-07,15857.89,2944000.0,4.012543970955354,1.359694690375151,1.1193929892579986,16.1,2.8000000000000003,165701829.0,-2.2769404374205715,21.6,11,藍,5,False,True,False,True,A
2023-03-08,15818.2,3091600.0,3.802161718242594,1.3091113941631929,1.1219512195121952,16.09,2.6,166976131.0,-1.525417711339412,26.4,11,藍,5,False,True,False,True,A
2023-03-09,15770.66,3556200.0,3.5480229420459204,1.2512471520991484,1.1962246123451905,15.89,2.0,168703974.0,-0.5064180694960748,32.4,11,藍,5,False,True,False,True,A
2023-03-10,15526.2,3932200.0,2.0056582176348807,1.0153652490434355,1.263996896972647,17.87,24.4,167185992.0,-1.4016516725055108,27.200000000000003,11,藍,5,False,True,False,True,A
2023-03-13,15560.49,3141600.0,2.294757305284149,1.039619618245886,1.2663549123468008,18.46,30.8,168040186.0,-0.8978886685377153,30.4,11,藍,5,False,True,False,True,A
2023-03-14,15360.42,3097800.0,1.0426293301345166,0.8478714817029485,1.279004541059006,20.8,50.4,168588779.0,-0.5743546029323554,32.800000000000004,11,藍,5,False,True,False,True,A
2023-03-15,15387.59,2998000.0,1.2690831035079932,0.8636177966332008,1.2736924335373132,18.4,29.6,168604706.0,-0.564961615666939,33.2,11,藍,5,False,True,False,True,A
2023-03-16,15221.12,3443900.0,0.215827412969189,0.7042856164449434,1.2637211829011414,19.08,36.0,167477116.0,-1.2299605803565137,28.000000000000004,11,藍,5,False,True,False,True,A
2023-03-17,15452.96,3434700.0,1.7841430499245197,0.9057420656632746,1.2181091317243633,17.51,19.4,168024695.0,-0.9070245237350888,30.8,11,藍,5,False,True,False,True,A
2023-03-20,15419.97,2433600.0,1.6207494547752666,0.8648846211043523,1.1654002880472978,18.46,31.8,168686535.0,-0.5167027624653469,34.8,11,藍,5,False,True,False,True,A
2023-03-21,15513.45,2773500.0,2.284021596283717,0.9381832287592012,1.1369166063675833,17.8,23.6,169924888.0,0.0,40.8,11,藍,5,False,True,False,True,A
2023-03-22,15760.46,2773200.0,3.953814088013895,1.146548760512928,1.119672964979372,16.84,11.2,170035290.0,0.0,41.2,11,藍,5,False,True,False,True,A
2023-03-23,15863.95,2652800.0,4.66574937730017,1.22366133120817,1.05997679289923,16.58,7.6,170477406.0,0.0,42.0,11,藍,5,False,True,False,True,A
2023-03-24,15914.7,2914300.0,5.02902550146474,1.2509510254413536,1.0185689555033015,16.51,6.800000000000001,170889970.0,0.0,42.4,11,藍,5,False,True,False,True,A
2023-03-27,15830.31,2706800.0,4.516732543710233,1.1615526207311686,1.0505920726311235,17.12,15.6,171615852.0,0.0,42.8,10,藍,6,False,True,False,True,A
2023-03-28,15701.48,2545400.0,3.71422682601052,1.0354962534158343,1.0376046606013032,17.1,15.0,170553917.0,-0.6187860781065843,42.4,10,藍,6,False,True,False,True,A
2023-03-29,15769.76,2376300.0,4.214546390752007,1.0803386010097984,1.0157252573355136,16.64,9.2,170017261.0,-0.9314937876484743,41.2,10,藍,6,False,True,False,True,A
2023-03-30,15849.43,2266900.0,4.788420431646596,1.1344714808271228,0.9921552579909354,16.45,6.4,170232677.0,-0.8059715835574444,42.0,10,藍,6,False,True,False,True,A
2023-03-31,15868.06,2440300.0,4.9633154070585865,1.1350325617173804,0.9605167107576048,16.95,14.4,169254916.0,-1.3757097450415012,38.8,10,藍,6,False,True,False,True,A
2023-04-06,15810.77,2513500.0,4.63663500861757,1.0704548971808543,0.9422025645502338,16.94,14.4,170123560.0,-0.8695537053302047,42.4,10,藍,6,False,True,False,True,A
2023-04-07,15836.5,2199900.0,4.858005409501096,1.075781383907956,0.9117067242515248,16.17,4.0,170868430.0,-0.4355203737239844,44.4,10,藍,6,False,True,False,True,A
2023-04-10,15876.17,2220400.0,5.16645853125196,1.089861734000572,0.8973505764699534,16.26,4.3999999999999995,171833782.0,0.0,45.6,10,藍,6,False,True,False,True,A
2023-04-11,15913.88,2744200.0,5.461938157559705,1.1021937765314915,0.9294546932733552,16.37,6.2,172043043.0,0.0,46.0,10,藍,6,False,True,False,True,A
2023-04-12,15932.97,3138100.0,5.639066276249004,1.096690240229416,0.9748814306668916,15.72,1.2,173033671.0,0.0,46.400000000000006,10,藍,6,False,True,False,True,A
2023-04-13,15804.76,3825100.0,4.841521378611334,0.9700895610134512,1.0606859167830385,15.93,2.8000000000000003,173733126.0,0.0,46.8,10,藍,6,False,True,False,True,A
2023-04-14,15929.43,3492400.0,5.716103705726899,1.052930786777204,1.1457109457812824,15.07,0.4,174432026.0,0.0,47.2,10,藍,6,False,True,False,True,A
2023-04-17,15963.55,3396900.0,5.986403507746902,1.0586924207108068,1.223104318011397,15.06,0.4,175517433.0,0.0,47.599999999999994,10,藍,6,False,True,False,True,A
2023-04-18,15869.44,3344600.0,5.398226470066325,0.9612722973442432,1.2576342251203607,14.87,0.4,175939894.0,0.0,48.4,10,藍,6,False,True,False,True,A
2023-04-19,15770.47,3554800.0,4.783056051744241,0.8633982133440559,1.2740266034010113,15.36,1.6,177058053.0,0.0,50.0,10,藍,6,False,True,False,True,A
2023-04-20,15707.52,3170900.0,4.402004570171904,0.7969613730274584,1.2223619675014146,15.49,2.0,177045206.0,-0.0072558123069386,50.0,10,藍,6,False,True,False,True,A
2023-04-21,15602.99,3512500.0,3.745514827117941,0.6968224670862304,1.2132972005423492,15.14,1.6,174626865.0,-1.3731021881280938,47.599999999999994,10,藍,6,False,True,False,True,A
2023-04-24,15626.87,2474500.0,3.9505975288637334,0.6979399276925085,1.1440639624566125,15.36,2.1999999999999997,174861224.0,-1.2407393861944251,48.0,10,藍,6,False,True,False,True,A
2023-04-25,15370.73,3449300.0,2.2977779659145137,0.4734342195036565,1.140443207758194,16.1,7.4,172743051.0,-2.4370549245788893,46.400000000000006,11,藍,7,False,True,False,True,A
2023-04-26,15374.63,2745800.0,2.368142185464601,0.4590958858271874,1.077280660977257,15.94,6.0,172945235.0,-2.3228641286369505,46.8,11,藍,7,False,True,False,True,A
2023-04-27,15411.49,2616700.0,2.654230136083515,0.4733342227675197,1.0323267718686746,15.72,4.2,174212219.0,-1.607288655772127,48.0,11,藍,7,False,True,False,True,A
2023-04-28,15579.18,2999300.0,3.810310248123918,0.5909505334009653,0.9894713632740418,15.23,2.0,174268398.0,-1.575559514370126,48.4,11,藍,7,False,True,False,True,A
2023-05-02,15636.48,2915700.0,4.234140802354589,0.6195620414914957,1.0246542142233843,14.95,0.8,175409740.0,-0.9309449483215542,50.0,11,藍,7,False,True,False,True,A
2023-05-03,15553.41,2511600.0,3.7239364750830792,0.5348421481639258,0.9641384445872632,16.01,7.6,176572633.0,-0.2741586681742174,52.0,11,藍,7,False,True,False,True,A
2023-05-04,15609.03,2461600.0,4.134195815708334,0.5612908265183639,0.9472929235420344,15.21,2.4,177498527.0,0.0,54.400000000000006,11,藍,7,False,True,False,True,A
2023-05-05,15626.07,2294100.0,4.275559320557109,0.5559407108635163,0.92985181749728,15.04,1.2,177553011.0,0.0,54.8,11,藍,7,False,True,False,True,A
2023-05-08,15699.57,2829600.0,4.792477617455846,0.5954839118318658,0.9168989968503308,14.02,0.4,177956514.0,0.0,56.00000000000001,11,藍,7,False,True,False,True,A
2023-05-09,15727.7,2864700.0,4.9963789711185065,0.5975575326533352,0.9103968037029472,13.5,0.4,176106512.0,-1.0395809394198403,52.0,11,藍,7,False,True,False,True,A
2023-05-10,15641.76,2366700.0,4.444341169249707,0.5096129640982716,0.8996143016074861,13.62,0.8,176363252.0,-0.8953097384229497,52.400000000000006,11,藍,7,False,True,False,True,A
2023-05-11,15514.64,2769100.0,3.625349410878449,0.3911936936103937,0.9198281481066156,13.39,0.4,174695540.0,-1.832455540233835,49.6,11,藍,7,False,True,False,True,A
2023-05-12,15502.36,2711900.0,3.570903942971272,0.363794252965635,0.9464800545159092,13.04,0.4,174637696.0,-1.8649601104233815,49.6,11,藍,7,False,True,False,True,A
2023-05-15,15475.05,2444700.0,3.4185928918264272,0.3256867368845904,0.919783728613315,13.06,0.8,175426860.0,-1.4215012101214797,51.2,11,藍,7,False,True,False,True,A
2023-05-16,15673.9,2617800.0,4.7761232406309535,0.4665918754636098,0.900249988087504,12.65,0.4,175530331.0,-1.3633572300702632,52.0,11,藍,7,False,True,False,True,A
2023-05-17,15925.29,3099200.0,6.470350886538304,0.6474583130021719,0.9457153156150784,14.09,3.2,175803861.0,-1.209651139828464,52.8,11,藍,7,False,True,False,True,A
2023-05-18,16101.88,3379800.0,7.649438945689015,0.7668339248069965,0.982703375384154,14.65,3.5999999999999996,176435429.0,-0.8547509533705521,54.8,11,藍,7,False,True,False,True,A
2023-05-19,16174.92,3955600.0,8.13447528931374,0.8035630981806204,1.061906455943478,14.72,4.0,176252821.0,-0.9573647863207748,54.400000000000006,11,藍,7,False,True,False,True,A
2023-05-22,16180.89,3311200.0,8.169335023513021,0.7885819118497506,1.1162911268921951,14.91,4.8,178221222.0,0.0,60.4,11,藍,7,False,True,False,True,A
2023-05-23,16188.03,3041900.0,8.200535179655802,0.7763556549396555,1.1449164496589446,14.32,3.5999999999999996,178941035.0,0.0,60.8,11,藍,7,False,True,False,True,A
2023-05-24,16159.32,2938400.0,7.999202354900868,0.7374079127758721,1.1343296479886569,13.81,2.8000000000000003,179734883.0,0.0,62.0,11,藍,7,False,True,False,True,A
2023-05-25,16292.0,3551900.0,8.874576573326118,0.8238417068974775,1.1417179460313591,15.26,8.799999999999999,179583774.0,-0.0840732736338109,61.6,11,藍,8,False,True,False,True,A
2023-05-26,16505.05,3981600.0,10.285090793441071,0.9742171519107528,1.13724118469101,15.93,13.4,178776776.0,-0.5330668059577506,60.8,11,藍,8,False,True,False,True,A
2023-05-29,16636.3,3879200.0,11.152005973439987,1.0588253220782051,1.167991538726276,15.74,12.0,180325169.0,0.0,63.2,11,藍,8,False,True,False,True,A
2023-05-30,16622.74,3645500.0,11.043529867471918,1.0327827112997945,1.2045957315787537,15.39,10.0,181451800.0,0.0,63.6,11,藍,8,False,True,False,True,A
2023-05-31,16578.96,5023700.0,10.738224505362837,0.9834323715152886,1.3267187188597993,16.38,20.4,182543864.0,0.0,64.0,11,藍,8,False,True,False,True,A
2023-06-01,16512.65,3888600.0,10.284813773295827,0.9174443807688222,1.34258037048422,15.59,10.8,184106790.0,0.0,64.4,11,藍,8,False,True,False,True,A
2023-06-02,16706.91,4585600.0,11.560086583647204,1.053092832512828,1.3711009790115531,15.62,11.6,184274470.0,0.0,64.8,11,藍,8,False,True,False,True,A
2023-06-05,16714.43,4575100.0,11.592107559942583,1.0423679637287802,1.4040408829087805,15.92,14.8,185294084.0,0.0,66.0,11,藍,8,False,True,False,True,A
2023-06-06,16761.66,3861900.0,11.883744490738556,1.0630444367510827,1.4121703002954509,15.44,10.4,184977626.0,-0.1707868881555873,66.0,11,藍,8,False,True,False,True,A
2023-06-07,16922.48,3721800.0,12.93742577020833,1.1694549591459888,1.3271747712650228,14.99,6.4,186045144.0,0.0,66.8,11,藍,8,False,True,False,True,A
2023-06-08,16733.69,3859300.0,11.673808161259204,1.008508297324556,1.3258081848591154,15.42,10.8,186118893.0,0.0,67.2,11,藍,8,False,True,False,True,A
2023-06-09,16886.4,3598000.0,12.690566940006615,1.1091058765257882,1.2591763657429942,15.23,9.0,187183967.0,0.0,67.60000000000001,11,藍,8,False,True,False,True,A
2023-06-12,16955.37,3731500.0,13.142369854161084,1.143088856526089,1.2009538538799494,15.28,10.0,186973589.0,-0.1123910361403976,67.60000000000001,11,藍,8,False,True,False,True,A
2023-06-13,17216.6,3764800.0,14.865186209739653,1.321484385341139,1.1898778131565493,16.02,18.8,187261344.0,0.0,68.4,11,藍,8,False,True,False,True,A
2023-06-14,17238.14,4290400.0,14.98949620374314,1.3175005301014784,1.2206193588217509,16.66,28.999999999999996,188745268.0,0.0,69.6,11,藍,8,False,True,False,True,A
2023-06-15,17334.98,4893200.0,15.61012143204978,1.3703287095775034,1.2763584349562047,15.81,16.0,190378512.0,0.0,73.2,11,藍,8,False,True,False,True,A
2023-06-16,17288.91,6203100.0,15.283854011112824,1.3156530961376431,1.4124058982435712,15.99,18.8,190319897.0,-0.0307886637962586,73.2,11,藍,8,False,True,False,True,A
2023-06-19,17274.56,4654400.0,15.16810142908434,1.2856700010326223,1.455290703272217,15.84,16.400000000000002,191504227.0,0.0,81.2,11,藍,8,False,True,False,True,A
2023-06-20,17184.91,4185300.0,14.5482716690284,1.199791527152363,1.4704188251289008,15.93,18.4,192097126.0,0.0,84.0,11,藍,8,False,True,False,True,A
2023-06-21,17202.4,4354900.0,14.63027360097425,1.19432979500918,1.4617493504663452,16.01,20.200000000000003,193903234.0,0.0,91.6,11,藍,8,False,True,False,True,A
2023-06-26,17059.24,3970000.0,13.645658395216907,1.0710019668292123,1.39878883412814,15.64,14.000000000000002,194209498.0,0.0,94.0,12,藍,9,False,True,False,True,A
2023-06-27,16887.9,4028700.0,12.477586603525754,0.9299460597562622,1.260318777104305,15.44,12.2,191585955.0,-1.3508829521818753,82.39999999999999,12,藍,9,False,True,False,True,A
2023-06-28,16935.63,3256100.0,12.762524562739255,0.9508484971462496,1.1730335613820404,15.26,9.8,192361945.0,-0.9513195899409616,86.0,12,藍,9,False,True,False,True,A
2023-06-29,16942.3,3357100.0,12.7678603928843,0.9413852694387304,1.118537615723108,15.59,13.8,192815870.0,-0.7175900325945953,88.8,12,藍,9,False,True,False,True,A
2023-06-30,16915.54,3542500.0,12.543363639556237,0.9096268829139104,1.0639577645697096,14.21,4.0,194355483.0,0.0,95.6,12,藍,9,False,True,False,True,A
2023-07-03,17084.2,3930600.0,13.62451060625967,1.0200238339160392,1.0539774338864072,15.15,8.799999999999999,196599121.0,0.0,97.2,12,藍,9,False,True,False,True,A
2023-07-04,17140.77,4436200.0,13.946396438905634,1.047002198349167,1.067733102752558,14.68,5.2,199156773.0,0.0,97.6,12,藍,9,False,True,False,True,A
2023-07-05,17056.43,4153400.0,13.329077345514763,0.9704915920941248,1.1090506297486953,14.42,4.8,200919501.0,0.0,98.0,12,藍,9,False,True,False,True,A
2023-07-06,16762.17,4369600.0,11.3307419777443,0.7381641926062631,1.1550595060033626,15.56,15.2,201519796.0,0.0,98.4,12,藍,9,False,True,False,True,A
2023-07-07,16664.21,3783700.0,10.647301023110227,0.6517657760123995,1.162999584646354,16.38,29.799999999999997,202133095.0,0.0,98.8,12,藍,9,False,True,False,True,A
2023-07-10,16652.8,3379500.0,10.535933548150204,0.6312636749653936,1.1307175341459943,16.88,38.4,202690030.0,0.0,99.2,12,藍,9,False,True,False,True,A
2023-07-11,16898.91,3940800.0,12.120152892390257,0.8008666490781596,1.102282826779514,15.36,12.8,203225770.0,0.0,99.6,12,藍,9,False,True,False,True,A
2023-07-12,16962.03,4067700.0,12.475170563168708,0.8352359342640727,1.094522802441695,15.96,23.6,204662496.0,0.0,100.0,12,藍,9,False,True,False,True,A
2023-07-13,17061.4,4859500.0,13.052581050048111,0.899050873811259,1.1143550145753132,16.3,28.799999999999997,203681473.0,-0.4793369665539503,99.6,12,藍,9,False,True,False,True,A
2023-07-14,17283.71,4457500.0,14.43264369528438,1.0550231422715697,1.1459269689479896,15.45,15.2,208523323.0,0.0,100.0,12,藍,9,False,True,False,True,A
2023-07-17,17334.29,4827400.0,14.67686766605605,1.0798075781717875,1.218907372874012,15.69,18.8,211193373.0,0.0,100.0,12,藍,9,False,True,False,True,A
2023-07-18,17227.91,6165200.0,13.875392162248154,0.9879907645881488,1.3231334271124036,16.3,29.799999999999997,212775435.0,0.0,100.0,12,藍,9,False,True,False,True,A
2023-07-19,17116.44,4897100.0,13.055478855149056,0.8901134276461993,1.359636016462326,16.49,34.2,213320841.0,0.0,100.0,12,藍,9,False,True,False,True,A
2023-07-20,17164.89,3659100.0,13.29466565904854,0.9146325830166104,1.2880286797325535,15.93,23.4,215705207.0,0.0,100.0,12,藍,9,False,True,False,True,A
2023-07-21,17030.7,4256500.0,12.32918045787614,0.7984078785884938,1.2726511315430489,15.5,16.0,217757631.0,0.0,100.0,12,藍,9,False,True,False,True,A
2023-07-24,17033.61,4044800.0,12.257066527971029,0.7917100378983811,1.2237307895380276,15.74,20.6,221087046.0,0.0,100.0,12,藍,9,False,True,False,True,A
2023-07-25,17198.89,3822600.0,13.26050069124183,0.913702156294122,1.0933738323809976,15.37,13.6,220933834.0,-0.0692994016483444,99.6,13,藍,10,False,True,False,True,A
2023-07-26,17162.55,4140400.0,12.940149727279929,0.8750669141167321,1.048097097269994,15.6,18.0,221230366.0,0.0,100.0,13,藍,10,False,True,False,True,A
2023-07-27,17241.82,4509600.0,13.381476830603816,0.9278820757534774,1.0852556319391145,15.68,20.0,222308527.0,0.0,100.0,13,藍,10,False,True,False,True,A
2023-07-28,17292.93,4184900.0,13.640653637241924,0.95684456010618,1.0736937097355568,15.15,9.8,224192229.0,0.0,100.0,13,藍,10,False,True,False,True,A
2023-07-31,17145.43,5016000.0,12.598801509106838,0.8259755307538128,1.111789373789707,16.31,33.2,223227529.0,-0.4303003740597984,99.6,13,藍,10,False,True,False,True,A
2023-08-01,17212.87,3848500.0,12.968113325563326,0.87012040704045,1.1057704639013717,15.96,27.4,224265854.0,0.0,100.0,13,藍,10,False,True,False,True,A
2023-08-02,16893.73,4905400.0,10.816692561960478,0.5979072261362264,1.1347509610155193,16.74,42.0,220305572.0,-1.765887195649499,97.2,13,藍,10,False,True,False,True,A
2023-08-04,16843.68,3836700.0,10.43349279059496,0.5500779242629751,1.0962750677893056,15.5,17.0,222303822.0,-0.8748688063765605,98.4,13,藍,10,False,True,False,True,A
2023-08-07,16996.0,3358800.0,11.37200135669918,0.6673149696779007,1.050347499825697,15.18,10.4,225559048.0,0.0,100.0,13,藍,10,False,True,False,True,A
2023-08-08,16877.07,3689000.0,10.532691908523642,0.5615484677893862,0.9801019109551782,16.31,34.599999999999994,225860740.0,0.0,100.0,13,藍,10,False,True,False,True,A
2023-08-09,16870.94,3230500.0,10.436147970945775,0.5502301325214729,0.9472161378597116,16.14,32.4,225452960.0,-0.180544879114449,99.2,13,藍,10,False,True,False,True,A
2023-08-10,16634.7,3822300.0,8.840068243109474,0.346855143328995,0.8881998701006101,16.79,44.6,219889088.0,-2.64395308365677,95.2,13,藍,10,False,True,False,True,A
2023-08-11,16601.25,3143400.0,8.57570694690045,0.3117959652268539,0.8520218885233481,16.39,38.0,218428193.0,-3.290765362762913,94.8,13,藍,10,False,True,False,True,A
2023-08-14,16393.66,3754700.0,7.178434250723482,0.1300870551397057,0.8692371341457155,17.6,56.39999999999999,214694153.0,-4.944014174397906,93.6,13,藍,10,False,True,False,True,A
2023-08-15,16454.8,3164800.0,7.530137636380449,0.1772478910871121,0.8441515366357387,16.25,33.2,214891264.0,-4.856743141813845,93.6,13,藍,10,False,True,False,True,A
2023-08-16,16446.78,3521200.0,7.430837861849432,0.1654488845934771,0.8600244325122873,16.48,40.0,216706091.0,-4.053227223111019,94.0,13,藍,10,False,True,False,True,A
2023-08-17,16516.66,3718500.0,7.836172598443769,0.2202107878604939,0.8534645618800364,15.99,28.999999999999996,218356038.0,-3.322712039285801,94.4,13,藍,10,False,True,False,True,A
2023-08-18,16381.31,3834000.0,6.914919355591359,0.0980475410390809,0.8846486187505762,16.75,45.6,216306181.0,-4.230287654242168,93.2,13,藍,10,False,True,False,True,A
2023-08-21,16381.49,2647300.0,6.878117022605368,0.0935125455829431,0.831193848259137,16.34,37.0,216417602.0,-4.180955928861298,93.2,13,藍,10,False,True,False,True,A
2023-08-22,16437.61,2929100.0,7.2054476550480695,0.1357674334138122,0.8216908634940323,16.62,44.4,215728781.0,-4.485931906536745,92.4,13,藍,10,False,True,False,True,A
2023-08-23,16576.9,3025900.0,8.06771558040163,0.251060231681937,0.8003933891790725,16.03,30.8,215978895.0,-4.3751937587736585,92.4,13,藍,10,False,True,False,True,A
2023-08-24,16770.87,3988000.0,9.287411205228748,0.4129227596638612,0.8133804517074495,14.91,7.000000000000001,215117332.0,-4.75665137730444,91.2,13,藍,10,False,True,False,True,A
2023-08-25,16481.58,3217200.0,7.368874970422008,0.1528115495191934,0.7842208270596494,16.4,40.400000000000006,216403915.0,-4.187015857647505,92.8,15,藍,11,False,True,False,True,A
2023-08-28,16509.26,3052400.0,7.518603545022364,0.1708130915704854,0.8109270020144878,15.33,13.6,216013073.0,-4.360061425460662,92.0,15,藍,11,False,True,False,True,A
2023-08-29,16623.65,2649500.0,8.22966253332807,0.2636016971461029,0.8010793009682704,14.86,6.4,216477468.0,-4.154450215650582,93.2,15,藍,11,False,True,False,True,A
2023-08-30,16719.82,2979300.0,8.82023734975008,0.3412351398384801,0.8041483683705895,14.06,3.5999999999999996,217629337.0,-3.644459413353556,93.6,15,藍,11,False,True,False,True,A
2023-08-31,16634.51,3812000.0,8.230125446177588,0.2582411281132723,0.7978075661987375,14.08,4.0,219385248.0,-2.8670285946995477,94.8,15,藍,11,False,True,False,True,A
2023-09-01,16644.94,3194100.0,8.263156787231093,0.2604887800197943,0.7988921887081674,13.93,3.2,219345067.0,-2.8848187604450426,94.4,15,藍,11,False,True,False,True,A
2023-09-04,16789.69,2734900.0,9.160783732360176,0.3812645333399438,0.786015191206948,13.71,2.8000000000000003,219908906.0,-2.635178650348883,95.2,15,藍,11,False,True,False,True,A
2023-09-05,16791.61,2626500.0,9.125142777435766,0.3755402272966368,0.788984136055739,13.64,2.8000000000000003,221927290.0,-1.741537728070846,96.8,15,藍,11,False,True,False,True,A
2023-09-06,16738.16,3123200.0,8.730609538204298,0.321808204118127,0.7980053343911105,13.76,3.5999999999999996,222705616.0,-1.3969333492841651,97.6,15,藍,11,False,True,False,True,A
2023-09-07,16619.14,2727400.0,7.91766574461855,0.2104271098206245,0.7453448605915739,13.45,2.0,223658285.0,-0.9751384857766782,98.0,15,藍,11,False,True,False,True,A
2023-09-08,16576.02,2492600.0,7.601397005116056,0.1666709617309277,0.7129612208180696,13.79,4.3999999999999995,223708098.0,-0.9530837453202358,98.0,15,藍,11,False,True,False,True,A
2023-09-11,16432.95,3098400.0,6.630955805705874,0.0336250266610412,0.7356734779255075,14.53,8.4,220826336.0,-2.228985878643628,94.0,15,藍,11,False,True,False,True,A
2023-09-12,16572.71,2744800.0,7.492664971210948,0.1523452310115056,0.7488709976834886,13.91,5.2,219799886.0,-2.683447331306893,92.4,15,藍,11,False,True,False,True,A
2023-09-13,16581.51,2656800.0,7.508292679556597,0.1532673389283471,0.7357281738220373,13.96,6.0,221265131.0,-2.034709086669954,95.2,15,藍,11,False,True,False,True,A
2023-09-14,16807.56,3031000.0,8.917260806826329,0.3485745274720729,0.7575038858022038,13.71,3.8,222173129.0,-1.6326923395363,95.6,15,藍,11,False,True,False,True,A
2023-09-15,16920.92,4307600.0,9.588008407766967,0.4421895970076367,0.855072854975679,13.36,1.6,223415131.0,-1.0827950886904911,97.2,15,藍,11,False,True,False,True,A
2023-09-18,16698.24,2642300.0,8.088782966770061,0.2293237388474908,0.8368976707957669,14.06,7.8,225804055.0,-0.0250973232444027,99.6,15,藍,11,False,True,False,True,A
2023-09-19,16636.32,2872700.0,7.633372671422715,0.1646210704043855,0.848075316915094,13.99,7.199999999999999,226198880.0,0.0,100.0,15,藍,11,False,True,False,True,A
2023-09-20,16534.75,2959400.0,6.917447885397747,0.0633832327124684,0.8688541103856263,13.99,7.4,226604409.0,0.0,100.0,15,藍,11,False,True,False,True,A
2023-09-21,16316.67,2823600.0,5.460014991925515,-0.1447340929019905,0.8591598211643585,14.73,12.8,226342362.0,-0.1156407331862638,99.6,15,藍,11,False,True,False,True,A
2023-09-22,16344.48,2268200.0,5.597797899353473,-0.1236150017906538,0.7506314650819867,14.55,11.6,227096497.0,0.0,100.0,15,藍,11,False,True,False,True,A
2023-09-25,16452.23,2049400.0,6.251169557025326,-0.0277699146217413,0.7228018859383379,14.06,8.799999999999999,228199811.0,0.0,100.0,15,藍,12,False,True,False,True,A
2023-09-26,16276.07,2412200.0,5.069590047981383,-0.1955296791274878,0.7020949187127773,13.92,6.4,228126347.0,-0.0321928399844292,99.6,15,藍,12,False,True,False,True,A
2023-09-27,16310.36,2187900.0,5.246369654037668,-0.1675683293159705,0.6658053613890769,14.63,12.8,228273095.0,0.0,100.0,15,藍,12,False,True,False,True,A
2023-09-28,16353.74,2477900.0,5.477502983337416,-0.1322248560840488,0.6513592132658034,14.51,12.0,229445392.0,0.0,100.0,15,藍,12,False,True,False,True,A
2023-10-02,16557.31,2669600.0,6.731782221826843,0.0540903608997506,0.6798075117663979,13.99,8.0,230009773.0,0.0,100.0,15,藍,12,False,True,False,True,A
2023-10-03,16454.34,2697100.0,6.015940499068355,-0.0482715206470857,0.7208931296272785,14.97,17.599999999999998,231304480.0,0.0,100.0,15,藍,12,False,True,False,True,A
2023-10-04,16273.38,2624800.0,4.800072020498085,-0.2244668927779402,0.7358895348837209,16.01,40.8,230869278.0,-0.1881511330865705,99.6,15,藍,12,False,True,False,True,A
2023-10-05,16453.52,2503200.0,5.90100088723865,-0.0575715779309573,0.7595110127516072,14.86,15.8,232127773.0,0.0,100.0,15,藍,12,False,True,False,True,A
2023-10-06,16520.57,2296800.0,6.266838403047198,0.0015829946805613,0.755435143694495,14.56,13.6,231914570.0,-0.0918472603448446,99.6,15,藍,12,False,True,False,True,A
2023-10-11,16672.03,3635100.0,7.161299607532211,0.1431375761224955,0.8173806525914369,14.39,12.0,228594100.0,-1.522296515548788,97.6,15,藍,12,False,True,False,True,A
2023-10-12,16825.91,2917100.0,8.067045528744647,0.2886571855466169,0.8368346133524126,14.1,11.2,228764111.0,-1.4490562488616991,97.6,15,藍,12,False,True,False,True,A
2023-10-13,16782.57,2955800.0,7.696926607372288,0.2422010947130304,0.8647272218139952,14.63,15.0,229015871.0,-1.3405987399879118,97.6,15,藍,12,False,True,False,True,A
2023-10-16,16652.24,2843500.0,6.775117228822508,0.1068340420465753,0.9003561890537173,15.78,36.8,228926505.0,-1.3790973646225435,97.2,15,藍,12,False,True,False,True,A
2023-10-17,16642.55,2965400.0,6.624981217594287,0.0924583240841484,0.9508597182539004,15.42,28.199999999999996,228196070.0,-1.6937667342373546,95.2,15,藍,12,False,True,False,True,A
2023-10-18,16440.91,3844900.0,5.248416250086964,-0.1186106836730505,0.9629583306415144,15.86,38.4,225736952.0,-2.753147939777116,92.0,15,藍,12,False,True,False,True,A
2023-10-19,16452.73,2608200.0,5.246569707054316,-0.1123909352011945,0.95190972439418,16.03,45.4,226653107.0,-2.3584709098984034,94.0,15,藍,12,False,True,False,True,A
2023-10-20,16440.72,3035200.0,5.098766344360682,-0.1316182886166465,0.9619388187157548,16.5,56.39999999999999,226011951.0,-2.6346791342369875,92.4,15,藍,12,False,True,False,True,A
2023-10-23,16251.36,2273100.0,3.825629347557998,-0.3378866993456528,0.9336512396178996,17.14,68.0,225259791.0,-2.9587075735224495,90.0,15,藍,12,False,True,False,True,A
2023-10-24,16309.76,2642000.0,4.129345919439565,-0.2844181551517917,0.9204347388483544,16.62,58.599999999999994,225879890.0,-2.691570646309522,92.0,15,藍,12,False,True,False,True,A
2023-10-25,16358.89,2667800.0,4.356325308739172,-0.2418019359313777,0.8535854864932163,16.39,53.8,226921736.0,-2.242746282669071,94.0,17,黃藍,13,False,True,False,True,A
2023-10-26,16073.74,2572100.0,2.4590652457667965,-0.5656709956558508,0.8587039019221807,16.97,66.4,226932201.0,-2.2382379897299063,94.0,17,黃藍,13,False,True,False,True,A
2023-10-27,16134.61,2142800.0,2.7599808389369453,-0.5147849520150111,0.8132842556704486,16.36,52.0,226270558.0,-2.5232719567770117,92.0,17,黃藍,13,False,True,False,True,A
2023-10-30,16149.68,2250800.0,2.776846644230528,-0.5118475285178592,0.8190209734221005,16.92,66.0,226256230.0,-2.529444419388799,91.6,17,黃藍,13,False,True,False,True,A
2023-10-31,16001.27,2703600.0,1.7537430036976966,-0.6956904938155593,0.8333325828124719,17.07,68.0,223458771.0,-3.7345819881707993,86.0,17,黃藍,13,False,True,False,True,A
2023-11-01,16038.56,2183800.0,1.9153357114374727,-0.6655127483313285,0.8081590213719769,16.62,59.599999999999994,223981592.0,-3.5093521532212346,86.8,17,黃藍,13,False,True,False,True,A
2023-11-02,16396.95,2464200.0,4.102188019945901,-0.2575125086158108,0.8048934679330169,15.15,22.4,224758204.0,-3.1747898602378783,87.6,17,黃藍,13,False,True,False,True,A
2023-11-03,16507.65,2809400.0,4.710300809691172,-0.1364453418862167,0.8548694722354073,14.13,11.6,223981913.0,-3.5092138673126376,86.4,17,黃藍,13,False,True,False,True,A
2023-11-06,16649.36,2709700.0,5.5066545345107905,0.0266922000546579,0.8891342580732442,14.21,12.2,224438999.0,-3.31230248781993,87.2,17,黃藍,13,False,True,False,True,A
2023-11-07,16684.95,2180100.0,5.629694014707958,0.0625344087050182,0.8611106429398777,13.89,6.0,224720088.0,-3.1912101271914586,87.2,17,黃藍,13,False,True,False,True,A
2023-11-08,16740.83,2664300.0,5.874214549987549,0.1266065883225405,0.8971193319703563,14.17,12.4,226134896.0,-2.5817147696497305,90.8,17,黃藍,13,False,True,False,True,A
2023-11-09,16745.65,2433800.0,5.797198349248195,0.1245769891900081,0.9019365774269767,13.56,3.2,226645577.0,-2.3617148129879313,92.8,17,黃藍,13,False,True,False,True,A
2023-11-10,16682.67,2157500.0,5.299339431168707,0.0282497146134934,0.8610858044275864,13.61,3.5999999999999996,227151379.0,-2.143816715977368,94.4,17,黃藍,13,False,True,False,True,A
2023-11-13,16839.29,2512400.0,6.179314540900707,0.2346323559742046,0.8521767246246914,13.66,4.8,227016674.0,-2.201847255907633,93.6,17,黃藍,13,False,True,False,True,A
2023-11-14,16915.71,2619800.0,6.554591957526666,0.3342062097791383,0.8893451670510532,13.76,6.2,228486671.0,-1.56857663042328,96.0,17,黃藍,13,False,True,False,True,A
2023-11-15,17128.78,3950300.0,7.7856316722248815,0.6403079830251124,0.9809871474025174,13.81,7.4,228275510.0,-1.6595442028386669,95.6,17,黃藍,13,False,True,False,True,A
2023-11-16,17171.18,3308400.0,7.941832601193114,0.7046714165374147,1.039623788684243,13.4,2.4,228868828.0,-1.403944456056105,96.8,17,黃藍,13,False,True,False,True,A
2023-11-17,17208.95,3186300.0,8.064530515287862,0.7688940823017884,1.1114391907439525,14.05,12.0,230640189.0,-0.6408470562460443,98.4,17,黃藍,13,False,True,False,True,A
2023-11-20,17210.47,3044800.0,7.960621145969116,0.779207673875742,1.149296980434356,14.24,16.400000000000002,231768860.0,-0.1546187237147189,99.2,17,黃藍,13,False,True,False,True,A
2023-11-21,17416.7,3727100.0,9.139469121238497,1.1192284938643005,1.2302025519509403,13.91,9.0,232020150.0,-0.0463636895357627,99.6,17,黃藍,13,False,True,False,True,A
2023-11-22,17310.26,3167500.0,8.36484672633024,0.950734244179625,1.1746165996793183,13.25,1.6,232811622.0,0.0,100.0,17,黃藍,13,False,True,False,True,A
2023-11-23,17294.55,3179200.0,8.16748113635132,0.9241200047978628,1.1645026282710549,12.77,0.8,233245776.0,0.0,100.0,17,黃藍,13,False,True,False,True,A
2023-11-24,17287.42,3037300.0,8.020636382865858,0.9159707830123536,1.1512039285777906,12.89,1.2,234146276.0,0.0,100.0,17,黃藍,13,False,True,False,True,A
2023-11-27,17137.42,3164500.0,6.999656170960038,0.6535733582438683,1.158459288152121,13.65,6.4,233050086.0,-0.4681646100576889,99.2,16,藍,14,False,True,False,True,A
2023-11-28,17341.25,3435400.0,8.186742691085518,1.00816333059222,1.1402438299420503,13.59,5.2,234706986.0,0.0,100.0,16,藍,14,False,True,False,True,A
2023-11-29,17370.56,3414100.0,8.29327529842121,1.0528449288486597,1.1563232475794902,13.56,5.0,236307562.0,0.0,100.0,16,藍,14,False,True,False,True,A
2023-11-30,17433.85,4478400.0,8.609394907870294,1.156667320306184,1.2360883328211278,13.08,2.4,236653747.0,0.0,100.0,16,藍,14,False,True,False,True,A
2023-12-01,17438.35,3399000.0,8.558893784589074,1.1553659092909032,1.2558923110400837,13.6,6.4,237394556.0,0.0,100.0,16,藍,14,False,True,False,True,A
2023-12-04,17421.48,3929200.0,8.375166595867151,1.1191061781298346,1.3034252923888086,13.37,3.5999999999999996,237793287.0,0.0,100.0,16,藍,14,False,True,False,True,A
2023-12-05,17328.01,3623500.0,7.716554116898575,0.9469200701213402,1.3097338776985377,13.29,3.2,237752917.0,-0.0169769300510152,99.6,16,藍,14,False,True,False,True,A
2023-12-06,17360.72,3307100.0,7.844309222621118,1.0000523428390298,1.296182239741924,13.11,2.8000000000000003,238487591.0,0.0,100.0,16,藍,14,False,True,False,True,A
2023-12-07,17278.74,3368200.0,7.263883411389528,0.8491886283733614,1.21748840207669,13.12,3.2,238114292.0,-0.1565276408867747,99.6,16,藍,14,False,True,False,True,A
2023-12-08,17383.99,3155300.0,7.8476320036171,1.030880214168571,1.197825993333276,13.25,3.8,238811456.0,0.0,100.0,16,藍,14,False,True,False,True,A
2023-12-11,17418.34,3003300.0,7.989991649705763,1.0864433097288937,1.1317734032493767,13.53,7.199999999999999,240463090.0,0.0,100.0,16,藍,14,False,True,False,True,A
2023-12-12,17450.63,3356500.0,8.112598156159063,1.1405609219557322,1.1113387731987954,13.55,7.6,240712461.0,0.0,100.0,16,藍,14,False,True,False,True,A
2023-12-13,17468.93,3410000.0,8.152019657567976,1.1716856979859562,1.1241739874392618,13.15,3.5999999999999996,241477519.0,0.0,100.0,16,藍,14,False,True,False,True,A
2023-12-14,17653.11,4072600.0,9.217281218305349,1.500561610091142,1.1632088835561598,12.86,1.2,242326205.0,0.0,100.0,16,藍,14,False,True,False,True,A
2023-12-15,17673.87,5019300.0,9.273758538523497,1.5332150560870828,1.2751586198970366,12.77,1.0,241487642.0,-0.3460471804937481,99.6,16,藍,14,False,True,False,True,A
2023-12-18,17652.03,3975400.0,9.066401445046033,1.4883196716317024,1.3332466930098064,12.97,2.4,241898339.0,-0.1765661291150909,99.6,16,藍,14,False,True,False,True,A
2023-12-19,17576.55,3914800.0,8.53040653291899,1.3469816351351016,1.362448011491757,13.2,5.2,243619807.0,0.0,100.0,16,藍,14,False,True,False,True,A
2023-12-20,17635.2,4182900.0,8.814444097627055,1.4481902264866389,1.399171559102851,12.97,2.6,245705863.0,0.0,100.0,16,藍,14,False,True,False,True,A
2023-12-21,17543.74,4021800.0,8.17231721747122,1.2788111474298431,1.3808095192161491,13.64,13.0,244895604.0,-0.3297678737116664,99.6,16,藍,14,False,True,False,True,A
2023-12-22,17596.63,3700300.0,8.417046028333266,1.3698219259928026,1.2855264197525518,13.76,15.6,245369148.0,-0.1370398719382614,99.6,16,藍,14,False,True,False,True,A
2023-12-25,17604.84,3027400.0,8.390178695919863,1.3755680814964784,1.218426509400571,13.83,17.599999999999998,245845023.0,0.0,100.0,20,黃藍,15,False,True,False,True,A
2023-12-26,17751.73,2900000.0,9.210127926279805,1.6336143872108897,1.150206564260674,13.58,11.2,246630728.0,0.0,100.0,20,黃藍,15,False,True,False,True,A
2023-12-27,17891.5,3378000.0,9.978838624447633,1.8774303950088649,1.094123656910066,13.79,17.0,247325167.0,0.0,100.0,20,黃藍,15,False,True,False,True,A
2023-12-28,17910.37,3289700.0,10.009059719204554,1.897204780600594,1.0437695628594976,13.63,13.2,,,,20,黃藍,15,False,True,False,True,A
2023-12-29,17930.81,2868000.0,10.04817599441848,1.921916700789375,0.9891741476000596,13.67,15.2,248014237.0,0.0,100.0,20,黃藍,15,False,True,False,True,A
2024-01-02,17853.76,3254000.0,9.48591507992946,1.7729556456362052,0.9996686821833844,14.36,28.799999999999997,248424271.0,0.0,100.0,20,黃藍,15,False,True,False,True,A
2024-01-03,17559.31,3095000.0,7.597733053647655,1.229383153658499,1.007821843425665,14.42,29.799999999999997,249224908.0,0.0,100.0,20,黃藍,15,False,True,False,True,A
2024-01-04,17549.65,3096700.0,7.4495319198100445,1.2063229359564331,0.9928005828251112,14.28,28.4,249729179.0,0.0,100.0,20,黃藍,15,False,True,False,True,A
2024-01-05,17519.14,3084900.0,7.176513566025363,1.1423645430534126,0.9788987870722756,14.37,29.6,248996724.0,-0.2932997269013566,99.2,20,黃藍,15,False,True,False,True,A
2024-01-08,17572.66,3044600.0,7.421661355444134,1.2308880428282414,0.9896598028542504,14.13,26.6,248150571.0,-0.632127974120317,98.4,20,黃藍,15,False,True,False,True,A
2024-01-09,17535.49,3213400.0,7.108959755748118,1.1568580221412472,0.9851504900776906,14.15,27.200000000000003,245574757.0,-1.6635709197602415,96.0,20,黃藍,15,False,True,False,True,A
2024-01-10,17465.63,2843300.0,6.59941036008507,1.0227123305183845,0.969814333987298,14.66,34.8,244563783.0,-2.068399063611225,94.8,20,黃藍,15,False,True,False,True,A
2024-01-11,17545.32,2880100.0,7.001754360106895,1.168647684984956,0.9609723065278608,15.67,53.6,244054875.0,-2.272183019510107,94.4,20,黃藍,15,False,True,False,True,A
2024-01-12,17512.83,2596200.0,6.716668376741769,1.1098043230743853,0.9298609125151096,16.69,80.0,243706399.0,-2.4117245826527944,94.0,20,黃藍,15,False,True,False,True,A
2024-01-15,17546.82,0.0,6.83364489559292,1.1782684870400646,0.7477186897255944,12.33,0.4,245868197.0,-1.546067630326851,96.8,20,黃藍,15,False,True,False,True,A
2024-01-16,17346.87,3415100.0,5.533770009433657,0.8005555974040409,0.7561302239667513,12.56,0.8,247524515.0,-0.8828219468899147,97.6,20,黃藍,15,False,True,False,True,A
2024-01-17,17161.79,3977500.0,4.333206476738435,0.4476175636497124,0.8233088178452139,13.56,11.6,247860934.0,-0.7481084138750163,97.6,20,黃藍,15,False,True,False,True,A
2024-01-18,17227.79,3027100.0,4.657366437773093,0.5753287644371782,0.8311213136108655,13.0,4.0,247038390.0,-1.0774828198990716,96.4,20,黃藍,15,False,True,False,True,A
2024-01-19,17681.52,3364900.0,7.32557597504315,1.4440014911416228,0.8765084468786131,12.57,1.2,246672432.0,-1.2240247664450936,96.0,20,黃藍,15,False,True,False,True,A
2024-01-22,17815.1,3480100.0,8.046108441915836,1.6953934664714798,1.0900699207978202,13.4,10.2,246311316.0,-1.368627812611357,95.2,20,黃藍,15,False,True,False,True,A
2024-01-23,17874.59,3182700.0,8.32485398438328,1.80088490783483,1.0701492959309868,13.06,5.4,247186801.0,-1.0180540416544597,96.4,20,黃藍,15,False,True,False,True,A
2024-01-24,17875.83,2687500.0,8.25173233365432,1.7926036890192405,0.9891812328084968,13.0,4.6,248790648.0,-0.3758195192721151,98.8,20,黃藍,15,False,True,False,True,A
2024-01-25,18002.62,2496500.0,8.933753016106062,2.026640300862488,0.9542779831707848,12.93,3.5999999999999996,248578208.0,-0.460887672241136,98.4,22,黃藍,16,False,True,False,True,A
2024-01-26,17995.03,2484900.0,8.801886602099609,2.0013899438907425,0.8989755215567012,13.2,8.6,247462895.0,-0.9074966766298462,96.0,22,黃藍,16,False,True,False,True,A
2024-01-29,18119.63,2167700.0,9.46799808214918,2.226121531937241,0.8194019470758722,13.09,7.199999999999999,247456105.0,-0.9102156220198842,95.6,22,黃藍,16,False,True,False,True,A
2024-01-30,18034.63,2422700.0,8.87271803504285,2.047488391979799,0.7727326209275842,13.18,8.799999999999999,247968595.0,-0.7049973123084667,96.8,22,黃藍,16,False,True,False,True,A
2024-01-31,17889.56,2303000.0,7.919899704246594,1.7510396216410002,0.748013793081727,13.23,10.0,247990488.0,-0.6962306154860662,96.8,22,黃藍,16,False,True,False,True,A
2024-02-01,17968.11,2620500.0,8.329079397168778,1.887517272326052,0.7559985823608942,13.21,10.0,246789368.0,-1.1771996415364825,93.2,22,黃藍,16,False,True,False,True,A
2024-02-02,18059.93,2697800.0,8.809324278511612,2.0480712818324007,0.7683475643805234,12.8,2.8000000000000003,246644704.0,-1.2351279943942794,92.4,22,黃藍,16,False,True,False,True,A
2024-02-05,18096.07,2575800.0,8.956798993801815,2.0992325816857154,0.7922871113185218,13.56,16.6,244814252.0,-1.9681028142890744,88.8,22,黃藍,16,False,True,False,True,A
2024-02-15,18644.57,3727500.0,12.176943198492566,3.12276891760205,0.8686817959927197,14.99,45.8,245573792.0,-1.6639573383613295,89.60000000000001,22,黃藍,16,False,True,False,True,A
2024-02-16,18607.25,3658600.0,11.8715097093017,3.011151512547328,0.948130161427182,14.41,37.6,247787773.0,-0.7774045499104452,95.6,22,黃藍,16,False,True,False,True,bull
2024-02-19,18635.8,3839600.0,11.955844660042985,3.021433761641255,1.024361169890782,14.05,30.2,250961873.0,0.0,100.0,22,黃藍,16,False,True,False,True,bull
2024-02-20,18753.16,3375300.0,12.570211416134375,3.192259447479066,1.0660548570234585,14.41,38.2,252605441.0,0.0,100.0,22,黃藍,16,False,True,False,True,bull
2024-02-21,18676.31,3295300.0,12.02664158060139,3.00266211329041,1.1100838472667838,14.15,34.2,254128306.0,0.0,100.0,22,黃藍,16,False,True,False,True,bull
2024-02-22,18852.78,3580200.0,12.996943195931411,3.28387525178544,1.097908546797509,13.41,14.4,255220537.0,0.0,100.0,22,黃藍,16,False,True,False,True,bull
2024-02-23,18889.19,3696800.0,13.125602424156234,3.298316824201874,1.1004433812460044,13.05,6.4,253636821.0,-0.6205284334152154,99.2,22,黃藍,16,False,True,False,True,bull
2024-02-26,18948.05,3220600.0,13.38565545318206,3.3490452834183864,1.0618569187973637,13.17,9.6,256076413.0,0.0,100.0,27,綠,0,False,False,False,False,bull
2024-02-27,18854.41,3784600.0,12.738959960206522,3.1246272582960883,1.0837904147773252,13.29,13.0,254711190.0,-0.5331311009889849,99.2,27,綠,0,False,False,False,False,bull
2024-02-29,18966.77,3892000.0,13.315033895460637,3.2748014262208383,1.1156820335056978,13.42,16.0,257050729.0,0.0,100.0,27,綠,0,False,False,False,False,bull
2024-03-01,18935.93,3350500.0,13.039330542410449,3.1665986477204453,1.1005339787962172,12.86,3.4000000000000004,257180305.0,0.0,100.0,27,綠,0,False,False,False,False,bull
2024-03-04,19305.31,4014800.0,15.139191283704436,3.767861699963379,1.116730006634645,13.8,27.200000000000003,258584531.0,0.0,100.0,27,綠,0,False,False,False,False,bull
2024-03-05,19386.92,3826500.0,15.52021513669836,3.8312906995886142,1.151360504436704,14.32,39.8,259427370.0,0.0,100.0,27,綠,0,False,False,False,False,bull
2024-03-06,19499.45,3886200.0,16.081831412727695,3.941814372985769,1.1610565594289175,14.35,40.400000000000006,260731246.0,0.0,100.0,27,綠,0,False,False,False,False,bull
2024-03-07,19693.52,4581400.0,17.117929706267613,4.176920954815815,1.1960382305881208,15.84,69.0,260291774.0,-0.1685536377945281,99.6,27,綠,0,False,False,False,False,bull
2024-03-08,19785.32,4903500.0,17.54726675899379,4.22786115869377,1.2841763802249526,17.21,96.0,255485990.0,-2.0117481431435342,97.2,27,綠,0,False,False,False,False,bull
2024-03-11,19726.08,3536700.0,17.077837068723195,4.026446681587369,1.255782614379151,17.61,97.2,259204020.0,-0.5857472103669539,98.8,27,綠,0,False,False,False,False,bull
2024-03-12,19914.55,4044500.0,18.075452824050025,4.23285515651037,1.2642805529840837,15.96,73.2,265284534.0,0.0,100.0,27,綠,0,False,False,False,False,bull
2024-03-13,19928.51,4854900.0,18.037014323166854,4.149736403377972,1.3129177547255697,15.79,68.4,263637637.0,-0.6208040005830118,99.6,27,綠,0,False,False,False,False,bull
2024-03-14,19937.92,4476200.0,17.971740565002655,4.064121565247767,1.2980592301479044,15.2,54.8,263153321.0,-0.803368733135419,99.2,27,綠,0,False,False,False,False,bull
2024-03-15,19682.5,5186200.0,16.352510847872814,3.5797878270166583,1.3008006451467329,14.89,49.2,266198701.0,0.0,100.0,27,綠,0,False,False,False,False,bull
2024-03-18,19879.85,3761200.0,17.407481692545122,3.813477089275967,1.311412168390813,14.99,51.6,269745664.0,0.0,100.0,27,綠,0,False,False,False,False,bull
2024-03-19,19857.2,4061600.0,17.161924097061814,3.698371899613661,1.3082434879700016,14.26,39.2,272006801.0,0.0,100.0,27,綠,0,False,False,False,False,bull
2024-03-20,19784.45,4499200.0,16.622207720884184,3.5111020527055405,1.2847389861378615,14.02,32.6,273262861.0,0.0,100.0,27,綠,0,False,False,False,False,bull
2024-03-21,20199.09,4424400.0,18.93531824423335,4.049991940315535,1.2854358955323748,14.97,51.8,277077501.0,0.0,100.0,27,綠,0,False,False,False,False,bull
2024-03-22,20228.43,4690300.0,18.97727044384187,3.991024402517221,1.252000476970362,13.79,26.8,277985694.0,0.0,100.0,27,綠,0,False,False,False,False,bull
2024-03-25,20192.25,3611700.0,18.62961619474996,3.842833476556147,1.2451057806477273,14.58,46.400000000000006,279508015.0,0.0,100.0,29,綠,0,False,False,False,False,bull
2024-03-26,20126.49,4582900.0,18.111741414207295,3.6630493374732778,1.2731148606443654,14.94,52.0,276395122.0,-1.1137043780300897,98.8,29,綠,0,False,False,False,False,bull
2024-03-27,20200.12,3865800.0,18.40544887290593,3.685737472635348,1.2370776867486772,15.0,54.8,279423806.0,-0.0301275797046463,99.6,29,綠,0,False,False,False,False,bull
2024-03-28,20146.55,4294000.0,17.96162720396056,3.5293807907904764,1.2259161613626537,13.93,31.0,280891238.0,0.0,100.0,29,綠,0,False,False,False,False,bull
2024-03-29,20294.45,4231500.0,18.69210456596121,3.655863114722304,1.192220932017131,14.23,40.0,276822302.0,-1.4485806068468394,98.0,29,綠,0,False,False,False,False,bull
2024-04-01,20222.33,3144500.0,18.14016801793204,3.473400299966546,1.1637900241363204,14.67,49.2,279105823.0,-0.6356250243733127,98.8,29,綠,0,False,False,False,False,bull
2024-04-02,20466.57,3410300.0,19.435686265903243,3.726473364548781,1.0957889714139744,14.96,54.0,281265696.0,0.0,100.0,29,綠,0,False,False,False,False,bull
2024-04-03,20337.6,3449300.0,18.559255447875795,3.4708199578770347,1.0708760317204988,15.2,60.2,282880501.0,0.0,100.0,29,綠,0,False,False,False,False,bull
2024-04-08,20417.7,3597800.0,18.901354350932365,3.5022447736317424,1.027030970147105,14.78,50.8,283664720.0,0.0,100.0,29,綠,0,False,False,False,False,bull
2024-04-09,20796.2,4638900.0,20.965602134312466,3.915076518240916,1.0435573600033945,15.9,76.8,284596762.0,0.0,100.0,29,綠,0,False,False,False,False,D
2024-04-10,20763.53,4529300.0,20.633490240286875,3.7733761806241617,1.1151563822875965,15.62,71.0,284238447.0,-0.1259026973750319,99.6,29,綠,0,False,False,False,False,D
2024-04-11,20753.22,4546200.0,20.434111967060968,3.670435913678801,1.1716581913504276,15.25,62.4,284108496.0,-0.1715641444999996,99.2,29,綠,0,False,False,False,False,D
2024-04-12,20736.57,4725000.0,20.20112935826988,3.564403927578405,1.234132236187518,14.73,50.6,286582653.0,0.0,100.0,29,綠,0,False,False,False,False,D
2024-04-15,20449.77,4754200.0,18.41287752546068,3.125527063819245,1.2886120818494464,15.75,75.6,285703671.0,-0.3067115161363238,99.6,29,綠,0,False,False,False,False,D
2024-04-16,19901.96,5377200.0,15.131726729855686,2.3759791530198986,1.3164428610326997,18.89,100.0,279599862.0,-2.436571413832225,96.4,29,綠,0,False,False,False,False,D
2024-04-17,20213.33,3987800.0,16.81467620258623,2.7273019602481305,1.2799410474743849,18.03,99.6,283729847.0,-0.995456623119474,98.0,29,綠,0,False,False,False,False,D
2024-04-18,20301.2,4862300.0,17.202597692480303,2.7895103717440928,1.2856176390438605,17.73,99.2,285642609.0,-0.3280184582560899,99.2,29,綠,0,False,False,False,False,D
2024-04-19,19527.12,7130900.0,12.639703956412063,1.772629830290401,1.3876534462296068,20.63,100.0,282037111.0,-1.5861190314265114,96.4,29,綠,0,False,False,False,False,D
2024-04-22,19411.22,5729000.0,11.88135877593842,1.59794265191943,1.403839492789614,19.2,99.6,277592877.0,-3.136887702690086,93.2,29,綠,0,False,False,False,False,D
2024-04-23,19599.28,4097700.0,12.866550409234808,1.806972214294599,1.3335957241210623,17.47,97.2,277097621.0,-3.3097020704878464,92.8,29,綠,0,False,False,False,False,D
2024-04-24,20131.74,4696300.0,15.820718708989686,2.4441835063810675,1.3659788857674686,17.25,96.8,279213827.0,-2.571274263414681,94.0,29,綠,0,False,False,False,False,D
2024-04-25,19857.42,3809400.0,14.140238653206888,2.0578362413108033,1.307348346152546,18.38,98.8,280494004.0,-2.1245699752803953,95.2,31,綠,0,False,False,False,False,D
2024-04-26,20120.51,4713100.0,15.539548330786053,2.349086631183284,1.1764265468286648,17.56,96.8,281954935.0,-1.6147934815859213,96.0,31,綠,0,False,False,False,False,D
2024-04-29,20495.52,5508500.0,17.56540086514192,2.769672022459872,1.1552024387888211,18.44,98.8,282639311.0,-1.3759876805941915,96.4,31,綠,0,False,False,False,False,D
2024-04-30,20396.6,4326200.0,16.87223901755065,2.5926691266032167,1.1611670013364406,18.25,98.0,283890973.0,-0.9392334015415792,97.6,31,綠,0,False,False,False,False,D
2024-05-02,20222.44,4720400.0,15.751749493359863,2.328401711206915,1.1525464077606868,17.94,97.2,287091200.0,0.0,100.0,31,綠,0,False,False,False,False,D
2024-05-03,20330.32,4752500.0,16.24406479040514,2.416596037314175,1.1884880327970917,17.86,96.8,287756416.0,0.0,100.0,31,綠,0,False,False,False,False,D
2024-05-06,20523.31,4590100.0,17.209411469634695,2.604065600519408,1.1722273113556347,17.71,96.0,289184522.0,0.0,100.0,31,綠,0,False,False,False,False,D
2024-05-07,20653.53,4547600.0,17.81103220706801,2.7100638136613147,1.1142536519487585,17.48,94.4,289186701.0,0.0,100.0,31,綠,0,False,False,False,False,D
2024-05-08,20700.51,4479700.0,17.936690391404248,2.7119267145425487,1.1124468936765437,16.94,91.6,290416728.0,0.0,100.0,31,綠,0,False,False,False,False,D
2024-05-09,20560.77,4326400.0,17.007717542293037,2.4864540618157207,1.0846533959486928,16.69,89.0,289983074.0,-0.1493212884073261,99.6,31,綠,0,False,False,False,False,D
2024-05-10,20708.84,5206400.0,17.7144404483007,2.6127176262843697,1.0950678616915224,16.62,87.4,291968216.0,0.0,100.0,31,綠,0,False,False,False,False,D
2024-05-13,20857.71,4809000.0,18.41783954436024,2.7394514373357857,1.0962988909534657,16.52,86.4,289574837.0,-0.819739570556543,98.8,31,綠,0,False,False,False,False,D
2024-05-14,20985.85,5002300.0,19.00003743203383,2.837728579323981,1.1071276432600066,16.18,80.0,290846460.0,-0.3842048341316714,99.6,31,綠,0,False,False,False,False,bull
2024-05-15,21147.21,5100000.0,19.765045503344695,2.972234625079602,1.1299480383504632,16.53,86.4,289642159.0,-0.7966815812581463,98.4,31,綠,0,False,False,False,False,bull
2024-05-16,21304.26,5601100.0,20.501485677401224,3.095623592846474,1.1800420436357577,16.85,90.4,289973804.0,-0.6830921623331767,98.4,31,綠,0,False,False,False,False,bull
2024-05-17,21258.47,5081300.0,20.092212691461683,2.9791161155394317,1.168753270327404,17.04,92.0,,,,31,綠,0,False,False,False,False,bull
2024-05-20,21271.63,5277600.0,20.013878792585235,2.9352671560961605,1.181598432532951,17.43,93.6,290049785.0,-0.6570684392577855,98.8,31,綠,0,False,False,False,False,bull
2024-05-21,21236.75,4601200.0,19.66255962257079,2.837986043823417,1.1577016531215545,17.77,96.4,290441319.0,-0.5229668560909383,99.2,31,綠,0,False,False,False,False,bull
2024-05-22,21551.83,5382400.0,21.272586308296244,3.144715023512062,1.162565130350323,17.83,96.4,291609298.0,-0.1229305041888532,99.6,31,綠,0,False,False,False,False,bull
2024-05-23,21607.43,5498400.0,21.417857867886745,3.145834027142312,1.1502246918022263,16.88,89.0,291610473.0,-0.1225280631231448,99.6,31,綠,0,False,False,False,False,bull
2024-05-24,21565.34,4233200.0,21.0210842173373,3.0370465760367886,1.1083113670487623,16.95,90.0,293822343.0,0.0,100.0,31,綠,0,False,False,False,False,bull
2024-05-27,21803.77,4877400.0,22.197865884905312,3.2439052154530756,1.0861780167532276,16.67,85.6,298574843.0,0.0,100.0,35,黃紅,0,False,False,False,False,bull
2024-05-28,21858.41,4906000.0,22.346206465910555,3.2373337789724106,1.095551369600555,16.49,81.8,298557388.0,-0.0058461053934138,99.6,35,黃紅,0,False,False,False,False,bull
2024-05-29,21662.5,5223800.0,21.100870886689652,2.955578807537084,1.0811459654269984,17.19,91.6,298691555.0,0.0,100.0,35,黃紅,0,False,False,False,False,bull
2024-05-30,21364.48,4495700.0,19.296556643122404,2.5728940218973197,1.0355119569876368,17.87,96.8,299032337.0,0.0,100.0,35,黃紅,0,False,False,False,False,bull
2024-05-31,21174.22,7171300.0,18.102639093684203,2.3178277456459604,1.1497091159473856,18.22,97.6,299532435.0,0.0,100.0,35,黃紅,0,False,False,False,False,bull
2024-06-03,21536.76,4756500.0,19.980818632103297,2.676607319365403,1.1409315805416926,17.56,93.0,301237821.0,0.0,100.0,35,黃紅,0,False,False,False,False,bull
2024-06-04,21356.62,4858900.0,18.843136806540045,2.431102813794017,1.1377772817561456,19.02,99.2,300628955.0,-0.20212136642696,99.6,35,黃紅,0,False,False,False,False,bull
2024-06-05,21484.88,4124900.0,19.424488878564738,2.527148490171539,1.0936530033994658,18.22,97.0,302355018.0,0.0,100.0,35,黃紅,0,False,False,False,False,bull
2024-06-06,21902.7,4777500.0,21.604565048707904,2.9351292607271424,1.100883187230622,17.52,91.6,303619654.0,0.0,100.0,35,黃紅,0,False,False,False,False,bull
2024-06-07,21858.38,4981400.0,21.21755454329118,2.8318215916384655,1.0036788573901754,16.96,87.2,304633093.0,0.0,100.0,35,黃紅,0,False,False,False,False,bull
2024-06-11,21792.12,5291900.0,20.710514126557577,2.7085022746531315,1.0249522199849463,17.74,94.0,303408228.0,-0.4020787721838218,99.2,35,黃紅,0,False,False,False,False,bull
2024-06-12,22048.96,4372000.0,21.983564594357556,2.9326215331141725,1.0045604245588888,17.76,94.0,303614391.0,-0.3344029336957164,99.2,35,黃紅,0,False,False,False,False,bull
2024-06-13,22312.04,4207100.0,23.286104098462147,3.1535031540072804,1.011588220919302,17.39,89.2,304361363.0,-0.0891991074653205,99.6,35,黃紅,0,False,False,False,False,bull
2024-06-14,22504.72,4357100.0,24.191827287391003,3.2890406551333786,0.9914832841117184,17.65,92.4,306531783.0,0.0,100.0,35,黃紅,0,False,False,False,False,bull
2024-06-17,22496.53,4253400.0,23.989671127702863,3.2106438103038575,0.9597286642177004,18.39,98.0,307628696.0,0.0,100.0,35,黃紅,0,False,False,False,False,bull
2024-06-18,22757.43,4284500.0,25.266482521169227,3.409442189317417,0.917423771777267,19.25,99.6,308114023.0,0.0,100.0,35,黃紅,0,False,False,False,False,bull
2024-06-19,23209.54,5033100.0,27.573188468353,3.7859217218650127,0.9436225941606908,19.96,99.6,309452784.0,0.0,100.0,35,黃紅,0,False,False,False,False,bull
2024-06-20,23406.1,4446000.0,28.469443391867223,3.883876609142223,0.9546353946109464,18.82,97.6,311708725.0,0.0,100.0,35,黃紅,0,False,False,False,False,bull
2024-06-21,23253.39,6457400.0,27.45502667529276,3.636005194261928,1.0337888639518806,19.88,99.2,315207621.0,0.0,100.0,35,黃紅,0,False,False,False,False,bull
2024-06-24,22813.7,5094100.0,24.891765798076733,3.1251304194885208,1.0673790463126414,21.35,100.0,315220677.0,0.0,100.0,35,黃紅,0,False,False,False,False,bull
2024-06-25,22875.97,4386700.0,25.078242076300995,3.1239568753893794,1.0697302979001893,21.3,99.6,317177342.0,0.0,100.0,36,黃紅,0,False,False,False,False,bull
2024-06-26,22986.69,4289300.0,25.528460813311927,3.169334775859718,1.0384433275696985,21.31,99.6,317565136.0,0.0,100.0,36,黃紅,0,False,False,False,False,bull
2024-06-27,22905.98,4535700.0,24.934418645128112,3.0284327648659155,1.0411077928648205,20.98,98.8,317982947.0,0.0,100.0,36,黃紅,0,False,False,False,False,bull
2024-06-28,23032.25,4348300.0,25.465520401012544,3.0887518148654594,0.9484357828412338,20.2,98.0,317993692.0,0.0,100.0,36,黃紅,0,False,False,False,False,bull
2024-07-01,23058.57,4294900.0,25.44834133232712,3.0512813995574093,0.9121613725402904,20.13,97.6,320183294.0,0.0,100.0,36,黃紅,0,False,False,False,False,bull
2024-07-02,22879.37,5034500.0,24.319832521099297,2.8207701461467036,0.9340488442013596,19.97,97.2,321957358.0,0.0,100.0,36,黃紅,0,False,False,False,False,bull
2024-07-03,23172.43,5720700.0,25.745158646182357,3.040189954804824,0.9862218371776552,19.08,95.2,325382912.0,0.0,100.0,36,黃紅,0,False,False,False,False,bull
2024-07-04,23522.53,5361000.0,27.46141703258373,3.3009003499179257,1.0177054624896984,18.95,94.4,326590178.0,0.0,100.0,36,黃紅,0,False,False,False,False,bull
2024-07-05,23556.59,5319900.0,27.463058288037296,3.2601840953415104,1.0547854983903495,18.88,93.6,328575653.0,0.0,100.0,36,黃紅,0,False,False,False,False,bull
2024-07-08,23878.15,5644800.0,29.00933121796963,3.480630286088387,1.1059710788100725,19.6,96.0,330689243.0,0.0,100.0,36,黃紅,0,False,False,False,False,bull
2024-07-09,23900.08,6353500.0,28.933197049134456,3.420853616143433,1.1534457112009515,20.71,98.4,328711597.0,-0.5980375962818966,99.6,36,黃紅,0,False,False,False,False,bull
2024-07-10,24007.08,5510500.0,29.317244542695793,3.4385421654417145,1.141985390479573,21.08,98.8,331985335.0,0.0,100.0,36,黃紅,0,False,False,False,False,bull
2024-07-11,24390.03,5761800.0,31.175163531825405,3.692518500815078,1.1567202423176617,20.71,97.8,334542120.0,0.0,100.0,36,黃紅,0,False,False,False,False,B
2024-07-12,23916.93,6056600.0,28.44115797374881,3.192403078899833,1.1783071149812905,20.95,98.0,333684925.0,-0.2562293202422463,99.6,36,黃紅,0,False,False,False,False,B
2024-07-15,23879.36,5209800.0,28.043635077261538,3.090367596740862,1.1594806612429256,23.71,100.0,335092411.0,0.0,100.0,36,黃紅,0,False,False,False,False,B
2024-07-16,23997.25,4762100.0,28.47370746073315,3.125380781354666,1.1043644376755226,22.51,99.6,335880055.0,0.0,100.0,36,黃紅,0,False,False,False,False,B
2024-07-17,23769.82,6025100.0,27.06246419011064,2.865100522053552,1.1240589198036006,22.45,99.2,340495549.0,0.0,100.0,36,黃紅,0,False,False,False,False,B
2024-07-18,23398.47,5618700.0,24.903814304370524,2.4895499971028188,1.112577269848928,23.33,99.6,340041155.0,-0.133450789983748,99.6,36,黃紅,0,False,False,False,False,B
2024-07-19,22869.26,5435600.0,21.925039506057324,1.9865304708251552,1.084922342878475,23.09,99.2,336866469.0,-1.0658230366470958,99.2,36,黃紅,0,False,False,False,False,B
2024-07-22,22256.99,5194300.0,18.52945739792059,1.4188798728164929,1.0793050495157543,23.71,99.8,331601598.0,-2.6120608701407724,96.8,36,黃紅,0,False,False,False,False,B
2024-07-23,22871.84,3915800.0,21.659016421290605,1.9161073198791243,1.0483001822251887,21.78,97.6,328897658.0,-3.4061799145574145,96.0,36,黃紅,0,False,False,False,False,B
2024-07-26,22119.21,4132300.0,17.535995780965937,1.2278456971361915,0.9770211351404424,24.88,100.0,331849533.0,-2.539244940320791,96.8,38,紅,0,False,False,False,False,B
2024-07-29,22164.49,3920300.0,17.653152491858837,1.233719443458435,0.9099626256409982,24.21,99.6,325475169.0,-4.411329324014159,94.0,38,紅,0,False,False,False,False,B
2024-07-30,22223.57,3659100.0,17.83897730705499,1.2499850814842584,0.8414250859991816,24.0,99.2,325946717.0,-4.272840582711993,94.0,38,紅,0,False,False,False,False,B
2024-07-31,22199.35,3673200.0,17.58499568303179,1.1942279120849069,0.7828014352191088,24.09,99.2,328853507.0,-3.419146603881157,95.2,38,紅,0,False,False,False,False,B
2024-08-01,22642.1,4149100.0,19.7877286598342,1.545594564108946,0.7934463030522946,23.62,97.6,329197935.0,-3.3179916839382826,95.6,38,紅,0,False,False,False,False,B
2024-08-02,21638.09,4570100.0,14.364590536036015,0.6431123461115065,0.8111674051379459,29.3,100.0,325855472.0,-4.299638289838556,92.8,38,紅,0,False,False,False,False,B
2024-08-05,19830.88,6413800.0,4.75458780646389,-0.9376187242200502,0.906508291558334,48.05,100.0,307568708.0,-9.670270609029313,86.8,38,紅,0,False,False,False,False,B
2024-08-06,20501.02,6051700.0,8.218195904677795,-0.3749988710018985,0.9972675796131284,40.69,99.6,291262041.0,-14.459369041561246,79.2,38,紅,0,False,False,False,False,B
2024-08-07,21295.28,3982300.0,12.314707878101164,0.2850918556775079,1.0138172736061877,35.58,99.2,291654137.0,-14.344214525987828,80.0,38,紅,0,False,False,False,False,B
2024-08-08,20870.1,3746500.0,9.989235884122875,-0.099542818399942,1.0011700477216412,37.23,99.2,293751576.0,-13.72821851483292,80.4,38,紅,0,False,False,False,False,B
2024-08-09,21469.0,4426600.0,13.04251670112752,0.3899684585502787,0.9973029517657058,34.29,98.4,294958954.0,-13.373624158593628,80.80000000000001,38,紅,0,False,False,False,False,B
2024-08-12,21773.26,3821500.0,14.534553188647427,0.6244092049524032,0.8961658303706158,31.86,98.0,293030367.0,-13.94003009419662,79.60000000000001,38,紅,0,False,False,False,False,B
2024-08-13,21796.57,3389300.0,14.539010489628245,0.6176107404752317,0.7938065203691085,30.61,97.6,293914933.0,-13.680242263607386,80.4,38,紅,0,False,False,False,False,B
2024-08-14,22027.25,3955900.0,15.625231574600662,0.7874102913180532,0.795783483481527,27.51,96.8,292831503.0,-13.9984343818838,78.8,38,紅,0,False,False,False,False,B
2024-08-15,21895.17,3151800.0,14.813813304085285,0.6481294342516516,0.7769766877149982,26.56,96.4,293476780.0,-13.80892324087326,79.2,38,紅,0,False,False,False,False,B
2024-08-16,22349.33,3855200.0,17.060971334037745,1.008096876456697,0.7552384781531384,24.56,95.6,293361035.0,-13.84291634308559,78.8,38,紅,0,False,False,False,False,B
2024-08-19,22409.63,3122100.0,17.24076137643976,1.0345827012842237,0.7319027441344215,25.14,96.0,295418617.0,-13.238625918132046,80.80000000000001,38,紅,0,False,False,False,False,B
2024-08-20,22429.1,3871600.0,17.200507188485524,1.0263089862335275,0.7563985913831741,24.43,94.8,295625821.0,-13.177772259219752,80.80000000000001,38,紅,0,False,False,False,False,B
2024-08-21,22237.89,4134900.0,16.064622120040564,0.8386315097533569,0.764202433554126,25.36,96.0,297064799.0,-12.755159392700314,80.80000000000001,38,紅,0,False,False,False,False,B
2024-08-22,22148.83,3019700.0,15.46107097183826,0.7401327226141423,0.7636173154738173,25.06,95.2,297607949.0,-12.595641888992798,80.80000000000001,38,紅,0,False,False,False,False,B
2024-08-23,22158.05,4275900.0,15.371930324491943,0.725213789643921,0.7832055860463617,24.73,94.4,300682540.0,-11.692666502374747,83.2,38,紅,0,False,False,False,False,B
2024-08-26,22240.12,4880500.0,15.65969700031308,0.7738440515707131,0.8589991409696472,24.78,94.4,302464712.0,-11.169261128873083,84.0,35,黃紅,0,False,False,False,False,B
2024-08-27,22185.0,3660500.0,15.23716623288422,0.7044934171071665,0.8525398899934759,24.03,92.0,305042854.0,-10.412087648170695,86.0,35,黃紅,0,False,False,False,False,B
2024-08-28,22370.66,3293800.0,16.057127781708164,0.8429615565759287,0.8280569672236107,24.41,92.8,307733658.0,-9.621826510278405,87.2,35,黃紅,0,False,False,False,False,B
2024-08-29,22201.85,3416000.0,15.042404786320338,0.6748786899576779,0.849317451791023,23.1,89.2,311020596.0,-8.656487019159243,88.0,35,黃紅,0,False,False,False,False,B
2024-08-30,22268.09,4245800.0,15.24636696146488,0.7106438366541027,0.8498969229455879,21.72,87.2,312261557.0,-8.292029685239733,88.4,35,黃紅,0,False,False,False,False,B
2024-09-02,22235.1,2928000.0,14.94099551855471,0.6598366144271807,0.7681231862219638,21.18,85.6,313253489.0,-8.000709577557503,88.4,35,黃紅,0,False,False,False,False,B
2024-09-03,22092.21,2936800.0,14.07682682139436,0.5163243604690757,0.741417100012893,20.98,84.6,313696428.0,-7.870623001888346,88.4,35,黃紅,0,False,False,False,False,B
2024-09-04,21092.75,4571100.0,8.812312465485467,-0.3641317486805442,0.7989225682370997,29.76,97.2,309735143.0,-9.034011190554503,86.4,35,黃紅,0,False,False,False,False,B
2024-09-05,21187.71,3353700.0,9.19676931792737,-0.292784957479236,0.8018899313580844,27.86,96.4,310139829.0,-8.915159122975789,86.4,35,黃紅,0,False,False,False,False,B
2024-09-06,21435.19,2587200.0,10.36275716446632,-0.0904567078097233,0.7329925261629056,27.89,96.4,309619895.0,-9.067858329037952,85.6,35,黃紅,0,False,False,False,False,B
2024-09-09,21144.44,2944600.0,8.766668680090731,-0.3500654428659242,0.7372069518722589,28.72,96.4,310998167.0,-8.663074183093066,86.4,35,黃紅,0,False,False,False,False,B
2024-09-10,21064.08,3118200.0,8.2546320590435,-0.4270852343889248,0.7488411458725516,28.16,96.0,309023332.0,-9.243062675101225,84.39999999999999,35,黃紅,0,False,False,False,False,B
2024-09-11,21031.0,2863800.0,7.987257168873536,-0.4615043105790034,0.6752388940025191,28.5,96.0,309173005.0,-9.199105272298286,84.39999999999999,35,黃紅,0,False,False,False,False,B
2024-09-12,21653.25,3050300.0,11.071355528882952,0.0590690584838492,0.6645636188443833,25.38,93.6,309706609.0,-9.042391329467865,85.2,35,黃紅,0,False,False,False,False,B
2024-09-13,21759.65,2514700.0,11.503478028770726,0.1374436242577202,0.6676490123433091,23.78,88.0,311140460.0,-8.62128420950372,86.8,35,黃紅,0,False,False,False,False,B
2024-09-16,21850.08,2823700.0,11.849673900679855,0.1997871964827498,0.6662285627525907,23.73,87.6,312272835.0,-8.288717453983518,87.6,35,黃紅,0,False,False,False,False,B
2024-09-18,21678.84,3989100.0,10.85825236158663,0.041287265460334,0.713406642784927,25.4,93.6,313122707.0,-8.03911889021492,87.6,35,黃紅,0,False,False,False,False,B
2024-09-19,22042.69,3393700.0,12.592958049387496,0.3370010254894517,0.7431382865938415,22.64,84.39999999999999,313550801.0,-7.913392136588546,88.0,35,黃紅,0,False,False,False,False,B
2024-09-20,22159.42,5085000.0,13.056930080705332,0.4210313196188229,0.8367172163934773,21.72,82.6,312311731.0,-8.277294103483273,86.8,35,黃紅,0,False,False,False,False,B
2024-09-23,22285.53,3582300.0,13.5679356427481,0.5151957043690454,0.8893461339255877,21.43,82.0,312767216.0,-8.143522898151012,86.8,35,黃紅,0,False,False,False,False,B
2024-09-24,22431.78,3517800.0,14.177072002722284,0.6262064987214335,0.9257528364177988,20.89,78.4,313757764.0,-7.85260925686873,88.4,35,黃紅,0,False,False,False,False,B
2024-09-25,22761.6,4014100.0,15.715571191085036,0.8923905299836042,0.9281585010177124,21.8,83.2,314113921.0,-7.748009651662143,88.4,39,紅,0,False,False,False,False,B
2024-09-26,22858.81,3923400.0,16.069615895734973,0.9580277857718448,0.9546516054885374,21.93,83.2,313195882.0,-8.017628154076105,86.4,39,紅,0,False,False,False,False,B
2024-09-27,22822.79,4104100.0,15.742741113228822,0.9105639854437216,0.91146865239773,22.96,84.39999999999999,313272604.0,-7.9950957009426284,86.8,39,紅,0,False,False,False,False,B
2024-09-30,22224.54,3569300.0,12.581174251715982,0.3817595503447083,0.918692435240709,25.46,93.6,316576056.0,-7.024906219846064,89.2,39,紅,0,False,False,False,False,B
2024-10-01,22390.39,2789600.0,13.28689329600788,0.5109656424050204,0.8929084854330064,25.05,91.2,317042572.0,-6.887895324587635,89.2,39,紅,0,False,False,False,False,B
2024-10-04,22302.71,3632200.0,12.70672333318186,0.4219397406448067,0.880384754447054,25.47,93.6,317287821.0,-6.81586824502073,89.60000000000001,39,紅,0,False,False,False,False,B
2024-10-07,22702.56,3508600.0,14.580104044445283,0.7544146236492032,0.8676645393211169,24.96,90.4,318935873.0,-6.331852520045718,90.8,39,紅,0,False,False,False,False,B
2024-10-08,22611.39,3557200.0,13.978245734444156,0.6611506091210259,0.8504767765426522,25.53,93.6,320397965.0,-5.902451312219649,91.2,39,紅,0,False,False,False,False,B
2024-10-09,22659.08,3670800.0,14.071827842919935,0.6892577750674311,0.8621279026046295,25.07,90.8,319321854.0,-6.2184939163477875,90.4,39,紅,0,False,False,False,False,B
2024-10-11,22901.64,3012500.0,15.14011497263581,0.8891683831099665,0.8834980449365955,24.33,86.8,319102025.0,-6.283055406401215,90.0,39,紅,0,False,False,False,False,B
2024-10-14,22975.29,2706500.0,15.356785966795726,0.9413130667090333,0.8484848484848485,24.22,86.4,319539948.0,-6.15444197774227,90.4,39,紅,0,False,False,False,False,B
2024-10-15,23292.04,3579700.0,16.789191649200035,1.204843726218489,0.8581617150391326,25.13,90.8,320019575.0,-6.013580518199373,90.4,39,紅,0,False,False,False,False,B
2024-10-16,23010.98,3698000.0,15.228392707653144,0.9442487626946702,0.8694763840285175,26.14,93.6,322938236.0,-5.156400150182286,91.6,39,紅,0,False,False,False,False,B
2024-10-17,23053.84,3263300.0,15.286441087264611,0.9675548363470242,0.8585262142654744,26.11,93.2,,,,39,紅,0,False,False,False,False,B
2024-10-18,23487.27,3775600.0,17.28889440195786,1.3308205771080277,0.9061664790992862,24.91,88.0,322282075.0,-5.222626655294121,91.2,39,紅,0,False,False,False,False,B
2024-10-21,23542.53,3005000.0,17.400178623776377,1.3604667934692083,0.9321061257984884,25.15,90.4,323009176.0,-4.113586324318909,91.6,39,紅,0,False,False,False,False,B
2024-10-22,23535.43,3046700.0,17.204315910044947,1.334397404415794,0.91220949423573,24.68,86.0,325455228.0,-1.926868765549837,92.0,39,紅,0,False,False,False,False,B
2024-10-23,23334.76,3039000.0,16.054528163429758,1.1298531462394517,0.879895951860006,25.21,90.4,327082648.0,-1.4364597584050238,93.6,39,紅,0,False,False,False,False,B
2024-10-24,23192.52,3322300.0,15.200201380855066,0.9772344669451158,0.8863783512977204,25.34,90.4,326043754.0,-1.749521521851893,92.8,39,紅,0,False,False,False,False,B
2024-10-25,23348.45,2744200.0,15.820633484510186,1.0933106893349749,0.8343833863176582,25.02,87.2,326961558.0,-0.6793411386374584,93.2,34,黃紅,0,False,False,False,False,B
2024-10-28,23198.07,2880000.0,14.925179990133412,0.9382671018223744,0.830470434358655,26.07,92.8,325668918.0,-1.072004598084736,91.2,34,黃紅,0,False,False,False,False,B
2024-10-29,22926.59,2933400.0,13.43445666007557,0.6730551273762371,0.8270278435682341,27.12,94.0,324572308.0,-1.405120296395541,89.60000000000001,34,黃紅,0,False,False,False,False,B
2024-10-30,22820.43,2981400.0,12.767094281379674,0.5588930602444073,0.8283028893314704,27.84,94.4,325848781.0,-1.017367864108868,91.2,34,黃紅,0,False,False,False,False,B
2024-11-01,22780.08,3569900.0,12.4268298606025,0.5070311623119578,0.8460333118372093,28.26,95.6,325833120.0,-0.3820220998088532,90.8,34,黃紅,0,False,False,False,False,B
2024-11-04,22965.39,2715900.0,13.191365109454228,0.6599216915001561,0.8592759027237336,28.1,94.8,326831753.0,-0.076706912315324,92.8,34,黃紅,0,False,False,False,False,B
2024-11-05,23106.79,2872200.0,13.735883718738496,0.7714619712742057,0.8719960197623428,27.5,92.8,326564786.0,-0.158327567410424,92.0,34,黃紅,0,False,False,False,False,B
2024-11-06,23217.38,3163400.0,14.126117885296075,0.8554784793904244,0.8888110165295376,24.94,84.0,327205349.0,0.0,93.6,34,黃紅,0,False,False,False,False,B
2024-11-07,23408.82,3751300.0,14.901435044698836,1.0172904569826868,0.9335063479287375,23.05,74.8,329914462.0,0.0,95.6,34,黃紅,0,False,False,False,False,B
2024-11-08,23553.89,3635500.0,15.445338162158166,1.1375574852802917,0.9409191350094938,21.91,72.39999999999999,328677500.0,-0.3749341549022486,93.6,34,黃紅,0,False,False,False,False,B
2024-11-11,23529.64,3158800.0,15.159860286879209,1.1006446703111097,0.9698645280758288,22.64,73.8,328850933.0,-0.322365074132458,94.0,34,黃紅,0,False,False,False,False,B
2024-11-12,22981.77,3983600.0,12.324949330588996,0.570883152837689,1.031883167631586,24.81,82.8,326533679.0,-1.0247453171664842,90.0,34,黃紅,0,False,False,False,False,B
2024-11-13,22860.23,3491500.0,11.582102377268995,0.442098859150895,1.053396516483281,24.92,83.6,327772341.0,-0.6492958771840684,92.4,34,黃紅,0,False,False,False,False,B
2024-11-14,22715.38,3593400.0,10.738471433150355,0.2909075230052031,1.0419251790224393,24.8,82.0,326045610.0,-1.1726833605736269,89.2,34,黃紅,0,False,False,False,False,B
2024-11-15,22742.77,3823100.0,10.737357833812768,0.3042883748832829,1.0530320671786513,24.16,78.0,326051673.0,-1.1708456114906536,89.2,34,黃紅,0,False,False,False,False,B
2024-11-18,22546.54,3431100.0,9.655942851800194,0.1059911937158567,1.0673142875450292,25.86,90.4,321930102.0,-2.4201303427553293,82.8,34,黃紅,0,False,False,False,False,B
2024-11-19,22848.8,3689400.0,10.992901376146229,0.3839563701803322,1.0511065084531328,23.5,74.0,322822398.0,-2.149667509877151,83.6,34,黃紅,0,False,False,False,False,B
2024-11-20,22688.36,3757700.0,10.086308120499844,0.2193976079768052,1.0685849656770954,23.77,75.6,322708274.0,-2.1842595066353896,83.2,34,黃紅,0,False,False,False,False,B
2024-11-21,22555.66,3395800.0,9.319162073575516,0.0823071793837211,1.0551116984578908,22.62,70.39999999999999,324387630.0,-1.6752318059946096,84.39999999999999,34,黃紅,0,False,False,False,False,B
2024-11-22,22904.32,3505100.0,10.875257814290327,0.404566319799273,1.040467941665301,21.07,64.4,325025883.0,-1.4817716599522697,84.8,34,黃紅,0,False,False,False,False,B
2024-11-25,22948.37,5048900.0,10.957242266863284,0.4366930209512376,1.134213301263622,20.9,62.8,326737650.0,-0.962919897703666,90.4,32,黃紅,0,False,False,False,False,B
2024-11-26,22678.76,2985600.0,9.531572817952316,0.1690963270475598,1.0966659121453648,21.53,66.8,327107468.0,-0.8508247813640858,91.6,32,黃紅,0,False,False,False,False,B
2024-11-27,22334.78,3577000.0,7.761873093362,-0.1670651687585703,1.084563186948653,21.78,67.80000000000001,324783934.0,-1.5551085481060238,83.6,32,黃紅,0,False,False,False,False,B
2024-11-28,22298.9,3123400.0,7.48239107208262,-0.2045660451495185,1.0701331261645302,21.58,66.4,320172537.0,-2.952863885063638,78.8,32,黃紅,0,False,False,False,False,B
2024-11-29,22262.5,2801000.0,7.202488658306537,-0.2415362665693709,1.036143000288049,21.81,68.4,322530203.0,-2.2382344063474244,80.80000000000001,32,黃紅,0,False,False,False,False,B
2024-12-02,22736.93,2812700.0,9.370628372247374,0.2016510177641483,0.9045262672484126,21.58,65.8,323601502.0,-1.9135141762897316,82.39999999999999,32,黃紅,0,False,False,False,False,B
2024-12-03,23027.46,3099500.0,10.64870132454388,0.4649479240957416,0.9105302358644054,20.63,59.0,324153588.0,-1.7461720123078446,82.39999999999999,32,黃紅,0,False,False,False,False,B
2024-12-04,23255.33,2836900.0,11.616094738938228,0.6659189885991716,0.8742739085726826,20.09,57.599999999999994,325445363.0,-1.354623550876651,84.39999999999999,32,黃紅,0,False,False,False,False,B
2024-12-05,23267.94,2847600.0,11.54869428896367,0.6650602699579213,0.860002309634361,19.04,54.400000000000006,328095552.0,-0.551327755980579,92.4,32,黃紅,0,False,False,False,False,B
2024-12-06,23193.27,2954100.0,11.06493512901618,0.5802266872202269,0.8675628339821478,19.14,54.8,328557734.0,-0.4112362919089009,92.4,32,黃紅,0,False,False,False,False,B
2024-12-09,23273.25,3209600.0,11.317102163943328,0.6433716798724561,0.8900553020773634,18.9,52.8,330172749.0,0.0,95.6,32,黃紅,0,False,False,False,False,B
2024-12-10,23125.08,2908900.0,10.486136688994604,0.4928680975998213,0.8796196308169771,18.64,51.2,328048331.0,-0.6434262083816008,91.2,32,黃紅,0,False,False,False,False,B
2024-12-11,22903.63,2760300.0,9.312511133552222,0.2737444355052731,0.8755038721935108,19.1,54.400000000000006,327759848.0,-0.7307995609292395,90.4,32,黃紅,0,False,False,False,False,B
2024-12-12,23046.8,3059200.0,9.878079803653929,0.4000437257124614,0.8880838223367206,18.06,48.0,327707322.0,-0.7467082027414685,90.0,32,黃紅,0,False,False,False,False,B
2024-12-13,23020.48,3046000.0,9.635885043317291,0.3673148544667806,0.8912111556036002,17.81,45.6,324164354.0,-1.8197731394240535,79.60000000000001,32,黃紅,0,False,False,False,False,B
2024-12-16,23039.9,3188400.0,9.611054901370949,0.3799280013690703,0.8883444421575922,18.66,50.8,320204766.0,-3.019020506746909,74.8,32,黃紅,0,False,False,False,False,B
2024-12-17,23018.01,3429100.0,9.388469203846933,0.3550659803343291,0.921782720518194,18.13,47.599999999999994,320885324.0,-2.8128987107897263,75.2,32,黃紅,0,False,False,False,False,B
2024-12-18,23168.67,3298300.0,9.983024425009948,0.4927568463643653,0.9542642885009992,17.4,39.2,322704819.0,-2.2618250666108124,76.8,32,黃紅,0,False,False,False,False,B
2024-12-19,22932.25,3445900.0,8.743988081227375,0.267097891450932,0.9853138037833707,19.08,53.8,323617443.0,-1.9854170339175992,78.8,32,黃紅,0,False,False,False,False,B
2024-12-20,22510.25,4683900.0,6.639187924400766,-0.1269746362539147,1.077731553531178,19.48,55.60000000000001,324670318.0,-1.6665309346895858,80.4,32,黃紅,0,False,False,False,False,B
2024-12-23,23104.54,3504100.0,9.336743681699152,0.4363151087289545,1.0966607769454744,19.08,53.2,323358374.0,-2.0638817166585723,77.60000000000001,32,黃紅,0,False,False,False,False,B
2024-12-24,23120.24,3344300.0,9.29374579479898,0.451919243888956,1.0952472268998208,18.53,48.8,323230685.0,-2.102555108204887,77.2,32,黃紅,0,False,False,False,False,B
2024-12-25,23220.13,3073700.0,9.64670606810167,0.5429771158424144,1.0863976368574015,17.73,41.4,324809147.0,-1.6244835517906415,80.80000000000001,34,黃紅,0,False,False,False,False,B
2024-12-26,23246.94,2941300.0,9.657443056436737,0.5651230890674296,1.0622243454283775,17.39,36.6,326328530.0,-1.1643053558002754,86.0,34,黃紅,0,False,False,False,False,B
2024-12-27,23275.68,2416800.0,9.67708678468365,0.5897023628539476,0.930394834184256,17.0,34.4,325477253.0,-1.4221331149288765,82.39999999999999,34,黃紅,0,False,False,False,False,B
2024-12-30,23190.2,2483600.0,9.16034989711074,0.5066289890138548,0.8696079059144949,17.98,44.8,326441023.0,-1.1302344034455731,86.0,34,黃紅,0,False,False,False,False,B
2024-12-31,23035.1,2572400.0,8.318939508663723,0.3601840229156783,0.8269887141671742,18.01,44.8,327558296.0,-0.7918439689279142,89.60000000000001,34,黃紅,0,False,False,False,False,B
2025-01-02,22832.06,3148600.0,7.259330158411653,0.1706039748573697,0.8331135618138112,18.33,47.2,329543807.0,-0.190488767442161,94.8,34,黃紅,0,False,False,False,False,B
2025-01-03,22908.3,2828200.0,7.509111625173691,0.2415560876074402,0.8292607234204785,17.9,43.2,327869937.0,-0.6974567122739739,90.4,34,黃紅,0,False,False,False,False,B
2025-01-06,23547.71,2957500.0,10.386558180088883,0.8380795423383638,0.8657716563329467,18.16,45.6,329747315.0,-0.1288519422903675,94.8,34,黃紅,0,False,False,False,False,B
2025-01-07,23651.27,3207900.0,10.746463530393582,0.9346370195076604,0.90967736949886,18.44,48.2,329173490.0,-0.3026473272026456,93.6,34,黃紅,0,False,False,False,False,B
2025-01-08,23407.33,2606700.0,9.48824116703496,0.7067997651421654,0.9122668842525324,19.28,55.2,330129522.0,-0.0130922373608731,95.2,34,黃紅,0,False,False,False,False,B
2025-01-09,23081.13,3399500.0,7.857706238534777,0.4063883761437436,0.9286484116031006,19.83,56.00000000000001,325643838.0,-1.3716792235933437,79.60000000000001,34,黃紅,0,False,False,False,False,B
2025-01-10,23011.86,2979400.0,7.431565592344612,0.3475975558211789,0.9414998480132196,20.18,57.99999999999999,323066309.0,-2.152339955833242,72.39999999999999,34,黃紅,0,False,False,False,False,B
2025-01-13,22488.33,3544500.0,4.898173523460379,-0.1296675149252037,0.9765546426626802,22.63,70.39999999999999,315535016.0,-4.433355885467096,61.6,34,黃紅,0,False,False,False,False,B
2025-01-14,22797.52,2319000.0,6.242408969645187,0.1694841334315912,0.9283903018493384,22.21,68.8,314958672.0,-4.607914204330655,60.4,34,黃紅,0,False,False,False,False,B
2025-01-15,22514.57,2359800.0,4.826957971989178,-0.0825127748722427,0.9160330244975776,22.69,71.2,314732916.0,-4.676289320291542,60.0,34,黃紅,0,False,False,False,False,B
2025-01-16,23025.1,2497000.0,7.094756971753731,0.3960322024927821,0.8618937121274876,21.1,61.6,312466298.0,-5.362783892258776,56.00000000000001,34,黃紅,0,False,False,False,False,B
2025-01-17,23148.08,2465000.0,7.554126929120969,0.5159662432005728,0.8320349844292786,20.48,56.8,309772573.0,-6.178637110962783,52.400000000000006,34,黃紅,0,False,False,False,False,B
2025-01-20,23266.82,2168200.0,7.991549155663299,0.6295166654573662,0.7497361257707905,20.42,56.39999999999999,309018640.0,-6.406982121955801,49.6,34,黃紅,0,False,False,False,False,B
2025-01-21,23300.01,0.0,8.02998195139693,0.6611031910685674,0.6113827353632943,19.68,52.8,307774487.0,-6.78380092476984,48.8,34,黃紅,0,False,False,False,False,B
2025-01-22,23525.41,2695000.0,8.952598628921224,0.8655460826507054,0.633606923425406,20.48,56.599999999999994,305287551.0,-7.537023596093329,46.8,34,黃紅,0,False,False,False,False,B
2025-02-03,22694.71,3428900.0,5.005232496798138,0.0930277876723196,0.6918609387662346,24.91,82.6,305187136.0,-7.567436463389049,46.400000000000006,38,紅,0,False,False,False,False,B
2025-02-04,22793.96,2990000.0,5.361467800514709,0.1850599171171433,0.7255937495645426,22.69,70.6,305710074.0,-7.4090533134822705,46.8,38,紅,0,False,False,False,False,B
2025-02-05,23161.58,2482200.0,6.949704916617786,0.5165069075466503,0.7501613227549452,20.74,57.599999999999994,305601281.0,-7.442003640342831,46.400000000000006,38,紅,0,False,False,False,False,B
2025-02-06,23316.6,2400700.0,7.546933729845653,0.6515861817468727,0.907005791583978,19.69,51.2,305934753.0,-7.341004390401705,46.8,38,紅,0,False,False,False,False,B
2025-02-07,23478.27,2672200.0,8.16657520726916,0.7931198780590248,0.9065073723190032,18.71,43.6,306034473.0,-7.3108020189758305,46.8,38,紅,0,False,False,False,False,B
2025-02-10,23252.14,2706000.0,7.00597632234682,0.57674656139924,0.861742928197844,19.52,50.0,308721920.0,-6.496850229150801,49.2,38,紅,0,False,False,False,False,B
2025-02-11,23384.05,2956500.0,7.500179151258291,0.6934242448246111,0.8632827573894998,19.31,49.2,309154193.0,-6.3659269469268045,50.0,38,紅,0,False,False,False,False,B
2025-02-12,23289.75,3159400.0,6.958990086875602,0.5935202913417635,0.9098705513980034,19.32,49.2,311523857.0,-5.648222652075989,54.0,38,紅,0,False,False,False,False,B
2025-02-13,23399.41,3604700.0,7.353652402904981,0.6683118521680042,0.9863119290626406,19.01,44.4,313023678.0,-5.193969233360321,56.39999999999999,38,紅,0,False,False,False,False,B
2025-02-14,23152.61,3818900.0,6.118601995389668,0.4198177231102885,1.0621711124938296,19.83,51.4,313574044.0,-5.027278916952652,58.4,38,紅,0,False,False,False,False,B
2025-02-17,23505.33,3408200.0,7.626693415966729,0.7291143424330033,1.1085858379380775,19.68,50.2,314922889.0,-4.618751864346018,60.0,38,紅,0,False,False,False,False,B
2025-02-18,23666.11,3038600.0,8.250439265305303,0.8568305608917864,1.117335247704586,19.25,47.0,316399005.0,-4.171678020586732,61.6,38,紅,0,False,False,False,False,B
2025-02-19,23604.08,3534600.0,7.858479093234568,0.7834131484723881,1.143756489282006,18.9,42.2,319292844.0,-3.2952159234679903,65.2,38,紅,0,False,False,False,False,B
2025-02-20,23487.46,3563200.0,7.218724664497464,0.6626728784544564,1.1402045190759158,18.38,37.4,321311666.0,-2.6837717609456617,68.4,38,紅,0,False,False,False,False,B
2025-02-21,23730.25,3518400.0,8.211638050098722,0.8724583071213975,1.1215211269765717,17.73,28.799999999999997,321783865.0,-2.540756021024618,68.4,38,紅,0,False,False,False,False,B
2025-02-24,23565.31,3211200.0,7.349901470167473,0.7086435082880724,1.1119009973442977,18.84,40.8,323434570.0,-2.0408041004013935,73.2,38,紅,0,False,False,False,False,B
2025-02-25,23285.72,3717900.0,5.9753388243351555,0.4399428746057413,1.1546410522881014,19.66,49.6,324483022.0,-1.723257602946511,75.2,35,黃紅,0,False,False,False,False,B
2025-02-26,23402.55,3362900.0,6.404254740345004,0.539247976986071,1.144233940878129,19.85,51.6,325413294.0,-1.441504489518001,77.60000000000001,35,黃紅,0,False,False,False,False,B
2025-02-27,23053.18,5093000.0,4.731803639268074,0.2125364494850898,1.244686069595506,19.89,52.0,324284623.0,-1.7833470563011242,74.0,35,黃紅,0,False,False,False,False,B
2025-03-03,22756.25,3324900.0,3.3049467931892034,-0.0622121875078258,1.2296558292581004,20.86,57.599999999999994,324050396.0,-1.8542877989000843,72.8,35,黃紅,0,False,False,False,False,B
2025-03-04,22596.88,3100900.0,2.507734927178906,-0.2096582967327595,1.22560246355786,21.99,67.2,326111501.0,-1.230037309953766,82.8,35,黃紅,0,False,False,False,False,B
2025-03-05,22871.9,3075000.0,3.6778413597380584,0.0353788351886858,1.183553752508758,21.15,60.4,328033352.0,-0.6479629244023406,89.2,35,黃紅,0,False,False,False,False,B
2025-03-06,22715.43,2851500.0,2.893210258901454,-0.1102973323061966,1.1495277374944195,21.24,60.8,328609499.0,-0.4734642712745503,90.8,35,黃紅,0,False,False,False,False,B
2025-03-07,22576.07,2987500.0,2.1930162182819584,-0.2377423531728731,1.009820201604608,22.56,68.4,327851463.0,-0.7030519650790441,88.0,35,黃紅,0,False,False,False,False,B
2025-03-10,22459.15,3078100.0,1.5980929944101112,-0.3433422525407814,0.9936899950127862,22.18,66.8,327246302.0,-0.8863381393114305,86.0,35,黃紅,0,False,False,False,False,B
2025-03-11,22071.09,3604700.0,-0.2137575268160526,-0.6841093118056573,1.02255156012083,23.8,75.6,325806691.0,-1.322355649648118,78.0,35,黃紅,0,True,False,False,True,B
2025-03-12,22278.36,3159800.0,0.6610070810254961,-0.497362745634559,1.0263605279850512,22.44,66.8,327694493.0,-0.7505937444885858,86.4,35,黃紅,0,False,False,False,False,B
2025-03-13,21961.68,3666300.0,-0.8235402294917389,-0.7695989495516865,1.0755114004638746,23.09,71.39999999999999,326414588.0,-1.1382408182935777,81.2,35,黃紅,0,True,False,False,True,B
2025-03-14,21968.05,3373300.0,-0.8490798248665221,-0.7565818473673397,1.0996862481136889,23.07,70.8,325694534.0,-1.3434084819593928,76.8,35,黃紅,0,True,False,False,True,B
2025-03-17,22118.63,2961500.0,-0.2201287513618633,-0.6220239927491318,1.0917793336683406,22.06,64.8,325360733.0,-1.444520614548371,73.2,35,黃紅,0,True,False,False,True,B
2025-03-18,22271.67,2652000.0,0.4179821570652892,-0.4953240117599771,1.03034485679519,21.29,57.99999999999999,324691148.0,-1.6473455530584145,71.6,35,黃紅,0,False,False,False,False,B
2025-03-19,21960.83,2916300.0,-1.027461074368305,-0.7643693252360896,1.0152665367556517,21.48,59.599999999999994,324290100.0,-1.7688275694410631,69.6,35,黃紅,0,True,False,False,True,B
2025-03-20,22377.26,2626000.0,0.8005282500736566,-0.4123376940259404,0.9495967939591532,19.29,41.2,324238426.0,-1.784480213799237,68.8,35,黃紅,0,False,False,False,False,B
2025-03-21,22209.1,3597700.0,-0.0006370321117425,-0.5614857873932859,0.9621183755251675,19.57,42.8,324119474.0,-1.8205121322048865,67.60000000000001,35,黃紅,0,True,False,False,True,B
2025-03-24,22106.64,2651400.0,-0.5046352777003185,-0.6531075554919384,0.9458935247087076,20.36,49.2,323759132.0,-1.929663836607742,66.8,35,黃紅,0,True,False,False,True,B
2025-03-25,22273.19,2553000.0,0.202408307831588,-0.5187575327100219,0.9432466599484792,19.28,39.8,322275801.0,-2.3789817258451667,61.2,37,黃紅,0,False,False,False,False,B
2025-03-26,22260.29,2295800.0,0.1023702034759778,-0.5323236257432253,0.9081678794924,18.91,34.4,321865442.0,-2.503284150394766,60.0,37,黃紅,0,False,False,False,False,B
2025-03-27,21951.76,2674800.0,-1.3208050766124495,-0.7905323445765707,0.92160786926931,20.07,47.2,321121581.0,-2.728608137020839,58.8,37,黃紅,0,True,False,False,True,B
2025-03-28,21602.89,3242700.0,-2.922593149030035,-1.074027185470491,0.8991635072717739,21.48,59.4,316022604.0,-4.273146465222823,50.8,37,黃紅,0,True,False,False,True,B
2025-03-31,20695.9,4034100.0,-7.011994969644518,-1.7988485998635733,0.9880167268491296,25.94,90.4,300314124.0,-9.031424338959908,26.4,37,黃紅,0,True,False,False,True,B
2025-04-01,21280.17,2753300.0,-4.411278257875699,-1.301901435417883,1.0031760185244527,24.15,76.4,298958157.0,-9.442162218985068,25.2,37,黃紅,0,True,False,False,True,B
2025-04-02,21298.22,2300200.0,-4.356213250529914,-1.2707881420454772,1.0070683354455938,24.8,80.60000000000001,298816651.0,-9.485026001400747,24.8,37,黃紅,0,True,False,False,True,B
2025-04-07,19232.35,1558900.0,-13.61840261619514,-2.8460216283494866,0.9366689239882094,42.69,99.6,285252992.0,-13.593613115279036,10.4,37,黃紅,0,True,False,False,True,B
2025-04-08,18459.95,5839900.0,-17.06126546358928,-3.31665584793857,1.091237634848684,41.78,99.2,256789020.0,-22.215675094940465,0.4,37,黃紅,0,True,False,False,True,B
2025-04-09,17391.76,6177900.0,-21.821190923294868,-3.920105844900757,1.209090471511017,46.93,99.6,223785029.0,-32.2129606451858,0.4,37,黃紅,0,True,False,False,True,B
2025-04-10,19000.03,2659600.0,-14.574451413279856,-2.6660625500581636,1.2061993695648283,40.3,98.0,222431725.0,-32.622891872118,0.4,37,黃紅,0,True,False,False,True,B
2025-04-11,19528.77,4766500.0,-12.18659465387995,-2.234814515365258,1.3524700215615082,41.4,98.4,213955822.0,-35.19033962676019,0.4,37,黃紅,0,True,False,False,True,B
2025-04-14,19513.09,4176300.0,-12.247103303866895,-2.1969197662717996,1.511133479128259,42.28,98.8,212803927.0,-35.53926176890051,0.4,37,黃紅,0,True,False,False,True,B
2025-04-15,19857.67,2866400.0,-10.690465277055116,-1.9225548551395075,1.3233091862911457,36.02,96.4,213994817.0,-35.178527596208134,1.2,37,黃紅,0,True,False,False,True,B
2025-04-16,19468.0,2805300.0,-12.43111610646583,-2.143195854964174,1.1059759425694873,36.56,96.4,214549780.0,-34.709805817268844,1.6,37,黃紅,0,True,False,False,True,B
2025-04-17,19338.73,2300500.0,-12.994929130246808,-2.182496302751848,1.089372207537803,33.51,94.8,216020028.0,-34.26239087507327,2.0,37,黃紅,0,True,False,False,True,B
2025-04-18,19395.03,2123700.0,-12.72683134404304,-2.1009485641340335,0.9234093808330972,29.62,93.2,215979291.0,-34.274787656092684,2.0,37,黃紅,0,True,False,False,True,B
2025-04-21,19106.2,2325500.0,-14.006200313997134,-2.240365664183423,0.808979836398687,32.08,94.4,212486669.0,-35.33763642054669,0.4,37,黃紅,0,True,False,False,True,B
2025-04-22,18793.43,2526000.0,-15.383415791905575,-2.3870276073423065,0.7859273402660092,32.81,94.4,210932049.0,-35.81072682259864,0.4,37,黃紅,0,True,False,False,True,B
2025-04-23,19639.14,2694600.0,-11.557734448092614,-1.815644350278324,0.7773149215399151,29.7,92.4,210393071.0,-35.97474460103784,0.4,37,黃紅,0,True,False,False,True,B
2025-04-24,19478.81,2418200.0,-12.259617203700635,-1.881416171095167,0.7852928661219019,30.48,92.8,210093888.0,-36.06578974760556,0.4,37,黃紅,0,True,False,False,True,B
2025-04-25,19872.73,2674500.0,-10.471308788005247,-1.60862160087524,0.8201452153923773,30.4,92.4,208844606.0,-36.4459619592433,0.4,35,黃紅,0,True,False,False,True,B
2025-04-28,20034.41,2131000.0,-9.736167560269632,-1.4840589002318525,0.8076863789502947,30.45,92.4,208154193.0,-36.65606331118261,0.4,35,黃紅,0,True,False,False,True,B
2025-04-29,20232.63,2538500.0,-8.848531189826057,-1.3372793692989629,0.7975474132273648,28.84,90.0,209008974.0,-36.39594271132132,1.2,35,黃紅,0,True,False,False,True,B
2025-04-30,20235.03,2806300.0,-8.838075265829715,-1.3129569620346568,0.8042214400395867,28.56,89.2,209669672.0,-36.19488400729402,1.6,35,黃紅,0,True,False,False,True,B
2025-05-02,20787.64,2779300.0,-6.356690881926793,-0.9581889909781596,0.8302028537902052,29.05,90.0,209351182.0,-36.29180451658216,1.6,35,黃紅,0,True,False,False,True,B
2025-05-05,20532.99,3929000.0,-7.5205894858217395,-1.0953892820957496,0.9062005363437584,31.48,93.2,208867379.0,-36.43903184916758,1.2,35,黃紅,0,True,False,False,True,B
2025-05-06,20522.59,3091500.0,-7.585933807295232,-1.0838940949008344,0.9644368450714988,31.49,93.2,209482846.0,-36.2517375068333,2.4,35,黃紅,0,True,False,False,True,B
2025-05-07,20546.49,2681400.0,-7.49409383730209,-1.0515679148379242,0.972088939381816,32.45,94.0,209439756.0,-36.264850335321555,2.4,35,黃紅,0,True,False,False,True,B
2025-05-08,20543.4,2348100.0,-7.514862359908032,-1.0373369348219188,0.944575494232276,30.94,92.0,209567416.0,-36.22600179308876,3.2,35,黃紅,0,True,False,False,True,B
2025-05-09,20915.04,2744700.0,-5.859691042062284,-0.8020454035265462,0.9421780494703924,28.14,85.6,209817781.0,-36.14981257738992,4.0,35,黃紅,0,True,False,False,True,B
2025-05-12,21129.54,2687300.0,-4.911483606714994,-0.6642358360419791,0.8643370869997082,26.88,82.39999999999999,210111994.0,-36.06027986427745,4.8,35,黃紅,0,True,False,False,True,B
2025-05-13,21330.14,3601900.0,-4.023150173371215,-0.536919164429953,0.8947833887930979,26.04,80.4,210508471.0,-35.9396269308697,5.6000000000000005,35,黃紅,0,True,False,False,True,B
2025-05-14,21782.87,3656500.0,-2.0105004776237156,-0.2597946155495493,0.9565613785865352,25.76,79.2,212011750.0,-35.482160240291776,6.4,35,黃紅,0,True,False,False,True,B
2025-05-15,21730.25,3543000.0,-2.2737241935600454,-0.2848291909833261,1.0340782594432243,24.75,68.8,213312394.0,-35.08635792661611,7.6,35,黃紅,0,True,False,False,True,B
2025-05-16,21843.69,3714600.0,-1.790293227017935,-0.2102345364220819,1.0940820139118914,23.95,63.2,216410527.0,-34.14355712218776,10.0,35,黃紅,0,True,False,False,True,B
2025-05-19,21523.83,3401200.0,-3.2458001728664696,-0.3935018143455268,1.1372985256289203,26.53,81.6,216535926.0,-34.1053966306677,10.4,35,黃紅,0,True,False,False,True,B
2025-05-20,21526.03,2908900.0,-3.2510889572304205,-0.3826993275713488,1.0969407359131833,26.36,81.2,217435458.0,-33.83165773914527,10.8,35,黃紅,0,True,False,False,True,B
2025-05-21,21803.91,3078500.0,-2.0215910506112293,-0.2075221446066835,1.0628643123299653,25.26,75.2,217856446.0,-33.70354580042131,11.2,35,黃紅,0,True,False,False,True,B
2025-05-22,21670.96,3137400.0,-2.638445927918594,-0.2814670624555098,1.0390731008478944,25.31,75.2,220045068.0,-33.037520622615965,11.6,35,黃紅,0,True,False,False,True,B
2025-05-23,21652.24,3065000.0,-2.739039003899242,-0.2872038897869025,0.9982898686053492,24.85,68.8,219546355.0,-33.18928525556713,11.6,35,黃紅,0,True,False,False,True,B
2025-05-26,21536.57,3105400.0,-3.2704225591435327,-0.3516803732087089,0.9825610278372592,25.86,78.60000000000001,220657750.0,-32.85107379077925,12.4,33,黃紅,0,True,False,False,True,B
2025-05-27,21336.54,3512400.0,-4.174876747291154,-0.466176480728685,1.0205130262450557,26.35,80.80000000000001,220599614.0,-32.868765306142286,12.4,33,黃紅,0,True,False,False,True,B
2025-05-28,21357.72,3647300.0,-4.083381952591579,-0.4483075451902295,1.065261196805672,26.55,81.6,220246367.0,-32.976262807302476,12.4,33,黃紅,0,True,False,False,True,B
2025-05-29,21347.3,5081700.0,-4.1309189568300795,-0.4482172802513338,1.179861647351338,26.84,82.0,221181413.0,-32.6917165592952,13.6,33,黃紅,0,True,False,False,True,B
2025-06-02,21002.71,3805400.0,-5.67411241841839,-0.649779285755301,1.222707832464644,26.89,82.39999999999999,221528741.0,-32.58602028421583,14.000000000000002,33,黃紅,0,True,False,False,True,B
2025-06-03,21126.93,3739600.0,-5.113757793661622,-0.5681936920024983,1.2587455740002766,26.07,78.2,221857705.0,-32.48591240510671,14.4,33,黃紅,0,True,False,False,True,B
2025-06-04,21618.09,4061200.0,-2.914488455982557,-0.2638058380312584,1.285414934939744,24.33,61.8,222950998.0,-31.99633884202005,15.2,33,黃紅,0,True,False,False,True,B
2025-06-05,21674.43,3521900.0,-2.663612677821813,-0.2239605853360091,1.273902186120149,22.47,48.8,222431847.0,-32.12218949312645,15.2,33,黃紅,0,True,False,False,True,B
2025-06-06,21660.66,2964300.0,-2.7263816585117597,-0.2281430499625179,1.141116367076632,22.49,48.8,222353111.0,-32.146216750734354,14.8,33,黃紅,0,True,False,False,True,B
2025-06-09,21790.29,3035200.0,-2.1481937090645618,-0.1464368472533542,1.0958187152229553,22.23,47.2,222414142.0,-32.12759239136801,15.2,33,黃紅,0,True,False,False,True,B
2025-06-10,22242.14,3534000.0,-0.1269734614297417,0.1324482532151779,1.0806804209303464,22.54,49.2,220627683.0,-32.40875527291078,13.2,33,黃紅,0,True,False,False,True,B
2025-06-11,22470.1,3669800.0,0.8855426833319734,0.2735253638436449,1.055949390797619,22.52,48.8,222185864.0,-31.780904864679123,15.2,33,黃紅,0,False,False,False,False,B
2025-06-12,22287.82,3060300.0,0.055911270979839,0.1632071220576939,1.028499877737211,22.82,52.0,223680596.0,-31.251508460303352,17.599999999999998,33,黃紅,0,False,False,False,False,B
2025-06-13,22072.95,3285000.0,-0.9213017441233552,0.034172893947181,1.046995797004083,25.41,74.4,223309479.0,-31.22403232255657,17.599999999999998,33,黃紅,0,True,False,False,True,B
2025-06-16,22049.9,2521300.0,-1.0403251885133324,0.0258506606235006,1.0152504896076822,24.76,64.0,224418003.0,-30.797146443878493,18.8,33,黃紅,0,True,False,False,True,B
2025-06-17,22211.59,3044000.0,-0.32673742691877,0.132777857689211,0.9836333629180374,24.96,68.2,224287636.0,-30.826324699713417,18.8,33,黃紅,0,True,False,False,True,B
2025-06-18,22356.73,3214600.0,0.3065633877442343,0.2287094584762618,0.9519474804669776,24.78,63.8,224753502.0,-30.65720512677372,19.6,33,黃紅,0,False,False,False,False,B
2025-06-19,22003.5,3057900.0,-1.2874395093682232,0.0127493260632887,0.9544987626528932,26.01,77.2,225036136.0,-30.49272939118208,20.0,33,黃紅,0,True,False,False,True,B
2025-06-20,22045.74,4418300.0,-1.1004801292308417,0.0450539279188103,1.0165812537716643,25.72,75.2,224123342.0,-30.45604376606607,18.8,33,黃紅,0,True,False,False,True,B
2025-06-23,21732.02,3015300.0,-2.505650566669539,-0.1484338700187792,1.0449562446680256,26.22,79.2,224437558.0,-30.269756018106474,20.0,33,黃紅,0,True,False,False,True,B
2025-06-24,22188.76,3767600.0,-0.4637048208666252,0.1470949309792687,1.0818205034941224,24.51,60.0,224318492.0,-30.14530779854375,19.6,33,黃紅,0,True,False,False,True,B
2025-06-25,22430.61,3405900.0,0.6143169979832547,0.3059493303273816,1.0895544021636892,23.61,52.0,224189539.0,-29.059017879619773,19.2,31,綠,0,False,False,False,False,B
2025-06-26,22492.34,3685100.0,0.887948184144609,0.3502909806096355,1.1256796188698404,23.34,51.2,224719022.0,-25.17201022486708,21.2,31,綠,0,False,False,False,False,B
2025-06-27,22580.08,3454100.0,1.280130927312782,0.4117224392281711,1.0695250978556623,23.75,53.6,225228402.0,-24.6622322467689,22.4,31,綠,0,False,False,False,False,B
2025-06-30,22256.02,3443500.0,-0.1690919473092344,0.2073901618121797,1.0920776672755566,24.4,58.8,226292649.0,-24.270401852539337,22.8,31,綠,0,True,False,False,True,B
2025-07-01,22553.72,3676400.0,1.1699596559120766,0.4068109097913843,1.0788587854364753,24.29,57.599999999999994,225161417.0,-21.06606299856094,22.4,31,綠,0,False,False,False,False,B
2025-07-02,22577.74,2897200.0,1.2891894463987452,0.4264027399724789,1.0407024032004255,24.25,57.2,225315996.0,-12.256374513209328,23.200000000000003,31,綠,0,False,False,False,False,B
2025-07-03,22712.97,3368000.0,1.9085394377226992,0.5239896892804109,1.0343923117166056,24.03,54.6,225841159.0,-0.1995159816260757,23.6,31,綠,0,False,False,False,False,B
2025-07-04,22547.5,3270200.0,1.1789268488120392,0.4201002408067169,1.03855405283924,24.73,61.0,223751212.0,-1.123075367772994,18.4,31,綠,0,False,False,False,False,B
2025-07-07,22428.72,2570300.0,0.652872596504481,0.3464042232666027,0.9845618617263516,25.11,68.8,221554232.0,-2.093933241287038,14.8,31,綠,0,False,False,False,False,B
2025-07-08,22362.27,2661400.0,0.3639212344121023,0.3082224408014176,0.931434845889376,24.51,59.0,222090108.0,-1.857126609534718,15.6,31,綠,0,False,False,False,False,B
2025-07-09,22527.01,2907300.0,1.1116335621301732,0.4294045255336903,0.9383307395940432,22.88,44.8,222618366.0,-1.623686415019164,18.0,31,綠,0,False,False,False,False,B
2025-07-10,22693.25,2829400.0,1.8616859494778089,0.5518519389343649,0.9043074736019248,22.41,38.4,224196382.0,-0.9263522298508248,21.2,31,綠,0,False,False,False,False,B
2025-07-11,22751.03,4446700.0,2.126195732286792,0.5987771099904516,0.970596337279252,21.8,34.599999999999994,224058848.0,-0.9871292814288456,20.4,31,綠,0,False,False,False,False,B
2025-07-14,22614.97,2557300.0,1.523527780837127,0.5082358841625721,0.9684728563276722,22.8,44.0,224437905.0,-0.8196218517023062,23.6,31,綠,0,False,False,False,False,B
2025-07-15,22835.94,2696000.0,2.5163097475677643,0.6706284907104022,0.9677463845420036,22.0,36.0,226722755.0,0.0,27.200000000000003,31,綠,0,False,False,False,False,B
2025-07-16,23042.9,3171200.0,3.4478116934836036,0.8286975082905945,0.9799609799027256,21.91,34.599999999999994,226872563.0,0.0,27.6,31,綠,0,False,False,False,False,B
2025-07-17,23113.28,3078000.0,3.7713989023436536,0.8918272139268769,0.9926275297323454,21.05,26.0,227981188.0,0.0,28.000000000000004,31,綠,0,False,False,False,False,B
2025-07-18,23383.13,2995200.0,4.986211462513959,1.099731125775843,0.900886270956049,20.25,20.4,228111365.0,0.0,28.4,31,綠,0,False,False,False,False,B
2025-07-21,23340.56,2784300.0,4.8051981958664385,1.0799473639661932,0.9132606913632824,20.95,25.0,229477188.0,0.0,28.799999999999997,31,綠,0,False,False,False,False,B
2025-07-22,22987.92,3764700.0,3.2386666256033787,0.8277730475365526,0.9740554497946228,22.55,40.8,224554075.0,-2.1453605227200185,24.0,31,綠,0,False,False,False,False,B
2025-07-23,23318.67,3346500.0,4.7370160890711945,1.087391527515307,0.978752637468888,22.15,36.0,227983846.0,-0.6507583664481718,28.799999999999997,31,綠,0,False,False,False,False,B
2025-07-24,23373.73,3659600.0,5.003493583046223,1.1450055535322756,1.0086244460537903,21.77,31.2,229227323.0,-0.1088844613173489,29.6,31,綠,0,False,False,False,False,B
2025-07-25,23364.38,2946900.0,4.971912607640518,1.1466389685526848,1.0049633080600469,22.57,41.2,229580905.0,0.0,30.4,29,綠,0,False,False,False,False,B
2025-07-28,23412.98,3255000.0,5.1990807742929235,1.1967254065662034,1.0311393634218418,22.96,45.4,230048512.0,0.0,30.8,29,綠,0,False,False,False,False,B
2025-07-29,23201.52,3565200.0,4.263861069712846,1.041492420199735,1.0208994922343968,24.2,54.8,229520930.0,-0.2293351065013626,30.4,29,綠,0,False,False,False,False,B
2025-07-30,23461.72,3352200.0,5.438997020293065,1.264236929804011,1.0198978211779437,23.75,50.2,229782020.0,-0.1158416534335158,31.2,29,綠,0,False,False,False,False,B
2025-07-31,23542.52,3757100.0,5.799379535173007,1.3382684471850153,1.0202650655459626,23.5,47.8,231315484.0,0.0,32.0,29,綠,0,False,False,False,False,B
2025-08-01,23434.38,3402400.0,5.302704408916541,1.2544552872258117,1.0422663952540885,23.44,47.2,232588286.0,0.0,32.4,29,綠,0,False,False,False,False,B
2025-08-04,23378.94,3191500.0,5.032403192784073,1.2048813479956402,1.0361278309401116,23.87,51.6,233410481.0,0.0,32.800000000000004,29,綠,0,False,False,False,False,B
2025-08-05,23660.59,3421400.0,6.28268142402004,1.4357913020775903,1.0237419014145903,22.72,42.8,235386924.0,0.0,33.2,29,綠,0,False,False,False,False,B
2025-08-06,23447.36,3264600.0,5.299729697628788,1.2564264313926106,1.0202193498549346,22.49,38.2,236036183.0,0.0,33.6,29,綠,0,False,False,False,False,B
2025-08-07,24003.77,3487700.0,7.76290595320771,1.7083418158611985,1.0049334892924604,21.26,27.200000000000003,237514928.0,0.0,34.0,29,綠,0,False,False,False,False,B
2025-08-08,24021.26,3790600.0,7.806623366186101,1.7141396110574427,1.0269295808371286,20.62,22.0,238613969.0,0.0,34.4,29,綠,0,False,False,False,False,B
2025-08-11,24135.5,3851900.0,8.281692702166833,1.7957595203220464,1.0657305804395931,20.25,20.200000000000003,242509549.0,0.0,34.8,29,綠,0,False,False,False,False,B
2025-08-12,24158.36,4193700.0,8.354768387091982,1.8054590749072577,1.1075527008830153,19.79,17.2,243266443.0,0.0,35.199999999999996,29,綠,0,False,False,False,False,B
2025-08-13,24370.02,4867300.0,9.250556287954566,1.958888720615916,1.191460233911227,18.9,8.799999999999999,242383930.0,-0.3627762995654933,34.8,29,綠,0,False,False,False,False,B
2025-08-14,24238.1,4491700.0,8.573354622259412,1.8380157941166608,1.242073638830233,20.13,20.4,245037336.0,0.0,36.0,29,綠,0,False,False,False,False,B
2025-08-15,24334.48,4491700.0,8.930262890890752,1.8967502665381453,1.2747286013893395,19.99,19.6,248323607.0,0.0,36.4,29,綠,0,False,False,False,False,B
2025-08-18,24482.52,4745200.0,9.530437410197209,1.9953122044948368,1.3160063501260064,19.95,19.6,249893217.0,0.0,36.8,29,綠,0,False,False,False,False,B
2025-08-19,24353.5,4734800.0,8.88534963352017,1.8759477475780304,1.3367711327978962,20.29,22.8,250196431.0,0.0,37.2,29,綠,0,False,False,False,False,bull
2025-08-20,23625.44,4336000.0,5.5894462240467515,1.293488358874188,1.3012124518274764,23.85,55.2,248938691.0,-0.5027010157471031,36.8,29,綠,0,False,False,False,False,bull
2025-08-21,23962.13,3924400.0,7.0523280395420676,1.5516555439177806,1.2671653913563887,22.54,43.0,251706436.0,0.0,38.0,29,綠,0,False,False,False,False,bull
2025-08-22,23764.47,3633100.0,6.131946231771896,1.3913198331978944,1.226667763491423,24.08,57.599999999999994,251544566.0,-0.0643090429360336,38.0,29,綠,0,False,False,False,False,bull
2025-08-25,24277.38,3818800.0,8.379034162808253,1.7822297682494346,1.1734246190133226,22.25,40.400000000000006,253933965.0,0.0,38.8,29,綠,0,False,False,False,False,bull
2025-08-26,24305.1,5104500.0,8.456109144931338,1.7883524781024869,1.1868936986231076,21.93,37.4,255260819.0,0.0,39.2,29,綠,0,False,False,False,False,bull
2025-08-27,24519.9,4022200.0,9.372232619208493,1.9384831861895584,1.169218691265456,21.2,30.0,258305814.0,0.0,40.0,29,綠,0,False,False,False,False,bull
2025-08-28,24236.45,4093700.0,8.072664077441873,1.7049577610010391,1.175678615352169,20.71,25.6,260232173.0,0.0,40.400000000000006,29,綠,0,False,False,False,False,bull
2025-08-29,24233.1,4230800.0,8.022967728738491,1.6871437095962598,1.2024535252937352,19.65,16.0,262327206.0,0.0,40.8,29,綠,0,False,False,False,False,bull
2025-09-01,24071.73,3978800.0,7.268559551252621,1.548738775183366,1.206137059494507,21.24,31.4,259146921.0,-1.2123351780752774,40.400000000000006,29,綠,0,False,False,False,False,bull
2025-09-02,24016.78,3621600.0,6.988068486155654,1.4948106820763116,1.1222144500724809,21.39,32.800000000000004,259012511.0,-1.2635727153667775,40.400000000000006,29,綠,0,False,False,False,False,bull
2025-09-03,24100.3,3208300.0,7.322983709817186,1.5448973142931943,1.0787588736288132,21.32,32.800000000000004,261032905.0,-0.4933918291341844,41.6,29,綠,0,False,False,False,False,bull
2025-09-04,24179.85,4098500.0,7.640042562899708,1.590009597362629,1.0737916127213278,20.46,24.4,261541660.0,-0.2994527376622919,42.0,29,綠,0,False,False,False,False,bull
2025-09-05,24494.58,3935800.0,8.996282457742751,1.807522450133506,1.0540324727175938,18.96,10.0,264481986.0,0.0,42.8,29,綠,0,False,False,False,False,bull
2025-09-08,24547.38,4221200.0,9.18892840711428,1.8234196491998345,1.0591986295731382,18.9,9.0,266510445.0,0.0,43.2,29,綠,0,False,False,False,False,bull
2025-09-09,24855.18,4235300.0,10.505881457884948,2.0258494634534605,1.0872673065769338,18.0,3.5999999999999996,267537039.0,0.0,43.6,29,綠,0,False,False,False,False,bull
2025-09-10,25192.59,4503300.0,11.947779805616063,2.239901381965417,1.1519154146734911,19.22,13.6,269963070.0,0.0,44.0,29,綠,0,False,False,False,False,bull
2025-09-11,25215.71,5159400.0,11.991185296981447,2.2194877821202357,1.1986081906251684,20.66,28.000000000000004,265854797.0,-1.5217907397482182,43.2,29,綠,0,False,False,False,False,bull
2025-09-12,25474.64,4362700.0,13.073232218865568,2.3671815915090058,1.2221163711973473,19.39,16.400000000000002,265614897.0,-1.6106547462213998,43.2,29,綠,0,False,False,False,False,bull
2025-09-15,25357.16,3734300.0,12.466626691598137,2.245338995849836,1.1917668121344025,20.41,26.0,264210665.0,-2.1308118180757094,42.8,29,綠,0,False,False,False,False,bull
2025-09-16,25629.64,4224500.0,13.585646024524204,2.3979860180070505,1.1887292363594415,20.2,24.4,265856690.0,-1.5210895327275689,44.4,29,綠,0,False,False,False,False,bull
2025-09-17,25438.25,4404600.0,12.657496936683302,2.2253548229761364,1.1780907578374975,22.09,44.0,264869230.0,-1.886865488675914,43.6,29,綠,0,False,False,False,False,bull
2025-09-18,25769.36,4746200.0,14.030448445269805,2.417165773165345,1.1503726568868975,18.93,10.8,266808583.0,-1.1684883417572631,45.6,29,綠,0,False,False,False,False,bull
2025-09-19,25578.37,6041400.0,13.09494306491704,2.2460757762387087,1.2261451581936986,19.81,20.8,268834779.0,-0.4179427208321494,46.400000000000006,29,綠,0,False,False,False,False,bull
2025-09-22,25880.6,4316700.0,14.333191374384477,2.4148743011514964,1.2521650127260584,19.9,22.8,272458389.0,0.0,47.2,29,綠,0,False,False,False,False,bull
2025-09-23,26247.37,4775000.0,15.859420672359656,2.616117047251093,1.2750505042107625,20.01,24.0,272801313.0,0.0,47.599999999999994,29,綠,0,False,False,False,False,bull
2025-09-24,26196.73,4309500.0,15.54536665184944,2.531297497874175,1.2622570421677737,20.86,32.2,274650726.0,0.0,48.0,29,綠,0,False,False,False,False,bull
2025-09-25,26023.85,5318500.0,14.6983884300484,2.368860199746946,1.2812540829751096,20.68,31.2,275265205.0,0.0,48.4,31,綠,0,False,False,False,False,bull
2025-09-26,25580.32,4370400.0,12.666065412658812,2.032755580636872,1.1891473393866228,22.41,49.0,271547451.0,-1.3506080436137942,47.2,31,綠,0,False,False,False,False,bull
2025-09-30,25820.54,3601000.0,13.648450685786266,2.152819249147738,1.1472139258841476,21.93,44.8,275429759.0,0.0,49.2,31,綠,0,False,False,False,False,bull
2025-10-01,25982.91,4127200.0,14.286185253425495,2.2181857071700426,1.1070653337002048,22.67,54.8,276237290.0,0.0,49.6,31,綠,0,False,False,False,False,bull
2025-10-02,26378.39,4331900.0,15.942219450613065,2.417425470491658,1.1015433289410264,22.69,55.2,278985046.0,0.0,50.0,31,綠,0,False,False,False,False,bull
2025-10-03,26761.06,3947400.0,17.534726200647327,2.5946284162979523,1.027252555583468,23.06,58.4,281879929.0,0.0,50.4,31,綠,0,False,False,False,False,bull
2025-10-07,27211.95,4714200.0,19.42166916189601,2.7984516997313955,1.0434110498336444,23.7,61.2,283226480.0,0.0,50.8,31,綠,0,False,False,False,False,bull
2025-10-08,27063.68,4475000.0,18.683370826507197,2.634678659883116,1.0787395216136362,23.54,60.4,283589136.0,0.0,51.2,31,綠,0,False,False,False,False,bull
2025-10-09,27301.92,5551400.0,19.634137106780745,2.713406544905696,1.136373658921872,22.98,56.8,285612707.0,0.0,52.0,31,綠,0,False,False,False,False,bull
2025-10-13,26923.42,4848200.0,17.878505259456947,2.419557660972213,1.1539002716891713,25.65,80.80000000000001,283166811.0,-0.8563680606829583,50.8,31,綠,0,False,False,False,False,bull
2025-10-14,26793.15,6407700.0,17.21776340862691,2.2870505902559337,1.2574150112839977,27.24,88.8,275345144.0,-3.5949251375569924,49.2,31,綠,0,False,False,False,False,bull
2025-10-15,27275.71,4438300.0,19.225165889664623,2.518230888199353,1.2368755354900138,26.21,84.8,280251490.0,-1.8770933045356415,50.8,31,綠,0,False,False,False,False,bull
2025-10-16,27647.87,4657900.0,20.74751314593195,2.6727012433132504,1.2363878487610347,27.33,88.8,285280494.0,-0.1163159032696678,53.2,31,綠,0,False,False,False,False,bull
2025-10-17,27302.37,4488400.0,19.140964841374657,2.407283513328418,1.1822471365549658,30.91,94.0,285198688.0,-0.1449581863316746,52.8,31,綠,0,False,False,False,False,bull
2025-10-20,27688.63,4283400.0,20.720528688914836,2.568990477736595,1.1510890181450335,26.52,85.2,289524473.0,0.0,54.400000000000006,31,綠,0,False,False,False,False,bull
2025-10-21,27752.41,4293000.0,20.89633153674072,2.539417386020965,1.0481921157373868,25.71,78.8,290984087.0,0.0,54.8,31,綠,0,False,False,False,False,bull
2025-10-22,27648.91,3944200.0,20.347451784907943,2.421088716106968,1.0208089666893991,25.46,78.0,292885334.0,0.0,55.2,31,綠,0,False,False,False,False,bull
2025-10-23,27532.26,3819800.0,19.75130198169117,2.2998460797034013,0.9791516742240984,26.04,81.39999999999999,292588808.0,-0.1012430345863613,55.2,31,綠,0,False,False,False,False,bull
2025-10-27,27993.63,4954700.0,21.652568268456857,2.5027463034474553,0.9956525635381072,24.96,74.2,295984232.0,0.0,56.00000000000001,34,黃紅,0,False,False,False,False,bull
2025-10-28,27949.11,5011300.0,21.35583019545358,2.4208703822673354,1.0230721197788293,25.81,80.0,296373285.0,0.0,56.39999999999999,34,黃紅,0,False,False,False,False,bull
2025-10-29,28294.74,5040500.0,22.75406990162272,2.5544673731183964,1.0525675126492926,25.36,77.2,300589167.0,0.0,57.99999999999999,34,黃紅,0,False,False,False,False,bull
2025-10-30,28287.53,5137600.0,22.621819575706148,2.492639844920391,1.1003774087405922,25.87,80.80000000000001,298392447.0,-0.7308047798009966,56.8,34,黃紅,0,False,False,False,False,bull
2025-10-31,28233.35,4459700.0,22.287344251587967,2.410345750927136,1.1243044155262565,25.3,75.6,301750958.0,0.0,58.8,34,黃紅,0,False,False,False,False,bull
2025-11-03,28334.59,3968500.0,22.619628835039656,2.4114347149555915,1.0769948698460954,25.6,77.60000000000001,304336086.0,0.0,59.2,34,黃紅,0,False,False,False,False,D
2025-11-04,28116.56,4218000.0,21.57246711905576,2.2444976917276893,1.0370619992018275,26.15,83.2,300318118.0,-1.3202404134224162,58.4,34,黃紅,0,False,False,False,False,D
2025-11-05,27717.06,4085800.0,19.754596079159786,1.988447413031755,0.9914382804781988,28.48,90.4,302885861.0,-0.4765208815887841,59.599999999999994,34,黃紅,0,False,False,False,False,D
2025-11-06,27899.45,4125700.0,20.44476911430074,2.043154415594108,0.9443691927831852,26.71,85.6,307908099.0,0.0,63.2,34,黃紅,0,False,False,False,False,D
2025-11-07,27651.41,4344700.0,19.27663720551386,1.8739386954450168,0.9374193592122002,28.16,89.60000000000001,307760690.0,-0.0478743496773042,62.8,34,黃紅,0,False,False,False,False,D
2025-11-10,27869.51,4157600.0,20.112789090082583,1.951208228312112,0.9460939315606082,25.46,76.6,310128798.0,0.0,65.60000000000001,34,黃紅,0,False,False,False,False,D
2025-11-11,27784.95,5302400.0,19.64511962971235,1.871076395878287,0.9934794478513764,26.07,82.6,309815189.0,-0.1011221795661814,65.60000000000001,34,黃紅,0,False,False,False,False,D
2025-11-12,27947.09,5291300.0,20.240138199534975,1.9211874139134175,1.0447362106715454,25.26,74.6,312952699.0,0.0,67.2,34,黃紅,0,False,False,False,False,D
2025-11-13,27903.56,6572900.0,19.953830872057495,1.8644981441794304,1.145893816134269,24.75,69.39999999999999,313950396.0,0.0,68.4,34,黃紅,0,False,False,False,False,D
2025-11-14,27397.5,5171300.0,17.69374641651056,1.5737777372946629,1.1809224124771158,26.74,87.2,311008013.0,-0.9372127054109528,66.4,34,黃紅,0,False,False,False,False,D
2025-11-17,27447.31,4781900.0,17.82595536972358,1.5707861331588784,1.2085364658069002,26.1,83.2,311090494.0,-0.910940720711816,66.8,34,黃紅,0,False,False,False,False,D
2025-11-18,26756.12,5433000.0,14.795689550853922,1.1902007580308531,1.2094294165901691,29.04,91.2,306328571.0,-2.4277163198736655,62.8,34,黃紅,0,False,False,False,False,D
2025-11-19,26580.12,4448000.0,13.980900129262666,1.0786107938812255,1.16973676924951,28.05,88.8,306204612.0,-2.467199945815644,62.8,34,黃紅,0,False,False,False,False,D
2025-11-20,27426.36,4862100.0,17.5201533833746,1.4882927782254167,1.0890141548954184,24.42,66.8,309665154.0,-1.3649423777124332,66.0,34,黃紅,0,False,False,False,False,D
2025-11-21,26434.94,4006000.0,13.202624936520088,0.957369700216844,1.0369155021019452,30.35,92.4,303707617.0,-3.2625469279548223,60.0,34,黃紅,0,False,False,False,False,D
2025-11-24,26504.24,6156100.0,13.425775393345113,0.9721081921388596,1.0932491692602135,28.38,89.2,306380271.0,-2.411248750264357,64.0,34,黃紅,0,False,False,False,False,D
2025-11-25,26912.17,3724900.0,15.089383387736929,1.157941573876462,1.0193782992491032,26.87,86.0,311368884.0,-0.8222674769296995,69.19999999999999,35,黃紅,0,False,False,False,False,D
2025-11-26,27409.54,4016500.0,17.1189500409108,1.3865117782080385,1.0006992768766465,24.71,67.60000000000001,311060645.0,-0.9204482736183583,68.8,35,黃紅,0,False,False,False,False,D
2025-11-27,27554.53,3621100.0,17.643861927929265,1.4326547387290811,0.9482669118084368,23.84,61.6,314005988.0,0.0,72.39999999999999,35,黃紅,0,False,False,False,False,D
2025-11-28,27626.48,3953500.0,17.85166399750753,1.4396938322153734,0.9460418936170448,23.93,62.4,317182219.0,0.0,75.2,35,黃紅,0,False,False,False,False,D
2025-12-01,27342.53,3774100.0,16.545167679449342,1.267700200704165,0.8406223831600454,25.16,72.0,319360271.0,0.0,76.0,35,黃紅,0,False,False,False,False,D
2025-12-02,27564.27,4210100.0,17.397042660662297,1.354507075551108,0.8588307211727595,24.28,64.4,319737013.0,0.0,76.4,35,黃紅,0,False,False,False,False,D
2025-12-03,27793.04,3769000.0,18.27376436010505,1.4434221304292103,0.8489948793148699,23.72,58.8,321425021.0,0.0,78.8,35,黃紅,0,False,False,False,False,D
2025-12-04,27795.71,3599700.0,18.18218863077525,1.417475703946647,0.8490995052226498,22.39,45.6,322826443.0,0.0,81.2,35,黃紅,0,False,False,False,False,D
2025-12-05,27980.89,3817000.0,18.85540883166757,1.4840941285534053,0.8443470224169358,21.05,33.800000000000004,322916644.0,0.0,81.6,35,黃紅,0,False,False,False,False,D
2025-12-08,28303.78,4068700.0,20.104419213482768,1.6199410277766186,0.8578473860654798,20.25,26.8,324739391.0,0.0,88.4,35,黃紅,0,False,False,False,False,D
2025-12-09,28182.6,4898300.0,19.47015308856395,1.5330020367876749,0.8868913890643119,20.63,31.0,326884262.0,0.0,93.2,35,黃紅,0,False,False,False,False,D
2025-12-10,28400.73,4773000.0,20.279323286415774,1.614694770563585,0.9323972649527448,20.15,25.6,327694562.0,0.0,94.4,35,黃紅,0,False,False,False,False,D
2025-12-11,28024.75,4248000.0,18.586628145109625,1.398817870943179,0.9613734788632676,20.81,33.2,326671838.0,-0.3120967262190942,92.4,35,黃紅,0,False,False,False,False,bull
2025-12-12,28198.02,4802600.0,19.220080123650284,1.4585052902972904,1.000899570855661,19.66,19.0,329349582.0,0.0,98.4,35,黃紅,0,False,False,False,False,bull
2025-12-15,27866.94,4157000.0,17.72872086620634,1.267862645417337,1.00502573635329,21.46,38.8,331859338.0,0.0,100.0,35,黃紅,0,False,False,False,False,bull
2025-12-16,27536.66,5140200.0,16.24807241201891,1.0805927438453016,1.012924341799025,21.38,38.0,328789479.0,-0.9250482504126492,97.2,35,黃紅,0,False,False,False,False,bull
2025-12-17,27525.17,5499500.0,16.11619602272513,1.0520424869258884,1.0418869974383136,21.2,35.4,332174898.0,0.0,100.0,35,黃紅,0,False,False,False,False,bull
2025-12-18,27468.53,4799900.0,15.792390815543666,1.0014816836226963,1.0708397626666246,21.9,40.400000000000006,332380151.0,0.0,100.0,35,黃紅,0,False,False,False,False,bull
2025-12-19,27696.35,5627700.0,16.658479700261562,1.091201625402305,1.1017692495567502,20.75,31.2,333308741.0,0.0,100.0,35,黃紅,0,False,False,False,False,bull
2025-12-22,28149.64,5026500.0,18.465911418460205,1.2928900578096292,1.1387056255677608,18.5,6.4,335196079.0,0.0,100.0,35,黃紅,0,False,False,False,False,bull
2025-12-23,28310.47,4559700.0,19.03675132542091,1.3481142115092817,1.1123611181758069,17.32,0.8,337588452.0,0.0,100.0,35,黃紅,0,False,False,False,False,bull
2025-12-24,28371.98,4612900.0,19.188494789837534,1.3536264906592776,1.0764656771394143,16.98,0.4,338902814.0,0.0,100.0,35,黃紅,0,False,False,False,False,bull
2025-12-26,28556.02,4511200.0,19.85010128837394,1.4195216713889225,1.0633008724676811,16.5,0.4,340337126.0,0.0,100.0,37,黃紅,0,False,False,False,False,bull
2025-12-29,28810.89,4440500.0,20.805365784337067,1.5174862599740424,1.0083514604076025,17.42,2.4,339886882.0,-0.1322935306211641,99.6,37,黃紅,0,False,False,False,False,bull
2025-12-30,28707.13,5135300.0,20.253820764570836,1.4393416518033622,1.0093968974037022,17.99,4.3999999999999995,341367756.0,0.0,100.0,37,黃紅,0,False,False,False,False,bull
2025-12-31,28963.6,5689400.0,21.197117603845435,1.5391908212437957,1.0532517760728504,18.25,6.0,343409624.0,0.0,100.0,37,黃紅,0,False,False,False,False,bull
2026-01-02,29349.81,5945900.0,22.68495358864625,1.6999607357697826,1.1028853107554577,19.07,12.0,346634298.0,0.0,100.0,37,黃紅,0,False,False,False,False,bull
2026-01-05,30105.04,6274000.0,25.695088322124057,2.034649296207901,1.1719367265910206,21.83,40.0,350948272.0,0.0,100.0,37,黃紅,0,False,False,False,False,bull
2026-01-06,30576.3,6867900.0,27.506054451496748,2.222091400376595,1.264685519800018,21.65,38.8,354549156.0,0.0,100.0,37,黃紅,0,False,False,False,False,bull
2026-01-07,30435.47,8350800.0,26.76677733409669,2.11120837735786,1.386955564572373,21.83,39.8,357058834.0,0.0,100.0,37,黃紅,0,False,False,False,False,bull
2026-01-08,30360.55,8283300.0,26.305640941041116,2.035247549265063,1.4778418258291388,21.28,35.199999999999996,352387558.0,-1.3082650687197397,99.2,37,黃紅,0,False,False,False,False,bull
2026-01-09,30288.96,6518900.0,25.85913715405827,1.963422766580639,1.5009718400723433,21.52,38.0,351492667.0,-1.5588935127705033,98.8,37,黃紅,0,False,False,False,False,bull
2026-01-12,30567.29,5720700.0,26.856859994919542,2.0588595132272487,1.4715865578603249,22.66,50.8,356489999.0,-0.1593112803365061,99.6,37,黃紅,0,False,False,False,False,bull
2026-01-13,30707.22,6687400.0,27.271199352565905,2.08614887881888,1.4540298913293477,23.21,56.00000000000001,355638826.0,-0.3976958038237474,99.2,37,黃紅,0,False,False,False,False,bull
2026-01-14,30941.78,6046100.0,28.072799444525497,2.1572541552135056,1.352615638243931,22.63,49.8,358452806.0,0.0,100.0,37,黃紅,0,False,False,False,False,bull
2026-01-15,30810.58,6569600.0,27.37657391899567,2.055940467769398,1.273050883370834,22.67,50.6,359299228.0,0.0,100.0,37,黃紅,0,False,False,False,False,bull
2026-01-16,31408.7,7323000.0,29.68295083179347,2.294699753610466,1.2923341223943507,21.96,40.0,363391797.0,0.0,100.0,37,黃紅,0,False,False,False,False,bull
2026-01-19,31639.29,7864700.0,30.45766660018675,2.3574471145816145,1.360237283400843,22.32,43.6,369415656.0,0.0,100.0,37,黃紅,0,False,False,False,False,bull
2026-01-20,31759.99,7884000.0,30.768163048490244,2.3678420867638454,1.3888773396527294,21.92,38.4,371225738.0,0.0,100.0,37,黃紅,0,False,False,False,False,bull
2026-01-21,31246.37,8417100.0,28.479149160770945,2.0888170868958977,1.464704280668535,22.97,54.0,367750150.0,-0.9362465056234868,99.2,37,黃紅,0,False,False,False,False,bull
2026-01-22,31746.08,7642300.0,30.335407443723188,2.278386544069133,1.4933867115980373,21.16,29.6,371734427.0,0.0,100.0,37,黃紅,0,False,False,False,False,bull
2026-01-23,31961.51,7178200.0,31.02268779075883,2.333206323448839,1.477813634020358,20.57,23.6,376076978.0,0.0,100.0,37,黃紅,0,False,False,False,False,bull
2026-01-26,32064.52,6470200.0,31.23945037383866,2.33634699141838,1.418980614987981,20.7,25.6,381580658.0,0.0,100.0,38,紅,0,False,False,False,False,bull
2026-01-27,32317.92,7511200.0,32.075669929236675,2.4047445441720097,1.3915513266734567,21.77,36.6,382728015.0,0.0,100.0,38,紅,0,False,False,False,False,bull
2026-01-28,32803.82,7408400.0,33.850154995037485,2.5712545652779917,1.3394817704736917,23.31,56.00000000000001,384920473.0,0.0,100.0,38,紅,0,False,False,False,False,bull
2026-01-29,32536.27,7939900.0,32.557918749605975,2.4029006720131143,1.335171692439352,23.87,61.0,381778070.0,-0.8163772052727369,99.2,38,紅,0,False,False,False,False,bull
2026-01-30,32063.75,8004400.0,30.44649442752187,2.1509318097889336,1.3492737111161908,25.53,75.2,383893252.0,-0.2668657741153716,99.6,38,紅,0,False,False,False,False,bull
2026-02-02,31624.03,6128700.0,28.48822320415995,1.919319704694235,1.32891510395602,28.35,88.8,378848321.0,-1.5775081934911788,98.0,38,紅,0,False,False,False,False,bull
2026-02-03,32195.36,6083600.0,30.60786900808527,2.1337626127550213,1.2710138090745349,25.69,75.6,382125198.0,-0.7261954601204078,98.8,38,紅,0,False,False,False,False,bull
2026-02-04,32289.81,5481900.0,30.789495698400955,2.1366619830303324,1.1974423285430142,27.45,87.2,384045976.0,-0.2271890069094869,99.6,38,紅,0,False,False,False,False,bull
2026-02-05,31801.27,5843100.0,28.6306132325719,1.8864148262460187,1.1210037074529935,28.84,90.2,382917747.0,-0.5202960456717509,98.8,38,紅,0,False,False,False,False,bull
2026-02-06,31782.92,5482300.0,28.38053607061051,1.846073329808425,1.0307842403633487,30.06,92.0,373990690.0,-2.8394912109546326,96.0,38,紅,0,False,False,False,False,bull
2026-02-09,32404.62,4854000.0,30.70325849041058,2.0811847052037495,0.9905464269361528,28.42,88.4,375470000.0,-2.4551754616595827,96.0,38,紅,0,False,False,False,False,bull
2026-02-10,33072.97,4429000.0,33.187998045660386,2.329554269896173,0.9335356944784032,27.79,86.0,372586424.0,-3.2043109850382,95.2,38,紅,0,False,False,False,False,bull
2026-02-11,33605.71,5334200.0,35.110926658137565,2.5114443411496525,0.9267247012216668,29.29,90.8,368046780.0,-4.383682912080387,93.6,38,紅,0,False,False,False,False,bull
2026-02-23,33773.26,6847600.0,35.55601693579438,2.534168304175932,0.9585709885756516,27.38,84.8,372155937.0,-3.316148891877726,94.8,38,紅,0,False,False,False,False,bull
2026-02-24,34700.82,6653800.0,39.0267190715941,2.8686185889886726,0.993746073809582,26.29,79.2,377495245.0,-1.9290291166196296,96.4,38,紅,0,False,False,False,False,bull
2026-02-25,35413.07,8280600.0,41.60208104273536,3.0978163236212195,1.103734139790276,29.09,90.4,383127012.0,-0.4659302702249355,98.8,39,紅,0,False,False,False,False,bull
2026-02-26,35414.49,8684700.0,41.33853874684039,3.028256511872946,1.235778335244772,26.76,81.6,389861168.0,0.0,100.0,39,紅,0,False,False,False,False,C
2026-03-02,35095.09,7852100.0,39.80873665713974,2.833661045635806,1.316269913628532,30.38,92.4,391622964.0,0.0,100.0,39,紅,0,False,False,False,False,C
2026-03-03,34323.65,8829900.0,36.50237559347126,2.465660060389273,1.3644242024641913,32.42,95.6,384358166.0,-1.8550490312922507,98.8,39,紅,0,False,False,False,False,C
2026-03-04,32828.88,7817200.0,30.36407500662207,1.8210938511097456,1.3889186636207116,39.17,97.6,376616380.0,-3.8318958231468776,94.4,39,紅,0,False,False,False,False,C
2026-03-05,33672.94,5789800.0,33.505007500930745,2.1248821397880215,1.2976299775008928,34.06,96.4,379166593.0,-3.1807049496719504,95.2,39,紅,0,False,False,False,False,C
2026-03-06,33599.54,5479700.0,33.002343603047215,2.0576947465745685,1.185897682077579,34.04,96.0,382683605.0,-2.2826442322723444,96.4,39,紅,0,False,False,False,False,C
2026-03-09,32110.42,6749000.0,26.93036743459723,1.428318283010439,1.1399551786523672,41.63,98.4,371960474.0,-5.020770436740783,91.2,39,紅,0,False,False,False,False,C
2026-03-10,32771.87,6268300.0,29.353404682741925,1.6671148689863768,1.049797587619382,36.95,96.8,368236339.0,-5.971719523577274,89.60000000000001,39,紅,0,False,False,False,False,C
2026-03-11,34114.19,5854600.0,34.41691873802942,2.170376514271808,0.9800508969834648,34.6,95.6,376148010.0,-3.95149299773953,93.2,39,紅,0,False,False,False,False,C
2026-03-12,33581.86,7553100.0,32.09404960579182,1.922308699826469,1.0263899932602811,36.82,96.4,379366977.0,-3.12953736798744,94.8,39,紅,0,False,False,False,False,C
2026-03-13,33400.32,6795000.0,31.15702096912076,1.817388518164284,1.0602392719392453,38.19,96.8,385446747.0,-1.577082440957165,99.2,39,紅,0,False,False,False,False,C
2026-03-16,33342.51,6288500.0,30.71503136561563,1.7622683098971743,1.039405579539854,37.0,96.4,392284076.0,0.0,100.0,39,紅,0,False,False,False,False,C
2026-03-17,33836.57,6564400.0,32.42099326266518,1.9262951657482936,1.0442004177673534,34.88,94.4,393467031.0,0.0,100.0,39,紅,0,False,False,False,False,C
2026-03-18,34348.58,7008700.0,34.17749380443112,2.0943168090500204,1.0743347111136468,31.81,90.8,399772079.0,0.0,100.0,39,紅,0,False,False,False,False,C
2026-03-19,33689.68,6675700.0,31.37306603888134,1.800440002087586,1.040171904137906,35.7,94.4,402095986.0,0.0,100.0,39,紅,0,False,False,False,False,C
2026-03-20,33543.88,7825000.0,30.570858051565224,1.7142404953994936,1.063951782719836,34.83,93.6,398591129.0,-0.871646851008356,99.2,39,紅,0,False,False,False,False,C
2026-03-23,32722.5,5505600.0,27.16680973756963,1.3623756997035597,1.036105699274564,39.23,97.2,393333803.0,-2.1791271997428,98.4,39,紅,0,False,False,False,False,C
2026-03-24,32612.24,5184200.0,26.528831985548152,1.2970925547060326,0.9934066905957476,38.46,96.4,390102627.0,-2.982710451628334,97.2,39,紅,0,False,False,False,False,C
2026-03-25,33439.11,4540400.0,29.506369585565224,1.6044718089569014,0.9195223247261954,36.31,94.0,395499028.0,-1.6406425902495827,98.8,41,紅,0,False,False,False,False,C
2026-03-26,33337.62,5141000.0,28.889299034071765,1.5403626109554642,0.871290881706065,36.81,94.4,391136615.0,-2.725560906245903,96.8,41,紅,0,False,False,False,False,C
2026-03-27,33112.59,4967400.0,27.805024634952208,1.4268572792857388,0.78432177748154,36.22,93.2,393722769.0,-2.0823925857344916,98.4,41,紅,0,False,False,False,False,C
2026-03-30,32518.16,5026000.0,25.30645597294749,1.1681550090666506,0.7694774065257054,37.55,95.6,392708646.0,-2.334601768444413,97.2,41,紅,0,False,False,False,False,C
2026-03-31,31722.99,5862700.0,22.066484190522555,0.8284759198271412,0.7878315313084945,37.0,95.0,381724855.0,-5.066235851456622,90.4,41,紅,0,False,False,False,False,C
2026-04-01,33174.82,4716000.0,27.43787323682474,1.3944031907224943,0.7930385918451166,34.85,90.8,384907899.0,-4.2746228757429074,94.0,41,紅,0,False,False,False,False,C
2026-04-02,32572.43,5332000.0,24.922957394936592,1.1303332076639168,0.7972475205371593,36.45,92.8,385200709.0,-4.201801954819813,94.4,41,紅,0,False,False,False,False,C
2026-04-07,33229.82,4475300.0,27.23034802149228,1.3760737354253156,0.7820324164520598,33.62,88.4,387735006.0,-3.5715303061990777,94.8,41,紅,0,False,False,False,False,C
2026-04-08,34761.38,5671700.0,32.840054355931095,1.971697843256898,0.8008016918915514,30.53,84.0,394820817.0,-1.8093115209560937,98.4,41,紅,0,False,False,False,False,C
2026-04-09,34861.16,6586300.0,32.95899104182795,1.9852170357578005,0.8211531204015831,29.35,80.4,396518145.0,-1.3871914155342997,98.8,41,紅,0,False,False,False,False,C
2026-04-10,35417.83,6752000.0,34.79800878522172,2.1823298998338942,0.8817636517370209,27.32,72.8,401240705.0,-0.212705679683159,99.6,41,紅,0,False,False,False,False,C
2026-04-13,35457.29,5566000.0,34.64561050993611,2.172752428785538,0.8905313623651617,29.43,80.4,408651307.0,0.0,100.0,41,紅,0,False,False,False,False,bull
2026-04-14,36296.12,7184600.0,37.51732748212025,2.4808038207017233,0.9727945798968264,27.7,73.6,414955067.0,0.0,100.0,41,紅,0,False,False,False,False,bull
2026-04-15,36722.14,7050400.0,38.806953963443455,2.6170773456063765,1.018402988075101,28.14,74.6,416253785.0,0.0,100.0,41,紅,0,False,False,False,False,bull
2026-04-16,37132.02,6694200.0,39.97743814618907,2.762747231618326,1.0258937855943124,29.53,80.80000000000001,422408757.0,0.0,100.0,41,紅,0,False,False,False,False,bull
2026-04-17,36804.34,6808300.0,38.359454873896446,2.6204430019657483,1.0268668589655634,28.55,77.2,427120349.0,0.0,100.0,41,紅,0,False,False,False,False,bull
2026-04-20,36958.8,6458900.0,38.53250843721855,2.6925998252880188,1.0524020065448652,29.99,82.39999999999999,429830661.0,0.0,100.0,41,紅,0,False,False,False,False,bull
2026-04-21,37605.11,6360500.0,40.56296987927185,2.9464840434377906,1.0279019017338682,30.49,85.2,433163894.0,0.0,100.0,41,紅,0,False,False,False,False,bull
2026-04-22,37878.47,6248000.0,41.19737153771442,3.036560294810907,1.002667528649381,29.52,81.2,438545241.0,0.0,100.0,41,紅,0,False,False,False,False,bull
2026-04-23,37714.15,8516700.0,40.204347458624646,2.943434675846344,1.0535109347610607,32.81,89.8,430827021.0,-1.7599598122192368,99.2,41,紅,0,False,False,False,False,bull
2026-04-24,38932.4,5653800.0,44.3238883870688,3.419135781798457,1.0225029987676788,36.44,94.8,440907083.0,0.0,100.0,41,紅,0,False,False,False,False,bull
2026-04-27,39616.63,5805300.0,46.42289182374858,3.663907968662906,1.0077164045436096,36.46,95.6,452044394.0,0.0,100.0,39,紅,0,False,False,False,False,bull
2026-04-28,39521.73,5020400.0,45.637580966381094,3.5844491245841765,0.973456065224836,35.89,93.6,457109757.0,0.0,100.0,39,紅,0,False,False,False,False,bull
2026-04-29,39303.5,5009300.0,44.40963207686248,3.456552206737025,0.9432080642081216,32.55,89.2,460963803.0,0.0,100.0,39,紅,0,False,False,False,False,bull
2026-04-30,38926.63,5678600.0,42.60951036624891,3.273867111897766,0.8584094470939148,35.16,92.8,460904578.0,-0.0128480803947202,99.6,39,紅,0,False,False,False,False,bull
2026-05-04,40705.14,5642100.0,48.64785837498653,3.990306548482127,0.8615243559553656,,,470393584.0,0.0,100.0,39,紅,0,False,False,False,False,bull
2026-05-05,40769.29,6050000.0,48.42400594958724,3.958675924297997,0.870254331291565,,,475145292.0,0.0,100.0,39,紅,0,False,False,False,False,bull
2026-05-06,41138.85,8107500.0,49.2985015626423,4.054522550979336,0.9667768081382074,,,475648471.0,0.0,100.0,39,紅,0,False,False,False,False,bull
2026-05-07,41933.78,7835100.0,51.697599095903904,4.308595477180349,1.0551947991957746,,,482664170.0,0.0,100.0,39,紅,0,False,False,False,False,bull
2026-05-08,41603.94,7818600.0,50.03610002733833,4.097170573869596,1.1233387145068303,,,477184758.0,-1.1352431650354324,99.6,39,紅,0,False,False,False,False,bull
