trade_date,day_open,day_high,day_low,day_close,volume,day_range,range_pct,direction,oc_pct,MorningEarly_marginal,MorningEarly_pct,MorningLate_marginal,MorningLate_pct,Midday_marginal,Midday_pct,Afternoon_marginal,Afternoon_pct,year,is_potential,day_type
2020-12-31,14678.0,14712.0,14604.0,14678.0,190500.0,108.0,0.7358,UP,0.0,89.0,0.8241,19.0,0.1759,0.0,0.0,0.0,0.0,2020,False,EarlyTrend
2021-01-04,14640.0,14925.0,14635.0,14874.0,272836.0,290.0,1.9809,UP,1.5984,153.0,0.5276,64.0,0.2207,69.0,0.2379,4.0,0.0138,2021,True,EarlyTrend
2021-01-05,14874.0,14980.0,14836.0,14977.0,221168.0,144.0,0.9681,UP,0.6925,89.0,0.6181,16.0,0.1111,4.0,0.0278,35.0,0.2431,2021,False,EarlyTrend
2021-01-06,15048.0,15140.0,14764.0,14911.0,464494.0,376.0,2.4987,DOWN,-0.9104,170.0,0.4521,0.0,0.0,132.0,0.3511,74.0,0.1968,2021,True,Spread
2021-01-07,15050.0,15260.0,15024.0,15230.0,301436.0,236.0,1.5681,UP,1.196,91.0,0.3856,67.0,0.2839,62.0,0.2627,16.0,0.0678,2021,True,Spread
2021-01-08,15376.0,15473.0,15264.0,15454.0,314958.0,209.0,1.3593,UP,0.5073,150.0,0.7177,8.0,0.0383,24.0,0.1148,27.0,0.1292,2021,True,EarlyTrend
2021-01-11,15420.0,15538.0,15369.0,15534.0,276182.0,169.0,1.096,UP,0.7393,127.0,0.7515,14.0,0.0828,0.0,0.0,28.0,0.1657,2021,True,EarlyTrend
2021-01-12,15517.0,15605.0,15407.0,15493.0,348336.0,198.0,1.276,DOWN,-0.1547,139.0,0.702,0.0,0.0,47.0,0.2374,12.0,0.0606,2021,True,EarlyTrend
2021-01-13,15557.0,15790.0,15555.0,15764.0,308414.0,235.0,1.5106,UP,1.3306,149.0,0.634,51.0,0.217,11.0,0.0468,24.0,0.1021,2021,True,EarlyTrend
2021-01-14,15705.0,15766.0,15632.0,15729.0,239816.0,134.0,0.8532,UP,0.1528,98.0,0.7313,0.0,0.0,19.0,0.1418,17.0,0.1269,2021,False,EarlyTrend
2021-01-15,15950.0,16002.0,15584.0,15634.0,447734.0,418.0,2.6207,DOWN,-1.9812,246.0,0.5885,0.0,0.0,9.0,0.0215,163.0,0.39,2021,True,EarlyTrend
2021-01-18,15637.0,15679.0,15327.0,15606.0,355560.0,352.0,2.2511,DOWN,-0.1982,352.0,1.0,0.0,0.0,0.0,0.0,0.0,0.0,2021,True,EarlyTrend
2021-01-19,15714.0,15946.0,15710.0,15888.0,294664.0,236.0,1.5018,UP,1.1073,120.0,0.5085,12.0,0.0508,28.0,0.1186,76.0,0.322,2021,True,EarlyTrend
2021-01-20,15899.0,15964.0,15735.0,15766.0,237836.0,229.0,1.4403,DOWN,-0.8365,148.0,0.6463,0.0,0.0,46.0,0.2009,35.0,0.1528,2021,True,EarlyTrend
2021-01-21,15803.0,16183.0,15769.0,16129.0,462058.0,414.0,2.6198,UP,2.0629,257.0,0.6208,86.0,0.2077,71.0,0.1715,0.0,0.0,2021,True,EarlyTrend
2021-01-22,16051.0,16085.0,15928.0,15984.0,321936.0,157.0,0.9781,DOWN,-0.4174,111.0,0.707,10.0,0.0637,36.0,0.2293,0.0,0.0,2021,False,EarlyTrend
2021-01-25,15956.0,16004.0,15719.0,15912.0,335450.0,285.0,1.7862,DOWN,-0.2758,285.0,1.0,0.0,0.0,0.0,0.0,0.0,0.0,2021,True,EarlyTrend
2021-01-26,15865.0,15974.0,15537.0,15626.0,457352.0,437.0,2.7545,DOWN,-1.5065,131.0,0.2998,169.0,0.3867,45.0,0.103,92.0,0.2105,2021,True,Spread
2021-01-27,15725.0,15814.0,15585.0,15660.0,366468.0,229.0,1.4563,DOWN,-0.4134,133.0,0.5808,82.0,0.3581,14.0,0.0611,0.0,0.0,2021,True,EarlyTrend
2021-01-28,15411.0,15524.0,15305.0,15383.0,403804.0,219.0,1.4211,DOWN,-0.1817,188.0,0.8584,21.0,0.0959,10.0,0.0457,0.0,0.0,2021,True,EarlyTrend
2021-01-29,15498.0,15539.0,15063.0,15075.0,406378.0,476.0,3.0714,DOWN,-2.7294,117.0,0.2458,95.0,0.1996,55.0,0.1155,209.0,0.4391,2021,True,Afternoon
2021-02-01,15156.0,15398.0,15090.0,15360.0,328122.0,308.0,2.0322,UP,1.346,158.0,0.513,19.0,0.0617,106.0,0.3442,25.0,0.0812,2021,True,EarlyTrend
2021-02-02,15469.0,15820.0,15459.0,15755.0,350478.0,361.0,2.3337,UP,1.8489,314.0,0.8698,22.0,0.0609,25.0,0.0693,0.0,0.0,2021,True,EarlyTrend
2021-02-03,15864.0,15875.0,15716.0,15772.0,281598.0,159.0,1.0023,DOWN,-0.5799,159.0,1.0,0.0,0.0,0.0,0.0,0.0,0.0,2021,True,EarlyTrend
2021-02-04,15721.0,15777.0,15542.0,15701.0,318724.0,235.0,1.4948,DOWN,-0.1272,204.0,0.8681,31.0,0.1319,0.0,0.0,0.0,0.0,2021,True,EarlyTrend
2021-02-05,15809.0,15984.0,15751.0,15804.0,317422.0,233.0,1.4738,DOWN,-0.0316,188.0,0.8069,45.0,0.1931,0.0,0.0,0.0,0.0,2021,True,EarlyTrend
2021-02-17,16261.0,16433.0,16179.0,16326.0,195658.0,254.0,1.562,UP,0.3997,220.0,0.8661,0.0,0.0,34.0,0.1339,0.0,0.0,2021,True,EarlyTrend
2021-02-18,16374.0,16525.0,16287.0,16380.0,305298.0,238.0,1.4535,UP,0.0366,95.0,0.3992,116.0,0.4874,27.0,0.1134,0.0,0.0,2021,True,LateTrend
2021-02-19,16301.0,16328.0,16130.0,16314.0,305314.0,198.0,1.2146,UP,0.0797,132.0,0.6667,66.0,0.3333,0.0,0.0,0.0,0.0,2021,True,EarlyTrend
2021-02-22,16480.0,16564.0,16336.0,16385.0,302426.0,228.0,1.3835,DOWN,-0.5765,157.0,0.6886,71.0,0.3114,0.0,0.0,0.0,0.0,2021,True,EarlyTrend
2021-02-23,16223.0,16451.0,16182.0,16437.0,272430.0,269.0,1.6581,UP,1.3191,173.0,0.6431,68.0,0.2528,0.0,0.0,28.0,0.1041,2021,True,EarlyTrend
2021-02-24,16300.0,16435.0,16133.0,16182.0,357928.0,302.0,1.8528,DOWN,-0.7239,154.0,0.5099,22.0,0.0728,49.0,0.1623,77.0,0.255,2021,True,EarlyTrend
2021-02-25,16388.0,16422.0,16243.0,16388.0,267820.0,179.0,1.0923,UP,0.0,149.0,0.8324,9.0,0.0503,21.0,0.1173,0.0,0.0,2021,True,EarlyTrend
2021-02-26,16037.0,16118.0,15852.0,15935.0,394922.0,266.0,1.6587,DOWN,-0.636,266.0,1.0,0.0,0.0,0.0,0.0,0.0,0.0,2021,True,EarlyTrend
2021-03-02,16249.0,16277.0,15868.0,15907.0,292338.0,409.0,2.5171,DOWN,-2.1047,177.0,0.4328,56.0,0.1369,11.0,0.0269,165.0,0.4034,2021,True,Afternoon
2021-03-03,16000.0,16196.0,15885.0,16181.0,303846.0,311.0,1.9438,UP,1.1312,145.0,0.4662,48.0,0.1543,69.0,0.2219,49.0,0.1576,2021,True,Spread
2021-03-04,16025.0,16066.0,15756.0,15925.0,396912.0,310.0,1.9345,DOWN,-0.624,168.0,0.5419,95.0,0.3065,14.0,0.0452,33.0,0.1065,2021,True,EarlyTrend
2021-03-05,15601.0,15914.0,15570.0,15855.0,336104.0,344.0,2.205,UP,1.6281,235.0,0.6831,53.0,0.1541,56.0,0.1628,0.0,0.0,2021,True,EarlyTrend
2021-03-08,15950.0,16095.0,15767.0,15816.0,350430.0,328.0,2.0564,DOWN,-0.8401,168.0,0.5122,75.0,0.2287,38.0,0.1159,47.0,0.1433,2021,True,EarlyTrend
2021-03-09,15810.0,15848.0,15608.0,15822.0,341338.0,240.0,1.518,UP,0.0759,217.0,0.9042,0.0,0.0,23.0,0.0958,0.0,0.0,2021,True,EarlyTrend
2021-03-10,15977.0,15986.0,15808.0,15883.0,271002.0,178.0,1.1141,DOWN,-0.5883,135.0,0.7584,43.0,0.2416,0.0,0.0,0.0,0.0,2021,True,EarlyTrend
2021-03-11,15951.0,16214.0,15942.0,16174.0,268170.0,272.0,1.7052,UP,1.398,246.0,0.9044,14.0,0.0515,12.0,0.0441,0.0,0.0,2021,True,EarlyTrend
2021-03-12,16276.0,16288.0,16155.0,16222.0,222760.0,133.0,0.8172,DOWN,-0.3318,108.0,0.812,25.0,0.188,0.0,0.0,0.0,0.0,2021,False,EarlyTrend
2021-03-15,16206.0,16249.0,16142.0,16200.0,208808.0,107.0,0.6602,DOWN,-0.037,107.0,1.0,0.0,0.0,0.0,0.0,0.0,0.0,2021,False,EarlyTrend
2021-03-16,16250.0,16348.0,16213.0,16305.0,217978.0,135.0,0.8308,UP,0.3385,81.0,0.6,1.0,0.0074,44.0,0.3259,9.0,0.0667,2021,False,EarlyTrend
2021-03-17,16304.0,16336.0,16161.0,16176.0,141550.0,175.0,1.0734,DOWN,-0.7851,69.0,0.3943,12.0,0.0686,7.0,0.04,87.0,0.4971,2021,True,Afternoon
2021-03-18,16255.0,16401.0,16220.0,16239.0,277214.0,181.0,1.1135,DOWN,-0.0984,152.0,0.8398,0.0,0.0,0.0,0.0,29.0,0.1602,2021,True,EarlyTrend
2021-03-19,16100.0,16110.0,15953.0,16012.0,299318.0,157.0,0.9752,DOWN,-0.5466,121.0,0.7707,32.0,0.2038,4.0,0.0255,0.0,0.0,2021,False,EarlyTrend
2021-03-22,16018.0,16174.0,15911.0,16140.0,268972.0,263.0,1.6419,UP,0.7616,231.0,0.8783,0.0,0.0,0.0,0.0,32.0,0.1217,2021,True,EarlyTrend
2021-03-23,16223.0,16277.0,16103.0,16120.0,233742.0,174.0,1.0726,DOWN,-0.6349,91.0,0.523,55.0,0.3161,0.0,0.0,28.0,0.1609,2021,True,EarlyTrend
2021-03-24,16019.0,16062.0,15939.0,15983.0,263262.0,123.0,0.7678,DOWN,-0.2247,86.0,0.6992,22.0,0.1789,11.0,0.0894,4.0,0.0325,2021,False,EarlyTrend
2021-03-25,15890.0,16090.0,15870.0,16032.0,272514.0,220.0,1.3845,UP,0.8936,106.0,0.4818,114.0,0.5182,0.0,0.0,0.0,0.0,2021,True,LateTrend
2021-03-26,16095.0,16293.0,16081.0,16288.0,247380.0,212.0,1.3172,UP,1.1991,122.0,0.5755,39.0,0.184,20.0,0.0943,31.0,0.1462,2021,True,EarlyTrend
2021-03-29,16370.0,16485.0,16350.0,16411.0,224040.0,135.0,0.8247,UP,0.2505,85.0,0.6296,39.0,0.2889,11.0,0.0815,0.0,0.0,2021,False,EarlyTrend
2021-03-30,16469.0,16531.0,16418.0,16519.0,201522.0,113.0,0.6861,UP,0.3036,74.0,0.6549,39.0,0.3451,0.0,0.0,0.0,0.0,2021,False,EarlyTrend
2021-03-31,16540.0,16549.0,16403.0,16422.0,207430.0,146.0,0.8827,DOWN,-0.7134,64.0,0.4384,61.0,0.4178,21.0,0.1438,0.0,0.0,2021,False,LateTrend
2021-04-01,16535.0,16587.0,16452.0,16551.0,229620.0,135.0,0.8164,UP,0.0968,85.0,0.6296,50.0,0.3704,0.0,0.0,0.0,0.0,2021,False,EarlyTrend
2021-04-06,16760.0,16840.0,16697.0,16731.0,207058.0,143.0,0.8532,DOWN,-0.173,135.0,0.9441,0.0,0.0,8.0,0.0559,0.0,0.0,2021,False,EarlyTrend
2021-04-07,16777.0,16788.0,16673.0,16768.0,185990.0,115.0,0.6855,DOWN,-0.0536,93.0,0.8087,9.0,0.0783,10.0,0.087,3.0,0.0261,2021,False,EarlyTrend
2021-04-08,16715.0,16930.0,16687.0,16930.0,222304.0,243.0,1.4538,UP,1.2863,139.0,0.572,44.0,0.1811,28.0,0.1152,32.0,0.1317,2021,True,EarlyTrend
2021-04-09,16952.0,16971.0,16810.0,16841.0,205178.0,161.0,0.9497,DOWN,-0.6548,158.0,0.9814,3.0,0.0186,0.0,0.0,0.0,0.0,2021,False,EarlyTrend
2021-04-12,16895.0,16965.0,16760.0,16834.0,225590.0,205.0,1.2134,DOWN,-0.3611,93.0,0.4537,112.0,0.5463,0.0,0.0,0.0,0.0,2021,True,LateTrend
2021-04-13,16910.0,17046.0,16780.0,16795.0,299920.0,266.0,1.573,DOWN,-0.6801,120.0,0.4511,36.0,0.1353,0.0,0.0,110.0,0.4135,2021,True,Afternoon
2021-04-14,16860.0,16917.0,16592.0,16856.0,369630.0,325.0,1.9276,DOWN,-0.0237,156.0,0.48,91.0,0.28,78.0,0.24,0.0,0.0,2021,True,Spread
2021-04-15,16881.0,17074.0,16852.0,17071.0,262854.0,222.0,1.3151,UP,1.1255,97.0,0.4369,0.0,0.0,42.0,0.1892,83.0,0.3739,2021,True,Spread
2021-04-16,17062.0,17160.0,16990.0,17158.0,247478.0,170.0,0.9964,UP,0.5627,88.0,0.5176,15.0,0.0882,5.0,0.0294,62.0,0.3647,2021,False,EarlyTrend
2021-04-19,17118.0,17296.0,17111.0,17271.0,207386.0,185.0,1.0807,UP,0.8938,116.0,0.627,20.0,0.1081,8.0,0.0432,41.0,0.2216,2021,True,EarlyTrend
2021-04-20,17238.0,17324.0,17206.0,17319.0,198094.0,118.0,0.6845,UP,0.4699,93.0,0.7881,0.0,0.0,15.0,0.1271,10.0,0.0847,2021,False,EarlyTrend
2021-04-21,17225.0,17270.0,17150.0,17231.0,164562.0,120.0,0.6967,UP,0.0348,103.0,0.8583,5.0,0.0417,2.0,0.0167,10.0,0.0833,2021,False,EarlyTrend
2021-04-22,17258.0,17369.0,17053.0,17109.0,379262.0,316.0,1.831,DOWN,-0.8634,141.0,0.4462,8.0,0.0253,0.0,0.0,167.0,0.5285,2021,True,Afternoon
2021-04-23,17061.0,17260.0,17041.0,17257.0,245334.0,219.0,1.2836,UP,1.1488,115.0,0.5251,42.0,0.1918,30.0,0.137,32.0,0.1461,2021,True,EarlyTrend
2021-04-26,17337.0,17536.0,17323.0,17530.0,256180.0,213.0,1.2286,UP,1.1132,133.0,0.6244,0.0,0.0,26.0,0.1221,54.0,0.2535,2021,True,EarlyTrend
2021-04-27,17532.0,17576.0,17460.0,17571.0,240802.0,116.0,0.6616,UP,0.2225,80.0,0.6897,15.0,0.1293,8.0,0.069,13.0,0.1121,2021,False,EarlyTrend
2021-04-28,17548.0,17563.0,17475.0,17533.0,203878.0,88.0,0.5015,DOWN,-0.0855,51.0,0.5795,37.0,0.4205,0.0,0.0,0.0,0.0,2021,False,EarlyTrend
2021-04-29,17578.0,17702.0,17531.0,17571.0,300538.0,171.0,0.9728,DOWN,-0.0398,116.0,0.6784,11.0,0.0643,26.0,0.152,18.0,0.1053,2021,False,EarlyTrend
2021-05-03,17501.0,17534.0,17226.0,17253.0,368286.0,308.0,1.7599,DOWN,-1.4171,267.0,0.8669,17.0,0.0552,0.0,0.0,24.0,0.0779,2021,True,EarlyTrend
2021-05-04,17271.0,17309.0,16668.0,16933.0,485642.0,641.0,3.7114,DOWN,-1.957,287.0,0.4477,354.0,0.5523,0.0,0.0,0.0,0.0,2021,True,LateTrend
2021-05-05,16847.0,17020.0,16756.0,16769.0,313740.0,264.0,1.567,DOWN,-0.463,166.0,0.6288,13.0,0.0492,0.0,0.0,85.0,0.322,2021,True,EarlyTrend
2021-05-06,16884.0,17081.0,16700.0,16944.0,394702.0,381.0,2.2566,UP,0.3554,198.0,0.5197,0.0,0.0,183.0,0.4803,0.0,0.0,2021,True,EarlyTrend
2021-05-07,17120.0,17288.0,17060.0,17287.0,284440.0,228.0,1.3318,UP,0.9755,157.0,0.6886,0.0,0.0,10.0,0.0439,61.0,0.2675,2021,True,EarlyTrend
2021-05-10,17369.0,17373.0,17178.0,17228.0,250150.0,195.0,1.1227,DOWN,-0.8118,195.0,1.0,0.0,0.0,0.0,0.0,0.0,0.0,2021,True,EarlyTrend
2021-05-11,16968.0,16970.0,16425.0,16556.0,489404.0,545.0,3.2119,DOWN,-2.4281,235.0,0.4312,77.0,0.1413,7.0,0.0128,226.0,0.4147,2021,True,Afternoon
2021-05-12,16503.0,16531.0,15027.0,15692.0,731598.0,1504.0,9.1135,DOWN,-4.9143,309.0,0.2055,520.0,0.3457,675.0,0.4488,0.0,0.0,2021,True,Spread
2021-05-13,15538.0,15991.0,15348.0,15566.0,467128.0,643.0,4.1382,UP,0.1802,568.0,0.8834,0.0,0.0,75.0,0.1166,0.0,0.0,2021,True,EarlyTrend
2021-05-14,15800.0,16021.0,15653.0,15772.0,429392.0,368.0,2.3291,DOWN,-0.1772,250.0,0.6793,101.0,0.2745,0.0,0.0,17.0,0.0462,2021,True,EarlyTrend
2021-05-17,15183.0,15735.0,15096.0,15263.0,512942.0,639.0,4.2087,UP,0.5269,639.0,1.0,0.0,0.0,0.0,0.0,0.0,0.0,2021,True,EarlyTrend
2021-05-18,15563.0,16180.0,15501.0,16147.0,406258.0,679.0,4.3629,UP,3.7525,486.0,0.7158,60.0,0.0884,133.0,0.1959,0.0,0.0,2021,True,EarlyTrend
2021-05-19,16122.0,16248.0,15979.0,16138.0,229094.0,269.0,1.6685,UP,0.0992,245.0,0.9108,14.0,0.052,10.0,0.0372,0.0,0.0,2021,True,EarlyTrend
2021-05-20,16078.0,16113.0,15854.0,15981.0,315326.0,259.0,1.6109,DOWN,-0.6033,198.0,0.7645,61.0,0.2355,0.0,0.0,0.0,0.0,2021,True,EarlyTrend
2021-05-21,16222.0,16425.0,16072.0,16257.0,366738.0,353.0,2.1761,UP,0.2158,282.0,0.7989,71.0,0.2011,0.0,0.0,0.0,0.0,2021,True,EarlyTrend
2021-05-24,16079.0,16368.0,16069.0,16294.0,276554.0,299.0,1.8596,UP,1.3371,204.0,0.6823,15.0,0.0502,80.0,0.2676,0.0,0.0,2021,True,EarlyTrend
2021-05-25,16463.0,16623.0,16425.0,16585.0,288406.0,198.0,1.2027,UP,0.7411,179.0,0.904,0.0,0.0,19.0,0.096,0.0,0.0,2021,True,EarlyTrend
2021-05-26,16616.0,16664.0,16504.0,16616.0,209062.0,160.0,0.9629,UP,0.0,112.0,0.7,48.0,0.3,0.0,0.0,0.0,0.0,2021,False,EarlyTrend
2021-05-27,16593.0,16595.0,16219.0,16534.0,300142.0,376.0,2.266,DOWN,-0.3556,376.0,1.0,0.0,0.0,0.0,0.0,0.0,0.0,2021,True,EarlyTrend
2021-05-28,16731.0,16878.0,16673.0,16863.0,248280.0,205.0,1.2253,UP,0.789,162.0,0.7902,15.0,0.0732,23.0,0.1122,5.0,0.0244,2021,True,EarlyTrend
2021-05-31,16891.0,17098.0,16884.0,17013.0,286850.0,214.0,1.2669,UP,0.7223,146.0,0.6822,54.0,0.2523,14.0,0.0654,0.0,0.0,2021,True,EarlyTrend
2021-06-01,17050.0,17148.0,17015.0,17130.0,230228.0,133.0,0.7801,UP,0.4692,124.0,0.9323,9.0,0.0677,0.0,0.0,0.0,0.0,2021,False,EarlyTrend
2021-06-02,17171.0,17198.0,17016.0,17098.0,240456.0,182.0,1.0599,DOWN,-0.4251,94.0,0.5165,0.0,0.0,88.0,0.4835,0.0,0.0,2021,True,EarlyTrend
2021-06-03,17253.0,17313.0,17147.0,17230.0,259332.0,166.0,0.9622,DOWN,-0.1333,81.0,0.488,67.0,0.4036,18.0,0.1084,0.0,0.0,2021,False,LateTrend
2021-06-04,17051.0,17159.0,17025.0,17100.0,216480.0,134.0,0.7859,UP,0.2874,112.0,0.8358,17.0,0.1269,5.0,0.0373,0.0,0.0,2021,False,EarlyTrend
2021-06-07,17212.0,17229.0,16719.0,17090.0,351354.0,510.0,2.963,DOWN,-0.7088,510.0,1.0,0.0,0.0,0.0,0.0,0.0,0.0,2021,True,EarlyTrend
2021-06-08,17190.0,17198.0,17030.0,17090.0,204332.0,168.0,0.9773,DOWN,-0.5817,118.0,0.7024,47.0,0.2798,3.0,0.0179,0.0,0.0,2021,False,EarlyTrend
2021-06-09,16997.0,17073.0,16889.0,16963.0,239820.0,184.0,1.0825,DOWN,-0.2,118.0,0.6413,15.0,0.0815,15.0,0.0815,36.0,0.1957,2021,True,EarlyTrend
2021-06-10,17035.0,17175.0,16992.0,17159.0,251246.0,183.0,1.0743,UP,0.7279,173.0,0.9454,0.0,0.0,0.0,0.0,10.0,0.0546,2021,True,EarlyTrend
2021-06-11,17189.0,17298.0,17189.0,17219.0,203584.0,109.0,0.6341,UP,0.1745,109.0,1.0,0.0,0.0,0.0,0.0,0.0,0.0,2021,False,EarlyTrend
2021-06-15,17322.0,17402.0,17276.0,17398.0,191934.0,126.0,0.7274,UP,0.4387,80.0,0.6349,17.0,0.1349,19.0,0.1508,10.0,0.0794,2021,False,EarlyTrend
2021-06-16,17324.0,17398.0,17033.0,17345.0,133032.0,365.0,2.1069,UP,0.1212,78.0,0.2137,6.0,0.0164,0.0,0.0,281.0,0.7699,2021,True,Afternoon
2021-06-17,17070.0,17298.0,17039.0,17297.0,202886.0,259.0,1.5173,UP,1.3298,99.0,0.3822,52.0,0.2008,16.0,0.0618,92.0,0.3552,2021,True,Spread
2021-06-18,17315.0,17332.0,17212.0,17252.0,192180.0,120.0,0.693,DOWN,-0.3638,120.0,1.0,0.0,0.0,0.0,0.0,0.0,0.0,2021,False,EarlyTrend
2021-06-21,17048.0,17149.0,16891.0,16962.0,283972.0,258.0,1.5134,DOWN,-0.5045,238.0,0.9225,8.0,0.031,12.0,0.0465,0.0,0.0,2021,True,EarlyTrend
2021-06-22,17155.0,17180.0,16988.0,17028.0,200144.0,192.0,1.1192,DOWN,-0.7403,149.0,0.776,30.0,0.1562,0.0,0.0,13.0,0.0677,2021,True,EarlyTrend
2021-06-23,17100.0,17319.0,17059.0,17272.0,253974.0,260.0,1.5205,UP,1.0058,185.0,0.7115,14.0,0.0538,0.0,0.0,61.0,0.2346,2021,True,EarlyTrend
2021-06-24,17298.0,17398.0,17261.0,17336.0,184936.0,137.0,0.792,UP,0.2197,121.0,0.8832,16.0,0.1168,0.0,0.0,0.0,0.0,2021,False,EarlyTrend
2021-06-25,17438.0,17562.0,17377.0,17419.0,227494.0,185.0,1.0609,DOWN,-0.109,131.0,0.7081,6.0,0.0324,5.0,0.027,43.0,0.2324,2021,True,EarlyTrend
2021-06-28,17484.0,17560.0,17398.0,17535.0,162594.0,162.0,0.9266,UP,0.2917,92.0,0.5679,65.0,0.4012,5.0,0.0309,0.0,0.0,2021,False,EarlyTrend
2021-06-29,17595.0,17623.0,17451.0,17529.0,229662.0,172.0,0.9776,DOWN,-0.3751,167.0,0.9709,0.0,0.0,5.0,0.0291,0.0,0.0,2021,False,EarlyTrend
2021-06-30,17610.0,17766.0,17583.0,17715.0,208738.0,183.0,1.0392,UP,0.5963,133.0,0.7268,43.0,0.235,0.0,0.0,7.0,0.0383,2021,True,EarlyTrend
2021-07-01,17678.0,17774.0,17555.0,17646.0,245360.0,219.0,1.2388,DOWN,-0.181,63.0,0.2877,56.0,0.2557,100.0,0.4566,0.0,0.0,2021,True,Spread
2021-07-02,17651.0,17724.0,17588.0,17653.0,202900.0,136.0,0.7705,UP,0.0113,99.0,0.7279,22.0,0.1618,2.0,0.0147,13.0,0.0956,2021,False,EarlyTrend
2021-07-05,17755.0,17920.0,17742.0,17898.0,215304.0,178.0,1.0025,UP,0.8054,158.0,0.8876,15.0,0.0843,3.0,0.0169,2.0,0.0112,2021,True,EarlyTrend
2021-07-06,17956.0,17974.0,17858.0,17878.0,168804.0,116.0,0.646,DOWN,-0.4344,116.0,1.0,0.0,0.0,0.0,0.0,0.0,0.0,2021,False,EarlyTrend
2021-07-07,17821.0,17906.0,17715.0,17830.0,218734.0,191.0,1.0718,UP,0.0505,109.0,0.5707,27.0,0.1414,0.0,0.0,55.0,0.288,2021,True,EarlyTrend
2021-07-08,17876.0,17897.0,17694.0,17825.0,231934.0,203.0,1.1356,DOWN,-0.2853,159.0,0.7833,44.0,0.2167,0.0,0.0,0.0,0.0,2021,True,EarlyTrend
2021-07-09,17662.0,17700.0,17526.0,17658.0,275806.0,174.0,0.9852,DOWN,-0.0226,148.0,0.8506,26.0,0.1494,0.0,0.0,0.0,0.0,2021,False,EarlyTrend
2021-07-12,17848.0,17960.0,17770.0,17824.0,255282.0,190.0,1.0645,DOWN,-0.1345,125.0,0.6579,15.0,0.0789,50.0,0.2632,0.0,0.0,2021,True,EarlyTrend
2021-07-13,17958.0,18030.0,17824.0,17869.0,246372.0,206.0,1.1471,DOWN,-0.4956,90.0,0.4369,11.0,0.0534,28.0,0.1359,77.0,0.3738,2021,True,Spread
2021-07-14,17846.0,17924.0,17748.0,17874.0,239832.0,176.0,0.9862,UP,0.1569,149.0,0.8466,27.0,0.1534,0.0,0.0,0.0,0.0,2021,False,EarlyTrend
2021-07-15,17919.0,18046.0,17868.0,18022.0,204940.0,178.0,0.9934,UP,0.5748,94.0,0.5281,0.0,0.0,33.0,0.1854,51.0,0.2865,2021,False,EarlyTrend
2021-07-16,17826.0,17928.0,17772.0,17925.0,216608.0,156.0,0.8751,UP,0.5554,95.0,0.609,28.0,0.1795,13.0,0.0833,20.0,0.1282,2021,False,EarlyTrend
2021-07-19,17717.0,17813.0,17647.0,17794.0,248076.0,166.0,0.937,UP,0.4346,120.0,0.7229,8.0,0.0482,3.0,0.0181,35.0,0.2108,2021,False,EarlyTrend
2021-07-20,17680.0,17716.0,17478.0,17558.0,266996.0,238.0,1.3462,DOWN,-0.69,135.0,0.5672,0.0,0.0,57.0,0.2395,46.0,0.1933,2021,True,EarlyTrend
2021-07-21,17655.0,17674.0,17376.0,17430.0,170964.0,298.0,1.6879,DOWN,-1.2744,143.0,0.4799,58.0,0.1946,29.0,0.0973,68.0,0.2282,2021,True,Spread
2021-07-22,17441.0,17525.0,17347.0,17407.0,248582.0,178.0,1.0206,DOWN,-0.1949,118.0,0.6629,4.0,0.0225,0.0,0.0,56.0,0.3146,2021,True,EarlyTrend
2021-07-23,17486.0,17559.0,17380.0,17407.0,231708.0,179.0,1.0237,DOWN,-0.4518,97.0,0.5419,58.0,0.324,14.0,0.0782,10.0,0.0559,2021,True,EarlyTrend
2021-07-26,17473.0,17479.0,17197.0,17202.0,217164.0,282.0,1.6139,DOWN,-1.551,129.0,0.4574,73.0,0.2589,8.0,0.0284,72.0,0.2553,2021,True,Spread
2021-07-27,17322.0,17348.0,17153.0,17173.0,236536.0,195.0,1.1257,DOWN,-0.8602,112.0,0.5744,51.0,0.2615,9.0,0.0462,23.0,0.1179,2021,True,EarlyTrend
2021-07-28,17062.0,17136.0,16733.0,16965.0,406846.0,403.0,2.362,DOWN,-0.5685,403.0,1.0,0.0,0.0,0.0,0.0,0.0,0.0,2021,True,EarlyTrend
2021-07-29,17136.0,17332.0,17068.0,17331.0,246028.0,264.0,1.5406,UP,1.138,128.0,0.4848,18.0,0.0682,13.0,0.0492,105.0,0.3977,2021,True,Spread
2021-07-30,17285.0,17299.0,17126.0,17173.0,233012.0,173.0,1.0009,DOWN,-0.648,83.0,0.4798,10.0,0.0578,0.0,0.0,80.0,0.4624,2021,True,Afternoon
2021-08-02,17313.0,17470.0,17160.0,17470.0,262428.0,310.0,1.7906,UP,0.9068,123.0,0.3968,75.0,0.2419,0.0,0.0,112.0,0.3613,2021,True,Spread
2021-08-03,17426.0,17496.0,17361.0,17484.0,190376.0,135.0,0.7747,UP,0.3328,77.0,0.5704,24.0,0.1778,0.0,0.0,34.0,0.2519,2021,False,EarlyTrend
2021-08-04,17491.0,17586.0,17464.0,17571.0,178122.0,122.0,0.6975,UP,0.4574,79.0,0.6475,38.0,0.3115,0.0,0.0,5.0,0.041,2021,False,EarlyTrend
2021-08-05,17570.0,17584.0,17520.0,17542.0,130924.0,64.0,0.3643,DOWN,-0.1594,60.0,0.9375,4.0,0.0625,0.0,0.0,0.0,0.0,2021,False,EarlyTrend
2021-08-06,17555.0,17560.0,17353.0,17437.0,220144.0,207.0,1.1792,DOWN,-0.6722,207.0,1.0,0.0,0.0,0.0,0.0,0.0,0.0,2021,True,EarlyTrend
2021-08-09,17438.0,17448.0,17235.0,17404.0,248944.0,213.0,1.2215,DOWN,-0.195,203.0,0.9531,0.0,0.0,10.0,0.0469,0.0,0.0,2021,True,EarlyTrend
2021-08-10,17396.0,17443.0,17259.0,17299.0,218066.0,184.0,1.0577,DOWN,-0.5576,165.0,0.8967,7.0,0.038,0.0,0.0,12.0,0.0652,2021,True,EarlyTrend
2021-08-11,17217.0,17298.0,17078.0,17171.0,281812.0,220.0,1.2778,DOWN,-0.2672,119.0,0.5409,29.0,0.1318,28.0,0.1273,44.0,0.2,2021,True,EarlyTrend
2021-08-12,17207.0,17235.0,17125.0,17157.0,182776.0,110.0,0.6393,DOWN,-0.2906,84.0,0.7636,26.0,0.2364,0.0,0.0,0.0,0.0,2021,False,EarlyTrend
2021-08-13,17185.0,17190.0,16934.0,16934.0,297792.0,256.0,1.4897,DOWN,-1.4606,217.0,0.8477,0.0,0.0,6.0,0.0234,33.0,0.1289,2021,True,EarlyTrend
2021-08-16,16829.0,16936.0,16750.0,16772.0,269124.0,186.0,1.1052,DOWN,-0.3387,155.0,0.8333,28.0,0.1505,3.0,0.0161,0.0,0.0,2021,True,EarlyTrend
2021-08-17,16850.0,16873.0,16575.0,16580.0,235070.0,298.0,1.7685,DOWN,-1.6024,99.0,0.3322,8.0,0.0268,56.0,0.1879,135.0,0.453,2021,True,Afternoon
2021-08-18,16440.0,16796.0,16389.0,16784.0,201800.0,407.0,2.4757,UP,2.0925,148.0,0.3636,116.0,0.285,42.0,0.1032,101.0,0.2482,2021,True,Spread
2021-08-19,16611.0,16648.0,16256.0,16329.0,393224.0,392.0,2.3599,DOWN,-1.6977,189.0,0.4821,121.0,0.3087,18.0,0.0459,64.0,0.1633,2021,True,Spread
2021-08-20,16297.0,16426.0,16145.0,16193.0,351786.0,281.0,1.7242,DOWN,-0.6382,281.0,1.0,0.0,0.0,0.0,0.0,0.0,0.0,2021,True,EarlyTrend
2021-08-23,16427.0,16729.0,16393.0,16684.0,254594.0,336.0,2.0454,UP,1.5645,305.0,0.9077,25.0,0.0744,2.0,0.006,4.0,0.0119,2021,True,EarlyTrend
2021-08-24,16822.0,16842.0,16717.0,16784.0,180870.0,125.0,0.7431,DOWN,-0.2259,110.0,0.88,12.0,0.096,3.0,0.024,0.0,0.0,2021,False,EarlyTrend
2021-08-25,16794.0,16982.0,16785.0,16963.0,218712.0,197.0,1.173,UP,1.0063,128.0,0.6497,0.0,0.0,40.0,0.203,29.0,0.1472,2021,True,EarlyTrend
2021-08-26,17103.0,17125.0,16882.0,16995.0,254194.0,243.0,1.4208,DOWN,-0.6315,198.0,0.8148,37.0,0.1523,8.0,0.0329,0.0,0.0,2021,True,EarlyTrend
2021-08-27,16940.0,17218.0,16908.0,17170.0,245022.0,310.0,1.83,UP,1.3577,202.0,0.6516,108.0,0.3484,0.0,0.0,0.0,0.0,2021,True,EarlyTrend
2021-08-30,17249.0,17353.0,17206.0,17339.0,191336.0,147.0,0.8522,UP,0.5218,100.0,0.6803,8.0,0.0544,0.0,0.0,39.0,0.2653,2021,False,EarlyTrend
2021-08-31,17276.0,17468.0,17144.0,17457.0,276700.0,324.0,1.8754,UP,1.0477,130.0,0.4012,34.0,0.1049,13.0,0.0401,147.0,0.4537,2021,True,Afternoon
2021-09-01,17408.0,17500.0,17363.0,17476.0,221108.0,137.0,0.787,UP,0.3906,101.0,0.7372,12.0,0.0876,0.0,0.0,24.0,0.1752,2021,False,EarlyTrend
2021-09-02,17434.0,17507.0,17266.0,17320.0,273180.0,241.0,1.3824,DOWN,-0.6539,105.0,0.4357,91.0,0.3776,41.0,0.1701,4.0,0.0166,2021,True,Spread
2021-09-03,17442.0,17553.0,17370.0,17509.0,228374.0,183.0,1.0492,UP,0.3841,85.0,0.4645,98.0,0.5355,0.0,0.0,0.0,0.0,2021,True,LateTrend
2021-09-06,17440.0,17596.0,17425.0,17496.0,237750.0,171.0,0.9805,UP,0.3211,125.0,0.731,34.0,0.1988,4.0,0.0234,8.0,0.0468,2021,False,EarlyTrend
2021-09-07,17522.0,17529.0,17337.0,17422.0,250166.0,192.0,1.0958,DOWN,-0.5707,192.0,1.0,0.0,0.0,0.0,0.0,0.0,0.0,2021,True,EarlyTrend
2021-09-08,17395.0,17426.0,17163.0,17262.0,302946.0,263.0,1.5119,DOWN,-0.7646,111.0,0.4221,44.0,0.1673,79.0,0.3004,29.0,0.1103,2021,True,Spread
2021-09-09,17142.0,17291.0,17084.0,17235.0,249020.0,207.0,1.2076,UP,0.5425,134.0,0.6473,73.0,0.3527,0.0,0.0,0.0,0.0,2021,True,EarlyTrend
2021-09-10,17300.0,17479.0,17284.0,17473.0,216242.0,195.0,1.1272,UP,1.0,100.0,0.5128,82.0,0.4205,0.0,0.0,13.0,0.0667,2021,True,EarlyTrend
2021-09-13,17434.0,17492.0,17356.0,17442.0,201636.0,136.0,0.7801,UP,0.0459,136.0,1.0,0.0,0.0,0.0,0.0,0.0,0.0,2021,False,EarlyTrend
2021-09-14,17541.0,17569.0,17426.0,17461.0,178908.0,143.0,0.8152,DOWN,-0.4561,88.0,0.6154,55.0,0.3846,0.0,0.0,0.0,0.0,2021,False,EarlyTrend
2021-09-15,17403.0,17433.0,17280.0,17382.0,144592.0,153.0,0.8792,DOWN,-0.1207,148.0,0.9673,5.0,0.0327,0.0,0.0,0.0,0.0,2021,False,EarlyTrend
2021-09-16,17337.0,17362.0,17191.0,17248.0,186288.0,171.0,0.9863,DOWN,-0.5134,107.0,0.6257,44.0,0.2573,20.0,0.117,0.0,0.0,2021,False,EarlyTrend
2021-09-17,17256.0,17395.0,17165.0,17298.0,234950.0,230.0,1.3329,UP,0.2434,105.0,0.4565,69.0,0.3,41.0,0.1783,15.0,0.0652,2021,True,Spread
2021-09-22,16835.0,16940.0,16751.0,16900.0,269104.0,189.0,1.1227,UP,0.3861,141.0,0.746,48.0,0.254,0.0,0.0,0.0,0.0,2021,True,EarlyTrend
2021-09-23,17020.0,17130.0,16985.0,17080.0,199126.0,145.0,0.8519,UP,0.3525,145.0,1.0,0.0,0.0,0.0,0.0,0.0,0.0,2021,False,EarlyTrend
2021-09-24,17191.0,17275.0,17170.0,17250.0,185888.0,105.0,0.6108,UP,0.3432,105.0,1.0,0.0,0.0,0.0,0.0,0.0,0.0,2021,False,EarlyTrend
2021-09-27,17247.0,17344.0,17222.0,17292.0,189122.0,122.0,0.7074,UP,0.2609,115.0,0.9426,0.0,0.0,7.0,0.0574,0.0,0.0,2021,False,EarlyTrend
2021-09-28,17182.0,17183.0,17042.0,17170.0,207044.0,141.0,0.8206,DOWN,-0.0698,141.0,1.0,0.0,0.0,0.0,0.0,0.0,0.0,2021,False,EarlyTrend
2021-09-29,16926.0,16937.0,16760.0,16823.0,297074.0,177.0,1.0457,DOWN,-0.6085,145.0,0.8192,0.0,0.0,19.0,0.1073,13.0,0.0734,2021,True,EarlyTrend
2021-09-30,16803.0,16966.0,16704.0,16917.0,258124.0,262.0,1.5592,UP,0.6785,141.0,0.5382,39.0,0.1489,8.0,0.0305,74.0,0.2824,2021,True,EarlyTrend
2021-10-01,16800.0,16805.0,16415.0,16517.0,325606.0,390.0,2.3214,DOWN,-1.6845,236.0,0.6051,12.0,0.0308,69.0,0.1769,73.0,0.1872,2021,True,EarlyTrend
2021-10-04,16588.0,16629.0,16313.0,16358.0,281492.0,316.0,1.905,DOWN,-1.3865,276.0,0.8734,3.0,0.0095,37.0,0.1171,0.0,0.0,2021,True,EarlyTrend
2021-10-05,16240.0,16424.0,16107.0,16398.0,302726.0,317.0,1.952,UP,0.9729,178.0,0.5615,130.0,0.4101,9.0,0.0284,0.0,0.0,2021,True,EarlyTrend
2021-10-06,16470.0,16493.0,16265.0,16359.0,271488.0,228.0,1.3843,DOWN,-0.674,202.0,0.886,10.0,0.0439,16.0,0.0702,0.0,0.0,2021,True,EarlyTrend
2021-10-07,16521.0,16760.0,16519.0,16706.0,247116.0,241.0,1.4587,UP,1.1198,190.0,0.7884,48.0,0.1992,3.0,0.0124,0.0,0.0,2021,True,EarlyTrend
2021-10-08,16740.0,16759.0,16591.0,16627.0,201820.0,168.0,1.0036,DOWN,-0.675,110.0,0.6548,0.0,0.0,26.0,0.1548,32.0,0.1905,2021,True,EarlyTrend
2021-10-12,16485.0,16489.0,16285.0,16418.0,276468.0,204.0,1.2375,DOWN,-0.4064,204.0,1.0,0.0,0.0,0.0,0.0,0.0,0.0,2021,True,EarlyTrend
2021-10-13,16520.0,16585.0,16318.0,16318.0,228824.0,267.0,1.6162,DOWN,-1.2228,166.0,0.6217,83.0,0.3109,5.0,0.0187,13.0,0.0487,2021,True,EarlyTrend
2021-10-14,16496.0,16546.0,16354.0,16405.0,208198.0,192.0,1.1639,DOWN,-0.5516,139.0,0.724,53.0,0.276,0.0,0.0,0.0,0.0,2021,True,EarlyTrend
2021-10-15,16654.0,16790.0,16570.0,16782.0,216302.0,220.0,1.321,UP,0.7686,154.0,0.7,65.0,0.2955,0.0,0.0,1.0,0.0045,2021,True,EarlyTrend
2021-10-18,16800.0,16870.0,16705.0,16725.0,177684.0,165.0,0.9821,DOWN,-0.4464,100.0,0.6061,0.0,0.0,20.0,0.1212,45.0,0.2727,2021,False,EarlyTrend
2021-10-19,16810.0,16954.0,16787.0,16902.0,159622.0,167.0,0.9935,UP,0.5473,133.0,0.7964,34.0,0.2036,0.0,0.0,0.0,0.0,2021,False,EarlyTrend
2021-10-20,16973.0,16987.0,16863.0,16882.0,106758.0,124.0,0.7306,DOWN,-0.5361,84.0,0.6774,0.0,0.0,13.0,0.1048,27.0,0.2177,2021,False,EarlyTrend
2021-10-21,16879.0,17047.0,16812.0,16813.0,235486.0,235.0,1.3923,DOWN,-0.391,159.0,0.6766,18.0,0.0766,0.0,0.0,58.0,0.2468,2021,True,EarlyTrend
2021-10-22,16877.0,16913.0,16770.0,16854.0,197622.0,143.0,0.8473,DOWN,-0.1363,71.0,0.4965,56.0,0.3916,16.0,0.1119,0.0,0.0,2021,False,Spread
2021-10-25,16788.0,16930.0,16731.0,16888.0,194418.0,199.0,1.1854,UP,0.5957,111.0,0.5578,35.0,0.1759,53.0,0.2663,0.0,0.0,2021,True,EarlyTrend
2021-10-26,16975.0,17073.0,16948.0,17048.0,183798.0,125.0,0.7364,UP,0.43,89.0,0.712,23.0,0.184,13.0,0.104,0.0,0.0,2021,False,EarlyTrend
2021-10-27,16944.0,17088.0,16928.0,17071.0,171894.0,160.0,0.9443,UP,0.7495,97.0,0.6062,0.0,0.0,0.0,0.0,63.0,0.3937,2021,False,EarlyTrend
2021-10-28,17013.0,17103.0,16984.0,17038.0,170574.0,119.0,0.6995,UP,0.1469,96.0,0.8067,7.0,0.0588,0.0,0.0,16.0,0.1345,2021,False,EarlyTrend
2021-10-29,17061.0,17074.0,16858.0,16945.0,222758.0,216.0,1.266,DOWN,-0.6799,216.0,1.0,0.0,0.0,0.0,0.0,0.0,0.0,2021,True,EarlyTrend
2021-11-01,17040.0,17130.0,17028.0,17079.0,159598.0,102.0,0.5986,UP,0.2289,93.0,0.9118,9.0,0.0882,0.0,0.0,0.0,0.0,2021,False,EarlyTrend
2021-11-02,17167.0,17255.0,17004.0,17047.0,217688.0,251.0,1.4621,DOWN,-0.699,105.0,0.4183,46.0,0.1833,62.0,0.247,38.0,0.1514,2021,True,Spread
2021-11-03,17081.0,17127.0,17040.0,17092.0,144152.0,87.0,0.5093,UP,0.0644,69.0,0.7931,18.0,0.2069,0.0,0.0,0.0,0.0,2021,False,EarlyTrend
2021-11-04,17269.0,17280.0,17050.0,17075.0,179866.0,230.0,1.3319,DOWN,-1.1234,114.0,0.4957,21.0,0.0913,37.0,0.1609,58.0,0.2522,2021,True,Spread
2021-11-05,17150.0,17279.0,17106.0,17267.0,179710.0,173.0,1.0087,UP,0.6822,68.0,0.3931,45.0,0.2601,28.0,0.1618,32.0,0.185,2021,True,Spread
2021-11-08,17256.0,17425.0,17251.0,17424.0,154428.0,174.0,1.0083,UP,0.9736,97.0,0.5575,33.0,0.1897,0.0,0.0,44.0,0.2529,2021,True,EarlyTrend
2021-11-09,17499.0,17593.0,17480.0,17555.0,161446.0,113.0,0.6458,UP,0.32,101.0,0.8938,12.0,0.1062,0.0,0.0,0.0,0.0,2021,False,EarlyTrend
2021-11-10,17550.0,17581.0,17496.0,17555.0,151470.0,85.0,0.4843,UP,0.0285,55.0,0.6471,22.0,0.2588,8.0,0.0941,0.0,0.0,2021,False,EarlyTrend
2021-11-11,17430.0,17537.0,17395.0,17470.0,168418.0,142.0,0.8147,UP,0.2295,97.0,0.6831,29.0,0.2042,16.0,0.1127,0.0,0.0,2021,False,EarlyTrend
2021-11-12,17570.0,17638.0,17491.0,17547.0,178800.0,147.0,0.8367,DOWN,-0.1309,125.0,0.8503,0.0,0.0,8.0,0.0544,14.0,0.0952,2021,False,EarlyTrend
2021-11-15,17615.0,17707.0,17603.0,17664.0,159852.0,104.0,0.5904,UP,0.2782,92.0,0.8846,0.0,0.0,0.0,0.0,12.0,0.1154,2021,False,EarlyTrend
2021-11-16,17662.0,17717.0,17653.0,17701.0,117390.0,64.0,0.3624,UP,0.2208,61.0,0.9531,3.0,0.0469,0.0,0.0,0.0,0.0,2021,False,EarlyTrend
2021-11-17,17711.0,17761.0,17678.0,17722.0,95350.0,83.0,0.4686,UP,0.0621,37.0,0.4458,26.0,0.3133,18.0,0.2169,2.0,0.0241,2021,False,Spread
2021-11-18,17769.0,17868.0,17763.0,17860.0,174964.0,105.0,0.5909,UP,0.5121,67.0,0.6381,0.0,0.0,18.0,0.1714,20.0,0.1905,2021,False,EarlyTrend
2021-11-19,17919.0,17949.0,17813.0,17851.0,165216.0,136.0,0.759,DOWN,-0.3795,83.0,0.6103,11.0,0.0809,42.0,0.3088,0.0,0.0,2021,False,EarlyTrend
2021-11-22,17790.0,17876.0,17787.0,17836.0,116868.0,89.0,0.5003,UP,0.2586,86.0,0.9663,0.0,0.0,0.0,0.0,3.0,0.0337,2021,False,EarlyTrend
2021-11-23,17765.0,17768.0,17638.0,17659.0,204982.0,130.0,0.7318,DOWN,-0.5967,106.0,0.8154,8.0,0.0615,0.0,0.0,16.0,0.1231,2021,False,EarlyTrend
2021-11-24,17604.0,17698.0,17593.0,17679.0,153156.0,105.0,0.5965,UP,0.426,105.0,1.0,0.0,0.0,0.0,0.0,0.0,0.0,2021,False,EarlyTrend
2021-11-25,17688.0,17715.0,17600.0,17676.0,133452.0,115.0,0.6502,DOWN,-0.0678,115.0,1.0,0.0,0.0,0.0,0.0,0.0,0.0,2021,False,EarlyTrend
2021-11-26,17530.0,17572.0,17307.0,17342.0,259154.0,265.0,1.5117,DOWN,-1.0724,157.0,0.5925,89.0,0.3358,4.0,0.0151,15.0,0.0566,2021,True,EarlyTrend
2021-11-29,17243.0,17416.0,17184.0,17308.0,240230.0,232.0,1.3455,UP,0.377,193.0,0.8319,23.0,0.0991,16.0,0.069,0.0,0.0,2021,True,EarlyTrend
2021-11-30,17428.0,17537.0,17312.0,17327.0,223714.0,225.0,1.291,DOWN,-0.5795,133.0,0.5911,0.0,0.0,0.0,0.0,92.0,0.4089,2021,True,EarlyTrend
2021-12-01,17350.0,17617.0,17333.0,17586.0,206870.0,284.0,1.6369,UP,1.3602,124.0,0.4366,61.0,0.2148,2.0,0.007,97.0,0.3415,2021,True,Spread
2021-12-02,17570.0,17709.0,17509.0,17705.0,216872.0,200.0,1.1383,UP,0.7684,200.0,1.0,0.0,0.0,0.0,0.0,0.0,0.0,2021,True,EarlyTrend
2021-12-03,17696.0,17745.0,17621.0,17706.0,157562.0,124.0,0.7007,UP,0.0565,104.0,0.8387,0.0,0.0,20.0,0.1613,0.0,0.0,2021,False,EarlyTrend
2021-12-06,17619.0,17736.0,17527.0,17693.0,181486.0,209.0,1.1862,UP,0.42,133.0,0.6364,36.0,0.1722,40.0,0.1914,0.0,0.0,2021,True,EarlyTrend
2021-12-07,17677.0,17799.0,17586.0,17795.0,188386.0,213.0,1.205,UP,0.6675,111.0,0.5211,0.0,0.0,0.0,0.0,102.0,0.4789,2021,True,EarlyTrend
2021-12-08,17945.0,17988.0,17840.0,17851.0,187830.0,148.0,0.8247,DOWN,-0.5238,82.0,0.5541,4.0,0.027,40.0,0.2703,22.0,0.1486,2021,False,EarlyTrend
2021-12-09,17886.0,17946.0,17812.0,17911.0,157626.0,134.0,0.7492,UP,0.1398,77.0,0.5746,0.0,0.0,35.0,0.2612,22.0,0.1642,2021,False,EarlyTrend
2021-12-10,17808.0,17874.0,17765.0,17818.0,144612.0,109.0,0.6121,UP,0.0562,97.0,0.8899,12.0,0.1101,0.0,0.0,0.0,0.0,2021,False,EarlyTrend
2021-12-13,17912.0,17944.0,17743.0,17752.0,157106.0,201.0,1.1222,DOWN,-0.8933,77.0,0.3831,34.0,0.1692,1.0,0.005,89.0,0.4428,2021,True,Afternoon
2021-12-14,17683.0,17711.0,17565.0,17605.0,177086.0,146.0,0.8257,DOWN,-0.4411,101.0,0.6918,27.0,0.1849,0.0,0.0,18.0,0.1233,2021,False,EarlyTrend
2021-12-15,17588.0,17666.0,17536.0,17630.0,101782.0,130.0,0.7391,UP,0.2388,101.0,0.7769,6.0,0.0462,22.0,0.1692,1.0,0.0077,2021,False,EarlyTrend
2021-12-16,17765.0,17809.0,17671.0,17804.0,168114.0,138.0,0.7768,UP,0.2195,102.0,0.7391,4.0,0.029,0.0,0.0,32.0,0.2319,2021,False,EarlyTrend
2021-12-17,17716.0,17798.0,17703.0,17786.0,156974.0,95.0,0.5362,UP,0.3951,74.0,0.7789,14.0,0.1474,0.0,0.0,7.0,0.0737,2021,False,EarlyTrend
2021-12-20,17720.0,17748.0,17564.0,17580.0,207230.0,184.0,1.0384,DOWN,-0.7901,95.0,0.5163,75.0,0.4076,14.0,0.0761,0.0,0.0,2021,True,EarlyTrend
2021-12-21,17660.0,17829.0,17624.0,17796.0,175802.0,205.0,1.1608,UP,0.7701,114.0,0.5561,35.0,0.1707,12.0,0.0585,44.0,0.2146,2021,True,EarlyTrend
2021-12-22,17847.0,17852.0,17783.0,17833.0,107800.0,69.0,0.3866,DOWN,-0.0784,54.0,0.7826,15.0,0.2174,0.0,0.0,0.0,0.0,2021,False,EarlyTrend
2021-12-23,17935.0,17983.0,17903.0,17954.0,132094.0,80.0,0.4461,UP,0.1059,80.0,1.0,0.0,0.0,0.0,0.0,0.0,0.0,2021,False,EarlyTrend
2021-12-24,18014.0,18035.0,17946.0,17958.0,100006.0,89.0,0.4941,DOWN,-0.3109,45.0,0.5056,15.0,0.1685,0.0,0.0,29.0,0.3258,2021,False,EarlyTrend
2021-12-27,17982.0,18099.0,17967.0,18068.0,116190.0,132.0,0.7341,UP,0.4783,113.0,0.8561,19.0,0.1439,0.0,0.0,0.0,0.0,2021,False,EarlyTrend
2021-12-28,18115.0,18209.0,18105.0,18207.0,121870.0,104.0,0.5741,UP,0.5079,54.0,0.5192,0.0,0.0,13.0,0.125,37.0,0.3558,2021,False,EarlyTrend
2021-12-29,18195.0,18289.0,18188.0,18276.0,114016.0,101.0,0.5551,UP,0.4452,54.0,0.5347,3.0,0.0297,0.0,0.0,44.0,0.4356,2021,False,EarlyTrend
2021-12-30,18242.0,18265.0,18177.0,18212.0,113784.0,88.0,0.4824,DOWN,-0.1645,50.0,0.5682,17.0,0.1932,21.0,0.2386,0.0,0.0,2021,False,EarlyTrend
2022-01-03,18288.0,18389.0,18203.0,18273.0,193862.0,186.0,1.0171,DOWN,-0.082,135.0,0.7258,0.0,0.0,51.0,0.2742,0.0,0.0,2022,True,EarlyTrend
2022-01-04,18361.0,18522.0,18359.0,18516.0,181378.0,163.0,0.8878,UP,0.8442,138.0,0.8466,0.0,0.0,0.0,0.0,25.0,0.1534,2022,False,EarlyTrend
2022-01-05,18480.0,18546.0,18438.0,18480.0,163972.0,108.0,0.5844,UP,0.0,92.0,0.8519,0.0,0.0,5.0,0.0463,11.0,0.1019,2022,False,EarlyTrend
2022-01-06,18345.0,18419.0,18238.0,18335.0,239084.0,181.0,0.9866,DOWN,-0.0545,115.0,0.6354,39.0,0.2155,0.0,0.0,27.0,0.1492,2022,False,EarlyTrend
2022-01-07,18459.0,18478.0,18115.0,18143.0,274794.0,363.0,1.9665,DOWN,-1.7119,220.0,0.6061,143.0,0.3939,0.0,0.0,0.0,0.0,2022,True,EarlyTrend
2022-01-10,18075.0,18264.0,18022.0,18258.0,192578.0,242.0,1.3389,UP,1.0124,202.0,0.8347,9.0,0.0372,0.0,0.0,31.0,0.1281,2022,True,EarlyTrend
2022-01-11,18200.0,18295.0,18102.0,18280.0,238120.0,193.0,1.0604,UP,0.4396,143.0,0.7409,9.0,0.0466,41.0,0.2124,0.0,0.0,2022,True,EarlyTrend
2022-01-12,18403.0,18411.0,18271.0,18375.0,180122.0,140.0,0.7607,DOWN,-0.1521,116.0,0.8286,14.0,0.1,10.0,0.0714,0.0,0.0,2022,False,EarlyTrend
2022-01-13,18433.0,18485.0,18364.0,18425.0,190040.0,121.0,0.6564,DOWN,-0.0434,117.0,0.9669,4.0,0.0331,0.0,0.0,0.0,0.0,2022,False,EarlyTrend
2022-01-14,18549.0,18560.0,18220.0,18357.0,310472.0,340.0,1.833,DOWN,-1.0351,340.0,1.0,0.0,0.0,0.0,0.0,0.0,0.0,2022,True,EarlyTrend
2022-01-17,18417.0,18537.0,18387.0,18509.0,200944.0,150.0,0.8145,UP,0.4995,133.0,0.8867,2.0,0.0133,0.0,0.0,15.0,0.1,2022,False,EarlyTrend
2022-01-18,18531.0,18583.0,18347.0,18349.0,221864.0,236.0,1.2735,DOWN,-0.9821,105.0,0.4449,6.0,0.0254,0.0,0.0,125.0,0.5297,2022,True,Afternoon
2022-01-19,18261.0,18345.0,18210.0,18218.0,140666.0,135.0,0.7393,DOWN,-0.2355,115.0,0.8519,0.0,0.0,20.0,0.1481,0.0,0.0,2022,False,EarlyTrend
2022-01-20,18203.0,18270.0,18081.0,18226.0,238074.0,189.0,1.0383,UP,0.1264,135.0,0.7143,0.0,0.0,9.0,0.0476,45.0,0.2381,2022,True,EarlyTrend
2022-01-21,18026.0,18050.0,17836.0,17895.0,315488.0,214.0,1.1872,DOWN,-0.7267,154.0,0.7196,4.0,0.0187,24.0,0.1121,32.0,0.1495,2022,True,EarlyTrend
2022-01-24,17736.0,17973.0,17703.0,17957.0,267306.0,270.0,1.5223,UP,1.2461,124.0,0.4593,42.0,0.1556,29.0,0.1074,75.0,0.2778,2022,True,Spread
2022-01-25,17790.0,17799.0,17578.0,17678.0,317110.0,221.0,1.2423,DOWN,-0.6296,168.0,0.7602,21.0,0.095,32.0,0.1448,0.0,0.0,2022,True,EarlyTrend
2022-01-26,17683.0,17757.0,17607.0,17625.0,191230.0,150.0,0.8483,DOWN,-0.328,113.0,0.7533,37.0,0.2467,0.0,0.0,0.0,0.0,2022,False,EarlyTrend
2022-02-07,17797.0,17900.0,17693.0,17899.0,226622.0,207.0,1.1631,UP,0.5731,129.0,0.6232,24.0,0.1159,0.0,0.0,54.0,0.2609,2022,True,EarlyTrend
2022-02-08,17960.0,18047.0,17922.0,17942.0,178818.0,125.0,0.696,DOWN,-0.1002,109.0,0.872,2.0,0.016,0.0,0.0,14.0,0.112,2022,False,EarlyTrend
2022-02-09,18068.0,18169.0,18050.0,18167.0,144262.0,119.0,0.6586,UP,0.5479,51.0,0.4286,4.0,0.0336,11.0,0.0924,53.0,0.4454,2022,False,Afternoon
2022-02-10,18230.0,18340.0,18133.0,18337.0,189700.0,207.0,1.1355,UP,0.5869,96.0,0.4638,11.0,0.0531,6.0,0.029,94.0,0.4541,2022,True,Afternoon
2022-02-11,18202.0,18290.0,18182.0,18275.0,170714.0,108.0,0.5933,UP,0.4011,75.0,0.6944,26.0,0.2407,4.0,0.037,3.0,0.0278,2022,False,EarlyTrend
2022-02-14,18099.0,18132.0,17934.0,17977.0,236182.0,198.0,1.094,DOWN,-0.6741,198.0,1.0,0.0,0.0,0.0,0.0,0.0,0.0,2022,True,EarlyTrend
2022-02-15,17922.0,18093.0,17883.0,17953.0,195352.0,210.0,1.1717,UP,0.173,162.0,0.7714,48.0,0.2286,0.0,0.0,0.0,0.0,2022,True,EarlyTrend
2022-02-16,18184.0,18248.0,18140.0,18207.0,119378.0,108.0,0.5939,UP,0.1265,51.0,0.4722,46.0,0.4259,0.0,0.0,11.0,0.1019,2022,False,LateTrend
2022-02-17,18269.0,18330.0,18168.0,18243.0,220186.0,162.0,0.8867,DOWN,-0.1423,57.0,0.3519,23.0,0.142,34.0,0.2099,48.0,0.2963,2022,False,Spread
2022-02-18,18065.0,18254.0,18039.0,18226.0,192570.0,215.0,1.1901,UP,0.8912,171.0,0.7953,0.0,0.0,21.0,0.0977,23.0,0.107,2022,True,EarlyTrend
2022-02-21,18001.0,18242.0,17970.0,18210.0,191658.0,272.0,1.511,UP,1.161,225.0,0.8272,32.0,0.1176,8.0,0.0294,7.0,0.0257,2022,True,EarlyTrend
2022-02-22,17990.0,18068.0,17773.0,17878.0,288354.0,295.0,1.6398,DOWN,-0.6226,182.0,0.6169,75.0,0.2542,38.0,0.1288,0.0,0.0,2022,True,EarlyTrend
2022-02-23,17954.0,18060.0,17936.0,18042.0,167594.0,124.0,0.6907,UP,0.4901,80.0,0.6452,0.0,0.0,0.0,0.0,44.0,0.3548,2022,False,EarlyTrend
2022-02-24,17811.0,17850.0,17506.0,17516.0,373926.0,344.0,1.9314,DOWN,-1.6563,135.0,0.3924,0.0,0.0,102.0,0.2965,107.0,0.311,2022,True,Spread
2022-02-25,17660.0,17702.0,17513.0,17606.0,258698.0,189.0,1.0702,DOWN,-0.3058,189.0,1.0,0.0,0.0,0.0,0.0,0.0,0.0,2022,True,EarlyTrend
2022-03-01,17756.0,17942.0,17692.0,17911.0,219356.0,250.0,1.408,UP,0.8729,213.0,0.852,16.0,0.064,20.0,0.08,1.0,0.004,2022,True,EarlyTrend
2022-03-02,17788.0,17895.0,17758.0,17844.0,188854.0,137.0,0.7702,UP,0.3148,82.0,0.5985,0.0,0.0,0.0,0.0,55.0,0.4015,2022,False,EarlyTrend
2022-03-03,17942.0,17964.0,17865.0,17929.0,153298.0,99.0,0.5518,DOWN,-0.0725,99.0,1.0,0.0,0.0,0.0,0.0,0.0,0.0,2022,False,EarlyTrend
2022-03-04,17608.0,17788.0,17522.0,17666.0,236708.0,266.0,1.5107,UP,0.3294,247.0,0.9286,19.0,0.0714,0.0,0.0,0.0,0.0,2022,True,EarlyTrend
2022-03-07,17362.0,17405.0,17051.0,17058.0,311890.0,354.0,2.0389,DOWN,-1.751,304.0,0.8588,31.0,0.0876,9.0,0.0254,10.0,0.0282,2022,True,EarlyTrend
2022-03-08,16840.0,17058.0,16695.0,16702.0,319742.0,363.0,2.1556,DOWN,-0.8195,246.0,0.6777,61.0,0.168,1.0,0.0028,55.0,0.1515,2022,True,EarlyTrend
2022-03-09,16890.0,17023.0,16865.0,16946.0,227436.0,158.0,0.9355,UP,0.3316,129.0,0.8165,5.0,0.0316,0.0,0.0,24.0,0.1519,2022,False,EarlyTrend
2022-03-10,17301.0,17456.0,17269.0,17437.0,202768.0,187.0,1.0809,UP,0.7861,157.0,0.8396,23.0,0.123,7.0,0.0374,0.0,0.0,2022,True,EarlyTrend
2022-03-11,17372.0,17387.0,17170.0,17220.0,189108.0,217.0,1.2491,DOWN,-0.875,146.0,0.6728,15.0,0.0691,38.0,0.1751,18.0,0.0829,2022,True,EarlyTrend
2022-03-14,17289.0,17350.0,17150.0,17239.0,208528.0,200.0,1.1568,DOWN,-0.2892,118.0,0.59,29.0,0.145,53.0,0.265,0.0,0.0,2022,True,EarlyTrend
2022-03-15,17177.0,17195.0,16861.0,16882.0,254700.0,334.0,1.9445,DOWN,-1.7174,327.0,0.979,0.0,0.0,0.0,0.0,7.0,0.021,2022,True,EarlyTrend
2022-03-16,17080.0,17089.0,16801.0,16937.0,146398.0,288.0,1.6862,DOWN,-0.8372,192.0,0.6667,22.0,0.0764,59.0,0.2049,15.0,0.0521,2022,True,EarlyTrend
2022-03-17,17339.0,17470.0,17262.0,17446.0,257384.0,208.0,1.1996,UP,0.6171,138.0,0.6635,0.0,0.0,0.0,0.0,70.0,0.3365,2022,True,EarlyTrend
2022-03-18,17441.0,17444.0,17295.0,17391.0,193522.0,149.0,0.8543,DOWN,-0.2867,87.0,0.5839,38.0,0.255,24.0,0.1611,0.0,0.0,2022,False,EarlyTrend
2022-03-21,17442.0,17577.0,17439.0,17489.0,186280.0,138.0,0.7912,UP,0.2695,125.0,0.9058,13.0,0.0942,0.0,0.0,0.0,0.0,2022,False,EarlyTrend
2022-03-22,17536.0,17543.0,17453.0,17520.0,136178.0,90.0,0.5132,DOWN,-0.0912,90.0,1.0,0.0,0.0,0.0,0.0,0.0,0.0,2022,False,EarlyTrend
2022-03-23,17644.0,17735.0,17610.0,17702.0,177512.0,125.0,0.7085,UP,0.3287,78.0,0.624,32.0,0.256,0.0,0.0,15.0,0.12,2022,False,EarlyTrend
2022-03-24,17570.0,17687.0,17548.0,17671.0,160240.0,139.0,0.7911,UP,0.5748,81.0,0.5827,4.0,0.0288,51.0,0.3669,3.0,0.0216,2022,False,EarlyTrend
2022-03-25,17720.0,17726.0,17591.0,17621.0,166114.0,135.0,0.7619,DOWN,-0.5587,135.0,1.0,0.0,0.0,0.0,0.0,0.0,0.0,2022,False,EarlyTrend
2022-03-28,17512.0,17521.0,17304.0,17438.0,235094.0,217.0,1.2392,DOWN,-0.4226,217.0,1.0,0.0,0.0,0.0,0.0,0.0,0.0,2022,True,EarlyTrend
2022-03-29,17560.0,17577.0,17484.0,17545.0,152770.0,93.0,0.5296,DOWN,-0.0854,73.0,0.7849,0.0,0.0,20.0,0.2151,0.0,0.0,2022,False,EarlyTrend
2022-03-30,17671.0,17755.0,17658.0,17741.0,179674.0,97.0,0.5489,UP,0.3961,74.0,0.7629,13.0,0.134,0.0,0.0,10.0,0.1031,2022,False,EarlyTrend
2022-03-31,17747.0,17774.0,17623.0,17639.0,156022.0,151.0,0.8508,DOWN,-0.6086,79.0,0.5232,10.0,0.0662,0.0,0.0,62.0,0.4106,2022,False,EarlyTrend
2022-04-01,17466.0,17567.0,17414.0,17554.0,163892.0,153.0,0.876,UP,0.5038,106.0,0.6928,15.0,0.098,0.0,0.0,32.0,0.2092,2022,False,EarlyTrend
2022-04-06,17439.0,17508.0,17327.0,17506.0,173824.0,181.0,1.0379,UP,0.3842,120.0,0.663,0.0,0.0,6.0,0.0331,55.0,0.3039,2022,True,EarlyTrend
2022-04-07,17333.0,17387.0,17123.0,17143.0,229092.0,264.0,1.5231,DOWN,-1.0962,84.0,0.3182,0.0,0.0,72.0,0.2727,108.0,0.4091,2022,True,Afternoon
2022-04-08,17200.0,17318.0,17169.0,17316.0,166562.0,149.0,0.8663,UP,0.6744,62.0,0.4161,27.0,0.1812,0.0,0.0,60.0,0.4027,2022,False,Afternoon
2022-04-11,17222.0,17298.0,16976.0,17039.0,255558.0,322.0,1.8697,DOWN,-1.0626,215.0,0.6677,107.0,0.3323,0.0,0.0,0.0,0.0,2022,True,EarlyTrend
2022-04-12,16960.0,17068.0,16906.0,16999.0,214638.0,162.0,0.9552,UP,0.23,162.0,1.0,0.0,0.0,0.0,0.0,0.0,0.0,2022,False,EarlyTrend
2022-04-13,17080.0,17321.0,17071.0,17316.0,211826.0,250.0,1.4637,UP,1.3817,128.0,0.512,77.0,0.308,29.0,0.116,16.0,0.064,2022,True,EarlyTrend
2022-04-14,17349.0,17352.0,17251.0,17298.0,144896.0,101.0,0.5822,DOWN,-0.294,96.0,0.9505,0.0,0.0,0.0,0.0,5.0,0.0495,2022,False,EarlyTrend
2022-04-15,17102.0,17117.0,16960.0,16983.0,190484.0,157.0,0.918,DOWN,-0.6958,92.0,0.586,50.0,0.3185,10.0,0.0637,5.0,0.0318,2022,False,EarlyTrend
2022-04-18,16908.0,16995.0,16813.0,16881.0,208850.0,182.0,1.0764,DOWN,-0.1597,153.0,0.8407,29.0,0.1593,0.0,0.0,0.0,0.0,2022,True,EarlyTrend
2022-04-19,17065.0,17122.0,16988.0,17000.0,175736.0,134.0,0.7852,DOWN,-0.3809,117.0,0.8731,0.0,0.0,0.0,0.0,17.0,0.1269,2022,False,EarlyTrend
2022-04-20,17018.0,17082.0,16951.0,17071.0,107538.0,131.0,0.7698,UP,0.3114,89.0,0.6794,18.0,0.1374,0.0,0.0,24.0,0.1832,2022,False,EarlyTrend
2022-04-21,17180.0,17222.0,17090.0,17126.0,172004.0,132.0,0.7683,DOWN,-0.3143,69.0,0.5227,0.0,0.0,39.0,0.2955,24.0,0.1818,2022,False,EarlyTrend
2022-04-22,16862.0,16999.0,16823.0,16992.0,192666.0,176.0,1.0438,UP,0.771,120.0,0.6818,13.0,0.0739,0.0,0.0,43.0,0.2443,2022,True,EarlyTrend
2022-04-25,16686.0,16734.0,16508.0,16572.0,246642.0,226.0,1.3544,DOWN,-0.6832,224.0,0.9912,0.0,0.0,0.0,0.0,2.0,0.0088,2022,True,EarlyTrend
2022-04-26,16648.0,16663.0,16533.0,16586.0,163804.0,130.0,0.7809,DOWN,-0.3724,117.0,0.9,13.0,0.1,0.0,0.0,0.0,0.0,2022,False,EarlyTrend
2022-04-27,16221.0,16344.0,16160.0,16285.0,282224.0,184.0,1.1343,UP,0.3946,111.0,0.6033,47.0,0.2554,26.0,0.1413,0.0,0.0,2022,True,EarlyTrend
2022-04-28,16317.0,16416.0,16220.0,16387.0,207442.0,196.0,1.2012,UP,0.429,111.0,0.5663,85.0,0.4337,0.0,0.0,0.0,0.0,2022,True,EarlyTrend
2022-04-29,16555.0,16635.0,16495.0,16583.0,207750.0,140.0,0.8457,UP,0.1691,84.0,0.6,35.0,0.25,21.0,0.15,0.0,0.0,2022,False,EarlyTrend
2022-05-03,16487.0,16570.0,16434.0,16470.0,180358.0,136.0,0.8249,DOWN,-0.1031,113.0,0.8309,8.0,0.0588,0.0,0.0,15.0,0.1103,2022,False,EarlyTrend
2022-05-04,16505.0,16589.0,16489.0,16519.0,138740.0,100.0,0.6059,UP,0.0848,89.0,0.89,0.0,0.0,11.0,0.11,0.0,0.0,2022,False,EarlyTrend
2022-05-05,16753.0,16776.0,16645.0,16684.0,157444.0,131.0,0.7819,DOWN,-0.4119,68.0,0.5191,33.0,0.2519,15.0,0.1145,15.0,0.1145,2022,False,EarlyTrend
2022-05-06,16310.0,16380.0,16266.0,16355.0,191548.0,114.0,0.699,UP,0.2759,79.0,0.693,1.0,0.0088,12.0,0.1053,22.0,0.193,2022,False,EarlyTrend
2022-05-09,16156.0,16194.0,16015.0,16027.0,197694.0,179.0,1.1079,DOWN,-0.7985,129.0,0.7207,31.0,0.1732,0.0,0.0,19.0,0.1061,2022,True,EarlyTrend
2022-05-10,15809.0,16045.0,15730.0,16039.0,254288.0,315.0,1.9925,UP,1.4549,196.0,0.6222,77.0,0.2444,0.0,0.0,42.0,0.1333,2022,True,EarlyTrend
2022-05-11,15989.0,16058.0,15907.0,16010.0,174878.0,151.0,0.9444,UP,0.1313,88.0,0.5828,14.0,0.0927,49.0,0.3245,0.0,0.0,2022,False,EarlyTrend
2022-05-12,15801.0,15890.0,15608.0,15632.0,235992.0,282.0,1.7847,DOWN,-1.0696,99.0,0.3511,10.0,0.0355,33.0,0.117,140.0,0.4965,2022,True,Afternoon
2022-05-13,15777.0,15854.0,15743.0,15851.0,190086.0,111.0,0.7036,UP,0.469,96.0,0.8649,2.0,0.018,0.0,0.0,13.0,0.1171,2022,False,EarlyTrend
2022-05-16,15996.0,16044.0,15847.0,15921.0,195896.0,197.0,1.2316,DOWN,-0.4689,89.0,0.4518,67.0,0.3401,41.0,0.2081,0.0,0.0,2022,True,Spread
2022-05-17,15978.0,16096.0,15963.0,16075.0,153504.0,133.0,0.8324,UP,0.6071,119.0,0.8947,0.0,0.0,6.0,0.0451,8.0,0.0602,2022,False,EarlyTrend
2022-05-18,16138.0,16229.0,16104.0,16196.0,106278.0,125.0,0.7746,UP,0.3594,53.0,0.424,18.0,0.144,22.0,0.176,32.0,0.256,2022,False,Spread
2022-05-19,15871.0,15965.0,15820.0,15911.0,218226.0,145.0,0.9136,UP,0.252,114.0,0.7862,14.0,0.0966,12.0,0.0828,5.0,0.0345,2022,False,EarlyTrend
2022-05-20,16069.0,16145.0,16013.0,16135.0,170956.0,132.0,0.8215,UP,0.4107,111.0,0.8409,5.0,0.0379,11.0,0.0833,5.0,0.0379,2022,False,EarlyTrend
2022-05-23,16220.0,16263.0,16076.0,16147.0,197658.0,187.0,1.1529,DOWN,-0.4501,118.0,0.631,69.0,0.369,0.0,0.0,0.0,0.0,2022,True,EarlyTrend
2022-05-24,16131.0,16156.0,15914.0,15926.0,196042.0,242.0,1.5002,DOWN,-1.2708,69.0,0.2851,77.0,0.3182,18.0,0.0744,78.0,0.3223,2022,True,Spread
2022-05-25,15996.0,16146.0,15968.0,16060.0,193352.0,178.0,1.1128,UP,0.4001,70.0,0.3933,40.0,0.2247,35.0,0.1966,33.0,0.1854,2022,True,Spread
2022-05-26,16153.0,16184.0,15928.0,15950.0,198386.0,256.0,1.5848,DOWN,-1.2567,144.0,0.5625,5.0,0.0195,73.0,0.2852,34.0,0.1328,2022,True,EarlyTrend
2022-05-27,16110.0,16245.0,16100.0,16230.0,166672.0,145.0,0.9001,UP,0.7449,131.0,0.9034,1.0,0.0069,13.0,0.0897,0.0,0.0,2022,False,EarlyTrend
2022-05-30,16400.0,16584.0,16391.0,16560.0,161310.0,193.0,1.1768,UP,0.9756,104.0,0.5389,46.0,0.2383,0.0,0.0,43.0,0.2228,2022,True,EarlyTrend
2022-05-31,16492.0,16716.0,16460.0,16682.0,214714.0,256.0,1.5523,UP,1.1521,62.0,0.2422,83.0,0.3242,14.0,0.0547,97.0,0.3789,2022,True,Spread
2022-06-01,16647.0,16755.0,16592.0,16610.0,188752.0,163.0,0.9792,DOWN,-0.2223,103.0,0.6319,31.0,0.1902,0.0,0.0,29.0,0.1779,2022,False,EarlyTrend
2022-06-02,16536.0,16585.0,16471.0,16532.0,157568.0,114.0,0.6894,DOWN,-0.0242,77.0,0.6754,15.0,0.1316,0.0,0.0,22.0,0.193,2022,False,EarlyTrend
2022-06-06,16590.0,16648.0,16463.0,16600.0,197514.0,185.0,1.1151,UP,0.0603,183.0,0.9892,0.0,0.0,2.0,0.0108,0.0,0.0,2022,True,EarlyTrend
2022-06-07,16520.0,16531.0,16406.0,16462.0,202674.0,125.0,0.7567,DOWN,-0.3511,125.0,1.0,0.0,0.0,0.0,0.0,0.0,0.0,2022,False,EarlyTrend
2022-06-08,16560.0,16693.0,16555.0,16644.0,161592.0,138.0,0.8333,UP,0.5072,127.0,0.9203,11.0,0.0797,0.0,0.0,0.0,0.0,2022,False,EarlyTrend
2022-06-09,16573.0,16606.0,16524.0,16582.0,133948.0,82.0,0.4948,UP,0.0543,66.0,0.8049,9.0,0.1098,4.0,0.0488,3.0,0.0366,2022,False,EarlyTrend
2022-06-10,16380.0,16486.0,16350.0,16471.0,165604.0,136.0,0.8303,UP,0.5556,92.0,0.6765,30.0,0.2206,11.0,0.0809,3.0,0.0221,2022,False,EarlyTrend
2022-06-13,16115.0,16120.0,15993.0,16053.0,206038.0,127.0,0.7881,DOWN,-0.3847,125.0,0.9843,2.0,0.0157,0.0,0.0,0.0,0.0,2022,False,EarlyTrend
2022-06-14,15950.0,16068.0,15841.0,16055.0,207302.0,227.0,1.4232,UP,0.6583,133.0,0.5859,0.0,0.0,0.0,0.0,94.0,0.4141,2022,True,EarlyTrend
2022-06-15,16052.0,16096.0,15989.0,16062.0,115504.0,107.0,0.6666,UP,0.0623,97.0,0.9065,0.0,0.0,0.0,0.0,10.0,0.0935,2022,False,EarlyTrend
2022-06-16,15751.0,15805.0,15382.0,15410.0,254108.0,423.0,2.6855,DOWN,-2.1649,140.0,0.331,55.0,0.13,43.0,0.1017,185.0,0.4374,2022,True,Afternoon
2022-06-17,15196.0,15300.0,15137.0,15200.0,247612.0,163.0,1.0727,UP,0.0263,113.0,0.6933,8.0,0.0491,42.0,0.2577,0.0,0.0,2022,True,EarlyTrend
2022-06-20,15182.0,15231.0,14966.0,15038.0,259380.0,265.0,1.7455,DOWN,-0.9485,195.0,0.7358,23.0,0.0868,0.0,0.0,47.0,0.1774,2022,True,EarlyTrend
2022-06-21,15164.0,15362.0,15115.0,15334.0,230236.0,247.0,1.6289,UP,1.1211,105.0,0.4251,52.0,0.2105,62.0,0.251,28.0,0.1134,2022,True,Spread
2022-06-22,15316.0,15319.0,14984.0,15012.0,256596.0,335.0,2.1873,DOWN,-1.9849,185.0,0.5522,109.0,0.3254,10.0,0.0299,31.0,0.0925,2022,True,EarlyTrend
2022-06-23,15059.0,15145.0,14804.0,14938.0,328704.0,341.0,2.2644,DOWN,-0.8035,222.0,0.651,77.0,0.2258,40.0,0.1173,2.0,0.0059,2022,True,EarlyTrend
2022-06-24,15006.0,15142.0,14959.0,15058.0,239622.0,183.0,1.2195,UP,0.3465,132.0,0.7213,4.0,0.0219,47.0,0.2568,0.0,0.0,2022,True,EarlyTrend
2022-06-27,15205.0,15400.0,15201.0,15277.0,197074.0,199.0,1.3088,UP,0.4735,147.0,0.7387,52.0,0.2613,0.0,0.0,0.0,0.0,2022,True,EarlyTrend
2022-06-28,15299.0,15304.0,15096.0,15192.0,192056.0,208.0,1.3596,DOWN,-0.6994,168.0,0.8077,40.0,0.1923,0.0,0.0,0.0,0.0,2022,True,EarlyTrend
2022-06-29,15020.0,15114.0,14980.0,15019.0,201278.0,134.0,0.8921,DOWN,-0.0067,134.0,1.0,0.0,0.0,0.0,0.0,0.0,0.0,2022,False,EarlyTrend
2022-06-30,14931.0,14945.0,14610.0,14622.0,263938.0,335.0,2.2437,DOWN,-2.0695,257.0,0.7672,8.0,0.0239,64.0,0.191,6.0,0.0179,2022,True,EarlyTrend
2022-07-01,14656.0,14702.0,14128.0,14175.0,367218.0,574.0,3.9165,DOWN,-3.2819,226.0,0.3937,151.0,0.2631,99.0,0.1725,98.0,0.1707,2022,True,Spread
2022-07-04,14236.0,14312.0,14025.0,14152.0,286332.0,287.0,2.016,DOWN,-0.5901,219.0,0.7631,28.0,0.0976,0.0,0.0,40.0,0.1394,2022,True,EarlyTrend
2022-07-05,14350.0,14430.0,13975.0,14231.0,349850.0,455.0,3.1707,DOWN,-0.8293,199.0,0.4374,235.0,0.5165,21.0,0.0462,0.0,0.0,2022,True,LateTrend
2022-07-06,14213.0,14239.0,13858.0,13871.0,301268.0,381.0,2.6806,DOWN,-2.4062,189.0,0.4961,68.0,0.1785,46.0,0.1207,78.0,0.2047,2022,True,Spread
2022-07-07,14068.0,14295.0,13832.0,14176.0,315688.0,463.0,3.2912,UP,0.7677,244.0,0.527,204.0,0.4406,15.0,0.0324,0.0,0.0,2022,True,EarlyTrend
2022-07-08,14390.0,14485.0,14264.0,14329.0,278326.0,221.0,1.5358,DOWN,-0.4239,145.0,0.6561,26.0,0.1176,50.0,0.2262,0.0,0.0,2022,True,EarlyTrend
2022-07-11,14467.0,14496.0,14229.0,14276.0,239768.0,267.0,1.8456,DOWN,-1.3202,212.0,0.794,47.0,0.176,8.0,0.03,0.0,0.0,2022,True,EarlyTrend
2022-07-12,14157.0,14181.0,13850.0,13914.0,253940.0,331.0,2.3381,DOWN,-1.7165,237.0,0.716,76.0,0.2296,18.0,0.0544,0.0,0.0,2022,True,EarlyTrend
2022-07-13,14240.0,14356.0,14203.0,14277.0,224560.0,153.0,1.0744,UP,0.2598,129.0,0.8431,0.0,0.0,14.0,0.0915,10.0,0.0654,2022,True,EarlyTrend
2022-07-14,14237.0,14437.0,14122.0,14389.0,256112.0,315.0,2.2125,UP,1.0676,162.0,0.5143,145.0,0.4603,8.0,0.0254,0.0,0.0,2022,True,EarlyTrend
2022-07-15,14422.0,14542.0,14333.0,14475.0,231172.0,209.0,1.4492,UP,0.3675,124.0,0.5933,63.0,0.3014,6.0,0.0287,16.0,0.0766,2022,True,EarlyTrend
2022-07-18,14577.0,14666.0,14535.0,14650.0,195014.0,131.0,0.8987,UP,0.5008,121.0,0.9237,10.0,0.0763,0.0,0.0,0.0,0.0,2022,False,EarlyTrend
2022-07-19,14562.0,14697.0,14533.0,14678.0,150102.0,164.0,1.1262,UP,0.7966,164.0,1.0,0.0,0.0,0.0,0.0,0.0,0.0,2022,True,EarlyTrend
2022-07-20,14845.0,14907.0,14696.0,14712.0,122758.0,211.0,1.4214,DOWN,-0.8959,69.0,0.327,0.0,0.0,0.0,0.0,142.0,0.673,2022,True,Afternoon
2022-07-21,14600.0,14771.0,14573.0,14748.0,181454.0,198.0,1.3562,UP,1.0137,98.0,0.4949,0.0,0.0,28.0,0.1414,72.0,0.3636,2022,True,Spread
2022-07-22,14796.0,14848.0,14725.0,14751.0,181992.0,123.0,0.8313,DOWN,-0.3041,113.0,0.9187,10.0,0.0813,0.0,0.0,0.0,0.0,2022,False,EarlyTrend
2022-07-25,14750.0,14845.0,14688.0,14794.0,165268.0,157.0,1.0644,UP,0.2983,100.0,0.6369,17.0,0.1083,22.0,0.1401,18.0,0.1146,2022,True,EarlyTrend
2022-07-26,14755.0,14788.0,14650.0,14705.0,184362.0,138.0,0.9353,DOWN,-0.3389,120.0,0.8696,18.0,0.1304,0.0,0.0,0.0,0.0,2022,False,EarlyTrend
2022-07-27,14670.0,14800.0,14615.0,14794.0,209190.0,185.0,1.2611,UP,0.8453,111.0,0.6,21.0,0.1135,0.0,0.0,53.0,0.2865,2022,True,EarlyTrend
2022-07-28,14922.0,14949.0,14786.0,14831.0,189924.0,163.0,1.0923,DOWN,-0.6098,144.0,0.8834,19.0,0.1166,0.0,0.0,0.0,0.0,2022,True,EarlyTrend
2022-07-29,14936.0,14990.0,14870.0,14938.0,188212.0,120.0,0.8034,UP,0.0134,77.0,0.6417,0.0,0.0,43.0,0.3583,0.0,0.0,2022,False,EarlyTrend
2022-08-01,14921.0,14940.0,14804.0,14870.0,179596.0,136.0,0.9115,DOWN,-0.3418,132.0,0.9706,4.0,0.0294,0.0,0.0,0.0,0.0,2022,False,EarlyTrend
2022-08-02,14767.0,14778.0,14589.0,14643.0,217840.0,189.0,1.2799,DOWN,-0.8397,189.0,1.0,0.0,0.0,0.0,0.0,0.0,0.0,2022,True,EarlyTrend
2022-08-03,14627.0,14727.0,14594.0,14669.0,195926.0,133.0,0.9093,UP,0.2871,133.0,1.0,0.0,0.0,0.0,0.0,0.0,0.0,2022,False,EarlyTrend
2022-08-04,14686.0,14722.0,14461.0,14658.0,279218.0,261.0,1.7772,DOWN,-0.1907,91.0,0.3487,0.0,0.0,170.0,0.6513,0.0,0.0,2022,True,Spread
2022-08-05,14780.0,15020.0,14777.0,15009.0,189720.0,243.0,1.6441,UP,1.5494,190.0,0.7819,11.0,0.0453,19.0,0.0782,23.0,0.0947,2022,True,EarlyTrend
2022-08-08,14937.0,14987.0,14888.0,14961.0,148800.0,99.0,0.6628,UP,0.1607,76.0,0.7677,0.0,0.0,14.0,0.1414,9.0,0.0909,2022,False,EarlyTrend
2022-08-09,14894.0,15065.0,14853.0,15016.0,179308.0,212.0,1.4234,UP,0.8191,77.0,0.3632,9.0,0.0425,126.0,0.5943,0.0,0.0,2022,True,Spread
2022-08-10,14874.0,14945.0,14832.0,14876.0,155414.0,113.0,0.7597,UP,0.0134,93.0,0.823,0.0,0.0,20.0,0.177,0.0,0.0,2022,False,EarlyTrend
2022-08-11,15115.0,15191.0,15093.0,15183.0,159192.0,98.0,0.6484,UP,0.4499,80.0,0.8163,18.0,0.1837,0.0,0.0,0.0,0.0,2022,False,EarlyTrend
2022-08-12,15229.0,15309.0,15200.0,15272.0,128492.0,109.0,0.7157,UP,0.2824,60.0,0.5505,22.0,0.2018,15.0,0.1376,12.0,0.1101,2022,False,EarlyTrend
2022-08-15,15369.0,15432.0,15310.0,15387.0,140986.0,122.0,0.7938,UP,0.1171,85.0,0.6967,0.0,0.0,16.0,0.1311,21.0,0.1721,2022,False,EarlyTrend
2022-08-16,15390.0,15450.0,15385.0,15422.0,118680.0,65.0,0.4224,UP,0.2079,50.0,0.7692,15.0,0.2308,0.0,0.0,0.0,0.0,2022,False,EarlyTrend
2022-08-17,15404.0,15461.0,15396.0,15452.0,86026.0,65.0,0.422,UP,0.3116,58.0,0.8923,6.0,0.0923,0.0,0.0,1.0,0.0154,2022,False,EarlyTrend
2022-08-18,15250.0,15325.0,15224.0,15315.0,138660.0,101.0,0.6623,UP,0.4262,62.0,0.6139,32.0,0.3168,6.0,0.0594,1.0,0.0099,2022,False,EarlyTrend
2022-08-19,15308.0,15406.0,15275.0,15353.0,145146.0,131.0,0.8558,UP,0.294,52.0,0.3969,73.0,0.5573,6.0,0.0458,0.0,0.0,2022,False,LateTrend
2022-08-22,15171.0,15250.0,15156.0,15175.0,127844.0,94.0,0.6196,UP,0.0264,73.0,0.7766,21.0,0.2234,0.0,0.0,0.0,0.0,2022,False,EarlyTrend
2022-08-23,15059.0,15109.0,15022.0,15028.0,137290.0,87.0,0.5777,DOWN,-0.2059,87.0,1.0,0.0,0.0,0.0,0.0,0.0,0.0,2022,False,EarlyTrend
2022-08-24,15080.0,15120.0,14987.0,15035.0,140574.0,133.0,0.882,DOWN,-0.2984,78.0,0.5865,30.0,0.2256,1.0,0.0075,24.0,0.1805,2022,False,EarlyTrend
2022-08-25,15130.0,15225.0,15116.0,15172.0,163432.0,109.0,0.7204,UP,0.2776,105.0,0.9633,0.0,0.0,0.0,0.0,4.0,0.0367,2022,False,EarlyTrend
2022-08-26,15271.0,15318.0,15228.0,15241.0,125280.0,90.0,0.5894,DOWN,-0.1965,65.0,0.7222,0.0,0.0,0.0,0.0,25.0,0.2778,2022,False,EarlyTrend
2022-08-29,14832.0,14898.0,14762.0,14818.0,205642.0,136.0,0.9169,DOWN,-0.0944,85.0,0.625,43.0,0.3162,0.0,0.0,8.0,0.0588,2022,False,EarlyTrend
2022-08-30,14850.0,14994.0,14837.0,14948.0,172092.0,157.0,1.0572,UP,0.6599,77.0,0.4904,0.0,0.0,24.0,0.1529,56.0,0.3567,2022,True,Spread
2022-08-31,14849.0,15099.0,14826.0,15039.0,217032.0,273.0,1.8385,UP,1.2795,112.0,0.4103,18.0,0.0659,63.0,0.2308,80.0,0.293,2022,True,Spread
2022-09-01,14841.0,14842.0,14675.0,14736.0,235392.0,167.0,1.1253,DOWN,-0.7075,148.0,0.8862,0.0,0.0,19.0,0.1138,0.0,0.0,2022,True,EarlyTrend
2022-09-02,14776.0,14782.0,14584.0,14597.0,184644.0,198.0,1.34,DOWN,-1.2114,99.0,0.5,55.0,0.2778,0.0,0.0,44.0,0.2222,2022,True,EarlyTrend
2022-09-05,14590.0,14719.0,14561.0,14611.0,185056.0,158.0,1.0829,UP,0.1439,141.0,0.8924,17.0,0.1076,0.0,0.0,0.0,0.0,2022,True,EarlyTrend
2022-09-06,14720.0,14770.0,14555.0,14634.0,186342.0,215.0,1.4606,DOWN,-0.5842,134.0,0.6233,26.0,0.1209,55.0,0.2558,0.0,0.0,2022,True,EarlyTrend
2022-09-07,14445.0,14455.0,14331.0,14359.0,198610.0,124.0,0.8584,DOWN,-0.5954,124.0,1.0,0.0,0.0,0.0,0.0,0.0,0.0,2022,False,EarlyTrend
2022-09-08,14459.0,14552.0,14389.0,14548.0,176994.0,163.0,1.1273,UP,0.6155,85.0,0.5215,0.0,0.0,23.0,0.1411,55.0,0.3374,2022,True,EarlyTrend
2022-09-12,14775.0,14824.0,14731.0,14794.0,147684.0,93.0,0.6294,UP,0.1286,92.0,0.9892,1.0,0.0108,0.0,0.0,0.0,0.0,2022,False,EarlyTrend
2022-09-13,14884.0,14928.0,14827.0,14875.0,129112.0,101.0,0.6786,DOWN,-0.0605,62.0,0.6139,6.0,0.0594,18.0,0.1782,15.0,0.1485,2022,False,EarlyTrend
2022-09-14,14458.0,14641.0,14443.0,14577.0,177298.0,198.0,1.3695,UP,0.8231,163.0,0.8232,19.0,0.096,0.0,0.0,16.0,0.0808,2022,True,EarlyTrend
2022-09-15,14578.0,14715.0,14562.0,14642.0,154568.0,153.0,1.0495,UP,0.439,114.0,0.7451,10.0,0.0654,29.0,0.1895,0.0,0.0,2022,True,EarlyTrend
2022-09-16,14500.0,14527.0,14465.0,14483.0,147056.0,62.0,0.4276,DOWN,-0.1172,59.0,0.9516,0.0,0.0,3.0,0.0484,0.0,0.0,2022,False,EarlyTrend
2022-09-19,14550.0,14579.0,14406.0,14420.0,153866.0,173.0,1.189,DOWN,-0.8935,126.0,0.7283,25.0,0.1445,22.0,0.1272,0.0,0.0,2022,True,EarlyTrend
2022-09-20,14548.0,14569.0,14464.0,14561.0,132784.0,105.0,0.7217,UP,0.0894,81.0,0.7714,5.0,0.0476,0.0,0.0,19.0,0.181,2022,False,EarlyTrend
2022-09-21,14476.0,14520.0,14392.0,14402.0,87826.0,128.0,0.8842,DOWN,-0.5112,67.0,0.5234,0.0,0.0,0.0,0.0,61.0,0.4766,2022,False,EarlyTrend
2022-09-22,14225.0,14250.0,14088.0,14242.0,208290.0,162.0,1.1388,UP,0.1195,155.0,0.9568,2.0,0.0123,0.0,0.0,5.0,0.0309,2022,True,EarlyTrend
2022-09-23,14212.0,14229.0,14056.0,14119.0,173458.0,173.0,1.2173,DOWN,-0.6544,63.0,0.3642,40.0,0.2312,35.0,0.2023,35.0,0.2023,2022,True,Spread
2022-09-26,13916.0,13953.0,13740.0,13758.0,229274.0,213.0,1.5306,DOWN,-1.1354,152.0,0.7136,0.0,0.0,19.0,0.0892,42.0,0.1972,2022,True,EarlyTrend
2022-09-27,13843.0,13861.0,13735.0,13818.0,189574.0,126.0,0.9102,DOWN,-0.1806,111.0,0.881,15.0,0.119,0.0,0.0,0.0,0.0,2022,False,EarlyTrend
2022-09-28,13796.0,13849.0,13486.0,13515.0,288734.0,363.0,2.6312,DOWN,-2.0368,289.0,0.7961,74.0,0.2039,0.0,0.0,0.0,0.0,2022,True,EarlyTrend
2022-09-29,13658.0,13672.0,13471.0,13524.0,229370.0,201.0,1.4717,DOWN,-0.9811,97.0,0.4826,94.0,0.4677,10.0,0.0498,0.0,0.0,2022,True,LateTrend
2022-09-30,13356.0,13458.0,13298.0,13395.0,240052.0,160.0,1.198,UP,0.292,152.0,0.95,0.0,0.0,0.0,0.0,8.0,0.05,2022,True,EarlyTrend
2022-10-03,13248.0,13444.0,13215.0,13304.0,220566.0,229.0,1.7286,UP,0.4227,169.0,0.738,60.0,0.262,0.0,0.0,0.0,0.0,2022,True,EarlyTrend
2022-10-04,13530.0,13615.0,13489.0,13597.0,183038.0,126.0,0.9313,UP,0.4952,82.0,0.6508,23.0,0.1825,21.0,0.1667,0.0,0.0,2022,False,EarlyTrend
2022-10-05,13740.0,13884.0,13721.0,13820.0,232870.0,163.0,1.1863,UP,0.5822,129.0,0.7914,34.0,0.2086,0.0,0.0,0.0,0.0,2022,True,EarlyTrend
2022-10-06,13932.0,13957.0,13814.0,13869.0,179134.0,143.0,1.0264,DOWN,-0.4522,124.0,0.8671,19.0,0.1329,0.0,0.0,0.0,0.0,2022,True,EarlyTrend
2022-10-07,13781.0,13818.0,13683.0,13689.0,162084.0,135.0,0.9796,DOWN,-0.6676,52.0,0.3852,23.0,0.1704,28.0,0.2074,32.0,0.237,2022,False,Spread
2022-10-11,13251.0,13297.0,13081.0,13091.0,261578.0,216.0,1.6301,DOWN,-1.2075,148.0,0.6852,10.0,0.0463,21.0,0.0972,37.0,0.1713,2022,True,EarlyTrend
2022-10-12,13049.0,13140.0,12975.0,13076.0,221518.0,165.0,1.2645,UP,0.2069,135.0,0.8182,30.0,0.1818,0.0,0.0,0.0,0.0,2022,True,EarlyTrend
2022-10-13,13032.0,13085.0,12805.0,12869.0,249708.0,280.0,2.1486,DOWN,-1.2508,70.0,0.25,163.0,0.5821,0.0,0.0,47.0,0.1679,2022,True,LateTrend
2022-10-14,13150.0,13249.0,13074.0,13166.0,200646.0,175.0,1.3308,UP,0.1217,119.0,0.68,56.0,0.32,0.0,0.0,0.0,0.0,2022,True,EarlyTrend
2022-10-17,12964.0,13009.0,12821.0,12981.0,237058.0,188.0,1.4502,UP,0.1311,188.0,1.0,0.0,0.0,0.0,0.0,0.0,0.0,2022,True,EarlyTrend
2022-10-18,13158.0,13182.0,12992.0,13103.0,219436.0,190.0,1.444,DOWN,-0.418,129.0,0.6789,61.0,0.3211,0.0,0.0,0.0,0.0,2022,True,EarlyTrend
2022-10-19,13125.0,13168.0,12967.0,12998.0,131816.0,201.0,1.5314,DOWN,-0.9676,92.0,0.4577,0.0,0.0,44.0,0.2189,65.0,0.3234,2022,True,Spread
2022-10-20,12815.0,12916.0,12662.0,12900.0,275074.0,254.0,1.9821,UP,0.6633,157.0,0.6181,0.0,0.0,0.0,0.0,97.0,0.3819,2022,True,EarlyTrend
2022-10-21,12922.0,12948.0,12794.0,12805.0,215846.0,154.0,1.1918,DOWN,-0.9054,91.0,0.5909,2.0,0.013,0.0,0.0,61.0,0.3961,2022,True,EarlyTrend
2022-10-24,13100.0,13126.0,12864.0,12882.0,240638.0,262.0,2.0,DOWN,-1.6641,166.0,0.6336,44.0,0.1679,31.0,0.1183,21.0,0.0802,2022,True,EarlyTrend
2022-10-25,12895.0,12946.0,12652.0,12682.0,292888.0,294.0,2.28,DOWN,-1.6518,208.0,0.7075,86.0,0.2925,0.0,0.0,0.0,0.0,2022,True,EarlyTrend
2022-10-26,12722.0,12833.0,12664.0,12739.0,217792.0,169.0,1.3284,UP,0.1336,91.0,0.5385,78.0,0.4615,0.0,0.0,0.0,0.0,2022,True,EarlyTrend
2022-10-27,12883.0,12984.0,12878.0,12956.0,195308.0,106.0,0.8228,UP,0.5666,106.0,1.0,0.0,0.0,0.0,0.0,0.0,0.0,2022,False,EarlyTrend
2022-10-28,12855.0,12915.0,12745.0,12764.0,194264.0,170.0,1.3224,DOWN,-0.7079,83.0,0.4882,25.0,0.1471,1.0,0.0059,61.0,0.3588,2022,True,Spread
2022-10-31,12880.0,12997.0,12836.0,12943.0,176738.0,161.0,1.25,UP,0.4891,129.0,0.8012,17.0,0.1056,15.0,0.0932,0.0,0.0,2022,True,EarlyTrend
2022-11-01,12960.0,13095.0,12934.0,13031.0,181846.0,161.0,1.2423,UP,0.5478,132.0,0.8199,29.0,0.1801,0.0,0.0,0.0,0.0,2022,True,EarlyTrend
2022-11-02,13033.0,13103.0,13015.0,13083.0,132282.0,88.0,0.6752,UP,0.3836,56.0,0.6364,32.0,0.3636,0.0,0.0,0.0,0.0,2022,False,EarlyTrend
2022-11-03,12883.0,12983.0,12854.0,12958.0,148252.0,129.0,1.0013,UP,0.5822,116.0,0.8992,10.0,0.0775,0.0,0.0,3.0,0.0233,2022,True,EarlyTrend
2022-11-04,12880.0,13039.0,12850.0,13030.0,164754.0,189.0,1.4674,UP,1.1646,91.0,0.4815,30.0,0.1587,6.0,0.0317,62.0,0.328,2022,True,Spread
2022-11-07,13156.0,13265.0,13096.0,13224.0,191052.0,169.0,1.2846,UP,0.5169,102.0,0.6036,11.0,0.0651,44.0,0.2604,12.0,0.071,2022,True,EarlyTrend
2022-11-08,13312.0,13390.0,13298.0,13334.0,149028.0,92.0,0.6911,UP,0.1653,90.0,0.9783,2.0,0.0217,0.0,0.0,0.0,0.0,2022,False,EarlyTrend
2022-11-09,13467.0,13613.0,13438.0,13595.0,174844.0,175.0,1.2995,UP,0.9505,94.0,0.5371,45.0,0.2571,22.0,0.1257,14.0,0.08,2022,True,EarlyTrend
2022-11-10,13543.0,13565.0,13461.0,13477.0,141986.0,104.0,0.7679,DOWN,-0.4873,67.0,0.6442,37.0,0.3558,0.0,0.0,0.0,0.0,2022,False,EarlyTrend
2022-11-11,13965.0,14062.0,13896.0,14058.0,223768.0,166.0,1.1887,UP,0.666,147.0,0.8855,0.0,0.0,0.0,0.0,19.0,0.1145,2022,True,EarlyTrend
2022-11-14,14159.0,14195.0,14080.0,14127.0,186584.0,115.0,0.8122,DOWN,-0.226,97.0,0.8435,11.0,0.0957,7.0,0.0609,0.0,0.0,2022,False,EarlyTrend
2022-11-15,14237.0,14575.0,14212.0,14530.0,249198.0,363.0,2.5497,UP,2.058,172.0,0.4738,166.0,0.4573,1.0,0.0028,24.0,0.0661,2022,True,LateTrend
2022-11-16,14620.0,14652.0,14451.0,14499.0,146486.0,201.0,1.3748,DOWN,-0.8276,195.0,0.9701,6.0,0.0299,0.0,0.0,0.0,0.0,2022,True,EarlyTrend
2022-11-17,14471.0,14545.0,14357.0,14513.0,177016.0,188.0,1.2992,UP,0.2902,93.0,0.4947,44.0,0.234,22.0,0.117,29.0,0.1543,2022,True,Spread
2022-11-18,14551.0,14681.0,14437.0,14460.0,228580.0,244.0,1.6769,DOWN,-0.6254,180.0,0.7377,52.0,0.2131,0.0,0.0,12.0,0.0492,2022,True,EarlyTrend
2022-11-21,14492.0,14517.0,14411.0,14428.0,160446.0,106.0,0.7314,DOWN,-0.4416,91.0,0.8585,11.0,0.1038,0.0,0.0,4.0,0.0377,2022,False,EarlyTrend
2022-11-22,14457.0,14529.0,14364.0,14505.0,176610.0,165.0,1.1413,UP,0.332,111.0,0.6727,4.0,0.0242,50.0,0.303,0.0,0.0,2022,True,EarlyTrend
2022-11-23,14615.0,14642.0,14543.0,14600.0,153942.0,99.0,0.6774,DOWN,-0.1026,81.0,0.8182,18.0,0.1818,0.0,0.0,0.0,0.0,2022,False,EarlyTrend
2022-11-24,14690.0,14789.0,14656.0,14775.0,154834.0,133.0,0.9054,UP,0.5786,63.0,0.4737,0.0,0.0,0.0,0.0,70.0,0.5263,2022,False,Afternoon
2022-11-25,14769.0,14798.0,14703.0,14703.0,136682.0,95.0,0.6432,DOWN,-0.4469,55.0,0.5789,25.0,0.2632,14.0,0.1474,1.0,0.0105,2022,False,EarlyTrend
2022-11-28,14550.0,14588.0,14433.0,14475.0,212856.0,155.0,1.0653,DOWN,-0.5155,107.0,0.6903,41.0,0.2645,0.0,0.0,7.0,0.0452,2022,True,EarlyTrend
2022-11-29,14470.0,14678.0,14431.0,14658.0,183972.0,247.0,1.707,UP,1.2992,142.0,0.5749,2.0,0.0081,58.0,0.2348,45.0,0.1822,2022,True,EarlyTrend
2022-11-30,14640.0,14838.0,14619.0,14800.0,203572.0,219.0,1.4959,UP,1.0929,118.0,0.5388,3.0,0.0137,48.0,0.2192,50.0,0.2283,2022,True,EarlyTrend
2022-12-01,15030.0,15119.0,14927.0,14977.0,218884.0,192.0,1.2774,DOWN,-0.3526,119.0,0.6198,14.0,0.0729,59.0,0.3073,0.0,0.0,2022,True,EarlyTrend
2022-12-02,14860.0,14959.0,14842.0,14886.0,140362.0,117.0,0.7873,UP,0.175,90.0,0.7692,27.0,0.2308,0.0,0.0,0.0,0.0,2022,False,EarlyTrend
2022-12-05,14898.0,15046.0,14880.0,14935.0,158962.0,166.0,1.1142,UP,0.2484,156.0,0.9398,10.0,0.0602,0.0,0.0,0.0,0.0,2022,True,EarlyTrend
2022-12-06,14874.0,14894.0,14672.0,14675.0,184906.0,222.0,1.4925,DOWN,-1.3379,103.0,0.464,5.0,0.0225,11.0,0.0495,103.0,0.464,2022,True,Afternoon
2022-12-07,14603.0,14780.0,14594.0,14623.0,213794.0,186.0,1.2737,UP,0.137,179.0,0.9624,1.0,0.0054,6.0,0.0323,0.0,0.0,2022,True,EarlyTrend
2022-12-08,14567.0,14570.0,14413.0,14496.0,199148.0,157.0,1.0778,DOWN,-0.4874,150.0,0.9554,7.0,0.0446,0.0,0.0,0.0,0.0,2022,True,EarlyTrend
2022-12-09,14636.0,14722.0,14572.0,14707.0,175400.0,150.0,1.0249,UP,0.4851,93.0,0.62,45.0,0.3,12.0,0.08,0.0,0.0,2022,True,EarlyTrend
2022-12-12,14649.0,14650.0,14485.0,14581.0,174198.0,165.0,1.1264,DOWN,-0.4642,165.0,1.0,0.0,0.0,0.0,0.0,0.0,0.0,2022,True,EarlyTrend
2022-12-13,14660.0,14687.0,14496.0,14519.0,171810.0,191.0,1.3029,DOWN,-0.9618,129.0,0.6754,11.0,0.0576,9.0,0.0471,42.0,0.2199,2022,True,EarlyTrend
2022-12-14,14609.0,14732.0,14576.0,14710.0,175460.0,156.0,1.0678,UP,0.6914,136.0,0.8718,0.0,0.0,20.0,0.1282,0.0,0.0,2022,True,EarlyTrend
2022-12-15,14658.0,14750.0,14607.0,14708.0,175908.0,143.0,0.9756,UP,0.3411,105.0,0.7343,0.0,0.0,38.0,0.2657,0.0,0.0,2022,False,EarlyTrend
2022-12-16,14440.0,14550.0,14411.0,14461.0,201976.0,139.0,0.9626,UP,0.1454,83.0,0.5971,56.0,0.4029,0.0,0.0,0.0,0.0,2022,False,EarlyTrend
2022-12-19,14405.0,14485.0,14362.0,14404.0,129898.0,123.0,0.8539,DOWN,-0.0069,95.0,0.7724,28.0,0.2276,0.0,0.0,0.0,0.0,2022,False,EarlyTrend
2022-12-20,14366.0,14442.0,14121.0,14154.0,217794.0,321.0,2.2344,DOWN,-1.4757,91.0,0.2835,0.0,0.0,169.0,0.5265,61.0,0.19,2022,True,Spread
2022-12-21,14210.0,14278.0,14175.0,14219.0,90692.0,103.0,0.7248,UP,0.0633,78.0,0.7573,0.0,0.0,0.0,0.0,25.0,0.2427,2022,False,EarlyTrend
2022-12-22,14311.0,14396.0,14285.0,14377.0,143894.0,111.0,0.7756,UP,0.4612,87.0,0.7838,13.0,0.1171,0.0,0.0,11.0,0.0991,2022,False,EarlyTrend
2022-12-23,14168.0,14237.0,14125.0,14190.0,145838.0,112.0,0.7905,UP,0.1553,100.0,0.8929,0.0,0.0,0.0,0.0,12.0,0.1071,2022,False,EarlyTrend
2022-12-26,14196.0,14254.0,14192.0,14245.0,70624.0,62.0,0.4367,UP,0.3452,35.0,0.5645,0.0,0.0,23.0,0.371,4.0,0.0645,2022,False,EarlyTrend
2022-12-27,14295.0,14392.0,14278.0,14303.0,130652.0,114.0,0.7975,UP,0.056,100.0,0.8772,0.0,0.0,0.0,0.0,14.0,0.1228,2022,False,EarlyTrend
2022-12-28,14190.0,14195.0,14070.0,14110.0,169162.0,125.0,0.8809,DOWN,-0.5638,78.0,0.624,34.0,0.272,13.0,0.104,0.0,0.0,2022,False,EarlyTrend
2022-12-29,13960.0,14072.0,13938.0,14032.0,156854.0,134.0,0.9599,UP,0.5158,85.0,0.6343,0.0,0.0,6.0,0.0448,43.0,0.3209,2022,False,EarlyTrend
2022-12-30,14193.0,14213.0,14127.0,14134.0,122730.0,86.0,0.6059,DOWN,-0.4157,62.0,0.7209,10.0,0.1163,0.0,0.0,14.0,0.1628,2022,False,EarlyTrend
2023-01-03,14050.0,14247.0,13952.0,14230.0,229202.0,295.0,2.0996,UP,1.2811,111.0,0.3763,98.0,0.3322,49.0,0.1661,37.0,0.1254,2023,True,Spread
2023-01-04,14205.0,14271.0,14181.0,14208.0,139000.0,90.0,0.6336,UP,0.0211,90.0,1.0,0.0,0.0,0.0,0.0,0.0,0.0,2023,False,EarlyTrend
2023-01-05,14324.0,14375.0,14239.0,14289.0,155236.0,136.0,0.9495,DOWN,-0.2443,75.0,0.5515,32.0,0.2353,29.0,0.2132,0.0,0.0,2023,False,EarlyTrend
2023-01-06,14278.0,14403.0,14275.0,14364.0,156936.0,128.0,0.8965,UP,0.6023,72.0,0.5625,0.0,0.0,53.0,0.4141,3.0,0.0234,2023,False,EarlyTrend
2023-01-09,14618.0,14770.0,14582.0,14769.0,159798.0,188.0,1.2861,UP,1.033,83.0,0.4415,13.0,0.0691,21.0,0.1117,71.0,0.3777,2023,True,Spread
2023-01-10,14745.0,14829.0,14735.0,14808.0,137908.0,94.0,0.6375,UP,0.4273,89.0,0.9468,5.0,0.0532,0.0,0.0,0.0,0.0,2023,False,EarlyTrend
2023-01-11,14855.0,14884.0,14746.0,14792.0,124514.0,138.0,0.929,DOWN,-0.4241,100.0,0.7246,30.0,0.2174,8.0,0.058,0.0,0.0,2023,False,EarlyTrend
2023-01-12,14825.0,14840.0,14709.0,14768.0,136382.0,131.0,0.8836,DOWN,-0.3845,60.0,0.458,65.0,0.4962,0.0,0.0,6.0,0.0458,2023,False,LateTrend
2023-01-13,15000.0,15016.0,14822.0,14833.0,160766.0,194.0,1.2933,DOWN,-1.1133,146.0,0.7526,18.0,0.0928,30.0,0.1546,0.0,0.0,2023,True,EarlyTrend
2023-01-16,14935.0,15004.0,14916.0,14936.0,125866.0,88.0,0.5892,UP,0.0067,76.0,0.8636,5.0,0.0568,5.0,0.0568,2.0,0.0227,2023,False,EarlyTrend
2023-01-17,14923.0,14969.0,14906.0,14925.0,101204.0,63.0,0.4222,UP,0.0134,37.0,0.5873,13.0,0.2063,9.0,0.1429,4.0,0.0635,2023,False,EarlyTrend
2023-01-30,15450.0,15532.0,15349.0,15458.0,107294.0,183.0,1.1845,UP,0.0518,152.0,0.8306,31.0,0.1694,0.0,0.0,0.0,0.0,2023,True,EarlyTrend
2023-01-31,15449.0,15456.0,15265.0,15268.0,145864.0,191.0,1.2363,DOWN,-1.1716,53.0,0.2775,22.0,0.1152,59.0,0.3089,57.0,0.2984,2023,True,Spread
2023-02-01,15350.0,15402.0,15297.0,15383.0,122726.0,105.0,0.684,UP,0.215,54.0,0.5143,45.0,0.4286,0.0,0.0,6.0,0.0571,2023,False,EarlyTrend
2023-02-02,15549.0,15600.0,15468.0,15580.0,150688.0,132.0,0.8489,UP,0.1994,102.0,0.7727,0.0,0.0,15.0,0.1136,15.0,0.1136,2023,False,EarlyTrend
2023-02-03,15581.0,15629.0,15488.0,15579.0,143498.0,141.0,0.9049,DOWN,-0.0128,100.0,0.7092,0.0,0.0,16.0,0.1135,25.0,0.1773,2023,False,EarlyTrend
2023-02-06,15504.0,15505.0,15391.0,15405.0,150616.0,114.0,0.7353,DOWN,-0.6385,94.0,0.8246,4.0,0.0351,0.0,0.0,16.0,0.1404,2023,False,EarlyTrend
2023-02-07,15383.0,15447.0,15366.0,15396.0,130094.0,81.0,0.5266,UP,0.0845,77.0,0.9506,0.0,0.0,4.0,0.0494,0.0,0.0,2023,False,EarlyTrend
2023-02-08,15475.0,15624.0,15474.0,15604.0,143462.0,150.0,0.9693,UP,0.8336,92.0,0.6133,32.0,0.2133,25.0,0.1667,1.0,0.0067,2023,False,EarlyTrend
2023-02-09,15549.0,15608.0,15530.0,15601.0,112980.0,78.0,0.5016,UP,0.3344,62.0,0.7949,13.0,0.1667,0.0,0.0,3.0,0.0385,2023,False,EarlyTrend
2023-02-10,15596.0,15598.0,15520.0,15575.0,166538.0,78.0,0.5001,DOWN,-0.1346,78.0,1.0,0.0,0.0,0.0,0.0,0.0,0.0,2023,False,EarlyTrend
2023-02-13,15510.0,15547.0,15431.0,15533.0,155404.0,116.0,0.7479,UP,0.1483,116.0,1.0,0.0,0.0,0.0,0.0,0.0,0.0,2023,False,EarlyTrend
2023-02-14,15633.0,15682.0,15588.0,15661.0,125374.0,94.0,0.6013,UP,0.1791,60.0,0.6383,34.0,0.3617,0.0,0.0,0.0,0.0,2023,False,EarlyTrend
2023-02-15,15495.0,15533.0,15360.0,15361.0,118832.0,173.0,1.1165,DOWN,-0.8648,77.0,0.4451,83.0,0.4798,0.0,0.0,13.0,0.0751,2023,True,LateTrend
2023-02-16,15458.0,15599.0,15451.0,15546.0,163276.0,148.0,0.9574,UP,0.5693,67.0,0.4527,57.0,0.3851,24.0,0.1622,0.0,0.0,2023,False,Spread
2023-02-17,15428.0,15475.0,15384.0,15433.0,142412.0,91.0,0.5898,UP,0.0324,91.0,1.0,0.0,0.0,0.0,0.0,0.0,0.0,2023,False,EarlyTrend
2023-02-20,15386.0,15555.0,15367.0,15522.0,141540.0,188.0,1.2219,UP,0.8839,151.0,0.8032,20.0,0.1064,0.0,0.0,17.0,0.0904,2023,True,EarlyTrend
2023-02-21,15486.0,15547.0,15471.0,15528.0,114440.0,76.0,0.4908,UP,0.2712,47.0,0.6184,29.0,0.3816,0.0,0.0,0.0,0.0,2023,False,EarlyTrend
2023-02-22,15353.0,15415.0,15306.0,15376.0,160910.0,109.0,0.71,UP,0.1498,73.0,0.6697,0.0,0.0,36.0,0.3303,0.0,0.0,2023,False,EarlyTrend
2023-02-23,15435.0,15656.0,15433.0,15597.0,184362.0,223.0,1.4448,UP,1.0496,142.0,0.6368,81.0,0.3632,0.0,0.0,0.0,0.0,2023,True,EarlyTrend
2023-02-24,15642.0,15684.0,15526.0,15542.0,153336.0,158.0,1.0101,DOWN,-0.6393,92.0,0.5823,7.0,0.0443,17.0,0.1076,42.0,0.2658,2023,True,EarlyTrend
2023-03-01,15381.0,15555.0,15333.0,15544.0,165106.0,222.0,1.4433,UP,1.0597,152.0,0.6847,29.0,0.1306,24.0,0.1081,17.0,0.0766,2023,True,EarlyTrend
2023-03-02,15596.0,15618.0,15435.0,15542.0,162962.0,183.0,1.1734,DOWN,-0.3462,183.0,1.0,0.0,0.0,0.0,0.0,0.0,0.0,2023,True,EarlyTrend
2023-03-03,15612.0,15670.0,15568.0,15619.0,162904.0,102.0,0.6533,UP,0.0448,98.0,0.9608,0.0,0.0,4.0,0.0392,0.0,0.0,2023,False,EarlyTrend
2023-03-06,15730.0,15834.0,15692.0,15774.0,177002.0,142.0,0.9027,UP,0.2797,81.0,0.5704,61.0,0.4296,0.0,0.0,0.0,0.0,2023,False,EarlyTrend
2023-03-07,15786.0,15894.0,15750.0,15874.0,132114.0,144.0,0.9122,UP,0.5575,58.0,0.4028,46.0,0.3194,26.0,0.1806,14.0,0.0972,2023,False,Spread
2023-03-08,15725.0,15809.0,15721.0,15785.0,150266.0,88.0,0.5596,UP,0.3816,82.0,0.9318,5.0,0.0568,0.0,0.0,1.0,0.0114,2023,False,EarlyTrend
2023-03-09,15855.0,15862.0,15751.0,15767.0,125892.0,111.0,0.7001,DOWN,-0.555,70.0,0.6306,26.0,0.2342,15.0,0.1351,0.0,0.0,2023,False,EarlyTrend
2023-03-10,15618.0,15624.0,15452.0,15484.0,199652.0,172.0,1.1013,DOWN,-0.858,98.0,0.5698,16.0,0.093,48.0,0.2791,10.0,0.0581,2023,True,EarlyTrend
2023-03-13,15450.0,15540.0,15345.0,15520.0,220546.0,195.0,1.2621,UP,0.4531,170.0,0.8718,11.0,0.0564,14.0,0.0718,0.0,0.0,2023,True,EarlyTrend
2023-03-14,15358.0,15428.0,15310.0,15352.0,183320.0,118.0,0.7683,DOWN,-0.0391,94.0,0.7966,16.0,0.1356,8.0,0.0678,0.0,0.0,2023,False,EarlyTrend
2023-03-15,15402.0,15475.0,15316.0,15328.0,110416.0,159.0,1.0323,DOWN,-0.4805,91.0,0.5723,3.0,0.0189,11.0,0.0692,54.0,0.3396,2023,True,EarlyTrend
2023-03-16,15194.0,15305.0,15150.0,15227.0,230734.0,155.0,1.0201,UP,0.2172,121.0,0.7806,0.0,0.0,17.0,0.1097,17.0,0.1097,2023,True,EarlyTrend
2023-03-17,15310.0,15418.0,15298.0,15403.0,183574.0,120.0,0.7838,UP,0.6074,82.0,0.6833,0.0,0.0,17.0,0.1417,21.0,0.175,2023,False,EarlyTrend
2023-03-20,15454.0,15477.0,15352.0,15373.0,159294.0,125.0,0.8089,DOWN,-0.5241,102.0,0.816,11.0,0.088,11.0,0.088,1.0,0.008,2023,False,EarlyTrend
2023-03-21,15464.0,15517.0,15425.0,15455.0,146480.0,92.0,0.5949,DOWN,-0.0582,71.0,0.7717,21.0,0.2283,0.0,0.0,0.0,0.0,2023,False,EarlyTrend
2023-03-22,15589.0,15725.0,15568.0,15712.0,158728.0,157.0,1.0071,UP,0.789,131.0,0.8344,4.0,0.0255,7.0,0.0446,15.0,0.0955,2023,True,EarlyTrend
2023-03-23,15695.0,15866.0,15683.0,15837.0,175616.0,183.0,1.166,UP,0.9047,65.0,0.3552,118.0,0.6448,0.0,0.0,0.0,0.0,2023,True,LateTrend
2023-03-24,15878.0,15923.0,15806.0,15912.0,145006.0,117.0,0.7369,UP,0.2141,78.0,0.6667,0.0,0.0,14.0,0.1197,25.0,0.2137,2023,False,EarlyTrend
2023-03-27,15855.0,15893.0,15793.0,15831.0,144426.0,100.0,0.6307,DOWN,-0.1514,91.0,0.91,0.0,0.0,9.0,0.09,0.0,0.0,2023,False,EarlyTrend
2023-03-28,15814.0,15829.0,15655.0,15690.0,168264.0,174.0,1.1003,DOWN,-0.7841,143.0,0.8218,25.0,0.1437,0.0,0.0,6.0,0.0345,2023,True,EarlyTrend
2023-03-29,15730.0,15787.0,15653.0,15740.0,154348.0,134.0,0.8519,UP,0.0636,71.0,0.5299,22.0,0.1642,41.0,0.306,0.0,0.0,2023,False,EarlyTrend
2023-03-30,15822.0,15862.0,15761.0,15821.0,157444.0,101.0,0.6384,DOWN,-0.0063,50.0,0.495,51.0,0.505,0.0,0.0,0.0,0.0,2023,False,LateTrend
2023-03-31,15879.0,15965.0,15860.0,15864.0,164058.0,105.0,0.6613,DOWN,-0.0945,87.0,0.8286,6.0,0.0571,12.0,0.1143,0.0,0.0,2023,False,EarlyTrend
2023-04-06,15780.0,15793.0,15701.0,15760.0,142846.0,92.0,0.583,DOWN,-0.1267,90.0,0.9783,2.0,0.0217,0.0,0.0,0.0,0.0,2023,False,EarlyTrend
2023-04-07,15850.0,15870.0,15796.0,15818.0,104754.0,74.0,0.4669,DOWN,-0.2019,46.0,0.6216,28.0,0.3784,0.0,0.0,0.0,0.0,2023,False,EarlyTrend
2023-04-10,15839.0,15927.0,15828.0,15849.0,122294.0,99.0,0.625,UP,0.0631,98.0,0.9899,1.0,0.0101,0.0,0.0,0.0,0.0,2023,False,EarlyTrend
2023-04-11,15834.0,15963.0,15825.0,15921.0,162766.0,138.0,0.8715,UP,0.5495,121.0,0.8768,7.0,0.0507,10.0,0.0725,0.0,0.0,2023,False,EarlyTrend
2023-04-12,15957.0,15960.0,15866.0,15926.0,113966.0,94.0,0.5891,DOWN,-0.1943,94.0,1.0,0.0,0.0,0.0,0.0,0.0,0.0,2023,False,EarlyTrend
2023-04-13,15865.0,15903.0,15808.0,15816.0,158634.0,95.0,0.5988,DOWN,-0.3089,65.0,0.6842,11.0,0.1158,0.0,0.0,19.0,0.2,2023,False,EarlyTrend
2023-04-14,15882.0,15995.0,15855.0,15947.0,173582.0,140.0,0.8815,UP,0.4093,60.0,0.4286,7.0,0.05,66.0,0.4714,7.0,0.05,2023,False,Spread
2023-04-17,15920.0,15974.0,15877.0,15970.0,123226.0,97.0,0.6093,UP,0.3141,49.0,0.5052,32.0,0.3299,0.0,0.0,16.0,0.1649,2023,False,EarlyTrend
2023-04-18,15931.0,15963.0,15862.0,15890.0,146242.0,101.0,0.634,DOWN,-0.2574,68.0,0.6733,6.0,0.0594,5.0,0.0495,22.0,0.2178,2023,False,EarlyTrend
2023-04-19,15876.0,15907.0,15768.0,15778.0,103840.0,139.0,0.8755,DOWN,-0.6173,38.0,0.2734,48.0,0.3453,6.0,0.0432,47.0,0.3381,2023,False,Spread
2023-04-20,15730.0,15798.0,15682.0,15731.0,190126.0,116.0,0.7374,UP,0.0064,102.0,0.8793,14.0,0.1207,0.0,0.0,0.0,0.0,2023,False,EarlyTrend
2023-04-21,15757.0,15778.0,15602.0,15615.0,203444.0,176.0,1.117,DOWN,-0.9012,64.0,0.3636,87.0,0.4943,0.0,0.0,25.0,0.142,2023,True,LateTrend
2023-04-24,15545.0,15655.0,15542.0,15623.0,149096.0,113.0,0.7269,UP,0.5018,103.0,0.9115,10.0,0.0885,0.0,0.0,0.0,0.0,2023,False,EarlyTrend
2023-04-25,15641.0,15662.0,15369.0,15388.0,235424.0,293.0,1.8733,DOWN,-1.6175,124.0,0.4232,94.0,0.3208,36.0,0.1229,39.0,0.1331,2023,True,Spread
2023-04-26,15390.0,15409.0,15312.0,15375.0,192834.0,97.0,0.6303,DOWN,-0.0975,93.0,0.9588,4.0,0.0412,0.0,0.0,0.0,0.0,2023,False,EarlyTrend
2023-04-27,15342.0,15461.0,15305.0,15427.0,171546.0,156.0,1.0168,UP,0.554,93.0,0.5962,63.0,0.4038,0.0,0.0,0.0,0.0,2023,True,EarlyTrend
2023-04-28,15515.0,15596.0,15498.0,15573.0,168998.0,98.0,0.6316,UP,0.3738,90.0,0.9184,0.0,0.0,8.0,0.0816,0.0,0.0,2023,False,EarlyTrend
2023-05-02,15628.0,15672.0,15551.0,15636.0,157808.0,121.0,0.7743,UP,0.0512,121.0,1.0,0.0,0.0,0.0,0.0,0.0,0.0,2023,False,EarlyTrend
2023-05-03,15559.0,15595.0,15523.0,15552.0,135118.0,72.0,0.4628,DOWN,-0.045,49.0,0.6806,14.0,0.1944,9.0,0.125,0.0,0.0,2023,False,EarlyTrend
2023-05-04,15496.0,15619.0,15490.0,15609.0,140970.0,129.0,0.8325,UP,0.7292,68.0,0.5271,24.0,0.186,22.0,0.1705,15.0,0.1163,2023,False,EarlyTrend
2023-05-05,15598.0,15696.0,15576.0,15643.0,157440.0,120.0,0.7693,UP,0.2885,101.0,0.8417,19.0,0.1583,0.0,0.0,0.0,0.0,2023,False,EarlyTrend
2023-05-08,15758.0,15776.0,15704.0,15723.0,134406.0,72.0,0.4569,DOWN,-0.2221,61.0,0.8472,7.0,0.0972,0.0,0.0,4.0,0.0556,2023,False,EarlyTrend
2023-05-09,15706.0,15744.0,15652.0,15739.0,146112.0,92.0,0.5858,UP,0.2101,92.0,1.0,0.0,0.0,0.0,0.0,0.0,0.0,2023,False,EarlyTrend
2023-05-10,15692.0,15702.0,15581.0,15609.0,159422.0,121.0,0.7711,DOWN,-0.5289,100.0,0.8264,16.0,0.1322,0.0,0.0,5.0,0.0413,2023,False,EarlyTrend
2023-05-11,15660.0,15683.0,15517.0,15518.0,184768.0,166.0,1.06,DOWN,-0.9068,130.0,0.7831,19.0,0.1145,0.0,0.0,17.0,0.1024,2023,True,EarlyTrend
2023-05-12,15450.0,15559.0,15420.0,15508.0,174418.0,139.0,0.8997,UP,0.3754,58.0,0.4173,6.0,0.0432,34.0,0.2446,41.0,0.295,2023,False,Spread
2023-05-15,15439.0,15522.0,15425.0,15510.0,152712.0,97.0,0.6283,UP,0.4599,83.0,0.8557,0.0,0.0,0.0,0.0,14.0,0.1443,2023,False,EarlyTrend
2023-05-16,15604.0,15723.0,15593.0,15690.0,149046.0,130.0,0.8331,UP,0.5511,73.0,0.5615,21.0,0.1615,8.0,0.0615,28.0,0.2154,2023,False,EarlyTrend
2023-05-17,15661.0,15894.0,15650.0,15876.0,145036.0,244.0,1.558,UP,1.3728,94.0,0.3852,91.0,0.373,5.0,0.0205,54.0,0.2213,2023,True,Spread
2023-05-18,16026.0,16085.0,15960.0,16070.0,172182.0,125.0,0.78,UP,0.2746,80.0,0.64,25.0,0.2,20.0,0.16,0.0,0.0,2023,False,EarlyTrend
2023-05-19,16153.0,16161.0,16068.0,16129.0,145150.0,93.0,0.5757,DOWN,-0.1486,71.0,0.7634,22.0,0.2366,0.0,0.0,0.0,0.0,2023,False,EarlyTrend
2023-05-22,16133.0,16158.0,16091.0,16116.0,115250.0,67.0,0.4153,DOWN,-0.1054,52.0,0.7761,15.0,0.2239,0.0,0.0,0.0,0.0,2023,False,EarlyTrend
2023-05-23,16149.0,16195.0,16072.0,16133.0,164294.0,123.0,0.7617,DOWN,-0.0991,107.0,0.8699,16.0,0.1301,0.0,0.0,0.0,0.0,2023,False,EarlyTrend
2023-05-24,16055.0,16091.0,16005.0,16072.0,153770.0,86.0,0.5357,UP,0.1059,62.0,0.7209,18.0,0.2093,1.0,0.0116,5.0,0.0581,2023,False,EarlyTrend
2023-05-25,16132.0,16232.0,16125.0,16207.0,196688.0,107.0,0.6633,UP,0.4649,107.0,1.0,0.0,0.0,0.0,0.0,0.0,0.0,2023,False,EarlyTrend
2023-05-26,16362.0,16456.0,16346.0,16435.0,179690.0,110.0,0.6723,UP,0.4462,106.0,0.9636,4.0,0.0364,0.0,0.0,0.0,0.0,2023,False,EarlyTrend
2023-05-29,16607.0,16633.0,16543.0,16570.0,147408.0,90.0,0.5419,DOWN,-0.2228,72.0,0.8,18.0,0.2,0.0,0.0,0.0,0.0,2023,False,EarlyTrend
2023-05-30,16550.0,16607.0,16515.0,16576.0,132068.0,92.0,0.5559,UP,0.1571,57.0,0.6196,0.0,0.0,35.0,0.3804,0.0,0.0,2023,False,EarlyTrend
2023-05-31,16576.0,16598.0,16455.0,16489.0,195720.0,143.0,0.8627,DOWN,-0.5249,80.0,0.5594,63.0,0.4406,0.0,0.0,0.0,0.0,2023,False,EarlyTrend
2023-06-01,16440.0,16518.0,16422.0,16470.0,139994.0,96.0,0.5839,UP,0.1825,88.0,0.9167,8.0,0.0833,0.0,0.0,0.0,0.0,2023,False,EarlyTrend
2023-06-02,16577.0,16738.0,16566.0,16710.0,163646.0,172.0,1.0376,UP,0.8023,104.0,0.6047,15.0,0.0872,53.0,0.3081,0.0,0.0,2023,True,EarlyTrend
2023-06-05,16750.0,16764.0,16657.0,16681.0,135344.0,107.0,0.6388,DOWN,-0.4119,90.0,0.8411,0.0,0.0,10.0,0.0935,7.0,0.0654,2023,False,EarlyTrend
2023-06-06,16687.0,16784.0,16680.0,16747.0,152928.0,104.0,0.6232,UP,0.3596,67.0,0.6442,37.0,0.3558,0.0,0.0,0.0,0.0,2023,False,EarlyTrend
2023-06-07,16785.0,16906.0,16766.0,16889.0,151842.0,140.0,0.8341,UP,0.6196,82.0,0.5857,28.0,0.2,20.0,0.1429,10.0,0.0714,2023,False,EarlyTrend
2023-06-08,16852.0,16867.0,16667.0,16719.0,172584.0,200.0,1.1868,DOWN,-0.7892,82.0,0.41,9.0,0.045,48.0,0.24,61.0,0.305,2023,True,Spread
2023-06-09,16802.0,16888.0,16785.0,16888.0,137044.0,103.0,0.613,UP,0.5118,82.0,0.7961,19.0,0.1845,0.0,0.0,2.0,0.0194,2023,False,EarlyTrend
2023-06-12,16954.0,16984.0,16907.0,16942.0,125384.0,77.0,0.4542,DOWN,-0.0708,67.0,0.8701,10.0,0.1299,0.0,0.0,0.0,0.0,2023,False,EarlyTrend
2023-06-13,17088.0,17274.0,17081.0,17220.0,178346.0,193.0,1.1294,UP,0.7725,123.0,0.6373,12.0,0.0622,58.0,0.3005,0.0,0.0,2023,True,EarlyTrend
2023-06-14,17199.0,17230.0,17133.0,17203.0,139246.0,97.0,0.564,UP,0.0233,95.0,0.9794,0.0,0.0,0.0,0.0,2.0,0.0206,2023,False,EarlyTrend
2023-06-15,17250.0,17348.0,17230.0,17337.0,146724.0,118.0,0.6841,UP,0.5043,80.0,0.678,0.0,0.0,17.0,0.1441,21.0,0.178,2023,False,EarlyTrend
2023-06-16,17292.0,17322.0,17215.0,17268.0,165564.0,107.0,0.6188,DOWN,-0.1388,103.0,0.9626,0.0,0.0,4.0,0.0374,0.0,0.0,2023,False,EarlyTrend
2023-06-19,17194.0,17286.0,17160.0,17255.0,135894.0,126.0,0.7328,UP,0.3548,88.0,0.6984,38.0,0.3016,0.0,0.0,0.0,0.0,2023,False,EarlyTrend
2023-06-20,17210.0,17238.0,17106.0,17189.0,164760.0,132.0,0.767,DOWN,-0.122,116.0,0.8788,16.0,0.1212,0.0,0.0,0.0,0.0,2023,False,EarlyTrend
2023-06-21,16966.0,17051.0,16956.0,17001.0,84828.0,95.0,0.5599,UP,0.2063,48.0,0.5053,1.0,0.0105,0.0,0.0,46.0,0.4842,2023,False,EarlyTrend
2023-06-26,16851.0,16915.0,16822.0,16880.0,144330.0,93.0,0.5519,UP,0.1721,93.0,1.0,0.0,0.0,0.0,0.0,0.0,0.0,2023,False,EarlyTrend
2023-06-27,16805.0,16855.0,16705.0,16743.0,188136.0,150.0,0.8926,DOWN,-0.3689,98.0,0.6533,14.0,0.0933,29.0,0.1933,9.0,0.06,2023,False,EarlyTrend
2023-06-28,16795.0,16810.0,16712.0,16776.0,151278.0,98.0,0.5835,DOWN,-0.1131,66.0,0.6735,32.0,0.3265,0.0,0.0,0.0,0.0,2023,False,EarlyTrend
2023-06-29,16851.0,16965.0,16733.0,16756.0,223386.0,232.0,1.3768,DOWN,-0.5638,118.0,0.5086,80.0,0.3448,34.0,0.1466,0.0,0.0,2023,True,EarlyTrend
2023-06-30,16718.0,16826.0,16671.0,16788.0,153864.0,155.0,0.9271,UP,0.4187,97.0,0.6258,0.0,0.0,27.0,0.1742,31.0,0.2,2023,False,EarlyTrend
2023-07-03,16901.0,17038.0,16897.0,17035.0,150988.0,141.0,0.8343,UP,0.7929,133.0,0.9433,0.0,0.0,8.0,0.0567,0.0,0.0,2023,False,EarlyTrend
2023-07-04,17025.0,17116.0,16983.0,17106.0,134812.0,133.0,0.7812,UP,0.4758,71.0,0.5338,18.0,0.1353,12.0,0.0902,32.0,0.2406,2023,False,EarlyTrend
2023-07-05,17086.0,17098.0,16975.0,17005.0,145562.0,123.0,0.7199,DOWN,-0.4741,58.0,0.4715,31.0,0.252,0.0,0.0,34.0,0.2764,2023,False,Spread
2023-07-06,16869.0,16898.0,16673.0,16686.0,217566.0,225.0,1.3338,DOWN,-1.0848,81.0,0.36,36.0,0.16,79.0,0.3511,29.0,0.1289,2023,True,Spread
2023-07-07,16566.0,16708.0,16536.0,16623.0,193562.0,172.0,1.0383,UP,0.3441,91.0,0.5291,21.0,0.1221,60.0,0.3488,0.0,0.0,2023,True,EarlyTrend
2023-07-10,16675.0,16737.0,16545.0,16550.0,198558.0,192.0,1.1514,DOWN,-0.7496,84.0,0.4375,0.0,0.0,93.0,0.4844,15.0,0.0781,2023,True,Spread
2023-07-11,16750.0,16877.0,16737.0,16870.0,165814.0,140.0,0.8358,UP,0.7164,101.0,0.7214,35.0,0.25,3.0,0.0214,1.0,0.0071,2023,False,EarlyTrend
2023-07-12,16880.0,16929.0,16824.0,16925.0,156616.0,105.0,0.622,UP,0.2666,75.0,0.7143,26.0,0.2476,0.0,0.0,4.0,0.0381,2023,False,EarlyTrend
2023-07-13,17137.0,17255.0,17056.0,17084.0,214212.0,199.0,1.1612,DOWN,-0.3093,136.0,0.6834,0.0,0.0,6.0,0.0302,57.0,0.2864,2023,True,EarlyTrend
2023-07-14,17219.0,17305.0,17143.0,17292.0,166974.0,162.0,0.9408,UP,0.424,81.0,0.5,68.0,0.4198,3.0,0.0185,10.0,0.0617,2023,False,EarlyTrend
2023-07-17,17234.0,17345.0,17229.0,17291.0,139578.0,116.0,0.6731,UP,0.3307,88.0,0.7586,19.0,0.1638,9.0,0.0776,0.0,0.0,2023,False,EarlyTrend
2023-07-18,17338.0,17386.0,17152.0,17225.0,201076.0,234.0,1.3496,DOWN,-0.6517,234.0,1.0,0.0,0.0,0.0,0.0,0.0,0.0,2023,True,EarlyTrend
2023-07-19,17213.0,17269.0,17047.0,17085.0,134210.0,222.0,1.2897,DOWN,-0.7436,71.0,0.3198,73.0,0.3288,12.0,0.0541,66.0,0.2973,2023,True,Spread
2023-07-20,17020.0,17150.0,17018.0,17126.0,175998.0,132.0,0.7756,UP,0.6228,132.0,1.0,0.0,0.0,0.0,0.0,0.0,0.0,2023,False,EarlyTrend
2023-07-21,16860.0,16984.0,16816.0,16944.0,198206.0,168.0,0.9964,UP,0.4982,98.0,0.5833,54.0,0.3214,16.0,0.0952,0.0,0.0,2023,False,EarlyTrend
2023-07-24,16947.0,17024.0,16866.0,16981.0,188936.0,158.0,0.9323,UP,0.2006,125.0,0.7911,33.0,0.2089,0.0,0.0,0.0,0.0,2023,False,EarlyTrend
2023-07-25,17091.0,17225.0,17054.0,17180.0,185296.0,171.0,1.0005,UP,0.5207,124.0,0.7251,10.0,0.0585,7.0,0.0409,30.0,0.1754,2023,True,EarlyTrend
2023-07-26,17206.0,17208.0,17078.0,17102.0,185116.0,130.0,0.7556,DOWN,-0.6044,122.0,0.9385,0.0,0.0,0.0,0.0,8.0,0.0615,2023,False,EarlyTrend
2023-07-27,17183.0,17263.0,17168.0,17221.0,181952.0,95.0,0.5529,UP,0.2211,86.0,0.9053,9.0,0.0947,0.0,0.0,0.0,0.0,2023,False,EarlyTrend
2023-07-28,17155.0,17299.0,17135.0,17262.0,211926.0,164.0,0.956,UP,0.6237,102.0,0.622,27.0,0.1646,35.0,0.2134,0.0,0.0,2023,False,EarlyTrend
2023-07-31,17400.0,17425.0,17058.0,17100.0,261614.0,367.0,2.1092,DOWN,-1.7241,92.0,0.2507,39.0,0.1063,236.0,0.6431,0.0,0.0,2023,True,Spread
2023-08-01,17160.0,17218.0,17090.0,17182.0,183996.0,128.0,0.7459,UP,0.1282,128.0,1.0,0.0,0.0,0.0,0.0,0.0,0.0,2023,False,EarlyTrend
2023-08-02,17093.0,17162.0,16806.0,16814.0,273152.0,356.0,2.0827,DOWN,-1.6322,121.0,0.3399,186.0,0.5225,7.0,0.0197,42.0,0.118,2023,True,LateTrend
2023-08-04,16720.0,16863.0,16715.0,16824.0,193156.0,148.0,0.8852,UP,0.622,104.0,0.7027,29.0,0.1959,15.0,0.1014,0.0,0.0,2023,False,EarlyTrend
2023-08-07,16859.0,17027.0,16836.0,17002.0,186888.0,191.0,1.1329,UP,0.8482,107.0,0.5602,79.0,0.4136,0.0,0.0,5.0,0.0262,2023,True,EarlyTrend
2023-08-08,17020.0,17026.0,16757.0,16853.0,229278.0,269.0,1.5805,DOWN,-0.9812,252.0,0.9368,17.0,0.0632,0.0,0.0,0.0,0.0,2023,True,EarlyTrend
2023-08-09,16815.0,16935.0,16780.0,16852.0,198134.0,155.0,0.9218,UP,0.22,150.0,0.9677,0.0,0.0,0.0,0.0,5.0,0.0323,2023,False,EarlyTrend
2023-08-10,16788.0,16797.0,16584.0,16660.0,229940.0,213.0,1.2688,DOWN,-0.7624,213.0,1.0,0.0,0.0,0.0,0.0,0.0,0.0,2023,True,EarlyTrend
2023-08-11,16711.0,16754.0,16574.0,16625.0,190282.0,180.0,1.0771,DOWN,-0.5146,82.0,0.4556,98.0,0.5444,0.0,0.0,0.0,0.0,2023,True,LateTrend
2023-08-14,16567.0,16570.0,16306.0,16378.0,239286.0,264.0,1.5935,DOWN,-1.1408,178.0,0.6742,61.0,0.2311,25.0,0.0947,0.0,0.0,2023,True,EarlyTrend
2023-08-15,16471.0,16540.0,16422.0,16422.0,157606.0,118.0,0.7164,DOWN,-0.2975,80.0,0.678,29.0,0.2458,0.0,0.0,9.0,0.0763,2023,False,EarlyTrend
2023-08-16,16300.0,16413.0,16290.0,16364.0,111448.0,123.0,0.7546,UP,0.3926,114.0,0.9268,9.0,0.0732,0.0,0.0,0.0,0.0,2023,False,EarlyTrend
2023-08-17,16261.0,16493.0,16205.0,16454.0,249334.0,288.0,1.7711,UP,1.1869,143.0,0.4965,127.0,0.441,18.0,0.0625,0.0,0.0,2023,True,LateTrend
2023-08-18,16422.0,16541.0,16320.0,16352.0,236206.0,221.0,1.3458,DOWN,-0.4263,126.0,0.5701,57.0,0.2579,0.0,0.0,38.0,0.1719,2023,True,EarlyTrend
2023-08-21,16424.0,16474.0,16325.0,16351.0,183486.0,149.0,0.9072,DOWN,-0.4445,146.0,0.9799,0.0,0.0,3.0,0.0201,0.0,0.0,2023,False,EarlyTrend
2023-08-22,16495.0,16507.0,16380.0,16401.0,172452.0,127.0,0.7699,DOWN,-0.5699,103.0,0.811,24.0,0.189,0.0,0.0,0.0,0.0,2023,False,EarlyTrend
2023-08-23,16419.0,16561.0,16405.0,16559.0,195652.0,156.0,0.9501,UP,0.8527,118.0,0.7564,29.0,0.1859,0.0,0.0,9.0,0.0577,2023,False,EarlyTrend
2023-08-24,16788.0,16798.0,16670.0,16759.0,216966.0,128.0,0.7624,DOWN,-0.1727,100.0,0.7812,6.0,0.0469,22.0,0.1719,0.0,0.0,2023,False,EarlyTrend
2023-08-25,16549.0,16586.0,16415.0,16421.0,199746.0,171.0,1.0333,DOWN,-0.7735,84.0,0.4912,10.0,0.0585,29.0,0.1696,48.0,0.2807,2023,True,Spread
2023-08-28,16468.0,16548.0,16461.0,16490.0,166032.0,87.0,0.5283,UP,0.1336,70.0,0.8046,14.0,0.1609,3.0,0.0345,0.0,0.0,2023,False,EarlyTrend
2023-08-29,16578.0,16632.0,16453.0,16624.0,169656.0,179.0,1.0797,UP,0.2775,128.0,0.7151,0.0,0.0,0.0,0.0,51.0,0.2849,2023,True,EarlyTrend
2023-08-30,16738.0,16778.0,16695.0,16724.0,139944.0,83.0,0.4959,DOWN,-0.0836,54.0,0.6506,22.0,0.2651,7.0,0.0843,0.0,0.0,2023,False,EarlyTrend
2023-08-31,16730.0,16731.0,16602.0,16628.0,179658.0,129.0,0.7711,DOWN,-0.6097,107.0,0.8295,0.0,0.0,19.0,0.1473,3.0,0.0233,2023,False,EarlyTrend
2023-09-01,16608.0,16727.0,16600.0,16651.0,156850.0,127.0,0.7647,UP,0.2589,116.0,0.9134,11.0,0.0866,0.0,0.0,0.0,0.0,2023,False,EarlyTrend
2023-09-04,16646.0,16782.0,16607.0,16782.0,169856.0,175.0,1.0513,UP,0.817,85.0,0.4857,60.0,0.3429,3.0,0.0171,27.0,0.1543,2023,True,Spread
2023-09-05,16736.0,16765.0,16707.0,16754.0,113956.0,58.0,0.3466,UP,0.1076,51.0,0.8793,0.0,0.0,0.0,0.0,7.0,0.1207,2023,False,EarlyTrend
2023-09-06,16758.0,16801.0,16702.0,16711.0,141172.0,99.0,0.5908,DOWN,-0.2805,83.0,0.8384,7.0,0.0707,3.0,0.0303,6.0,0.0606,2023,False,EarlyTrend
2023-09-07,16604.0,16660.0,16560.0,16564.0,156564.0,100.0,0.6023,DOWN,-0.2409,84.0,0.84,0.0,0.0,0.0,0.0,16.0,0.16,2023,False,EarlyTrend
2023-09-08,16490.0,16579.0,16467.0,16563.0,149082.0,112.0,0.6792,UP,0.4427,53.0,0.4732,49.0,0.4375,0.0,0.0,10.0,0.0893,2023,False,LateTrend
2023-09-11,16560.0,16577.0,16366.0,16427.0,208498.0,211.0,1.2742,DOWN,-0.8031,171.0,0.8104,21.0,0.0995,19.0,0.09,0.0,0.0,2023,True,EarlyTrend
2023-09-12,16459.0,16591.0,16413.0,16573.0,189074.0,178.0,1.0815,UP,0.6926,69.0,0.3876,64.0,0.3596,21.0,0.118,24.0,0.1348,2023,True,Spread
2023-09-13,16570.0,16645.0,16523.0,16577.0,158002.0,122.0,0.7363,UP,0.0422,88.0,0.7213,22.0,0.1803,12.0,0.0984,0.0,0.0,2023,False,EarlyTrend
2023-09-14,16676.0,16842.0,16675.0,16838.0,165964.0,167.0,1.0014,UP,0.9715,110.0,0.6587,0.0,0.0,26.0,0.1557,31.0,0.1856,2023,True,EarlyTrend
2023-09-15,16848.0,16918.0,16808.0,16906.0,149258.0,110.0,0.6529,UP,0.3443,63.0,0.5727,12.0,0.1091,0.0,0.0,35.0,0.3182,2023,False,EarlyTrend
2023-09-18,16757.0,16796.0,16700.0,16709.0,143802.0,96.0,0.5729,DOWN,-0.2864,62.0,0.6458,5.0,0.0521,8.0,0.0833,21.0,0.2188,2023,False,EarlyTrend
2023-09-19,16700.0,16741.0,16603.0,16609.0,147358.0,138.0,0.8263,DOWN,-0.5449,64.0,0.4638,22.0,0.1594,12.0,0.087,40.0,0.2899,2023,False,Spread
2023-09-20,16620.0,16658.0,16544.0,16564.0,99450.0,114.0,0.6859,DOWN,-0.3369,91.0,0.7982,0.0,0.0,0.0,0.0,23.0,0.2018,2023,False,EarlyTrend
2023-09-21,16479.0,16483.0,16280.0,16309.0,207766.0,203.0,1.2319,DOWN,-1.0316,169.0,0.8325,16.0,0.0788,2.0,0.0099,16.0,0.0788,2023,True,EarlyTrend
2023-09-22,16200.0,16355.0,16188.0,16345.0,154826.0,167.0,1.0309,UP,0.8951,118.0,0.7066,17.0,0.1018,4.0,0.024,28.0,0.1677,2023,True,EarlyTrend
2023-09-25,16352.0,16491.0,16340.0,16464.0,138832.0,151.0,0.9234,UP,0.6849,106.0,0.702,18.0,0.1192,21.0,0.1391,6.0,0.0397,2023,False,EarlyTrend
2023-09-26,16400.0,16408.0,16273.0,16308.0,176038.0,135.0,0.8232,DOWN,-0.561,100.0,0.7407,32.0,0.237,0.0,0.0,3.0,0.0222,2023,False,EarlyTrend
2023-09-27,16246.0,16334.0,16230.0,16311.0,152216.0,104.0,0.6402,UP,0.4001,92.0,0.8846,12.0,0.1154,0.0,0.0,0.0,0.0,2023,False,EarlyTrend
2023-09-28,16342.0,16435.0,16295.0,16368.0,181222.0,140.0,0.8567,UP,0.1591,94.0,0.6714,42.0,0.3,4.0,0.0286,0.0,0.0,2023,False,EarlyTrend
2023-10-02,16531.0,16610.0,16504.0,16557.0,153060.0,106.0,0.6412,UP,0.1573,106.0,1.0,0.0,0.0,0.0,0.0,0.0,0.0,2023,False,EarlyTrend
2023-10-03,16497.0,16553.0,16408.0,16412.0,168330.0,145.0,0.8789,DOWN,-0.5152,77.0,0.531,7.0,0.0483,0.0,0.0,61.0,0.4207,2023,False,EarlyTrend
2023-10-04,16285.0,16286.0,16164.0,16245.0,211550.0,122.0,0.7492,DOWN,-0.2456,122.0,1.0,0.0,0.0,0.0,0.0,0.0,0.0,2023,False,EarlyTrend
2023-10-05,16300.0,16486.0,16288.0,16456.0,176204.0,198.0,1.2147,UP,0.9571,126.0,0.6364,52.0,0.2626,19.0,0.096,1.0,0.0051,2023,True,EarlyTrend
2023-10-06,16476.0,16552.0,16473.0,16531.0,135510.0,79.0,0.4795,UP,0.3338,75.0,0.9494,4.0,0.0506,0.0,0.0,0.0,0.0,2023,False,EarlyTrend
2023-10-11,16829.0,16829.0,16662.0,16717.0,165848.0,167.0,0.9923,DOWN,-0.6655,132.0,0.7904,35.0,0.2096,0.0,0.0,0.0,0.0,2023,False,EarlyTrend
2023-10-12,16768.0,16857.0,16725.0,16848.0,151284.0,132.0,0.7872,UP,0.4771,72.0,0.5455,16.0,0.1212,19.0,0.1439,25.0,0.1894,2023,False,EarlyTrend
2023-10-13,16750.0,16807.0,16730.0,16770.0,131458.0,77.0,0.4597,UP,0.1194,60.0,0.7792,7.0,0.0909,0.0,0.0,10.0,0.1299,2023,False,EarlyTrend
2023-10-16,16661.0,16683.0,16603.0,16648.0,157106.0,80.0,0.4802,DOWN,-0.078,60.0,0.75,8.0,0.1,3.0,0.0375,9.0,0.1125,2023,False,EarlyTrend
2023-10-17,16764.0,16782.0,16634.0,16650.0,134898.0,148.0,0.8828,DOWN,-0.68,72.0,0.4865,7.0,0.0473,20.0,0.1351,49.0,0.3311,2023,False,Spread
2023-10-18,16616.0,16633.0,16411.0,16426.0,119250.0,222.0,1.3361,DOWN,-1.1435,131.0,0.5901,22.0,0.0991,14.0,0.0631,55.0,0.2477,2023,True,EarlyTrend
2023-10-19,16365.0,16487.0,16357.0,16458.0,167286.0,130.0,0.7944,UP,0.5683,128.0,0.9846,0.0,0.0,0.0,0.0,2.0,0.0154,2023,False,EarlyTrend
2023-10-20,16440.0,16465.0,16255.0,16413.0,230134.0,210.0,1.2774,DOWN,-0.1642,193.0,0.919,0.0,0.0,0.0,0.0,17.0,0.081,2023,True,EarlyTrend
2023-10-23,16350.0,16366.0,16250.0,16254.0,157732.0,116.0,0.7095,DOWN,-0.5872,54.0,0.4655,59.0,0.5086,3.0,0.0259,0.0,0.0,2023,False,LateTrend
2023-10-24,16274.0,16343.0,16148.0,16335.0,234286.0,195.0,1.1982,UP,0.3748,139.0,0.7128,45.0,0.2308,0.0,0.0,11.0,0.0564,2023,True,EarlyTrend
2023-10-25,16370.0,16480.0,16350.0,16358.0,170102.0,130.0,0.7941,DOWN,-0.0733,103.0,0.7923,17.0,0.1308,0.0,0.0,10.0,0.0769,2023,False,EarlyTrend
2023-10-26,16144.0,16176.0,16039.0,16069.0,219710.0,137.0,0.8486,DOWN,-0.4646,101.0,0.7372,20.0,0.146,0.0,0.0,16.0,0.1168,2023,False,EarlyTrend
2023-10-27,16137.0,16217.0,16120.0,16151.0,168846.0,97.0,0.6011,UP,0.0868,78.0,0.8041,8.0,0.0825,11.0,0.1134,0.0,0.0,2023,False,EarlyTrend
2023-10-30,16118.0,16238.0,16111.0,16157.0,177162.0,127.0,0.7879,UP,0.242,127.0,1.0,0.0,0.0,0.0,0.0,0.0,0.0,2023,False,EarlyTrend
2023-10-31,16180.0,16197.0,15973.0,15994.0,217998.0,224.0,1.3844,DOWN,-1.1496,65.0,0.2902,50.0,0.2232,63.0,0.2812,46.0,0.2054,2023,True,Spread
2023-11-01,16099.0,16120.0,15978.0,16048.0,173752.0,142.0,0.882,DOWN,-0.3168,94.0,0.662,48.0,0.338,0.0,0.0,0.0,0.0,2023,False,EarlyTrend
2023-11-02,16256.0,16399.0,16250.0,16390.0,161490.0,149.0,0.9166,UP,0.8243,105.0,0.7047,11.0,0.0738,25.0,0.1678,8.0,0.0537,2023,False,EarlyTrend
2023-11-03,16488.0,16537.0,16441.0,16512.0,147702.0,96.0,0.5822,UP,0.1456,65.0,0.6771,18.0,0.1875,13.0,0.1354,0.0,0.0,2023,False,EarlyTrend
2023-11-06,16680.0,16750.0,16626.0,16670.0,165618.0,124.0,0.7434,DOWN,-0.06,69.0,0.5565,36.0,0.2903,3.0,0.0242,16.0,0.129,2023,False,EarlyTrend
2023-11-07,16632.0,16712.0,16613.0,16709.0,129800.0,99.0,0.5952,UP,0.463,83.0,0.8384,2.0,0.0202,0.0,0.0,14.0,0.1414,2023,False,EarlyTrend
2023-11-08,16725.0,16797.0,16687.0,16749.0,152212.0,110.0,0.6577,UP,0.1435,90.0,0.8182,20.0,0.1818,0.0,0.0,0.0,0.0,2023,False,EarlyTrend
2023-11-09,16711.0,16788.0,16692.0,16763.0,139250.0,96.0,0.5745,UP,0.3112,91.0,0.9479,5.0,0.0521,0.0,0.0,0.0,0.0,2023,False,EarlyTrend
2023-11-10,16664.0,16738.0,16627.0,16736.0,153198.0,111.0,0.6661,UP,0.4321,71.0,0.6396,0.0,0.0,0.0,0.0,40.0,0.3604,2023,False,EarlyTrend
2023-11-13,16969.0,16985.0,16836.0,16876.0,162002.0,149.0,0.8781,DOWN,-0.5481,100.0,0.6711,22.0,0.1477,24.0,0.1611,3.0,0.0201,2023,False,EarlyTrend
2023-11-14,16956.0,16976.0,16912.0,16949.0,117708.0,64.0,0.3774,DOWN,-0.0413,55.0,0.8594,8.0,0.125,1.0,0.0156,0.0,0.0,2023,False,EarlyTrend
2023-11-15,17190.0,17214.0,17094.0,17162.0,107694.0,120.0,0.6981,DOWN,-0.1629,65.0,0.5417,0.0,0.0,34.0,0.2833,21.0,0.175,2023,False,EarlyTrend
2023-11-16,17196.0,17218.0,17109.0,17186.0,145356.0,109.0,0.6339,DOWN,-0.0582,83.0,0.7615,26.0,0.2385,0.0,0.0,0.0,0.0,2023,False,EarlyTrend
2023-11-17,17152.0,17252.0,17151.0,17222.0,145852.0,101.0,0.5889,UP,0.4081,87.0,0.8614,14.0,0.1386,0.0,0.0,0.0,0.0,2023,False,EarlyTrend
2023-11-20,17227.0,17288.0,17154.0,17200.0,144496.0,134.0,0.7778,DOWN,-0.1567,132.0,0.9851,2.0,0.0149,0.0,0.0,0.0,0.0,2023,False,EarlyTrend
2023-11-21,17281.0,17425.0,17280.0,17415.0,140292.0,145.0,0.8391,UP,0.7754,122.0,0.8414,21.0,0.1448,2.0,0.0138,0.0,0.0,2023,False,EarlyTrend
2023-11-22,17298.0,17334.0,17256.0,17284.0,130872.0,78.0,0.4509,DOWN,-0.0809,54.0,0.6923,0.0,0.0,19.0,0.2436,5.0,0.0641,2023,False,EarlyTrend
2023-11-23,17275.0,17323.0,17214.0,17307.0,147488.0,109.0,0.631,UP,0.1852,64.0,0.5872,45.0,0.4128,0.0,0.0,0.0,0.0,2023,False,EarlyTrend
2023-11-24,17330.0,17350.0,17265.0,17293.0,103294.0,85.0,0.4905,DOWN,-0.2135,79.0,0.9294,0.0,0.0,0.0,0.0,6.0,0.0706,2023,False,EarlyTrend
2023-11-27,17257.0,17361.0,17145.0,17173.0,180480.0,216.0,1.2517,DOWN,-0.4868,125.0,0.5787,13.0,0.0602,37.0,0.1713,41.0,0.1898,2023,True,EarlyTrend
2023-11-28,17215.0,17402.0,17195.0,17364.0,174936.0,207.0,1.2024,UP,0.8655,90.0,0.4348,117.0,0.5652,0.0,0.0,0.0,0.0,2023,True,LateTrend
2023-11-29,17339.0,17450.0,17314.0,17334.0,157990.0,136.0,0.7844,DOWN,-0.0288,115.0,0.8456,0.0,0.0,0.0,0.0,21.0,0.1544,2023,False,EarlyTrend
2023-11-30,17400.0,17416.0,17291.0,17393.0,165898.0,125.0,0.7184,DOWN,-0.0402,125.0,1.0,0.0,0.0,0.0,0.0,0.0,0.0,2023,False,EarlyTrend
2023-12-01,17333.0,17434.0,17254.0,17421.0,159366.0,180.0,1.0385,UP,0.5077,141.0,0.7833,21.0,0.1167,10.0,0.0556,8.0,0.0444,2023,True,EarlyTrend
2023-12-04,17465.0,17491.0,17376.0,17419.0,138508.0,115.0,0.6585,DOWN,-0.2634,87.0,0.7565,28.0,0.2435,0.0,0.0,0.0,0.0,2023,False,EarlyTrend
2023-12-05,17285.0,17330.0,17231.0,17309.0,153146.0,99.0,0.5728,UP,0.1388,96.0,0.9697,3.0,0.0303,0.0,0.0,0.0,0.0,2023,False,EarlyTrend
2023-12-06,17367.0,17453.0,17346.0,17381.0,158688.0,107.0,0.6161,UP,0.0806,93.0,0.8692,14.0,0.1308,0.0,0.0,0.0,0.0,2023,False,EarlyTrend
2023-12-07,17321.0,17371.0,17261.0,17270.0,154536.0,110.0,0.6351,DOWN,-0.2944,69.0,0.6273,6.0,0.0545,28.0,0.2545,7.0,0.0636,2023,False,EarlyTrend
2023-12-08,17409.0,17470.0,17363.0,17377.0,175206.0,107.0,0.6146,DOWN,-0.1838,81.0,0.757,4.0,0.0374,0.0,0.0,22.0,0.2056,2023,False,EarlyTrend
2023-12-11,17436.0,17457.0,17350.0,17418.0,129926.0,107.0,0.6137,DOWN,-0.1032,107.0,1.0,0.0,0.0,0.0,0.0,0.0,0.0,2023,False,EarlyTrend
2023-12-12,17518.0,17545.0,17427.0,17464.0,134324.0,118.0,0.6736,DOWN,-0.3083,60.0,0.5085,19.0,0.161,16.0,0.1356,23.0,0.1949,2023,False,EarlyTrend
2023-12-13,17491.0,17519.0,17426.0,17453.0,130214.0,93.0,0.5317,DOWN,-0.2173,56.0,0.6022,8.0,0.086,17.0,0.1828,12.0,0.129,2023,False,EarlyTrend
2023-12-14,17608.0,17691.0,17595.0,17666.0,186002.0,96.0,0.5452,UP,0.3294,94.0,0.9792,2.0,0.0208,0.0,0.0,0.0,0.0,2023,False,EarlyTrend
2023-12-15,17771.0,17775.0,17672.0,17674.0,140598.0,103.0,0.5796,DOWN,-0.5458,57.0,0.5534,0.0,0.0,8.0,0.0777,38.0,0.3689,2023,False,EarlyTrend
2023-12-18,17672.0,17673.0,17583.0,17655.0,125812.0,90.0,0.5093,DOWN,-0.0962,90.0,1.0,0.0,0.0,0.0,0.0,0.0,0.0,2023,False,EarlyTrend
2023-12-19,17596.0,17621.0,17505.0,17574.0,146482.0,116.0,0.6592,DOWN,-0.125,85.0,0.7328,12.0,0.1034,0.0,0.0,19.0,0.1638,2023,False,EarlyTrend
2023-12-20,17592.0,17676.0,17591.0,17660.0,83254.0,85.0,0.4832,UP,0.3865,61.0,0.7176,0.0,0.0,0.0,0.0,24.0,0.2824,2023,False,EarlyTrend
2023-12-21,17442.0,17544.0,17414.0,17529.0,145716.0,130.0,0.7453,UP,0.4988,83.0,0.6385,38.0,0.2923,0.0,0.0,9.0,0.0692,2023,False,EarlyTrend
2023-12-22,17563.0,17597.0,17542.0,17558.0,105330.0,55.0,0.3132,DOWN,-0.0285,48.0,0.8727,7.0,0.1273,0.0,0.0,0.0,0.0,2023,False,EarlyTrend
2023-12-25,17644.0,17666.0,17607.0,17622.0,73844.0,59.0,0.3344,DOWN,-0.1247,59.0,1.0,0.0,0.0,0.0,0.0,0.0,0.0,2023,False,EarlyTrend
2023-12-26,17651.0,17740.0,17634.0,17735.0,105134.0,106.0,0.6005,UP,0.4759,76.0,0.717,5.0,0.0472,25.0,0.2358,0.0,0.0,2023,False,EarlyTrend
2023-12-27,17755.0,17874.0,17737.0,17857.0,129148.0,137.0,0.7716,UP,0.5745,84.0,0.6131,23.0,0.1679,0.0,0.0,30.0,0.219,2023,False,EarlyTrend
2023-12-28,17850.0,17887.0,17821.0,17865.0,112824.0,66.0,0.3697,UP,0.084,43.0,0.6515,23.0,0.3485,0.0,0.0,0.0,0.0,2023,False,EarlyTrend
2023-12-29,17853.0,17900.0,17828.0,17868.0,112928.0,72.0,0.4033,UP,0.084,57.0,0.7917,15.0,0.2083,0.0,0.0,0.0,0.0,2023,False,EarlyTrend
2024-01-02,17838.0,17920.0,17751.0,17798.0,165640.0,169.0,0.9474,DOWN,-0.2242,125.0,0.7396,35.0,0.2071,9.0,0.0533,0.0,0.0,2024,False,EarlyTrend
2024-01-03,17658.0,17667.0,17507.0,17546.0,195642.0,160.0,0.9061,DOWN,-0.6343,92.0,0.575,58.0,0.3625,10.0,0.0625,0.0,0.0,2024,False,EarlyTrend
2024-01-04,17525.0,17583.0,17525.0,17546.0,114188.0,58.0,0.331,UP,0.1198,58.0,1.0,0.0,0.0,0.0,0.0,0.0,0.0,2024,False,EarlyTrend
2024-01-05,17577.0,17626.0,17491.0,17519.0,153474.0,135.0,0.768,DOWN,-0.33,79.0,0.5852,56.0,0.4148,0.0,0.0,0.0,0.0,2024,False,EarlyTrend
2024-01-08,17572.0,17706.0,17568.0,17595.0,172304.0,138.0,0.7853,UP,0.1309,138.0,1.0,0.0,0.0,0.0,0.0,0.0,0.0,2024,False,EarlyTrend
2024-01-09,17770.0,17782.0,17526.0,17545.0,192546.0,256.0,1.4406,DOWN,-1.2662,174.0,0.6797,82.0,0.3203,0.0,0.0,0.0,0.0,2024,True,EarlyTrend
2024-01-10,17509.0,17521.0,17439.0,17458.0,140364.0,82.0,0.4683,DOWN,-0.2913,82.0,1.0,0.0,0.0,0.0,0.0,0.0,0.0,2024,False,EarlyTrend
2024-01-11,17490.0,17606.0,17481.0,17575.0,171382.0,125.0,0.7147,UP,0.486,62.0,0.496,27.0,0.216,36.0,0.288,0.0,0.0,2024,False,Spread
2024-01-12,17466.0,17570.0,17447.0,17489.0,146558.0,123.0,0.7042,UP,0.1317,87.0,0.7073,36.0,0.2927,0.0,0.0,0.0,0.0,2024,False,EarlyTrend
2024-01-15,17580.0,17655.0,17527.0,17559.0,213198.0,128.0,0.7281,DOWN,-0.1195,128.0,1.0,0.0,0.0,0.0,0.0,0.0,0.0,2024,False,EarlyTrend
2024-01-16,17480.0,17499.0,17321.0,17333.0,215014.0,178.0,1.0183,DOWN,-0.841,178.0,1.0,0.0,0.0,0.0,0.0,0.0,0.0,2024,True,EarlyTrend
2024-01-17,17313.0,17344.0,17159.0,17167.0,123968.0,185.0,1.0686,DOWN,-0.8433,77.0,0.4162,25.0,0.1351,45.0,0.2432,38.0,0.2054,2024,True,Spread
2024-01-18,17240.0,17326.0,17215.0,17280.0,181332.0,111.0,0.6439,UP,0.232,111.0,1.0,0.0,0.0,0.0,0.0,0.0,0.0,2024,False,EarlyTrend
2024-01-19,17541.0,17684.0,17504.0,17678.0,223642.0,180.0,1.0262,UP,0.781,88.0,0.4889,22.0,0.1222,30.0,0.1667,40.0,0.2222,2024,True,Spread
2024-01-22,17816.0,17843.0,17747.0,17817.0,166056.0,96.0,0.5388,UP,0.0056,92.0,0.9583,0.0,0.0,4.0,0.0417,0.0,0.0,2024,False,EarlyTrend
2024-01-23,17799.0,17877.0,17790.0,17870.0,154458.0,87.0,0.4888,UP,0.3989,83.0,0.954,2.0,0.023,0.0,0.0,2.0,0.023,2024,False,EarlyTrend
2024-01-24,17903.0,17941.0,17876.0,17903.0,131264.0,65.0,0.3631,UP,0.0,60.0,0.9231,0.0,0.0,5.0,0.0769,0.0,0.0,2024,False,EarlyTrend
2024-01-25,18016.0,18030.0,17935.0,17995.0,149884.0,95.0,0.5273,DOWN,-0.1166,95.0,1.0,0.0,0.0,0.0,0.0,0.0,0.0,2024,False,EarlyTrend
2024-01-26,17951.0,18023.0,17936.0,17999.0,131506.0,87.0,0.4847,UP,0.2674,79.0,0.908,5.0,0.0575,3.0,0.0345,0.0,0.0,2024,False,EarlyTrend
2024-01-29,18011.0,18135.0,17970.0,18125.0,146576.0,165.0,0.9161,UP,0.6329,137.0,0.8303,12.0,0.0727,1.0,0.0061,15.0,0.0909,2024,False,EarlyTrend
2024-01-30,18129.0,18139.0,18064.0,18081.0,126464.0,75.0,0.4137,DOWN,-0.2648,67.0,0.8933,8.0,0.1067,0.0,0.0,0.0,0.0,2024,False,EarlyTrend
2024-01-31,17990.0,18003.0,17904.0,17920.0,157818.0,99.0,0.5503,DOWN,-0.3891,78.0,0.7879,11.0,0.1111,7.0,0.0707,3.0,0.0303,2024,False,EarlyTrend
2024-02-01,17956.0,17994.0,17882.0,17986.0,165652.0,112.0,0.6237,UP,0.1671,112.0,1.0,0.0,0.0,0.0,0.0,0.0,0.0,2024,False,EarlyTrend
2024-02-02,18100.0,18105.0,18023.0,18084.0,128102.0,82.0,0.453,DOWN,-0.0884,82.0,1.0,0.0,0.0,0.0,0.0,0.0,0.0,2024,False,EarlyTrend
2024-02-05,18008.0,18102.0,17958.0,18086.0,144262.0,144.0,0.7996,UP,0.4331,84.0,0.5833,43.0,0.2986,13.0,0.0903,4.0,0.0278,2024,False,EarlyTrend
2024-02-15,18590.0,18696.0,18531.0,18667.0,219550.0,165.0,0.8876,UP,0.4142,121.0,0.7333,0.0,0.0,44.0,0.2667,0.0,0.0,2024,False,EarlyTrend
2024-02-16,18683.0,18726.0,18633.0,18634.0,120142.0,93.0,0.4978,DOWN,-0.2623,53.0,0.5699,36.0,0.3871,0.0,0.0,4.0,0.043,2024,False,EarlyTrend
2024-02-19,18680.0,18692.0,18619.0,18671.0,110144.0,73.0,0.3908,DOWN,-0.0482,53.0,0.726,20.0,0.274,0.0,0.0,0.0,0.0,2024,False,EarlyTrend
2024-02-20,18634.0,18754.0,18596.0,18753.0,131436.0,158.0,0.8479,UP,0.6386,141.0,0.8924,0.0,0.0,0.0,0.0,17.0,0.1076,2024,False,EarlyTrend
2024-02-21,18755.0,18755.0,18679.0,18692.0,83162.0,76.0,0.4052,DOWN,-0.3359,74.0,0.9737,0.0,0.0,0.0,0.0,2.0,0.0263,2024,False,EarlyTrend
2024-02-22,18887.0,18890.0,18751.0,18889.0,169140.0,139.0,0.736,UP,0.0106,94.0,0.6763,45.0,0.3237,0.0,0.0,0.0,0.0,2024,False,EarlyTrend
2024-02-23,18990.0,19000.0,18898.0,18913.0,161494.0,102.0,0.5371,DOWN,-0.4055,69.0,0.6765,25.0,0.2451,1.0,0.0098,7.0,0.0686,2024,False,EarlyTrend
2024-02-26,18907.0,18996.0,18853.0,18963.0,136100.0,143.0,0.7563,UP,0.2962,94.0,0.6573,0.0,0.0,0.0,0.0,49.0,0.3427,2024,False,EarlyTrend
2024-02-27,18950.0,19020.0,18750.0,18867.0,240874.0,270.0,1.4248,DOWN,-0.438,90.0,0.3333,180.0,0.6667,0.0,0.0,0.0,0.0,2024,True,LateTrend
2024-02-29,18808.0,18997.0,18805.0,18966.0,169588.0,192.0,1.0208,UP,0.8401,80.0,0.4167,18.0,0.0938,0.0,0.0,94.0,0.4896,2024,True,Afternoon
2024-03-01,18968.0,19017.0,18924.0,18961.0,150234.0,93.0,0.4903,DOWN,-0.0369,93.0,1.0,0.0,0.0,0.0,0.0,0.0,0.0,2024,False,EarlyTrend
2024-03-04,19144.0,19340.0,19137.0,19314.0,195454.0,203.0,1.0604,UP,0.888,156.0,0.7685,44.0,0.2167,3.0,0.0148,0.0,0.0,2024,True,EarlyTrend
2024-03-05,19362.0,19436.0,19305.0,19389.0,167024.0,131.0,0.6766,UP,0.1394,102.0,0.7786,7.0,0.0534,15.0,0.1145,7.0,0.0534,2024,False,EarlyTrend
2024-03-06,19282.0,19523.0,19271.0,19509.0,192132.0,252.0,1.3069,UP,1.1773,142.0,0.5635,20.0,0.0794,61.0,0.2421,29.0,0.1151,2024,True,EarlyTrend
2024-03-07,19688.0,19770.0,19584.0,19709.0,241380.0,186.0,0.9447,UP,0.1067,118.0,0.6344,49.0,0.2634,0.0,0.0,19.0,0.1022,2024,False,EarlyTrend
2024-03-08,19930.0,20009.0,19638.0,19791.0,342932.0,371.0,1.8615,DOWN,-0.6974,101.0,0.2722,103.0,0.2776,167.0,0.4501,0.0,0.0,2024,True,Spread
2024-03-11,19691.0,19825.0,19679.0,19715.0,194940.0,146.0,0.7415,UP,0.1219,141.0,0.9658,0.0,0.0,0.0,0.0,5.0,0.0342,2024,False,EarlyTrend
2024-03-12,19714.0,19956.0,19698.0,19955.0,182912.0,258.0,1.3087,UP,1.2225,110.0,0.4264,85.0,0.3295,41.0,0.1589,22.0,0.0853,2024,True,Spread
2024-03-13,19994.0,20064.0,19886.0,19927.0,222648.0,178.0,0.8903,DOWN,-0.3351,129.0,0.7247,43.0,0.2416,0.0,0.0,6.0,0.0337,2024,False,EarlyTrend
2024-03-14,19897.0,19978.0,19799.0,19939.0,217350.0,179.0,0.8996,UP,0.2111,151.0,0.8436,28.0,0.1564,0.0,0.0,0.0,0.0,2024,False,EarlyTrend
2024-03-15,19828.0,19873.0,19723.0,19730.0,211840.0,150.0,0.7565,DOWN,-0.4943,89.0,0.5933,31.0,0.2067,0.0,0.0,30.0,0.2,2024,False,EarlyTrend
2024-03-18,19778.0,19920.0,19747.0,19919.0,161622.0,173.0,0.8747,UP,0.7129,73.0,0.422,16.0,0.0925,5.0,0.0289,79.0,0.4566,2024,False,Afternoon
2024-03-19,19816.0,19911.0,19739.0,19867.0,179078.0,172.0,0.868,UP,0.2574,82.0,0.4767,73.0,0.4244,17.0,0.0988,0.0,0.0,2024,False,LateTrend
2024-03-20,19860.0,19956.0,19731.0,19747.0,137058.0,225.0,1.1329,DOWN,-0.569,130.0,0.5778,0.0,0.0,0.0,0.0,95.0,0.4222,2024,True,EarlyTrend
2024-03-21,20048.0,20264.0,20029.0,20264.0,202514.0,235.0,1.1722,UP,1.0774,96.0,0.4085,71.0,0.3021,21.0,0.0894,47.0,0.2,2024,True,Spread
2024-03-22,20226.0,20285.0,20122.0,20242.0,188870.0,163.0,0.8059,UP,0.0791,120.0,0.7362,27.0,0.1656,16.0,0.0982,0.0,0.0,2024,False,EarlyTrend
2024-03-25,20256.0,20307.0,20188.0,20231.0,145098.0,119.0,0.5875,DOWN,-0.1234,83.0,0.6975,16.0,0.1345,20.0,0.1681,0.0,0.0,2024,False,EarlyTrend
2024-03-26,20280.0,20459.0,20038.0,20187.0,347006.0,421.0,2.0759,DOWN,-0.4586,226.0,0.5368,58.0,0.1378,137.0,0.3254,0.0,0.0,2024,True,EarlyTrend
2024-03-27,20185.0,20288.0,20148.0,20261.0,172438.0,140.0,0.6936,UP,0.3765,78.0,0.5571,0.0,0.0,26.0,0.1857,36.0,0.2571,2024,False,EarlyTrend
2024-03-28,20238.0,20250.0,20081.0,20203.0,207552.0,169.0,0.8351,DOWN,-0.1729,167.0,0.9882,0.0,0.0,2.0,0.0118,0.0,0.0,2024,False,EarlyTrend
2024-03-29,20226.0,20299.0,20192.0,20280.0,168010.0,107.0,0.529,UP,0.267,92.0,0.8598,4.0,0.0374,11.0,0.1028,0.0,0.0,2024,False,EarlyTrend
2024-04-01,20393.0,20400.0,20259.0,20288.0,167008.0,141.0,0.6914,DOWN,-0.5149,98.0,0.695,43.0,0.305,0.0,0.0,0.0,0.0,2024,False,EarlyTrend
2024-04-02,20350.0,20524.0,20350.0,20523.0,192958.0,174.0,0.855,UP,0.8501,107.0,0.6149,41.0,0.2356,2.0,0.0115,24.0,0.1379,2024,False,EarlyTrend
2024-04-03,20370.0,20419.0,20275.0,20349.0,223078.0,144.0,0.7069,DOWN,-0.1031,133.0,0.9236,7.0,0.0486,3.0,0.0208,1.0,0.0069,2024,False,EarlyTrend
2024-04-08,20404.0,20520.0,20375.0,20450.0,171268.0,145.0,0.7106,UP,0.2254,107.0,0.7379,38.0,0.2621,0.0,0.0,0.0,0.0,2024,False,EarlyTrend
2024-04-09,20538.0,20877.0,20518.0,20874.0,234064.0,359.0,1.748,UP,1.636,216.0,0.6017,21.0,0.0585,61.0,0.1699,61.0,0.1699,2024,True,EarlyTrend
2024-04-10,20822.0,20892.0,20804.0,20851.0,151234.0,88.0,0.4226,UP,0.1393,65.0,0.7386,23.0,0.2614,0.0,0.0,0.0,0.0,2024,False,EarlyTrend
2024-04-11,20706.0,20764.0,20651.0,20753.0,175380.0,113.0,0.5457,UP,0.227,94.0,0.8319,19.0,0.1681,0.0,0.0,0.0,0.0,2024,False,EarlyTrend
2024-04-12,20745.0,20809.0,20682.0,20755.0,170716.0,127.0,0.6122,UP,0.0482,76.0,0.5984,16.0,0.126,15.0,0.1181,20.0,0.1575,2024,False,EarlyTrend
2024-04-15,20544.0,20605.0,20460.0,20508.0,193638.0,145.0,0.7058,DOWN,-0.1752,85.0,0.5862,19.0,0.131,41.0,0.2828,0.0,0.0,2024,False,EarlyTrend
2024-04-16,20278.0,20286.0,19798.0,19953.0,324728.0,488.0,2.4065,DOWN,-1.6027,279.0,0.5717,94.0,0.1926,8.0,0.0164,107.0,0.2193,2024,True,EarlyTrend
2024-04-17,19979.0,20242.0,19955.0,20185.0,152008.0,287.0,1.4365,UP,1.0311,152.0,0.5296,128.0,0.446,0.0,0.0,7.0,0.0244,2024,True,EarlyTrend
2024-04-18,20070.0,20359.0,20025.0,20358.0,240148.0,334.0,1.6642,UP,1.435,140.0,0.4192,154.0,0.4611,17.0,0.0509,23.0,0.0689,2024,True,LateTrend
2024-04-19,19840.0,19924.0,19265.0,19546.0,474106.0,659.0,3.3216,DOWN,-1.4819,484.0,0.7344,159.0,0.2413,16.0,0.0243,0.0,0.0,2024,True,EarlyTrend
2024-04-22,19620.0,19715.0,19445.0,19524.0,270298.0,270.0,1.3761,DOWN,-0.4893,242.0,0.8963,0.0,0.0,28.0,0.1037,0.0,0.0,2024,True,EarlyTrend
2024-04-23,19651.0,19745.0,19554.0,19677.0,201080.0,191.0,0.972,UP,0.1323,183.0,0.9581,8.0,0.0419,0.0,0.0,0.0,0.0,2024,False,EarlyTrend
2024-04-24,19930.0,20202.0,19916.0,20170.0,201112.0,286.0,1.435,UP,1.2042,233.0,0.8147,14.0,0.049,19.0,0.0664,20.0,0.0699,2024,True,EarlyTrend
2024-04-25,19940.0,19979.0,19834.0,19885.0,191002.0,145.0,0.7272,DOWN,-0.2758,129.0,0.8897,16.0,0.1103,0.0,0.0,0.0,0.0,2024,False,EarlyTrend
2024-04-26,20126.0,20271.0,20070.0,20178.0,226960.0,201.0,0.9987,UP,0.2584,186.0,0.9254,15.0,0.0746,0.0,0.0,0.0,0.0,2024,False,EarlyTrend
2024-04-29,20350.0,20560.0,20310.0,20552.0,195906.0,250.0,1.2285,UP,0.9926,250.0,1.0,0.0,0.0,0.0,0.0,0.0,0.0,2024,True,EarlyTrend
2024-04-30,20518.0,20576.0,20404.0,20413.0,153750.0,172.0,0.8383,DOWN,-0.5117,102.0,0.593,0.0,0.0,0.0,0.0,70.0,0.407,2024,False,EarlyTrend
2024-05-02,20250.0,20380.0,20215.0,20291.0,179740.0,165.0,0.8148,UP,0.2025,165.0,1.0,0.0,0.0,0.0,0.0,0.0,0.0,2024,False,EarlyTrend
2024-05-03,20548.0,20597.0,20306.0,20382.0,201552.0,291.0,1.4162,DOWN,-0.8079,142.0,0.488,74.0,0.2543,0.0,0.0,75.0,0.2577,2024,True,Spread
2024-05-06,20685.0,20714.0,20562.0,20602.0,167310.0,152.0,0.7348,DOWN,-0.4013,141.0,0.9276,11.0,0.0724,0.0,0.0,0.0,0.0,2024,False,EarlyTrend
2024-05-07,20733.0,20756.0,20536.0,20650.0,170848.0,220.0,1.0611,DOWN,-0.4003,155.0,0.7045,65.0,0.2955,0.0,0.0,0.0,0.0,2024,True,EarlyTrend
2024-05-08,20618.0,20738.0,20574.0,20725.0,145860.0,164.0,0.7954,UP,0.519,92.0,0.561,30.0,0.1829,30.0,0.1829,12.0,0.0732,2024,False,EarlyTrend
2024-05-09,20707.0,20763.0,20605.0,20612.0,157556.0,158.0,0.763,DOWN,-0.4588,82.0,0.519,26.0,0.1646,4.0,0.0253,46.0,0.2911,2024,False,EarlyTrend
2024-05-10,20738.0,20828.0,20616.0,20809.0,184986.0,212.0,1.0223,UP,0.3424,135.0,0.6368,0.0,0.0,0.0,0.0,77.0,0.3632,2024,True,EarlyTrend
2024-05-13,20942.0,20965.0,20833.0,20883.0,156844.0,132.0,0.6303,DOWN,-0.2817,105.0,0.7955,0.0,0.0,0.0,0.0,27.0,0.2045,2024,False,EarlyTrend
2024-05-14,20892.0,21015.0,20868.0,21013.0,135692.0,147.0,0.7036,UP,0.5792,88.0,0.5986,12.0,0.0816,7.0,0.0476,40.0,0.2721,2024,False,EarlyTrend
2024-05-15,21184.0,21361.0,21116.0,21143.0,123732.0,245.0,1.1565,DOWN,-0.1935,169.0,0.6898,76.0,0.3102,0.0,0.0,0.0,0.0,2024,True,EarlyTrend
2024-05-16,21465.0,21556.0,21326.0,21370.0,209366.0,230.0,1.0715,DOWN,-0.4426,108.0,0.4696,59.0,0.2565,43.0,0.187,20.0,0.087,2024,True,Spread
2024-05-17,21303.0,21407.0,21288.0,21336.0,143650.0,119.0,0.5586,UP,0.1549,106.0,0.8908,0.0,0.0,13.0,0.1092,0.0,0.0,2024,False,EarlyTrend
2024-05-20,21435.0,21485.0,21153.0,21302.0,218698.0,332.0,1.5489,DOWN,-0.6205,180.0,0.5422,0.0,0.0,152.0,0.4578,0.0,0.0,2024,True,EarlyTrend
2024-05-21,21324.0,21350.0,21165.0,21277.0,149846.0,185.0,0.8676,DOWN,-0.2204,170.0,0.9189,15.0,0.0811,0.0,0.0,0.0,0.0,2024,False,EarlyTrend
2024-05-22,21293.0,21613.0,21283.0,21583.0,189470.0,330.0,1.5498,UP,1.3619,183.0,0.5545,92.0,0.2788,22.0,0.0667,33.0,0.1,2024,True,EarlyTrend
2024-05-23,21630.0,21661.0,21492.0,21604.0,170896.0,169.0,0.7813,DOWN,-0.1202,158.0,0.9349,0.0,0.0,11.0,0.0651,0.0,0.0,2024,False,EarlyTrend
2024-05-24,21448.0,21617.0,21414.0,21565.0,148590.0,203.0,0.9465,UP,0.5455,154.0,0.7586,2.0,0.0099,38.0,0.1872,9.0,0.0443,2024,False,EarlyTrend
2024-05-27,21670.0,21917.0,21655.0,21875.0,176094.0,262.0,1.209,UP,0.946,257.0,0.9809,5.0,0.0191,0.0,0.0,0.0,0.0,2024,True,EarlyTrend
2024-05-28,21892.0,21994.0,21845.0,21954.0,143704.0,149.0,0.6806,UP,0.2832,100.0,0.6711,3.0,0.0201,19.0,0.1275,27.0,0.1812,2024,False,EarlyTrend
2024-05-29,21865.0,21907.0,21720.0,21722.0,171660.0,187.0,0.8552,DOWN,-0.654,130.0,0.6952,0.0,0.0,35.0,0.1872,22.0,0.1176,2024,False,EarlyTrend
2024-05-30,21512.0,21553.0,21368.0,21391.0,199934.0,185.0,0.86,DOWN,-0.5625,128.0,0.6919,0.0,0.0,0.0,0.0,57.0,0.3081,2024,False,EarlyTrend
2024-05-31,21505.0,21583.0,21253.0,21285.0,261632.0,330.0,1.5345,DOWN,-1.023,130.0,0.3939,61.0,0.1848,91.0,0.2758,48.0,0.1455,2024,True,Spread
2024-06-03,21469.0,21698.0,21424.0,21654.0,232422.0,274.0,1.2763,UP,0.8617,158.0,0.5766,111.0,0.4051,5.0,0.0182,0.0,0.0,2024,True,EarlyTrend
2024-06-04,21560.0,21574.0,21284.0,21320.0,222194.0,290.0,1.3451,DOWN,-1.1132,159.0,0.5483,123.0,0.4241,8.0,0.0276,0.0,0.0,2024,True,EarlyTrend
2024-06-05,21350.0,21493.0,21226.0,21463.0,217644.0,267.0,1.2506,UP,0.5293,196.0,0.7341,71.0,0.2659,0.0,0.0,0.0,0.0,2024,True,EarlyTrend
2024-06-06,21825.0,21962.0,21791.0,21875.0,219384.0,171.0,0.7835,UP,0.2291,122.0,0.7135,12.0,0.0702,37.0,0.2164,0.0,0.0,2024,False,EarlyTrend
2024-06-07,21839.0,21908.0,21781.0,21897.0,139538.0,127.0,0.5815,UP,0.2656,105.0,0.8268,0.0,0.0,0.0,0.0,22.0,0.1732,2024,False,EarlyTrend
2024-06-11,21920.0,21970.0,21783.0,21798.0,188360.0,187.0,0.8531,DOWN,-0.5566,108.0,0.5775,60.0,0.3209,15.0,0.0802,4.0,0.0214,2024,False,EarlyTrend
2024-06-12,21829.0,22063.0,21790.0,22046.0,191026.0,273.0,1.2506,UP,0.9941,163.0,0.5971,0.0,0.0,52.0,0.1905,58.0,0.2125,2024,True,EarlyTrend
2024-06-13,22308.0,22473.0,22207.0,22323.0,224486.0,266.0,1.1924,UP,0.0672,213.0,0.8008,53.0,0.1992,0.0,0.0,0.0,0.0,2024,True,EarlyTrend
2024-06-14,22274.0,22514.0,22270.0,22511.0,158654.0,244.0,1.0954,UP,1.064,85.0,0.3484,78.0,0.3197,11.0,0.0451,70.0,0.2869,2024,True,Spread
2024-06-17,22430.0,22554.0,22420.0,22477.0,135018.0,134.0,0.5974,UP,0.2095,125.0,0.9328,9.0,0.0672,0.0,0.0,0.0,0.0,2024,False,EarlyTrend
2024-06-18,22726.0,22812.0,22666.0,22786.0,168720.0,146.0,0.6424,UP,0.264,118.0,0.8082,4.0,0.0274,16.0,0.1096,8.0,0.0548,2024,False,EarlyTrend
2024-06-19,22956.0,23291.0,22940.0,23225.0,154156.0,351.0,1.529,UP,1.1718,150.0,0.4274,129.0,0.3675,72.0,0.2051,0.0,0.0,2024,True,Spread
2024-06-20,23153.0,23380.0,23106.0,23378.0,180084.0,274.0,1.1834,UP,0.9718,110.0,0.4015,17.0,0.062,0.0,0.0,147.0,0.5365,2024,True,Afternoon
2024-06-21,23034.0,23291.0,23025.0,23210.0,196368.0,266.0,1.1548,UP,0.7641,185.0,0.6955,81.0,0.3045,0.0,0.0,0.0,0.0,2024,True,EarlyTrend
2024-06-24,23050.0,23073.0,22708.0,22746.0,249914.0,365.0,1.5835,DOWN,-1.3189,311.0,0.8521,31.0,0.0849,0.0,0.0,23.0,0.063,2024,True,EarlyTrend
2024-06-25,22608.0,22776.0,22410.0,22743.0,252052.0,366.0,1.6189,UP,0.5971,272.0,0.7432,55.0,0.1503,0.0,0.0,39.0,0.1066,2024,True,EarlyTrend
2024-06-26,22806.0,23005.0,22744.0,22872.0,226236.0,261.0,1.1444,UP,0.2894,215.0,0.8238,20.0,0.0766,26.0,0.0996,0.0,0.0,2024,True,EarlyTrend
2024-06-27,22614.0,22822.0,22555.0,22793.0,167438.0,267.0,1.1807,UP,0.7915,185.0,0.6929,62.0,0.2322,20.0,0.0749,0.0,0.0,2024,True,EarlyTrend
2024-06-28,22908.0,23117.0,22793.0,22983.0,205562.0,324.0,1.4144,UP,0.3274,253.0,0.7809,71.0,0.2191,0.0,0.0,0.0,0.0,2024,True,EarlyTrend
2024-07-01,22960.0,23166.0,22938.0,22991.0,167132.0,228.0,0.993,UP,0.135,179.0,0.7851,32.0,0.1404,0.0,0.0,17.0,0.0746,2024,False,EarlyTrend
2024-07-02,22838.0,22993.0,22717.0,22831.0,209896.0,276.0,1.2085,DOWN,-0.0307,262.0,0.9493,14.0,0.0507,0.0,0.0,0.0,0.0,2024,True,EarlyTrend
2024-07-03,23073.0,23188.0,22981.0,23185.0,167878.0,207.0,0.8972,UP,0.4854,136.0,0.657,10.0,0.0483,21.0,0.1014,40.0,0.1932,2024,False,EarlyTrend
2024-07-04,23487.0,23626.0,23461.0,23624.0,176108.0,165.0,0.7025,UP,0.5833,129.0,0.7818,27.0,0.1636,3.0,0.0182,6.0,0.0364,2024,False,EarlyTrend
2024-07-05,23659.0,23677.0,23526.0,23570.0,120996.0,151.0,0.6382,DOWN,-0.3762,104.0,0.6887,0.0,0.0,12.0,0.0795,35.0,0.2318,2024,False,EarlyTrend
2024-07-08,23545.0,23994.0,23512.0,23913.0,213904.0,482.0,2.0471,UP,1.563,321.0,0.666,135.0,0.2801,26.0,0.0539,0.0,0.0,2024,True,EarlyTrend
2024-07-09,23945.0,24092.0,23624.0,23878.0,261134.0,468.0,1.9545,DOWN,-0.2798,392.0,0.8376,76.0,0.1624,0.0,0.0,0.0,0.0,2024,True,EarlyTrend
2024-07-10,23759.0,24014.0,23702.0,24000.0,212502.0,312.0,1.3132,UP,1.0144,153.0,0.4904,121.0,0.3878,0.0,0.0,38.0,0.1218,2024,True,Spread
2024-07-11,24251.0,24405.0,24160.0,24367.0,185968.0,245.0,1.0103,UP,0.4783,188.0,0.7673,35.0,0.1429,0.0,0.0,22.0,0.0898,2024,True,EarlyTrend
2024-07-12,24038.0,24070.0,23784.0,23808.0,213028.0,286.0,1.1898,DOWN,-0.9568,250.0,0.8741,9.0,0.0315,0.0,0.0,27.0,0.0944,2024,True,EarlyTrend
2024-07-15,24091.0,24112.0,23756.0,23853.0,216826.0,356.0,1.4777,DOWN,-0.9879,356.0,1.0,0.0,0.0,0.0,0.0,0.0,0.0,2024,True,EarlyTrend
2024-07-16,23830.0,24182.0,23824.0,24002.0,231302.0,358.0,1.5023,UP,0.7218,222.0,0.6201,136.0,0.3799,0.0,0.0,0.0,0.0,2024,True,EarlyTrend
2024-07-17,23980.0,24000.0,23647.0,23679.0,161224.0,353.0,1.4721,DOWN,-1.2552,283.0,0.8017,0.0,0.0,0.0,0.0,70.0,0.1983,2024,True,EarlyTrend
2024-07-18,23294.0,23444.0,23154.0,23383.0,252398.0,290.0,1.245,UP,0.3821,265.0,0.9138,0.0,0.0,0.0,0.0,25.0,0.0862,2024,True,EarlyTrend
2024-07-19,23148.0,23185.0,22853.0,22909.0,252242.0,332.0,1.4342,DOWN,-1.0325,251.0,0.756,81.0,0.244,0.0,0.0,0.0,0.0,2024,True,EarlyTrend
2024-07-22,22859.0,22906.0,22184.0,22379.0,355770.0,722.0,3.1585,DOWN,-2.0998,646.0,0.8947,76.0,0.1053,0.0,0.0,0.0,0.0,2024,True,EarlyTrend
2024-07-23,22600.0,22871.0,22571.0,22830.0,190592.0,300.0,1.3274,UP,1.0177,257.0,0.8567,0.0,0.0,17.0,0.0567,26.0,0.0867,2024,True,EarlyTrend
2024-07-26,22028.0,22156.0,21918.0,22095.0,241692.0,238.0,1.0804,UP,0.3042,230.0,0.9664,8.0,0.0336,0.0,0.0,0.0,0.0,2024,True,EarlyTrend
2024-07-29,22430.0,22519.0,22146.0,22261.0,198416.0,373.0,1.663,DOWN,-0.7535,198.0,0.5308,175.0,0.4692,0.0,0.0,0.0,0.0,2024,True,EarlyTrend
2024-07-30,21933.0,22299.0,21809.0,22246.0,251924.0,490.0,2.2341,UP,1.4271,245.0,0.5,25.0,0.051,0.0,0.0,220.0,0.449,2024,True,EarlyTrend
2024-07-31,22050.0,22348.0,22013.0,22290.0,219898.0,335.0,1.5193,UP,1.0884,186.0,0.5552,149.0,0.4448,0.0,0.0,0.0,0.0,2024,True,EarlyTrend
2024-08-01,22721.0,22728.0,22460.0,22653.0,204614.0,268.0,1.1795,DOWN,-0.2993,237.0,0.8843,31.0,0.1157,0.0,0.0,0.0,0.0,2024,True,EarlyTrend
2024-08-02,22000.0,22099.0,21508.0,21533.0,278922.0,591.0,2.6864,DOWN,-2.1227,213.0,0.3604,136.0,0.2301,0.0,0.0,242.0,0.4095,2024,True,Afternoon
2024-08-05,20712.0,20742.0,19374.0,19374.0,414024.0,1368.0,6.6049,DOWN,-6.46,996.0,0.7281,0.0,0.0,0.0,0.0,372.0,0.2719,2024,True,EarlyTrend
2024-08-06,20395.0,20790.0,19589.0,20420.0,379854.0,1201.0,5.8887,UP,0.1226,1084.0,0.9026,0.0,0.0,117.0,0.0974,0.0,0.0,2024,True,EarlyTrend
2024-08-07,20500.0,21335.0,20494.0,21131.0,309672.0,841.0,4.1024,UP,3.078,688.0,0.8181,131.0,0.1558,0.0,0.0,22.0,0.0262,2024,True,EarlyTrend
2024-08-08,20680.0,21082.0,20545.0,20696.0,241990.0,537.0,2.5967,UP,0.0774,370.0,0.689,141.0,0.2626,26.0,0.0484,0.0,0.0,2024,True,EarlyTrend
2024-08-09,21305.0,21593.0,21032.0,21481.0,271048.0,561.0,2.6332,UP,0.8261,490.0,0.8734,60.0,0.107,11.0,0.0196,0.0,0.0,2024,True,EarlyTrend
2024-08-12,21650.0,21895.0,21600.0,21677.0,177596.0,295.0,1.3626,UP,0.1247,295.0,1.0,0.0,0.0,0.0,0.0,0.0,0.0,2024,True,EarlyTrend
2024-08-13,21848.0,21898.0,21662.0,21769.0,136444.0,236.0,1.0802,DOWN,-0.3616,192.0,0.8136,44.0,0.1864,0.0,0.0,0.0,0.0,2024,True,EarlyTrend
2024-08-14,22104.0,22158.0,21908.0,21978.0,168000.0,250.0,1.131,DOWN,-0.57,196.0,0.784,54.0,0.216,0.0,0.0,0.0,0.0,2024,True,EarlyTrend
2024-08-15,21993.0,22114.0,21836.0,21840.0,140530.0,278.0,1.264,DOWN,-0.6957,231.0,0.8309,0.0,0.0,0.0,0.0,47.0,0.1691,2024,True,EarlyTrend
2024-08-16,22324.0,22447.0,22277.0,22367.0,148306.0,170.0,0.7615,UP,0.1926,170.0,1.0,0.0,0.0,0.0,0.0,0.0,0.0,2024,False,EarlyTrend
2024-08-19,22400.0,22521.0,22320.0,22361.0,154388.0,201.0,0.8973,DOWN,-0.1741,138.0,0.6866,56.0,0.2786,7.0,0.0348,0.0,0.0,2024,False,EarlyTrend
2024-08-20,22555.0,22574.0,22389.0,22436.0,135766.0,185.0,0.8202,DOWN,-0.5276,100.0,0.5405,10.0,0.0541,49.0,0.2649,26.0,0.1405,2024,False,EarlyTrend
2024-08-21,22311.0,22344.0,22151.0,22200.0,89086.0,193.0,0.865,DOWN,-0.4975,114.0,0.5907,19.0,0.0984,21.0,0.1088,39.0,0.2021,2024,False,EarlyTrend
2024-08-22,22229.0,22277.0,22026.0,22100.0,144766.0,251.0,1.1292,DOWN,-0.5803,157.0,0.6255,94.0,0.3745,0.0,0.0,0.0,0.0,2024,True,EarlyTrend
2024-08-23,21942.0,22170.0,21865.0,22129.0,134826.0,305.0,1.39,UP,0.8522,134.0,0.4393,0.0,0.0,74.0,0.2426,97.0,0.318,2024,True,Spread
2024-08-26,22230.0,22450.0,22131.0,22206.0,164988.0,319.0,1.435,DOWN,-0.108,228.0,0.7147,0.0,0.0,30.0,0.094,61.0,0.1912,2024,True,EarlyTrend
2024-08-27,22112.0,22210.0,21998.0,22146.0,128060.0,212.0,0.9588,UP,0.1538,168.0,0.7925,0.0,0.0,0.0,0.0,44.0,0.2075,2024,False,EarlyTrend
2024-08-28,22181.0,22414.0,22048.0,22401.0,154046.0,366.0,1.6501,UP,0.9918,123.0,0.3361,40.0,0.1093,53.0,0.1448,150.0,0.4098,2024,True,Afternoon
2024-08-29,21938.0,22245.0,21900.0,22176.0,160658.0,345.0,1.5726,UP,1.0849,188.0,0.5449,62.0,0.1797,34.0,0.0986,61.0,0.1768,2024,True,EarlyTrend
2024-08-30,22320.0,22366.0,22213.0,22323.0,125466.0,153.0,0.6855,UP,0.0134,117.0,0.7647,5.0,0.0327,0.0,0.0,31.0,0.2026,2024,False,EarlyTrend
2024-09-02,22318.0,22448.0,22172.0,22227.0,144334.0,276.0,1.2367,DOWN,-0.4077,197.0,0.7138,60.0,0.2174,9.0,0.0326,10.0,0.0362,2024,True,EarlyTrend
2024-09-03,22205.0,22314.0,22000.0,22070.0,144840.0,314.0,1.4141,DOWN,-0.608,137.0,0.4363,49.0,0.1561,73.0,0.2325,55.0,0.1752,2024,True,Spread
2024-09-04,21246.0,21347.0,20828.0,20947.0,279210.0,519.0,2.4428,DOWN,-1.4073,519.0,1.0,0.0,0.0,0.0,0.0,0.0,0.0,2024,True,EarlyTrend
2024-09-05,21310.0,21454.0,21056.0,21183.0,169472.0,398.0,1.8677,DOWN,-0.596,210.0,0.5276,0.0,0.0,5.0,0.0126,183.0,0.4598,2024,True,EarlyTrend
2024-09-06,21211.0,21435.0,21013.0,21319.0,183642.0,422.0,1.9895,UP,0.5092,340.0,0.8057,82.0,0.1943,0.0,0.0,0.0,0.0,2024,True,EarlyTrend
2024-09-09,20734.0,21125.0,20616.0,21073.0,190002.0,509.0,2.4549,UP,1.635,402.0,0.7898,0.0,0.0,0.0,0.0,107.0,0.2102,2024,True,EarlyTrend
2024-09-10,21233.0,21281.0,20905.0,21000.0,191410.0,376.0,1.7708,DOWN,-1.0973,220.0,0.5851,36.0,0.0957,0.0,0.0,120.0,0.3191,2024,True,EarlyTrend
2024-09-11,21100.0,21130.0,20950.0,21005.0,147616.0,180.0,0.8531,DOWN,-0.4502,158.0,0.8778,0.0,0.0,0.0,0.0,22.0,0.1222,2024,False,EarlyTrend
2024-09-12,21597.0,21780.0,21461.0,21711.0,170464.0,319.0,1.4771,UP,0.5279,227.0,0.7116,92.0,0.2884,0.0,0.0,0.0,0.0,2024,True,EarlyTrend
2024-09-13,21800.0,21833.0,21657.0,21820.0,110162.0,176.0,0.8073,UP,0.0917,113.0,0.642,30.0,0.1705,0.0,0.0,33.0,0.1875,2024,False,EarlyTrend
2024-09-16,21807.0,21871.0,21735.0,21813.0,90854.0,136.0,0.6237,UP,0.0275,98.0,0.7206,19.0,0.1397,0.0,0.0,19.0,0.1397,2024,False,EarlyTrend
2024-09-18,21730.0,21872.0,21560.0,21619.0,86002.0,312.0,1.4358,DOWN,-0.5108,146.0,0.4679,8.0,0.0256,25.0,0.0801,133.0,0.4263,2024,True,Afternoon
2024-09-19,21763.0,22082.0,21661.0,22074.0,165594.0,421.0,1.9345,UP,1.429,136.0,0.323,202.0,0.4798,44.0,0.1045,39.0,0.0926,2024,True,LateTrend
2024-09-20,22345.0,22425.0,22186.0,22220.0,139106.0,239.0,1.0696,DOWN,-0.5594,145.0,0.6067,55.0,0.2301,14.0,0.0586,25.0,0.1046,2024,True,EarlyTrend
2024-09-23,22291.0,22392.0,22258.0,22338.0,105324.0,134.0,0.6011,UP,0.2108,121.0,0.903,13.0,0.097,0.0,0.0,0.0,0.0,2024,False,EarlyTrend
2024-09-24,22298.0,22508.0,22152.0,22491.0,154098.0,356.0,1.5966,UP,0.8655,167.0,0.4691,46.0,0.1292,0.0,0.0,143.0,0.4017,2024,True,Afternoon
2024-09-25,22835.0,22860.0,22739.0,22792.0,127200.0,121.0,0.5299,DOWN,-0.1883,92.0,0.7603,21.0,0.1736,0.0,0.0,8.0,0.0661,2024,False,EarlyTrend
2024-09-26,23034.0,23078.0,22892.0,22957.0,131706.0,186.0,0.8075,DOWN,-0.3343,125.0,0.672,23.0,0.1237,0.0,0.0,38.0,0.2043,2024,False,EarlyTrend
2024-09-27,23190.0,23195.0,22878.0,22884.0,151020.0,317.0,1.367,DOWN,-1.3195,122.0,0.3849,91.0,0.2871,72.0,0.2271,32.0,0.1009,2024,True,Spread
2024-09-30,22699.0,22755.0,22316.0,22326.0,173598.0,439.0,1.934,DOWN,-1.6432,172.0,0.3918,136.0,0.3098,0.0,0.0,131.0,0.2984,2024,True,Spread
2024-10-01,22246.0,22463.0,22228.0,22391.0,114752.0,235.0,1.0564,UP,0.6518,235.0,1.0,0.0,0.0,0.0,0.0,0.0,0.0,2024,True,EarlyTrend
2024-10-04,22331.0,22507.0,22250.0,22284.0,165774.0,257.0,1.1509,DOWN,-0.2105,235.0,0.9144,0.0,0.0,0.0,0.0,22.0,0.0856,2024,True,EarlyTrend
2024-10-07,22570.0,22808.0,22539.0,22779.0,152178.0,269.0,1.1918,UP,0.926,269.0,1.0,0.0,0.0,0.0,0.0,0.0,0.0,2024,True,EarlyTrend
2024-10-08,22606.0,22634.0,22392.0,22575.0,146078.0,242.0,1.0705,DOWN,-0.1371,138.0,0.5702,88.0,0.3636,0.0,0.0,16.0,0.0661,2024,True,EarlyTrend
2024-10-09,22770.0,22888.0,22666.0,22702.0,132242.0,222.0,0.975,DOWN,-0.2986,125.0,0.5631,77.0,0.3468,0.0,0.0,20.0,0.0901,2024,False,EarlyTrend
2024-10-11,22829.0,23047.0,22794.0,22912.0,129086.0,253.0,1.1082,UP,0.3636,243.0,0.9605,10.0,0.0395,0.0,0.0,0.0,0.0,2024,True,EarlyTrend
2024-10-14,22987.0,23049.0,22818.0,23008.0,117554.0,231.0,1.0049,UP,0.0914,199.0,0.8615,0.0,0.0,21.0,0.0909,11.0,0.0476,2024,True,EarlyTrend
2024-10-15,23168.0,23386.0,23101.0,23225.0,123782.0,285.0,1.2301,UP,0.246,232.0,0.814,39.0,0.1368,14.0,0.0491,0.0,0.0,2024,True,EarlyTrend
2024-10-16,22952.0,23260.0,22921.0,23063.0,95426.0,339.0,1.477,UP,0.4836,167.0,0.4926,109.0,0.3215,63.0,0.1858,0.0,0.0,2024,True,Spread
2024-10-17,23142.0,23277.0,23005.0,23256.0,151496.0,272.0,1.1754,UP,0.4926,149.0,0.5478,20.0,0.0735,42.0,0.1544,61.0,0.2243,2024,True,EarlyTrend
2024-10-18,23820.0,23840.0,23527.0,23657.0,180612.0,313.0,1.314,DOWN,-0.6843,196.0,0.6262,0.0,0.0,49.0,0.1565,68.0,0.2173,2024,True,EarlyTrend
2024-10-21,23810.0,23836.0,23566.0,23567.0,106344.0,270.0,1.134,DOWN,-1.0206,155.0,0.5741,18.0,0.0667,0.0,0.0,97.0,0.3593,2024,True,EarlyTrend
2024-10-22,23560.0,23637.0,23332.0,23633.0,140654.0,305.0,1.2946,UP,0.3098,231.0,0.7574,0.0,0.0,0.0,0.0,74.0,0.2426,2024,True,EarlyTrend
2024-10-23,23498.0,23511.0,23336.0,23406.0,130572.0,175.0,0.7447,DOWN,-0.3915,123.0,0.7029,0.0,0.0,52.0,0.2971,0.0,0.0,2024,False,EarlyTrend
2024-10-24,23383.0,23449.0,23203.0,23304.0,145812.0,246.0,1.052,DOWN,-0.3379,148.0,0.6016,35.0,0.1423,10.0,0.0407,53.0,0.2154,2024,True,EarlyTrend
2024-10-25,23270.0,23487.0,23252.0,23481.0,114440.0,235.0,1.0099,UP,0.9067,158.0,0.6723,0.0,0.0,0.0,0.0,77.0,0.3277,2024,True,EarlyTrend
2024-10-28,23650.0,23657.0,23216.0,23326.0,169548.0,441.0,1.8647,DOWN,-1.37,287.0,0.6508,110.0,0.2494,30.0,0.068,14.0,0.0317,2024,True,EarlyTrend
2024-10-29,23137.0,23148.0,22693.0,22976.0,213014.0,455.0,1.9665,DOWN,-0.6959,375.0,0.8242,80.0,0.1758,0.0,0.0,0.0,0.0,2024,True,EarlyTrend
2024-10-30,23072.0,23145.0,22845.0,22904.0,125246.0,300.0,1.3003,DOWN,-0.7282,163.0,0.5433,0.0,0.0,53.0,0.1767,84.0,0.28,2024,True,EarlyTrend
2024-11-01,22397.0,22822.0,22232.0,22753.0,174740.0,590.0,2.6343,UP,1.5895,364.0,0.6169,91.0,0.1542,8.0,0.0136,127.0,0.2153,2024,True,EarlyTrend
2024-11-04,22767.0,23046.0,22700.0,23041.0,131504.0,346.0,1.5197,UP,1.2035,255.0,0.737,0.0,0.0,9.0,0.026,82.0,0.237,2024,True,EarlyTrend
2024-11-05,22808.0,23239.0,22782.0,23135.0,145862.0,457.0,2.0037,UP,1.4337,457.0,1.0,0.0,0.0,0.0,0.0,0.0,0.0,2024,True,EarlyTrend
2024-11-06,23250.0,23448.0,23051.0,23324.0,205258.0,397.0,1.7075,UP,0.3183,208.0,0.5239,181.0,0.4559,8.0,0.0202,0.0,0.0,2024,True,EarlyTrend
2024-11-07,23183.0,23576.0,23085.0,23532.0,156912.0,491.0,2.1179,UP,1.5054,371.0,0.7556,80.0,0.1629,40.0,0.0815,0.0,0.0,2024,True,EarlyTrend
2024-11-08,23772.0,23794.0,23528.0,23781.0,142266.0,266.0,1.119,UP,0.0379,160.0,0.6015,0.0,0.0,73.0,0.2744,33.0,0.1241,2024,True,EarlyTrend
2024-11-11,23555.0,23632.0,23309.0,23573.0,143030.0,323.0,1.3713,UP,0.0764,288.0,0.8916,21.0,0.065,0.0,0.0,14.0,0.0433,2024,True,EarlyTrend
2024-11-12,23013.0,23242.0,22863.0,22869.0,168572.0,379.0,1.6469,DOWN,-0.6257,259.0,0.6834,0.0,0.0,0.0,0.0,120.0,0.3166,2024,True,EarlyTrend
2024-11-13,22755.0,23015.0,22730.0,22783.0,146256.0,285.0,1.2525,UP,0.123,264.0,0.9263,21.0,0.0737,0.0,0.0,0.0,0.0,2024,True,EarlyTrend
2024-11-14,22786.0,22880.0,22576.0,22684.0,173480.0,304.0,1.3342,DOWN,-0.4476,199.0,0.6546,105.0,0.3454,0.0,0.0,0.0,0.0,2024,True,EarlyTrend
2024-11-15,22710.0,22930.0,22684.0,22759.0,137030.0,246.0,1.0832,UP,0.2158,246.0,1.0,0.0,0.0,0.0,0.0,0.0,0.0,2024,True,EarlyTrend
2024-11-18,22654.0,22789.0,22544.0,22574.0,141376.0,245.0,1.0815,DOWN,-0.3531,226.0,0.9224,19.0,0.0776,0.0,0.0,0.0,0.0,2024,True,EarlyTrend
2024-11-19,22641.0,22995.0,22592.0,22850.0,150996.0,403.0,1.78,UP,0.9231,177.0,0.4392,51.0,0.1266,175.0,0.4342,0.0,0.0,2024,True,Spread
2024-11-20,22947.0,22999.0,22755.0,22773.0,77416.0,244.0,1.0633,DOWN,-0.7583,154.0,0.6311,22.0,0.0902,23.0,0.0943,45.0,0.1844,2024,True,EarlyTrend
2024-11-21,22647.0,22733.0,22514.0,22573.0,147988.0,219.0,0.967,DOWN,-0.3268,164.0,0.7489,0.0,0.0,55.0,0.2511,0.0,0.0,2024,False,EarlyTrend
2024-11-22,22811.0,23066.0,22780.0,23038.0,142684.0,286.0,1.2538,UP,0.9951,241.0,0.8427,45.0,0.1573,0.0,0.0,0.0,0.0,2024,True,EarlyTrend
2024-11-25,23254.0,23287.0,23014.0,23066.0,123348.0,273.0,1.174,DOWN,-0.8085,154.0,0.5641,42.0,0.1538,20.0,0.0733,57.0,0.2088,2024,True,EarlyTrend
2024-11-26,22710.0,22845.0,22615.0,22636.0,136280.0,230.0,1.0128,DOWN,-0.3258,173.0,0.7522,57.0,0.2478,0.0,0.0,0.0,0.0,2024,True,EarlyTrend
2024-11-27,22600.0,22690.0,22341.0,22347.0,134596.0,349.0,1.5442,DOWN,-1.1195,168.0,0.4814,0.0,0.0,24.0,0.0688,157.0,0.4499,2024,True,Afternoon
2024-11-28,22302.0,22385.0,22117.0,22337.0,150156.0,268.0,1.2017,UP,0.1569,251.0,0.9366,17.0,0.0634,0.0,0.0,0.0,0.0,2024,True,EarlyTrend
2024-11-29,22210.0,22438.0,22004.0,22313.0,169088.0,434.0,1.9541,UP,0.4638,279.0,0.6429,61.0,0.1406,56.0,0.129,38.0,0.0876,2024,True,EarlyTrend
2024-12-02,22530.0,22828.0,22498.0,22827.0,123772.0,330.0,1.4647,UP,1.3182,256.0,0.7758,47.0,0.1424,0.0,0.0,27.0,0.0818,2024,True,EarlyTrend
2024-12-03,23152.0,23191.0,22999.0,23112.0,128550.0,192.0,0.8293,DOWN,-0.1728,162.0,0.8438,30.0,0.1562,0.0,0.0,0.0,0.0,2024,False,EarlyTrend
2024-12-04,23200.0,23296.0,23071.0,23294.0,104030.0,225.0,0.9698,UP,0.4052,149.0,0.6622,0.0,0.0,0.0,0.0,76.0,0.3378,2024,False,EarlyTrend
2024-12-05,23260.0,23328.0,23211.0,23251.0,90362.0,117.0,0.503,DOWN,-0.0387,117.0,1.0,0.0,0.0,0.0,0.0,0.0,0.0,2024,False,EarlyTrend
2024-12-06,23321.0,23360.0,23134.0,23179.0,121270.0,226.0,0.9691,DOWN,-0.6089,142.0,0.6283,14.0,0.0619,29.0,0.1283,41.0,0.1814,2024,False,EarlyTrend
2024-12-09,23193.0,23287.0,23170.0,23249.0,93518.0,117.0,0.5045,UP,0.2415,106.0,0.906,0.0,0.0,6.0,0.0513,5.0,0.0427,2024,False,EarlyTrend
2024-12-10,23228.0,23337.0,23026.0,23090.0,140220.0,311.0,1.3389,DOWN,-0.5941,233.0,0.7492,20.0,0.0643,41.0,0.1318,17.0,0.0547,2024,True,EarlyTrend
2024-12-11,22887.0,23055.0,22824.0,22848.0,120194.0,231.0,1.0093,DOWN,-0.1704,193.0,0.8355,0.0,0.0,0.0,0.0,38.0,0.1645,2024,True,EarlyTrend
2024-12-12,23004.0,23211.0,23003.0,23107.0,118078.0,208.0,0.9042,UP,0.4477,208.0,1.0,0.0,0.0,0.0,0.0,0.0,0.0,2024,False,EarlyTrend
2024-12-13,22996.0,23092.0,22888.0,22986.0,118988.0,204.0,0.8871,DOWN,-0.0435,97.0,0.4755,107.0,0.5245,0.0,0.0,0.0,0.0,2024,False,LateTrend
2024-12-16,23220.0,23270.0,22946.0,22961.0,137626.0,324.0,1.3953,DOWN,-1.1154,135.0,0.4167,39.0,0.1204,123.0,0.3796,27.0,0.0833,2024,True,Spread
2024-12-17,23105.0,23215.0,23024.0,23031.0,115454.0,191.0,0.8267,DOWN,-0.3203,133.0,0.6963,17.0,0.089,0.0,0.0,41.0,0.2147,2024,False,EarlyTrend
2024-12-18,22937.0,23200.0,22902.0,23105.0,83012.0,298.0,1.2992,UP,0.7324,133.0,0.4463,15.0,0.0503,0.0,0.0,150.0,0.5034,2024,True,Afternoon
2024-12-19,22747.0,22906.0,22718.0,22849.0,144894.0,188.0,0.8265,UP,0.4484,175.0,0.9309,0.0,0.0,0.0,0.0,13.0,0.0691,2024,False,EarlyTrend
2024-12-20,22767.0,22793.0,22590.0,22635.0,151006.0,203.0,0.8916,DOWN,-0.5798,118.0,0.5813,3.0,0.0148,46.0,0.2266,36.0,0.1773,2024,False,EarlyTrend
2024-12-23,22904.0,23245.0,22899.0,23242.0,135054.0,346.0,1.5107,UP,1.4757,228.0,0.659,69.0,0.1994,0.0,0.0,49.0,0.1416,2024,True,EarlyTrend
2024-12-24,23430.0,23459.0,23187.0,23216.0,95146.0,272.0,1.1609,DOWN,-0.9134,177.0,0.6507,15.0,0.0551,41.0,0.1507,39.0,0.1434,2024,True,EarlyTrend
2024-12-25,23340.0,23349.0,23240.0,23329.0,65664.0,109.0,0.467,DOWN,-0.0471,71.0,0.6514,27.0,0.2477,11.0,0.1009,0.0,0.0,2024,False,EarlyTrend
2024-12-26,23358.0,23380.0,23285.0,23326.0,54434.0,95.0,0.4067,DOWN,-0.137,87.0,0.9158,4.0,0.0421,1.0,0.0105,3.0,0.0316,2024,False,EarlyTrend
2024-12-30,23202.0,23324.0,23154.0,23177.0,74028.0,170.0,0.7327,DOWN,-0.1077,143.0,0.8412,0.0,0.0,0.0,0.0,27.0,0.1588,2024,False,EarlyTrend
2024-12-31,22998.0,23110.0,22955.0,23041.0,96710.0,155.0,0.674,UP,0.187,89.0,0.5742,26.0,0.1677,0.0,0.0,40.0,0.2581,2024,False,EarlyTrend
2025-01-02,22935.0,22995.0,22689.0,22842.0,156980.0,306.0,1.3342,DOWN,-0.4055,149.0,0.4869,31.0,0.1013,64.0,0.2092,62.0,0.2026,2025,True,Spread
2025-01-03,22935.0,23108.0,22905.0,22977.0,124532.0,203.0,0.8851,UP,0.1831,172.0,0.8473,1.0,0.0049,30.0,0.1478,0.0,0.0,2025,False,EarlyTrend
2025-01-06,23222.0,23620.0,23218.0,23609.0,142686.0,402.0,1.7311,UP,1.6665,222.0,0.5522,93.0,0.2313,74.0,0.1841,13.0,0.0323,2025,True,EarlyTrend
2025-01-07,23965.0,23990.0,23723.0,23752.0,120328.0,267.0,1.1141,DOWN,-0.8888,158.0,0.5918,57.0,0.2135,15.0,0.0562,37.0,0.1386,2025,True,EarlyTrend
2025-01-08,23549.0,23649.0,23439.0,23450.0,114678.0,210.0,0.8918,DOWN,-0.4204,116.0,0.5524,0.0,0.0,64.0,0.3048,30.0,0.1429,2025,False,EarlyTrend
2025-01-09,23258.0,23410.0,23083.0,23105.0,120058.0,327.0,1.406,DOWN,-0.6578,159.0,0.4862,0.0,0.0,15.0,0.0459,153.0,0.4679,2025,True,Afternoon
2025-01-10,23083.0,23141.0,22955.0,23049.0,125232.0,186.0,0.8058,DOWN,-0.1473,125.0,0.672,41.0,0.2204,0.0,0.0,20.0,0.1075,2025,False,EarlyTrend
2025-01-13,22960.0,23008.0,22431.0,22535.0,209842.0,577.0,2.5131,DOWN,-1.851,577.0,1.0,0.0,0.0,0.0,0.0,0.0,0.0,2025,True,EarlyTrend
2025-01-14,22594.0,22767.0,22530.0,22750.0,116874.0,237.0,1.049,UP,0.6904,156.0,0.6582,20.0,0.0844,52.0,0.2194,9.0,0.038,2025,True,EarlyTrend
2025-01-15,22814.0,22821.0,22512.0,22512.0,74284.0,309.0,1.3544,DOWN,-1.3237,176.0,0.5696,0.0,0.0,73.0,0.2362,60.0,0.1942,2025,True,EarlyTrend
2025-01-16,23080.0,23217.0,22990.0,23031.0,144874.0,227.0,0.9835,DOWN,-0.2123,98.0,0.4317,9.0,0.0396,108.0,0.4758,12.0,0.0529,2025,False,Spread
2025-01-17,23277.0,23318.0,22956.0,23190.0,130402.0,362.0,1.5552,DOWN,-0.3738,362.0,1.0,0.0,0.0,0.0,0.0,0.0,0.0,2025,True,EarlyTrend
2025-01-20,23249.0,23417.0,23222.0,23346.0,89640.0,195.0,0.8387,UP,0.4172,144.0,0.7385,10.0,0.0513,41.0,0.2103,0.0,0.0,2025,False,EarlyTrend
2025-01-21,23426.0,23432.0,23203.0,23365.0,108658.0,229.0,0.9775,DOWN,-0.2604,229.0,1.0,0.0,0.0,0.0,0.0,0.0,0.0,2025,False,EarlyTrend
2025-01-22,23600.0,23719.0,23573.0,23698.0,106450.0,146.0,0.6186,UP,0.4153,123.0,0.8425,23.0,0.1575,0.0,0.0,0.0,0.0,2025,False,EarlyTrend
2025-02-03,22680.0,22817.0,22539.0,22598.0,168328.0,278.0,1.2257,DOWN,-0.3616,278.0,1.0,0.0,0.0,0.0,0.0,0.0,0.0,2025,True,EarlyTrend
2025-02-04,22919.0,22945.0,22708.0,22822.0,116466.0,237.0,1.0341,DOWN,-0.4232,150.0,0.6329,0.0,0.0,0.0,0.0,87.0,0.3671,2025,True,EarlyTrend
2025-02-05,23077.0,23284.0,23063.0,23133.0,116920.0,221.0,0.9577,UP,0.2427,207.0,0.9367,14.0,0.0633,0.0,0.0,0.0,0.0,2025,False,EarlyTrend
2025-02-06,23355.0,23379.0,23234.0,23290.0,78520.0,145.0,0.6209,DOWN,-0.2783,91.0,0.6276,51.0,0.3517,3.0,0.0207,0.0,0.0,2025,False,EarlyTrend
2025-02-07,23285.0,23465.0,23278.0,23431.0,75808.0,187.0,0.8031,UP,0.627,93.0,0.4973,38.0,0.2032,21.0,0.1123,35.0,0.1872,2025,False,Spread
2025-02-10,23324.0,23366.0,23167.0,23246.0,106038.0,199.0,0.8532,DOWN,-0.3344,110.0,0.5528,46.0,0.2312,43.0,0.2161,0.0,0.0,2025,False,EarlyTrend
2025-02-11,23391.0,23503.0,23302.0,23335.0,96192.0,201.0,0.8593,DOWN,-0.2394,117.0,0.5821,45.0,0.2239,33.0,0.1642,6.0,0.0299,2025,False,EarlyTrend
2025-02-12,23429.0,23536.0,23292.0,23315.0,99326.0,244.0,1.0414,DOWN,-0.4866,116.0,0.4754,84.0,0.3443,26.0,0.1066,18.0,0.0738,2025,True,Spread
2025-02-13,23435.0,23460.0,23250.0,23399.0,92210.0,210.0,0.8961,DOWN,-0.1536,210.0,1.0,0.0,0.0,0.0,0.0,0.0,0.0,2025,False,EarlyTrend
2025-02-14,23338.0,23349.0,23116.0,23179.0,116324.0,233.0,0.9984,DOWN,-0.6813,194.0,0.8326,0.0,0.0,0.0,0.0,39.0,0.1674,2025,False,EarlyTrend
2025-02-17,23286.0,23540.0,23283.0,23504.0,105844.0,257.0,1.1037,UP,0.9362,185.0,0.7198,49.0,0.1907,17.0,0.0661,6.0,0.0233,2025,True,EarlyTrend
2025-02-18,23570.0,23663.0,23466.0,23649.0,82008.0,197.0,0.8358,UP,0.3352,117.0,0.5939,0.0,0.0,0.0,0.0,80.0,0.4061,2025,False,EarlyTrend
2025-02-19,23582.0,23695.0,23568.0,23609.0,61056.0,127.0,0.5385,UP,0.1145,127.0,1.0,0.0,0.0,0.0,0.0,0.0,0.0,2025,False,EarlyTrend
2025-02-20,23505.0,23564.0,23371.0,23538.0,116584.0,193.0,0.8211,UP,0.1404,193.0,1.0,0.0,0.0,0.0,0.0,0.0,0.0,2025,False,EarlyTrend
2025-02-21,23533.0,23761.0,23474.0,23745.0,108772.0,287.0,1.2196,UP,0.9009,161.0,0.561,81.0,0.2822,13.0,0.0453,32.0,0.1115,2025,True,EarlyTrend
2025-02-24,23549.0,23564.0,23444.0,23558.0,97686.0,120.0,0.5096,UP,0.0382,108.0,0.9,0.0,0.0,3.0,0.025,9.0,0.075,2025,False,EarlyTrend
2025-02-25,23231.0,23345.0,23138.0,23299.0,119954.0,207.0,0.8911,UP,0.2927,142.0,0.686,65.0,0.314,0.0,0.0,0.0,0.0,2025,False,EarlyTrend
2025-02-26,23150.0,23421.0,23104.0,23421.0,117158.0,317.0,1.3693,UP,1.1706,185.0,0.5836,7.0,0.0221,49.0,0.1546,76.0,0.2397,2025,True,EarlyTrend
2025-02-27,23374.0,23434.0,23127.0,23196.0,137632.0,307.0,1.3134,DOWN,-0.7615,106.0,0.3453,193.0,0.6287,0.0,0.0,8.0,0.0261,2025,True,LateTrend
2025-03-03,22650.0,22797.0,22611.0,22718.0,156352.0,186.0,0.8212,UP,0.3002,186.0,1.0,0.0,0.0,0.0,0.0,0.0,0.0,2025,False,EarlyTrend
2025-03-04,22242.0,22668.0,22194.0,22588.0,166654.0,474.0,2.1311,UP,1.5556,263.0,0.5549,140.0,0.2954,19.0,0.0401,52.0,0.1097,2025,True,EarlyTrend
2025-03-05,22659.0,22927.0,22637.0,22888.0,135924.0,290.0,1.2798,UP,1.0106,247.0,0.8517,0.0,0.0,23.0,0.0793,20.0,0.069,2025,True,EarlyTrend
2025-03-06,22991.0,23017.0,22704.0,22763.0,111876.0,313.0,1.3614,DOWN,-0.9917,248.0,0.7923,44.0,0.1406,21.0,0.0671,0.0,0.0,2025,True,EarlyTrend
2025-03-07,22499.0,22685.0,22480.0,22520.0,108190.0,205.0,0.9112,UP,0.0933,203.0,0.9902,2.0,0.0098,0.0,0.0,0.0,0.0,2025,False,EarlyTrend
2025-03-10,22456.0,22547.0,22315.0,22446.0,129684.0,232.0,1.0331,DOWN,-0.0445,232.0,1.0,0.0,0.0,0.0,0.0,0.0,0.0,2025,True,EarlyTrend
2025-03-11,21868.0,22085.0,21661.0,22031.0,174548.0,424.0,1.9389,UP,0.7454,313.0,0.7382,76.0,0.1792,25.0,0.059,10.0,0.0236,2025,True,EarlyTrend
2025-03-12,22101.0,22345.0,22044.0,22232.0,134316.0,301.0,1.3619,UP,0.5927,180.0,0.598,103.0,0.3422,18.0,0.0598,0.0,0.0,2025,True,EarlyTrend
2025-03-13,22445.0,22475.0,21917.0,21920.0,151028.0,558.0,2.4861,DOWN,-2.3391,160.0,0.2867,119.0,0.2133,151.0,0.2706,128.0,0.2294,2025,True,Spread
2025-03-14,22120.0,22131.0,21874.0,21961.0,140278.0,257.0,1.1618,DOWN,-0.7188,252.0,0.9805,5.0,0.0195,0.0,0.0,0.0,0.0,2025,True,EarlyTrend
2025-03-17,22161.0,22312.0,22111.0,22158.0,131418.0,201.0,0.907,DOWN,-0.0135,180.0,0.8955,0.0,0.0,0.0,0.0,21.0,0.1045,2025,False,EarlyTrend
2025-03-18,22373.0,22385.0,22191.0,22230.0,108752.0,194.0,0.8671,DOWN,-0.6392,162.0,0.8351,32.0,0.1649,0.0,0.0,0.0,0.0,2025,False,EarlyTrend
2025-03-19,22244.0,22262.0,21977.0,22034.0,84036.0,285.0,1.2812,DOWN,-0.9441,104.0,0.3649,96.0,0.3368,16.0,0.0561,69.0,0.2421,2025,True,Spread
2025-03-20,22236.0,22417.0,22202.0,22365.0,123912.0,215.0,0.9669,UP,0.5801,151.0,0.7023,0.0,0.0,53.0,0.2465,11.0,0.0512,2025,False,EarlyTrend
2025-03-21,22323.0,22377.0,22173.0,22177.0,119142.0,204.0,0.9139,DOWN,-0.654,136.0,0.6667,50.0,0.2451,0.0,0.0,18.0,0.0882,2025,False,EarlyTrend
2025-03-24,22302.0,22399.0,22124.0,22160.0,107292.0,275.0,1.2331,DOWN,-0.6367,184.0,0.6691,22.0,0.08,69.0,0.2509,0.0,0.0,2025,True,EarlyTrend
2025-03-25,22330.0,22443.0,22202.0,22298.0,128056.0,241.0,1.0793,DOWN,-0.1433,145.0,0.6017,96.0,0.3983,0.0,0.0,0.0,0.0,2025,True,EarlyTrend
2025-03-26,22409.0,22429.0,22250.0,22305.0,107968.0,179.0,0.7988,DOWN,-0.4641,122.0,0.6816,57.0,0.3184,0.0,0.0,0.0,0.0,2025,False,EarlyTrend
2025-03-27,22031.0,22052.0,21891.0,21968.0,121142.0,161.0,0.7308,DOWN,-0.286,147.0,0.913,0.0,0.0,14.0,0.087,0.0,0.0,2025,False,EarlyTrend
2025-03-28,21750.0,21795.0,21485.0,21603.0,158656.0,310.0,1.4253,DOWN,-0.6759,169.0,0.5452,109.0,0.3516,26.0,0.0839,6.0,0.0194,2025,True,EarlyTrend
2025-03-31,20856.0,21065.0,20724.0,20769.0,205920.0,341.0,1.635,DOWN,-0.4171,209.0,0.6129,46.0,0.1349,86.0,0.2522,0.0,0.0,2025,True,EarlyTrend
2025-04-01,21000.0,21271.0,20888.0,21181.0,162408.0,383.0,1.8238,UP,0.8619,262.0,0.6841,39.0,0.1018,23.0,0.0601,59.0,0.154,2025,True,EarlyTrend
2025-04-02,21273.0,21360.0,21188.0,21304.0,131994.0,172.0,0.8085,UP,0.1457,135.0,0.7849,37.0,0.2151,0.0,0.0,0.0,0.0,2025,False,EarlyTrend
2025-04-08,18596.0,18754.0,18004.0,18190.0,304094.0,750.0,4.0331,DOWN,-2.1833,423.0,0.564,159.0,0.212,168.0,0.224,0.0,0.0,2025,True,EarlyTrend
2025-04-09,17846.0,18286.0,17139.0,17204.0,352136.0,1147.0,6.4272,DOWN,-3.5974,443.0,0.3862,66.0,0.0575,374.0,0.3261,264.0,0.2302,2025,True,Spread
2025-04-11,18560.0,19566.0,18441.0,19524.0,259494.0,1125.0,6.0614,UP,5.194,669.0,0.5947,208.0,0.1849,18.0,0.016,230.0,0.2044,2025,True,EarlyTrend
2025-04-14,19800.0,19982.0,19450.0,19491.0,205856.0,532.0,2.6869,DOWN,-1.5606,397.0,0.7462,4.0,0.0075,0.0,0.0,131.0,0.2462,2025,True,EarlyTrend
2025-04-15,19585.0,19833.0,19517.0,19798.0,120850.0,316.0,1.6135,UP,1.0876,158.0,0.5,109.0,0.3449,49.0,0.1551,0.0,0.0,2025,True,EarlyTrend
2025-04-16,19539.0,19622.0,19304.0,19353.0,96334.0,318.0,1.6275,DOWN,-0.9519,115.0,0.3616,155.0,0.4874,0.0,0.0,48.0,0.1509,2025,True,LateTrend
2025-04-17,19243.0,19406.0,19112.0,19369.0,157988.0,294.0,1.5278,UP,0.6548,229.0,0.7789,0.0,0.0,65.0,0.2211,0.0,0.0,2025,True,EarlyTrend
2025-04-18,19380.0,19432.0,19288.0,19330.0,86066.0,144.0,0.743,DOWN,-0.258,121.0,0.8403,23.0,0.1597,0.0,0.0,0.0,0.0,2025,False,EarlyTrend
2025-04-21,19347.0,19368.0,19027.0,19099.0,120242.0,341.0,1.7625,DOWN,-1.2819,312.0,0.915,25.0,0.0733,4.0,0.0117,0.0,0.0,2025,True,EarlyTrend
2025-04-22,18945.0,19035.0,18773.0,18797.0,139738.0,262.0,1.383,DOWN,-0.7812,192.0,0.7328,5.0,0.0191,65.0,0.2481,0.0,0.0,2025,True,EarlyTrend
2025-04-23,19250.0,19596.0,19171.0,19554.0,153774.0,425.0,2.2078,UP,1.5792,278.0,0.6541,75.0,0.1765,6.0,0.0141,66.0,0.1553,2025,True,EarlyTrend
2025-04-24,19636.0,19682.0,19413.0,19466.0,116364.0,269.0,1.3699,DOWN,-0.8658,167.0,0.6208,71.0,0.2639,0.0,0.0,31.0,0.1152,2025,True,EarlyTrend
2025-04-25,19980.0,20008.0,19848.0,19873.0,133310.0,160.0,0.8008,DOWN,-0.5355,128.0,0.8,25.0,0.1562,7.0,0.0437,0.0,0.0,2025,False,EarlyTrend
2025-04-28,19965.0,20053.0,19933.0,19965.0,88704.0,120.0,0.6011,UP,0.0,99.0,0.825,21.0,0.175,0.0,0.0,0.0,0.0,2025,False,EarlyTrend
2025-04-29,19980.0,20207.0,19963.0,20154.0,115550.0,244.0,1.2212,UP,0.8709,111.0,0.4549,133.0,0.5451,0.0,0.0,0.0,0.0,2025,True,LateTrend
2025-04-30,20091.0,20268.0,20065.0,20149.0,116218.0,203.0,1.0104,UP,0.2887,130.0,0.6404,73.0,0.3596,0.0,0.0,0.0,0.0,2025,True,EarlyTrend
2025-05-02,20488.0,20710.0,20469.0,20677.0,123470.0,241.0,1.1763,UP,0.9225,113.0,0.4689,65.0,0.2697,36.0,0.1494,27.0,0.112,2025,True,Spread
2025-05-05,20757.0,20796.0,20206.0,20404.0,192818.0,590.0,2.8424,DOWN,-1.7006,504.0,0.8542,86.0,0.1458,0.0,0.0,0.0,0.0,2025,True,EarlyTrend
2025-05-06,20150.0,20483.0,20150.0,20337.0,138694.0,333.0,1.6526,UP,0.928,263.0,0.7898,62.0,0.1862,8.0,0.024,0.0,0.0,2025,True,EarlyTrend
2025-05-07,20440.0,20560.0,20265.0,20381.0,146886.0,295.0,1.4432,DOWN,-0.2886,295.0,1.0,0.0,0.0,0.0,0.0,0.0,0.0,2025,True,EarlyTrend
2025-05-08,20475.0,20695.0,20452.0,20575.0,126134.0,243.0,1.1868,UP,0.4884,201.0,0.8272,0.0,0.0,42.0,0.1728,0.0,0.0,2025,True,EarlyTrend
2025-05-09,20649.0,20872.0,20596.0,20848.0,134732.0,276.0,1.3366,UP,0.9637,122.0,0.442,46.0,0.1667,66.0,0.2391,42.0,0.1522,2025,True,Spread
2025-05-12,21015.0,21134.0,20978.0,21066.0,115784.0,156.0,0.7423,UP,0.2427,149.0,0.9551,7.0,0.0449,0.0,0.0,0.0,0.0,2025,False,EarlyTrend
2025-05-13,21421.0,21520.0,21288.0,21360.0,120808.0,232.0,1.083,DOWN,-0.2848,113.0,0.4871,81.0,0.3491,38.0,0.1638,0.0,0.0,2025,True,Spread
2025-05-14,21677.0,21787.0,21579.0,21768.0,114860.0,208.0,0.9595,UP,0.4198,116.0,0.5577,35.0,0.1683,0.0,0.0,57.0,0.274,2025,False,EarlyTrend
2025-05-15,21776.0,21810.0,21676.0,21694.0,87794.0,134.0,0.6154,DOWN,-0.3766,130.0,0.9701,0.0,0.0,4.0,0.0299,0.0,0.0,2025,False,EarlyTrend
2025-05-16,21775.0,21878.0,21679.0,21821.0,96160.0,199.0,0.9139,UP,0.2113,180.0,0.9045,19.0,0.0955,0.0,0.0,0.0,0.0,2025,False,EarlyTrend
2025-05-19,21682.0,21748.0,21499.0,21538.0,125050.0,249.0,1.1484,DOWN,-0.6641,129.0,0.5181,4.0,0.0161,81.0,0.3253,35.0,0.1406,2025,True,EarlyTrend
2025-05-20,21753.0,21772.0,21505.0,21539.0,106282.0,267.0,1.2274,DOWN,-0.9838,158.0,0.5918,49.0,0.1835,41.0,0.1536,19.0,0.0712,2025,True,EarlyTrend
2025-05-21,21472.0,21747.0,21472.0,21672.0,82044.0,275.0,1.2807,UP,0.9314,142.0,0.5164,35.0,0.1273,38.0,0.1382,60.0,0.2182,2025,True,EarlyTrend
2025-05-22,21465.0,21550.0,21396.0,21503.0,96010.0,154.0,0.7174,UP,0.177,135.0,0.8766,19.0,0.1234,0.0,0.0,0.0,0.0,2025,False,EarlyTrend
2025-05-23,21558.0,21640.0,21372.0,21470.0,103298.0,268.0,1.2432,DOWN,-0.4082,190.0,0.709,16.0,0.0597,0.0,0.0,62.0,0.2313,2025,True,EarlyTrend
2025-05-26,21450.0,21569.0,21357.0,21385.0,113104.0,212.0,0.9883,DOWN,-0.303,199.0,0.9387,0.0,0.0,0.0,0.0,13.0,0.0613,2025,False,EarlyTrend
2025-05-27,21403.0,21438.0,21133.0,21233.0,120520.0,305.0,1.425,DOWN,-0.7943,247.0,0.8098,15.0,0.0492,26.0,0.0852,17.0,0.0557,2025,True,EarlyTrend
2025-05-28,21420.0,21512.0,21150.0,21252.0,138134.0,362.0,1.69,DOWN,-0.7843,208.0,0.5746,42.0,0.116,52.0,0.1436,60.0,0.1657,2025,True,EarlyTrend
2025-05-29,21513.0,21616.0,21275.0,21320.0,152790.0,341.0,1.5851,DOWN,-0.8971,279.0,0.8182,26.0,0.0762,0.0,0.0,36.0,0.1056,2025,True,EarlyTrend
2025-06-02,20976.0,21049.0,20790.0,20866.0,131736.0,259.0,1.2347,DOWN,-0.5244,204.0,0.7876,26.0,0.1004,29.0,0.112,0.0,0.0,2025,True,EarlyTrend
2025-06-03,21034.0,21221.0,20955.0,20971.0,129716.0,266.0,1.2646,DOWN,-0.2995,209.0,0.7857,52.0,0.1955,0.0,0.0,5.0,0.0188,2025,True,EarlyTrend
2025-06-04,21280.0,21533.0,21261.0,21482.0,122776.0,272.0,1.2782,UP,0.9492,203.0,0.7463,65.0,0.239,4.0,0.0147,0.0,0.0,2025,True,EarlyTrend
2025-06-05,21589.0,21677.0,21512.0,21553.0,92366.0,165.0,0.7643,DOWN,-0.1668,126.0,0.7636,39.0,0.2364,0.0,0.0,0.0,0.0,2025,False,EarlyTrend
2025-06-06,21599.0,21630.0,21513.0,21578.0,74962.0,117.0,0.5417,DOWN,-0.0972,104.0,0.8889,13.0,0.1111,0.0,0.0,0.0,0.0,2025,False,EarlyTrend
2025-06-09,21663.0,21788.0,21626.0,21727.0,86024.0,162.0,0.7478,UP,0.2954,162.0,1.0,0.0,0.0,0.0,0.0,0.0,0.0,2025,False,EarlyTrend
2025-06-10,21879.0,22236.0,21850.0,22113.0,139418.0,386.0,1.7642,UP,1.0695,287.0,0.7435,77.0,0.1995,8.0,0.0207,14.0,0.0363,2025,True,EarlyTrend
2025-06-11,22296.0,22355.0,22190.0,22351.0,104342.0,165.0,0.74,UP,0.2467,119.0,0.7212,24.0,0.1455,22.0,0.1333,0.0,0.0,2025,False,EarlyTrend
2025-06-12,22315.0,22329.0,22214.0,22252.0,84000.0,115.0,0.5153,DOWN,-0.2823,106.0,0.9217,9.0,0.0783,0.0,0.0,0.0,0.0,2025,False,EarlyTrend
2025-06-13,21954.0,22139.0,21893.0,21940.0,159584.0,246.0,1.1205,DOWN,-0.0638,243.0,0.9878,3.0,0.0122,0.0,0.0,0.0,0.0,2025,True,EarlyTrend
2025-06-16,22030.0,22061.0,21868.0,22032.0,109560.0,193.0,0.8761,UP,0.0091,193.0,1.0,0.0,0.0,0.0,0.0,0.0,0.0,2025,False,EarlyTrend
2025-06-17,22150.0,22260.0,22061.0,22159.0,120068.0,199.0,0.8984,UP,0.0406,130.0,0.6533,69.0,0.3467,0.0,0.0,0.0,0.0,2025,False,EarlyTrend
2025-06-18,21714.0,21962.0,21694.0,21930.0,74298.0,268.0,1.2342,UP,0.9947,172.0,0.6418,96.0,0.3582,0.0,0.0,0.0,0.0,2025,True,EarlyTrend
2025-06-19,21820.0,21857.0,21675.0,21704.0,105688.0,182.0,0.8341,DOWN,-0.5316,154.0,0.8462,28.0,0.1538,0.0,0.0,0.0,0.0,2025,False,EarlyTrend
2025-06-20,21635.0,21743.0,21470.0,21653.0,135912.0,273.0,1.2618,UP,0.0832,251.0,0.9194,22.0,0.0806,0.0,0.0,0.0,0.0,2025,True,EarlyTrend
2025-06-23,21350.0,21484.0,21205.0,21473.0,133850.0,279.0,1.3068,UP,0.5761,193.0,0.6918,8.0,0.0287,24.0,0.086,54.0,0.1935,2025,True,EarlyTrend
2025-06-24,21770.0,21966.0,21764.0,21959.0,139232.0,202.0,0.9279,UP,0.8682,191.0,0.9455,0.0,0.0,0.0,0.0,11.0,0.0545,2025,False,EarlyTrend
2025-06-25,22138.0,22168.0,22017.0,22159.0,99300.0,151.0,0.6821,UP,0.0949,132.0,0.8742,0.0,0.0,0.0,0.0,19.0,0.1258,2025,False,EarlyTrend
2025-06-26,22161.0,22263.0,22078.0,22117.0,118000.0,185.0,0.8348,DOWN,-0.1985,92.0,0.4973,32.0,0.173,22.0,0.1189,39.0,0.2108,2025,False,Spread
2025-06-27,22197.0,22221.0,21989.0,22121.0,118984.0,232.0,1.0452,DOWN,-0.3424,190.0,0.819,26.0,0.1121,16.0,0.069,0.0,0.0,2025,True,EarlyTrend
2025-06-30,22239.0,22254.0,22083.0,22145.0,101216.0,171.0,0.7689,DOWN,-0.4227,166.0,0.9708,0.0,0.0,5.0,0.0292,0.0,0.0,2025,False,EarlyTrend
2025-07-01,22197.0,22593.0,22191.0,22353.0,171384.0,402.0,1.8111,UP,0.7028,402.0,1.0,0.0,0.0,0.0,0.0,0.0,0.0,2025,True,EarlyTrend
2025-07-02,22298.0,22401.0,22208.0,22396.0,94880.0,193.0,0.8655,UP,0.4395,105.0,0.544,52.0,0.2694,4.0,0.0207,32.0,0.1658,2025,False,EarlyTrend
2025-07-03,22568.0,22716.0,22547.0,22675.0,107514.0,169.0,0.7488,UP,0.4741,149.0,0.8817,12.0,0.071,8.0,0.0473,0.0,0.0,2025,False,EarlyTrend
2025-07-04,22739.0,22762.0,22431.0,22435.0,112474.0,331.0,1.4556,DOWN,-1.3369,230.0,0.6949,34.0,0.1027,55.0,0.1662,12.0,0.0363,2025,True,EarlyTrend
2025-07-07,22349.0,22506.0,22244.0,22336.0,121560.0,262.0,1.1723,DOWN,-0.0582,262.0,1.0,0.0,0.0,0.0,0.0,0.0,0.0,2025,True,EarlyTrend
2025-07-08,22353.0,22397.0,22141.0,22251.0,126118.0,256.0,1.1453,DOWN,-0.4563,256.0,1.0,0.0,0.0,0.0,0.0,0.0,0.0,2025,True,EarlyTrend
2025-07-09,22250.0,22473.0,22146.0,22434.0,115030.0,327.0,1.4697,UP,0.827,249.0,0.7615,8.0,0.0245,0.0,0.0,70.0,0.2141,2025,True,EarlyTrend
2025-07-10,22470.0,22647.0,22410.0,22611.0,114052.0,237.0,1.0547,UP,0.6275,156.0,0.6582,39.0,0.1646,0.0,0.0,42.0,0.1772,2025,True,EarlyTrend
2025-07-11,22519.0,22774.0,22488.0,22764.0,112002.0,286.0,1.27,UP,1.088,220.0,0.7692,17.0,0.0594,4.0,0.014,45.0,0.1573,2025,True,EarlyTrend
2025-07-14,22670.0,22695.0,22520.0,22551.0,100366.0,175.0,0.7719,DOWN,-0.5249,146.0,0.8343,16.0,0.0914,0.0,0.0,13.0,0.0743,2025,False,EarlyTrend
2025-07-15,22529.0,22882.0,22512.0,22810.0,135764.0,370.0,1.6423,UP,1.2473,352.0,0.9514,18.0,0.0486,0.0,0.0,0.0,0.0,2025,True,EarlyTrend
2025-07-16,22704.0,22998.0,22701.0,22920.0,75608.0,297.0,1.3081,UP,0.9514,237.0,0.798,37.0,0.1246,2.0,0.0067,21.0,0.0707,2025,True,EarlyTrend
2025-07-17,22958.0,23150.0,22866.0,23148.0,120206.0,284.0,1.237,UP,0.8276,163.0,0.5739,0.0,0.0,0.0,0.0,121.0,0.4261,2025,True,EarlyTrend
2025-07-18,23350.0,23399.0,23230.0,23262.0,102276.0,169.0,0.7238,DOWN,-0.3769,138.0,0.8166,0.0,0.0,19.0,0.1124,12.0,0.071,2025,False,EarlyTrend
2025-07-21,23234.0,23301.0,23172.0,23228.0,81588.0,129.0,0.5552,DOWN,-0.0258,129.0,1.0,0.0,0.0,0.0,0.0,0.0,0.0,2025,False,EarlyTrend
2025-07-22,23241.0,23406.0,22977.0,22990.0,154056.0,429.0,1.8459,DOWN,-1.08,201.0,0.4685,24.0,0.0559,134.0,0.3124,70.0,0.1632,2025,True,Spread
2025-07-23,23006.0,23258.0,23000.0,23186.0,126470.0,258.0,1.1214,UP,0.7824,253.0,0.9806,0.0,0.0,5.0,0.0194,0.0,0.0,2025,True,EarlyTrend
2025-07-24,23400.0,23408.0,23229.0,23310.0,92200.0,179.0,0.765,DOWN,-0.3846,179.0,1.0,0.0,0.0,0.0,0.0,0.0,0.0,2025,False,EarlyTrend
2025-07-25,23264.0,23328.0,23207.0,23238.0,86066.0,121.0,0.5201,DOWN,-0.1118,121.0,1.0,0.0,0.0,0.0,0.0,0.0,0.0,2025,False,EarlyTrend
2025-07-28,23368.0,23483.0,23265.0,23392.0,110132.0,218.0,0.9329,UP,0.1027,218.0,1.0,0.0,0.0,0.0,0.0,0.0,0.0,2025,False,EarlyTrend
2025-07-29,23326.0,23359.0,23027.0,23163.0,146092.0,332.0,1.4233,DOWN,-0.6988,258.0,0.7771,74.0,0.2229,0.0,0.0,0.0,0.0,2025,True,EarlyTrend
2025-07-30,23213.0,23421.0,23198.0,23361.0,144058.0,223.0,0.9607,UP,0.6376,181.0,0.8117,25.0,0.1121,2.0,0.009,15.0,0.0673,2025,False,EarlyTrend
2025-07-31,23497.0,23621.0,23355.0,23589.0,132670.0,266.0,1.1321,UP,0.3915,156.0,0.5865,23.0,0.0865,14.0,0.0526,73.0,0.2744,2025,True,EarlyTrend
2025-08-01,23064.0,23442.0,23048.0,23344.0,139098.0,394.0,1.7083,UP,1.214,394.0,1.0,0.0,0.0,0.0,0.0,0.0,0.0,2025,True,EarlyTrend
2025-08-04,23108.0,23300.0,23032.0,23260.0,109810.0,268.0,1.1598,UP,0.6578,169.0,0.6306,63.0,0.2351,0.0,0.0,36.0,0.1343,2025,True,EarlyTrend
2025-08-05,23446.0,23584.0,23421.0,23575.0,104464.0,163.0,0.6952,UP,0.5502,125.0,0.7669,29.0,0.1779,3.0,0.0184,6.0,0.0368,2025,False,EarlyTrend
2025-08-06,23423.0,23483.0,23381.0,23425.0,90248.0,102.0,0.4355,UP,0.0085,79.0,0.7745,23.0,0.2255,0.0,0.0,0.0,0.0,2025,False,EarlyTrend
2025-08-07,23660.0,24054.0,23653.0,23997.0,141338.0,401.0,1.6948,UP,1.4243,385.0,0.9601,13.0,0.0324,3.0,0.0075,0.0,0.0,2025,True,EarlyTrend
2025-08-08,24091.0,24095.0,23947.0,23949.0,83940.0,148.0,0.6143,DOWN,-0.5894,146.0,0.9865,0.0,0.0,0.0,0.0,2.0,0.0135,2025,False,EarlyTrend
2025-08-11,23973.0,24223.0,23833.0,24162.0,123606.0,390.0,1.6268,UP,0.7884,166.0,0.4256,85.0,0.2179,139.0,0.3564,0.0,0.0,2025,True,Spread
2025-08-12,24155.0,24241.0,24088.0,24135.0,104874.0,153.0,0.6334,DOWN,-0.0828,88.0,0.5752,0.0,0.0,7.0,0.0458,58.0,0.3791,2025,False,EarlyTrend
2025-08-13,24298.0,24412.0,24154.0,24347.0,141712.0,258.0,1.0618,UP,0.2017,105.0,0.407,58.0,0.2248,95.0,0.3682,0.0,0.0,2025,True,Spread
2025-08-14,24337.0,24362.0,24207.0,24250.0,90850.0,155.0,0.6369,DOWN,-0.3575,106.0,0.6839,49.0,0.3161,0.0,0.0,0.0,0.0,2025,False,EarlyTrend
2025-08-15,24282.0,24385.0,24188.0,24312.0,111050.0,197.0,0.8113,UP,0.1235,167.0,0.8477,0.0,0.0,30.0,0.1523,0.0,0.0,2025,False,EarlyTrend
2025-08-18,24199.0,24462.0,24176.0,24426.0,109940.0,286.0,1.1819,UP,0.9381,242.0,0.8462,1.0,0.0035,9.0,0.0315,34.0,0.1189,2025,True,EarlyTrend
2025-08-19,24380.0,24447.0,24313.0,24342.0,95042.0,134.0,0.5496,DOWN,-0.1559,134.0,1.0,0.0,0.0,0.0,0.0,0.0,0.0,2025,False,EarlyTrend
2025-08-20,24100.0,24140.0,23613.0,23667.0,120786.0,527.0,2.1867,DOWN,-1.7967,348.0,0.6603,63.0,0.1195,58.0,0.1101,58.0,0.1101,2025,True,EarlyTrend
2025-08-21,23729.0,23943.0,23691.0,23852.0,125468.0,252.0,1.062,UP,0.5184,249.0,0.9881,3.0,0.0119,0.0,0.0,0.0,0.0,2025,True,EarlyTrend
2025-08-22,23877.0,23982.0,23732.0,23750.0,112002.0,250.0,1.047,DOWN,-0.5319,210.0,0.84,0.0,0.0,36.0,0.144,4.0,0.016,2025,True,EarlyTrend
2025-08-25,24120.0,24314.0,24070.0,24251.0,126172.0,244.0,1.0116,UP,0.5431,121.0,0.4959,123.0,0.5041,0.0,0.0,0.0,0.0,2025,True,LateTrend
2025-08-26,24143.0,24281.0,24090.0,24253.0,107592.0,191.0,0.7911,UP,0.4556,112.0,0.5864,0.0,0.0,0.0,0.0,79.0,0.4136,2025,False,EarlyTrend
2025-08-27,24350.0,24496.0,24331.0,24463.0,102282.0,165.0,0.6776,UP,0.4641,126.0,0.7636,39.0,0.2364,0.0,0.0,0.0,0.0,2025,False,EarlyTrend
2025-08-28,24358.0,24420.0,24203.0,24228.0,124322.0,217.0,0.8909,DOWN,-0.5337,84.0,0.3871,14.0,0.0645,0.0,0.0,119.0,0.5484,2025,False,Afternoon
2025-08-29,24401.0,24453.0,24246.0,24267.0,113094.0,207.0,0.8483,DOWN,-0.5492,166.0,0.8019,34.0,0.1643,0.0,0.0,7.0,0.0338,2025,False,EarlyTrend
2025-09-01,24120.0,24245.0,23847.0,24008.0,164322.0,398.0,1.6501,DOWN,-0.4643,176.0,0.4422,215.0,0.5402,7.0,0.0176,0.0,0.0,2025,True,LateTrend
2025-09-02,24083.0,24249.0,23879.0,23965.0,157890.0,370.0,1.5364,DOWN,-0.49,259.0,0.7,69.0,0.1865,42.0,0.1135,0.0,0.0,2025,True,EarlyTrend
2025-09-03,23966.0,24083.0,23888.0,23997.0,115616.0,195.0,0.8137,UP,0.1293,191.0,0.9795,4.0,0.0205,0.0,0.0,0.0,0.0,2025,False,EarlyTrend
2025-09-04,24195.0,24365.0,24113.0,24132.0,156604.0,252.0,1.0415,DOWN,-0.2604,133.0,0.5278,43.0,0.1706,35.0,0.1389,41.0,0.1627,2025,True,EarlyTrend
2025-09-05,24363.0,24429.0,24286.0,24419.0,111306.0,143.0,0.587,UP,0.2299,97.0,0.6783,41.0,0.2867,0.0,0.0,5.0,0.035,2025,False,EarlyTrend
2025-09-08,24588.0,24674.0,24518.0,24551.0,117158.0,156.0,0.6345,DOWN,-0.1505,115.0,0.7372,41.0,0.2628,0.0,0.0,0.0,0.0,2025,False,EarlyTrend
2025-09-09,24725.0,24838.0,24660.0,24802.0,112636.0,178.0,0.7199,UP,0.3114,103.0,0.5787,75.0,0.4213,0.0,0.0,0.0,0.0,2025,False,EarlyTrend
2025-09-10,24970.0,25244.0,24961.0,25178.0,140128.0,283.0,1.1334,UP,0.833,158.0,0.5583,77.0,0.2721,34.0,0.1201,14.0,0.0495,2025,True,EarlyTrend
2025-09-11,25386.0,25464.0,25176.0,25240.0,145098.0,288.0,1.1345,DOWN,-0.5751,107.0,0.3715,18.0,0.0625,27.0,0.0938,136.0,0.4722,2025,True,Afternoon
2025-09-12,25418.0,25466.0,25350.0,25459.0,98478.0,116.0,0.4564,UP,0.1613,107.0,0.9224,3.0,0.0259,0.0,0.0,6.0,0.0517,2025,False,EarlyTrend
2025-09-15,25404.0,25450.0,25269.0,25353.0,121966.0,181.0,0.7125,DOWN,-0.2008,144.0,0.7956,37.0,0.2044,0.0,0.0,0.0,0.0,2025,False,EarlyTrend
2025-09-16,25420.0,25663.0,25410.0,25629.0,104802.0,253.0,0.9953,UP,0.8222,199.0,0.7866,32.0,0.1265,20.0,0.0791,2.0,0.0079,2025,False,EarlyTrend
2025-09-17,25575.0,25596.0,25441.0,25470.0,62150.0,155.0,0.6061,DOWN,-0.4106,124.0,0.8,4.0,0.0258,0.0,0.0,27.0,0.1742,2025,False,EarlyTrend
2025-09-18,25623.0,25747.0,25490.0,25709.0,121110.0,257.0,1.003,UP,0.3356,157.0,0.6109,29.0,0.1128,39.0,0.1518,32.0,0.1245,2025,True,EarlyTrend
2025-09-19,25850.0,25853.0,25636.0,25671.0,118488.0,217.0,0.8395,DOWN,-0.6925,217.0,1.0,0.0,0.0,0.0,0.0,0.0,0.0,2025,False,EarlyTrend
2025-09-22,25756.0,25941.0,25689.0,25891.0,114864.0,252.0,0.9784,UP,0.5241,127.0,0.504,102.0,0.4048,23.0,0.0913,0.0,0.0,2025,False,EarlyTrend
2025-09-23,26058.0,26328.0,26023.0,26273.0,153796.0,305.0,1.1705,UP,0.8251,134.0,0.4393,78.0,0.2557,93.0,0.3049,0.0,0.0,2025,True,Spread
2025-09-24,26376.0,26393.0,26072.0,26237.0,142830.0,321.0,1.217,DOWN,-0.527,273.0,0.8505,48.0,0.1495,0.0,0.0,0.0,0.0,2025,True,EarlyTrend
2025-09-25,26191.0,26283.0,26087.0,26097.0,111698.0,196.0,0.7483,DOWN,-0.3589,169.0,0.8622,0.0,0.0,27.0,0.1378,0.0,0.0,2025,False,EarlyTrend
2025-09-26,25944.0,25991.0,25500.0,25669.0,191018.0,491.0,1.8925,DOWN,-1.06,463.0,0.943,28.0,0.057,0.0,0.0,0.0,0.0,2025,True,EarlyTrend
2025-09-30,25800.0,26046.0,25797.0,25954.0,117302.0,249.0,0.9651,UP,0.5969,249.0,1.0,0.0,0.0,0.0,0.0,0.0,0.0,2025,False,EarlyTrend
2025-10-01,26094.0,26375.0,26000.0,26045.0,154434.0,375.0,1.4371,DOWN,-0.1878,314.0,0.8373,0.0,0.0,61.0,0.1627,0.0,0.0,2025,True,EarlyTrend
2025-10-02,26459.0,26527.0,26381.0,26431.0,113880.0,146.0,0.5518,DOWN,-0.1058,146.0,1.0,0.0,0.0,0.0,0.0,0.0,0.0,2025,False,EarlyTrend
2025-10-03,26480.0,26764.0,26388.0,26745.0,132286.0,376.0,1.4199,UP,1.0008,189.0,0.5027,150.0,0.3989,0.0,0.0,37.0,0.0984,2025,True,EarlyTrend
2025-10-07,27202.0,27356.0,26995.0,27322.0,140852.0,361.0,1.3271,UP,0.4411,288.0,0.7978,17.0,0.0471,56.0,0.1551,0.0,0.0,2025,True,EarlyTrend
2025-10-08,27061.0,27127.0,26912.0,27093.0,116434.0,215.0,0.7945,UP,0.1183,165.0,0.7674,0.0,0.0,25.0,0.1163,25.0,0.1163,2025,False,EarlyTrend
2025-10-09,27440.0,27455.0,27273.0,27335.0,132876.0,182.0,0.6633,DOWN,-0.3827,175.0,0.9615,0.0,0.0,0.0,0.0,7.0,0.0385,2025,False,EarlyTrend
2025-10-13,26450.0,26945.0,26390.0,26904.0,170878.0,555.0,2.0983,UP,1.7164,466.0,0.8396,20.0,0.036,0.0,0.0,69.0,0.1243,2025,True,EarlyTrend
2025-10-14,27269.0,27450.0,26716.0,26718.0,209620.0,734.0,2.6917,DOWN,-2.0206,190.0,0.2589,120.0,0.1635,25.0,0.0341,399.0,0.5436,2025,True,Afternoon
2025-10-15,26878.0,27300.0,26821.0,27288.0,97174.0,479.0,1.7821,UP,1.5254,260.0,0.5428,74.0,0.1545,78.0,0.1628,67.0,0.1399,2025,True,EarlyTrend
2025-10-16,27545.0,27877.0,27450.0,27822.0,187734.0,427.0,1.5502,UP,1.0056,258.0,0.6042,24.0,0.0562,0.0,0.0,145.0,0.3396,2025,True,EarlyTrend
2025-10-17,27251.0,27545.0,27244.0,27328.0,140100.0,301.0,1.1045,UP,0.2826,301.0,1.0,0.0,0.0,0.0,0.0,0.0,0.0,2025,True,EarlyTrend
2025-10-20,27444.0,27824.0,27432.0,27783.0,151424.0,392.0,1.4284,UP,1.2352,392.0,1.0,0.0,0.0,0.0,0.0,0.0,0.0,2025,True,EarlyTrend
2025-10-21,27900.0,28036.0,27798.0,27833.0,145358.0,238.0,0.853,DOWN,-0.2401,152.0,0.6387,24.0,0.1008,31.0,0.1303,31.0,0.1303,2025,False,EarlyTrend
2025-10-22,27690.0,27797.0,27526.0,27704.0,154624.0,271.0,0.9787,UP,0.0506,166.0,0.6125,0.0,0.0,23.0,0.0849,82.0,0.3026,2025,False,EarlyTrend
2025-10-23,27385.0,27629.0,27313.0,27556.0,115544.0,316.0,1.1539,UP,0.6244,233.0,0.7373,41.0,0.1297,42.0,0.1329,0.0,0.0,2025,True,EarlyTrend
2025-10-27,28284.0,28291.0,28079.0,28225.0,121782.0,212.0,0.7495,DOWN,-0.2086,212.0,1.0,0.0,0.0,0.0,0.0,0.0,0.0,2025,False,EarlyTrend
2025-10-28,28233.0,28250.0,27984.0,28002.0,117488.0,266.0,0.9422,DOWN,-0.8182,208.0,0.782,46.0,0.1729,0.0,0.0,12.0,0.0451,2025,False,EarlyTrend
2025-10-29,28225.0,28446.0,28203.0,28412.0,119498.0,243.0,0.8609,UP,0.6625,146.0,0.6008,97.0,0.3992,0.0,0.0,0.0,0.0,2025,False,EarlyTrend
2025-10-30,28430.0,28552.0,28181.0,28398.0,157866.0,371.0,1.305,DOWN,-0.1126,260.0,0.7008,0.0,0.0,0.0,0.0,111.0,0.2992,2025,True,EarlyTrend
2025-10-31,28478.0,28588.0,28378.0,28431.0,133320.0,210.0,0.7374,DOWN,-0.165,164.0,0.781,0.0,0.0,46.0,0.219,0.0,0.0,2025,False,EarlyTrend
2025-11-03,28380.0,28583.0,28229.0,28340.0,143682.0,354.0,1.2474,DOWN,-0.1409,219.0,0.6186,125.0,0.3531,0.0,0.0,10.0,0.0282,2025,True,EarlyTrend
2025-11-04,28410.0,28594.0,28113.0,28117.0,174332.0,481.0,1.6931,DOWN,-1.0313,212.0,0.4407,176.0,0.3659,0.0,0.0,93.0,0.1933,2025,True,Spread
2025-11-05,27710.0,27850.0,27415.0,27805.0,224494.0,435.0,1.5698,UP,0.3428,413.0,0.9494,0.0,0.0,22.0,0.0506,0.0,0.0,2025,True,EarlyTrend
2025-11-06,28010.0,28141.0,27903.0,28034.0,136774.0,238.0,0.8497,UP,0.0857,146.0,0.6134,85.0,0.3571,7.0,0.0294,0.0,0.0,2025,False,EarlyTrend
2025-11-07,27777.0,27838.0,27596.0,27730.0,156480.0,242.0,0.8712,DOWN,-0.1692,170.0,0.7025,72.0,0.2975,0.0,0.0,0.0,0.0,2025,False,EarlyTrend
2025-11-10,27777.0,28039.0,27718.0,28016.0,139266.0,321.0,1.1556,UP,0.8604,184.0,0.5732,32.0,0.0997,6.0,0.0187,99.0,0.3084,2025,True,EarlyTrend
2025-11-11,28149.0,28180.0,27762.0,27780.0,136290.0,418.0,1.485,DOWN,-1.3109,200.0,0.4785,29.0,0.0694,0.0,0.0,189.0,0.4522,2025,True,Afternoon
2025-11-12,27889.0,28078.0,27858.0,28054.0,118418.0,220.0,0.7888,UP,0.5916,136.0,0.6182,66.0,0.3,12.0,0.0545,6.0,0.0273,2025,False,EarlyTrend
2025-11-13,28038.0,28044.0,27802.0,27980.0,138684.0,242.0,0.8631,DOWN,-0.2069,242.0,1.0,0.0,0.0,0.0,0.0,0.0,0.0,2025,False,EarlyTrend
2025-11-14,27510.0,27596.0,27366.0,27401.0,147660.0,230.0,0.8361,DOWN,-0.3962,153.0,0.6652,61.0,0.2652,2.0,0.0087,14.0,0.0609,2025,False,EarlyTrend
2025-11-17,27570.0,27690.0,27465.0,27479.0,148356.0,225.0,0.8161,DOWN,-0.3301,177.0,0.7867,26.0,0.1156,0.0,0.0,22.0,0.0978,2025,False,EarlyTrend
2025-11-18,27142.0,27298.0,26772.0,26805.0,181900.0,526.0,1.938,DOWN,-1.2416,258.0,0.4905,146.0,0.2776,78.0,0.1483,44.0,0.0837,2025,True,Spread
2025-11-19,26801.0,26919.0,26559.0,26595.0,98074.0,360.0,1.3432,DOWN,-0.7686,198.0,0.55,0.0,0.0,162.0,0.45,0.0,0.0,2025,True,EarlyTrend
2025-11-20,27308.0,27492.0,27201.0,27482.0,172308.0,291.0,1.0656,UP,0.6372,188.0,0.646,92.0,0.3162,0.0,0.0,11.0,0.0378,2025,True,EarlyTrend
2025-11-21,26750.0,26770.0,26397.0,26486.0,189384.0,373.0,1.3944,DOWN,-0.9869,182.0,0.4879,73.0,0.1957,62.0,0.1662,56.0,0.1501,2025,True,Spread
2025-11-24,26705.0,26730.0,26536.0,26615.0,127468.0,194.0,0.7265,DOWN,-0.337,194.0,1.0,0.0,0.0,0.0,0.0,0.0,0.0,2025,False,EarlyTrend
2025-11-25,27055.0,27105.0,26773.0,26933.0,130524.0,332.0,1.2271,DOWN,-0.4509,235.0,0.7078,24.0,0.0723,73.0,0.2199,0.0,0.0,2025,True,EarlyTrend
2025-11-26,27188.0,27384.0,27133.0,27329.0,131182.0,251.0,0.9232,UP,0.5186,251.0,1.0,0.0,0.0,0.0,0.0,0.0,0.0,2025,False,EarlyTrend
2025-11-27,27518.0,27649.0,27461.0,27583.0,121638.0,188.0,0.6832,UP,0.2362,143.0,0.7606,30.0,0.1596,0.0,0.0,15.0,0.0798,2025,False,EarlyTrend
2025-11-28,27590.0,27854.0,27558.0,27744.0,117494.0,296.0,1.0729,UP,0.5582,127.0,0.4291,94.0,0.3176,17.0,0.0574,58.0,0.1959,2025,True,Spread
2025-12-01,27650.0,27674.0,27401.0,27404.0,128752.0,273.0,0.9873,DOWN,-0.8897,149.0,0.5458,40.0,0.1465,0.0,0.0,84.0,0.3077,2025,False,EarlyTrend
2025-12-02,27674.0,27789.0,27528.0,27561.0,112934.0,261.0,0.9431,DOWN,-0.4083,162.0,0.6207,24.0,0.092,62.0,0.2375,13.0,0.0498,2025,False,EarlyTrend
2025-12-03,27808.0,27888.0,27690.0,27758.0,109440.0,198.0,0.712,DOWN,-0.1798,87.0,0.4394,84.0,0.4242,27.0,0.1364,0.0,0.0,2025,False,LateTrend
2025-12-04,27841.0,27880.0,27670.0,27799.0,98892.0,210.0,0.7543,DOWN,-0.1509,128.0,0.6095,33.0,0.1571,49.0,0.2333,0.0,0.0,2025,False,EarlyTrend
2025-12-05,27792.0,28019.0,27763.0,28016.0,115458.0,256.0,0.9211,UP,0.806,172.0,0.6719,0.0,0.0,0.0,0.0,84.0,0.3281,2025,False,EarlyTrend
2025-12-08,28054.0,28298.0,28019.0,28286.0,91860.0,279.0,0.9945,UP,0.827,160.0,0.5735,65.0,0.233,41.0,0.147,13.0,0.0466,2025,False,EarlyTrend
2025-12-09,28350.0,28360.0,28204.0,28220.0,81692.0,156.0,0.5503,DOWN,-0.4586,115.0,0.7372,29.0,0.1859,9.0,0.0577,3.0,0.0192,2025,False,EarlyTrend
2025-12-10,28279.0,28434.0,28252.0,28398.0,103662.0,182.0,0.6436,UP,0.4208,114.0,0.6264,14.0,0.0769,13.0,0.0714,41.0,0.2253,2025,False,EarlyTrend
2025-12-11,28600.0,28602.0,28059.0,28110.0,153206.0,543.0,1.8986,DOWN,-1.7133,233.0,0.4291,185.0,0.3407,125.0,0.2302,0.0,0.0,2025,True,Spread
2025-12-12,28266.0,28342.0,28157.0,28292.0,103900.0,185.0,0.6545,UP,0.092,97.0,0.5243,0.0,0.0,82.0,0.4432,6.0,0.0324,2025,False,EarlyTrend
2025-12-15,27834.0,27984.0,27755.0,27907.0,101132.0,229.0,0.8227,UP,0.2623,184.0,0.8035,45.0,0.1965,0.0,0.0,0.0,0.0,2025,False,EarlyTrend
2025-12-16,27630.0,27689.0,27411.0,27624.0,143710.0,278.0,1.0062,DOWN,-0.0217,217.0,0.7806,15.0,0.054,40.0,0.1439,6.0,0.0216,2025,True,EarlyTrend
2025-12-17,27714.0,27858.0,27591.0,27692.0,82254.0,267.0,0.9634,DOWN,-0.0794,129.0,0.4831,0.0,0.0,34.0,0.1273,104.0,0.3895,2025,False,Spread
2025-12-18,27500.0,27679.0,27457.0,27591.0,133264.0,222.0,0.8073,UP,0.3309,215.0,0.9685,0.0,0.0,7.0,0.0315,0.0,0.0,2025,False,EarlyTrend
2025-12-19,27800.0,27983.0,27795.0,27894.0,128536.0,188.0,0.6763,UP,0.3381,118.0,0.6277,30.0,0.1596,40.0,0.2128,0.0,0.0,2025,False,EarlyTrend
2025-12-22,28256.0,28368.0,28170.0,28341.0,105304.0,198.0,0.7007,UP,0.3008,134.0,0.6768,52.0,0.2626,12.0,0.0606,0.0,0.0,2025,False,EarlyTrend
2025-12-23,28392.0,28455.0,28359.0,28413.0,77834.0,96.0,0.3381,UP,0.074,88.0,0.9167,8.0,0.0833,0.0,0.0,0.0,0.0,2025,False,EarlyTrend
2025-12-24,28565.0,28577.0,28400.0,28472.0,73792.0,177.0,0.6196,DOWN,-0.3256,111.0,0.6271,61.0,0.3446,0.0,0.0,5.0,0.0282,2025,False,EarlyTrend
2025-12-26,28595.0,28714.0,28536.0,28673.0,88418.0,178.0,0.6225,UP,0.2728,145.0,0.8146,0.0,0.0,33.0,0.1854,0.0,0.0,2025,False,EarlyTrend
2025-12-29,28749.0,28998.0,28713.0,28950.0,97390.0,285.0,0.9913,UP,0.6992,216.0,0.7579,0.0,0.0,39.0,0.1368,30.0,0.1053,2025,False,EarlyTrend
2025-12-30,28777.0,28942.0,28705.0,28881.0,89290.0,237.0,0.8236,UP,0.3614,140.0,0.5907,0.0,0.0,52.0,0.2194,45.0,0.1899,2025,False,EarlyTrend
2025-12-31,28842.0,29053.0,28782.0,29016.0,210912.0,271.0,0.9396,UP,0.6033,171.0,0.631,30.0,0.1107,41.0,0.1513,29.0,0.107,2025,False,EarlyTrend
2026-01-02,29047.0,29500.0,29026.0,29473.0,122354.0,474.0,1.6318,UP,1.4666,193.0,0.4072,217.0,0.4578,18.0,0.038,46.0,0.097,2026,True,LateTrend
2026-01-05,29888.0,30487.0,29850.0,30313.0,189300.0,637.0,2.1313,UP,1.422,430.0,0.675,113.0,0.1774,94.0,0.1476,0.0,0.0,2026,True,EarlyTrend
2026-01-06,30271.0,30672.0,30183.0,30617.0,118674.0,489.0,1.6154,UP,1.143,209.0,0.4274,158.0,0.3231,46.0,0.0941,76.0,0.1554,2026,True,Spread
2026-01-07,30609.0,30676.0,30448.0,30516.0,115554.0,228.0,0.7449,DOWN,-0.3038,194.0,0.8509,0.0,0.0,34.0,0.1491,0.0,0.0,2026,False,EarlyTrend
2026-01-08,30362.0,30663.0,30353.0,30458.0,126508.0,310.0,1.021,UP,0.3162,299.0,0.9645,11.0,0.0355,0.0,0.0,0.0,0.0,2026,True,EarlyTrend
2026-01-09,30450.0,30578.0,30005.0,30456.0,165808.0,573.0,1.8818,UP,0.0197,460.0,0.8028,113.0,0.1972,0.0,0.0,0.0,0.0,2026,True,EarlyTrend
2026-01-12,30717.0,30763.0,30555.0,30701.0,114804.0,208.0,0.6771,DOWN,-0.0521,151.0,0.726,47.0,0.226,0.0,0.0,10.0,0.0481,2026,False,EarlyTrend
2026-01-13,31067.0,31252.0,30626.0,30874.0,152822.0,626.0,2.015,DOWN,-0.6212,543.0,0.8674,83.0,0.1326,0.0,0.0,0.0,0.0,2026,True,EarlyTrend
2026-01-14,31000.0,31162.0,30937.0,30982.0,109204.0,225.0,0.7258,DOWN,-0.0581,129.0,0.5733,96.0,0.4267,0.0,0.0,0.0,0.0,2026,False,EarlyTrend
2026-01-15,30831.0,31057.0,30744.0,31050.0,114274.0,313.0,1.0152,UP,0.7103,126.0,0.4026,65.0,0.2077,7.0,0.0224,115.0,0.3674,2026,True,Spread
2026-01-16,31382.0,31536.0,31157.0,31474.0,134618.0,379.0,1.2077,UP,0.2932,267.0,0.7045,5.0,0.0132,27.0,0.0712,80.0,0.2111,2026,True,EarlyTrend
2026-01-19,31272.0,31774.0,31208.0,31669.0,139708.0,566.0,1.8099,UP,1.2695,265.0,0.4682,89.0,0.1572,59.0,0.1042,153.0,0.2703,2026,True,Spread
2026-01-20,31481.0,31742.0,31328.0,31672.0,121612.0,414.0,1.3151,UP,0.6067,229.0,0.5531,185.0,0.4469,0.0,0.0,0.0,0.0,2026,True,EarlyTrend
2026-01-21,31437.0,31802.0,31377.0,31484.0,115496.0,425.0,1.3519,UP,0.1495,365.0,0.8588,0.0,0.0,20.0,0.0471,40.0,0.0941,2026,True,EarlyTrend
2026-01-22,31876.0,32057.0,31783.0,31857.0,143546.0,274.0,0.8596,DOWN,-0.0596,167.0,0.6095,57.0,0.208,0.0,0.0,50.0,0.1825,2026,False,EarlyTrend
2026-01-23,31995.0,32166.0,31873.0,32153.0,136772.0,293.0,0.9158,UP,0.4938,283.0,0.9659,0.0,0.0,0.0,0.0,10.0,0.0341,2026,False,EarlyTrend
2026-01-26,32128.0,32231.0,32086.0,32144.0,113976.0,145.0,0.4513,UP,0.0498,132.0,0.9103,13.0,0.0897,0.0,0.0,0.0,0.0,2026,False,EarlyTrend
2026-01-27,32313.0,32532.0,32206.0,32509.0,125504.0,326.0,1.0089,UP,0.6066,192.0,0.589,125.0,0.3834,9.0,0.0276,0.0,0.0,2026,True,EarlyTrend
2026-01-28,32758.0,32938.0,32668.0,32927.0,120148.0,270.0,0.8242,UP,0.5159,170.0,0.6296,0.0,0.0,0.0,0.0,100.0,0.3704,2026,False,EarlyTrend
2026-01-29,33014.0,33014.0,32587.0,32777.0,156160.0,427.0,1.2934,DOWN,-0.7179,404.0,0.9461,23.0,0.0539,0.0,0.0,0.0,0.0,2026,True,EarlyTrend
2026-01-30,32456.0,32526.0,32092.0,32247.0,168022.0,434.0,1.3372,DOWN,-0.6439,370.0,0.8525,64.0,0.1475,0.0,0.0,0.0,0.0,2026,True,EarlyTrend
2026-02-02,31888.0,31964.0,31392.0,31610.0,208582.0,572.0,1.7938,DOWN,-0.8718,509.0,0.8899,0.0,0.0,37.0,0.0647,26.0,0.0455,2026,True,EarlyTrend
2026-02-03,32386.0,32446.0,32004.0,32261.0,157794.0,442.0,1.3648,DOWN,-0.386,261.0,0.5905,181.0,0.4095,0.0,0.0,0.0,0.0,2026,True,EarlyTrend
2026-02-04,32110.0,32475.0,32034.0,32423.0,133736.0,441.0,1.3734,UP,0.9748,355.0,0.805,86.0,0.195,0.0,0.0,0.0,0.0,2026,True,EarlyTrend
2026-02-05,31970.0,32166.0,31798.0,31907.0,158688.0,368.0,1.1511,DOWN,-0.1971,198.0,0.538,75.0,0.2038,95.0,0.2582,0.0,0.0,2026,True,EarlyTrend
2026-02-06,31458.0,31883.0,31220.0,31807.0,194818.0,663.0,2.1076,UP,1.1094,422.0,0.6365,241.0,0.3635,0.0,0.0,0.0,0.0,2026,True,EarlyTrend
2026-02-09,32824.0,32836.0,32515.0,32651.0,118898.0,321.0,0.9779,DOWN,-0.5271,321.0,1.0,0.0,0.0,0.0,0.0,0.0,0.0,2026,False,EarlyTrend
2026-02-10,32906.0,33309.0,32879.0,33307.0,143390.0,430.0,1.3068,UP,1.2186,268.0,0.6233,0.0,0.0,0.0,0.0,162.0,0.3767,2026,True,EarlyTrend
2026-02-11,33349.0,33843.0,33272.0,33691.0,129982.0,571.0,1.7122,UP,1.0255,280.0,0.4904,262.0,0.4588,29.0,0.0508,0.0,0.0,2026,True,LateTrend
2026-02-23,34183.0,34507.0,33836.0,33961.0,110082.0,671.0,1.963,DOWN,-0.6494,418.0,0.623,0.0,0.0,0.0,0.0,253.0,0.377,2026,True,EarlyTrend
2026-02-24,34125.0,34956.0,34100.0,34827.0,154052.0,856.0,2.5084,UP,2.0571,485.0,0.5666,250.0,0.2921,71.0,0.0829,50.0,0.0584,2026,True,EarlyTrend
2026-02-25,35243.0,35777.0,35065.0,35490.0,172988.0,712.0,2.0203,UP,0.7008,318.0,0.4466,394.0,0.5534,0.0,0.0,0.0,0.0,2026,True,LateTrend
2026-02-26,35522.0,35755.0,35348.0,35604.0,143454.0,407.0,1.1458,UP,0.2308,300.0,0.7371,107.0,0.2629,0.0,0.0,0.0,0.0,2026,True,EarlyTrend
2026-03-02,34744.0,35495.0,34722.0,35232.0,165446.0,773.0,2.2248,UP,1.4046,764.0,0.9884,9.0,0.0116,0.0,0.0,0.0,0.0,2026,True,EarlyTrend
2026-03-03,35018.0,35320.0,34314.0,34325.0,223410.0,1006.0,2.8728,DOWN,-1.979,613.0,0.6093,194.0,0.1928,29.0,0.0288,170.0,0.169,2026,True,EarlyTrend
2026-03-04,33461.0,33666.0,32679.0,32834.0,306682.0,987.0,2.9497,DOWN,-1.8738,674.0,0.6829,0.0,0.0,45.0,0.0456,268.0,0.2715,2026,True,EarlyTrend
2026-03-05,33911.0,34294.0,33392.0,33639.0,234054.0,902.0,2.6599,DOWN,-0.8021,674.0,0.7472,228.0,0.2528,0.0,0.0,0.0,0.0,2026,True,EarlyTrend
2026-03-06,33360.0,33888.0,33296.0,33704.0,157474.0,592.0,1.7746,UP,1.0312,449.0,0.7584,143.0,0.2416,0.0,0.0,0.0,0.0,2026,True,EarlyTrend
2026-03-09,31730.0,32111.0,31124.0,31786.0,234652.0,987.0,3.1106,UP,0.1765,766.0,0.7761,0.0,0.0,82.0,0.0831,139.0,0.1408,2026,True,EarlyTrend
2026-03-10,33242.0,33329.0,32374.0,32696.0,212428.0,955.0,2.8729,DOWN,-1.6425,415.0,0.4346,151.0,0.1581,389.0,0.4073,0.0,0.0,2026,True,Spread
2026-03-11,33341.0,34185.0,33277.0,33985.0,157506.0,908.0,2.7234,UP,1.9316,432.0,0.4758,256.0,0.2819,220.0,0.2423,0.0,0.0,2026,True,Spread
2026-03-12,33678.0,33939.0,33326.0,33530.0,155280.0,613.0,1.8202,DOWN,-0.4395,469.0,0.7651,144.0,0.2349,0.0,0.0,0.0,0.0,2026,True,EarlyTrend
2026-03-13,32664.0,33518.0,32663.0,33315.0,164310.0,855.0,2.6176,UP,1.993,728.0,0.8515,127.0,0.1485,0.0,0.0,0.0,0.0,2026,True,EarlyTrend
2026-03-16,33460.0,33723.0,33077.0,33250.0,161960.0,646.0,1.9307,DOWN,-0.6276,646.0,1.0,0.0,0.0,0.0,0.0,0.0,0.0,2026,True,EarlyTrend
2026-03-17,33616.0,34017.0,33593.0,33795.0,116118.0,424.0,1.2613,UP,0.5325,424.0,1.0,0.0,0.0,0.0,0.0,0.0,0.0,2026,True,EarlyTrend
2026-03-18,34351.0,34580.0,34247.0,34551.0,77938.0,333.0,0.9694,UP,0.5822,272.0,0.8168,61.0,0.1832,0.0,0.0,0.0,0.0,2026,False,EarlyTrend
2026-03-19,33898.0,34083.0,33537.0,33553.0,140326.0,546.0,1.6107,DOWN,-1.0178,285.0,0.522,28.0,0.0513,0.0,0.0,233.0,0.4267,2026,True,EarlyTrend
