trade_date,macro_tier,adj_close,vix_pct,taiex_dist_125ma_z,margin_drop_60d_pct,econ_score,comp_pct,comp_z,comp_vote,fwd_60d,fwd_120d,fwd_250d
2017-08-31,bull,15.749176979064941,75.5,2.83365245934926,0.0,22,38.05515759312321,-0.820213156003474,0,0.007836039861188526,0.00353180706384415,0.07736471059558458
2017-09-01,bull,15.75866985321045,64.6766169154229,2.842545173357472,0.0,22,35.44054441260745,-1.0160089643543326,0,0.008433770594008294,-0.002016319979414427,0.07173053182784517
2017-09-04,bull,15.73019027709961,89.60396039603961,2.6403504466052876,0.0,22,41.81590257879657,-0.4579299738321136,0,-0.007241895685176081,0.01712452180450219,0.06930151628138215
2017-09-05,bull,15.749176979064941,94.58128078817734,2.897195370464045,0.0,22,43.00978987583572,-0.521741050999097,1,-0.004219275655285681,0.011569854783840983,0.06676547450743775
2017-09-06,bull,15.682726860046387,96.5686274509804,2.4170700049363227,-0.0392513178647913,22,47.94054441260745,-0.1994268425549911,1,0.0036318457485957634,0.027654361197652966,0.06377202244320612
2017-09-07,bull,15.616273880004883,95.85365853658536,2.3146974213672333,0.0,22,45.13490926456542,-0.1558897405632791,1,0.0,0.03327419793158404,0.08779109426956588
2017-09-08,bull,15.70171070098877,94.1747572815534,2.7154762368805145,0.0,22,43.105300859598856,-0.4217535892373678,1,-0.022370093796708623,0.043776595579915645,0.07374239398529081
2017-09-11,bull,15.673234939575195,89.85507246376811,2.4334677723642986,0.0,22,42.4725405921681,-0.331527586879557,0,-0.019988039851099315,0.05561432730429705,0.07005473459677525
2017-09-12,bull,15.73019027709961,71.15384615384616,2.6303281186655982,0.0,22,37.374641833810884,-0.7768466007414419,0,-0.02353643379834247,0.04374444505071451,0.07554343015465959
2017-09-13,bull,15.625763893127441,59.09090909090909,2.1025424767884884,0.0,22,36.75382043935052,-0.6780312284402266,0,-0.009720349975565812,0.05009624468432672,0.07958943169343335
2017-09-14,bull,15.635261535644531,40.95238095238095,2.1981813009650697,0.0,22,32.32449856733524,-1.0537617235685814,0,-0.017000736820789064,0.04509892185064013,0.09086622798991884
2017-09-15,bull,15.635261535644531,29.62085308056872,2.333579323646375,0.0,22,29.31590257879656,-1.333093336780833,0,-0.016393408625682837,0.04447567393484264,0.0940063776474922
2017-09-18,bull,15.787149429321289,64.38679245283019,2.6217306319803604,0.0,22,35.76289398280802,-0.8909156517153387,0,-0.016837173023649954,0.033810264644987376,0.08099274460484729
2017-09-19,bull,15.71120834350586,78.40375586854461,2.246156651603566,0.0,22,40.59813753581662,-0.42269358079547464,0,-0.01993997230611677,0.039426756525702045,0.09184288152354725
2017-09-20,bull,15.606781959533691,71.26168224299066,1.8584712355961868,0.0,22,40.92048710601719,-0.3198486676090139,0,-0.01216567388111267,0.04263827630568029,0.09348577018236037
2017-09-21,bull,15.70171070098877,20.46511627906977,2.2017529635223183,0.0,22,28.193648519579753,-1.4165589135406293,0,-0.02297436590148816,0.018349124236680447,0.09250331487192676
2017-09-22,bull,15.492864608764648,43.98148148148148,1.3574155134097523,-0.7075364027338803,22,43.117239732569246,-0.4283466514175735,0,-0.0067401658286266874,0.033333772430747644,0.0907518328521113
2017-09-25,bull,15.369450569152832,79.49308755760369,0.6104866524741188,-1.272762751182853,25,55.50978987583573,0.49825777850454644,0,0.0006178317907807873,0.056837484302127095,0.09823252453441245
2017-09-26,bull,15.246041297912598,81.19266055045871,0.0930848520407141,-2.217634431036734,25,62.24331423113659,0.9352179765067067,0,0.01245327893622128,0.05070154547239558,0.09359725715852729
2017-09-27,bull,15.321985244750977,57.99086757990868,0.5022216910261963,-2.0283691634034673,25,53.70702005730659,0.26507663471375814,0,0.00929344752539274,0.04358691683556093,0.06959190144119365
2017-09-28,bull,15.265027046203613,45.909090909090914,0.2895331899515433,-1.505917241487694,25,51.53414517669532,0.12139142617060317,0,0.0031094163317357815,0.057049739853226145,0.0677934726809497
2017-09-29,bull,15.312492370605469,30.09049773755656,0.4677706181519107,-2.036302896353655,25,47.77340019102197,-0.20495794465418604,0,0.0030997778319206137,0.04614185374574187,0.06768976586902387
2017-10-02,bull,15.473875999450684,14.864864864864863,1.2703170167908049,-1.5155213608679223,25,37.20749761222541,-1.002411527354409,0,0.002453848209011289,0.025791137241391482,-0.01768964782979421
2017-10-03,bull,15.473875999450684,10.762331838565023,1.2680510353720469,-1.0937029902520297,25,35.165950334288446,-1.1188253736735208,0,0.007975515137097267,0.03460181744392399,0.015942278636729146
2017-10-05,bull,15.540328025817871,12.444444444444445,1.5350684150539036,-0.7442324786466524,25,32.563276026743075,-1.2843630223932472,0,0.00916318072513933,0.033937385913594964,0.0008565704717611311
2017-10-06,bull,15.58779239654541,12.389380530973453,1.5934167067915412,-0.5414920373667131,25,31.273877745940787,-1.3416151055119019,0,0.01522540400006478,0.03516216136019712,-0.0009314171900433044
2017-10-11,bull,15.834615707397461,20.52401746724891,2.2180243493720972,-0.3684979726136649,25,29.244269340974213,-1.5853478669440138,0,0.00119906300955952,0.014721571534416444,-0.015264158236567349
2017-10-12,bull,15.986506462097168,13.91304347826087,2.606270305723898,-0.1299400352964945,25,25.567096466093602,-1.9563993350844646,0,-0.005344189103342445,0.0050805142042325,-0.027691173697510174
2017-10-16,bull,16.043466567993164,38.362068965517246,2.9028054741829994,0.0,25,26.367000955109837,-1.7148237157085378,0,-0.004142058685376537,-0.011841314825587257,-0.03053125420188818
2017-10-17,bull,16.005496978759766,46.78111587982833,2.543195792549379,-0.227825550413014,25,32.68266475644699,-1.3299826208428085,0,-0.006524347881007975,-0.00706346548705894,-0.046022637219373386
2017-10-18,bull,16.06245231628418,46.58119658119658,2.480075493004912,-0.5792371975550459,25,34.21084049665711,-1.2583615790011995,0,-0.014184422428182852,0.002147280169179533,-0.05368443851823779
2017-10-19,bull,16.119409561157227,20.851063829787233,2.6713972218638267,-0.7539218416968008,25,29.232330468003823,-1.8053114964358472,0,-0.009422611878318499,-0.02435040981691028,-0.08017630131911246
2017-10-20,bull,16.05295753479004,29.23728813559322,2.4254695043718173,-0.6816411666630189,25,31.09479465138491,-1.5204641653117077,0,0.0011828135468805456,-0.030017502788909134,-0.07759197459523237
2017-10-23,bull,16.043466567993164,44.303797468354425,2.414788887518142,-0.3133803587559839,25,32.99307545367717,-1.2886535871928426,0,0.005917090823319926,-0.03429947486725449,-0.07276222962725454
2017-10-24,bull,16.024477005004883,30.04201680672269,2.416941409537847,-0.1266070608890976,25,29.220391595033433,-1.5611668223455257,0,0.008886332713638145,-0.036193493473322014,-0.06921193638091372
2017-10-25,bull,16.014984130859375,50.2092050209205,2.4138950321236043,0.0,28,27.925023877745943,-1.417977803915085,0,0.02311806493781199,-0.038662465533110146,-0.0490401673847467
2017-10-26,bull,15.995997428894043,49.583333333333336,2.273492298361403,-0.0016449310846384,28,31.14851957975167,-1.346035409980259,0,0.03442141215007277,-0.03569524365291665,-0.03747607988758617
2017-10-27,bull,16.005496978759766,61.61825726141079,2.0750086721118612,-1.172660883428546,28,38.9207258834766,-0.8907489054638514,0,0.043297555023005474,-0.026532713499032967,-0.034980021426468944
2017-10-30,bull,16.128904342651367,59.71074380165289,2.329043103849064,-1.323671549461322,28,38.00143266475644,-1.0578178159131135,0,0.03943524927476205,-0.04122624477143433,-0.04723385505365241
2017-10-31,bull,16.17637062072754,49.17695473251029,2.517341961917295,-0.4726597113027895,28,31.864851957975166,-1.4461362640821316,0,0.023474141314835384,-0.05427323675990681,-0.0530646048844976
2017-11-01,bull,16.15738296508789,43.44262295081967,2.555605819398864,-0.0671347611199318,28,28.856255969436482,-1.6134176465043073,0,0.02761475988658879,-0.048340408743965724,-0.04709010211398201
2017-11-02,bull,16.10042381286621,49.38775510204081,2.4105793715010875,0.0,28,27.769818529130852,-1.4304849827790587,0,0.03183968173467955,-0.03832076471057222,-0.03823001995318476
2017-11-03,bull,16.081438064575195,47.96747967479675,2.446243786097434,0.0,28,27.10124164278892,-1.4765181525303885,0,0.03608575422191462,-0.031129700562368412,-0.04991730224443314
2017-11-06,bull,16.10991668701172,45.546558704453446,2.314680434661752,0.0,28,27.2683858643744,-1.4415681022508697,0,0.022164666012173928,-0.027402206142475793,-0.04915846538031854
2017-11-07,bull,16.195358276367188,28.62903225806452,2.606433719323887,-0.1357020145425073,28,25.871537726838586,-1.8967895499345095,0,0.017974375788478936,-0.030128198786672833,-0.06508820129284643
2017-11-08,bull,16.128904342651367,24.69879518072289,2.431917440475661,0.0,28,22.242120343839538,-1.8777310437057824,0,0.029413952452114644,-0.014660737913795963,-0.058192335059603084
2017-11-09,bull,16.024477005004883,22.4,1.923471656867794,-0.4301421569470557,28,28.647325692454633,-1.5719943545703026,0,0.03186846161271628,0.0026989417648710656,-0.048991000472419
2017-11-10,bull,16.05295753479004,7.6,1.820992986599876,-0.1493758783939373,28,25.35816618911175,-1.8024346517431737,0,0.014265646258786235,-0.009392406919227603,-0.058629768428751894
2017-11-13,bull,16.005496978759766,14.000000000000002,1.4870298305464251,-0.3729303595815928,28,29.268147086914993,-1.4687226968342877,0,-0.030791730670000184,-0.005238044733414493,-0.058906225235327736
2017-11-14,bull,15.97701358795166,15.6,1.4765860885525977,-0.7814389200136511,28,31.41714422158548,-1.3903100515330407,0,-0.01687375952158865,-0.010169393592701303,-0.06583254109251213
2017-11-15,bull,15.815630912780762,27.200000000000003,1.0903008735442066,-0.4684459156735056,28,34.72421203438395,-0.9921025231172523,0,-0.007457719060020351,-0.0031478137428665454,-0.05630029768044187
2017-11-16,bull,15.872588157653809,8.799999999999999,1.0197072062678156,-0.3209649941485049,28,31.303724928366762,-1.2903389990337555,0,-0.030038125731699505,0.006772687303809866,-0.06463565757799616
2017-11-17,bull,16.014984130859375,0.4,1.4682363529721,-0.5262136224272571,28,25.734240687679083,-1.6805362009247293,0,-0.030757768984658318,-0.005827333982495464,-0.07601795231897612
2017-11-20,bull,15.948537826538086,4.0,1.2017420118294038,-0.4185677319138425,28,28.802531041069724,-1.471643543671421,0,-0.00473855148047142,-0.006570252416186473,-0.06231741741170704
2017-11-21,bull,16.090930938720703,0.4,1.8952158991423844,-0.0799862836922841,28,21.698901623686723,-1.9804467101004704,0,-0.019597377138412364,-0.012940653240372968,-0.07183585138571702
2017-11-22,bull,16.1668758392334,1.4,2.1507935182300653,0.0,28,17.818767908309454,-2.1221658488543995,0,-0.012156181752950301,-0.013963499010570812,-0.0658707502118604
2017-11-23,bull,16.17637062072754,0.4,2.3431729820224523,0.0,28,16.49355300859599,-2.2532015530140264,0,-0.00792022050973007,-0.010328051496289903,-0.06459798678870621
2017-11-24,bull,16.1668758392334,0.8,2.325435635810816,0.0,28,16.875596943648517,-2.2357010707970333,0,-0.007939737372109512,-0.013963499010570812,-0.06769275583024692
2017-11-27,bull,15.97701358795166,5.2,1.6303833439369897,0.0,23,26.24164278892073,-1.4150887782645802,0,-0.003464609831020704,-0.01992119315377383,-0.03141577329538692
2017-11-28,bull,15.872588157653809,10.4,1.3187734346656708,0.0,23,29.805396370582617,-1.1398091963369892,0,-0.004270766897696232,-0.009178895330131054,-0.03184824931362562
2017-11-29,bull,15.89157485961914,22.6,1.3388058129242064,0.0,23,31.900668576886343,-0.9368318809748075,0,-0.010362693989578675,-0.003009327438781906,-0.052777371701208
2017-11-30,bull,15.616273880004883,43.4,0.304278381010459,0.0,23,44.651384909264564,0.03933955340179707,0,0.024544163763332127,0.030156489983114376,-0.05557107393350169
2017-12-01,bull,15.682726860046387,36.4,0.544255747529666,0.0,23,41.039875835721105,-0.2253944535411438,0,0.015856031406429327,0.024549255919794843,-0.05519014193837457
2017-12-04,bull,15.739684104919434,43.6,0.8529598813023764,0.0,23,39.81614135625597,-0.28065088367460783,0,0.023935585096085843,0.030741102824695776,-0.07108615323745304
2017-12-05,bull,15.616273880004883,58.8,0.2811749301242247,-0.6735161753952784,23,53.886103151862464,0.39677366977756107,0,0.03327419793158404,0.040757136706595753,-0.05619990412125908
2017-12-06,bull,15.350461959838867,99.2,-0.8397111954825407,-1.1907071354164216,23,70.8810888252149,1.824748746525262,2,0.06766025564163702,0.04736046425083895,-0.02514431112181903
2017-12-07,bull,15.359957695007324,96.0,-1.0736067627825148,-1.6340854503787583,23,71.53772683858645,1.954168299828475,2,0.07714433112011165,0.04798093987222085,-0.024468457041975977
2017-12-08,bull,15.359957695007324,77.60000000000001,-0.8043695030712975,-2.23250837359261,23,67.0487106017192,1.5360591536104362,1,0.06890260034050488,0.04607880140689691,-0.03661467533726237
2017-12-11,bull,15.473875999450684,51.4,-0.3614612352033799,-1.9919866578967105,23,59.264565425023875,0.7876887473520517,0,0.06040374015402272,0.044670884503962505,-0.03609206106300966
2017-12-12,bull,15.369450569152832,52.8,-0.5528249667846604,-1.9639124229247409,23,60.33309455587393,0.9221380697146779,0,0.06317365739480496,0.03592899420620599,-0.03784857282221432
2017-12-13,bull,15.378946304321289,48.8,-0.3995667610383591,-1.8124282214865617,23,58.3870582617001,0.7450039743564218,0,0.06188356513093085,0.037822040613434416,-0.030780800240903017
2017-12-14,bull,15.52133846282959,28.999999999999996,-0.0132028070936002,-1.6992876076001937,23,51.93409742120344,0.15639591403351838,0,0.05151480129125696,0.011361386021507602,-0.05042720249202115
2017-12-15,bull,15.397927284240723,31.6,-0.2924841898504609,-1.5825398743630987,23,53.72492836676218,0.35424012417079426,0,0.06057458436654217,0.030850748025953667,-0.04090345677294982
2017-12-18,bull,15.416914939880371,47.8,-0.2095988601023125,-1.5207876089275132,23,56.63204393505253,0.5839166071428727,0,0.055478888248511105,0.02642311639623074,-0.04845387551639091
2017-12-19,bull,15.340973854064941,57.4,-0.4333815854373696,-1.6038385127530184,23,60.142072588347666,0.8938394068482016,0,0.042295195433943,0.030234467766953044,-0.05590458192770098
2017-12-20,bull,15.388440132141113,38.4,-0.2250169386864534,-1.5040969914516855,23,54.65019102196752,0.4257131655100316,0,0.040345876155161386,0.023892861832917278,-0.06136912058906485
2017-12-21,bull,15.378946304321289,18.2,-0.3083160084238254,-1.2074006012177,23,50.20893027698185,0.0871746788943038,0,0.05618493966945537,0.021992132702021383,-0.041635200906065095
2017-12-22,bull,15.435904502868652,8.6,-0.0394998312113019,-0.9924460244320926,23,46.316857688634194,-0.2635354896596794,0,0.0377778089437979,0.014435688646268874,-0.03944631684264377
2017-12-25,bull,15.46437931060791,9.2,-0.1261274421943579,-0.9216451987048232,23,46.67502387774594,-0.20953581017149697,0,0.033977699344278633,0.008159623305417973,-0.059628528790557356
2017-12-26,bull,15.312492370605469,31.0,-0.6697566961529108,-1.4763001833786105,23,54.58452722063038,0.5546574885110821,0,0.05377312050239191,0.035966291636585046,-0.05927855661997594
2017-12-27,bull,15.359957695007324,12.0,-0.3202139613548018,-1.6003595680475715,23,50.15520534861509,0.027442710616185806,0,0.042909067338098295,0.027693325559045023,-0.07688883759012044
2017-12-28,bull,15.511846542358398,10.2,0.1082699011828167,-1.485892773831372,23,47.391356255969434,-0.26924164655180666,0,0.023280163045984237,0.018885790960538884,-0.06377237501805988
2017-12-29,bull,15.597288131713867,7.4,0.4983701846414385,-1.449528202802686,23,43.66045845272207,-0.5524713401917754,0,0.0264156240969855,0.01642610533256561,-0.07267803212019952
2018-01-02,bull,15.682726860046387,21.2,0.8521950741541114,-1.315998705675342,23,42.812798471824266,-0.532544889156211,0,0.024549255919794843,0.002816377067853093,-0.060825085251747235
2018-01-03,bull,15.825122833251953,16.0,1.3320155741188513,-1.281334015275615,23,38.389446036294174,-0.9107451578850805,0,0.01963776446253207,-0.0037457264272220403,-0.07175775546642482
2018-01-04,bull,15.853602409362793,6.800000000000001,1.574028480388758,-0.6066517354408328,23,32.23495702005731,-1.288222775707686,0,0.013506313603818931,0.010435277763257034,-0.06475420915443231
2018-01-05,bull,15.901071548461914,3.4000000000000004,1.7313647605447209,-0.3263673964536001,23,29.1189111747851,-1.471097970524538,0,0.010480714226338561,0.00986836462833618,-0.0737213138803281
2018-01-08,bull,15.967522621154785,25.8,1.9154892950357825,-0.3814973052163811,23,33.446752626552055,-1.179345038731013,0,0.00383613345174183,-0.003482317347363484,-0.0695818429984637
2018-01-09,bull,15.97701358795166,6.0,1.9011154013419864,-0.387610381298606,23,29.66212989493792,-1.5188017888210255,0,-0.00773127955383579,0.007506366130282771,-0.07136369222842343
2018-01-10,bull,15.901071548461914,17.599999999999998,1.4226063387748176,-0.3818106210159546,23,34.921203438395416,-1.0330655912187423,0,-0.0005426580962513139,0.02089185690187567,-0.06692861155216412
2018-01-11,bull,15.834615707397461,5.6000000000000005,1.2914912594943542,-0.4909299690310688,23,33.458691499522445,-1.1552495574369892,0,0.016566691548524082,0.020871489763968354,-0.058051537365125694
2018-01-12,bull,15.967522621154785,0.4,1.6890305881040115,-0.6667462754641292,23,29.28008595988539,-1.4622206089526184,0,-0.015069794765755429,0.00688549790568227,-0.059127664125071755
2018-01-15,bull,16.071945190429688,0.4,2.0751359943913896,-0.7241377546347411,23,27.537010506208212,-1.6836810251064016,0,-0.031163455778127847,0.0064027889728479614,-0.06713024938027568
2018-01-16,bull,16.138397216796875,0.8,2.2228395357079864,-0.3551708027409413,23,25.758118433619867,-1.803545729368335,0,-0.03998000039710825,0.005275749163708765,-0.07536276315515777
2018-01-17,bull,16.1668758392334,1.4,2.308752073221027,-0.3659836158167694,23,25.841690544412607,-1.842470874945297,0,-0.044682760312261594,0.01976782007855271,-0.07260798865138318
2018-01-18,bull,16.38521957397461,6.0,2.65788906555709,-0.1118753877211811,23,25.292502387774594,-1.9947649288987506,0,-0.06038455637539475,0.01337011938899546,-0.07322712079542071
2018-01-19,bull,16.546602249145508,10.4,3.072102269854711,-0.2038045219764202,23,26.30730659025788,-2.151606103786203,0,-0.06778345360934668,0.005266746472841755,-0.08043084960147828
2018-01-22,bull,16.698495864868164,37.6,3.479231433456293,-0.0528649203644092,23,30.462034383954155,-1.929072110271216,0,-0.06693226509142791,-0.0032891591958305044,-0.09667656254765233
2018-01-23,C,16.764951705932617,46.2,3.55218559625878,-0.2983991191883949,23,33.21991404011462,-1.7941808218076654,0,-0.0776012686720754,-0.004311769404583554,-0.10206898717277324
2018-01-24,C,16.55609703063965,42.0,2.9658198481128144,0.0,23,28.951766953199616,-1.5545966036763108,0,-0.07596418408271821,0.01655187811565284,-0.0809582147247696
2018-01-25,C,16.603565216064453,51.4,3.011022752051535,0.0,22,32.34837631327603,-1.349089348871777,0,-0.0739140498905807,0.011871729628204264,-0.07748823958506845
2018-01-26,C,16.613056182861328,51.6,2.8770674269558913,0.0,22,32.59909264565425,-1.2665859770693724,0,-0.0679954916322868,0.011293651706665297,-0.07984344708041058
2018-01-29,C,16.6617488861084,63.2,3.2628677854754486,0.0,22,34.545128939828075,-1.289834810339512,0,-0.06487441267326466,0.015409782206167844,-0.08557057908741916
2018-01-30,C,16.46698760986328,85.2,2.431110849006848,-0.3396484136214111,22,45.397564469914045,-0.375438894361437,0,-0.04849206180059773,0.011915870422047004,-0.0772144349346564
2018-01-31,C,16.486459732055664,88.0,2.5564622258523766,-0.4644176331649754,22,46.14374403056351,-0.3865873685561509,0,-0.047253227310258716,0.019059187128405153,-0.07093551765671302
2018-02-01,C,16.60331916809082,92.0,2.84430689913071,-0.4151069056617409,22,46.64517669531996,-0.4912043124718876,1,-0.042815322505511566,0.013660663893446001,-0.07930382136724734
2018-02-02,C,16.535152435302734,82.0,2.629931442625001,-0.6204273996614096,22,45.08118433619866,-0.5187034040027225,0,-0.028268641724213395,0.015464319470972043,-0.06510008672098477
2018-02-05,C,16.281963348388672,98.8,1.599318173446856,-1.3000672816027463,22,56.882760267430754,0.4580836894296678,1,-0.023325302661367675,0.039094760601553036,-0.04123540755523558
2018-02-06,C,15.512660026550293,100.0,-1.418048000464489,-5.56718700315608,22,79.66809933142312,2.7188020151891843,2,0.026365526115713633,0.09062551352642045,0.004353874103255606
2018-02-07,C,15.70742130279541,99.6,-0.6080898413133722,-5.5240862427775985,22,77.51910219675263,2.22954382680934,1,0.006819435442619204,0.07147641909665348,-0.0010101135823756824
2018-02-08,C,15.69768238067627,99.2,-0.7304894635701332,-6.115540754751483,22,78.03844317096465,2.3584995599767264,1,0.004342288887756229,0.050248134699107494,0.0021896435969570582
2018-02-09,C,15.395805358886719,99.6,-1.5356173216987548,-8.530437629687935,22,82.07975167144221,3.100871561224917,2,0.03795078344009961,0.07849453333789236,0.021182541369770158
2018-02-12,C,15.522398948669434,99.2,-1.2581083946956098,-9.10914043740783,22,81.6678605539637,2.9926585385637496,2,0.025721573208842274,0.059577677271069884,0.0037237315465352694
2018-02-21,C,15.872964859008789,95.6,0.2221361744738836,-9.14394864037831,22,74.95224450811843,2.0602583760287767,1,-0.001840421869489406,0.036794738767881086,-0.020995661502246188
2018-02-22,C,15.775590896606445,95.6,-0.0541871616523571,-8.331306790363765,22,76.08643744030563,2.1354836366759726,1,0.0067897858928711585,0.0413270393387557,-0.012385634400292167
2018-02-23,C,15.970348358154297,94.8,0.5941261389334249,-7.893805973634034,22,70.83333333333333,1.691928385411778,1,-0.0018295576934698188,0.03231697078082063,-0.028233040672575926
2018-02-26,C,16.048250198364258,94.4,0.7859450011366831,-7.057644564322,20,70.46919770773638,1.614882241355605,1,-0.0024270537877477683,0.034648121175601565,-0.04115122526341808
2018-02-27,C,16.038515090942383,94.0,0.6608680257025288,-6.740444228299923,20,71.0183858643744,1.647355473719177,1,-0.006071971497482176,0.03650068541281937,-0.03867525227437296
2018-03-01,C,15.921659469604492,94.8,0.4949010295435506,-6.498578252683844,20,72.78533906399235,1.7331948979106273,1,-0.01651379718683421,0.04904190278926657,-0.017631192921023997
2018-03-02,C,15.804800033569336,95.6,0.0455843933698549,-6.262539128830197,20,76.02077363896848,1.9867307204066562,1,-0.0049291798104019735,0.053691849417838,-0.012289309528645376
2018-03-05,C,15.726895332336426,95.6,-0.2346658957059466,-5.817531169396957,20,76.9878223495702,2.103946054116634,1,0.007430365151088303,0.06827685300540987,-0.008040521877441642
2018-03-06,C,15.99956226348877,92.0,0.4575821031335166,-5.64638580703268,20,71.3049188156638,1.6139352245226721,1,0.005477876326157594,0.0586631254181007,-0.0179854783615212
2018-03-07,C,15.931392669677734,93.6,0.2531642012831344,-5.98247728509581,20,73.74044890162368,1.798903020730858,1,0.008557535954509143,0.07551985372764869,-0.007429030205786447
2018-03-08,C,16.116422653198242,91.2,0.627173936710011,-5.248485802828004,20,69.07234957020057,1.4569156397583156,1,0.006646431501813099,0.06682788050199018,-0.015055599364091732
2018-03-09,C,16.135892868041992,90.8,0.820298238070494,-5.319873341496982,20,67.34121298949378,1.3437082184497249,1,0.007241968095197837,0.05823799580489264,-0.014989145795052061
2018-03-12,C,16.38907814025879,90.4,1.4808091522585167,-5.417215676435141,20,62.38658070678129,0.9577230405641312,1,-0.019013343695741813,0.03589857641409222,-0.022175833452912963
2018-03-13,C,16.544891357421875,90.0,1.921136938335115,-5.228132728675353,20,59.789875835721105,0.6706507003763367,0,-0.02707472936107258,0.032671384671571824,-0.028937360622566355
2018-03-14,C,16.418298721313477,90.4,1.6252341865702236,-4.706485333971536,20,60.83452722063038,0.7958663846465255,1,-0.021352552539714353,0.040633756110799,-0.0362484907788958
2018-03-15,C,16.40855598449707,89.60000000000001,1.5071450477446515,-3.905020973393784,20,60.583810888252145,0.7649159374205411,0,-0.014836665558888962,0.035267434160167976,-0.029506467015599225
2018-03-16,C,16.340394973754883,89.60000000000001,1.5334111076207295,-3.86285402144629,20,60.40472779369628,0.7448784252153606,0,-0.02562578841104779,0.03838417158345675,-0.02731668097143558
2018-03-19,C,16.330650329589844,90.4,1.610906079139299,-3.692453448887998,20,60.022683858643745,0.6948811753893152,1,-0.022659287051428834,0.03419320613821775,-0.026736272191754118
2018-03-20,C,16.3209171295166,90.8,1.4155882778400837,-3.25495714603588,20,61.14493791786056,0.7698718326058951,1,-0.03818625778775653,0.030598720722470496,-0.018092148511001827
2018-03-21,C,16.330650329589844,90.0,1.4011822010869144,-3.018221756560577,20,60.72110792741165,0.7387331397113904,0,-0.028026163156023576,0.02878194769330955,-0.009998640498838807
2018-03-22,C,16.272228240966797,87.6,1.3567985160595095,-3.216931112562724,20,60.46442215854823,0.7440934760251536,0,-0.027528520158746517,0.02523427168599901,-0.0027115337413821106
2018-03-23,C,15.989823341369629,95.2,0.4447115475941111,-4.238914193059855,20,71.14374403056351,1.5259690295590516,1,-0.01157131657118382,0.062378444694479285,0.014902116088914008
2018-03-26,C,16.009300231933594,92.8,0.5168632854755986,-3.682116104921745,24,64.55945558739255,1.1144179136543069,1,-0.015814946451318646,0.053112390516262487,0.023152840941854436
2018-03-27,C,16.243011474609375,88.8,1.2286732970779188,-3.3308721039497264,24,57.15735434574976,0.5863946858028898,0,-0.03237388234122618,0.03251907934414411,0.014663781749588045
2018-03-28,C,16.019039154052734,93.6,0.6202800884445933,-2.966352224686022,24,63.32975167144222,0.9902816726885272,1,-0.02249240646346584,0.05614966321727821,0.030114340621461455
2018-03-29,C,15.989823341369629,92.4,0.509747440516035,-2.424835304968743,24,63.25811843361987,0.9758868064615507,1,-0.02496966429279257,0.05500912680579084,0.02756471294473606
2018-03-30,C,16.135892868041992,89.2,0.7963057686712631,-2.4169405330253,24,59.664517669531996,0.7497373172595023,0,-0.01689816196613303,0.057021071874163276,0.0176350540287038
2018-04-02,C,16.019039154052734,91.6,0.6901782873747709,-1.941476312874281,24,60.29727793696274,0.8032537151220429,1,-0.014589710891947383,0.06779661824187144,0.03453829749993753
2018-04-03,C,15.872964859008789,92.0,0.3394474668457908,-1.7532555157383902,24,63.413323782234954,0.9967799842922846,1,-0.0042943978043752384,0.0751484768394155,0.047247508262732385
2018-04-09,C,16.009300231933594,87.6,0.6702515447534675,-1.1046761898801436,24,57.061843361986625,0.654273689759253,0,-0.009732430537783832,0.07151285449522504,0.046550038100984015
2018-04-10,C,16.067726135253906,84.39999999999999,0.8127186050553935,-1.1591665919431844,24,55.36652340019102,0.5198153076722454,0,-0.021212136679979232,0.06211630988937,0.042114211152837866
2018-04-11,C,16.135892868041992,82.0,1.0176950513470917,-1.2397962950227976,24,53.4085482330468,0.3654058057820294,0,-0.02293313537879782,0.06310640075982388,0.038966743519835756
2018-04-12,C,16.067726135253906,83.2,0.8997989233979042,-0.7784069095007938,24,53.18767908309455,0.4062533710566768,0,-0.0030301102216541143,0.05172756405538581,0.042114211152837866
2018-04-13,C,16.067726135253906,80.80000000000001,0.9314274510213454,-0.7378869586469905,24,52.208691499522445,0.3409782819486318,0,-0.0006059983029673699,0.050505239956334824,0.046524881661173634
2018-04-16,C,16.028776168823242,83.6,0.858836242123414,-0.188727479897841,24,51.426695319961794,0.3738102822598566,0,-0.007290483531351422,0.04019351011668082,0.05096258253066055
2018-04-17,C,15.853490829467773,83.6,0.1331807352437206,-0.478485696977573,24,58.590019102196756,0.8329390211999302,0,0.015356370074093517,0.03373266544711462,0.06513695296864275
2018-04-19,C,16.096942901611328,75.8,0.8989932139421314,-0.1781266383259851,24,49.313514804202484,0.21166510078961537,0,0.004234644171635216,0.01565815906611756,0.04148074385083178
2018-04-20,C,15.726895332336426,78.4,-0.0479950118339862,0.0,24,53.52196752626551,0.7965762092909991,0,0.022291216732678087,-0.03349337162528665,0.06598637001317997
2018-04-23,C,15.571087837219238,78.8,-0.4465878299295522,0.0,24,55.52172874880611,1.038635291058887,0,0.03877459513167647,0.009599650748073785,0.07925349605624721
2018-04-24,C,15.493184089660645,78.4,-0.9983467027747596,-1.3161028858128132,24,64.44603629417384,1.4989515623815721,1,0.04714042371985694,0.003902059248490408,0.09448169958711117
2018-04-25,C,15.44449520111084,80.4,-1.071741370246869,-1.4712328453262555,23,66.49952244508117,1.6608456582528324,1,0.06746510762422853,0.008338146113855416,0.0789231581365959
2018-04-26,C,15.395805358886719,81.6,-1.3788489856366,-2.5445618314012517,23,69.60362941738299,1.9788806573432496,1,0.07849453333789236,0.012802725427027983,0.09351354512158072
2018-04-27,C,15.425016403198242,77.2,-1.0561474923295802,-2.6766710139250036,23,68.1769340974212,1.7254028928848664,1,0.07836183595434298,0.007702094346946131,0.08356688282437164
2018-04-30,C,15.580827713012695,75.6,-0.5680565174732854,-2.5805317252520754,23,66.51743075453678,1.3990722224722025,0,0.06820845209253057,-0.0004848301001328936,0.059736136374793025
2018-05-02,C,15.463970184326172,75.6,-0.7359581170283653,-2.0312059171831565,23,65.96824259789875,1.4387870592817962,0,0.07945533398770088,0.005798590305805318,0.06708961274975711
2018-05-03,C,15.298426628112793,78.4,-1.1866215803640336,-1.9875672978951664,23,67.63371537726839,1.7490919284529485,1,0.10012172753989113,-0.0019312332595021742,0.06076957712911146
2018-05-04,C,15.376328468322754,76.4,-1.0978600088104915,-1.8041979420681027,23,66.6189111747851,1.641756354823608,1,0.0926326325419895,-0.011457864354758818,0.04881119183856808
2018-05-07,C,15.483443260192871,73.6,-0.7528159691860726,-1.8630442908203513,23,65.1981852913085,1.3953676237405253,0,0.08507377660416782,-0.04239550118576085,0.04286348607350754
2018-05-08,C,15.580827713012695,72.39999999999999,-0.370772252071086,-2.339675568438096,23,64.7504775549188,1.2004192201287702,0,0.08585391734274173,-0.04964119144931334,0.027248785966087485
2018-05-09,C,15.668469429016113,69.19999999999999,-0.3151683977342657,-2.1681131071860498,23,63.59837631327603,1.0927814050641336,0,0.06348652470199934,-0.05057043146748541,0.011165166050187247
2018-05-10,C,15.70742130279541,67.0,-0.0667388431497826,-1.8867131132958717,23,61.09718242597899,0.877202489751074,0,0.06960130051288904,-0.05042389616539955,0.008013150844619954
2018-05-11,C,15.89244270324707,66.0,0.3594790396633503,-2.2749058368569637,23,59.073543457497614,0.6501852048597678,0,0.059002183932559626,-0.04170762715373355,-0.0011742973088675335
2018-05-14,C,16.067726135253906,65.2,0.7592516338582747,-1.9514407275360703,23,54.50095510983763,0.36548022698504246,0,0.04500519698446692,-0.04177292905273389,-0.012070524669888227
2018-05-15,C,15.902181625366211,66.0,0.4195077065190962,-1.4780755093165805,23,56.86485195797517,0.5287982007653226,0,0.0639108020644037,-0.028710354630616997,-0.02024762624645826
2018-05-16,C,15.921659469604492,66.8,0.5145401794170436,-0.8533826851231219,23,54.20248328557784,0.41943379382466184,0,0.06260926129689781,-0.03483213906859928,-0.01635961993570556
2018-05-17,C,15.814537048339844,67.80000000000001,0.2381724469645625,-0.2300263845486189,23,54.399474689589304,0.5327183700696045,0,0.06421904601554473,-0.03139890478921947,-0.01225762153718346
2018-05-18,C,15.765846252441406,68.4,0.2247242829826813,0.0,23,50.89541547277937,0.5263867925258064,0,0.04570737120129542,-0.02342507310808184,-0.009848903511849527
2018-05-21,C,15.980088233947754,66.8,0.8032253428160734,0.0,23,45.36771728748806,0.15712411581831465,0,0.03906134138982753,-0.030987560109348444,-0.02755846937191586
2018-05-22,C,15.921659469604492,64.0,0.6776557974015478,0.0,23,45.5945558739255,0.18186619370552737,0,0.03300710928435757,-0.040382939394683626,-0.01572368369824151
2018-05-23,C,15.843751907348633,68.8,0.4433585278834295,0.0,23,49.27172874880611,0.4045187284245517,0,0.038706396736413184,-0.03318494288157414,0.0025342829134447076
2018-05-24,C,15.88270378112793,67.2,0.6554785878612257,0.0,23,46.7347182425979,0.2512802664215375,0,0.03430433436038016,-0.04668425820191424,0.0013507085470578772
2018-05-25,C,15.941129684448242,65.4,0.668535666655931,0.0,26,43.6127029608405,0.011891458904144059,0,0.03420911602570209,-0.0470985408381186,-0.008670343177577977
2018-05-28,C,16.009300231933594,65.8,0.8539292438425486,0.0,26,42.29942693409742,-0.09037736522007106,0,0.03716537733317882,-0.048089446527806556,-0.00972974988693609
2018-05-29,C,15.941129684448242,67.4,0.742084058291771,0.0,26,43.54703915950334,0.0037373949227909875,0,0.04283273606283422,-0.05202600749987163,-0.013115442769656815
2018-05-30,C,15.658732414245605,76.0,0.1150924136309042,0.0,26,50.88944603629417,0.5248303481462964,0,0.06665645109060514,-0.03806558728711351,0.022138058759985313
2018-05-31,C,15.726895332336426,71.2,0.3451495367364272,0.0,26,48.239016236867236,0.30467787292646537,0,0.058911414181626265,-0.05097567771693934,0.02221396174665391
2018-06-01,C,15.843751907348633,72.0,0.6629866384135391,0.0,26,45.343839541547275,0.1313604395820535,0,0.060397710808723026,-0.05797526547581111,0.01850845746120977
2018-06-04,C,16.08720588684082,69.19999999999999,1.353936514999864,0.0,26,39.53557784145176,-0.3253306545516858,0,0.052895494116959485,-0.07711425532487526,-0.0050860003208317295
2018-06-05,C,16.067726135253906,70.8,1.3071331834348043,-0.1152806604490977,26,43.41571155682904,-0.25712466037346166,0,0.0663941474690044,-0.07905090575675833,-0.00576980421447193
2018-06-06,C,16.223539352416992,66.8,1.7357302512674873,0.0,26,36.53892072588348,-0.5926959912169396,0,0.059784098087342086,-0.07821186161407145,-0.017814652977665713
2018-06-07,C,16.252748489379883,63.2,1.935242575271312,0.0,26,34.64063992359121,-0.7737119940110091,0,0.050629371417211466,-0.08107694985202063,-0.017088185932343847
2018-06-08,C,16.07746696472168,68.0,1.5071467418516489,0.0,26,38.07903533906399,-0.43679266435942204,0,0.05597621512682727,-0.060675936560226296,0.016925522079555888
2018-06-11,C,16.096942901611328,72.8,1.4607563809635615,0.0,26,39.571394460362946,-0.324933108507608,0,0.06140873902207189,-0.05998239929360194,0.016953151123641597
2018-06-12,C,16.067726135253906,72.39999999999999,1.4268055934805508,0.0,26,39.744508118433615,-0.3119574238509727,0,0.06333875269523825,-0.061939733498446614,0.018802328932792545
2018-06-13,C,16.16510772705078,69.6,1.5383702750198425,0.0,26,38.31781279847182,-0.427033554815862,0,0.05085867283873413,-0.04268603634238932,0.017048385566688307
2018-06-14,C,15.921659469604492,71.6,0.8214408699701816,0.0,26,44.04847182425979,0.030890986091178296,0,0.06569340529868994,-0.03483213906859928,0.0268770361549846
2018-06-15,C,15.960609436035156,70.6,1.125991338070314,0.0,26,41.26671442215855,-0.1662825721813638,0,0.05817059745534037,-0.056874402781276534,0.019296946590063424
2018-06-19,C,15.69768238067627,82.39999999999999,0.2911748682484741,0.0,26,51.032712511938875,0.5336853166086171,0,0.0715159032267687,-0.06046890158711793,0.051202435837251814
2018-06-20,C,15.872964859008789,80.0,0.3758090312731533,-0.8085390795040389,26,55.873925501432666,0.5287868316959146,0,0.05844613167139401,-0.0665137187492677,0.031940860405635485
2018-06-21,C,15.824277877807617,75.2,0.4195945334344636,-0.8169870317125764,26,54.50692454632283,0.41937483750103954,0,0.054256389969769,-0.07605196131997682,0.057507046061347156
2018-06-22,C,15.804800033569336,76.2,0.2173938784137312,-0.6421498633150331,26,55.60530085959885,0.5373330259012422,0,0.07481547480910278,-0.06745793974536418,0.05624812717234429
2018-06-25,C,15.75611400604248,82.8,-0.2941184385232498,-0.7854937768042608,29,57.49164278892072,0.7705957460713164,0,0.0700349357258061,-0.0502426446826838,0.04730404649509978
2018-06-26,C,15.717162132263184,78.8,-0.4965496932407466,-1.4222186786832136,29,59.28247373447947,0.8882446883731976,0,0.06706408653208173,-0.046639393047805955,0.056340958624237825
2018-06-27,C,15.658732414245605,76.8,-0.6848070102400551,-1.4898319182311814,29,59.57497612225406,0.9713297585340808,0,0.08045162022345442,-0.05499644292098649,0.05898928771388379
2018-06-28,C,15.59056282043457,83.6,-0.8942390223039471,-1.888868259241815,29,62.661174785100286,1.2575961976280905,1,0.08202697718176477,-0.04330638388195662,0.059723793101128075
2018-06-29,C,15.863225936889648,76.0,-0.1034372703136973,-1.8269081215715823,29,57.9512893982808,0.6508370911328283,0,0.07518980331491343,-0.0677975048151962,0.040232423166374875
2018-07-02,C,15.78532600402832,84.39999999999999,-0.3745573372751609,-1.9291857161986643,29,61.33595988538682,0.9696189241853519,0,0.08360611822755692,-0.05573251851697014,0.05434471995540879
2018-07-03,C,15.804800033569336,85.6,-0.6614636745415222,-2.881058315549942,29,63.986389684813744,1.2626354697491846,0,0.07978550534275564,-0.06745793974536418,0.061372147433820246
2018-07-04,C,15.853490829467773,84.8,-0.6438059623792928,-2.9561674497002683,29,63.7655205348615,1.2462453893158678,0,0.08204377032879173,-0.0684639118265068,0.056835617336568056
2018-07-05,C,15.726895332336426,86.8,-1.1355525074409167,-3.4196168278905024,29,65.96824259789875,1.621413430335827,1,0.0851343275617471,-0.06720904841443842,0.07113601516477774
2018-07-06,C,15.765846252441406,82.39999999999999,-1.153705269840785,-4.292234269302101,29,65.68767908309455,1.6488237979171572,1,0.08805900522681043,-0.08134692597634308,0.07041616076954749
2018-07-09,C,16.019039154052734,71.2,-0.6653986398408496,-4.2820802007610945,29,62.02244508118433,1.1626313271725188,0,0.05492410035494055,-0.09831888447941861,0.04654567016606359
2018-07-10,C,16.0579891204834,66.8,-0.5101396055218265,-4.565261212932511,29,60.76886341929322,1.0241838872298314,0,0.05114223036411292,-0.08216149141508422,0.04274611352806157
2018-07-11,C,15.911918640136719,73.2,-0.8657837274385163,-4.342150254635654,29,63.043218720152815,1.3224756109770803,1,0.047832717285663184,-0.06818182907901638,0.06515177595779065
2018-07-12,C,16.096942901611328,62.0,-0.5936638681302926,-4.174578241988317,29,59.34813753581661,0.9467620018634351,0,0.018098370103966754,-0.09658242484033885,0.05798291686385593
2018-07-13,C,16.233274459838867,55.60000000000001,-0.0349012240072241,-4.111383859331909,29,55.62320916905444,0.49781050097747565,0,0.004104025996747085,-0.11263805954497708,0.05161339367783313
2018-07-16,C,16.16510772705078,60.4,-0.2436318161699145,-3.7890001083069462,29,57.563276026743075,0.6705971773722703,0,0.01137534435879295,-0.12286706393687352,0.0554165744364834
2018-07-17,C,16.07746696472168,59.599999999999994,-0.4108589915902341,-3.801820665700193,29,58.136341929321866,0.7564961227082023,0,-0.054568196855155016,-0.09670974418401312,0.06434507664585465
2018-07-18,C,16.174850463867188,65.2,-0.1261435885049868,-4.224482274633582,29,58.19006685768863,0.7328280386912549,0,-0.02808592404967758,-0.10579031588579624,0.05099324550604467
2018-07-19,C,16.223539352416992,64.0,-0.1553088973416234,-4.281408251806515,29,58.213944603629415,0.7350410138896692,0,-0.041291849203726305,-0.09213252781305759,0.050356421207299995
2018-07-20,C,16.486459732055664,57.8,0.2752784887133498,-4.5963683440409415,29,55.02029608404966,0.4059949113438261,0,-0.05539006482560094,-0.10899321155071817,0.030509207160444696
2018-07-23,C,16.604291915893555,66.4,0.3383773962191586,-4.931062844319597,29,56.55444126074499,0.5563191086404065,0,-0.060910654509811146,-0.10703720470588995,0.018277211088112644
2018-07-24,C,16.63374900817871,63.2,0.556371983104439,-4.865462333542771,29,53.70105062082139,0.36436837489494617,0,-0.06552507632548343,-0.11452170797081718,0.010335660125847523
2018-07-25,C,16.643571853637695,64.8,0.4239611554240713,-4.458539816673097,22,61.73591212989494,0.8933609734748882,0,-0.06430700118324206,-0.10737472102131274,-0.0068238401792339864
2018-07-26,C,16.692665100097656,52.6,0.6318905056712945,-4.554303715865766,22,57.228987583572106,0.5663084471041706,0,-0.06823510094650631,-0.11117638684041298,-0.01953114823480162
2018-07-27,C,16.83013153076172,46.400000000000006,0.934729895214887,-4.397857577285394,22,53.014565425023875,0.2617109638885663,0,-0.09276515338680369,-0.1184361880705852,-0.02814626201121595
2018-07-30,C,16.800678253173828,55.2,0.7438567451475498,-4.254495994604786,22,56.44102196752627,0.5137110275986971,0,-0.09526577716664353,-0.11221489411123076,-0.03130400388538479
2018-07-31,C,16.800678253173828,53.2,0.86278282926885,-4.540094048220709,22,55.45009551098376,0.4392004536274414,0,-0.11747521738923128,-0.10578608313842452,-0.01975763118679752
2018-08-01,C,16.918502807617188,44.8,1.0622316632161029,-4.342642913265926,22,51.59980897803247,0.1524061166286157,0,-0.12478207853560386,-0.11380861106576556,-0.027187534666761715
2018-08-02,C,16.663206100463867,65.2,0.2856266365007309,-4.419712807977449,22,62.923829990448894,0.977777344664013,0,-0.1072481442126827,-0.10448427993529086,-0.023312221085333484
2018-08-03,C,16.800678253173828,52.400000000000006,0.6833249450607388,-4.402263442124467,22,56.399235912129896,0.51605270324706,0,-0.11221489411123076,-0.10759367712207246,-0.02401152809467877
2018-08-06,C,16.83013153076172,49.4,0.7461668483364705,-4.047903651520808,22,54.73973256924546,0.3879410403572521,0,-0.09509877563454261,-0.09772677098713078,-0.03663928024047591
2018-08-07,C,16.790857315063477,44.6,0.5611538394350108,-4.130512837730288,22,55.420248328557776,0.4214357862800865,0,-0.0830408559570931,-0.09380773794208841,-0.022832716799316644
2018-08-08,C,16.918502807617188,39.4,1.006507694172446,-4.329897709777098,22,50.853629417383004,0.0888160058636979,0,-0.08705725754010518,-0.10842331283917062,-0.024773600680393026
2018-08-09,C,16.918502807617188,40.8,0.7873293246381861,-4.297806820454424,22,52.88323782234957,0.23923181926129225,0,-0.09170012337985034,-0.11021854377504459,-0.022359666694024338
2018-08-10,C,16.83013153076172,47.599999999999994,0.5810653391929215,-5.065071188574439,22,56.79321872015281,0.5633691343292416,0,-0.08984799808155997,-0.095922397016445,-0.01601310359802699
2018-08-13,C,16.486461639404297,71.2,-0.5331823004418873,-7.521006161085933,22,71.31685768863419,1.9008826959734613,0,-0.06611069809133963,-0.07093562514186713,0.0020214830440923315
2018-08-14,C,16.604291915893555,65.2,-0.1596336518461305,-7.733993192403552,22,68.34407831900668,1.5979838607631778,0,-0.06741555932153154,-0.07935775954114166,-0.003859314949483883
2018-08-15,C,16.447187423706055,75.2,-0.6717206307771771,-8.20316323114445,22,72.98829990448901,2.1266073917507717,0,-0.07104505672752248,-0.07364140793126528,-0.01110510267639242
2018-08-16,C,16.457006454467773,79.80000000000001,-0.8396642916516126,-8.5942603887219,22,74.67168099331423,2.3488224391265673,1,-0.06921237786141299,-0.07665476655589443,-0.009213381545722488
2018-08-17,C,16.427549362182617,71.6,-0.8071701547577514,-8.628614493587646,22,72.95248328557784,2.1890046289583664,1,-0.07830247816990754,-0.0676038258088254,-0.0006002716664691432
2018-08-20,C,16.486461639404297,67.60000000000001,-0.77141503007009,-9.515290894835465,22,72.34360076408787,2.1931895090955646,0,-0.07861819781310075,-0.07277784372211105,-0.0023136048712731894
2018-08-21,C,16.604291915893555,56.39999999999999,-0.3405141888565807,-9.939760997474911,22,68.81566380133715,1.7877486287928044,0,-0.08219983594149449,-0.06899296542583588,0.006593814826629574
2018-08-22,C,16.623931884765625,53.2,-0.297225323664317,-9.708752949994926,22,67.86652340019101,1.6809566247111802,0,-0.09096256790023738,-0.06095801750582397,0.006018659600207865
2018-08-23,C,16.70248794555664,40.8,-0.0219058420010855,-9.736431738293334,22,63.473018147086904,1.3033009743987487,0,-0.09817785123846146,-0.06719284898766853,-0.007270826229422878
2018-08-24,C,16.65338897705078,47.599999999999994,-0.2832258891748306,-9.82431206003746,22,66.39207258834766,1.5865818026971592,0,-0.10377364001075684,-0.05775604924516431,0.007304746716706445
2018-08-27,C,16.800678253173828,44.4,0.1542205734909817,-10.230653572319955,26,59.9510506208214,1.0495035018250762,0,-0.11163073540988289,-0.06360597629942533,0.008805010311754957
2018-08-28,C,16.938146591186523,36.8,0.5637056926148734,-10.362250071951284,26,55.02029608404967,0.6884633393970666,0,-0.12347830356218881,-0.07180354366498964,0.00664559645342977
2018-08-29,C,17.13452911376953,39.2,1.076743850085598,-10.324513875982367,26,51.12225405921681,0.42414874101307465,0,-0.13638958313018146,-0.09071325556346643,-0.006083535149388419
2018-08-30,C,17.193449020385742,38.6,1.0382345354819924,-10.14977232909112,26,51.25955109837631,0.41743314991219144,0,-0.1302113892352822,-0.09618474784395803,-0.008895846707887789
2018-09-03,C,16.9774227142334,58.8,0.3971932828929941,-10.245393835388542,26,61.544890162368674,1.1613547095100223,0,-0.11046854087811353,-0.0858767479240391,0.015141569109922814
2018-09-04,C,17.08543586730957,48.4,0.6636451427497749,-10.31163875196868,26,56.41117478510029,0.8283008388349794,0,-0.11436794691130714,-0.09935894179849292,0.006931252022703616
2018-09-05,C,17.08543586730957,55.2,0.529201975581881,-10.19476224780406,26,59.47349570200573,1.0146758392942001,0,-0.11781615771657172,-0.09758102787448864,0.015297360736681087
2018-09-06,C,16.98724365234375,64.4,0.1851953117478801,-10.531183651699164,26,64.22516714422159,1.4157858690014464,0,-0.08901740224346888,-0.07925370707713086,0.015155608312763302
2018-09-07,C,16.967607498168945,66.0,-0.1876883127118593,-12.267057500865102,26,67.26957975167144,1.8511469009721804,0,-0.09432876647961819,-0.07997813153073774,0.019339217908268758
2018-09-10,C,16.889047622680664,69.19999999999999,-0.7632466156567862,-14.51707883511449,26,71.006446991404,2.4896635203554016,0,-0.10872065479165083,-0.07629824754580183,0.021662558690416667
2018-09-11,C,16.820316314697266,67.60000000000001,-0.6217303096904047,-15.028923608815306,26,70.46919770773638,2.4332919537047744,0,-0.1231757778082686,-0.06590326907964783,0.02765830299058014
2018-09-12,C,16.800678253173828,66.2,-0.7536650549044603,-15.080906148528776,26,70.43338108882521,2.492044847655974,0,-0.11805971667479909,-0.05878574459770991,0.0221746438681103
2018-09-13,C,16.682846069335938,58.2,-0.7189667533991936,-15.634497244181684,26,68.93505253104107,2.3904840835716943,1,-0.12360214510388934,-0.048496870103820755,0.03184260061262556
2018-09-14,C,16.98724365234375,37.8,-0.0317077911909868,-15.645225857179144,26,61.5031041069723,1.6272678789004194,1,-0.13237008387857097,-0.06435499822146529,0.016958844886622915
2018-09-17,C,16.85959243774414,50.4,-0.2151384127724293,-15.333354403920069,26,65.22206303724928,1.9235957000949861,0,-0.11240528359656365,-0.04946476421953727,0.04100943945447155
2018-09-18,C,16.77121925354004,54.0,-0.5373692936830899,-14.991325626267663,26,67.29345749761222,2.1400571664325034,0,-0.10655731086351117,-0.04204186786480846,0.042842623106309485
2018-09-19,C,16.918502807617188,43.8,-0.0605319563868511,-15.28556957427558,26,62.7925023877746,1.7110831375689828,0,-0.12536245085775155,-0.06474229123957964,0.023504853572108297
2018-09-20,C,16.869409561157227,41.6,-0.1796874789831846,-15.644547728486666,26,63.09097421203438,1.7813473424717854,1,-0.11583201131469312,-0.05601927495828163,0.030720015955806756
2018-09-21,C,17.055978775024414,36.4,0.502166314948712,-15.868947829662943,26,57.76026743075453,1.3119829578339859,1,-0.13298796890490028,-0.06812562169790692,0.02303716795950006
2018-09-25,C,17.10507583618164,42.0,0.5296155671149934,-15.451768689982073,24,59.765998089780325,1.4827017628778956,1,-0.12858790145301302,-0.07080040044665548,0.03263564416804399
2018-09-26,C,17.065793991088867,47.0,0.5092966794313175,-14.611099566358767,24,60.6554441260745,1.4919861182330816,0,-0.1363636058824299,-0.060949834426594296,0.02663659160530707
2018-09-27,C,17.154170989990234,34.0,0.7993691653937349,-14.840014279768871,24,55.37846227316141,1.1167856530706983,0,-0.13909574296570748,-0.05752565733045456,0.042179292542378954
2018-09-28,C,17.065793991088867,39.2,0.6567808937449509,-14.422861741832534,24,57.455826170009544,1.2473886401502294,0,-0.14039126042440753,-0.04908581730696693,0.04937115188103447
2018-10-01,C,17.154170989990234,47.2,0.8771771519827837,-13.661166093258714,24,57.02602674307545,1.1760830573492358,0,-0.15569553708885508,-0.053984855664937936,0.048726300979149206
2018-10-02,C,16.89887046813965,53.2,0.2227440125422376,-13.552606543783464,24,64.18338108882521,1.6558656789413813,0,-0.14526446479211053,-0.030706753763455996,0.06517417006447612
2018-10-03,C,16.879230499267578,48.0,-0.0541301186373646,-14.068382831310034,24,64.64302769818529,1.7832279430151483,0,-0.12681796804322198,-0.02358135043275511,0.06399401191785636
2018-10-04,C,16.67302894592285,68.0,-0.7609488674659094,-14.7331509306472,24,72.17048710601719,2.623833585257485,0,-0.11071857601965984,-0.01029129085740621,0.07592808485621805
2018-10-05,C,16.38827133178711,82.39999999999999,-1.7192788060586388,-16.918443032190652,24,78.11604584527221,3.678236190891378,2,-0.11264215552431778,0.0025815352435833994,0.10521434970939825
2018-10-08,C,16.299896240234375,89.2,-1.9711458715634411,-17.349708253739102,24,80.52172874880611,3.9930011379673056,2,-0.11626493124139936,0.00739599618059783,0.10807445493947943
2018-10-09,C,16.34899139404297,87.6,-1.8771401777894916,-18.459935052025873,24,80.09192932187202,4.029219386074313,2,-0.1327325300586356,0.013659442016524359,0.10911862223767388
2018-10-11,C,15.200148582458496,99.2,-4.692601626583887,-24.865826427809697,24,86.7836676217765,6.58480405669703,3,-0.04457386263999186,0.09360265836626769,0.19294694466754136
2018-10-12,C,15.720564842224121,95.6,-3.472007540604303,-26.009064780107867,24,85.33309455587391,5.925118715348578,3,-0.07994985746053784,0.06577174140072373,0.1586510652286761
2018-10-15,C,15.55363941192627,96.0,-3.912898475280382,-26.211152519821702,24,85.61365807067813,6.213926561128731,3,-0.053030401970719176,0.07655869491359257,0.174368436707367
2018-10-16,C,15.573273658752441,95.2,-3.4449418565522,-26.21755050889577,24,85.2196752626552,5.924617661884292,3,-0.056746329600292356,0.07650173202167498,0.17813249073271797
2018-10-17,C,15.592913627624512,93.6,-3.3318627681597266,-26.438495878642694,24,84.6764565425024,5.8536195732700955,3,-0.049118383056514725,0.07384714276845972,0.17992251544385418
2018-10-18,C,15.543821334838867,95.2,-3.323362924797671,-28.546783574151753,24,85.45845272206304,6.104301216200013,3,-0.05243225944755214,0.08179802315226858,0.18364908308412398
2018-10-19,C,15.573273658752441,94.4,-3.3490936431731035,-28.999818394166056,24,85.30921680993313,6.15427901993012,3,-0.046027617917984265,0.08170217555541681,0.20894592394830513
2018-10-22,C,15.55363941192627,95.2,-3.0652049324507424,-29.202466695861744,24,85.518147086915,6.022847711432427,3,-0.04608596646807295,0.0856712354452307,0.21966270147480804
2018-10-23,C,15.268881797790527,98.8,-3.667252032316396,-29.03301774524217,24,86.96275071633238,6.422918025761349,3,-0.028295909024674493,0.09332108643389181,0.2484267437356904
2018-10-24,C,15.200148582458496,94.8,-3.601069065634179,-29.31022837300557,24,85.55993314231137,6.343389224172451,3,-0.018733807693830373,0.10292711784683028,0.2473550383721541
2018-10-25,C,14.827014923095703,98.8,-4.2376855737627785,-31.422542907485735,22,89.73853868194841,7.150463419305364,3,0.013245105951842806,0.13068315867009805,0.27461406041402037
2018-10-26,C,14.807376861572266,98.8,-4.15596452482863,-30.512587245988716,22,89.59527220630372,7.0040778612525285,3,0.012537983056239987,0.1349174903037742,0.2569978346920716
2018-10-29,C,14.876108169555664,98.4,-3.9121915189940393,-30.531866245318312,22,89.42215854823304,6.855383636648471,3,0.0030958930630891057,0.1398819006419112,0.2628575531469548
2018-10-30,C,14.91539192199707,97.2,-3.746902201928984,-31.10701908687551,22,89.11174785100286,6.7988695109737725,3,0.005205332865470869,0.11719649241217445,0.252002024051015
2018-10-31,C,15.229606628417969,92.8,-2.845665833597699,-31.43410294124489,22,87.29703915950334,6.225319615235256,3,-0.002904179242801841,0.10544691722920074,0.22550051974401053
2018-11-01,C,15.396530151367188,92.0,-2.66358070536807,-32.06603420613904,22,86.95081184336198,6.172072128814082,3,-0.011741942980713072,0.08557166953907092,0.22415059260059444
2018-11-02,C,15.445624351501465,91.6,-2.4349170962121485,-32.22390571712254,22,86.7836676217765,6.047243414633133,3,-0.023403499809303674,0.06901254273378021,0.22819210355008734
2018-11-05,C,15.367074012756348,93.6,-2.438654763459694,-32.121204334633674,22,87.44030563514804,6.0735750425288115,3,-0.020388002764134106,0.07381808286134439,0.24377174606829222
2018-11-06,C,15.317977905273438,96.8,-2.5742809436180836,-31.311405609837124,22,88.628223495702,6.122487820030934,3,-0.0066740488644547735,0.05941565168710561,0.24309241950474103
2018-11-07,C,15.396530151367188,88.8,-2.295052023100897,-29.518781390660376,22,85.33906399235912,5.623546630544708,2,-0.005166487120760843,0.04743505376962154,0.22680314798315604
2018-11-08,C,15.484904289245605,84.0,-2.1518649201811764,-30.039039125183127,22,83.96609360076408,5.510759824804338,2,-0.012805489453504015,0.04276508999544815,0.22046099491048254
2018-11-09,C,15.278696060180664,86.0,-2.428439330394712,-29.50259325491551,22,84.83763132760267,5.651151181143823,2,-0.0027949161824754043,0.04756232400304761,0.23760101976958303
2018-11-12,C,15.317977905273438,85.6,-2.3790287482685417,-29.164345039809668,22,84.61079274116523,5.578472237139281,2,-0.007995796804196487,0.03430169373002134,0.23776010355829746
2018-11-13,C,15.141231536865234,88.0,-2.4841413143123656,-29.51056135616395,22,85.33906399235912,5.72006515662253,2,0.011607552486242234,0.04570669833061358,0.25692869288213727
2018-11-14,C,15.190325736999512,84.8,-2.3960591191684917,-28.727501407241164,22,84.33022922636103,5.527285391740317,2,0.0063386905158400175,0.04499274902875161,0.24950554710758155
2018-11-15,C,15.239421844482422,85.0,-2.258742071150018,-28.350259585077016,22,84.11532951289398,5.409130590985115,2,0.014389701628792384,0.04162614648642782,0.2260512906005947
2018-11-16,C,15.111776351928711,86.2,-2.2927981257418035,-28.468798303860257,22,84.5212511938873,5.46312993553722,2,0.03300694705729179,0.030997272092635475,0.24383942643390566
2018-11-19,C,15.062673568725586,84.8,-2.168882052979247,-28.614589547110867,22,84.00787965616045,5.381152753604371,2,0.034358218295419185,0.03973488507731693,0.24789421640309794
2018-11-20,C,14.925206184387207,88.0,-2.344739754220815,-28.187324745140447,22,84.9570200573066,5.495069366224135,2,0.05134594653759672,0.046597832246755955,0.2545990268630849
2018-11-21,C,14.925206184387207,84.8,-2.304340391818562,-27.805918493763464,22,84.03175740210123,5.373750238119501,2,0.05405945593200556,0.0459198862021879,0.271017205963906
2018-11-22,C,14.84665298461914,81.6,-2.325070976394122,-27.644841743407163,22,83.2437917860554,5.3122520608796036,2,0.058954342039912566,0.04668045234780105,0.27980509054432967
2018-11-23,C,14.797557830810547,86.8,-2.396768613212003,-27.75599732734276,22,84.63467048710602,5.458071251170098,2,0.052889968294118406,0.05904720977156752,0.2923308579252202
2018-11-26,C,14.954666137695312,80.0,-2.110888175645183,-27.81709235357371,22,82.54536771728748,5.1763864848505134,2,0.03912058742802804,0.06213701535300076,0.269878702417891
2018-11-27,C,14.935025215148926,76.8,-2.0433574760785587,-27.369946925960488,22,81.6559216809933,5.0319757723378835,2,0.043198787472361166,0.06488984489584593,0.28180290947120556
2018-11-28,C,15.101951599121094,76.4,-1.7514102834420124,-27.382697491145464,22,81.13061127029609,4.854172719267022,2,0.02764578217205549,0.046415393118165005,0.2960298679982196
2018-11-29,C,15.131409645080566,78.8,-1.7195979518044195,-27.55576815627765,22,81.62607449856733,4.896346781756212,2,0.016947224369837866,0.04772351794508567,0.3076767790214725
2018-11-30,C,15.072495460510254,80.2,-1.6845789461198166,-27.045477391450145,22,81.60816618911174,4.845276828941124,2,0.022937543029247554,0.04375912745211741,0.31211072786964
2018-12-03,C,15.475083351135254,69.6,-1.0425257117928228,-25.582152820922328,22,78.1220152817574,4.122171541911975,2,0.010717762546049503,0.03426818385213459,0.29512970547922546
2018-12-04,C,15.367074012756348,69.6,-1.1530242536018331,-23.325031186851707,22,78.15783190066857,3.943737001616271,2,0.015845302818219054,0.04614918691076353,0.3048972153551561
2018-12-05,C,15.05285930633545,76.4,-1.537866917520056,-22.20599901991289,22,80.15162368672398,4.1696000051583875,2,0.0363773797969813,0.07202193199002505,0.3246745594782383
2018-12-06,C,14.74846076965332,88.8,-2.0683040350395907,-21.437310528494457,22,83.73925501432664,4.617708158109282,2,0.0653181188191414,0.0852241872909214,0.3423232068631368
2018-12-07,C,14.817194938659668,87.2,-1.8444327534805032,-20.634818487706035,22,82.80205348615091,4.370936854984658,2,0.06720860039821197,0.07814053654657549,0.33885281897257213
2018-12-10,C,14.620810508728027,91.2,-2.0778409213793685,-20.641185709909333,22,84.41977077363897,4.579667798020297,3,0.08569769378197711,0.08985220889580092,0.35753427150463657
2018-12-11,C,14.738640785217285,86.8,-1.8974249406561845,-20.42328714144178,22,82.81996179560649,4.372311410660043,2,0.07839181705623277,0.08388682064254716,0.34875947817427644
2018-12-12,C,14.964485168457031,78.4,-1.6025380938984313,-20.000080247174697,22,80.09192932187202,4.004881931169939,2,0.07091132722382953,0.09255923626954887,0.3284039665039449
2018-12-13,C,14.984123229980469,76.8,-1.4760741068617012,-20.145835356425156,22,79.61437440305635,3.917877431108712,2,0.07220994002542769,0.0924787894494854,0.3355207920166965
2018-12-14,C,14.797557830810547,80.0,-1.649997691515142,-19.7048149448232,22,80.37249283667622,4.029169165559696,2,0.06930889221211878,0.10625259886916805,0.34959904266231434
2018-12-17,C,14.91539192199707,79.60000000000001,-1.5900956611266,-19.46908511117834,22,80.121776504298,3.961367972510875,2,0.06764861103527253,0.10226380924406153,0.32730009778821145
2018-12-18,C,14.787738800048828,81.6,-1.7233148427460807,-19.333731545138765,22,80.86795606494746,4.0605202230445325,2,0.07481135772137715,0.10561774912892163,0.34842385574473167
2018-12-19,C,14.905570030212402,76.4,-1.5464948910746392,-19.346913560985215,22,79.38753581661891,3.866137588913582,2,0.06631477931361496,0.09144436817190016,0.3377643209948187
2018-12-20,C,14.738640785217285,82.8,-1.7745971612894087,-19.62647451894218,22,81.35148042024832,4.1434764008146265,2,0.08732120597220816,0.11960405277786501,0.3355973000892616
2018-12-21,C,14.768098831176758,78.8,-1.7424814087695202,-19.685957607844205,22,80.43218720152817,4.060537248752542,2,0.0947493115160698,0.1091448669895414,0.32878515698001887
2018-12-24,C,14.669905662536621,80.80000000000001,-1.8013198182100063,-20.00866612726852,22,80.99928366762177,4.165266979396425,2,0.1062174439530712,0.14072208367021477,0.3314156576907372
2018-12-25,C,14.483343124389648,87.6,-2.0262000935780304,-20.422540311103695,17,88.39541547277936,4.795576584879241,3,0.12046682907871964,0.15261996435608993,0.3668944377405612
2018-12-26,C,14.44406509399414,91.6,-2.0991962273577873,-19.97720482471288,17,89.6251193887297,4.860978676287468,4,0.13402708359468374,0.1424375235215276,0.375559663798966
2018-12-27,C,14.738640785217285,78.0,-1.6990753453868364,-19.734754505711056,17,85.39278892072589,4.3594592637910585,3,0.11823035041057395,0.12647308226005416,0.35776483160175454
2018-12-28,C,14.827014923095703,77.60000000000001,-1.480335909632924,-17.839743935485913,17,84.58094555873926,4.018937046834794,3,0.11293082533170495,0.11839301247577394,0.3579355374184454
2019-01-02,C,14.542261123657227,85.2,-1.8473582002582272,-22.179937729647182,17,88.03127984718242,4.837531517262498,3,0.12985030952871557,0.13611564447670377,0.37048368690087385
2019-01-03,C,14.404789924621582,82.8,-1.956165264373163,-15.858855978031125,17,86.09121298949378,4.1772676685914,3,0.1399298633647139,0.14555241984897638,0.37931017588976856
2019-01-04,C,14.178948402404785,78.0,-2.1648325256882055,-9.293875220585194,17,82.58715377268386,3.50730816623738,2,0.16879679816084603,0.1737947450531201,0.40127975366742885
2019-01-07,C,14.522619247436523,64.8,-1.6721125728848094,-7.720392153641992,17,77.47134670487107,2.8145893768641876,2,0.1446229233251488,0.15507914003547407,0.3737433568403612
2019-01-08,C,14.46370792388916,61.4,-1.7059944710674202,-7.488632688578001,17,76.67741165234001,2.7496962948567267,2,0.15838440985297852,0.15838440985297852,0.3009829624198972
2019-01-09,C,14.7288236618042,54.0,-1.2978605140683088,-8.286545104845686,17,75.1372970391595,2.4648820660372937,2,0.13684610060766134,0.14371957896934218,0.2875858140720089
2019-01-10,C,14.689547538757324,52.8,-1.3160342071301587,-7.760183337023113,17,74.57020057306589,2.3976663819244295,2,0.1412642916782958,0.14884522973189762,0.27811109797523326
2019-01-11,C,14.827014923095703,52.400000000000006,-1.211545477572184,-5.610985681179026,17,72.24212034383953,2.097076632122215,2,0.1293173867639117,0.13068315867009805,0.2883016239783083
2019-01-14,C,14.7288236618042,54.2,-1.30660560981676,-4.650698195955429,17,71.98543457497613,2.081182523873519,2,0.1416577167576032,0.13684610060766134,0.3004688917089169
2019-01-15,C,14.856472969055176,45.4,-1.0721482155312427,-4.960698674759386,17,69.57975167144221,1.8214679798152575,2,0.13389254853964916,0.1408231572688936,0.30987272486492445
2019-01-16,C,14.836834907531738,45.6,-1.148479537571253,-5.119424077545921,17,69.99761222540592,1.8871247842175456,2,0.13812272100187495,0.14783851877953258,0.2959749636655491
2019-01-17,C,14.836834907531738,43.2,-1.0723359270482324,-4.987897343422348,17,69.14398280802293,1.7857815160272312,2,0.12515846808517206,0.15059100890506594,0.293132999291855
2019-01-18,C,14.91539192199707,36.0,-0.9486617038331446,-4.655688115215697,17,67.13825214899713,1.5502489291868957,2,0.12398361065995078,0.14384675319992013,0.2969238593389405
2019-01-21,C,15.02340030670166,40.0,-0.8112440195614773,-4.93967891137822,17,67.7590735434575,1.5702957553110775,2,0.1159029064423005,0.13902129075296998,0.300230423361586
2019-01-22,C,14.99303150177002,42.8,-0.7823311136970702,-4.999221270832864,17,68.3142311365807,1.608969760165972,1,0.12086411502128991,0.13383731519458308,0.3049734395931949
2019-01-23,C,14.922163009643555,38.0,-0.8721127114480286,-5.31635191748202,17,67.8784622731614,1.6116238312031497,2,0.13636383971339727,0.14195902581334652,0.3132900305246582
2019-01-24,C,14.99303150177002,32.0,-0.7839390378322605,-5.321172160787422,17,66.31446991404012,1.4545215877259627,2,0.11141122702508754,0.13315632968273117,0.2979422291990126
2019-01-25,C,15.18537712097168,24.4,-0.5584270621092798,-6.293476350254293,16,65.9085482330468,1.3593499820256651,1,0.10866668400005985,0.1134245748074707,0.264146717878051
2019-01-28,C,15.215744972229004,34.2,-0.4428392189612625,-6.6054986079272116,16,67.93218720152817,1.497405841634662,1,0.09846983976360812,0.10449207812162631,0.27617262822342914
2019-01-29,C,15.084142684936523,40.8,-0.6119163585450722,-7.020449287729076,16,70.12297039159503,1.7580747221408797,1,0.09463073288204304,0.09585271928011041,0.2817156618218395
2019-01-30,C,15.053770065307617,45.6,-0.5963219667219019,-8.568422052417151,16,72.33763132760267,2.00044271125824,1,0.09616673324877212,0.08721191519403648,0.277999612544094
2019-02-11,C,15.215744972229004,36.0,-0.4136706439906322,-8.60297319702277,16,69.7409264565425,1.7274631516409271,1,0.06653375005053319,0.07496716518754631,0.24846007785086233
2019-02-12,C,15.316984176635742,27.800000000000004,-0.1802702142666384,-7.7657767946020275,16,66.3264087870105,1.3551308646026614,1,0.05287471743703476,0.06252964475112477,0.2436492522082343
2019-02-13,C,15.286612510681152,32.6,-0.181281632415077,-7.16852905205876,16,66.85768863419293,1.3757798833530495,1,0.05629141861636677,0.07733067983848207,0.23370753641406994
2019-02-14,C,15.235993385314941,30.4,-0.1675362101483092,-7.114026918088327,16,66.21298949379178,1.3230611486150137,1,0.05049837892196063,0.08024006113633386,0.2267357916016659
2019-02-15,C,15.1954984664917,42.8,-0.2075106287325191,-6.902877333591673,16,68.8753581661891,1.542153527575005,1,0.04263841866592277,0.0710244084290872,0.21196789056608867
2019-02-18,C,15.316984176635742,39.4,-0.0004022844501121,-6.607123687543913,16,66.82784145176694,1.3282624797931755,1,0.03370787985970014,0.07052851306722574,0.21956099680331675
2019-02-19,C,15.286612510681152,38.0,0.0277799094406625,-6.4917554281202925,16,66.27865329512893,1.2745474853433465,1,0.038410585697642,0.06063312678288191,0.2302593240138684
2019-02-20,C,15.458712577819824,24.0,0.3278752163326972,-6.142479498299968,16,61.13896848137536,0.8134340183784159,1,0.02685008021463786,0.06137405314801958,0.2302014203280951
2019-02-21,C,15.610569953918457,14.2,0.4492874412234305,-5.828835259350894,16,58.10649474689589,0.535464009623952,1,-0.0019454612288729578,0.05693582128368191,0.1932484767273781
2019-02-22,C,15.5802001953125,9.0,0.4635736759060533,-5.537054460469036,16,56.649952244508114,0.4040026281901302,1,0.005198070346227102,0.06161734230175586,0.16174365661701917
2019-02-25,C,15.69155502319336,2.4,0.6314000552440381,-6.082437531432181,20,49.349331423113654,-0.018957203517184773,0,-0.004516224470620389,0.055384814730808474,0.15954587478579407
2019-02-26,C,15.732054710388184,16.400000000000002,0.6372069165539853,-6.1529859710935515,20,53.37870105062082,0.2317113657948669,0,-0.007722116322765427,0.05007191026084401,0.14315922007752668
2019-02-27,C,15.721927642822266,3.2,0.6376917647395874,-6.07407665946713,20,49.594078319006684,-0.009484687881146259,0,-0.011590574970841261,0.05204724888988199,0.10165309970449421
2019-03-04,C,15.5802001953125,20.4,0.5514025199580614,-5.122477130703039,20,53.808500477554915,0.24151410156743341,0,0.005847943909490505,0.043923666880822276,0.0961123641613062
2019-03-05,C,15.539701461791992,23.6,0.4552322744734826,-4.017342434491805,20,54.19054441260745,0.23529065705065977,0,0.02214991041794434,0.049272523992366146,0.04876916575460344
2019-03-06,C,15.5802001953125,20.0,0.5862809613292541,-3.886593238009633,20,52.29226361031519,0.08053161063789943,0,0.020792832280836393,0.05375336413780141,0.012889067188736503
2019-03-07,C,15.51945686340332,33.2,0.489120103270065,-4.450179059684163,20,56.50668576886342,0.431035215541519,0,0.018264669861669303,0.059851425614794174,-0.010996212821837936
2019-03-08,C,15.387845039367676,35.0,0.3373268911710799,-4.259899897109533,20,58.03486150907355,0.5316903758943792,0,0.030263412729523598,0.08616752374061254,-0.06076822127846826
2019-03-11,C,15.418221473693848,32.4,0.3736394200408358,-3.4532887633947364,20,56.411174785100286,0.37745661107029144,0,0.020354697669234367,0.08468967711555342,0.01190671692404921
2019-03-12,C,15.640941619873047,2.6,0.6079873641624134,-3.200083078903418,20,47.1585482330468,-0.31269234859593376,0,0.02330069004304436,0.06010542466560609,-0.045637275836006186
2019-03-13,C,15.610569953918457,4.8,0.6906711371230965,-2.7671201963337846,20,46.8779847182426,-0.36943657194307455,0,0.02983119969986925,0.07459482997878464,0.002814794351399641
2019-03-14,C,15.600442886352539,7.6,0.6425521821985812,-2.54611633972861,20,48.08978032473735,-0.31561958906925736,0,0.034393410053031426,0.08641841272752271,0.038604129414821164
2019-03-15,C,15.71180248260498,0.4,0.8651413107502488,-2.0636985199389875,20,42.42478510028653,-0.625684377045944,0,0.018685562669153777,0.08521671507632256,0.03593956401507037
2019-03-18,C,15.813037872314453,1.6,1.0431839116235757,-1.9713486070213335,20,41.529369627507165,-0.719500747741065,0,0.010243485804260377,0.07697779143717942,0.021307540866230656
2019-03-19,C,15.873780250549316,1.6,1.0464976751915804,-1.814082262970926,20,41.14732569245463,-0.7384266215466008,0,0.003826585556566453,0.07349972499025981,0.007437789372277903
2019-03-20,C,15.89402961730957,4.6,1.139592623976838,-1.2682793668637142,20,40.22803247373448,-0.7994025170685156,0,0.005095553860297697,0.07791349840856565,0.010134225779783623
2019-03-21,C,16.025636672973633,1.6,1.272631178793142,-0.8475781670073254,20,36.837392550143264,-0.9760627686738056,0,0.020214473874170524,0.0754323141890747,-0.0014504795199361542
2019-03-22,C,16.066125869750977,0.8,1.339598972924177,-0.6563888668971259,20,35.35697230181471,-1.0502655355004498,0,0.01890380667761482,0.07081566948350382,0.01112429283757388
2019-03-25,C,15.823160171508789,40.400000000000006,0.9735638504248644,-1.0635356014471946,17,51.59980897803247,0.10667670654873462,1,0.03454914377511864,0.09629162285482717,0.04597081953684801
2019-03-26,C,15.924397468566895,24.0,1.1581543092770157,-0.6976099641144775,17,45.343839541547275,-0.33038355836713573,1,0.03242190159852654,0.08291040194716226,0.05388466757667909
2019-03-27,C,15.89402961730957,23.200000000000003,1.1236162090439803,-0.6365078102176266,17,45.266236867239726,-0.33069792068463466,1,0.028662137952147004,0.08819148909360797,0.05125554883932648
2019-03-28,C,15.89402961730957,26.4,1.111984963380923,-0.507950340834398,17,45.36174785100286,-0.2813757123540903,1,0.023566764097991078,0.08562196142132361,0.05191893147394189
2019-03-29,C,16.025636672973633,24.2,1.3495109449018126,-0.4886365941135799,17,43.45749761222541,-0.4622416204627998,1,0.029690257697854383,0.07861784667049676,0.03670211873318041
2019-04-01,C,16.16736602783203,27.6,1.351645976278581,-0.6550122804959204,17,44.7468958930277,-0.3856862191109053,1,0.013149636471143866,0.062215532240505134,0.055651744688401505
2019-04-02,C,16.228105545043945,22.4,1.4557638529067678,-0.4084815665942068,17,42.06064947468958,-0.5652304587696341,1,0.031191552714845416,0.06075667464837742,0.054948278725432065
2019-04-03,C,16.228105545043945,15.0,1.4829884811569147,-0.367105024577521,17,40.38920725883476,-0.7160295484271452,1,0.028696195588232998,0.06453138565955374,0.04975188056793667
2019-04-08,C,16.379961013793945,30.4,1.6894272572111,-0.1417058265942954,17,41.189111747851,-0.5909473115072129,1,0.007416436563564499,0.07149185875758657,0.07155485497653236
2019-04-09,C,16.4811954498291,16.8,1.7916576888808575,-0.5388244181305366,17,39.85195797516714,-0.8478040249027582,1,0.007371228876459801,0.06119379096581801,0.06177486516729225
2019-04-10,C,16.501441955566406,16.8,1.815142413721272,0.0,17,34.765998089780325,-0.9198003878813886,1,0.004907930501826918,0.04937312662717308,0.02980786702156424
2019-04-11,C,16.430578231811523,27.0,1.6751045268351488,0.0,17,36.968720152817575,-0.6576543003874057,1,0.005545278781754481,0.05824870231143242,0.034249343102298324
2019-04-12,C,16.42045021057129,17.4,1.6598015469042748,-0.1317235444099997,17,38.9087870105062,-0.8034300266233722,1,0.004932370547488185,0.06263226641282515,0.03873925621250662
2019-04-15,C,16.572309494018555,10.4,1.7975190586096923,0.0,17,33.48853868194842,-1.02208542653581,1,0.004276146974511397,0.06583279844091083,0.029220836393355265
2019-04-16,C,16.622922897338867,4.3999999999999995,1.8903964944144216,0.0,17,31.369388729703914,-1.182481280718339,1,0.0091350754010322,0.053988440195112064,0.047014646481394085
2019-04-17,C,16.754533767700195,13.2,2.012354580578512,0.0,17,32.86771728748806,-1.0994601804967545,1,0.0,0.06703785580498445,0.03879009599165584
2019-04-18,C,16.74440574645996,32.0,1.9129762362123035,-0.242438163297124,17,40.884670487106014,-0.6837154905835962,1,0.006046093977018385,0.06951253865664819,0.053898607466478454
2019-04-19,C,16.76465606689453,12.6,1.9011157512407608,0.0,17,33.42287488061127,-1.044435332235468,1,0.006642578856518533,0.07309271463203637,0.075262574423961
2019-04-22,C,16.74440574645996,29.6,1.914845707649951,0.0,17,36.44937917860554,-0.7532349638788215,1,0.0012093782688495924,0.07500024775338932,0.04508451010497794
2019-04-23,C,16.815275192260742,17.8,1.9543735019000477,-0.0573146495536577,17,37.2074976122254,-0.9781023361087492,1,-0.004214587331487718,0.06804081239585047,0.045695309927453964
2019-04-24,C,16.845643997192383,25.6,1.9248641703872416,0.0,17,35.49426934097421,-0.8295645481625634,1,0.006112227069637655,0.06490319429336755,0.045061752368016794
2019-04-25,C,16.886138916015625,14.8,1.912903859881749,0.0,20,30.87989493791786,-1.2126533990368098,0,0.008536687299507628,0.07262842813897796,0.04692551845660331
2019-04-26,C,16.693790435791016,32.4,1.7102440963950387,-0.3540825173915572,20,39.219197707736384,-0.7450905142823702,0,0.02260351900757218,0.08192915871547246,0.06530311730992588
2019-04-29,C,16.76465606689453,48.8,1.6574845093636217,-1.3352181184455292,20,46.34073543457498,-0.31936704521769366,0,0.017672092681410678,0.0816190166730606,0.06960344082968017
2019-04-30,C,16.76465606689453,35.0,1.685239885504629,-1.1423707005190966,20,42.896370582616996,-0.5995017125145219,0,0.02071720055320503,0.0816190166730606,0.05702731028858499
2019-05-02,C,16.805150985717773,14.000000000000002,1.72643132161627,-0.8162420066252949,20,37.60148042024833,-1.0287026438106883,0,0.01157428451801823,0.08387298727155579,0.05761661989987443
2019-05-03,C,16.957006454467773,2.1999999999999997,1.8700140453786136,-0.3061214407656228,20,31.452960840496658,-1.3761595344244837,0,0.004923762886858807,0.07717734556156652,0.03571195975863728
2019-05-06,C,16.663423538208008,67.60000000000001,1.4625926511396397,-1.6889896110491187,20,52.94890162368672,0.16470895095010007,0,0.01956530771769205,0.10105703323083914,0.06091822600825769
2019-05-07,C,16.835521697998047,64.2,1.6051784192450496,-1.776050193647196,20,51.187917860553966,0.030174390977294907,0,0.004291543054441238,0.09283396146810641,0.04130678165766399
2019-05-08,C,16.71403694152832,67.0,1.4557944187263194,-2.055564329851834,20,53.58763132760268,0.1977142921986803,0,0.005482388446198971,0.10077714528032677,0.05833627849191303
2019-05-09,C,16.511566162109375,75.2,1.0754319927558669,-2.855684257395258,20,59.18099331423113,0.6526965141231682,0,0.0011163457788636588,0.14024590565399575,0.07003718226193101
2019-05-10,C,16.501441955566406,75.6,1.015662942160096,-3.838608439251708,20,60.76289398280802,0.8010557582443707,0,-0.008169211656511188,0.14960825326636695,0.07963733027814346
2019-05-13,C,16.228105545043945,78.0,0.7094735006804119,-4.775706545145391,20,64.39828080229226,1.1249742488162608,0,0.007907312015783319,0.17463374454834812,0.07768469503717657
2019-05-14,C,16.12686538696289,74.4,0.625021717155279,-5.592976515052952,20,65.28175740210123,1.1995870647765146,0,0.009170062832919434,0.17567682642544957,0.09164042813338469
2019-05-15,C,16.147117614746094,64.4,0.6907603264951202,-5.452827088804069,20,61.92693409742121,0.9696453859203579,0,0.019918046148357904,0.17040837540486709,0.10267525343324979
2019-05-16,C,16.005386352539062,65.60000000000001,0.5211775761160434,-5.472967638269948,20,64.02220630372493,1.0929344504256715,0,0.028311973451015326,0.16291105022360908,0.11112263079769935
2019-05-17,C,15.84341049194336,67.60000000000001,0.3449768066653623,-5.5899242548456085,20,66.39207258834766,1.2446584059994659,0,0.027225152320288437,0.18575514867254728,0.11582854893330663
2019-05-20,C,15.833287239074707,63.2,0.3628758662453866,-6.051192089481395,20,65.43696275071633,1.2064195977834107,0,0.03561995987930655,0.17942033097012144,0.12453129531534746
2019-05-21,C,15.873780250549316,53.2,0.4773264959282929,-6.115142701938153,20,62.392550143266476,0.9697827867289545,0,0.02140053403857589,0.17576850277848455,0.1276396654463703
2019-05-22,C,15.873780250549316,48.8,0.4560311620085708,-5.975826942614888,20,61.300143266475644,0.889839258489233,0,0.033621239943970815,0.18734612746934265,0.1329527755256652
2019-05-23,C,15.5802001953125,65.2,0.1720741842663993,-6.134292189367796,20,67.29942693409743,1.363098728556472,0,0.05899605705421007,0.2175834472667726,0.17459960883940684
2019-05-24,C,15.661187171936035,63.2,0.2017144255863233,-6.159424950260886,20,66.83381088825215,1.3131233932426123,0,0.056127517172904984,0.220414025257057,0.17929502260542218
2019-05-27,C,15.620688438415527,62.8,0.2042614753982022,-6.232769565635583,21,65.71752626552053,1.245827967621815,0,0.060172793041829875,0.21900275338428044,0.19247553600453338
2019-05-28,C,15.610569953918457,61.6,0.1559293002311872,-6.474798813653558,21,65.94436485195797,1.279318197621393,0,0.058243791919893706,0.20998219241659277,0.20878015457268306
2019-05-29,C,15.539701461791992,62.4,0.1293218116001659,-6.352130034809774,21,66.24880611270297,1.2958526235290289,0,0.06438407227738252,0.21615732074475424,0.21564966659420892
2019-05-30,C,15.67131233215332,54.6,0.2716803597156162,-5.886113235735914,21,63.24617956064947,1.024299695951327,0,0.037854352839198135,0.20659517365581825,0.21687573733176846
2019-05-31,C,15.883904457092285,60.8,0.4763026697789256,-6.490151991262026,21,63.28199617956065,1.0779932246737352,0,0.026534868611720164,0.19366003299454393,0.18200621164888608
2019-06-03,C,15.904156684875488,65.2,0.4678055905975861,-6.228120761722449,21,64.07593123209169,1.1321898847172247,0,0.032289148997371564,0.19663360600290813,0.16989560954952942
2019-06-04,C,15.8029146194458,65.0,0.3256997583712724,-6.147169971145636,21,65.19818529130849,1.203720547549535,0,0.04084081180855903,0.20106934244877817,0.16071390961691878
2019-06-05,C,15.853533744812012,58.8,0.3749835444006403,-6.052336028108327,21,63.47301814708692,1.0552727105170023,0,0.054261958951817624,0.17855823951861316,0.18227559736483623
2019-06-06,C,15.732054710388184,51.6,0.266567191699423,-6.143142463721783,21,62.72683858643744,1.0022359360716904,0,0.0630515835260792,0.19479772833288522,0.19274526248533386
2019-06-10,C,16.005386352539062,43.8,0.5464355840469645,-6.6391592227314336,21,59.03772683858644,0.7534266492860753,0,0.03596668601974007,0.17439359575338265,0.17105864648608238
2019-06-11,C,16.076251983642578,37.8,0.6101742796931735,-7.199409754779623,21,57.71251193887297,0.6706731422914511,0,0.04346695875203732,0.16477081683689287,0.16524112110857025
2019-06-12,C,16.136995315551758,36.4,0.6134815315561134,-6.95132493697945,21,57.13347659980897,0.6173021827628568,0,0.05029517992755217,0.1755716285443074,0.16346775631932786
2019-06-13,C,16.005386352539062,42.2,0.5022788973280993,-6.554914431131445,21,59.03772683858644,0.7422015253896239,0,0.06531078366600607,0.18715172809599134,0.17830389378118072
2019-06-14,C,15.975018501281738,44.2,0.4256143762787983,-6.653857968037857,21,60.38681948424069,0.8332933317238309,0,0.06605764508324596,0.19707783782254218,0.1878024629065893
2019-06-17,C,15.93452262878418,43.0,0.4310691555605168,-6.557571320845611,21,59.95105062082139,0.7985591867534825,0,0.06940754552248007,0.19179045851832344,0.17891298578848036
2019-06-18,C,15.975018501281738,35.199999999999996,0.4916210869111956,-6.792157813465316,21,57.99904489016237,0.6508491734686703,0,0.072448777898374,0.19835596886900198,0.18648278215399516
2019-06-19,C,16.349586486816406,32.4,0.865748564408203,-7.7435193805796,21,54.70391595033429,0.483631712358904,0,0.054123757042202625,0.19712999183844127,0.16703768549580422
2019-06-20,C,16.369836807250977,26.0,0.8665758929135315,-7.9810406518886765,21,53.492120343839545,0.3961009049380351,0,0.050948737717606774,0.20874711579096505,0.17847356757796584
2019-06-21,C,16.369836807250977,42.2,0.884985247193062,-7.998951311773025,21,56.87679083094556,0.6723906172223688,0,0.05968056660354226,0.20812340540510932,0.19199700227520888
2019-06-24,C,16.440696716308594,44.4,0.8226159594941469,-7.84012834885962,21,57.79608404966571,0.7307569476393915,0,0.048902972971091696,0.21906270084898938,0.20737790121652133
2019-06-25,C,16.349586486816406,47.599999999999994,0.6725305580861143,-7.602159744078262,18,62.66117478510028,1.049906445915481,0,0.05787065445994877,0.2264806882774537,0.2186195299707463
2019-06-26,C,16.268600463867188,52.400000000000006,0.559791491098575,-7.346129108995165,18,64.90568290353391,1.1732557141916276,0,0.06062642858281775,0.22568255424276784,0.23310966076052897
2019-06-27,C,16.501441955566406,47.2,0.769515309409166,-7.727163091548436,18,61.956781279847185,0.999170635585779,0,0.04751680285101734,0.19972552761899998,0.21954276641713788
2019-06-28,C,16.379961013793945,50.4,0.6750381902729321,-7.494939784847963,18,63.27005730659026,1.0861526101897232,0,0.04842907108989403,0.21111663185184315,0.21829051550586143
2019-07-01,C,16.734285354614258,23.200000000000003,0.9602054342370704,-8.236583286820192,18,55.80229226361032,0.519177527871774,0,0.02867083410031368,0.18608299799910766,0.21013337193404968
2019-07-02,C,16.693790435791016,14.6,0.8856921325645468,-7.755092816273275,18,54.620343839541555,0.359741370992988,0,0.03483554252947263,0.19079495641972444,0.22064669687720584
2019-07-03,C,16.501441955566406,29.2,0.6478713010755982,-7.224065058734283,18,58.6616523400191,0.6996986882449852,0,0.06360370931865278,0.20467541612398676,0.23998579207231852
2019-07-04,C,16.60268211364746,10.6,0.6897081149903702,-6.402174902206427,18,54.01146131805158,0.2588686773050419,0,0.053428726716155506,0.20532381375474795,0.22036071326531625
2019-07-05,C,16.582429885864258,6.800000000000001,0.69055118516644,-6.24840515073918,18,52.889207258834766,0.17487550491401177,0,0.04424802986990173,0.20433314174458173,0.23583704979854425
2019-07-08,C,16.521690368652344,24.6,0.6105430761440284,-5.693398361060528,18,56.82903533906399,0.47553410170137655,0,0.05241278005255978,0.1982551854487422,0.23846610831246462
2019-07-09,C,16.501441955566406,9.6,0.5044171632053417,-5.492130681259357,18,54.77554918815664,0.25230255989737027,0,0.05741669544777617,0.20838771691594116,0.27022942127545857
2019-07-10,C,16.64317512512207,1.2,0.6591114285107254,-5.424926734458724,18,50.262655205348615,0.005952391477347496,0,0.06129454697479897,0.19809709509149687,0.26260211507988296
2019-07-11,C,16.7747745513916,1.2,0.7225517573725818,-5.655240966492133,18,49.92836676217765,-0.006597782480050829,0,0.0444473350371406,0.17348157374124962,0.2514308149587716
2019-07-12,C,16.754533767700195,1.2,0.671022442515931,-5.411838088417856,18,50.02387774594079,-0.0024830501370672886,0,0.06703785580498445,0.17124300775904366,0.2485063809446073
2019-07-15,C,16.845643997192383,0.8,0.7456171073918268,-5.203265468076039,18,49.098615090735436,-0.07601648119237614,0,0.06308502667978111,0.15945357145162076,0.3022657801448352
2019-07-16,C,16.87601661682129,1.2,0.7419643855855751,-4.826570770821242,18,48.99713467048711,-0.10747303393160379,0,0.06601164819692107,0.17309680395095195,0.3036970496817717
2019-07-17,C,16.76465606689453,3.5999999999999996,0.6158733930082033,-4.532246432485435,18,51.08643744030564,-0.022637391342875346,0,0.0737017362063952,0.1851524567700491,0.2990562156607628
2019-07-18,C,16.74440574645996,4.0,0.5449474339024718,-4.216279136809668,18,51.49832855778415,-0.007874906124640924,0,0.07256121530612458,0.1951220262331541,0.31965153685129466
2019-07-19,C,16.9486083984375,0.4,0.659212164812409,-4.267971757804561,18,48.68075453677173,-0.13304892192898787,0,0.058433806529677446,0.18795183678687444,0.30061933712898736
2019-07-22,C,17.030290603637695,3.5999999999999996,0.7697603076906318,-3.523930722198169,18,48.74641833810888,-0.22218803811994026,0,0.06354924084227886,0.1702637438475616,0.2719352269633344
2019-07-23,C,17.071128845214844,2.8000000000000003,0.7558873682412688,-3.022604826826458,18,47.98829990448902,-0.2821954171784028,0,0.058014312101600574,0.16387577557030086,0.2850647383049385
2019-07-24,C,17.060922622680664,3.8,0.7172220317389741,-2.7799985881590965,18,48.48973256924546,-0.2679738900161889,0,0.06283647203409082,0.1645720318883397,0.2982810083627012
2019-07-25,C,17.11197280883789,4.3999999999999995,0.7087471249804421,-2.1892447712502356,21,44.71107927411652,-0.516167120708144,0,0.05966570964695039,0.16587093364150562,0.308059363311034
2019-07-26,C,16.999658584594727,9.6,0.6035583732123587,-1.8603492942740636,21,46.63323782234957,-0.39809088796137976,0,0.07147147160624523,0.106906793966419,0.3073322085734349
2019-07-29,C,17.040498733520508,29.6,0.5756852409685497,-0.0374678016824477,21,44.64541547277937,-0.22626728489192077,0,0.07189956625878136,0.11291486836601528,0.3160383065881409
2019-07-30,C,16.98944854736328,31.0,0.4619404051291831,-1.143285940317058,21,50.16714422158548,-0.015214811935418182,0,0.0799279113326905,0.10509023769546189,0.3099929451631258
2019-07-31,C,16.907772064208984,31.6,0.434825633171175,-0.5352412414080349,21,48.45988538681948,-0.05428368850485016,0,0.08816405856049858,0.12975661912369518,0.2968525615875022
2019-08-01,C,16.8056697845459,34.0,0.2574302917992285,0.0,21,45.457258834765994,0.03480232667371208,0,0.09477516257782459,0.1397568338071533,0.31736812041206175
2019-08-02,C,16.529998779296875,66.0,-0.0799995715502632,-0.9144944445121904,21,60.804680038204395,0.8958280759356023,0,0.138974416372045,0.17725893326933195,0.3425496856855379
2019-08-05,C,16.36663818359375,73.2,-0.3138862479910863,-1.0534113609162818,21,64.14159503342884,1.1754838124815903,0,0.15907699859407565,0.17483910651088386,0.3702233070173149
2019-08-06,C,16.356426239013672,73.2,-0.3728632103783783,-2.043047791365755,21,66.82784145176694,1.3170581540291357,0,0.16541841749229613,0.1729946715506705,0.3632886703225173
2019-08-07,C,16.274749755859375,71.6,-0.3942670341345416,-1.8178703063160744,21,66.2010506208214,1.2772082572401033,0,0.16499376044223513,0.18859754805537698,0.360343719470233
2019-08-08,C,16.46873664855957,65.8,-0.2067021098880458,-1.6259422995022632,21,63.42526265520535,1.0437915655651555,0,0.1475513937858286,0.1861190422777088,0.2972528019155094
2019-08-12,C,16.45853042602539,56.8,-0.2543438080267549,-1.5678073184708647,21,61.634431709646606,0.9071573154573984,0,0.13089323108908202,0.18877611684306772,0.3264440532575579
2019-08-13,C,16.274749755859375,68.0,-0.4576234535343744,-1.4864106997111486,21,64.756446991404,1.2154131686239578,0,0.15432838262787119,0.20414311792248507,0.3453374892882122
2019-08-14,C,16.397268295288086,61.6,-0.3468105758138893,-1.3141839070766916,21,62.135864374403056,1.018813490545068,0,0.1388543835207403,0.18678845643151698,0.3456462342025739
2019-08-15,C,16.21348762512207,71.2,-0.5308591497625531,-1.6216318704773418,21,66.0458452722063,1.3295250900130122,0,0.1511336283813598,0.18398614111084988,0.36613863335928065
2019-08-16,C,16.4074764251709,69.6,-0.3671243373535906,-1.355390629954523,21,64.36246418338109,1.176082874017308,0,0.14872458264664234,0.1834798203212813,0.35322229330187493
2019-08-19,C,16.499370574951172,62.0,-0.2510167802325876,-0.9108223993531452,21,60.74498567335243,0.9258437935629267,0,0.14975257854472313,0.17177693758755352,0.33217061549135973
2019-08-20,C,16.540210723876953,49.8,-0.1969783503088051,-0.9132230285014696,21,57.88562559694365,0.679452194764167,0,0.15555556068070486,0.1631479569373675,0.30705430938830247
2019-08-21,C,16.56062889099121,49.2,-0.1965541146660584,-0.563837450036428,21,56.321633237822354,0.6309333400694972,0,0.1498151635138063,0.14707299327996104,0.32531947164302966
2019-08-22,C,16.51978874206543,49.6,-0.1948279321665187,-0.3964172674196513,21,55.808261700095514,0.6188899914975547,0,0.14338699802000354,0.1530992444747663,0.3240965061475256
2019-08-23,C,16.540210723876953,40.8,-0.183665123401549,-0.5468755524935216,21,54.28605539637058,0.47361594578092214,0,0.14259255885202604,0.14020367548548562,0.3263135572013949
2019-08-26,C,16.26453971862793,71.6,-0.5141553086149756,-0.5561156811198431,22,61.610553963705826,1.145062390438002,0,0.16258622450732663,0.14915876684574236,0.33900073680975096
2019-08-27,C,16.305381774902344,65.0,-0.4562769302934395,-0.1195689158128027,22,57.981136580706774,0.9476274859846745,0,0.16280515108935667,0.12947102231493002,0.333692919498086
2019-08-28,C,16.417688369750977,59.8,-0.3722665362248217,0.0,22,53.28915950334287,0.793640534882665,0,0.15920389860259498,0.1377969949104263,0.3323309629853721
2019-08-29,C,16.448318481445312,52.400000000000006,-0.3226875985070596,0.0,22,51.516236867239726,0.6341262942258733,0,0.1539414373671677,0.14336900729806468,0.32081196188716254
2019-08-30,C,16.713777542114258,39.6,-0.0462156362879367,-0.4327310513491904,22,51.659503342884435,0.29246169949470885,0,0.11789885759548313,0.13782357828798064,0.31126954034157683
2019-09-02,C,16.72398567199707,32.800000000000004,-0.0201119631863564,0.0,22,45.53486150907354,0.11065234084537978,0,0.12393203382455997,0.11380679125725557,0.31110417948526403
2019-09-03,C,16.58104705810547,42.8,-0.1615273658860989,0.0,22,48.41212989493792,0.37008950737549007,0,0.13362100500112506,0.09161976817859929,0.3390567433745102
2019-09-04,C,16.77503776550293,28.199999999999996,0.0123096032762348,0.0,22,44.382760267430754,0.010550140836219468,0,0.11625078979973846,0.08465197816338033,0.3286353727269202
2019-09-05,C,16.9486083984375,30.8,0.184969449900172,-0.836366961960672,22,50.185052531041066,0.04478160274591089,0,0.11927737174362418,0.06110442640248337,0.3350770969728398
2019-09-06,C,17.050710678100586,20.4,0.2198364385555136,-0.5725283613795785,22,46.92574021012416,-0.18734832899041165,0,0.11437126733167902,0.015799906996858848,0.3127591383081103
2019-09-10,C,17.030290603637695,27.200000000000003,0.1640220956486907,-0.7315002040792609,22,49.17621776504298,-0.017564891557150908,0,0.12290160231350833,0.0027808959726511873,0.31308599150813143
2019-09-11,C,17.040498733520508,24.2,0.223771209844319,-0.7914977129510973,22,48.40019102196753,-0.0991359749921602,0,0.1144399191012353,-0.04359843024429133,0.3017062995172781
2019-09-12,C,17.132389068603516,23.200000000000003,0.2841675155348894,-0.4671536099176988,22,46.543696275071625,-0.18735514340639098,0,0.11740158930234612,-0.07887835261902676,0.2779905293807625
2019-09-16,C,17.234487533569336,34.4,0.4030622776698974,-0.6168074635441875,22,48.61509073543458,-0.04412384375540929,0,0.1356636105019624,-0.10941351850714409,0.26857130525291795
2019-09-17,C,17.203859329223633,29.6,0.3542517648133806,-0.34677948123786,22,46.728748806112705,-0.12899255799242204,0,0.15014850145408243,-0.15991215747351628,0.23996923648999302
2019-09-18,C,17.346797943115234,30.6,0.4468560705514163,-0.612919880624222,22,47.18839541547278,-0.1372663309626509,0,0.14008262818044503,-0.10059470782931368,0.23220027272973165
2019-09-19,C,17.24469566345215,31.6,0.3787598166183377,-0.8206606144482329,22,48.93147086914995,-0.05709086508488748,0,0.16222637580662802,-0.13439286235314019,0.2598155529799351
2019-09-20,C,17.295747756958008,31.4,0.4359283266823461,-0.8360722653880261,22,48.42406876790831,-0.09265626825650114,0,0.15938624737027207,-0.09489252976939777,0.2591667601276717
2019-09-23,C,17.254907608032227,45.2,0.4121430680550091,0.0,22,45.51695319961796,0.07409758171284678,0,0.15562135848386682,-0.06098109763720738,0.2676854059468696
2019-09-24,C,17.285537719726562,44.0,0.4061377842632572,0.0,22,45.31996179560649,0.056511634444102454,0,0.14530432767638435,-0.05837596274799728,0.26605345044468476
2019-09-25,C,17.173227310180664,42.8,0.3209014320524051,0.0,20,47.95248328557784,0.21897495103505288,0,0.15517269145620638,-0.059584169515767726,0.28917257172787636
2019-09-26,C,17.21407127380371,42.4,0.3132843060776031,-0.08906212131637,20,51.07449856733524,0.22603537328443335,0,0.15302481481986252,-0.07100151787270459,0.2928991280015769
2019-09-27,C,17.275327682495117,41.8,0.2332754338029352,-0.6643766761302222,20,53.72492836676217,0.3247338940853074,0,0.15070937118088978,-0.07063393545522167,0.30552462574996575
2019-10-01,C,17.550994873046875,28.000000000000004,0.4740778852316784,-0.239126239274122,20,47.17048710601719,-0.10609750316258826,0,0.13263559121630442,-0.08823448864653949,0.2953044064537107
2019-10-02,C,17.489742279052734,46.0,0.434047542451252,0.0,20,47.755491881566385,0.20860018663182503,0,0.14419113812482953,-0.07117841420981497,0.3004478245763038
2019-10-03,C,17.31616973876953,52.8,0.3017734071820615,0.0,20,50.49546322827125,0.40630948458398386,0,0.1533018088572542,-0.044213353071929085,0.30857758744131836
2019-10-04,C,17.387638092041016,41.0,0.3319729875962798,0.0,20,47.54059216809934,0.18075684041844634,0,0.13857909003052837,-0.03480402319844056,0.2909851000369674
2019-10-07,C,17.44890022277832,40.0,0.4011453232764649,0.0,20,46.704871060171925,0.12236606901167063,0,0.1427734422182867,-0.04242177929350199,0.2809757364496748
2019-10-08,C,17.663311004638672,34.8,0.5448110641195283,-0.5384216098072403,20,49.29560649474689,0.00421502406644092,0,0.12890158392564155,-0.053448662741389374,0.28165751001386297
2019-10-09,C,17.520368576049805,52.400000000000006,0.3165762078860343,-0.03987940951875,20,53.22946513849092,0.3948430038024258,0,0.12354307811941556,-0.0517430372080836,0.28484161120103946
2019-10-14,C,17.877721786499023,18.6,0.6295799971618965,-0.6811355606081497,20,45.78557784145177,-0.31557584420519313,0,0.09765834584701394,-0.04534211024663726,0.25856509203223066
2019-10-15,C,17.90835189819336,8.4,0.704624643484956,-0.0524249377335379,20,40.38323782234957,-0.6072506711130471,0,0.09064989380277244,-0.04403196290520506,0.25819143703775027
2019-10-16,C,17.99003028869629,14.000000000000002,0.789621003123164,0.0,20,38.00740210124164,-0.5644320083444242,0,0.1004540203056481,-0.05305972026802075,0.25247899242967287
2019-10-17,C,18.000240325927734,7.4,0.8267401442286598,0.0,20,36.2225405921681,-0.7025152426055484,0,0.10380044737324523,-0.02490042183630714,0.25176856540687975
2019-10-18,C,17.959400177001953,7.199999999999999,0.8100524562909884,0.0,20,36.252387774594084,-0.696197036312843,0,0.11426929221195903,-0.025617843353868075,0.24751988604804342
2019-10-21,C,17.938980102539062,15.6,0.8131986438199527,0.0,20,38.186485195797516,-0.5501647558635908,0,0.12236762418034641,-0.05271567023831092,0.24302108877734763
2019-10-22,C,18.112552642822266,3.0,0.9619276634598772,0.0,20,33.49450811843362,-0.8596887981443014,0,0.10033809334560773,-0.06179349326688144,0.21762550343853548
2019-10-23,bull,18.061498641967773,4.0,0.9013372976643692,0.0,20,34.473495702005735,-0.8063580961889588,0,0.1000567404976036,-0.05563948061482493,0.21107306703985373
2019-10-24,bull,18.132970809936523,0.4,1.0374945037566004,0.0,20,31.703677172874883,-0.9500188878783155,0,0.0957208023352305,-0.05936173298990555,0.21098414951079203
2019-10-25,bull,18.132970809936523,2.4,0.995728536778138,-0.0305886069973385,19,37.27913085004775,-0.8202139665789591,0,0.10022521539357898,-0.04017692835487152,0.22503836424474488
2019-10-28,bull,18.214649200439453,3.0,1.0269500026060023,0.0,19,34.377984718242594,-0.831360363421502,0,0.03307164334207835,-0.044480980702893747,0.2376165505131982
2019-10-29,bull,18.265703201293945,5.0,1.0596728627709482,-0.1886046956550968,19,38.67597898758357,-0.7950890000692913,0,0.03826412790741984,-0.03387755157448624,0.23299457661362122
2019-10-30,bull,18.347379684448242,6.800000000000001,1.1386342349146974,0.0,19,34.89732569245463,-0.8303098003718078,0,0.023300005582520322,-0.01749418435478378,0.23502930719258375
2019-10-31,bull,18.39842987060547,7.6,1.0965544563465286,-0.4800544664903688,19,40.222063037249285,-0.7396073770346502,0,0.038222692833852934,-0.04886888720345972,0.2477623025155513
2019-11-01,bull,18.39842987060547,2.8000000000000003,1.166161355756009,-0.2399717241742527,19,36.88514804202483,-0.8910652694171629,0,0.04108758836235582,-0.0442850543578549,0.23621947411569222
2019-11-04,bull,18.827245712280273,20.8,1.4426426967158998,-0.0158656945795597,19,38.62225405921681,-0.7613670661380697,0,0.03361314911640778,-0.06493289010453862,0.22667449033770892
2019-11-05,bull,18.97019386291504,42.0,1.5913983663724254,-0.3687711539058784,19,43.254536771728745,-0.43775119902964066,0,0.013598844542620503,-0.06808913671990668,0.21799082933627068
2019-11-06,bull,19.06208038330078,45.6,1.6007180859067227,-0.0370687454316388,19,42.68744030563514,-0.4156629643616089,0,0.006500887530743293,-0.06705109655574037,0.21713304556124569
2019-11-07,bull,18.95998191833496,25.8,1.513043131658362,-0.0823040419485089,19,39.14159503342884,-0.7076781828555202,0,0.020260870413745247,-0.05424309523543658,0.2634500649917595
2019-11-08,bull,18.89872169494629,28.4,1.465748431590619,0.0,19,36.90902578796562,-0.6428999771767198,0,0.03360864594015589,-0.062333442634830205,0.2765352091609794
2019-11-11,bull,18.61284065246582,51.2,1.1897529054128375,-0.7780769748372862,19,49.647803247373446,0.005209218339949917,0,0.05118333381325746,-0.04509970754693682,0.304699323839992
2019-11-12,bull,18.786405563354492,37.6,1.360987080744437,-0.4554577653277937,19,44.227554918815656,-0.37000660339021474,0,0.04315473486081056,-0.0651445095566906,0.2903844636781592
2019-11-13,bull,18.674100875854492,42.6,1.2616641000711897,0.0,19,41.356255969436475,-0.2725685258532359,0,0.04208972947234013,-0.05331293555139127,0.2964389235519309
2019-11-14,bull,18.663890838623047,40.8,1.221400431533266,-0.6775316046666324,19,46.728748806112705,-0.207400025539772,0,0.02853926939453988,-0.060702665459680505,0.3136468404397066
2019-11-15,bull,18.847671508789062,23.6,1.3539712666387136,-0.9302312855257888,19,43.3142311365807,-0.5611117602012815,0,0.030255500926569923,-0.06147177665821191,0.2946407102973525
2019-11-18,bull,18.97019386291504,34.599999999999994,1.481230660251159,-0.9551320890274914,19,44.896131805157594,-0.43979673344936987,0,0.01915573789858982,-0.06864474561990463,0.2756438492656983
2019-11-19,bull,19.11313247680664,34.4,1.5732839004800043,-1.275528868109863,19,44.97970391595033,-0.4630170561626126,0,0.0065703428852785795,-0.06788838719836943,0.27610409003844616
2019-11-20,bull,19.041662216186523,39.2,1.5125266171676983,-1.3297244856657624,19,46.43624641833811,-0.3368377922482447,0,-0.002384879170896692,-0.08155176912678808,0.2786630492977533
2019-11-21,bull,18.888511657714844,49.2,1.3615097929490632,-1.357438979121638,19,49.862702960840494,-0.06874855085649745,0,0.0084942775032264,-0.06796583264499112,0.2738523197973952
2019-11-22,bull,18.89872169494629,32.4,1.365113851326357,-1.324260003596869,19,46.00047755491882,-0.37022885183186727,0,-0.002090756978971209,-0.05787135789094744,0.2844013845663662
2019-11-25,bull,18.9089298248291,44.0,1.3424164373812135,-1.1541163836236783,19,48.32258834765997,-0.17098246150281216,0,-0.011549644558427885,-0.059494791312044715,0.29606197468660866
2019-11-26,bull,18.95998191833496,31.0,1.3592371729938046,-1.342931903999522,19,45.869149952244506,-0.38939670113678393,0,-0.02866699441707654,-0.06758720469642798,0.29257216771284233
2019-11-27,bull,19.031448364257812,24.0,1.483771223966167,-1.202954707299415,19,43.08142311365807,-0.6011696433292205,0,-0.018466901049913997,-0.0644418297928635,0.30891995959093843
2019-11-28,bull,18.980396270751953,30.8,1.4119409911002656,-0.7869340757168479,19,43.83954154727793,-0.48399558199931136,0,-0.009162016135953133,-0.05692673663080028,0.32474826638893783
2019-11-29,bull,18.68431282043457,62.6,1.1502504829612443,-0.5229895076373312,19,51.36700095510984,0.2016759350274352,0,0.017823366181225042,-0.03746829943483854,0.3644949178544097
2019-12-02,bull,18.79662322998047,54.0,1.1664476323312527,-0.799123206257669,19,50.62082139446036,0.07051745020470546,0,-0.009008767667961104,-0.026394431002662255,0.35634201819937483
2019-12-03,bull,18.79662322998047,47.4,1.21448645929862,-0.5861698930393746,19,47.76743075453677,-0.0969859151049498,0,-0.03705051038859675,-0.017421381809798353,0.3399597193014927
2019-12-04,bull,18.725149154663086,52.0,1.1651151179884496,-0.288445531429837,19,48.059933142311365,-0.019019963223945113,0,-0.028307985915985046,-0.0052261445554008246,0.34677562862807165
2019-12-05,bull,18.97019386291504,34.4,1.3255539298066736,-0.554717916686979,19,44.418576886341924,-0.3947406125911891,0,-0.05197366337400189,-0.005294974936770114,0.3237813378350456
2019-12-06,bull,19.000822067260742,20.0,1.3478687104787297,-0.3384629251816076,19,40.41308500477555,-0.6847569179819563,0,-0.08845468581655536,-0.0057886530314539275,0.30823518357888036
2019-12-09,bull,19.123340606689453,37.6,1.444167079288717,-0.6124852985581376,19,44.25143266475644,-0.40210463501921556,0,-0.10697349268482037,-0.0027872147780132472,0.32428518338766144
2019-12-10,bull,18.990612030029297,49.6,1.368531579340829,-0.596471947310179,19,47.415234001910214,-0.14796924935435596,0,-0.14180966298567277,-0.011360260331138794,0.32627205206622767
2019-12-11,bull,19.14375877380371,33.0,1.5116332648742656,-0.56911639324946,19,42.71131805157593,-0.5275500425708606,0,-0.17565747516425234,-0.028079945058421263,0.3112250535352601
2019-12-12,bull,19.572580337524414,46.8,1.7810298915273015,-0.4822565855488785,19,43.958930276981846,-0.45280676471152004,0,-0.215800811739299,-0.06283880331747205,0.2949747258462536
2019-12-13,bull,19.7869930267334,55.00000000000001,1.9546280839862056,-1.0308668910345815,19,47.13467048710601,-0.3515914247640154,0,-0.2695831525543029,-0.052749144189419006,0.2664530445727107
2019-12-16,bull,19.776782989501953,53.0,1.9611088320842591,0.0,19,39.780324737344785,-0.501873959135631,0,-0.21110516909978372,-0.0511938299097382,0.26871767323481266
2019-12-17,bull,20.042240142822266,53.6,2.2598252183434915,-0.1315840511252873,19,42.04871060171919,-0.6532382158174962,0,-0.2552164056282955,-0.06481281808192807,0.25880103990271697
2019-12-18,bull,20.052452087402344,63.2,2.2818273373120617,-0.0273264194251051,19,43.373925501432666,-0.5084483177362537,0,-0.2193218849338835,-0.06581450473021688,0.2597485461217548
2019-12-19,bull,19.940139770507812,62.4,2.0470084787256937,0.0,19,41.22492836676217,-0.3870288344274969,0,-0.18743375979589794,-0.05843820807669442,0.2780267325376473
2019-12-20,bull,19.79720115661621,52.6,1.9139651102501736,0.0,19,39.99522445081185,-0.48111950515427104,0,-0.1778394488717353,-0.04738003561850912,0.2861817623020906
2019-12-23,bull,19.838043212890625,61.2,2.036000594358723,-0.0144867860791747,19,43.85148042024832,-0.4001017674865004,0,-0.18590887973749837,-0.043496068782083896,0.30173212799571725
2019-12-24,bull,19.848251342773438,57.8,1.9324817634209284,-0.014835428408766,19,43.80969436485195,-0.39888690574733243,0,-0.194294459072476,-0.05354807710787801,0.308017335819031
2019-12-25,bull,19.878881454467773,51.8,1.9901665796019627,0.0,24,33.26170009551098,-0.8734669750208401,0,-0.1923537881758648,-0.046521584236200564,0.3284363783321831
2019-12-26,bull,19.878881454467773,55.2,1.9600696439453784,0.0,24,34.36007640878701,-0.7958621758226263,0,-0.1950054206098697,-0.04015808856793901,0.33110710451544145
2019-12-27,bull,20.011608123779297,48.4,2.1388265063608176,-0.0504954685667421,24,34.72421203438395,-1.0155290281439586,0,-0.1882286491814691,-0.03598851908424883,0.33660492157433497
2019-12-30,bull,19.97076988220215,60.2,2.0428800611004823,0.0,24,34.903295128939824,-0.7566603797436344,0,-0.17126060187566228,-0.022932189541313264,0.37070818929681537
2019-12-31,bull,19.79720115661621,69.6,1.9115395823761232,0.0,24,37.88204393505253,-0.5137269330347844,0,-0.15228025417568491,0.0026737486192649484,0.4073979942068138
2020-01-02,bull,19.940139770507812,56.99999999999999,2.1283631327839494,0.0,24,33.85864374403056,-0.863400621559715,0,-0.16205768761330186,-0.0008131523105731064,0.4090245080146342
2020-01-03,bull,19.940139770507812,71.6,2.1359672580054285,-0.6778502385568512,24,42.65759312320917,-0.5376889723552432,0,-0.1615289138251771,0.0060595677829073935,0.4068943952274149
2020-01-06,bull,19.68488883972168,75.2,1.7830380918388278,-0.0983576815863785,24,42.80085959885387,-0.32875414703835504,0,-0.1560119222316716,0.022317897561864752,0.4596602448842122
2020-01-07,bull,19.62363052368164,57.599999999999994,1.6158944030691331,-0.6933916766708365,24,42.0367717287488,-0.4758471895066336,0,-0.13027774683688498,0.01691433312397206,0.4506892885739462
2020-01-08,bull,19.531742095947266,77.8,1.470509753413013,-1.3127951467033052,24,49.426934097421196,0.03235317041223093,0,-0.12348770900108186,0.036810595983030936,0.4624070995086256
2020-01-09,bull,19.79720115661621,19.4,1.8207914490222137,-1.2779053770436402,24,34.77196752626552,-1.2061129145907654,0,-0.13950036779458608,0.0292980301914314,0.4417247181566242
2020-01-10,bull,19.86867332458496,19.2,1.9501525955480583,-1.8612089482036265,24,35.661413562559694,-1.2229579524829561,0,-0.11659794985210103,0.029839951532638187,0.4744826847354977
2020-01-13,bull,20.011608123779297,0.4,2.154218951413864,-2.157583465640565,24,29.984479465138488,-1.642280282479015,0,-0.12554158724784947,0.012475402326721063,0.4666040656715702
2020-01-14,B,20.134130477905273,1.6,2.30100900567369,-2.5148964364963815,24,30.712750716332376,-1.6691424783364976,0,-0.1559946051958856,0.017832940495068117,0.5083081480128566
2020-01-15,B,19.929931640625,3.5999999999999996,2.0946267581177835,-2.133908338385039,24,31.69770773638968,-1.5533607207289142,0,-0.1473470632281063,0.026674548742542825,0.49654216508642346
2020-01-16,B,19.86867332458496,4.3999999999999995,2.042187952525098,-1.8255822496873475,24,31.781279847182425,-1.541631677976272,0,-0.14153471851097454,0.054958060007639586,0.4809516874826665
2020-01-17,B,19.86867332458496,4.0,2.1139972576931503,-2.1504806527467193,24,31.894699140401144,-1.5559511623705797,0,-0.14153471851097454,0.05763015835698648,0.4509177244262621
2020-01-20,B,19.95035171508789,14.000000000000002,2.186227205775934,-3.3870424665933254,24,35.70319961795606,-1.2890342801719417,0,-0.12761218501816007,0.05223557395840994,0.4471527467726222
2020-01-30,B,18.81703758239746,100.0,0.4222481622678576,-6.235129644466647,27,68.55300859598853,1.3724837355634778,1,-0.07506993783517524,0.11165969813939358,0.503175951622348
2020-01-31,B,18.964624404907227,99.2,0.6065499203542363,-7.113473981116187,27,67.06661891117479,1.3445219374258077,1,-0.06948297407453041,0.1567593037260162,0.46687750335037226
2020-02-03,B,18.774873733520508,100.0,0.2366814072382983,-9.0918717873456,27,72.08691499522445,1.7901936436035284,1,-0.03986532758209249,0.17184346408943774,0.5111746999855031
2020-02-04,B,19.101667404174805,98.4,0.761159640445881,-9.270042366747363,27,66.78605539637059,1.4720116954854758,1,-0.0838852595290458,0.14012196978963587,0.5273533354468773
2020-02-05,B,19.154376983642578,98.0,0.8057039012079812,-9.618145443877935,27,66.54727793696276,1.4762723510283273,1,-0.08200332390332599,0.15361521786105126,0.5220178224151375
2020-02-06,B,19.4600887298584,95.6,1.2763044580767775,-9.050862005531895,27,61.676217765042985,1.095324409380454,1,-0.09534131730540496,0.13276399334254063,0.48918662733194607
2020-02-07,B,19.228166580200195,98.4,0.8982503570508518,-9.335506785837335,27,65.73543457497613,1.3982456263368213,1,-0.08059202287211398,0.12654664467567378,0.5212551768919593
2020-02-10,B,19.18600082397461,98.8,0.7840185054701534,-9.38242916832819,27,66.83978032473735,1.4777046591913032,1,-0.0730769192533246,0.14341211195159742,0.5896315634074594
2020-02-11,B,19.344127655029297,93.2,1.027745977053375,-9.156095171539112,27,62.786532951289395,1.2109816804938964,1,-0.07302442719279056,0.14504371668644933,0.5743936980607369
2020-02-12,B,19.53388214111328,91.2,1.3279303209744553,-9.265776695611832,27,60.10028653295129,1.010613545577942,1,-0.09282245166178782,0.1458795592000297,0.5424366638089788
2020-02-13,B,19.565507888793945,91.6,1.3624992127107896,-9.328196561466603,27,59.897325692454636,1.0040097053430108,1,-0.09159490857881014,0.13588675176285037,0.5393888707512147
2020-02-14,B,19.59712791442871,81.39999999999999,1.4143304411469826,-8.907496033461543,27,56.60219675262655,0.7484701273240701,0,-0.10381896452969808,0.14434876348223513,0.5335835505612465
2020-02-17,B,19.4600887298584,87.2,1.242967942204354,-8.48795824595438,27,58.91236867239732,0.9063448348038692,0,-0.09154937653213258,0.14367709460180644,0.5215236842907425
2020-02-18,B,19.196544647216797,92.8,0.8832177485826525,-7.491824107430464,27,62.70296084049665,1.1095491788252445,1,-0.08676570502432401,0.14223095432886113,0.5548467398041317
2020-02-19,B,19.417917251586914,82.0,1.1865168011679312,-7.072515021982251,27,56.84097421203438,0.6953268519989433,0,-0.08903352372521767,0.14014563608894237,0.4907443887534513
2020-02-20,B,19.333581924438477,80.4,1.065019410638416,-6.9607999039259045,27,57.30062082139445,0.7267384989764138,0,-0.08615021262553191,0.1478651370585018,0.497808533927103
2020-02-21,B,19.238712310791016,92.0,0.9243343851631808,-7.243726328220861,27,61.86723973256924,1.0444471707391967,1,-0.07397270405386303,0.16566788537614063,0.5271887745218273
2020-02-24,B,18.99625015258789,96.0,0.4405853984067133,-6.756792172999633,27,67.09049665711558,1.347546559085483,1,-0.0793561447726423,0.173838541791129,0.516410251673125
2020-02-25,B,19.0489559173584,96.4,0.4287253871871604,-6.102235891600059,25,68.09933142311365,1.4242759503622453,1,-0.07581610709533526,0.1622292430294603,0.5031012385028386
2020-02-26,B,18.859209060668945,99.6,0.0781123964642399,-5.572066745342922,25,71.40639923591213,1.6301257999140404,1,-0.055897468935259376,0.13282135494789116,0.5170737617617602
2020-02-27,B,18.69053840637207,100.0,-0.3744596914853548,-7.018841464598095,25,75.20296084049666,2.060146403823096,1,-0.048505366495819824,0.16804124815993093,0.5249596779337142
2020-03-02,B,18.41645622253418,100.0,-0.759986472921468,-6.938168701984501,25,76.25358166189112,2.278753160769155,1,-0.040068864185248465,0.18888404537629078,0.5541351601005311
2020-03-03,B,18.679996490478516,99.2,-0.2995587372282697,-6.514531447240503,25,73.99116523400191,1.9474744453401973,1,-0.04683991685265365,0.18120591425220578,0.5647354043385859
2020-03-04,B,18.80649757385254,98.8,-0.1237510588673596,-6.502440457006877,25,72.80921680993315,1.8354682690733852,1,-0.04820638820140444,0.17777761325254793,0.5605561083490593
2020-03-05,B,19.017330169677734,96.8,0.2247413391502165,-7.146003930131563,25,70.8989971346705,1.6642329171749708,1,-0.05432343906930781,0.16751208909270665,0.5392616942803001
2020-03-06,B,18.627288818359375,99.6,-0.3834961007838099,-6.219608123348787,25,74.23591212989494,1.9721797110367605,1,-0.017543710547053504,0.17998796649294957,0.5767347008989496
2020-03-09,B,18.10019874572754,100.0,-1.4191953181919803,-7.707484654675619,25,78.45033428844317,2.7504572496664945,2,0.020384380271824654,0.1944042166905504,0.6088636784426764
2020-03-10,B,18.195077896118164,99.6,-1.3378577386088613,-8.42751565705971,25,78.59360076408787,2.773162049597705,2,0.023754277102238763,0.20626710460895015,0.6088223433168813
2020-03-11,B,17.984243392944336,100.0,-1.6443296978718491,-8.739118435016398,25,79.46513849092646,2.99453302667636,2,0.04923775493765303,0.21627549615157537,0.6023445095479092
2020-03-12,B,17.320110321044922,100.0,-2.9051193422382715,-13.76997171635456,25,83.34527220630373,4.28083976613168,2,0.09068779302447849,0.26659156988108657,0.6713029332676705
2020-03-13,B,17.07765007019043,100.0,-3.5524660964604267,-20.92651791857281,25,85.63753581661892,5.434853199239514,3,0.11666650099786602,0.2752475063960256,0.6975727212507763
2020-03-16,B,16.29755973815918,100.0,-4.360864899813624,-22.680778778723585,25,86.18672397325693,6.100816379278844,3,0.1520052102991183,0.33433302729262815,0.7508673006332058
2020-03-17,B,15.781014442443848,100.0,-4.706350099784495,-25.861629512746624,25,86.55682903533906,6.647794282645474,3,0.17902452640695232,0.3860829185247667,0.8143643005964674
2020-03-18,B,15.348801612854004,99.6,-4.849074781144306,-28.116534976175085,25,86.54489016236867,6.968251946024981,3,0.19505504559509412,0.41542879706183244,0.8993862766424439
2020-03-19,B,14.452753067016602,100.0,-5.503640849687802,-36.22190695677735,25,87.9178605539637,8.235960576237423,3,0.29686337209110514,0.5164077939611251,1.0336602042519836
2020-03-20,B,15.601801872253418,100.0,-4.154289249190961,-36.66295647368512,25,87.9297994269341,7.487958476736324,3,0.20270298768160133,0.40540738125910214,0.8901432944114109
2020-03-23,B,14.927131652832031,100.0,-4.52247385645882,-37.30554882155049,25,88.03724928366763,7.774394043870774,3,0.25564954570057474,0.4874232633403339,0.9588557082465938
2020-03-24,B,15.654510498046875,98.0,-3.6431720222096646,-37.10878538286984,25,86.92693409742121,7.1994975585035395,3,0.19663338479863235,0.42373717510093245,0.8816999923971718
2020-03-25,B,16.20268440246582,97.2,-2.923748965216688,-37.91614623212397,24,87.3627029608405,6.915025713009119,3,0.15875081357896703,0.3965401248494238,0.8454924517411855
2020-03-26,B,16.276477813720703,97.2,-2.69357457054226,-38.13994046851066,24,87.25525310410697,6.803462782392372,3,0.15867875571771783,0.3752039300821861,0.8431247115799945
2020-03-27,B,16.149974822998047,98.0,-2.682818029344487,-37.77831306421845,24,87.44627507163324,6.772178593645461,3,0.17493473078234012,0.3846607358857752,0.8535309861373921
2020-03-30,B,15.991846084594727,96.8,-2.7216741049108233,-36.996578521047105,24,87.0702005730659,6.68959800811568,3,0.17468712180205626,0.38706465976482574,0.8610036123326685
2020-03-31,B,16.055103302001953,97.0,-2.5334893763937267,-36.885019991787885,24,87.02841451766953,6.570123065256564,3,0.18056446226657852,0.3637427653680465,0.8536712453035331
2020-04-01,B,16.002391815185547,95.2,-2.5413393487418863,-36.83902821377112,24,86.28223495702005,6.538098010019483,3,0.19235822949173653,0.3662442838749911,0.8699475629038953
2020-04-06,B,16.244850158691406,92.8,-2.2560537837969035,-35.991919221388855,24,84.95105062082139,6.236216320169936,3,0.18754065408161114,0.3131703960793615,0.8573994537970031
2020-04-07,B,16.55056381225586,92.0,-1.953113295709141,-35.91403895899054,24,84.10339063992359,6.0351084000115796,3,0.17898076605270186,0.29148042320261847,0.8257126499119192
2020-04-08,B,16.78247833251953,92.4,-1.7169429767373396,-35.28962121348543,24,83.72134670487105,5.835514249176323,3,0.1827891865893414,0.2945129660096568,0.8037157574647238
2020-04-09,B,16.70868682861328,91.2,-1.7201732168722184,-34.620386032763555,24,83.33930276981853,5.744068907252136,3,0.19242916000202737,0.3034076759293547,0.808434979071168
2020-04-10,B,16.71923065185547,90.8,-1.641014064598935,-34.17984480287726,24,82.98113658070679,5.6428103623006525,3,0.1998738947250256,0.3083015008969059,0.7910711441834826
2020-04-13,B,16.613811492919922,90.8,-1.702683364240475,-33.233102811709294,24,83.04083094555874,5.577000149576138,3,0.2112942403938638,0.31724226449648474,0.8011299567345875
2020-04-14,B,17.067108154296875,88.8,-1.3495181480557787,-32.32951288036815,24,81.69173829990449,5.236042397687824,2,0.16924032865150962,0.29718833537473954,0.7691851212774137
2020-04-15,B,17.11981201171875,88.0,-1.1745191915359543,-31.90716781889999,24,81.01122254059217,5.073196599174559,2,0.18288198195307515,0.30001764762505756,0.789722642615984
2020-04-16,B,17.035484313964844,88.0,-1.265775226708907,-30.572084622629948,24,80.99928366762177,4.982921818428896,2,0.19616324245647432,0.3239051671051896,0.7992190561495829
2020-04-17,B,17.552026748657227,87.6,-0.9414174783079962,-31.19712694625725,24,80.29489016236867,4.852086880048902,2,0.16576586092393897,0.29522825610115366,0.7357606785334607
2020-04-20,B,17.499319076538086,88.4,-0.9510100547758356,-30.174161376563035,24,80.42024832855779,4.761429917316975,2,0.15783139319363948,0.29973613257264575,0.7434690659066914
2020-04-21,B,16.993314743041992,92.4,-1.362505754114331,-29.794333754750745,24,82.51552053486151,5.033486417378191,3,0.20595549123391255,0.33343917670691514,0.7653753213884091
2020-04-22,B,16.993314743041992,91.6,-1.3206292986006296,-28.539678155747588,24,81.95439350525311,4.859309706068806,3,0.20409430902740722,0.32094191398716254,0.7500520518181322
2020-04-23,B,17.05656623840332,89.60000000000001,-1.2243327005096372,-27.53384649595663,24,80.97540592168099,4.658772058101165,2,0.22888843935283365,0.31044065380434427,0.7270235915850876
2020-04-24,B,17.05656623840332,89.2,-1.2382465925645625,-25.876568136680657,24,80.73662846227316,4.481081858452726,2,0.23200108514872664,0.32724927657683445,0.7422899254832485
2020-04-27,B,17.404443740844727,86.0,-0.9209828775937348,-23.844926477359795,20,83.59001910219675,4.28509392224393,2,0.20615574391111124,0.2933994860898279,0.738011347141861
2020-04-28,B,17.404443740844727,84.39999999999999,-0.8459340100162088,-24.062201603451943,20,83.05276981852913,4.2361229832703735,2,0.20188514095597987,0.29278918077388116,0.7261671061763577
2020-04-29,B,17.64690589904785,84.0,-0.6211085122142598,-24.149838537206456,20,82.36031518624642,4.105977637640482,1,0.24313609691937832,0.27683204855653254,0.638508544204367
2020-04-30,B,18.02640724182129,86.0,-0.3093025641115705,-24.018097663588716,20,81.79918815663801,3.9431256896004943,1,0.22049905888554577,0.24995151321618003,0.557668905682122
2020-05-04,B,17.499319076538086,92.4,-0.6859788926105012,0.0,20,64.36843361986628,1.6858874534590087,1,0.24451874795020156,0.28760067241560283,0.5810263962253519
2020-05-05,B,17.583654403686523,89.2,-0.60446221556638,-23.88459955780308,20,83.62583572110792,4.1590876830248105,1,0.25666600751347857,0.2741781854861409,0.5913372084887794
2020-05-06,B,17.604738235473633,88.8,-0.5985901201189823,-23.958915546464677,20,83.44675262655204,4.156603252541121,1,0.25214516260266984,0.26662096762572896,0.5592329668417597
2020-05-07,B,17.678529739379883,85.6,-0.4977764196720478,-23.02404033438781,20,82.2528653295129,3.9399330348195694,1,0.22529570408434196,0.24751924257288627,0.623916710119639
2020-05-08,B,17.783946990966797,81.6,-0.410035911093923,-22.74599285285177,20,80.90974212034384,3.787770661431353,1,0.23355663021200335,0.2299741202993164,0.6033089122481878
2020-05-11,B,17.931533813476562,79.60000000000001,-0.2478769341165397,-22.317998128803907,20,79.75764087870105,3.6107590578962316,1,0.23524691510354745,0.2245879500766279,0.5792215917648731
2020-05-12,B,17.720699310302734,79.2,-0.4326456218015107,-21.451809065588705,20,80.22325692454632,3.6191811895910324,1,0.2631260124317196,0.25353884239700775,0.6206645319269166
2020-05-13,B,17.773406982421875,77.2,-0.3425700554265501,-21.198460665785134,20,79.35171919770774,3.503518795549662,1,0.2504187421338293,0.26834159227608567,0.6134164464568106
2020-05-14,B,17.56257438659668,85.6,-0.5580984726257309,-22.021009005689457,20,82.31255969436485,3.8672537751099823,1,0.2769169600667778,0.28235829722192385,0.6605848250953779
2020-05-15,B,17.678529739379883,82.39999999999999,-0.5003229894874045,-22.098431572203296,20,81.33954154727793,3.7852057445757956,1,0.2589314873669182,0.28175543750157117,0.6509207768431209
2020-05-18,B,17.530942916870117,85.2,-0.5973262259765735,-21.502723009084452,20,82.12750716332378,3.827407944524172,1,0.25075346010662525,0.3095055597908578,0.6530601942301075
2020-05-19,B,17.689071655273438,74.8,-0.4180568441769909,-21.053044638046277,20,79.03533906399237,3.490080365974742,1,0.2515780391297635,0.28579372295175154,0.6658842065401447
2020-05-20,B,17.66798973083496,73.2,-0.3444114208873218,-20.517336986498755,20,78.32497612225406,3.360675781073874,1,0.256076384671895,0.3071607121362523,0.6838383200467661
2020-05-21,B,17.81557273864746,71.2,-0.1946382755333628,-19.810032799390587,20,77.00573065902579,3.1608242712500507,1,0.2587835050641343,0.2969283948777426,0.6771976976370941
2020-05-22,B,17.488780975341797,74.0,-0.4695538955833631,-19.61149295828682,20,78.68314231136581,3.350788561699814,1,0.2750191457056361,0.326626937827879,0.7085374687621262
2020-05-25,B,17.604738235473633,72.0,-0.3767755007402522,-18.7782114655186,19,79.18457497612225,3.2376134098875236,1,0.25757357594345276,0.3607126710179347,0.6960513233382661
2020-05-26,B,17.80502700805664,71.2,-0.1901934581060752,-18.78669759016846,19,78.09216809933142,3.1144329005701197,1,0.19989229736553837,0.35494788302298397,0.669050179315138
2020-05-27,B,17.783946990966797,71.2,-0.1584818324395601,-18.890313985420175,19,77.91308500477554,3.1069173852769305,1,0.22758574460714454,0.36551017759716675,0.6752997401304817
2020-05-28,B,17.678529739379883,71.2,-0.2512121609989553,-19.040043886669487,19,78.47421203438395,3.177751399272904,1,0.23850972327011055,0.37125011099253924,0.6754697910945089
2020-05-29,B,17.80502700805664,70.8,-0.2461653456005356,-18.392528878676902,19,78.16380133715377,3.0978542964823212,1,0.23925239331450943,0.3597188719139939,0.6513788701014529
2020-06-01,B,17.899904251098633,68.8,-0.0447041210142789,-18.451424855313643,19,76.74307545367718,2.9502141984087125,1,0.2374296261843074,0.36971465805265047,0.6680837596919669
2020-06-02,B,17.984243392944336,67.2,0.0303654766385742,-18.40936090780725,19,75.90138490926456,2.8732434261933397,1,0.23457864699923836,0.35679674126090544,0.6662938068324453
2020-06-03,B,18.30049705505371,66.0,0.3084080235316039,-17.818426140354372,19,73.82999044890163,2.62440516169888,1,0.20105899790207782,0.32232534710978356,0.6463911286309121
2020-06-04,B,18.469160079956055,65.60000000000001,0.4150813311966748,-17.5174786018588,19,72.83309455587393,2.5219886318076306,1,0.17054341460261058,0.3205985773857478,0.6295932969808717
2020-06-05,B,18.627288818359375,65.2,0.5402011944764271,-17.142916175548446,19,71.32282712511939,2.4007512675690394,1,0.17827796336374613,0.3071075512099859,0.6111003368398977
2020-06-08,B,18.869747161865234,64.60000000000001,0.7271458242745046,-17.376074974266267,19,69.42454632282713,2.3051245453906932,1,0.15919913330210633,0.2751190668482597,0.5869492747631653
2020-06-09,B,18.890832901000977,65.2,0.7631678701280381,-17.44689948071073,19,69.37679083094557,2.3020920488513927,1,0.16127784502733533,0.28493774936928506,0.5472717383479413
2020-06-10,B,19.070039749145508,65.2,0.8784087907448558,-17.092527356586963,19,68.30229226361031,2.1959006408800015,1,0.14201286172411365,0.2851124198142605,0.5344381729778571
2020-06-11,B,18.774873733520508,68.4,0.614912004291014,-18.310075913587163,19,71.83619866284623,2.538997281550747,1,0.15826995864555893,0.30531609830342865,0.5839885665998303
2020-06-12,B,18.606203079223633,72.39999999999999,0.4647499157326889,-18.07252051145895,19,74.07473734479466,2.6723210952762804,1,0.17561839256119605,0.3388353614025368,0.5942660842240126
2020-06-15,B,18.342662811279297,83.6,0.2915551996692939,-17.54823098830267,19,77.91905444126074,2.915041829062087,1,0.18440468686277134,0.370806807809386,0.6201291942320335
2020-06-16,B,18.74324607849121,69.6,0.5855179871313622,-17.166022356156947,19,72.11079274116523,2.4539901316826525,1,0.16928878291629101,0.3602046187901953,0.5883981850151712
2020-06-17,B,18.764333724975586,68.8,0.6194126769203809,-16.179252360499632,19,71.40639923591213,2.3134295429552303,1,0.16854069180309028,0.35867599994511035,0.5912389972875349
2020-06-18,B,18.74324607849121,66.0,0.6396894642684445,-15.349337553997824,19,70.02148997134671,2.162614677390034,1,0.18458471827060907,0.3437756662632485,0.6086584736791278
2020-06-19,B,18.732709884643555,63.6,0.6434039495682113,-14.383169406724186,19,68.95893027698186,2.01390314614376,0,0.1897856045028501,0.3462320550108513,0.6020336339204395
2020-06-22,B,18.774873733520508,64.2,0.6790333227486145,-13.90089615621671,19,68.43958930276982,1.9514124254535692,0,0.20521177502867127,0.33755299594928245,0.5984358518530257
2020-06-23,B,18.859209060668945,63.6,0.7383500460156298,-13.628379659261205,19,67.77698185291308,1.8764652327841445,0,0.18687248151913027,0.31805866647680037,0.6062455443185377
2020-06-24,B,18.97516632080078,60.4,0.8096318062308523,-13.253216389525123,19,66.42191977077364,1.7376110753720364,0,0.17850013248292296,0.33462633181524115,0.5981454200110732
2020-06-29,B,18.785415649414062,69.39999999999999,0.6477548752191681,-12.3700249296738,19,69.56184336198663,1.8961939301757411,0,0.18079498278398298,0.3407591536493977,0.6056244674568949
2020-06-30,B,18.954084396362305,57.99999999999999,0.7647237991349125,-11.819210658179944,19,65.80706781279846,1.5670796001112879,0,0.15516162730308003,0.3243465417862361,0.5896191749974011
2020-07-01,B,19.080583572387695,57.599999999999994,0.8845730715367239,-11.882415600621211,19,64.756446991404,1.496193273788931,0,0.14583373526710708,0.3283659150430125,0.5665706790503253
2020-07-02,B,19.291419982910156,54.400000000000006,1.0297022229186206,-11.015052894588443,19,62.72086914995225,1.2606798245781587,0,0.10578984522842005,0.2989866782147186,0.5635097377366214
2020-07-03,B,19.51279640197754,54.400000000000006,1.176702422351574,-10.85842065550223,19,61.34789875835722,1.1571025160327468,0,0.09542111320999092,0.285882022320894,0.5585606517876998
2020-07-06,B,19.850133895874023,57.599999999999994,1.464638104763658,-9.9394099533871,19,59.849570200573055,0.9444902632140846,0,0.09445789722044973,0.27098350399584437,0.5359000467657591
2020-07-07,B,19.923925399780273,57.2,1.4259059287670657,-9.617818500457044,19,59.86747851002865,0.9255793082941857,0,0.09306927375638718,0.2678750224370865,0.544369906781385
2020-07-08,B,20.06096839904785,56.39999999999999,1.5271718747723677,-7.064705782013038,19,57.145415472779376,0.5762574058127174,0,0.09036583481694005,0.27032908732639416,0.5132678407165048
2020-07-09,B,20.12421417236328,55.60000000000001,1.5521134729142907,-5.824479417021745,19,55.599331423113654,0.4136229510239117,0,0.08746679425155279,0.26528165791605707,0.4912597844882003
2020-07-10,bull,19.955551147460938,65.60000000000001,1.3817556134709803,-6.974572958247278,19,59.91523400191022,0.8142419936486102,0,0.10942832161014593,0.2940668997795546,0.491902570486318
2020-07-13,bull,20.250717163085938,53.6,1.566379625004672,-5.162854754486998,19,54.48901623686723,0.2985982631861744,0,0.0990256572160968,0.28202160115917474,0.4685456854570429
2020-07-14,bull,20.377220153808594,54.0,1.5563908017117298,-5.089780415425108,19,54.5367717287488,0.3036439811370893,0,0.10679305308394271,0.29594856831991523,0.46957092467172834
2020-07-15,bull,20.4615535736084,56.00000000000001,1.5413433145028208,-5.479768462567101,19,55.45606494746896,0.3898146081872139,0,0.11105351384591744,0.2932019183524741,0.46351400718156377
2020-07-16,bull,20.261260986328125,49.2,1.4722251674247866,-4.412354342004832,19,53.42048710601719,0.19565523345253943,0,0.12256079789613517,0.32013569762065064,0.46509693924427764
2020-07-17,bull,20.493181228637695,48.0,1.496802157599571,-5.461442387532189,19,53.71895893027698,0.2732539990479408,0,0.10571176664452486,0.3357661516135628,0.4479857234453637
2020-07-20,bull,20.4615535736084,48.8,1.47849751981531,-5.530727977617889,19,54.17263610315186,0.30560844993844977,0,0.09704190451173011,0.36170213559286957,0.4273649443820775
2020-07-21,bull,20.960617065429688,52.0,1.769796480451238,-4.280448527584109,19,52.35792741165234,0.05526296527694574,0,0.06636258576446386,0.34042550093726676,0.41673303365060876
2020-07-22,bull,21.013708114624023,52.400000000000006,1.8578134420477308,-3.500206716079179,19,51.36700095510983,-0.0737939246123166,0,0.07731177559523772,0.3350176337347801,0.40849478113156334
2020-07-23,bull,20.992469787597656,54.0,1.7647649660563338,-2.137455967098403,19,50.668576886341924,-0.13782869322226432,0,0.07233207039732514,0.3687407891987171,0.42909159466114244
2020-07-24,bull,20.918142318725586,69.6,1.6105319485759757,-2.9662903771952704,19,55.77841451766953,0.3172044683982118,0,0.07563454836091599,0.3609138980832818,0.4398894296056097
2020-07-27,bull,21.9375057220459,68.4,1.974376171241591,-1.8482981404428809,19,52.07736389684814,-0.039103372778421686,0,0.027105601486962172,0.3020330874799626,0.3809161374563528
2020-07-28,bull,22.00121307373047,76.8,1.955133420110164,-2.633400684118782,19,55.348615090735436,0.20485726339189608,0,0.02413148467113757,0.29729729729729737,0.3744454689616932
2020-07-29,bull,21.778230667114258,76.4,1.879401576946812,0.0,19,45.45128939828081,-0.04172619753736895,0,0.03461733665029931,0.345197194095497,0.38652030795060277
2020-07-30,bull,22.09678077697754,71.2,2.0979345865213217,0.0,19,43.099331423113654,-0.26212612093448084,0,0.013935427446878368,0.3282073135983472,0.3625937056784345
2020-07-31,bull,22.04368782043457,70.8,1.996436523195365,0.0,19,43.433619866284616,-0.20932346046537098,0,0.011560804174629569,0.3776493888117416,0.3584737049266342
2020-08-03,bull,21.661426544189453,75.2,1.7802064333157976,0.0,19,45.61843361986628,-0.004365883132796511,0,0.018137285893083055,0.3769168427868843,0.3779276885989096
2020-08-04,bull,21.9375057220459,64.0,2.008596412889386,0.0,19,41.73829990448901,-0.33621143966622025,0,-0.0029042119550450884,0.3412894638480257,0.3581074272375486
2020-08-05,bull,22.149871826171875,62.0,2.100161689739846,0.0,19,40.84288443170965,-0.42541108831130414,0,-0.008629015702521503,0.30148880831956704,0.33231802669304655
2020-08-06,bull,22.38347625732422,67.60000000000001,2.2114421310550716,0.0,19,41.845749761222535,-0.3924323026592883,0,-0.007590034517819144,0.28984461357391855,0.3154975361700867
2020-08-07,bull,22.224201202392578,63.2,2.079196205026016,0.0,19,41.260744985673355,-0.3919227359268719,0,0.014333478488711027,0.2727259853815891,0.3151367307015296
2020-08-10,bull,22.425949096679688,63.2,2.1331151856275654,0.0,19,41.02196752626551,-0.4237142465311511,0,0.004261308546533504,0.24047284594820595,0.3086407698949518
2020-08-11,bull,22.256057739257812,61.6,1.9671228367267364,-1.1303064211624545,19,48.47779369627507,-0.23202993823322549,0,0.018129620526363688,0.2748041236194554,0.2883283010175013
2020-08-12,bull,21.92688751220703,57.4,1.8117970585698897,-0.2695735053630153,19,45.469197707736384,-0.3072804128733915,0,0.04697336570168198,0.3305579921510118,0.2972511143872254
2020-08-13,bull,22.139253616333008,48.4,1.9064784269076511,-0.9579130170576652,19,45.612464183381086,-0.4472718928016767,0,0.02733803466684237,0.3168150856203551,0.32018286696914755
2020-08-14,bull,22.192344665527344,48.4,1.926176898346453,-0.3659074013365155,19,42.96203438395415,-0.5227750800461916,0,0.04066976187734106,0.30584236771584106,0.3209456149367693
2020-08-17,bull,22.425949096679688,44.0,2.098649858213411,0.0,19,36.89708691499523,-0.7414210962297966,0,0.030302978756990395,0.3043348946422655,0.31979690509741054
2020-08-18,bull,22.29853057861328,46.2,1.9755220531742983,-0.3757485893595702,19,42.32927411652339,-0.5895401316672882,0,0.040476091905021105,0.36774359986765726,0.3366069470385906
2020-08-19,bull,22.139253616333008,45.6,1.8436930714364008,-0.7327783830668771,19,44.406638013371534,-0.483844699507996,0,0.08201436245756466,0.37562327991457134,0.3575231889807704
2020-08-20,bull,21.36411476135254,77.60000000000001,1.334196160019149,-4.383273773328037,19,60.828557784145175,0.773901042491972,0,0.129224586238184,0.4102983595407854,0.420523921678422
2020-08-21,bull,21.83131980895996,62.4,1.6158761038726956,-3.6619330332897215,19,54.57258834765997,0.26236595553856334,0,0.11235421525211775,0.3796199844153789,0.39859446601791615
2020-08-24,bull,21.895030975341797,56.8,1.6491540189621472,-3.2668986732785017,19,52.990687679083095,0.10152149612671524,0,0.10717750957331718,0.37263258689422063,0.40098300401888554
2020-08-25,bull,22.064922332763672,56.00000000000001,1.7640508108979054,-2.573370875256879,21,49.367239732569246,-0.18848618554135904,0,0.09720899410755557,0.34190301938716705,0.379350460142454
2020-08-26,bull,22.149871826171875,49.6,1.8344903227103977,-1.764960679786446,21,45.89899713467049,-0.4299373376360142,0,0.10690307478434358,0.3475330735305666,0.39370366364612086
2020-08-27,bull,22.20296287536621,52.0,1.7726320037091947,-0.996628653921776,21,44.884192932187204,-0.43412875737621687,0,0.09899579468568476,0.3037517265859313,0.3967402607409989
2020-08-28,bull,21.979976654052734,56.8,1.672923640727012,-0.7438559472361792,21,45.409503342884435,-0.3181110124296774,0,0.10096618852156714,0.3174720088914822,0.4044763558807405
2020-08-31,bull,21.618953704833984,62.4,1.494150769749375,0.0,21,41.69054441260745,-0.1943882431523007,0,0.12819273587906999,0.35904567253526776,0.41535170581861247
2020-09-01,bull,21.948123931884766,51.6,1.6085202710293247,0.0,21,38.6341929321872,-0.4519632120170291,0,0.10933717836702739,0.3124633596989972,0.3906558694264377
2020-09-02,bull,21.873794555664062,42.0,1.587757061631798,0.0,21,36.580706781279844,-0.6087349695294588,0,0.1000000174395772,0.30898684079270544,0.4117914910210594
2020-09-03,bull,21.9375057220459,40.8,1.6400161709958128,0.0,21,35.99570200573066,-0.6606745535361023,0,0.10648606177364806,0.3041961832866136,0.402733070117117
2020-09-07,bull,21.74637222290039,57.2,1.4257662641178264,0.0,21,41.30253104106972,-0.2456169187724327,0,0.12695325347971576,0.3161580169106113,0.4080592301165422
2020-09-08,bull,21.873794555664062,45.6,1.4803089116448298,0.0,21,38.15066857688634,-0.48200150568322314,0,0.13883499090700457,0.3362680072353317,0.39339212679828206
2020-09-09,bull,21.725135803222656,43.6,1.398601116033355,0.0,21,38.26408787010506,-0.4690365240042062,0,0.15738043171743366,0.3509050038331103,0.40693224051353494
2020-09-10,bull,21.91626739501953,33.6,1.4712369381890065,-0.1257282841005475,21,39.01026743075454,-0.6743516585443627,0,0.16327517946229375,0.33565845543197836,0.36190524014928593
2020-09-11,bull,21.92688751220703,33.6,1.4268006476353854,-1.1405543766794315,21,43.04560649474689,-0.5386322914756545,0,0.16271175618936806,0.3394647392259085,0.36918297871155925
2020-09-14,bull,22.20296287536621,20.4,1.524803255209561,-0.5922825813585745,21,37.786532951289395,-0.8879795313947325,0,0.13438544794419127,0.3115705547075287,0.3683252457939341
2020-09-15,bull,22.28790855407715,19.2,1.5565454895544308,-0.9471944388725012,21,38.75358166189112,-0.889520302573954,0,0.1314912955039258,0.313386932948051,0.36652642473442887
2020-09-16,D,22.62769889831543,20.4,1.668018355052311,-0.8976744292604748,21,38.132760267430754,-0.9394639114299397,0,0.10980744103455398,0.273525593059883,0.3363916391472248
2020-09-17,D,22.38347625732422,21.2,1.5067083193935684,-0.2208653267528966,21,36.73591212989494,-0.9033089293488998,0,0.11053098542630213,0.29323751374901286,0.3218150094398242
2020-09-18,D,22.36223602294922,19.6,1.473693925719723,0.0,21,32.843839541547275,-0.9358476809372367,0,0.1324787287069571,0.296406713195861,0.33328539850559347
2020-09-21,D,22.181724548339844,32.0,1.343865260307937,-0.1982200181050984,21,39.9116523400191,-0.6195970187968745,0,0.1354715875301773,0.2864132526519372,0.31373196285482274
2020-09-22,D,21.895030975341797,38.4,1.141300550509454,-0.7302115114942547,21,44.561843361986625,-0.3300735211388988,0,0.1464599502652688,0.3077172288001484,0.32298514317333926
2020-09-23,D,21.863176345825195,31.6,1.0434468397661327,-0.4495616992415438,21,42.7531041069723,-0.422383130551846,0,0.15930075556149959,0.33344316878865454,0.32292251994115473
2020-09-24,D,21.332256317138672,50.0,0.6560187153893409,-0.9814457669869008,21,52.071394460362946,0.18739486459547308,0,0.1747138787898621,0.37781903223516355,0.3563576838349227
2020-09-25,D,21.37472915649414,44.0,0.5970137384184359,-3.465427951950378,26,50.82378223495702,0.051286869856220746,0,0.173870036659036,0.37964981795409347,0.3775803965443669
2020-09-28,D,21.725135803222656,34.8,0.8331149552388817,-3.3787767749597464,26,46.78247373447946,-0.2592453977109263,0,0.16129045002435416,0.34591089835954114,0.34384570703940254
2020-09-29,D,21.778230667114258,32.800000000000004,0.8134399280571999,-3.2890642849481857,26,46.26313276026743,-0.2925376294697057,0,0.1599219307299442,0.3525934560715849,0.3270837922187342
2020-09-30,D,21.873794555664062,34.0,0.841813762295102,-3.4735242858265334,26,46.537726838586444,-0.26823380778970896,0,0.16504850643973823,0.36702078309281827,0.316810147880638
2020-10-05,D,21.884414672851562,52.6,0.8539501723425922,-2.651911349790692,26,49.814947468958934,-0.036592481253237386,0,0.16351291331785922,0.37081932162287856,0.31965054799936143
2020-10-06,D,22.139253616333008,28.6,1.0064725965126435,-2.523735394061448,26,43.00978987583572,-0.5628900215507158,0,0.16642677545984896,0.3520997265093784,0.3388531141273048
2020-10-07,D,22.256057739257812,26.8,1.030157960152817,-2.1633287156621637,26,41.95319961795606,-0.6474401633161978,0,0.16650743569228288,0.3372037258334002,0.32791656639743083
2020-10-08,D,22.55336570739746,25.0,1.164320697402887,-2.532577350897227,26,41.004059216809935,-0.718385903644827,0,0.17090414030781442,0.31957614297618187,0.3210218750811349
2020-10-12,D,22.7338809967041,30.0,1.215708014000478,-3.167030024901709,26,42.29345749761222,-0.5921870441291868,0,0.1639420624089014,0.31625715731412973,0.3071832347087251
2020-10-14,D,22.6595516204834,36.0,1.122897817214123,-2.0687547385276677,26,43.00978987583572,-0.5503555929568267,0,0.20805999529803154,0.3335027197932414,0.31051130665141646
2020-10-15,D,22.447181701660156,38.8,0.997114041487656,-1.6357181544449837,26,43.68433619866285,-0.4736285221410276,0,0.2412489714318926,0.34853546516429734,0.3219402881588147
2020-10-16,D,22.35161781311035,36.2,0.8875474605741798,-2.3993898935365467,26,45.421442215854825,-0.37238624495626216,0,0.25700724953354404,0.35187412239513227,0.3387854524633096
2020-10-19,D,22.638315200805664,26.4,1.045023287899229,-2.4813416753519877,26,42.13825214899713,-0.6289276197133762,0,0.23921195700024178,0.32277209270505325,0.32183073262214146
2020-10-20,D,22.51089859008789,38.8,0.9720095995333128,-2.075247951257896,26,44.806590257879655,-0.4113929226046563,0,0.2764150462193724,0.32929538355326127,0.32544686182924965
2020-10-21,D,22.500276565551758,34.4,0.9649748413513995,-1.5523889089010643,26,42.80085959885387,-0.5411363220252687,0,0.26521958611043406,0.34197789622031727,0.31301978320070356
2020-10-22,D,22.532135009765625,34.4,0.9858869653398604,-1.5458384872481026,26,42.64565425023878,-0.5541733663698805,0,0.26767207344111665,0.35982298976207217,0.3179220961273572
2020-10-23,D,22.532135009765625,33.0,0.9419743359868904,-1.037215567486102,26,41.23686723973257,-0.6078197219611177,0,0.26672924005834764,0.36030464912173765,0.3155082124190576
2020-10-26,D,22.532135009765625,42.4,0.929985681515895,-0.4075029705574215,27,40.10864374403056,-0.5698826710053339,0,0.30018814342579847,0.35211855626119926,0.3188873618001633
2020-10-27,D,22.404708862304688,52.400000000000006,0.870403454311568,0.0,27,38.43123209169054,-0.402672988099535,0,0.30995256467447385,0.3617459468846944,0.3220186914933103
2020-10-28,D,22.29853057861328,52.8,0.7587655988137273,-0.3606448523569417,27,43.72015281757402,-0.2908868060972132,0,0.36190467555315897,0.34536122773601097,0.3473388423700856
2020-10-29,D,22.054306030273438,64.8,0.5938216770366438,0.0,27,43.48137535816618,-0.021286000870461133,0,0.3523881915188767,0.3484525558151619,0.3731095422495989
2020-10-30,D,21.873794555664062,75.2,0.4480434091422826,-0.6363200486695688,27,52.57282712511939,0.3164368515677368,0,0.3451961987302592,0.3466841434481951,0.39935942689364157
2020-11-02,D,21.958740234375,73.8,0.4819776338426218,-0.7518748991949205,27,52.50119388729704,0.28425135431555587,0,0.312817127931023,0.35333280522108446,0.3919648242498026
2020-11-03,D,22.213584899902344,67.2,0.6277780869512641,-0.848950812839605,27,49.95224450811843,0.09256417984513009,0,0.2997094531867417,0.3617397123691304,0.3637535680810997
2020-11-04,D,22.54275131225586,53.6,0.7578424916306028,-0.7652358019930562,27,45.57664756446991,-0.2325949740372239,0,0.25474117967383414,0.33271125030819304,0.34818274874112576
2020-11-05,D,22.521512985229492,25.2,0.7964984770444618,-1.2442325673993198,27,40.401146131805156,-0.70369432735132,0,0.23520923826443263,0.2838660579031127,0.36152897429563047
2020-11-06,D,22.6595516204834,25.0,0.8394923200398863,-1.530403135302734,27,40.872731614135624,-0.7016820871780503,0,0.25210395407256025,0.23917606632452126,0.3556347989765434
2020-11-09,D,22.956867218017578,12.0,0.993876667401935,-1.2230871556826406,27,36.39565425023878,-1.054748086077793,0,0.27086135687823454,0.2051681578862099,0.3423425204864403
2020-11-10,bull,22.744497299194336,8.799999999999999,0.922084032250562,-1.5728835155539644,27,37.25525310410697,-1.0310063360559534,0,0.2817739061392657,0.23025464778177862,0.3625282785674435
2020-11-11,bull,23.09490203857422,11.4,1.1043932809467918,-0.8300452146264045,27,34.163085004775546,-1.1728905533296226,0,0.25480956164243285,0.18856915623725046,0.34515211778949784
2020-11-12,bull,23.10552215576172,3.5999999999999996,1.0366702987023868,-1.0552906997396103,27,33.26766953199618,-1.2459756569442006,0,0.26597216695993753,0.24249344639749149,0.3412387109470836
2020-11-13,bull,23.201087951660156,3.2,1.072483837179444,-0.5599711270098071,27,30.86795606494747,-1.3275885441959736,0,0.3145363074738583,0.22895791632590856,0.3230553437292112
2020-11-16,bull,23.95499038696289,4.8,1.3598373459462902,0.0,27,24.653772683858644,-1.5292793643127347,0,0.27135399274196037,0.18212802068648015,0.27596770014668004
2020-11-17,bull,24.1248836517334,5.6000000000000005,1.3799115822052004,-0.6046175147471764,27,29.906876790830943,-1.4617812439583988,0,0.24890865530917106,0.19044341385190067,0.26653129762712036
2020-11-18,bull,24.284160614013672,14.000000000000002,1.553718537689114,-0.0340021403472573,27,28.474212034383953,-1.4779535703960558,0,0.2402703792538643,0.18084819116464534,0.2376194775105731
2020-11-19,bull,24.24168586730957,5.2,1.469731018476114,0.0,27,24.07473734479465,-1.5870322129355587,0,0.23975837209988482,0.20305760398123462,0.23978795597824476
2020-11-20,bull,24.20983123779297,4.3999999999999995,1.434626745507729,0.0,27,23.99116523400191,-1.580418667939754,0,0.22301496487334194,0.20553719536964055,0.240071476044448
2020-11-23,bull,24.51776123046875,6.4,1.5850099110790394,0.0,27,23.59121298949379,-1.6338757681264449,0,0.21739030654793767,0.18198817709279824,0.24490515597499618
2020-11-24,bull,24.400962829589844,6.4,1.478171789665419,-0.2431584638812719,27,28.199617956064948,-1.5446408533489517,0,0.186311842948232,0.207655013643258,0.2642374048825573
2020-11-25,bull,24.19921112060547,5.2,1.375988521724815,0.0,28,23.66284622731614,-1.5984267741897777,0,0.19665074425278206,0.22938049503773672,0.2743280002547419
2020-11-26,bull,24.39034652709961,0.8,1.4669096206876342,0.0,28,21.125835721107926,-1.7295001261698637,0,0.20462189598865033,0.22508458607369075,0.2607737860355912
2020-11-27,bull,24.347869873046875,1.2,1.4624582741033347,0.0,28,21.382521489971346,-1.7198332860827583,0,0.1831058989936465,0.2272218364540861,0.2669942005261765
2020-11-30,bull,24.061174392700195,3.5999999999999996,1.2775599108740094,0.0,28,23.60315186246418,-1.5685606735388637,0,0.18998801821801603,0.24094273596044702,0.28706352009138336
2020-12-01,bull,24.273544311523438,3.8,1.431435203787983,0.0,28,22.713705826170006,-1.6557669298229014,0,0.17868288480384908,0.22427459043959885,0.2726660824709217
2020-12-02,bull,24.507144927978516,6.0,1.5194961435789531,0.0,28,22.82115568290353,-1.6689567021956464,0,0.1630207236441188,0.21570431235534637,0.26009117425889205
2020-12-03,bull,24.507144927978516,1.6,1.4807606029295215,0.0,28,21.38849092645654,-1.7235823842242408,0,0.16789051617419282,0.2086206947542657,0.25609648276936636
2020-12-04,bull,24.910642623901367,2.0,1.625097943575066,0.0,28,20.558739255014324,-1.8016437814867947,0,0.17336402367746473,0.18033267252924512,0.22352416102752515
2020-12-07,bull,25.14424705505371,7.199999999999999,1.733611097628585,0.0,28,22.10482330468004,-1.7740756116405014,0,0.16720912745043237,0.18748990637592367,0.21388750682990842
2020-12-08,bull,25.49464988708496,4.3999999999999995,1.8175716357093716,0.0,28,20.857211079274116,-1.8728758892844939,0,0.14818787421336221,0.17542439370430896,0.21213681417455943
2020-12-09,bull,25.49464988708496,2.8000000000000003,1.820647825202174,0.0,28,20.0274594078319,-1.9028586748793324,0,0.15201788585661546,0.1818077963188527,0.21085630319112525
2020-12-10,bull,25.186717987060547,4.8,1.6395756088593798,-0.1533999368599654,28,25.25668576886342,-1.7443295084888712,0,0.15619479876477982,0.19496392831433074,0.21486344587929485
2020-12-11,bull,25.21857452392578,2.0,1.6243374392773842,-0.934957724712167,28,27.11318051575931,-1.7002956839852257,0,0.16075743416401211,0.19001299067085897,0.2236808826879495
2020-12-14,bull,25.112388610839844,7.199999999999999,1.5411112484092837,0.0,28,23.059933142311365,-1.660574560071998,0,0.14751942181313193,0.19245253956289643,0.2288551285101066
2020-12-15,bull,24.8575439453125,3.5999999999999996,1.3627856048714757,-0.5945419622495113,28,28.16380133715377,-1.554648766031386,0,0.16452177446681038,0.17587046917739269,0.24845494099679333
2020-12-16,bull,25.324756622314453,1.2,1.590666377620788,0.0,28,20.4512893982808,-1.7954268755211416,0,0.1447514909848009,0.15546211905193363,0.2288587295196236
2020-12-17,bull,25.186717987060547,0.4,1.5153068738796411,0.0,28,20.433381088825215,-1.765078189732389,0,0.13293301812164304,0.1807487322695318,0.2450946581675224
2020-12-18,bull,25.101776123046875,0.6,1.4799230850448857,0.0,28,20.904966571155683,-1.7406942038188953,0,0.1406567045779208,0.18171871105788817,0.25927475730516036
2020-12-21,bull,25.345996856689453,3.4000000000000004,1.5978179839734052,0.0,28,21.298949379178605,-1.760911184932729,0,0.15021331815039685,0.17247246926350868,0.25272011307133746
2020-12-22,bull,25.059297561645508,22.4,1.3518006707455623,-0.8852284347814212,28,33.76910219675263,-1.1858153641379223,0,0.17289755157616038,0.18805157962349583,0.26314568053724496
2020-12-23,bull,25.091154098510742,9.6,1.3774114422786436,0.0,28,24.737344794651385,-1.521800962629641,0,0.17530030997360613,0.19000263854228416,0.26934537621500465
2020-12-24,bull,25.22919273376465,4.0,1.41413051205356,0.0,28,23.0121776504298,-1.6420426745046204,0,0.15897870195291386,0.1951029090227583,0.2899937803173618
2020-12-25,bull,25.26104736328125,1.2,1.4444455175649749,0.0,30,19.77674307545368,-1.842546004298507,0,0.16610732174051712,0.18801215397328197,0.2857834272018016
2020-12-28,bull,25.484031677246094,8.0,1.58029421978679,0.0,30,21.382521489971346,-1.8029263055235967,0,0.17335954300330836,0.1776170925288969,0.2625810457502642
2020-12-29,bull,25.462799072265625,5.0,1.5432148744780354,-0.4498269870259355,30,25.34622731614136,-1.7853357466675144,0,0.17817284701539493,0.18967755418791543,0.252527446021825
2020-12-30,bull,25.82381820678711,8.799999999999999,1.7452447420000872,0.0,30,20.815425023877747,-1.886099317403627,0,0.1591809747134192,0.17430640607460535,0.24302011401333523
2020-12-31,bull,25.961856842041016,6.800000000000001,1.7660323166892182,0.0,30,20.230420248328556,-1.9335672781773023,0,0.1463310776410225,0.16179374925155154,0.24269525231991507
2021-01-04,bull,26.40782928466797,14.000000000000002,1.915577540506098,0.0,30,21.084049665711557,-1.8949810184606368,0,0.12697196768753716,0.14094103215327536,0.23200668414166015
2021-01-05,bull,26.460920333862305,13.6,1.9877020586095888,0.0,30,20.522922636103154,-1.9445490645048105,0,0.13086140609954078,0.1296312594773945,0.23570095111107836
2021-01-06,bull,26.74761390686035,30.2,1.9398204476553431,-0.9992264620606596,30,30.64708691499522,-1.5162282555371949,0,0.12806981276294782,0.12766406390779794,0.2224561240373537
2021-01-07,bull,27.37409782409668,32.800000000000004,2.145709041358934,0.0,30,23.471824259789877,-1.6996843902672136,0,0.10383815785925643,0.1109727478103788,0.20798937507346582
2021-01-08,bull,27.86254119873047,56.00000000000001,2.364724201631487,0.0,30,27.88323782234957,-1.4203685975817641,0,0.08643430625254833,0.09422257508832832,0.17353920414545576
2021-01-11,bull,28.096145629882812,68.0,2.417935939491349,0.0,30,30.175501432664753,-1.2404755006936876,0,0.07547042620222899,0.0951648392529445,0.14984434986197326
2021-01-12,bull,28.05367088317871,69.6,2.3187733019233683,-1.6623866753634438,30,39.64302769818529,-0.9744354895661596,0,0.06743005926692747,0.08212641612303018,0.15623778105319874
2021-01-13,bull,28.73324966430664,65.2,2.545431542074855,0.0,30,28.94579751671442,-1.364944762605465,0,0.04142879503850705,0.044449605954343774,0.10374484433533726
2021-01-14,bull,28.467790603637695,60.0,2.435791417129915,0.0,30,28.235434574976118,-1.3918484520286196,0,0.06066797491323639,0.0458043079944479,0.12458016815852746
2021-01-15,bull,28.563358306884766,62.0,2.3023289255382435,-1.6277551920247602,30,37.73280802292263,-1.1022798285205775,0,0.07269302389127352,0.041162702149508235,0.10252649907922495
2021-01-18,bull,28.5421142578125,62.0,2.2593696101348124,-1.3775041537708084,30,37.23137535816619,-1.103957154185707,0,0.07387167368069902,0.04917841730926331,0.10256812753135991
2021-01-19,bull,29.2960147857666,65.60000000000001,2.479413737573188,-0.3256219079511302,30,33.39302769818529,-1.2838365476500277,0,0.03994069096690267,0.022178971531000125,0.07988639510183537
2021-01-20,bull,29.349105834960938,59.2,2.3671054546433146,-2.7396425013929795,30,38.95654250238778,-1.0697751479636168,0,0.03953836467589289,0.011434952166008205,0.08247795726681018
2021-01-21,D,30.368473052978516,80.4,2.6568531394153876,-1.9804006444699356,30,41.31446991404012,-0.949312286348182,0,-0.012147287628944015,-0.022873695517084514,0.04980327005206564
2021-01-22,D,29.82598304748535,73.0,2.4806339262167794,-0.4541882240786329,30,35.6554441260745,-1.1403995538729397,0,-0.0029101375835696164,-0.020783179817879027,0.08119652845213121
2021-01-25,D,29.424545288085938,84.0,2.3692317766560156,0.0,34,31.840974212034382,-1.196735257541214,0,0.001106117248428351,0.009211809785170555,0.09519155326760931
2021-01-26,D,28.827810287475586,84.0,2.059021625997996,-0.718397411724489,34,38.76552053486151,-0.9363015700269022,0,0.030861630632374126,0.02670643092614,0.10050988896111734
2021-01-27,D,28.871206283569336,77.4,2.06821367637507,0.0,34,31.584288443170962,-1.1354472578638029,0,0.04772625068648795,0.03910317532201435,0.09385084469816563
2021-01-28,D,28.28531837463379,88.4,1.7699410611065916,-0.3603333850187118,34,39.98925501432665,-0.7270320716459524,0,0.062140361611967565,0.06485674344504222,0.13497895062008536
2021-01-29,D,27.81878089904785,93.6,1.4832674406542936,-1.4024705066992529,34,46.76456542502388,-0.3539889485712157,1,0.03939156066145255,0.08897135992580907,0.15481225882415384
2021-02-01,D,28.372114181518555,90.4,1.718317154845039,-2.316428619414556,34,46.44221585482331,-0.45028268798105375,1,-0.010324931652831437,0.06581650656641713,0.12915619927155064
2021-02-02,D,29.17499542236328,88.2,2.0209979065188226,-3.086387201596537,34,45.063276026743075,-0.5843874402818754,0,-0.05169186916926538,0.03499447571603209,0.09579631409313483
2021-02-03,D,29.153303146362305,81.2,2.0027353238359344,-3.2555355955715717,34,43.52316141356256,-0.6786046366619699,0,-0.040193717558710707,0.03277951905846921,0.0817410085243917
2021-02-04,D,28.979703903198242,72.0,1.9132673295100775,-3.778308291396008,34,42.669531996179565,-0.7314075781524356,0,-0.052789209956672245,0.03333596380765691,0.09128961318271744
2021-02-05,D,29.250947952270508,56.39999999999999,1.9750417087815777,-5.501403922665514,34,40.31757402101242,-0.856523910007814,0,-0.01854600059559519,0.02040725170663049,0.054948444244072414
2021-02-17,D,30.498672485351562,58.2,2.4571803265425527,-3.96101812739947,34,37.11795606494747,-1.2753474404972787,0,-0.06510158042907577,-0.02312176143120659,0.009602761410693939
2021-02-18,bull,30.455272674560547,54.400000000000006,2.4707393798194173,-2.282799128597255,34,34.67048710601719,-1.5313551844724689,0,-0.07018184751443168,-0.031015947934702193,0.02527648009367134
2021-02-19,bull,30.129776000976562,61.6,2.3535409724042156,-0.6509467299393339,34,32.21107927411652,-1.5116003880187736,0,-0.04681306451735423,-0.02271401332431877,0.030449499515087908
2021-02-22,bull,30.118925094604492,72.2,2.3759890772018233,0.0,34,29.208452722063036,-1.4084659510557844,0,-0.04791067261073101,-0.029584780334559135,0.03303522875796716
2021-02-23,bull,30.0538330078125,69.6,2.366910498611141,0.0,34,28.718958930276983,-1.4488877208968725,0,-0.029603162152062712,-0.023501884638973847,0.024176320871970525
2021-02-24,bull,29.608985900878906,82.39999999999999,2.12374356220843,-0.0352155218794214,34,35.35697230181471,-1.076359991965274,0,-0.01429072415766508,-0.03160786557994533,0.006150427644657563
2021-02-25,bull,29.847684860229492,67.60000000000001,2.302187072171185,0.0,37,25.728271251193885,-1.6459370003666987,0,-0.029080344458735197,-0.04700550835167183,-0.023124226337600806
2021-02-26,bull,28.94715118408203,92.0,1.82282915148072,0.0,37,33.816857688634194,-0.9337222852283502,1,0.017991197526936675,0.009697400821947255,0.01763413571537953
2021-03-02,bull,28.958003997802734,93.6,1.7885156397890851,-0.8643242015766651,37,40.86079274116524,-0.7920444714517966,1,0.027351130596916073,0.012323928587001154,0.04681091853202535
2021-03-03,bull,29.381145477294922,71.6,1.9939435840665165,-0.2859891405031082,37,31.924546322827123,-1.362905417132736,0,0.01698681565824134,0.007370466020201638,0.016979479987967006
2021-03-04,bull,28.806108474731445,89.2,1.696119876692409,0.0,37,33.578080229226366,-0.9083082043086532,0,0.03728824063675518,0.034654538854881345,0.037280758529420366
2021-03-05,bull,28.632509231567383,89.2,1.6269814576054316,0.0,37,33.82879656160459,-0.8675430644813695,0,0.04281952167781866,0.0496652573419325,0.022217032189799424
2021-03-08,bull,28.610811233520508,85.39999999999999,1.573052777310033,0.0,37,33.178127984718245,-0.9026472432300587,0,0.03868021350232542,0.06072616523464025,0.0272661122557174
2021-03-09,bull,28.502317428588867,86.0,1.5797154275168197,0.0,37,33.303486150907354,-0.8960122702056745,0,0.04529892515255707,0.0712519480978353,0.06393682357783748
2021-03-10,bull,28.621662139892578,63.6,1.6083062727463524,0.0,37,27.877268385864372,-1.3072360961710552,0,0.03487499728441845,0.07172553847482543,0.05717048800632596
2021-03-11,bull,29.229251861572266,36.8,1.8198229954377363,0.0,37,21.095988538681947,-1.9037807924980599,0,0.005939034017712563,0.04126034141566093,0.04204052766065636
2021-03-12,bull,29.348594665527344,20.8,1.8589669532982112,0.0,37,17.74116523400191,-2.208550849497535,0,0.01737544579504058,0.05185130208935829,0.03628815172381872
2021-03-15,bull,29.272647857666016,30.0,1.826051114586135,0.0,37,19.520057306590257,-2.027171303013496,0,0.02372130911903847,0.05941123968531792,0.04885003210337091
2021-03-16,bull,29.37029266357422,16.0,1.8544483790965307,0.0,37,16.994985673352435,-2.2903936666851097,0,0.025858895793172465,0.05107422207317436,0.04460605622940217
2021-03-17,bull,29.120752334594727,10.0,1.7437822294760197,0.0,37,16.17717287488061,-2.3307769022630946,0,0.03353165884414122,0.05074287410494649,0.05508420707009409
2021-03-18,bull,29.272647857666016,0.4,1.7827517236504629,0.0,37,12.529847182425979,-2.522768036289033,0,0.025203850215197443,0.04268966433048993,0.038217150667172906
2021-03-19,bull,28.816953659057617,6.0,1.568212355687203,0.0,37,15.944364851957975,-2.2976805756176013,0,0.03915673834850497,0.07163433704321642,0.055792072520268965
2021-03-22,bull,28.94715118408203,4.0,1.6558700037490088,0.0,37,14.7743553008596,-2.3845762225793057,0,0.009745369266090709,0.0630567601111287,0.06409994198981006
2021-03-23,bull,28.99055290222168,4.0,1.6308121154752475,-0.2505551333263261,37,18.726122254059216,-2.342762026351603,0,0.00935629099545321,0.06259096165578648,0.05905595346237047
2021-03-24,bull,28.53486442565918,12.8,1.4921708720073723,0.0,37,18.05754536771729,-2.133126966429679,0,0.042205243719672936,0.07307957287754063,0.06700858066986726
2021-03-25,bull,28.632509231567383,7.4,1.5139802737692607,0.0,40,13.562559694364852,-2.4410565680452554,0,0.035998566716145985,0.06448138619519028,0.057934617715364345
2021-03-26,bull,29.153303146362305,2.4,1.7415438565515855,0.0,40,10.536055396370582,-2.6632599379711355,0,0.01935219385992304,0.04845045645892143,0.020352080871316902
2021-03-29,bull,29.39198875427246,15.2,1.9146903099761197,0.0,40,13.365568290353389,-2.539997798969048,0,0.012920163425161224,0.015510711416263367,0.017738959070834337
2021-03-30,bull,29.489641189575195,6.4,1.992910780286094,0.0,40,10.774832855778413,-2.741047441828022,0,0.012509422863172803,0.018049726846113057,-0.0014630298753676163
2021-03-31,bull,29.240097045898438,4.0,1.884668716658087,0.0,40,10.631566380133716,-2.719479676363916,0,0.03116899992120148,0.03901415190585511,0.007819255442448547
2021-04-01,bull,29.45709228515625,1.6,2.0257938782923235,0.0,40,8.781041069723019,-2.8449428951253637,0,0.018784576534576436,0.033945091945091876,0.019263273763273858
2021-04-07,bull,29.901931762695312,0.8,2.264472592744423,0.0,40,7.384192932187202,-2.9997562660456856,0,0.003628512292737529,0.011288095392398612,0.00038259324482448065
2021-04-08,bull,29.99957847595215,0.4,2.365730283674625,0.0,40,6.679799426934097,-3.066501706071044,0,0.009764872108251943,-0.013758979844064378,-0.01991846732974245
2021-04-09,bull,29.934478759765625,1.2,2.281589600422341,0.0,40,7.545367717287488,-3.0028064795006584,0,0.013048377855688686,-0.003983232625780819,-0.02298587868401547
2021-04-12,bull,29.760883331298828,4.8,2.2824496060153567,0.0,40,9.10339063992359,-2.9399332711384076,0,0.013488835740498972,-0.02083415313991155,-0.013925346693264506
2021-04-13,bull,29.760883331298828,8.0,2.2397061671416387,-0.389706727872531,40,14.654966571155683,-2.8163362582787492,0,0.012395219105938882,-0.026682092489050735,-0.009069827268302744
2021-04-14,bull,29.923633575439453,10.0,2.280265244463133,-0.903291633076274,40,16.89350525310411,-2.749613720968892,0,-0.0010877960955348875,-0.033429938499300316,-0.013716199824560515
2021-04-15,bull,30.173175811767578,15.6,2.5015731517576607,0.0,40,10.774832855778413,-2.878991243449069,0,-0.0003596841707484977,-0.04106316319534564,-0.030346408095258015
2021-04-16,bull,30.21657371520996,13.6,2.58009836697725,0.0,40,10.034622731614135,-2.960502259019247,0,0.006463438412890765,-0.02552128692837674,-0.04902953108683794
2021-04-19,bull,30.27082061767578,23.200000000000003,2.680142685859392,0.0,40,11.437440305635146,-2.850475937061783,0,0.007168651423245409,-0.035532242328406904,-0.050733720177928654
2021-04-20,bull,30.21657371520996,20.4,2.733864287823094,0.0,40,10.888252148997134,-2.931446844649013,0,0.018312370634180786,-0.04352038010913517,-0.06889509636516722
2021-04-21,bull,29.945331573486328,20.8,2.583559555189019,0.0,40,11.401623686723973,-2.835782468674921,0,0.013767981076151736,-0.03812604068617165,-0.05637784970144544
2021-04-22,bull,29.923633575439453,27.200000000000003,2.454572371834841,-1.6454126074521769,40,21.36461318051576,-2.469482200773058,0,0.0029006408601608413,-0.03488392401056517,-0.04343471776516483
2021-04-23,bull,30.194873809814453,19.2,2.673093432733119,0.0,40,10.792741165234002,-2.9167421176273227,0,-0.014013496466700026,-0.01833639592667713,-0.05902237472371907
2021-04-26,bull,30.63971519470215,28.000000000000004,2.965395324725089,0.0,40,11.90305635148042,-2.9341585043339453,0,-0.02939361125644957,-0.035428769919886305,-0.07268391783259931
2021-04-27,C,30.65056800842285,29.2,2.9695719210285763,0.0,40,12.111986628462272,-2.915494333088663,0,-0.02299460631715855,-0.027962892955542218,-0.062494722218332965
2021-04-28,C,30.46611785888672,30.4,2.908288609856398,0.0,40,12.54178605539637,-2.858233932473867,0,-0.017079550391848275,-0.024577130686620263,-0.07579192914051314
2021-04-29,C,30.509521484375,21.6,2.8806106021412825,0.0,40,10.930038204393504,-2.996844105047029,0,-0.02703451211119734,-0.029529920899117323,-0.09240920853105217
2021-05-03,C,29.99957847595215,45.6,2.455616146087458,-1.803869586059298,40,25.662607449856733,-2.1290534483073924,0,-0.01085830686479039,-0.010132804829271147,-0.08105767019558674
2021-05-04,C,29.739185333251953,73.6,2.0942919152620787,-5.050392096398664,40,37.12989493791787,-1.0726916158095834,0,-0.017925207053047676,-0.002197487438668433,-0.07151643757546389
2021-05-05,C,29.45709228515625,89.0,1.9708504244566352,-5.046756803729545,40,41.40401146131805,-0.7291740555330419,0,0.008096736596736598,0.015851139601139597,-0.08488947163947169
2021-05-06,C,29.717483520507812,47.599999999999994,2.148728395371132,-5.208576403773938,40,31.130611270296082,-1.5454636410213123,0,-0.004030802566281522,0.00695002477452622,-0.08467856015075237
2021-05-07,C,30.249120712280273,32.4,2.4990651456807154,-3.5629075446593315,40,25.047755491881563,-2.197232456612067,0,-0.008230275187649183,-0.013624224750588776,-0.0959883288309139
2021-05-10,C,30.042978286743164,29.6,2.4163067007949697,-1.3988425940385958,40,21.400429799426934,-2.4312762021242307,0,0.002557460323748595,-0.0166318406889443,-0.07979520001462748
2021-05-11,C,28.91460609436035,95.6,1.546574052256589,-6.011761534608862,40,46.55563514804203,-0.2586742674147864,1,0.04770079067488742,0.02701031116889041,-0.033504817844239865
2021-05-12,C,28.079174041748047,100.0,0.6243426379107276,-10.735934734123532,40,58.948185291308505,0.8723812009033727,1,0.0769357950447418,0.055629649383958535,-0.023751332568107242
2021-05-13,C,27.666885375976562,99.6,0.2883857180951337,-13.656094585126668,40,62.74474689589304,1.378565324967315,1,0.09141158033661356,0.07411252459081497,0.0016447649622735039
2021-05-14,C,27.981523513793945,99.2,0.4671076609886108,-15.779579117250089,40,61.867239732569246,1.4953100006142053,2,0.0760291299944098,0.058535782686429894,-0.007631978373834558
2021-05-17,C,27.449888229370117,99.6,-0.1917624946122206,-21.698560232906264,40,67.7710124164279,2.529603300584622,2,0.0909250345009156,0.09449175622498251,0.0002488248912719815
2021-05-18,C,28.708459854125977,98.4,0.84146275132949,-21.089340935122063,40,59.485434574976125,1.8335237485624523,2,0.039689330652138866,0.054845094851337484,-0.03624495656612592
2021-05-19,C,28.513160705566406,98.0,0.7953219245161811,-20.22548038697758,40,59.54512893982809,1.7604599228841746,2,0.04490308050487024,0.0735148210849772,-0.04172924565131242
2021-05-20,C,28.3178653717041,97.6,0.6443570142499471,-20.977603211078133,40,60.840496657115565,1.923597377577644,2,0.04212210686039208,0.07938199401254842,-0.014708100113984823
2021-05-21,C,28.719308853149414,96.8,0.972815377620989,-19.730566833894265,40,57.58118433619866,1.5812695567696513,2,0.025282607530529022,0.05482537278372468,-0.004870032514036948
2021-05-24,C,28.675907135009766,96.4,0.9968436092659086,-18.98436381188784,40,57.08572110792741,1.4795303906643247,2,0.01924808077244533,0.0598356413018275,0.00632727510726383
2021-05-25,C,29.16414451599121,88.4,1.3321027122578897,-18.634117611755677,41,51.199856733524356,1.0365462014116953,1,0.006287404570092914,0.05141751912358661,-0.015474861990302236
2021-05-26,C,29.18585205078125,77.2,1.3766560036982178,-17.639767461533403,41,47.970391595033426,0.7057844931036232,1,-0.017568203776394342,0.05249888379086576,-0.02649062279764358
2021-05-27,C,28.979703903198242,77.60000000000001,1.2975090101858249,-17.195876078459214,41,48.47779369627507,0.7115887962349776,1,-0.018462046566503743,0.06336417745473777,-0.012661093790713784
2021-05-28,C,29.467945098876953,65.0,1.6658050928631865,-14.849804214513778,41,42.269579751671436,0.019418729488030362,0,-0.008147218487879027,0.051651910167776816,-0.03882770463355578
2021-05-31,C,29.750038146972656,74.8,1.9360798185835648,-14.60079597110179,41,43.10530085959885,0.005722835463044085,0,-0.014627133374724322,0.04423921185762825,-0.03747944874553677
2021-06-01,C,29.880237579345703,52.8,2.0539465862859783,-11.745475540212592,41,36.568767908309454,-0.7592405695244654,0,-0.009455726947468546,0.037141042458596285,-0.04464973174133546
2021-06-02,C,29.880237579345703,57.2,2.0431058458458367,-12.247181686724424,41,37.81041069723018,-0.6212402836123203,0,-0.0025390259705027063,0.02731189179010385,-0.05432217211322721
2021-06-03,C,29.858539581298828,41.6,2.151054243793362,-10.254840620420946,41,32.969197707736384,-1.1745477396888353,0,0.006564640881578043,0.02368683866350274,-0.08006765350276224
2021-06-04,C,29.717483520507812,57.599999999999994,1.9810060869360664,-10.109720452233182,41,37.43433619866284,-0.8082556531056273,0,0.021224965533884532,0.028179932377096595,-0.07719742344928149
2021-06-07,C,29.793441772460938,67.2,1.8616014154571932,-10.268448064916528,41,40.269818529130845,-0.5517089029333792,0,0.024828326444026994,0.008763955518521271,-0.08402734280371804
2021-06-08,C,29.619842529296875,61.0,1.8309047989276237,-9.693478529420744,41,38.628223495702,-0.7048147371942295,0,0.03560868828322761,0.014676230677850288,-0.08053535864526784
2021-06-09,C,29.40284538269043,47.2,1.637615561248541,-9.52567052996999,41,36.23447946513849,-0.851915665321056,0,0.03511277145382796,0.021054961419173956,-0.08622561140987495
2021-06-10,C,29.858539581298828,28.6,1.921256604794057,-9.495731816852066,41,30.856017191977077,-1.3498507963174666,0,0.033887053630802244,0.022229747227533903,-0.10836173735380694
2021-06-11,C,29.96703338623047,7.6,1.9854135402254975,-8.24747710761739,41,25.829751671442217,-1.892107467341962,0,0.03486293608266533,0.02941821189717797,-0.09341377026909703
2021-06-15,C,30.129776000976562,0.8,2.2148958301533384,-6.492608625011538,41,20.678127984718245,-2.336515910402497,0,0.024579721814963706,0.023496899348470768,-0.11823326167270587
2021-06-16,C,30.097219467163086,12.2,2.0812305424370448,-7.331479683139966,41,25.590974212034386,-1.9664703348659347,0,0.016652818627785004,0.021712639177226878,-0.12909823949399002
2021-06-17,C,30.01043128967285,3.4000000000000004,2.187669233808712,-5.104072047377565,41,20.481136580706785,-2.424537479817397,0,0.017055938788780534,0.027929576438042947,-0.1247276855651629
2021-06-18,C,29.945331573486328,5.0,2.036328298009345,-4.180227528235676,41,21.000477554918817,-2.4068357468476025,0,0.03125380175691972,0.03415985678451272,-0.10203695826834913
2021-06-21,C,29.229251861572266,42.8,1.5790947698753568,-3.682025317837619,41,30.838108882521492,-1.5255159200615984,0,0.05279686589083954,0.05689042924991061,-0.08878507722186357
2021-06-22,C,29.261796951293945,33.6,1.567854298745064,-3.3675653868120707,41,28.76074498567335,-1.7147963835098574,0,0.05274120856554232,0.05534315207746454,-0.09739617272217016
2021-06-23,C,29.739185333251953,29.799999999999997,1.974696729407483,-4.1434991407237955,41,26.32521489971347,-1.9378407406466938,0,0.02962403935685054,0.035110350260115775,-0.13431244868328407
2021-06-24,C,29.663238525390625,14.8,2.06627779241233,-1.825308435408567,41,20.522922636103154,-2.5060997321227063,0,0.027493107031342445,0.027493107031342445,-0.16394919522018925
2021-06-25,C,29.717483520507812,26.0,2.2019344268550105,-0.7418532956279693,41,18.7559694364852,-2.5058273808804676,0,0.028545838007974167,0.027081830388202777,-0.17370453617722648
2021-06-28,C,29.771738052368164,31.6,2.31865976711734,0.0,41,13.747612225405923,-2.5561190536128198,0,0.0025575046135346557,0.037997971037797784,-0.17110320895716025
2021-06-29,C,29.858539581298828,36.0,2.299493794068161,-1.3114643732259397,41,22.307784145176697,-2.3258217861352066,0,0.005471854244352148,0.033887053630802244,-0.18952134706027168
2021-06-30,bull,30.15148162841797,34.0,2.5388277514214885,0.0,41,13.359598853868196,-2.6436801678823194,0,0.007608017682119161,0.014823197786445697,-0.1734319075205939
2021-07-01,bull,30.01043128967285,35.199999999999996,2.4329319756346233,-0.9535401179580892,41,20.660219675262656,-2.457210445476763,0,0.014880982456648706,0.028292037381970614,-0.16102767560590814
2021-07-02,bull,30.01043128967285,29.2,2.3936492000823297,0.0,41,12.858166189111747,-2.642587567803578,0,0.007631890690473764,0.028292037381970614,-0.16843565784373304
2021-07-05,bull,30.29252052307129,29.4,2.7248572289621387,0.0,41,11.7896370582617,-2.8343520982435213,0,-0.0232963659185349,0.024461584038035555,-0.1959952159692684
2021-07-06,bull,30.325075149536133,27.6,2.6748549839988836,0.0,41,11.556829035339065,-2.83656009971481,0,-0.016812238046834516,0.026231529347654492,-0.16826628822950873
2021-07-07,bull,30.162322998046875,37.8,2.5291665598579627,-1.037039325475144,41,20.982569245463228,-2.4591661284319857,0,-0.03386617362719413,0.03970267888489909,-0.15972441440812502
2021-07-08,bull,30.129776000976562,36.8,2.520132044448596,0.0,41,14.010267430754537,-2.5833610993989002,0,-0.03859887014233365,0.04912937402036377,-0.14774857754920656
2021-07-09,bull,29.891082763671875,40.0,2.1136447883083997,-1.2989674895643046,41,23.692693409742123,-2.1471682962037013,0,-0.03237736237213762,0.062237868706679356,-0.13716524021640253
2021-07-12,bull,30.162322998046875,35.6,2.3503748909248245,-0.0328557798260414,41,17.460601719197708,-2.50085051028444,0,-0.04071812468951064,0.04943984169719706,-0.14417559813792358
2021-07-13,bull,30.411876678466797,35.0,2.370841288845174,-2.005124899015178,41,23.5852435530086,-2.3106359246596875,0,-0.03177932165296027,0.04726652602119019,-0.14562871576062641
2021-07-14,bull,30.487821578979492,34.2,2.3245684758433653,-2.7063352677412835,41,24.76122254059217,-2.2217633126718406,0,-0.042396964690383454,0.06749187129275236,-0.1381272451970199
2021-07-15,D,30.76991081237793,26.4,2.626553591573539,-0.9566539182628678,41,18.02172874880611,-2.7259664482899137,0,-0.06072080878759034,0.05558434184348848,-0.14272569401935686
2021-07-16,D,30.35761833190918,20.4,2.332006415953323,-1.2232806727657364,41,18.785816618911173,-2.6291563414768175,0,-0.051189249148741234,0.05988734073944468,-0.13182685369280922
2021-07-19,D,30.01043128967285,47.8,2.0974130887645654,0.0,41,18.06351480420248,-2.140457135001894,0,-0.03767528240715756,0.06272563638652806,-0.12968475049969463
2021-07-20,D,29.771738052368164,73.8,1.5854912738858415,-1.4376828431118975,41,34.42574021012416,-1.2257199245789638,0,-0.004384339384449931,0.07818782347195996,-0.11474200883915109
2021-07-21,D,29.739103317260742,68.0,1.4250016770087308,-2.051816479482854,41,35.79871060171919,-1.166928635344969,0,-0.006217925961984672,0.08485706158760453,-0.11225162111884701
2021-07-22,D,29.945770263671875,43.2,1.600136971062974,-1.7691832282632385,41,28.265281757402104,-1.7373124747438102,0,-0.0050852192531462,0.08645133873385635,-0.11008255432029945
2021-07-23,D,29.945770263671875,39.8,1.5684483103997764,-1.1576508867282966,41,26.05062082139446,-1.844483429988651,0,-0.007627860726431179,0.09189992896909382,-0.11272220087784823
2021-07-26,D,29.684711456298828,58.4,1.2330586214226105,-0.6359339007714713,40,31.584288443170962,-1.3089039116825094,0,-0.002564745429290305,0.10150251829009949,-0.11917379163775788
2021-07-27,D,29.6738338470459,59.599999999999994,0.9635057757435536,-1.119219606214574,40,35.536055396370585,-1.0766886913902372,0,0.0007334662369955502,0.11436963265946276,-0.1135130114570756
2021-07-28,D,29.206104278564453,86.0,0.6941792719490381,-3.4707027835438464,40,47.713705826170006,-0.19933097301115998,0,0.016014788005284553,0.11955309451614737,-0.0969917210941974
2021-07-29,D,29.695598602294922,50.8,1.142998233821684,-2.7755949265815207,40,35.57187201528176,-1.1586956015717758,0,0.00769212191935198,0.08791187334150075,-0.08939738504208927
2021-07-30,D,29.597698211669922,63.0,0.841045465178679,-2.8210122274360554,40,40.65186246418338,-0.7609692015269771,0,0.011025268019434264,0.09592016042565032,-0.08829668125171497
2021-08-02,D,30.00016212463379,44.8,1.2662986225195645,-2.654320974276605,40,33.291547277936964,-1.35011708734504,0,-0.005438711656539197,0.05713349301993653,-0.10128189029943624
2021-08-03,D,30.11981201171875,44.8,1.332118286641918,-2.314466238355459,40,32.420009551098374,-1.4256022143744886,0,-0.019140350326151023,0.06289882326240215,-0.11424298050794046
2021-08-04,D,30.293855667114258,42.8,1.4293659826646576,-2.103276906318261,40,30.844078319006687,-1.5409436491219808,0,-0.019748462242420328,0.039546097468913466,-0.10327201821100374
2021-08-05,D,30.23946762084961,34.0,1.365704958732339,-2.0065092051979017,40,29.172636103151863,-1.6687807207073408,0,-0.01978404447026305,0.04068053934007354,-0.09604691251965569
2021-08-06,D,30.195959091186523,41.6,1.20053709499297,-2.1224705412612055,40,32.02005730659026,-1.4250778067034657,0,-0.015850166937447452,0.047702035305957846,-0.08650124540635407
2021-08-09,D,30.10893440246582,54.6,1.099467821318993,-3.2441200675943227,40,37.24331423113658,-1.0155651925339337,0,-0.016257317595175902,0.055160561551925946,-0.08235787041644449
2021-08-10,D,29.945770263671875,53.6,0.7873611294452688,-4.8856891458339,40,40.99808978032474,-0.6719911548972977,0,0.0032694471308916118,0.06462188271645819,-0.07698012663271725
2021-08-11,D,29.84787940979004,52.8,0.5874388976155238,-7.2825909576730945,40,44.92000955109838,-0.3095270338894378,0,0.01457720470180468,0.0804033642013473,-0.08001784152672853
2021-08-12,D,29.793489456176758,32.2,0.5461890453055519,-6.585878379864098,40,39.965377268385865,-0.7230700208876472,0,0.027382195644674034,0.08162937764146294,-0.07681944005292063
2021-08-13,D,29.51067352294922,44.8,0.1228724708778278,-7.383255599839768,40,46.90186246418339,-0.16559253376645333,0,0.035753859271260735,0.07504460288886605,-0.0794738035425332
2021-08-16,D,29.44540786743164,55.2,-0.0986810926289172,-8.878572693996055,40,51.38490926456543,0.3095107612808843,0,0.028814265487592472,0.0725201540056617,-0.09165050835367616
2021-08-17,D,29.227863311767578,81.2,-0.433838770041909,-10.206815775896285,40,59.45558739255014,1.1082143241892493,0,0.039821081143093684,0.09837796298546486,-0.08721227307711432
2021-08-18,D,29.347511291503906,48.0,-0.1744631292756275,-9.952343325040609,40,50.662607449856736,0.3433127632020083,0,0.044848136177133346,0.09465735914254458,-0.08245208736878473
2021-08-19,D,28.67310905456543,85.6,-0.8884434033795154,-10.933897020565515,40,62.10004775549188,1.532187293561153,1,0.07132005278798248,0.11730292496484562,-0.05613589120497642
2021-08-20,D,28.444679260253906,93.2,-0.9223687553498032,-11.41037508207607,40,64.52363896848138,1.7374140817957293,2,0.08336531841179129,0.12393084678517097,-0.07281942901069416
2021-08-23,D,29.227863311767578,69.6,-0.2999684845524312,-9.891696013058889,40,56.29178605539637,0.791049461772944,0,0.060290327123436294,0.07898149142726707,-0.09611560252151263
2021-08-24,D,29.31488037109375,50.8,-0.1845522046453164,-10.463427409995724,40,51.70128939828081,0.4537128986705443,0,0.059740172706357564,0.07881217532974527,-0.09223738795948322
2021-08-25,D,29.597698211669922,49.0,0.1534945009502229,-10.211973688112783,38,51.37297039159504,0.3289016073279831,0,0.047041581758348716,0.04258925184746887,-0.11964233400813185
2021-08-26,D,29.804370880126953,41.8,0.1739124892853816,-9.421850886624938,38,49.098615090735436,0.10483301154864011,0,0.029926902944399147,0.03312175534302475,-0.13523748831600313
2021-08-27,D,30.054550170898438,39.2,0.3778500992845683,-10.13330669134418,38,47.55253104106972,0.01559301241019484,0,0.017010529762826465,0.03894666832516358,-0.14055361218081341
2021-08-30,D,30.348236083984375,33.2,0.6375095410650655,-9.979730938692844,38,43.79775549188157,-0.25971397325465406,0,0.006810415998375063,0.02303186632624432,-0.14327855268887058
2021-08-31,D,30.53316307067871,28.6,0.7565157717672212,-10.567069437818075,38,41.923352435530084,-0.3474829272341821,0,-0.01567518238029819,0.019020224109300266,-0.16847733573060908
2021-09-01,D,30.6745662689209,29.2,0.7149006620960533,-10.793587804895086,38,42.29942693409742,-0.2879369663679061,0,-0.020212709532282935,0.003450997422198121,-0.16640889892227528
2021-09-02,D,30.435260772705078,26.4,0.467529535080913,-10.877019618954318,38,44.20367717287488,-0.18237481191546723,0,-0.013580945402605349,-0.02116515285418008,-0.14201068106082648
2021-09-03,D,30.870357513427734,26.8,0.7365442879704583,-10.53572786935165,38,41.69054441260745,-0.3707799057760189,0,-0.011275222339162116,-0.05548614954700526,-0.1497054857973682
2021-09-06,D,31.01177215576172,25.2,0.682877680679312,-10.99165430131953,38,41.89350525310411,-0.3181030933969513,0,-0.005261299825943588,-0.050115258532145046,-0.17072992970090595
2021-09-07,D,30.870357513427734,27.200000000000003,0.5648682639093656,-11.591140400554394,38,43.68433619866285,-0.14861561510853816,0,-0.0010568454981471076,-0.01803680923978923,-0.16546524248008554
2021-09-08,D,30.59842300415039,34.2,0.316066077649655,-12.328148042283075,38,47.91069723018147,0.20085876859255136,0,0.0049769404625970015,-0.023478365375325105,-0.1676624038344421
2021-09-09,D,30.522287368774414,36.8,0.3504202851831948,-12.263206026535308,38,48.11962750716332,0.21936913862075968,0,0.01069128770066663,-0.021042502878774516,-0.1692930634641442
2021-09-10,D,30.881237030029297,16.0,0.5803489532829863,-11.890129934877107,38,41.90544412607449,-0.3226597326503856,0,0.002817982365390659,-0.052219359529585674,-0.1716213333339921
2021-09-13,D,30.772464752197266,1.6,0.5238978745807502,-11.760726352735414,38,38.16857688634193,-0.5568614861255353,0,0.003888274644137768,-0.04489558892931378,-0.17567895738802553
2021-09-14,D,30.805099487304688,3.2,0.4927459966763984,-11.88722423319858,38,39.21322827125119,-0.49667329333008026,0,0.0024715889249435907,-0.015595937871345167,-0.18646887103157606
2021-09-15,D,30.620180130004883,7.6,0.3624459572794465,-11.961949278051495,38,42.09049665711557,-0.33431722439490685,0,0.005328460383162925,-0.011828917938583094,-0.18931532255336792
2021-09-16,D,30.47877311706543,6.2,0.2427454305145157,-11.889871205731664,38,42.38896848137536,-0.29616632097139217,0,0.0,-0.0006794264331739797,-0.2007739841692452
2021-09-17,D,30.565793991088867,4.8,0.2252096369606971,-11.852413493651826,38,42.06064947468959,-0.31451721672662436,0,-0.001423376154636724,-0.004979195682022097,-0.20415987765330013
2021-09-22,D,29.84787940979004,62.0,-0.2749746101092317,-12.118984866195438,38,57.10959885386819,1.0162099417774766,0,0.035350058486595115,0.028636481129486135,-0.2020756750401067
2021-09-23,D,30.021921157836914,44.4,-0.071766062383827,-12.10337943107628,38,52.16690544412608,0.5848515891668793,0,0.028260561711899168,0.02193278798851317,-0.20933940011815655
2021-09-24,D,30.380874633789062,33.6,0.1660285372310166,-11.56598465919545,38,48.42406876790831,0.19650806864719228,0,0.007160701361750066,0.011321966750056811,-0.22948121108505548
2021-09-27,D,30.457015991210938,42.0,0.2250306961645777,-11.243704833988994,39,48.453915950334284,0.20815997775967499,0,0.013214411499621104,-0.0021555276446106886,-0.24069440805278075
2021-09-28,D,30.23946762084961,51.8,0.0335707696155767,-11.083294097469636,39,51.8326170009551,0.4762717208251961,0,0.020503664961754486,0.006125888487522824,-0.215775829607189
2021-09-29,D,29.586814880371094,75.6,-0.4116912830139981,-11.453314784631909,39,59.45558739255015,1.1977518338396975,0,0.04889707408684307,0.0410942178229361,-0.17973890169760054
2021-09-30,D,29.815242767333984,70.0,-0.3060580649120431,-11.30697411246526,39,57.76026743075454,1.0210842785478977,0,0.043779803878945645,0.02976245690348378,-0.18033109997624075
2021-10-01,D,29.140840530395508,86.4,-0.78606796729366,-13.504395086340098,39,63.84312320916906,1.8299817906903306,1,0.07614768317169451,0.044820418226160674,-0.17533899460492486
2021-10-04,D,28.966800689697266,90.0,-0.9861051576100736,-15.58462009267538,39,66.24283667621776,2.2358030413595205,2,0.09125040676380891,0.045725519798384795,-0.2133492145162036
2021-10-05,D,28.923288345336914,87.6,-0.9026354037346298,-16.112558914435187,39,65.53247373447947,2.201309015143116,2,0.09778112602942746,0.028466513713642616,-0.21607750340886622
2021-10-06,D,28.93416976928711,90.0,-0.9728758819985486,-16.229088387694155,39,66.49355300859598,2.2975532110290757,2,0.093984853364947,0.03384241809306077,-0.22575712410376436
2021-10-07,D,29.44540786743164,78.8,-0.5580755707668624,-16.29951539464255,39,62.65520534861509,1.8633974931658104,1,0.08164032171787383,3.6986958178220064e-05,-0.2172977963157362
2021-10-08,D,29.19523048400879,84.39999999999999,-0.6431223759449289,-16.188301871763667,39,64.08787010506208,2.000131975384617,1,0.11475405980475628,0.009368049003871448,-0.2253172122106718
2021-10-12,D,28.90153694152832,88.8,-0.8533256560981093,-17.043022939322796,39,65.97421203438395,2.2937766802759167,2,0.12382383397736474,0.03885590509801906,-0.20844100095764928
2021-10-13,D,28.803634643554688,82.39999999999999,-0.979291188441471,-17.554565801731687,39,64.85792741165234,2.310577145013213,2,0.1170692783450542,0.03852768617479163,-0.2163562318725416
2021-10-14,D,28.879779815673828,66.8,-0.914272128786416,-17.284763442254288,39,61.02554918815664,1.9684761617092161,2,0.10433164290410035,0.018083691767469157,-0.222731872421708
2021-10-15,D,29.64120864868164,47.599999999999994,-0.4293230409504883,-17.326913267702036,39,55.348615090735436,1.3490628655011214,1,0.08293578146948666,-0.013319301207873835,-0.24498862007923794
2021-10-18,D,29.554187774658203,50.4,-0.5114650411487393,-17.61776501509391,39,56.43505253104107,1.4781793298675292,1,0.09164482830679965,-0.007028955193403519,-0.24506260315486905
2021-10-19,D,29.793489456176758,40.2,-0.272168858038872,-17.540858151319895,39,53.15186246418338,1.1492092206742894,1,0.09200442063820646,-0.010154305573703115,-0.2655569788396164
2021-10-20,D,29.717348098754883,36.6,-0.282847123401454,-17.225384584147704,39,52.36986628462273,1.0580794302418042,1,0.10029280927654916,-0.006869827692385533,-0.25682205949263726
2021-10-21,D,29.608577728271484,27.6,-0.277332595159109,-16.377542303933613,39,50.21489971346705,0.8048789890754553,1,0.10433485606459714,-0.011856341984389784,-0.24339240407173113
2021-10-22,D,29.695598602294922,33.6,-0.2728826856739202,-15.449637706651592,39,51.146131805157594,0.8077505272794354,1,0.11355287921944601,-0.03234584829410869,-0.25513477190574174
2021-10-25,D,29.6738338470459,43.6,-0.2587724775749463,0.0,38,35.79871060171919,-0.625155347927159,0,0.10190629874013624,-0.03163610664474392,-0.2446749136356522
2021-10-26,D,29.924020767211914,26.4,-0.0900349999083242,-22.625308194807552,38,51.51026743075454,1.414237751542008,1,0.07960740158348578,-0.059792125659028805,-0.24683090904629124
2021-10-27,D,29.924020767211914,20.0,-0.038665117568844,-22.071946137807913,38,50.02984718242598,1.211554901162511,1,0.08396911045806221,-0.05570583610415192,-0.24380620448784973
2021-10-28,D,29.836999893188477,11.6,-0.0715915230244045,-21.706866933330616,38,48.585243553008596,1.0436825446422309,1,0.0629143778365795,-0.040657267853641765,-0.2514599172636307
2021-10-29,D,29.54330825805664,30.8,-0.1313299365144931,-24.3571595762877,38,52.91905444126075,1.7029503575759233,1,0.08364007390438832,-0.03826949897096055,-0.24286977469852866
2021-11-01,D,29.695598602294922,36.4,-0.0397221308417447,-20.065330712070484,38,52.865329512893986,1.2843586211320093,1,0.060489126951002614,-0.04320161941842804,-0.23379833292290353
2021-11-02,D,29.64120864868164,47.8,-0.0441987364400633,-19.64257221845309,38,55.169531996179565,1.4420786572474948,1,0.06168496183849581,-0.030570257256348432,-0.2243766460989426
2021-11-03,D,29.717348098754883,32.0,0.0185763494091081,-19.18846755096556,38,51.37893982808023,1.0778899121242929,1,0.06457573847839693,-0.052505226261451154,-0.20428178931172014
2021-11-04,D,29.619443893432617,17.2,-0.0286255059193917,-18.95085300992468,38,48.83595988538682,0.8195143949256469,1,0.07259813000338267,-0.06513569765290617,-0.2092912675857529
2021-11-05,D,30.043676376342773,13.2,0.2172304409344664,-18.554563810785737,38,46.65711556829036,0.5613640530738475,1,0.06115250071754885,-0.08240648739148604,-0.1790315854215896
2021-11-08,D,30.282978057861328,2.8000000000000003,0.3432037728242835,-18.164521293665015,38,42.65759312320917,0.26189653605183616,1,0.06488038484847447,-0.08818925638480113,-0.17804664885725907
2021-11-09,D,30.60930061340332,10.4,0.4707531204000014,-18.12690040088078,38,43.887297039159506,0.31643416807666447,1,0.05280136469831387,-0.11933645183548025,-0.1520640245701529
2021-11-10,D,30.565793991088867,5.2,0.4743251795138091,-17.447054047506725,38,42.37702960840497,0.14941039731317374,1,0.03793444095419485,-0.11008201479674706,-0.1523376909693741
2021-11-11,D,30.293855667114258,5.2,0.3383777236585926,-46.73848731420427,38,46.74665711556829,3.3906690793526613,1,0.04248180646810473,-0.09732328340795848,-0.14435494457650633
2021-11-12,D,30.391748428344727,0.4,0.3924472805631754,-17.281200711676238,38,40.890639923591216,0.0952811758380051,1,0.05631438225699226,-0.09035530185115137,-0.1493447137569538
2021-11-15,D,30.663692474365234,1.2,0.509754643732597,-16.688178462840398,38,40.09670487106017,-0.023799013350623288,1,0.04767125598524968,-0.08863462847817505,-0.15984070269558137
2021-11-16,D,30.718076705932617,0.4,0.5613885868468617,-16.610216174079767,38,39.09980897803248,-0.07674134694537948,1,0.04292169464876361,-0.10761808093439107,-0.15432993695979524
2021-11-17,D,30.81597900390625,0.4,0.6252522655498982,-15.565639382889064,38,38.156638013371534,-0.22712608430365577,1,0.03744399759154993,-0.10071359744419073,-0.15114225602063025
2021-11-18,D,30.990020751953125,0.4,0.6980733710170366,-15.432490623938255,38,37.237344794651385,-0.2844318754608244,1,0.01762834558204429,-0.103970618357212,-0.14787752060353665
2021-11-19,D,31.0661563873291,0.8,0.6583845252163424,-15.066128808499585,38,37.84622731614136,-0.2935258274427943,0,0.01799686669863787,-0.11618553314104407,-0.14996586669882195
2021-11-22,D,30.990020751953125,2.0,0.6304938110316763,-15.16495609354326,38,38.73567335243553,-0.24528890616418475,0,-0.004252295217734292,-0.10719895300847582,-0.16503675351877578
2021-11-23,D,30.69632339477539,4.3999999999999995,0.4665027337302772,-15.689580640379216,38,41.66069723018147,-0.0497266201521932,1,0.0031020185893697594,-0.10988271569881258,-0.14930761165508466
2021-11-24,D,30.565793991088867,3.2,0.4301167986600194,-15.037544422921007,38,41.09957020057306,-0.11976672872060645,0,0.021569234457634145,-0.08717033881282188,-0.13864189197579646
2021-11-25,D,30.554920196533203,2.0,0.4355863953182128,-14.407617608585388,39,39.16547277936963,-0.2787661838825768,0,0.01611172279319728,-0.06465326365026591,-0.12352366585436891
2021-11-26,D,30.054550170898438,42.4,0.1141933317485717,-15.824011394095889,39,51.24761222540592,0.7748557996586878,1,0.03524792412884481,-0.03983432377751439,-0.11683695875673661
2021-11-29,D,30.054550170898438,58.8,0.0664720070013248,-16.35383478247935,39,55.396370582617,1.1489034696837561,1,0.024151881928561103,-0.04464271661788488,-0.11570770007945552
2021-11-30,D,30.021921157836914,50.2,0.1746242810788493,-15.85597561206608,39,52.560888252149,0.8799982157821411,1,-0.007688626265102028,-0.05360151658184842,-0.13095162537699012
2021-12-01,D,30.522287368774414,40.2,0.3467810692104076,-15.154547627026766,39,48.8658070678128,0.5267380283666654,0,-0.04471509990114653,-0.06256078358908246,-0.1503880432450767
2021-12-02,D,30.848609924316406,50.4,0.4951586451422307,-14.696190286202729,39,49.60601719197708,0.5693641932291933,0,-0.045091197013198636,-0.08184607021486179,-0.16927798685706474
2021-12-03,D,30.837732315063477,37.0,0.4584978243709923,-14.206444562115877,39,46.83619866284623,0.3022116552167038,0,-0.01699792792524768,-0.07142902647618088,-0.15614373782344504
2021-12-06,D,30.750709533691406,54.8,0.4427336028846801,-13.816686727322406,39,50.89541547277937,0.5828245078592238,0,-0.028314386820481596,-0.07169319277707775,-0.16185014875115278
2021-12-07,D,30.848609924316406,23.200000000000003,0.5551210065028315,-13.75771373570169,39,42.794890162368674,-0.04614327257962847,0,-0.031398104411917815,-0.08400805611332474,-0.16817767224474323
2021-12-08,D,30.968259811401367,12.8,0.5879372870798596,-14.068776317171212,39,40.866762177650436,-0.2150213194340862,0,-0.05488268346081837,-0.11303261638575368,-0.16116184691734015
2021-12-09,D,30.89211654663086,2.0,0.6716019042950216,-13.872137237290127,39,36.49116523400191,-0.47571327829292,0,-0.04859491320460407,-0.11228580534670551,-0.15836182017620493
2021-12-10,D,30.881237030029297,3.4000000000000004,0.5703548313597944,-13.89251174194442,39,38.2103629417383,-0.3891696690782591,0,-0.018022981395078186,-0.11629258890093563,-0.17198765560049367
2021-12-13,D,30.78333854675293,1.2,0.5012459565002536,-14.031307624678814,39,38.09097421203439,-0.3721756321297951,0,-0.017066440469821087,-0.11528771166841756,-0.1741323294918905
2021-12-14,D,30.47877311706543,4.3999999999999995,0.3137526039628423,-15.32032424651582,39,41.63681948424069,-0.06617909477312556,0,-0.0006794264331739797,-0.11848265810494663,-0.18109959194988878
2021-12-15,D,30.522287368774414,6.0,0.3773157023168518,-14.92171568746401,39,41.475644699140396,-0.11850535287855468,0,-0.0035608880104688323,-0.1277515988314053,-0.17893088872723328
2021-12-16,D,30.903003692626953,0.4,0.5090903458362247,-13.995734657683736,39,37.46418338108882,-0.3947243177081594,0,-0.006484355027634114,-0.12087187109502151,-0.17549981564088646
2021-12-17,D,30.870357513427734,1.6,0.5321778994868636,-14.042716792709252,39,37.95367717287488,-0.3821400909502428,0,-0.0061538621230898816,-0.139386892446678,-0.1885551386664086
2021-12-20,D,30.59842300415039,20.6,0.3712040442306106,-13.878042238896116,39,44.269340974212035,0.02950825126439338,0,0.004131679664109766,-0.14336364927262069,-0.1783855593550735
2021-12-21,D,30.859487533569336,3.5999999999999996,0.4996876773084651,-13.618266534309514,39,38.87893982808023,-0.37357830077142185,0,-0.015169483349021129,-0.14880959628620816,-0.1816698156571942
2021-12-22,D,30.859487533569336,2.8000000000000003,0.5378740113626282,-13.43617860338227,39,38.00143266475645,-0.4298288386376441,0,-0.014088902340953946,-0.1286374734467135,-0.19340218238672113
2021-12-23,D,31.033523559570312,1.2,0.6660755389606626,-13.308483174726046,39,35.95391595033429,-0.5473683263631633,0,-0.007439105758494047,-0.14176260305150967,-0.20157144486735012
2021-12-24,D,31.120548248291016,0.8,0.6793387599297211,-13.244902273055285,39,35.55396370582617,-0.5690923779295946,0,-0.013429410037796963,-0.1513064066049976,-0.19871427844715628
2021-12-27,D,31.359848022460938,2.0,0.772619777498717,-13.01447996604812,37,37.607449856733524,-0.4944992360463696,0,-0.02911056301603887,-0.1790507877825943,-0.20086005053525235
2021-12-28,bull,31.61003303527832,1.2,0.9308602520053576,-13.21201899947669,37,36.150907354345755,-0.5805666957756886,0,-0.041718093925327215,-0.21543978097554173,-0.2089745939134704
2021-12-29,bull,31.751440048217773,0.8,0.9830841917867824,-13.121919199588646,37,35.50023877745941,-0.6281245154309968,0,-0.06314064859767576,-0.22663596385128548,-0.2067961726685552
2021-12-30,bull,31.65354347229004,0.4,0.9481738632789942,-13.049321508968658,37,35.41666666666667,-0.6224177390571978,0,-0.05497556486901656,-0.22038118237918025,-0.20076860256647966
2022-01-03,bull,31.849340438842773,3.2,1.0019097805950712,-12.977939880194588,37,36.25835721107927,-0.6125089710749542,0,-0.07544405762360284,-0.24018178696456816,-0.17726265189711454
2022-01-04,A,32.545501708984375,3.5999999999999996,1.2772192118659884,-12.630611111777288,37,34.372015281757406,-0.8052770189642698,0,-0.09453745413525794,-0.23423357003744194,-0.19173261359406102
2022-01-05,A,32.4802360534668,4.8,1.242934235443949,-12.393030769587403,37,35.11819484240688,-0.7895747071434184,0,-0.07560609261918994,-0.22482332783173742,-0.18941184912934983
2022-01-06,A,32.175655364990234,8.4,1.0921620436162245,-12.4690033630349,37,37.171680993314226,-0.629097796009636,0,-0.07031040392286347,-0.22439483298368457,-0.18525505785358143
2022-01-07,A,31.892854690551758,20.8,0.8714296189586567,-13.347334301853008,37,41.762177650429805,-0.1858519119017884,0,-0.07809968290849834,-0.23633893368241843,-0.16845213165854922
2022-01-11,A,32.26267623901367,14.4,0.9962025855952438,-14.137820716362532,37,40.14446036294174,-0.28678765080770996,0,-0.09039000684247422,-0.21442773586938024,-0.17167149455031872
2022-01-12,A,32.53462219238281,8.4,1.0909491922111254,-14.618725883417016,37,38.07903533906399,-0.39638679949430766,0,-0.09355156836471812,-0.21074404051423212,-0.14161438080770516
2022-01-13,A,32.697784423828125,7.199999999999999,1.1562306770022233,-14.894256474893108,37,37.326886341929324,-0.42626960582185924,0,-0.09739465355535204,-0.21122896641065625,-0.16288058558520724
2022-01-14,A,32.697784423828125,16.0,1.1155798019577814,-15.65473817316541,37,40.07282712511939,-0.16530119374346464,1,-0.10521373785397425,-0.21053819109031668,-0.15792726804369073
2022-01-17,A,33.06761932373047,15.6,1.2453221771708618,-15.666174145700689,37,39.10577841451767,-0.2476075097387206,1,-0.13102092431912504,-0.2142453957892031,-0.1533509688782737
2022-01-18,A,32.697784423828125,27.200000000000003,1.0784880903947958,-15.904652592851512,37,42.32927411652341,0.08072229444070156,1,-0.12119216083760098,-0.19637910533571146,-0.14377477387928972
2022-01-19,A,32.30619430541992,43.8,0.9081355800656516,-4.886692664250571,37,40.79512893982809,-0.7156286538892715,0,-0.12912057386606834,-0.1834923764962879,-0.14592983129400305
2022-01-20,A,32.43671417236328,27.6,0.8956449058265452,-4.932106388721014,37,37.43433619866285,-0.9885742129888646,0,-0.1288550985582888,-0.18747414175317445,-0.15114975849955725
2022-01-21,A,31.714176177978516,52.0,0.5352874677567636,-6.208569203671662,37,47.24808978032474,-0.20876954819289184,0,-0.09744119361808568,-0.17643971424931992,-0.1183134763049003
2022-01-24,A,32.014312744140625,56.8,0.63330181560064,-7.384408473446348,37,48.573304680038206,-0.05515798004192163,0,-0.11250005957799714,-0.1767535591895486,-0.12621801257334053
2022-01-25,A,31.491859436035156,82.8,0.3020997050343171,-8.35404229132474,38,57.03199617956065,0.635845900484594,0,-0.09777634087352738,-0.16166141878978157,-0.11098714514447627
2022-01-26,A,31.46962547302246,84.0,0.2700025576051106,-9.812958673500182,38,58.32139446036294,0.8333424427982548,0,-0.08689509827386832,-0.15317507020211407,-0.11219719419434226
2022-02-07,A,31.636367797851562,60.0,0.5252569042024032,-8.903252839209728,38,50.03581661891118,0.1621305712291139,0,-0.10997899022872004,-0.16013692525180612,-0.11029412473997036
2022-02-08,A,31.769760131835938,45.4,0.600290940053011,-8.146758583063098,38,45.67812798471824,-0.22079306872837579,0,-0.12841140013534658,-0.17698239678626437,-0.13442196513746218
2022-02-09,A,31.880922317504883,19.6,0.8156672547652483,-7.900384388898837,38,38.29393505253105,-0.8285962634531112,0,-0.1352859160318245,-0.17488373317395345,-0.12691661902920082
2022-02-10,A,32.24774932861328,8.0,1.033635840772408,-7.405090879462678,38,33.9422158548233,-1.2147910242981972,0,-0.14374350716870088,-0.18216450737760714,-0.14796936294486318
2022-02-11,A,32.22551345825195,22.8,1.0017099496037307,-7.328490013935812,38,36.90902578796562,-0.9436703056512052,0,-0.1635045530009559,-0.16088568223989297,-0.14558653365255148
2022-02-14,A,31.725290298461914,67.60000000000001,0.6294577550329983,-7.453980275054688,38,49.91045845272206,0.0780908376293068,0,-0.14260674847138455,-0.14943821055601547,-0.1324794662045865
2022-02-15,A,31.580793380737305,71.2,0.5728860187616529,-7.313853369555713,38,51.1401623686724,0.15970438406802656,0,-0.13410794222847733,-0.14626308876056915,-0.13803457794871676
2022-02-16,A,32.103240966796875,32.800000000000004,0.8995926076052273,-7.143838787211002,38,39.553486150907354,-0.7273312904022438,0,-0.13885040909389057,-0.16896755244263317,-0.13944941057588744
2022-02-17,A,32.12546920776367,42.0,0.9350697316979304,-6.883715945184091,38,40.9204871060172,-0.6143495445070961,0,-0.13010367869188133,-0.15439840341962874,-0.14436622268790866
2022-02-18,A,32.03654861450195,47.599999999999994,0.8841396857146328,-6.088779352672132,38,41.72636103151863,-0.5715175620518982,0,-0.1443442747001764,-0.14675390134706423,-0.13801898242585398
2022-02-21,A,31.969852447509766,61.2,0.8630292516879877,-5.097016309897097,38,44.10816618911175,-0.42666395024946036,0,-0.13317113536391034,-0.1371880408629107,-0.1369445052653685
2022-02-22,A,31.53632354736328,77.2,0.5509732940510079,-5.92264909568791,38,51.277459407831905,0.12812092909741635,0,-0.1194925087014026,-0.12389195769522843,-0.12434635150739237
2022-02-23,A,31.6252498626709,62.0,0.6442445479971568,-5.26407289671378,38,46.24522445081184,-0.26555183478832256,0,-0.1318102287238223,-0.12599770130872934,-0.11839490387008689
2022-02-24,A,30.85824203491211,90.4,0.0777511419790679,-7.144498190565544,38,59.46752626552054,0.7713955145498979,1,-0.10338628680369621,-0.11013995890622463,-0.09048350642818048
2022-02-25,A,30.79154396057129,80.4,0.1364543872327527,-6.393568243685882,36,57.65878701050621,0.6130205186041088,0,-0.11263533737781639,-0.10674273709201965,-0.09602767951236768
2022-03-01,A,31.225074768066406,74.4,0.4266452877267214,-6.139369129714389,36,53.87416427889207,0.3088525154337002,0,-0.10644366490557777,-0.13001495577649458,-0.10931949384433337
2022-03-02,A,31.047212600708008,76.0,0.3807224722196401,-5.394095281048647,36,54.04130850047755,0.2836691709726419,0,-0.07948435652474084,-0.13851457096376318,-0.1183765672763829
2022-03-03,A,31.113910675048828,69.6,0.4570369165117413,-4.464930893367894,36,51.211795606494746,0.0257223925864013,0,-0.07252586183115561,-0.14254317967957386,-0.11654832292729878
2022-03-04,A,30.780424118041992,82.8,0.2028492791256328,-3.692250482878439,36,55.40830945558739,0.32460304845362553,0,-0.067172262005612,-0.12516644919597808,-0.11674888663620775
2022-03-07,A,29.791093826293945,95.6,-0.5078410991934973,-5.385894765090668,36,63.95654250238777,1.151766179974592,1,-0.046268632540144905,-0.09155673564817668,-0.08664025927720731
2022-03-08,A,29.157480239868164,96.4,-0.9559660547478348,-7.754184993947661,36,67.77698185291308,1.6856559570987781,2,-0.01868100677199991,-0.09548583275489753,-0.07115679374722839
2022-03-09,A,29.457609176635742,89.60000000000001,-0.7088923634053196,-7.133355153078255,36,64.26695319961796,1.353259639692789,0,-0.03849045383883776,-0.10316518014997278,-0.06569672339989374
2022-03-10,A,30.313554763793945,82.39999999999999,-0.1760572468890434,-7.177146569455631,36,60.45248328557784,0.9170567242216973,0,-0.055372313138719376,-0.12214345745082134,-0.09856583070078573
2022-03-11,A,29.880022048950195,86.4,-0.3903534098399909,-6.589914296625063,36,61.9329035339064,1.0504582603806298,0,-0.04464284061452073,-0.12796046556890361,-0.08122790520484291
2022-03-14,A,29.880022048950195,87.0,-0.3921588618765138,-5.655060752642215,36,61.12106017191977,0.9611977159556692,0,-0.05431535075560123,-0.13742692092941433,-0.0638049138703145
2022-03-15,A,29.268638610839844,93.2,-0.8160591601343284,-6.440182961466065,36,65.0668576886342,1.4050207714268121,2,-0.06152668235713643,-0.11747604918177645,-0.036738924677143237
2022-03-16,A,29.39091682434082,88.4,-0.7894188230174862,-7.121892085162897,36,64.08190066857689,1.3783755107440716,1,-0.06694403154457651,-0.11537347076977189,-0.03799126566707578
2022-03-17,A,30.324665069580078,67.4,-0.1426137154970601,-6.94313434185964,36,56.62010506208214,0.6079990026147869,0,-0.10007322538511887,-0.16276018063687336,-0.07333564461044939
2022-03-18,A,30.257976531982422,64.4,-0.134124651606629,-7.117804487728313,36,56.02316141356256,0.5690270360743622,0,-0.09992666365521607,-0.15493207405445342,-0.0793224538691446
2022-03-21,A,30.458065032958984,52.0,-0.0039451727299502,-6.935983947723881,36,52.48328557784145,0.25433934367726596,0,-0.11788332471861684,-0.14265306631093966,-0.0838513330809244
2022-03-22,A,30.41360092163086,32.6,-0.0056812433464741,-6.98353378738125,36,48.24498567335244,-0.0810548059494064,0,-0.12463452039028478,-0.13693561927181153,-0.07794726357039228
2022-03-23,A,30.702617645263672,14.000000000000002,0.2139897346282229,-6.873945521719619,36,43.45749761222541,-0.5498678417985015,0,-0.11513408635912226,-0.1623797432244266,-0.0836125259007664
2022-03-24,A,30.68038558959961,18.2,0.1702877552511257,-6.286078814941533,36,43.98280802292264,-0.5135987600806968,0,-0.13405800480163388,-0.16029783110826634,-0.08747340283007687
2022-03-25,A,30.72484588623047,21.6,0.1386987426564318,-6.661687626233101,34,47.254059216809935,-0.26124555173073916,0,-0.14688843298527232,-0.17108720596886096,-0.08879387172173392
2022-03-28,A,30.39136505126953,34.0,-0.0697544399700567,-6.600920881578184,34,50.63276026743076,0.07341381902856503,0,-0.13569859044543475,-0.1657144786550978,-0.07879531522494154
2022-03-29,A,30.424711227416992,21.2,-0.0350040368314527,-6.426013350501876,34,47.7256446991404,-0.19130354206184796,0,-0.11618549722966343,-0.1591914294693395,-0.080945697817565
2022-03-30,A,30.802661895751953,14.4,0.2103991723673196,-6.490599711068088,34,45.308022922636106,-0.4487454929153027,0,-0.1353302332101879,-0.17648707393792462,-0.09447600310747117
2022-03-31,A,30.702617645263672,22.8,0.1420299668177558,-6.511325022262689,34,47.20033428844317,-0.2583099153786032,0,-0.13975380775589807,-0.18375339674799318,-0.09943831818746007
2022-04-01,A,30.446945190429688,26.6,0.048005897493569,-6.566721585998215,34,48.316618911174785,-0.12999204061884528,0,-0.15443594198773059,-0.18470274450215018,-0.08313673246729558
2022-04-06,A,30.291322708129883,27.200000000000003,-0.0917344375215197,-5.798799781796924,34,48.37631327602674,-0.11990882327760283,0,-0.18128453219138363,-0.19582817031545818,-0.08071787477874237
2022-04-07,A,29.746633529663086,67.4,-0.5515033703848536,-6.639808447088501,34,60.165950334288446,0.9496857234605837,0,-0.1745142587399956,-0.18224409477344639,-0.0669963579303996
2022-04-08,A,29.913372039794922,40.400000000000006,-0.4160630083363822,-6.385255541237184,34,53.402578796561606,0.36700467165814077,0,-0.1750278737366595,-0.2038226583797641,-0.07915822399249339
2022-04-11,A,29.446496963500977,66.4,-0.7360798498401324,-7.098676866901546,34,60.76289398280803,1.0904300087826901,0,-0.17818038021316263,-0.19388882753412018,-0.06573693140727577
2022-04-12,A,29.468732833862305,71.6,-0.8185268107585016,-7.375533431816894,34,62.67311365807068,1.2604694581575728,1,-0.15428149572853977,-0.2056314446576829,-0.06879740542830037
2022-04-13,A,30.024532318115234,41.4,-0.4116045921147121,-7.074777275878629,34,54.21442215854824,0.4563940385395936,0,-0.16142169914916638,-0.2297571095820462,-0.08950321259051397
2022-04-14,A,29.913372039794922,32.0,-0.4990714612816432,-6.780561668240565,34,52.19078319006686,0.31072152307996614,0,-0.16573749960307904,-0.20722674205593727,-0.09810873046367641
2022-04-15,A,29.40203285217285,60.0,-0.8392319115563832,-6.021785407521878,34,58.607927411652334,0.922357054056746,1,-0.17164464296221127,-0.17458383265327648,-0.08635845049147484
2022-04-18,A,29.246408462524414,71.2,-0.9891122835450724,-5.472516936935687,34,61.08524355300859,1.148635567487108,1,-0.1375902669839928,-0.16438877360421833,-0.08228797249115516
2022-04-19,A,29.346452713012695,41.8,-0.8670023659058274,-4.958011355293364,34,53.61150907354346,0.5035070122772286,1,-0.13636363931791728,-0.18111687688925893,-0.07437842978350506
2022-04-20,A,29.490957260131836,32.6,-0.6634102255982897,-4.270015144933232,34,50.46561604584527,0.14724607895496933,0,-0.12928752266479449,-0.22733072668658894,-0.07656032578449212
2022-04-21,A,29.513195037841797,22.0,-0.7048495498154979,-3.435249635617785,34,47.84503342884432,-0.10502738698847597,0,-0.12611748124880517,-0.23174646525970288,-0.08117600937970126
2022-04-22,A,29.25752830505371,24.4,-0.8614364599689938,-3.2680009714692417,34,48.51361031518625,0.011503024314405419,1,-0.11770906382015278,-0.23431417103087215,-0.07077441441373311
2022-04-25,A,28.735069274902344,75.2,-1.4327612998857822,-5.170431018689076,31,64.0639923591213,1.6480399938044952,1,-0.09577269902024843,-0.19794918864697852,-0.051463573744750524
2022-04-26,A,28.735069274902344,62.4,-1.4060517107596238,-6.007018324466206,31,61.75978987583572,1.4972231273056615,1,-0.08555561426235336,-0.21291150109535384,-0.04542452493293925
2022-04-27,A,28.13479995727539,76.4,-1.886745216972711,-7.672613214832169,31,67.59789875835722,2.206876049405261,1,-0.062433215205910386,-0.18686922647531268,-0.02217983940871293
2022-04-28,A,28.257078170776367,75.4,-1.7193520049647917,-7.6254240916448,31,66.98304680038204,2.085480044493404,1,-0.06728965881321625,-0.20119877039567136,-0.035418320553698646
2022-04-29,A,28.62390899658203,68.0,-1.4734830228594338,-8.056100292860897,31,65.23400191021967,1.8567081312862344,1,-0.08752728362145779,-0.2157838265597276,-0.04980078858295223
2022-05-03,A,28.412700653076172,78.0,-1.6083113452904585,-8.034026459160872,31,67.65759312320917,2.1098792620264204,1,-0.07239831428157528,-0.21234344747381895,-0.04558767673184694
2022-05-04,A,28.412700653076172,74.0,-1.5225062044415143,-7.796743610531848,31,66.39804202483286,1.963257290967211,1,-0.07080847112578192,-0.21473281062224403,-0.04558767673184694
2022-05-05,A,28.735069274902344,47.599999999999994,-1.3451133497765335,-7.560978385897552,31,59.96298949379178,1.36843129293065,1,-0.0725874670072959,-0.23850469272345765,-0.04502194822963157
2022-05-06,A,28.157032012939453,78.0,-1.7699043340583367,-7.607254597634771,31,67.70534861509074,2.159100336920265,1,-0.05635589999833357,-0.2156390081446139,-0.009393124177555445
2022-05-09,A,27.690160751342773,87.8,-2.289585783295863,-8.662742367080723,31,71.51384909264566,2.751955381061325,1,-0.055726975614940666,-0.19097346472586174,0.02067845973916249
2022-05-10,A,27.567882537841797,85.2,-2.25115325930891,-9.184841902889715,31,71.11986628462273,2.739864743737877,1,-0.04579295963402663,-0.19764534704718784,0.028143267621498103
2022-05-11,A,27.61234474182129,83.6,-2.3008319696518504,-9.299666809595736,31,70.92287488061127,2.7533788955009766,1,-0.0448709008697421,-0.18828367084182362,0.024811939029984575
2022-05-12,A,26.95649528503418,92.0,-2.806126898709809,-10.8576590183201,31,74.36127029608404,3.3673332960232325,2,0.003130765111105216,-0.1639177392829121,0.04888704544488065
2022-05-13,A,27.2010498046875,74.0,-2.4584007554620526,-10.967025810047966,31,69.7289875835721,2.8572096341795556,1,-0.007967711516799758,-0.16810715014966504,0.03435324865032241
2022-05-16,A,27.345558166503906,78.0,-2.336703969942719,-11.52800587935423,31,70.67812798471824,2.916418160810544,1,-0.014037715697929554,-0.1832607609374045,0.041155969875875886
2022-05-17,A,27.645692825317383,56.2,-2.097629738893516,-11.775906253313073,31,65.54441260744986,2.4184064345514504,1,-0.034973184295487125,-0.19089994311558922,0.05412387830944643
2022-05-18,A,27.94582748413086,48.8,-1.7356918189740609,-12.05245597956507,31,63.198424068767906,2.104565208795162,1,-0.027928299192269135,-0.18582417475915014,0.049426338117819046
2022-05-19,A,27.412256240844727,71.2,-2.07993243775297,-11.876463814711578,31,68.87535816618912,2.6829083944177907,1,-0.0028161170148700565,-0.1613089610801398,0.06985310310378212
2022-05-20,A,27.712390899658203,59.2,-1.87302638624626,-11.702048430514784,31,65.76528175740211,2.3308228735143968,1,-0.004634023695884615,-0.14671256113691566,0.05325668715449927
2022-05-23,A,27.767969131469727,73.2,-1.8253529998007456,-11.451683560805122,31,68.71418338108883,2.522173616908765,1,-0.004996492406143416,-0.15656946948819217,0.042816067932679225
2022-05-24,A,27.45671844482422,75.2,-2.0469147095710083,-11.52873693884351,31,69.4484240687679,2.696336805786441,1,0.006694996425204325,-0.10168036240898715,0.06812062997543356
2022-05-25,A,27.667922973632812,62.6,-1.825988771688113,-11.265843637556582,28,68.46346704871061,2.515873103571747,1,-0.007532421156545288,-0.10035909377938446,0.05662203673524546
2022-05-26,A,27.323328018188477,70.39999999999999,-1.9670109645152063,-11.132705361995992,28,70.48710601719196,2.721977884776439,1,0.006640562255864513,-0.050089097654058445,0.07291166749608546
2022-05-27,A,27.901363372802734,50.6,-1.549864806246497,-11.387619452044037,28,65.29966571155683,2.1549402258892614,1,-0.026379188356855043,-0.07139048491456657,0.06229383354923823
2022-05-30,A,28.579444885253906,32.4,-1.0841044764976482,-11.90428095692678,28,60.72110792741165,1.6156553886845888,1,-0.06412733434508866,-0.09302689694110866,0.02696981952580968
2022-05-31,A,28.85734748840332,29.6,-0.8156886883853302,-12.144658210207233,28,59.509312320916905,1.4340385563799156,1,-0.07549247463293873,-0.10411372808503827,0.02469688314155305
2022-06-01,A,28.712833404541016,34.2,-0.974991920007758,-10.095439493582354,28,60.23758357211079,1.3878026454143328,1,-0.06217030736570461,-0.10275708568883035,0.03952425548004701
2022-06-02,A,28.412700653076172,32.800000000000004,-1.1201846968251916,-9.476386426715097,28,59.867478510028654,1.381955207312102,1,-0.04748517732896951,-0.08571317518993471,0.07127086354469436
2022-06-06,A,28.612789154052734,29.2,-1.0384735173357416,-9.431995355448995,28,58.75716332378223,1.2656060416467527,1,-0.07826693105190186,-0.08578005887739915,0.0633752633597715
2022-06-07,A,28.323772430419922,32.800000000000004,-1.1459290216536624,-9.321565450585831,28,59.79584527220631,1.3804263581148346,1,-0.0672637381182013,-0.0676632717419895,0.07749349587813015
2022-06-08,A,28.63502311706543,26.8,-0.9365290166207558,-9.510385647613344,28,58.100525310410696,1.1717041807854043,1,-0.07068514425398953,-0.07779738078980758,0.0629535111539008
2022-06-09,A,28.546092987060547,22.8,-0.9946425007039806,-9.525212243796046,28,57.59312320916906,1.1371463751209867,1,-0.0872109704060583,-0.09355272025141159,0.06383329723017739
2022-06-10,A,28.257078170776367,26.8,-1.1943691255204187,-9.580141981537292,28,58.73328557784145,1.3312589484164326,1,-0.0878850790696657,-0.07587300766589089,0.06898255513539886
2022-06-13,A,27.467836380004883,75.2,-1.6800214585085411,-9.81953081595374,28,70.39159503342884,2.495554763823185,1,-0.059617429470628425,-0.04149369035897854,0.09969795967059913
2022-06-14,A,27.423370361328125,78.0,-1.6884607383006964,-9.81303262569002,28,71.11986628462273,2.549125197397002,1,-0.051904109573796875,-0.023436430638909655,0.09473120400530144
2022-06-15,A,27.28997802734375,81.2,-1.7267827264901914,-10.219242316615208,28,72.14660936007641,2.6718962338778023,1,-0.06965783997101438,-0.027369391593736747,0.09287544255556135
2022-06-16,A,27.234397888183594,75.2,-1.9045266286199376,-12.065709837332331,28,71.78844317096465,2.8703320422722634,1,-0.06111214295339029,-0.024138245948431614,0.09680510815154464
2022-06-17,A,26.86756706237793,88.0,-2.11849507118883,-13.499780087816513,28,75.6984240687679,3.37660684999062,1,-0.0280798927017466,-0.02892205592324426,0.11134948226093888
2022-06-20,A,26.623016357421875,88.0,-2.4179720785674426,-16.858433154467093,28,77.47731614135625,3.9156458202767,2,-0.014052529107055012,-0.025951832509345074,0.12199257665497831
2022-06-21,A,27.167699813842773,72.39999999999999,-1.9332280230996384,-18.155108456553886,28,73.48973256924546,3.495120816432071,2,-0.05339301258753082,-0.05672473140579559,0.11312433659262244
2022-06-22,A,26.567434310913086,85.2,-2.3678070156693862,-20.06471176070481,28,77.45940783190065,4.182790249559761,2,-0.030302060013409404,-0.020507090716647247,0.14088712983937746
2022-06-23,A,26.211721420288086,88.8,-2.5307083527679883,-21.44949156178485,28,78.83834765998088,4.491663852358303,2,-0.02836530873478471,-0.01671079864632985,0.15460428535117843
2022-06-24,A,26.26729965209961,85.8,-2.335746118899421,-21.77848008375057,28,78.05635148042023,4.359398145675596,2,-0.03472849619108265,-0.023098572935810746,0.1266165297789732
2022-06-27,A,26.889801025390625,83.2,-2.0070289841142737,-21.73907355869619,28,76.81470869149953,4.115553800066204,2,-0.04865945524187831,-0.033932685487303216,0.098814228968648
2022-06-28,A,26.634130477905273,81.2,-2.101339090989741,-21.85178090938249,28,76.52817574021012,4.1481125733231154,2,-0.047598334426027566,-0.023809515284172744,0.10719026235761997
2022-06-29,A,26.41180992126465,83.2,-2.2982754271152293,-21.7027746365233,28,77.31614135625597,4.283360111336244,2,-0.05114767073518156,-0.03187075980716947,0.1318407541635087
2022-06-30,A,25.744842529296875,95.6,-2.7360548951371206,-22.823218167464574,28,81.56041069723017,4.8807090191450735,3,-0.035794807297710896,-0.01250263748404179,0.1634099171770742
2022-07-01,A,24.79997444152832,99.6,-3.2201606645443994,-26.201442601397012,28,83.63777459407831,5.601142776950177,3,-0.017763971362361297,0.006415542938499774,0.22126343672737403
2022-07-04,A,24.555421829223633,100.0,-3.2770278933690467,-27.340903724474146,28,84.01981852913084,5.764684367943608,3,-0.009363984920747526,0.020585495870667048,0.24614697727136625
2022-07-05,A,24.677698135375977,99.2,-3.051410975748691,-27.074158108525975,28,83.42884431709646,5.588785528518781,3,-0.03490394854130252,0.03249225685664214,0.23762834163985924
2022-07-06,A,24.199708938598633,100.0,-3.366850430457382,-27.876526609232386,28,84.18696275071633,5.875449081025162,3,-0.019114227675693596,0.035119597320757645,0.2596486794959212
2022-07-07,A,24.922252655029297,99.6,-2.9133934110564375,-28.36099671237492,28,83.86461318051576,5.653324694501653,3,-0.0607175421488243,0.008741326442600394,0.21276747343078495
2022-07-08,A,25.177921295166016,98.4,-2.715975716709661,-28.291835071738895,28,83.17215854823306,5.508333386365128,3,-0.0814896001524793,0.002991860448732009,0.2060469458615224
2022-07-11,A,24.955604553222656,97.2,-2.790262912789695,-28.159395148649654,28,82.82593123209168,5.516714786030749,3,-0.04973164014098519,-0.002580953542683395,0.1965658773316017
2022-07-12,A,24.355331420898438,99.2,-3.1359744548147575,-28.947510331748884,28,83.76313276026744,5.840815812029021,3,-0.003548223194422051,0.017356362273995396,0.22653903045513868
2022-07-13,A,25.222387313842773,98.8,-2.6848557036656246,-28.84597304479709,28,83.39302769818528,5.556828781934244,3,-0.031073984434876634,-0.011336609498256767,0.19926692753479625
2022-07-14,A,25.344663619995117,95.2,-2.5152627475004605,-28.591647380721575,28,81.9484240687679,5.36600715815898,3,-0.051819538417762434,-0.011195897501659946,0.1902390467480084
2022-07-15,A,25.678144454956055,93.2,-2.3542366637125975,-28.04713380399771,28,80.99928366762177,5.177088930231095,3,-0.11260112445138404,-0.02624041772170793,0.18392373678974638
2022-07-18,A,25.791065216064453,88.8,-2.1386551805668534,-27.918505134306837,28,79.22039159503342,4.958632306109936,2,-0.12087320863431938,-0.023484933307676314,0.17874017541557996
2022-07-19,A,25.81365203857422,85.6,-2.1306283458788524,-26.212481782554057,28,78.24140401146133,4.713449211108846,2,-0.13216174215230803,-0.01995634924974443,0.17134279035551603
2022-07-20,A,25.983034133911133,82.39999999999999,-2.056790087400835,-25.786800005513623,28,77.16093600764088,4.56763579441487,2,-0.11299867800498775,0.008490454056727659,0.16957953599582698
2022-07-21,A,26.276622772216797,67.60000000000001,-1.8159915321493607,-24.609016745248592,28,73.44794651384909,4.03798847964379,2,-0.13927133111574352,0.0010977374689309372,0.14221743113898588
2022-07-22,A,26.378253936767578,68.4,-1.777736277250005,-24.491161434356687,28,73.60315186246419,4.016798238377883,2,-0.13272229060112362,-0.0019015456620420368,0.13247695086307099
2022-07-25,A,26.355669021606445,72.39999999999999,-1.7629559524236256,-24.31742318436444,27,75.4178605539637,4.126423063440569,2,-0.14356987981077673,-0.005339137952408479,0.1445813893960186
2022-07-26,A,26.1185359954834,71.2,-1.866251726371242,-24.477897413502102,27,75.35219675262655,4.183519392835924,2,-0.14055931825260426,0.015387513980035239,0.1414909919827716
2022-07-27,A,26.355669021606445,71.2,-1.7145198352241762,-24.48185643357551,27,75.01790830945559,4.094483047881849,2,-0.15086770037923825,0.013978979966725813,0.13300196751170446
2022-07-28,A,26.400840759277344,63.2,-1.713526967589573,-24.13834250896083,27,72.98829990448901,3.9159808912904146,2,-0.1548920056028027,0.012244065806056081,0.12394979960472896
2022-07-29,A,26.649263381958008,49.4,-1.5740491257393414,-24.557755417613247,27,69.84240687679083,3.6360473505807387,2,-0.17890336804135787,0.047955863376813346,0.11259150426975184
2022-08-01,A,26.57021713256836,70.8,-1.5658181221126517,-23.626419917277065,27,74.4448424068768,3.9074459949704,2,-0.16879574422814603,0.03017412364255967,0.09999780337255526
2022-08-02,A,26.147071838378906,95.2,-1.7787237836666343,-23.12371776952209,27,81.19030563514804,4.408305003977934,3,-0.1432281613667804,0.05304000497206274,0.11959510660318529
2022-08-03,A,26.30546760559082,90.8,-1.7172993219716282,-23.238113643687488,27,79.59646609360077,4.306968837549531,3,-0.159139873202906,0.0642908265956168,0.10705281554239998
2022-08-04,A,26.373353958129883,87.6,-1.7643454909780152,-22.158286872372095,27,78.5697230181471,4.16183618543721,2,-0.15015014211447797,0.061551287954719536,0.10909890648403775
2022-08-05,A,27.040889739990234,75.2,-1.3989679691741956,-22.081395316359423,27,74.97015281757402,3.719795719673774,2,-0.1665271470120998,0.020371632959762076,0.07520835899070155
2022-08-08,A,26.98431968688965,68.4,-1.390273720700706,-21.895480716329665,27,73.52554918815665,3.5748874235287955,2,-0.16142563149604294,0.02036712350649994,0.07006765479971633
2022-08-09,A,26.961688995361328,49.2,-1.3362511213608943,-21.761890595489795,27,68.97086914995225,3.1905897379230623,2,-0.1716323716776471,0.03709978076768805,0.0796728705850227
2022-08-10,A,26.678834915161133,53.400000000000006,-1.4247247527848357,-20.975901991264408,27,69.98567335243553,3.2318758013645645,2,-0.16157764352513726,0.04852891457328745,0.0985992171664869
2022-08-11,A,27.165348052978516,24.0,-1.1347707100059046,-21.490455380997027,27,63.06112702960841,2.598838614839321,2,-0.1624323344005174,0.030602214532230665,0.09750383114834182
2022-08-12,A,27.335060119628906,14.4,-1.018053704649784,-21.640643799452477,27,61.24641833810888,2.377214462012291,2,-0.15894043893971888,0.022087446317342385,0.06964908769835065
2022-08-15,A,27.58397102355957,10.0,-0.8659446616615178,-21.679174006186585,27,59.927172874880604,2.214221840936337,2,-0.14273999797399317,0.020413713369813014,0.06680519114130212
2022-08-16,A,27.629226684570312,12.4,-0.8432055726202858,-21.832933643253146,27,60.47636103151863,2.2596616086704495,2,-0.15233411332246094,-0.004705891449150568,0.07100554258028202
2022-08-17,A,27.640541076660156,14.000000000000002,-0.7747532887974746,-21.52417383189912,27,60.494269340974206,2.2141489930019653,1,-0.10765461159441014,0.007024550215421366,0.0752384622157769
2022-08-18,A,27.459516525268555,14.2,-0.8228601929693635,-21.19989189615958,27,60.673352435530084,2.2110385568536493,2,-0.09353118892912571,0.0006028466950227518,0.0746324764121209
2022-08-19,A,27.504770278930664,10.8,-0.7875855901665051,-20.70865053856957,27,59.71824259789876,2.077366650311187,2,-0.05635542818063355,0.0010595391077694583,0.0745714705555407
2022-08-22,A,27.165348052978516,28.199999999999996,-0.9328508304014346,-20.639158141257276,27,63.2103629417383,2.461855884786698,2,-0.04623082828493319,0.013141474236273432,0.09534339067405884
2022-08-23,A,26.746721267700195,33.6,-1.0634499253869556,-20.343159367626583,27,64.66093600764088,2.60198577614651,2,-0.030879801982245603,0.017752853618541176,0.10985407172581296
2022-08-24,A,26.678834915161133,33.4,-1.0655350711425469,-20.32418305294241,27,64.61914995224451,2.5976461806582853,2,-0.030958378019406485,0.03551984276126374,0.10871847241297927
2022-08-25,A,26.92774772644043,24.0,-0.9096290113517468,-20.21309831632255,24,64.46394460362941,2.5282403141940644,2,-0.043277344108310745,0.020792264002530203,0.08844406336780386
2022-08-26,A,27.063518524169922,24.4,-0.8083955192002473,-20.362989908338957,24,64.37440305635148,2.49176979817179,2,-0.040133756400521636,0.020373487269574442,0.0782127633663019
2022-08-29,A,26.373353958129883,66.4,-1.1479766486088303,-20.703183574205273,24,74.37917860553964,3.4681423480109936,2,-0.00815108850772961,0.04619825239077113,0.10197795900307738
2022-08-30,A,26.418609619140625,50.4,-1.094544832142554,-20.028036626403935,24,70.55276981852913,3.082086760918232,2,-0.0004283457608714736,0.045281987674500535,0.1111977797928807
2022-08-31,A,26.610952377319336,53.400000000000006,-0.9239391894973938,-20.089094352143896,24,70.97063037249285,3.040901080129544,2,-0.007653204392292556,0.04772580289443584,0.10448921906365793
2022-09-01,A,26.056560516357422,77.0,-1.202839240926033,-19.436105189713825,24,76.57593123209169,3.550368128426997,2,-0.006947662208620642,0.07712144416623445,0.14375547812913436
2022-09-02,A,25.77370262145996,75.6,-1.3142201783226188,-19.179460985473344,24,76.43863419293218,3.5636954759994195,2,0.013169471442834091,0.07996525971625656,0.15995124046064912
2022-09-05,A,25.83027458190918,77.2,-1.3080726267635798,-19.696783864020713,24,76.86843361986628,3.6440687550735826,2,0.019272729716212744,0.07670421044027087,0.1451414114510441
2022-09-06,A,25.999984741210938,74.0,-1.2724902581804447,-19.910255238004215,24,76.10434574976122,3.5897883966051256,2,0.030026160035447447,0.0527679312884588,0.13270077790526047
2022-09-07,A,25.38901710510254,81.2,-1.523169140621539,-18.36437433493272,24,77.76981852913084,3.697523415579689,2,0.0454547264373788,0.08265855477476536,0.1534858314720502
2022-09-08,A,25.570045471191406,58.8,-1.3224841190145076,-17.00592343617365,24,72.23615090735436,3.0382274089955454,2,0.039380525296455415,0.06323017308281598,0.12695765827832584
2022-09-12,A,26.113128662109375,63.2,-1.071287253379426,-13.8841555901099,24,71.41833810888252,2.630684400013259,1,-0.0008664942881351223,0.042004046512986726,0.1026209571391008
2022-09-13,A,26.2488956451416,65.4,-0.9660300375926096,-12.692780436331375,24,71.1855300859599,2.478783421481181,1,-0.012068901998920079,0.031766356892950265,0.10496701020005772
2022-09-14,A,25.717134475708008,75.4,-1.1928013719981507,-10.01613448774755,24,73.01217765042979,2.49968691502634,1,-0.0035196431703636843,0.07019469064616413,0.11457856582105785
2022-09-15,A,25.762386322021484,65.2,-1.1584789433727636,-8.066984873032196,24,69.47230181470869,2.0895221319003756,1,0.010101051980060616,0.06068101438448914,0.11307634388620347
2022-09-16,A,25.468217849731445,65.8,-1.2467771239962318,-7.533853310044315,24,69.3111270296084,2.0946125410740843,1,0.01199474472579709,0.0779289941847634,0.13054172416760346
2022-09-19,A,25.35507583618164,67.2,-1.3615822015681074,-8.063994696783784,24,70.33787010506208,2.24416369719666,1,0.012048344128445354,0.10327139214293579,0.1504005532987065
2022-09-20,A,25.581357955932617,58.8,-1.209342624511997,-8.205791399110831,24,68.30826170009551,2.0218159916238783,1,0.015480019048614624,0.10210491366723184,0.13334194253966158
2022-09-21,A,25.366390228271484,68.2,-1.3119564730076985,-8.23993256048993,24,70.61246418338108,2.251496228095403,1,0.024977716862263577,0.11463706268919238,0.1281390576071182
2022-09-22,A,25.0609073638916,62.8,-1.4288556595940018,-6.826469383096939,24,68.28438395415472,2.072811956967407,1,0.020316028462456392,0.12129963217512141,0.15828373150648534
2022-09-23,A,24.82331085205078,54.400000000000006,-1.5706441595489622,-2.474847308089517,24,62.72086914995224,1.5389027939252247,1,0.02415685996088679,0.12224512476945049,0.17362594705439238
2022-09-26,A,24.35942840576172,84.8,-1.8877535328301556,-5.3023354525346855,23,73.81805157593124,2.6328932480480534,1,0.024616806547401948,0.1455160282118828,0.21669547070804374
2022-09-27,A,24.325485229492188,83.2,-1.8030400814518912,-5.480419027358716,23,73.50764087870105,2.573994400233209,1,0.030232578197773696,0.15282156511593636,0.22852646633567408
2022-09-28,A,23.816349029541016,92.4,-2.130007128944671,-7.944773476307872,23,78.86222540592169,3.1947019755661605,2,0.06983367644710436,0.1813521122519406,0.2513393129577197
2022-09-29,A,23.737150192260742,91.6,-2.018151966871591,-8.306355459021422,23,78.63538681948424,3.1536874019097034,2,0.05529066332355792,0.17944520025266164,0.2485915946215953
2022-09-30,A,23.409034729003906,93.2,-2.0883775134230036,-8.936341476951343,23,79.57855778414518,3.291249997612579,2,0.07394886171975146,0.19597703134894617,0.2691012424269188
2022-10-03,A,23.126182556152344,94.8,-2.1718216919096176,-8.807438538315497,23,80.28295128939828,3.3547079859251348,2,0.09197659668876468,0.21060481097388983,0.2668589450695187
2022-10-04,A,23.714521408081055,89.2,-1.857303678617867,-8.964494818713623,23,77.96680993314232,3.0876208397905804,1,0.0496182853076339,0.17910714979419273,0.23592404199742312
2022-10-05,A,24.26891326904297,85.2,-1.598023497279679,-9.408079869258929,23,76.59980897803247,2.912193729612991,1,0.020979023727002,0.1493118462106744,0.21301118367796046
2022-10-06,A,24.438627243041992,84.0,-1.4788381560154944,-9.418033184711224,23,76.17597898758356,2.821867499168241,1,0.020370363288375604,0.13138928417258922,0.18969819351294892
2022-10-07,A,24.031314849853516,91.4,-1.6404289366862248,-9.089111270599082,23,78.18767908309457,3.01192882960363,2,0.04284378613783435,0.1616378807444523,0.21083946527315334
2022-10-11,A,22.78675651550293,97.6,-2.196581893723285,-9.803009786711508,23,81.99617956064947,3.5260438214180345,2,0.09731892738345582,0.22203752411833677,0.279548211269222
2022-10-12,A,22.673616409301758,96.6,-2.177140613036909,-10.00756365927084,23,81.75740210124164,3.5190505383356925,2,0.11077841817942446,0.22405340733820922,0.2605664519173705
2022-10-13,A,22.402074813842773,98.8,-2.398148888699556,-12.755377858339894,23,83.78701050620822,3.9846343460106937,2,0.1292929781418508,0.22959515421656573,0.2816098643021594
2022-10-14,A,23.046985626220703,94.0,-2.0450355025682585,-13.18359988222994,23,81.62010506208213,3.738139178143161,2,0.1369661228784489,0.193682117852652,0.24269141650372772
2022-10-17,A,22.617042541503906,95.6,-2.1628241186769497,-13.326814841330128,23,82.49164278892073,3.8512138954014166,2,0.16308166982125916,0.21330454338916915,0.2574919184296909
2022-10-18,A,22.87727165222168,93.0,-1.9679916839468088,-13.175646654095155,23,81.14255014326648,3.6742489476436893,2,0.1508406632862218,0.1949519433389868,0.24934479179615554
2022-10-19,A,22.571788787841797,92.0,-2.071599626807261,-13.100001354220453,23,80.91571155682905,3.709568682992858,2,0.16140341003866965,0.19523575816972594,0.29485442007591955
2022-10-20,A,22.44733238220215,91.6,-2.0610879312396375,-13.041213640486925,23,80.71275071633238,3.689984251684825,2,0.18145153649879808,0.19670874010216965,0.3119689431446544
2022-10-21,A,22.37944984436035,92.4,-2.145106443970429,-13.370621619353052,23,81.39326647564471,3.7891568203420958,2,0.19413544911621883,0.19930476370753025,0.32748728253837345
2022-10-24,A,22.311561584472656,96.4,-2.0707765286975066,-13.471788135836466,23,82.682664756447,3.826671012989495,2,0.19776889168830336,0.21747236461508113,0.33100030741127906
2022-10-25,A,21.881620407104492,98.4,-2.216071698413386,-14.012279849799947,17,90.54441260744986,4.40588000198405,3,0.27628810372418844,0.2445659625718395,0.3646624107816141
2022-10-26,A,22.085277557373047,93.2,-2.118802463630872,-14.51752751551622,17,88.68194842406876,4.311504995446602,3,0.2393754200475584,0.22785106821408263,0.35260987822312817
2022-10-27,A,22.402074813842773,88.4,-1.8971357033366807,-14.79398516737294,17,86.87320916905443,4.126134645119942,2,0.2290786852330995,0.21358597799481127,0.3282423477491412
2022-10-28,A,22.119218826293945,89.60000000000001,-1.9936333446166103,-15.015103655536798,17,87.4761222540592,4.228020872796255,2,0.26571684478557556,0.23224333247304152,0.3659234441517307
2022-10-31,A,22.41339111328125,88.0,-1.8089897521731737,-15.326453995871244,17,86.81948424068767,4.12458359804425,2,0.24910450723134026,0.2238126870467647,0.3511380919119549
2022-11-01,A,22.5378475189209,83.0,-1.6960035583779909,-15.316229733891172,17,85.28533906399235,3.968833533887272,2,0.2242409927352189,0.2206478275856203,0.359822002157524
2022-11-02,A,22.628358840942383,80.80000000000001,-1.6098936150680745,-15.45278832044888,17,84.70033428844317,3.8940665766421163,3,0.21678787455293547,0.20451775180872,0.35490156296767883
2022-11-03,A,22.334190368652344,74.0,-1.6917134863911218,-15.02388047916622,17,83.10649474689589,3.7763032974274404,2,0.25198009351001427,0.21779277902101768,0.37695169787937166
2022-11-04,A,22.368131637573242,70.0,-1.629078740868221,-14.521948707251116,17,81.99617956064947,3.6147823253999047,2,0.25059751386140916,0.21232439436622608,0.37433739253639975
2022-11-07,A,22.752817153930664,59.4,-1.4221975068051504,-14.886697025379997,17,79.42932187201528,3.345545325876904,2,0.23047039285427173,0.19182743205670816,0.3676097191146068
2022-11-08,A,22.990413665771484,46.400000000000006,-1.2884842270771926,-15.17827185449059,17,76.2714899713467,3.069299015869373,2,0.21523788996447357,0.19360011840447977,0.34122284483023235
2022-11-09,A,23.646635055541992,47.2,-0.9987013340773712,-15.733515044723386,17,76.1222540592168,2.972444084995514,3,0.19031998571987097,0.17955681428903403,0.3035058991436037
2022-11-10,A,23.420352935791016,51.6,-1.1085304737682862,-15.41627609903953,17,77.29823304680038,3.080429820187483,3,0.17415850300634994,0.2067602355564495,0.3150976340926508
2022-11-11,A,24.66490936279297,50.8,-0.6189707346993127,-16.325759594237034,17,76.2774594078319,2.875843442929351,2,0.12851432113605243,0.14915211797286565,0.24064951085394792
2022-11-14,A,24.89119529724121,68.0,-0.445718853888301,-16.77185743053899,17,79.72182425978987,3.1246506361364252,2,0.10384696580232178,0.13684619071574255,0.2378588606801988
2022-11-15,A,25.954727172851562,85.2,-0.0832844016131115,-16.505630699083632,17,81.83500477554918,3.1850393521593996,2,0.06084384841816637,0.08937067636153273,0.1862314216190888
2022-11-16,A,25.90947151184082,83.2,-0.0797214829000035,-16.38158584705639,17,81.33357211079274,3.1343405346191124,2,0.06225017989881487,0.08591540430763334,0.19011566895673404
2022-11-17,A,25.920787811279297,68.4,-0.0695031394875432,-16.012058831188103,17,77.85936007640878,2.8278732706534035,2,0.05018227429400435,0.09838448360178886,0.1936716066377835
2022-11-18,A,25.852901458740234,62.8,-0.0872765264914765,-16.095647115472534,17,76.5639923591213,2.748781963366896,2,0.06860202830586104,0.1272229922078243,0.19226572456432112
2022-11-21,A,25.762386322021484,54.6,-0.1278465192768969,-16.05657857247504,17,75.16714422158549,2.6241202581595635,2,0.06696779648342965,0.13836843511950558,0.1877978753097489
2022-11-22,A,25.977357864379883,37.6,-0.0285098279181631,-15.920949603966324,17,70.60649474689589,2.251617008627658,2,0.06303716176453422,0.12894804604270438,0.18203507484828685
2022-11-23,A,26.158382415771484,39.4,0.0476414071619727,-15.8247902202911,17,70.5885864374403,2.228029715525394,2,0.05479598784529638,0.11582821017656753,0.16667546512362152
2022-11-24,A,26.40729331970215,30.4,0.2299957840261481,-15.857009296528776,17,67.6098376313276,1.9655369458584948,2,0.04572992165345724,0.09654874634769572,0.1650128959661834
2022-11-25,A,26.40729331970215,34.4,0.2406517391837743,-16.039707669491293,18,67.80682903533906,1.9827265129748897,1,0.0558061027977772,0.11056771503587526,0.16634637115550577
2022-11-28,A,25.87552833557129,52.400000000000006,0.0441580484979935,-15.42809274807982,18,72.66595033428845,2.3494789435266603,1,0.08465727653572697,0.12981411415066035,0.19303765254146898
2022-11-29,A,26.113128662109375,50.6,0.2055315310843071,-14.774249326613145,18,71.03032473734478,2.1520782441238637,0,0.06592755719169086,0.12263520028048025,0.1826317673181992
2022-11-30,A,26.328094482421875,42.8,0.382457920608263,-14.709151477041663,18,67.86652340019103,1.9034103207305995,0,0.05634554820283322,0.1257725574607722,0.1872422393618316
2022-12-01,A,26.780664443969727,48.8,0.521979563905351,-14.363291436098075,18,67.68744030563515,1.8894550207699887,0,0.022078828805890405,0.09594843762608352,0.17200011879681054
2022-12-02,A,26.543067932128906,42.8,0.4937199886677075,-13.520969456350384,18,66.36222540592169,1.7095809886607083,0,0.03558626442310597,0.11403979761159144,0.18425998396690124
2022-12-05,A,26.577007293701172,56.00000000000001,0.5150295745041716,-13.070928870475504,18,68.97086914995225,1.8808429506765467,0,0.02294602140977986,0.12306425015175115,0.17833105569209606
2022-12-06,A,26.09050178527832,70.6,0.2866234300578875,-13.161450586036644,18,74.21203438395415,2.2823262051753708,0,0.04290772009550148,0.16661989158952917,0.20345257822300078
2022-12-07,A,25.932100296020508,72.8,0.2029810780242094,-13.468886145308648,18,75.50143266475645,2.4035536293795765,0,0.04437076531001383,0.17329995853893787,0.2003930011490973
2022-12-08,A,25.626619338989258,64.0,0.1408038641698164,-12.9666663354404,18,73.47182425978988,2.2310856977822087,0,0.07397469835838466,0.19089764314240032,0.21790823557099137
2022-12-09,A,26.022613525390625,39.6,0.2971688971045791,-13.017343954513583,18,67.0546800382044,1.7147819359948415,0,0.05007416070429649,0.16966339044152234,0.20433670806805138
2022-12-12,A,25.77370262145996,53.6,0.2175728439398231,-12.247233793924202,18,70.70200573065904,1.9250824313053965,0,0.0651527587495837,0.17826626121534894,0.22279893283744956
2022-12-13,A,25.66056251525879,75.8,0.1402292339881711,-12.1526046525636,18,76.128223495702,2.3513182747496413,0,0.09013704586716131,0.17714970611791325,0.24191340187794652
2022-12-14,A,25.977357864379883,37.6,0.3536177492935657,-12.532521220949905,18,66.09957020057305,1.5939659253099134,0,0.08530438117312689,0.1627942988411495,0.22676819766664513
2022-12-15,A,25.999984741210938,21.2,0.3566430653788953,-12.187553992634111,18,62.738777459407835,1.2662212409455007,0,0.08747443417736012,0.1546629566268667,0.22299178078976012
2022-12-16,A,25.570045471191406,24.8,0.164958259934638,-11.711938385452394,18,64.44603629417384,1.3912940559476075,0,0.09897286810718842,0.16638614692988285,0.23850580199951255
2022-12-19,A,25.422964096069336,13.2,0.0788504299502336,-8.289534920059491,18,61.26432664756447,0.8684969656052943,0,0.09577465000069396,0.17495452569237413,0.22397112151702814
2022-12-20,A,24.95907974243164,29.2,-0.1672487402632048,-9.659604611810058,18,66.14732569245464,1.4431477271473532,0,0.11799457210922482,0.19632843247912657,0.2462492394396163
2022-12-21,A,25.0609073638916,11.4,-0.0948710383570118,-6.812197829006639,18,60.43457497612225,0.7798031123351864,0,0.11899156512077314,0.19192917827987577,0.23790679339344534
2022-12-22,A,25.47953224182129,4.8,0.115294004762454,-6.376425175336103,18,57.34837631327603,0.4926610472362212,0,0.10423904038540521,0.1868753140763939,0.22309636486961626
2022-12-23,A,25.049592971801758,5.2,-0.0436572488559156,-5.728257873204612,18,57.60506208213945,0.5234739935435145,0,0.11764961185014977,0.2100174207339094,0.24643200085036399
2022-12-26,A,25.140106201171875,4.0,-0.0263439363334307,-5.522107994934312,12,59.59288443170965,0.8698915351626073,1,0.11362567993580885,0.20382012852774545,0.2354078583038659
2022-12-27,A,25.253250122070312,4.3999999999999995,0.0159927024325222,-5.363526050750441,12,59.45558739255014,0.8348574128015582,1,0.10863622411400131,0.1718560517028127,0.23498569785927104
2022-12-28,A,24.89119529724121,12.4,-0.1356015073436908,-5.70598133890082,12,62.65520534861509,1.102042330674316,1,0.12336757686019828,0.18704206961526504,0.2510626119000119
2022-12-29,A,24.778051376342773,13.2,-0.2204003637452377,-5.810282984729985,12,63.30587392550143,1.1773817549676653,1,0.12569584634090103,0.19012788631369726,0.25677533430299126
2022-12-30,A,24.936450958251953,7.4,-0.1704302039165176,-6.176844978286552,12,62.106017191977074,1.0853648569527043,1,0.10880257294658158,0.1988058328811595,0.23937802100401395
2023-01-03,A,25.0609073638916,15.2,-0.0847414845583375,-5.852774417271451,12,63.11485195797517,1.1371919666588264,1,0.11391360449734389,0.1951604417125543,0.22172003282103936
2023-01-04,A,25.00433921813965,15.2,-0.1078028053815175,-5.477080667025678,12,62.89995224450812,1.1102448082019478,1,0.11365756447149877,0.21128184004317485,0.23265050659923459
2023-01-05,A,25.18536376953125,8.799999999999999,-0.0063910346878022,-2.8947252119566165,12,58.65568290353391,0.659089529257511,1,0.10197802487416308,0.2149780709194764,0.2676676170580923
2023-01-06,A,25.298505783081055,7.6,0.0625391475092499,-3.1815332509465297,12,58.27363896848138,0.6282724421404376,1,0.08881855994513743,0.2072578072654372,0.2705445832133002
2023-01-09,A,26.203641891479492,21.2,0.4394918876252263,-4.2288615586353835,12,59.264565425023875,0.7584781880189255,1,0.04988362786976941,0.16331659297341616,0.22894909142391073
2023-01-10,A,26.30546760559082,17.4,0.48968648426711,-5.159611679654033,12,59.06757402101242,0.7624268379335528,1,0.04318086585925496,0.14899677275532341,0.2237350145642567
2023-01-11,A,26.328094482421875,14.000000000000002,0.4381247490000821,-5.569274516803307,12,59.27053486150907,0.7771797222346944,1,0.03832961543677604,0.15335939338301352,0.2377389103520382
2023-01-12,A,26.21495246887207,18.4,0.419499985098627,-6.21788358600265,12,60.90616045845272,0.9356232101650177,1,0.02913057413007758,0.1390836924852219,0.24308091021766653
2023-01-13,A,26.520435333251953,7.199999999999999,0.5133416065851644,-7.453762670757662,12,58.72134670487106,0.8164843810964438,1,0.01291394791240097,0.1264055137868405,0.23646175087990473
2023-01-16,A,26.72409439086914,10.4,0.6175154790296787,-9.04029347969102,12,59.60482330468004,0.9826165943832652,1,0.0043289181266139565,0.13187651923950128,0.2238925619233063
2023-01-17,A,26.72409439086914,11.4,0.6247946919691797,-10.36643855631667,12,60.55396370582617,1.1390465205005338,1,0.01645014581987092,0.1288018903839392,0.20771198766237275
2023-01-30,A,27.9272518157959,27.200000000000003,1.1917358618395502,-10.8624439565619,12,58.828796561604584,1.1364661726631142,1,-0.024855000261919113,0.08857702639195675,0.1556815317223017
2023-01-31,A,27.371950149536133,23.799999999999997,0.9565797204834396,-10.090621951164133,12,59.813753581661885,1.1319646650709208,1,-0.009298515725794765,0.11066126347792116,0.18570949254692337
2023-02-01,A,27.533912658691406,22.0,1.1090860110889835,-9.535198991617673,12,57.99904489016237,0.9504136433996959,1,-0.01260513864932078,0.09815977056879821,0.18615086209882437
2023-02-02,A,27.996667861938477,17.2,1.2807564965476792,-9.234918275349168,12,55.8142311365807,0.7322808911562296,1,-0.026446288086025116,0.08545863943393517,0.22146156129479966
2023-02-03,A,27.996667861938477,20.0,1.2796131825282135,-9.170705438879914,12,56.14851957975167,0.7753209980540946,1,-0.020247961670265102,0.07204245554854816,0.2124518090187042
2023-02-06,A,27.59175682067871,19.6,1.0612174112666115,-8.351685544937455,12,57.28271251193887,0.8086606558496992,1,-0.0029350145689621687,0.08266989962067672,0.22850330640195815
2023-02-07,A,27.533912658691406,14.8,1.064088588261716,-8.014195577363816,12,56.22612225405922,0.686039144934806,1,-0.010084027792209627,0.09560194517758047,0.23588284599984766
2023-02-08,A,27.96196174621582,10.4,1.2703023940793094,-7.780863559178444,12,53.671203438395416,0.4618063767500168,1,-0.027306595900538633,0.0662368339251771,0.21309762722967984
2023-02-09,A,27.973529815673828,6.0,1.238249927194322,-7.399821552703788,12,52.33404966571156,0.362118577560142,1,-0.030603866608537533,0.06747432495401329,0.2263362812935823
2023-02-10,A,27.996667861938477,12.8,1.2118837933981574,-7.47252269618071,12,54.19651384909264,0.5052286238990057,1,-0.03140503097187508,0.05988397716168681,0.23347438265572262
2023-02-13,A,27.93882179260254,27.4,1.159098326380854,-7.368187821057548,12,57.037965616045845,0.7821343357544237,1,-0.017805379291314316,0.06123816723237563,0.23774806220840272
2023-02-14,A,28.147062301635742,24.4,1.256636036604731,-6.972231564883945,12,55.539637058261704,0.6290764105744088,1,-0.009042250453627054,0.03837409985263429,0.22346992481687034
2023-02-15,A,27.49920654296875,16.400000000000002,1.0316489720364614,-7.238078404875319,12,56.25596943648519,0.6495773059074555,1,0.02776604050187892,0.06454466737099573,0.2518569094900198
2023-02-16,A,27.83470344543457,3.2,1.1389670496128346,-6.991454545979961,12,51.48042024832856,0.32729105302514583,1,0.01828758080450199,0.04623144392455192,0.23245266816145183
2023-02-17,A,27.476070404052734,4.0,1.0658320703807007,-6.091461050949481,12,51.581900668576885,0.28737074949018837,1,0.02989474622456867,0.06458666050600281,0.28482398304965906
2023-02-20,A,27.533912658691406,2.0,1.1313740095662763,-5.294402948479167,12,49.46275071633237,0.12749718124016496,1,0.02689069459742166,0.055955651613707635,0.29259474774344163
2023-02-21,A,27.522340774536133,0.4,1.1371849199117234,-4.798655270054429,12,48.16738299904489,0.04240137170489189,1,0.022278390586926156,0.04914941357136393,0.299248428563637
2023-02-22,A,27.2215518951416,8.200000000000001,0.9937234974499634,-4.524922850058919,12,52.28032473734479,0.2347715846668137,1,0.045898898208112326,0.06936607676059015,0.3440507323009434
2023-02-23,A,27.626462936401367,5.2,1.1795862464329183,-4.348280786095194,12,49.65377268385864,0.05330394143235506,1,0.05485761990822713,0.060915659749231965,0.34304725907630673
2023-02-24,A,27.48763656616211,15.0,1.0685918348822157,-4.257688912305993,12,52.73997134670487,0.2815066851600687,1,0.06691920681336594,0.08463575945717561,0.3362839988625701
2023-03-01,A,27.614896774291992,9.6,1.1549970679220989,-4.164475588878141,11,51.33715377268386,0.19209750670338832,1,0.062002427242303426,0.05880975612990569,0.34404477806881384
2023-03-02,A,27.59175682067871,10.0,1.1489357552889523,-3.526752085231968,11,51.134192932187204,0.13389113370505457,1,0.05786163678527623,0.06650416178540253,0.35170202571860254
2023-03-03,A,27.614896774291992,6.4,1.1492179049706626,-3.2541018609815473,11,49.874641833810884,0.04092035559678675,1,0.04859651009496435,0.07156130831274887,0.3492645024826706
2023-03-06,A,27.8809814453125,4.0,1.2853531564272551,-2.6146904858245037,11,47.63013371537727,-0.1506053594367367,1,0.05186711091457563,0.06596580684848141,0.3182932649156527
2023-03-07,A,28.06608009338379,2.8000000000000003,1.359694690375151,-2.2769404374205715,11,46.06614135625597,-0.25201474475809227,1,0.041632355760484296,0.05140754057725494,0.3215822344838759
2023-03-08,A,27.83470344543457,2.6,1.3091113941631929,-1.525417711339412,11,44.71107927411653,-0.30681470713763326,1,0.05320027867390209,0.06183424960363926,0.32954723850869305
2023-03-09,A,27.811565399169922,2.0,1.2512471520991484,-0.5064180694960748,11,41.49952244508118,-0.3932297967260785,1,0.06572376754562526,0.06989247164341661,0.3233112067741699
2023-03-10,A,27.371950149536133,24.4,1.0153652490434355,-1.4016516725055108,11,51.647564469914045,0.2368289234433616,1,0.07227388606267882,0.08450283381710477,0.3814260334887605
2023-03-13,A,27.48763656616211,30.8,1.039619618245886,-0.8978886685377153,11,51.181948424068764,0.280838614275873,1,0.07575760309276558,0.07609532095270444,0.37386414874074325
2023-03-14,A,27.186843872070312,50.4,0.8478714817029485,-0.5743546029323554,11,55.784383954154734,0.7040513972791025,1,0.09787244551182939,0.07807097030560972,0.3917152667904049
2023-03-15,A,27.209985733032227,29.6,0.8636177966332008,-0.564961615666939,11,50.9968958930277,0.3275562483272405,1,0.11862235661914466,0.07240890828311963,0.3914147115748785
2023-03-16,A,27.082727432250977,36.0,0.7042856164449434,-1.2299605803565137,11,55.861986628462276,0.6059431729656448,1,0.12345155332900593,0.0731140295802235,0.3983960588060593
2023-03-17,A,27.522340774536133,19.4,0.9057420656632746,-0.9070245237350888,11,50.06566380133715,0.16005671027334512,1,0.10886936625484522,0.06663530527768802,0.3695131400777829
2023-03-20,A,27.325674057006836,31.8,0.8648846211043523,-0.5167027624653469,11,51.2774594078319,0.3603336557037311,1,0.11388646079722209,0.07560054871653077,0.38728203626239255
2023-03-21,A,27.452930450439453,23.6,0.9381832287592012,0.0,11,44.1857688634193,0.11698736426319267,1,0.10619462939621238,0.08557932952145175,0.3773511207551432
2023-03-22,A,27.973529815673828,11.2,1.146548760512928,0.0,11,40.222063037249285,-0.22417821171744712,1,0.07981809312932486,0.06873313893605326,0.37104056910228733
2023-03-23,A,28.193340301513672,7.6,1.22366133120817,0.0,11,38.94460362941739,-0.3330253231145017,1,0.07139924892246552,0.04915972270612512,0.35097835595067606
2023-03-24,A,28.27431869506836,6.800000000000001,1.2509510254413536,0.0,11,38.52674307545368,-0.3632002790844353,1,0.06178400184674926,0.04158842020236797,0.35475583123075816
2023-03-27,A,28.100786209106445,15.6,1.1615526207311686,0.0,10,41.52340019102196,-0.08889327707808325,1,0.061342077478949264,0.04217267402457292,0.3956077229847066
2023-03-28,A,27.857839584350586,15.0,1.0354962534158343,-0.6187860781065843,10,47.75549188156638,0.04164700083779671,1,0.07225926945073069,0.03440751315374979,0.40562297940417236
2023-03-29,A,27.904115676879883,9.2,1.0803386010097984,-0.9314937876484743,10,47.31375358166189,-0.05315835527458135,1,0.07006640490402027,0.031850758243811006,0.39898725839798277
2023-03-30,A,28.042943954467773,6.4,1.1344714808271228,-0.8059715835574444,10,45.713944603629415,-0.14791798826950986,1,0.06518155760292133,0.03427670750825418,0.38863501430599356
2023-03-31,A,28.135494232177734,14.4,1.1350325617173804,-1.3757097450415012,10,49.30754536771729,0.05408182569378828,1,0.07483549364650854,0.018776020937283144,0.3661365774570604
2023-04-06,A,27.996667861938477,14.4,1.0704548971808543,-0.8695537053302047,10,48.304680038204395,0.037534022502269115,1,0.08264469284864195,0.02424698962421923,0.3355847267776
2023-04-07,A,27.996667861938477,4.0,1.075781383907956,-0.4355203737239844,10,43.86341929321872,-0.195545590556786,1,0.080991710425657,0.02843963650601089,0.3506008897341568
2023-04-10,A,27.996667861938477,4.3999999999999995,1.089861734000572,0.0,10,39.3445558739255,-0.24380625927836586,1,0.05702486191025846,0.04185588851909938,0.36390091588838147
2023-04-11,A,27.96196174621582,6.2,1.1021937765314915,0.0,10,39.7743553008596,-0.21938729189614992,1,0.05668179682828001,0.0368523561299392,0.29643350146973546
2023-04-12,A,27.892549514770508,1.2,1.096690240229416,0.0,10,37.82831900668577,-0.30417048612108855,1,0.057237521291593874,0.025966290814059878,0.29578413276121296
2023-04-13,A,27.649600982666016,2.8000000000000003,0.9700895610134512,0.0,10,39.553486150907354,-0.2013556461900956,1,0.08117158286835435,0.049839428590113144,0.3197679913169891
2023-04-14,A,27.915685653686523,0.4,1.052930786777204,0.0,10,37.73877745940783,-0.2924537055102241,1,0.07293818558924348,0.043616913773219634,0.3454831725285137
2023-04-17,A,27.846271514892578,0.4,1.0586924207108068,0.0,10,37.70296084049666,-0.2958508588735582,1,0.08766094595514651,0.06434379175238325,0.3242500787357565
2023-04-18,A,27.75371742248535,0.4,0.9612722973442432,0.0,10,38.478987583572106,-0.23841036481144862,1,0.10254292145092192,0.07677475979044934,0.3503057980923707
2023-04-19,A,27.545482635498047,1.6,0.8633982133440559,0.0,10,39.94746895893027,-0.1595754475903981,1,0.10877776305197018,0.08193180806280886,0.3849331169055086
2023-04-20,A,27.510774612426758,2.0,0.7969613730274584,-0.0072558123069386,10,43.367956064947464,-0.11257790923541866,1,0.10804336984833651,0.07732358059229316,0.3818776753520574
2023-04-21,A,27.441360473632812,1.6,0.6968224670862304,-1.3731021881280938,10,48.90162368672397,0.08682412892748026,1,0.1014358203444512,0.08261524012773602,0.3669890463562828
2023-04-24,A,27.33724021911621,2.1999999999999997,0.6979399276925085,-1.2407393861944251,10,48.698662846227315,0.08244417653115232,1,0.11078348940076199,0.07171064093314072,0.37922567642533767
2023-04-25,A,26.978609085083008,7.4,0.4734342195036565,-2.4370549245788893,11,55.14565425023878,0.36880419640234363,1,0.10684078494906979,0.08639207678485028,0.4175950741772756
2023-04-26,A,26.862918853759766,6.0,0.4590958858271874,-2.3228641286369505,11,54.6860076408787,0.3402870693595611,1,0.11204462739242937,0.09587730846826159,0.4317486924437013
2023-04-27,A,26.839780807495117,4.2,0.4733342227675197,-1.607288655772127,11,52.49522445081185,0.22297759167947562,1,0.12699783787048902,0.08326483332770751,0.4383532994238466
2023-04-28,A,27.16370964050293,2.0,0.5909505334009653,-1.575559514370126,11,50.31041069723018,0.11147252491530901,1,0.11053345314191021,0.07121099465811698,0.41943209077458743
2023-05-02,A,27.23311996459961,0.8,0.6195620414914957,-0.9309449483215542,11,47.73758357211079,0.003909800593833834,1,0.11632324083530476,0.07063581322815704,0.42595887742805405
2023-05-03,A,27.117431640625,7.6,0.5348421481639258,-0.2741586681742174,11,48.5792741165234,0.10270063080345082,1,0.12108569645638445,0.05399362918981221,0.4466595167142329
2023-05-04,A,27.186843872070312,2.4,0.5612908265183639,0.0,11,42.40090735434575,-0.03403016332125741,1,0.11217894031431475,0.05605197121652883,0.4526858081277778
2023-05-05,A,27.25625991821289,1.2,0.5559407108635163,0.0,11,41.98901623686724,-0.05200240841202275,1,0.11494479056523632,0.05077847437357108,0.4688168687058829
2023-05-08,A,27.429792404174805,0.4,0.5954839118318658,0.0,11,41.14732569245463,-0.08940223185839069,1,0.09419772922968184,0.036856123285607056,0.46653120193565023
2023-05-09,A,27.510774612426758,0.4,0.5975575326533352,-1.0395809394198403,11,47.97636103151862,0.02156565072129335,1,0.08585690545800428,0.03892386135498094,0.4604677940667805
2023-05-10,A,27.25625991821289,0.8,0.5096129640982716,-0.8953097384229497,11,48.549426934097426,0.06489185454876545,1,0.10676256968970899,0.07231074874756205,0.4736646902442454
2023-05-11,A,27.198415756225586,0.4,0.3911936936103937,-1.832455540233835,11,52.01170009551099,0.2288073616429428,1,0.09616949126155538,0.08279111569774145,0.4750322988333009
2023-05-12,A,27.117431640625,0.4,0.363794252965635,-1.8649601104233815,11,52.310171919770774,0.24847037917551285,1,0.1011745231739487,0.09554752280032042,0.5060140628235485
2023-05-15,A,27.117431640625,0.8,0.3256867368845904,-1.4215012101214797,11,51.79680038204394,0.23012380999295545,1,0.09424889768440581,0.09511460087059853,0.5175307005302818
2023-05-16,A,27.441360473632812,0.4,0.4665918754636098,-1.3633572300702632,11,50.02984718242598,0.13372674851671862,1,0.08047646042559009,0.08817581713047784,0.4934890627597799
2023-05-17,A,27.892549514770508,3.2,0.6474583130021719,-1.209651139828464,11,49.09264565425024,0.059792915156623216,1,0.04784901306636624,0.07099440915514776,0.489570546609555
2023-05-18,A,28.26275062561035,3.5999999999999996,0.7668339248069965,-0.8547509533705521,11,47.301814708691495,-0.041851108624870514,1,0.03578501859348959,0.052812758367104085,0.4721840680893634
2023-05-19,A,28.343732833862305,4.0,0.8035630981806204,-0.9573647863207748,11,47.65401146131805,-0.04539099389129375,1,0.027442015052341784,0.0659555584387077,0.44806029550320026
2023-05-22,A,28.297460556030273,4.8,0.7885819118497506,0.0,11,41.4696752626552,-0.12579117416365837,1,0.03368491237440452,0.07018742696406632,0.4253839928352747
2023-05-23,A,28.27431869506836,3.5999999999999996,0.7763556549396555,0.0,11,40.99808978032473,-0.13970913419202335,1,0.028303846913015906,0.0839327825375884,0.41040750043544594
2023-05-24,A,28.135494232177734,2.8000000000000003,0.7374079127758721,0.0,11,40.9085482330468,-0.1308294170557307,1,0.02628542599732553,0.08969824762922807,0.44767787518518953
2023-05-25,A,28.470991134643555,8.799999999999999,0.8238417068974775,-0.0840732736338109,11,45.4632282712512,-0.06708528671142533,1,0.022437329834349207,0.08015562940682175,0.40783690010296114
2023-05-26,A,29.141984939575195,13.4,0.9742171519107528,-0.5330668059577506,11,47.00334288443171,-0.026308259079066865,1,0.005742992918354117,0.05488214939491631,0.3886107364632796
2023-05-29,A,29.32708740234375,12.0,1.0588253220782051,0.0,11,41.117478510028654,-0.15837053424193792,1,0.016605336684044625,0.06103185256870525,0.4269470806147826
2023-05-30,A,29.32708740234375,10.0,1.0327827112997945,0.0,11,40.95033428844317,-0.17822665366991575,1,-0.003006274779134066,0.0514261985036264,0.4158886929104362
2023-05-31,A,29.188261032104492,20.4,0.9834323715152886,0.0,11,43.338108882521496,0.033969703324501,1,0.008169806617044806,0.05602482641537909,0.42632670404700246
2023-06-01,A,28.956884384155273,10.8,0.9174443807688222,0.0,11,42.030802292263616,-0.09613678530134062,1,0.02190050986885761,0.06365209484784584,0.46344159206447055
2023-06-02,A,29.32708740234375,11.6,1.053092832512828,0.0,11,41.08166189111748,-0.16203281839470152,1,0.01340349535374985,0.04342130251095222,0.4658564345102447
2023-06-05,A,29.23453712463379,14.8,1.0423679637287802,0.0,11,41.9114135625597,-0.09937123262364045,1,0.009384486534727454,0.053951582002251364,0.47912527678523253
2023-06-06,A,29.31551742553711,10.4,1.0630444367510827,-0.1707868881555873,11,44.382760267430754,-0.1705960589829465,1,0.008197843377527825,0.050239450495498605,0.47503938574503435
2023-06-07,A,29.639446258544922,6.4,1.1694549591459888,0.0,11,38.83118433619867,-0.3221911223798706,1,0.003911617836385384,0.04034561751436949,0.4832341309039625
2023-06-08,A,29.35022735595703,10.8,1.008508297324556,0.0,11,41.35028653295129,-0.1498295561317602,1,0.011404686725450253,0.0541965503966344,0.5383654194327883
2023-06-09,A,29.57003402709961,9.0,1.1091058765257882,0.0,11,40.07282712511939,-0.24083367083650886,1,0.00031393490407860547,0.04239069395545991,0.5415536417158404
2023-06-12,A,29.847686767578125,10.0,1.143088856526089,-0.1123910361403976,11,43.24259789875836,-0.2311358295298025,1,-0.018036225690123864,0.025222087543671057,0.5179576892364288
2023-06-13,A,30.437698364257812,18.8,1.321484385341139,0.0,11,40.65186246418338,-0.19352029313840236,1,-0.04131282381633927,0.0088196479284528,0.45222770602050866
2023-06-14,A,30.426132202148438,28.999999999999996,1.3175005301014784,0.0,11,42.47851002865329,-0.011593882307208148,1,-0.044806136588286805,0.003030643824219359,0.45199001307417674
2023-06-15,A,30.518680572509766,16.0,1.3703287095775034,0.0,11,39.822110792741164,-0.27161547820901966,1,-0.03808749908909537,0.008065771124018184,0.4590007935963314
2023-06-16,A,30.437698364257812,18.8,1.3156530961376431,-0.0307886637962586,11,43.588825214899714,-0.18675938844335915,1,-0.034371467315698845,0.011904723112747595,0.46248793717555703
2023-06-19,A,30.368284225463867,16.400000000000002,1.2856700010326223,0.0,11,40.4966571155683,-0.21465706899610937,1,-0.018636232112257622,0.016536836738878957,0.47492793966383173
2023-06-20,A,30.206323623657227,18.4,1.199791527152363,0.0,11,41.25477554918815,-0.12881045215753528,1,-0.01026557552962204,0.022375840391624324,0.4840292677573448
2023-06-21,A,30.206323623657227,20.200000000000003,1.19432979500918,0.0,11,41.541308500477555,-0.09389998493740093,1,-0.020757459218594065,0.034810665504479976,0.4740879999025056
2023-06-26,A,30.02121925354004,14.000000000000002,1.0710019668292123,0.0,12,40.7652817574021,-0.19700548169960852,1,-0.019020423748385085,0.04549191172803413,0.501181497944855
2023-06-27,A,29.824546813964844,12.2,0.9299460597562622,-1.3508829521818753,12,49.17621776504298,0.0002591629913899496,1,-0.018061475052332132,0.053960464170974776,0.5505493119626887
2023-06-28,A,29.870826721191406,9.8,0.9508484971462496,-0.9513195899409616,12,47.403295128939824,-0.0974392500432768,1,-0.03530093642032173,0.04839793534426717,0.5425173086938209
2023-06-29,A,29.859256744384766,13.8,0.9413852694387304,-0.7175900325945953,12,47.40926456542502,-0.04666089875751389,1,-0.0357133412329087,0.05155603535006725,0.5917898925891976
2023-06-30,A,29.870826721191406,4.0,0.9096268829139104,0.0,12,39.463944603629415,-0.27791243755617967,1,-0.029013692430251203,0.04211081906064762,0.5895648760264087
2023-07-03,A,30.24102783203125,8.799999999999999,1.0200238339160392,0.0,12,40.102674307545364,-0.2584972386444342,1,-0.05215632814565596,0.032070434779976065,0.5756666915589068
2023-07-04,A,30.310443878173828,5.2,1.047002198349167,0.0,12,38.87297039159503,-0.3377844041330651,1,-0.05393986005765883,0.033966669523557425,0.6069310939336883
2023-07-05,A,30.2641658782959,4.8,0.9704915920941248,0.0,12,39.3445558739255,-0.2997147560017501,1,-0.04861468724765061,0.041365428260255355,0.5585863336799406
2023-07-06,A,29.59317398071289,15.2,0.7381641926062631,0.0,12,43.73806112702961,0.020367860506481428,1,-0.014350630659477392,0.0768765968867211,0.5967665819376506
2023-07-07,A,29.54689598083496,29.799999999999997,0.6517657760123995,0.0,12,47.06900668576886,0.3283520299669058,1,-0.018765763504075217,0.07856326120000778,0.6086655787719941
2023-07-10,A,29.489049911499023,38.4,0.6312636749653936,0.0,12,49.15830945558739,0.4918488539225194,1,-0.029578245046894547,0.07829067856000571,0.5893038858710329
2023-07-11,A,29.893962860107422,12.8,0.8008666490781596,0.0,12,42.63968481375358,-0.05885605189253895,1,-0.02897981668655858,0.05936606068788408,0.5395068705853348
2023-07-12,A,29.951805114746094,23.6,0.8352359342640727,0.0,12,44.317096466093595,0.11102010192706158,1,-0.0273280159191287,0.0389014537769341,0.5014659271906696
2023-07-13,A,30.287302017211914,28.799999999999997,0.899050873811259,-0.4793369665539503,12,49.48662846227316,0.21667262874767235,1,-0.021437888608096478,0.027005777155107102,0.4405877247875831
2023-07-14,A,30.59966468811035,15.2,1.0550231422715697,0.0,12,41.21895893027698,-0.1664573454963183,1,-0.023371572352541503,0.013836843984091018,0.4700711592200404
2023-07-17,A,30.541818618774414,18.8,1.0798075781717875,0.0,12,41.52340019102196,-0.11769037154961448,1,-0.024212205442564416,0.020368945691825235,0.4151429342780162
2023-07-18,A,30.483131408691406,29.799999999999997,0.9879907645881488,0.0,12,44.382760267430754,0.13010829148230818,1,-0.02772435636724957,0.024258757072045167,0.4305413485471725
2023-07-19,A,30.224897384643555,34.2,0.8901134276461993,0.0,12,46.10195797516714,0.26528315485990484,1,-0.017087314457259528,0.027572876899206733,0.44276353889246933
2023-07-20,A,30.365755081176758,23.4,0.9146325830166104,0.0,12,43.62464183381089,0.0606854157742418,1,-0.03517593558101961,0.027058363668100993,0.43805875241459047
2023-07-21,A,29.861024856567383,16.0,0.7984078785884938,0.0,12,43.42765042979943,-0.0010682925301006563,1,-0.018474841587230117,0.0428457814645673,0.48783685408906874
2023-07-24,A,29.872764587402344,20.6,0.7917100378983811,0.0,12,44.23949379178605,0.08386677910323437,1,-0.014538372405141331,0.042435952346109085,0.4120812170554693
2023-07-25,A,30.248374938964844,13.6,0.913702156294122,-0.0692994016483444,13,44.54393505253104,-0.17048914606917798,1,-0.03880486995912691,0.02173056575314991,0.26722551305705444
2023-07-26,A,30.166208267211914,18.0,0.8750669141167321,0.0,13,42.603868194842406,-0.07772310956454742,1,-0.0354086213004593,0.0149572759005705,0.34071444211322865
2023-07-27,A,30.400964736938477,20.0,0.9278820757534774,0.0,13,42.49641833810888,-0.07365252289369129,1,-0.04092670109865437,0.013836622328283088,0.38317876038946563
2023-07-28,A,30.400964736938477,9.8,0.95684456010618,0.0,13,40.30563514804203,-0.2703067409546982,1,-0.05984561883060524,0.05018608293277671,0.35458587661941454
2023-07-31,A,30.236635208129883,33.2,0.8259755307538128,-0.4303003740597984,13,50.495463228271255,0.265265185789199,1,-0.05046577224517834,0.06304419340421719,0.40427163692253143
2023-08-01,A,30.389225006103516,27.4,0.87012040704045,0.0,13,44.26934097421204,0.09068638945209884,1,-0.057551115297049926,0.05968289379092284,0.41470067921921117
2023-08-02,A,30.01361656188965,42.0,0.5979072261362264,-1.765887195649499,13,58.50644699140402,0.6988027349759809,1,-0.05240515896925091,0.07254391409538741,0.43602525175270945
2023-08-04,A,29.872764587402344,17.0,0.5500779242629751,-0.8748688063765605,13,51.659503342884435,0.19070502345057894,1,-0.04322212610806897,0.0908701429683132,0.4609828468160888
2023-08-07,A,30.166208267211914,10.4,0.6673149696779007,0.0,13,42.72922636103152,-0.08903199073125512,1,-0.0311284659290616,0.08025863534655664,0.4355650220498122
2023-08-08,A,29.81407356262207,34.599999999999994,0.5615484677893862,0.0,13,48.65090735434575,0.3993860022995238,1,-0.012204659653879846,0.09986660619770982,0.48532050818234174
2023-08-09,A,29.861024856567383,32.4,0.5502301325214729,-0.180544879114449,13,51.82067812798472,0.38681130375418216,1,-0.005109998692495399,0.09532142671679589,0.48500671668994766
2023-08-10,A,29.673219680786133,44.6,0.346855143328995,-2.64395308365677,13,63.02531041069723,0.9873617688849485,1,0.0007911391896531228,0.08768140102342858,0.49521912942164237
2023-08-11,A,29.649744033813477,38.0,0.3117959652268539,-3.290765362762913,13,62.45821394460363,0.9616393759412277,1,0.007125890277938085,0.08854258972576723,0.4805229075191677
2023-08-14,A,29.22718048095703,56.39999999999999,0.1300870551397057,-4.944014174397906,13,69.37679083094555,1.5711385148956716,1,0.022088483932479974,0.11044516055773301,0.49407979659946255
2023-08-15,A,29.274133682250977,33.2,0.1772478910871121,-4.856743141813845,13,63.687917860553966,1.125462810862444,1,0.016439453620150646,0.11563930777777576,0.49250814939226584
2023-08-16,A,29.12154197692871,40.0,0.1654488845934771,-4.053227223111019,13,64.41618911174785,1.1654233824059266,1,0.037484882671849684,0.17428032021063555,0.5028161703423648
2023-08-17,A,29.25065803527832,28.999999999999996,0.2202107878604939,-3.322712039285801,13,61.14493791786056,0.860636439434279,1,0.03531299930248033,0.16047340045354108,0.4895786445400945
2023-08-18,A,29.0745906829834,45.6,0.0980475410390809,-4.230287654242168,13,66.28462273161414,1.32286404605295,1,0.054097760882225066,0.16584838126307155,0.5197763184851942
2023-08-21,A,28.87504768371582,37.0,0.0935125455829431,-4.180955928861298,13,64.36246418338109,1.1688056727596594,1,0.06178867985997072,0.17848083614855326,0.5093734057977093
2023-08-22,A,29.109804153442383,44.4,0.1357674334138122,-4.485931906536745,13,66.21895893027698,1.3070858906520697,1,0.05645167472692325,0.16526340294907826,0.5042516600629763
2023-08-23,A,29.30934715270996,30.8,0.251060231681937,-4.3751937587736585,13,62.279130850047764,0.9877200072988574,1,0.04885856210041828,0.17044417093530306,0.48989125007264156
2023-08-24,A,29.81407356262207,7.000000000000001,0.4129227596638612,-4.75665137730444,13,56.6917382999045,0.5144356559201201,1,0.04370084858060119,0.15828427587688454,0.45818957401820626
2023-08-25,A,29.238922119140625,40.400000000000006,0.1528115495191934,-4.187015857647505,15,64.38634192932187,1.0610218156068694,1,0.054596605681446864,0.18271194790528344,0.41420189520729034
2023-08-28,A,29.42672348022461,13.6,0.1708130915704854,-4.360061425460662,15,59.21680993314231,0.5972517294277155,1,0.04746722177577789,0.17026566757051653,0.4137921781313265
2023-08-29,A,29.591054916381836,6.4,0.2636016971461029,-4.154450215650582,15,56.61413562559694,0.39359213668681153,1,0.040856800222505374,0.16336074579249305,0.4259323775874222
2023-08-30,A,29.720172882080078,3.5999999999999996,0.3412351398384801,-3.644459413353556,15,54.73376313276026,0.24348472627518897,1,0.029620785101717173,0.15426497231087555,0.39780168438697894
2023-08-31,A,29.508888244628906,4.0,0.2582411281132723,-2.8670285946995477,15,54.823304680038206,0.21556205565736075,1,0.04415274463007157,0.1963146128188482,0.4102647533254786
2023-09-01,A,29.55584144592285,3.2,0.2604887800197943,-2.8848187604450426,15,54.36365807067813,0.20207219307158852,1,0.04169975902460621,0.20416774303547158,0.40393951305301123
2023-09-04,A,29.75538444519043,2.8000000000000003,0.3812645333399438,-2.635178650348883,15,53.03247373447947,0.09687767691837623,1,0.03629203909055878,0.20174411013159865,0.44686488947616754
2023-09-05,A,29.68495750427246,2.8000000000000003,0.3755402272966368,-1.741537728070846,15,51.46848137535817,0.0038119969067036408,1,0.042309338915294425,0.2325147089655537,0.4511108610954102
2023-09-06,A,29.579317092895508,3.5999999999999996,0.321808204118127,-1.3969333492841651,15,51.426695319961794,0.012388425481767329,1,0.04206355383364335,0.25437802394764386,0.45915049063775193
2023-09-07,A,29.30934715270996,2.0,0.2104271098206245,-0.9751384857766782,15,50.41189111747851,0.004371846738649099,1,0.0440528605693189,0.25322780881238116,0.4651763809664622
2023-09-08,A,29.18023109436035,4.3999999999999995,0.1666709617309277,-0.9530837453202358,15,51.68935052531041,0.07004458134543334,1,0.052292836485368754,0.2719453004458834,0.49069135611217707
2023-09-11,A,29.062854766845703,8.4,0.0336250266610412,-2.228985878643628,15,56.66189111747851,0.35660723781035497,1,0.05008070324242353,0.2832818347285275,0.5158205787821022
2023-09-12,A,29.356300354003906,5.2,0.1523452310115056,-2.683447331306893,15,55.90377268385864,0.27931486053461274,1,0.04798073646969736,0.2692266909646033,0.5072484483946496
2023-09-13,A,29.391510009765625,6.0,0.1532673389283471,-2.034709086669954,15,54.99044890162369,0.2228445026684709,1,0.047923387578249876,0.2505417396513969,0.5198195724020638
2023-09-14,A,29.80233383178711,3.8,0.3485745274720729,-1.6326923395363,15,51.98185291308501,0.025570563035666516,1,0.03584101023705211,0.24458819407813337,0.5211494958785936
2023-09-15,A,29.896238327026367,1.6,0.4421895970076367,-1.0827950886904911,15,48.674785100286535,-0.12770315856175662,1,0.03297997433878619,0.23786654012357467,0.5288901745086316
2023-09-18,A,29.579317092895508,7.8,0.2293237388474908,-0.0250973232444027,15,48.54942693409742,-0.007184719071858803,1,0.05674602808690521,0.24422602641809776,0.5420056162977225
2023-09-19,A,29.45020294189453,7.199999999999999,0.1646210704043855,0.0,15,45.96466093600764,0.017693171794918694,1,0.06576317900819584,0.28394105122228797,0.5081817892141052
2023-09-20,A,29.285871505737305,7.4,0.0633832327124684,0.0,15,46.55563514804202,0.08090577926653264,1,0.07334668860980398,0.28950502307800363,0.513758911143124
2023-09-21,A,28.81635856628418,12.8,-0.1447340929019905,-0.1156407331862638,15,52.11318051575931,0.3111654031710059,1,0.08676163886177135,0.3130162017374687,0.538423005822517
2023-09-22,A,28.792882919311523,11.6,-0.1236150017906538,0.0,15,48.40616045845272,0.2651066510161148,1,0.09050148707289596,0.31492127956698845,0.5778337272518124
2023-09-25,A,29.00416374206543,8.799999999999999,-0.0277699146217413,0.0,15,47.2958452722063,0.15929904934360806,1,0.07324975742337103,0.3057566368669786,0.5588476927847139
2023-09-26,A,28.663766860961914,6.4,-0.1955296791274878,-0.0321928399844292,15,50.53724928366762,0.21943364094696827,1,0.0888614498642506,0.3149774598453068,0.5921014203488153
2023-09-27,A,28.67550277709961,12.8,-0.1675683293159705,0.0,15,48.94937917860554,0.31214901054900374,1,0.09291854277527634,0.3219791486383532,0.6179738466014404
2023-09-28,A,28.792882919311523,12.0,-0.1322248560840488,0.0,15,48.585243553008596,0.2772254150909648,1,0.09457799516327858,0.3132524669339336,0.612635942946375
2023-10-02,A,29.168493270874023,8.0,0.0540903608997506,0.0,15,46.78844317096466,0.09694838837417974,1,0.09255545672112242,0.3148723138393368,0.6258094798358249
2023-10-03,A,28.9924259185791,17.599999999999998,-0.0482715206470857,0.0,15,49.325453677172874,0.32631670818693764,1,0.09919040845094607,0.3137428594717462,0.6073666837693081
2023-10-04,A,28.6168155670166,40.8,-0.2244668927779402,-0.1881511330865705,15,58.458691499522445,0.8589601582274863,1,0.11115674505062278,0.3385416010567701,0.6309954781742577
2023-10-05,A,29.02764129638672,15.8,-0.0575715779309573,0.0,15,49.06279847182426,0.30011003283884136,1,0.0909825345473021,0.35104584816034645,0.6478394811064494
2023-10-06,A,29.133281707763672,13.6,0.0015829946805613,-0.0918472603448446,15,51.39684813753581,0.2364112008203033,1,0.06809024088284654,0.3440854301657106,0.6414499454309643
2023-10-11,A,29.63800621032715,12.0,0.1431375761224955,-1.522296515548788,15,55.35458452722063,0.27915193262288657,1,0.0495049473091671,0.3171433331846738,0.6073864148642651
2023-10-12,A,29.884502410888672,11.2,0.2886571855466169,-1.4490562488616991,15,54.041308500477555,0.17136267435320907,1,0.038098846278990406,0.3030638203032585,0.5836245729057141
2023-10-13,A,29.80233383178711,15.0,0.2422010947130304,-1.3405987399879118,15,54.77554918815664,0.2539507272184509,1,0.04568734245606043,0.28972878474414676,0.5782684499449153
2023-10-16,A,29.63800621032715,36.8,0.1068340420465753,-1.3790973646225435,15,60.10625596943648,0.7217228993903445,1,0.0534654074487233,0.26162069512089414,0.6000540837929393
2023-10-17,A,29.70843505859375,28.199999999999996,0.0924583240841484,-1.6937667342373546,15,59.0914517669532,0.6127494065441996,1,0.04543658049525101,0.2727807590453277,0.5934163408616047
2023-10-18,A,29.297611236572266,38.4,-0.1186106836730505,-2.753147939777116,15,64.11174785100286,1.0311039496483911,1,0.06450326183209198,0.3033376895606661,0.578260728604086
2023-10-19,A,29.30934715270996,45.4,-0.1123909352011945,-2.3584709098984034,15,65.0429799426934,1.1080829753267838,1,0.062474835745381485,0.23683491773912135,0.5801003726343323
2023-10-20,A,29.43846321105957,56.39999999999999,-0.1316182886166465,-2.6346791342369875,15,68.19484240687679,1.34288982054186,1,0.05781485869754599,0.22773810658424032,0.562507317338024
2023-10-23,A,29.0745906829834,68.0,-0.3378866993456528,-2.9587075735224495,15,72.04512893982809,1.7037032140617128,1,0.0629793408438335,0.25508416429630576,0.6024090070370511
2023-10-24,A,29.098064422607422,58.599999999999994,-0.2844181551517917,-2.691570646309522,15,69.52602674307545,1.477855183441168,1,0.052214749492093704,0.2908104384925674,0.6069248833523011
2023-10-25,A,29.156753540039062,53.8,-0.2418019359313777,-2.242746282669071,17,66.51146131805157,1.1864509185035643,1,0.05710024821843218,0.264730217493355,0.6165264648577022
2023-10-26,A,28.581600189208984,66.4,-0.5656709956558508,-2.2382379897299063,17,70.40950334288443,1.5987538552636473,1,0.11703578047099139,0.3111934008631303,0.6680642429524477
2023-10-27,A,28.71072006225586,52.0,-0.5147849520150111,-2.5232719567770117,17,67.50238777459407,1.3459900643674203,1,0.1195427845900725,0.32872498635791647,0.6735980541944475
2023-10-30,A,28.640291213989258,66.0,-0.5118475285178592,-2.529444419388799,17,70.54083094555874,1.5914031107118352,1,0.12439296283418466,0.32737914515288313,0.6785568177330472
2023-10-31,A,28.44074821472168,68.0,-0.6956904938155593,-3.7345819881707993,17,72.77340019102196,1.865068417089836,1,0.13185917404185576,0.3189540198226253,0.6470353748200255
2023-11-01,A,28.581600189208984,59.599999999999994,-0.6655127483313285,-3.5093521532212346,17,70.66618911174784,1.6750812261605206,1,0.14014984327650537,0.31917819097643707,0.6283585107497569
2023-11-02,A,29.22718048095703,22.4,-0.2575125086158108,-3.1747898602378783,17,60.72110792741165,0.7434824270034777,1,0.11496581059369104,0.30853345132235144,0.5779333127113588
2023-11-03,A,29.45020294189453,11.6,-0.1364453418862167,-3.5092138673126376,17,58.542263610315175,0.5180491058320681,1,0.11345595719485813,0.3059654977582169,0.577052338322068
2023-11-06,A,29.70843505859375,12.2,0.0266922000546579,-3.31230248781993,17,57.64684813753581,0.41117345307632747,1,0.10094726580556879,0.29946552903688395,0.5413995424690237
2023-11-07,A,29.69669532775879,6.0,0.0625344087050182,-3.1912101271914586,17,55.74259789875835,0.2678172074932058,1,0.08682157388416845,0.29836134097291134,0.563149160792032
2023-11-08,A,29.861024856567383,12.4,0.1266065883225405,-2.5817147696497305,17,56.53653295128939,0.27693913908279005,1,0.08084063793192753,0.3004680636419388,0.5480780034104982
2023-11-09,A,29.872764587402344,3.2,0.1245769891900081,-2.3617148129879313,17,53.504059216809935,0.09242182010606348,1,0.08644718927396688,0.31322598003873336,0.5304955991380884
2023-11-10,A,29.75538444519043,3.5999999999999996,0.0282497146134934,-2.143816715977368,17,53.77865329512893,0.1327448640304179,1,0.09759543847330487,0.32728724555685806,0.5665577869170073
2023-11-13,A,30.213159561157227,4.8,0.2346323559742046,-2.201847255907633,17,53.235434574976125,0.03844764945313328,1,0.1318529453523165,0.3250667896770516,0.5372278863970392
2023-11-14,A,30.283586502075195,6.2,0.3342062097791383,-1.56857663042328,17,51.62965616045845,-0.0639567571145152,1,0.12089136448145132,0.3283316499049178,0.5137198523604833
2023-11-15,A,30.6474609375,7.4,0.6403079830251124,-1.6595442028386669,17,49.361270296084044,-0.21349546745924652,1,0.10601542335818759,0.31099278968709165,0.4740815588853837
2023-11-16,A,30.659198760986328,2.4,0.7046714165374147,-1.403944456056105,17,46.06017191977077,-0.36705743299030125,1,0.10990148840536884,0.3100990714963374,0.47115442400111984
2023-11-17,A,30.753101348876953,12.0,0.7688940823017884,-0.6408470562460443,17,46.10195797516714,-0.31826277932241454,1,0.10299735503782625,0.30453645186567013,0.4701955818228345
2023-11-20,A,30.74135971069336,16.400000000000002,0.779207673875742,-0.1546187237147189,17,45.21848137535817,-0.29935232217230856,1,0.11592183467654626,0.3284784337054423,0.5057096940274088
2023-11-21,A,31.116973876953125,9.0,1.1192284938643005,-0.0463636895357627,17,40.31757402101242,-0.6417986086921802,1,0.10978569908428559,0.32247869593317646,0.5077094536214217
2023-11-22,A,30.835268020629883,1.6,0.950734244179625,0.0,17,36.09121298949379,-0.6777368628496391,1,0.12148279402156081,0.3291070376686791,0.5304887662874003
2023-11-23,A,30.823528289794922,0.8,0.9241200047978628,0.0,17,35.90019102196752,-0.6761291801640733,1,0.11723368831203862,0.34792875872054196,0.5392969706330397
2023-11-24,A,30.800050735473633,1.2,0.9159707830123536,0.0,17,36.14493791786055,-0.6642820125306942,1,0.11769529251651134,0.35090593027772865,0.534590608416583
2023-11-27,A,30.600507736206055,6.4,0.6535733582438683,-0.4681646100576889,16,45.79751671442216,-0.30082839657995997,1,0.12105834401628224,0.34126644227227776,0.5465701672311847
2023-11-28,A,30.811786651611328,5.2,1.00816333059222,0.0,16,37.94770773638968,-0.5815510407476484,1,0.14572759490536535,0.3090687589953107,0.5249941037188357
2023-11-29,A,30.788312911987305,5.0,1.0528449288486597,0.0,16,37.47612225405921,-0.6114171667818985,1,0.15596430987273346,0.29524184294294686,0.5128243235650132
2023-11-30,A,30.835268020629883,2.4,1.156667320306184,0.0,16,35.38681948424069,-0.7184071904452379,1,0.15965776518580554,0.3209268192536434,0.5281395962938562
2023-12-01,A,30.940908432006836,6.4,1.1553659092909032,0.0,16,37.02244508118434,-0.6472173220679639,1,0.1824845685909342,0.2954536221823434,0.5240927614915769
2023-12-04,A,30.823528289794922,3.5999999999999996,1.1191061781298346,0.0,16,36.276265520534864,-0.675133767677084,1,0.20374426236568555,0.3128566200626395,0.5361635097534059
2023-12-05,A,30.600507736206055,3.2,0.9469200701213402,-0.0169769300510152,16,40.27578796561605,-0.5788201497330813,1,0.20034900160993763,0.3675656009522623,0.5552500801104299
2023-12-06,A,30.706148147583008,2.8000000000000003,1.0000523428390298,0.0,16,36.903056351480416,-0.6190221911713673,1,0.20873701344784235,0.3522989353597288,0.5498994494332365
2023-12-07,A,30.518342971801758,3.2,0.8491886283733614,-0.1565276408867747,16,41.78008595988538,-0.5061359257434909,1,0.222079246638881,0.3641630606632922,0.5380749519965156
2023-12-08,A,30.76483726501465,3.8,1.030880214168571,0.0,16,37.16571155682904,-0.6195931732345467,1,0.21111643257891455,0.3774397250774739,0.5116242866004097
2023-12-11,A,30.800050735473633,7.199999999999999,1.0864433097288937,0.0,16,37.774594078319005,-0.592494925911257,1,0.1933522569253825,0.3957541870103951,0.5463500126361638
2023-12-12,A,30.870479583740234,7.6,1.1405609219557322,0.0,16,37.54178605539637,-0.6173612994411836,1,0.2015243476344981,0.4007408825270673,0.5471240014378727
2023-12-13,A,30.88221549987793,3.5999999999999996,1.1716856979859562,0.0,16,35.77483285577841,-0.7061355103737138,1,0.19834514789692537,0.40020857040949775,0.551227134534708
2023-12-14,A,31.25782585144043,1.2,1.500561610091142,0.0,16,32.61103151862464,-0.9422996346041915,1,0.17741254128070838,0.40643941522700944,0.5314280121378294
2023-12-15,A,31.38694190979004,1.0,1.5332150560870828,-0.3460471804937481,16,36.5031041069723,-0.9277287042113841,1,0.2047151529640283,0.4385401083885514,0.530128744296007
2023-12-18,A,31.43389320373535,2.4,1.4883196716317024,-0.1765661291150909,16,36.77172874880611,-0.8948999893851001,1,0.20138724678805087,0.45014788160952035,0.519393719077307
2023-12-19,A,31.316513061523438,5.2,1.3469816351351016,0.0,16,35.571872015281755,-0.7813238406341775,1,0.20819152497199567,0.446761507124241,0.5092826108882511
2023-12-20,A,31.398681640625,2.6,1.4481902264866389,0.0,16,33.56614135625597,-0.8867727251131355,1,0.20579503572844815,0.4077810456499933,0.49225972715750843
2023-12-21,A,31.128711700439453,13.0,1.2788111474298431,-0.3297678737116664,16,41.9054441260745,-0.5682172499714583,1,0.2166381849475596,0.41921838973408154,0.520327369226631
2023-12-22,A,31.21087074279785,15.6,1.3698219259928026,-0.1370398719382614,16,41.23686723973257,-0.5969030528569154,1,0.20766279310305835,0.4266432853392783,0.5639037772210505
2023-12-25,A,31.339988708496094,17.599999999999998,1.3755680814964784,0.0,20,34.33619866284623,-0.8465356832837686,0,0.20958616484026105,0.4203823462465872,0.5747958454596687
2023-12-26,A,31.516056060791016,11.2,1.6336143872108897,0.0,20,31.244030563514805,-1.111360051273651,0,0.19977970755572816,0.4212130730251298,0.5426307638398427
2023-12-27,A,31.868196487426758,17.0,1.8774303950088649,0.0,20,31.464899713467048,-1.1530052710626149,0,0.20348336164592618,0.40663963668428615,0.5081582222959589
2023-12-29,A,31.797767639160156,15.2,1.921916700789375,0.0,20,30.844078319006684,-1.2109252635515357,0,0.20463796581263427,0.4173101521019378,0.4761884995838328
2024-01-02,A,31.668649673461914,28.799999999999997,1.7729556456362052,0.0,20,33.96609360076409,-0.8836587755439403,0,0.23837532259025251,0.46025899489944666,0.4913566681420589
2024-01-03,A,31.116973876953125,29.799999999999997,1.229383153658499,0.0,20,37.47015281757402,-0.5455539325552726,0,0.2584006282603386,0.480743835330278,0.5061574367841231
2024-01-04,A,31.105234146118164,28.4,1.2063229359564331,0.0,20,37.20749761222541,-0.5566051393145405,0,0.255013934485689,0.5280278188122578,0.5373883200747898
2024-01-05,A,31.023067474365234,29.6,1.1423645430534126,-0.2932997269013566,20,41.93529130850048,-0.46611485707169853,0,0.2552406015804958,0.5305261806593313,0.5489562817683247
2024-01-08,A,31.163923263549805,26.6,1.2308880428282414,-0.632127974120317,20,42.018863419293226,-0.5345606564821611,0,0.23337897704192656,0.5290045438268043,0.5576655204634395
2024-01-09,A,31.222614288330078,27.200000000000003,1.1568580221412472,-1.6635709197602415,20,45.8751193887297,-0.3690356890777826,0,0.1975910041282516,0.5599845127950873,0.5578736541703233
2024-01-10,A,31.058284759521484,34.8,1.0227123305183845,-2.068399063611225,20,49.713467048710605,-0.11244974020184961,0,0.21746338591134595,0.5187353617032617,0.586609034453679
2024-01-11,A,31.187402725219727,53.6,1.168647684984956,-2.272183019510107,20,52.92502387774594,0.15448246784212558,0,0.22436232587725624,0.5151435238836877,0.5125373512775622
2024-01-12,A,31.140443801879883,80.0,1.1098043230743853,-2.4117245826527944,20,59.36604584527221,0.6690253907187247,0,0.16410749330492802,0.5263454440895421,0.5238585762182251
2024-01-15,A,31.140443801879883,0.4,1.1782684870400646,-1.546067630326851,20,38.699856733524356,-0.8661714705092513,0,0.16063609476606855,0.5050222762772882,0.5470485180559457
2024-01-16,A,30.905689239501953,0.8,0.8005555974040409,-0.8828219468899147,20,40.13252148997135,-0.7080003383545627,0,0.18072300756096737,0.4891096864241895,0.5655321492010175
2024-01-17,A,30.617412567138672,11.6,0.4476175636497124,-0.7481084138750163,20,46.45415472779369,-0.32429961889757297,0,0.22675569708146015,0.46882479827554135,0.5874681713110772
2024-01-18,A,30.821611404418945,4.0,0.5753287644371782,-1.0774828198990716,20,44.28724928366762,-0.49785729060891337,0,0.1964146443299477,0.4156143535270893,0.5590805624540167
2024-01-19,A,31.92667007446289,1.2,1.4440014911416228,-1.2240247664450936,20,36.59264565425024,-1.0435220179513451,0,0.17381504136803372,0.4089688788363781,0.5143180771346998
2024-01-22,A,32.142879486083984,10.2,1.6953934664714798,-1.368627812611357,20,38.556590257879655,-1.0176907091750973,0,0.1868460988245637,0.3446536063164969,0.5018470666549728
2024-01-23,A,32.20294189453125,5.4,1.80088490783483,-1.0180540416544597,20,35.97182425978987,-1.20223079294683,0,0.18052957375955492,0.3541427381432982,0.49258464537454527
2024-01-24,A,32.190921783447266,4.6,1.7926036890192405,-0.3758195192721151,20,33.25573065902579,-1.2807418581857641,0,0.16529869622618865,0.35464837592048126,0.47527147981011675
2024-01-25,A,32.58730697631836,3.5999999999999996,2.026640300862488,-0.460887672241136,22,29.542741165234002,-1.560492160764353,0,0.1570217710905868,0.34002296967644496,0.4794869036438345
2024-01-26,A,32.58730697631836,8.6,2.0013899438907425,-0.9074966766298462,22,33.01098376313276,-1.4093783774195647,0,0.17360858861276718,0.36336314365459477,0.4847452762149831
2024-01-29,A,32.79150390625,7.199999999999999,2.226121531937241,-0.9102156220198842,22,31.709646609360078,-1.5662382495217575,0,0.1728937182646635,0.28639326503566265,0.4728868779501765
2024-01-30,A,32.707420349121094,8.799999999999999,2.047488391979799,-0.7049973123084667,22,32.12153772683858,-1.45489117423904,0,0.18031586924924903,0.17195156456910587,0.47106001431761446
2024-01-31,A,32.27500915527344,10.0,1.7510396216410002,-0.6962306154860662,22,33.936246418338115,-1.2599194754300864,0,0.19464075076530318,0.25311416313071033,0.5013873556561514
2024-02-01,A,32.27500915527344,10.0,1.887517272326052,-1.1771996415364825,22,34.83166189111748,-1.2884832340906769,0,0.20320056260120323,0.3028646565886983,0.4881141040339452
2024-02-02,A,32.45518112182617,2.8000000000000003,2.0480712818324007,-1.2351279943942794,22,31.68576886341929,-1.503657491541217,0,0.20873429744552463,0.26884879531815664,0.4606193914830763
2024-02-05,A,32.65937423706055,16.6,2.0992325816857154,-1.9681028142890744,22,37.111986628462276,-1.2117633810907846,0,0.20926818664902802,0.3000999011967469,0.45935756977870246
2024-02-15,A,34.19685363769531,45.8,3.12276891760205,-1.6639573383613295,22,39.51170009551099,-1.3339956678764817,0,0.17070578392548375,0.2571816609961515,0.3779967650175693
2024-02-16,bull,33.944610595703125,37.6,3.011151512547328,-0.7774045499104452,22,35.13610315186246,-1.5082263021080478,0,0.18506725272117075,0.2697247228033519,0.3561449864559556
2024-02-19,bull,33.89656448364258,30.2,3.021433761641255,0.0,22,27.674307545367718,-1.728467286592225,0,0.18532957316863885,0.2875522140372355,0.3490399999729905
2024-02-20,bull,34.028690338134766,38.2,3.192259447479066,0.0,22,29.095033428844317,-1.688343827413208,0,0.18037419102716834,0.2726188697232428,0.36142671357179834
2024-02-21,bull,33.920589447021484,34.2,3.00266211329041,0.0,22,28.629417382999044,-1.6469766812700668,0,0.18271947426467983,0.30550369604228655,0.3574662348366451
2024-02-22,bull,34.304954528808594,14.4,3.28387525178544,0.0,22,24.426934097421203,-2.161376084772019,0,0.19047624342838154,0.2926360955240159,0.329768978380351
2024-02-23,bull,34.533172607421875,6.4,3.298316824201874,-0.6205284334152154,22,27.793696275071632,-2.2437693411432136,0,0.1916523136172954,0.284792631207786,0.3131832795296501
2024-02-26,bull,34.58122253417969,9.6,3.3490452834183864,0.0,27,18.690305635148043,-2.617641774202446,0,0.1851336861821944,0.2693919424263618,0.28835245762394024
2024-02-27,bull,34.43708419799805,13.0,3.1246272582960883,-0.5331311009889849,27,24.64183381088825,-2.367927121420792,0,0.2064877498968427,0.26804405440059376,0.29943167940093995
2024-02-29,bull,34.425071716308594,16.0,3.2748014262208383,0.0,27,20.21251193887297,-2.461190328436328,0,0.20865314484427988,0.2691878595697894,0.28779645150230615
2024-03-01,bull,34.304954528808594,3.4000000000000004,3.1665986477204453,0.0,27,16.88753581661891,-2.6192231909130985,0,0.196428758085045,0.2757435416939569,0.28802398086121417
2024-03-04,bull,35.30191421508789,27.200000000000003,3.767861699963379,0.0,27,21.669054441260748,-2.554723611095956,0,0.14256544471501265,0.2342434260823616,0.2623972829590071
2024-03-05,bull,35.59019088745117,39.8,3.8312906995886142,0.0,27,24.30754536771729,-2.3702913981488556,0,0.12048601490607203,0.24154642860396658,0.2573306587364834
2024-03-06,bull,35.758358001708984,40.400000000000006,3.941814372985769,0.0,27,24.426934097421203,-2.424894578800415,0,0.1390660752760955,0.21882635278886275,0.23601450803667534
2024-03-07,bull,36.5871467590332,69.0,4.176920954815815,-0.1685536377945281,27,34.47349570200573,-2.041805990181461,0,0.09553533009401116,0.196826620843634,0.23410951464279228
2024-03-08,bull,37.10364532470703,96.0,4.22786115869377,-2.0117481431435342,27,47.08094555873925,-1.3975733664871284,1,0.09064413522729353,0.1769123892278599,0.20703381628207818
2024-03-11,bull,36.73128890991211,97.2,4.026446681587369,-0.5857472103669539,27,43.48137535816619,-1.41158192230854,1,0.13930665091406724,0.18358414632968478,0.21793702636659873
2024-03-12,bull,37.115657806396484,73.2,4.23285515651037,0.0,27,31.73352435530085,-2.019032184113175,0,0.11877018765428993,0.11407803386906012,0.21785538570926577
2024-03-13,bull,37.295833587646484,68.4,4.149736403377972,-0.6208040005830118,27,36.03748806112703,-1.9875345138293428,0,0.11626399385734443,0.11549380942527776,0.2109874736099322
2024-03-14,bull,37.25979995727539,54.8,4.064121565247767,-0.803368733135419,27,33.810888252149,-2.1567890270163534,0,0.13733055553081353,0.13244953919827251,0.18916372397947345
2024-03-15,bull,36.75531005859375,49.2,3.5797878270166583,0.0,27,26.623686723973258,-2.056508243681775,0,0.16960786633654323,0.13025594529383144,0.19349760212155775
2024-03-18,bull,37.09163284301758,51.6,3.813477089275967,0.0,27,27.023638968481375,-2.1520417240216103,0,0.16580316103021708,0.1219604479896792,0.1401072819663267
2024-03-19,bull,37.00755310058594,39.2,3.698371899613661,0.0,27,24.25978987583572,-2.302483685509876,0,0.16845182113587165,0.12124715553820176,0.16617985945812674
2024-03-20,bull,36.8033561706543,32.6,3.5111020527055405,0.0,27,23.04202483285578,-2.3082635117256074,0,0.19451710077521467,0.16978519097504208,0.1706548211769776
2024-03-21,bull,37.81232452392578,51.8,4.049991940315535,0.0,27,26.9878223495702,-2.287973611969525,0,0.19409148697866918,0.1392096304036794,0.025475788905754637
2024-03-22,bull,37.764278411865234,26.8,3.991024402517221,0.0,27,21.454154727793693,-2.693346234749604,0,0.2070611582456361,0.14289685554450804,-0.006602840354722583
2024-03-25,bull,37.83634567260742,46.400000000000006,3.842833476556147,0.0,29,23.7225405921681,-2.3942333579940933,0,0.19746040029355028,0.13497650014301454,-0.05410749189575792
2024-03-26,bull,37.860374450683594,52.0,3.6630493374732778,-1.1137043780300897,29,32.205109837631326,-2.0694482975220807,0,0.16751272308856446,0.14892467105362583,0.0396921067983762
2024-03-27,bull,37.872379302978516,54.8,3.685737472635348,-0.0301275797046463,29,28.81446991404011,-2.150468329331225,0,0.1665081758018747,0.163224337750429,0.0636015228418727
2024-03-28,bull,37.69220733642578,31.0,3.5293807907904764,0.0,29,20.630372492836678,-2.4805433013201528,0,0.18132585808456936,0.17390944404625297,0.06316511662128899
2024-03-29,bull,37.908416748046875,40.0,3.655863114722304,-1.4485806068468394,29,30.432187201528173,-2.2403392851629484,0,0.17427132314642857,0.17836079708062336,0.06775642155785411
2024-04-01,bull,37.81232452392578,49.2,3.473400299966546,-0.6356250243733127,29,29.98447946513849,-2.0585177458727966,0,0.1845616858452459,0.19891611147956567,0.05104792300939209
2024-04-02,bull,38.35284423828125,54.0,3.726473364548781,0.0,29,25.69245463228271,-2.191822720738399,0,0.16880688301375146,0.1917777140329071,0.02474634890423366
2024-04-03,bull,38.088592529296875,60.2,3.4708199578770347,0.0,29,27.178844317096463,-1.9319303718227165,0,0.16903188639894484,0.19751006941022542,0.034105194589800325
2024-04-08,bull,38.3047981262207,50.8,3.5022447736317424,0.0,29,25.041786055396372,-2.115951913606903,0,0.1765444825125011,0.15954820122706326,0.013569757840884877
2024-04-09,D,39.217674255371094,76.8,3.915076518240916,0.0,29,30.61127029608405,-1.9016177663486373,0,0.17917320238995904,0.13040229447902174,-0.02656459038985559
2024-04-10,D,39.15761947631836,71.0,3.7733761806241617,-0.1259026973750319,29,32.71251193887297,-1.9065943199016697,0,0.17668713927560176,0.13213595604843098,0.0180640208632592
2024-04-11,D,39.03750228881836,62.4,3.670435913678801,-0.1715641444999996,29,31.00525310410697,-1.9923797726549943,0,0.21753852831797538,0.1637625132567746,0.015239342129782951
2024-04-12,D,38.94141387939453,50.6,3.564403927578405,0.0,29,24.934336198662848,-2.1561230916073364,0,0.21930901432937921,0.1610537272862813,0.04194652995643322
2024-04-15,D,38.436927795410156,75.6,3.125527063819245,-0.3067115161363238,29,34.998806112702965,-1.4241132912439645,0,0.2396875350461145,0.1872859395733033,0.06453834404689962
2024-04-16,D,37.39192199707031,100.0,2.3759791530198986,-2.436571413832225,29,49.982091690544415,-0.32273782462621803,1,0.30260206315646854,0.2408084702126123,0.09854481727733377
2024-04-17,D,37.81232452392578,99.6,2.7273019602481305,-0.995456623119474,29,45.26623686723973,-0.6924493870651907,1,0.24745875668892925,0.22797099838039192,0.0915101822245834
2024-04-18,D,38.1846809387207,99.2,2.7895103717440928,-0.3280184582560899,29,42.323304680038206,-0.8081999863903382,1,0.23749603516923523,0.24192245964863734,0.1122794118014343
2024-04-19,D,36.250823974609375,100.0,1.772629830290401,-1.5861190314265114,29,51.16404011461318,-0.05877318153418046,1,0.3111722524491378,0.28552828304852307,0.16114882810954434
2024-04-22,D,36.142723083496094,99.6,1.59794265191943,-3.136887702690086,29,53.9816141356256,0.20454036128352293,1,0.2967219295214425,0.2913774283616044,0.15818750304762275
2024-04-23,D,36.491058349609375,97.2,1.806972214294599,-3.3097020704878464,29,52.35792741165234,0.05768955178119978,1,0.26118461052119235,0.310811347626865,0.14277122766757633
2024-04-24,D,37.56008529663086,96.8,2.4441835063810675,-2.571274263414681,29,48.44794651384909,-0.4047532569831043,1,0.19732461953914782,0.2731819774041653,0.12491012985683447
2024-04-25,D,36.87542724609375,98.8,2.0578362413108033,-2.1245699752803953,31,48.79417382999044,-0.3232865471512022,1,0.18321382995099045,0.2919098734290353,0.1600687392724196
2024-04-26,D,37.47600555419922,96.8,2.349086631183284,-1.6147934815859213,31,45.90496657115568,-0.5852383595864079,1,0.2003329563695846,0.2628302207528215,0.15421539457518296
2024-04-29,D,38.148651123046875,98.8,2.769672022459872,-1.3759876805941915,31,44.55587392550143,-0.8237827806097585,1,0.13296374959501778,0.23296844938822692,0.14766040294227056
2024-04-30,D,38.01652526855469,98.0,2.5926691266032167,-0.9392334015415792,31,43.52316141356256,-0.780637572539616,1,0.14706379936831993,0.24741576294295964,0.1777276574975788
2024-05-02,D,37.51203918457031,97.2,2.328401711206915,0.0,31,37.75668576886342,-0.7402668186479828,1,0.16249025276309004,0.26193901778766504,0.19095625224486446
2024-05-03,D,37.7042236328125,96.8,2.416596037314175,0.0,31,37.18958930276982,-0.7993098856562187,1,0.15816573478419937,0.22636842245842148,0.18813203565866887
2024-05-06,D,38.24474334716797,96.0,2.604065600519408,0.0,31,36.18672397325692,-0.9239295055683086,1,0.16168470210849595,0.21093008618909725,0.15501788915010817
2024-05-07,D,38.4609489440918,94.4,2.7100638136613147,0.0,31,35.34503342884432,-1.0145967953905946,1,0.09676882483344329,0.19596149968454646,0.15075279893778282
2024-05-08,D,38.60508728027344,91.6,2.7119267145425487,0.0,31,34.35410697230182,-1.0649909667896769,1,-0.007086496842123591,0.20681985894989885,0.1642111553926584
2024-05-09,D,38.55704116821289,89.0,2.4864540618157207,-0.1493212884073261,31,37.69102196752626,-0.9617086578600389,0,0.048946440449104234,0.2127072607590188,0.15296408200764255
2024-05-10,D,38.833309173583984,87.4,2.6127176262843697,0.0,31,33.32139446036294,-1.080439331813884,0,0.08283248619168782,0.21371741759438367,0.140033825416489
2024-05-13,D,39.22969055175781,86.4,2.7394514373357857,-0.819739570556543,31,38.9207258834766,-1.0843038230356818,0,0.04973342611331111,0.21530260910625887,0.1272667143013282
2024-05-14,bull,39.49394226074219,80.0,2.837728579323981,-0.3842048341316714,31,35.50023877745941,-1.3019281537241496,0,0.07511296133525214,0.21664747756710545,0.10980691773478468
2024-05-15,bull,40.034454345703125,86.4,2.972234625079602,-0.7966815812581463,31,38.467048710601716,-1.224044983063595,0,0.07386644728166125,0.20082456136338855,0.09665775176868685
2024-05-16,bull,40.226646423339844,90.4,3.095623592846474,-0.6830921623331767,31,38.99832855778415,-1.2386330514048842,1,0.07143684874237266,0.1644748583570077,0.09385222093063605
2024-05-20,bull,40.166587829589844,93.6,2.9352671560961605,-0.6570684392577855,31,40.1922158548233,-1.0905547059173744,1,0.07814867471458564,0.14818171543948733,0.07964210788238302
2024-05-21,bull,40.1185417175293,96.4,2.837986043823417,-0.5229668560909383,31,40.7533428844317,-0.9983725076018628,1,0.10381516872709318,0.15768194518598033,0.10625772867977856
2024-05-22,bull,40.8392333984375,96.4,3.144715023512062,-0.1229305041888532,31,38.723734479465136,-1.2223964364279778,1,0.08581427194332769,0.12128863340855767,0.08883339435967175
2024-05-23,bull,41.15153503417969,89.0,3.145834027142312,-0.1225280631231448,31,36.19866284622731,-1.3533813403974608,0,0.07816064847619875,0.12803481914652592,0.08235480496731995
2024-05-24,bull,40.98337173461914,90.0,3.0370465760367886,0.0,31,33.35721107927411,-1.284855955260965,0,0.07109599298927871,0.12795003883727385,0.09724872004538532
2024-05-27,bull,41.54792022705078,85.6,3.2439052154530756,0.0,35,29.142788920725884,-1.7509546391799349,0,0.0510210770967332,0.10041933471654785,0.11150417874867635
2024-05-28,bull,41.60797119140625,81.8,3.2373337789724106,-0.0058461053934138,35,30.951528175740208,-1.8133505156947347,0,0.05008443901687687,0.120302861941749,0.10989999339890422
2024-05-29,bull,41.043434143066406,91.6,2.955578807537084,0.0,35,31.232091690544415,-1.4753188824594088,1,0.06629294312171163,0.131594185118163,0.12516625167645823
2024-05-30,bull,40.334747314453125,96.8,2.5728940218973197,0.0,35,33.840735434574974,-1.158132393899752,1,0.08023871349462697,0.13651055581154115,0.14493557107610044
2024-05-31,bull,39.87831115722656,97.6,2.3178277456459604,0.0,35,35.17788920725883,-0.9936566491936671,1,0.10804277080427704,0.13286785933616874,0.15804018802624098
2024-06-03,bull,40.73113250732422,93.0,2.676607319365403,0.0,35,32.139446036294174,-1.2861848545305232,1,0.07002252041738166,0.10736955044017171,0.13379334449832547
2024-06-04,bull,40.08251190185547,99.2,2.431102813794017,-0.20212136642696,35,38.89087870105062,-1.010463729894159,1,0.09245826032915883,0.12800000761368913,0.1620955346665538
2024-06-05,bull,40.46687316894531,97.0,2.527148490171539,0.0,35,34.073543457497614,-1.127638955334823,1,0.07909844395081977,0.14383839667395293,0.13968507980846412
2024-06-06,bull,41.848201751708984,91.6,2.9351292607271424,0.0,35,31.279847182425975,-1.4632614960435704,1,0.038863545104466546,0.12108414982149451,0.10042829451092983
2024-06-07,bull,41.52389144897461,87.2,2.8318215916384655,0.0,35,30.127745940783186,-1.4798143977058729,0,-0.004194028261575111,0.13652718144268583,0.09982628769106494
2024-06-11,bull,41.631996154785156,94.0,2.7085022746531315,-0.4020787721838218,35,36.9269340974212,-1.243993072390233,1,-0.0006899662054002942,0.13966583644703867,0.11696237475922189
2024-06-12,bull,42.376708984375,94.0,2.9326215331141725,-0.3344029336957164,35,36.27029608404967,-1.383440951513482,1,-0.004291642661673589,0.1153643057756013,0.11327686158721018
2024-06-13,bull,42.98929977416992,89.2,3.1535031540072804,-0.0891991074653205,35,33.369149952244506,-1.6246455497942502,0,-0.03364539703889835,0.10087469708867047,0.09877955207324063
2024-06-14,bull,43.24154281616211,92.4,3.2890406551333786,0.0,35,31.01719197707736,-1.657848920902007,1,-0.037607303279049376,0.08663544149002189,0.09350209267142873
2024-06-17,bull,43.24154281616211,98.0,3.2106438103038575,0.0,35,33.11843361986628,-1.5130333129179245,1,-0.04039932562369708,0.07714261844922565,0.09508728808079314
2024-06-18,bull,43.96223831176758,99.6,3.409442189317417,0.0,35,33.6676217765043,-1.60207906632369,1,-0.02070452552259172,0.07184246831320262,0.0833713612213769
2024-06-19,bull,45.15137481689453,99.6,3.7859217218650127,0.0,35,33.345272206303726,-1.8240575406522104,1,-0.04596118234948121,0.044415917930153315,0.05505593789608487
2024-06-20,bull,45.58379364013672,97.6,3.883876609142223,0.0,35,32.47970391595033,-1.917024607845883,1,-0.05315745789913873,0.03874591427034968,0.05943963597527535
2024-06-21,bull,45.307525634765625,99.2,3.636005194261928,0.0,35,33.23185291308501,-1.7427065637398735,1,-0.05218034778871872,0.050409207772674325,0.05595820729242229
2024-06-24,bull,44.20246887207031,100.0,3.1251304194885208,0.0,35,34.21680993314231,-1.4274019550104438,1,-0.015921070209637844,0.0766693201208346,0.07593283124825456
2024-06-25,bull,44.17844009399414,99.6,3.1239568753893794,0.0,36,33.10649474689589,-1.500418934452025,1,-0.0028151007593139044,0.0624978790898596,0.07164190522966152
2024-06-26,bull,44.52677917480469,99.6,3.169334775859718,0.0,36,32.99904489016237,-1.5271744848705957,1,-0.006278042580344034,0.04442486173399396,0.07425378850055875
2024-06-27,bull,44.514766693115234,98.8,3.0284327648659155,0.0,36,32.8020534861509,-1.4581808675362722,1,0.0034825630615225034,0.06992942751647302,0.08686192180339503
2024-06-28,bull,44.79103088378906,98.0,3.0887518148654594,0.0,36,32.473734479465136,-1.5078304705114678,1,0.01211792159568037,0.06629517020533648,0.08474914194707761
2024-07-01,bull,44.82706832885742,97.6,3.0512813995574093,0.0,36,32.37225405921681,-1.4927795558695012,1,0.019653230446355474,0.06866972219818201,0.07754247308794615
2024-07-02,bull,44.52677917480469,97.2,2.8207701461467036,0.0,36,32.664756446991404,-1.3639086137876384,1,0.02436048438251226,0.07506338869685036,0.09954329981731314
2024-07-03,bull,45.067298889160156,95.2,3.040189954804824,0.0,36,31.452960840496658,-1.5284933802227942,1,-0.014445931741690177,0.06565210685990874,0.09504667380275911
2024-07-04,bull,46.24443054199219,94.4,3.3009003499179257,0.0,36,30.85004775549188,-1.6962969894886877,1,-0.04136025802832699,0.03278296089155064,0.07352495731149
2024-07-05,bull,46.07626724243164,93.6,3.2601840953415104,0.0,36,30.659025787965618,-1.6863745285821548,1,-0.03786153663122194,0.025809411789445846,0.09338146908706513
2024-07-08,bull,47.5296630859375,96.0,3.480630286088387,0.0,36,31.297755491881567,-1.7740996779089842,1,-0.044167813839527614,-0.014194819487213683,0.05600541782347057
2024-07-09,bull,47.48161697387695,98.4,3.420853616143433,-0.5980375962818966,36,37.404489016236866,-1.6320612446176803,1,-0.04777729546692333,-0.0032809456977698215,0.04980525058967933
2024-07-10,bull,47.6497802734375,98.8,3.4385421654417145,0.0,36,32.34837631327603,-1.6999880606964766,1,-0.042270002715532606,0.02436566055330247,0.04920453788552237
2024-07-11,B,48.70679473876953,97.8,3.692518500815078,0.0,36,31.79918815663801,-1.8673422852400146,1,-0.047438580585476675,0.013289506722720557,0.03250866958945009
2024-07-12,B,47.169315338134766,98.0,3.192403078899833,-0.2562293202422463,36,36.174785100286535,-1.5412929377518823,1,-0.015621966020153533,0.030704755533554673,0.06407272113818574
2024-07-15,B,47.25339126586914,100.0,3.090367596740862,0.0,36,33.44078319006686,-1.4735718942596576,1,0.0035769201303312848,0.017118163897180017,0.06530963068065532
2024-07-16,B,47.53107452392578,99.6,3.125380781354666,0.0,36,33.07067812798472,-1.501258492638954,1,-0.019558047657517452,0.010921922384182547,0.04663833490663638
2024-07-17,B,46.867061614990234,99.2,2.865100522053552,0.0,36,33.25573065902579,-1.3548352590284827,1,-0.004121547602584763,0.00154559052521841,0.07303906203516397
2024-07-18,B,46.0219612121582,99.6,2.4895499971028188,-0.133450789983748,36,37.7865329512894,-1.111960414970096,1,0.039349304369614924,0.02623292483882933,0.10452778306653276
2024-07-19,B,44.971614837646484,99.2,1.9865304708251552,-1.0658230366470958,36,43.15305635148042,-0.721793479883366,1,0.06335571542345386,0.04214762543410022,0.12045774044856405
2024-07-22,B,43.63151550292969,99.8,1.4188798728164929,-2.6120608701407724,36,50.113419293218726,-0.20966562361393193,1,0.09186508873256427,0.09601564644763738,0.1480914935992601
2024-07-23,B,44.98368453979492,97.6,1.9161073198791243,-3.4061799145574145,36,47.1525787965616,-0.4558709087359572,1,0.05206660706231059,0.06824009050726154,0.12782946494391245
2024-07-26,B,43.221038818359375,100.0,1.2278456971361915,-2.539244940320791,38,49.52244508118434,-0.23469918512679155,1,0.08826822555351499,0.12313285559855602,0.1635580543781645
2024-07-29,B,43.60737991333008,99.6,1.233719443458435,-4.411329324014159,38,50.9909264565425,-0.04317124259122407,1,0.08748594771267548,0.11542790029544037,0.1860379814813795
2024-07-30,B,43.60737991333008,99.2,1.2499850814842584,-4.272840582711993,38,50.45964660936008,-0.07474954650544374,1,0.08554804204869515,0.1300232963326582,0.1860379814813795
2024-07-31,B,43.66773986816406,99.2,1.1942279120849069,-3.419146603881157,38,50.06566380133716,-0.1340040003166576,1,0.058888538683049774,0.08025081338412177,0.1934311479207731
2024-08-01,B,44.4283332824707,97.6,1.545594564108946,-3.3179916839382826,38,47.06900668576886,-0.38026106130054066,1,0.04239135110518322,0.06809391324745606,0.17410989848471936
2024-08-02,B,42.182769775390625,100.0,0.6431123461115065,-4.299638289838556,38,55.873925501432666,0.30004900735923057,1,0.09044082271956122,0.14207240756884643,0.2471319303017916
2024-08-05,B,38.331512451171875,100.0,-0.9376187242200502,-9.670270609029313,38,68.63658070678127,1.8116670411446207,2,0.21543302121656271,0.2622473522089539,0.36728930127614645
2024-08-06,B,40.444271087646484,99.6,-0.3749988710018985,-14.459369041561246,38,68.62464183381088,1.98972960125017,1,0.15611933459615024,0.20175655614864918,0.2958638013933492
2024-08-07,B,42.04996871948242,99.2,0.2850918556775079,-14.344214525987828,38,64.83404966571155,1.5810597276490348,1,0.12087274169527085,0.14276839454286505,0.249898146146468
2024-08-08,B,41.18071746826172,99.2,-0.099542818399942,-13.72821851483292,38,66.72039159503342,1.7413689401427075,1,0.15772497938450503,0.17402358697941822,0.2738867864264356
2024-08-09,B,42.46044921875,98.4,0.3899684585502787,-13.373624158593628,38,63.26408787010506,1.4003931340721552,1,0.13164618167757225,0.13690952776595866,0.20065724220609704
2024-08-12,B,42.99165725708008,98.0,0.6244092049524032,-13.94003009419662,38,61.24641833810888,1.316246747315328,1,0.1182252359249174,0.11802195296275375,0.1927028426340538
2024-08-13,B,43.100311279296875,97.6,0.6176107404752317,-13.680242263607386,38,61.03748806112703,1.2851769395093766,1,0.08683480479865979,0.10185628377885614,0.18397638692894125
2024-08-14,B,43.64359664916992,96.8,0.7874102913180532,-13.9984343818838,38,59.389923591212984,1.2053148186487863,1,0.06638992870058291,0.10468654277147782,0.1907022756150365
2024-08-15,B,43.3055534362793,96.4,0.6481294342516516,-13.80892324087326,38,60.2316141356256,1.259942980090165,1,0.06495675630584175,0.11726663807331938,0.20113534792228283
2024-08-16,B,44.28345489501953,95.6,1.008096876456697,-13.84291634308559,38,57.05587392550144,1.037284297766022,1,0.04880054014931301,0.09065961376016252,0.18017783647734165
2024-08-19,B,44.34382247924805,96.0,1.0345827012842237,-13.238625918132046,38,56.69173829990449,0.9634956655709292,1,0.032670745247932675,0.08503452244305043,0.16745266686205906
2024-08-20,B,44.36796569824219,94.8,1.0263089862335275,-13.177772259219752,38,56.32760267430755,0.9406799570753657,1,0.04625857078053808,0.09216841220497729,0.1668173872192411
2024-08-21,B,43.897125244140625,96.0,0.8386315097533569,-12.755159392700314,38,58.04083094555874,1.0268564665671422,1,0.05308025258251936,0.09412395606015211,0.16810090717529858
2024-08-22,B,43.66773986816406,95.2,0.7401327226141423,-12.595641888992798,38,58.43481375358166,1.0536334837274597,1,0.047000254035122646,0.08557637843755472,0.17423690749452536
2024-08-23,B,43.6918830871582,94.4,0.725213789643921,-11.692666502374747,38,57.89159503342884,0.9508972327640792,1,0.06686931099618332,0.09085948348832873,0.17245957917905907
2024-08-26,B,43.76432418823242,94.4,0.7738440515707131,-11.169261128873083,35,60.11222540592168,1.065738658588605,1,0.061241371255138954,0.07674811757276379,0.17840489760127531
2024-08-27,B,43.5711555480957,92.0,0.7044934171071665,-10.412087648170695,35,59.52722063037248,0.9826620069270265,1,0.05209204374362031,0.05652037219321415,0.19607663056910685
2024-08-28,B,44.18687438964844,92.8,0.8429615565759287,-9.621826510278405,35,58.35721107927411,0.8298192574507607,1,0.022404449707182472,0.034873409394401866,0.19056800966631005
2024-08-29,B,43.583229064941406,89.2,0.6748786899576779,-8.656487019159243,35,57.89159503342884,0.7613649147912535,0,0.034903031768174664,0.06296777563609601,0.21950188191209485
2024-08-30,B,43.78847122192383,87.2,0.7106438366541027,-8.292029685239733,35,56.79918815663801,0.665734066458291,0,0.032533734766050815,0.05155657539909142,0.23743107453380707
2024-09-02,B,43.66773986816406,85.6,0.6598366144271807,-8.000709577557503,35,56.78127984718242,0.6360828481802004,0,0.05999448251088735,0.0446536613729287,0.2521430500777655
2024-09-03,B,43.474571228027344,84.6,0.5163243604690757,-7.870623001888346,35,57.8020534861509,0.6890555689510448,0,0.07914475881311245,0.04310137112847179,0.2701815927876021
2024-09-04,B,41.34973907470703,97.2,-0.3641317486805442,-9.034011190554503,35,67.90830945558739,1.5555695170313233,1,0.14131388412804702,0.07746273704549234,0.3354522026948261
2024-09-05,B,41.603271484375,96.4,-0.292784957479236,-8.915159122975789,35,67.27554918815665,1.4865913830442112,1,0.14045271027598627,0.07560383009500793,0.3450904488958786
2024-09-06,B,42.19484329223633,96.4,-0.0904567078097233,-9.067858329037952,35,66.30850047755492,1.3837744900618971,1,0.12017168235599907,0.050661212128061184,0.3168843133044785
2024-09-09,B,41.54290771484375,96.4,-0.3500654428659242,-8.663074183093066,35,67.41881566380134,1.4931601400302998,1,0.13920365641698473,0.063613659370092,0.35179221290581353
2024-09-10,B,41.6153450012207,96.0,-0.4270852343889248,-9.243062675101225,35,67.86652340019103,1.5941217833897023,1,0.12909776351419677,0.07087999840135129,0.3506239176006556
2024-09-11,B,41.49461364746094,96.0,-0.4615043105790034,-9.199105272298286,35,67.98591212989494,1.6096719937897848,1,0.12249047672806146,0.07842040736326616,0.3640593610848899
2024-09-12,B,43.05202102661133,93.6,0.0590690584838492,-9.042391329467865,35,64.54154727793697,1.243567511394751,1,0.09450364700723357,0.026614969976950675,0.33876412623299546
2024-09-13,B,43.07616424560547,88.0,0.1374436242577202,-8.62128420950372,35,62.17765042979943,1.0533195851499682,0,0.09473105140753435,0.048202566772445055,0.3368692680353924
2024-09-16,B,43.160675048828125,87.6,0.1997871964827498,-8.288717453983518,35,61.521012416427894,0.9736282765631633,0,0.0970629941970842,0.037642589315196595,0.3296821759909043
2024-09-18,B,42.943363189697266,93.6,0.041287265460334,-8.03911889021492,35,64.12368672397325,1.1457798000156107,1,0.10823742187878227,0.04175345074704562,0.3145966477886215
2024-09-19,B,43.49871826171875,84.39999999999999,0.3370010254894517,-7.913392136588546,35,59.53915950334289,0.7958820077474286,0,0.09408837800256209,0.039145647503869174,0.3102810962237068
2024-09-20,B,44.054073333740234,82.6,0.4210313196188229,-8.277294103483273,35,58.637774594078316,0.7539181667121785,0,0.06549736152132524,0.02521251440986627,0.30047839067737825
2024-09-23,B,44.24723815917969,82.0,0.5151957043690454,-8.143522898151012,35,57.378223495702,0.6733974758270814,0,0.051023230326917135,0.001373290520993331,0.31931543592684575
2024-09-24,B,44.66979217529297,78.4,0.6262064987214335,-7.85260925686873,35,55.43815663801337,0.5131683128896595,0,0.06621626214632759,-0.017963319640666997,0.325599034937734
2024-09-25,B,45.333805084228516,83.2,0.8923905299836042,-7.748009651662143,39,50.23280802292264,0.1627739575105367,0,0.05352859331276494,-0.06717645638226566,0.3420728821182457
2024-09-26,B,45.708065032958984,83.2,0.9580277857718448,-8.017628154076105,39,49.982091690544415,0.15317011669198788,0,0.04807172702269513,-0.055802011250954076,0.3192184672212999
2024-09-27,B,45.611473083496094,84.39999999999999,0.9105639854437216,-7.9950957009426284,39,50.53724928366762,0.19985062871350534,0,0.04949713024600122,-0.05541252180563083,0.3317407354191022
2024-09-30,B,44.416259765625,93.6,0.3817595503447083,-7.024906219846064,39,57.139446036294174,0.5689123143555346,1,0.08127208966135147,-0.1269948544487135,0.35425650253670393
2024-10-01,B,44.331748962402344,91.2,0.5109656424050204,-6.887895324587635,39,54.94269340974213,0.4356906962608842,1,0.07734210848319756,-0.15376839875600856,0.35016523966075397
2024-10-04,B,44.331748962402344,93.6,0.4219397406448067,-6.81586824502073,39,56.638013371537724,0.5226622518886108,1,0.06617649210045484,-0.19269785777875836,0.3746328079246197
2024-10-07,B,45.430381774902344,90.4,0.7544146236492032,-6.331852520045718,39,51.981852913085,0.21805712129565524,1,0.03135800905880126,-0.13355048012049742,0.36743673138862376
2024-10-08,B,45.21307373046875,93.6,0.6611506091210259,-5.902451312219649,39,53.25931232091691,0.28304459002597726,1,0.04672893174813808,-0.10908246273139743,0.353289933731207
2024-10-09,B,45.635623931884766,90.8,0.6892577750674311,-6.2184939163477875,39,52.43553008595989,0.25128336989134525,1,0.06957666926771933,-0.12189126485139101,0.3634476166513627
2024-10-11,B,46.39621353149414,86.8,0.8891683831099665,-6.283055406401215,39,49.761222540592165,0.0699576894994185,0,0.06375241120464725,-0.12758062926100078,0.34322152316026755
2024-10-14,B,46.432437896728516,86.4,0.9413130667090333,-6.15444197774227,39,49.17024832855778,0.0182902487292409,0,0.047061921288926944,-0.14407756828487717,0.33155512432852974
2024-10-15,B,47.42241287231445,90.8,1.204843726218489,-6.013580518199373,39,48.12559694364852,-0.07482856486557998,1,0.01349298045344649,-0.17123708552973615,0.2964802078204394
2024-10-16,B,46.60145950317383,93.6,0.9442487626946702,-5.156400150182286,39,50.34622731614136,0.03561221354477451,1,0.031087990440307856,-0.15479875932903708,0.350001510278118
2024-10-18,B,47.83289337158203,88.0,1.3308205771080277,-5.222626655294121,39,45.90496657115568,-0.28376128668366407,0,-0.012619799210565774,-0.20189078870535104,0.32761554133125603
2024-10-21,B,47.820823669433594,90.4,1.3604667934692083,-4.113586324318909,39,45.23638968481376,-0.3786741688862999,1,-0.01994449240432028,-0.16636811178609479,0.3279506238940799
2024-10-22,B,47.63972854614258,86.0,1.334397404415794,-1.926868765549837,39,41.88156638013371,-0.6767563671885863,0,0.0038013466662727424,-0.16808073111283695,0.34024314749870466
2024-10-23,B,47.32583236694336,90.4,1.1298531462394517,-1.4364597584050238,39,43.218720152817575,-0.5316133907801596,1,0.015373060352245282,-0.14264854871155774,0.336630936364553
2024-10-24,B,47.03608322143555,90.4,0.9772344669451158,-1.749521521851893,39,45.18863419293219,-0.40784161883749387,1,0.03203679867369846,-0.13008097904442473,0.3406718302915266
2024-10-25,B,47.42241287231445,87.2,1.0933106893349749,-0.6793411386374584,34,45.11103151862464,-0.314779532339987,0,0.0256940815111546,-0.1338124816946884,0.31311512584039525
2024-10-28,B,47.33790588378906,92.8,0.9382671018223744,-1.072004598084736,34,49.51050620821395,-0.08239591115589473,1,0.04097032334011419,-0.12812921355739237,0.3185838611343641
2024-10-29,B,46.2392692565918,94.0,0.6730551273762371,-1.405120296395541,34,52.92502387774594,0.13105366539612107,1,0.020174243011110926,-0.08147262841332736,0.3339189118173087
2024-10-30,B,46.311710357666016,94.4,0.5588930602444073,-1.017367864108868,34,53.23543457497613,0.16356188594778476,1,0.02465730564151558,-0.09110241338440606,0.34886626293817047
2024-11-01,B,45.9978141784668,95.6,0.5070311623119578,-0.3820220998088532,34,51.74307545367718,0.1467013955058657,1,0.047349277258820655,-0.08995566530610954,0.34842421880617347
2024-11-04,B,46.589385986328125,94.8,0.6599216915001561,-0.076706912315324,34,48.650907354345755,0.009520832028256154,1,0.03851658641422584,-0.10492635465705424,0.33765215594235976
2024-11-05,B,46.75840377807617,92.8,0.7714619712742057,-0.158327567410424,34,47.50477554918816,-0.08264798569268722,1,0.03947449038073625,-0.09638231816036558,0.32649024857158127
2024-11-06,B,47.13266372680664,84.0,0.8554784793904244,0.0,34,40.783190066857685,-0.30420161789560446,0,0.019534468127468285,-0.09239098720453043,0.2908515164648746
2024-11-07,B,47.67594528198242,74.8,1.0172904569826868,0.0,34,37.38658070678128,-0.5615804306925968,0,0.014078134172744727,-0.09272102981901931,0.2802784741801525
2024-11-08,B,48.05020523071289,72.39999999999999,1.1375574852802917,-0.3749341549022486,34,40.30563514804203,-0.6342828390775693,0,0.004651052752711049,-0.08883435337346801,0.24054965384846527
2024-11-11,B,48.07435607910156,73.8,1.1006446703111097,-0.322365074132458,34,40.490687679083095,-0.5935437558599974,0,-0.0001817907123117246,-0.06866951733970761,0.2317218206938929
2024-11-12,B,46.842918395996094,82.8,0.570883152837689,-1.0247453171664842,34,49.80897803247374,-0.046936853095637,0,0.013821308366158913,-0.046276382191913545,0.3030461929103496
2024-11-13,B,46.54109191894531,83.6,0.442098859150895,-0.6492958771840684,34,49.84479465138491,0.0025628507855827154,0,0.03591239286886383,-0.03746143180737005,0.2680625038318203
2024-11-14,B,46.1185417175293,82.0,0.2909075230052031,-1.1726833605736269,34,52.4235912129895,0.12002216274857147,0,0.04911925433379283,-0.04217780773532909,0.27326643947049467
2024-11-15,B,46.44451141357422,78.0,0.3042883748832829,-1.1708456114906536,34,51.48638968481375,0.04151173095114846,0,0.039911376861886616,-0.047055436688665075,0.2813151378011769
2024-11-18,B,45.79256820678711,90.4,0.1059911937158567,-2.4201303427553293,34,58.73925501432665,0.5115623874750371,1,0.050707137232347765,-0.018520362001881452,0.3210906939852205
2024-11-19,B,46.42036437988281,74.0,0.3839563701803322,-2.149667509877151,34,52.316141356255976,0.029749115004734095,0,0.04388001466041902,-0.04234091719657285,0.31490752595568017
2024-11-20,B,46.227195739746094,75.6,0.2193976079768052,-2.1842595066353896,34,54.05921680993314,0.15867779321220388,0,0.03897490564178696,-0.04231080206585447,0.3300010678169383
2024-11-21,B,45.72013473510742,70.39999999999999,0.0823071793837211,-1.6752318059946096,34,52.620582617000956,0.09302549617463896,0,0.03684442697483625,-0.03276041010044084,0.32641889507769495
2024-11-22,B,46.613529205322266,64.4,0.404566319799273,-1.4817716599522697,34,48.406160458452725,-0.2234955764494549,0,0.022486514744476827,-0.05970109801114731,0.3052277200206195
2024-11-25,B,46.44451141357422,62.8,0.4366930209512376,-0.962919897703666,32,47.32569245463228,-0.19326764158234916,0,0.014611893898637707,-0.05469788873237702,0.32271635257060494
2024-11-26,B,45.84086608886719,66.8,0.1690963270475598,-0.8508247813640858,32,49.79106972301815,0.02283707841398519,0,0.004209069421185596,-0.040113979403021194,0.3379831983402053
2024-11-27,B,45.176856994628906,67.80000000000001,-0.1670651687585703,-1.5551085481060238,32,53.83237822349571,0.3146546059163853,0,0.012195721263527748,-0.04686712868414522,0.36965383815810426
2024-11-28,B,45.10441589355469,66.4,-0.2045660451495185,-2.952863885063638,32,56.04703915950334,0.4629621889720341,0,0.027118235241780697,-0.03855224168908744,0.3926227256565795
2024-11-29,B,45.21307373046875,68.4,-0.2415362665693709,-2.2382344063474244,32,55.951528175740215,0.4428496119066877,0,0.018423456776790692,-0.018393504875325872,0.3870948309261566
2024-12-02,B,46.28756332397461,65.8,0.2016510177641483,-1.9135141762897316,32,52.29226361031519,0.10072103224787954,0,-0.0144725481038539,-0.039328970223933446,0.364482400578803
2024-12-03,B,46.91535568237305,59.0,0.4649479240957416,-1.7461720123078446,32,48.340496657115565,-0.1923008260840523,0,-0.033399956206322745,-0.050618693427915584,0.33151081925806225
2024-12-04,B,47.193031311035156,57.599999999999994,0.6659189885991716,-1.354623550876651,32,44.99164278892073,-0.37770004553937253,0,-0.05594529951007854,-0.0471272785471617,0.32576594184799257
2024-12-05,B,47.446563720703125,54.400000000000006,0.6650602699579213,-0.551327755980579,32,41.678605539637054,-0.5202226286846462,0,-0.05686240174332635,-0.026680051636008617,0.3051726378037587
2024-12-06,B,47.26546859741211,54.8,0.5802266872202269,-0.4112362919089009,32,42.23973256924547,-0.47827963986778405,0,-0.06205340781489865,-0.022950828139846502,0.29869893196799224
2024-12-09,B,47.32583236694336,52.8,0.6433716798724561,0.0,32,36.59264565425024,-0.5951024298750986,0,-0.06635336589827834,-0.024197047552821038,0.2897498771378755
2024-12-10,B,46.98779296875,51.2,0.4928680975998213,-0.6434262083816008,32,42.99188156638014,-0.46509417105698,0,-0.05156131470108383,-0.017176929731583357,0.29902859070881527
2024-12-11,B,46.577308654785156,54.400000000000006,0.2737444355052731,-0.7307995609292395,32,46.036294173829994,-0.2701280130917755,0,-0.039260973948977096,-0.00851534181678859,0.32317938417826353
2024-12-12,B,47.1205940246582,48.0,0.4000437257124614,-0.7467082027414685,32,43.576886341929324,-0.4555553468701007,0,-0.06202690801069044,-0.01994684263705926,0.32675765101481247
2024-12-13,B,47.15681457519531,45.6,0.3673148544667806,-1.8197731394240535,32,46.35864374403056,-0.3627073092127141,0,-0.042502205975856744,-0.012238029244104998,0.33201182409530716
2024-12-16,B,47.349979400634766,50.8,0.3799280013690703,-3.019020506746909,32,49.259789875835715,-0.14917336801302566,0,-0.05416316583112546,-0.025987082551293228,0.3297015680869779
2024-12-17,B,47.5914421081543,47.599999999999994,0.3550659803343291,-2.8128987107897263,32,48.4360076408787,-0.21309679866525955,0,-0.05999072926000559,-0.03236919828298135,0.33435108948027503
2024-12-18,B,47.5914421081543,39.2,0.4927568463643653,-2.2618250666108124,32,44.663323782234954,-0.5016402136902053,0,-0.05021781750300647,-0.04039328585532431,0.3519627701958614
2024-12-19,B,46.93949890136719,53.8,0.267097891450932,-1.9854170339175992,32,49.4269340974212,-0.1413754341693007,0,-0.03780849072581449,-0.009333836547172902,0.3686395704868335
2024-12-20,B,46.50487518310547,55.60000000000001,-0.1269746362539147,-1.6665309346895858,32,51.36700095510984,0.08825243274969885,0,-0.04723962170701046,0.014452987923688543,0.3909722061584251
2024-12-23,B,47.62765884399414,53.2,0.4363151087289545,-2.0638817166585723,32,48.10768863419293,-0.24324421721165232,0,-0.07895169561336302,-0.008228313205003834,0.3861314561398379
2024-12-24,B,47.760459899902344,48.8,0.451919243888956,-2.102555108204887,32,46.81232091690544,-0.3257358653122976,0,-0.11457216297801665,-0.009961008354713585,0.43492561332089674
2024-12-25,B,47.905330657958984,41.4,0.5429771158424144,-1.6244835517906415,34,42.35912129894938,-0.6946330943273253,0,-0.09910937924900232,-0.011524120497575452,0.4491118278687969
2024-12-26,B,47.869110107421875,36.6,0.5651230890674296,-1.1643053558002754,34,39.798233046800384,-0.8418597290389318,0,-0.09996182841113754,-0.005048770380759571,0.4388786000031877
2024-12-27,B,48.02606201171875,34.4,0.5897023628539476,-1.4221331149288765,34,40.01910219675263,-0.8672599532966849,0,-0.19261289189041497,-0.008096352078326596,0.4393093298799404
2024-12-30,B,47.760459899902344,44.8,0.5066289890138548,-1.1302344034455731,34,42.08452722063038,-0.6666813588922899,0,-0.21451914430838437,0.011156045014911298,0.44215190304116936
2024-12-31,B,47.26546859741211,44.8,0.3601840229156783,-0.7918439689279142,34,42.38299904489016,-0.6168537711035359,0,-0.24280628188416498,0.012215788097826641,0.4676862873787595
2025-01-02,B,46.85498809814453,47.2,0.1706039748573697,-0.190488767442161,34,41.85768863419293,-0.5277184057642792,0,-0.15989451551337752,0.01502293378178865,0.48790995895545897
2025-01-03,B,47.32583236694336,43.2,0.2415560876074402,-0.6974567122739739,34,42.448662846227315,-0.5852639964651439,0,-0.14885553437346521,0.00037263677313159604,0.4741486563594943
2025-01-06,B,48.81079864501953,45.6,0.8380795423383638,-0.1288519422903675,34,35.661413562559694,-0.9560936875358863,0,-0.17901281845479855,-0.020031170435634293,0.4272805240734643
2025-01-07,B,49.35408401489258,48.2,0.9346370195076604,-0.3026473272026456,34,36.02554918815664,-0.9484950813272895,0,-0.1798661403258046,-0.019708179324938735,0.4385418875136933
2025-01-08,B,48.617637634277344,55.2,0.7067997651421654,-0.0130922373608731,34,38.31781279847183,-0.722167574920469,0,-0.18254841064080773,-0.0006295105573070892,0.4725018521247295
2025-01-09,B,48.06228256225586,56.00000000000001,0.4063883761437436,-1.3716792235933437,34,46.41236867239733,-0.38433827889119276,0,-0.18227069111078853,0.005009905757006328,0.4895164700026724
2025-01-10,B,48.05020523071289,57.99999999999999,0.3475975558211789,-2.152339955833242,34,49.19412607449857,-0.23021486806763541,0,-0.18028214031468381,0.018915974843905614,0.4744993935808406
2025-01-13,B,46.93949890136719,70.39999999999999,-0.1296675149252037,-4.433355885467096,34,57.06184336198663,0.5156631944049134,0,-0.17288028484243845,0.051370314999510835,0.529628665244795
2025-01-14,B,47.229251861572266,68.8,0.1694841334315912,-4.607914204330655,34,55.36652340019102,0.3299476452207485,0,-0.19169007981267872,0.051139884006488945,0.5297722735850847
2025-01-15,B,46.867061614990234,71.2,-0.0825127748722427,-4.676289320291542,34,57.21704871060172,0.5281616279352602,0,-0.1494033942434424,0.0749326932726806,0.541594405758332
2025-01-16,B,47.820823669433594,61.6,0.3960322024927821,-5.362783892258776,34,52.542979942693414,0.1510754174106511,0,-0.1712311687466327,0.0495758515794027,0.5275772654340616
2025-01-17,B,48.053375244140625,56.8,0.5159662432005728,-6.178637110962783,34,51.25358166189112,0.08389936210500137,0,-0.1556291133122869,0.03731424800887573,0.5441162368150143
2025-01-20,B,48.54296875,56.39999999999999,0.6295166654573662,-6.406982121955801,34,50.37010506208214,0.03454868971548941,0,-0.1570852685935865,0.029899220824615824,0.5192725517019394
2025-01-21,B,48.64088821411133,52.8,0.6611031910685674,-6.78380092476984,34,49.49856733524356,-0.006789618807184872,0,-0.1555108546310826,0.03390767895359992,0.492571397021877
2025-01-22,B,49.2773551940918,56.599999999999994,0.8655460826507054,-7.537023596093329,34,49.444842406876795,0.020855954116537956,0,-0.16244414764382964,0.01855267045849973,0.4509707292199121
2025-02-03,B,47.17211151123047,82.6,0.0930277876723196,-7.567436463389049,38,57.74235912129895,0.6707072818812947,0,-0.09963677491447032,0.06714520900483789,0.5464645234478145
2025-02-04,B,47.45363235473633,70.6,0.1850599171171433,-7.4090533134822705,38,54.29202483285578,0.38808348199930376,0,-0.11297408254308694,0.048346401054367494,0.5362364883033615
2025-02-05,B,48.175777435302734,57.599999999999994,0.5165069075466503,-7.442003640342831,38,48.74044890162369,-0.03266034432680098,0,-0.13109756749371348,0.04388949204255521,0.49452699744579753
2025-02-06,B,48.38385009765625,51.2,0.6515861817468727,-7.341004390401705,38,45.821394460362946,-0.23588108130839347,0,-0.13812291777308794,0.05060954610764701,0.48603307468832035
2025-02-07,B,48.60416793823242,43.6,0.7931198780590248,-7.3108020189758305,38,42.84264565425024,-0.45639388392422864,0,-0.1306975878660962,0.036717550835311696,0.5214743937643367
2025-02-10,B,48.053375244140625,50.0,0.57674656139924,-6.496850229150801,38,45.534861509073544,-0.303981443828314,0,-0.10978094299996255,0.042444397448770044,0.5711695508674195
2025-02-11,B,48.34713363647461,49.2,0.6934242448246111,-6.3659269469268045,38,43.923113658070676,-0.4009901246772484,0,-0.10531650411621163,0.049367791836316455,0.5967853963942149
2025-02-12,B,48.27368927001953,49.2,0.5935202913417635,-5.648222652075989,38,44.41260744985673,-0.41953904526087177,0,-0.09305261351195737,0.0417722075144189,0.6033579097910033
2025-02-13,B,48.065616607666016,44.4,0.6683118521680042,-5.193969233360321,38,41.97110792741165,-0.5971669813200302,0,-0.0685001793237886,0.07602923878539825,0.6519085185982063
2025-02-14,B,47.49034881591797,51.4,0.4198177231102885,-5.027278916952652,38,45.97063037249284,-0.34540040254803606,0,-0.0592783857097301,0.08906357059146242,0.707715367357709
2025-02-17,B,48.212493896484375,50.2,0.7291143424330033,-4.618751864346018,38,42.36509073543458,-0.592981321984654,0,-0.07083014469305815,0.08093227929387203,0.6831736956008474
2025-02-18,B,48.38385009765625,47.0,0.8568305608917864,-4.171678020586732,38,39.98328557784145,-0.7728706730537712,0,-0.08702257793094925,0.07812308807260049,0.660678063278253
2025-02-19,B,48.29817581176758,42.2,0.7834131484723881,-3.2952159234679903,38,38.99832855778414,-0.9086765140135559,0,-0.08362906251972091,0.08922289944212491,0.6304963629871299
2025-02-20,B,48.11457824707031,37.4,0.6626728784544564,-2.6837717609456617,38,38.287965616045845,-0.9879795587168534,0,-0.06588657941030118,0.08928039662099607,0.5712493225215864
2025-02-21,B,48.45729064941406,28.799999999999997,0.8724583071213975,-2.540756021024618,38,34.509312320916905,-1.278515034595458,0,-0.08259659218118098,0.08157650115864334,0.597282895691875
2025-02-24,B,48.02889633178711,40.8,0.7086435082880724,-2.0408041004013935,38,37.55372492836676,-1.0246138565483132,0,-0.07823644947173214,0.09430326245521714,0.6000783766346767
2025-02-25,B,47.404666900634766,49.6,0.4399428746057413,-1.723257602946511,35,44.269340974212035,-0.545523298591364,0,-0.06713141843117265,0.10663306522836158,0.5525897192441946
2025-02-26,B,47.661705017089844,51.6,0.539247976986071,-1.441504489518001,35,43.04560649474689,-0.5992704503796933,0,-0.08038014347422773,0.06963118175349736,0.5777865462697582
2025-02-27,B,47.12315368652344,52.0,0.2125364494850898,-1.7833470563011242,35,46.764565425023875,-0.362702446260076,0,-0.06831162048050965,0.08813328074713844,0.6594813977954597
2025-03-03,B,46.0338134765625,57.599999999999994,-0.0622121875078258,-1.8542877989000843,35,49.68361986628462,-0.09445876513550777,0,-0.04413727198237116,0.10852755768226152,0.6639941966381073
2025-03-04,B,45.727821350097656,67.2,-0.2096582967327595,-1.230037309953766,35,50.87153772683858,0.09412346960930562,0,-0.058351214796625195,0.13643135211558532,0.6609143997209039
2025-03-05,B,46.32756805419922,60.4,0.0353788351886858,-0.6479629244023406,35,46.1676217765043,-0.23288960960802152,0,-0.06393662840131509,0.12278354289606463,0.6318576961707916
2025-03-06,B,46.04605484008789,60.8,-0.1102973323061966,-0.4734642712745503,35,46.251193887297035,-0.1587860292575135,0,-0.03615093643722478,0.135001731880106,0.6646377586977785
2025-03-07,B,45.6176643371582,68.4,-0.2377423531728731,-0.7030519650790441,35,49.70749761222541,0.07493732274544751,0,-0.02522144063288745,0.13485235521115424,0.7054797561914026
2025-03-10,B,45.348384857177734,66.8,-0.3433422525407814,-0.8863381393114305,35,50.352196752626554,0.1288117905932311,0,-0.017813714505963918,0.14159112778328242,0.6759141530477404
2025-03-11,B,44.55280303955078,75.6,-0.6841093118056573,-1.322355649648118,35,54.77554918815664,0.5317177541205284,0,0.009340582657276775,0.15091011837232693,0.7035965494359655
2025-03-12,B,44.74863815307617,66.8,-0.497362745634559,-0.7505937444885858,35,50.44770773638969,0.20497538827504258,0,0.03200206434682262,0.14587334802597685,0.6592683725034392
2025-03-13,B,44.33248519897461,71.39999999999999,-0.7695989495516865,-1.1382408182935777,35,53.61150907354345,0.488310690921287,0,0.041689558873449606,0.1555175990696549,0.6782276290614935
2025-03-14,B,44.185604095458984,70.8,-0.7565818473673397,-1.3434084819593928,35,53.88610315186247,0.4922137015250362,0,0.04515232723568552,0.1671696023937168,0.7245435138471574
2025-03-17,B,44.565040588378906,64.8,-0.6220239927491318,-1.444520614548371,35,52.44746895893027,0.3181543114845997,0,0.03625367195841833,0.1694018501928276,0.7008848651542339
2025-03-18,B,44.74863815307617,57.99999999999999,-0.4953240117599771,-1.6473455530584145,35,51.29536771728749,0.14562028800088211,0,0.03200206434682262,0.17562190195597194,0.6760286590943829
2025-03-19,B,44.19784927368164,59.599999999999994,-0.7643693252360896,-1.7688275694410631,35,52.566857688634194,0.3455330244583569,0,0.04486276390337096,0.2025433530800993,0.6720270949899798
2025-03-20,B,45.15254592895508,41.2,-0.4123376940259404,-1.784480213799237,35,47.433142311365806,-0.1842850128235758,0,0.031607568101601924,0.20004783521166658,0.602345936106452
2025-03-21,B,44.78535461425781,42.8,-0.5614857873932859,-1.8205121322048865,35,48.364374403056345,-0.0642873214862425,0,0.02978958131250109,0.2208959258998049,0.6847024568210522
2025-03-24,B,44.73639678955078,49.2,-0.6531075554919384,-1.929663836607742,35,50.286532951289395,0.11418996556390926,0,0.0293843176198465,0.23435511330836278,0.6530163861009681
2025-03-25,B,45.20150375366211,39.8,-0.5187575327100219,-2.3789817258451667,37,47.03319006685769,-0.21536135871801498,0,0.010343983945722446,0.22165405003146588,0.665873849288857
2025-03-26,B,45.16478729248047,34.4,-0.5323236257432253,-2.503284150394766,37,46.22134670487107,-0.2890183995802659,0,0.029593541310836358,0.23902195650929015,0.7535784334675317
2025-03-27,B,44.30800247192383,47.2,-0.7905323445765707,-2.728608137020839,37,49.87464183381089,0.11289452285016788,1,0.0647514433180254,0.2540788149747091,0.7863590572839079
2025-03-28,B,43.867374420166016,59.4,-1.074027185470491,-4.273146465222823,37,54.80539637058262,0.6615214521899345,1,0.07678574736148813,0.2801627608826036,0.8407757716832691
2025-03-31,B,42.2884407043457,90.4,-1.7988485998635733,-9.031424338959908,37,67.32927411652341,2.1481711650558126,2,0.11814757820936439,0.3291263371665434,0.9059581562163952
2025-04-01,B,43.15746307373047,76.4,-1.301901435417883,-9.442162218985068,37,63.28796561604585,1.6530105528670043,1,0.09722074659675584,0.311502394932766,0.9255070283476245
2025-04-02,B,43.08402633666992,80.60000000000001,-1.2707881420454772,-9.485026001400747,37,64.11174785100287,1.7132351255132603,1,0.10545448073921704,0.3377696147028848,0.9531601078392407
2025-04-07,B,38.7756233215332,99.6,-2.8460216283494866,-13.593613115279036,37,73.96728748806113,3.4199200945662627,2,0.22853540508482362,0.48513925069039754,1.1920988682803997
2025-04-08,B,37.51492691040039,99.2,-3.31665584793857,-22.215675094940465,37,76.4207258834766,4.620855660870423,3,0.2873083254519151,0.5297905405288605,1.2431071697636633
2025-04-09,B,35.78911590576172,99.6,-3.920105844900757,-32.2129606451858,37,78.07425978987584,6.062598819763987,3,0.33679897743549225,0.5773846284047734,1.362450172683535
2025-04-10,B,39.36313247680664,98.0,-2.6660625500581636,-32.622891872118,37,77.05945558739255,5.339264783692823,3,0.20820891248205098,0.447942393351791,1.184785472819586
2025-04-11,B,40.28112030029297,98.4,-2.234814515365258,-35.19033962676019,37,76.99976122254058,5.3691125247316185,3,0.17532648941886575,0.42228840619979024,1.143684133668275
2025-04-14,B,40.07304000854492,98.8,-2.1969197662717996,-35.53926176890051,37,77.16093600764088,5.3914667405448045,3,0.19364693090571872,0.456741597046028,1.1548152687120408
2025-04-15,B,40.47695541381836,96.4,-1.9225548551395075,-35.178527596208134,37,75.77005730659026,5.148513124823155,3,0.1952827079526871,0.462912237174401,1.2222520451114343
2025-04-16,B,39.7425651550293,96.4,-2.143195854964174,-34.709805817268844,37,76.128223495702,5.2280226777066,3,0.22254394321516768,0.5308843354586052,1.3400603266855597
2025-04-17,B,39.301937103271484,94.8,-2.182496302751848,-34.26239087507327,37,75.5909742120344,5.174741280875424,3,0.22902517352862595,0.5342481296529369,1.3408515401736252
2025-04-18,B,39.387611389160156,93.2,-2.1009485641340335,-34.274787656092684,37,74.8507640878701,5.099828237786797,3,0.24300814335686205,0.542176703928805,1.3040239506621938
2025-04-21,B,38.8245849609375,94.4,-2.240365664183423,-35.33763642054669,37,75.61485195797518,5.317859158392033,3,0.2711223003543457,0.5493020380379248,1.3309972300039932
2025-04-22,B,38.175872802734375,94.4,-2.3870276073423065,-35.81072682259864,37,75.853629417383,5.455388870308625,3,0.30041690415341327,0.5678799741315979,1.4780048635154008
2025-04-23,B,39.86496353149414,92.4,-1.815644350278324,-35.97474460103784,37,74.25382043935052,5.100981345427166,3,0.26373969282018095,0.5286575267591234,1.3730110376091313
2025-04-24,B,39.632408142089844,92.8,-1.881416171095167,-36.06578974760556,37,74.54035339063994,5.156629237620205,3,0.2664277564494113,0.5674841795453403,1.4159521081009698
2025-04-25,B,40.57487106323242,92.4,-1.60862160087524,-36.4459619592433,35,75.50143266475645,5.1631039888852595,3,0.2285054640834887,0.5079874796678105,1.4078942061451092
2025-04-28,B,40.91758346557617,92.4,-1.4840589002318525,-36.65606331118261,35,75.34622731614135,5.112333713796234,3,0.2218308477136428,0.5206612271390161,1.3706189805076288
2025-04-29,B,41.07670211791992,90.0,-1.3372793692989629,-36.39594271132132,35,74.31351480420247,4.955464634675326,2,0.22429954798523144,0.5171712770352854,
2025-04-30,B,41.27253723144531,89.2,-1.3129569620346568,-36.19488400729402,35,73.94937917860554,4.905341187582039,2,0.21610119204965028,0.4980264060274242,
2025-05-02,B,42.4720344543457,90.0,-0.9581889909781596,-36.29180451658216,35,73.52554918815663,4.720708274464869,2,0.1852385562542993,0.44759299821471377,
2025-05-05,B,42.09260177612305,93.2,-1.0953892820957496,-36.43903184916758,35,74.90448901623687,4.873830457364828,3,0.18186670808893313,0.49461040790631206,
2025-05-06,B,41.860050201416016,93.2,-1.0838940949008344,-36.2517375068333,35,74.82091690544412,4.846840091520327,3,0.20138861739807878,0.4923131572906423,
2025-05-07,B,41.700931549072266,94.0,-1.0515679148379242,-36.264850335321555,35,75.01193887297039,4.843279678608071,3,0.2189783993247496,0.5228363076787408,
2025-05-08,B,42.2517204284668,92.0,-1.0373369348219188,-36.22600179308876,35,74.23591212989493,4.795485097643889,3,0.1925856138952251,0.5029847774948346,
2025-05-09,B,42.77803039550781,85.6,-0.8020454035265462,-36.14981257738992,35,71.84813753581662,4.535855052797849,2,0.17099762047525568,0.4925609978380603,
2025-05-12,B,43.2553825378418,82.39999999999999,-0.6642358360419791,-36.06027986427745,35,70.63634192932187,4.388599975576375,1,0.17289275667226578,0.4624115640526145,
2025-05-13,B,43.78169631958008,80.4,-0.536919164429953,-35.9396269308697,35,69.77674307545368,4.265299978817113,1,0.14865781966521352,0.4403268279494428,
2025-05-14,B,44.77311325073242,79.2,-0.2597946155495493,-35.482160240291776,35,68.4694364851958,4.031406720754859,1,0.15515775194059334,0.3908143330967879,
2025-05-15,B,44.67519760131836,68.8,-0.2848291909833261,-35.08635792661611,35,66.26671442215854,3.8203543380373772,1,0.15768953752923975,0.39717342215895957,
2025-05-16,B,44.7975959777832,63.2,-0.2102345364220819,-34.14355712218776,35,64.41618911174785,3.5760344544760563,1,0.16333119625022374,0.37684700224917433,
2025-05-19,B,44.173362731933594,81.6,-0.3935018143455268,-34.1053966306677,35,69.38276026743075,4.003917251720786,1,0.1808869113425451,0.4141622873383972,
2025-05-20,B,44.2590446472168,81.2,-0.3826993275713488,-33.83165773914527,35,69.21561604584527,3.960964051531,1,0.1886266302127959,0.40139867782462413,
2025-05-21,B,44.94447326660156,75.2,-0.2075221446066835,-33.70354580042131,35,67.07855778414518,3.7382172129565396,1,0.16611149418380222,0.38660858786731267,
2025-05-22,B,44.45488357543945,75.2,-0.2814670624555098,-33.037520622615965,35,67.37702960840497,3.709939579491991,1,0.17895409145051633,0.39522503855252733,
2025-05-23,B,44.27128601074219,68.8,-0.2872038897869025,-33.18928525556713,35,66.14732569245463,3.617024335788798,1,0.1871843509412645,0.37428288014977795,
2025-05-26,B,44.22232437133789,78.60000000000001,-0.3516803732087089,-32.85107379077925,33,70.39159503342884,3.9244098277796695,1,0.18626898482025234,0.3802640939487607,
2025-05-27,B,43.830650329589844,80.80000000000001,-0.466176480728685,-32.868765306142286,33,71.26313276026742,4.032560245484358,1,0.16312319070017933,0.35997675184087097,
2025-05-28,B,43.90409469604492,81.6,-0.4483075451902295,-32.976262807302476,33,71.43027698185293,4.047709958187617,1,0.1679154797533624,0.34871778608321424,
2025-05-29,B,44.00200653076172,82.0,-0.4482172802513338,-32.6917165592952,33,71.47206303724928,4.023991046816699,1,0.15971417776822983,0.387175069801442,
2025-06-02,B,43.059547424316406,82.39999999999999,-0.649779285755301,-32.58602028421583,33,72.11079274116523,4.138470912018645,1,0.20685267158300613,0.37059066060868173,
2025-06-03,B,43.36553955078125,78.2,-0.5681936920024983,-32.48591240510671,33,71.06017191977077,4.005619511936645,1,0.19947385717965216,0.3540980237888476,
2025-06-04,B,44.381446838378906,61.8,-0.2638058380312584,-31.99633884202005,33,65.93839541547277,3.484580789413897,1,0.17757206474287734,0.3408768704343095,
2025-06-05,B,44.46712112426758,48.8,-0.2239605853360091,-32.12218949312645,33,62.86413562559694,3.2457958138924403,1,0.1642155485528647,0.360468907861333,
2025-06-06,B,44.54056167602539,48.8,-0.2281430499625179,-32.146216750734354,33,62.9238299904489,3.2508548606023635,1,0.16229593575425105,0.37040226220514305,
2025-06-09,B,44.96895217895508,47.2,-0.1464368472533542,-32.12759239136801,33,62.0761700095511,3.172500614413715,1,0.14025943090719895,0.36721486085276966,
2025-06-10,B,46.180686950683594,49.2,0.1324482532151779,-32.40875527291078,33,61.33595988538682,3.073619490739081,1,0.11034017044454858,0.3131907427645322,
2025-06-11,B,46.180686950683594,48.8,0.2735253638436449,-31.780904864679123,33,60.05850047755492,2.9156388903757264,1,0.1092725171588611,0.3174613559072823,
2025-06-12,B,46.180686950683594,52.0,0.1632071220576939,-31.251508460303352,33,61.646370582616996,2.9798904292750263,1,0.11674592495120195,0.3302728649205888,
2025-06-13,B,46.180686950683594,74.4,0.034172893947181,-31.22403232255657,33,67.1919770773639,3.447372115445871,1,0.1284899458862927,0.3281376409529497,
2025-06-16,B,46.180686950683594,64.0,0.0258506606235006,-30.797146443878493,33,64.8042024832856,3.2231113562848144,1,0.13916623093196012,0.3398816618880405,
2025-06-17,B,46.180686950683594,68.2,0.132777857689211,-30.826324699713417,33,65.44293218720154,3.2371578862920867,1,0.15091033447078672,0.36016674390115977,
2025-06-18,B,46.579708099365234,63.8,0.2287094584762618,-30.65720512677372,33,63.52674307545367,3.0848790474798724,1,0.16327940228282145,0.34639789343529737,
2025-06-19,B,46.11949157714844,77.2,0.0127493260632887,-30.49272939118208,33,67.90234001910218,3.4303781027252844,1,0.1855780521140371,0.36945493892943126,
2025-06-20,B,46.05094528198242,75.2,0.0450539279188103,-30.45604376606607,33,67.1919770773639,3.3721604392960254,1,0.19911979634822097,0.35650426495937415,
2025-06-23,B,45.6690673828125,79.2,-0.1484338700187792,-30.269756018106474,33,69.13204393505254,3.536562551463854,1,0.20914665642933694,0.37000637828403105,
2025-06-24,B,46.501373291015625,60.0,0.1470949309792687,-30.14530779854375,33,63.31781279847183,3.0108554541323334,1,0.20340882765427826,0.3317016755296285,
2025-06-25,B,47.17700958251953,52.0,0.3059493303273816,-29.059017879619773,31,61.240448901623694,2.792449262556849,1,0.17781367928151703,0.30113405087825273,
2025-06-26,B,47.23576354980469,51.2,0.3502909806096355,-25.17201022486708,31,60.16595033428844,2.332738261470249,1,0.18887416927597922,0.29220916300749145,
2025-06-27,B,47.28471755981445,53.6,0.4117224392281711,-24.6622322467689,31,60.35100286532952,2.283756068736817,1,0.18868596871179277,0.2908713349826004,
2025-06-30,B,47.35326385498047,58.8,0.2073901618121797,-24.270401852539337,31,62.852196752626554,2.4534970690474247,1,0.19529492948492488,0.30149707887637955,
2025-07-01,B,47.6274299621582,57.599999999999994,0.4068109097913843,-21.06606299856094,31,60.58978032473735,1.9689795747842844,1,0.21015350519753517,0.31263871874360505,
2025-07-02,B,47.63722610473633,57.2,0.4264027399724789,-12.256374513209328,31,57.55133715377268,0.9996529899262507,0,0.20886971962184253,0.31857876154936027,
2025-07-03,B,48.293277740478516,54.6,0.5239896892804109,-0.1995159816260757,31,42.49641833810888,-0.40482449020805966,0,0.18836374338822126,0.30372889983272233,
2025-07-04,B,47.84285354614258,61.0,0.4201002408067169,-1.123075367772994,31,48.07784145176696,-0.13122392558896187,0,0.17997145048002605,0.32733915140965153,
2025-07-07,B,47.55888748168945,68.8,0.3464042232666027,-2.093933241287038,31,53.05635148042025,0.1543263918009975,0,0.19842055326114916,0.35288820485820604,
2025-07-08,B,47.343467712402344,59.0,0.3082224408014176,-1.857126609534718,31,50.63872970391594,-0.02125214974540829,0,0.21012196951592021,0.3569613448151554,
2025-07-09,B,47.83306121826172,44.8,0.4294045255336903,-1.623686415019164,31,45.81542502387775,-0.36789571350691097,0,0.22041246814975501,0.35234892317262334,
2025-07-10,B,48.381404876708984,38.4,0.5518519389343649,-0.9263522298508248,31,41.25477554918815,-0.6280243621849885,0,0.223904794607225,0.3645365667696532,
2025-07-11,B,48.587032318115234,34.599999999999994,0.5987771099904516,-0.9871292814288456,31,40.38323782234957,-0.7160346191154261,0,0.2522121138914102,0.41051436864160307,
2025-07-14,B,48.303070068359375,44.0,0.5082358841625721,-0.8196218517023062,31,42.52029608404966,-0.5152343098689006,0,0.2483455690724321,0.43717948312952726,
2025-07-15,B,48.95912170410156,36.0,0.6706284907104022,0.0,31,33.01098376313276,-0.8402814714371396,0,0.2406810946258242,0.406843826795924,
2025-07-16,B,49.35079574584961,34.599999999999994,0.8286975082905945,0.0,31,31.608166189111746,-0.9581294302858832,0,0.2188457692906749,0.4006736484420865,
2025-07-17,B,49.64455032348633,26.0,0.8918272139268769,0.0,31,29.08906399235912,-1.1467601853398912,0,0.20567486405623603,0.3874199219441863,
2025-07-18,B,50.378936767578125,20.4,1.099731125775843,0.0,31,26.480420248328556,-1.3679352728345993,0,0.2096300649920615,0.37698182172827144,
2025-07-21,B,50.19158172607422,25.0,1.0799473639661932,0.0,31,27.435530085959886,-1.2752845286236825,0,0.237720960838681,0.3889979359178417,
2025-07-22,B,49.84645080566406,40.8,0.8277730475365526,-2.1453605227200185,31,42.382999044890155,-0.6169042864004888,0,0.2274975763276934,0.3996044064765545,
2025-07-23,B,49.99436569213867,36.0,1.087391527515307,-0.6507583664481718,31,35.148042024832854,-1.0157825725269978,0,0.24457590016208952,0.3934910725642531,
2025-07-24,B,50.29018783569336,31.2,1.1450055535322756,-0.1088844613173489,31,31.43505253104107,-1.1927382680748475,0,0.23921574547014934,0.41176480404597604,
2025-07-25,B,50.19158172607422,41.2,1.1466389685526848,0.0,29,31.560410697230175,-0.8960623857648469,0,0.23182710108408777,0.4263260690430086,
2025-07-28,B,50.33949279785156,45.4,1.1967254065662034,0.0,29,32.097659980897795,-0.8516505047627698,0,0.22135159253469716,0.4221351365196455,
2025-07-29,B,49.74784469604492,54.8,1.041492420199735,-0.2293351065013626,29,39.51170009551098,-0.5698800330856142,0,0.26461841904581807,0.42418227175485756,
2025-07-30,B,50.29018783569336,50.2,1.264236929804011,-0.1158416534335158,29,36.16284622731614,-0.7944478439601141,0,0.2421568971767325,0.42771395657420674,
2025-07-31,B,50.83253479003906,47.8,1.3382684471850153,0.0,29,31.870821394460357,-0.8928530695373365,0,0.24927259459422135,0.42133380321136027,
2025-08-01,B,50.3887939453125,47.2,1.2544552872258117,0.0,29,32.15735434574976,-0.8539988433677537,0,0.26027411364269537,0.43385055174000997,
2025-08-04,B,50.09297180175781,51.6,1.2048813479956402,0.0,29,33.50047755491881,-0.7473044513092422,0,0.2746063456835175,0.4582884669101308,
2025-08-05,B,50.733924865722656,42.8,1.4357913020775903,0.0,29,30.02029608404966,-1.0383823047972434,0,0.24684167050512973,0.4625321645156988,
2025-08-06,B,50.29018783569336,38.2,1.2564264313926106,0.0,29,30.23519579751671,-1.0136117663513653,0,0.25392157985677444,0.4664888554593165,
2025-08-07,B,51.720008850097656,27.200000000000003,1.7083418158611985,0.0,29,25.02984718242598,-1.4737304214742688,0,0.2040038087960767,0.40371202728407907,
2025-08-08,B,51.720008850097656,22.0,1.7141396110574427,0.0,29,24.10458452722063,-1.5686981918826441,0,0.20686365114850247,0.38244369228999076,
2025-08-11,B,52.11444091796875,20.200000000000003,1.7957595203220464,0.0,29,23.418099331423115,-1.6485127627884604,0,0.183538279285536,0.3998038866630047,
2025-08-12,B,52.16374588012695,17.2,1.8054590749072577,0.0,29,22.970391595033426,-1.7070486798202085,0,0.19754251974106674,0.3975223653110376,
2025-08-13,B,52.607479095458984,8.799999999999999,1.958888720615916,-0.3627762995654933,29,24.55826170009551,-1.9062501747150289,0,0.17900663017598406,0.36862669031055995,
2025-08-14,B,52.4102668762207,20.4,1.8380157941166608,0.0,29,23.23304680038204,-1.6699066244318175,0,0.18908748844624257,0.37186863970160355,
2025-08-15,B,52.4102668762207,19.6,1.8967502665381453,0.0,29,22.82712511938873,-1.7186219346159746,0,0.18344306082005613,0.4109830259573506,
2025-08-18,B,52.55817794799805,19.6,1.9953122044948368,0.0,29,22.18242597898758,-1.7767356611881429,0,0.15759854740350265,0.4365033748829912,
2025-08-19,bull,52.459571838378906,22.8,1.8759477475780304,0.0,29,23.471824259789877,-1.6500184018929445,0,0.16353382884565848,0.4716093601771152,
2025-08-20,bull,50.980445861816406,55.2,1.293488358874188,-0.5027010157471031,29,38.78939828080229,-0.6819173237396647,0,0.16924566779739747,0.5182291997930593,
2025-08-21,bull,51.27627182006836,43.0,1.5516555439177806,0.0,29,29.256208213944603,-1.1031766252507051,0,0.15480769752964774,0.5484745420747139,
2025-08-22,bull,51.02975082397461,57.599999999999994,1.3913198331978944,-0.0643090429360336,29,36.84336198662846,-0.7446576540978305,0,0.19613530333046447,0.5892689492816217,
2025-08-25,bull,51.966529846191406,40.400000000000006,1.7822297682494346,0.0,29,27.59670487106017,-1.2849015974233258,0,0.13567355227453204,0.5615820753485685,
2025-08-26,bull,52.015830993652344,37.4,1.7883524781024869,0.0,29,26.892311365807068,-1.34132854844786,0,0.12890999306376427,0.544721999806683,
2025-08-27,bull,52.262351989746094,30.0,1.9384831861895584,0.0,29,24.47468958930277,-1.560129753329697,0,0.13867924569617718,0.5068208184631797,
2025-08-28,bull,51.76931381225586,25.6,1.7049577610010391,0.0,29,24.719436485195796,-1.4999041416052932,0,0.16857132646305373,0.4603245225209758,
2025-08-29,bull,51.76931381225586,16.0,1.6871437095962598,0.0,29,23.286771728748803,-1.6584147707832124,0,0.1790476246618251,0.495094213660511,
2025-09-01,bull,51.27627182006836,31.4,1.548738775183366,-1.2123351780752774,29,33.984001910219675,-1.1748482170262233,0,0.19903841511313214,0.4987438779440232,
2025-09-02,bull,51.27627182006836,32.800000000000004,1.4948106820763116,-1.2635727153667775,29,34.78390639923591,-1.1128739430282544,0,0.1826922755021716,0.4353617348076335,
2025-09-03,bull,51.226966857910156,32.800000000000004,1.5448973142931943,-0.4933918291341844,29,31.94245463228271,-1.2255229805590349,0,0.18768051630959692,0.4679767622554498,
2025-09-04,bull,51.57209396362305,24.4,1.590009597362629,-0.2994527376622919,29,29.083094555873927,-1.420938953113188,0,0.19120458396006002,0.516323867000658,
2025-09-05,bull,52.11444091796875,10.0,1.807522450133506,0.0,29,21.40639923591213,-1.835025842896071,0,0.17691579423851933,0.46984208455184384,
2025-09-08,bull,52.607479095458984,9.0,1.8234196491998345,0.0,29,21.090019102196752,-1.8620047246174698,0,0.17619503238949918,0.44371101322735873,
2025-09-09,bull,53.14982986450195,3.5999999999999996,2.0258494634534605,0.0,29,18.290353390639922,-2.0764310681042266,0,0.18181816876863266,0.4223939882188279,
2025-09-10,bull,54.18521499633789,13.6,2.239901381965417,0.0,29,20.111031518624642,-2.0265832333029095,0,0.15741574276405457,0.41459255132713424,
2025-09-11,bull,54.67825698852539,28.000000000000004,2.2194877821202357,-1.5217907397482182,29,30.909742120343843,-1.596795797994894,0,0.15509471222710136,0.42286911355065104,
2025-09-12,bull,55.22060012817383,16.400000000000002,2.3671815915090058,-1.6106547462213998,29,28.629417382999044,-1.8785137159446594,0,0.13124999611419064,0.37629797256086706,
2025-09-15,bull,55.22060012817383,26.0,2.245338995849836,-2.1308118180757094,29,31.77531041069723,-1.5815244243250306,0,0.13303574136302032,0.37448708180834034,
2025-09-16,bull,55.96016311645508,24.4,2.3979860180070505,-1.5210895327275689,29,29.548710601719193,-1.7654972251607364,0,0.10660786669267042,0.3268367328644688,
2025-09-17,bull,55.56572723388672,44.0,2.2253548229761364,-1.886865488675914,29,35.28533906399236,-1.2791664625934849,0,0.10470278429094382,0.3389548779360907,
2025-09-18,bull,56.157379150390625,10.8,2.417165773165345,-1.1684883417572631,29,25.901384909264564,-2.054294905226852,0,0.08691836058179558,0.3569008757366867,
2025-09-19,bull,56.20668029785156,20.8,2.2460757762387087,-0.4179427208321494,29,25.967048710601716,-1.8583592379136205,0,0.08596498062608449,0.3485942000146054,
2025-09-22,bull,56.60111618041992,22.8,2.4148743011514964,0.0,29,21.000477554918817,-1.967778290001182,0,0.08885016306161297,0.3250622083305279,
2025-09-23,bull,57.63650131225586,24.0,2.616117047251093,0.0,29,20.48113658070678,-2.06530753563974,0,0.08468777977826947,0.2821736198995266,
2025-09-24,bull,57.58720016479492,32.2,2.531297497874175,0.0,29,22.379417382999044,-1.8709303483863096,0,0.09075340390016273,0.256355548925457,
2025-09-25,bull,57.38998031616211,31.2,2.368860199746946,0.0,31,21.621298949379174,-1.9260936345224022,0,0.09707899377304807,0.3146893679451923,
2025-09-26,bull,56.45320129394531,49.0,2.032755580636872,-1.3506080436137942,31,34.533190066857685,-1.2687843324823493,0,0.12489090381777856,0.3099345166130274,
2025-09-30,bull,56.995548248291016,44.8,2.152819249147738,0.0,31,25.388013371537728,-1.5592757458092563,0,0.12889269228295408,0.3211558685904148,
2025-10-01,bull,57.2913703918457,54.8,2.2181857071700426,0.0,31,27.64446036294174,-1.4217605378283524,0,0.12134262413066899,0.3824070956332848,
2025-10-02,bull,58.37606430053711,55.2,2.417425470491658,0.0,31,26.838586437440302,-1.5321932991863316,0,0.10810808514837178,0.35586395681612704,
2025-10-03,bull,59.2142333984375,58.4,2.5946284162979523,0.0,31,26.868433619866284,-1.580337018777743,0,0.1149041761925278,0.36369239903274275,
2025-10-07,bull,60.841270446777344,61.2,2.7984516997313955,0.0,31,26.922158548233046,-1.6512187772430678,0,0.1264180828424093,0.3247586364033648,
2025-10-08,bull,60.29892349243164,60.4,2.634678659883116,0.0,31,27.095272206303722,-1.5687400281750596,0,0.151267340338626,0.3781340306108667,
2025-10-09,bull,60.74265670776367,56.8,2.713406544905696,0.0,31,26.223734479465136,-1.678539555251971,0,0.13392864039748487,0.3853526679073207,
2025-10-13,bull,60.15100860595703,80.80000000000001,2.419557660972213,-0.8563680606829583,31,38.57449856733524,-0.9903278733991294,0,0.14918038338618445,0.4131101368029606,
2025-10-14,bull,59.855186462402344,88.8,2.2870505902559337,-3.5949251375569924,31,46.24522445081185,-0.475812163186821,0,0.15074135101109087,0.40589323163728164,
2025-10-15,bull,60.939876556396484,84.8,2.518230888199353,-1.8770933045356415,31,42.01289398280802,-0.8679290470735506,0,0.13834953477062295,0.3874331198146006,
2025-10-16,bull,62.123172760009766,88.8,2.6727012433132504,-0.1163159032696678,31,36.873209169054434,-1.0786060690662116,0,0.12222219697778658,0.384346551845149,
2025-10-17,bull,61.186397552490234,94.0,2.407283513328418,-0.1449581863316746,31,39.73853868194843,-0.8274711034205953,1,0.14020950710448932,0.41126135755980164,
2025-10-20,bull,62.22178268432617,85.2,2.568990477736595,0.0,31,32.92741165234001,-1.0933894860256461,0,0.1196513385666309,0.3877776358836611,
2025-10-21,bull,62.32039260864258,78.8,2.539417386020965,0.0,31,31.56041069723018,-1.1886287650286858,0,0.13924053112346724,0.44334772588977467,
2025-10-22,bull,61.82735061645508,78.0,2.421088716106968,0.0,31,31.78127984718243,-1.132944757859582,0,0.15789469787419774,0.5041886652547014,
2025-10-23,bull,61.48221969604492,81.39999999999999,2.2998460797034013,-0.1012430345863613,31,36.3478987583572,-0.9906729206718665,0,0.16439454880331228,0.49636757512706153,
2025-10-27,bull,62.91204071044922,74.2,2.5027463034474553,0.0,34,29.017430754536775,-1.4479928119792582,0,0.12617549318112387,0.4424901652399762,
2025-10-28,bull,62.46830368041992,80.0,2.4208703822673354,0.0,34,30.575453677172874,-1.297604757060173,0,0.14938294817604958,0.4487347129351671,
2025-10-29,bull,63.503692626953125,77.2,2.5544673731183964,0.0,34,29.58452722063037,-1.4256714970333815,0,0.13772911481583106,0.48967712838118715,
2025-10-30,bull,63.503692626953125,80.80000000000001,2.492639844920391,-0.7308047798009966,34,36.24044890162369,-1.246968983568975,0,0.13772911481583106,0.48967712838118715,
2025-10-31,bull,63.848819732666016,75.6,2.410345750927136,0.0,34,29.859121298949383,-1.3688640514541142,0,0.14410890221020534,0.49963617809857275,
2025-11-03,D,63.257171630859375,77.60000000000001,2.4114347149555915,0.0,34,30.271012416427894,-1.3342948548051652,0,0.17298948143366655,0.5444888607789133,
2025-11-04,D,63.05995178222656,83.2,2.2444976917276893,-1.3202404134224162,34,39.75047755491882,-0.9947955034423787,0,0.16952198527983064,0.5382187467409296,
2025-11-05,D,62.271087646484375,90.4,1.988447413031755,-0.4765208815887841,34,39.9116523400191,-0.8081168767940748,1,0.16587008864008257,,
2025-11-06,D,62.41899871826172,85.6,2.043154415594108,0.0,34,33.59598853868195,-0.9763057117040503,0,0.14548457149604177,,
2025-11-07,D,61.67943572998047,89.60000000000001,1.8739386954450168,-0.0478743496773042,34,38.658070678127984,-0.8009442759015066,0,0.18272802085287965,,
2025-11-10,D,62.46830368041992,76.6,1.951208228312112,0.0,34,32.037965616045845,-1.0805434438852939,0,0.16699185396207095,,
2025-11-11,D,62.024566650390625,82.6,1.871076395878287,-0.1011221795661814,34,37.05229226361031,-0.9167496020695883,0,0.16083035945800606,,
2025-11-12,D,62.32039260864258,74.6,1.9211874139134175,0.0,34,31.66189111747851,-1.0980539495577952,0,0.1537154776510159,,
2025-11-13,D,62.024566650390625,69.39999999999999,1.8644981441794304,0.0,34,30.933619866284623,-1.156178327060804,0,0.19226946582425586,,
2025-11-14,D,60.841270446777344,87.2,1.5737777372946629,-0.9372127054109528,34,42.86652340019102,-0.5702415036226727,0,0.2409339819102858,,
2025-11-17,D,61.03848648071289,83.2,1.5707861331588784,-0.910940720711816,34,41.83978032473734,-0.6417353862395897,0,0.2647757406736495,,
2025-11-18,D,59.608665466308594,91.2,1.1902007580308531,-2.4277163198736655,34,50.071633237822354,-0.1128020815696546,1,0.29846895447820665,,
2025-11-19,D,59.2142333984375,88.8,1.0786107938812255,-2.467199945815644,34,50.214899713467055,-0.08499930637354769,0,0.34089385218612067,,
2025-11-20,D,61.03848648071289,66.8,1.4882927782254167,-1.3649423777124332,34,39.83404966571156,-0.832832953215995,0,0.3286698794497025,,
2025-11-21,D,59.01701354980469,92.4,0.957369700216844,-3.2625469279548223,34,53.21155682903534,0.1356997437502847,1,0.3750272445994933,,
2025-11-24,D,58.72119140625,89.2,0.9721081921388596,-2.411248750264357,34,51.18194842406877,-0.021199577785604662,0,0.3683305217402151,,
2025-11-25,D,59.51005554199219,86.0,1.157941573876462,-0.8222674769296995,35,43.767908309455585,-0.4252559176618505,0,0.3233057721552872,,
2025-11-26,D,60.49613571166992,67.60000000000001,1.3865117782080385,-0.9204482736183583,35,38.389446036294174,-0.8733727287832684,0,0.24966657100938727,,
2025-11-27,D,61.03848648071289,61.6,1.4326547387290811,0.0,35,30.205348615090735,-1.105547020383682,0,0.26805243688891234,,
2025-11-28,D,61.48221969604492,62.4,1.4396938322153734,0.0,35,30.342645654250234,-1.0956128776976781,0,0.24995484636129306,,
2025-12-01,D,60.64405059814453,72.0,1.267700200704165,0.0,35,33.870582617000956,-0.8251885421240572,0,0.21363922343889352,,
2025-12-02,D,60.841270446777344,64.4,1.354507075551108,0.0,35,31.381327602674304,-1.0101741086144227,0,0.23600306824666917,,
2025-12-03,D,61.43291473388672,58.8,1.4434221304292103,0.0,35,29.668099331423115,-1.161191424838663,0,0.2729332034298977,,
2025-12-04,D,61.33430862426758,45.6,1.417475703946647,0.0,35,26.862464183381086,-1.3782873546881849,0,0.24889315934692835,,
2025-12-05,D,61.87665557861328,33.800000000000004,1.4840941285534053,0.0,35,23.728510028653297,-1.625313143531637,0,0.22744185570516096,,
2025-12-08,D,62.81343460083008,26.8,1.6199410277766186,0.0,35,21.263132760267432,-1.82865012815821,0,0.20356415716713627,,
2025-12-09,D,62.714820861816406,31.0,1.5330020367876749,0.0,35,22.833094555873927,-1.7034458187647372,0,0.22219916237609572,,
2025-12-10,D,63.158565521240234,25.6,1.614694770563585,0.0,35,21.084049665711557,-1.8466836098806296,0,0.23182029879373456,,
2025-12-11,bull,62.46830368041992,33.2,1.398817870943179,-0.3120967262190942,35,28.313037249283667,-1.5519150881703676,0,0.2166169964980409,,
2025-12-12,bull,62.56691360473633,19.0,1.4585052902972904,0.0,35,21.090019102196752,-1.8707889273177232,0,0.2131012567660564,,
2025-12-15,bull,61.92595672607422,38.8,1.267862645417337,0.0,35,26.30133715377268,-1.40979136443061,0,0.1990125615408811,,
2025-12-16,bull,61.38361358642578,38.0,1.0805927438453016,-0.9250482504126492,35,33.86461318051576,-1.21362821103964,0,0.21204988072470754,,
2025-12-17,bull,61.03848648071289,35.4,1.0520424869258884,0.0,35,27.250477554918817,-1.3423994329941187,0,0.24839263457687588,,
2025-12-18,bull,61.03848648071289,40.400000000000006,1.0014816836226963,0.0,35,28.653295128939824,-1.2245597894966287,0,0.2418394921327105,,
2025-12-19,bull,61.63013458251953,31.2,1.091201625402305,0.0,35,25.865568290353387,-1.4394319618591727,0,0.21693714459732227,,
2025-12-22,bull,62.517608642578125,6.4,1.2928900578096292,0.0,35,19.555873925501434,-1.994970470288993,0,0.1820669908917263,,
2025-12-23,bull,62.81343460083008,0.8,1.3481142115092817,0.0,35,16.965138490926456,-2.126123081540461,0,0.15182363349328765,,
2025-12-24,bull,62.961341857910156,0.4,1.3536264906592776,0.0,35,16.630850047755494,-2.136415464776499,0,0.198354334926917,,
2025-12-26,bull,63.503692626953125,0.4,1.4195216713889225,0.0,37,14.607211079274116,-2.3086016716909996,0,0.16449916357864347,,
2025-12-29,bull,64.34185791015625,2.4,1.5174862599740424,-0.1322935306211641,37,18.236628462273163,-2.3168749397386286,0,0.17031129497228648,,
2025-12-30,bull,64.24325561523438,4.3999999999999995,1.4393416518033622,0.0,37,16.36819484240688,-2.24986532027795,0,0.2328141871045064,,
2025-12-31,bull,64.6869888305664,6.0,1.5391908212437957,0.0,37,16.135386819484243,-2.2805690054484957,0,0.22358457174742252,,
2026-01-02,bull,66.01819610595703,12.0,1.6999607357697826,0.0,37,16.73829990448902,-2.269727767058436,0,0.22314762842654634,,
2026-01-05,bull,68.53270721435547,40.0,2.034649296207901,0.0,37,20.594555873925497,-1.9741078559687146,0,0.17608076129287809,,
2026-01-06,bull,69.42018127441406,38.8,2.222091400376595,0.0,37,19.549904489016235,-2.105753539106018,0,0.19705821777721222,,
2026-01-07,bull,68.87783813476562,39.8,2.11120837735786,0.0,37,20.111031518624642,-2.0227694659705895,0,0.22172826274297308,,
2026-01-08,bull,69.12435913085938,35.199999999999996,2.035247549265063,-1.3082650687197397,37,27.148997134670484,-1.9177809953311922,0,0.22966781998060104,,
2026-01-09,bull,68.87783813476562,38.0,1.963422766580639,-1.5588935127705033,37,28.748806112702958,-1.7990885889303665,0,0.22172826274297308,,
2026-01-12,bull,69.37088012695312,50.8,2.0588595132272487,-0.1593112803365061,37,26.47445081184336,-1.7810490376218864,0,0.21881116250833088,,
2026-01-13,bull,69.71600341796875,56.00000000000001,2.08614887881888,-0.3976958038237474,37,28.474212034383953,-1.679863780399725,0,0.23357616305690554,,
2026-01-14,bull,69.76531219482422,49.8,2.1572541552135056,0.0,37,22.20033428844317,-1.873862469763211,0,0.23772109315562218,,
2026-01-15,bull,69.66670227050781,50.6,2.055940467769398,0.0,37,22.8689111747851,-1.8000417597585923,0,0.23947302886297028,,
2026-01-16,bull,70.99791717529297,40.0,2.294699753610466,0.0,37,19.555873925501434,-2.1274378481519087,0,0.2669385318185711,,
2026-01-19,bull,71.58956146240234,43.6,2.3574471145816145,0.0,37,20.045367717287487,-2.101054434159365,0,0.29907207280270964,,
2026-01-20,bull,71.58956146240234,38.4,2.3678420867638454,0.0,37,18.869388729703918,-2.1987327751176506,0,0.28510355589085257,,
2026-01-21,bull,70.8499984741211,54.0,2.0888170868958977,-0.9362465056234868,37,30.15759312320917,-1.6585284201268653,0,0.2808751158004279,,
2026-01-22,bull,71.80000305175781,29.6,2.278386544069133,0.0,37,17.377029608404968,-2.3009179052197086,0,0.2604456288777883,,
2026-01-23,bull,72.25,23.6,2.333206323448839,0.0,37,15.92645654250239,-2.4388743442962446,0,0.309342539434202,,
2026-01-26,bull,72.25,25.6,2.33634699141838,0.0,38,15.102674307545367,-2.4721815324294045,0,0.309342539434202,,
2026-01-27,bull,73.05000305175781,36.6,2.4047445441720097,0.0,38,17.25764087870105,-2.3188478735489664,0,0.3107460095813912,,
2026-01-28,bull,74.19999694824219,56.00000000000001,2.5712545652779917,0.0,38,20.970630372492835,-2.075475602685607,0,0.3167116033224677,,
2026-01-29,bull,73.75,61.0,2.4029006720131143,-0.8163772052727369,38,28.683142311365806,-1.8000806295842955,0,0.3152542372881355,,
2026-01-30,bull,72.5999984741211,75.2,2.1509318097889336,-0.2668657741153716,38,30.65305635148042,-1.4608183954761187,0,,,
2026-02-02,bull,71.5,88.8,1.919319704694235,-1.5775081934911788,38,39.505730659025794,-0.9433762961113107,0,,,
2026-02-03,bull,72.94999694824219,75.6,2.1337626127550213,-0.7261954601204078,38,32.72445081184336,-1.394082508270172,0,,,
2026-02-04,bull,72.9000015258789,87.2,2.1366619830303324,-0.2271890069094869,38,33.39899713467049,-1.2454189437616927,0,,,
2026-02-05,bull,72.0,90.2,1.8864148262460187,-0.5202960456717509,38,36.72994269340975,-1.01342042105809,0,,,
2026-02-06,bull,71.9000015258789,92.0,1.846073329808425,-2.8394912109546326,38,43.11127029608405,-0.7076590798530891,1,,,
2026-02-09,bull,73.94999694824219,88.4,2.0811847052037495,-2.4551754616595827,38,40.25191021967526,-0.9511398309697091,0,,,
2026-02-10,bull,75.5,86.0,2.329554269896173,-3.2043109850382,38,39.4937917860554,-1.058990151586285,0,,,
2026-02-11,bull,77.19999694824219,90.8,2.5114443411496525,-4.383682912080387,38,41.18911174785101,-0.9544518375192681,1,,,
2026-02-23,bull,77.4000015258789,84.8,2.534168304175932,-3.316148891877726,38,38.43720152817574,-1.1886912511017964,0,,,
2026-02-24,bull,79.4000015258789,79.2,2.8686185889886726,-1.9290291166196296,38,34.598853868194844,-1.6341767073971267,0,,,
2026-02-25,bull,81.0999984741211,90.4,3.0978163236212195,-0.4659302702249355,39,31.458930276981857,-1.7966951462706562,1,,,
2026-02-26,C,81.1500015258789,81.6,3.028256511872946,0.0,39,24.58810888252149,-1.9608938473046529,0,,,
2026-03-02,C,80.3499984741211,92.4,2.833661045635806,0.0,39,27.85339063992359,-1.656016340683827,1,,,
2026-03-03,C,78.75,95.6,2.465660060389273,-1.8550490312922507,39,38.777459407831905,-1.182503913278369,1,,,
2026-03-04,C,75.5999984741211,97.6,1.8210938511097456,-3.8318958231468776,39,44.920009551098374,-0.5539065873256994,1,,,
2026-03-05,C,77.4000015258789,96.4,2.1248821397880215,-3.1807049496719504,39,42.311365807067816,-0.8244277391974983,1,,,
2026-03-06,C,76.8499984741211,96.0,2.0576947465745685,-2.2826442322723444,39,41.517430754536775,-0.8887730136356338,1,,,
2026-03-09,C,73.5999984741211,98.4,1.428318283010439,-5.020770436740783,39,48.43600764087871,-0.1799330520150444,1,,,
2026-03-10,C,75.19999694824219,96.8,1.6671148689863768,-5.971719523577274,39,47.21227316141356,-0.24627496556825612,1,,,
2026-03-11,C,78.19999694824219,95.6,2.170376514271808,-3.95149299773953,39,42.46657115568291,-0.7821538052902993,1,,,
2026-03-12,C,76.5999984741211,96.4,1.922308699826469,-3.12953736798744,39,43.27841451766953,-0.7105090878349342,1,,,
2026-03-13,C,75.94999694824219,96.8,1.817388518164284,-1.577082440957165,39,41.66069723018147,-0.809143548640839,1,,,
2026-03-16,C,75.5999984741211,96.4,1.7622683098971743,0.0,39,33.50047755491882,-0.9538831696337984,1,,,
2026-03-17,C,76.6500015258789,94.4,1.9262951657482936,0.0,39,31.793218720152815,-1.0858073474057572,1,,,
2026-03-18,C,77.80000305175781,90.8,2.0943168090500204,0.0,39,29.78748806112703,-1.2482559311146086,1,,,
2026-03-19,C,76.0,94.4,1.800440002087586,0.0,39,32.5334288443171,-1.0116010896930934,1,,,
2026-03-20,C,75.9000015258789,93.6,1.7142404953994936,-0.871646851008356,39,38.88490926456543,-0.8807937149997933,1,,,
2026-03-23,C,74.25,97.2,1.3623756997035597,-2.1791271997428,39,45.7378223495702,-0.4688462529304356,1,,,
2026-03-24,C,74.4000015258789,96.4,1.2970925547060326,-2.982710451628334,39,46.872015281757406,-0.35771686108013434,1,,,
2026-03-25,C,76.19999694824219,94.0,1.6044718089569014,-1.6406425902495827,41,40.13849092645654,-0.8593741443128691,1,,,
2026-03-26,C,75.80000305175781,94.4,1.5403626109554642,-2.725560906245903,41,42.62177650429799,-0.6974487747059125,1,,,
2026-03-27,C,75.0,93.2,1.4268572792857388,-2.0823925857344916,41,42.0367717287488,-0.7210610144360139,1,,,
2026-03-30,C,73.9000015258789,95.6,1.1681550090666506,-2.334601768444413,41,44.89016236867239,-0.4990542544441753,1,,,
2026-03-31,C,72.3499984741211,95.0,0.8284759198271412,-5.066235851456622,41,50.05372492836676,-0.014542115475843387,1,,,
2026-04-01,C,75.44999694824219,90.8,1.3944031907224943,-4.2746228757429074,41,43.81566380133715,-0.5075958004519442,1,,,
2026-04-02,C,73.94999694824219,92.8,1.1303332076639168,-4.201801954819813,41,46.06017191977077,-0.324543322874841,1,,,
2026-04-07,C,75.30000305175781,88.4,1.3760737354253156,-3.5715303061990777,41,42.55611270296084,-0.6149190144975426,0,,,
2026-04-08,C,79.19999694824219,84.0,1.971697843256898,-1.8093115209560937,41,35.75692454632282,-1.233750362779283,0,,,
2026-04-09,C,79.1500015258789,80.4,1.9852170357578005,-1.3871914155342997,41,33.75716332378223,-1.350656555643041,0,,,
2026-04-10,C,80.75,72.8,2.1823298998338942,-0.212705679683159,41,27.226599808978037,-1.727429645323845,0,,,
2026-04-13,bull,80.5999984741211,80.4,2.172752428785538,0.0,41,25.077602674307546,-1.6109347770027005,0,,,
2026-04-14,bull,83.0999984741211,73.6,2.4808038207017233,0.0,41,22.31972301814709,-1.9122852131280743,0,,,
2026-04-15,bull,84.1500015258789,74.6,2.6170773456063765,0.0,41,22.09885386819484,-1.9750286727939184,0,,,
2026-04-16,bull,85.0,80.80000000000001,2.762747231618326,0.0,41,23.179321872015283,-1.9517630844874934,0,,,
2026-04-17,bull,84.1500015258789,77.2,2.6204430019657483,0.0,41,22.755491881566382,-1.931238470803857,0,,,
2026-04-20,bull,84.55000305175781,82.39999999999999,2.6925998252880188,0.0,41,23.692693409742123,-1.8822340152362802,0,,,
2026-04-21,bull,86.0,85.2,2.9464840434377906,0.0,41,23.991165234001908,-1.9826325175112711,0,,,
2026-04-22,bull,86.3499984741211,81.2,3.036560294810907,0.0,41,22.85697230181471,-2.106165480048382,0,,,
2026-04-23,bull,86.3499984741211,89.8,2.943434675846344,-1.7599598122192368,41,33.96012416427889,-1.709915562743046,0,,,
2026-04-24,bull,89.94999694824219,94.8,3.419135781798457,0.0,41,26.33715377268386,-2.092301608846623,1,,,
2026-04-27,bull,93.0,95.6,3.663907968662906,0.0,39,27.9847182425979,-2.0892054430931664,1,,,
2026-04-28,bull,92.0,93.6,3.5844491245841765,0.0,39,27.363896848137536,-2.077566479927558,1,,,
2026-04-29,bull,90.75,89.2,3.456552206737025,0.0,39,26.086437440305637,-2.0796211593695046,0,,,
2026-04-30,bull,90.5,92.8,3.273867111897766,-0.0128480803947202,39,30.1098376313276,-1.907140213574691,1,,,
