score,quantile,trade_date,score_val,macro_tier,fwd_60d,fwd_120d,fwd_250d
comp_pct,top 19%,2017-12-06,70.8810888252149,bull,0.06766025564163702,0.04736046425083895,-0.02514431112181903
comp_pct,top 19%,2017-12-07,71.53772683858645,bull,0.07714433112011165,0.04798093987222085,-0.024468457041975977
comp_pct,top 19%,2017-12-08,67.0487106017192,bull,0.06890260034050488,0.04607880140689691,-0.03661467533726237
comp_pct,top 19%,2018-02-06,79.66809933142312,C,0.026365526115713633,0.09062551352642045,0.004353874103255606
comp_pct,top 19%,2018-02-07,77.51910219675263,C,0.006819435442619204,0.07147641909665348,-0.0010101135823756824
comp_pct,top 19%,2018-02-08,78.03844317096465,C,0.004342288887756229,0.050248134699107494,0.0021896435969570582
comp_pct,top 19%,2018-02-09,82.07975167144221,C,0.03795078344009961,0.07849453333789236,0.021182541369770158
comp_pct,top 19%,2018-02-12,81.6678605539637,C,0.025721573208842274,0.059577677271069884,0.0037237315465352694
comp_pct,top 19%,2018-02-21,74.95224450811843,C,-0.001840421869489406,0.036794738767881086,-0.020995661502246188
comp_pct,top 19%,2018-02-22,76.08643744030563,C,0.0067897858928711585,0.0413270393387557,-0.012385634400292167
comp_pct,top 19%,2018-02-23,70.83333333333333,C,-0.0018295576934698188,0.03231697078082063,-0.028233040672575926
comp_pct,top 19%,2018-02-26,70.46919770773638,C,-0.0024270537877477683,0.034648121175601565,-0.04115122526341808
comp_pct,top 19%,2018-02-27,71.0183858643744,C,-0.006071971497482176,0.03650068541281937,-0.03867525227437296
comp_pct,top 19%,2018-03-01,72.78533906399235,C,-0.01651379718683421,0.04904190278926657,-0.017631192921023997
comp_pct,top 19%,2018-03-02,76.02077363896848,C,-0.0049291798104019735,0.053691849417838,-0.012289309528645376
comp_pct,top 19%,2018-03-05,76.9878223495702,C,0.007430365151088303,0.06827685300540987,-0.008040521877441642
comp_pct,top 19%,2018-03-06,71.3049188156638,C,0.005477876326157594,0.0586631254181007,-0.0179854783615212
comp_pct,top 19%,2018-03-07,73.74044890162368,C,0.008557535954509143,0.07551985372764869,-0.007429030205786447
comp_pct,top 19%,2018-03-08,69.07234957020057,C,0.006646431501813099,0.06682788050199018,-0.015055599364091732
comp_pct,top 19%,2018-03-09,67.34121298949378,C,0.007241968095197837,0.05823799580489264,-0.014989145795052061
comp_pct,top 19%,2018-03-23,71.14374403056351,C,-0.01157131657118382,0.062378444694479285,0.014902116088914008
comp_pct,top 19%,2018-04-25,66.49952244508117,C,0.06746510762422853,0.008338146113855416,0.0789231581365959
comp_pct,top 19%,2018-04-26,69.60362941738299,C,0.07849453333789236,0.012802725427027983,0.09351354512158072
comp_pct,top 19%,2018-04-27,68.1769340974212,C,0.07836183595434298,0.007702094346946131,0.08356688282437164
comp_pct,top 19%,2018-04-30,66.51743075453678,C,0.06820845209253057,-0.0004848301001328936,0.059736136374793025
comp_pct,top 19%,2018-05-03,67.63371537726839,C,0.10012172753989113,-0.0019312332595021742,0.06076957712911146
comp_pct,top 19%,2018-05-04,66.6189111747851,C,0.0926326325419895,-0.011457864354758818,0.04881119183856808
comp_pct,top 19%,2018-08-13,71.31685768863419,C,-0.06611069809133963,-0.07093562514186713,0.0020214830440923315
comp_pct,top 19%,2018-08-14,68.34407831900668,C,-0.06741555932153154,-0.07935775954114166,-0.003859314949483883
comp_pct,top 19%,2018-08-15,72.98829990448901,C,-0.07104505672752248,-0.07364140793126528,-0.01110510267639242
comp_pct,top 19%,2018-08-16,74.67168099331423,C,-0.06921237786141299,-0.07665476655589443,-0.009213381545722488
comp_pct,top 19%,2018-08-17,72.95248328557784,C,-0.07830247816990754,-0.0676038258088254,-0.0006002716664691432
comp_pct,top 19%,2018-08-20,72.34360076408787,C,-0.07861819781310075,-0.07277784372211105,-0.0023136048712731894
comp_pct,top 19%,2018-08-21,68.81566380133715,C,-0.08219983594149449,-0.06899296542583588,0.006593814826629574
comp_pct,top 19%,2018-08-22,67.86652340019101,C,-0.09096256790023738,-0.06095801750582397,0.006018659600207865
comp_pct,top 19%,2018-08-24,66.39207258834766,C,-0.10377364001075684,-0.05775604924516431,0.007304746716706445
comp_pct,top 19%,2018-09-07,67.26957975167144,C,-0.09432876647961819,-0.07997813153073774,0.019339217908268758
comp_pct,top 19%,2018-09-10,71.006446991404,C,-0.10872065479165083,-0.07629824754580183,0.021662558690416667
comp_pct,top 19%,2018-09-11,70.46919770773638,C,-0.1231757778082686,-0.06590326907964783,0.02765830299058014
comp_pct,top 19%,2018-09-12,70.43338108882521,C,-0.11805971667479909,-0.05878574459770991,0.0221746438681103
comp_pct,top 19%,2018-09-13,68.93505253104107,C,-0.12360214510388934,-0.048496870103820755,0.03184260061262556
comp_pct,top 19%,2018-09-18,67.29345749761222,C,-0.10655731086351117,-0.04204186786480846,0.042842623106309485
comp_pct,top 19%,2018-10-04,72.17048710601719,C,-0.11071857601965984,-0.01029129085740621,0.07592808485621805
comp_pct,top 19%,2018-10-05,78.11604584527221,C,-0.11264215552431778,0.0025815352435833994,0.10521434970939825
comp_pct,top 19%,2018-10-08,80.52172874880611,C,-0.11626493124139936,0.00739599618059783,0.10807445493947943
comp_pct,top 19%,2018-10-09,80.09192932187202,C,-0.1327325300586356,0.013659442016524359,0.10911862223767388
comp_pct,top 19%,2018-10-11,86.7836676217765,C,-0.04457386263999186,0.09360265836626769,0.19294694466754136
comp_pct,top 19%,2018-10-12,85.33309455587391,C,-0.07994985746053784,0.06577174140072373,0.1586510652286761
comp_pct,top 19%,2018-10-15,85.61365807067813,C,-0.053030401970719176,0.07655869491359257,0.174368436707367
comp_pct,top 19%,2018-10-16,85.2196752626552,C,-0.056746329600292356,0.07650173202167498,0.17813249073271797
comp_pct,top 19%,2018-10-17,84.6764565425024,C,-0.049118383056514725,0.07384714276845972,0.17992251544385418
comp_pct,top 19%,2018-10-18,85.45845272206304,C,-0.05243225944755214,0.08179802315226858,0.18364908308412398
comp_pct,top 19%,2018-10-19,85.30921680993313,C,-0.046027617917984265,0.08170217555541681,0.20894592394830513
comp_pct,top 19%,2018-10-22,85.518147086915,C,-0.04608596646807295,0.0856712354452307,0.21966270147480804
comp_pct,top 19%,2018-10-23,86.96275071633238,C,-0.028295909024674493,0.09332108643389181,0.2484267437356904
comp_pct,top 19%,2018-10-24,85.55993314231137,C,-0.018733807693830373,0.10292711784683028,0.2473550383721541
comp_pct,top 19%,2018-10-25,89.73853868194841,C,0.013245105951842806,0.13068315867009805,0.27461406041402037
comp_pct,top 19%,2018-10-26,89.59527220630372,C,0.012537983056239987,0.1349174903037742,0.2569978346920716
comp_pct,top 19%,2018-10-29,89.42215854823304,C,0.0030958930630891057,0.1398819006419112,0.2628575531469548
comp_pct,top 19%,2018-10-30,89.11174785100286,C,0.005205332865470869,0.11719649241217445,0.252002024051015
comp_pct,top 19%,2018-10-31,87.29703915950334,C,-0.002904179242801841,0.10544691722920074,0.22550051974401053
comp_pct,top 19%,2018-11-01,86.95081184336198,C,-0.011741942980713072,0.08557166953907092,0.22415059260059444
comp_pct,top 19%,2018-11-02,86.7836676217765,C,-0.023403499809303674,0.06901254273378021,0.22819210355008734
comp_pct,top 19%,2018-11-05,87.44030563514804,C,-0.020388002764134106,0.07381808286134439,0.24377174606829222
comp_pct,top 19%,2018-11-06,88.628223495702,C,-0.0066740488644547735,0.05941565168710561,0.24309241950474103
comp_pct,top 19%,2018-11-07,85.33906399235912,C,-0.005166487120760843,0.04743505376962154,0.22680314798315604
comp_pct,top 19%,2018-11-08,83.96609360076408,C,-0.012805489453504015,0.04276508999544815,0.22046099491048254
comp_pct,top 19%,2018-11-09,84.83763132760267,C,-0.0027949161824754043,0.04756232400304761,0.23760101976958303
comp_pct,top 19%,2018-11-12,84.61079274116523,C,-0.007995796804196487,0.03430169373002134,0.23776010355829746
comp_pct,top 19%,2018-11-13,85.33906399235912,C,0.011607552486242234,0.04570669833061358,0.25692869288213727
comp_pct,top 19%,2018-11-14,84.33022922636103,C,0.0063386905158400175,0.04499274902875161,0.24950554710758155
comp_pct,top 19%,2018-11-15,84.11532951289398,C,0.014389701628792384,0.04162614648642782,0.2260512906005947
comp_pct,top 19%,2018-11-16,84.5212511938873,C,0.03300694705729179,0.030997272092635475,0.24383942643390566
comp_pct,top 19%,2018-11-19,84.00787965616045,C,0.034358218295419185,0.03973488507731693,0.24789421640309794
comp_pct,top 19%,2018-11-20,84.9570200573066,C,0.05134594653759672,0.046597832246755955,0.2545990268630849
comp_pct,top 19%,2018-11-21,84.03175740210123,C,0.05405945593200556,0.0459198862021879,0.271017205963906
comp_pct,top 19%,2018-11-22,83.2437917860554,C,0.058954342039912566,0.04668045234780105,0.27980509054432967
comp_pct,top 19%,2018-11-23,84.63467048710602,C,0.052889968294118406,0.05904720977156752,0.2923308579252202
comp_pct,top 19%,2018-11-26,82.54536771728748,C,0.03912058742802804,0.06213701535300076,0.269878702417891
comp_pct,top 19%,2018-11-27,81.6559216809933,C,0.043198787472361166,0.06488984489584593,0.28180290947120556
comp_pct,top 19%,2018-11-28,81.13061127029609,C,0.02764578217205549,0.046415393118165005,0.2960298679982196
comp_pct,top 19%,2018-11-29,81.62607449856733,C,0.016947224369837866,0.04772351794508567,0.3076767790214725
comp_pct,top 19%,2018-11-30,81.60816618911174,C,0.022937543029247554,0.04375912745211741,0.31211072786964
comp_pct,top 19%,2018-12-03,78.1220152817574,C,0.010717762546049503,0.03426818385213459,0.29512970547922546
comp_pct,top 19%,2018-12-04,78.15783190066857,C,0.015845302818219054,0.04614918691076353,0.3048972153551561
comp_pct,top 19%,2018-12-05,80.15162368672398,C,0.0363773797969813,0.07202193199002505,0.3246745594782383
comp_pct,top 19%,2018-12-06,83.73925501432664,C,0.0653181188191414,0.0852241872909214,0.3423232068631368
comp_pct,top 19%,2018-12-07,82.80205348615091,C,0.06720860039821197,0.07814053654657549,0.33885281897257213
comp_pct,top 19%,2018-12-10,84.41977077363897,C,0.08569769378197711,0.08985220889580092,0.35753427150463657
comp_pct,top 19%,2018-12-11,82.81996179560649,C,0.07839181705623277,0.08388682064254716,0.34875947817427644
comp_pct,top 19%,2018-12-12,80.09192932187202,C,0.07091132722382953,0.09255923626954887,0.3284039665039449
comp_pct,top 19%,2018-12-13,79.61437440305635,C,0.07220994002542769,0.0924787894494854,0.3355207920166965
comp_pct,top 19%,2018-12-14,80.37249283667622,C,0.06930889221211878,0.10625259886916805,0.34959904266231434
comp_pct,top 19%,2018-12-17,80.121776504298,C,0.06764861103527253,0.10226380924406153,0.32730009778821145
comp_pct,top 19%,2018-12-18,80.86795606494746,C,0.07481135772137715,0.10561774912892163,0.34842385574473167
comp_pct,top 19%,2018-12-19,79.38753581661891,C,0.06631477931361496,0.09144436817190016,0.3377643209948187
comp_pct,top 19%,2018-12-20,81.35148042024832,C,0.08732120597220816,0.11960405277786501,0.3355973000892616
comp_pct,top 19%,2018-12-21,80.43218720152817,C,0.0947493115160698,0.1091448669895414,0.32878515698001887
comp_pct,top 19%,2018-12-24,80.99928366762177,C,0.1062174439530712,0.14072208367021477,0.3314156576907372
comp_pct,top 19%,2018-12-25,88.39541547277936,C,0.12046682907871964,0.15261996435608993,0.3668944377405612
comp_pct,top 19%,2018-12-26,89.6251193887297,C,0.13402708359468374,0.1424375235215276,0.375559663798966
comp_pct,top 19%,2018-12-27,85.39278892072589,C,0.11823035041057395,0.12647308226005416,0.35776483160175454
comp_pct,top 19%,2018-12-28,84.58094555873926,C,0.11293082533170495,0.11839301247577394,0.3579355374184454
comp_pct,top 19%,2019-01-02,88.03127984718242,C,0.12985030952871557,0.13611564447670377,0.37048368690087385
comp_pct,top 19%,2019-01-03,86.09121298949378,C,0.1399298633647139,0.14555241984897638,0.37931017588976856
comp_pct,top 19%,2019-01-04,82.58715377268386,C,0.16879679816084603,0.1737947450531201,0.40127975366742885
comp_pct,top 19%,2019-01-07,77.47134670487107,C,0.1446229233251488,0.15507914003547407,0.3737433568403612
comp_pct,top 19%,2019-01-08,76.67741165234001,C,0.15838440985297852,0.15838440985297852,0.3009829624198972
comp_pct,top 19%,2019-01-09,75.1372970391595,C,0.13684610060766134,0.14371957896934218,0.2875858140720089
comp_pct,top 19%,2019-01-10,74.57020057306589,C,0.1412642916782958,0.14884522973189762,0.27811109797523326
comp_pct,top 19%,2019-01-11,72.24212034383953,C,0.1293173867639117,0.13068315867009805,0.2883016239783083
comp_pct,top 19%,2019-01-14,71.98543457497613,C,0.1416577167576032,0.13684610060766134,0.3004688917089169
comp_pct,top 19%,2019-01-15,69.57975167144221,C,0.13389254853964916,0.1408231572688936,0.30987272486492445
comp_pct,top 19%,2019-01-16,69.99761222540592,C,0.13812272100187495,0.14783851877953258,0.2959749636655491
comp_pct,top 19%,2019-01-17,69.14398280802293,C,0.12515846808517206,0.15059100890506594,0.293132999291855
comp_pct,top 19%,2019-01-18,67.13825214899713,C,0.12398361065995078,0.14384675319992013,0.2969238593389405
comp_pct,top 19%,2019-01-21,67.7590735434575,C,0.1159029064423005,0.13902129075296998,0.300230423361586
comp_pct,top 19%,2019-01-22,68.3142311365807,C,0.12086411502128991,0.13383731519458308,0.3049734395931949
comp_pct,top 19%,2019-01-23,67.8784622731614,C,0.13636383971339727,0.14195902581334652,0.3132900305246582
comp_pct,top 19%,2019-01-24,66.31446991404012,C,0.11141122702508754,0.13315632968273117,0.2979422291990126
comp_pct,top 19%,2019-01-28,67.93218720152817,C,0.09846983976360812,0.10449207812162631,0.27617262822342914
comp_pct,top 19%,2019-01-29,70.12297039159503,C,0.09463073288204304,0.09585271928011041,0.2817156618218395
comp_pct,top 19%,2019-01-30,72.33763132760267,C,0.09616673324877212,0.08721191519403648,0.277999612544094
comp_pct,top 19%,2019-02-11,69.7409264565425,C,0.06653375005053319,0.07496716518754631,0.24846007785086233
comp_pct,top 19%,2019-02-12,66.3264087870105,C,0.05287471743703476,0.06252964475112477,0.2436492522082343
comp_pct,top 19%,2019-02-13,66.85768863419293,C,0.05629141861636677,0.07733067983848207,0.23370753641406994
comp_pct,top 19%,2019-02-15,68.8753581661891,C,0.04263841866592277,0.0710244084290872,0.21196789056608867
comp_pct,top 19%,2019-02-18,66.82784145176694,C,0.03370787985970014,0.07052851306722574,0.21956099680331675
comp_pct,top 19%,2019-05-17,66.39207258834766,C,0.027225152320288437,0.18575514867254728,0.11582854893330663
comp_pct,top 19%,2019-05-23,67.29942693409743,C,0.05899605705421007,0.2175834472667726,0.17459960883940684
comp_pct,top 19%,2019-05-24,66.83381088825215,C,0.056127517172904984,0.220414025257057,0.17929502260542218
comp_pct,top 19%,2019-08-06,66.82784145176694,C,0.16541841749229613,0.1729946715506705,0.3632886703225173
comp_pct,top 19%,2020-01-30,68.55300859598853,B,-0.07506993783517524,0.11165969813939358,0.503175951622348
comp_pct,top 19%,2020-01-31,67.06661891117479,B,-0.06948297407453041,0.1567593037260162,0.46687750335037226
comp_pct,top 19%,2020-02-03,72.08691499522445,B,-0.03986532758209249,0.17184346408943774,0.5111746999855031
comp_pct,top 19%,2020-02-04,66.78605539637059,B,-0.0838852595290458,0.14012196978963587,0.5273533354468773
comp_pct,top 19%,2020-02-05,66.54727793696276,B,-0.08200332390332599,0.15361521786105126,0.5220178224151375
comp_pct,top 19%,2020-02-10,66.83978032473735,B,-0.0730769192533246,0.14341211195159742,0.5896315634074594
comp_pct,top 19%,2020-02-24,67.09049665711558,B,-0.0793561447726423,0.173838541791129,0.516410251673125
comp_pct,top 19%,2020-02-25,68.09933142311365,B,-0.07581610709533526,0.1622292430294603,0.5031012385028386
comp_pct,top 19%,2020-02-26,71.40639923591213,B,-0.055897468935259376,0.13282135494789116,0.5170737617617602
comp_pct,top 19%,2020-02-27,75.20296084049666,B,-0.048505366495819824,0.16804124815993093,0.5249596779337142
comp_pct,top 19%,2020-03-02,76.25358166189112,B,-0.040068864185248465,0.18888404537629078,0.5541351601005311
comp_pct,top 19%,2020-03-03,73.99116523400191,B,-0.04683991685265365,0.18120591425220578,0.5647354043385859
comp_pct,top 19%,2020-03-04,72.80921680993315,B,-0.04820638820140444,0.17777761325254793,0.5605561083490593
comp_pct,top 19%,2020-03-05,70.8989971346705,B,-0.05432343906930781,0.16751208909270665,0.5392616942803001
comp_pct,top 19%,2020-03-06,74.23591212989494,B,-0.017543710547053504,0.17998796649294957,0.5767347008989496
comp_pct,top 19%,2020-03-09,78.45033428844317,B,0.020384380271824654,0.1944042166905504,0.6088636784426764
comp_pct,top 19%,2020-03-10,78.59360076408787,B,0.023754277102238763,0.20626710460895015,0.6088223433168813
comp_pct,top 19%,2020-03-11,79.46513849092646,B,0.04923775493765303,0.21627549615157537,0.6023445095479092
comp_pct,top 19%,2020-03-12,83.34527220630373,B,0.09068779302447849,0.26659156988108657,0.6713029332676705
comp_pct,top 19%,2020-03-13,85.63753581661892,B,0.11666650099786602,0.2752475063960256,0.6975727212507763
comp_pct,top 19%,2020-03-16,86.18672397325693,B,0.1520052102991183,0.33433302729262815,0.7508673006332058
comp_pct,top 19%,2020-03-17,86.55682903533906,B,0.17902452640695232,0.3860829185247667,0.8143643005964674
comp_pct,top 19%,2020-03-18,86.54489016236867,B,0.19505504559509412,0.41542879706183244,0.8993862766424439
comp_pct,top 19%,2020-03-19,87.9178605539637,B,0.29686337209110514,0.5164077939611251,1.0336602042519836
comp_pct,top 19%,2020-03-20,87.9297994269341,B,0.20270298768160133,0.40540738125910214,0.8901432944114109
comp_pct,top 19%,2020-03-23,88.03724928366763,B,0.25564954570057474,0.4874232633403339,0.9588557082465938
comp_pct,top 19%,2020-03-24,86.92693409742121,B,0.19663338479863235,0.42373717510093245,0.8816999923971718
comp_pct,top 19%,2020-03-25,87.3627029608405,B,0.15875081357896703,0.3965401248494238,0.8454924517411855
comp_pct,top 19%,2020-03-26,87.25525310410697,B,0.15867875571771783,0.3752039300821861,0.8431247115799945
comp_pct,top 19%,2020-03-27,87.44627507163324,B,0.17493473078234012,0.3846607358857752,0.8535309861373921
comp_pct,top 19%,2020-03-30,87.0702005730659,B,0.17468712180205626,0.38706465976482574,0.8610036123326685
comp_pct,top 19%,2020-03-31,87.02841451766953,B,0.18056446226657852,0.3637427653680465,0.8536712453035331
comp_pct,top 19%,2020-04-01,86.28223495702005,B,0.19235822949173653,0.3662442838749911,0.8699475629038953
comp_pct,top 19%,2020-04-06,84.95105062082139,B,0.18754065408161114,0.3131703960793615,0.8573994537970031
comp_pct,top 19%,2020-04-07,84.10339063992359,B,0.17898076605270186,0.29148042320261847,0.8257126499119192
comp_pct,top 19%,2020-04-08,83.72134670487105,B,0.1827891865893414,0.2945129660096568,0.8037157574647238
comp_pct,top 19%,2020-04-09,83.33930276981853,B,0.19242916000202737,0.3034076759293547,0.808434979071168
comp_pct,top 19%,2020-04-10,82.98113658070679,B,0.1998738947250256,0.3083015008969059,0.7910711441834826
comp_pct,top 19%,2020-04-13,83.04083094555874,B,0.2112942403938638,0.31724226449648474,0.8011299567345875
comp_pct,top 19%,2020-04-14,81.69173829990449,B,0.16924032865150962,0.29718833537473954,0.7691851212774137
comp_pct,top 19%,2020-04-15,81.01122254059217,B,0.18288198195307515,0.30001764762505756,0.789722642615984
comp_pct,top 19%,2020-04-16,80.99928366762177,B,0.19616324245647432,0.3239051671051896,0.7992190561495829
comp_pct,top 19%,2020-04-17,80.29489016236867,B,0.16576586092393897,0.29522825610115366,0.7357606785334607
comp_pct,top 19%,2020-04-20,80.42024832855779,B,0.15783139319363948,0.29973613257264575,0.7434690659066914
comp_pct,top 19%,2020-04-21,82.51552053486151,B,0.20595549123391255,0.33343917670691514,0.7653753213884091
comp_pct,top 19%,2020-04-22,81.95439350525311,B,0.20409430902740722,0.32094191398716254,0.7500520518181322
comp_pct,top 19%,2020-04-23,80.97540592168099,B,0.22888843935283365,0.31044065380434427,0.7270235915850876
comp_pct,top 19%,2020-04-24,80.73662846227316,B,0.23200108514872664,0.32724927657683445,0.7422899254832485
comp_pct,top 19%,2020-04-27,83.59001910219675,B,0.20615574391111124,0.2933994860898279,0.738011347141861
comp_pct,top 19%,2020-04-28,83.05276981852913,B,0.20188514095597987,0.29278918077388116,0.7261671061763577
comp_pct,top 19%,2020-04-29,82.36031518624642,B,0.24313609691937832,0.27683204855653254,0.638508544204367
comp_pct,top 19%,2020-04-30,81.79918815663801,B,0.22049905888554577,0.24995151321618003,0.557668905682122
comp_pct,top 19%,2020-05-05,83.62583572110792,B,0.25666600751347857,0.2741781854861409,0.5913372084887794
comp_pct,top 19%,2020-05-06,83.44675262655204,B,0.25214516260266984,0.26662096762572896,0.5592329668417597
comp_pct,top 19%,2020-05-07,82.2528653295129,B,0.22529570408434196,0.24751924257288627,0.623916710119639
comp_pct,top 19%,2020-05-08,80.90974212034384,B,0.23355663021200335,0.2299741202993164,0.6033089122481878
comp_pct,top 19%,2020-05-11,79.75764087870105,B,0.23524691510354745,0.2245879500766279,0.5792215917648731
comp_pct,top 19%,2020-05-12,80.22325692454632,B,0.2631260124317196,0.25353884239700775,0.6206645319269166
comp_pct,top 19%,2020-05-13,79.35171919770774,B,0.2504187421338293,0.26834159227608567,0.6134164464568106
comp_pct,top 19%,2020-05-14,82.31255969436485,B,0.2769169600667778,0.28235829722192385,0.6605848250953779
comp_pct,top 19%,2020-05-15,81.33954154727793,B,0.2589314873669182,0.28175543750157117,0.6509207768431209
comp_pct,top 19%,2020-05-18,82.12750716332378,B,0.25075346010662525,0.3095055597908578,0.6530601942301075
comp_pct,top 19%,2020-05-19,79.03533906399237,B,0.2515780391297635,0.28579372295175154,0.6658842065401447
comp_pct,top 19%,2020-05-20,78.32497612225406,B,0.256076384671895,0.3071607121362523,0.6838383200467661
comp_pct,top 19%,2020-05-21,77.00573065902579,B,0.2587835050641343,0.2969283948777426,0.6771976976370941
comp_pct,top 19%,2020-05-22,78.68314231136581,B,0.2750191457056361,0.326626937827879,0.7085374687621262
comp_pct,top 19%,2020-05-25,79.18457497612225,B,0.25757357594345276,0.3607126710179347,0.6960513233382661
comp_pct,top 19%,2020-05-26,78.09216809933142,B,0.19989229736553837,0.35494788302298397,0.669050179315138
comp_pct,top 19%,2020-05-27,77.91308500477554,B,0.22758574460714454,0.36551017759716675,0.6752997401304817
comp_pct,top 19%,2020-05-28,78.47421203438395,B,0.23850972327011055,0.37125011099253924,0.6754697910945089
comp_pct,top 19%,2020-05-29,78.16380133715377,B,0.23925239331450943,0.3597188719139939,0.6513788701014529
comp_pct,top 19%,2020-06-01,76.74307545367718,B,0.2374296261843074,0.36971465805265047,0.6680837596919669
comp_pct,top 19%,2020-06-02,75.90138490926456,B,0.23457864699923836,0.35679674126090544,0.6662938068324453
comp_pct,top 19%,2020-06-03,73.82999044890163,B,0.20105899790207782,0.32232534710978356,0.6463911286309121
comp_pct,top 19%,2020-06-04,72.83309455587393,B,0.17054341460261058,0.3205985773857478,0.6295932969808717
comp_pct,top 19%,2020-06-05,71.32282712511939,B,0.17827796336374613,0.3071075512099859,0.6111003368398977
comp_pct,top 19%,2020-06-08,69.42454632282713,B,0.15919913330210633,0.2751190668482597,0.5869492747631653
comp_pct,top 19%,2020-06-09,69.37679083094557,B,0.16127784502733533,0.28493774936928506,0.5472717383479413
comp_pct,top 19%,2020-06-10,68.30229226361031,B,0.14201286172411365,0.2851124198142605,0.5344381729778571
comp_pct,top 19%,2020-06-11,71.83619866284623,B,0.15826995864555893,0.30531609830342865,0.5839885665998303
comp_pct,top 19%,2020-06-12,74.07473734479466,B,0.17561839256119605,0.3388353614025368,0.5942660842240126
comp_pct,top 19%,2020-06-15,77.91905444126074,B,0.18440468686277134,0.370806807809386,0.6201291942320335
comp_pct,top 19%,2020-06-16,72.11079274116523,B,0.16928878291629101,0.3602046187901953,0.5883981850151712
comp_pct,top 19%,2020-06-17,71.40639923591213,B,0.16854069180309028,0.35867599994511035,0.5912389972875349
comp_pct,top 19%,2020-06-18,70.02148997134671,B,0.18458471827060907,0.3437756662632485,0.6086584736791278
comp_pct,top 19%,2020-06-19,68.95893027698186,B,0.1897856045028501,0.3462320550108513,0.6020336339204395
comp_pct,top 19%,2020-06-22,68.43958930276982,B,0.20521177502867127,0.33755299594928245,0.5984358518530257
comp_pct,top 19%,2020-06-23,67.77698185291308,B,0.18687248151913027,0.31805866647680037,0.6062455443185377
comp_pct,top 19%,2020-06-24,66.42191977077364,B,0.17850013248292296,0.33462633181524115,0.5981454200110732
comp_pct,top 19%,2020-06-29,69.56184336198663,B,0.18079498278398298,0.3407591536493977,0.6056244674568949
comp_pct,top 19%,2021-05-17,67.7710124164279,C,0.0909250345009156,0.09449175622498251,0.0002488248912719815
comp_pct,top 19%,2021-10-06,66.49355300859598,D,0.093984853364947,0.03384241809306077,-0.22575712410376436
comp_pct,top 19%,2022-03-08,67.77698185291308,A,-0.01868100677199991,-0.09548583275489753,-0.07115679374722839
comp_pct,top 19%,2022-04-27,67.59789875835722,A,-0.062433215205910386,-0.18686922647531268,-0.02217983940871293
comp_pct,top 19%,2022-04-28,66.98304680038204,A,-0.06728965881321625,-0.20119877039567136,-0.035418320553698646
comp_pct,top 19%,2022-05-03,67.65759312320917,A,-0.07239831428157528,-0.21234344747381895,-0.04558767673184694
comp_pct,top 19%,2022-05-04,66.39804202483286,A,-0.07080847112578192,-0.21473281062224403,-0.04558767673184694
comp_pct,top 19%,2022-05-06,67.70534861509074,A,-0.05635589999833357,-0.2156390081446139,-0.009393124177555445
comp_pct,top 19%,2022-05-09,71.51384909264566,A,-0.055726975614940666,-0.19097346472586174,0.02067845973916249
comp_pct,top 19%,2022-05-10,71.11986628462273,A,-0.04579295963402663,-0.19764534704718784,0.028143267621498103
comp_pct,top 19%,2022-05-11,70.92287488061127,A,-0.0448709008697421,-0.18828367084182362,0.024811939029984575
comp_pct,top 19%,2022-05-12,74.36127029608404,A,0.003130765111105216,-0.1639177392829121,0.04888704544488065
comp_pct,top 19%,2022-05-13,69.7289875835721,A,-0.007967711516799758,-0.16810715014966504,0.03435324865032241
comp_pct,top 19%,2022-05-16,70.67812798471824,A,-0.014037715697929554,-0.1832607609374045,0.041155969875875886
comp_pct,top 19%,2022-05-19,68.87535816618912,A,-0.0028161170148700565,-0.1613089610801398,0.06985310310378212
comp_pct,top 19%,2022-05-23,68.71418338108883,A,-0.004996492406143416,-0.15656946948819217,0.042816067932679225
comp_pct,top 19%,2022-05-24,69.4484240687679,A,0.006694996425204325,-0.10168036240898715,0.06812062997543356
comp_pct,top 19%,2022-05-25,68.46346704871061,A,-0.007532421156545288,-0.10035909377938446,0.05662203673524546
comp_pct,top 19%,2022-05-26,70.48710601719196,A,0.006640562255864513,-0.050089097654058445,0.07291166749608546
comp_pct,top 19%,2022-06-13,70.39159503342884,A,-0.059617429470628425,-0.04149369035897854,0.09969795967059913
comp_pct,top 19%,2022-06-14,71.11986628462273,A,-0.051904109573796875,-0.023436430638909655,0.09473120400530144
comp_pct,top 19%,2022-06-15,72.14660936007641,A,-0.06965783997101438,-0.027369391593736747,0.09287544255556135
comp_pct,top 19%,2022-06-16,71.78844317096465,A,-0.06111214295339029,-0.024138245948431614,0.09680510815154464
comp_pct,top 19%,2022-06-17,75.6984240687679,A,-0.0280798927017466,-0.02892205592324426,0.11134948226093888
comp_pct,top 19%,2022-06-20,77.47731614135625,A,-0.014052529107055012,-0.025951832509345074,0.12199257665497831
comp_pct,top 19%,2022-06-21,73.48973256924546,A,-0.05339301258753082,-0.05672473140579559,0.11312433659262244
comp_pct,top 19%,2022-06-22,77.45940783190065,A,-0.030302060013409404,-0.020507090716647247,0.14088712983937746
comp_pct,top 19%,2022-06-23,78.83834765998088,A,-0.02836530873478471,-0.01671079864632985,0.15460428535117843
comp_pct,top 19%,2022-06-24,78.05635148042023,A,-0.03472849619108265,-0.023098572935810746,0.1266165297789732
comp_pct,top 19%,2022-06-27,76.81470869149953,A,-0.04865945524187831,-0.033932685487303216,0.098814228968648
comp_pct,top 19%,2022-06-28,76.52817574021012,A,-0.047598334426027566,-0.023809515284172744,0.10719026235761997
comp_pct,top 19%,2022-06-29,77.31614135625597,A,-0.05114767073518156,-0.03187075980716947,0.1318407541635087
comp_pct,top 19%,2022-06-30,81.56041069723017,A,-0.035794807297710896,-0.01250263748404179,0.1634099171770742
comp_pct,top 19%,2022-07-01,83.63777459407831,A,-0.017763971362361297,0.006415542938499774,0.22126343672737403
comp_pct,top 19%,2022-07-04,84.01981852913084,A,-0.009363984920747526,0.020585495870667048,0.24614697727136625
comp_pct,top 19%,2022-07-05,83.42884431709646,A,-0.03490394854130252,0.03249225685664214,0.23762834163985924
comp_pct,top 19%,2022-07-06,84.18696275071633,A,-0.019114227675693596,0.035119597320757645,0.2596486794959212
comp_pct,top 19%,2022-07-07,83.86461318051576,A,-0.0607175421488243,0.008741326442600394,0.21276747343078495
comp_pct,top 19%,2022-07-08,83.17215854823306,A,-0.0814896001524793,0.002991860448732009,0.2060469458615224
comp_pct,top 19%,2022-07-11,82.82593123209168,A,-0.04973164014098519,-0.002580953542683395,0.1965658773316017
comp_pct,top 19%,2022-07-12,83.76313276026744,A,-0.003548223194422051,0.017356362273995396,0.22653903045513868
comp_pct,top 19%,2022-07-13,83.39302769818528,A,-0.031073984434876634,-0.011336609498256767,0.19926692753479625
comp_pct,top 19%,2022-07-14,81.9484240687679,A,-0.051819538417762434,-0.011195897501659946,0.1902390467480084
comp_pct,top 19%,2022-07-15,80.99928366762177,A,-0.11260112445138404,-0.02624041772170793,0.18392373678974638
comp_pct,top 19%,2022-07-18,79.22039159503342,A,-0.12087320863431938,-0.023484933307676314,0.17874017541557996
comp_pct,top 19%,2022-07-19,78.24140401146133,A,-0.13216174215230803,-0.01995634924974443,0.17134279035551603
comp_pct,top 19%,2022-07-20,77.16093600764088,A,-0.11299867800498775,0.008490454056727659,0.16957953599582698
comp_pct,top 19%,2022-07-21,73.44794651384909,A,-0.13927133111574352,0.0010977374689309372,0.14221743113898588
comp_pct,top 19%,2022-07-22,73.60315186246419,A,-0.13272229060112362,-0.0019015456620420368,0.13247695086307099
comp_pct,top 19%,2022-07-25,75.4178605539637,A,-0.14356987981077673,-0.005339137952408479,0.1445813893960186
comp_pct,top 19%,2022-07-26,75.35219675262655,A,-0.14055931825260426,0.015387513980035239,0.1414909919827716
comp_pct,top 19%,2022-07-27,75.01790830945559,A,-0.15086770037923825,0.013978979966725813,0.13300196751170446
comp_pct,top 19%,2022-07-28,72.98829990448901,A,-0.1548920056028027,0.012244065806056081,0.12394979960472896
comp_pct,top 19%,2022-07-29,69.84240687679083,A,-0.17890336804135787,0.047955863376813346,0.11259150426975184
comp_pct,top 19%,2022-08-01,74.4448424068768,A,-0.16879574422814603,0.03017412364255967,0.09999780337255526
comp_pct,top 19%,2022-08-02,81.19030563514804,A,-0.1432281613667804,0.05304000497206274,0.11959510660318529
comp_pct,top 19%,2022-08-03,79.59646609360077,A,-0.159139873202906,0.0642908265956168,0.10705281554239998
comp_pct,top 19%,2022-08-04,78.5697230181471,A,-0.15015014211447797,0.061551287954719536,0.10909890648403775
comp_pct,top 19%,2022-08-05,74.97015281757402,A,-0.1665271470120998,0.020371632959762076,0.07520835899070155
comp_pct,top 19%,2022-08-08,73.52554918815665,A,-0.16142563149604294,0.02036712350649994,0.07006765479971633
comp_pct,top 19%,2022-08-09,68.97086914995225,A,-0.1716323716776471,0.03709978076768805,0.0796728705850227
comp_pct,top 19%,2022-08-10,69.98567335243553,A,-0.16157764352513726,0.04852891457328745,0.0985992171664869
comp_pct,top 19%,2022-08-29,74.37917860553964,A,-0.00815108850772961,0.04619825239077113,0.10197795900307738
comp_pct,top 19%,2022-08-30,70.55276981852913,A,-0.0004283457608714736,0.045281987674500535,0.1111977797928807
comp_pct,top 19%,2022-08-31,70.97063037249285,A,-0.007653204392292556,0.04772580289443584,0.10448921906365793
comp_pct,top 19%,2022-09-01,76.57593123209169,A,-0.006947662208620642,0.07712144416623445,0.14375547812913436
comp_pct,top 19%,2022-09-02,76.43863419293218,A,0.013169471442834091,0.07996525971625656,0.15995124046064912
comp_pct,top 19%,2022-09-05,76.86843361986628,A,0.019272729716212744,0.07670421044027087,0.1451414114510441
comp_pct,top 19%,2022-09-06,76.10434574976122,A,0.030026160035447447,0.0527679312884588,0.13270077790526047
comp_pct,top 19%,2022-09-07,77.76981852913084,A,0.0454547264373788,0.08265855477476536,0.1534858314720502
comp_pct,top 19%,2022-09-08,72.23615090735436,A,0.039380525296455415,0.06323017308281598,0.12695765827832584
comp_pct,top 19%,2022-09-12,71.41833810888252,A,-0.0008664942881351223,0.042004046512986726,0.1026209571391008
comp_pct,top 19%,2022-09-13,71.1855300859599,A,-0.012068901998920079,0.031766356892950265,0.10496701020005772
comp_pct,top 19%,2022-09-14,73.01217765042979,A,-0.0035196431703636843,0.07019469064616413,0.11457856582105785
comp_pct,top 19%,2022-09-15,69.47230181470869,A,0.010101051980060616,0.06068101438448914,0.11307634388620347
comp_pct,top 19%,2022-09-16,69.3111270296084,A,0.01199474472579709,0.0779289941847634,0.13054172416760346
comp_pct,top 19%,2022-09-19,70.33787010506208,A,0.012048344128445354,0.10327139214293579,0.1504005532987065
comp_pct,top 19%,2022-09-20,68.30826170009551,A,0.015480019048614624,0.10210491366723184,0.13334194253966158
comp_pct,top 19%,2022-09-21,70.61246418338108,A,0.024977716862263577,0.11463706268919238,0.1281390576071182
comp_pct,top 19%,2022-09-22,68.28438395415472,A,0.020316028462456392,0.12129963217512141,0.15828373150648534
comp_pct,top 19%,2022-09-26,73.81805157593124,A,0.024616806547401948,0.1455160282118828,0.21669547070804374
comp_pct,top 19%,2022-09-27,73.50764087870105,A,0.030232578197773696,0.15282156511593636,0.22852646633567408
comp_pct,top 19%,2022-09-28,78.86222540592169,A,0.06983367644710436,0.1813521122519406,0.2513393129577197
comp_pct,top 19%,2022-09-29,78.63538681948424,A,0.05529066332355792,0.17944520025266164,0.2485915946215953
comp_pct,top 19%,2022-09-30,79.57855778414518,A,0.07394886171975146,0.19597703134894617,0.2691012424269188
comp_pct,top 19%,2022-10-03,80.28295128939828,A,0.09197659668876468,0.21060481097388983,0.2668589450695187
comp_pct,top 19%,2022-10-04,77.96680993314232,A,0.0496182853076339,0.17910714979419273,0.23592404199742312
comp_pct,top 19%,2022-10-05,76.59980897803247,A,0.020979023727002,0.1493118462106744,0.21301118367796046
comp_pct,top 19%,2022-10-06,76.17597898758356,A,0.020370363288375604,0.13138928417258922,0.18969819351294892
comp_pct,top 19%,2022-10-07,78.18767908309457,A,0.04284378613783435,0.1616378807444523,0.21083946527315334
comp_pct,top 19%,2022-10-11,81.99617956064947,A,0.09731892738345582,0.22203752411833677,0.279548211269222
comp_pct,top 19%,2022-10-12,81.75740210124164,A,0.11077841817942446,0.22405340733820922,0.2605664519173705
comp_pct,top 19%,2022-10-13,83.78701050620822,A,0.1292929781418508,0.22959515421656573,0.2816098643021594
comp_pct,top 19%,2022-10-14,81.62010506208213,A,0.1369661228784489,0.193682117852652,0.24269141650372772
comp_pct,top 19%,2022-10-17,82.49164278892073,A,0.16308166982125916,0.21330454338916915,0.2574919184296909
comp_pct,top 19%,2022-10-18,81.14255014326648,A,0.1508406632862218,0.1949519433389868,0.24934479179615554
comp_pct,top 19%,2022-10-19,80.91571155682905,A,0.16140341003866965,0.19523575816972594,0.29485442007591955
comp_pct,top 19%,2022-10-20,80.71275071633238,A,0.18145153649879808,0.19670874010216965,0.3119689431446544
comp_pct,top 19%,2022-10-21,81.39326647564471,A,0.19413544911621883,0.19930476370753025,0.32748728253837345
comp_pct,top 19%,2022-10-24,82.682664756447,A,0.19776889168830336,0.21747236461508113,0.33100030741127906
comp_pct,top 19%,2022-10-25,90.54441260744986,A,0.27628810372418844,0.2445659625718395,0.3646624107816141
comp_pct,top 19%,2022-10-26,88.68194842406876,A,0.2393754200475584,0.22785106821408263,0.35260987822312817
comp_pct,top 19%,2022-10-27,86.87320916905443,A,0.2290786852330995,0.21358597799481127,0.3282423477491412
comp_pct,top 19%,2022-10-28,87.4761222540592,A,0.26571684478557556,0.23224333247304152,0.3659234441517307
comp_pct,top 19%,2022-10-31,86.81948424068767,A,0.24910450723134026,0.2238126870467647,0.3511380919119549
comp_pct,top 19%,2022-11-01,85.28533906399235,A,0.2242409927352189,0.2206478275856203,0.359822002157524
comp_pct,top 19%,2022-11-02,84.70033428844317,A,0.21678787455293547,0.20451775180872,0.35490156296767883
comp_pct,top 19%,2022-11-03,83.10649474689589,A,0.25198009351001427,0.21779277902101768,0.37695169787937166
comp_pct,top 19%,2022-11-04,81.99617956064947,A,0.25059751386140916,0.21232439436622608,0.37433739253639975
comp_pct,top 19%,2022-11-07,79.42932187201528,A,0.23047039285427173,0.19182743205670816,0.3676097191146068
comp_pct,top 19%,2022-11-08,76.2714899713467,A,0.21523788996447357,0.19360011840447977,0.34122284483023235
comp_pct,top 19%,2022-11-09,76.1222540592168,A,0.19031998571987097,0.17955681428903403,0.3035058991436037
comp_pct,top 19%,2022-11-10,77.29823304680038,A,0.17415850300634994,0.2067602355564495,0.3150976340926508
comp_pct,top 19%,2022-11-11,76.2774594078319,A,0.12851432113605243,0.14915211797286565,0.24064951085394792
comp_pct,top 19%,2022-11-14,79.72182425978987,A,0.10384696580232178,0.13684619071574255,0.2378588606801988
comp_pct,top 19%,2022-11-15,81.83500477554918,A,0.06084384841816637,0.08937067636153273,0.1862314216190888
comp_pct,top 19%,2022-11-16,81.33357211079274,A,0.06225017989881487,0.08591540430763334,0.19011566895673404
comp_pct,top 19%,2022-11-17,77.85936007640878,A,0.05018227429400435,0.09838448360178886,0.1936716066377835
comp_pct,top 19%,2022-11-18,76.5639923591213,A,0.06860202830586104,0.1272229922078243,0.19226572456432112
comp_pct,top 19%,2022-11-21,75.16714422158549,A,0.06696779648342965,0.13836843511950558,0.1877978753097489
comp_pct,top 19%,2022-11-22,70.60649474689589,A,0.06303716176453422,0.12894804604270438,0.18203507484828685
comp_pct,top 19%,2022-11-23,70.5885864374403,A,0.05479598784529638,0.11582821017656753,0.16667546512362152
comp_pct,top 19%,2022-11-24,67.6098376313276,A,0.04572992165345724,0.09654874634769572,0.1650128959661834
comp_pct,top 19%,2022-11-25,67.80682903533906,A,0.0558061027977772,0.11056771503587526,0.16634637115550577
comp_pct,top 19%,2022-11-28,72.66595033428845,A,0.08465727653572697,0.12981411415066035,0.19303765254146898
comp_pct,top 19%,2022-11-29,71.03032473734478,A,0.06592755719169086,0.12263520028048025,0.1826317673181992
comp_pct,top 19%,2022-11-30,67.86652340019103,A,0.05634554820283322,0.1257725574607722,0.1872422393618316
comp_pct,top 19%,2022-12-01,67.68744030563515,A,0.022078828805890405,0.09594843762608352,0.17200011879681054
comp_pct,top 19%,2022-12-02,66.36222540592169,A,0.03558626442310597,0.11403979761159144,0.18425998396690124
comp_pct,top 19%,2022-12-05,68.97086914995225,A,0.02294602140977986,0.12306425015175115,0.17833105569209606
comp_pct,top 19%,2022-12-06,74.21203438395415,A,0.04290772009550148,0.16661989158952917,0.20345257822300078
comp_pct,top 19%,2022-12-07,75.50143266475645,A,0.04437076531001383,0.17329995853893787,0.2003930011490973
comp_pct,top 19%,2022-12-08,73.47182425978988,A,0.07397469835838466,0.19089764314240032,0.21790823557099137
comp_pct,top 19%,2022-12-09,67.0546800382044,A,0.05007416070429649,0.16966339044152234,0.20433670806805138
comp_pct,top 19%,2022-12-12,70.70200573065904,A,0.0651527587495837,0.17826626121534894,0.22279893283744956
comp_pct,top 19%,2022-12-13,76.128223495702,A,0.09013704586716131,0.17714970611791325,0.24191340187794652
comp_pct,top 19%,2023-08-14,69.37679083094555,A,0.022088483932479974,0.11044516055773301,0.49407979659946255
comp_pct,top 19%,2023-10-20,68.19484240687679,A,0.05781485869754599,0.22773810658424032,0.562507317338024
comp_pct,top 19%,2023-10-23,72.04512893982809,A,0.0629793408438335,0.25508416429630576,0.6024090070370511
comp_pct,top 19%,2023-10-24,69.52602674307545,A,0.052214749492093704,0.2908104384925674,0.6069248833523011
comp_pct,top 19%,2023-10-25,66.51146131805157,A,0.05710024821843218,0.264730217493355,0.6165264648577022
comp_pct,top 19%,2023-10-26,70.40950334288443,A,0.11703578047099139,0.3111934008631303,0.6680642429524477
comp_pct,top 19%,2023-10-27,67.50238777459407,A,0.1195427845900725,0.32872498635791647,0.6735980541944475
comp_pct,top 19%,2023-10-30,70.54083094555874,A,0.12439296283418466,0.32737914515288313,0.6785568177330472
comp_pct,top 19%,2023-10-31,72.77340019102196,A,0.13185917404185576,0.3189540198226253,0.6470353748200255
comp_pct,top 19%,2023-11-01,70.66618911174784,A,0.14014984327650537,0.31917819097643707,0.6283585107497569
comp_pct,top 19%,2024-08-05,68.63658070678127,B,0.21543302121656271,0.2622473522089539,0.36728930127614645
comp_pct,top 19%,2024-08-06,68.62464183381088,B,0.15611933459615024,0.20175655614864918,0.2958638013933492
comp_pct,top 19%,2024-08-08,66.72039159503342,B,0.15772497938450503,0.17402358697941822,0.2738867864264356
comp_pct,top 19%,2024-09-04,67.90830945558739,B,0.14131388412804702,0.07746273704549234,0.3354522026948261
comp_pct,top 19%,2024-09-05,67.27554918815665,B,0.14045271027598627,0.07560383009500793,0.3450904488958786
comp_pct,top 19%,2024-09-06,66.30850047755492,B,0.12017168235599907,0.050661212128061184,0.3168843133044785
comp_pct,top 19%,2024-09-09,67.41881566380134,B,0.13920365641698473,0.063613659370092,0.35179221290581353
comp_pct,top 19%,2024-09-10,67.86652340019103,B,0.12909776351419677,0.07087999840135129,0.3506239176006556
comp_pct,top 19%,2024-09-11,67.98591212989494,B,0.12249047672806146,0.07842040736326616,0.3640593610848899
comp_pct,top 19%,2025-03-31,67.32927411652341,B,0.11814757820936439,0.3291263371665434,0.9059581562163952
comp_pct,top 19%,2025-04-07,73.96728748806113,B,0.22853540508482362,0.48513925069039754,1.1920988682803997
comp_pct,top 19%,2025-04-08,76.4207258834766,B,0.2873083254519151,0.5297905405288605,1.2431071697636633
comp_pct,top 19%,2025-04-09,78.07425978987584,B,0.33679897743549225,0.5773846284047734,1.362450172683535
comp_pct,top 19%,2025-04-10,77.05945558739255,B,0.20820891248205098,0.447942393351791,1.184785472819586
comp_pct,top 19%,2025-04-11,76.99976122254058,B,0.17532648941886575,0.42228840619979024,1.143684133668275
comp_pct,top 19%,2025-04-14,77.16093600764088,B,0.19364693090571872,0.456741597046028,1.1548152687120408
comp_pct,top 19%,2025-04-15,75.77005730659026,B,0.1952827079526871,0.462912237174401,1.2222520451114343
comp_pct,top 19%,2025-04-16,76.128223495702,B,0.22254394321516768,0.5308843354586052,1.3400603266855597
comp_pct,top 19%,2025-04-17,75.5909742120344,B,0.22902517352862595,0.5342481296529369,1.3408515401736252
comp_pct,top 19%,2025-04-18,74.8507640878701,B,0.24300814335686205,0.542176703928805,1.3040239506621938
comp_pct,top 19%,2025-04-21,75.61485195797518,B,0.2711223003543457,0.5493020380379248,1.3309972300039932
comp_pct,top 19%,2025-04-22,75.853629417383,B,0.30041690415341327,0.5678799741315979,1.4780048635154008
comp_pct,top 19%,2025-04-23,74.25382043935052,B,0.26373969282018095,0.5286575267591234,1.3730110376091313
comp_pct,top 19%,2025-04-24,74.54035339063994,B,0.2664277564494113,0.5674841795453403,1.4159521081009698
comp_pct,top 19%,2025-04-25,75.50143266475645,B,0.2285054640834887,0.5079874796678105,1.4078942061451092
comp_pct,top 19%,2025-04-28,75.34622731614135,B,0.2218308477136428,0.5206612271390161,1.3706189805076288
comp_pct,top 19%,2025-04-29,74.31351480420247,B,0.22429954798523144,0.5171712770352854,
comp_pct,top 19%,2025-04-30,73.94937917860554,B,0.21610119204965028,0.4980264060274242,
comp_pct,top 19%,2025-05-02,73.52554918815663,B,0.1852385562542993,0.44759299821471377,
comp_pct,top 19%,2025-05-05,74.90448901623687,B,0.18186670808893313,0.49461040790631206,
comp_pct,top 19%,2025-05-06,74.82091690544412,B,0.20138861739807878,0.4923131572906423,
comp_pct,top 19%,2025-05-07,75.01193887297039,B,0.2189783993247496,0.5228363076787408,
comp_pct,top 19%,2025-05-08,74.23591212989493,B,0.1925856138952251,0.5029847774948346,
comp_pct,top 19%,2025-05-09,71.84813753581662,B,0.17099762047525568,0.4925609978380603,
comp_pct,top 19%,2025-05-12,70.63634192932187,B,0.17289275667226578,0.4624115640526145,
comp_pct,top 19%,2025-05-13,69.77674307545368,B,0.14865781966521352,0.4403268279494428,
comp_pct,top 19%,2025-05-14,68.4694364851958,B,0.15515775194059334,0.3908143330967879,
comp_pct,top 19%,2025-05-19,69.38276026743075,B,0.1808869113425451,0.4141622873383972,
comp_pct,top 19%,2025-05-20,69.21561604584527,B,0.1886266302127959,0.40139867782462413,
comp_pct,top 19%,2025-05-21,67.07855778414518,B,0.16611149418380222,0.38660858786731267,
comp_pct,top 19%,2025-05-22,67.37702960840497,B,0.17895409145051633,0.39522503855252733,
comp_pct,top 19%,2025-05-26,70.39159503342884,B,0.18626898482025234,0.3802640939487607,
comp_pct,top 19%,2025-05-27,71.26313276026742,B,0.16312319070017933,0.35997675184087097,
comp_pct,top 19%,2025-05-28,71.43027698185293,B,0.1679154797533624,0.34871778608321424,
comp_pct,top 19%,2025-05-29,71.47206303724928,B,0.15971417776822983,0.387175069801442,
comp_pct,top 19%,2025-06-02,72.11079274116523,B,0.20685267158300613,0.37059066060868173,
comp_pct,top 19%,2025-06-03,71.06017191977077,B,0.19947385717965216,0.3540980237888476,
comp_pct,top 19%,2025-06-13,67.1919770773639,B,0.1284899458862927,0.3281376409529497,
comp_pct,top 19%,2025-06-19,67.90234001910218,B,0.1855780521140371,0.36945493892943126,
comp_pct,top 19%,2025-06-20,67.1919770773639,B,0.19911979634822097,0.35650426495937415,
comp_pct,top 19%,2025-06-23,69.13204393505254,B,0.20914665642933694,0.37000637828403105,
comp_pct,top 9%,2018-02-06,79.66809933142312,C,0.026365526115713633,0.09062551352642045,0.004353874103255606
comp_pct,top 9%,2018-02-07,77.51910219675263,C,0.006819435442619204,0.07147641909665348,-0.0010101135823756824
comp_pct,top 9%,2018-02-08,78.03844317096465,C,0.004342288887756229,0.050248134699107494,0.0021896435969570582
comp_pct,top 9%,2018-02-09,82.07975167144221,C,0.03795078344009961,0.07849453333789236,0.021182541369770158
comp_pct,top 9%,2018-02-12,81.6678605539637,C,0.025721573208842274,0.059577677271069884,0.0037237315465352694
comp_pct,top 9%,2018-02-22,76.08643744030563,C,0.0067897858928711585,0.0413270393387557,-0.012385634400292167
comp_pct,top 9%,2018-03-02,76.02077363896848,C,-0.0049291798104019735,0.053691849417838,-0.012289309528645376
comp_pct,top 9%,2018-03-05,76.9878223495702,C,0.007430365151088303,0.06827685300540987,-0.008040521877441642
comp_pct,top 9%,2018-10-05,78.11604584527221,C,-0.11264215552431778,0.0025815352435833994,0.10521434970939825
comp_pct,top 9%,2018-10-08,80.52172874880611,C,-0.11626493124139936,0.00739599618059783,0.10807445493947943
comp_pct,top 9%,2018-10-09,80.09192932187202,C,-0.1327325300586356,0.013659442016524359,0.10911862223767388
comp_pct,top 9%,2018-10-11,86.7836676217765,C,-0.04457386263999186,0.09360265836626769,0.19294694466754136
comp_pct,top 9%,2018-10-12,85.33309455587391,C,-0.07994985746053784,0.06577174140072373,0.1586510652286761
comp_pct,top 9%,2018-10-15,85.61365807067813,C,-0.053030401970719176,0.07655869491359257,0.174368436707367
comp_pct,top 9%,2018-10-16,85.2196752626552,C,-0.056746329600292356,0.07650173202167498,0.17813249073271797
comp_pct,top 9%,2018-10-17,84.6764565425024,C,-0.049118383056514725,0.07384714276845972,0.17992251544385418
comp_pct,top 9%,2018-10-18,85.45845272206304,C,-0.05243225944755214,0.08179802315226858,0.18364908308412398
comp_pct,top 9%,2018-10-19,85.30921680993313,C,-0.046027617917984265,0.08170217555541681,0.20894592394830513
comp_pct,top 9%,2018-10-22,85.518147086915,C,-0.04608596646807295,0.0856712354452307,0.21966270147480804
comp_pct,top 9%,2018-10-23,86.96275071633238,C,-0.028295909024674493,0.09332108643389181,0.2484267437356904
comp_pct,top 9%,2018-10-24,85.55993314231137,C,-0.018733807693830373,0.10292711784683028,0.2473550383721541
comp_pct,top 9%,2018-10-25,89.73853868194841,C,0.013245105951842806,0.13068315867009805,0.27461406041402037
comp_pct,top 9%,2018-10-26,89.59527220630372,C,0.012537983056239987,0.1349174903037742,0.2569978346920716
comp_pct,top 9%,2018-10-29,89.42215854823304,C,0.0030958930630891057,0.1398819006419112,0.2628575531469548
comp_pct,top 9%,2018-10-30,89.11174785100286,C,0.005205332865470869,0.11719649241217445,0.252002024051015
comp_pct,top 9%,2018-10-31,87.29703915950334,C,-0.002904179242801841,0.10544691722920074,0.22550051974401053
comp_pct,top 9%,2018-11-01,86.95081184336198,C,-0.011741942980713072,0.08557166953907092,0.22415059260059444
comp_pct,top 9%,2018-11-02,86.7836676217765,C,-0.023403499809303674,0.06901254273378021,0.22819210355008734
comp_pct,top 9%,2018-11-05,87.44030563514804,C,-0.020388002764134106,0.07381808286134439,0.24377174606829222
comp_pct,top 9%,2018-11-06,88.628223495702,C,-0.0066740488644547735,0.05941565168710561,0.24309241950474103
comp_pct,top 9%,2018-11-07,85.33906399235912,C,-0.005166487120760843,0.04743505376962154,0.22680314798315604
comp_pct,top 9%,2018-11-08,83.96609360076408,C,-0.012805489453504015,0.04276508999544815,0.22046099491048254
comp_pct,top 9%,2018-11-09,84.83763132760267,C,-0.0027949161824754043,0.04756232400304761,0.23760101976958303
comp_pct,top 9%,2018-11-12,84.61079274116523,C,-0.007995796804196487,0.03430169373002134,0.23776010355829746
comp_pct,top 9%,2018-11-13,85.33906399235912,C,0.011607552486242234,0.04570669833061358,0.25692869288213727
comp_pct,top 9%,2018-11-14,84.33022922636103,C,0.0063386905158400175,0.04499274902875161,0.24950554710758155
comp_pct,top 9%,2018-11-15,84.11532951289398,C,0.014389701628792384,0.04162614648642782,0.2260512906005947
comp_pct,top 9%,2018-11-16,84.5212511938873,C,0.03300694705729179,0.030997272092635475,0.24383942643390566
comp_pct,top 9%,2018-11-19,84.00787965616045,C,0.034358218295419185,0.03973488507731693,0.24789421640309794
comp_pct,top 9%,2018-11-20,84.9570200573066,C,0.05134594653759672,0.046597832246755955,0.2545990268630849
comp_pct,top 9%,2018-11-21,84.03175740210123,C,0.05405945593200556,0.0459198862021879,0.271017205963906
comp_pct,top 9%,2018-11-22,83.2437917860554,C,0.058954342039912566,0.04668045234780105,0.27980509054432967
comp_pct,top 9%,2018-11-23,84.63467048710602,C,0.052889968294118406,0.05904720977156752,0.2923308579252202
comp_pct,top 9%,2018-11-26,82.54536771728748,C,0.03912058742802804,0.06213701535300076,0.269878702417891
comp_pct,top 9%,2018-11-27,81.6559216809933,C,0.043198787472361166,0.06488984489584593,0.28180290947120556
comp_pct,top 9%,2018-11-28,81.13061127029609,C,0.02764578217205549,0.046415393118165005,0.2960298679982196
comp_pct,top 9%,2018-11-29,81.62607449856733,C,0.016947224369837866,0.04772351794508567,0.3076767790214725
comp_pct,top 9%,2018-11-30,81.60816618911174,C,0.022937543029247554,0.04375912745211741,0.31211072786964
comp_pct,top 9%,2018-12-03,78.1220152817574,C,0.010717762546049503,0.03426818385213459,0.29512970547922546
comp_pct,top 9%,2018-12-04,78.15783190066857,C,0.015845302818219054,0.04614918691076353,0.3048972153551561
comp_pct,top 9%,2018-12-05,80.15162368672398,C,0.0363773797969813,0.07202193199002505,0.3246745594782383
comp_pct,top 9%,2018-12-06,83.73925501432664,C,0.0653181188191414,0.0852241872909214,0.3423232068631368
comp_pct,top 9%,2018-12-07,82.80205348615091,C,0.06720860039821197,0.07814053654657549,0.33885281897257213
comp_pct,top 9%,2018-12-10,84.41977077363897,C,0.08569769378197711,0.08985220889580092,0.35753427150463657
comp_pct,top 9%,2018-12-11,82.81996179560649,C,0.07839181705623277,0.08388682064254716,0.34875947817427644
comp_pct,top 9%,2018-12-12,80.09192932187202,C,0.07091132722382953,0.09255923626954887,0.3284039665039449
comp_pct,top 9%,2018-12-13,79.61437440305635,C,0.07220994002542769,0.0924787894494854,0.3355207920166965
comp_pct,top 9%,2018-12-14,80.37249283667622,C,0.06930889221211878,0.10625259886916805,0.34959904266231434
comp_pct,top 9%,2018-12-17,80.121776504298,C,0.06764861103527253,0.10226380924406153,0.32730009778821145
comp_pct,top 9%,2018-12-18,80.86795606494746,C,0.07481135772137715,0.10561774912892163,0.34842385574473167
comp_pct,top 9%,2018-12-19,79.38753581661891,C,0.06631477931361496,0.09144436817190016,0.3377643209948187
comp_pct,top 9%,2018-12-20,81.35148042024832,C,0.08732120597220816,0.11960405277786501,0.3355973000892616
comp_pct,top 9%,2018-12-21,80.43218720152817,C,0.0947493115160698,0.1091448669895414,0.32878515698001887
comp_pct,top 9%,2018-12-24,80.99928366762177,C,0.1062174439530712,0.14072208367021477,0.3314156576907372
comp_pct,top 9%,2018-12-25,88.39541547277936,C,0.12046682907871964,0.15261996435608993,0.3668944377405612
comp_pct,top 9%,2018-12-26,89.6251193887297,C,0.13402708359468374,0.1424375235215276,0.375559663798966
comp_pct,top 9%,2018-12-27,85.39278892072589,C,0.11823035041057395,0.12647308226005416,0.35776483160175454
comp_pct,top 9%,2018-12-28,84.58094555873926,C,0.11293082533170495,0.11839301247577394,0.3579355374184454
comp_pct,top 9%,2019-01-02,88.03127984718242,C,0.12985030952871557,0.13611564447670377,0.37048368690087385
comp_pct,top 9%,2019-01-03,86.09121298949378,C,0.1399298633647139,0.14555241984897638,0.37931017588976856
comp_pct,top 9%,2019-01-04,82.58715377268386,C,0.16879679816084603,0.1737947450531201,0.40127975366742885
comp_pct,top 9%,2019-01-07,77.47134670487107,C,0.1446229233251488,0.15507914003547407,0.3737433568403612
comp_pct,top 9%,2019-01-08,76.67741165234001,C,0.15838440985297852,0.15838440985297852,0.3009829624198972
comp_pct,top 9%,2020-03-02,76.25358166189112,B,-0.040068864185248465,0.18888404537629078,0.5541351601005311
comp_pct,top 9%,2020-03-09,78.45033428844317,B,0.020384380271824654,0.1944042166905504,0.6088636784426764
comp_pct,top 9%,2020-03-10,78.59360076408787,B,0.023754277102238763,0.20626710460895015,0.6088223433168813
comp_pct,top 9%,2020-03-11,79.46513849092646,B,0.04923775493765303,0.21627549615157537,0.6023445095479092
comp_pct,top 9%,2020-03-12,83.34527220630373,B,0.09068779302447849,0.26659156988108657,0.6713029332676705
comp_pct,top 9%,2020-03-13,85.63753581661892,B,0.11666650099786602,0.2752475063960256,0.6975727212507763
comp_pct,top 9%,2020-03-16,86.18672397325693,B,0.1520052102991183,0.33433302729262815,0.7508673006332058
comp_pct,top 9%,2020-03-17,86.55682903533906,B,0.17902452640695232,0.3860829185247667,0.8143643005964674
comp_pct,top 9%,2020-03-18,86.54489016236867,B,0.19505504559509412,0.41542879706183244,0.8993862766424439
comp_pct,top 9%,2020-03-19,87.9178605539637,B,0.29686337209110514,0.5164077939611251,1.0336602042519836
comp_pct,top 9%,2020-03-20,87.9297994269341,B,0.20270298768160133,0.40540738125910214,0.8901432944114109
comp_pct,top 9%,2020-03-23,88.03724928366763,B,0.25564954570057474,0.4874232633403339,0.9588557082465938
comp_pct,top 9%,2020-03-24,86.92693409742121,B,0.19663338479863235,0.42373717510093245,0.8816999923971718
comp_pct,top 9%,2020-03-25,87.3627029608405,B,0.15875081357896703,0.3965401248494238,0.8454924517411855
comp_pct,top 9%,2020-03-26,87.25525310410697,B,0.15867875571771783,0.3752039300821861,0.8431247115799945
comp_pct,top 9%,2020-03-27,87.44627507163324,B,0.17493473078234012,0.3846607358857752,0.8535309861373921
comp_pct,top 9%,2020-03-30,87.0702005730659,B,0.17468712180205626,0.38706465976482574,0.8610036123326685
comp_pct,top 9%,2020-03-31,87.02841451766953,B,0.18056446226657852,0.3637427653680465,0.8536712453035331
comp_pct,top 9%,2020-04-01,86.28223495702005,B,0.19235822949173653,0.3662442838749911,0.8699475629038953
comp_pct,top 9%,2020-04-06,84.95105062082139,B,0.18754065408161114,0.3131703960793615,0.8573994537970031
comp_pct,top 9%,2020-04-07,84.10339063992359,B,0.17898076605270186,0.29148042320261847,0.8257126499119192
comp_pct,top 9%,2020-04-08,83.72134670487105,B,0.1827891865893414,0.2945129660096568,0.8037157574647238
comp_pct,top 9%,2020-04-09,83.33930276981853,B,0.19242916000202737,0.3034076759293547,0.808434979071168
comp_pct,top 9%,2020-04-10,82.98113658070679,B,0.1998738947250256,0.3083015008969059,0.7910711441834826
comp_pct,top 9%,2020-04-13,83.04083094555874,B,0.2112942403938638,0.31724226449648474,0.8011299567345875
comp_pct,top 9%,2020-04-14,81.69173829990449,B,0.16924032865150962,0.29718833537473954,0.7691851212774137
comp_pct,top 9%,2020-04-15,81.01122254059217,B,0.18288198195307515,0.30001764762505756,0.789722642615984
comp_pct,top 9%,2020-04-16,80.99928366762177,B,0.19616324245647432,0.3239051671051896,0.7992190561495829
comp_pct,top 9%,2020-04-17,80.29489016236867,B,0.16576586092393897,0.29522825610115366,0.7357606785334607
comp_pct,top 9%,2020-04-20,80.42024832855779,B,0.15783139319363948,0.29973613257264575,0.7434690659066914
comp_pct,top 9%,2020-04-21,82.51552053486151,B,0.20595549123391255,0.33343917670691514,0.7653753213884091
comp_pct,top 9%,2020-04-22,81.95439350525311,B,0.20409430902740722,0.32094191398716254,0.7500520518181322
comp_pct,top 9%,2020-04-23,80.97540592168099,B,0.22888843935283365,0.31044065380434427,0.7270235915850876
comp_pct,top 9%,2020-04-24,80.73662846227316,B,0.23200108514872664,0.32724927657683445,0.7422899254832485
comp_pct,top 9%,2020-04-27,83.59001910219675,B,0.20615574391111124,0.2933994860898279,0.738011347141861
comp_pct,top 9%,2020-04-28,83.05276981852913,B,0.20188514095597987,0.29278918077388116,0.7261671061763577
comp_pct,top 9%,2020-04-29,82.36031518624642,B,0.24313609691937832,0.27683204855653254,0.638508544204367
comp_pct,top 9%,2020-04-30,81.79918815663801,B,0.22049905888554577,0.24995151321618003,0.557668905682122
comp_pct,top 9%,2020-05-05,83.62583572110792,B,0.25666600751347857,0.2741781854861409,0.5913372084887794
comp_pct,top 9%,2020-05-06,83.44675262655204,B,0.25214516260266984,0.26662096762572896,0.5592329668417597
comp_pct,top 9%,2020-05-07,82.2528653295129,B,0.22529570408434196,0.24751924257288627,0.623916710119639
comp_pct,top 9%,2020-05-08,80.90974212034384,B,0.23355663021200335,0.2299741202993164,0.6033089122481878
comp_pct,top 9%,2020-05-11,79.75764087870105,B,0.23524691510354745,0.2245879500766279,0.5792215917648731
comp_pct,top 9%,2020-05-12,80.22325692454632,B,0.2631260124317196,0.25353884239700775,0.6206645319269166
comp_pct,top 9%,2020-05-13,79.35171919770774,B,0.2504187421338293,0.26834159227608567,0.6134164464568106
comp_pct,top 9%,2020-05-14,82.31255969436485,B,0.2769169600667778,0.28235829722192385,0.6605848250953779
comp_pct,top 9%,2020-05-15,81.33954154727793,B,0.2589314873669182,0.28175543750157117,0.6509207768431209
comp_pct,top 9%,2020-05-18,82.12750716332378,B,0.25075346010662525,0.3095055597908578,0.6530601942301075
comp_pct,top 9%,2020-05-19,79.03533906399237,B,0.2515780391297635,0.28579372295175154,0.6658842065401447
comp_pct,top 9%,2020-05-20,78.32497612225406,B,0.256076384671895,0.3071607121362523,0.6838383200467661
comp_pct,top 9%,2020-05-21,77.00573065902579,B,0.2587835050641343,0.2969283948777426,0.6771976976370941
comp_pct,top 9%,2020-05-22,78.68314231136581,B,0.2750191457056361,0.326626937827879,0.7085374687621262
comp_pct,top 9%,2020-05-25,79.18457497612225,B,0.25757357594345276,0.3607126710179347,0.6960513233382661
comp_pct,top 9%,2020-05-26,78.09216809933142,B,0.19989229736553837,0.35494788302298397,0.669050179315138
comp_pct,top 9%,2020-05-27,77.91308500477554,B,0.22758574460714454,0.36551017759716675,0.6752997401304817
comp_pct,top 9%,2020-05-28,78.47421203438395,B,0.23850972327011055,0.37125011099253924,0.6754697910945089
comp_pct,top 9%,2020-05-29,78.16380133715377,B,0.23925239331450943,0.3597188719139939,0.6513788701014529
comp_pct,top 9%,2020-06-01,76.74307545367718,B,0.2374296261843074,0.36971465805265047,0.6680837596919669
comp_pct,top 9%,2020-06-02,75.90138490926456,B,0.23457864699923836,0.35679674126090544,0.6662938068324453
comp_pct,top 9%,2020-06-15,77.91905444126074,B,0.18440468686277134,0.370806807809386,0.6201291942320335
comp_pct,top 9%,2022-06-17,75.6984240687679,A,-0.0280798927017466,-0.02892205592324426,0.11134948226093888
comp_pct,top 9%,2022-06-20,77.47731614135625,A,-0.014052529107055012,-0.025951832509345074,0.12199257665497831
comp_pct,top 9%,2022-06-22,77.45940783190065,A,-0.030302060013409404,-0.020507090716647247,0.14088712983937746
comp_pct,top 9%,2022-06-23,78.83834765998088,A,-0.02836530873478471,-0.01671079864632985,0.15460428535117843
comp_pct,top 9%,2022-06-24,78.05635148042023,A,-0.03472849619108265,-0.023098572935810746,0.1266165297789732
comp_pct,top 9%,2022-06-27,76.81470869149953,A,-0.04865945524187831,-0.033932685487303216,0.098814228968648
comp_pct,top 9%,2022-06-28,76.52817574021012,A,-0.047598334426027566,-0.023809515284172744,0.10719026235761997
comp_pct,top 9%,2022-06-29,77.31614135625597,A,-0.05114767073518156,-0.03187075980716947,0.1318407541635087
comp_pct,top 9%,2022-06-30,81.56041069723017,A,-0.035794807297710896,-0.01250263748404179,0.1634099171770742
comp_pct,top 9%,2022-07-01,83.63777459407831,A,-0.017763971362361297,0.006415542938499774,0.22126343672737403
comp_pct,top 9%,2022-07-04,84.01981852913084,A,-0.009363984920747526,0.020585495870667048,0.24614697727136625
comp_pct,top 9%,2022-07-05,83.42884431709646,A,-0.03490394854130252,0.03249225685664214,0.23762834163985924
comp_pct,top 9%,2022-07-06,84.18696275071633,A,-0.019114227675693596,0.035119597320757645,0.2596486794959212
comp_pct,top 9%,2022-07-07,83.86461318051576,A,-0.0607175421488243,0.008741326442600394,0.21276747343078495
comp_pct,top 9%,2022-07-08,83.17215854823306,A,-0.0814896001524793,0.002991860448732009,0.2060469458615224
comp_pct,top 9%,2022-07-11,82.82593123209168,A,-0.04973164014098519,-0.002580953542683395,0.1965658773316017
comp_pct,top 9%,2022-07-12,83.76313276026744,A,-0.003548223194422051,0.017356362273995396,0.22653903045513868
comp_pct,top 9%,2022-07-13,83.39302769818528,A,-0.031073984434876634,-0.011336609498256767,0.19926692753479625
comp_pct,top 9%,2022-07-14,81.9484240687679,A,-0.051819538417762434,-0.011195897501659946,0.1902390467480084
comp_pct,top 9%,2022-07-15,80.99928366762177,A,-0.11260112445138404,-0.02624041772170793,0.18392373678974638
comp_pct,top 9%,2022-07-18,79.22039159503342,A,-0.12087320863431938,-0.023484933307676314,0.17874017541557996
comp_pct,top 9%,2022-07-19,78.24140401146133,A,-0.13216174215230803,-0.01995634924974443,0.17134279035551603
comp_pct,top 9%,2022-07-20,77.16093600764088,A,-0.11299867800498775,0.008490454056727659,0.16957953599582698
comp_pct,top 9%,2022-08-02,81.19030563514804,A,-0.1432281613667804,0.05304000497206274,0.11959510660318529
comp_pct,top 9%,2022-08-03,79.59646609360077,A,-0.159139873202906,0.0642908265956168,0.10705281554239998
comp_pct,top 9%,2022-08-04,78.5697230181471,A,-0.15015014211447797,0.061551287954719536,0.10909890648403775
comp_pct,top 9%,2022-09-01,76.57593123209169,A,-0.006947662208620642,0.07712144416623445,0.14375547812913436
comp_pct,top 9%,2022-09-02,76.43863419293218,A,0.013169471442834091,0.07996525971625656,0.15995124046064912
comp_pct,top 9%,2022-09-05,76.86843361986628,A,0.019272729716212744,0.07670421044027087,0.1451414114510441
comp_pct,top 9%,2022-09-06,76.10434574976122,A,0.030026160035447447,0.0527679312884588,0.13270077790526047
comp_pct,top 9%,2022-09-07,77.76981852913084,A,0.0454547264373788,0.08265855477476536,0.1534858314720502
comp_pct,top 9%,2022-09-28,78.86222540592169,A,0.06983367644710436,0.1813521122519406,0.2513393129577197
comp_pct,top 9%,2022-09-29,78.63538681948424,A,0.05529066332355792,0.17944520025266164,0.2485915946215953
comp_pct,top 9%,2022-09-30,79.57855778414518,A,0.07394886171975146,0.19597703134894617,0.2691012424269188
comp_pct,top 9%,2022-10-03,80.28295128939828,A,0.09197659668876468,0.21060481097388983,0.2668589450695187
comp_pct,top 9%,2022-10-04,77.96680993314232,A,0.0496182853076339,0.17910714979419273,0.23592404199742312
comp_pct,top 9%,2022-10-05,76.59980897803247,A,0.020979023727002,0.1493118462106744,0.21301118367796046
comp_pct,top 9%,2022-10-06,76.17597898758356,A,0.020370363288375604,0.13138928417258922,0.18969819351294892
comp_pct,top 9%,2022-10-07,78.18767908309457,A,0.04284378613783435,0.1616378807444523,0.21083946527315334
comp_pct,top 9%,2022-10-11,81.99617956064947,A,0.09731892738345582,0.22203752411833677,0.279548211269222
comp_pct,top 9%,2022-10-12,81.75740210124164,A,0.11077841817942446,0.22405340733820922,0.2605664519173705
comp_pct,top 9%,2022-10-13,83.78701050620822,A,0.1292929781418508,0.22959515421656573,0.2816098643021594
comp_pct,top 9%,2022-10-14,81.62010506208213,A,0.1369661228784489,0.193682117852652,0.24269141650372772
comp_pct,top 9%,2022-10-17,82.49164278892073,A,0.16308166982125916,0.21330454338916915,0.2574919184296909
comp_pct,top 9%,2022-10-18,81.14255014326648,A,0.1508406632862218,0.1949519433389868,0.24934479179615554
comp_pct,top 9%,2022-10-19,80.91571155682905,A,0.16140341003866965,0.19523575816972594,0.29485442007591955
comp_pct,top 9%,2022-10-20,80.71275071633238,A,0.18145153649879808,0.19670874010216965,0.3119689431446544
comp_pct,top 9%,2022-10-21,81.39326647564471,A,0.19413544911621883,0.19930476370753025,0.32748728253837345
comp_pct,top 9%,2022-10-24,82.682664756447,A,0.19776889168830336,0.21747236461508113,0.33100030741127906
comp_pct,top 9%,2022-10-25,90.54441260744986,A,0.27628810372418844,0.2445659625718395,0.3646624107816141
comp_pct,top 9%,2022-10-26,88.68194842406876,A,0.2393754200475584,0.22785106821408263,0.35260987822312817
comp_pct,top 9%,2022-10-27,86.87320916905443,A,0.2290786852330995,0.21358597799481127,0.3282423477491412
comp_pct,top 9%,2022-10-28,87.4761222540592,A,0.26571684478557556,0.23224333247304152,0.3659234441517307
comp_pct,top 9%,2022-10-31,86.81948424068767,A,0.24910450723134026,0.2238126870467647,0.3511380919119549
comp_pct,top 9%,2022-11-01,85.28533906399235,A,0.2242409927352189,0.2206478275856203,0.359822002157524
comp_pct,top 9%,2022-11-02,84.70033428844317,A,0.21678787455293547,0.20451775180872,0.35490156296767883
comp_pct,top 9%,2022-11-03,83.10649474689589,A,0.25198009351001427,0.21779277902101768,0.37695169787937166
comp_pct,top 9%,2022-11-04,81.99617956064947,A,0.25059751386140916,0.21232439436622608,0.37433739253639975
comp_pct,top 9%,2022-11-07,79.42932187201528,A,0.23047039285427173,0.19182743205670816,0.3676097191146068
comp_pct,top 9%,2022-11-08,76.2714899713467,A,0.21523788996447357,0.19360011840447977,0.34122284483023235
comp_pct,top 9%,2022-11-09,76.1222540592168,A,0.19031998571987097,0.17955681428903403,0.3035058991436037
comp_pct,top 9%,2022-11-10,77.29823304680038,A,0.17415850300634994,0.2067602355564495,0.3150976340926508
comp_pct,top 9%,2022-11-11,76.2774594078319,A,0.12851432113605243,0.14915211797286565,0.24064951085394792
comp_pct,top 9%,2022-11-14,79.72182425978987,A,0.10384696580232178,0.13684619071574255,0.2378588606801988
comp_pct,top 9%,2022-11-15,81.83500477554918,A,0.06084384841816637,0.08937067636153273,0.1862314216190888
comp_pct,top 9%,2022-11-16,81.33357211079274,A,0.06225017989881487,0.08591540430763334,0.19011566895673404
comp_pct,top 9%,2022-11-17,77.85936007640878,A,0.05018227429400435,0.09838448360178886,0.1936716066377835
comp_pct,top 9%,2022-11-18,76.5639923591213,A,0.06860202830586104,0.1272229922078243,0.19226572456432112
comp_pct,top 9%,2022-12-13,76.128223495702,A,0.09013704586716131,0.17714970611791325,0.24191340187794652
comp_pct,top 9%,2025-04-08,76.4207258834766,B,0.2873083254519151,0.5297905405288605,1.2431071697636633
comp_pct,top 9%,2025-04-09,78.07425978987584,B,0.33679897743549225,0.5773846284047734,1.362450172683535
comp_pct,top 9%,2025-04-10,77.05945558739255,B,0.20820891248205098,0.447942393351791,1.184785472819586
comp_pct,top 9%,2025-04-11,76.99976122254058,B,0.17532648941886575,0.42228840619979024,1.143684133668275
comp_pct,top 9%,2025-04-14,77.16093600764088,B,0.19364693090571872,0.456741597046028,1.1548152687120408
comp_pct,top 9%,2025-04-15,75.77005730659026,B,0.1952827079526871,0.462912237174401,1.2222520451114343
comp_pct,top 9%,2025-04-16,76.128223495702,B,0.22254394321516768,0.5308843354586052,1.3400603266855597
comp_pct,top 9%,2025-04-22,75.853629417383,B,0.30041690415341327,0.5678799741315979,1.4780048635154008
comp_pct,top 5%,2018-02-09,82.07975167144221,C,0.03795078344009961,0.07849453333789236,0.021182541369770158
comp_pct,top 5%,2018-02-12,81.6678605539637,C,0.025721573208842274,0.059577677271069884,0.0037237315465352694
comp_pct,top 5%,2018-10-11,86.7836676217765,C,-0.04457386263999186,0.09360265836626769,0.19294694466754136
comp_pct,top 5%,2018-10-12,85.33309455587391,C,-0.07994985746053784,0.06577174140072373,0.1586510652286761
comp_pct,top 5%,2018-10-15,85.61365807067813,C,-0.053030401970719176,0.07655869491359257,0.174368436707367
comp_pct,top 5%,2018-10-16,85.2196752626552,C,-0.056746329600292356,0.07650173202167498,0.17813249073271797
comp_pct,top 5%,2018-10-17,84.6764565425024,C,-0.049118383056514725,0.07384714276845972,0.17992251544385418
comp_pct,top 5%,2018-10-18,85.45845272206304,C,-0.05243225944755214,0.08179802315226858,0.18364908308412398
comp_pct,top 5%,2018-10-19,85.30921680993313,C,-0.046027617917984265,0.08170217555541681,0.20894592394830513
comp_pct,top 5%,2018-10-22,85.518147086915,C,-0.04608596646807295,0.0856712354452307,0.21966270147480804
comp_pct,top 5%,2018-10-23,86.96275071633238,C,-0.028295909024674493,0.09332108643389181,0.2484267437356904
comp_pct,top 5%,2018-10-24,85.55993314231137,C,-0.018733807693830373,0.10292711784683028,0.2473550383721541
comp_pct,top 5%,2018-10-25,89.73853868194841,C,0.013245105951842806,0.13068315867009805,0.27461406041402037
comp_pct,top 5%,2018-10-26,89.59527220630372,C,0.012537983056239987,0.1349174903037742,0.2569978346920716
comp_pct,top 5%,2018-10-29,89.42215854823304,C,0.0030958930630891057,0.1398819006419112,0.2628575531469548
comp_pct,top 5%,2018-10-30,89.11174785100286,C,0.005205332865470869,0.11719649241217445,0.252002024051015
comp_pct,top 5%,2018-10-31,87.29703915950334,C,-0.002904179242801841,0.10544691722920074,0.22550051974401053
comp_pct,top 5%,2018-11-01,86.95081184336198,C,-0.011741942980713072,0.08557166953907092,0.22415059260059444
comp_pct,top 5%,2018-11-02,86.7836676217765,C,-0.023403499809303674,0.06901254273378021,0.22819210355008734
comp_pct,top 5%,2018-11-05,87.44030563514804,C,-0.020388002764134106,0.07381808286134439,0.24377174606829222
comp_pct,top 5%,2018-11-06,88.628223495702,C,-0.0066740488644547735,0.05941565168710561,0.24309241950474103
comp_pct,top 5%,2018-11-07,85.33906399235912,C,-0.005166487120760843,0.04743505376962154,0.22680314798315604
comp_pct,top 5%,2018-11-08,83.96609360076408,C,-0.012805489453504015,0.04276508999544815,0.22046099491048254
comp_pct,top 5%,2018-11-09,84.83763132760267,C,-0.0027949161824754043,0.04756232400304761,0.23760101976958303
comp_pct,top 5%,2018-11-12,84.61079274116523,C,-0.007995796804196487,0.03430169373002134,0.23776010355829746
comp_pct,top 5%,2018-11-13,85.33906399235912,C,0.011607552486242234,0.04570669833061358,0.25692869288213727
comp_pct,top 5%,2018-11-14,84.33022922636103,C,0.0063386905158400175,0.04499274902875161,0.24950554710758155
comp_pct,top 5%,2018-11-15,84.11532951289398,C,0.014389701628792384,0.04162614648642782,0.2260512906005947
comp_pct,top 5%,2018-11-16,84.5212511938873,C,0.03300694705729179,0.030997272092635475,0.24383942643390566
comp_pct,top 5%,2018-11-19,84.00787965616045,C,0.034358218295419185,0.03973488507731693,0.24789421640309794
comp_pct,top 5%,2018-11-20,84.9570200573066,C,0.05134594653759672,0.046597832246755955,0.2545990268630849
comp_pct,top 5%,2018-11-21,84.03175740210123,C,0.05405945593200556,0.0459198862021879,0.271017205963906
comp_pct,top 5%,2018-11-22,83.2437917860554,C,0.058954342039912566,0.04668045234780105,0.27980509054432967
comp_pct,top 5%,2018-11-23,84.63467048710602,C,0.052889968294118406,0.05904720977156752,0.2923308579252202
comp_pct,top 5%,2018-11-26,82.54536771728748,C,0.03912058742802804,0.06213701535300076,0.269878702417891
comp_pct,top 5%,2018-11-27,81.6559216809933,C,0.043198787472361166,0.06488984489584593,0.28180290947120556
comp_pct,top 5%,2018-12-06,83.73925501432664,C,0.0653181188191414,0.0852241872909214,0.3423232068631368
comp_pct,top 5%,2018-12-07,82.80205348615091,C,0.06720860039821197,0.07814053654657549,0.33885281897257213
comp_pct,top 5%,2018-12-10,84.41977077363897,C,0.08569769378197711,0.08985220889580092,0.35753427150463657
comp_pct,top 5%,2018-12-11,82.81996179560649,C,0.07839181705623277,0.08388682064254716,0.34875947817427644
comp_pct,top 5%,2018-12-25,88.39541547277936,C,0.12046682907871964,0.15261996435608993,0.3668944377405612
comp_pct,top 5%,2018-12-26,89.6251193887297,C,0.13402708359468374,0.1424375235215276,0.375559663798966
comp_pct,top 5%,2018-12-27,85.39278892072589,C,0.11823035041057395,0.12647308226005416,0.35776483160175454
comp_pct,top 5%,2018-12-28,84.58094555873926,C,0.11293082533170495,0.11839301247577394,0.3579355374184454
comp_pct,top 5%,2019-01-02,88.03127984718242,C,0.12985030952871557,0.13611564447670377,0.37048368690087385
comp_pct,top 5%,2019-01-03,86.09121298949378,C,0.1399298633647139,0.14555241984897638,0.37931017588976856
comp_pct,top 5%,2019-01-04,82.58715377268386,C,0.16879679816084603,0.1737947450531201,0.40127975366742885
comp_pct,top 5%,2020-03-12,83.34527220630373,B,0.09068779302447849,0.26659156988108657,0.6713029332676705
comp_pct,top 5%,2020-03-13,85.63753581661892,B,0.11666650099786602,0.2752475063960256,0.6975727212507763
comp_pct,top 5%,2020-03-16,86.18672397325693,B,0.1520052102991183,0.33433302729262815,0.7508673006332058
comp_pct,top 5%,2020-03-17,86.55682903533906,B,0.17902452640695232,0.3860829185247667,0.8143643005964674
comp_pct,top 5%,2020-03-18,86.54489016236867,B,0.19505504559509412,0.41542879706183244,0.8993862766424439
comp_pct,top 5%,2020-03-19,87.9178605539637,B,0.29686337209110514,0.5164077939611251,1.0336602042519836
comp_pct,top 5%,2020-03-20,87.9297994269341,B,0.20270298768160133,0.40540738125910214,0.8901432944114109
comp_pct,top 5%,2020-03-23,88.03724928366763,B,0.25564954570057474,0.4874232633403339,0.9588557082465938
comp_pct,top 5%,2020-03-24,86.92693409742121,B,0.19663338479863235,0.42373717510093245,0.8816999923971718
comp_pct,top 5%,2020-03-25,87.3627029608405,B,0.15875081357896703,0.3965401248494238,0.8454924517411855
comp_pct,top 5%,2020-03-26,87.25525310410697,B,0.15867875571771783,0.3752039300821861,0.8431247115799945
comp_pct,top 5%,2020-03-27,87.44627507163324,B,0.17493473078234012,0.3846607358857752,0.8535309861373921
comp_pct,top 5%,2020-03-30,87.0702005730659,B,0.17468712180205626,0.38706465976482574,0.8610036123326685
comp_pct,top 5%,2020-03-31,87.02841451766953,B,0.18056446226657852,0.3637427653680465,0.8536712453035331
comp_pct,top 5%,2020-04-01,86.28223495702005,B,0.19235822949173653,0.3662442838749911,0.8699475629038953
comp_pct,top 5%,2020-04-06,84.95105062082139,B,0.18754065408161114,0.3131703960793615,0.8573994537970031
comp_pct,top 5%,2020-04-07,84.10339063992359,B,0.17898076605270186,0.29148042320261847,0.8257126499119192
comp_pct,top 5%,2020-04-08,83.72134670487105,B,0.1827891865893414,0.2945129660096568,0.8037157574647238
comp_pct,top 5%,2020-04-09,83.33930276981853,B,0.19242916000202737,0.3034076759293547,0.808434979071168
comp_pct,top 5%,2020-04-10,82.98113658070679,B,0.1998738947250256,0.3083015008969059,0.7910711441834826
comp_pct,top 5%,2020-04-13,83.04083094555874,B,0.2112942403938638,0.31724226449648474,0.8011299567345875
comp_pct,top 5%,2020-04-14,81.69173829990449,B,0.16924032865150962,0.29718833537473954,0.7691851212774137
comp_pct,top 5%,2020-04-21,82.51552053486151,B,0.20595549123391255,0.33343917670691514,0.7653753213884091
comp_pct,top 5%,2020-04-22,81.95439350525311,B,0.20409430902740722,0.32094191398716254,0.7500520518181322
comp_pct,top 5%,2020-04-27,83.59001910219675,B,0.20615574391111124,0.2933994860898279,0.738011347141861
comp_pct,top 5%,2020-04-28,83.05276981852913,B,0.20188514095597987,0.29278918077388116,0.7261671061763577
comp_pct,top 5%,2020-04-29,82.36031518624642,B,0.24313609691937832,0.27683204855653254,0.638508544204367
comp_pct,top 5%,2020-04-30,81.79918815663801,B,0.22049905888554577,0.24995151321618003,0.557668905682122
comp_pct,top 5%,2020-05-05,83.62583572110792,B,0.25666600751347857,0.2741781854861409,0.5913372084887794
comp_pct,top 5%,2020-05-06,83.44675262655204,B,0.25214516260266984,0.26662096762572896,0.5592329668417597
comp_pct,top 5%,2020-05-07,82.2528653295129,B,0.22529570408434196,0.24751924257288627,0.623916710119639
comp_pct,top 5%,2020-05-14,82.31255969436485,B,0.2769169600667778,0.28235829722192385,0.6605848250953779
comp_pct,top 5%,2020-05-18,82.12750716332378,B,0.25075346010662525,0.3095055597908578,0.6530601942301075
comp_pct,top 5%,2022-07-01,83.63777459407831,A,-0.017763971362361297,0.006415542938499774,0.22126343672737403
comp_pct,top 5%,2022-07-04,84.01981852913084,A,-0.009363984920747526,0.020585495870667048,0.24614697727136625
comp_pct,top 5%,2022-07-05,83.42884431709646,A,-0.03490394854130252,0.03249225685664214,0.23762834163985924
comp_pct,top 5%,2022-07-06,84.18696275071633,A,-0.019114227675693596,0.035119597320757645,0.2596486794959212
comp_pct,top 5%,2022-07-07,83.86461318051576,A,-0.0607175421488243,0.008741326442600394,0.21276747343078495
comp_pct,top 5%,2022-07-08,83.17215854823306,A,-0.0814896001524793,0.002991860448732009,0.2060469458615224
comp_pct,top 5%,2022-07-11,82.82593123209168,A,-0.04973164014098519,-0.002580953542683395,0.1965658773316017
comp_pct,top 5%,2022-07-12,83.76313276026744,A,-0.003548223194422051,0.017356362273995396,0.22653903045513868
comp_pct,top 5%,2022-07-13,83.39302769818528,A,-0.031073984434876634,-0.011336609498256767,0.19926692753479625
comp_pct,top 5%,2022-07-14,81.9484240687679,A,-0.051819538417762434,-0.011195897501659946,0.1902390467480084
comp_pct,top 5%,2022-10-11,81.99617956064947,A,0.09731892738345582,0.22203752411833677,0.279548211269222
comp_pct,top 5%,2022-10-12,81.75740210124164,A,0.11077841817942446,0.22405340733820922,0.2605664519173705
comp_pct,top 5%,2022-10-13,83.78701050620822,A,0.1292929781418508,0.22959515421656573,0.2816098643021594
comp_pct,top 5%,2022-10-17,82.49164278892073,A,0.16308166982125916,0.21330454338916915,0.2574919184296909
comp_pct,top 5%,2022-10-24,82.682664756447,A,0.19776889168830336,0.21747236461508113,0.33100030741127906
comp_pct,top 5%,2022-10-25,90.54441260744986,A,0.27628810372418844,0.2445659625718395,0.3646624107816141
comp_pct,top 5%,2022-10-26,88.68194842406876,A,0.2393754200475584,0.22785106821408263,0.35260987822312817
comp_pct,top 5%,2022-10-27,86.87320916905443,A,0.2290786852330995,0.21358597799481127,0.3282423477491412
comp_pct,top 5%,2022-10-28,87.4761222540592,A,0.26571684478557556,0.23224333247304152,0.3659234441517307
comp_pct,top 5%,2022-10-31,86.81948424068767,A,0.24910450723134026,0.2238126870467647,0.3511380919119549
comp_pct,top 5%,2022-11-01,85.28533906399235,A,0.2242409927352189,0.2206478275856203,0.359822002157524
comp_pct,top 5%,2022-11-02,84.70033428844317,A,0.21678787455293547,0.20451775180872,0.35490156296767883
comp_pct,top 5%,2022-11-03,83.10649474689589,A,0.25198009351001427,0.21779277902101768,0.37695169787937166
comp_pct,top 5%,2022-11-04,81.99617956064947,A,0.25059751386140916,0.21232439436622608,0.37433739253639975
comp_pct,top 5%,2022-11-15,81.83500477554918,A,0.06084384841816637,0.08937067636153273,0.1862314216190888
comp_z,top 19%,2017-12-06,1.824748746525262,bull,0.06766025564163702,0.04736046425083895,-0.02514431112181903
comp_z,top 19%,2017-12-07,1.954168299828475,bull,0.07714433112011165,0.04798093987222085,-0.024468457041975977
comp_z,top 19%,2018-02-06,2.7188020151891843,C,0.026365526115713633,0.09062551352642045,0.004353874103255606
comp_z,top 19%,2018-02-07,2.22954382680934,C,0.006819435442619204,0.07147641909665348,-0.0010101135823756824
comp_z,top 19%,2018-02-08,2.3584995599767264,C,0.004342288887756229,0.050248134699107494,0.0021896435969570582
comp_z,top 19%,2018-02-09,3.100871561224917,C,0.03795078344009961,0.07849453333789236,0.021182541369770158
comp_z,top 19%,2018-02-12,2.9926585385637496,C,0.025721573208842274,0.059577677271069884,0.0037237315465352694
comp_z,top 19%,2018-02-21,2.0602583760287767,C,-0.001840421869489406,0.036794738767881086,-0.020995661502246188
comp_z,top 19%,2018-02-22,2.1354836366759726,C,0.0067897858928711585,0.0413270393387557,-0.012385634400292167
comp_z,top 19%,2018-03-01,1.7331948979106273,C,-0.01651379718683421,0.04904190278926657,-0.017631192921023997
comp_z,top 19%,2018-03-02,1.9867307204066562,C,-0.0049291798104019735,0.053691849417838,-0.012289309528645376
comp_z,top 19%,2018-03-05,2.103946054116634,C,0.007430365151088303,0.06827685300540987,-0.008040521877441642
comp_z,top 19%,2018-03-07,1.798903020730858,C,0.008557535954509143,0.07551985372764869,-0.007429030205786447
comp_z,top 19%,2018-04-26,1.9788806573432496,C,0.07849453333789236,0.012802725427027983,0.09351354512158072
comp_z,top 19%,2018-04-27,1.7254028928848664,C,0.07836183595434298,0.007702094346946131,0.08356688282437164
comp_z,top 19%,2018-05-03,1.7490919284529485,C,0.10012172753989113,-0.0019312332595021742,0.06076957712911146
comp_z,top 19%,2018-08-13,1.9008826959734613,C,-0.06611069809133963,-0.07093562514186713,0.0020214830440923315
comp_z,top 19%,2018-08-15,2.1266073917507717,C,-0.07104505672752248,-0.07364140793126528,-0.01110510267639242
comp_z,top 19%,2018-08-16,2.3488224391265673,C,-0.06921237786141299,-0.07665476655589443,-0.009213381545722488
comp_z,top 19%,2018-08-17,2.1890046289583664,C,-0.07830247816990754,-0.0676038258088254,-0.0006002716664691432
comp_z,top 19%,2018-08-20,2.1931895090955646,C,-0.07861819781310075,-0.07277784372211105,-0.0023136048712731894
comp_z,top 19%,2018-08-21,1.7877486287928044,C,-0.08219983594149449,-0.06899296542583588,0.006593814826629574
comp_z,top 19%,2018-09-07,1.8511469009721804,C,-0.09432876647961819,-0.07997813153073774,0.019339217908268758
comp_z,top 19%,2018-09-10,2.4896635203554016,C,-0.10872065479165083,-0.07629824754580183,0.021662558690416667
comp_z,top 19%,2018-09-11,2.4332919537047744,C,-0.1231757778082686,-0.06590326907964783,0.02765830299058014
comp_z,top 19%,2018-09-12,2.492044847655974,C,-0.11805971667479909,-0.05878574459770991,0.0221746438681103
comp_z,top 19%,2018-09-13,2.3904840835716943,C,-0.12360214510388934,-0.048496870103820755,0.03184260061262556
comp_z,top 19%,2018-09-17,1.9235957000949861,C,-0.11240528359656365,-0.04946476421953727,0.04100943945447155
comp_z,top 19%,2018-09-18,2.1400571664325034,C,-0.10655731086351117,-0.04204186786480846,0.042842623106309485
comp_z,top 19%,2018-09-19,1.7110831375689828,C,-0.12536245085775155,-0.06474229123957964,0.023504853572108297
comp_z,top 19%,2018-09-20,1.7813473424717854,C,-0.11583201131469312,-0.05601927495828163,0.030720015955806756
comp_z,top 19%,2018-10-03,1.7832279430151483,C,-0.12681796804322198,-0.02358135043275511,0.06399401191785636
comp_z,top 19%,2018-10-04,2.623833585257485,C,-0.11071857601965984,-0.01029129085740621,0.07592808485621805
comp_z,top 19%,2018-10-05,3.678236190891378,C,-0.11264215552431778,0.0025815352435833994,0.10521434970939825
comp_z,top 19%,2018-10-08,3.9930011379673056,C,-0.11626493124139936,0.00739599618059783,0.10807445493947943
comp_z,top 19%,2018-10-09,4.029219386074313,C,-0.1327325300586356,0.013659442016524359,0.10911862223767388
comp_z,top 19%,2018-10-11,6.58480405669703,C,-0.04457386263999186,0.09360265836626769,0.19294694466754136
comp_z,top 19%,2018-10-12,5.925118715348578,C,-0.07994985746053784,0.06577174140072373,0.1586510652286761
comp_z,top 19%,2018-10-15,6.213926561128731,C,-0.053030401970719176,0.07655869491359257,0.174368436707367
comp_z,top 19%,2018-10-16,5.924617661884292,C,-0.056746329600292356,0.07650173202167498,0.17813249073271797
comp_z,top 19%,2018-10-17,5.8536195732700955,C,-0.049118383056514725,0.07384714276845972,0.17992251544385418
comp_z,top 19%,2018-10-18,6.104301216200013,C,-0.05243225944755214,0.08179802315226858,0.18364908308412398
comp_z,top 19%,2018-10-19,6.15427901993012,C,-0.046027617917984265,0.08170217555541681,0.20894592394830513
comp_z,top 19%,2018-10-22,6.022847711432427,C,-0.04608596646807295,0.0856712354452307,0.21966270147480804
comp_z,top 19%,2018-10-23,6.422918025761349,C,-0.028295909024674493,0.09332108643389181,0.2484267437356904
comp_z,top 19%,2018-10-24,6.343389224172451,C,-0.018733807693830373,0.10292711784683028,0.2473550383721541
comp_z,top 19%,2018-10-25,7.150463419305364,C,0.013245105951842806,0.13068315867009805,0.27461406041402037
comp_z,top 19%,2018-10-26,7.0040778612525285,C,0.012537983056239987,0.1349174903037742,0.2569978346920716
comp_z,top 19%,2018-10-29,6.855383636648471,C,0.0030958930630891057,0.1398819006419112,0.2628575531469548
comp_z,top 19%,2018-10-30,6.7988695109737725,C,0.005205332865470869,0.11719649241217445,0.252002024051015
comp_z,top 19%,2018-10-31,6.225319615235256,C,-0.002904179242801841,0.10544691722920074,0.22550051974401053
comp_z,top 19%,2018-11-01,6.172072128814082,C,-0.011741942980713072,0.08557166953907092,0.22415059260059444
comp_z,top 19%,2018-11-02,6.047243414633133,C,-0.023403499809303674,0.06901254273378021,0.22819210355008734
comp_z,top 19%,2018-11-05,6.0735750425288115,C,-0.020388002764134106,0.07381808286134439,0.24377174606829222
comp_z,top 19%,2018-11-06,6.122487820030934,C,-0.0066740488644547735,0.05941565168710561,0.24309241950474103
comp_z,top 19%,2018-11-07,5.623546630544708,C,-0.005166487120760843,0.04743505376962154,0.22680314798315604
comp_z,top 19%,2018-11-08,5.510759824804338,C,-0.012805489453504015,0.04276508999544815,0.22046099491048254
comp_z,top 19%,2018-11-09,5.651151181143823,C,-0.0027949161824754043,0.04756232400304761,0.23760101976958303
comp_z,top 19%,2018-11-12,5.578472237139281,C,-0.007995796804196487,0.03430169373002134,0.23776010355829746
comp_z,top 19%,2018-11-13,5.72006515662253,C,0.011607552486242234,0.04570669833061358,0.25692869288213727
comp_z,top 19%,2018-11-14,5.527285391740317,C,0.0063386905158400175,0.04499274902875161,0.24950554710758155
comp_z,top 19%,2018-11-15,5.409130590985115,C,0.014389701628792384,0.04162614648642782,0.2260512906005947
comp_z,top 19%,2018-11-16,5.46312993553722,C,0.03300694705729179,0.030997272092635475,0.24383942643390566
comp_z,top 19%,2018-11-19,5.381152753604371,C,0.034358218295419185,0.03973488507731693,0.24789421640309794
comp_z,top 19%,2018-11-20,5.495069366224135,C,0.05134594653759672,0.046597832246755955,0.2545990268630849
comp_z,top 19%,2018-11-21,5.373750238119501,C,0.05405945593200556,0.0459198862021879,0.271017205963906
comp_z,top 19%,2018-11-22,5.3122520608796036,C,0.058954342039912566,0.04668045234780105,0.27980509054432967
comp_z,top 19%,2018-11-23,5.458071251170098,C,0.052889968294118406,0.05904720977156752,0.2923308579252202
comp_z,top 19%,2018-11-26,5.1763864848505134,C,0.03912058742802804,0.06213701535300076,0.269878702417891
comp_z,top 19%,2018-11-27,5.0319757723378835,C,0.043198787472361166,0.06488984489584593,0.28180290947120556
comp_z,top 19%,2018-11-28,4.854172719267022,C,0.02764578217205549,0.046415393118165005,0.2960298679982196
comp_z,top 19%,2018-11-29,4.896346781756212,C,0.016947224369837866,0.04772351794508567,0.3076767790214725
comp_z,top 19%,2018-11-30,4.845276828941124,C,0.022937543029247554,0.04375912745211741,0.31211072786964
comp_z,top 19%,2018-12-03,4.122171541911975,C,0.010717762546049503,0.03426818385213459,0.29512970547922546
comp_z,top 19%,2018-12-04,3.943737001616271,C,0.015845302818219054,0.04614918691076353,0.3048972153551561
comp_z,top 19%,2018-12-05,4.1696000051583875,C,0.0363773797969813,0.07202193199002505,0.3246745594782383
comp_z,top 19%,2018-12-06,4.617708158109282,C,0.0653181188191414,0.0852241872909214,0.3423232068631368
comp_z,top 19%,2018-12-07,4.370936854984658,C,0.06720860039821197,0.07814053654657549,0.33885281897257213
comp_z,top 19%,2018-12-10,4.579667798020297,C,0.08569769378197711,0.08985220889580092,0.35753427150463657
comp_z,top 19%,2018-12-11,4.372311410660043,C,0.07839181705623277,0.08388682064254716,0.34875947817427644
comp_z,top 19%,2018-12-12,4.004881931169939,C,0.07091132722382953,0.09255923626954887,0.3284039665039449
comp_z,top 19%,2018-12-13,3.917877431108712,C,0.07220994002542769,0.0924787894494854,0.3355207920166965
comp_z,top 19%,2018-12-14,4.029169165559696,C,0.06930889221211878,0.10625259886916805,0.34959904266231434
comp_z,top 19%,2018-12-17,3.961367972510875,C,0.06764861103527253,0.10226380924406153,0.32730009778821145
comp_z,top 19%,2018-12-18,4.0605202230445325,C,0.07481135772137715,0.10561774912892163,0.34842385574473167
comp_z,top 19%,2018-12-19,3.866137588913582,C,0.06631477931361496,0.09144436817190016,0.3377643209948187
comp_z,top 19%,2018-12-20,4.1434764008146265,C,0.08732120597220816,0.11960405277786501,0.3355973000892616
comp_z,top 19%,2018-12-21,4.060537248752542,C,0.0947493115160698,0.1091448669895414,0.32878515698001887
comp_z,top 19%,2018-12-24,4.165266979396425,C,0.1062174439530712,0.14072208367021477,0.3314156576907372
comp_z,top 19%,2018-12-25,4.795576584879241,C,0.12046682907871964,0.15261996435608993,0.3668944377405612
comp_z,top 19%,2018-12-26,4.860978676287468,C,0.13402708359468374,0.1424375235215276,0.375559663798966
comp_z,top 19%,2018-12-27,4.3594592637910585,C,0.11823035041057395,0.12647308226005416,0.35776483160175454
comp_z,top 19%,2018-12-28,4.018937046834794,C,0.11293082533170495,0.11839301247577394,0.3579355374184454
comp_z,top 19%,2019-01-02,4.837531517262498,C,0.12985030952871557,0.13611564447670377,0.37048368690087385
comp_z,top 19%,2019-01-03,4.1772676685914,C,0.1399298633647139,0.14555241984897638,0.37931017588976856
comp_z,top 19%,2019-01-04,3.50730816623738,C,0.16879679816084603,0.1737947450531201,0.40127975366742885
comp_z,top 19%,2019-01-07,2.8145893768641876,C,0.1446229233251488,0.15507914003547407,0.3737433568403612
comp_z,top 19%,2019-01-08,2.7496962948567267,C,0.15838440985297852,0.15838440985297852,0.3009829624198972
comp_z,top 19%,2019-01-09,2.4648820660372937,C,0.13684610060766134,0.14371957896934218,0.2875858140720089
comp_z,top 19%,2019-01-10,2.3976663819244295,C,0.1412642916782958,0.14884522973189762,0.27811109797523326
comp_z,top 19%,2019-01-11,2.097076632122215,C,0.1293173867639117,0.13068315867009805,0.2883016239783083
comp_z,top 19%,2019-01-14,2.081182523873519,C,0.1416577167576032,0.13684610060766134,0.3004688917089169
comp_z,top 19%,2019-01-15,1.8214679798152575,C,0.13389254853964916,0.1408231572688936,0.30987272486492445
comp_z,top 19%,2019-01-16,1.8871247842175456,C,0.13812272100187495,0.14783851877953258,0.2959749636655491
comp_z,top 19%,2019-01-17,1.7857815160272312,C,0.12515846808517206,0.15059100890506594,0.293132999291855
comp_z,top 19%,2019-01-29,1.7580747221408797,C,0.09463073288204304,0.09585271928011041,0.2817156618218395
comp_z,top 19%,2019-01-30,2.00044271125824,C,0.09616673324877212,0.08721191519403648,0.277999612544094
comp_z,top 19%,2019-02-11,1.7274631516409271,C,0.06653375005053319,0.07496716518754631,0.24846007785086233
comp_z,top 19%,2020-02-03,1.7901936436035284,B,-0.03986532758209249,0.17184346408943774,0.5111746999855031
comp_z,top 19%,2020-02-27,2.060146403823096,B,-0.048505366495819824,0.16804124815993093,0.5249596779337142
comp_z,top 19%,2020-03-02,2.278753160769155,B,-0.040068864185248465,0.18888404537629078,0.5541351601005311
comp_z,top 19%,2020-03-03,1.9474744453401973,B,-0.04683991685265365,0.18120591425220578,0.5647354043385859
comp_z,top 19%,2020-03-04,1.8354682690733852,B,-0.04820638820140444,0.17777761325254793,0.5605561083490593
comp_z,top 19%,2020-03-06,1.9721797110367605,B,-0.017543710547053504,0.17998796649294957,0.5767347008989496
comp_z,top 19%,2020-03-09,2.7504572496664945,B,0.020384380271824654,0.1944042166905504,0.6088636784426764
comp_z,top 19%,2020-03-10,2.773162049597705,B,0.023754277102238763,0.20626710460895015,0.6088223433168813
comp_z,top 19%,2020-03-11,2.99453302667636,B,0.04923775493765303,0.21627549615157537,0.6023445095479092
comp_z,top 19%,2020-03-12,4.28083976613168,B,0.09068779302447849,0.26659156988108657,0.6713029332676705
comp_z,top 19%,2020-03-13,5.434853199239514,B,0.11666650099786602,0.2752475063960256,0.6975727212507763
comp_z,top 19%,2020-03-16,6.100816379278844,B,0.1520052102991183,0.33433302729262815,0.7508673006332058
comp_z,top 19%,2020-03-17,6.647794282645474,B,0.17902452640695232,0.3860829185247667,0.8143643005964674
comp_z,top 19%,2020-03-18,6.968251946024981,B,0.19505504559509412,0.41542879706183244,0.8993862766424439
comp_z,top 19%,2020-03-19,8.235960576237423,B,0.29686337209110514,0.5164077939611251,1.0336602042519836
comp_z,top 19%,2020-03-20,7.487958476736324,B,0.20270298768160133,0.40540738125910214,0.8901432944114109
comp_z,top 19%,2020-03-23,7.774394043870774,B,0.25564954570057474,0.4874232633403339,0.9588557082465938
comp_z,top 19%,2020-03-24,7.1994975585035395,B,0.19663338479863235,0.42373717510093245,0.8816999923971718
comp_z,top 19%,2020-03-25,6.915025713009119,B,0.15875081357896703,0.3965401248494238,0.8454924517411855
comp_z,top 19%,2020-03-26,6.803462782392372,B,0.15867875571771783,0.3752039300821861,0.8431247115799945
comp_z,top 19%,2020-03-27,6.772178593645461,B,0.17493473078234012,0.3846607358857752,0.8535309861373921
comp_z,top 19%,2020-03-30,6.68959800811568,B,0.17468712180205626,0.38706465976482574,0.8610036123326685
comp_z,top 19%,2020-03-31,6.570123065256564,B,0.18056446226657852,0.3637427653680465,0.8536712453035331
comp_z,top 19%,2020-04-01,6.538098010019483,B,0.19235822949173653,0.3662442838749911,0.8699475629038953
comp_z,top 19%,2020-04-06,6.236216320169936,B,0.18754065408161114,0.3131703960793615,0.8573994537970031
comp_z,top 19%,2020-04-07,6.0351084000115796,B,0.17898076605270186,0.29148042320261847,0.8257126499119192
comp_z,top 19%,2020-04-08,5.835514249176323,B,0.1827891865893414,0.2945129660096568,0.8037157574647238
comp_z,top 19%,2020-04-09,5.744068907252136,B,0.19242916000202737,0.3034076759293547,0.808434979071168
comp_z,top 19%,2020-04-10,5.6428103623006525,B,0.1998738947250256,0.3083015008969059,0.7910711441834826
comp_z,top 19%,2020-04-13,5.577000149576138,B,0.2112942403938638,0.31724226449648474,0.8011299567345875
comp_z,top 19%,2020-04-14,5.236042397687824,B,0.16924032865150962,0.29718833537473954,0.7691851212774137
comp_z,top 19%,2020-04-15,5.073196599174559,B,0.18288198195307515,0.30001764762505756,0.789722642615984
comp_z,top 19%,2020-04-16,4.982921818428896,B,0.19616324245647432,0.3239051671051896,0.7992190561495829
comp_z,top 19%,2020-04-17,4.852086880048902,B,0.16576586092393897,0.29522825610115366,0.7357606785334607
comp_z,top 19%,2020-04-20,4.761429917316975,B,0.15783139319363948,0.29973613257264575,0.7434690659066914
comp_z,top 19%,2020-04-21,5.033486417378191,B,0.20595549123391255,0.33343917670691514,0.7653753213884091
comp_z,top 19%,2020-04-22,4.859309706068806,B,0.20409430902740722,0.32094191398716254,0.7500520518181322
comp_z,top 19%,2020-04-23,4.658772058101165,B,0.22888843935283365,0.31044065380434427,0.7270235915850876
comp_z,top 19%,2020-04-24,4.481081858452726,B,0.23200108514872664,0.32724927657683445,0.7422899254832485
comp_z,top 19%,2020-04-27,4.28509392224393,B,0.20615574391111124,0.2933994860898279,0.738011347141861
comp_z,top 19%,2020-04-28,4.2361229832703735,B,0.20188514095597987,0.29278918077388116,0.7261671061763577
comp_z,top 19%,2020-04-29,4.105977637640482,B,0.24313609691937832,0.27683204855653254,0.638508544204367
comp_z,top 19%,2020-04-30,3.9431256896004943,B,0.22049905888554577,0.24995151321618003,0.557668905682122
comp_z,top 19%,2020-05-05,4.1590876830248105,B,0.25666600751347857,0.2741781854861409,0.5913372084887794
comp_z,top 19%,2020-05-06,4.156603252541121,B,0.25214516260266984,0.26662096762572896,0.5592329668417597
comp_z,top 19%,2020-05-07,3.9399330348195694,B,0.22529570408434196,0.24751924257288627,0.623916710119639
comp_z,top 19%,2020-05-08,3.787770661431353,B,0.23355663021200335,0.2299741202993164,0.6033089122481878
comp_z,top 19%,2020-05-11,3.6107590578962316,B,0.23524691510354745,0.2245879500766279,0.5792215917648731
comp_z,top 19%,2020-05-12,3.6191811895910324,B,0.2631260124317196,0.25353884239700775,0.6206645319269166
comp_z,top 19%,2020-05-13,3.503518795549662,B,0.2504187421338293,0.26834159227608567,0.6134164464568106
comp_z,top 19%,2020-05-14,3.8672537751099823,B,0.2769169600667778,0.28235829722192385,0.6605848250953779
comp_z,top 19%,2020-05-15,3.7852057445757956,B,0.2589314873669182,0.28175543750157117,0.6509207768431209
comp_z,top 19%,2020-05-18,3.827407944524172,B,0.25075346010662525,0.3095055597908578,0.6530601942301075
comp_z,top 19%,2020-05-19,3.490080365974742,B,0.2515780391297635,0.28579372295175154,0.6658842065401447
comp_z,top 19%,2020-05-20,3.360675781073874,B,0.256076384671895,0.3071607121362523,0.6838383200467661
comp_z,top 19%,2020-05-21,3.1608242712500507,B,0.2587835050641343,0.2969283948777426,0.6771976976370941
comp_z,top 19%,2020-05-22,3.350788561699814,B,0.2750191457056361,0.326626937827879,0.7085374687621262
comp_z,top 19%,2020-05-25,3.2376134098875236,B,0.25757357594345276,0.3607126710179347,0.6960513233382661
comp_z,top 19%,2020-05-26,3.1144329005701197,B,0.19989229736553837,0.35494788302298397,0.669050179315138
comp_z,top 19%,2020-05-27,3.1069173852769305,B,0.22758574460714454,0.36551017759716675,0.6752997401304817
comp_z,top 19%,2020-05-28,3.177751399272904,B,0.23850972327011055,0.37125011099253924,0.6754697910945089
comp_z,top 19%,2020-05-29,3.0978542964823212,B,0.23925239331450943,0.3597188719139939,0.6513788701014529
comp_z,top 19%,2020-06-01,2.9502141984087125,B,0.2374296261843074,0.36971465805265047,0.6680837596919669
comp_z,top 19%,2020-06-02,2.8732434261933397,B,0.23457864699923836,0.35679674126090544,0.6662938068324453
comp_z,top 19%,2020-06-03,2.62440516169888,B,0.20105899790207782,0.32232534710978356,0.6463911286309121
comp_z,top 19%,2020-06-04,2.5219886318076306,B,0.17054341460261058,0.3205985773857478,0.6295932969808717
comp_z,top 19%,2020-06-05,2.4007512675690394,B,0.17827796336374613,0.3071075512099859,0.6111003368398977
comp_z,top 19%,2020-06-08,2.3051245453906932,B,0.15919913330210633,0.2751190668482597,0.5869492747631653
comp_z,top 19%,2020-06-09,2.3020920488513927,B,0.16127784502733533,0.28493774936928506,0.5472717383479413
comp_z,top 19%,2020-06-10,2.1959006408800015,B,0.14201286172411365,0.2851124198142605,0.5344381729778571
comp_z,top 19%,2020-06-11,2.538997281550747,B,0.15826995864555893,0.30531609830342865,0.5839885665998303
comp_z,top 19%,2020-06-12,2.6723210952762804,B,0.17561839256119605,0.3388353614025368,0.5942660842240126
comp_z,top 19%,2020-06-15,2.915041829062087,B,0.18440468686277134,0.370806807809386,0.6201291942320335
comp_z,top 19%,2020-06-16,2.4539901316826525,B,0.16928878291629101,0.3602046187901953,0.5883981850151712
comp_z,top 19%,2020-06-17,2.3134295429552303,B,0.16854069180309028,0.35867599994511035,0.5912389972875349
comp_z,top 19%,2020-06-18,2.162614677390034,B,0.18458471827060907,0.3437756662632485,0.6086584736791278
comp_z,top 19%,2020-06-19,2.01390314614376,B,0.1897856045028501,0.3462320550108513,0.6020336339204395
comp_z,top 19%,2020-06-22,1.9514124254535692,B,0.20521177502867127,0.33755299594928245,0.5984358518530257
comp_z,top 19%,2020-06-23,1.8764652327841445,B,0.18687248151913027,0.31805866647680037,0.6062455443185377
comp_z,top 19%,2020-06-24,1.7376110753720364,B,0.17850013248292296,0.33462633181524115,0.5981454200110732
comp_z,top 19%,2020-06-29,1.8961939301757411,B,0.18079498278398298,0.3407591536493977,0.6056244674568949
comp_z,top 19%,2021-05-17,2.529603300584622,C,0.0909250345009156,0.09449175622498251,0.0002488248912719815
comp_z,top 19%,2021-05-18,1.8335237485624523,C,0.039689330652138866,0.054845094851337484,-0.03624495656612592
comp_z,top 19%,2021-05-19,1.7604599228841746,C,0.04490308050487024,0.0735148210849772,-0.04172924565131242
comp_z,top 19%,2021-05-20,1.923597377577644,C,0.04212210686039208,0.07938199401254842,-0.014708100113984823
comp_z,top 19%,2021-08-20,1.7374140817957293,D,0.08336531841179129,0.12393084678517097,-0.07281942901069416
comp_z,top 19%,2021-10-01,1.8299817906903306,D,0.07614768317169451,0.044820418226160674,-0.17533899460492486
comp_z,top 19%,2021-10-04,2.2358030413595205,D,0.09125040676380891,0.045725519798384795,-0.2133492145162036
comp_z,top 19%,2021-10-05,2.201309015143116,D,0.09778112602942746,0.028466513713642616,-0.21607750340886622
comp_z,top 19%,2021-10-06,2.2975532110290757,D,0.093984853364947,0.03384241809306077,-0.22575712410376436
comp_z,top 19%,2021-10-07,1.8633974931658104,D,0.08164032171787383,3.6986958178220064e-05,-0.2172977963157362
comp_z,top 19%,2021-10-08,2.000131975384617,D,0.11475405980475628,0.009368049003871448,-0.2253172122106718
comp_z,top 19%,2021-10-12,2.2937766802759167,D,0.12382383397736474,0.03885590509801906,-0.20844100095764928
comp_z,top 19%,2021-10-13,2.310577145013213,D,0.1170692783450542,0.03852768617479163,-0.2163562318725416
comp_z,top 19%,2021-10-14,1.9684761617092161,D,0.10433164290410035,0.018083691767469157,-0.222731872421708
comp_z,top 19%,2021-11-11,3.3906690793526613,D,0.04248180646810473,-0.09732328340795848,-0.14435494457650633
comp_z,top 19%,2022-04-27,2.206876049405261,A,-0.062433215205910386,-0.18686922647531268,-0.02217983940871293
comp_z,top 19%,2022-04-28,2.085480044493404,A,-0.06728965881321625,-0.20119877039567136,-0.035418320553698646
comp_z,top 19%,2022-04-29,1.8567081312862344,A,-0.08752728362145779,-0.2157838265597276,-0.04980078858295223
comp_z,top 19%,2022-05-03,2.1098792620264204,A,-0.07239831428157528,-0.21234344747381895,-0.04558767673184694
comp_z,top 19%,2022-05-04,1.963257290967211,A,-0.07080847112578192,-0.21473281062224403,-0.04558767673184694
comp_z,top 19%,2022-05-06,2.159100336920265,A,-0.05635589999833357,-0.2156390081446139,-0.009393124177555445
comp_z,top 19%,2022-05-09,2.751955381061325,A,-0.055726975614940666,-0.19097346472586174,0.02067845973916249
comp_z,top 19%,2022-05-10,2.739864743737877,A,-0.04579295963402663,-0.19764534704718784,0.028143267621498103
comp_z,top 19%,2022-05-11,2.7533788955009766,A,-0.0448709008697421,-0.18828367084182362,0.024811939029984575
comp_z,top 19%,2022-05-12,3.3673332960232325,A,0.003130765111105216,-0.1639177392829121,0.04888704544488065
comp_z,top 19%,2022-05-13,2.8572096341795556,A,-0.007967711516799758,-0.16810715014966504,0.03435324865032241
comp_z,top 19%,2022-05-16,2.916418160810544,A,-0.014037715697929554,-0.1832607609374045,0.041155969875875886
comp_z,top 19%,2022-05-17,2.4184064345514504,A,-0.034973184295487125,-0.19089994311558922,0.05412387830944643
comp_z,top 19%,2022-05-18,2.104565208795162,A,-0.027928299192269135,-0.18582417475915014,0.049426338117819046
comp_z,top 19%,2022-05-19,2.6829083944177907,A,-0.0028161170148700565,-0.1613089610801398,0.06985310310378212
comp_z,top 19%,2022-05-20,2.3308228735143968,A,-0.004634023695884615,-0.14671256113691566,0.05325668715449927
comp_z,top 19%,2022-05-23,2.522173616908765,A,-0.004996492406143416,-0.15656946948819217,0.042816067932679225
comp_z,top 19%,2022-05-24,2.696336805786441,A,0.006694996425204325,-0.10168036240898715,0.06812062997543356
comp_z,top 19%,2022-05-25,2.515873103571747,A,-0.007532421156545288,-0.10035909377938446,0.05662203673524546
comp_z,top 19%,2022-05-26,2.721977884776439,A,0.006640562255864513,-0.050089097654058445,0.07291166749608546
comp_z,top 19%,2022-05-27,2.1549402258892614,A,-0.026379188356855043,-0.07139048491456657,0.06229383354923823
comp_z,top 19%,2022-06-13,2.495554763823185,A,-0.059617429470628425,-0.04149369035897854,0.09969795967059913
comp_z,top 19%,2022-06-14,2.549125197397002,A,-0.051904109573796875,-0.023436430638909655,0.09473120400530144
comp_z,top 19%,2022-06-15,2.6718962338778023,A,-0.06965783997101438,-0.027369391593736747,0.09287544255556135
comp_z,top 19%,2022-06-16,2.8703320422722634,A,-0.06111214295339029,-0.024138245948431614,0.09680510815154464
comp_z,top 19%,2022-06-17,3.37660684999062,A,-0.0280798927017466,-0.02892205592324426,0.11134948226093888
comp_z,top 19%,2022-06-20,3.9156458202767,A,-0.014052529107055012,-0.025951832509345074,0.12199257665497831
comp_z,top 19%,2022-06-21,3.495120816432071,A,-0.05339301258753082,-0.05672473140579559,0.11312433659262244
comp_z,top 19%,2022-06-22,4.182790249559761,A,-0.030302060013409404,-0.020507090716647247,0.14088712983937746
comp_z,top 19%,2022-06-23,4.491663852358303,A,-0.02836530873478471,-0.01671079864632985,0.15460428535117843
comp_z,top 19%,2022-06-24,4.359398145675596,A,-0.03472849619108265,-0.023098572935810746,0.1266165297789732
comp_z,top 19%,2022-06-27,4.115553800066204,A,-0.04865945524187831,-0.033932685487303216,0.098814228968648
comp_z,top 19%,2022-06-28,4.1481125733231154,A,-0.047598334426027566,-0.023809515284172744,0.10719026235761997
comp_z,top 19%,2022-06-29,4.283360111336244,A,-0.05114767073518156,-0.03187075980716947,0.1318407541635087
comp_z,top 19%,2022-06-30,4.8807090191450735,A,-0.035794807297710896,-0.01250263748404179,0.1634099171770742
comp_z,top 19%,2022-07-01,5.601142776950177,A,-0.017763971362361297,0.006415542938499774,0.22126343672737403
comp_z,top 19%,2022-07-04,5.764684367943608,A,-0.009363984920747526,0.020585495870667048,0.24614697727136625
comp_z,top 19%,2022-07-05,5.588785528518781,A,-0.03490394854130252,0.03249225685664214,0.23762834163985924
comp_z,top 19%,2022-07-06,5.875449081025162,A,-0.019114227675693596,0.035119597320757645,0.2596486794959212
comp_z,top 19%,2022-07-07,5.653324694501653,A,-0.0607175421488243,0.008741326442600394,0.21276747343078495
comp_z,top 19%,2022-07-08,5.508333386365128,A,-0.0814896001524793,0.002991860448732009,0.2060469458615224
comp_z,top 19%,2022-07-11,5.516714786030749,A,-0.04973164014098519,-0.002580953542683395,0.1965658773316017
comp_z,top 19%,2022-07-12,5.840815812029021,A,-0.003548223194422051,0.017356362273995396,0.22653903045513868
comp_z,top 19%,2022-07-13,5.556828781934244,A,-0.031073984434876634,-0.011336609498256767,0.19926692753479625
comp_z,top 19%,2022-07-14,5.36600715815898,A,-0.051819538417762434,-0.011195897501659946,0.1902390467480084
comp_z,top 19%,2022-07-15,5.177088930231095,A,-0.11260112445138404,-0.02624041772170793,0.18392373678974638
comp_z,top 19%,2022-07-18,4.958632306109936,A,-0.12087320863431938,-0.023484933307676314,0.17874017541557996
comp_z,top 19%,2022-07-19,4.713449211108846,A,-0.13216174215230803,-0.01995634924974443,0.17134279035551603
comp_z,top 19%,2022-07-20,4.56763579441487,A,-0.11299867800498775,0.008490454056727659,0.16957953599582698
comp_z,top 19%,2022-07-21,4.03798847964379,A,-0.13927133111574352,0.0010977374689309372,0.14221743113898588
comp_z,top 19%,2022-07-22,4.016798238377883,A,-0.13272229060112362,-0.0019015456620420368,0.13247695086307099
comp_z,top 19%,2022-07-25,4.126423063440569,A,-0.14356987981077673,-0.005339137952408479,0.1445813893960186
comp_z,top 19%,2022-07-26,4.183519392835924,A,-0.14055931825260426,0.015387513980035239,0.1414909919827716
comp_z,top 19%,2022-07-27,4.094483047881849,A,-0.15086770037923825,0.013978979966725813,0.13300196751170446
comp_z,top 19%,2022-07-28,3.9159808912904146,A,-0.1548920056028027,0.012244065806056081,0.12394979960472896
comp_z,top 19%,2022-07-29,3.6360473505807387,A,-0.17890336804135787,0.047955863376813346,0.11259150426975184
comp_z,top 19%,2022-08-01,3.9074459949704,A,-0.16879574422814603,0.03017412364255967,0.09999780337255526
comp_z,top 19%,2022-08-02,4.408305003977934,A,-0.1432281613667804,0.05304000497206274,0.11959510660318529
comp_z,top 19%,2022-08-03,4.306968837549531,A,-0.159139873202906,0.0642908265956168,0.10705281554239998
comp_z,top 19%,2022-08-04,4.16183618543721,A,-0.15015014211447797,0.061551287954719536,0.10909890648403775
comp_z,top 19%,2022-08-05,3.719795719673774,A,-0.1665271470120998,0.020371632959762076,0.07520835899070155
comp_z,top 19%,2022-08-08,3.5748874235287955,A,-0.16142563149604294,0.02036712350649994,0.07006765479971633
comp_z,top 19%,2022-08-09,3.1905897379230623,A,-0.1716323716776471,0.03709978076768805,0.0796728705850227
comp_z,top 19%,2022-08-10,3.2318758013645645,A,-0.16157764352513726,0.04852891457328745,0.0985992171664869
comp_z,top 19%,2022-08-11,2.598838614839321,A,-0.1624323344005174,0.030602214532230665,0.09750383114834182
comp_z,top 19%,2022-08-12,2.377214462012291,A,-0.15894043893971888,0.022087446317342385,0.06964908769835065
comp_z,top 19%,2022-08-15,2.214221840936337,A,-0.14273999797399317,0.020413713369813014,0.06680519114130212
comp_z,top 19%,2022-08-16,2.2596616086704495,A,-0.15233411332246094,-0.004705891449150568,0.07100554258028202
comp_z,top 19%,2022-08-17,2.2141489930019653,A,-0.10765461159441014,0.007024550215421366,0.0752384622157769
comp_z,top 19%,2022-08-18,2.2110385568536493,A,-0.09353118892912571,0.0006028466950227518,0.0746324764121209
comp_z,top 19%,2022-08-19,2.077366650311187,A,-0.05635542818063355,0.0010595391077694583,0.0745714705555407
comp_z,top 19%,2022-08-22,2.461855884786698,A,-0.04623082828493319,0.013141474236273432,0.09534339067405884
comp_z,top 19%,2022-08-23,2.60198577614651,A,-0.030879801982245603,0.017752853618541176,0.10985407172581296
comp_z,top 19%,2022-08-24,2.5976461806582853,A,-0.030958378019406485,0.03551984276126374,0.10871847241297927
comp_z,top 19%,2022-08-25,2.5282403141940644,A,-0.043277344108310745,0.020792264002530203,0.08844406336780386
comp_z,top 19%,2022-08-26,2.49176979817179,A,-0.040133756400521636,0.020373487269574442,0.0782127633663019
comp_z,top 19%,2022-08-29,3.4681423480109936,A,-0.00815108850772961,0.04619825239077113,0.10197795900307738
comp_z,top 19%,2022-08-30,3.082086760918232,A,-0.0004283457608714736,0.045281987674500535,0.1111977797928807
comp_z,top 19%,2022-08-31,3.040901080129544,A,-0.007653204392292556,0.04772580289443584,0.10448921906365793
comp_z,top 19%,2022-09-01,3.550368128426997,A,-0.006947662208620642,0.07712144416623445,0.14375547812913436
comp_z,top 19%,2022-09-02,3.5636954759994195,A,0.013169471442834091,0.07996525971625656,0.15995124046064912
comp_z,top 19%,2022-09-05,3.6440687550735826,A,0.019272729716212744,0.07670421044027087,0.1451414114510441
comp_z,top 19%,2022-09-06,3.5897883966051256,A,0.030026160035447447,0.0527679312884588,0.13270077790526047
comp_z,top 19%,2022-09-07,3.697523415579689,A,0.0454547264373788,0.08265855477476536,0.1534858314720502
comp_z,top 19%,2022-09-08,3.0382274089955454,A,0.039380525296455415,0.06323017308281598,0.12695765827832584
comp_z,top 19%,2022-09-12,2.630684400013259,A,-0.0008664942881351223,0.042004046512986726,0.1026209571391008
comp_z,top 19%,2022-09-13,2.478783421481181,A,-0.012068901998920079,0.031766356892950265,0.10496701020005772
comp_z,top 19%,2022-09-14,2.49968691502634,A,-0.0035196431703636843,0.07019469064616413,0.11457856582105785
comp_z,top 19%,2022-09-15,2.0895221319003756,A,0.010101051980060616,0.06068101438448914,0.11307634388620347
comp_z,top 19%,2022-09-16,2.0946125410740843,A,0.01199474472579709,0.0779289941847634,0.13054172416760346
comp_z,top 19%,2022-09-19,2.24416369719666,A,0.012048344128445354,0.10327139214293579,0.1504005532987065
comp_z,top 19%,2022-09-20,2.0218159916238783,A,0.015480019048614624,0.10210491366723184,0.13334194253966158
comp_z,top 19%,2022-09-21,2.251496228095403,A,0.024977716862263577,0.11463706268919238,0.1281390576071182
comp_z,top 19%,2022-09-22,2.072811956967407,A,0.020316028462456392,0.12129963217512141,0.15828373150648534
comp_z,top 19%,2022-09-26,2.6328932480480534,A,0.024616806547401948,0.1455160282118828,0.21669547070804374
comp_z,top 19%,2022-09-27,2.573994400233209,A,0.030232578197773696,0.15282156511593636,0.22852646633567408
comp_z,top 19%,2022-09-28,3.1947019755661605,A,0.06983367644710436,0.1813521122519406,0.2513393129577197
comp_z,top 19%,2022-09-29,3.1536874019097034,A,0.05529066332355792,0.17944520025266164,0.2485915946215953
comp_z,top 19%,2022-09-30,3.291249997612579,A,0.07394886171975146,0.19597703134894617,0.2691012424269188
comp_z,top 19%,2022-10-03,3.3547079859251348,A,0.09197659668876468,0.21060481097388983,0.2668589450695187
comp_z,top 19%,2022-10-04,3.0876208397905804,A,0.0496182853076339,0.17910714979419273,0.23592404199742312
comp_z,top 19%,2022-10-05,2.912193729612991,A,0.020979023727002,0.1493118462106744,0.21301118367796046
comp_z,top 19%,2022-10-06,2.821867499168241,A,0.020370363288375604,0.13138928417258922,0.18969819351294892
comp_z,top 19%,2022-10-07,3.01192882960363,A,0.04284378613783435,0.1616378807444523,0.21083946527315334
comp_z,top 19%,2022-10-11,3.5260438214180345,A,0.09731892738345582,0.22203752411833677,0.279548211269222
comp_z,top 19%,2022-10-12,3.5190505383356925,A,0.11077841817942446,0.22405340733820922,0.2605664519173705
comp_z,top 19%,2022-10-13,3.9846343460106937,A,0.1292929781418508,0.22959515421656573,0.2816098643021594
comp_z,top 19%,2022-10-14,3.738139178143161,A,0.1369661228784489,0.193682117852652,0.24269141650372772
comp_z,top 19%,2022-10-17,3.8512138954014166,A,0.16308166982125916,0.21330454338916915,0.2574919184296909
comp_z,top 19%,2022-10-18,3.6742489476436893,A,0.1508406632862218,0.1949519433389868,0.24934479179615554
comp_z,top 19%,2022-10-19,3.709568682992858,A,0.16140341003866965,0.19523575816972594,0.29485442007591955
comp_z,top 19%,2022-10-20,3.689984251684825,A,0.18145153649879808,0.19670874010216965,0.3119689431446544
comp_z,top 19%,2022-10-21,3.7891568203420958,A,0.19413544911621883,0.19930476370753025,0.32748728253837345
comp_z,top 19%,2022-10-24,3.826671012989495,A,0.19776889168830336,0.21747236461508113,0.33100030741127906
comp_z,top 19%,2022-10-25,4.40588000198405,A,0.27628810372418844,0.2445659625718395,0.3646624107816141
comp_z,top 19%,2022-10-26,4.311504995446602,A,0.2393754200475584,0.22785106821408263,0.35260987822312817
comp_z,top 19%,2022-10-27,4.126134645119942,A,0.2290786852330995,0.21358597799481127,0.3282423477491412
comp_z,top 19%,2022-10-28,4.228020872796255,A,0.26571684478557556,0.23224333247304152,0.3659234441517307
comp_z,top 19%,2022-10-31,4.12458359804425,A,0.24910450723134026,0.2238126870467647,0.3511380919119549
comp_z,top 19%,2022-11-01,3.968833533887272,A,0.2242409927352189,0.2206478275856203,0.359822002157524
comp_z,top 19%,2022-11-02,3.8940665766421163,A,0.21678787455293547,0.20451775180872,0.35490156296767883
comp_z,top 19%,2022-11-03,3.7763032974274404,A,0.25198009351001427,0.21779277902101768,0.37695169787937166
comp_z,top 19%,2022-11-04,3.6147823253999047,A,0.25059751386140916,0.21232439436622608,0.37433739253639975
comp_z,top 19%,2022-11-07,3.345545325876904,A,0.23047039285427173,0.19182743205670816,0.3676097191146068
comp_z,top 19%,2022-11-08,3.069299015869373,A,0.21523788996447357,0.19360011840447977,0.34122284483023235
comp_z,top 19%,2022-11-09,2.972444084995514,A,0.19031998571987097,0.17955681428903403,0.3035058991436037
comp_z,top 19%,2022-11-10,3.080429820187483,A,0.17415850300634994,0.2067602355564495,0.3150976340926508
comp_z,top 19%,2022-11-11,2.875843442929351,A,0.12851432113605243,0.14915211797286565,0.24064951085394792
comp_z,top 19%,2022-11-14,3.1246506361364252,A,0.10384696580232178,0.13684619071574255,0.2378588606801988
comp_z,top 19%,2022-11-15,3.1850393521593996,A,0.06084384841816637,0.08937067636153273,0.1862314216190888
comp_z,top 19%,2022-11-16,3.1343405346191124,A,0.06225017989881487,0.08591540430763334,0.19011566895673404
comp_z,top 19%,2022-11-17,2.8278732706534035,A,0.05018227429400435,0.09838448360178886,0.1936716066377835
comp_z,top 19%,2022-11-18,2.748781963366896,A,0.06860202830586104,0.1272229922078243,0.19226572456432112
comp_z,top 19%,2022-11-21,2.6241202581595635,A,0.06696779648342965,0.13836843511950558,0.1877978753097489
comp_z,top 19%,2022-11-22,2.251617008627658,A,0.06303716176453422,0.12894804604270438,0.18203507484828685
comp_z,top 19%,2022-11-23,2.228029715525394,A,0.05479598784529638,0.11582821017656753,0.16667546512362152
comp_z,top 19%,2022-11-24,1.9655369458584948,A,0.04572992165345724,0.09654874634769572,0.1650128959661834
comp_z,top 19%,2022-11-25,1.9827265129748897,A,0.0558061027977772,0.11056771503587526,0.16634637115550577
comp_z,top 19%,2022-11-28,2.3494789435266603,A,0.08465727653572697,0.12981411415066035,0.19303765254146898
comp_z,top 19%,2022-11-29,2.1520782441238637,A,0.06592755719169086,0.12263520028048025,0.1826317673181992
comp_z,top 19%,2022-11-30,1.9034103207305995,A,0.05634554820283322,0.1257725574607722,0.1872422393618316
comp_z,top 19%,2022-12-01,1.8894550207699887,A,0.022078828805890405,0.09594843762608352,0.17200011879681054
comp_z,top 19%,2022-12-05,1.8808429506765467,A,0.02294602140977986,0.12306425015175115,0.17833105569209606
comp_z,top 19%,2022-12-06,2.2823262051753708,A,0.04290772009550148,0.16661989158952917,0.20345257822300078
comp_z,top 19%,2022-12-07,2.4035536293795765,A,0.04437076531001383,0.17329995853893787,0.2003930011490973
comp_z,top 19%,2022-12-08,2.2310856977822087,A,0.07397469835838466,0.19089764314240032,0.21790823557099137
comp_z,top 19%,2022-12-09,1.7147819359948415,A,0.05007416070429649,0.16966339044152234,0.20433670806805138
comp_z,top 19%,2022-12-12,1.9250824313053965,A,0.0651527587495837,0.17826626121534894,0.22279893283744956
comp_z,top 19%,2022-12-13,2.3513182747496413,A,0.09013704586716131,0.17714970611791325,0.24191340187794652
comp_z,top 19%,2023-10-31,1.865068417089836,A,0.13185917404185576,0.3189540198226253,0.6470353748200255
comp_z,top 19%,2024-08-05,1.8116670411446207,B,0.21543302121656271,0.2622473522089539,0.36728930127614645
comp_z,top 19%,2024-08-06,1.98972960125017,B,0.15611933459615024,0.20175655614864918,0.2958638013933492
comp_z,top 19%,2024-08-08,1.7413689401427075,B,0.15772497938450503,0.17402358697941822,0.2738867864264356
comp_z,top 19%,2025-03-31,2.1481711650558126,B,0.11814757820936439,0.3291263371665434,0.9059581562163952
comp_z,top 19%,2025-04-02,1.7132351255132603,B,0.10545448073921704,0.3377696147028848,0.9531601078392407
comp_z,top 19%,2025-04-07,3.4199200945662627,B,0.22853540508482362,0.48513925069039754,1.1920988682803997
comp_z,top 19%,2025-04-08,4.620855660870423,B,0.2873083254519151,0.5297905405288605,1.2431071697636633
comp_z,top 19%,2025-04-09,6.062598819763987,B,0.33679897743549225,0.5773846284047734,1.362450172683535
comp_z,top 19%,2025-04-10,5.339264783692823,B,0.20820891248205098,0.447942393351791,1.184785472819586
comp_z,top 19%,2025-04-11,5.3691125247316185,B,0.17532648941886575,0.42228840619979024,1.143684133668275
comp_z,top 19%,2025-04-14,5.3914667405448045,B,0.19364693090571872,0.456741597046028,1.1548152687120408
comp_z,top 19%,2025-04-15,5.148513124823155,B,0.1952827079526871,0.462912237174401,1.2222520451114343
comp_z,top 19%,2025-04-16,5.2280226777066,B,0.22254394321516768,0.5308843354586052,1.3400603266855597
comp_z,top 19%,2025-04-17,5.174741280875424,B,0.22902517352862595,0.5342481296529369,1.3408515401736252
comp_z,top 19%,2025-04-18,5.099828237786797,B,0.24300814335686205,0.542176703928805,1.3040239506621938
comp_z,top 19%,2025-04-21,5.317859158392033,B,0.2711223003543457,0.5493020380379248,1.3309972300039932
comp_z,top 19%,2025-04-22,5.455388870308625,B,0.30041690415341327,0.5678799741315979,1.4780048635154008
comp_z,top 19%,2025-04-23,5.100981345427166,B,0.26373969282018095,0.5286575267591234,1.3730110376091313
comp_z,top 19%,2025-04-24,5.156629237620205,B,0.2664277564494113,0.5674841795453403,1.4159521081009698
comp_z,top 19%,2025-04-25,5.1631039888852595,B,0.2285054640834887,0.5079874796678105,1.4078942061451092
comp_z,top 19%,2025-04-28,5.112333713796234,B,0.2218308477136428,0.5206612271390161,1.3706189805076288
comp_z,top 19%,2025-04-29,4.955464634675326,B,0.22429954798523144,0.5171712770352854,
comp_z,top 19%,2025-04-30,4.905341187582039,B,0.21610119204965028,0.4980264060274242,
comp_z,top 19%,2025-05-02,4.720708274464869,B,0.1852385562542993,0.44759299821471377,
comp_z,top 19%,2025-05-05,4.873830457364828,B,0.18186670808893313,0.49461040790631206,
comp_z,top 19%,2025-05-06,4.846840091520327,B,0.20138861739807878,0.4923131572906423,
comp_z,top 19%,2025-05-07,4.843279678608071,B,0.2189783993247496,0.5228363076787408,
comp_z,top 19%,2025-05-08,4.795485097643889,B,0.1925856138952251,0.5029847774948346,
comp_z,top 19%,2025-05-09,4.535855052797849,B,0.17099762047525568,0.4925609978380603,
comp_z,top 19%,2025-05-12,4.388599975576375,B,0.17289275667226578,0.4624115640526145,
comp_z,top 19%,2025-05-13,4.265299978817113,B,0.14865781966521352,0.4403268279494428,
comp_z,top 19%,2025-05-14,4.031406720754859,B,0.15515775194059334,0.3908143330967879,
comp_z,top 19%,2025-05-15,3.8203543380373772,B,0.15768953752923975,0.39717342215895957,
comp_z,top 19%,2025-05-16,3.5760344544760563,B,0.16333119625022374,0.37684700224917433,
comp_z,top 19%,2025-05-19,4.003917251720786,B,0.1808869113425451,0.4141622873383972,
comp_z,top 19%,2025-05-20,3.960964051531,B,0.1886266302127959,0.40139867782462413,
comp_z,top 19%,2025-05-21,3.7382172129565396,B,0.16611149418380222,0.38660858786731267,
comp_z,top 19%,2025-05-22,3.709939579491991,B,0.17895409145051633,0.39522503855252733,
comp_z,top 19%,2025-05-23,3.617024335788798,B,0.1871843509412645,0.37428288014977795,
comp_z,top 19%,2025-05-26,3.9244098277796695,B,0.18626898482025234,0.3802640939487607,
comp_z,top 19%,2025-05-27,4.032560245484358,B,0.16312319070017933,0.35997675184087097,
comp_z,top 19%,2025-05-28,4.047709958187617,B,0.1679154797533624,0.34871778608321424,
comp_z,top 19%,2025-05-29,4.023991046816699,B,0.15971417776822983,0.387175069801442,
comp_z,top 19%,2025-06-02,4.138470912018645,B,0.20685267158300613,0.37059066060868173,
comp_z,top 19%,2025-06-03,4.005619511936645,B,0.19947385717965216,0.3540980237888476,
comp_z,top 19%,2025-06-04,3.484580789413897,B,0.17757206474287734,0.3408768704343095,
comp_z,top 19%,2025-06-05,3.2457958138924403,B,0.1642155485528647,0.360468907861333,
comp_z,top 19%,2025-06-06,3.2508548606023635,B,0.16229593575425105,0.37040226220514305,
comp_z,top 19%,2025-06-09,3.172500614413715,B,0.14025943090719895,0.36721486085276966,
comp_z,top 19%,2025-06-10,3.073619490739081,B,0.11034017044454858,0.3131907427645322,
comp_z,top 19%,2025-06-11,2.9156388903757264,B,0.1092725171588611,0.3174613559072823,
comp_z,top 19%,2025-06-12,2.9798904292750263,B,0.11674592495120195,0.3302728649205888,
comp_z,top 19%,2025-06-13,3.447372115445871,B,0.1284899458862927,0.3281376409529497,
comp_z,top 19%,2025-06-16,3.2231113562848144,B,0.13916623093196012,0.3398816618880405,
comp_z,top 19%,2025-06-17,3.2371578862920867,B,0.15091033447078672,0.36016674390115977,
comp_z,top 19%,2025-06-18,3.0848790474798724,B,0.16327940228282145,0.34639789343529737,
comp_z,top 19%,2025-06-19,3.4303781027252844,B,0.1855780521140371,0.36945493892943126,
comp_z,top 19%,2025-06-20,3.3721604392960254,B,0.19911979634822097,0.35650426495937415,
comp_z,top 19%,2025-06-23,3.536562551463854,B,0.20914665642933694,0.37000637828403105,
comp_z,top 19%,2025-06-24,3.0108554541323334,B,0.20340882765427826,0.3317016755296285,
comp_z,top 19%,2025-06-25,2.792449262556849,B,0.17781367928151703,0.30113405087825273,
comp_z,top 19%,2025-06-26,2.332738261470249,B,0.18887416927597922,0.29220916300749145,
comp_z,top 19%,2025-06-27,2.283756068736817,B,0.18868596871179277,0.2908713349826004,
comp_z,top 19%,2025-06-30,2.4534970690474247,B,0.19529492948492488,0.30149707887637955,
comp_z,top 19%,2025-07-01,1.9689795747842844,B,0.21015350519753517,0.31263871874360505,
comp_z,top 9%,2018-10-05,3.678236190891378,C,-0.11264215552431778,0.0025815352435833994,0.10521434970939825
comp_z,top 9%,2018-10-08,3.9930011379673056,C,-0.11626493124139936,0.00739599618059783,0.10807445493947943
comp_z,top 9%,2018-10-09,4.029219386074313,C,-0.1327325300586356,0.013659442016524359,0.10911862223767388
comp_z,top 9%,2018-10-11,6.58480405669703,C,-0.04457386263999186,0.09360265836626769,0.19294694466754136
comp_z,top 9%,2018-10-12,5.925118715348578,C,-0.07994985746053784,0.06577174140072373,0.1586510652286761
comp_z,top 9%,2018-10-15,6.213926561128731,C,-0.053030401970719176,0.07655869491359257,0.174368436707367
comp_z,top 9%,2018-10-16,5.924617661884292,C,-0.056746329600292356,0.07650173202167498,0.17813249073271797
comp_z,top 9%,2018-10-17,5.8536195732700955,C,-0.049118383056514725,0.07384714276845972,0.17992251544385418
comp_z,top 9%,2018-10-18,6.104301216200013,C,-0.05243225944755214,0.08179802315226858,0.18364908308412398
comp_z,top 9%,2018-10-19,6.15427901993012,C,-0.046027617917984265,0.08170217555541681,0.20894592394830513
comp_z,top 9%,2018-10-22,6.022847711432427,C,-0.04608596646807295,0.0856712354452307,0.21966270147480804
comp_z,top 9%,2018-10-23,6.422918025761349,C,-0.028295909024674493,0.09332108643389181,0.2484267437356904
comp_z,top 9%,2018-10-24,6.343389224172451,C,-0.018733807693830373,0.10292711784683028,0.2473550383721541
comp_z,top 9%,2018-10-25,7.150463419305364,C,0.013245105951842806,0.13068315867009805,0.27461406041402037
comp_z,top 9%,2018-10-26,7.0040778612525285,C,0.012537983056239987,0.1349174903037742,0.2569978346920716
comp_z,top 9%,2018-10-29,6.855383636648471,C,0.0030958930630891057,0.1398819006419112,0.2628575531469548
comp_z,top 9%,2018-10-30,6.7988695109737725,C,0.005205332865470869,0.11719649241217445,0.252002024051015
comp_z,top 9%,2018-10-31,6.225319615235256,C,-0.002904179242801841,0.10544691722920074,0.22550051974401053
comp_z,top 9%,2018-11-01,6.172072128814082,C,-0.011741942980713072,0.08557166953907092,0.22415059260059444
comp_z,top 9%,2018-11-02,6.047243414633133,C,-0.023403499809303674,0.06901254273378021,0.22819210355008734
comp_z,top 9%,2018-11-05,6.0735750425288115,C,-0.020388002764134106,0.07381808286134439,0.24377174606829222
comp_z,top 9%,2018-11-06,6.122487820030934,C,-0.0066740488644547735,0.05941565168710561,0.24309241950474103
comp_z,top 9%,2018-11-07,5.623546630544708,C,-0.005166487120760843,0.04743505376962154,0.22680314798315604
comp_z,top 9%,2018-11-08,5.510759824804338,C,-0.012805489453504015,0.04276508999544815,0.22046099491048254
comp_z,top 9%,2018-11-09,5.651151181143823,C,-0.0027949161824754043,0.04756232400304761,0.23760101976958303
comp_z,top 9%,2018-11-12,5.578472237139281,C,-0.007995796804196487,0.03430169373002134,0.23776010355829746
comp_z,top 9%,2018-11-13,5.72006515662253,C,0.011607552486242234,0.04570669833061358,0.25692869288213727
comp_z,top 9%,2018-11-14,5.527285391740317,C,0.0063386905158400175,0.04499274902875161,0.24950554710758155
comp_z,top 9%,2018-11-15,5.409130590985115,C,0.014389701628792384,0.04162614648642782,0.2260512906005947
comp_z,top 9%,2018-11-16,5.46312993553722,C,0.03300694705729179,0.030997272092635475,0.24383942643390566
comp_z,top 9%,2018-11-19,5.381152753604371,C,0.034358218295419185,0.03973488507731693,0.24789421640309794
comp_z,top 9%,2018-11-20,5.495069366224135,C,0.05134594653759672,0.046597832246755955,0.2545990268630849
comp_z,top 9%,2018-11-21,5.373750238119501,C,0.05405945593200556,0.0459198862021879,0.271017205963906
comp_z,top 9%,2018-11-22,5.3122520608796036,C,0.058954342039912566,0.04668045234780105,0.27980509054432967
comp_z,top 9%,2018-11-23,5.458071251170098,C,0.052889968294118406,0.05904720977156752,0.2923308579252202
comp_z,top 9%,2018-11-26,5.1763864848505134,C,0.03912058742802804,0.06213701535300076,0.269878702417891
comp_z,top 9%,2018-11-27,5.0319757723378835,C,0.043198787472361166,0.06488984489584593,0.28180290947120556
comp_z,top 9%,2018-11-28,4.854172719267022,C,0.02764578217205549,0.046415393118165005,0.2960298679982196
comp_z,top 9%,2018-11-29,4.896346781756212,C,0.016947224369837866,0.04772351794508567,0.3076767790214725
comp_z,top 9%,2018-11-30,4.845276828941124,C,0.022937543029247554,0.04375912745211741,0.31211072786964
comp_z,top 9%,2018-12-03,4.122171541911975,C,0.010717762546049503,0.03426818385213459,0.29512970547922546
comp_z,top 9%,2018-12-04,3.943737001616271,C,0.015845302818219054,0.04614918691076353,0.3048972153551561
comp_z,top 9%,2018-12-05,4.1696000051583875,C,0.0363773797969813,0.07202193199002505,0.3246745594782383
comp_z,top 9%,2018-12-06,4.617708158109282,C,0.0653181188191414,0.0852241872909214,0.3423232068631368
comp_z,top 9%,2018-12-07,4.370936854984658,C,0.06720860039821197,0.07814053654657549,0.33885281897257213
comp_z,top 9%,2018-12-10,4.579667798020297,C,0.08569769378197711,0.08985220889580092,0.35753427150463657
comp_z,top 9%,2018-12-11,4.372311410660043,C,0.07839181705623277,0.08388682064254716,0.34875947817427644
comp_z,top 9%,2018-12-12,4.004881931169939,C,0.07091132722382953,0.09255923626954887,0.3284039665039449
comp_z,top 9%,2018-12-13,3.917877431108712,C,0.07220994002542769,0.0924787894494854,0.3355207920166965
comp_z,top 9%,2018-12-14,4.029169165559696,C,0.06930889221211878,0.10625259886916805,0.34959904266231434
comp_z,top 9%,2018-12-17,3.961367972510875,C,0.06764861103527253,0.10226380924406153,0.32730009778821145
comp_z,top 9%,2018-12-18,4.0605202230445325,C,0.07481135772137715,0.10561774912892163,0.34842385574473167
comp_z,top 9%,2018-12-19,3.866137588913582,C,0.06631477931361496,0.09144436817190016,0.3377643209948187
comp_z,top 9%,2018-12-20,4.1434764008146265,C,0.08732120597220816,0.11960405277786501,0.3355973000892616
comp_z,top 9%,2018-12-21,4.060537248752542,C,0.0947493115160698,0.1091448669895414,0.32878515698001887
comp_z,top 9%,2018-12-24,4.165266979396425,C,0.1062174439530712,0.14072208367021477,0.3314156576907372
comp_z,top 9%,2018-12-25,4.795576584879241,C,0.12046682907871964,0.15261996435608993,0.3668944377405612
comp_z,top 9%,2018-12-26,4.860978676287468,C,0.13402708359468374,0.1424375235215276,0.375559663798966
comp_z,top 9%,2018-12-27,4.3594592637910585,C,0.11823035041057395,0.12647308226005416,0.35776483160175454
comp_z,top 9%,2018-12-28,4.018937046834794,C,0.11293082533170495,0.11839301247577394,0.3579355374184454
comp_z,top 9%,2019-01-02,4.837531517262498,C,0.12985030952871557,0.13611564447670377,0.37048368690087385
comp_z,top 9%,2019-01-03,4.1772676685914,C,0.1399298633647139,0.14555241984897638,0.37931017588976856
comp_z,top 9%,2019-01-04,3.50730816623738,C,0.16879679816084603,0.1737947450531201,0.40127975366742885
comp_z,top 9%,2020-03-12,4.28083976613168,B,0.09068779302447849,0.26659156988108657,0.6713029332676705
comp_z,top 9%,2020-03-13,5.434853199239514,B,0.11666650099786602,0.2752475063960256,0.6975727212507763
comp_z,top 9%,2020-03-16,6.100816379278844,B,0.1520052102991183,0.33433302729262815,0.7508673006332058
comp_z,top 9%,2020-03-17,6.647794282645474,B,0.17902452640695232,0.3860829185247667,0.8143643005964674
comp_z,top 9%,2020-03-18,6.968251946024981,B,0.19505504559509412,0.41542879706183244,0.8993862766424439
comp_z,top 9%,2020-03-19,8.235960576237423,B,0.29686337209110514,0.5164077939611251,1.0336602042519836
comp_z,top 9%,2020-03-20,7.487958476736324,B,0.20270298768160133,0.40540738125910214,0.8901432944114109
comp_z,top 9%,2020-03-23,7.774394043870774,B,0.25564954570057474,0.4874232633403339,0.9588557082465938
comp_z,top 9%,2020-03-24,7.1994975585035395,B,0.19663338479863235,0.42373717510093245,0.8816999923971718
comp_z,top 9%,2020-03-25,6.915025713009119,B,0.15875081357896703,0.3965401248494238,0.8454924517411855
comp_z,top 9%,2020-03-26,6.803462782392372,B,0.15867875571771783,0.3752039300821861,0.8431247115799945
comp_z,top 9%,2020-03-27,6.772178593645461,B,0.17493473078234012,0.3846607358857752,0.8535309861373921
comp_z,top 9%,2020-03-30,6.68959800811568,B,0.17468712180205626,0.38706465976482574,0.8610036123326685
comp_z,top 9%,2020-03-31,6.570123065256564,B,0.18056446226657852,0.3637427653680465,0.8536712453035331
comp_z,top 9%,2020-04-01,6.538098010019483,B,0.19235822949173653,0.3662442838749911,0.8699475629038953
comp_z,top 9%,2020-04-06,6.236216320169936,B,0.18754065408161114,0.3131703960793615,0.8573994537970031
comp_z,top 9%,2020-04-07,6.0351084000115796,B,0.17898076605270186,0.29148042320261847,0.8257126499119192
comp_z,top 9%,2020-04-08,5.835514249176323,B,0.1827891865893414,0.2945129660096568,0.8037157574647238
comp_z,top 9%,2020-04-09,5.744068907252136,B,0.19242916000202737,0.3034076759293547,0.808434979071168
comp_z,top 9%,2020-04-10,5.6428103623006525,B,0.1998738947250256,0.3083015008969059,0.7910711441834826
comp_z,top 9%,2020-04-13,5.577000149576138,B,0.2112942403938638,0.31724226449648474,0.8011299567345875
comp_z,top 9%,2020-04-14,5.236042397687824,B,0.16924032865150962,0.29718833537473954,0.7691851212774137
comp_z,top 9%,2020-04-15,5.073196599174559,B,0.18288198195307515,0.30001764762505756,0.789722642615984
comp_z,top 9%,2020-04-16,4.982921818428896,B,0.19616324245647432,0.3239051671051896,0.7992190561495829
comp_z,top 9%,2020-04-17,4.852086880048902,B,0.16576586092393897,0.29522825610115366,0.7357606785334607
comp_z,top 9%,2020-04-20,4.761429917316975,B,0.15783139319363948,0.29973613257264575,0.7434690659066914
comp_z,top 9%,2020-04-21,5.033486417378191,B,0.20595549123391255,0.33343917670691514,0.7653753213884091
comp_z,top 9%,2020-04-22,4.859309706068806,B,0.20409430902740722,0.32094191398716254,0.7500520518181322
comp_z,top 9%,2020-04-23,4.658772058101165,B,0.22888843935283365,0.31044065380434427,0.7270235915850876
comp_z,top 9%,2020-04-24,4.481081858452726,B,0.23200108514872664,0.32724927657683445,0.7422899254832485
comp_z,top 9%,2020-04-27,4.28509392224393,B,0.20615574391111124,0.2933994860898279,0.738011347141861
comp_z,top 9%,2020-04-28,4.2361229832703735,B,0.20188514095597987,0.29278918077388116,0.7261671061763577
comp_z,top 9%,2020-04-29,4.105977637640482,B,0.24313609691937832,0.27683204855653254,0.638508544204367
comp_z,top 9%,2020-04-30,3.9431256896004943,B,0.22049905888554577,0.24995151321618003,0.557668905682122
comp_z,top 9%,2020-05-05,4.1590876830248105,B,0.25666600751347857,0.2741781854861409,0.5913372084887794
comp_z,top 9%,2020-05-06,4.156603252541121,B,0.25214516260266984,0.26662096762572896,0.5592329668417597
comp_z,top 9%,2020-05-07,3.9399330348195694,B,0.22529570408434196,0.24751924257288627,0.623916710119639
comp_z,top 9%,2020-05-08,3.787770661431353,B,0.23355663021200335,0.2299741202993164,0.6033089122481878
comp_z,top 9%,2020-05-11,3.6107590578962316,B,0.23524691510354745,0.2245879500766279,0.5792215917648731
comp_z,top 9%,2020-05-12,3.6191811895910324,B,0.2631260124317196,0.25353884239700775,0.6206645319269166
comp_z,top 9%,2020-05-13,3.503518795549662,B,0.2504187421338293,0.26834159227608567,0.6134164464568106
comp_z,top 9%,2020-05-14,3.8672537751099823,B,0.2769169600667778,0.28235829722192385,0.6605848250953779
comp_z,top 9%,2020-05-15,3.7852057445757956,B,0.2589314873669182,0.28175543750157117,0.6509207768431209
comp_z,top 9%,2020-05-18,3.827407944524172,B,0.25075346010662525,0.3095055597908578,0.6530601942301075
comp_z,top 9%,2020-05-19,3.490080365974742,B,0.2515780391297635,0.28579372295175154,0.6658842065401447
comp_z,top 9%,2022-06-20,3.9156458202767,A,-0.014052529107055012,-0.025951832509345074,0.12199257665497831
comp_z,top 9%,2022-06-21,3.495120816432071,A,-0.05339301258753082,-0.05672473140579559,0.11312433659262244
comp_z,top 9%,2022-06-22,4.182790249559761,A,-0.030302060013409404,-0.020507090716647247,0.14088712983937746
comp_z,top 9%,2022-06-23,4.491663852358303,A,-0.02836530873478471,-0.01671079864632985,0.15460428535117843
comp_z,top 9%,2022-06-24,4.359398145675596,A,-0.03472849619108265,-0.023098572935810746,0.1266165297789732
comp_z,top 9%,2022-06-27,4.115553800066204,A,-0.04865945524187831,-0.033932685487303216,0.098814228968648
comp_z,top 9%,2022-06-28,4.1481125733231154,A,-0.047598334426027566,-0.023809515284172744,0.10719026235761997
comp_z,top 9%,2022-06-29,4.283360111336244,A,-0.05114767073518156,-0.03187075980716947,0.1318407541635087
comp_z,top 9%,2022-06-30,4.8807090191450735,A,-0.035794807297710896,-0.01250263748404179,0.1634099171770742
comp_z,top 9%,2022-07-01,5.601142776950177,A,-0.017763971362361297,0.006415542938499774,0.22126343672737403
comp_z,top 9%,2022-07-04,5.764684367943608,A,-0.009363984920747526,0.020585495870667048,0.24614697727136625
comp_z,top 9%,2022-07-05,5.588785528518781,A,-0.03490394854130252,0.03249225685664214,0.23762834163985924
comp_z,top 9%,2022-07-06,5.875449081025162,A,-0.019114227675693596,0.035119597320757645,0.2596486794959212
comp_z,top 9%,2022-07-07,5.653324694501653,A,-0.0607175421488243,0.008741326442600394,0.21276747343078495
comp_z,top 9%,2022-07-08,5.508333386365128,A,-0.0814896001524793,0.002991860448732009,0.2060469458615224
comp_z,top 9%,2022-07-11,5.516714786030749,A,-0.04973164014098519,-0.002580953542683395,0.1965658773316017
comp_z,top 9%,2022-07-12,5.840815812029021,A,-0.003548223194422051,0.017356362273995396,0.22653903045513868
comp_z,top 9%,2022-07-13,5.556828781934244,A,-0.031073984434876634,-0.011336609498256767,0.19926692753479625
comp_z,top 9%,2022-07-14,5.36600715815898,A,-0.051819538417762434,-0.011195897501659946,0.1902390467480084
comp_z,top 9%,2022-07-15,5.177088930231095,A,-0.11260112445138404,-0.02624041772170793,0.18392373678974638
comp_z,top 9%,2022-07-18,4.958632306109936,A,-0.12087320863431938,-0.023484933307676314,0.17874017541557996
comp_z,top 9%,2022-07-19,4.713449211108846,A,-0.13216174215230803,-0.01995634924974443,0.17134279035551603
comp_z,top 9%,2022-07-20,4.56763579441487,A,-0.11299867800498775,0.008490454056727659,0.16957953599582698
comp_z,top 9%,2022-07-21,4.03798847964379,A,-0.13927133111574352,0.0010977374689309372,0.14221743113898588
comp_z,top 9%,2022-07-22,4.016798238377883,A,-0.13272229060112362,-0.0019015456620420368,0.13247695086307099
comp_z,top 9%,2022-07-25,4.126423063440569,A,-0.14356987981077673,-0.005339137952408479,0.1445813893960186
comp_z,top 9%,2022-07-26,4.183519392835924,A,-0.14055931825260426,0.015387513980035239,0.1414909919827716
comp_z,top 9%,2022-07-27,4.094483047881849,A,-0.15086770037923825,0.013978979966725813,0.13300196751170446
comp_z,top 9%,2022-07-28,3.9159808912904146,A,-0.1548920056028027,0.012244065806056081,0.12394979960472896
comp_z,top 9%,2022-07-29,3.6360473505807387,A,-0.17890336804135787,0.047955863376813346,0.11259150426975184
comp_z,top 9%,2022-08-01,3.9074459949704,A,-0.16879574422814603,0.03017412364255967,0.09999780337255526
comp_z,top 9%,2022-08-02,4.408305003977934,A,-0.1432281613667804,0.05304000497206274,0.11959510660318529
comp_z,top 9%,2022-08-03,4.306968837549531,A,-0.159139873202906,0.0642908265956168,0.10705281554239998
comp_z,top 9%,2022-08-04,4.16183618543721,A,-0.15015014211447797,0.061551287954719536,0.10909890648403775
comp_z,top 9%,2022-08-05,3.719795719673774,A,-0.1665271470120998,0.020371632959762076,0.07520835899070155
comp_z,top 9%,2022-08-08,3.5748874235287955,A,-0.16142563149604294,0.02036712350649994,0.07006765479971633
comp_z,top 9%,2022-08-29,3.4681423480109936,A,-0.00815108850772961,0.04619825239077113,0.10197795900307738
comp_z,top 9%,2022-09-01,3.550368128426997,A,-0.006947662208620642,0.07712144416623445,0.14375547812913436
comp_z,top 9%,2022-09-02,3.5636954759994195,A,0.013169471442834091,0.07996525971625656,0.15995124046064912
comp_z,top 9%,2022-09-05,3.6440687550735826,A,0.019272729716212744,0.07670421044027087,0.1451414114510441
comp_z,top 9%,2022-09-06,3.5897883966051256,A,0.030026160035447447,0.0527679312884588,0.13270077790526047
comp_z,top 9%,2022-09-07,3.697523415579689,A,0.0454547264373788,0.08265855477476536,0.1534858314720502
comp_z,top 9%,2022-10-11,3.5260438214180345,A,0.09731892738345582,0.22203752411833677,0.279548211269222
comp_z,top 9%,2022-10-12,3.5190505383356925,A,0.11077841817942446,0.22405340733820922,0.2605664519173705
comp_z,top 9%,2022-10-13,3.9846343460106937,A,0.1292929781418508,0.22959515421656573,0.2816098643021594
comp_z,top 9%,2022-10-14,3.738139178143161,A,0.1369661228784489,0.193682117852652,0.24269141650372772
comp_z,top 9%,2022-10-17,3.8512138954014166,A,0.16308166982125916,0.21330454338916915,0.2574919184296909
comp_z,top 9%,2022-10-18,3.6742489476436893,A,0.1508406632862218,0.1949519433389868,0.24934479179615554
comp_z,top 9%,2022-10-19,3.709568682992858,A,0.16140341003866965,0.19523575816972594,0.29485442007591955
comp_z,top 9%,2022-10-20,3.689984251684825,A,0.18145153649879808,0.19670874010216965,0.3119689431446544
comp_z,top 9%,2022-10-21,3.7891568203420958,A,0.19413544911621883,0.19930476370753025,0.32748728253837345
comp_z,top 9%,2022-10-24,3.826671012989495,A,0.19776889168830336,0.21747236461508113,0.33100030741127906
comp_z,top 9%,2022-10-25,4.40588000198405,A,0.27628810372418844,0.2445659625718395,0.3646624107816141
comp_z,top 9%,2022-10-26,4.311504995446602,A,0.2393754200475584,0.22785106821408263,0.35260987822312817
comp_z,top 9%,2022-10-27,4.126134645119942,A,0.2290786852330995,0.21358597799481127,0.3282423477491412
comp_z,top 9%,2022-10-28,4.228020872796255,A,0.26571684478557556,0.23224333247304152,0.3659234441517307
comp_z,top 9%,2022-10-31,4.12458359804425,A,0.24910450723134026,0.2238126870467647,0.3511380919119549
comp_z,top 9%,2022-11-01,3.968833533887272,A,0.2242409927352189,0.2206478275856203,0.359822002157524
comp_z,top 9%,2022-11-02,3.8940665766421163,A,0.21678787455293547,0.20451775180872,0.35490156296767883
comp_z,top 9%,2022-11-03,3.7763032974274404,A,0.25198009351001427,0.21779277902101768,0.37695169787937166
comp_z,top 9%,2022-11-04,3.6147823253999047,A,0.25059751386140916,0.21232439436622608,0.37433739253639975
comp_z,top 9%,2025-04-08,4.620855660870423,B,0.2873083254519151,0.5297905405288605,1.2431071697636633
comp_z,top 9%,2025-04-09,6.062598819763987,B,0.33679897743549225,0.5773846284047734,1.362450172683535
comp_z,top 9%,2025-04-10,5.339264783692823,B,0.20820891248205098,0.447942393351791,1.184785472819586
comp_z,top 9%,2025-04-11,5.3691125247316185,B,0.17532648941886575,0.42228840619979024,1.143684133668275
comp_z,top 9%,2025-04-14,5.3914667405448045,B,0.19364693090571872,0.456741597046028,1.1548152687120408
comp_z,top 9%,2025-04-15,5.148513124823155,B,0.1952827079526871,0.462912237174401,1.2222520451114343
comp_z,top 9%,2025-04-16,5.2280226777066,B,0.22254394321516768,0.5308843354586052,1.3400603266855597
comp_z,top 9%,2025-04-17,5.174741280875424,B,0.22902517352862595,0.5342481296529369,1.3408515401736252
comp_z,top 9%,2025-04-18,5.099828237786797,B,0.24300814335686205,0.542176703928805,1.3040239506621938
comp_z,top 9%,2025-04-21,5.317859158392033,B,0.2711223003543457,0.5493020380379248,1.3309972300039932
comp_z,top 9%,2025-04-22,5.455388870308625,B,0.30041690415341327,0.5678799741315979,1.4780048635154008
comp_z,top 9%,2025-04-23,5.100981345427166,B,0.26373969282018095,0.5286575267591234,1.3730110376091313
comp_z,top 9%,2025-04-24,5.156629237620205,B,0.2664277564494113,0.5674841795453403,1.4159521081009698
comp_z,top 9%,2025-04-25,5.1631039888852595,B,0.2285054640834887,0.5079874796678105,1.4078942061451092
comp_z,top 9%,2025-04-28,5.112333713796234,B,0.2218308477136428,0.5206612271390161,1.3706189805076288
comp_z,top 9%,2025-04-29,4.955464634675326,B,0.22429954798523144,0.5171712770352854,
comp_z,top 9%,2025-04-30,4.905341187582039,B,0.21610119204965028,0.4980264060274242,
comp_z,top 9%,2025-05-02,4.720708274464869,B,0.1852385562542993,0.44759299821471377,
comp_z,top 9%,2025-05-05,4.873830457364828,B,0.18186670808893313,0.49461040790631206,
comp_z,top 9%,2025-05-06,4.846840091520327,B,0.20138861739807878,0.4923131572906423,
comp_z,top 9%,2025-05-07,4.843279678608071,B,0.2189783993247496,0.5228363076787408,
comp_z,top 9%,2025-05-08,4.795485097643889,B,0.1925856138952251,0.5029847774948346,
comp_z,top 9%,2025-05-09,4.535855052797849,B,0.17099762047525568,0.4925609978380603,
comp_z,top 9%,2025-05-12,4.388599975576375,B,0.17289275667226578,0.4624115640526145,
comp_z,top 9%,2025-05-13,4.265299978817113,B,0.14865781966521352,0.4403268279494428,
comp_z,top 9%,2025-05-14,4.031406720754859,B,0.15515775194059334,0.3908143330967879,
comp_z,top 9%,2025-05-15,3.8203543380373772,B,0.15768953752923975,0.39717342215895957,
comp_z,top 9%,2025-05-16,3.5760344544760563,B,0.16333119625022374,0.37684700224917433,
comp_z,top 9%,2025-05-19,4.003917251720786,B,0.1808869113425451,0.4141622873383972,
comp_z,top 9%,2025-05-20,3.960964051531,B,0.1886266302127959,0.40139867782462413,
comp_z,top 9%,2025-05-21,3.7382172129565396,B,0.16611149418380222,0.38660858786731267,
comp_z,top 9%,2025-05-22,3.709939579491991,B,0.17895409145051633,0.39522503855252733,
comp_z,top 9%,2025-05-23,3.617024335788798,B,0.1871843509412645,0.37428288014977795,
comp_z,top 9%,2025-05-26,3.9244098277796695,B,0.18626898482025234,0.3802640939487607,
comp_z,top 9%,2025-05-27,4.032560245484358,B,0.16312319070017933,0.35997675184087097,
comp_z,top 9%,2025-05-28,4.047709958187617,B,0.1679154797533624,0.34871778608321424,
comp_z,top 9%,2025-05-29,4.023991046816699,B,0.15971417776822983,0.387175069801442,
comp_z,top 9%,2025-06-02,4.138470912018645,B,0.20685267158300613,0.37059066060868173,
comp_z,top 9%,2025-06-03,4.005619511936645,B,0.19947385717965216,0.3540980237888476,
comp_z,top 9%,2025-06-04,3.484580789413897,B,0.17757206474287734,0.3408768704343095,
comp_z,top 9%,2025-06-23,3.536562551463854,B,0.20914665642933694,0.37000637828403105,
comp_z,top 5%,2018-10-11,6.58480405669703,C,-0.04457386263999186,0.09360265836626769,0.19294694466754136
comp_z,top 5%,2018-10-12,5.925118715348578,C,-0.07994985746053784,0.06577174140072373,0.1586510652286761
comp_z,top 5%,2018-10-15,6.213926561128731,C,-0.053030401970719176,0.07655869491359257,0.174368436707367
comp_z,top 5%,2018-10-16,5.924617661884292,C,-0.056746329600292356,0.07650173202167498,0.17813249073271797
comp_z,top 5%,2018-10-17,5.8536195732700955,C,-0.049118383056514725,0.07384714276845972,0.17992251544385418
comp_z,top 5%,2018-10-18,6.104301216200013,C,-0.05243225944755214,0.08179802315226858,0.18364908308412398
comp_z,top 5%,2018-10-19,6.15427901993012,C,-0.046027617917984265,0.08170217555541681,0.20894592394830513
comp_z,top 5%,2018-10-22,6.022847711432427,C,-0.04608596646807295,0.0856712354452307,0.21966270147480804
comp_z,top 5%,2018-10-23,6.422918025761349,C,-0.028295909024674493,0.09332108643389181,0.2484267437356904
comp_z,top 5%,2018-10-24,6.343389224172451,C,-0.018733807693830373,0.10292711784683028,0.2473550383721541
comp_z,top 5%,2018-10-25,7.150463419305364,C,0.013245105951842806,0.13068315867009805,0.27461406041402037
comp_z,top 5%,2018-10-26,7.0040778612525285,C,0.012537983056239987,0.1349174903037742,0.2569978346920716
comp_z,top 5%,2018-10-29,6.855383636648471,C,0.0030958930630891057,0.1398819006419112,0.2628575531469548
comp_z,top 5%,2018-10-30,6.7988695109737725,C,0.005205332865470869,0.11719649241217445,0.252002024051015
comp_z,top 5%,2018-10-31,6.225319615235256,C,-0.002904179242801841,0.10544691722920074,0.22550051974401053
comp_z,top 5%,2018-11-01,6.172072128814082,C,-0.011741942980713072,0.08557166953907092,0.22415059260059444
comp_z,top 5%,2018-11-02,6.047243414633133,C,-0.023403499809303674,0.06901254273378021,0.22819210355008734
comp_z,top 5%,2018-11-05,6.0735750425288115,C,-0.020388002764134106,0.07381808286134439,0.24377174606829222
comp_z,top 5%,2018-11-06,6.122487820030934,C,-0.0066740488644547735,0.05941565168710561,0.24309241950474103
comp_z,top 5%,2018-11-07,5.623546630544708,C,-0.005166487120760843,0.04743505376962154,0.22680314798315604
comp_z,top 5%,2018-11-08,5.510759824804338,C,-0.012805489453504015,0.04276508999544815,0.22046099491048254
comp_z,top 5%,2018-11-09,5.651151181143823,C,-0.0027949161824754043,0.04756232400304761,0.23760101976958303
comp_z,top 5%,2018-11-12,5.578472237139281,C,-0.007995796804196487,0.03430169373002134,0.23776010355829746
comp_z,top 5%,2018-11-13,5.72006515662253,C,0.011607552486242234,0.04570669833061358,0.25692869288213727
comp_z,top 5%,2018-11-14,5.527285391740317,C,0.0063386905158400175,0.04499274902875161,0.24950554710758155
comp_z,top 5%,2018-11-15,5.409130590985115,C,0.014389701628792384,0.04162614648642782,0.2260512906005947
comp_z,top 5%,2018-11-16,5.46312993553722,C,0.03300694705729179,0.030997272092635475,0.24383942643390566
comp_z,top 5%,2018-11-19,5.381152753604371,C,0.034358218295419185,0.03973488507731693,0.24789421640309794
comp_z,top 5%,2018-11-20,5.495069366224135,C,0.05134594653759672,0.046597832246755955,0.2545990268630849
comp_z,top 5%,2018-11-21,5.373750238119501,C,0.05405945593200556,0.0459198862021879,0.271017205963906
comp_z,top 5%,2018-11-22,5.3122520608796036,C,0.058954342039912566,0.04668045234780105,0.27980509054432967
comp_z,top 5%,2018-11-23,5.458071251170098,C,0.052889968294118406,0.05904720977156752,0.2923308579252202
comp_z,top 5%,2018-11-26,5.1763864848505134,C,0.03912058742802804,0.06213701535300076,0.269878702417891
comp_z,top 5%,2018-11-27,5.0319757723378835,C,0.043198787472361166,0.06488984489584593,0.28180290947120556
comp_z,top 5%,2018-11-28,4.854172719267022,C,0.02764578217205549,0.046415393118165005,0.2960298679982196
comp_z,top 5%,2018-11-29,4.896346781756212,C,0.016947224369837866,0.04772351794508567,0.3076767790214725
comp_z,top 5%,2018-11-30,4.845276828941124,C,0.022937543029247554,0.04375912745211741,0.31211072786964
comp_z,top 5%,2018-12-06,4.617708158109282,C,0.0653181188191414,0.0852241872909214,0.3423232068631368
comp_z,top 5%,2018-12-25,4.795576584879241,C,0.12046682907871964,0.15261996435608993,0.3668944377405612
comp_z,top 5%,2018-12-26,4.860978676287468,C,0.13402708359468374,0.1424375235215276,0.375559663798966
comp_z,top 5%,2019-01-02,4.837531517262498,C,0.12985030952871557,0.13611564447670377,0.37048368690087385
comp_z,top 5%,2020-03-13,5.434853199239514,B,0.11666650099786602,0.2752475063960256,0.6975727212507763
comp_z,top 5%,2020-03-16,6.100816379278844,B,0.1520052102991183,0.33433302729262815,0.7508673006332058
comp_z,top 5%,2020-03-17,6.647794282645474,B,0.17902452640695232,0.3860829185247667,0.8143643005964674
comp_z,top 5%,2020-03-18,6.968251946024981,B,0.19505504559509412,0.41542879706183244,0.8993862766424439
comp_z,top 5%,2020-03-19,8.235960576237423,B,0.29686337209110514,0.5164077939611251,1.0336602042519836
comp_z,top 5%,2020-03-20,7.487958476736324,B,0.20270298768160133,0.40540738125910214,0.8901432944114109
comp_z,top 5%,2020-03-23,7.774394043870774,B,0.25564954570057474,0.4874232633403339,0.9588557082465938
comp_z,top 5%,2020-03-24,7.1994975585035395,B,0.19663338479863235,0.42373717510093245,0.8816999923971718
comp_z,top 5%,2020-03-25,6.915025713009119,B,0.15875081357896703,0.3965401248494238,0.8454924517411855
comp_z,top 5%,2020-03-26,6.803462782392372,B,0.15867875571771783,0.3752039300821861,0.8431247115799945
comp_z,top 5%,2020-03-27,6.772178593645461,B,0.17493473078234012,0.3846607358857752,0.8535309861373921
comp_z,top 5%,2020-03-30,6.68959800811568,B,0.17468712180205626,0.38706465976482574,0.8610036123326685
comp_z,top 5%,2020-03-31,6.570123065256564,B,0.18056446226657852,0.3637427653680465,0.8536712453035331
comp_z,top 5%,2020-04-01,6.538098010019483,B,0.19235822949173653,0.3662442838749911,0.8699475629038953
comp_z,top 5%,2020-04-06,6.236216320169936,B,0.18754065408161114,0.3131703960793615,0.8573994537970031
comp_z,top 5%,2020-04-07,6.0351084000115796,B,0.17898076605270186,0.29148042320261847,0.8257126499119192
comp_z,top 5%,2020-04-08,5.835514249176323,B,0.1827891865893414,0.2945129660096568,0.8037157574647238
comp_z,top 5%,2020-04-09,5.744068907252136,B,0.19242916000202737,0.3034076759293547,0.808434979071168
comp_z,top 5%,2020-04-10,5.6428103623006525,B,0.1998738947250256,0.3083015008969059,0.7910711441834826
comp_z,top 5%,2020-04-13,5.577000149576138,B,0.2112942403938638,0.31724226449648474,0.8011299567345875
comp_z,top 5%,2020-04-14,5.236042397687824,B,0.16924032865150962,0.29718833537473954,0.7691851212774137
comp_z,top 5%,2020-04-15,5.073196599174559,B,0.18288198195307515,0.30001764762505756,0.789722642615984
comp_z,top 5%,2020-04-16,4.982921818428896,B,0.19616324245647432,0.3239051671051896,0.7992190561495829
comp_z,top 5%,2020-04-17,4.852086880048902,B,0.16576586092393897,0.29522825610115366,0.7357606785334607
comp_z,top 5%,2020-04-20,4.761429917316975,B,0.15783139319363948,0.29973613257264575,0.7434690659066914
comp_z,top 5%,2020-04-21,5.033486417378191,B,0.20595549123391255,0.33343917670691514,0.7653753213884091
comp_z,top 5%,2020-04-22,4.859309706068806,B,0.20409430902740722,0.32094191398716254,0.7500520518181322
comp_z,top 5%,2020-04-23,4.658772058101165,B,0.22888843935283365,0.31044065380434427,0.7270235915850876
comp_z,top 5%,2022-06-30,4.8807090191450735,A,-0.035794807297710896,-0.01250263748404179,0.1634099171770742
comp_z,top 5%,2022-07-01,5.601142776950177,A,-0.017763971362361297,0.006415542938499774,0.22126343672737403
comp_z,top 5%,2022-07-04,5.764684367943608,A,-0.009363984920747526,0.020585495870667048,0.24614697727136625
comp_z,top 5%,2022-07-05,5.588785528518781,A,-0.03490394854130252,0.03249225685664214,0.23762834163985924
comp_z,top 5%,2022-07-06,5.875449081025162,A,-0.019114227675693596,0.035119597320757645,0.2596486794959212
comp_z,top 5%,2022-07-07,5.653324694501653,A,-0.0607175421488243,0.008741326442600394,0.21276747343078495
comp_z,top 5%,2022-07-08,5.508333386365128,A,-0.0814896001524793,0.002991860448732009,0.2060469458615224
comp_z,top 5%,2022-07-11,5.516714786030749,A,-0.04973164014098519,-0.002580953542683395,0.1965658773316017
comp_z,top 5%,2022-07-12,5.840815812029021,A,-0.003548223194422051,0.017356362273995396,0.22653903045513868
comp_z,top 5%,2022-07-13,5.556828781934244,A,-0.031073984434876634,-0.011336609498256767,0.19926692753479625
comp_z,top 5%,2022-07-14,5.36600715815898,A,-0.051819538417762434,-0.011195897501659946,0.1902390467480084
comp_z,top 5%,2022-07-15,5.177088930231095,A,-0.11260112445138404,-0.02624041772170793,0.18392373678974638
comp_z,top 5%,2022-07-18,4.958632306109936,A,-0.12087320863431938,-0.023484933307676314,0.17874017541557996
comp_z,top 5%,2022-07-19,4.713449211108846,A,-0.13216174215230803,-0.01995634924974443,0.17134279035551603
comp_z,top 5%,2025-04-08,4.620855660870423,B,0.2873083254519151,0.5297905405288605,1.2431071697636633
comp_z,top 5%,2025-04-09,6.062598819763987,B,0.33679897743549225,0.5773846284047734,1.362450172683535
comp_z,top 5%,2025-04-10,5.339264783692823,B,0.20820891248205098,0.447942393351791,1.184785472819586
comp_z,top 5%,2025-04-11,5.3691125247316185,B,0.17532648941886575,0.42228840619979024,1.143684133668275
comp_z,top 5%,2025-04-14,5.3914667405448045,B,0.19364693090571872,0.456741597046028,1.1548152687120408
comp_z,top 5%,2025-04-15,5.148513124823155,B,0.1952827079526871,0.462912237174401,1.2222520451114343
comp_z,top 5%,2025-04-16,5.2280226777066,B,0.22254394321516768,0.5308843354586052,1.3400603266855597
comp_z,top 5%,2025-04-17,5.174741280875424,B,0.22902517352862595,0.5342481296529369,1.3408515401736252
comp_z,top 5%,2025-04-18,5.099828237786797,B,0.24300814335686205,0.542176703928805,1.3040239506621938
comp_z,top 5%,2025-04-21,5.317859158392033,B,0.2711223003543457,0.5493020380379248,1.3309972300039932
comp_z,top 5%,2025-04-22,5.455388870308625,B,0.30041690415341327,0.5678799741315979,1.4780048635154008
comp_z,top 5%,2025-04-23,5.100981345427166,B,0.26373969282018095,0.5286575267591234,1.3730110376091313
comp_z,top 5%,2025-04-24,5.156629237620205,B,0.2664277564494113,0.5674841795453403,1.4159521081009698
comp_z,top 5%,2025-04-25,5.1631039888852595,B,0.2285054640834887,0.5079874796678105,1.4078942061451092
comp_z,top 5%,2025-04-28,5.112333713796234,B,0.2218308477136428,0.5206612271390161,1.3706189805076288
comp_z,top 5%,2025-04-29,4.955464634675326,B,0.22429954798523144,0.5171712770352854,
comp_z,top 5%,2025-04-30,4.905341187582039,B,0.21610119204965028,0.4980264060274242,
comp_z,top 5%,2025-05-02,4.720708274464869,B,0.1852385562542993,0.44759299821471377,
comp_z,top 5%,2025-05-05,4.873830457364828,B,0.18186670808893313,0.49461040790631206,
comp_z,top 5%,2025-05-06,4.846840091520327,B,0.20138861739807878,0.4923131572906423,
comp_z,top 5%,2025-05-07,4.843279678608071,B,0.2189783993247496,0.5228363076787408,
comp_z,top 5%,2025-05-08,4.795485097643889,B,0.1925856138952251,0.5029847774948346,
comp_vote,top 19%,2017-09-05,1.0,bull,-0.004219275655285681,0.011569854783840983,0.06676547450743775
comp_vote,top 19%,2017-09-06,1.0,bull,0.0036318457485957634,0.027654361197652966,0.06377202244320612
comp_vote,top 19%,2017-09-07,1.0,bull,0.0,0.03327419793158404,0.08779109426956588
comp_vote,top 19%,2017-09-08,1.0,bull,-0.022370093796708623,0.043776595579915645,0.07374239398529081
comp_vote,top 19%,2017-12-06,2.0,bull,0.06766025564163702,0.04736046425083895,-0.02514431112181903
comp_vote,top 19%,2017-12-07,2.0,bull,0.07714433112011165,0.04798093987222085,-0.024468457041975977
comp_vote,top 19%,2017-12-08,1.0,bull,0.06890260034050488,0.04607880140689691,-0.03661467533726237
comp_vote,top 19%,2018-02-01,1.0,C,-0.042815322505511566,0.013660663893446001,-0.07930382136724734
comp_vote,top 19%,2018-02-05,1.0,C,-0.023325302661367675,0.039094760601553036,-0.04123540755523558
comp_vote,top 19%,2018-02-06,2.0,C,0.026365526115713633,0.09062551352642045,0.004353874103255606
comp_vote,top 19%,2018-02-07,1.0,C,0.006819435442619204,0.07147641909665348,-0.0010101135823756824
comp_vote,top 19%,2018-02-08,1.0,C,0.004342288887756229,0.050248134699107494,0.0021896435969570582
comp_vote,top 19%,2018-02-09,2.0,C,0.03795078344009961,0.07849453333789236,0.021182541369770158
comp_vote,top 19%,2018-02-12,2.0,C,0.025721573208842274,0.059577677271069884,0.0037237315465352694
comp_vote,top 19%,2018-02-21,1.0,C,-0.001840421869489406,0.036794738767881086,-0.020995661502246188
comp_vote,top 19%,2018-02-22,1.0,C,0.0067897858928711585,0.0413270393387557,-0.012385634400292167
comp_vote,top 19%,2018-02-23,1.0,C,-0.0018295576934698188,0.03231697078082063,-0.028233040672575926
comp_vote,top 19%,2018-02-26,1.0,C,-0.0024270537877477683,0.034648121175601565,-0.04115122526341808
comp_vote,top 19%,2018-02-27,1.0,C,-0.006071971497482176,0.03650068541281937,-0.03867525227437296
comp_vote,top 19%,2018-03-01,1.0,C,-0.01651379718683421,0.04904190278926657,-0.017631192921023997
comp_vote,top 19%,2018-03-02,1.0,C,-0.0049291798104019735,0.053691849417838,-0.012289309528645376
comp_vote,top 19%,2018-03-05,1.0,C,0.007430365151088303,0.06827685300540987,-0.008040521877441642
comp_vote,top 19%,2018-03-06,1.0,C,0.005477876326157594,0.0586631254181007,-0.0179854783615212
comp_vote,top 19%,2018-03-07,1.0,C,0.008557535954509143,0.07551985372764869,-0.007429030205786447
comp_vote,top 19%,2018-03-08,1.0,C,0.006646431501813099,0.06682788050199018,-0.015055599364091732
comp_vote,top 19%,2018-03-09,1.0,C,0.007241968095197837,0.05823799580489264,-0.014989145795052061
comp_vote,top 19%,2018-03-12,1.0,C,-0.019013343695741813,0.03589857641409222,-0.022175833452912963
comp_vote,top 19%,2018-03-14,1.0,C,-0.021352552539714353,0.040633756110799,-0.0362484907788958
comp_vote,top 19%,2018-03-19,1.0,C,-0.022659287051428834,0.03419320613821775,-0.026736272191754118
comp_vote,top 19%,2018-03-20,1.0,C,-0.03818625778775653,0.030598720722470496,-0.018092148511001827
comp_vote,top 19%,2018-03-23,1.0,C,-0.01157131657118382,0.062378444694479285,0.014902116088914008
comp_vote,top 19%,2018-03-26,1.0,C,-0.015814946451318646,0.053112390516262487,0.023152840941854436
comp_vote,top 19%,2018-03-28,1.0,C,-0.02249240646346584,0.05614966321727821,0.030114340621461455
comp_vote,top 19%,2018-03-29,1.0,C,-0.02496966429279257,0.05500912680579084,0.02756471294473606
comp_vote,top 19%,2018-04-02,1.0,C,-0.014589710891947383,0.06779661824187144,0.03453829749993753
comp_vote,top 19%,2018-04-03,1.0,C,-0.0042943978043752384,0.0751484768394155,0.047247508262732385
comp_vote,top 19%,2018-04-24,1.0,C,0.04714042371985694,0.003902059248490408,0.09448169958711117
comp_vote,top 19%,2018-04-25,1.0,C,0.06746510762422853,0.008338146113855416,0.0789231581365959
comp_vote,top 19%,2018-04-26,1.0,C,0.07849453333789236,0.012802725427027983,0.09351354512158072
comp_vote,top 19%,2018-04-27,1.0,C,0.07836183595434298,0.007702094346946131,0.08356688282437164
comp_vote,top 19%,2018-05-03,1.0,C,0.10012172753989113,-0.0019312332595021742,0.06076957712911146
comp_vote,top 19%,2018-05-04,1.0,C,0.0926326325419895,-0.011457864354758818,0.04881119183856808
comp_vote,top 19%,2018-06-28,1.0,C,0.08202697718176477,-0.04330638388195662,0.059723793101128075
comp_vote,top 19%,2018-07-05,1.0,C,0.0851343275617471,-0.06720904841443842,0.07113601516477774
comp_vote,top 19%,2018-07-06,1.0,C,0.08805900522681043,-0.08134692597634308,0.07041616076954749
comp_vote,top 19%,2018-07-11,1.0,C,0.047832717285663184,-0.06818182907901638,0.06515177595779065
comp_vote,top 19%,2018-08-16,1.0,C,-0.06921237786141299,-0.07665476655589443,-0.009213381545722488
comp_vote,top 19%,2018-08-17,1.0,C,-0.07830247816990754,-0.0676038258088254,-0.0006002716664691432
comp_vote,top 19%,2018-09-13,1.0,C,-0.12360214510388934,-0.048496870103820755,0.03184260061262556
comp_vote,top 19%,2018-09-14,1.0,C,-0.13237008387857097,-0.06435499822146529,0.016958844886622915
comp_vote,top 19%,2018-09-20,1.0,C,-0.11583201131469312,-0.05601927495828163,0.030720015955806756
comp_vote,top 19%,2018-09-21,1.0,C,-0.13298796890490028,-0.06812562169790692,0.02303716795950006
comp_vote,top 19%,2018-09-25,1.0,C,-0.12858790145301302,-0.07080040044665548,0.03263564416804399
comp_vote,top 19%,2018-10-05,2.0,C,-0.11264215552431778,0.0025815352435833994,0.10521434970939825
comp_vote,top 19%,2018-10-08,2.0,C,-0.11626493124139936,0.00739599618059783,0.10807445493947943
comp_vote,top 19%,2018-10-09,2.0,C,-0.1327325300586356,0.013659442016524359,0.10911862223767388
comp_vote,top 19%,2018-10-11,3.0,C,-0.04457386263999186,0.09360265836626769,0.19294694466754136
comp_vote,top 19%,2018-10-12,3.0,C,-0.07994985746053784,0.06577174140072373,0.1586510652286761
comp_vote,top 19%,2018-10-15,3.0,C,-0.053030401970719176,0.07655869491359257,0.174368436707367
comp_vote,top 19%,2018-10-16,3.0,C,-0.056746329600292356,0.07650173202167498,0.17813249073271797
comp_vote,top 19%,2018-10-17,3.0,C,-0.049118383056514725,0.07384714276845972,0.17992251544385418
comp_vote,top 19%,2018-10-18,3.0,C,-0.05243225944755214,0.08179802315226858,0.18364908308412398
comp_vote,top 19%,2018-10-19,3.0,C,-0.046027617917984265,0.08170217555541681,0.20894592394830513
comp_vote,top 19%,2018-10-22,3.0,C,-0.04608596646807295,0.0856712354452307,0.21966270147480804
comp_vote,top 19%,2018-10-23,3.0,C,-0.028295909024674493,0.09332108643389181,0.2484267437356904
comp_vote,top 19%,2018-10-24,3.0,C,-0.018733807693830373,0.10292711784683028,0.2473550383721541
comp_vote,top 19%,2018-10-25,3.0,C,0.013245105951842806,0.13068315867009805,0.27461406041402037
comp_vote,top 19%,2018-10-26,3.0,C,0.012537983056239987,0.1349174903037742,0.2569978346920716
comp_vote,top 19%,2018-10-29,3.0,C,0.0030958930630891057,0.1398819006419112,0.2628575531469548
comp_vote,top 19%,2018-10-30,3.0,C,0.005205332865470869,0.11719649241217445,0.252002024051015
comp_vote,top 19%,2018-10-31,3.0,C,-0.002904179242801841,0.10544691722920074,0.22550051974401053
comp_vote,top 19%,2018-11-01,3.0,C,-0.011741942980713072,0.08557166953907092,0.22415059260059444
comp_vote,top 19%,2018-11-02,3.0,C,-0.023403499809303674,0.06901254273378021,0.22819210355008734
comp_vote,top 19%,2018-11-05,3.0,C,-0.020388002764134106,0.07381808286134439,0.24377174606829222
comp_vote,top 19%,2018-11-06,3.0,C,-0.0066740488644547735,0.05941565168710561,0.24309241950474103
comp_vote,top 19%,2018-11-07,2.0,C,-0.005166487120760843,0.04743505376962154,0.22680314798315604
comp_vote,top 19%,2018-11-08,2.0,C,-0.012805489453504015,0.04276508999544815,0.22046099491048254
comp_vote,top 19%,2018-11-09,2.0,C,-0.0027949161824754043,0.04756232400304761,0.23760101976958303
comp_vote,top 19%,2018-11-12,2.0,C,-0.007995796804196487,0.03430169373002134,0.23776010355829746
comp_vote,top 19%,2018-11-13,2.0,C,0.011607552486242234,0.04570669833061358,0.25692869288213727
comp_vote,top 19%,2018-11-14,2.0,C,0.0063386905158400175,0.04499274902875161,0.24950554710758155
comp_vote,top 19%,2018-11-15,2.0,C,0.014389701628792384,0.04162614648642782,0.2260512906005947
comp_vote,top 19%,2018-11-16,2.0,C,0.03300694705729179,0.030997272092635475,0.24383942643390566
comp_vote,top 19%,2018-11-19,2.0,C,0.034358218295419185,0.03973488507731693,0.24789421640309794
comp_vote,top 19%,2018-11-20,2.0,C,0.05134594653759672,0.046597832246755955,0.2545990268630849
comp_vote,top 19%,2018-11-21,2.0,C,0.05405945593200556,0.0459198862021879,0.271017205963906
comp_vote,top 19%,2018-11-22,2.0,C,0.058954342039912566,0.04668045234780105,0.27980509054432967
comp_vote,top 19%,2018-11-23,2.0,C,0.052889968294118406,0.05904720977156752,0.2923308579252202
comp_vote,top 19%,2018-11-26,2.0,C,0.03912058742802804,0.06213701535300076,0.269878702417891
comp_vote,top 19%,2018-11-27,2.0,C,0.043198787472361166,0.06488984489584593,0.28180290947120556
comp_vote,top 19%,2018-11-28,2.0,C,0.02764578217205549,0.046415393118165005,0.2960298679982196
comp_vote,top 19%,2018-11-29,2.0,C,0.016947224369837866,0.04772351794508567,0.3076767790214725
comp_vote,top 19%,2018-11-30,2.0,C,0.022937543029247554,0.04375912745211741,0.31211072786964
comp_vote,top 19%,2018-12-03,2.0,C,0.010717762546049503,0.03426818385213459,0.29512970547922546
comp_vote,top 19%,2018-12-04,2.0,C,0.015845302818219054,0.04614918691076353,0.3048972153551561
comp_vote,top 19%,2018-12-05,2.0,C,0.0363773797969813,0.07202193199002505,0.3246745594782383
comp_vote,top 19%,2018-12-06,2.0,C,0.0653181188191414,0.0852241872909214,0.3423232068631368
comp_vote,top 19%,2018-12-07,2.0,C,0.06720860039821197,0.07814053654657549,0.33885281897257213
comp_vote,top 19%,2018-12-10,3.0,C,0.08569769378197711,0.08985220889580092,0.35753427150463657
comp_vote,top 19%,2018-12-11,2.0,C,0.07839181705623277,0.08388682064254716,0.34875947817427644
comp_vote,top 19%,2018-12-12,2.0,C,0.07091132722382953,0.09255923626954887,0.3284039665039449
comp_vote,top 19%,2018-12-13,2.0,C,0.07220994002542769,0.0924787894494854,0.3355207920166965
comp_vote,top 19%,2018-12-14,2.0,C,0.06930889221211878,0.10625259886916805,0.34959904266231434
comp_vote,top 19%,2018-12-17,2.0,C,0.06764861103527253,0.10226380924406153,0.32730009778821145
comp_vote,top 19%,2018-12-18,2.0,C,0.07481135772137715,0.10561774912892163,0.34842385574473167
comp_vote,top 19%,2018-12-19,2.0,C,0.06631477931361496,0.09144436817190016,0.3377643209948187
comp_vote,top 19%,2018-12-20,2.0,C,0.08732120597220816,0.11960405277786501,0.3355973000892616
comp_vote,top 19%,2018-12-21,2.0,C,0.0947493115160698,0.1091448669895414,0.32878515698001887
comp_vote,top 19%,2018-12-24,2.0,C,0.1062174439530712,0.14072208367021477,0.3314156576907372
comp_vote,top 19%,2018-12-25,3.0,C,0.12046682907871964,0.15261996435608993,0.3668944377405612
comp_vote,top 19%,2018-12-26,4.0,C,0.13402708359468374,0.1424375235215276,0.375559663798966
comp_vote,top 19%,2018-12-27,3.0,C,0.11823035041057395,0.12647308226005416,0.35776483160175454
comp_vote,top 19%,2018-12-28,3.0,C,0.11293082533170495,0.11839301247577394,0.3579355374184454
comp_vote,top 19%,2019-01-02,3.0,C,0.12985030952871557,0.13611564447670377,0.37048368690087385
comp_vote,top 19%,2019-01-03,3.0,C,0.1399298633647139,0.14555241984897638,0.37931017588976856
comp_vote,top 19%,2019-01-04,2.0,C,0.16879679816084603,0.1737947450531201,0.40127975366742885
comp_vote,top 19%,2019-01-07,2.0,C,0.1446229233251488,0.15507914003547407,0.3737433568403612
comp_vote,top 19%,2019-01-08,2.0,C,0.15838440985297852,0.15838440985297852,0.3009829624198972
comp_vote,top 19%,2019-01-09,2.0,C,0.13684610060766134,0.14371957896934218,0.2875858140720089
comp_vote,top 19%,2019-01-10,2.0,C,0.1412642916782958,0.14884522973189762,0.27811109797523326
comp_vote,top 19%,2019-01-11,2.0,C,0.1293173867639117,0.13068315867009805,0.2883016239783083
comp_vote,top 19%,2019-01-14,2.0,C,0.1416577167576032,0.13684610060766134,0.3004688917089169
comp_vote,top 19%,2019-01-15,2.0,C,0.13389254853964916,0.1408231572688936,0.30987272486492445
comp_vote,top 19%,2019-01-16,2.0,C,0.13812272100187495,0.14783851877953258,0.2959749636655491
comp_vote,top 19%,2019-01-17,2.0,C,0.12515846808517206,0.15059100890506594,0.293132999291855
comp_vote,top 19%,2019-01-18,2.0,C,0.12398361065995078,0.14384675319992013,0.2969238593389405
comp_vote,top 19%,2019-01-21,2.0,C,0.1159029064423005,0.13902129075296998,0.300230423361586
comp_vote,top 19%,2019-01-22,1.0,C,0.12086411502128991,0.13383731519458308,0.3049734395931949
comp_vote,top 19%,2019-01-23,2.0,C,0.13636383971339727,0.14195902581334652,0.3132900305246582
comp_vote,top 19%,2019-01-24,2.0,C,0.11141122702508754,0.13315632968273117,0.2979422291990126
comp_vote,top 19%,2019-01-25,1.0,C,0.10866668400005985,0.1134245748074707,0.264146717878051
comp_vote,top 19%,2019-01-28,1.0,C,0.09846983976360812,0.10449207812162631,0.27617262822342914
comp_vote,top 19%,2019-01-29,1.0,C,0.09463073288204304,0.09585271928011041,0.2817156618218395
comp_vote,top 19%,2019-01-30,1.0,C,0.09616673324877212,0.08721191519403648,0.277999612544094
comp_vote,top 19%,2019-02-11,1.0,C,0.06653375005053319,0.07496716518754631,0.24846007785086233
comp_vote,top 19%,2019-02-12,1.0,C,0.05287471743703476,0.06252964475112477,0.2436492522082343
comp_vote,top 19%,2019-02-13,1.0,C,0.05629141861636677,0.07733067983848207,0.23370753641406994
comp_vote,top 19%,2019-02-14,1.0,C,0.05049837892196063,0.08024006113633386,0.2267357916016659
comp_vote,top 19%,2019-02-15,1.0,C,0.04263841866592277,0.0710244084290872,0.21196789056608867
comp_vote,top 19%,2019-02-18,1.0,C,0.03370787985970014,0.07052851306722574,0.21956099680331675
comp_vote,top 19%,2019-02-19,1.0,C,0.038410585697642,0.06063312678288191,0.2302593240138684
comp_vote,top 19%,2019-02-20,1.0,C,0.02685008021463786,0.06137405314801958,0.2302014203280951
comp_vote,top 19%,2019-02-21,1.0,C,-0.0019454612288729578,0.05693582128368191,0.1932484767273781
comp_vote,top 19%,2019-02-22,1.0,C,0.005198070346227102,0.06161734230175586,0.16174365661701917
comp_vote,top 19%,2019-03-25,1.0,C,0.03454914377511864,0.09629162285482717,0.04597081953684801
comp_vote,top 19%,2019-03-26,1.0,C,0.03242190159852654,0.08291040194716226,0.05388466757667909
comp_vote,top 19%,2019-03-27,1.0,C,0.028662137952147004,0.08819148909360797,0.05125554883932648
comp_vote,top 19%,2019-03-28,1.0,C,0.023566764097991078,0.08562196142132361,0.05191893147394189
comp_vote,top 19%,2019-03-29,1.0,C,0.029690257697854383,0.07861784667049676,0.03670211873318041
comp_vote,top 19%,2019-04-01,1.0,C,0.013149636471143866,0.062215532240505134,0.055651744688401505
comp_vote,top 19%,2019-04-02,1.0,C,0.031191552714845416,0.06075667464837742,0.054948278725432065
comp_vote,top 19%,2019-04-03,1.0,C,0.028696195588232998,0.06453138565955374,0.04975188056793667
comp_vote,top 19%,2019-04-08,1.0,C,0.007416436563564499,0.07149185875758657,0.07155485497653236
comp_vote,top 19%,2019-04-09,1.0,C,0.007371228876459801,0.06119379096581801,0.06177486516729225
comp_vote,top 19%,2019-04-10,1.0,C,0.004907930501826918,0.04937312662717308,0.02980786702156424
comp_vote,top 19%,2019-04-11,1.0,C,0.005545278781754481,0.05824870231143242,0.034249343102298324
comp_vote,top 19%,2019-04-12,1.0,C,0.004932370547488185,0.06263226641282515,0.03873925621250662
comp_vote,top 19%,2019-04-15,1.0,C,0.004276146974511397,0.06583279844091083,0.029220836393355265
comp_vote,top 19%,2019-04-16,1.0,C,0.0091350754010322,0.053988440195112064,0.047014646481394085
comp_vote,top 19%,2019-04-17,1.0,C,0.0,0.06703785580498445,0.03879009599165584
comp_vote,top 19%,2019-04-18,1.0,C,0.006046093977018385,0.06951253865664819,0.053898607466478454
comp_vote,top 19%,2019-04-19,1.0,C,0.006642578856518533,0.07309271463203637,0.075262574423961
comp_vote,top 19%,2019-04-22,1.0,C,0.0012093782688495924,0.07500024775338932,0.04508451010497794
comp_vote,top 19%,2019-04-23,1.0,C,-0.004214587331487718,0.06804081239585047,0.045695309927453964
comp_vote,top 19%,2019-04-24,1.0,C,0.006112227069637655,0.06490319429336755,0.045061752368016794
comp_vote,top 19%,2020-01-30,1.0,B,-0.07506993783517524,0.11165969813939358,0.503175951622348
comp_vote,top 19%,2020-01-31,1.0,B,-0.06948297407453041,0.1567593037260162,0.46687750335037226
comp_vote,top 19%,2020-02-03,1.0,B,-0.03986532758209249,0.17184346408943774,0.5111746999855031
comp_vote,top 19%,2020-02-04,1.0,B,-0.0838852595290458,0.14012196978963587,0.5273533354468773
comp_vote,top 19%,2020-02-05,1.0,B,-0.08200332390332599,0.15361521786105126,0.5220178224151375
comp_vote,top 19%,2020-02-06,1.0,B,-0.09534131730540496,0.13276399334254063,0.48918662733194607
comp_vote,top 19%,2020-02-07,1.0,B,-0.08059202287211398,0.12654664467567378,0.5212551768919593
comp_vote,top 19%,2020-02-10,1.0,B,-0.0730769192533246,0.14341211195159742,0.5896315634074594
comp_vote,top 19%,2020-02-11,1.0,B,-0.07302442719279056,0.14504371668644933,0.5743936980607369
comp_vote,top 19%,2020-02-12,1.0,B,-0.09282245166178782,0.1458795592000297,0.5424366638089788
comp_vote,top 19%,2020-02-13,1.0,B,-0.09159490857881014,0.13588675176285037,0.5393888707512147
comp_vote,top 19%,2020-02-18,1.0,B,-0.08676570502432401,0.14223095432886113,0.5548467398041317
comp_vote,top 19%,2020-02-21,1.0,B,-0.07397270405386303,0.16566788537614063,0.5271887745218273
comp_vote,top 19%,2020-02-24,1.0,B,-0.0793561447726423,0.173838541791129,0.516410251673125
comp_vote,top 19%,2020-02-25,1.0,B,-0.07581610709533526,0.1622292430294603,0.5031012385028386
comp_vote,top 19%,2020-02-26,1.0,B,-0.055897468935259376,0.13282135494789116,0.5170737617617602
comp_vote,top 19%,2020-02-27,1.0,B,-0.048505366495819824,0.16804124815993093,0.5249596779337142
comp_vote,top 19%,2020-03-02,1.0,B,-0.040068864185248465,0.18888404537629078,0.5541351601005311
comp_vote,top 19%,2020-03-03,1.0,B,-0.04683991685265365,0.18120591425220578,0.5647354043385859
comp_vote,top 19%,2020-03-04,1.0,B,-0.04820638820140444,0.17777761325254793,0.5605561083490593
comp_vote,top 19%,2020-03-05,1.0,B,-0.05432343906930781,0.16751208909270665,0.5392616942803001
comp_vote,top 19%,2020-03-06,1.0,B,-0.017543710547053504,0.17998796649294957,0.5767347008989496
comp_vote,top 19%,2020-03-09,2.0,B,0.020384380271824654,0.1944042166905504,0.6088636784426764
comp_vote,top 19%,2020-03-10,2.0,B,0.023754277102238763,0.20626710460895015,0.6088223433168813
comp_vote,top 19%,2020-03-11,2.0,B,0.04923775493765303,0.21627549615157537,0.6023445095479092
comp_vote,top 19%,2020-03-12,2.0,B,0.09068779302447849,0.26659156988108657,0.6713029332676705
comp_vote,top 19%,2020-03-13,3.0,B,0.11666650099786602,0.2752475063960256,0.6975727212507763
comp_vote,top 19%,2020-03-16,3.0,B,0.1520052102991183,0.33433302729262815,0.7508673006332058
comp_vote,top 19%,2020-03-17,3.0,B,0.17902452640695232,0.3860829185247667,0.8143643005964674
comp_vote,top 19%,2020-03-18,3.0,B,0.19505504559509412,0.41542879706183244,0.8993862766424439
comp_vote,top 19%,2020-03-19,3.0,B,0.29686337209110514,0.5164077939611251,1.0336602042519836
comp_vote,top 19%,2020-03-20,3.0,B,0.20270298768160133,0.40540738125910214,0.8901432944114109
comp_vote,top 19%,2020-03-23,3.0,B,0.25564954570057474,0.4874232633403339,0.9588557082465938
comp_vote,top 19%,2020-03-24,3.0,B,0.19663338479863235,0.42373717510093245,0.8816999923971718
comp_vote,top 19%,2020-03-25,3.0,B,0.15875081357896703,0.3965401248494238,0.8454924517411855
comp_vote,top 19%,2020-03-26,3.0,B,0.15867875571771783,0.3752039300821861,0.8431247115799945
comp_vote,top 19%,2020-03-27,3.0,B,0.17493473078234012,0.3846607358857752,0.8535309861373921
comp_vote,top 19%,2020-03-30,3.0,B,0.17468712180205626,0.38706465976482574,0.8610036123326685
comp_vote,top 19%,2020-03-31,3.0,B,0.18056446226657852,0.3637427653680465,0.8536712453035331
comp_vote,top 19%,2020-04-01,3.0,B,0.19235822949173653,0.3662442838749911,0.8699475629038953
comp_vote,top 19%,2020-04-06,3.0,B,0.18754065408161114,0.3131703960793615,0.8573994537970031
comp_vote,top 19%,2020-04-07,3.0,B,0.17898076605270186,0.29148042320261847,0.8257126499119192
comp_vote,top 19%,2020-04-08,3.0,B,0.1827891865893414,0.2945129660096568,0.8037157574647238
comp_vote,top 19%,2020-04-09,3.0,B,0.19242916000202737,0.3034076759293547,0.808434979071168
comp_vote,top 19%,2020-04-10,3.0,B,0.1998738947250256,0.3083015008969059,0.7910711441834826
comp_vote,top 19%,2020-04-13,3.0,B,0.2112942403938638,0.31724226449648474,0.8011299567345875
comp_vote,top 19%,2020-04-14,2.0,B,0.16924032865150962,0.29718833537473954,0.7691851212774137
comp_vote,top 19%,2020-04-15,2.0,B,0.18288198195307515,0.30001764762505756,0.789722642615984
comp_vote,top 19%,2020-04-16,2.0,B,0.19616324245647432,0.3239051671051896,0.7992190561495829
comp_vote,top 19%,2020-04-17,2.0,B,0.16576586092393897,0.29522825610115366,0.7357606785334607
comp_vote,top 19%,2020-04-20,2.0,B,0.15783139319363948,0.29973613257264575,0.7434690659066914
comp_vote,top 19%,2020-04-21,3.0,B,0.20595549123391255,0.33343917670691514,0.7653753213884091
comp_vote,top 19%,2020-04-22,3.0,B,0.20409430902740722,0.32094191398716254,0.7500520518181322
comp_vote,top 19%,2020-04-23,2.0,B,0.22888843935283365,0.31044065380434427,0.7270235915850876
comp_vote,top 19%,2020-04-24,2.0,B,0.23200108514872664,0.32724927657683445,0.7422899254832485
comp_vote,top 19%,2020-04-27,2.0,B,0.20615574391111124,0.2933994860898279,0.738011347141861
comp_vote,top 19%,2020-04-28,2.0,B,0.20188514095597987,0.29278918077388116,0.7261671061763577
comp_vote,top 19%,2020-04-29,1.0,B,0.24313609691937832,0.27683204855653254,0.638508544204367
comp_vote,top 19%,2020-04-30,1.0,B,0.22049905888554577,0.24995151321618003,0.557668905682122
comp_vote,top 19%,2020-05-04,1.0,B,0.24451874795020156,0.28760067241560283,0.5810263962253519
comp_vote,top 19%,2020-05-05,1.0,B,0.25666600751347857,0.2741781854861409,0.5913372084887794
comp_vote,top 19%,2020-05-06,1.0,B,0.25214516260266984,0.26662096762572896,0.5592329668417597
comp_vote,top 19%,2020-05-07,1.0,B,0.22529570408434196,0.24751924257288627,0.623916710119639
comp_vote,top 19%,2020-05-08,1.0,B,0.23355663021200335,0.2299741202993164,0.6033089122481878
comp_vote,top 19%,2020-05-11,1.0,B,0.23524691510354745,0.2245879500766279,0.5792215917648731
comp_vote,top 19%,2020-05-12,1.0,B,0.2631260124317196,0.25353884239700775,0.6206645319269166
comp_vote,top 19%,2020-05-13,1.0,B,0.2504187421338293,0.26834159227608567,0.6134164464568106
comp_vote,top 19%,2020-05-14,1.0,B,0.2769169600667778,0.28235829722192385,0.6605848250953779
comp_vote,top 19%,2020-05-15,1.0,B,0.2589314873669182,0.28175543750157117,0.6509207768431209
comp_vote,top 19%,2020-05-18,1.0,B,0.25075346010662525,0.3095055597908578,0.6530601942301075
comp_vote,top 19%,2020-05-19,1.0,B,0.2515780391297635,0.28579372295175154,0.6658842065401447
comp_vote,top 19%,2020-05-20,1.0,B,0.256076384671895,0.3071607121362523,0.6838383200467661
comp_vote,top 19%,2020-05-21,1.0,B,0.2587835050641343,0.2969283948777426,0.6771976976370941
comp_vote,top 19%,2020-05-22,1.0,B,0.2750191457056361,0.326626937827879,0.7085374687621262
comp_vote,top 19%,2020-05-25,1.0,B,0.25757357594345276,0.3607126710179347,0.6960513233382661
comp_vote,top 19%,2020-05-26,1.0,B,0.19989229736553837,0.35494788302298397,0.669050179315138
comp_vote,top 19%,2020-05-27,1.0,B,0.22758574460714454,0.36551017759716675,0.6752997401304817
comp_vote,top 19%,2020-05-28,1.0,B,0.23850972327011055,0.37125011099253924,0.6754697910945089
comp_vote,top 19%,2020-05-29,1.0,B,0.23925239331450943,0.3597188719139939,0.6513788701014529
comp_vote,top 19%,2020-06-01,1.0,B,0.2374296261843074,0.36971465805265047,0.6680837596919669
comp_vote,top 19%,2020-06-02,1.0,B,0.23457864699923836,0.35679674126090544,0.6662938068324453
comp_vote,top 19%,2020-06-03,1.0,B,0.20105899790207782,0.32232534710978356,0.6463911286309121
comp_vote,top 19%,2020-06-04,1.0,B,0.17054341460261058,0.3205985773857478,0.6295932969808717
comp_vote,top 19%,2020-06-05,1.0,B,0.17827796336374613,0.3071075512099859,0.6111003368398977
comp_vote,top 19%,2020-06-08,1.0,B,0.15919913330210633,0.2751190668482597,0.5869492747631653
comp_vote,top 19%,2020-06-09,1.0,B,0.16127784502733533,0.28493774936928506,0.5472717383479413
comp_vote,top 19%,2020-06-10,1.0,B,0.14201286172411365,0.2851124198142605,0.5344381729778571
comp_vote,top 19%,2020-06-11,1.0,B,0.15826995864555893,0.30531609830342865,0.5839885665998303
comp_vote,top 19%,2020-06-12,1.0,B,0.17561839256119605,0.3388353614025368,0.5942660842240126
comp_vote,top 19%,2020-06-15,1.0,B,0.18440468686277134,0.370806807809386,0.6201291942320335
comp_vote,top 19%,2020-06-16,1.0,B,0.16928878291629101,0.3602046187901953,0.5883981850151712
comp_vote,top 19%,2020-06-17,1.0,B,0.16854069180309028,0.35867599994511035,0.5912389972875349
comp_vote,top 19%,2020-06-18,1.0,B,0.18458471827060907,0.3437756662632485,0.6086584736791278
comp_vote,top 19%,2021-01-29,1.0,D,0.03939156066145255,0.08897135992580907,0.15481225882415384
comp_vote,top 19%,2021-02-01,1.0,D,-0.010324931652831437,0.06581650656641713,0.12915619927155064
comp_vote,top 19%,2021-02-26,1.0,bull,0.017991197526936675,0.009697400821947255,0.01763413571537953
comp_vote,top 19%,2021-03-02,1.0,bull,0.027351130596916073,0.012323928587001154,0.04681091853202535
comp_vote,top 19%,2021-05-11,1.0,C,0.04770079067488742,0.02701031116889041,-0.033504817844239865
comp_vote,top 19%,2021-05-12,1.0,C,0.0769357950447418,0.055629649383958535,-0.023751332568107242
comp_vote,top 19%,2021-05-13,1.0,C,0.09141158033661356,0.07411252459081497,0.0016447649622735039
comp_vote,top 19%,2021-05-14,2.0,C,0.0760291299944098,0.058535782686429894,-0.007631978373834558
comp_vote,top 19%,2021-05-17,2.0,C,0.0909250345009156,0.09449175622498251,0.0002488248912719815
comp_vote,top 19%,2021-05-18,2.0,C,0.039689330652138866,0.054845094851337484,-0.03624495656612592
comp_vote,top 19%,2021-05-19,2.0,C,0.04490308050487024,0.0735148210849772,-0.04172924565131242
comp_vote,top 19%,2021-05-20,2.0,C,0.04212210686039208,0.07938199401254842,-0.014708100113984823
comp_vote,top 19%,2021-05-21,2.0,C,0.025282607530529022,0.05482537278372468,-0.004870032514036948
comp_vote,top 19%,2021-05-24,2.0,C,0.01924808077244533,0.0598356413018275,0.00632727510726383
comp_vote,top 19%,2021-05-25,1.0,C,0.006287404570092914,0.05141751912358661,-0.015474861990302236
comp_vote,top 19%,2021-05-26,1.0,C,-0.017568203776394342,0.05249888379086576,-0.02649062279764358
comp_vote,top 19%,2021-05-27,1.0,C,-0.018462046566503743,0.06336417745473777,-0.012661093790713784
comp_vote,top 19%,2021-08-19,1.0,D,0.07132005278798248,0.11730292496484562,-0.05613589120497642
comp_vote,top 19%,2021-08-20,2.0,D,0.08336531841179129,0.12393084678517097,-0.07281942901069416
comp_vote,top 19%,2021-10-01,1.0,D,0.07614768317169451,0.044820418226160674,-0.17533899460492486
comp_vote,top 19%,2021-10-04,2.0,D,0.09125040676380891,0.045725519798384795,-0.2133492145162036
comp_vote,top 19%,2021-10-05,2.0,D,0.09778112602942746,0.028466513713642616,-0.21607750340886622
comp_vote,top 19%,2021-10-06,2.0,D,0.093984853364947,0.03384241809306077,-0.22575712410376436
comp_vote,top 19%,2021-10-07,1.0,D,0.08164032171787383,3.6986958178220064e-05,-0.2172977963157362
comp_vote,top 19%,2021-10-08,1.0,D,0.11475405980475628,0.009368049003871448,-0.2253172122106718
comp_vote,top 19%,2021-10-12,2.0,D,0.12382383397736474,0.03885590509801906,-0.20844100095764928
comp_vote,top 19%,2021-10-13,2.0,D,0.1170692783450542,0.03852768617479163,-0.2163562318725416
comp_vote,top 19%,2021-10-14,2.0,D,0.10433164290410035,0.018083691767469157,-0.222731872421708
comp_vote,top 19%,2021-10-15,1.0,D,0.08293578146948666,-0.013319301207873835,-0.24498862007923794
comp_vote,top 19%,2021-10-18,1.0,D,0.09164482830679965,-0.007028955193403519,-0.24506260315486905
comp_vote,top 19%,2021-10-19,1.0,D,0.09200442063820646,-0.010154305573703115,-0.2655569788396164
comp_vote,top 19%,2021-10-20,1.0,D,0.10029280927654916,-0.006869827692385533,-0.25682205949263726
comp_vote,top 19%,2021-10-21,1.0,D,0.10433485606459714,-0.011856341984389784,-0.24339240407173113
comp_vote,top 19%,2021-10-22,1.0,D,0.11355287921944601,-0.03234584829410869,-0.25513477190574174
comp_vote,top 19%,2021-10-26,1.0,D,0.07960740158348578,-0.059792125659028805,-0.24683090904629124
comp_vote,top 19%,2021-10-27,1.0,D,0.08396911045806221,-0.05570583610415192,-0.24380620448784973
comp_vote,top 19%,2021-10-28,1.0,D,0.0629143778365795,-0.040657267853641765,-0.2514599172636307
comp_vote,top 19%,2021-10-29,1.0,D,0.08364007390438832,-0.03826949897096055,-0.24286977469852866
comp_vote,top 19%,2021-11-01,1.0,D,0.060489126951002614,-0.04320161941842804,-0.23379833292290353
comp_vote,top 19%,2021-11-02,1.0,D,0.06168496183849581,-0.030570257256348432,-0.2243766460989426
comp_vote,top 19%,2021-11-03,1.0,D,0.06457573847839693,-0.052505226261451154,-0.20428178931172014
comp_vote,top 19%,2021-11-04,1.0,D,0.07259813000338267,-0.06513569765290617,-0.2092912675857529
comp_vote,top 19%,2021-11-05,1.0,D,0.06115250071754885,-0.08240648739148604,-0.1790315854215896
comp_vote,top 19%,2021-11-08,1.0,D,0.06488038484847447,-0.08818925638480113,-0.17804664885725907
comp_vote,top 19%,2021-11-09,1.0,D,0.05280136469831387,-0.11933645183548025,-0.1520640245701529
comp_vote,top 19%,2021-11-10,1.0,D,0.03793444095419485,-0.11008201479674706,-0.1523376909693741
comp_vote,top 19%,2021-11-11,1.0,D,0.04248180646810473,-0.09732328340795848,-0.14435494457650633
comp_vote,top 19%,2021-11-12,1.0,D,0.05631438225699226,-0.09035530185115137,-0.1493447137569538
comp_vote,top 19%,2021-11-15,1.0,D,0.04767125598524968,-0.08863462847817505,-0.15984070269558137
comp_vote,top 19%,2021-11-16,1.0,D,0.04292169464876361,-0.10761808093439107,-0.15432993695979524
comp_vote,top 19%,2021-11-17,1.0,D,0.03744399759154993,-0.10071359744419073,-0.15114225602063025
comp_vote,top 19%,2021-11-18,1.0,D,0.01762834558204429,-0.103970618357212,-0.14787752060353665
comp_vote,top 19%,2021-11-23,1.0,D,0.0031020185893697594,-0.10988271569881258,-0.14930761165508466
comp_vote,top 19%,2021-11-26,1.0,D,0.03524792412884481,-0.03983432377751439,-0.11683695875673661
comp_vote,top 19%,2021-11-29,1.0,D,0.024151881928561103,-0.04464271661788488,-0.11570770007945552
comp_vote,top 19%,2021-11-30,1.0,D,-0.007688626265102028,-0.05360151658184842,-0.13095162537699012
comp_vote,top 19%,2022-01-14,1.0,A,-0.10521373785397425,-0.21053819109031668,-0.15792726804369073
comp_vote,top 19%,2022-01-17,1.0,A,-0.13102092431912504,-0.2142453957892031,-0.1533509688782737
comp_vote,top 19%,2022-01-18,1.0,A,-0.12119216083760098,-0.19637910533571146,-0.14377477387928972
comp_vote,top 19%,2022-02-24,1.0,A,-0.10338628680369621,-0.11013995890622463,-0.09048350642818048
comp_vote,top 19%,2022-03-07,1.0,A,-0.046268632540144905,-0.09155673564817668,-0.08664025927720731
comp_vote,top 19%,2022-03-08,2.0,A,-0.01868100677199991,-0.09548583275489753,-0.07115679374722839
comp_vote,top 19%,2022-03-15,2.0,A,-0.06152668235713643,-0.11747604918177645,-0.036738924677143237
comp_vote,top 19%,2022-03-16,1.0,A,-0.06694403154457651,-0.11537347076977189,-0.03799126566707578
comp_vote,top 19%,2022-04-12,1.0,A,-0.15428149572853977,-0.2056314446576829,-0.06879740542830037
comp_vote,top 19%,2022-04-15,1.0,A,-0.17164464296221127,-0.17458383265327648,-0.08635845049147484
comp_vote,top 19%,2022-04-18,1.0,A,-0.1375902669839928,-0.16438877360421833,-0.08228797249115516
comp_vote,top 19%,2022-04-19,1.0,A,-0.13636363931791728,-0.18111687688925893,-0.07437842978350506
comp_vote,top 19%,2022-04-22,1.0,A,-0.11770906382015278,-0.23431417103087215,-0.07077441441373311
comp_vote,top 19%,2022-04-25,1.0,A,-0.09577269902024843,-0.19794918864697852,-0.051463573744750524
comp_vote,top 19%,2022-04-26,1.0,A,-0.08555561426235336,-0.21291150109535384,-0.04542452493293925
comp_vote,top 19%,2022-04-27,1.0,A,-0.062433215205910386,-0.18686922647531268,-0.02217983940871293
comp_vote,top 19%,2022-04-28,1.0,A,-0.06728965881321625,-0.20119877039567136,-0.035418320553698646
comp_vote,top 19%,2022-04-29,1.0,A,-0.08752728362145779,-0.2157838265597276,-0.04980078858295223
comp_vote,top 19%,2022-05-03,1.0,A,-0.07239831428157528,-0.21234344747381895,-0.04558767673184694
comp_vote,top 19%,2022-05-04,1.0,A,-0.07080847112578192,-0.21473281062224403,-0.04558767673184694
comp_vote,top 19%,2022-05-05,1.0,A,-0.0725874670072959,-0.23850469272345765,-0.04502194822963157
comp_vote,top 19%,2022-05-06,1.0,A,-0.05635589999833357,-0.2156390081446139,-0.009393124177555445
comp_vote,top 19%,2022-05-09,1.0,A,-0.055726975614940666,-0.19097346472586174,0.02067845973916249
comp_vote,top 19%,2022-05-10,1.0,A,-0.04579295963402663,-0.19764534704718784,0.028143267621498103
comp_vote,top 19%,2022-05-11,1.0,A,-0.0448709008697421,-0.18828367084182362,0.024811939029984575
comp_vote,top 19%,2022-05-12,2.0,A,0.003130765111105216,-0.1639177392829121,0.04888704544488065
comp_vote,top 19%,2022-05-13,1.0,A,-0.007967711516799758,-0.16810715014966504,0.03435324865032241
comp_vote,top 19%,2022-05-16,1.0,A,-0.014037715697929554,-0.1832607609374045,0.041155969875875886
comp_vote,top 19%,2022-05-17,1.0,A,-0.034973184295487125,-0.19089994311558922,0.05412387830944643
comp_vote,top 19%,2022-05-18,1.0,A,-0.027928299192269135,-0.18582417475915014,0.049426338117819046
comp_vote,top 19%,2022-05-19,1.0,A,-0.0028161170148700565,-0.1613089610801398,0.06985310310378212
comp_vote,top 19%,2022-05-20,1.0,A,-0.004634023695884615,-0.14671256113691566,0.05325668715449927
comp_vote,top 19%,2022-05-23,1.0,A,-0.004996492406143416,-0.15656946948819217,0.042816067932679225
comp_vote,top 19%,2022-05-24,1.0,A,0.006694996425204325,-0.10168036240898715,0.06812062997543356
comp_vote,top 19%,2022-05-25,1.0,A,-0.007532421156545288,-0.10035909377938446,0.05662203673524546
comp_vote,top 19%,2022-05-26,1.0,A,0.006640562255864513,-0.050089097654058445,0.07291166749608546
comp_vote,top 19%,2022-05-27,1.0,A,-0.026379188356855043,-0.07139048491456657,0.06229383354923823
comp_vote,top 19%,2022-05-30,1.0,A,-0.06412733434508866,-0.09302689694110866,0.02696981952580968
comp_vote,top 19%,2022-05-31,1.0,A,-0.07549247463293873,-0.10411372808503827,0.02469688314155305
comp_vote,top 19%,2022-06-01,1.0,A,-0.06217030736570461,-0.10275708568883035,0.03952425548004701
comp_vote,top 19%,2022-06-02,1.0,A,-0.04748517732896951,-0.08571317518993471,0.07127086354469436
comp_vote,top 19%,2022-06-06,1.0,A,-0.07826693105190186,-0.08578005887739915,0.0633752633597715
comp_vote,top 19%,2022-06-07,1.0,A,-0.0672637381182013,-0.0676632717419895,0.07749349587813015
comp_vote,top 19%,2022-06-08,1.0,A,-0.07068514425398953,-0.07779738078980758,0.0629535111539008
comp_vote,top 19%,2022-06-09,1.0,A,-0.0872109704060583,-0.09355272025141159,0.06383329723017739
comp_vote,top 19%,2022-06-10,1.0,A,-0.0878850790696657,-0.07587300766589089,0.06898255513539886
comp_vote,top 19%,2022-06-13,1.0,A,-0.059617429470628425,-0.04149369035897854,0.09969795967059913
comp_vote,top 19%,2022-06-14,1.0,A,-0.051904109573796875,-0.023436430638909655,0.09473120400530144
comp_vote,top 19%,2022-06-15,1.0,A,-0.06965783997101438,-0.027369391593736747,0.09287544255556135
comp_vote,top 19%,2022-06-16,1.0,A,-0.06111214295339029,-0.024138245948431614,0.09680510815154464
comp_vote,top 19%,2022-06-17,1.0,A,-0.0280798927017466,-0.02892205592324426,0.11134948226093888
comp_vote,top 19%,2022-06-20,2.0,A,-0.014052529107055012,-0.025951832509345074,0.12199257665497831
comp_vote,top 19%,2022-06-21,2.0,A,-0.05339301258753082,-0.05672473140579559,0.11312433659262244
comp_vote,top 19%,2022-06-22,2.0,A,-0.030302060013409404,-0.020507090716647247,0.14088712983937746
comp_vote,top 19%,2022-06-23,2.0,A,-0.02836530873478471,-0.01671079864632985,0.15460428535117843
comp_vote,top 19%,2022-06-24,2.0,A,-0.03472849619108265,-0.023098572935810746,0.1266165297789732
comp_vote,top 19%,2022-06-27,2.0,A,-0.04865945524187831,-0.033932685487303216,0.098814228968648
comp_vote,top 19%,2022-06-28,2.0,A,-0.047598334426027566,-0.023809515284172744,0.10719026235761997
comp_vote,top 19%,2022-06-29,2.0,A,-0.05114767073518156,-0.03187075980716947,0.1318407541635087
comp_vote,top 19%,2022-06-30,3.0,A,-0.035794807297710896,-0.01250263748404179,0.1634099171770742
comp_vote,top 19%,2022-07-01,3.0,A,-0.017763971362361297,0.006415542938499774,0.22126343672737403
comp_vote,top 19%,2022-07-04,3.0,A,-0.009363984920747526,0.020585495870667048,0.24614697727136625
comp_vote,top 19%,2022-07-05,3.0,A,-0.03490394854130252,0.03249225685664214,0.23762834163985924
comp_vote,top 19%,2022-07-06,3.0,A,-0.019114227675693596,0.035119597320757645,0.2596486794959212
comp_vote,top 19%,2022-07-07,3.0,A,-0.0607175421488243,0.008741326442600394,0.21276747343078495
comp_vote,top 19%,2022-07-08,3.0,A,-0.0814896001524793,0.002991860448732009,0.2060469458615224
comp_vote,top 19%,2022-07-11,3.0,A,-0.04973164014098519,-0.002580953542683395,0.1965658773316017
comp_vote,top 19%,2022-07-12,3.0,A,-0.003548223194422051,0.017356362273995396,0.22653903045513868
comp_vote,top 19%,2022-07-13,3.0,A,-0.031073984434876634,-0.011336609498256767,0.19926692753479625
comp_vote,top 19%,2022-07-14,3.0,A,-0.051819538417762434,-0.011195897501659946,0.1902390467480084
comp_vote,top 19%,2022-07-15,3.0,A,-0.11260112445138404,-0.02624041772170793,0.18392373678974638
comp_vote,top 19%,2022-07-18,2.0,A,-0.12087320863431938,-0.023484933307676314,0.17874017541557996
comp_vote,top 19%,2022-07-19,2.0,A,-0.13216174215230803,-0.01995634924974443,0.17134279035551603
comp_vote,top 19%,2022-07-20,2.0,A,-0.11299867800498775,0.008490454056727659,0.16957953599582698
comp_vote,top 19%,2022-07-21,2.0,A,-0.13927133111574352,0.0010977374689309372,0.14221743113898588
comp_vote,top 19%,2022-07-22,2.0,A,-0.13272229060112362,-0.0019015456620420368,0.13247695086307099
comp_vote,top 19%,2022-07-25,2.0,A,-0.14356987981077673,-0.005339137952408479,0.1445813893960186
comp_vote,top 19%,2022-07-26,2.0,A,-0.14055931825260426,0.015387513980035239,0.1414909919827716
comp_vote,top 19%,2022-07-27,2.0,A,-0.15086770037923825,0.013978979966725813,0.13300196751170446
comp_vote,top 19%,2022-07-28,2.0,A,-0.1548920056028027,0.012244065806056081,0.12394979960472896
comp_vote,top 19%,2022-07-29,2.0,A,-0.17890336804135787,0.047955863376813346,0.11259150426975184
comp_vote,top 19%,2022-08-01,2.0,A,-0.16879574422814603,0.03017412364255967,0.09999780337255526
comp_vote,top 19%,2022-08-02,3.0,A,-0.1432281613667804,0.05304000497206274,0.11959510660318529
comp_vote,top 19%,2022-08-03,3.0,A,-0.159139873202906,0.0642908265956168,0.10705281554239998
comp_vote,top 19%,2022-08-04,2.0,A,-0.15015014211447797,0.061551287954719536,0.10909890648403775
comp_vote,top 19%,2022-08-05,2.0,A,-0.1665271470120998,0.020371632959762076,0.07520835899070155
comp_vote,top 19%,2022-08-08,2.0,A,-0.16142563149604294,0.02036712350649994,0.07006765479971633
comp_vote,top 19%,2022-08-09,2.0,A,-0.1716323716776471,0.03709978076768805,0.0796728705850227
comp_vote,top 19%,2022-08-10,2.0,A,-0.16157764352513726,0.04852891457328745,0.0985992171664869
comp_vote,top 19%,2022-08-11,2.0,A,-0.1624323344005174,0.030602214532230665,0.09750383114834182
comp_vote,top 19%,2022-08-12,2.0,A,-0.15894043893971888,0.022087446317342385,0.06964908769835065
comp_vote,top 19%,2022-08-15,2.0,A,-0.14273999797399317,0.020413713369813014,0.06680519114130212
comp_vote,top 19%,2022-08-16,2.0,A,-0.15233411332246094,-0.004705891449150568,0.07100554258028202
comp_vote,top 19%,2022-08-17,1.0,A,-0.10765461159441014,0.007024550215421366,0.0752384622157769
comp_vote,top 19%,2022-08-18,2.0,A,-0.09353118892912571,0.0006028466950227518,0.0746324764121209
comp_vote,top 19%,2022-08-19,2.0,A,-0.05635542818063355,0.0010595391077694583,0.0745714705555407
comp_vote,top 19%,2022-08-22,2.0,A,-0.04623082828493319,0.013141474236273432,0.09534339067405884
comp_vote,top 19%,2022-08-23,2.0,A,-0.030879801982245603,0.017752853618541176,0.10985407172581296
comp_vote,top 19%,2022-08-24,2.0,A,-0.030958378019406485,0.03551984276126374,0.10871847241297927
comp_vote,top 19%,2022-08-25,2.0,A,-0.043277344108310745,0.020792264002530203,0.08844406336780386
comp_vote,top 19%,2022-08-26,2.0,A,-0.040133756400521636,0.020373487269574442,0.0782127633663019
comp_vote,top 19%,2022-08-29,2.0,A,-0.00815108850772961,0.04619825239077113,0.10197795900307738
comp_vote,top 19%,2022-08-30,2.0,A,-0.0004283457608714736,0.045281987674500535,0.1111977797928807
comp_vote,top 19%,2022-08-31,2.0,A,-0.007653204392292556,0.04772580289443584,0.10448921906365793
comp_vote,top 19%,2022-09-01,2.0,A,-0.006947662208620642,0.07712144416623445,0.14375547812913436
comp_vote,top 19%,2022-09-02,2.0,A,0.013169471442834091,0.07996525971625656,0.15995124046064912
comp_vote,top 19%,2022-09-05,2.0,A,0.019272729716212744,0.07670421044027087,0.1451414114510441
comp_vote,top 19%,2022-09-06,2.0,A,0.030026160035447447,0.0527679312884588,0.13270077790526047
comp_vote,top 19%,2022-09-07,2.0,A,0.0454547264373788,0.08265855477476536,0.1534858314720502
comp_vote,top 19%,2022-09-08,2.0,A,0.039380525296455415,0.06323017308281598,0.12695765827832584
comp_vote,top 19%,2022-09-12,1.0,A,-0.0008664942881351223,0.042004046512986726,0.1026209571391008
comp_vote,top 19%,2022-09-13,1.0,A,-0.012068901998920079,0.031766356892950265,0.10496701020005772
comp_vote,top 19%,2022-09-14,1.0,A,-0.0035196431703636843,0.07019469064616413,0.11457856582105785
comp_vote,top 19%,2022-09-15,1.0,A,0.010101051980060616,0.06068101438448914,0.11307634388620347
comp_vote,top 19%,2022-09-16,1.0,A,0.01199474472579709,0.0779289941847634,0.13054172416760346
comp_vote,top 19%,2022-09-19,1.0,A,0.012048344128445354,0.10327139214293579,0.1504005532987065
comp_vote,top 19%,2022-09-20,1.0,A,0.015480019048614624,0.10210491366723184,0.13334194253966158
comp_vote,top 19%,2022-09-21,1.0,A,0.024977716862263577,0.11463706268919238,0.1281390576071182
comp_vote,top 19%,2022-09-22,1.0,A,0.020316028462456392,0.12129963217512141,0.15828373150648534
comp_vote,top 19%,2022-09-23,1.0,A,0.02415685996088679,0.12224512476945049,0.17362594705439238
comp_vote,top 19%,2022-09-26,1.0,A,0.024616806547401948,0.1455160282118828,0.21669547070804374
comp_vote,top 19%,2022-09-27,1.0,A,0.030232578197773696,0.15282156511593636,0.22852646633567408
comp_vote,top 19%,2022-09-28,2.0,A,0.06983367644710436,0.1813521122519406,0.2513393129577197
comp_vote,top 19%,2022-09-29,2.0,A,0.05529066332355792,0.17944520025266164,0.2485915946215953
comp_vote,top 19%,2022-09-30,2.0,A,0.07394886171975146,0.19597703134894617,0.2691012424269188
comp_vote,top 19%,2022-10-03,2.0,A,0.09197659668876468,0.21060481097388983,0.2668589450695187
comp_vote,top 19%,2022-10-04,1.0,A,0.0496182853076339,0.17910714979419273,0.23592404199742312
comp_vote,top 19%,2022-10-05,1.0,A,0.020979023727002,0.1493118462106744,0.21301118367796046
comp_vote,top 19%,2022-10-06,1.0,A,0.020370363288375604,0.13138928417258922,0.18969819351294892
comp_vote,top 19%,2022-10-07,2.0,A,0.04284378613783435,0.1616378807444523,0.21083946527315334
comp_vote,top 19%,2022-10-11,2.0,A,0.09731892738345582,0.22203752411833677,0.279548211269222
comp_vote,top 19%,2022-10-12,2.0,A,0.11077841817942446,0.22405340733820922,0.2605664519173705
comp_vote,top 19%,2022-10-13,2.0,A,0.1292929781418508,0.22959515421656573,0.2816098643021594
comp_vote,top 19%,2022-10-14,2.0,A,0.1369661228784489,0.193682117852652,0.24269141650372772
comp_vote,top 19%,2022-10-17,2.0,A,0.16308166982125916,0.21330454338916915,0.2574919184296909
comp_vote,top 19%,2022-10-18,2.0,A,0.1508406632862218,0.1949519433389868,0.24934479179615554
comp_vote,top 19%,2022-10-19,2.0,A,0.16140341003866965,0.19523575816972594,0.29485442007591955
comp_vote,top 19%,2022-10-20,2.0,A,0.18145153649879808,0.19670874010216965,0.3119689431446544
comp_vote,top 19%,2022-10-21,2.0,A,0.19413544911621883,0.19930476370753025,0.32748728253837345
comp_vote,top 19%,2022-10-24,2.0,A,0.19776889168830336,0.21747236461508113,0.33100030741127906
comp_vote,top 19%,2022-10-25,3.0,A,0.27628810372418844,0.2445659625718395,0.3646624107816141
comp_vote,top 19%,2022-10-26,3.0,A,0.2393754200475584,0.22785106821408263,0.35260987822312817
comp_vote,top 19%,2022-10-27,2.0,A,0.2290786852330995,0.21358597799481127,0.3282423477491412
comp_vote,top 19%,2022-10-28,2.0,A,0.26571684478557556,0.23224333247304152,0.3659234441517307
comp_vote,top 19%,2022-10-31,2.0,A,0.24910450723134026,0.2238126870467647,0.3511380919119549
comp_vote,top 19%,2022-11-01,2.0,A,0.2242409927352189,0.2206478275856203,0.359822002157524
comp_vote,top 19%,2022-11-02,3.0,A,0.21678787455293547,0.20451775180872,0.35490156296767883
comp_vote,top 19%,2022-11-03,2.0,A,0.25198009351001427,0.21779277902101768,0.37695169787937166
comp_vote,top 19%,2022-11-04,2.0,A,0.25059751386140916,0.21232439436622608,0.37433739253639975
comp_vote,top 19%,2022-11-07,2.0,A,0.23047039285427173,0.19182743205670816,0.3676097191146068
comp_vote,top 19%,2022-11-08,2.0,A,0.21523788996447357,0.19360011840447977,0.34122284483023235
comp_vote,top 19%,2022-11-09,3.0,A,0.19031998571987097,0.17955681428903403,0.3035058991436037
comp_vote,top 19%,2022-11-10,3.0,A,0.17415850300634994,0.2067602355564495,0.3150976340926508
comp_vote,top 19%,2022-11-11,2.0,A,0.12851432113605243,0.14915211797286565,0.24064951085394792
comp_vote,top 19%,2022-11-14,2.0,A,0.10384696580232178,0.13684619071574255,0.2378588606801988
comp_vote,top 19%,2022-11-15,2.0,A,0.06084384841816637,0.08937067636153273,0.1862314216190888
comp_vote,top 19%,2022-11-16,2.0,A,0.06225017989881487,0.08591540430763334,0.19011566895673404
comp_vote,top 19%,2022-11-17,2.0,A,0.05018227429400435,0.09838448360178886,0.1936716066377835
comp_vote,top 19%,2022-11-18,2.0,A,0.06860202830586104,0.1272229922078243,0.19226572456432112
comp_vote,top 19%,2022-11-21,2.0,A,0.06696779648342965,0.13836843511950558,0.1877978753097489
comp_vote,top 19%,2022-11-22,2.0,A,0.06303716176453422,0.12894804604270438,0.18203507484828685
comp_vote,top 19%,2022-11-23,2.0,A,0.05479598784529638,0.11582821017656753,0.16667546512362152
comp_vote,top 19%,2022-11-24,2.0,A,0.04572992165345724,0.09654874634769572,0.1650128959661834
comp_vote,top 19%,2022-11-25,1.0,A,0.0558061027977772,0.11056771503587526,0.16634637115550577
comp_vote,top 19%,2022-11-28,1.0,A,0.08465727653572697,0.12981411415066035,0.19303765254146898
comp_vote,top 19%,2022-12-26,1.0,A,0.11362567993580885,0.20382012852774545,0.2354078583038659
comp_vote,top 19%,2022-12-27,1.0,A,0.10863622411400131,0.1718560517028127,0.23498569785927104
comp_vote,top 19%,2022-12-28,1.0,A,0.12336757686019828,0.18704206961526504,0.2510626119000119
comp_vote,top 19%,2022-12-29,1.0,A,0.12569584634090103,0.19012788631369726,0.25677533430299126
comp_vote,top 19%,2022-12-30,1.0,A,0.10880257294658158,0.1988058328811595,0.23937802100401395
comp_vote,top 19%,2023-01-03,1.0,A,0.11391360449734389,0.1951604417125543,0.22172003282103936
comp_vote,top 19%,2023-01-04,1.0,A,0.11365756447149877,0.21128184004317485,0.23265050659923459
comp_vote,top 19%,2023-01-05,1.0,A,0.10197802487416308,0.2149780709194764,0.2676676170580923
comp_vote,top 19%,2023-01-06,1.0,A,0.08881855994513743,0.2072578072654372,0.2705445832133002
comp_vote,top 19%,2023-01-09,1.0,A,0.04988362786976941,0.16331659297341616,0.22894909142391073
comp_vote,top 19%,2023-01-10,1.0,A,0.04318086585925496,0.14899677275532341,0.2237350145642567
comp_vote,top 19%,2023-01-11,1.0,A,0.03832961543677604,0.15335939338301352,0.2377389103520382
comp_vote,top 19%,2023-01-12,1.0,A,0.02913057413007758,0.1390836924852219,0.24308091021766653
comp_vote,top 19%,2023-01-13,1.0,A,0.01291394791240097,0.1264055137868405,0.23646175087990473
comp_vote,top 19%,2023-01-16,1.0,A,0.0043289181266139565,0.13187651923950128,0.2238925619233063
comp_vote,top 19%,2023-01-17,1.0,A,0.01645014581987092,0.1288018903839392,0.20771198766237275
comp_vote,top 19%,2023-01-30,1.0,A,-0.024855000261919113,0.08857702639195675,0.1556815317223017
comp_vote,top 19%,2023-01-31,1.0,A,-0.009298515725794765,0.11066126347792116,0.18570949254692337
comp_vote,top 19%,2023-02-01,1.0,A,-0.01260513864932078,0.09815977056879821,0.18615086209882437
comp_vote,top 19%,2023-02-02,1.0,A,-0.026446288086025116,0.08545863943393517,0.22146156129479966
comp_vote,top 19%,2023-02-03,1.0,A,-0.020247961670265102,0.07204245554854816,0.2124518090187042
comp_vote,top 19%,2023-02-06,1.0,A,-0.0029350145689621687,0.08266989962067672,0.22850330640195815
comp_vote,top 19%,2023-02-07,1.0,A,-0.010084027792209627,0.09560194517758047,0.23588284599984766
comp_vote,top 19%,2023-02-08,1.0,A,-0.027306595900538633,0.0662368339251771,0.21309762722967984
comp_vote,top 19%,2023-02-09,1.0,A,-0.030603866608537533,0.06747432495401329,0.2263362812935823
comp_vote,top 19%,2023-02-10,1.0,A,-0.03140503097187508,0.05988397716168681,0.23347438265572262
comp_vote,top 19%,2023-02-13,1.0,A,-0.017805379291314316,0.06123816723237563,0.23774806220840272
comp_vote,top 19%,2023-02-14,1.0,A,-0.009042250453627054,0.03837409985263429,0.22346992481687034
comp_vote,top 19%,2023-02-15,1.0,A,0.02776604050187892,0.06454466737099573,0.2518569094900198
comp_vote,top 19%,2023-02-16,1.0,A,0.01828758080450199,0.04623144392455192,0.23245266816145183
comp_vote,top 19%,2023-02-17,1.0,A,0.02989474622456867,0.06458666050600281,0.28482398304965906
comp_vote,top 19%,2023-02-20,1.0,A,0.02689069459742166,0.055955651613707635,0.29259474774344163
comp_vote,top 19%,2023-02-21,1.0,A,0.022278390586926156,0.04914941357136393,0.299248428563637
comp_vote,top 19%,2023-02-22,1.0,A,0.045898898208112326,0.06936607676059015,0.3440507323009434
comp_vote,top 19%,2023-02-23,1.0,A,0.05485761990822713,0.060915659749231965,0.34304725907630673
comp_vote,top 19%,2023-02-24,1.0,A,0.06691920681336594,0.08463575945717561,0.3362839988625701
comp_vote,top 19%,2023-03-01,1.0,A,0.062002427242303426,0.05880975612990569,0.34404477806881384
comp_vote,top 19%,2023-03-02,1.0,A,0.05786163678527623,0.06650416178540253,0.35170202571860254
comp_vote,top 19%,2023-03-03,1.0,A,0.04859651009496435,0.07156130831274887,0.3492645024826706
comp_vote,top 19%,2023-03-06,1.0,A,0.05186711091457563,0.06596580684848141,0.3182932649156527
comp_vote,top 19%,2023-03-07,1.0,A,0.041632355760484296,0.05140754057725494,0.3215822344838759
comp_vote,top 19%,2023-03-08,1.0,A,0.05320027867390209,0.06183424960363926,0.32954723850869305
comp_vote,top 19%,2023-03-09,1.0,A,0.06572376754562526,0.06989247164341661,0.3233112067741699
comp_vote,top 19%,2023-03-10,1.0,A,0.07227388606267882,0.08450283381710477,0.3814260334887605
comp_vote,top 19%,2023-03-13,1.0,A,0.07575760309276558,0.07609532095270444,0.37386414874074325
comp_vote,top 19%,2023-03-14,1.0,A,0.09787244551182939,0.07807097030560972,0.3917152667904049
comp_vote,top 19%,2023-03-15,1.0,A,0.11862235661914466,0.07240890828311963,0.3914147115748785
comp_vote,top 19%,2023-03-16,1.0,A,0.12345155332900593,0.0731140295802235,0.3983960588060593
comp_vote,top 19%,2023-03-17,1.0,A,0.10886936625484522,0.06663530527768802,0.3695131400777829
comp_vote,top 19%,2023-03-20,1.0,A,0.11388646079722209,0.07560054871653077,0.38728203626239255
comp_vote,top 19%,2023-03-21,1.0,A,0.10619462939621238,0.08557932952145175,0.3773511207551432
comp_vote,top 19%,2023-03-22,1.0,A,0.07981809312932486,0.06873313893605326,0.37104056910228733
comp_vote,top 19%,2023-03-23,1.0,A,0.07139924892246552,0.04915972270612512,0.35097835595067606
comp_vote,top 19%,2023-03-24,1.0,A,0.06178400184674926,0.04158842020236797,0.35475583123075816
comp_vote,top 19%,2023-03-27,1.0,A,0.061342077478949264,0.04217267402457292,0.3956077229847066
comp_vote,top 19%,2023-03-28,1.0,A,0.07225926945073069,0.03440751315374979,0.40562297940417236
comp_vote,top 19%,2023-03-29,1.0,A,0.07006640490402027,0.031850758243811006,0.39898725839798277
comp_vote,top 19%,2023-03-30,1.0,A,0.06518155760292133,0.03427670750825418,0.38863501430599356
comp_vote,top 19%,2023-03-31,1.0,A,0.07483549364650854,0.018776020937283144,0.3661365774570604
comp_vote,top 19%,2023-04-06,1.0,A,0.08264469284864195,0.02424698962421923,0.3355847267776
comp_vote,top 19%,2023-04-07,1.0,A,0.080991710425657,0.02843963650601089,0.3506008897341568
comp_vote,top 19%,2023-04-10,1.0,A,0.05702486191025846,0.04185588851909938,0.36390091588838147
comp_vote,top 19%,2023-04-11,1.0,A,0.05668179682828001,0.0368523561299392,0.29643350146973546
comp_vote,top 19%,2023-04-12,1.0,A,0.057237521291593874,0.025966290814059878,0.29578413276121296
comp_vote,top 19%,2023-04-13,1.0,A,0.08117158286835435,0.049839428590113144,0.3197679913169891
comp_vote,top 19%,2023-04-14,1.0,A,0.07293818558924348,0.043616913773219634,0.3454831725285137
comp_vote,top 19%,2023-04-17,1.0,A,0.08766094595514651,0.06434379175238325,0.3242500787357565
comp_vote,top 19%,2023-04-18,1.0,A,0.10254292145092192,0.07677475979044934,0.3503057980923707
comp_vote,top 19%,2023-04-19,1.0,A,0.10877776305197018,0.08193180806280886,0.3849331169055086
comp_vote,top 19%,2023-04-20,1.0,A,0.10804336984833651,0.07732358059229316,0.3818776753520574
comp_vote,top 19%,2023-04-21,1.0,A,0.1014358203444512,0.08261524012773602,0.3669890463562828
comp_vote,top 19%,2023-04-24,1.0,A,0.11078348940076199,0.07171064093314072,0.37922567642533767
comp_vote,top 19%,2023-04-25,1.0,A,0.10684078494906979,0.08639207678485028,0.4175950741772756
comp_vote,top 19%,2023-04-26,1.0,A,0.11204462739242937,0.09587730846826159,0.4317486924437013
comp_vote,top 19%,2023-04-27,1.0,A,0.12699783787048902,0.08326483332770751,0.4383532994238466
comp_vote,top 19%,2023-04-28,1.0,A,0.11053345314191021,0.07121099465811698,0.41943209077458743
comp_vote,top 19%,2023-05-02,1.0,A,0.11632324083530476,0.07063581322815704,0.42595887742805405
comp_vote,top 19%,2023-05-03,1.0,A,0.12108569645638445,0.05399362918981221,0.4466595167142329
comp_vote,top 19%,2023-05-04,1.0,A,0.11217894031431475,0.05605197121652883,0.4526858081277778
comp_vote,top 19%,2023-05-05,1.0,A,0.11494479056523632,0.05077847437357108,0.4688168687058829
comp_vote,top 19%,2023-05-08,1.0,A,0.09419772922968184,0.036856123285607056,0.46653120193565023
comp_vote,top 19%,2023-05-09,1.0,A,0.08585690545800428,0.03892386135498094,0.4604677940667805
comp_vote,top 19%,2023-05-10,1.0,A,0.10676256968970899,0.07231074874756205,0.4736646902442454
comp_vote,top 19%,2023-05-11,1.0,A,0.09616949126155538,0.08279111569774145,0.4750322988333009
comp_vote,top 19%,2023-05-12,1.0,A,0.1011745231739487,0.09554752280032042,0.5060140628235485
comp_vote,top 19%,2023-05-15,1.0,A,0.09424889768440581,0.09511460087059853,0.5175307005302818
comp_vote,top 19%,2023-05-16,1.0,A,0.08047646042559009,0.08817581713047784,0.4934890627597799
comp_vote,top 19%,2023-05-17,1.0,A,0.04784901306636624,0.07099440915514776,0.489570546609555
comp_vote,top 19%,2023-05-18,1.0,A,0.03578501859348959,0.052812758367104085,0.4721840680893634
comp_vote,top 19%,2023-05-19,1.0,A,0.027442015052341784,0.0659555584387077,0.44806029550320026
comp_vote,top 19%,2023-05-22,1.0,A,0.03368491237440452,0.07018742696406632,0.4253839928352747
comp_vote,top 19%,2023-05-23,1.0,A,0.028303846913015906,0.0839327825375884,0.41040750043544594
comp_vote,top 19%,2023-05-24,1.0,A,0.02628542599732553,0.08969824762922807,0.44767787518518953
comp_vote,top 19%,2023-05-25,1.0,A,0.022437329834349207,0.08015562940682175,0.40783690010296114
comp_vote,top 19%,2023-05-26,1.0,A,0.005742992918354117,0.05488214939491631,0.3886107364632796
comp_vote,top 19%,2023-05-29,1.0,A,0.016605336684044625,0.06103185256870525,0.4269470806147826
comp_vote,top 19%,2023-05-30,1.0,A,-0.003006274779134066,0.0514261985036264,0.4158886929104362
comp_vote,top 19%,2023-05-31,1.0,A,0.008169806617044806,0.05602482641537909,0.42632670404700246
comp_vote,top 19%,2023-06-01,1.0,A,0.02190050986885761,0.06365209484784584,0.46344159206447055
comp_vote,top 19%,2023-06-02,1.0,A,0.01340349535374985,0.04342130251095222,0.4658564345102447
comp_vote,top 19%,2023-06-05,1.0,A,0.009384486534727454,0.053951582002251364,0.47912527678523253
comp_vote,top 19%,2023-06-06,1.0,A,0.008197843377527825,0.050239450495498605,0.47503938574503435
comp_vote,top 19%,2023-06-07,1.0,A,0.003911617836385384,0.04034561751436949,0.4832341309039625
comp_vote,top 19%,2023-06-08,1.0,A,0.011404686725450253,0.0541965503966344,0.5383654194327883
comp_vote,top 19%,2023-06-09,1.0,A,0.00031393490407860547,0.04239069395545991,0.5415536417158404
comp_vote,top 19%,2023-06-12,1.0,A,-0.018036225690123864,0.025222087543671057,0.5179576892364288
comp_vote,top 19%,2023-06-13,1.0,A,-0.04131282381633927,0.0088196479284528,0.45222770602050866
comp_vote,top 19%,2023-06-14,1.0,A,-0.044806136588286805,0.003030643824219359,0.45199001307417674
comp_vote,top 19%,2023-06-15,1.0,A,-0.03808749908909537,0.008065771124018184,0.4590007935963314
comp_vote,top 19%,2023-06-16,1.0,A,-0.034371467315698845,0.011904723112747595,0.46248793717555703
comp_vote,top 19%,2023-06-19,1.0,A,-0.018636232112257622,0.016536836738878957,0.47492793966383173
comp_vote,top 19%,2023-06-20,1.0,A,-0.01026557552962204,0.022375840391624324,0.4840292677573448
comp_vote,top 19%,2023-06-21,1.0,A,-0.020757459218594065,0.034810665504479976,0.4740879999025056
comp_vote,top 19%,2023-06-26,1.0,A,-0.019020423748385085,0.04549191172803413,0.501181497944855
comp_vote,top 19%,2023-06-27,1.0,A,-0.018061475052332132,0.053960464170974776,0.5505493119626887
comp_vote,top 19%,2023-06-28,1.0,A,-0.03530093642032173,0.04839793534426717,0.5425173086938209
comp_vote,top 19%,2023-06-29,1.0,A,-0.0357133412329087,0.05155603535006725,0.5917898925891976
comp_vote,top 19%,2023-06-30,1.0,A,-0.029013692430251203,0.04211081906064762,0.5895648760264087
comp_vote,top 19%,2023-07-03,1.0,A,-0.05215632814565596,0.032070434779976065,0.5756666915589068
comp_vote,top 19%,2023-07-04,1.0,A,-0.05393986005765883,0.033966669523557425,0.6069310939336883
comp_vote,top 19%,2023-07-05,1.0,A,-0.04861468724765061,0.041365428260255355,0.5585863336799406
comp_vote,top 19%,2023-07-06,1.0,A,-0.014350630659477392,0.0768765968867211,0.5967665819376506
comp_vote,top 19%,2023-07-07,1.0,A,-0.018765763504075217,0.07856326120000778,0.6086655787719941
comp_vote,top 19%,2023-07-10,1.0,A,-0.029578245046894547,0.07829067856000571,0.5893038858710329
comp_vote,top 19%,2023-07-11,1.0,A,-0.02897981668655858,0.05936606068788408,0.5395068705853348
comp_vote,top 19%,2023-07-12,1.0,A,-0.0273280159191287,0.0389014537769341,0.5014659271906696
comp_vote,top 19%,2023-07-13,1.0,A,-0.021437888608096478,0.027005777155107102,0.4405877247875831
comp_vote,top 19%,2023-07-14,1.0,A,-0.023371572352541503,0.013836843984091018,0.4700711592200404
comp_vote,top 19%,2023-07-17,1.0,A,-0.024212205442564416,0.020368945691825235,0.4151429342780162
comp_vote,top 19%,2023-07-18,1.0,A,-0.02772435636724957,0.024258757072045167,0.4305413485471725
comp_vote,top 19%,2023-07-19,1.0,A,-0.017087314457259528,0.027572876899206733,0.44276353889246933
comp_vote,top 19%,2023-07-20,1.0,A,-0.03517593558101961,0.027058363668100993,0.43805875241459047
comp_vote,top 19%,2023-07-21,1.0,A,-0.018474841587230117,0.0428457814645673,0.48783685408906874
comp_vote,top 19%,2023-07-24,1.0,A,-0.014538372405141331,0.042435952346109085,0.4120812170554693
comp_vote,top 19%,2023-07-25,1.0,A,-0.03880486995912691,0.02173056575314991,0.26722551305705444
comp_vote,top 19%,2023-07-26,1.0,A,-0.0354086213004593,0.0149572759005705,0.34071444211322865
comp_vote,top 19%,2023-07-27,1.0,A,-0.04092670109865437,0.013836622328283088,0.38317876038946563
comp_vote,top 19%,2023-07-28,1.0,A,-0.05984561883060524,0.05018608293277671,0.35458587661941454
comp_vote,top 19%,2023-07-31,1.0,A,-0.05046577224517834,0.06304419340421719,0.40427163692253143
comp_vote,top 19%,2023-08-01,1.0,A,-0.057551115297049926,0.05968289379092284,0.41470067921921117
comp_vote,top 19%,2023-08-02,1.0,A,-0.05240515896925091,0.07254391409538741,0.43602525175270945
comp_vote,top 19%,2023-08-04,1.0,A,-0.04322212610806897,0.0908701429683132,0.4609828468160888
comp_vote,top 19%,2023-08-07,1.0,A,-0.0311284659290616,0.08025863534655664,0.4355650220498122
comp_vote,top 19%,2023-08-08,1.0,A,-0.012204659653879846,0.09986660619770982,0.48532050818234174
comp_vote,top 19%,2023-08-09,1.0,A,-0.005109998692495399,0.09532142671679589,0.48500671668994766
comp_vote,top 19%,2023-08-10,1.0,A,0.0007911391896531228,0.08768140102342858,0.49521912942164237
comp_vote,top 19%,2023-08-11,1.0,A,0.007125890277938085,0.08854258972576723,0.4805229075191677
comp_vote,top 19%,2023-08-14,1.0,A,0.022088483932479974,0.11044516055773301,0.49407979659946255
comp_vote,top 19%,2023-08-15,1.0,A,0.016439453620150646,0.11563930777777576,0.49250814939226584
comp_vote,top 19%,2023-08-16,1.0,A,0.037484882671849684,0.17428032021063555,0.5028161703423648
comp_vote,top 19%,2023-08-17,1.0,A,0.03531299930248033,0.16047340045354108,0.4895786445400945
comp_vote,top 19%,2023-08-18,1.0,A,0.054097760882225066,0.16584838126307155,0.5197763184851942
comp_vote,top 19%,2023-08-21,1.0,A,0.06178867985997072,0.17848083614855326,0.5093734057977093
comp_vote,top 19%,2023-08-22,1.0,A,0.05645167472692325,0.16526340294907826,0.5042516600629763
comp_vote,top 19%,2023-08-23,1.0,A,0.04885856210041828,0.17044417093530306,0.48989125007264156
comp_vote,top 19%,2023-08-24,1.0,A,0.04370084858060119,0.15828427587688454,0.45818957401820626
comp_vote,top 19%,2023-08-25,1.0,A,0.054596605681446864,0.18271194790528344,0.41420189520729034
comp_vote,top 19%,2023-08-28,1.0,A,0.04746722177577789,0.17026566757051653,0.4137921781313265
comp_vote,top 19%,2023-08-29,1.0,A,0.040856800222505374,0.16336074579249305,0.4259323775874222
comp_vote,top 19%,2023-08-30,1.0,A,0.029620785101717173,0.15426497231087555,0.39780168438697894
comp_vote,top 19%,2023-08-31,1.0,A,0.04415274463007157,0.1963146128188482,0.4102647533254786
comp_vote,top 19%,2023-09-01,1.0,A,0.04169975902460621,0.20416774303547158,0.40393951305301123
comp_vote,top 19%,2023-09-04,1.0,A,0.03629203909055878,0.20174411013159865,0.44686488947616754
comp_vote,top 19%,2023-09-05,1.0,A,0.042309338915294425,0.2325147089655537,0.4511108610954102
comp_vote,top 19%,2023-09-06,1.0,A,0.04206355383364335,0.25437802394764386,0.45915049063775193
comp_vote,top 19%,2023-09-07,1.0,A,0.0440528605693189,0.25322780881238116,0.4651763809664622
comp_vote,top 19%,2023-09-08,1.0,A,0.052292836485368754,0.2719453004458834,0.49069135611217707
comp_vote,top 19%,2023-09-11,1.0,A,0.05008070324242353,0.2832818347285275,0.5158205787821022
comp_vote,top 19%,2023-09-12,1.0,A,0.04798073646969736,0.2692266909646033,0.5072484483946496
comp_vote,top 19%,2023-09-13,1.0,A,0.047923387578249876,0.2505417396513969,0.5198195724020638
comp_vote,top 19%,2023-09-14,1.0,A,0.03584101023705211,0.24458819407813337,0.5211494958785936
comp_vote,top 19%,2023-09-15,1.0,A,0.03297997433878619,0.23786654012357467,0.5288901745086316
comp_vote,top 19%,2023-09-18,1.0,A,0.05674602808690521,0.24422602641809776,0.5420056162977225
comp_vote,top 19%,2023-09-19,1.0,A,0.06576317900819584,0.28394105122228797,0.5081817892141052
comp_vote,top 19%,2023-09-20,1.0,A,0.07334668860980398,0.28950502307800363,0.513758911143124
comp_vote,top 19%,2023-09-21,1.0,A,0.08676163886177135,0.3130162017374687,0.538423005822517
comp_vote,top 19%,2023-09-22,1.0,A,0.09050148707289596,0.31492127956698845,0.5778337272518124
comp_vote,top 19%,2023-09-25,1.0,A,0.07324975742337103,0.3057566368669786,0.5588476927847139
comp_vote,top 19%,2023-09-26,1.0,A,0.0888614498642506,0.3149774598453068,0.5921014203488153
comp_vote,top 19%,2023-09-27,1.0,A,0.09291854277527634,0.3219791486383532,0.6179738466014404
comp_vote,top 19%,2023-09-28,1.0,A,0.09457799516327858,0.3132524669339336,0.612635942946375
comp_vote,top 19%,2023-10-02,1.0,A,0.09255545672112242,0.3148723138393368,0.6258094798358249
comp_vote,top 19%,2023-10-03,1.0,A,0.09919040845094607,0.3137428594717462,0.6073666837693081
comp_vote,top 19%,2023-10-04,1.0,A,0.11115674505062278,0.3385416010567701,0.6309954781742577
comp_vote,top 19%,2023-10-05,1.0,A,0.0909825345473021,0.35104584816034645,0.6478394811064494
comp_vote,top 19%,2023-10-06,1.0,A,0.06809024088284654,0.3440854301657106,0.6414499454309643
comp_vote,top 19%,2023-10-11,1.0,A,0.0495049473091671,0.3171433331846738,0.6073864148642651
comp_vote,top 19%,2023-10-12,1.0,A,0.038098846278990406,0.3030638203032585,0.5836245729057141
comp_vote,top 19%,2023-10-13,1.0,A,0.04568734245606043,0.28972878474414676,0.5782684499449153
comp_vote,top 19%,2023-10-16,1.0,A,0.0534654074487233,0.26162069512089414,0.6000540837929393
comp_vote,top 19%,2023-10-17,1.0,A,0.04543658049525101,0.2727807590453277,0.5934163408616047
comp_vote,top 19%,2023-10-18,1.0,A,0.06450326183209198,0.3033376895606661,0.578260728604086
comp_vote,top 19%,2023-10-19,1.0,A,0.062474835745381485,0.23683491773912135,0.5801003726343323
comp_vote,top 19%,2023-10-20,1.0,A,0.05781485869754599,0.22773810658424032,0.562507317338024
comp_vote,top 19%,2023-10-23,1.0,A,0.0629793408438335,0.25508416429630576,0.6024090070370511
comp_vote,top 19%,2023-10-24,1.0,A,0.052214749492093704,0.2908104384925674,0.6069248833523011
comp_vote,top 19%,2023-10-25,1.0,A,0.05710024821843218,0.264730217493355,0.6165264648577022
comp_vote,top 19%,2023-10-26,1.0,A,0.11703578047099139,0.3111934008631303,0.6680642429524477
comp_vote,top 19%,2023-10-27,1.0,A,0.1195427845900725,0.32872498635791647,0.6735980541944475
comp_vote,top 19%,2023-10-30,1.0,A,0.12439296283418466,0.32737914515288313,0.6785568177330472
comp_vote,top 19%,2023-10-31,1.0,A,0.13185917404185576,0.3189540198226253,0.6470353748200255
comp_vote,top 19%,2023-11-01,1.0,A,0.14014984327650537,0.31917819097643707,0.6283585107497569
comp_vote,top 19%,2023-11-02,1.0,A,0.11496581059369104,0.30853345132235144,0.5779333127113588
comp_vote,top 19%,2023-11-03,1.0,A,0.11345595719485813,0.3059654977582169,0.577052338322068
comp_vote,top 19%,2023-11-06,1.0,A,0.10094726580556879,0.29946552903688395,0.5413995424690237
comp_vote,top 19%,2023-11-07,1.0,A,0.08682157388416845,0.29836134097291134,0.563149160792032
comp_vote,top 19%,2023-11-08,1.0,A,0.08084063793192753,0.3004680636419388,0.5480780034104982
comp_vote,top 19%,2023-11-09,1.0,A,0.08644718927396688,0.31322598003873336,0.5304955991380884
comp_vote,top 19%,2023-11-10,1.0,A,0.09759543847330487,0.32728724555685806,0.5665577869170073
comp_vote,top 19%,2023-11-13,1.0,A,0.1318529453523165,0.3250667896770516,0.5372278863970392
comp_vote,top 19%,2023-11-14,1.0,A,0.12089136448145132,0.3283316499049178,0.5137198523604833
comp_vote,top 19%,2023-11-15,1.0,A,0.10601542335818759,0.31099278968709165,0.4740815588853837
comp_vote,top 19%,2023-11-16,1.0,A,0.10990148840536884,0.3100990714963374,0.47115442400111984
comp_vote,top 19%,2023-11-17,1.0,A,0.10299735503782625,0.30453645186567013,0.4701955818228345
comp_vote,top 19%,2023-11-20,1.0,A,0.11592183467654626,0.3284784337054423,0.5057096940274088
comp_vote,top 19%,2023-11-21,1.0,A,0.10978569908428559,0.32247869593317646,0.5077094536214217
comp_vote,top 19%,2023-11-22,1.0,A,0.12148279402156081,0.3291070376686791,0.5304887662874003
comp_vote,top 19%,2023-11-23,1.0,A,0.11723368831203862,0.34792875872054196,0.5392969706330397
comp_vote,top 19%,2023-11-24,1.0,A,0.11769529251651134,0.35090593027772865,0.534590608416583
comp_vote,top 19%,2023-11-27,1.0,A,0.12105834401628224,0.34126644227227776,0.5465701672311847
comp_vote,top 19%,2023-11-28,1.0,A,0.14572759490536535,0.3090687589953107,0.5249941037188357
comp_vote,top 19%,2023-11-29,1.0,A,0.15596430987273346,0.29524184294294686,0.5128243235650132
comp_vote,top 19%,2023-11-30,1.0,A,0.15965776518580554,0.3209268192536434,0.5281395962938562
comp_vote,top 19%,2023-12-01,1.0,A,0.1824845685909342,0.2954536221823434,0.5240927614915769
comp_vote,top 19%,2023-12-04,1.0,A,0.20374426236568555,0.3128566200626395,0.5361635097534059
comp_vote,top 19%,2023-12-05,1.0,A,0.20034900160993763,0.3675656009522623,0.5552500801104299
comp_vote,top 19%,2023-12-06,1.0,A,0.20873701344784235,0.3522989353597288,0.5498994494332365
comp_vote,top 19%,2023-12-07,1.0,A,0.222079246638881,0.3641630606632922,0.5380749519965156
comp_vote,top 19%,2023-12-08,1.0,A,0.21111643257891455,0.3774397250774739,0.5116242866004097
comp_vote,top 19%,2023-12-11,1.0,A,0.1933522569253825,0.3957541870103951,0.5463500126361638
comp_vote,top 19%,2023-12-12,1.0,A,0.2015243476344981,0.4007408825270673,0.5471240014378727
comp_vote,top 19%,2023-12-13,1.0,A,0.19834514789692537,0.40020857040949775,0.551227134534708
comp_vote,top 19%,2023-12-14,1.0,A,0.17741254128070838,0.40643941522700944,0.5314280121378294
comp_vote,top 19%,2023-12-15,1.0,A,0.2047151529640283,0.4385401083885514,0.530128744296007
comp_vote,top 19%,2023-12-18,1.0,A,0.20138724678805087,0.45014788160952035,0.519393719077307
comp_vote,top 19%,2023-12-19,1.0,A,0.20819152497199567,0.446761507124241,0.5092826108882511
comp_vote,top 19%,2023-12-20,1.0,A,0.20579503572844815,0.4077810456499933,0.49225972715750843
comp_vote,top 19%,2023-12-21,1.0,A,0.2166381849475596,0.41921838973408154,0.520327369226631
comp_vote,top 19%,2023-12-22,1.0,A,0.20766279310305835,0.4266432853392783,0.5639037772210505
comp_vote,top 19%,2024-03-08,1.0,bull,0.09064413522729353,0.1769123892278599,0.20703381628207818
comp_vote,top 19%,2024-03-11,1.0,bull,0.13930665091406724,0.18358414632968478,0.21793702636659873
comp_vote,top 19%,2024-04-16,1.0,D,0.30260206315646854,0.2408084702126123,0.09854481727733377
comp_vote,top 19%,2024-04-17,1.0,D,0.24745875668892925,0.22797099838039192,0.0915101822245834
comp_vote,top 19%,2024-04-18,1.0,D,0.23749603516923523,0.24192245964863734,0.1122794118014343
comp_vote,top 19%,2024-04-19,1.0,D,0.3111722524491378,0.28552828304852307,0.16114882810954434
comp_vote,top 19%,2024-04-22,1.0,D,0.2967219295214425,0.2913774283616044,0.15818750304762275
comp_vote,top 19%,2024-04-23,1.0,D,0.26118461052119235,0.310811347626865,0.14277122766757633
comp_vote,top 19%,2024-04-24,1.0,D,0.19732461953914782,0.2731819774041653,0.12491012985683447
comp_vote,top 19%,2024-04-25,1.0,D,0.18321382995099045,0.2919098734290353,0.1600687392724196
comp_vote,top 19%,2024-04-26,1.0,D,0.2003329563695846,0.2628302207528215,0.15421539457518296
comp_vote,top 19%,2024-04-29,1.0,D,0.13296374959501778,0.23296844938822692,0.14766040294227056
comp_vote,top 19%,2024-04-30,1.0,D,0.14706379936831993,0.24741576294295964,0.1777276574975788
comp_vote,top 19%,2024-05-02,1.0,D,0.16249025276309004,0.26193901778766504,0.19095625224486446
comp_vote,top 19%,2024-05-03,1.0,D,0.15816573478419937,0.22636842245842148,0.18813203565866887
comp_vote,top 19%,2024-05-06,1.0,D,0.16168470210849595,0.21093008618909725,0.15501788915010817
comp_vote,top 19%,2024-05-07,1.0,D,0.09676882483344329,0.19596149968454646,0.15075279893778282
comp_vote,top 19%,2024-05-08,1.0,D,-0.007086496842123591,0.20681985894989885,0.1642111553926584
comp_vote,top 19%,2024-05-16,1.0,bull,0.07143684874237266,0.1644748583570077,0.09385222093063605
comp_vote,top 19%,2024-05-20,1.0,bull,0.07814867471458564,0.14818171543948733,0.07964210788238302
comp_vote,top 19%,2024-05-21,1.0,bull,0.10381516872709318,0.15768194518598033,0.10625772867977856
comp_vote,top 19%,2024-05-22,1.0,bull,0.08581427194332769,0.12128863340855767,0.08883339435967175
comp_vote,top 19%,2024-05-29,1.0,bull,0.06629294312171163,0.131594185118163,0.12516625167645823
comp_vote,top 19%,2024-05-30,1.0,bull,0.08023871349462697,0.13651055581154115,0.14493557107610044
comp_vote,top 19%,2024-05-31,1.0,bull,0.10804277080427704,0.13286785933616874,0.15804018802624098
comp_vote,top 19%,2024-06-03,1.0,bull,0.07002252041738166,0.10736955044017171,0.13379334449832547
comp_vote,top 19%,2024-06-04,1.0,bull,0.09245826032915883,0.12800000761368913,0.1620955346665538
comp_vote,top 19%,2024-06-05,1.0,bull,0.07909844395081977,0.14383839667395293,0.13968507980846412
comp_vote,top 19%,2024-06-06,1.0,bull,0.038863545104466546,0.12108414982149451,0.10042829451092983
comp_vote,top 19%,2024-06-11,1.0,bull,-0.0006899662054002942,0.13966583644703867,0.11696237475922189
comp_vote,top 19%,2024-06-12,1.0,bull,-0.004291642661673589,0.1153643057756013,0.11327686158721018
comp_vote,top 19%,2024-06-14,1.0,bull,-0.037607303279049376,0.08663544149002189,0.09350209267142873
comp_vote,top 19%,2024-06-17,1.0,bull,-0.04039932562369708,0.07714261844922565,0.09508728808079314
comp_vote,top 19%,2024-06-18,1.0,bull,-0.02070452552259172,0.07184246831320262,0.0833713612213769
comp_vote,top 19%,2024-06-19,1.0,bull,-0.04596118234948121,0.044415917930153315,0.05505593789608487
comp_vote,top 19%,2024-06-20,1.0,bull,-0.05315745789913873,0.03874591427034968,0.05943963597527535
comp_vote,top 19%,2024-06-21,1.0,bull,-0.05218034778871872,0.050409207772674325,0.05595820729242229
comp_vote,top 19%,2024-06-24,1.0,bull,-0.015921070209637844,0.0766693201208346,0.07593283124825456
comp_vote,top 19%,2024-06-25,1.0,bull,-0.0028151007593139044,0.0624978790898596,0.07164190522966152
comp_vote,top 19%,2024-06-26,1.0,bull,-0.006278042580344034,0.04442486173399396,0.07425378850055875
comp_vote,top 19%,2024-06-27,1.0,bull,0.0034825630615225034,0.06992942751647302,0.08686192180339503
comp_vote,top 19%,2024-06-28,1.0,bull,0.01211792159568037,0.06629517020533648,0.08474914194707761
comp_vote,top 19%,2024-07-01,1.0,bull,0.019653230446355474,0.06866972219818201,0.07754247308794615
comp_vote,top 19%,2024-07-02,1.0,bull,0.02436048438251226,0.07506338869685036,0.09954329981731314
comp_vote,top 19%,2024-07-03,1.0,bull,-0.014445931741690177,0.06565210685990874,0.09504667380275911
comp_vote,top 19%,2024-07-04,1.0,bull,-0.04136025802832699,0.03278296089155064,0.07352495731149
comp_vote,top 19%,2024-07-05,1.0,bull,-0.03786153663122194,0.025809411789445846,0.09338146908706513
comp_vote,top 19%,2024-07-08,1.0,bull,-0.044167813839527614,-0.014194819487213683,0.05600541782347057
comp_vote,top 19%,2024-07-09,1.0,bull,-0.04777729546692333,-0.0032809456977698215,0.04980525058967933
comp_vote,top 19%,2024-07-10,1.0,bull,-0.042270002715532606,0.02436566055330247,0.04920453788552237
comp_vote,top 19%,2024-07-11,1.0,B,-0.047438580585476675,0.013289506722720557,0.03250866958945009
comp_vote,top 19%,2024-07-12,1.0,B,-0.015621966020153533,0.030704755533554673,0.06407272113818574
comp_vote,top 19%,2024-07-15,1.0,B,0.0035769201303312848,0.017118163897180017,0.06530963068065532
comp_vote,top 19%,2024-07-16,1.0,B,-0.019558047657517452,0.010921922384182547,0.04663833490663638
comp_vote,top 19%,2024-07-17,1.0,B,-0.004121547602584763,0.00154559052521841,0.07303906203516397
comp_vote,top 19%,2024-07-18,1.0,B,0.039349304369614924,0.02623292483882933,0.10452778306653276
comp_vote,top 19%,2024-07-19,1.0,B,0.06335571542345386,0.04214762543410022,0.12045774044856405
comp_vote,top 19%,2024-07-22,1.0,B,0.09186508873256427,0.09601564644763738,0.1480914935992601
comp_vote,top 19%,2024-07-23,1.0,B,0.05206660706231059,0.06824009050726154,0.12782946494391245
comp_vote,top 19%,2024-07-26,1.0,B,0.08826822555351499,0.12313285559855602,0.1635580543781645
comp_vote,top 19%,2024-07-29,1.0,B,0.08748594771267548,0.11542790029544037,0.1860379814813795
comp_vote,top 19%,2024-07-30,1.0,B,0.08554804204869515,0.1300232963326582,0.1860379814813795
comp_vote,top 19%,2024-07-31,1.0,B,0.058888538683049774,0.08025081338412177,0.1934311479207731
comp_vote,top 19%,2024-08-01,1.0,B,0.04239135110518322,0.06809391324745606,0.17410989848471936
comp_vote,top 19%,2024-08-02,1.0,B,0.09044082271956122,0.14207240756884643,0.2471319303017916
comp_vote,top 19%,2024-08-05,2.0,B,0.21543302121656271,0.2622473522089539,0.36728930127614645
comp_vote,top 19%,2024-08-06,1.0,B,0.15611933459615024,0.20175655614864918,0.2958638013933492
comp_vote,top 19%,2024-08-07,1.0,B,0.12087274169527085,0.14276839454286505,0.249898146146468
comp_vote,top 19%,2024-08-08,1.0,B,0.15772497938450503,0.17402358697941822,0.2738867864264356
comp_vote,top 19%,2024-08-09,1.0,B,0.13164618167757225,0.13690952776595866,0.20065724220609704
comp_vote,top 19%,2024-08-12,1.0,B,0.1182252359249174,0.11802195296275375,0.1927028426340538
comp_vote,top 19%,2024-08-13,1.0,B,0.08683480479865979,0.10185628377885614,0.18397638692894125
comp_vote,top 19%,2024-08-14,1.0,B,0.06638992870058291,0.10468654277147782,0.1907022756150365
comp_vote,top 19%,2024-08-15,1.0,B,0.06495675630584175,0.11726663807331938,0.20113534792228283
comp_vote,top 19%,2024-08-16,1.0,B,0.04880054014931301,0.09065961376016252,0.18017783647734165
comp_vote,top 19%,2024-08-19,1.0,B,0.032670745247932675,0.08503452244305043,0.16745266686205906
comp_vote,top 19%,2024-08-20,1.0,B,0.04625857078053808,0.09216841220497729,0.1668173872192411
comp_vote,top 19%,2024-08-21,1.0,B,0.05308025258251936,0.09412395606015211,0.16810090717529858
comp_vote,top 19%,2024-08-22,1.0,B,0.047000254035122646,0.08557637843755472,0.17423690749452536
comp_vote,top 19%,2024-08-23,1.0,B,0.06686931099618332,0.09085948348832873,0.17245957917905907
comp_vote,top 19%,2024-08-26,1.0,B,0.061241371255138954,0.07674811757276379,0.17840489760127531
comp_vote,top 19%,2024-08-27,1.0,B,0.05209204374362031,0.05652037219321415,0.19607663056910685
comp_vote,top 19%,2024-08-28,1.0,B,0.022404449707182472,0.034873409394401866,0.19056800966631005
comp_vote,top 19%,2024-09-04,1.0,B,0.14131388412804702,0.07746273704549234,0.3354522026948261
comp_vote,top 19%,2024-09-05,1.0,B,0.14045271027598627,0.07560383009500793,0.3450904488958786
comp_vote,top 19%,2024-09-06,1.0,B,0.12017168235599907,0.050661212128061184,0.3168843133044785
comp_vote,top 19%,2024-09-09,1.0,B,0.13920365641698473,0.063613659370092,0.35179221290581353
comp_vote,top 19%,2024-09-10,1.0,B,0.12909776351419677,0.07087999840135129,0.3506239176006556
comp_vote,top 19%,2024-09-11,1.0,B,0.12249047672806146,0.07842040736326616,0.3640593610848899
comp_vote,top 19%,2024-09-12,1.0,B,0.09450364700723357,0.026614969976950675,0.33876412623299546
comp_vote,top 19%,2024-09-18,1.0,B,0.10823742187878227,0.04175345074704562,0.3145966477886215
comp_vote,top 19%,2024-09-30,1.0,B,0.08127208966135147,-0.1269948544487135,0.35425650253670393
comp_vote,top 19%,2024-10-01,1.0,B,0.07734210848319756,-0.15376839875600856,0.35016523966075397
comp_vote,top 19%,2024-10-04,1.0,B,0.06617649210045484,-0.19269785777875836,0.3746328079246197
comp_vote,top 19%,2024-10-07,1.0,B,0.03135800905880126,-0.13355048012049742,0.36743673138862376
comp_vote,top 19%,2024-10-08,1.0,B,0.04672893174813808,-0.10908246273139743,0.353289933731207
comp_vote,top 19%,2024-10-09,1.0,B,0.06957666926771933,-0.12189126485139101,0.3634476166513627
comp_vote,top 19%,2024-10-15,1.0,B,0.01349298045344649,-0.17123708552973615,0.2964802078204394
comp_vote,top 19%,2024-10-16,1.0,B,0.031087990440307856,-0.15479875932903708,0.350001510278118
comp_vote,top 19%,2024-10-21,1.0,B,-0.01994449240432028,-0.16636811178609479,0.3279506238940799
comp_vote,top 19%,2024-10-23,1.0,B,0.015373060352245282,-0.14264854871155774,0.336630936364553
comp_vote,top 19%,2024-10-24,1.0,B,0.03203679867369846,-0.13008097904442473,0.3406718302915266
comp_vote,top 19%,2024-10-28,1.0,B,0.04097032334011419,-0.12812921355739237,0.3185838611343641
comp_vote,top 19%,2024-10-29,1.0,B,0.020174243011110926,-0.08147262841332736,0.3339189118173087
comp_vote,top 19%,2024-10-30,1.0,B,0.02465730564151558,-0.09110241338440606,0.34886626293817047
comp_vote,top 19%,2024-11-01,1.0,B,0.047349277258820655,-0.08995566530610954,0.34842421880617347
comp_vote,top 19%,2024-11-04,1.0,B,0.03851658641422584,-0.10492635465705424,0.33765215594235976
comp_vote,top 19%,2024-11-05,1.0,B,0.03947449038073625,-0.09638231816036558,0.32649024857158127
comp_vote,top 19%,2024-11-18,1.0,B,0.050707137232347765,-0.018520362001881452,0.3210906939852205
comp_vote,top 19%,2025-03-27,1.0,B,0.0647514433180254,0.2540788149747091,0.7863590572839079
comp_vote,top 19%,2025-03-28,1.0,B,0.07678574736148813,0.2801627608826036,0.8407757716832691
comp_vote,top 19%,2025-03-31,2.0,B,0.11814757820936439,0.3291263371665434,0.9059581562163952
comp_vote,top 19%,2025-04-01,1.0,B,0.09722074659675584,0.311502394932766,0.9255070283476245
comp_vote,top 19%,2025-04-02,1.0,B,0.10545448073921704,0.3377696147028848,0.9531601078392407
comp_vote,top 19%,2025-04-07,2.0,B,0.22853540508482362,0.48513925069039754,1.1920988682803997
comp_vote,top 19%,2025-04-08,3.0,B,0.2873083254519151,0.5297905405288605,1.2431071697636633
comp_vote,top 19%,2025-04-09,3.0,B,0.33679897743549225,0.5773846284047734,1.362450172683535
comp_vote,top 19%,2025-04-10,3.0,B,0.20820891248205098,0.447942393351791,1.184785472819586
comp_vote,top 19%,2025-04-11,3.0,B,0.17532648941886575,0.42228840619979024,1.143684133668275
comp_vote,top 19%,2025-04-14,3.0,B,0.19364693090571872,0.456741597046028,1.1548152687120408
comp_vote,top 19%,2025-04-15,3.0,B,0.1952827079526871,0.462912237174401,1.2222520451114343
comp_vote,top 19%,2025-04-16,3.0,B,0.22254394321516768,0.5308843354586052,1.3400603266855597
comp_vote,top 19%,2025-04-17,3.0,B,0.22902517352862595,0.5342481296529369,1.3408515401736252
comp_vote,top 19%,2025-04-18,3.0,B,0.24300814335686205,0.542176703928805,1.3040239506621938
comp_vote,top 19%,2025-04-21,3.0,B,0.2711223003543457,0.5493020380379248,1.3309972300039932
comp_vote,top 19%,2025-04-22,3.0,B,0.30041690415341327,0.5678799741315979,1.4780048635154008
comp_vote,top 19%,2025-04-23,3.0,B,0.26373969282018095,0.5286575267591234,1.3730110376091313
comp_vote,top 19%,2025-04-24,3.0,B,0.2664277564494113,0.5674841795453403,1.4159521081009698
comp_vote,top 19%,2025-04-25,3.0,B,0.2285054640834887,0.5079874796678105,1.4078942061451092
comp_vote,top 19%,2025-04-28,3.0,B,0.2218308477136428,0.5206612271390161,1.3706189805076288
comp_vote,top 19%,2025-04-29,2.0,B,0.22429954798523144,0.5171712770352854,
comp_vote,top 19%,2025-04-30,2.0,B,0.21610119204965028,0.4980264060274242,
comp_vote,top 19%,2025-05-02,2.0,B,0.1852385562542993,0.44759299821471377,
comp_vote,top 19%,2025-05-05,3.0,B,0.18186670808893313,0.49461040790631206,
comp_vote,top 19%,2025-05-06,3.0,B,0.20138861739807878,0.4923131572906423,
comp_vote,top 19%,2025-05-07,3.0,B,0.2189783993247496,0.5228363076787408,
comp_vote,top 19%,2025-05-08,3.0,B,0.1925856138952251,0.5029847774948346,
comp_vote,top 19%,2025-05-09,2.0,B,0.17099762047525568,0.4925609978380603,
comp_vote,top 19%,2025-05-12,1.0,B,0.17289275667226578,0.4624115640526145,
comp_vote,top 19%,2025-05-13,1.0,B,0.14865781966521352,0.4403268279494428,
comp_vote,top 19%,2025-05-14,1.0,B,0.15515775194059334,0.3908143330967879,
comp_vote,top 19%,2025-05-15,1.0,B,0.15768953752923975,0.39717342215895957,
comp_vote,top 19%,2025-05-16,1.0,B,0.16333119625022374,0.37684700224917433,
comp_vote,top 19%,2025-05-19,1.0,B,0.1808869113425451,0.4141622873383972,
comp_vote,top 19%,2025-05-20,1.0,B,0.1886266302127959,0.40139867782462413,
comp_vote,top 19%,2025-05-21,1.0,B,0.16611149418380222,0.38660858786731267,
comp_vote,top 19%,2025-05-22,1.0,B,0.17895409145051633,0.39522503855252733,
comp_vote,top 19%,2025-05-23,1.0,B,0.1871843509412645,0.37428288014977795,
comp_vote,top 19%,2025-05-26,1.0,B,0.18626898482025234,0.3802640939487607,
comp_vote,top 19%,2025-05-27,1.0,B,0.16312319070017933,0.35997675184087097,
comp_vote,top 19%,2025-05-28,1.0,B,0.1679154797533624,0.34871778608321424,
comp_vote,top 19%,2025-05-29,1.0,B,0.15971417776822983,0.387175069801442,
comp_vote,top 19%,2025-06-02,1.0,B,0.20685267158300613,0.37059066060868173,
comp_vote,top 19%,2025-06-03,1.0,B,0.19947385717965216,0.3540980237888476,
comp_vote,top 19%,2025-06-04,1.0,B,0.17757206474287734,0.3408768704343095,
comp_vote,top 19%,2025-06-05,1.0,B,0.1642155485528647,0.360468907861333,
comp_vote,top 19%,2025-06-06,1.0,B,0.16229593575425105,0.37040226220514305,
comp_vote,top 19%,2025-06-09,1.0,B,0.14025943090719895,0.36721486085276966,
comp_vote,top 19%,2025-06-10,1.0,B,0.11034017044454858,0.3131907427645322,
comp_vote,top 19%,2025-06-11,1.0,B,0.1092725171588611,0.3174613559072823,
comp_vote,top 19%,2025-06-12,1.0,B,0.11674592495120195,0.3302728649205888,
comp_vote,top 19%,2025-06-13,1.0,B,0.1284899458862927,0.3281376409529497,
comp_vote,top 19%,2025-06-16,1.0,B,0.13916623093196012,0.3398816618880405,
comp_vote,top 19%,2025-06-17,1.0,B,0.15091033447078672,0.36016674390115977,
comp_vote,top 19%,2025-06-18,1.0,B,0.16327940228282145,0.34639789343529737,
comp_vote,top 19%,2025-06-19,1.0,B,0.1855780521140371,0.36945493892943126,
comp_vote,top 19%,2025-06-20,1.0,B,0.19911979634822097,0.35650426495937415,
comp_vote,top 19%,2025-06-23,1.0,B,0.20914665642933694,0.37000637828403105,
comp_vote,top 19%,2025-06-24,1.0,B,0.20340882765427826,0.3317016755296285,
comp_vote,top 19%,2025-06-25,1.0,B,0.17781367928151703,0.30113405087825273,
comp_vote,top 19%,2025-06-26,1.0,B,0.18887416927597922,0.29220916300749145,
comp_vote,top 19%,2025-06-27,1.0,B,0.18868596871179277,0.2908713349826004,
comp_vote,top 19%,2025-06-30,1.0,B,0.19529492948492488,0.30149707887637955,
comp_vote,top 19%,2025-07-01,1.0,B,0.21015350519753517,0.31263871874360505,
comp_vote,top 19%,2025-10-17,1.0,bull,0.14020950710448932,0.41126135755980164,
comp_vote,top 9%,2017-12-06,2.0,bull,0.06766025564163702,0.04736046425083895,-0.02514431112181903
comp_vote,top 9%,2017-12-07,2.0,bull,0.07714433112011165,0.04798093987222085,-0.024468457041975977
comp_vote,top 9%,2018-02-06,2.0,C,0.026365526115713633,0.09062551352642045,0.004353874103255606
comp_vote,top 9%,2018-02-09,2.0,C,0.03795078344009961,0.07849453333789236,0.021182541369770158
comp_vote,top 9%,2018-02-12,2.0,C,0.025721573208842274,0.059577677271069884,0.0037237315465352694
comp_vote,top 9%,2018-10-05,2.0,C,-0.11264215552431778,0.0025815352435833994,0.10521434970939825
comp_vote,top 9%,2018-10-08,2.0,C,-0.11626493124139936,0.00739599618059783,0.10807445493947943
comp_vote,top 9%,2018-10-09,2.0,C,-0.1327325300586356,0.013659442016524359,0.10911862223767388
comp_vote,top 9%,2018-10-11,3.0,C,-0.04457386263999186,0.09360265836626769,0.19294694466754136
comp_vote,top 9%,2018-10-12,3.0,C,-0.07994985746053784,0.06577174140072373,0.1586510652286761
comp_vote,top 9%,2018-10-15,3.0,C,-0.053030401970719176,0.07655869491359257,0.174368436707367
comp_vote,top 9%,2018-10-16,3.0,C,-0.056746329600292356,0.07650173202167498,0.17813249073271797
comp_vote,top 9%,2018-10-17,3.0,C,-0.049118383056514725,0.07384714276845972,0.17992251544385418
comp_vote,top 9%,2018-10-18,3.0,C,-0.05243225944755214,0.08179802315226858,0.18364908308412398
comp_vote,top 9%,2018-10-19,3.0,C,-0.046027617917984265,0.08170217555541681,0.20894592394830513
comp_vote,top 9%,2018-10-22,3.0,C,-0.04608596646807295,0.0856712354452307,0.21966270147480804
comp_vote,top 9%,2018-10-23,3.0,C,-0.028295909024674493,0.09332108643389181,0.2484267437356904
comp_vote,top 9%,2018-10-24,3.0,C,-0.018733807693830373,0.10292711784683028,0.2473550383721541
comp_vote,top 9%,2018-10-25,3.0,C,0.013245105951842806,0.13068315867009805,0.27461406041402037
comp_vote,top 9%,2018-10-26,3.0,C,0.012537983056239987,0.1349174903037742,0.2569978346920716
comp_vote,top 9%,2018-10-29,3.0,C,0.0030958930630891057,0.1398819006419112,0.2628575531469548
comp_vote,top 9%,2018-10-30,3.0,C,0.005205332865470869,0.11719649241217445,0.252002024051015
comp_vote,top 9%,2018-10-31,3.0,C,-0.002904179242801841,0.10544691722920074,0.22550051974401053
comp_vote,top 9%,2018-11-01,3.0,C,-0.011741942980713072,0.08557166953907092,0.22415059260059444
comp_vote,top 9%,2018-11-02,3.0,C,-0.023403499809303674,0.06901254273378021,0.22819210355008734
comp_vote,top 9%,2018-11-05,3.0,C,-0.020388002764134106,0.07381808286134439,0.24377174606829222
comp_vote,top 9%,2018-11-06,3.0,C,-0.0066740488644547735,0.05941565168710561,0.24309241950474103
comp_vote,top 9%,2018-11-07,2.0,C,-0.005166487120760843,0.04743505376962154,0.22680314798315604
comp_vote,top 9%,2018-11-08,2.0,C,-0.012805489453504015,0.04276508999544815,0.22046099491048254
comp_vote,top 9%,2018-11-09,2.0,C,-0.0027949161824754043,0.04756232400304761,0.23760101976958303
comp_vote,top 9%,2018-11-12,2.0,C,-0.007995796804196487,0.03430169373002134,0.23776010355829746
comp_vote,top 9%,2018-11-13,2.0,C,0.011607552486242234,0.04570669833061358,0.25692869288213727
comp_vote,top 9%,2018-11-14,2.0,C,0.0063386905158400175,0.04499274902875161,0.24950554710758155
comp_vote,top 9%,2018-11-15,2.0,C,0.014389701628792384,0.04162614648642782,0.2260512906005947
comp_vote,top 9%,2018-11-16,2.0,C,0.03300694705729179,0.030997272092635475,0.24383942643390566
comp_vote,top 9%,2018-11-19,2.0,C,0.034358218295419185,0.03973488507731693,0.24789421640309794
comp_vote,top 9%,2018-11-20,2.0,C,0.05134594653759672,0.046597832246755955,0.2545990268630849
comp_vote,top 9%,2018-11-21,2.0,C,0.05405945593200556,0.0459198862021879,0.271017205963906
comp_vote,top 9%,2018-11-22,2.0,C,0.058954342039912566,0.04668045234780105,0.27980509054432967
comp_vote,top 9%,2018-11-23,2.0,C,0.052889968294118406,0.05904720977156752,0.2923308579252202
comp_vote,top 9%,2018-11-26,2.0,C,0.03912058742802804,0.06213701535300076,0.269878702417891
comp_vote,top 9%,2018-11-27,2.0,C,0.043198787472361166,0.06488984489584593,0.28180290947120556
comp_vote,top 9%,2018-11-28,2.0,C,0.02764578217205549,0.046415393118165005,0.2960298679982196
comp_vote,top 9%,2018-11-29,2.0,C,0.016947224369837866,0.04772351794508567,0.3076767790214725
comp_vote,top 9%,2018-11-30,2.0,C,0.022937543029247554,0.04375912745211741,0.31211072786964
comp_vote,top 9%,2018-12-03,2.0,C,0.010717762546049503,0.03426818385213459,0.29512970547922546
comp_vote,top 9%,2018-12-04,2.0,C,0.015845302818219054,0.04614918691076353,0.3048972153551561
comp_vote,top 9%,2018-12-05,2.0,C,0.0363773797969813,0.07202193199002505,0.3246745594782383
comp_vote,top 9%,2018-12-06,2.0,C,0.0653181188191414,0.0852241872909214,0.3423232068631368
comp_vote,top 9%,2018-12-07,2.0,C,0.06720860039821197,0.07814053654657549,0.33885281897257213
comp_vote,top 9%,2018-12-10,3.0,C,0.08569769378197711,0.08985220889580092,0.35753427150463657
comp_vote,top 9%,2018-12-11,2.0,C,0.07839181705623277,0.08388682064254716,0.34875947817427644
comp_vote,top 9%,2018-12-12,2.0,C,0.07091132722382953,0.09255923626954887,0.3284039665039449
comp_vote,top 9%,2018-12-13,2.0,C,0.07220994002542769,0.0924787894494854,0.3355207920166965
comp_vote,top 9%,2018-12-14,2.0,C,0.06930889221211878,0.10625259886916805,0.34959904266231434
comp_vote,top 9%,2018-12-17,2.0,C,0.06764861103527253,0.10226380924406153,0.32730009778821145
comp_vote,top 9%,2018-12-18,2.0,C,0.07481135772137715,0.10561774912892163,0.34842385574473167
comp_vote,top 9%,2018-12-19,2.0,C,0.06631477931361496,0.09144436817190016,0.3377643209948187
comp_vote,top 9%,2018-12-20,2.0,C,0.08732120597220816,0.11960405277786501,0.3355973000892616
comp_vote,top 9%,2018-12-21,2.0,C,0.0947493115160698,0.1091448669895414,0.32878515698001887
comp_vote,top 9%,2018-12-24,2.0,C,0.1062174439530712,0.14072208367021477,0.3314156576907372
comp_vote,top 9%,2018-12-25,3.0,C,0.12046682907871964,0.15261996435608993,0.3668944377405612
comp_vote,top 9%,2018-12-26,4.0,C,0.13402708359468374,0.1424375235215276,0.375559663798966
comp_vote,top 9%,2018-12-27,3.0,C,0.11823035041057395,0.12647308226005416,0.35776483160175454
comp_vote,top 9%,2018-12-28,3.0,C,0.11293082533170495,0.11839301247577394,0.3579355374184454
comp_vote,top 9%,2019-01-02,3.0,C,0.12985030952871557,0.13611564447670377,0.37048368690087385
comp_vote,top 9%,2019-01-03,3.0,C,0.1399298633647139,0.14555241984897638,0.37931017588976856
comp_vote,top 9%,2019-01-04,2.0,C,0.16879679816084603,0.1737947450531201,0.40127975366742885
comp_vote,top 9%,2019-01-07,2.0,C,0.1446229233251488,0.15507914003547407,0.3737433568403612
comp_vote,top 9%,2019-01-08,2.0,C,0.15838440985297852,0.15838440985297852,0.3009829624198972
comp_vote,top 9%,2019-01-09,2.0,C,0.13684610060766134,0.14371957896934218,0.2875858140720089
comp_vote,top 9%,2019-01-10,2.0,C,0.1412642916782958,0.14884522973189762,0.27811109797523326
comp_vote,top 9%,2019-01-11,2.0,C,0.1293173867639117,0.13068315867009805,0.2883016239783083
comp_vote,top 9%,2019-01-14,2.0,C,0.1416577167576032,0.13684610060766134,0.3004688917089169
comp_vote,top 9%,2019-01-15,2.0,C,0.13389254853964916,0.1408231572688936,0.30987272486492445
comp_vote,top 9%,2019-01-16,2.0,C,0.13812272100187495,0.14783851877953258,0.2959749636655491
comp_vote,top 9%,2019-01-17,2.0,C,0.12515846808517206,0.15059100890506594,0.293132999291855
comp_vote,top 9%,2019-01-18,2.0,C,0.12398361065995078,0.14384675319992013,0.2969238593389405
comp_vote,top 9%,2019-01-21,2.0,C,0.1159029064423005,0.13902129075296998,0.300230423361586
comp_vote,top 9%,2019-01-23,2.0,C,0.13636383971339727,0.14195902581334652,0.3132900305246582
comp_vote,top 9%,2019-01-24,2.0,C,0.11141122702508754,0.13315632968273117,0.2979422291990126
comp_vote,top 9%,2020-03-09,2.0,B,0.020384380271824654,0.1944042166905504,0.6088636784426764
comp_vote,top 9%,2020-03-10,2.0,B,0.023754277102238763,0.20626710460895015,0.6088223433168813
comp_vote,top 9%,2020-03-11,2.0,B,0.04923775493765303,0.21627549615157537,0.6023445095479092
comp_vote,top 9%,2020-03-12,2.0,B,0.09068779302447849,0.26659156988108657,0.6713029332676705
comp_vote,top 9%,2020-03-13,3.0,B,0.11666650099786602,0.2752475063960256,0.6975727212507763
comp_vote,top 9%,2020-03-16,3.0,B,0.1520052102991183,0.33433302729262815,0.7508673006332058
comp_vote,top 9%,2020-03-17,3.0,B,0.17902452640695232,0.3860829185247667,0.8143643005964674
comp_vote,top 9%,2020-03-18,3.0,B,0.19505504559509412,0.41542879706183244,0.8993862766424439
comp_vote,top 9%,2020-03-19,3.0,B,0.29686337209110514,0.5164077939611251,1.0336602042519836
comp_vote,top 9%,2020-03-20,3.0,B,0.20270298768160133,0.40540738125910214,0.8901432944114109
comp_vote,top 9%,2020-03-23,3.0,B,0.25564954570057474,0.4874232633403339,0.9588557082465938
comp_vote,top 9%,2020-03-24,3.0,B,0.19663338479863235,0.42373717510093245,0.8816999923971718
comp_vote,top 9%,2020-03-25,3.0,B,0.15875081357896703,0.3965401248494238,0.8454924517411855
comp_vote,top 9%,2020-03-26,3.0,B,0.15867875571771783,0.3752039300821861,0.8431247115799945
comp_vote,top 9%,2020-03-27,3.0,B,0.17493473078234012,0.3846607358857752,0.8535309861373921
comp_vote,top 9%,2020-03-30,3.0,B,0.17468712180205626,0.38706465976482574,0.8610036123326685
comp_vote,top 9%,2020-03-31,3.0,B,0.18056446226657852,0.3637427653680465,0.8536712453035331
comp_vote,top 9%,2020-04-01,3.0,B,0.19235822949173653,0.3662442838749911,0.8699475629038953
comp_vote,top 9%,2020-04-06,3.0,B,0.18754065408161114,0.3131703960793615,0.8573994537970031
comp_vote,top 9%,2020-04-07,3.0,B,0.17898076605270186,0.29148042320261847,0.8257126499119192
comp_vote,top 9%,2020-04-08,3.0,B,0.1827891865893414,0.2945129660096568,0.8037157574647238
comp_vote,top 9%,2020-04-09,3.0,B,0.19242916000202737,0.3034076759293547,0.808434979071168
comp_vote,top 9%,2020-04-10,3.0,B,0.1998738947250256,0.3083015008969059,0.7910711441834826
comp_vote,top 9%,2020-04-13,3.0,B,0.2112942403938638,0.31724226449648474,0.8011299567345875
comp_vote,top 9%,2020-04-14,2.0,B,0.16924032865150962,0.29718833537473954,0.7691851212774137
comp_vote,top 9%,2020-04-15,2.0,B,0.18288198195307515,0.30001764762505756,0.789722642615984
comp_vote,top 9%,2020-04-16,2.0,B,0.19616324245647432,0.3239051671051896,0.7992190561495829
comp_vote,top 9%,2020-04-17,2.0,B,0.16576586092393897,0.29522825610115366,0.7357606785334607
comp_vote,top 9%,2020-04-20,2.0,B,0.15783139319363948,0.29973613257264575,0.7434690659066914
comp_vote,top 9%,2020-04-21,3.0,B,0.20595549123391255,0.33343917670691514,0.7653753213884091
comp_vote,top 9%,2020-04-22,3.0,B,0.20409430902740722,0.32094191398716254,0.7500520518181322
comp_vote,top 9%,2020-04-23,2.0,B,0.22888843935283365,0.31044065380434427,0.7270235915850876
comp_vote,top 9%,2020-04-24,2.0,B,0.23200108514872664,0.32724927657683445,0.7422899254832485
comp_vote,top 9%,2020-04-27,2.0,B,0.20615574391111124,0.2933994860898279,0.738011347141861
comp_vote,top 9%,2020-04-28,2.0,B,0.20188514095597987,0.29278918077388116,0.7261671061763577
comp_vote,top 9%,2021-05-14,2.0,C,0.0760291299944098,0.058535782686429894,-0.007631978373834558
comp_vote,top 9%,2021-05-17,2.0,C,0.0909250345009156,0.09449175622498251,0.0002488248912719815
comp_vote,top 9%,2021-05-18,2.0,C,0.039689330652138866,0.054845094851337484,-0.03624495656612592
comp_vote,top 9%,2021-05-19,2.0,C,0.04490308050487024,0.0735148210849772,-0.04172924565131242
comp_vote,top 9%,2021-05-20,2.0,C,0.04212210686039208,0.07938199401254842,-0.014708100113984823
comp_vote,top 9%,2021-05-21,2.0,C,0.025282607530529022,0.05482537278372468,-0.004870032514036948
comp_vote,top 9%,2021-05-24,2.0,C,0.01924808077244533,0.0598356413018275,0.00632727510726383
comp_vote,top 9%,2021-08-20,2.0,D,0.08336531841179129,0.12393084678517097,-0.07281942901069416
comp_vote,top 9%,2021-10-04,2.0,D,0.09125040676380891,0.045725519798384795,-0.2133492145162036
comp_vote,top 9%,2021-10-05,2.0,D,0.09778112602942746,0.028466513713642616,-0.21607750340886622
comp_vote,top 9%,2021-10-06,2.0,D,0.093984853364947,0.03384241809306077,-0.22575712410376436
comp_vote,top 9%,2021-10-12,2.0,D,0.12382383397736474,0.03885590509801906,-0.20844100095764928
comp_vote,top 9%,2021-10-13,2.0,D,0.1170692783450542,0.03852768617479163,-0.2163562318725416
comp_vote,top 9%,2021-10-14,2.0,D,0.10433164290410035,0.018083691767469157,-0.222731872421708
comp_vote,top 9%,2022-03-08,2.0,A,-0.01868100677199991,-0.09548583275489753,-0.07115679374722839
comp_vote,top 9%,2022-03-15,2.0,A,-0.06152668235713643,-0.11747604918177645,-0.036738924677143237
comp_vote,top 9%,2022-05-12,2.0,A,0.003130765111105216,-0.1639177392829121,0.04888704544488065
comp_vote,top 9%,2022-06-20,2.0,A,-0.014052529107055012,-0.025951832509345074,0.12199257665497831
comp_vote,top 9%,2022-06-21,2.0,A,-0.05339301258753082,-0.05672473140579559,0.11312433659262244
comp_vote,top 9%,2022-06-22,2.0,A,-0.030302060013409404,-0.020507090716647247,0.14088712983937746
comp_vote,top 9%,2022-06-23,2.0,A,-0.02836530873478471,-0.01671079864632985,0.15460428535117843
comp_vote,top 9%,2022-06-24,2.0,A,-0.03472849619108265,-0.023098572935810746,0.1266165297789732
comp_vote,top 9%,2022-06-27,2.0,A,-0.04865945524187831,-0.033932685487303216,0.098814228968648
comp_vote,top 9%,2022-06-28,2.0,A,-0.047598334426027566,-0.023809515284172744,0.10719026235761997
comp_vote,top 9%,2022-06-29,2.0,A,-0.05114767073518156,-0.03187075980716947,0.1318407541635087
comp_vote,top 9%,2022-06-30,3.0,A,-0.035794807297710896,-0.01250263748404179,0.1634099171770742
comp_vote,top 9%,2022-07-01,3.0,A,-0.017763971362361297,0.006415542938499774,0.22126343672737403
comp_vote,top 9%,2022-07-04,3.0,A,-0.009363984920747526,0.020585495870667048,0.24614697727136625
comp_vote,top 9%,2022-07-05,3.0,A,-0.03490394854130252,0.03249225685664214,0.23762834163985924
comp_vote,top 9%,2022-07-06,3.0,A,-0.019114227675693596,0.035119597320757645,0.2596486794959212
comp_vote,top 9%,2022-07-07,3.0,A,-0.0607175421488243,0.008741326442600394,0.21276747343078495
comp_vote,top 9%,2022-07-08,3.0,A,-0.0814896001524793,0.002991860448732009,0.2060469458615224
comp_vote,top 9%,2022-07-11,3.0,A,-0.04973164014098519,-0.002580953542683395,0.1965658773316017
comp_vote,top 9%,2022-07-12,3.0,A,-0.003548223194422051,0.017356362273995396,0.22653903045513868
comp_vote,top 9%,2022-07-13,3.0,A,-0.031073984434876634,-0.011336609498256767,0.19926692753479625
comp_vote,top 9%,2022-07-14,3.0,A,-0.051819538417762434,-0.011195897501659946,0.1902390467480084
comp_vote,top 9%,2022-07-15,3.0,A,-0.11260112445138404,-0.02624041772170793,0.18392373678974638
comp_vote,top 9%,2022-07-18,2.0,A,-0.12087320863431938,-0.023484933307676314,0.17874017541557996
comp_vote,top 9%,2022-07-19,2.0,A,-0.13216174215230803,-0.01995634924974443,0.17134279035551603
comp_vote,top 9%,2022-07-20,2.0,A,-0.11299867800498775,0.008490454056727659,0.16957953599582698
comp_vote,top 9%,2022-07-21,2.0,A,-0.13927133111574352,0.0010977374689309372,0.14221743113898588
comp_vote,top 9%,2022-07-22,2.0,A,-0.13272229060112362,-0.0019015456620420368,0.13247695086307099
comp_vote,top 9%,2022-07-25,2.0,A,-0.14356987981077673,-0.005339137952408479,0.1445813893960186
comp_vote,top 9%,2022-07-26,2.0,A,-0.14055931825260426,0.015387513980035239,0.1414909919827716
comp_vote,top 9%,2022-07-27,2.0,A,-0.15086770037923825,0.013978979966725813,0.13300196751170446
comp_vote,top 9%,2022-07-28,2.0,A,-0.1548920056028027,0.012244065806056081,0.12394979960472896
comp_vote,top 9%,2022-07-29,2.0,A,-0.17890336804135787,0.047955863376813346,0.11259150426975184
comp_vote,top 9%,2022-08-01,2.0,A,-0.16879574422814603,0.03017412364255967,0.09999780337255526
comp_vote,top 9%,2022-08-02,3.0,A,-0.1432281613667804,0.05304000497206274,0.11959510660318529
comp_vote,top 9%,2022-08-03,3.0,A,-0.159139873202906,0.0642908265956168,0.10705281554239998
comp_vote,top 9%,2022-08-04,2.0,A,-0.15015014211447797,0.061551287954719536,0.10909890648403775
comp_vote,top 9%,2022-08-05,2.0,A,-0.1665271470120998,0.020371632959762076,0.07520835899070155
comp_vote,top 9%,2022-08-08,2.0,A,-0.16142563149604294,0.02036712350649994,0.07006765479971633
comp_vote,top 9%,2022-08-09,2.0,A,-0.1716323716776471,0.03709978076768805,0.0796728705850227
comp_vote,top 9%,2022-08-10,2.0,A,-0.16157764352513726,0.04852891457328745,0.0985992171664869
comp_vote,top 9%,2022-08-11,2.0,A,-0.1624323344005174,0.030602214532230665,0.09750383114834182
comp_vote,top 9%,2022-08-12,2.0,A,-0.15894043893971888,0.022087446317342385,0.06964908769835065
comp_vote,top 9%,2022-08-15,2.0,A,-0.14273999797399317,0.020413713369813014,0.06680519114130212
comp_vote,top 9%,2022-08-16,2.0,A,-0.15233411332246094,-0.004705891449150568,0.07100554258028202
comp_vote,top 9%,2022-08-18,2.0,A,-0.09353118892912571,0.0006028466950227518,0.0746324764121209
comp_vote,top 9%,2022-08-19,2.0,A,-0.05635542818063355,0.0010595391077694583,0.0745714705555407
comp_vote,top 9%,2022-08-22,2.0,A,-0.04623082828493319,0.013141474236273432,0.09534339067405884
comp_vote,top 9%,2022-08-23,2.0,A,-0.030879801982245603,0.017752853618541176,0.10985407172581296
comp_vote,top 9%,2022-08-24,2.0,A,-0.030958378019406485,0.03551984276126374,0.10871847241297927
comp_vote,top 9%,2022-08-25,2.0,A,-0.043277344108310745,0.020792264002530203,0.08844406336780386
comp_vote,top 9%,2022-08-26,2.0,A,-0.040133756400521636,0.020373487269574442,0.0782127633663019
comp_vote,top 9%,2022-08-29,2.0,A,-0.00815108850772961,0.04619825239077113,0.10197795900307738
comp_vote,top 9%,2022-08-30,2.0,A,-0.0004283457608714736,0.045281987674500535,0.1111977797928807
comp_vote,top 9%,2022-08-31,2.0,A,-0.007653204392292556,0.04772580289443584,0.10448921906365793
comp_vote,top 9%,2022-09-01,2.0,A,-0.006947662208620642,0.07712144416623445,0.14375547812913436
comp_vote,top 9%,2022-09-02,2.0,A,0.013169471442834091,0.07996525971625656,0.15995124046064912
comp_vote,top 9%,2022-09-05,2.0,A,0.019272729716212744,0.07670421044027087,0.1451414114510441
comp_vote,top 9%,2022-09-06,2.0,A,0.030026160035447447,0.0527679312884588,0.13270077790526047
comp_vote,top 9%,2022-09-07,2.0,A,0.0454547264373788,0.08265855477476536,0.1534858314720502
comp_vote,top 9%,2022-09-08,2.0,A,0.039380525296455415,0.06323017308281598,0.12695765827832584
comp_vote,top 9%,2022-09-28,2.0,A,0.06983367644710436,0.1813521122519406,0.2513393129577197
comp_vote,top 9%,2022-09-29,2.0,A,0.05529066332355792,0.17944520025266164,0.2485915946215953
comp_vote,top 9%,2022-09-30,2.0,A,0.07394886171975146,0.19597703134894617,0.2691012424269188
comp_vote,top 9%,2022-10-03,2.0,A,0.09197659668876468,0.21060481097388983,0.2668589450695187
comp_vote,top 9%,2022-10-07,2.0,A,0.04284378613783435,0.1616378807444523,0.21083946527315334
comp_vote,top 9%,2022-10-11,2.0,A,0.09731892738345582,0.22203752411833677,0.279548211269222
comp_vote,top 9%,2022-10-12,2.0,A,0.11077841817942446,0.22405340733820922,0.2605664519173705
comp_vote,top 9%,2022-10-13,2.0,A,0.1292929781418508,0.22959515421656573,0.2816098643021594
comp_vote,top 9%,2022-10-14,2.0,A,0.1369661228784489,0.193682117852652,0.24269141650372772
comp_vote,top 9%,2022-10-17,2.0,A,0.16308166982125916,0.21330454338916915,0.2574919184296909
comp_vote,top 9%,2022-10-18,2.0,A,0.1508406632862218,0.1949519433389868,0.24934479179615554
comp_vote,top 9%,2022-10-19,2.0,A,0.16140341003866965,0.19523575816972594,0.29485442007591955
comp_vote,top 9%,2022-10-20,2.0,A,0.18145153649879808,0.19670874010216965,0.3119689431446544
comp_vote,top 9%,2022-10-21,2.0,A,0.19413544911621883,0.19930476370753025,0.32748728253837345
comp_vote,top 9%,2022-10-24,2.0,A,0.19776889168830336,0.21747236461508113,0.33100030741127906
comp_vote,top 9%,2022-10-25,3.0,A,0.27628810372418844,0.2445659625718395,0.3646624107816141
comp_vote,top 9%,2022-10-26,3.0,A,0.2393754200475584,0.22785106821408263,0.35260987822312817
comp_vote,top 9%,2022-10-27,2.0,A,0.2290786852330995,0.21358597799481127,0.3282423477491412
comp_vote,top 9%,2022-10-28,2.0,A,0.26571684478557556,0.23224333247304152,0.3659234441517307
comp_vote,top 9%,2022-10-31,2.0,A,0.24910450723134026,0.2238126870467647,0.3511380919119549
comp_vote,top 9%,2022-11-01,2.0,A,0.2242409927352189,0.2206478275856203,0.359822002157524
comp_vote,top 9%,2022-11-02,3.0,A,0.21678787455293547,0.20451775180872,0.35490156296767883
comp_vote,top 9%,2022-11-03,2.0,A,0.25198009351001427,0.21779277902101768,0.37695169787937166
comp_vote,top 9%,2022-11-04,2.0,A,0.25059751386140916,0.21232439436622608,0.37433739253639975
comp_vote,top 9%,2022-11-07,2.0,A,0.23047039285427173,0.19182743205670816,0.3676097191146068
comp_vote,top 9%,2022-11-08,2.0,A,0.21523788996447357,0.19360011840447977,0.34122284483023235
comp_vote,top 9%,2022-11-09,3.0,A,0.19031998571987097,0.17955681428903403,0.3035058991436037
comp_vote,top 9%,2022-11-10,3.0,A,0.17415850300634994,0.2067602355564495,0.3150976340926508
comp_vote,top 9%,2022-11-11,2.0,A,0.12851432113605243,0.14915211797286565,0.24064951085394792
comp_vote,top 9%,2022-11-14,2.0,A,0.10384696580232178,0.13684619071574255,0.2378588606801988
comp_vote,top 9%,2022-11-15,2.0,A,0.06084384841816637,0.08937067636153273,0.1862314216190888
comp_vote,top 9%,2022-11-16,2.0,A,0.06225017989881487,0.08591540430763334,0.19011566895673404
comp_vote,top 9%,2022-11-17,2.0,A,0.05018227429400435,0.09838448360178886,0.1936716066377835
comp_vote,top 9%,2022-11-18,2.0,A,0.06860202830586104,0.1272229922078243,0.19226572456432112
comp_vote,top 9%,2022-11-21,2.0,A,0.06696779648342965,0.13836843511950558,0.1877978753097489
comp_vote,top 9%,2022-11-22,2.0,A,0.06303716176453422,0.12894804604270438,0.18203507484828685
comp_vote,top 9%,2022-11-23,2.0,A,0.05479598784529638,0.11582821017656753,0.16667546512362152
comp_vote,top 9%,2022-11-24,2.0,A,0.04572992165345724,0.09654874634769572,0.1650128959661834
comp_vote,top 9%,2024-08-05,2.0,B,0.21543302121656271,0.2622473522089539,0.36728930127614645
comp_vote,top 9%,2025-03-31,2.0,B,0.11814757820936439,0.3291263371665434,0.9059581562163952
comp_vote,top 9%,2025-04-07,2.0,B,0.22853540508482362,0.48513925069039754,1.1920988682803997
comp_vote,top 9%,2025-04-08,3.0,B,0.2873083254519151,0.5297905405288605,1.2431071697636633
comp_vote,top 9%,2025-04-09,3.0,B,0.33679897743549225,0.5773846284047734,1.362450172683535
comp_vote,top 9%,2025-04-10,3.0,B,0.20820891248205098,0.447942393351791,1.184785472819586
comp_vote,top 9%,2025-04-11,3.0,B,0.17532648941886575,0.42228840619979024,1.143684133668275
comp_vote,top 9%,2025-04-14,3.0,B,0.19364693090571872,0.456741597046028,1.1548152687120408
comp_vote,top 9%,2025-04-15,3.0,B,0.1952827079526871,0.462912237174401,1.2222520451114343
comp_vote,top 9%,2025-04-16,3.0,B,0.22254394321516768,0.5308843354586052,1.3400603266855597
comp_vote,top 9%,2025-04-17,3.0,B,0.22902517352862595,0.5342481296529369,1.3408515401736252
comp_vote,top 9%,2025-04-18,3.0,B,0.24300814335686205,0.542176703928805,1.3040239506621938
comp_vote,top 9%,2025-04-21,3.0,B,0.2711223003543457,0.5493020380379248,1.3309972300039932
comp_vote,top 9%,2025-04-22,3.0,B,0.30041690415341327,0.5678799741315979,1.4780048635154008
comp_vote,top 9%,2025-04-23,3.0,B,0.26373969282018095,0.5286575267591234,1.3730110376091313
comp_vote,top 9%,2025-04-24,3.0,B,0.2664277564494113,0.5674841795453403,1.4159521081009698
comp_vote,top 9%,2025-04-25,3.0,B,0.2285054640834887,0.5079874796678105,1.4078942061451092
comp_vote,top 9%,2025-04-28,3.0,B,0.2218308477136428,0.5206612271390161,1.3706189805076288
comp_vote,top 9%,2025-04-29,2.0,B,0.22429954798523144,0.5171712770352854,
comp_vote,top 9%,2025-04-30,2.0,B,0.21610119204965028,0.4980264060274242,
comp_vote,top 9%,2025-05-02,2.0,B,0.1852385562542993,0.44759299821471377,
comp_vote,top 9%,2025-05-05,3.0,B,0.18186670808893313,0.49461040790631206,
comp_vote,top 9%,2025-05-06,3.0,B,0.20138861739807878,0.4923131572906423,
comp_vote,top 9%,2025-05-07,3.0,B,0.2189783993247496,0.5228363076787408,
comp_vote,top 9%,2025-05-08,3.0,B,0.1925856138952251,0.5029847774948346,
comp_vote,top 9%,2025-05-09,2.0,B,0.17099762047525568,0.4925609978380603,
comp_vote,top 5%,2017-12-06,2.0,bull,0.06766025564163702,0.04736046425083895,-0.02514431112181903
comp_vote,top 5%,2017-12-07,2.0,bull,0.07714433112011165,0.04798093987222085,-0.024468457041975977
comp_vote,top 5%,2018-02-06,2.0,C,0.026365526115713633,0.09062551352642045,0.004353874103255606
comp_vote,top 5%,2018-02-09,2.0,C,0.03795078344009961,0.07849453333789236,0.021182541369770158
comp_vote,top 5%,2018-02-12,2.0,C,0.025721573208842274,0.059577677271069884,0.0037237315465352694
comp_vote,top 5%,2018-10-05,2.0,C,-0.11264215552431778,0.0025815352435833994,0.10521434970939825
comp_vote,top 5%,2018-10-08,2.0,C,-0.11626493124139936,0.00739599618059783,0.10807445493947943
comp_vote,top 5%,2018-10-09,2.0,C,-0.1327325300586356,0.013659442016524359,0.10911862223767388
comp_vote,top 5%,2018-10-11,3.0,C,-0.04457386263999186,0.09360265836626769,0.19294694466754136
comp_vote,top 5%,2018-10-12,3.0,C,-0.07994985746053784,0.06577174140072373,0.1586510652286761
comp_vote,top 5%,2018-10-15,3.0,C,-0.053030401970719176,0.07655869491359257,0.174368436707367
comp_vote,top 5%,2018-10-16,3.0,C,-0.056746329600292356,0.07650173202167498,0.17813249073271797
comp_vote,top 5%,2018-10-17,3.0,C,-0.049118383056514725,0.07384714276845972,0.17992251544385418
comp_vote,top 5%,2018-10-18,3.0,C,-0.05243225944755214,0.08179802315226858,0.18364908308412398
comp_vote,top 5%,2018-10-19,3.0,C,-0.046027617917984265,0.08170217555541681,0.20894592394830513
comp_vote,top 5%,2018-10-22,3.0,C,-0.04608596646807295,0.0856712354452307,0.21966270147480804
comp_vote,top 5%,2018-10-23,3.0,C,-0.028295909024674493,0.09332108643389181,0.2484267437356904
comp_vote,top 5%,2018-10-24,3.0,C,-0.018733807693830373,0.10292711784683028,0.2473550383721541
comp_vote,top 5%,2018-10-25,3.0,C,0.013245105951842806,0.13068315867009805,0.27461406041402037
comp_vote,top 5%,2018-10-26,3.0,C,0.012537983056239987,0.1349174903037742,0.2569978346920716
comp_vote,top 5%,2018-10-29,3.0,C,0.0030958930630891057,0.1398819006419112,0.2628575531469548
comp_vote,top 5%,2018-10-30,3.0,C,0.005205332865470869,0.11719649241217445,0.252002024051015
comp_vote,top 5%,2018-10-31,3.0,C,-0.002904179242801841,0.10544691722920074,0.22550051974401053
comp_vote,top 5%,2018-11-01,3.0,C,-0.011741942980713072,0.08557166953907092,0.22415059260059444
comp_vote,top 5%,2018-11-02,3.0,C,-0.023403499809303674,0.06901254273378021,0.22819210355008734
comp_vote,top 5%,2018-11-05,3.0,C,-0.020388002764134106,0.07381808286134439,0.24377174606829222
comp_vote,top 5%,2018-11-06,3.0,C,-0.0066740488644547735,0.05941565168710561,0.24309241950474103
comp_vote,top 5%,2018-11-07,2.0,C,-0.005166487120760843,0.04743505376962154,0.22680314798315604
comp_vote,top 5%,2018-11-08,2.0,C,-0.012805489453504015,0.04276508999544815,0.22046099491048254
comp_vote,top 5%,2018-11-09,2.0,C,-0.0027949161824754043,0.04756232400304761,0.23760101976958303
comp_vote,top 5%,2018-11-12,2.0,C,-0.007995796804196487,0.03430169373002134,0.23776010355829746
comp_vote,top 5%,2018-11-13,2.0,C,0.011607552486242234,0.04570669833061358,0.25692869288213727
comp_vote,top 5%,2018-11-14,2.0,C,0.0063386905158400175,0.04499274902875161,0.24950554710758155
comp_vote,top 5%,2018-11-15,2.0,C,0.014389701628792384,0.04162614648642782,0.2260512906005947
comp_vote,top 5%,2018-11-16,2.0,C,0.03300694705729179,0.030997272092635475,0.24383942643390566
comp_vote,top 5%,2018-11-19,2.0,C,0.034358218295419185,0.03973488507731693,0.24789421640309794
comp_vote,top 5%,2018-11-20,2.0,C,0.05134594653759672,0.046597832246755955,0.2545990268630849
comp_vote,top 5%,2018-11-21,2.0,C,0.05405945593200556,0.0459198862021879,0.271017205963906
comp_vote,top 5%,2018-11-22,2.0,C,0.058954342039912566,0.04668045234780105,0.27980509054432967
comp_vote,top 5%,2018-11-23,2.0,C,0.052889968294118406,0.05904720977156752,0.2923308579252202
comp_vote,top 5%,2018-11-26,2.0,C,0.03912058742802804,0.06213701535300076,0.269878702417891
comp_vote,top 5%,2018-11-27,2.0,C,0.043198787472361166,0.06488984489584593,0.28180290947120556
comp_vote,top 5%,2018-11-28,2.0,C,0.02764578217205549,0.046415393118165005,0.2960298679982196
comp_vote,top 5%,2018-11-29,2.0,C,0.016947224369837866,0.04772351794508567,0.3076767790214725
comp_vote,top 5%,2018-11-30,2.0,C,0.022937543029247554,0.04375912745211741,0.31211072786964
comp_vote,top 5%,2018-12-03,2.0,C,0.010717762546049503,0.03426818385213459,0.29512970547922546
comp_vote,top 5%,2018-12-04,2.0,C,0.015845302818219054,0.04614918691076353,0.3048972153551561
comp_vote,top 5%,2018-12-05,2.0,C,0.0363773797969813,0.07202193199002505,0.3246745594782383
comp_vote,top 5%,2018-12-06,2.0,C,0.0653181188191414,0.0852241872909214,0.3423232068631368
comp_vote,top 5%,2018-12-07,2.0,C,0.06720860039821197,0.07814053654657549,0.33885281897257213
comp_vote,top 5%,2018-12-10,3.0,C,0.08569769378197711,0.08985220889580092,0.35753427150463657
comp_vote,top 5%,2018-12-11,2.0,C,0.07839181705623277,0.08388682064254716,0.34875947817427644
comp_vote,top 5%,2018-12-12,2.0,C,0.07091132722382953,0.09255923626954887,0.3284039665039449
comp_vote,top 5%,2018-12-13,2.0,C,0.07220994002542769,0.0924787894494854,0.3355207920166965
comp_vote,top 5%,2018-12-14,2.0,C,0.06930889221211878,0.10625259886916805,0.34959904266231434
comp_vote,top 5%,2018-12-17,2.0,C,0.06764861103527253,0.10226380924406153,0.32730009778821145
comp_vote,top 5%,2018-12-18,2.0,C,0.07481135772137715,0.10561774912892163,0.34842385574473167
comp_vote,top 5%,2018-12-19,2.0,C,0.06631477931361496,0.09144436817190016,0.3377643209948187
comp_vote,top 5%,2018-12-20,2.0,C,0.08732120597220816,0.11960405277786501,0.3355973000892616
comp_vote,top 5%,2018-12-21,2.0,C,0.0947493115160698,0.1091448669895414,0.32878515698001887
comp_vote,top 5%,2018-12-24,2.0,C,0.1062174439530712,0.14072208367021477,0.3314156576907372
comp_vote,top 5%,2018-12-25,3.0,C,0.12046682907871964,0.15261996435608993,0.3668944377405612
comp_vote,top 5%,2018-12-26,4.0,C,0.13402708359468374,0.1424375235215276,0.375559663798966
comp_vote,top 5%,2018-12-27,3.0,C,0.11823035041057395,0.12647308226005416,0.35776483160175454
comp_vote,top 5%,2018-12-28,3.0,C,0.11293082533170495,0.11839301247577394,0.3579355374184454
comp_vote,top 5%,2019-01-02,3.0,C,0.12985030952871557,0.13611564447670377,0.37048368690087385
comp_vote,top 5%,2019-01-03,3.0,C,0.1399298633647139,0.14555241984897638,0.37931017588976856
comp_vote,top 5%,2019-01-04,2.0,C,0.16879679816084603,0.1737947450531201,0.40127975366742885
comp_vote,top 5%,2019-01-07,2.0,C,0.1446229233251488,0.15507914003547407,0.3737433568403612
comp_vote,top 5%,2019-01-08,2.0,C,0.15838440985297852,0.15838440985297852,0.3009829624198972
comp_vote,top 5%,2019-01-09,2.0,C,0.13684610060766134,0.14371957896934218,0.2875858140720089
comp_vote,top 5%,2019-01-10,2.0,C,0.1412642916782958,0.14884522973189762,0.27811109797523326
comp_vote,top 5%,2019-01-11,2.0,C,0.1293173867639117,0.13068315867009805,0.2883016239783083
comp_vote,top 5%,2019-01-14,2.0,C,0.1416577167576032,0.13684610060766134,0.3004688917089169
comp_vote,top 5%,2019-01-15,2.0,C,0.13389254853964916,0.1408231572688936,0.30987272486492445
comp_vote,top 5%,2019-01-16,2.0,C,0.13812272100187495,0.14783851877953258,0.2959749636655491
comp_vote,top 5%,2019-01-17,2.0,C,0.12515846808517206,0.15059100890506594,0.293132999291855
comp_vote,top 5%,2019-01-18,2.0,C,0.12398361065995078,0.14384675319992013,0.2969238593389405
comp_vote,top 5%,2019-01-21,2.0,C,0.1159029064423005,0.13902129075296998,0.300230423361586
comp_vote,top 5%,2019-01-23,2.0,C,0.13636383971339727,0.14195902581334652,0.3132900305246582
comp_vote,top 5%,2019-01-24,2.0,C,0.11141122702508754,0.13315632968273117,0.2979422291990126
comp_vote,top 5%,2020-03-09,2.0,B,0.020384380271824654,0.1944042166905504,0.6088636784426764
comp_vote,top 5%,2020-03-10,2.0,B,0.023754277102238763,0.20626710460895015,0.6088223433168813
comp_vote,top 5%,2020-03-11,2.0,B,0.04923775493765303,0.21627549615157537,0.6023445095479092
comp_vote,top 5%,2020-03-12,2.0,B,0.09068779302447849,0.26659156988108657,0.6713029332676705
comp_vote,top 5%,2020-03-13,3.0,B,0.11666650099786602,0.2752475063960256,0.6975727212507763
comp_vote,top 5%,2020-03-16,3.0,B,0.1520052102991183,0.33433302729262815,0.7508673006332058
comp_vote,top 5%,2020-03-17,3.0,B,0.17902452640695232,0.3860829185247667,0.8143643005964674
comp_vote,top 5%,2020-03-18,3.0,B,0.19505504559509412,0.41542879706183244,0.8993862766424439
comp_vote,top 5%,2020-03-19,3.0,B,0.29686337209110514,0.5164077939611251,1.0336602042519836
comp_vote,top 5%,2020-03-20,3.0,B,0.20270298768160133,0.40540738125910214,0.8901432944114109
comp_vote,top 5%,2020-03-23,3.0,B,0.25564954570057474,0.4874232633403339,0.9588557082465938
comp_vote,top 5%,2020-03-24,3.0,B,0.19663338479863235,0.42373717510093245,0.8816999923971718
comp_vote,top 5%,2020-03-25,3.0,B,0.15875081357896703,0.3965401248494238,0.8454924517411855
comp_vote,top 5%,2020-03-26,3.0,B,0.15867875571771783,0.3752039300821861,0.8431247115799945
comp_vote,top 5%,2020-03-27,3.0,B,0.17493473078234012,0.3846607358857752,0.8535309861373921
comp_vote,top 5%,2020-03-30,3.0,B,0.17468712180205626,0.38706465976482574,0.8610036123326685
comp_vote,top 5%,2020-03-31,3.0,B,0.18056446226657852,0.3637427653680465,0.8536712453035331
comp_vote,top 5%,2020-04-01,3.0,B,0.19235822949173653,0.3662442838749911,0.8699475629038953
comp_vote,top 5%,2020-04-06,3.0,B,0.18754065408161114,0.3131703960793615,0.8573994537970031
comp_vote,top 5%,2020-04-07,3.0,B,0.17898076605270186,0.29148042320261847,0.8257126499119192
comp_vote,top 5%,2020-04-08,3.0,B,0.1827891865893414,0.2945129660096568,0.8037157574647238
comp_vote,top 5%,2020-04-09,3.0,B,0.19242916000202737,0.3034076759293547,0.808434979071168
comp_vote,top 5%,2020-04-10,3.0,B,0.1998738947250256,0.3083015008969059,0.7910711441834826
comp_vote,top 5%,2020-04-13,3.0,B,0.2112942403938638,0.31724226449648474,0.8011299567345875
comp_vote,top 5%,2020-04-14,2.0,B,0.16924032865150962,0.29718833537473954,0.7691851212774137
comp_vote,top 5%,2020-04-15,2.0,B,0.18288198195307515,0.30001764762505756,0.789722642615984
comp_vote,top 5%,2020-04-16,2.0,B,0.19616324245647432,0.3239051671051896,0.7992190561495829
comp_vote,top 5%,2020-04-17,2.0,B,0.16576586092393897,0.29522825610115366,0.7357606785334607
comp_vote,top 5%,2020-04-20,2.0,B,0.15783139319363948,0.29973613257264575,0.7434690659066914
comp_vote,top 5%,2020-04-21,3.0,B,0.20595549123391255,0.33343917670691514,0.7653753213884091
comp_vote,top 5%,2020-04-22,3.0,B,0.20409430902740722,0.32094191398716254,0.7500520518181322
comp_vote,top 5%,2020-04-23,2.0,B,0.22888843935283365,0.31044065380434427,0.7270235915850876
comp_vote,top 5%,2020-04-24,2.0,B,0.23200108514872664,0.32724927657683445,0.7422899254832485
comp_vote,top 5%,2020-04-27,2.0,B,0.20615574391111124,0.2933994860898279,0.738011347141861
comp_vote,top 5%,2020-04-28,2.0,B,0.20188514095597987,0.29278918077388116,0.7261671061763577
comp_vote,top 5%,2021-05-14,2.0,C,0.0760291299944098,0.058535782686429894,-0.007631978373834558
comp_vote,top 5%,2021-05-17,2.0,C,0.0909250345009156,0.09449175622498251,0.0002488248912719815
comp_vote,top 5%,2021-05-18,2.0,C,0.039689330652138866,0.054845094851337484,-0.03624495656612592
comp_vote,top 5%,2021-05-19,2.0,C,0.04490308050487024,0.0735148210849772,-0.04172924565131242
comp_vote,top 5%,2021-05-20,2.0,C,0.04212210686039208,0.07938199401254842,-0.014708100113984823
comp_vote,top 5%,2021-05-21,2.0,C,0.025282607530529022,0.05482537278372468,-0.004870032514036948
comp_vote,top 5%,2021-05-24,2.0,C,0.01924808077244533,0.0598356413018275,0.00632727510726383
comp_vote,top 5%,2021-08-20,2.0,D,0.08336531841179129,0.12393084678517097,-0.07281942901069416
comp_vote,top 5%,2021-10-04,2.0,D,0.09125040676380891,0.045725519798384795,-0.2133492145162036
comp_vote,top 5%,2021-10-05,2.0,D,0.09778112602942746,0.028466513713642616,-0.21607750340886622
comp_vote,top 5%,2021-10-06,2.0,D,0.093984853364947,0.03384241809306077,-0.22575712410376436
comp_vote,top 5%,2021-10-12,2.0,D,0.12382383397736474,0.03885590509801906,-0.20844100095764928
comp_vote,top 5%,2021-10-13,2.0,D,0.1170692783450542,0.03852768617479163,-0.2163562318725416
comp_vote,top 5%,2021-10-14,2.0,D,0.10433164290410035,0.018083691767469157,-0.222731872421708
comp_vote,top 5%,2022-03-08,2.0,A,-0.01868100677199991,-0.09548583275489753,-0.07115679374722839
comp_vote,top 5%,2022-03-15,2.0,A,-0.06152668235713643,-0.11747604918177645,-0.036738924677143237
comp_vote,top 5%,2022-05-12,2.0,A,0.003130765111105216,-0.1639177392829121,0.04888704544488065
comp_vote,top 5%,2022-06-20,2.0,A,-0.014052529107055012,-0.025951832509345074,0.12199257665497831
comp_vote,top 5%,2022-06-21,2.0,A,-0.05339301258753082,-0.05672473140579559,0.11312433659262244
comp_vote,top 5%,2022-06-22,2.0,A,-0.030302060013409404,-0.020507090716647247,0.14088712983937746
comp_vote,top 5%,2022-06-23,2.0,A,-0.02836530873478471,-0.01671079864632985,0.15460428535117843
comp_vote,top 5%,2022-06-24,2.0,A,-0.03472849619108265,-0.023098572935810746,0.1266165297789732
comp_vote,top 5%,2022-06-27,2.0,A,-0.04865945524187831,-0.033932685487303216,0.098814228968648
comp_vote,top 5%,2022-06-28,2.0,A,-0.047598334426027566,-0.023809515284172744,0.10719026235761997
comp_vote,top 5%,2022-06-29,2.0,A,-0.05114767073518156,-0.03187075980716947,0.1318407541635087
comp_vote,top 5%,2022-06-30,3.0,A,-0.035794807297710896,-0.01250263748404179,0.1634099171770742
comp_vote,top 5%,2022-07-01,3.0,A,-0.017763971362361297,0.006415542938499774,0.22126343672737403
comp_vote,top 5%,2022-07-04,3.0,A,-0.009363984920747526,0.020585495870667048,0.24614697727136625
comp_vote,top 5%,2022-07-05,3.0,A,-0.03490394854130252,0.03249225685664214,0.23762834163985924
comp_vote,top 5%,2022-07-06,3.0,A,-0.019114227675693596,0.035119597320757645,0.2596486794959212
comp_vote,top 5%,2022-07-07,3.0,A,-0.0607175421488243,0.008741326442600394,0.21276747343078495
comp_vote,top 5%,2022-07-08,3.0,A,-0.0814896001524793,0.002991860448732009,0.2060469458615224
comp_vote,top 5%,2022-07-11,3.0,A,-0.04973164014098519,-0.002580953542683395,0.1965658773316017
comp_vote,top 5%,2022-07-12,3.0,A,-0.003548223194422051,0.017356362273995396,0.22653903045513868
comp_vote,top 5%,2022-07-13,3.0,A,-0.031073984434876634,-0.011336609498256767,0.19926692753479625
comp_vote,top 5%,2022-07-14,3.0,A,-0.051819538417762434,-0.011195897501659946,0.1902390467480084
comp_vote,top 5%,2022-07-15,3.0,A,-0.11260112445138404,-0.02624041772170793,0.18392373678974638
comp_vote,top 5%,2022-07-18,2.0,A,-0.12087320863431938,-0.023484933307676314,0.17874017541557996
comp_vote,top 5%,2022-07-19,2.0,A,-0.13216174215230803,-0.01995634924974443,0.17134279035551603
comp_vote,top 5%,2022-07-20,2.0,A,-0.11299867800498775,0.008490454056727659,0.16957953599582698
comp_vote,top 5%,2022-07-21,2.0,A,-0.13927133111574352,0.0010977374689309372,0.14221743113898588
comp_vote,top 5%,2022-07-22,2.0,A,-0.13272229060112362,-0.0019015456620420368,0.13247695086307099
comp_vote,top 5%,2022-07-25,2.0,A,-0.14356987981077673,-0.005339137952408479,0.1445813893960186
comp_vote,top 5%,2022-07-26,2.0,A,-0.14055931825260426,0.015387513980035239,0.1414909919827716
comp_vote,top 5%,2022-07-27,2.0,A,-0.15086770037923825,0.013978979966725813,0.13300196751170446
comp_vote,top 5%,2022-07-28,2.0,A,-0.1548920056028027,0.012244065806056081,0.12394979960472896
comp_vote,top 5%,2022-07-29,2.0,A,-0.17890336804135787,0.047955863376813346,0.11259150426975184
comp_vote,top 5%,2022-08-01,2.0,A,-0.16879574422814603,0.03017412364255967,0.09999780337255526
comp_vote,top 5%,2022-08-02,3.0,A,-0.1432281613667804,0.05304000497206274,0.11959510660318529
comp_vote,top 5%,2022-08-03,3.0,A,-0.159139873202906,0.0642908265956168,0.10705281554239998
comp_vote,top 5%,2022-08-04,2.0,A,-0.15015014211447797,0.061551287954719536,0.10909890648403775
comp_vote,top 5%,2022-08-05,2.0,A,-0.1665271470120998,0.020371632959762076,0.07520835899070155
comp_vote,top 5%,2022-08-08,2.0,A,-0.16142563149604294,0.02036712350649994,0.07006765479971633
comp_vote,top 5%,2022-08-09,2.0,A,-0.1716323716776471,0.03709978076768805,0.0796728705850227
comp_vote,top 5%,2022-08-10,2.0,A,-0.16157764352513726,0.04852891457328745,0.0985992171664869
comp_vote,top 5%,2022-08-11,2.0,A,-0.1624323344005174,0.030602214532230665,0.09750383114834182
comp_vote,top 5%,2022-08-12,2.0,A,-0.15894043893971888,0.022087446317342385,0.06964908769835065
comp_vote,top 5%,2022-08-15,2.0,A,-0.14273999797399317,0.020413713369813014,0.06680519114130212
comp_vote,top 5%,2022-08-16,2.0,A,-0.15233411332246094,-0.004705891449150568,0.07100554258028202
comp_vote,top 5%,2022-08-18,2.0,A,-0.09353118892912571,0.0006028466950227518,0.0746324764121209
comp_vote,top 5%,2022-08-19,2.0,A,-0.05635542818063355,0.0010595391077694583,0.0745714705555407
comp_vote,top 5%,2022-08-22,2.0,A,-0.04623082828493319,0.013141474236273432,0.09534339067405884
comp_vote,top 5%,2022-08-23,2.0,A,-0.030879801982245603,0.017752853618541176,0.10985407172581296
comp_vote,top 5%,2022-08-24,2.0,A,-0.030958378019406485,0.03551984276126374,0.10871847241297927
comp_vote,top 5%,2022-08-25,2.0,A,-0.043277344108310745,0.020792264002530203,0.08844406336780386
comp_vote,top 5%,2022-08-26,2.0,A,-0.040133756400521636,0.020373487269574442,0.0782127633663019
comp_vote,top 5%,2022-08-29,2.0,A,-0.00815108850772961,0.04619825239077113,0.10197795900307738
comp_vote,top 5%,2022-08-30,2.0,A,-0.0004283457608714736,0.045281987674500535,0.1111977797928807
comp_vote,top 5%,2022-08-31,2.0,A,-0.007653204392292556,0.04772580289443584,0.10448921906365793
comp_vote,top 5%,2022-09-01,2.0,A,-0.006947662208620642,0.07712144416623445,0.14375547812913436
comp_vote,top 5%,2022-09-02,2.0,A,0.013169471442834091,0.07996525971625656,0.15995124046064912
comp_vote,top 5%,2022-09-05,2.0,A,0.019272729716212744,0.07670421044027087,0.1451414114510441
comp_vote,top 5%,2022-09-06,2.0,A,0.030026160035447447,0.0527679312884588,0.13270077790526047
comp_vote,top 5%,2022-09-07,2.0,A,0.0454547264373788,0.08265855477476536,0.1534858314720502
comp_vote,top 5%,2022-09-08,2.0,A,0.039380525296455415,0.06323017308281598,0.12695765827832584
comp_vote,top 5%,2022-09-28,2.0,A,0.06983367644710436,0.1813521122519406,0.2513393129577197
comp_vote,top 5%,2022-09-29,2.0,A,0.05529066332355792,0.17944520025266164,0.2485915946215953
comp_vote,top 5%,2022-09-30,2.0,A,0.07394886171975146,0.19597703134894617,0.2691012424269188
comp_vote,top 5%,2022-10-03,2.0,A,0.09197659668876468,0.21060481097388983,0.2668589450695187
comp_vote,top 5%,2022-10-07,2.0,A,0.04284378613783435,0.1616378807444523,0.21083946527315334
comp_vote,top 5%,2022-10-11,2.0,A,0.09731892738345582,0.22203752411833677,0.279548211269222
comp_vote,top 5%,2022-10-12,2.0,A,0.11077841817942446,0.22405340733820922,0.2605664519173705
comp_vote,top 5%,2022-10-13,2.0,A,0.1292929781418508,0.22959515421656573,0.2816098643021594
comp_vote,top 5%,2022-10-14,2.0,A,0.1369661228784489,0.193682117852652,0.24269141650372772
comp_vote,top 5%,2022-10-17,2.0,A,0.16308166982125916,0.21330454338916915,0.2574919184296909
comp_vote,top 5%,2022-10-18,2.0,A,0.1508406632862218,0.1949519433389868,0.24934479179615554
comp_vote,top 5%,2022-10-19,2.0,A,0.16140341003866965,0.19523575816972594,0.29485442007591955
comp_vote,top 5%,2022-10-20,2.0,A,0.18145153649879808,0.19670874010216965,0.3119689431446544
comp_vote,top 5%,2022-10-21,2.0,A,0.19413544911621883,0.19930476370753025,0.32748728253837345
comp_vote,top 5%,2022-10-24,2.0,A,0.19776889168830336,0.21747236461508113,0.33100030741127906
comp_vote,top 5%,2022-10-25,3.0,A,0.27628810372418844,0.2445659625718395,0.3646624107816141
comp_vote,top 5%,2022-10-26,3.0,A,0.2393754200475584,0.22785106821408263,0.35260987822312817
comp_vote,top 5%,2022-10-27,2.0,A,0.2290786852330995,0.21358597799481127,0.3282423477491412
comp_vote,top 5%,2022-10-28,2.0,A,0.26571684478557556,0.23224333247304152,0.3659234441517307
comp_vote,top 5%,2022-10-31,2.0,A,0.24910450723134026,0.2238126870467647,0.3511380919119549
comp_vote,top 5%,2022-11-01,2.0,A,0.2242409927352189,0.2206478275856203,0.359822002157524
comp_vote,top 5%,2022-11-02,3.0,A,0.21678787455293547,0.20451775180872,0.35490156296767883
comp_vote,top 5%,2022-11-03,2.0,A,0.25198009351001427,0.21779277902101768,0.37695169787937166
comp_vote,top 5%,2022-11-04,2.0,A,0.25059751386140916,0.21232439436622608,0.37433739253639975
comp_vote,top 5%,2022-11-07,2.0,A,0.23047039285427173,0.19182743205670816,0.3676097191146068
comp_vote,top 5%,2022-11-08,2.0,A,0.21523788996447357,0.19360011840447977,0.34122284483023235
comp_vote,top 5%,2022-11-09,3.0,A,0.19031998571987097,0.17955681428903403,0.3035058991436037
comp_vote,top 5%,2022-11-10,3.0,A,0.17415850300634994,0.2067602355564495,0.3150976340926508
comp_vote,top 5%,2022-11-11,2.0,A,0.12851432113605243,0.14915211797286565,0.24064951085394792
comp_vote,top 5%,2022-11-14,2.0,A,0.10384696580232178,0.13684619071574255,0.2378588606801988
comp_vote,top 5%,2022-11-15,2.0,A,0.06084384841816637,0.08937067636153273,0.1862314216190888
comp_vote,top 5%,2022-11-16,2.0,A,0.06225017989881487,0.08591540430763334,0.19011566895673404
comp_vote,top 5%,2022-11-17,2.0,A,0.05018227429400435,0.09838448360178886,0.1936716066377835
comp_vote,top 5%,2022-11-18,2.0,A,0.06860202830586104,0.1272229922078243,0.19226572456432112
comp_vote,top 5%,2022-11-21,2.0,A,0.06696779648342965,0.13836843511950558,0.1877978753097489
comp_vote,top 5%,2022-11-22,2.0,A,0.06303716176453422,0.12894804604270438,0.18203507484828685
comp_vote,top 5%,2022-11-23,2.0,A,0.05479598784529638,0.11582821017656753,0.16667546512362152
comp_vote,top 5%,2022-11-24,2.0,A,0.04572992165345724,0.09654874634769572,0.1650128959661834
comp_vote,top 5%,2024-08-05,2.0,B,0.21543302121656271,0.2622473522089539,0.36728930127614645
comp_vote,top 5%,2025-03-31,2.0,B,0.11814757820936439,0.3291263371665434,0.9059581562163952
comp_vote,top 5%,2025-04-07,2.0,B,0.22853540508482362,0.48513925069039754,1.1920988682803997
comp_vote,top 5%,2025-04-08,3.0,B,0.2873083254519151,0.5297905405288605,1.2431071697636633
comp_vote,top 5%,2025-04-09,3.0,B,0.33679897743549225,0.5773846284047734,1.362450172683535
comp_vote,top 5%,2025-04-10,3.0,B,0.20820891248205098,0.447942393351791,1.184785472819586
comp_vote,top 5%,2025-04-11,3.0,B,0.17532648941886575,0.42228840619979024,1.143684133668275
comp_vote,top 5%,2025-04-14,3.0,B,0.19364693090571872,0.456741597046028,1.1548152687120408
comp_vote,top 5%,2025-04-15,3.0,B,0.1952827079526871,0.462912237174401,1.2222520451114343
comp_vote,top 5%,2025-04-16,3.0,B,0.22254394321516768,0.5308843354586052,1.3400603266855597
comp_vote,top 5%,2025-04-17,3.0,B,0.22902517352862595,0.5342481296529369,1.3408515401736252
comp_vote,top 5%,2025-04-18,3.0,B,0.24300814335686205,0.542176703928805,1.3040239506621938
comp_vote,top 5%,2025-04-21,3.0,B,0.2711223003543457,0.5493020380379248,1.3309972300039932
comp_vote,top 5%,2025-04-22,3.0,B,0.30041690415341327,0.5678799741315979,1.4780048635154008
comp_vote,top 5%,2025-04-23,3.0,B,0.26373969282018095,0.5286575267591234,1.3730110376091313
comp_vote,top 5%,2025-04-24,3.0,B,0.2664277564494113,0.5674841795453403,1.4159521081009698
comp_vote,top 5%,2025-04-25,3.0,B,0.2285054640834887,0.5079874796678105,1.4078942061451092
comp_vote,top 5%,2025-04-28,3.0,B,0.2218308477136428,0.5206612271390161,1.3706189805076288
comp_vote,top 5%,2025-04-29,2.0,B,0.22429954798523144,0.5171712770352854,
comp_vote,top 5%,2025-04-30,2.0,B,0.21610119204965028,0.4980264060274242,
comp_vote,top 5%,2025-05-02,2.0,B,0.1852385562542993,0.44759299821471377,
comp_vote,top 5%,2025-05-05,3.0,B,0.18186670808893313,0.49461040790631206,
comp_vote,top 5%,2025-05-06,3.0,B,0.20138861739807878,0.4923131572906423,
comp_vote,top 5%,2025-05-07,3.0,B,0.2189783993247496,0.5228363076787408,
comp_vote,top 5%,2025-05-08,3.0,B,0.1925856138952251,0.5029847774948346,
comp_vote,top 5%,2025-05-09,2.0,B,0.17099762047525568,0.4925609978380603,
