trade_date,day_high,day_low,day_open,day_close,day_volume,day_range,night_high,night_low,night_volume,night_range,full_high,full_low,full_range,settle_prox,is_settlement_week,day_range_ema20,day_range_norm,night_range_ema20,night_range_norm,full_range_ema20,full_range_norm,weekday
2021-01-29,15539.0,15063.0,15498.0,15075.0,406378.0,476.0,15585.0,15225.0,208792.0,360.0,15585.0,15063.0,522.0,,False,267.4885133829618,1.7795156658503444,179.97085447460486,2.0003238916154533,305.1848312991022,1.7104388765914909,4
2021-02-01,15398.0,15090.0,15156.0,15360.0,328122.0,308.0,,,,,15398.0,15090.0,308.0,,False,271.3467502036321,1.1350790078335615,179.97085447460486,,305.4529426039496,1.0083386245172072,0
2021-02-02,15820.0,15459.0,15469.0,15755.0,350476.0,361.0,15470.0,15315.0,98124.0,155.0,15820.0,15315.0,505.0,,False,279.8851549461433,1.289814745871267,177.36843291645746,0.873887181903483,324.4574242607163,1.5564445817526107,1
2021-02-03,15875.0,15716.0,15864.0,15772.0,281596.0,159.0,15884.0,15732.0,93752.0,152.0,15884.0,15716.0,168.0,,False,268.37228304651063,0.5924605857023033,174.95239168631866,0.8688077855633365,309.55671718826716,0.542711531269487,2
2021-02-04,15777.0,15542.0,15721.0,15701.0,318724.0,235.0,15820.0,15687.0,79204.0,133.0,15820.0,15542.0,278.0,-2.0,True,265.1939703754144,0.8861438277323156,170.95692581143118,0.7779737461277327,306.55131555128935,0.906862851004427,3
2021-02-05,15984.0,15751.0,15809.0,15804.0,317422.0,233.0,15817.0,15730.0,60318.0,87.0,15984.0,15730.0,254.0,-1.0,True,262.12787795870827,0.8888791295853826,162.9610281151044,0.5338699749645002,301.54642835592847,0.8423246840788068,4
2021-02-17,16433.0,16179.0,16261.0,16326.0,195658.0,254.0,,,,,16433.0,16179.0,254.0,0.0,True,261.3537943435932,0.9718626838303123,162.9610281151044,,297.01819708393526,0.8551664594752805,2
2021-02-18,16525.0,16287.0,16374.0,16380.0,305298.0,238.0,,,,,16525.0,16287.0,238.0,1.0,True,259.1296234537272,0.9184592515046804,162.9610281151044,,291.39741640927474,0.8167539813246774,3
2021-02-19,16328.0,16130.0,16301.0,16314.0,305314.0,198.0,16368.0,16233.0,78822.0,135.0,16368.0,16130.0,238.0,,False,253.30775455337223,0.7816578704789757,159.77518303081013,0.8449372264149895,286.31194817982,0.831261152435464,4
2021-02-22,16564.0,16336.0,16480.0,16382.0,302416.0,228.0,,,,,16564.0,16336.0,228.0,,False,250.89749221495583,0.9087376600984977,159.77518303081013,,280.75842930555143,0.8120860362552675,0
2021-02-23,16451.0,16182.0,16223.0,16437.0,272430.0,269.0,16392.0,16242.0,99446.0,150.0,16451.0,16182.0,269.0,,False,252.62154057543623,1.0648339780814255,158.75642946432373,0.944843623065411,279.63857889549894,0.9619559685308136,1
2021-02-24,16435.0,16133.0,16300.0,16182.0,357928.0,302.0,16423.0,16203.0,139754.0,220.0,16435.0,16133.0,302.0,,False,257.32425099682325,1.173616551219373,164.58915046772148,1.336661616970588,281.76823804830855,1.0718028479427932,2
2021-02-25,16422.0,16243.0,16388.0,16388.0,267814.0,179.0,16332.0,16139.0,126680.0,193.0,16422.0,16139.0,283.0,,False,249.86479852093532,0.7163874265586162,167.2949456612718,1.1536511114374857,281.8855487103744,1.0039535595021605,3
2021-02-26,16118.0,15852.0,16037.0,15935.0,394918.0,266.0,16397.0,16098.0,130210.0,299.0,16397.0,15852.0,545.0,,False,251.40148437608434,1.058068533923519,179.8382841697221,1.662604830670088,306.94406788081494,1.7755677891505013,4
2021-03-02,16277.0,15868.0,16249.0,15906.0,292334.0,409.0,,,,,16277.0,15868.0,409.0,,False,266.41086681645726,1.5352226614756634,179.8382841697221,,316.66368046359446,1.2915911272212384,1
2021-03-03,16196.0,15885.0,16000.0,16185.0,303840.0,311.0,16033.0,15905.0,108756.0,128.0,16196.0,15885.0,311.0,,False,270.65745092917564,1.1490539016469974,174.4357830899992,0.7337943954650583,316.1242823242045,0.983790291949325,2
2021-03-04,16066.0,15756.0,16025.0,15925.0,396908.0,310.0,16255.0,16000.0,143014.0,255.0,16255.0,15756.0,499.0,,False,274.4043603644922,1.1297196574727384,182.1085656528564,1.4002636234370904,333.54101734094695,1.4960678718861142,3
2021-03-05,15914.0,15570.0,15601.0,15855.0,336104.0,344.0,15998.0,15610.0,213982.0,388.0,15998.0,15570.0,428.0,,False,281.0325165202549,1.2240576437894397,201.71727368591772,1.9234842555136469,342.53711092752343,1.2494996493695525,4
2021-03-08,16095.0,15767.0,15950.0,15816.0,350426.0,328.0,,,,,16095.0,15767.0,328.0,,False,285.5056101849925,1.148839071104324,201.71727368591772,,341.1526241725212,0.9614465103282632,0
2021-03-09,15848.0,15608.0,15810.0,15822.0,341338.0,240.0,15958.0,15746.0,144498.0,212.0,15958.0,15608.0,350.0,,False,281.17174254832656,0.8535708383240178,202.78892258217442,1.0454219949518844,341.99523139418585,1.023406082515191,1
2021-03-10,15986.0,15808.0,15977.0,15883.0,271002.0,178.0,15997.0,15768.0,110438.0,229.0,15997.0,15768.0,229.0,,False,271.34586230562877,0.6559893653344556,205.2852156695864,1.115521150673526,331.23378078521574,0.6913546059738759,2
2021-03-11,16214.0,15942.0,15951.0,16174.0,268166.0,272.0,16010.0,15868.0,119224.0,142.0,16214.0,15868.0,346.0,,False,271.4081611336641,1.002180622954976,199.25805227248293,0.7126437219501511,332.6400873771,1.0401632669358774,3
2021-03-12,16288.0,16155.0,16276.0,16222.0,222760.0,133.0,16273.0,16162.0,82772.0,111.0,16288.0,16155.0,133.0,,False,258.22643150188657,0.5150518451052843,190.85252348462743,0.5816009030079222,313.6267457221381,0.42407097549592654,4
2021-03-15,16249.0,16142.0,16206.0,16197.0,208804.0,107.0,,,,,16249.0,16142.0,107.0,-2.0,True,243.8239142159926,0.4388412857042953,190.85252348462743,,293.9480080343154,0.364009950996194,0
2021-03-16,16348.0,16213.0,16250.0,16305.0,217978.0,135.0,16268.0,16151.0,61456.0,117.0,16348.0,16151.0,197.0,-1.0,True,233.45973190970759,0.5782581813818425,183.15573443660173,0.6388006379374316,284.71486441199966,0.691920319674385,1
2021-03-17,16336.0,16161.0,16304.0,16176.0,141550.0,175.0,16361.0,16284.0,51742.0,77.0,16361.0,16161.0,200.0,0.0,True,227.89213839449735,0.7679071390214552,173.0456644902587,0.44496925263524634,276.6467820870473,0.7229435256437203,2
2021-03-18,16401.0,16220.0,16255.0,16238.0,277146.0,181.0,,,,,16401.0,16220.0,181.0,1.0,True,223.42622045216427,0.8101108259974896,173.0456644902587,,267.53756474542377,0.676540508142216,3
2021-03-19,16110.0,15953.0,16100.0,16013.0,299314.0,157.0,16265.0,16050.0,106422.0,215.0,16265.0,15953.0,312.0,,False,217.09991374243435,0.7231693338499599,177.41807662775037,1.2118269123788448,271.77208238871674,1.1480207873365929,4
2021-03-22,16174.0,15911.0,16018.0,16140.0,268970.0,263.0,,,,,16174.0,15911.0,263.0,,False,221.47135052886918,1.1875125128914472,177.41807662775037,,270.9366459707437,0.9707066353379131,0
2021-03-23,16277.0,16103.0,16223.0,16120.0,233726.0,174.0,16242.0,16090.0,78400.0,152.0,16277.0,16090.0,187.0,,False,216.95026952611974,0.8020271206856061,174.7690463092255,0.8697192278034214,262.94267968781577,0.7111816165485941,1
2021-03-24,16062.0,15939.0,16019.0,15983.0,263262.0,123.0,16146.0,16025.0,65248.0,121.0,16146.0,15939.0,207.0,,False,208.00262480934643,0.5913386915801704,169.64818475596593,0.7132407586562453,257.6148054318333,0.8035252463576813,2
2021-03-25,16090.0,15870.0,15890.0,16032.0,272514.0,220.0,16040.0,15857.0,87086.0,183.0,16090.0,15857.0,233.0,,False,209.14523197036107,1.0519006239223145,170.91978620777869,1.0706776790460995,255.27053824784917,0.9127571148605246,3
2021-03-26,16293.0,16081.0,16095.0,16289.0,247374.0,212.0,16078.0,15975.0,93942.0,103.0,16293.0,15975.0,318.0,,False,209.4171146398505,1.0123336880301854,164.45123514037118,0.6263254873828217,261.24477270043496,1.2172492360819227,4
2021-03-29,16485.0,16350.0,16370.0,16411.0,224040.0,135.0,,,,,16485.0,16350.0,135.0,,False,202.32977038843617,0.6672275648849137,164.45123514037118,,249.22146101467925,0.5416868974700716,0
2021-03-30,16531.0,16418.0,16469.0,16519.0,201522.0,113.0,16499.0,16413.0,70392.0,86.0,16531.0,16413.0,118.0,,False,193.8221732085851,0.583008631723436,156.27517589497268,0.5503113306863128,236.72417901328123,0.4984704160422062,1
2021-03-31,16549.0,16403.0,16540.0,16422.0,207430.0,146.0,16567.0,16515.0,58846.0,52.0,16567.0,16403.0,164.0,,False,189.26768052205318,0.7713942475402624,146.34420676211815,0.3553266723056948,229.79806672630207,0.7136700597021559,2
2021-04-01,16587.0,16452.0,16535.0,16551.0,229620.0,135.0,16543.0,16413.0,55534.0,130.0,16587.0,16413.0,174.0,,False,184.09932999614335,0.7332997898625057,144.78761564191643,0.8978668474071109,224.4839651333209,0.7751110414352379,3
2021-04-06,16840.0,16697.0,16760.0,16731.0,207054.0,143.0,,,,,16840.0,16697.0,143.0,,False,180.18510809174876,0.7936282943382068,144.78761564191643,,216.72358750157605,0.6598266559193059,1
2021-04-07,16788.0,16673.0,16777.0,16768.0,185990.0,115.0,16795.0,16715.0,46144.0,80.0,16795.0,16673.0,122.0,,False,173.97700255920125,0.6610069049837065,138.0355564435033,0.5795608179602859,207.7022934538069,0.5873791664564978,2
2021-04-08,16930.0,16687.0,16715.0,16930.0,222300.0,243.0,16773.0,16703.0,45640.0,70.0,16930.0,16687.0,243.0,,False,180.55062136308686,1.3458829339131855,131.55597963936015,0.5320928793346672,211.06397979153957,1.1513096656284152,3
2021-04-09,16971.0,16810.0,16952.0,16840.0,205176.0,161.0,16977.0,16906.0,48530.0,71.0,16977.0,16810.0,167.0,,False,178.68865742374527,0.9010085045196904,125.7887434832306,0.5644384229775321,206.86741028758343,0.8072803723304678,4
2021-04-12,16965.0,16760.0,16895.0,16834.0,225590.0,205.0,,,,,16965.0,16760.0,205.0,,False,181.19449957386476,1.1313809220595619,125.7887434832306,,206.68956168876596,0.9918256070845507,0
2021-04-13,17046.0,16780.0,16910.0,16795.0,299918.0,266.0,16899.0,16801.0,51412.0,98.0,17046.0,16780.0,266.0,,False,189.27121390016336,1.4053906799599727,122.8926461475093,0.7974439730296766,212.33817486126443,1.2527186888264281,1
2021-04-14,16917.0,16592.0,16860.0,16856.0,369630.0,325.0,16875.0,16784.0,57908.0,91.0,16917.0,16592.0,325.0,,False,202.19776495729064,1.6073372525588911,119.85525127631793,0.7592491695687645,223.06787249352496,1.4569556627184574,2
2021-04-15,17074.0,16852.0,16881.0,17071.0,262850.0,222.0,16921.0,16826.0,61332.0,95.0,17074.0,16826.0,248.0,,False,204.08369210421534,1.0877890227830438,117.48808448809717,0.8085926365547694,225.44236082747497,1.1000594524016176,3
2021-04-16,17160.0,16990.0,17062.0,17158.0,247476.0,170.0,17150.0,17033.0,88406.0,117.0,17160.0,16990.0,170.0,,False,200.83762618952818,0.8464549358872273,117.44160025113554,0.9962398311144328,220.16213598676308,0.7721582062149914,4
2021-04-19,17296.0,17111.0,17118.0,17270.0,207380.0,185.0,,,,,17296.0,17111.0,185.0,-2.0,True,199.32928083814454,0.9281125142382873,117.44160025113554,,216.81336113088088,0.8532684472721378,0
2021-04-20,17324.0,17206.0,17238.0,17319.0,198092.0,118.0,17300.0,17201.0,59490.0,99.0,17324.0,17201.0,123.0,-1.0,True,191.58363504403553,0.6159189952360894,115.51964687508668,0.8569970795275227,207.8787553088922,0.5916910548037063,1
2021-04-21,17270.0,17150.0,17225.0,17231.0,164562.0,120.0,17329.0,17231.0,58164.0,98.0,17329.0,17150.0,179.0,0.0,True,184.76614599222262,0.6494696274340819,113.85110907745937,0.8607733450653084,205.1283976604263,0.872624180959675,2
2021-04-22,17369.0,17053.0,17258.0,17109.0,379256.0,316.0,,,,,17369.0,17053.0,316.0,1.0,True,197.2646082786776,1.6019092464553184,113.85110907745937,,215.68759788324283,1.4650819198749612,3
2021-04-23,17260.0,17041.0,17061.0,17257.0,245320.0,219.0,17180.0,17011.0,89236.0,169.0,17260.0,17011.0,249.0,,False,199.3346455854702,1.0986549746872665,119.59863617112366,1.4130595917347424,218.86020760864827,1.1377125276479942,4
2021-04-26,17536.0,17323.0,17337.0,17530.0,256176.0,213.0,,,,,17536.0,17323.0,213.0,,False,200.63610791066353,1.0616234645801728,119.59863617112366,,218.30209259830082,0.9757121311335424,0
2021-04-27,17576.0,17460.0,17532.0,17571.0,240802.0,116.0,17565.0,17485.0,59406.0,80.0,17576.0,17460.0,116.0,,False,192.57552620488605,0.6023610698930902,115.4717311607336,0.6928102592368873,208.5590361603674,0.5561974304043296,1
2021-04-28,17563.0,17475.0,17548.0,17533.0,203872.0,88.0,17570.0,17509.0,41812.0,61.0,17570.0,17475.0,95.0,,False,182.6159522806112,0.48188561240683675,110.28394724066374,0.5531176705788797,197.74388985938003,0.4804193953479754,2
2021-04-29,17702.0,17531.0,17578.0,17571.0,300532.0,171.0,17591.0,17503.0,59872.0,88.0,17702.0,17503.0,199.0,,False,181.50967111102918,0.9420985612133007,108.1616665510767,0.8135969313901441,197.86351939658195,1.0057437601781467,3
2021-05-03,17534.0,17226.0,17501.0,17257.0,368278.0,308.0,,,,,17534.0,17226.0,308.0,,False,193.55636910045496,1.5912677088923344,108.1616665510767,,208.3527080254789,1.4782625237697198,0
2021-05-04,17309.0,16668.0,17271.0,16933.0,485642.0,641.0,17328.0,17212.0,79232.0,116.0,17328.0,16668.0,660.0,,False,236.17004823374495,2.7141460350026354,108.97856482615059,1.064429506711255,251.36673583257615,2.6256457435147493,1
2021-05-05,17020.0,16756.0,16847.0,16769.0,313740.0,264.0,16949.0,16662.0,143628.0,287.0,17020.0,16662.0,358.0,,False,238.82051983053114,1.1054326495367166,125.93298722366005,2.278989852676813,261.52228480090224,1.3689081994390901,2
2021-05-06,17081.0,16700.0,16884.0,16944.0,394702.0,381.0,16851.0,16730.0,76510.0,121.0,17081.0,16700.0,381.0,,False,252.3614227038139,1.5097394677758011,125.46317891664481,0.9644263842572485,272.90111481986395,1.3961100901016463,3
2021-05-07,17288.0,17060.0,17120.0,17287.0,284438.0,228.0,17097.0,16942.0,90222.0,155.0,17288.0,16942.0,346.0,,False,250.04128720821257,0.9118494091343463,128.27620949601197,1.2083300606479088,279.8629134084483,1.2363195815625179,4
2021-05-10,17373.0,17178.0,17369.0,17228.0,250150.0,195.0,,,,,17373.0,17178.0,195.0,,False,244.79925985504946,0.7965710358579654,128.27620949601197,,271.7807311790723,0.7174901589013586,0
2021-05-11,16970.0,16425.0,16968.0,16556.0,489404.0,545.0,17220.0,17008.0,98380.0,212.0,17220.0,16425.0,795.0,,False,273.38980653552096,1.9934905653813735,137.0017658264524,1.54742531033178,321.61113773344636,2.4719293168848577,1
2021-05-12,16531.0,15027.0,16503.0,15692.0,731598.0,1504.0,16580.0,16175.0,266766.0,405.0,16580.0,15027.0,1553.0,,False,390.5907773416618,3.850577349102139,162.52540717631408,2.491918076295848,438.88626747311815,3.538502147586838,2
2021-05-13,15991.0,15348.0,15538.0,15569.0,467124.0,643.0,15828.0,15391.0,208776.0,437.0,15991.0,15348.0,643.0,,False,414.6297509281702,1.5507811452521463,188.66584458809368,2.3162645096365164,458.32567057091643,1.40293254619372,3
2021-05-14,16021.0,15653.0,15800.0,15772.0,429392.0,368.0,15765.0,15318.0,227124.0,447.0,16021.0,15318.0,703.0,,False,410.1888222683445,0.8971478012612819,213.2690974844657,2.095943600232842,481.62798765940056,1.459632783004193,4
2021-05-17,15735.0,15096.0,15183.0,15263.0,512942.0,639.0,,,,,15735.0,15096.0,639.0,-2.0,True,431.98036300469266,1.479233906734456,213.2690974844657,,496.6157983585053,1.2867089651842047,0
2021-05-18,16180.0,15501.0,15563.0,16147.0,406258.0,679.0,15466.0,15284.0,126948.0,182.0,16180.0,15284.0,896.0,-1.0,True,455.50604271853143,1.490649818710684,210.01028335457102,0.866624229503658,534.6523889910286,1.675855225655851,1
2021-05-19,16248.0,15979.0,16122.0,16138.0,229094.0,269.0,16318.0,16142.0,101484.0,176.0,16318.0,15979.0,339.0,0.0,True,437.74356245962366,0.6145150336158556,206.77120874937378,0.8511823336745524,516.0188281347401,0.6569527728772758,2
2021-05-20,16113.0,15854.0,16078.0,15981.0,315324.0,259.0,,,,,16113.0,15854.0,259.0,1.0,True,420.7203660348976,0.6156107973592052,206.77120874937378,,491.5408445028601,0.5269145034365358,3
2021-05-21,16425.0,16072.0,16222.0,16257.0,366738.0,353.0,16200.0,15933.0,108420.0,267.0,16425.0,15933.0,492.0,,False,414.27080736490734,0.8520996259556918,213.0481547357914,1.2532377965494055,491.58457359782585,1.0008450761567511,4
2021-05-24,16368.0,16069.0,16079.0,16294.0,276554.0,299.0,,,,,16368.0,16069.0,299.0,,False,403.2926352349162,0.7413971242639574,213.0481547357914,,473.24318563612815,0.6318104709697776,0
2021-05-25,16623.0,16425.0,16463.0,16587.0,288400.0,198.0,16475.0,16265.0,79712.0,210.0,16623.0,16265.0,358.0,,False,383.7409556887337,0.5159730726282055,212.73048104124243,0.9871645989428611,462.2676441469731,0.7744431273372395,1
2021-05-26,16664.0,16504.0,16616.0,16616.0,209062.0,160.0,16653.0,16494.0,83642.0,159.0,16664.0,16494.0,170.0,,False,362.43229324218765,0.441461765365051,207.6132923706479,0.765846917528481,434.43263041868994,0.3913149890148913,2
2021-05-27,16595.0,16219.0,16593.0,16535.0,300140.0,376.0,16673.0,16553.0,60606.0,120.0,16673.0,16219.0,454.0,,False,363.72445579055073,1.0337495706269422,199.26916928772906,0.602200533223127,436.2961894264337,1.0405775044628287,3
2021-05-28,16878.0,16673.0,16731.0,16863.0,248280.0,205.0,16685.0,16493.0,84762.0,192.0,16878.0,16493.0,385.0,,False,348.60784095335543,0.5880533250180953,198.57686745080247,0.9668799919384775,431.41083805248763,0.8924207878921181,4
2021-05-31,17098.0,16884.0,16891.0,17013.0,286850.0,214.0,,,,,17098.0,16884.0,214.0,,False,335.7880465768454,0.6373067837929303,198.57686745080247,,410.7050439522507,0.5210552028790765,0
2021-06-01,17148.0,17015.0,17050.0,17130.0,230228.0,133.0,17055.0,16966.0,37212.0,89.0,17148.0,16966.0,182.0,,False,316.4748992838125,0.4202544982271296,187.15694578099178,0.47553671934861796,388.9236111948935,0.4679582179154404,1
2021-06-02,17198.0,17016.0,17171.0,17098.0,240456.0,182.0,17226.0,17123.0,72584.0,103.0,17226.0,17016.0,210.0,,False,303.6677660186875,0.5993392133322437,179.14199856375447,0.5749628832199477,371.88326727157033,0.5646933284756962,2
2021-06-03,17313.0,17147.0,17253.0,17230.0,259332.0,166.0,17206.0,17059.0,70482.0,147.0,17313.0,17059.0,254.0,,False,290.5565502073839,0.5713173558865494,176.0808558433969,0.8348437386670764,360.6562894361827,0.7042716498777286,3
2021-06-04,17159.0,17025.0,17051.0,17100.0,216480.0,134.0,17210.0,17080.0,102190.0,130.0,17210.0,17025.0,185.0,,False,275.6464025685854,0.4861300519481968,171.69220290593054,0.7571689208928519,343.9271190136891,0.5379046599481344,4
2021-06-07,17229.0,16719.0,17212.0,17090.0,351354.0,510.0,,,,,17229.0,16719.0,510.0,,False,297.96579280014873,1.7116058699465095,171.69220290593054,,359.7435838695282,1.4176764308462741,0
2021-06-08,17198.0,17030.0,17190.0,17090.0,204332.0,168.0,17200.0,17080.0,70506.0,120.0,17200.0,17030.0,170.0,,False,285.58809824775363,0.5882598085521634,166.30492617628022,0.7215661180884213,341.67276635814454,0.49755209293387004,1
2021-06-09,17073.0,16889.0,16997.0,16963.0,239820.0,184.0,17125.0,16992.0,87856.0,133.0,17125.0,16889.0,236.0,,False,275.9130412717771,0.6668767781032798,163.13302844520592,0.8152855449788503,331.60869337165457,0.7116821866171646,2
2021-06-10,17175.0,16992.0,17035.0,17159.0,251246.0,183.0,17055.0,16926.0,76258.0,129.0,17175.0,16926.0,249.0,,False,267.0641801982745,0.6852285464270672,159.88226383137678,0.8068437167993354,323.7411987648303,0.7691328782064489,3
2021-06-11,17298.0,17189.0,17189.0,17219.0,203584.0,109.0,17226.0,17117.0,80792.0,109.0,17298.0,17117.0,181.0,-2.0,True,252.01044875081982,0.43252174876199617,155.03633394267422,0.7030610001414477,310.14679888246553,0.5835946095596894,4
2021-06-15,17402.0,17276.0,17322.0,17398.0,191934.0,126.0,,,,,17402.0,17276.0,126.0,-1.0,True,240.00945363169413,0.5249793209952178,155.03633394267422,,292.6090085127069,0.4306087520696694,1
2021-06-16,17398.0,17033.0,17324.0,17345.0,133032.0,365.0,17433.0,17329.0,44094.0,104.0,17433.0,17033.0,400.0,0.0,True,251.9133151905804,1.4489111054882746,149.71741080224663,0.6946419888156348,302.8367219876872,1.3208437780417637,2
2021-06-17,17298.0,17039.0,17070.0,17297.0,202886.0,259.0,,,,,17298.0,17039.0,259.0,1.0,True,252.58823755338227,1.025384247931429,149.71741080224663,,298.66179608409794,0.8672016421111662,3
2021-06-18,17332.0,17212.0,17315.0,17252.0,192180.0,120.0,17319.0,17231.0,72924.0,88.0,17332.0,17212.0,120.0,,False,239.96078635782206,0.5000817084382267,143.28532332409685,0.6141592031791905,281.6463869332315,0.42606617932026875,4
2021-06-21,17149.0,16891.0,17048.0,16962.0,283972.0,258.0,,,,,17149.0,16891.0,258.0,,False,241.67880670469614,1.067532579781588,143.28532332409685,,279.39435008244754,0.9234259745190474,0
2021-06-22,17180.0,16988.0,17155.0,17028.0,200144.0,192.0,17155.0,17006.0,79290.0,149.0,17180.0,16988.0,192.0,,False,236.94749178043938,0.8103061085698738,143.88089756823564,1.0355787496344788,271.071078646024,0.7083013096012418,1
2021-06-23,17319.0,17059.0,17100.0,17272.0,253974.0,260.0,17110.0,16929.0,88834.0,181.0,17319.0,16929.0,390.0,,False,239.14296875373086,1.08721574108979,147.41605018078462,1.2278174579906969,282.3976425844979,1.3810313585861673,2
2021-06-24,17398.0,17261.0,17298.0,17336.0,184936.0,137.0,17313.0,17218.0,58742.0,95.0,17398.0,17218.0,180.0,,False,229.41506696766126,0.5971708912183686,142.42404540166228,0.6670221993209247,272.645486147879,0.6601979828940596,3
2021-06-25,17562.0,17377.0,17438.0,17419.0,227494.0,185.0,17432.0,17345.0,47656.0,87.0,17562.0,17345.0,217.0,,False,225.18506058978875,0.8215465071948428,137.14556488721826,0.6343624751667654,267.3459160385572,0.8116824944081202,4
2021-06-28,17560.0,17398.0,17484.0,17535.0,162592.0,162.0,,,,,17560.0,17398.0,162.0,,False,219.16743577171363,0.7391609042172687,137.14556488721826,,257.3129716539327,0.6295834949894336,0
2021-06-29,17623.0,17451.0,17595.0,17529.0,229662.0,172.0,17627.0,17523.0,42848.0,104.0,17627.0,17451.0,176.0,,False,214.67529903155042,0.8012100170626593,133.69118839773148,0.7779121514770282,249.56887911546295,0.7052161336132525,1
2021-06-30,17766.0,17583.0,17610.0,17715.0,208738.0,183.0,17598.0,17511.0,39890.0,87.0,17766.0,17511.0,255.0,,False,211.65860388568848,0.8645998633669233,129.24440855032847,0.6731432405922747,250.0861287235141,1.0196487158306908,2
2021-07-01,17774.0,17555.0,17678.0,17646.0,245360.0,219.0,17737.0,17630.0,71118.0,107.0,17774.0,17555.0,219.0,,False,212.35778446800387,1.0312784179239585,127.12589345029718,0.8416853333017803,247.12554503556038,0.8861892442907381,3
2021-07-02,17724.0,17588.0,17651.0,17653.0,202900.0,136.0,17675.0,17566.0,62498.0,109.0,17724.0,17566.0,158.0,,False,205.08561451867018,0.6631376867616383,125.39961788360222,0.8692211494709291,238.63739788931653,0.6620923685787199,4
2021-07-05,17920.0,17742.0,17755.0,17897.0,215300.0,178.0,,,,,17920.0,17742.0,178.0,,False,202.50603218355874,0.878986161946299,125.39961788360222,,232.86240761414354,0.7643998953019013,0
2021-07-06,17974.0,17858.0,17956.0,17878.0,168804.0,116.0,17970.0,17890.0,37124.0,80.0,17974.0,17858.0,116.0,,False,194.26736245179126,0.5971152258207355,120.66814405950471,0.6629753082184627,221.73265450803464,0.5231525336553289,1
2021-07-07,17906.0,17715.0,17821.0,17830.0,218734.0,191.0,17892.0,17701.0,84204.0,191.0,17906.0,17701.0,205.0,,False,193.9561850754302,0.9847584903039801,127.3664160538376,1.4996103833153678,220.13906836441228,0.931229524695946,2
2021-07-08,17897.0,17694.0,17876.0,17825.0,231934.0,203.0,17917.0,17820.0,65678.0,97.0,17917.0,17694.0,223.0,,False,194.81750078253208,1.0420008427610503,124.47437642966258,0.7792768502424459,220.41153804399207,1.0117437679487147,3
2021-07-09,17700.0,17526.0,17662.0,17658.0,275802.0,174.0,17780.0,17635.0,122572.0,145.0,17780.0,17526.0,254.0,,False,192.83488166038617,0.9023263763370494,126.42919772207567,1.1468869739943126,223.6104391826595,1.1359040343931186,4
2021-07-12,17960.0,17770.0,17848.0,17824.0,255282.0,190.0,,,,,17960.0,17770.0,190.0,,False,192.56489293082558,0.9866803710074663,126.42919772207567,,220.40944497478716,0.8620320241799723,0
2021-07-13,18030.0,17824.0,17958.0,17869.0,246372.0,206.0,17939.0,17808.0,48664.0,131.0,18030.0,17808.0,222.0,,False,193.84442693741363,1.0627078799975562,126.9055592497998,1.0322636831231384,220.5609264057598,1.006524608042282,1
2021-07-14,17924.0,17748.0,17846.0,17874.0,239832.0,176.0,17937.0,17833.0,66066.0,104.0,17937.0,17748.0,189.0,,False,192.14495770527898,0.9159751164012179,124.72407741648553,0.83384060362874,217.55512389092553,0.8687453396627787,2
2021-07-15,18046.0,17868.0,17919.0,18020.0,204938.0,178.0,17953.0,17860.0,64396.0,93.0,18046.0,17860.0,186.0,,False,190.7978188762048,0.9329247108191085,121.70273671015357,0.7641570149855231,214.54987399655167,0.8669312945063276,3
2021-07-16,17928.0,17772.0,17826.0,17925.0,216608.0,156.0,18012.0,17800.0,117148.0,212.0,18012.0,17772.0,240.0,,False,187.4837408879948,0.8320721533564684,130.30247607109132,1.626983664411224,216.9736955206896,1.106124866537634,4
2021-07-19,17813.0,17647.0,17717.0,17794.0,248076.0,166.0,,,,,17813.0,17647.0,166.0,-2.0,True,185.43767032723338,0.8951794945820198,130.30247607109132,,212.1190578520525,0.7825793763226153,0
2021-07-20,17716.0,17478.0,17680.0,17558.0,266996.0,238.0,17806.0,17539.0,135856.0,267.0,17806.0,17478.0,328.0,-1.0,True,190.4436064865445,1.2497137834701504,144.54886814308676,1.8471261894330482,223.15533805661892,1.46982816031396,1
2021-07-21,17674.0,17376.0,17655.0,17430.0,170964.0,298.0,17656.0,17472.0,107714.0,184.0,17674.0,17376.0,298.0,0.0,True,200.68707253544503,1.484898833966337,148.30611879612613,1.2406770637221087,230.28340109884567,1.294057663635461,2
2021-07-22,17525.0,17347.0,17441.0,17407.0,248582.0,178.0,,,,,17525.0,17347.0,178.0,1.0,True,198.52639896064073,0.8966061991347043,148.30611879612613,,225.30402956562227,0.790043570650633,3
2021-07-23,17559.0,17380.0,17486.0,17407.0,231708.0,179.0,17449.0,17353.0,74392.0,96.0,17559.0,17353.0,206.0,,False,196.66674191677018,0.9101691432695479,142.85486075782018,0.672010735166705,223.46555055937253,0.9218423129844701,4
2021-07-26,17479.0,17197.0,17473.0,17202.0,217164.0,282.0,,,,,17479.0,17197.0,282.0,,False,204.79371887707777,1.3769953568217752,142.85486075782018,,229.04026002990847,1.231224588913652,0
2021-07-27,17348.0,17153.0,17322.0,17173.0,236534.0,195.0,17324.0,17138.0,91306.0,186.0,17348.0,17138.0,210.0,,False,203.8609837459275,0.9565341852908402,147.35137651010692,1.2622888527087641,227.22690193182194,0.9241863450790225,1
2021-07-28,17136.0,16733.0,17062.0,16965.0,406846.0,403.0,17168.0,16945.0,145266.0,223.0,17168.0,16733.0,435.0,,False,222.82660434155346,1.8085811664673257,154.55600731866815,1.4428426553502511,247.0148160335532,1.7610279698401246,2
2021-07-29,17332.0,17068.0,17136.0,17331.0,246028.0,264.0,17135.0,16984.0,98778.0,151.0,17332.0,16984.0,348.0,,False,226.74788011854838,1.1642887239429778,154.21733995498548,0.9791376251469219,256.6324526017862,1.3560249160693165,3
2021-07-30,17299.0,17126.0,17285.0,17173.0,233012.0,173.0,17420.0,17313.0,75680.0,107.0,17420.0,17126.0,294.0,,False,221.62903439297236,0.7805836472366351,149.72045043546305,0.7146652290237553,260.19126663971133,1.1299380021355745,4
2021-08-02,17470.0,17160.0,17313.0,17470.0,262428.0,310.0,,,,,17470.0,17160.0,310.0,,False,230.0453168317369,1.3475605774958885,149.72045043546305,,264.9349555311674,1.1700985224032887,0
2021-08-03,17496.0,17361.0,17426.0,17483.0,190366.0,135.0,17485.0,17343.0,65898.0,142.0,17496.0,17343.0,153.0,,False,220.993381895381,0.610878021966782,148.91583773499298,0.9535587494239516,254.27448357581815,0.6017119682965724,1
2021-08-04,17586.0,17464.0,17491.0,17571.0,178122.0,122.0,17521.0,17409.0,65746.0,112.0,17586.0,17409.0,177.0,,False,211.56544076248755,0.5766537273777262,145.40004366499363,0.7702886269969189,246.91500894954976,0.7168458521537873,2
2021-08-05,17584.0,17520.0,17570.0,17542.0,130924.0,64.0,17588.0,17519.0,49188.0,69.0,17588.0,17519.0,69.0,,False,197.51158926129827,0.3240316187994979,138.12384903023232,0.49955167398279926,229.97072238292597,0.30003819305793017,3
2021-08-06,17560.0,17353.0,17555.0,17437.0,220144.0,207.0,17568.0,17295.0,73014.0,273.0,17568.0,17295.0,273.0,,False,198.4152474268889,1.043266597121143,150.96919674163877,1.8083159074310948,234.0687488226473,1.1663240025555512,4
2021-08-09,17448.0,17235.0,17438.0,17404.0,248944.0,213.0,,,,,17448.0,17235.0,213.0,,False,199.80427148147092,1.0660432753548654,150.96919674163877,,232.06220131572852,0.9178573623465989,0
2021-08-10,17443.0,17259.0,17396.0,17299.0,218066.0,184.0,17467.0,17380.0,44880.0,87.0,17467.0,17259.0,208.0,,False,198.29910276894987,0.9278912381887546,144.30243182067392,0.6029004425103228,229.77056309518295,0.9052508606763329,1
2021-08-11,17298.0,17078.0,17217.0,17170.0,281806.0,220.0,17324.0,17189.0,70716.0,135.0,17324.0,17078.0,246.0,,False,200.36585488619275,1.0979914722743522,143.4164859329907,0.9413143762501393,231.31622375278457,1.0634792320615976,2
2021-08-12,17235.0,17125.0,17207.0,17157.0,182776.0,110.0,17216.0,17116.0,71336.0,100.0,17235.0,17116.0,119.0,,False,191.75958299226963,0.5736349562484938,139.28158251080112,0.7179700158292294,220.61944053823365,0.5393903624706959,3
2021-08-13,17190.0,16934.0,17185.0,16937.0,297790.0,256.0,17212.0,17104.0,59158.0,108.0,17212.0,16934.0,278.0,,False,197.87771794538682,1.2937282815776894,136.3023841764391,0.7923559125730144,226.08425572506854,1.2296300735689618,4
2021-08-16,16936.0,16750.0,16829.0,16772.0,269124.0,186.0,,,,,16936.0,16750.0,186.0,-2.0,True,196.74650671249285,0.945378919849404,136.3023841764391,,222.2667075607763,0.8368324795072624,0
2021-08-17,16873.0,16575.0,16850.0,16578.0,235058.0,298.0,16866.0,16740.0,63088.0,126.0,16873.0,16575.0,298.0,-1.0,True,206.38969654939828,1.4438705273675096,135.22868656996155,0.9317549640978948,229.4794020787976,1.2985914957965339,1
2021-08-18,16796.0,16389.0,16440.0,16784.0,201800.0,407.0,16576.0,16313.0,104300.0,263.0,16796.0,16313.0,483.0,0.0,True,225.49543973516987,1.8049145493939733,147.39738308710807,1.7842921936041005,253.6242209284359,1.9043922470491732,2
2021-08-19,16648.0,16256.0,16611.0,16329.0,393224.0,392.0,,,,,16648.0,16256.0,392.0,1.0,True,241.3530169032489,1.6241769215470006,147.39738308710807,,266.80286655429916,1.469249581395412,3
2021-08-20,16426.0,16145.0,16297.0,16193.0,351786.0,281.0,16348.0,16050.0,194448.0,298.0,16426.0,16050.0,376.0,,False,245.12892005532044,1.146335568796143,163.09294117728538,1.827179017368188,277.2025935491278,1.3564086655392804,4
2021-08-23,16729.0,16393.0,16427.0,16679.0,254588.0,336.0,,,,,16729.0,16393.0,336.0,,False,253.7833086214804,1.3239641402151723,163.09294117728538,,282.802346544449,1.1881089534990465,0
2021-08-24,16842.0,16717.0,16822.0,16784.0,180870.0,125.0,16797.0,16621.0,62520.0,176.0,16842.0,16621.0,221.0,,False,241.51823160991083,0.5175592714751831,164.43809370967747,1.0703116049906025,276.916408778311,0.7980747727265393,1
2021-08-25,16982.0,16785.0,16794.0,16963.0,218712.0,197.0,16830.0,16736.0,51594.0,94.0,16982.0,16736.0,246.0,,False,237.27840002801454,0.8302483495199773,157.72970383256535,0.5959562321868285,273.97198889466233,0.8979020117804193,2
2021-08-26,17125.0,16882.0,17103.0,16995.0,254194.0,243.0,17148.0,16970.0,89342.0,178.0,17148.0,16882.0,266.0,,False,237.82331431106078,1.021766939477466,159.66020822946388,1.114867642814158,273.21275185707543,0.9736002371483429,3
2021-08-27,17218.0,16908.0,16940.0,17170.0,245022.0,310.0,17046.0,16928.0,76084.0,118.0,17218.0,16908.0,310.0,,False,244.69728437667405,1.2668714358219129,155.69256935046732,0.7579038645985696,276.7162992992587,1.1202809548444639,4
2021-08-30,17353.0,17206.0,17249.0,17338.0,191332.0,147.0,,,,,17353.0,17206.0,147.0,,False,235.3927811027051,0.624488139828986,155.69256935046732,,264.36236603266264,0.5560549415790815,0
2021-08-31,17468.0,17144.0,17276.0,17457.0,276700.0,324.0,17360.0,17277.0,42998.0,83.0,17468.0,17144.0,324.0,,False,243.83156385482843,1.328786129563201,148.11666882262705,0.5603690702725317,270.04214069621855,1.1998127372441505,1
2021-09-01,17500.0,17363.0,17408.0,17476.0,221108.0,137.0,17482.0,17373.0,71648.0,109.0,17500.0,17363.0,137.0,,False,233.65712920198763,0.5863292101032738,144.39127179190066,0.7548932746924814,257.371460629912,0.5323045518127573,2
2021-09-02,17507.0,17266.0,17434.0,17322.0,273178.0,241.0,17524.0,17443.0,55978.0,81.0,17524.0,17266.0,258.0,,False,234.35645023036977,1.0283480559766958,138.35400781171964,0.5854546700969416,257.43132152230135,1.0022090492887028,3
2021-09-03,17553.0,17370.0,17442.0,17509.0,228374.0,183.0,17435.0,17342.0,62400.0,93.0,17553.0,17342.0,211.0,,False,229.4653597322393,0.7975059948636289,134.03457849631778,0.6938508036010641,253.0092909011298,0.8339614693535264,4
2021-09-06,17596.0,17425.0,17440.0,17496.0,237750.0,171.0,,,,,17596.0,17425.0,171.0,,False,223.8972302339308,0.763743257660387,134.03457849631778,,245.19888224387932,0.697393064907695,0
2021-09-07,17529.0,17337.0,17522.0,17422.0,250166.0,192.0,17568.0,17503.0,34590.0,65.0,17568.0,17337.0,231.0,,False,220.85939878308025,0.8693313531500425,126.83990778454272,0.5124570108519205,243.84660774446226,0.9473168486398433,1
2021-09-08,17426.0,17163.0,17395.0,17262.0,302946.0,263.0,17447.0,17360.0,59340.0,87.0,17447.0,17163.0,284.0,,False,224.87278937516786,1.1695501297901472,123.04563085268151,0.7070547681954041,247.67074034022775,1.1466836963052898,2
2021-09-09,17291.0,17084.0,17142.0,17235.0,249016.0,207.0,17286.0,17102.0,137638.0,184.0,17291.0,17084.0,207.0,,False,223.1706189584852,0.9275414522128771,128.85080886671184,1.4280081096761803,243.7973364983013,0.8490658797719979,3
2021-09-10,17479.0,17284.0,17300.0,17474.0,216240.0,195.0,17340.0,17224.0,72310.0,116.0,17479.0,17224.0,255.0,,False,220.48770286720088,0.8844030640450182,127.62692230797738,0.9088991405753688,244.8642568317964,1.0413933143993577,4
2021-09-13,17492.0,17356.0,17434.0,17442.0,201636.0,136.0,,,,,17492.0,17356.0,136.0,-2.0,True,212.4412549750865,0.6401769751169519,127.62692230797738,,234.49623237162533,0.5799666741957273,0
2021-09-14,17569.0,17426.0,17541.0,17461.0,178908.0,143.0,17506.0,17440.0,55460.0,66.0,17569.0,17426.0,143.0,-1.0,True,205.82780212031636,0.6947555117768276,121.20426539250579,0.5445352916109573,225.7823054790896,0.6333534405921091,1
2021-09-15,17433.0,17280.0,17403.0,17382.0,144592.0,153.0,17470.0,17372.0,59584.0,98.0,17470.0,17280.0,190.0,0.0,True,200.79658287076242,0.7619651580349579,118.99433535512428,0.8235686153255177,222.37446686203344,0.8544146397791282,2
2021-09-16,17362.0,17191.0,17337.0,17248.0,186286.0,171.0,,,,,17362.0,17191.0,171.0,1.0,True,197.95881307354696,0.8638160501420513,118.99433535512428,,217.48166049422073,0.7862731947668943,3
2021-09-17,17395.0,17165.0,17256.0,17298.0,234950.0,230.0,17280.0,17207.0,49398.0,73.0,17395.0,17165.0,230.0,,False,201.0103546855901,1.1442196615182039,114.20088105012374,0.6392244904657056,218.67388330429495,1.0517945560053197,4
2021-09-22,16940.0,16751.0,16835.0,16900.0,269104.0,189.0,,,,,16940.0,16751.0,189.0,,False,199.86651138220057,0.9456311549791312,114.20088105012374,,215.84779918007638,0.8756169889984473,2
2021-09-23,17130.0,16985.0,17020.0,17080.0,199126.0,145.0,17038.0,16869.0,68106.0,169.0,17130.0,16869.0,261.0,,False,194.64112934580052,0.7449607412747394,119.91195548162449,1.4093673922772267,220.14800878197386,1.185566026438533,3
2021-09-24,17275.0,17170.0,17191.0,17250.0,185888.0,105.0,17190.0,17083.0,63394.0,107.0,17275.0,17083.0,192.0,,False,186.10387893191475,0.5642010290307478,118.68224543575549,0.901567033949663,217.4672460408335,0.8828915779066263,4
2021-09-27,17344.0,17222.0,17247.0,17292.0,189122.0,122.0,,,,,17344.0,17222.0,122.0,,False,179.99874760506572,0.6777824936186753,118.68224543575549,,208.3751273702779,0.5854825455401342,0
2021-09-28,17183.0,17042.0,17182.0,17170.0,207044.0,141.0,17285.0,17205.0,49070.0,80.0,17285.0,17042.0,243.0,,False,176.28458116648804,0.7998430666311973,114.6508451670167,0.6977706957455101,211.6727342873943,1.1479985876219265,1
2021-09-29,16937.0,16760.0,16926.0,16823.0,297074.0,177.0,17139.0,16880.0,125192.0,259.0,17139.0,16760.0,379.0,,False,176.35271629348918,1.0036703926092843,128.3983837225389,2.0171593480466488,227.6086643552615,1.665138719888274,2
2021-09-30,16966.0,16704.0,16803.0,16917.0,258124.0,262.0,16880.0,16668.0,106208.0,212.0,16966.0,16668.0,298.0,,False,184.50960045601403,1.4199803118779135,136.36044241563044,1.5547030813659146,234.31260108333186,1.271805266222187,3
2021-10-01,16805.0,16415.0,16800.0,16517.0,325606.0,390.0,16942.0,16751.0,108350.0,191.0,16942.0,16415.0,527.0,,False,204.08011469829842,1.9110142140823274,141.56420980461803,1.3492110771755905,262.1875914563479,2.010011217818221,4
2021-10-04,16629.0,16313.0,16588.0,16358.0,281492.0,316.0,,,,,16629.0,16313.0,316.0,,False,214.73915139369856,1.471552802314338,141.56420980461803,,267.3125827462195,1.1821366459954608,0
2021-10-05,16424.0,16107.0,16240.0,16398.0,302724.0,317.0,16457.0,16183.0,139648.0,274.0,16457.0,16107.0,350.0,,False,224.47827983239395,1.4121633515576077,155.36645096641962,1.7635724977667246,275.18757486562714,1.2718597493760517,1
2021-10-06,16493.0,16265.0,16470.0,16359.0,271488.0,228.0,16500.0,16354.0,71290.0,146.0,16500.0,16265.0,235.0,,False,224.81368175311835,1.0141731509489744,154.4744080172368,0.9451403755093776,271.36018678318646,0.8660076586244473,2
2021-10-07,16760.0,16519.0,16521.0,16706.0,247116.0,241.0,16450.0,16200.0,141980.0,250.0,16760.0,16200.0,560.0,,False,226.35523587186898,1.0646981461317768,163.57208344416662,1.52837816047831,298.84969280383535,1.8738516835872523,3
2021-10-08,16759.0,16591.0,16740.0,16627.0,201820.0,168.0,16799.0,16672.0,72774.0,127.0,16799.0,16591.0,208.0,,False,220.79759436026242,0.760877855063422,160.0890278780555,0.7933085838758395,290.19734110823197,0.7167536380783873,4
2021-10-12,16489.0,16285.0,16485.0,16418.0,276468.0,204.0,,,,,16489.0,16285.0,204.0,,False,219.19782346880885,0.9306661752917841,160.0890278780555,,281.98807052649556,0.7234348588545422,1
2021-10-13,16585.0,16318.0,16520.0,16318.0,228824.0,267.0,16563.0,16378.0,93220.0,185.0,16585.0,16318.0,267.0,,False,223.75041170987467,1.1932938936720474,162.685208595479,1.1371654595840197,280.5606352382579,0.9516659376439539,2
2021-10-14,16546.0,16354.0,16496.0,16405.0,208198.0,192.0,16411.0,16261.0,95184.0,150.0,16546.0,16261.0,285.0,,False,220.7265629756009,0.8698545268483325,161.47709349114766,0.9289243245403297,280.98343188223333,1.014294679550537,3
2021-10-15,16790.0,16570.0,16654.0,16780.0,216300.0,220.0,16638.0,16445.0,90138.0,193.0,16790.0,16445.0,345.0,,False,220.65736650173415,0.9970208721686662,164.4792750634193,1.173400113330897,287.0802478934492,1.2017545704783141,4
2021-10-18,16870.0,16705.0,16800.0,16725.0,177684.0,165.0,,,,,16870.0,16705.0,165.0,-2.0,True,215.35666493014043,0.7661708545380955,164.4792750634193,,275.4535576178826,0.5990120491705281,0
2021-10-19,16954.0,16787.0,16810.0,16906.0,159610.0,167.0,16816.0,16674.0,57426.0,142.0,16954.0,16674.0,280.0,-1.0,True,210.75126827012704,0.7924032978342529,162.13652183100336,0.8758051449260033,275.8865521304652,1.0149099252492364,1
2021-10-20,16987.0,16863.0,16973.0,16882.0,106758.0,124.0,16989.0,16925.0,45276.0,64.0,16989.0,16863.0,126.0,0.0,True,202.48924272059114,0.612378209992636,152.79018641852684,0.418875069794663,261.6116424037542,0.4816299413981733,2
2021-10-21,17047.0,16812.0,16879.0,16813.0,235486.0,235.0,,,,,17047.0,16812.0,235.0,1.0,True,205.58550531863008,1.1430766951968787,152.79018641852684,,259.0772002700633,0.9070655378205217,3
2021-10-22,16913.0,16770.0,16877.0,16854.0,197622.0,143.0,16898.0,16801.0,54558.0,97.0,16913.0,16770.0,143.0,,False,199.62498100257008,0.7163432115650843,146.97582455853149,0.659972483851389,248.02222881577157,0.5765612247046573,4
2021-10-25,16930.0,16731.0,16788.0,16888.0,194418.0,199.0,,,,,16930.0,16731.0,199.0,,False,199.56545900232533,0.9971665487346749,146.97582455853149,,243.35344511903142,0.8177406319547404,0
2021-10-26,17073.0,16948.0,16975.0,17048.0,183798.0,125.0,16955.0,16883.0,45096.0,72.0,17073.0,16883.0,190.0,,False,192.46398671638957,0.6494721538954562,139.1619669122329,0.517382741833544,238.2721646315046,0.7974074533374093,1
2021-10-27,17088.0,16928.0,16944.0,17071.0,171894.0,160.0,17066.0,16936.0,60212.0,130.0,17088.0,16928.0,160.0,,False,189.3721784576858,0.8448970767675419,138.2893986348774,0.9400575986539379,230.8176727618375,0.6931878226026971,2
2021-10-28,17103.0,16984.0,17013.0,17038.0,170574.0,119.0,17090.0,16980.0,62040.0,110.0,17103.0,16980.0,123.0,,False,182.6700662236205,0.6514477301076955,135.5951701934605,0.81123833424935,220.54932297499585,0.5576983793958179,3
2021-10-29,17074.0,16858.0,17061.0,16946.0,222754.0,216.0,17112.0,17013.0,46756.0,99.0,17112.0,16858.0,254.0,,False,185.84434563089474,1.1622629640236533,132.1099158893214,0.7493759975060456,223.73510173928196,1.135271122078938,4
2021-11-01,17130.0,17028.0,17040.0,17079.0,159598.0,102.0,,,,,17130.0,17028.0,102.0,,False,177.8591698565238,0.5734874399913246,132.1099158893214,,212.14128252601702,0.4808116496019143,0
2021-11-02,17255.0,17004.0,17167.0,17047.0,217688.0,251.0,17110.0,17061.0,32600.0,49.0,17255.0,17004.0,251.0,,False,184.82496320352155,1.3580416608746149,123.44833656586854,0.39692717911881287,215.84211276163444,1.1628870603077919,1
2021-11-03,17127.0,17040.0,17081.0,17092.0,144152.0,87.0,17112.0,17023.0,39414.0,89.0,17127.0,17023.0,104.0,,False,175.5083000412814,0.4957030521037278,120.1675426072144,0.7406326040211193,205.1904829748121,0.5068461192362727,2
2021-11-04,17280.0,17050.0,17269.0,17075.0,179866.0,230.0,17232.0,17062.0,60368.0,170.0,17280.0,17050.0,230.0,,False,180.69798575163554,1.2728420798012035,124.91349093033683,1.360941870520675,207.5532941200681,1.108149118880988,3
2021-11-05,17279.0,17106.0,17150.0,17267.0,179710.0,173.0,17195.0,17059.0,49694.0,136.0,17279.0,17059.0,220.0,,False,179.96484425147978,0.9612988621169409,125.96934893697143,1.0796277121988413,208.73869468006163,1.053949294534005,4
2021-11-08,17425.0,17251.0,17256.0,17423.0,154420.0,174.0,,,,,17425.0,17251.0,174.0,,False,179.39676384657693,0.9699171616540846,125.96934893697143,,205.4302475676748,0.847002824852651,0
2021-11-09,17593.0,17480.0,17499.0,17555.0,161446.0,113.0,17529.0,17415.0,48738.0,114.0,17593.0,17415.0,178.0,,False,173.07326252785532,0.6529026976758654,124.72192299316795,0.9140333733167723,202.81784303742006,0.8776348142463918,1
2021-11-10,17581.0,17496.0,17550.0,17555.0,151470.0,85.0,17633.0,17537.0,66010.0,96.0,17633.0,17496.0,137.0,,False,164.68533276329768,0.5161358244463127,121.98650175572338,0.7869723175785378,196.54947703385625,0.6970255126977587,2
2021-11-11,17537.0,17395.0,17430.0,17472.0,168414.0,142.0,17627.0,17423.0,88228.0,204.0,17627.0,17395.0,232.0,,False,162.52482488107884,0.8737126780718141,129.79731111232115,1.5716812486467224,199.92571731634612,1.1604309996442437,3
2021-11-12,17638.0,17491.0,17570.0,17547.0,178800.0,147.0,17560.0,17462.0,61514.0,98.0,17638.0,17462.0,176.0,,False,161.04627013049992,0.912781152155105,126.76899576829057,0.7730596855016918,197.64707757193221,0.8904761060074166,4
2021-11-15,17707.0,17603.0,17615.0,17664.0,159834.0,104.0,,,,,17707.0,17603.0,104.0,-2.0,True,155.61329202283326,0.6683233716612075,126.76899576829057,,188.72830827936724,0.5510567065861302,0
2021-11-16,17717.0,17653.0,17662.0,17701.0,117390.0,64.0,17719.0,17637.0,41876.0,82.0,17719.0,17637.0,82.0,-1.0,True,146.88821659208725,0.43570547375988516,122.10324434827021,0.6715628273243476,178.56370749085607,0.45921985577163865,1
2021-11-17,17761.0,17678.0,17711.0,17722.0,95350.0,83.0,17744.0,17698.0,37624.0,46.0,17761.0,17678.0,83.0,0.0,True,140.803624535698,0.5894734618778011,114.85531631510162,0.4005038815425886,169.46240201553644,0.48978415868547936,2
2021-11-18,17868.0,17763.0,17769.0,17860.0,174964.0,105.0,,,,,17868.0,17763.0,105.0,1.0,True,137.39375553229817,0.7642268718341925,114.85531631510162,,163.3231256331044,0.6428973214477672,3
2021-11-19,17949.0,17813.0,17919.0,17851.0,165216.0,136.0,17919.0,17836.0,51610.0,83.0,17949.0,17813.0,136.0,,False,137.26101691017453,0.9908130003801461,111.53540741873867,0.7441583074009147,160.72092319185637,0.846187274805867,4
2021-11-22,17876.0,17787.0,17790.0,17836.0,116868.0,89.0,,,,,17876.0,17787.0,89.0,,False,132.664729585396,0.6708640667202422,111.53540741873867,,153.89035907834625,0.5783338250233708,0
2021-11-23,17768.0,17638.0,17765.0,17659.0,204982.0,130.0,17889.0,17740.0,71450.0,149.0,17889.0,17638.0,251.0,,False,132.41094581535828,0.9817919447632355,115.439905901153,1.2907148428168618,163.13889630897995,1.5385662504704818,1
2021-11-24,17698.0,17593.0,17604.0,17679.0,153156.0,105.0,17695.0,17557.0,86834.0,138.0,17698.0,17557.0,141.0,,False,129.8003795472289,0.8089344604866499,117.58848629151937,1.1735842883280039,161.030429993839,0.8756109016500462,2
2021-11-25,17715.0,17600.0,17688.0,17676.0,133452.0,115.0,17718.0,17588.0,72332.0,130.0,17718.0,17588.0,130.0,,False,128.39081959034996,0.8957026706965858,118.77053521613658,1.0945475640353748,158.0751509468067,0.822393647713459,3
2021-11-26,17572.0,17307.0,17530.0,17342.0,259154.0,265.0,17676.0,17617.0,27434.0,59.0,17676.0,17307.0,369.0,,False,141.40121772460236,1.8740998434406886,113.07810329079024,0.5217632617013069,178.16323180901557,2.0711344100198765,4
2021-11-29,17416.0,17184.0,17243.0,17308.0,240230.0,232.0,,,,,17416.0,17184.0,232.0,,False,150.02967317940212,1.546360763730916,113.07810329079024,,183.2905430652998,1.2657499733488529,0
2021-11-30,17537.0,17312.0,17428.0,17328.0,223706.0,225.0,17410.0,17295.0,72458.0,115.0,17537.0,17295.0,242.0,,False,157.16970430517335,1.4315736037978533,113.27840021830093,1.0151979528169655,188.88191991622364,1.2812237407759104,1
2021-12-01,17617.0,17333.0,17350.0,17586.0,206870.0,284.0,17400.0,17209.0,152004.0,191.0,17617.0,17209.0,408.0,,False,169.24878008563303,1.6780032320251141,120.68045734036751,1.5826920464951757,209.75030849563092,1.9451699638787354,2
2021-12-02,17709.0,17509.0,17570.0,17705.0,216872.0,200.0,17702.0,17500.0,94148.0,202.0,17709.0,17500.0,209.0,,False,172.17746769652513,1.1615921797183941,128.42517568890395,1.5729003204895204,209.67885054366607,0.9967624271980416,3
2021-12-03,17745.0,17621.0,17696.0,17706.0,157560.0,124.0,17775.0,17658.0,115948.0,117.0,17775.0,17621.0,154.0,,False,167.5891374397132,0.7399047569214114,127.33706371853215,0.9188212495508664,204.37610287284073,0.7535127533761427,4
2021-12-06,17736.0,17527.0,17619.0,17691.0,181484.0,209.0,,,,,17736.0,17527.0,209.0,,False,171.53302911212145,1.2184242363223732,127.33706371853215,,204.81647402780828,1.0204257298737782,0
2021-12-07,17799.0,17586.0,17677.0,17795.0,188386.0,213.0,17717.0,17602.0,76618.0,115.0,17799.0,17586.0,213.0,,False,175.48226443477657,1.2137978768741502,126.0513151424072,0.9123268556942709,205.5958574537313,1.0360130920825337,1
2021-12-08,17988.0,17840.0,17945.0,17851.0,187830.0,148.0,17937.0,17781.0,65144.0,156.0,17988.0,17781.0,207.0,,False,172.8649059171788,0.856159896739875,128.90357084313032,1.2102069708359342,205.7295853152807,1.0061751676734894,2
2021-12-09,17946.0,17812.0,17886.0,17911.0,157626.0,134.0,17919.0,17841.0,51566.0,78.0,17946.0,17812.0,134.0,,False,169.1634863060189,0.7921331188315207,124.05561171521315,0.628750275151275,198.89819623763492,0.673711489268121,3
2021-12-10,17874.0,17765.0,17808.0,17818.0,144612.0,109.0,17940.0,17824.0,60590.0,116.0,17940.0,17765.0,175.0,,False,163.43363046735044,0.6669373964728466,123.28841059947857,0.9408832463324059,196.62217754833637,0.8900318477908175,4
2021-12-13,17944.0,17743.0,17912.0,17752.0,157106.0,201.0,,,,,17944.0,17743.0,201.0,-2.0,True,167.0113799466504,1.203510803061485,123.28841059947857,,197.03911301992338,1.020102034156417,0
2021-12-14,17711.0,17565.0,17683.0,17605.0,177086.0,146.0,17793.0,17650.0,65116.0,143.0,17793.0,17565.0,228.0,-1.0,True,165.01029614220752,0.8847932729856792,125.34272016479345,1.140872001277711,199.9877689227878,1.1400697214039488,1
2021-12-15,17666.0,17536.0,17588.0,17630.0,101782.0,130.0,17614.0,17501.0,71764.0,113.0,17666.0,17501.0,165.0,0.0,True,161.67598222390205,0.8040773787906569,124.16722300624168,0.9100630364771842,196.65560045395088,0.8390302621390974,2
2021-12-16,17809.0,17671.0,17765.0,17806.0,168112.0,138.0,,,,,17809.0,17671.0,138.0,1.0,True,159.4211267740066,0.8656318192734083,124.16722300624168,,191.06935279166984,0.7222508371107879,3
2021-12-17,17798.0,17703.0,17716.0,17786.0,156974.0,95.0,17850.0,17675.0,79796.0,175.0,17850.0,17675.0,175.0,,False,153.28578136695836,0.6197574175035506,129.46493177482196,1.3517173925088615,189.53893824008225,0.9232931324028718,4
2021-12-20,17748.0,17564.0,17720.0,17580.0,207230.0,184.0,,,,,17748.0,17564.0,184.0,,False,156.21094504629565,1.1778944167162462,129.46493177482196,,189.01142031245536,0.9734861507089309,0
2021-12-21,17829.0,17624.0,17660.0,17796.0,175802.0,205.0,17634.0,17495.0,94824.0,139.0,17829.0,17495.0,334.0,,False,160.8575217085532,1.2744197338277135,130.45866096950553,1.0654716135135787,202.8198564731739,1.646781561765757,1
2021-12-22,17852.0,17783.0,17847.0,17833.0,107798.0,69.0,17849.0,17762.0,57038.0,87.0,17852.0,17762.0,90.0,,False,152.1091863077386,0.4536215180350984,126.31974087717167,0.6887284552348423,192.07510823763354,0.4685667019833347,2
2021-12-23,17983.0,17903.0,17935.0,17954.0,132094.0,80.0,17952.0,17822.0,49918.0,130.0,17983.0,17822.0,161.0,,False,145.24164475462064,0.5508062108161642,126.67024174601247,1.026286823235595,189.1155741197637,0.8513312599947026,3
2021-12-24,18035.0,17946.0,18014.0,17958.0,100006.0,89.0,18010.0,17949.0,34834.0,61.0,18035.0,17946.0,89.0,,False,139.88529763513296,0.6362355551627833,120.41593300829699,0.5065774808703839,179.58075753692907,0.49559875579485735,4
2021-12-27,18099.0,17967.0,17982.0,18068.0,116190.0,132.0,,,,,18099.0,17967.0,132.0,,False,139.13431690797745,0.9487235279798294,120.41593300829699,,175.0492568191263,0.7540734670835653,0
2021-12-28,18209.0,18105.0,18115.0,18208.0,121864.0,104.0,18140.0,18059.0,37676.0,81.0,18209.0,18059.0,150.0,,False,135.78819148817007,0.7658987048889337,116.30806902232062,0.696426315739584,172.66361331254285,0.8687412311271463,1
2021-12-29,18289.0,18188.0,18195.0,18276.0,114016.0,101.0,18263.0,18180.0,48998.0,83.0,18289.0,18180.0,109.0,,False,132.47503039405865,0.762407826588653,113.1358719725758,0.7336311512242487,166.60041204468163,0.6542600865282769,2
2021-12-30,18265.0,18177.0,18242.0,18212.0,113784.0,88.0,18291.0,18233.0,35568.0,58.0,18291.0,18177.0,114.0,,False,128.23931321367212,0.6862170249880749,107.8848365466162,0.5376103061057951,161.5908489928072,0.7054854944482309,3
2022-01-03,18389.0,18203.0,18288.0,18273.0,193862.0,186.0,,,,,18389.0,18203.0,186.0,,False,133.7403310028462,1.39075474544804,107.8848365466162,,163.91553004111128,1.1347307967301803,0
2022-01-04,18522.0,18359.0,18361.0,18516.0,181378.0,163.0,18367.0,18257.0,50548.0,110.0,18522.0,18257.0,265.0,,False,136.52696614543228,1.1939033335463407,108.10527541768846,1.0175266616267418,173.5426224181483,1.5270023946133908,1
2022-01-05,18546.0,18438.0,18480.0,18480.0,163972.0,108.0,18577.0,18474.0,67808.0,103.0,18577.0,18438.0,139.0,,False,133.81011222681968,0.8071138884999266,107.61905871124193,0.9570795473724077,170.25284885451515,0.8164327406866395,2
2022-01-06,18419.0,18238.0,18345.0,18335.0,239084.0,181.0,18565.0,18304.0,77702.0,261.0,18565.0,18238.0,327.0,,False,138.30438725283685,1.308707580397363,122.22676740540936,2.135375135417751,185.18114896360893,1.7658384875031785,3
2022-01-07,18478.0,18115.0,18459.0,18143.0,274794.0,363.0,18430.0,18333.0,88198.0,97.0,18478.0,18115.0,363.0,,False,159.70396941923335,2.27295540192305,119.8242181287037,0.809519156601647,202.11627763374142,1.795995870544375,4
2022-01-10,18264.0,18022.0,18075.0,18258.0,192578.0,242.0,,,,,18264.0,18022.0,242.0,,False,167.5416866174016,1.4444166397383327,119.8242181287037,,205.9147273829089,1.1752437675329006,0
2022-01-11,18295.0,18102.0,18200.0,18280.0,238120.0,193.0,18305.0,18091.0,109080.0,214.0,18305.0,18091.0,214.0,,False,169.9662878919348,1.135519298525306,129.63906388203978,1.6507370046633576,206.68475334644137,1.0353932572921667,1
2022-01-12,18411.0,18271.0,18403.0,18375.0,180114.0,140.0,18391.0,18217.0,91912.0,174.0,18411.0,18217.0,194.0,,False,167.11235571175052,0.8377597180275754,133.86391494089312,1.299827515703756,205.47668159916122,0.9441460631452593,2
2022-01-13,18485.0,18364.0,18433.0,18425.0,190040.0,121.0,18446.0,18357.0,75576.0,89.0,18485.0,18357.0,128.0,,False,162.7207027868219,0.7436054412727088,129.59116113699855,0.6867752338904718,198.0979500182887,0.6461450004312657,3
2022-01-14,18560.0,18220.0,18549.0,18357.0,310470.0,340.0,18650.0,18477.0,117530.0,173.0,18650.0,18220.0,430.0,,False,179.60444537855315,1.89304891247753,133.7253362668082,1.2936965038160844,220.18385954035645,1.9529133556730454,4
2022-01-17,18537.0,18387.0,18417.0,18509.0,200944.0,150.0,,,,,18537.0,18387.0,150.0,-2.0,True,176.78497439011952,0.848488399636205,133.7253362668082,,213.49968244127487,0.7025771574215757,0
2022-01-18,18583.0,18347.0,18531.0,18349.0,221864.0,236.0,18552.0,18505.0,32986.0,47.0,18583.0,18347.0,236.0,-1.0,True,182.42450063867955,1.2936858764790327,124.68696375264953,0.3769439770242322,215.64256982782013,1.0944035780524888,1
2022-01-19,18345.0,18210.0,18261.0,18218.0,140666.0,135.0,18388.0,18252.0,91068.0,136.0,18388.0,18210.0,178.0,0.0,True,177.90788153023388,0.7588196702632195,125.76439577620673,1.08138713791467,212.05756317755154,0.8393947253414592,2
2022-01-20,18270.0,18081.0,18203.0,18226.0,238074.0,189.0,,,,,18270.0,18081.0,189.0,1.0,True,178.9642737654497,1.0560767019215418,125.76439577620673,,209.8616047796895,0.9005935135129183,3
2022-01-21,18050.0,17836.0,18026.0,17895.0,315488.0,214.0,18287.0,18043.0,90586.0,244.0,18287.0,17836.0,451.0,,False,182.30100959731163,1.1738826925462942,138.08671681193704,1.7670055862962424,232.82716622924286,1.9370591812982125,4
2022-01-24,17973.0,17703.0,17736.0,17957.0,267306.0,270.0,,,,,17973.0,17703.0,270.0,,False,190.65329439756766,1.4161832390736,138.08671681193704,,236.3674361121721,1.1422893290252851,0
2022-01-25,17799.0,17578.0,17790.0,17678.0,317110.0,221.0,17980.0,17508.0,240304.0,472.0,17980.0,17508.0,472.0,,False,193.54345683589455,1.1418624200113665,172.88661233029595,2.7301130702836303,258.8086326729176,1.8237413301298713,1
2022-01-26,17757.0,17607.0,17683.0,17625.0,191230.0,150.0,17737.0,17509.0,186132.0,228.0,17757.0,17509.0,248.0,,False,189.39646094676172,0.7919894556116556,178.13550639407728,1.279924505873696,257.7792390850207,0.9620635117097411,2
2022-02-07,17900.0,17693.0,17797.0,17899.0,226622.0,207.0,,,,,17900.0,17693.0,207.0,,False,191.07298847564155,1.0833556414824634,178.13550639407728,,252.94312107692352,0.8183658014445406,0
2022-02-08,18047.0,17922.0,17960.0,17942.0,178818.0,125.0,17967.0,17863.0,69662.0,104.0,18047.0,17863.0,184.0,,False,184.78032290653283,0.6764789563834055,170.4092253306747,0.61029559754286,246.37710954578793,0.7468226262545894,1
2022-02-09,18169.0,18050.0,18068.0,18167.0,144262.0,119.0,18050.0,17948.0,60318.0,102.0,18169.0,17948.0,221.0,,False,178.5155302487678,0.6666086689161959,163.8940610134676,0.6223532406803831,243.9602419699986,0.9058853123583056,2
2022-02-10,18340.0,18133.0,18230.0,18336.0,189698.0,207.0,18250.0,18156.0,59980.0,94.0,18340.0,18133.0,207.0,,False,181.2283368917423,1.1422054825987427,157.23748377408972,0.5978218281275354,240.44021892523682,0.8609208597683284,3
2022-02-11,18290.0,18182.0,18202.0,18275.0,170714.0,108.0,18397.0,18199.0,124310.0,198.0,18397.0,18182.0,215.0,,False,174.2542095687192,0.6197841662895892,161.11962817655737,1.2289005519738945,238.01734093235711,0.9032955294677522,4
2022-02-14,18132.0,17934.0,18099.0,17976.0,236162.0,198.0,,,,,18132.0,17934.0,198.0,-2.0,True,176.51571341931736,1.1217131674257588,161.11962817655737,,234.20616560546597,0.8454089988969061,0
2022-02-15,18093.0,17883.0,17922.0,17953.0,195352.0,210.0,18014.0,17830.0,149752.0,184.0,18093.0,17830.0,263.0,-1.0,True,179.70469309366808,1.1685838382113982,163.50418305641986,1.1253534714552698,236.94843554780255,1.1099461340268768,1
2022-02-16,18248.0,18140.0,18184.0,18207.0,119378.0,108.0,18185.0,17963.0,84336.0,222.0,18248.0,17963.0,285.0,0.0,True,172.87567470379494,0.624726412116957,169.07521324152273,1.313025107251378,241.5247750194404,1.1800031693521307,2
2022-02-17,18330.0,18168.0,18269.0,18243.0,220186.0,162.0,,,,,18330.0,18168.0,162.0,1.0,True,171.8398961605764,0.9427379998450333,169.07521324152273,,233.95098692235084,0.6924527317927852,3
2022-02-18,18254.0,18039.0,18065.0,18226.0,192570.0,215.0,18275.0,18072.0,96240.0,203.0,18275.0,18039.0,236.0,,False,175.9503822405215,1.2219353960032793,172.6107989582871,1.1760561982512852,234.1461310249841,1.0079175725300287,4
2022-02-21,18242.0,17970.0,18001.0,18210.0,191658.0,272.0,,,,,18242.0,17970.0,272.0,,False,185.09796488428134,1.4694921155402636,172.6107989582871,,237.75126140355704,1.144052815510869,0
2022-02-22,18068.0,17773.0,17990.0,17878.0,288354.0,295.0,18256.0,17987.0,103932.0,269.0,18256.0,17773.0,483.0,,False,195.56482537149265,1.5084512229621123,182.65632363260954,1.472711125737207,261.1082841270278,1.8498072614387948,1
2022-02-23,18060.0,17936.0,17954.0,18042.0,167594.0,124.0,17990.0,17806.0,150998.0,184.0,18060.0,17806.0,254.0,,False,188.74912771706477,0.6569566784217207,182.78429281045626,1.0066510484618303,260.4313046863585,0.9753051781002141,2
2022-02-24,17850.0,17506.0,17811.0,17516.0,373926.0,344.0,18093.0,17869.0,118346.0,224.0,18093.0,17506.0,587.0,,False,203.5349250773443,1.6901276273311732,186.70959825707948,1.19972407466474,291.5330851924196,2.0134935958042783,3
2022-02-25,17702.0,17513.0,17660.0,17606.0,258698.0,189.0,17650.0,17226.0,259642.0,424.0,17702.0,17226.0,476.0,,False,202.1506464985496,0.9349463050139493,209.30868413735763,2.0257162369897297,309.10136279314156,1.5399479177274,4
2022-03-01,17942.0,17692.0,17756.0,17911.0,219356.0,250.0,,,,,17942.0,17692.0,250.0,,False,206.707727784402,1.2094371249668625,209.30868413735763,,303.4726615747471,0.8237974343478828,1
2022-03-02,17895.0,17758.0,17788.0,17844.0,188854.0,137.0,17980.0,17675.0,149030.0,305.0,17980.0,17675.0,305.0,,False,200.06889656683992,0.6847641105184504,219.28147636125584,1.3909063595391293,303.61812237715213,1.004551367395426,2
2022-03-03,17964.0,17865.0,17942.0,17929.0,153298.0,99.0,17965.0,17680.0,162446.0,285.0,17965.0,17680.0,285.0,,False,190.44328736999802,0.519839797806369,225.54038337446957,1.2636317972680233,301.8449678650424,0.9441933122682571,3
2022-03-04,17788.0,17522.0,17608.0,17666.0,236708.0,266.0,17944.0,17750.0,146468.0,194.0,17944.0,17522.0,422.0,,False,197.63916476333154,1.3458870883133363,222.5365373388058,0.8717669571026007,313.2883042588479,1.3470020880553886,4
2022-03-07,17405.0,17051.0,17362.0,17058.0,311890.0,354.0,,,,,17405.0,17051.0,354.0,,False,212.5306728811095,1.6656419292382751,222.5365373388058,,317.16560861514813,1.116136145862987,0
2022-03-08,17058.0,16695.0,16840.0,16702.0,319742.0,363.0,17175.0,16706.0,202052.0,469.0,17175.0,16695.0,480.0,,False,226.8610849876705,1.6000981394395095,248.2225557799228,1.8894334502615517,332.6736458898959,1.4428555009700537,1
2022-03-09,17023.0,16865.0,16890.0,16945.0,227432.0,158.0,16976.0,16638.0,236470.0,338.0,17023.0,16638.0,385.0,,False,220.30288641741618,0.7171944161486448,256.7727885627873,1.3163388608732993,337.6571081860963,1.140209966460446,2
2022-03-10,17456.0,17269.0,17301.0,17436.0,202766.0,187.0,17291.0,16958.0,142630.0,333.0,17456.0,16958.0,498.0,,False,217.13118294909083,0.8612305126336669,264.032522985379,1.2612082641744864,352.92785978742046,1.4110532398886306,3
2022-03-11,17387.0,17170.0,17372.0,17224.0,189102.0,217.0,17496.0,17221.0,197020.0,275.0,17496.0,17170.0,326.0,,False,217.1186893348917,0.9994533435364072,265.0770446058191,1.0374342312776905,350.36330171242804,0.9304627465452275,4
2022-03-14,17350.0,17150.0,17289.0,17239.0,208528.0,200.0,,,,,17350.0,17150.0,200.0,-2.0,True,215.48833796966395,0.9281244724628933,265.0770446058191,,336.0429872636254,0.595161951238995,0
2022-03-15,17195.0,16861.0,17177.0,16881.0,254698.0,334.0,17321.0,17066.0,139756.0,255.0,17321.0,16861.0,460.0,-1.0,True,226.77516292493405,1.4728244296777728,264.0268315203491,0.965810931152831,347.848417048042,1.3224151022554993,1
2022-03-16,17089.0,16801.0,17080.0,16937.0,146398.0,288.0,17095.0,16728.0,158608.0,367.0,17095.0,16728.0,367.0,0.0,True,232.60609978922605,1.2381446585492326,273.83379994698254,1.3402290004778648,349.67237732918085,1.0495538789857197,2
2022-03-17,17470.0,17262.0,17339.0,17444.0,257376.0,208.0,,,,,17470.0,17262.0,208.0,1.0,True,230.26266171406166,0.9033162322178518,273.83379994698254,,336.179769964497,0.6187165873245921,3
2022-03-18,17444.0,17295.0,17441.0,17391.0,193522.0,149.0,17497.0,17313.0,153526.0,184.0,17497.0,17295.0,202.0,,False,222.52336059843674,0.6695926198458049,264.4714684388603,0.6957272218667948,323.4007442535925,0.6246120443112001,4
2022-03-21,17577.0,17439.0,17442.0,17489.0,186280.0,138.0,,,,,17577.0,17439.0,138.0,,False,214.47351673191895,0.6434360852696467,264.4714684388603,,305.7435305151551,0.4513586919320264,0
2022-03-22,17543.0,17453.0,17536.0,17520.0,136178.0,90.0,17566.0,17440.0,112712.0,126.0,17566.0,17440.0,126.0,,False,202.6188960907838,0.4441836459304137,250.040198775257,0.5039189722979394,288.6250990375213,0.43655247038518985,1
2022-03-23,17735.0,17610.0,17644.0,17702.0,177512.0,125.0,17645.0,17520.0,90210.0,125.0,17735.0,17520.0,215.0,,False,195.22662027261393,0.6402815344825943,238.1316084157087,0.524919815691944,281.61318484347163,0.7634585721528022,2
2022-03-24,17687.0,17548.0,17570.0,17671.0,160240.0,139.0,17700.0,17547.0,102718.0,153.0,17700.0,17547.0,153.0,,False,189.8717040561745,0.7320732738506215,230.02383618564122,0.6651484582516093,269.36431009647436,0.568003979239871,3
2022-03-25,17726.0,17591.0,17720.0,17621.0,166114.0,135.0,17762.0,17620.0,98230.0,142.0,17762.0,17591.0,171.0,,False,184.645827479396,0.7311294375989308,221.64061369177062,0.6406768039249133,259.9962805634768,0.6577017164607138,4
2022-03-28,17521.0,17304.0,17512.0,17438.0,235094.0,217.0,,,,,17521.0,17304.0,217.0,,False,187.72717724326304,1.1559327913336932,221.64061369177062,,255.9013967002885,0.8479828668311264,0
2022-03-29,17577.0,17484.0,17560.0,17545.0,152770.0,93.0,17583.0,17433.0,94312.0,150.0,17583.0,17433.0,150.0,,False,178.70554131533322,0.5204091564004594,214.17434625987394,0.7003639913904238,245.81554939549912,0.6102136352597494,1
2022-03-30,17755.0,17658.0,17671.0,17741.0,179674.0,97.0,17715.0,17540.0,116066.0,175.0,17755.0,17540.0,215.0,,False,170.92406119006338,0.5675034826848536,210.44345613988594,0.8315772949655134,242.88073516735633,0.8852081242748825,2
2022-03-31,17774.0,17623.0,17747.0,17639.0,156022.0,151.0,17746.0,17620.0,85898.0,126.0,17774.0,17620.0,154.0,,False,169.0265315529145,0.8933508758222894,202.40122222180156,0.6225258850557868,234.41590324665574,0.6569520150599979,3
2022-04-01,17567.0,17414.0,17466.0,17554.0,163892.0,153.0,17663.0,17468.0,109160.0,195.0,17663.0,17414.0,249.0,,False,167.5001952145417,0.9134317712527487,201.6963439149633,0.9667998745788544,235.80486484221234,1.055957858064621,4
2022-04-06,17508.0,17327.0,17439.0,17506.0,173824.0,181.0,,,,,17508.0,17327.0,181.0,,False,168.78589090839486,1.0723645147462835,201.6963439149633,,230.58535390485878,0.7849587882961636,2
2022-04-07,17387.0,17123.0,17333.0,17143.0,229092.0,264.0,17520.0,17335.0,116094.0,185.0,17520.0,17123.0,397.0,,False,177.85390129807155,1.4843644028789293,199.95627829603413,0.9252022570959665,246.43436781868175,1.6109766000337236,3
2022-04-08,17318.0,17169.0,17200.0,17316.0,166562.0,149.0,17268.0,17134.0,125616.0,134.0,17318.0,17134.0,184.0,,False,175.1059106982552,0.8509135951256309,193.67472798212611,0.6918816997763726,240.48823755023588,0.7651101853227396,4
2022-04-11,17298.0,16976.0,17222.0,17039.0,255558.0,322.0,,,,,17298.0,16976.0,322.0,,False,189.09582396508804,1.702840354948555,193.67472798212611,,248.2512625454515,1.297072960267608,0
2022-04-12,17068.0,16906.0,16960.0,16999.0,214638.0,162.0,17100.0,16942.0,120170.0,158.0,17100.0,16906.0,194.0,,False,186.51526930174632,0.8685615960906382,189.95676625694176,0.8317682129115843,243.08447563636088,0.7980764690634207,1
2022-04-13,17321.0,17071.0,17080.0,17316.0,211826.0,250.0,17146.0,16975.0,122882.0,171.0,17321.0,16975.0,346.0,,False,192.56143413015144,1.298286965556281,188.15135994675683,0.9088427532407402,252.88595414718364,1.3682056845222115,2
2022-04-14,17352.0,17251.0,17349.0,17298.0,144896.0,101.0,17347.0,17248.0,92784.0,99.0,17352.0,17248.0,104.0,,False,183.8412975463275,0.5493868970030974,179.66075423754188,0.5510385416121836,238.7063394664995,0.4356817679515192,3
2022-04-15,17117.0,16960.0,17102.0,16983.0,190484.0,157.0,17331.0,17102.0,120980.0,229.0,17331.0,16960.0,371.0,,False,181.2849834942963,0.8660397401582886,184.35973002444265,1.2421367723289618,251.30573570778523,1.4762894247324048,4
2022-04-18,16995.0,16813.0,16908.0,16881.0,208850.0,182.0,,,,,16995.0,16813.0,182.0,-2.0,True,181.35308030436332,1.0035671833891708,184.35973002444265,,244.70518944990093,0.7437521059898131,0
2022-04-19,17122.0,16988.0,17065.0,17000.0,175736.0,134.0,17077.0,16881.0,92316.0,196.0,17122.0,16881.0,241.0,-1.0,True,176.84326313251918,0.7577331339989233,185.5728598978258,1.0561889282081187,244.35231426419608,0.9862808163929582,1
2022-04-20,17082.0,16951.0,17018.0,17071.0,107538.0,131.0,17111.0,16942.0,89788.0,169.0,17111.0,16942.0,169.0,0.0,True,172.47723807227925,0.7595205110201407,183.99449228850906,0.9185057546994546,237.1759033818917,0.7125513072374919,2
2022-04-21,17222.0,17090.0,17180.0,17126.0,172004.0,132.0,17177.0,17053.0,99688.0,124.0,17222.0,17053.0,169.0,1.0,True,168.62226301777648,0.7828147816168516,178.28073111817486,0.6955322609587324,230.6829602026639,0.7326072105695495,3
2022-04-22,16999.0,16823.0,16862.0,16992.0,192666.0,176.0,17192.0,16925.0,119870.0,267.0,17192.0,16823.0,369.0,,False,169.3249046351311,1.0394218167684943,186.7301852973963,1.429870588811133,243.856011611934,1.5131880389613557,4
2022-04-25,16734.0,16508.0,16686.0,16572.0,246642.0,226.0,,,,,16734.0,16508.0,226.0,,False,174.72253276511861,1.293479418042859,186.7301852973963,,242.1554390774641,0.9332848391140367,0
2022-04-26,16663.0,16533.0,16648.0,16586.0,163804.0,130.0,16666.0,16490.0,171098.0,176.0,16666.0,16490.0,176.0,,False,170.4632439303454,0.7626277489657566,185.61190295870983,0.9482150508372944,235.85492107008656,0.74622144495217,1
2022-04-27,16344.0,16160.0,16221.0,16285.0,282224.0,184.0,16574.0,16185.0,171528.0,389.0,16574.0,16160.0,414.0,,False,171.75245879412205,1.071309262713723,204.9821979150232,1.8977257730510952,252.82111906341166,1.6375214283272042,2
2022-04-28,16416.0,16220.0,16317.0,16387.0,207442.0,196.0,16364.0,16202.0,201976.0,162.0,16416.0,16202.0,214.0,,False,174.06174843277708,1.1260371779828209,200.88865525644957,0.8064168670609834,249.12386962880103,0.8590104204742154,3
2022-04-29,16635.0,16495.0,16555.0,16583.0,207750.0,140.0,16658.0,16319.0,180784.0,339.0,16658.0,16319.0,339.0,,False,170.81777239156023,0.8195868500092741,214.04211666059723,1.5838004467949933,257.6835010927247,1.3155673473949516,4
2022-05-03,16570.0,16434.0,16487.0,16470.0,180358.0,136.0,,,,,16570.0,16434.0,136.0,,False,167.5017940685545,0.8119316020241457,214.04211666059723,,246.09459622675095,0.5526330203312955,1
2022-05-04,16589.0,16489.0,16505.0,16519.0,138740.0,100.0,16502.0,16373.0,128982.0,129.0,16589.0,16373.0,216.0,,False,161.07305177631122,0.6208363155549702,205.1791665371603,0.6287188030693,243.22844420515563,0.8880540296422351,2
2022-05-05,16776.0,16645.0,16753.0,16684.0,157444.0,131.0,16763.0,16394.0,154150.0,369.0,16776.0,16394.0,382.0,,False,158.20895160713872,0.8280188868534858,220.78115067647838,1.671338331507811,256.44478285228365,1.4895994207846224,3
2022-05-06,16380.0,16266.0,16310.0,16355.0,191548.0,114.0,16645.0,16277.0,186612.0,368.0,16645.0,16266.0,379.0,,False,153.9985752636017,0.7402665888620363,234.8019934691947,1.5672780054496447,268.1167082949233,1.4135635276526937,4
2022-05-09,16194.0,16015.0,16156.0,16027.0,197694.0,179.0,,,,,16194.0,16015.0,179.0,,False,156.37966333373487,1.1446501174388024,234.8019934691947,,259.6294027430258,0.6894442544212505,0
2022-05-10,16045.0,15730.0,15809.0,16039.0,254288.0,315.0,16091.0,15844.0,177954.0,247.0,16091.0,15730.0,361.0,,False,171.48636206385535,1.836880765379496,236.0732497329511,1.0462854231871226,269.2837453389281,1.3405933564450214,1
2022-05-11,16058.0,15907.0,15989.0,16010.0,174878.0,151.0,16115.0,15862.0,198148.0,253.0,16115.0,15862.0,253.0,,False,169.53527996253578,0.8906700719364622,237.68532118695575,1.064432581433997,267.7329124495064,0.9449716050420772,2
2022-05-12,15890.0,15608.0,15801.0,15632.0,235992.0,282.0,16092.0,15746.0,244716.0,346.0,16092.0,15608.0,484.0,,False,180.24620568038952,1.5645266924510972,248.00100488343614,1.3951556372226182,288.32977793050577,1.6786334157849465,3
2022-05-13,15854.0,15743.0,15777.0,15851.0,190086.0,111.0,15739.0,15526.0,217768.0,213.0,15854.0,15526.0,328.0,,False,173.65132894892386,0.6392119235243428,244.66757584691842,0.870568972054017,292.10789431807666,1.1228727685217585,4
2022-05-16,16044.0,15847.0,15996.0,15921.0,195896.0,197.0,,,,,16044.0,15847.0,197.0,-2.0,True,175.87501190616922,1.1201136413005683,244.66757584691842,,283.04999962111697,0.6959901086864471,0
2022-05-17,16096.0,15963.0,15978.0,16075.0,153502.0,133.0,15978.0,15867.0,111196.0,111.0,16096.0,15867.0,229.0,-1.0,True,171.791677438915,0.7741934998410596,230.73696000183014,0.48106727244356334,277.902380609582,0.8240303645391087,1
2022-05-18,16229.0,16104.0,16138.0,16198.0,106268.0,125.0,16189.0,16080.0,97132.0,109.0,16229.0,16080.0,149.0,0.0,True,167.33532720663737,0.747003051218475,219.14296381117964,0.49739219596353446,265.6259634086694,0.5609391419722075,2
2022-05-19,15965.0,15820.0,15871.0,15911.0,218226.0,145.0,16217.0,15889.0,147420.0,328.0,16217.0,15820.0,397.0,1.0,True,165.20815318695762,0.8776806543918624,229.5103005910673,1.4291297565089154,278.13777641736755,1.4273501611815231,3
2022-05-20,16145.0,16013.0,16069.0,16135.0,170956.0,132.0,16054.0,15748.0,231558.0,306.0,16145.0,15748.0,397.0,,False,162.04547193105688,0.8145861678637963,236.7950338681085,1.2922568307342024,289.45798818714206,1.3715289133541868,4
2022-05-23,16263.0,16076.0,16220.0,16146.0,197656.0,187.0,,,,,16263.0,16076.0,187.0,,False,164.4220936519086,1.1373167428210116,236.7950338681085,,279.7000845502714,0.6685732694742531,0
2022-05-24,16156.0,15914.0,16131.0,15928.0,196040.0,242.0,16242.0,16093.0,142002.0,149.0,16242.0,15914.0,328.0,,False,171.81046568506017,1.4085288636816913,227.64517922180437,0.6545273680266384,284.3000764978646,1.153710558366535,1
2022-05-25,16146.0,15968.0,15996.0,16061.0,193348.0,178.0,16022.0,15834.0,177076.0,188.0,16146.0,15834.0,312.0,,False,172.39994514362587,1.0324829271361353,223.86944786734682,0.8397751537378109,286.93816445044894,1.0873422871354534,2
2022-05-26,16184.0,15928.0,16153.0,15950.0,198386.0,256.0,16203.0,15962.0,192508.0,241.0,16203.0,15928.0,275.0,,False,180.36185512994723,1.4193688561007367,225.5009290228376,1.0687317389082363,285.801196407549,0.9622073086351023,3
2022-05-27,16245.0,16100.0,16110.0,16230.0,166672.0,145.0,16152.0,15944.0,138726.0,208.0,16245.0,15944.0,301.0,,False,176.99405940328558,0.8192365353325997,223.83417387780545,0.9292593548005338,287.24870151159195,1.0478724478685002,4
2022-05-30,16584.0,16391.0,16400.0,16560.0,161310.0,193.0,,,,,16584.0,16391.0,193.0,,False,178.51843469821077,1.0811208395719503,223.83417387780545,,278.27263470096415,0.693564425432636,0
2022-05-31,16716.0,16460.0,16492.0,16680.0,214712.0,256.0,16575.0,16490.0,52980.0,85.0,16716.0,16460.0,256.0,,False,185.89763139361926,1.377102000067694,209.3651036473642,0.405989338811526,276.1514313961104,0.9270276047665844,1
2022-06-01,16755.0,16592.0,16647.0,16610.0,188752.0,163.0,16680.0,16550.0,135586.0,130.0,16755.0,16550.0,205.0,,False,183.71690459422695,0.8872346306945238,201.80652234761524,0.6441813598872327,269.37510459648087,0.7610205861714147,2
2022-06-02,16585.0,16471.0,16536.0,16532.0,157568.0,114.0,16668.0,16465.0,143088.0,203.0,16668.0,16465.0,203.0,,False,177.07719939477676,0.6437870058349401,201.9201868859376,1.0053477224378382,263.0536660634827,0.7717056486527355,3
2022-06-06,16648.0,16463.0,16590.0,16600.0,197514.0,185.0,,,,,16648.0,16463.0,185.0,,False,177.83175183336945,1.0403091579131902,201.9201868859376,,255.61998358124626,0.7237305840026377,0
2022-06-07,16531.0,16406.0,16520.0,16462.0,202674.0,125.0,16705.0,16512.0,108604.0,193.0,16705.0,16406.0,299.0,,False,172.8001564206676,0.7233789748181587,200.99053961742797,0.9602442003855632,259.7514137163657,1.1511005685092888,1
2022-06-08,16693.0,16555.0,16560.0,16644.0,161592.0,138.0,16586.0,16433.0,108726.0,153.0,16693.0,16433.0,260.0,,False,169.48585580917546,0.8142272364920795,196.42001203481578,0.7789430334261485,259.7750886005213,1.0008657927928746,2
2022-06-09,16606.0,16524.0,16573.0,16582.0,133948.0,82.0,16702.0,16545.0,115524.0,157.0,16702.0,16524.0,178.0,,False,161.15386954163495,0.5088304750809279,192.66572517435714,0.8148828747714175,251.9869849242812,0.7063856891398049,3
2022-06-10,16486.0,16350.0,16380.0,16471.0,165604.0,136.0,16662.0,16388.0,143666.0,274.0,16662.0,16350.0,312.0,,False,158.7582629186221,0.8566483249423826,200.41184658632312,1.3671846483485215,257.70251016958775,1.2106983350479605,4
2022-06-13,16120.0,15993.0,16115.0,16053.0,206038.0,127.0,,,,,16120.0,15993.0,127.0,-2.0,True,155.73366645018191,0.8154948309820111,200.41184658632312,,245.25465205819845,0.517829117344788,0
2022-06-14,16068.0,15841.0,15950.0,16055.0,207302.0,227.0,16077.0,15809.0,166464.0,268.0,16077.0,15809.0,268.0,-1.0,True,162.52093631206935,1.3967431221545468,207.45577324482048,1.2918416094582759,247.42087567170336,1.0831745675154856,1
2022-06-15,16096.0,15989.0,16052.0,16062.0,115504.0,107.0,16063.0,15925.0,119736.0,138.0,16096.0,15925.0,171.0,0.0,True,157.23322809187226,0.6805177334238746,200.84093769769473,0.6871109126552538,240.14269703630305,0.7120766199029964,2
2022-06-16,15805.0,15382.0,15751.0,15410.0,254108.0,423.0,,,,,15805.0,15382.0,423.0,1.0,True,182.54434922597966,2.317245106701987,200.84093769769473,,257.55767827094087,1.6423505711020585,3
2022-06-17,15300.0,15137.0,15196.0,15200.0,247610.0,163.0,15348.0,15093.0,204136.0,255.0,15348.0,15093.0,255.0,,False,180.6829826330292,0.9021325507508158,206.48530647361736,1.2349547014018714,257.3140898641846,0.9910067502894768,4
2022-06-20,15231.0,14966.0,15182.0,15038.0,259380.0,265.0,,,,,15231.0,14966.0,265.0,,False,188.7131747632169,1.4042474794486504,206.48530647361736,,258.04608130569085,1.0269483599949394,0
2022-06-21,15362.0,15115.0,15164.0,15334.0,230236.0,247.0,15171.0,15028.0,60716.0,143.0,15362.0,15028.0,334.0,,False,194.26430097624385,1.2714636644959543,199.86897180391034,0.7154687328871437,265.279787848006,1.2590480515287799,1
2022-06-22,15319.0,14984.0,15316.0,15012.0,256596.0,335.0,15415.0,15316.0,96734.0,99.0,15415.0,14984.0,431.0,,False,207.66770088326822,1.6131540849884323,190.26240306068078,0.5203340145368905,281.06266519581493,1.533465854313039,2
2022-06-23,15145.0,14804.0,15059.0,14938.0,328704.0,341.0,15175.0,14888.0,194808.0,287.0,15175.0,14804.0,371.0,,False,220.36601508486171,1.5474255404976254,199.47550753109215,1.4387731283514367,289.62812565335634,1.2809529432374058,3
2022-06-24,15142.0,14959.0,15006.0,15058.0,239620.0,183.0,15041.0,14849.0,176398.0,192.0,15142.0,14849.0,293.0,,False,216.80734698154154,0.8440673369596657,198.7635544328929,0.9659718581095488,289.9492565435129,1.0105216460730235,4
2022-06-27,15400.0,15201.0,15205.0,15277.0,197074.0,199.0,,,,,15400.0,15201.0,199.0,,False,215.11140917377568,0.925102023943508,198.7635544328929,,281.2874225869879,0.7074614220920575,0
2022-06-28,15304.0,15096.0,15299.0,15192.0,192056.0,208.0,15326.0,15180.0,112094.0,146.0,15326.0,15096.0,230.0,,False,214.43413210960657,0.9699948322297972,193.2646232016733,0.7554408953968142,276.4029061501319,0.8321186025268217,1
2022-06-29,15114.0,14980.0,15020.0,15019.0,201278.0,134.0,15295.0,15042.0,149150.0,253.0,15295.0,14980.0,315.0,,False,206.77373857535832,0.648051347928615,198.95370670627582,1.2716526079783732,280.0788198501194,1.1246834022243033,2
2022-06-30,14945.0,14610.0,14931.0,14622.0,263938.0,335.0,15035.0,14929.0,131302.0,106.0,15035.0,14610.0,425.0,,False,218.98576347294323,1.5297798116515045,190.10097273424955,0.5575984092842178,293.8808370072509,1.4461643852930568,3
2022-07-01,14702.0,14128.0,14656.0,14175.0,367218.0,574.0,14691.0,14451.0,210872.0,240.0,14702.0,14128.0,574.0,,False,252.79664314218672,2.270599770888377,194.8532610452734,1.2316960912665298,320.55885253036985,1.7906228309374768,4
2022-07-04,14312.0,14025.0,14236.0,14152.0,286332.0,287.0,,,,,14312.0,14025.0,287.0,,False,256.0541057000737,1.1208568564652286,194.8532610452734,,317.3627713370013,0.904327873086413,0
2022-07-05,14430.0,13975.0,14350.0,14232.0,349844.0,455.0,14268.0,14117.0,57114.0,151.0,14430.0,13975.0,455.0,,False,275.0013337286381,1.6545374301674423,190.28294599837147,0.7935550882278873,330.47107882871546,1.3768224487681369,1
2022-07-06,14239.0,13858.0,14213.0,13871.0,301268.0,381.0,14265.0,13960.0,173848.0,305.0,14265.0,13858.0,407.0,,False,285.09644480210113,1.336389867170985,201.20837971281227,1.5158414397816387,337.75954751169496,1.2049992457604994,2
2022-07-07,14295.0,13832.0,14068.0,14179.0,315680.0,463.0,14077.0,13886.0,131038.0,191.0,14295.0,13832.0,463.0,,False,302.03964053523435,1.5329113727573414,200.2361530734968,0.9538736989713008,349.6872096534383,1.3240404201768252,3
2022-07-08,14485.0,14264.0,14390.0,14329.0,278326.0,221.0,14396.0,14179.0,105440.0,217.0,14485.0,14179.0,306.0,,False,294.3215795318787,0.7508793624697946,201.83270992363998,1.075147829517318,345.52652301977747,0.8856049524814191,4
2022-07-11,14496.0,14229.0,14467.0,14276.0,239768.0,267.0,,,,,14496.0,14229.0,267.0,,False,291.71952433836645,0.9152627017528858,201.83270992363998,,338.04780654170344,0.7898291153889248,0
2022-07-12,14181.0,13850.0,14157.0,13913.0,253934.0,331.0,14308.0,14147.0,108056.0,161.0,14308.0,13850.0,458.0,,False,295.46052202042677,1.1202850307599341,197.57719176782638,0.814871385504819,349.47182496630313,1.3105491409619685,1
2022-07-13,14356.0,14203.0,14240.0,14277.0,224560.0,153.0,14272.0,13882.0,189708.0,390.0,14356.0,13882.0,474.0,,False,281.8928532565766,0.54275941455224,215.90317350422387,1.8063652963969523,361.33165115998855,1.311814225181521,2
2022-07-14,14437.0,14122.0,14237.0,14389.0,256110.0,315.0,14376.0,14101.0,209246.0,275.0,14437.0,14101.0,336.0,,False,285.04591485118834,1.1050851234421288,221.5314426942978,1.241358773524019,358.91911295427536,0.9361440722238853,3
2022-07-15,14542.0,14333.0,14422.0,14475.0,231172.0,209.0,14474.0,14261.0,177730.0,213.0,14542.0,14261.0,281.0,,False,277.8034467701228,0.7523304783649558,220.7189243424599,0.9650282622323608,351.4982450538682,0.7994350013239352,4
2022-07-18,14666.0,14535.0,14577.0,14650.0,195014.0,131.0,,,,,14666.0,14535.0,131.0,-2.0,True,263.82216612534916,0.49654660153824337,220.7189243424599,,330.49841219159504,0.39637104194030826,0
2022-07-19,14697.0,14533.0,14562.0,14678.0,150102.0,164.0,14716.0,14522.0,96526.0,194.0,14716.0,14522.0,194.0,-1.0,True,254.31529316103018,0.64486880816938,217.9343218055286,0.8901764457877078,317.4985634114431,0.6110263867512289,1
2022-07-20,14907.0,14696.0,14845.0,14712.0,122758.0,211.0,14844.0,14661.0,79418.0,183.0,14907.0,14661.0,246.0,0.0,True,250.190027145694,0.8433589556194727,214.6072435383354,0.8527205185751832,310.6891764198771,0.7917881235345845,2
2022-07-21,14771.0,14573.0,14600.0,14748.0,181454.0,198.0,,,,,14771.0,14573.0,198.0,1.0,True,245.2195483699136,0.8074397058317596,214.6072435383354,,299.95687390369835,0.6600948910527993,3
2022-07-22,14848.0,14725.0,14796.0,14751.0,181992.0,123.0,14855.0,14693.0,110414.0,162.0,14855.0,14693.0,162.0,,False,233.5795913823028,0.5265871015190033,209.12460277255354,0.7746577774791671,286.81812400810804,0.5648178634465248,4
2022-07-25,14845.0,14688.0,14750.0,14794.0,165268.0,157.0,,,,,14845.0,14688.0,157.0,,False,226.28629696494062,0.6938113447688111,209.12460277255354,,274.454493150193,0.5720438321047381,0
2022-07-26,14788.0,14650.0,14755.0,14705.0,184362.0,138.0,14850.0,14758.0,78388.0,92.0,14850.0,14650.0,200.0,,False,217.87807820637485,0.6333817570636268,196.91806848856532,0.4671993824951735,267.3635890406508,0.7480450150958714,1
2022-07-27,14800.0,14615.0,14670.0,14795.0,209186.0,185.0,14730.0,14581.0,91398.0,149.0,14800.0,14581.0,219.0,,False,214.74683266291058,0.861479527804704,192.35444291822577,0.7746116894390803,262.7575329415412,0.8334680172565158,2
2022-07-28,14949.0,14786.0,14922.0,14831.0,189924.0,163.0,14969.0,14774.0,83494.0,195.0,14969.0,14774.0,195.0,,False,209.81856288549054,0.7768616740023999,192.6064007355376,1.0124274128758004,256.3044345661564,0.7608139918845895,3
2022-07-29,14990.0,14870.0,14936.0,14938.0,188212.0,120.0,14933.0,14768.0,110204.0,165.0,14990.0,14768.0,222.0,,False,201.26441403925335,0.5962305883671812,189.97721971310543,0.8685251855415884,253.03734555985577,0.8773408506511783,4
2022-08-01,14940.0,14804.0,14921.0,14870.0,179596.0,136.0,,,,,14940.0,14804.0,136.0,,False,195.04875555932446,0.6972615621668775,189.97721971310543,,241.89093169701235,0.5622368686824144,0
2022-08-02,14778.0,14589.0,14767.0,14643.0,217840.0,189.0,14910.0,14758.0,106038.0,152.0,14910.0,14589.0,321.0,,False,194.47268360129357,0.9718588569872691,186.01929607054853,0.8171195312036522,249.42512867824928,1.2869593440766751,1
2022-08-03,14727.0,14594.0,14627.0,14669.0,195926.0,133.0,14756.0,14570.0,152646.0,186.0,14756.0,14570.0,186.0,,False,188.61814230593228,0.7051283528404095,186.01745834954392,0.9999061467149438,243.38464023270174,0.7642224251381028,2
2022-08-04,14722.0,14461.0,14686.0,14658.0,279218.0,261.0,14737.0,14605.0,89902.0,132.0,14737.0,14461.0,276.0,,False,195.51165256251016,1.334958794420458,180.8729385067302,0.7297940813577722,246.49086497244443,1.119716951907546,3
2022-08-05,15020.0,14777.0,14780.0,15009.0,189714.0,243.0,14751.0,14641.0,89892.0,110.0,15020.0,14641.0,379.0,,False,200.03435231846157,1.2147913455041743,174.12313483942256,0.6317368458903677,259.1107825941164,1.4626948219043583,4
2022-08-08,14987.0,14888.0,14937.0,14961.0,148800.0,99.0,,,,,14987.0,14888.0,99.0,,False,190.41203305003665,0.5199251245533663,174.12313483942256,,243.862136632772,0.4059670819217109,0
2022-08-09,15065.0,14853.0,14894.0,15016.0,179308.0,212.0,14973.0,14842.0,90282.0,131.0,15065.0,14842.0,223.0,,False,192.46802990241412,1.1014816336380076,169.62891234995422,0.7722740079223019,241.87526647726992,0.9219628085493243,1
2022-08-10,14945.0,14832.0,14874.0,14876.0,155414.0,113.0,15033.0,14895.0,86222.0,138.0,15033.0,14832.0,201.0,,False,184.8996461021842,0.611142327106191,166.6166349832919,0.8282486320398829,237.98238395562515,0.8446003299029016,2
2022-08-11,15191.0,15093.0,15115.0,15183.0,159192.0,98.0,15088.0,14854.0,110012.0,234.0,15191.0,14854.0,337.0,,False,176.6234893305476,0.5548525871131149,173.03409831821648,1.3523346107751828,247.41263310270847,1.3620969785326245,3
2022-08-12,15309.0,15200.0,15229.0,15272.0,128492.0,109.0,15332.0,15190.0,116276.0,142.0,15332.0,15190.0,142.0,,False,170.1831570133526,0.6404864142427904,170.07846990695776,0.8349087340548265,237.37333471197434,0.5982137807193083,4
2022-08-15,15432.0,15310.0,15369.0,15387.0,140986.0,122.0,,,,,15432.0,15310.0,122.0,-2.0,True,165.59428491684284,0.7367404017672786,170.07846990695776,,226.3853980727387,0.5389040151821136,0
2022-08-16,15450.0,15385.0,15390.0,15420.0,118674.0,65.0,15422.0,15332.0,66192.0,90.0,15450.0,15332.0,118.0,-1.0,True,156.01387682952446,0.41662960578195973,161.73282291913586,0.5564733142943948,216.06297920866834,0.5461370588898457,1
2022-08-17,15461.0,15396.0,15404.0,15452.0,86026.0,65.0,15447.0,15364.0,64108.0,83.0,15461.0,15364.0,97.0,0.0,True,147.34588856004595,0.4411388782898506,154.2344588315991,0.5381417397173451,204.72364785546182,0.4738094549218054,2
2022-08-18,15325.0,15224.0,15250.0,15315.0,138660.0,101.0,,,,,15325.0,15224.0,101.0,1.0,True,142.93199441147016,0.7066297536522365,154.2344588315991,,194.8452052025607,0.5183602023719321,3
2022-08-19,15406.0,15275.0,15308.0,15353.0,145146.0,131.0,15364.0,15276.0,75532.0,88.0,15406.0,15275.0,131.0,,False,141.79561399133016,0.9238649653014639,147.33161200547713,0.5972920461681269,188.76470946898348,0.6939856521301987,4
2022-08-22,15250.0,15156.0,15171.0,15175.0,127844.0,94.0,,,,,15250.0,15156.0,94.0,,False,137.2436507540606,0.684913287307164,147.33161200547713,,179.739499043366,0.5229790919653141,0
2022-08-23,15109.0,15022.0,15059.0,15028.0,137290.0,87.0,15196.0,15026.0,80972.0,170.0,15196.0,15022.0,174.0,,False,132.4585411584358,0.6568092871862291,149.69407427785916,1.1356494959476444,179.19288008685496,0.9710207231205952,1
2022-08-24,15120.0,14987.0,15080.0,15035.0,140574.0,133.0,15135.0,14993.0,95108.0,142.0,15135.0,14987.0,148.0,,False,132.5101086671562,1.0036970110263386,148.96130529901544,0.953267694015961,176.22212960239258,0.8398491173266958,2
2022-08-25,15225.0,15116.0,15130.0,15172.0,163432.0,109.0,15128.0,15033.0,77036.0,95.0,15225.0,15033.0,192.0,,False,130.27105069885562,0.8367169790621604,143.82213336577587,0.6605381089598434,177.72478392597424,1.0803220336448498,3
2022-08-26,15318.0,15228.0,15271.0,15241.0,125280.0,90.0,15297.0,15188.0,97026.0,109.0,15318.0,15188.0,130.0,,False,126.43571253705984,0.7118242005684897,140.50573971189246,0.7757690199952323,173.17956640921477,0.7506659284087617,4
2022-08-29,14898.0,14762.0,14832.0,14818.0,205642.0,136.0,,,,,14898.0,14762.0,136.0,,False,127.34659705733986,1.0679515836513778,140.50573971189246,,169.6386553226229,0.8017040676333582,0
2022-08-30,14994.0,14837.0,14850.0,14948.0,172092.0,157.0,14894.0,14805.0,90998.0,89.0,14994.0,14805.0,189.0,,False,130.17073067092653,1.2061083101461438,135.1378958709508,0.6585865454423684,171.48259291094453,1.1021526837896178,1
2022-08-31,15099.0,14826.0,14849.0,15037.0,217030.0,273.0,15013.0,14721.0,176556.0,292.0,15099.0,14721.0,378.0,,False,143.7735182260764,1.8988197782760081,150.0771438832412,1.9456660251155473,191.1509173956165,1.9774950868672545,2
2022-09-01,14842.0,14675.0,14841.0,14736.0,235392.0,167.0,15049.0,14906.0,144106.0,143.0,15049.0,14675.0,374.0,,False,145.9855641093072,1.1439487254709524,149.40313018007538,0.957141927532859,208.5651157388911,1.793204959875561,3
2022-09-02,14782.0,14584.0,14776.0,14597.0,184644.0,198.0,14820.0,14613.0,160808.0,207.0,14820.0,14584.0,236.0,,False,150.9393199084208,1.3117854255612935,154.88854635340152,1.336444849367353,211.17796185899672,1.11754085474874,4
2022-09-05,14719.0,14561.0,14590.0,14611.0,185056.0,158.0,,,,,14719.0,14561.0,158.0,,False,151.61176563142834,1.0421354790109205,154.88854635340152,,206.1133940629018,0.7665683286539907,0
2022-09-06,14770.0,14555.0,14720.0,14634.0,186342.0,215.0,14657.0,14604.0,42756.0,53.0,14770.0,14555.0,215.0,,False,157.64874033319708,1.363791423550792,144.26988891706688,0.3673670257725567,206.95973748548258,1.038849404295758,1
2022-09-07,14455.0,14331.0,14445.0,14359.0,198610.0,124.0,14680.0,14508.0,143148.0,172.0,14680.0,14331.0,349.0,,False,154.44409839670212,0.8028794967710323,146.91085187734623,1.1707780453386816,220.48738153448423,1.582857021436469,2
2022-09-08,14552.0,14389.0,14459.0,14548.0,176994.0,163.0,14499.0,14303.0,122466.0,196.0,14552.0,14303.0,249.0,,False,155.25894616844477,1.0498589873407793,151.5860088414085,1.2929953199378583,223.2028690073905,1.115577058248993,3
2022-09-12,14824.0,14731.0,14775.0,14794.0,147684.0,93.0,,,,,14824.0,14731.0,93.0,,False,149.329522723831,0.6227837490111957,151.5860088414085,,210.8025957685914,0.4411710380553889,0
2022-09-13,14928.0,14827.0,14884.0,14875.0,129112.0,101.0,14895.0,14797.0,73182.0,98.0,14928.0,14797.0,131.0,,False,144.72671103584707,0.6978670300535159,146.00136275868107,0.6712266115075904,203.20234855253508,0.6446775882914159,1
2022-09-14,14641.0,14443.0,14458.0,14577.0,177298.0,198.0,14938.0,14457.0,180978.0,481.0,14938.0,14443.0,495.0,,False,149.80035760386164,1.321759194484699,177.90599487690193,2.7036750522814996,230.99260107134126,2.142925780757458,2
2022-09-15,14715.0,14562.0,14578.0,14642.0,154568.0,153.0,14653.0,14517.0,131842.0,136.0,14715.0,14517.0,198.0,,False,150.10508545111293,1.0192859191957884,173.91494774576842,0.7819914375549072,227.8504485883564,0.8689910475344932,3
2022-09-16,14527.0,14465.0,14500.0,14483.0,147056.0,62.0,14671.0,14502.0,149312.0,169.0,14671.0,14465.0,206.0,,False,141.7141249319593,0.43750049636737226,173.44685748426667,0.9743618446089746,225.7694534847034,0.912435215749668,4
2022-09-19,14579.0,14406.0,14550.0,14420.0,153866.0,173.0,,,,,14579.0,14406.0,173.0,-2.0,True,144.6937320812965,1.1956288466096068,173.44685748426667,,220.74379124806498,0.7837140017477909,0
2022-09-20,14569.0,14464.0,14548.0,14561.0,132784.0,105.0,14541.0,14361.0,102928.0,180.0,14569.0,14361.0,208.0,-1.0,True,140.91337664498255,0.7451386270058464,174.1298152650627,1.0337115428854136,219.53009684348737,0.9474782865344077,1
2022-09-21,14520.0,14392.0,14476.0,14402.0,87826.0,128.0,14597.0,14425.0,101370.0,172.0,14597.0,14392.0,205.0,0.0,True,139.6835312502223,0.9163571313980243,173.9269757160091,0.9889207771935533,218.14627809648857,0.9397364089307367,2
2022-09-22,14250.0,14088.0,14225.0,14242.0,208290.0,162.0,,,,,14250.0,14088.0,162.0,1.0,True,141.8089092263916,1.1423823854492403,173.9269757160091,,212.79901351587063,0.7612817245880605,3
2022-09-23,14229.0,14056.0,14212.0,14119.0,173458.0,173.0,14324.0,14185.0,142734.0,139.0,14324.0,14056.0,268.0,,False,144.77948930006858,1.1949206399080596,170.28694350739278,0.8162692754771624,218.05625032388295,1.2290406700194774,4
2022-09-26,13953.0,13740.0,13916.0,13758.0,229274.0,213.0,,,,,13953.0,13740.0,213.0,,False,151.27668079530014,1.4080160860233355,170.28694350739278,,217.57470267398932,0.9789741058231205,0
2022-09-27,13861.0,13735.0,13843.0,13818.0,189574.0,126.0,13882.0,13763.0,150180.0,119.0,13882.0,13735.0,147.0,,False,148.8693778624144,0.8463795698565331,164.9419022485578,0.7214661549172263,210.85330241932368,0.6971671693700168,1
2022-09-28,13849.0,13486.0,13796.0,13515.0,288734.0,363.0,13910.0,13742.0,149288.0,168.0,13910.0,13486.0,424.0,,False,169.26277044694638,2.1445944612715557,165.23314965345705,1.0167451286400209,231.1529879031976,1.834283016828504,2
2022-09-29,13672.0,13471.0,13658.0,13524.0,229370.0,201.0,13693.0,13423.0,197244.0,270.0,13693.0,13423.0,270.0,,False,172.2853637377134,1.1666690404763673,175.21094492455637,1.5409996225764242,234.8527033409883,1.1496567685149466,3
2022-09-30,13458.0,13298.0,13356.0,13395.0,240052.0,160.0,13493.0,13291.0,190556.0,202.0,13493.0,13291.0,202.0,,False,171.11532909602641,0.9350418857577119,177.76228350317004,1.136349038835326,231.7238744513704,0.8717271816650544,4
2022-10-03,13444.0,13215.0,13248.0,13303.0,220556.0,229.0,,,,,13444.0,13215.0,229.0,,False,176.62815489640485,1.2965090425946648,177.76228350317004,,231.46445783695415,0.9893527591234325,0
2022-10-04,13615.0,13489.0,13530.0,13597.0,183038.0,126.0,13502.0,13283.0,135390.0,219.0,13615.0,13283.0,332.0,,False,171.806425858652,0.7333835121141644,182.06001078075528,1.2029000715798566,241.03927137629185,1.377368916294587,1
2022-10-05,13884.0,13721.0,13740.0,13820.0,232850.0,163.0,13829.0,13593.0,133394.0,236.0,13884.0,13593.0,291.0,,False,170.9677186340185,0.9533963563549995,187.19715261115954,1.2607029364929088,245.7974360071212,1.1839016904617718,2
2022-10-06,13957.0,13814.0,13932.0,13869.0,179132.0,143.0,13865.0,13667.0,159186.0,198.0,13957.0,13667.0,290.0,,False,168.3041263831596,0.8496523708185713,188.22599521962053,1.051926965608418,250.007204006443,1.159966574373298,3
2022-10-07,13818.0,13683.0,13781.0,13689.0,162084.0,135.0,13846.0,13734.0,142736.0,112.0,13846.0,13683.0,163.0,,False,165.13230482285869,0.8175262868450706,180.9663766272757,0.6188994999368246,241.720803624877,0.6743316982056593,4
2022-10-11,13297.0,13081.0,13251.0,13091.0,261578.0,216.0,,,,,13297.0,13081.0,216.0,,False,169.97684722068166,1.2707613038590266,180.9663766272757,,239.27120327965062,0.902741312114972,1
2022-10-12,13140.0,12975.0,13049.0,13076.0,221518.0,165.0,13155.0,12952.0,189636.0,203.0,13155.0,12952.0,203.0,,False,169.50286177109294,0.9734348923431518,183.26268477033878,1.1076995857306993,235.81680296730295,0.8608377242233534,2
2022-10-13,13085.0,12805.0,13032.0,12868.0,249706.0,280.0,13120.0,13005.0,122988.0,115.0,13120.0,12805.0,315.0,,False,180.02639874527455,1.5553274517043552,176.76147669697318,0.6505942479601905,243.3580598275598,1.2943890176606632,3
2022-10-14,13249.0,13074.0,13150.0,13166.0,200646.0,175.0,13168.0,12666.0,348584.0,502.0,13249.0,12666.0,583.0,,False,179.54769410286744,0.9746713867555328,207.7365741544043,2.4165219920632683,275.7049112725541,2.114579668926037,4
2022-10-17,13009.0,12821.0,12964.0,12981.0,237058.0,188.0,,,,,13009.0,12821.0,188.0,-2.0,True,180.35267561688008,1.0424020567311405,207.7365741544043,,267.3520625799299,0.7031926299195611,0
2022-10-18,13182.0,12992.0,13158.0,13103.0,219436.0,190.0,13152.0,12942.0,137076.0,210.0,13182.0,12942.0,240.0,-1.0,True,181.27146841527244,1.0481517122415067,207.97246468918104,1.009749056510193,264.7471042389842,0.9065254960573799,1
2022-10-19,13168.0,12967.0,13125.0,12998.0,131816.0,201.0,13191.0,12955.0,194952.0,236.0,13191.0,12955.0,236.0,0.0,True,183.1503761852465,1.097458843309716,210.6417537664019,1.1203856584944691,262.0092847876524,0.9007314385490887,2
2022-10-20,12916.0,12662.0,12815.0,12900.0,275074.0,254.0,,,,,12916.0,12662.0,254.0,1.0,True,189.89795940569923,1.337560449806376,210.6417537664019,,261.24649576025695,0.9722618451238214,3
2022-10-21,12948.0,12794.0,12922.0,12805.0,215846.0,154.0,13078.0,12851.0,195224.0,227.0,13078.0,12794.0,284.0,,False,186.47910612896595,0.8258297843485805,212.34658339868756,1.0690070749751608,263.413496164042,1.0781528058954795,4
2022-10-24,13126.0,12864.0,13100.0,12883.0,240634.0,262.0,,,,,13126.0,12864.0,262.0,,False,193.67157221192159,1.3528056648051128,212.34658339868756,,263.27887748175226,0.9951424987299222,0
2022-10-25,12946.0,12652.0,12895.0,12682.0,292888.0,294.0,12936.0,12781.0,189904.0,155.0,12946.0,12652.0,294.0,,False,203.22666057269095,1.446660586615509,206.37001639435783,0.7510781009185291,266.20469867396633,1.10441326341905,1
2022-10-26,12833.0,12664.0,12722.0,12739.0,217792.0,169.0,12850.0,12669.0,133328.0,181.0,12850.0,12664.0,186.0,,False,199.96697861338706,0.8451395383971965,203.95382435679994,0.887455778634265,258.5661559431124,0.7193516851483154,2
2022-10-27,12984.0,12878.0,12883.0,12956.0,195308.0,106.0,12931.0,12755.0,162074.0,176.0,12984.0,12755.0,229.0,,False,191.01774255496923,0.5549222736180978,201.29155537043803,0.8743536194357789,255.7503315675779,0.8954045087503257,3
2022-10-28,12915.0,12745.0,12855.0,12764.0,194264.0,170.0,12975.0,12844.0,155136.0,131.0,12975.0,12745.0,230.0,,False,189.0160527878293,0.8993945090517003,194.5971215256344,0.6731857027121714,253.29791903733238,0.9080216721642368,4
2022-10-31,12997.0,12836.0,12880.0,12943.0,176738.0,161.0,,,,,12997.0,12836.0,161.0,,False,186.3478572842265,0.8639755903092314,194.5971215256344,,244.5076410337769,0.658466129399036,0
2022-11-01,13095.0,12934.0,12960.0,13031.0,181846.0,161.0,12946.0,12858.0,90778.0,88.0,13095.0,12858.0,237.0,,False,183.9337756381097,0.8753150390212618,183.48774409616382,0.479596064758855,243.79262760198864,0.9721376824688966,1
2022-11-02,13103.0,13015.0,13033.0,13083.0,132282.0,88.0,13107.0,12991.0,126572.0,116.0,13107.0,12991.0,116.0,,False,174.79722557733734,0.5034404848780923,177.06033989652917,0.6551438908780378,231.62190116370402,0.5008161983698354,2
2022-11-03,12983.0,12854.0,12883.0,12958.0,148252.0,129.0,13140.0,12860.0,168442.0,280.0,13140.0,12854.0,286.0,,False,170.43558504616234,0.7568841915557742,186.8641170492407,1.4984150216823973,236.80076771954174,1.2077663546206407,3
2022-11-04,13039.0,12850.0,12880.0,13030.0,164754.0,189.0,12948.0,12819.0,133096.0,129.0,13039.0,12819.0,220.0,,False,172.20362456557547,1.0975378739953783,181.35324875883683,0.7113189362907082,235.2006946033949,0.9353713872783116,4
2022-11-07,13265.0,13096.0,13156.0,13224.0,191052.0,169.0,,,,,13265.0,13096.0,169.0,,False,171.8985174640921,0.9831382055712169,181.35324875883683,,228.89586654592873,0.738327006731201,0
2022-11-08,13390.0,13298.0,13312.0,13334.0,149028.0,92.0,13297.0,13194.0,95574.0,103.0,13390.0,13194.0,196.0,,False,164.28913484846427,0.5599883405853847,173.18740149364788,0.5947314822653413,225.76292687488788,0.8681673413483794,1
2022-11-09,13613.0,13438.0,13467.0,13595.0,174844.0,175.0,13493.0,13319.0,126176.0,174.0,13613.0,13319.0,294.0,,False,165.30921724384862,1.0586221562095746,173.26479182758618,1.0042432635312628,232.26169574394618,1.2658135430308595,2
2022-11-10,13565.0,13461.0,13543.0,13477.0,141986.0,104.0,13657.0,13478.0,136880.0,179.0,13657.0,13461.0,196.0,,False,159.4702441730059,0.6521592823747896,173.81100212972083,1.0298542543722662,228.8082009111894,0.8566126529532754,3
2022-11-11,14062.0,13896.0,13965.0,14060.0,223766.0,166.0,13965.0,13410.0,211458.0,555.0,14062.0,13410.0,652.0,,False,160.09212568033868,1.0369029663048999,210.11471621260455,2.6414142236397344,269.1121817767904,2.4227814426505154,4
2022-11-14,14195.0,14080.0,14159.0,14127.0,186584.0,115.0,,,,,14195.0,14080.0,115.0,-2.0,True,155.79763752030644,0.7381369950812705,210.11471621260455,,254.4348311313818,0.4519821421015182,0
2022-11-15,14575.0,14212.0,14237.0,14530.0,249198.0,363.0,14216.0,14121.0,90498.0,95.0,14575.0,14121.0,454.0,-1.0,True,175.53119585170583,2.068008471307138,198.1176490142686,0.47951305940016486,273.44103769029783,1.6603213761725302,1
2022-11-16,14652.0,14451.0,14620.0,14499.0,146486.0,201.0,14810.0,14533.0,158506.0,277.0,14810.0,14451.0,359.0,0.0,True,177.95679624678147,1.1294876298023673,205.63025387005254,1.347078043170872,281.58951029122187,1.2749054452657689,2
2022-11-17,14545.0,14357.0,14471.0,14513.0,177016.0,188.0,,,,,14545.0,14357.0,188.0,1.0,True,178.9132918423261,1.05078833475202,205.63025387005254,,272.6762235968198,0.6894623870029005,3
2022-11-18,14681.0,14437.0,14551.0,14460.0,228580.0,244.0,14563.0,14347.0,173698.0,216.0,14681.0,14347.0,334.0,,False,185.11202595258075,1.3181207365884715,206.71097182900488,1.044937276859591,278.5165832542655,1.199210460280141,4
2022-11-21,14517.0,14411.0,14492.0,14428.0,160446.0,106.0,,,,,14517.0,14411.0,106.0,,False,177.5775472904302,0.5969223115050448,206.71097182900488,,262.086432468145,0.4044467277522412,0
2022-11-22,14529.0,14364.0,14457.0,14505.0,176610.0,165.0,14463.0,14382.0,66606.0,81.0,14529.0,14364.0,165.0,,False,176.37968564372255,0.9354818804547089,193.60958022399691,0.41836772698069447,252.84010556641692,0.6525863435722116,1
2022-11-23,14642.0,14543.0,14615.0,14600.0,153942.0,99.0,14609.0,14480.0,82548.0,129.0,14642.0,14480.0,162.0,,False,169.01019177289183,0.585763491310818,187.45628686933054,0.6881604354508609,244.1886669410439,0.6634214520656389,2
2022-11-24,14789.0,14656.0,14690.0,14775.0,154834.0,133.0,14699.0,14594.0,77150.0,105.0,14789.0,14594.0,195.0,,False,165.58064969928307,0.8032339542183585,179.60330716748953,0.5846217514362471,239.5040319942778,0.8141825353681683,3
2022-11-25,14798.0,14703.0,14769.0,14703.0,136680.0,95.0,14827.0,14756.0,42318.0,71.0,14827.0,14703.0,124.0,,False,158.8586830612561,0.5980157846541374,169.26013505630004,0.41947266541163797,228.50364799482276,0.5426609206817105,4
2022-11-28,14588.0,14433.0,14550.0,14475.0,212856.0,155.0,,,,,14588.0,14433.0,155.0,,False,158.49118943637455,0.9779723437700865,169.26013505630004,,221.5033005667444,0.6997638391997445,0
2022-11-29,14678.0,14431.0,14470.0,14658.0,183972.0,247.0,14596.0,14405.0,89432.0,191.0,14678.0,14405.0,273.0,,False,166.92059996624366,1.479745460116671,171.5258281769834,1.1135349237487593,226.40774813181636,1.205789122733809,1
2022-11-30,14838.0,14619.0,14640.0,14800.0,203572.0,219.0,14693.0,14563.0,93524.0,130.0,14838.0,14563.0,275.0,,False,171.8805428266014,1.2741407281971073,167.57098739822308,0.7757906187606466,231.03558164307194,1.190292845994817,2
2022-12-01,15119.0,14927.0,15030.0,14977.0,218884.0,192.0,15039.0,14713.0,130016.0,326.0,15119.0,14713.0,406.0,,False,173.79668160502032,1.1047391597288925,182.6594647888685,1.784741898684611,247.69885958182698,1.6390870780972588,3
2022-12-02,14959.0,14842.0,14860.0,14886.0,140362.0,117.0,14996.0,14853.0,116892.0,143.0,14996.0,14842.0,154.0,,False,168.38747383311363,0.694826030325492,178.88237290421435,0.7994080002313689,238.77515866927203,0.6449582144904182,4
2022-12-05,15046.0,14880.0,14898.0,14935.0,158962.0,166.0,,,,,15046.0,14880.0,166.0,,False,168.1600953728171,0.9871545305202873,178.88237290421435,,231.8441911769604,0.715998098366401,0
2022-12-06,14894.0,14672.0,14874.0,14675.0,184906.0,222.0,14951.0,14790.0,91588.0,161.0,14951.0,14672.0,279.0,,False,173.2877053373107,1.281106467235336,177.01870128640542,0.9095084238558041,236.33522058867845,1.1805265389773452,1
2022-12-07,14780.0,14594.0,14603.0,14625.0,213792.0,186.0,14719.0,14568.0,98532.0,151.0,14780.0,14568.0,212.0,,False,174.49840006709064,1.0659123517951297,174.5407297353192,0.8651275849996884,234.01758053261383,0.9059148441646871,2
2022-12-08,14570.0,14413.0,14567.0,14496.0,199148.0,157.0,14637.0,14517.0,128118.0,120.0,14637.0,14413.0,224.0,,False,172.83188577498677,0.9083971935849927,169.34637452243166,0.7086068440402589,233.06352524379346,0.9611113526481131,3
2022-12-09,14722.0,14572.0,14636.0,14707.0,175400.0,150.0,14669.0,14509.0,98816.0,160.0,14722.0,14509.0,213.0,,False,170.65742046308327,0.8789538690610181,168.4562436155334,0.9498015423231624,231.15271331581314,0.9214687422205945,4
2022-12-12,14650.0,14485.0,14649.0,14581.0,174198.0,165.0,,,,,14650.0,14485.0,165.0,,False,170.11861851421818,0.9699114737768084,168.4562436155334,,224.85245490478331,0.7338145366029977,0
2022-12-13,14687.0,14496.0,14660.0,14519.0,171810.0,191.0,14685.0,14536.0,78300.0,149.0,14687.0,14496.0,191.0,,False,172.10732151286408,1.1097726599953146,166.4285457697458,0.8952791079851277,221.62841158051825,0.8618028647045063,1
2022-12-14,14732.0,14576.0,14609.0,14710.0,175460.0,156.0,14777.0,14505.0,223118.0,272.0,14777.0,14505.0,272.0,,False,170.5732908925913,0.9145628790044978,176.48296998215096,1.5412251959920518,226.42570571570698,1.2012770331894855,2
2022-12-15,14750.0,14607.0,14658.0,14708.0,175908.0,143.0,14745.0,14518.0,125306.0,227.0,14750.0,14518.0,232.0,,False,167.94726318853498,0.8514577569476106,181.29411569813658,1.2521090335770517,226.95659088563966,1.022221910783378,3
2022-12-16,14550.0,14411.0,14440.0,14461.0,201976.0,139.0,14702.0,14408.0,135318.0,294.0,14702.0,14408.0,294.0,,False,165.19038098010307,0.8414533532478646,192.02800944117118,1.531026649995393,233.3416774679597,1.2599549432842718,4
2022-12-19,14485.0,14362.0,14405.0,14404.0,129898.0,123.0,,,,,14485.0,14362.0,123.0,-2.0,True,161.1722494581885,0.7631586728701011,192.02800944117118,,222.83294628053497,0.5519830081371785,0
2022-12-20,14442.0,14121.0,14366.0,14154.0,217786.0,321.0,14492.0,14331.0,81608.0,161.0,14492.0,14121.0,371.0,-1.0,True,176.39393998598007,1.8197904079103473,188.79432111231463,0.8527798879301054,236.94409425381735,1.5657701921980818,1
2022-12-21,14278.0,14175.0,14210.0,14219.0,90692.0,103.0,14255.0,14153.0,86320.0,102.0,14278.0,14153.0,125.0,0.0,True,169.40404093969624,0.6080138314803571,180.52819529209418,0.5650086948189131,226.28275194392998,0.5524062215354948,2
2022-12-22,14396.0,14285.0,14311.0,14377.0,143894.0,111.0,,,,,14396.0,14285.0,111.0,1.0,True,163.84175132639183,0.6774829925912784,180.52819529209418,,215.30344223498426,0.5155514414806872,3
2022-12-23,14237.0,14125.0,14168.0,14190.0,145838.0,112.0,14404.0,14090.0,130212.0,314.0,14404.0,14090.0,314.0,,False,158.90444167625927,0.7048261132195469,194.43840818969232,1.6149072753859643,224.703114403081,1.3973994122606368,4
2022-12-26,14254.0,14192.0,14196.0,14245.0,70624.0,62.0,,,,,14254.0,14192.0,62.0,,False,149.67544723090126,0.4142295957489532,194.43840818969232,,209.20757969802568,0.29635637527804687,0
2022-12-27,14392.0,14278.0,14295.0,14303.0,130652.0,114.0,14264.0,14225.0,13588.0,39.0,14392.0,14225.0,167.0,,False,146.27778558986304,0.7793391152340504,178.23887185230504,0.21880748904378594,205.1878102029756,0.8138885045598006,1
2022-12-28,14195.0,14070.0,14190.0,14110.0,169162.0,125.0,14320.0,14214.0,69894.0,106.0,14320.0,14070.0,250.0,,False,144.2513298193999,0.8665431379835304,171.35897929494266,0.6185844502350417,209.45563780269222,1.1935701641772025,2
2022-12-29,14072.0,13938.0,13960.0,14032.0,156854.0,134.0,14168.0,13976.0,98930.0,192.0,14168.0,13938.0,230.0,,False,143.27501269374275,0.9352642689094117,173.3247907906624,1.1077469017798676,211.41224372624535,1.0879218532765003,3
2022-12-30,14213.0,14127.0,14193.0,14134.0,122730.0,86.0,14221.0,14031.0,82592.0,190.0,14221.0,14031.0,190.0,,False,137.82024958005297,0.6240011918571288,174.91290595345646,1.0862548933385061,209.3729824189839,0.9074714311504819,4
2023-01-03,14247.0,13952.0,14050.0,14230.0,229202.0,295.0,,,,,14247.0,13952.0,295.0,,False,152.78974962004793,1.9307577945090912,174.91290595345646,,217.52793647431875,1.356147650648208,1
2023-01-04,14271.0,14181.0,14205.0,14208.0,139000.0,90.0,14315.0,14146.0,142264.0,169.0,14315.0,14146.0,169.0,,False,146.80977346575764,0.6130382049870261,174.29667257865455,0.9696111664078708,212.90622823866934,0.7937766846846295,2
2023-01-05,14375.0,14239.0,14324.0,14289.0,155236.0,136.0,14350.0,14203.0,130406.0,147.0,14375.0,14203.0,172.0,,False,145.78027123092357,0.9329108723125428,171.69698947592553,0.8561594495552386,209.0103969778437,0.8229255696702638,3
2023-01-06,14403.0,14275.0,14278.0,14364.0,156936.0,128.0,14330.0,14223.0,99838.0,107.0,14403.0,14223.0,180.0,,False,144.08691206607372,0.888352718262872,165.5353714305993,0.6463875308055218,206.24750202757286,0.8727378427882055,4
2023-01-09,14770.0,14582.0,14618.0,14769.0,159798.0,188.0,,,,,14770.0,14582.0,188.0,,False,148.26911091692384,1.2679647084775307,165.5353714305993,,204.50964469161354,0.9192720484331731,0
2023-01-10,14829.0,14735.0,14745.0,14808.0,137908.0,94.0,14902.0,14731.0,118088.0,171.0,14902.0,14731.0,171.0,,False,143.1006241629311,0.6568804332605408,166.10488607058647,1.0294700176810774,201.3182499590789,0.849401383306076,1
2023-01-11,14884.0,14746.0,14855.0,14792.0,124514.0,138.0,14874.0,14783.0,95052.0,91.0,14884.0,14746.0,138.0,,False,142.61485043312814,0.9676411648638791,158.95203977814967,0.5724997309063115,195.28794043916665,0.7066488575262937,2
2023-01-12,14840.0,14709.0,14825.0,14768.0,136382.0,131.0,14872.0,14713.0,81652.0,159.0,14872.0,14709.0,163.0,,False,141.50867420140165,0.9257383036007728,158.9566074183259,1.0002729838185331,192.21289849257934,0.8480180116855833,3
2023-01-13,15016.0,14822.0,15000.0,14833.0,160764.0,194.0,15020.0,14720.0,207076.0,300.0,15020.0,14720.0,300.0,,False,146.50784808698245,1.3241611458576692,172.3893114737234,1.74024710369429,202.47833673138132,1.4816399860000637,4
2023-01-16,15004.0,14916.0,14935.0,14936.0,125866.0,88.0,,,,,15004.0,14916.0,88.0,,False,140.93567207869842,0.6243983421802597,172.3893114737234,,191.57563799505928,0.45934859422088686,0
2023-01-17,14969.0,14906.0,14923.0,14925.0,101204.0,63.0,14959.0,14884.0,39664.0,75.0,14969.0,14884.0,85.0,,False,133.51322711882239,0.47186336035404247,162.23955692807482,0.4622793689781187,181.42557723362506,0.4685116690605533,1
2023-01-30,15532.0,15349.0,15450.0,15459.0,107292.0,183.0,,,,,15532.0,15349.0,183.0,,False,138.22625310750595,1.3239163754056988,162.23955692807482,,181.5755222589941,1.0078450978594684,0
2023-01-31,15456.0,15265.0,15449.0,15268.0,145854.0,191.0,15498.0,15406.0,65138.0,92.0,15498.0,15265.0,233.0,,False,143.25232424012444,1.333311700268397,154.91930533755587,0.5938575557096638,186.47309156766133,1.2495100394442513,1
2023-02-01,15402.0,15297.0,15350.0,15381.0,122724.0,105.0,15393.0,15228.0,87802.0,165.0,15402.0,15228.0,174.0,,False,139.60924574106497,0.7520991854274811,155.87937149588387,1.0585108113831276,185.28517808502693,0.9390929258256795,2
2023-02-02,15600.0,15468.0,15549.0,15581.0,150686.0,132.0,15552.0,15330.0,116842.0,222.0,15600.0,15330.0,270.0,,False,138.88455567048734,0.9504296526186727,162.1765742105616,1.3688783418976824,193.3532563626434,1.3964078240999567,3
2023-02-03,15629.0,15488.0,15581.0,15579.0,143498.0,141.0,15668.0,15553.0,105492.0,115.0,15668.0,15488.0,180.0,,False,139.08602655901237,1.0137610764239897,157.68356714288907,0.729308716714848,192.08151766143928,0.9371021334664066,4
2023-02-06,15505.0,15391.0,15504.0,15405.0,150616.0,114.0,,,,,15505.0,15391.0,114.0,,False,136.69688117243976,0.8339619676925313,157.68356714288907,,184.64518264606411,0.6174003478797502,0
2023-02-07,15447.0,15366.0,15383.0,15396.0,130094.0,81.0,15413.0,15307.0,88124.0,106.0,15447.0,15307.0,140.0,,False,131.39241629887408,0.6164739357235954,152.29719041832,0.6960075869347694,180.3932604892961,0.7760822085052734,1
2023-02-08,15624.0,15474.0,15475.0,15604.0,143462.0,150.0,15508.0,15332.0,118674.0,176.0,15624.0,15332.0,292.0,,False,133.16456712755274,1.1264257695241204,154.5546008546705,1.1387561355452296,191.0224737760298,1.528615948835237,2
2023-02-09,15608.0,15530.0,15549.0,15601.0,112980.0,78.0,15627.0,15506.0,87690.0,121.0,15627.0,15506.0,121.0,,False,127.91079882969058,0.6097999599224978,151.35892458279713,0.799424284583959,184.35366674974125,0.6563471295868316,3
2023-02-10,15598.0,15520.0,15596.0,15575.0,166538.0,78.0,15743.0,15552.0,109816.0,191.0,15743.0,15520.0,223.0,,False,123.15738941733909,0.6333359319243457,155.13426509872122,1.2311915738180426,188.03426991643255,1.1859540290134727,4
2023-02-13,15547.0,15431.0,15510.0,15533.0,155404.0,116.0,,,,,15547.0,15431.0,116.0,-2.0,True,122.47573328235441,0.9471263971335014,155.13426509872122,,181.1738632577247,0.6402689544406683,0
2023-02-14,15682.0,15588.0,15633.0,15661.0,125374.0,94.0,15661.0,15524.0,71590.0,137.0,15682.0,15524.0,158.0,-1.0,True,119.76375868403494,0.7848785060929341,153.24434168892893,0.893997119176489,178.96682866175092,0.8828451684676246,1
2023-02-15,15533.0,15360.0,15495.0,15361.0,118832.0,173.0,15741.0,15592.0,149702.0,149.0,15741.0,15360.0,381.0,0.0,True,124.83387690460304,1.3858417625866501,152.8401186709357,0.9748749300620246,198.2080830749175,1.9222223134865388,2
2023-02-16,15599.0,15451.0,15458.0,15546.0,163276.0,148.0,15426.0,15338.0,92104.0,88.0,15599.0,15338.0,261.0,1.0,True,127.0401743422599,1.1649858067832313,146.66486927370374,0.6000073530613234,204.18826563921107,1.2782321216302017,3
2023-02-17,15475.0,15384.0,15428.0,15433.0,142412.0,91.0,15569.0,15407.0,123066.0,162.0,15569.0,15384.0,185.0,,False,123.6077767858542,0.7361996337629635,148.12535791430338,1.093668243446363,202.36081176881,0.9142086275644905,4
2023-02-20,15555.0,15367.0,15386.0,15522.0,141540.0,188.0,,,,,15555.0,15367.0,188.0,,False,129.74036947291572,1.4490478234628923,148.12535791430338,,200.9931154098757,0.9353554205905039,0
2023-02-21,15547.0,15471.0,15486.0,15528.0,114434.0,76.0,15532.0,15484.0,33746.0,48.0,15547.0,15471.0,76.0,,False,124.62223904692374,0.6098429989801731,137.69045708948764,0.3486080372934189,189.08900918036375,0.4019271153275065,1
2023-02-22,15415.0,15306.0,15353.0,15377.0,160900.0,109.0,15534.0,15371.0,91716.0,163.0,15534.0,15306.0,228.0,,False,123.13440675674052,0.8852115576057966,140.10088974763167,1.1634472864063694,192.79481782985292,1.182604400711728,2
2023-02-23,15656.0,15433.0,15435.0,15597.0,184362.0,223.0,15447.0,15344.0,94598.0,103.0,15656.0,15344.0,312.0,,False,132.64541563705095,1.6811738191554275,136.56747167642865,0.7542059520882062,204.14769232224788,1.5283052992218342,3
2023-02-24,15684.0,15526.0,15642.0,15542.0,153336.0,158.0,15699.0,15561.0,110750.0,138.0,15699.0,15526.0,173.0,,False,135.06013795733182,1.1698492418978228,136.70390294534022,1.009481053771947,201.18124543441473,0.8599211105709064,4
2023-03-01,15555.0,15333.0,15381.0,15544.0,165106.0,222.0,,,,,15555.0,15333.0,222.0,,False,143.3401248185383,1.548763825070205,136.70390294534022,,203.16398396447048,1.092713362220853,2
2023-03-02,15618.0,15435.0,15596.0,15542.0,162962.0,183.0,15594.0,15488.0,91064.0,106.0,15618.0,15435.0,183.0,,False,147.1172557882013,1.2439057472867603,133.50399246468442,0.7939837456774186,201.2436045392828,0.9093456679975057,3
2023-03-03,15670.0,15568.0,15612.0,15619.0,162904.0,102.0,15646.0,15505.0,85804.0,141.0,15670.0,15505.0,165.0,,False,142.8203742845631,0.7141838166364811,134.21789794423827,1.0505305340021,197.79183267839875,0.8342103805078903,4
2023-03-06,15834.0,15692.0,15730.0,15774.0,177002.0,142.0,,,,,15834.0,15692.0,142.0,,False,142.74224340031898,0.9948001139491877,134.21789794423827,,192.47832480426553,0.7377454066290436,0
2023-03-07,15894.0,15750.0,15786.0,15873.0,132112.0,144.0,15831.0,15748.0,59016.0,83.0,15894.0,15748.0,146.0,,False,142.86202974314574,1.007965519311886,128.88005250091814,0.6440096693738444,188.05181768004977,0.7763817537164333,1
2023-03-08,15809.0,15721.0,15725.0,15785.0,150266.0,88.0,15883.0,15719.0,103762.0,164.0,15883.0,15719.0,164.0,,False,137.6370745295128,0.6393626157836609,132.2248094055926,1.240311865354547,185.7611683771879,0.8828540508907553,2
2023-03-09,15862.0,15751.0,15855.0,15767.0,125892.0,111.0,15866.0,15777.0,86726.0,89.0,15866.0,15751.0,115.0,,False,135.10021028860683,0.8216123406682866,128.10816089077426,0.6947254521582111,179.02200948412238,0.6423791148998328,3
2023-03-10,15624.0,15452.0,15618.0,15484.0,199652.0,172.0,15798.0,15616.0,123516.0,182.0,15798.0,15452.0,346.0,,False,138.61447597540618,1.2408516411411263,133.24071699641482,1.3659488188201296,194.92467524753928,1.7750446399903281,4
2023-03-13,15540.0,15345.0,15450.0,15520.0,220546.0,195.0,,,,,15540.0,15345.0,195.0,-2.0,True,143.98452588251035,1.354312199903465,133.24071699641482,,194.93184903348794,1.0003496143234158,0
2023-03-14,15428.0,15310.0,15358.0,15352.0,183320.0,118.0,15563.0,15355.0,188078.0,208.0,15563.0,15310.0,253.0,-1.0,True,141.5098091317951,0.8338644559268733,141.03200703649068,1.4748425153318707,200.4621491255367,1.2620836457338496,1
2023-03-15,15475.0,15316.0,15402.0,15328.0,110416.0,159.0,15496.0,15338.0,108954.0,158.0,15496.0,15316.0,180.0,0.0,True,143.17554159543366,1.1105248719734617,142.6480063663487,1.1076215085279515,198.51337301834275,0.9067399201532277,2
2023-03-16,15305.0,15150.0,15194.0,15227.0,230734.0,155.0,15349.0,15068.0,200002.0,281.0,15349.0,15068.0,281.0,1.0,True,144.30168049110665,1.0741385649320465,155.82438671241073,1.803312086949607,206.36924225469104,1.3616370197900094,3
2023-03-17,15418.0,15298.0,15310.0,15403.0,183574.0,120.0,15356.0,15162.0,150158.0,194.0,15418.0,15162.0,256.0,,False,141.98723473004887,0.8451463980416847,159.46015940646686,1.2166048292068394,211.0959810875776,1.2127184927021089,4
2023-03-20,15477.0,15352.0,15454.0,15373.0,159292.0,125.0,,,,,15477.0,15352.0,125.0,,False,140.3694028509966,0.890507457189147,159.46015940646686,,202.89636384114164,0.6160780687911646,0
2023-03-21,15517.0,15425.0,15464.0,15455.0,146480.0,92.0,15451.0,15211.0,142256.0,240.0,15517.0,15211.0,306.0,,False,135.7627930556636,0.6776525285707655,167.85388969164896,1.4298149446574335,212.7157577610329,1.4385394068631416,1
2023-03-22,15725.0,15568.0,15589.0,15712.0,158728.0,157.0,15584.0,15457.0,103958.0,127.0,15725.0,15457.0,268.0,,False,137.78538419321944,1.1394532222651097,163.96304305434907,0.7745647899319795,217.9809236885536,1.2294653837824479,2
2023-03-23,15866.0,15683.0,15695.0,15837.0,175616.0,183.0,15844.0,15654.0,142466.0,190.0,15866.0,15654.0,212.0,,False,142.0915380795795,1.2879021683719787,166.44275323964916,1.1415336282405304,217.41131190869135,0.975110255942138,3
2023-03-24,15923.0,15806.0,15878.0,15912.0,145006.0,117.0,15979.0,15798.0,141666.0,181.0,15979.0,15798.0,181.0,,False,139.70186778628621,0.8374977504165142,167.8291576930159,1.0784776762752721,213.9435679173874,0.8460174884523366,4
2023-03-27,15893.0,15793.0,15855.0,15831.0,144424.0,100.0,,,,,15893.0,15793.0,100.0,,False,135.92073752092563,0.7357229060400333,167.8291576930159,,203.0917995443029,0.49238817236530413,0
2023-03-28,15829.0,15655.0,15814.0,15690.0,168264.0,174.0,15831.0,15722.0,103782.0,109.0,15831.0,15655.0,176.0,,False,139.54733394750414,1.2468887443271148,161.6980792237686,0.6740958242871798,200.5116281591312,0.877754580199817,1
2023-03-29,15787.0,15653.0,15730.0,15740.0,154348.0,134.0,15719.0,15642.0,80146.0,77.0,15787.0,15642.0,145.0,,False,139.01901642869421,0.9638969073610978,153.63159548817157,0.501198986805604,195.22480642969012,0.7427334807076451,2
2023-03-30,15862.0,15761.0,15822.0,15821.0,157444.0,101.0,15849.0,15742.0,73048.0,107.0,15862.0,15742.0,120.0,,False,135.39815772119954,0.7459481111107189,149.19049115596476,0.7172038859242139,188.060539150672,0.6380923958952246,3
2023-03-31,15965.0,15860.0,15879.0,15864.0,164058.0,105.0,15892.0,15820.0,68628.0,72.0,15965.0,15820.0,145.0,,False,132.5030950810853,0.7924343196341582,141.83901580777766,0.5076177354302533,183.9595354220366,0.7882168198965259,4
2023-04-06,15793.0,15701.0,15780.0,15760.0,142846.0,92.0,,,,,15793.0,15701.0,92.0,,False,128.64565745431526,0.7151426781169905,141.83901580777766,,175.2014844294617,0.5251097061169042,3
2023-04-07,15870.0,15796.0,15850.0,15818.0,104754.0,74.0,15845.0,15750.0,73070.0,95.0,15870.0,15750.0,120.0,,False,123.44130912533285,0.5994751718394858,136.95753028934922,0.6936456856318464,169.9442001980844,0.7061141236954825,4
2023-04-10,15927.0,15828.0,15839.0,15849.0,122294.0,99.0,,,,,15927.0,15828.0,99.0,,False,121.11356539911067,0.8174146279465979,136.95753028934922,,163.18760970302873,0.6066637055359883,0
2023-04-11,15963.0,15825.0,15834.0,15921.0,162766.0,138.0,15866.0,15733.0,78806.0,133.0,15963.0,15733.0,230.0,,False,122.72179726586204,1.1244946136262948,136.54508296390836,0.9740372711564766,169.55069449321647,1.3565264399975787,1
2023-04-12,15960.0,15866.0,15957.0,15926.0,113966.0,94.0,15966.0,15914.0,57576.0,52.0,15966.0,15866.0,100.0,,False,119.9863880024466,0.7834221995088583,128.493170300679,0.4046907697764635,162.92681882719586,0.6137724944231706,2
2023-04-13,15903.0,15808.0,15865.0,15816.0,158634.0,95.0,16003.0,15868.0,121094.0,135.0,16003.0,15808.0,195.0,,False,117.60673200221359,0.807776888130961,129.112868367281,1.0455967844814056,165.98140751032005,1.1748303796488513,3
2023-04-14,15995.0,15855.0,15882.0,15947.0,173582.0,140.0,15912.0,15784.0,82988.0,128.0,15995.0,15784.0,211.0,,False,119.73942419247896,1.1692055556819159,129.00688090373043,0.9921951379904936,170.26889250933718,1.23921637646424,4
2023-04-17,15974.0,15877.0,15920.0,15970.0,123226.0,97.0,,,,,15974.0,15877.0,97.0,-2.0,True,117.5737647455762,0.8250139834333211,129.00688090373043,,163.29090274654317,0.5940318680861324,0
2023-04-18,15963.0,15862.0,15931.0,15890.0,146242.0,101.0,15981.0,15919.0,55046.0,62.0,15981.0,15862.0,119.0,-1.0,True,115.99531096028323,0.8707248522708162,122.02353351425977,0.508098710260301,159.07272153258668,0.7480855224798701,1
2023-04-19,15907.0,15768.0,15876.0,15778.0,103840.0,139.0,15941.0,15885.0,50996.0,56.0,15941.0,15768.0,173.0,0.0,True,118.18623372597054,1.1761099039866925,115.73557794147312,0.48386158341317403,160.39912900567367,1.0785594726881629,2
2023-04-20,15798.0,15682.0,15730.0,15731.0,190126.0,116.0,15778.0,15708.0,75288.0,70.0,15798.0,15682.0,116.0,1.0,True,117.97802099016383,0.9832339873684715,111.37980861371378,0.6284801605538148,156.17064052894284,0.7427772570254773,3
2023-04-21,15778.0,15602.0,15757.0,15615.0,203444.0,176.0,15794.0,15696.0,107060.0,98.0,15794.0,15602.0,192.0,,False,123.50392375300537,1.4250559387245152,110.10554112669341,0.8900551143673676,159.58296047856734,1.203135970307973,4
2023-04-24,15655.0,15542.0,15545.0,15623.0,149096.0,113.0,,,,,15655.0,15542.0,113.0,,False,122.50355006224295,0.9224222477029091,110.10554112669341,,155.1464880520371,0.7283439117364944,0
2023-04-25,15662.0,15369.0,15641.0,15388.0,235424.0,293.0,15670.0,15613.0,54078.0,57.0,15670.0,15369.0,301.0,,False,138.74130719917218,2.1118440204644995,104.57096860232339,0.5450843648275584,169.03729871374787,1.7806720900676554,1
2023-04-26,15409.0,15312.0,15390.0,15375.0,192834.0,97.0,15400.0,15287.0,73824.0,113.0,15409.0,15287.0,122.0,,False,134.76594460877484,0.7197664089513914,105.37373349734021,1.0723735057072101,164.55755597910522,0.741381939432128,2
2023-04-27,15461.0,15305.0,15342.0,15427.0,171546.0,156.0,15390.0,15320.0,66146.0,70.0,15461.0,15305.0,156.0,,False,136.78823559841533,1.1404489524814607,102.00480649759352,0.6862421723397066,163.74255064776187,0.9527150968570325,3
2023-04-28,15596.0,15498.0,15515.0,15573.0,168998.0,98.0,15543.0,15420.0,77248.0,123.0,15596.0,15420.0,176.0,,False,133.09411792237577,0.7363210450604313,104.00434873591794,1.182642855755145,164.90992677654646,1.0672492762578243,4
2023-05-02,15672.0,15551.0,15628.0,15636.0,157808.0,121.0,,,,,15672.0,15551.0,121.0,,False,131.94229716786379,0.9170675560245671,104.00434873591794,,160.72802898830395,0.7528245120756447,1
2023-05-03,15595.0,15523.0,15559.0,15552.0,135118.0,72.0,15655.0,15504.0,85714.0,151.0,15655.0,15504.0,151.0,,False,126.23350696140056,0.570371541860245,108.90215854507785,1.3865657211697653,159.80155003703692,0.9449219983473439,2
2023-05-04,15619.0,15490.0,15496.0,15608.0,140964.0,129.0,15615.0,15488.0,95892.0,127.0,15619.0,15488.0,131.0,,False,126.49698248888622,1.019787171692682,110.62576249316568,1.1480146860713922,157.05854527160483,0.8340838747325642,3
2023-05-05,15696.0,15576.0,15598.0,15643.0,157440.0,120.0,15615.0,15527.0,83430.0,88.0,15696.0,15527.0,169.0,,False,125.87822225184944,0.953302309591816,108.47092797000704,0.811277285507621,158.19582667430913,1.0682961968897846,4
2023-05-08,15776.0,15704.0,15758.0,15723.0,134406.0,72.0,,,,,15776.0,15704.0,72.0,,False,120.74696298976853,0.5962882893054702,108.47092797000704,,149.98670032437494,0.4800425627358041,0
2023-05-09,15744.0,15652.0,15706.0,15739.0,146112.0,92.0,15749.0,15698.0,45612.0,51.0,15749.0,15652.0,97.0,,False,118.00915699074297,0.7796005186887047,102.48140197809563,0.4976512715048603,144.94034791252972,0.6692408387106858,1
2023-05-10,15702.0,15581.0,15692.0,15609.0,159422.0,121.0,15731.0,15672.0,58216.0,59.0,15731.0,15581.0,150.0,,False,118.29399918210078,1.0228752162967594,98.34031607541986,0.5999573964634332,145.42221953990784,1.031479236629557,2
2023-05-11,15683.0,15517.0,15660.0,15518.0,184768.0,166.0,15664.0,15568.0,109968.0,96.0,15683.0,15517.0,166.0,,False,122.8374278314245,1.3513796481297988,98.11742883014178,0.9784194423418147,147.38200815515472,1.1263247263210405,3
2023-05-12,15559.0,15420.0,15450.0,15508.0,174418.0,139.0,15532.0,15406.0,97892.0,126.0,15559.0,15406.0,153.0,,False,124.37672041890788,1.1175724808616925,100.77291179869971,1.2503360054901758,147.91705499752095,1.0343634816320826,4
2023-05-15,15522.0,15425.0,15439.0,15510.0,152712.0,97.0,,,,,15522.0,15425.0,97.0,-2.0,True,121.76941371234523,0.7965875587538116,100.77291179869971,,143.06781166442372,0.678000165596443,0
2023-05-16,15723.0,15593.0,15604.0,15690.0,149046.0,130.0,15609.0,15505.0,66700.0,104.0,15723.0,15505.0,218.0,-1.0,True,122.55327907307425,1.0607631308052192,101.10923364598162,1.0285905277864131,150.20421055352622,1.451357449945215,1
2023-05-17,15894.0,15650.0,15661.0,15876.0,145036.0,244.0,15738.0,15685.0,57040.0,53.0,15894.0,15650.0,244.0,0.0,True,134.11963344706717,1.8192713007696906,96.52740187017385,0.5490668864296507,159.13714288176183,1.5332686988184203,2
2023-05-18,16085.0,15960.0,16026.0,16070.0,172182.0,125.0,16012.0,15862.0,85452.0,150.0,16085.0,15862.0,223.0,1.0,True,133.25109692829886,0.9380785815764151,101.62003026349062,1.4760869447791438,165.21931975016545,1.3497210879284998,3
2023-05-19,16161.0,16068.0,16153.0,16129.0,145150.0,93.0,16156.0,16065.0,103222.0,91.0,16161.0,16065.0,96.0,,False,129.41765912560373,0.7186036328298961,100.60859880982484,0.9044952526574048,158.62700358348303,0.6051933014638118,4
2023-05-22,16158.0,16091.0,16133.0,16116.0,115250.0,67.0,,,,,16158.0,16091.0,67.0,,False,123.47312016126052,0.5426282247706666,100.60859880982484,,149.900622289818,0.4469627875891145,0
2023-05-23,16195.0,16072.0,16149.0,16133.0,164290.0,123.0,16145.0,16105.0,36738.0,40.0,16195.0,16072.0,123.0,,False,123.42806109828334,0.9965318980588824,94.29206990160489,0.42421382881657566,147.33865826221628,0.8348114571608141,1
2023-05-24,16091.0,16005.0,16055.0,16072.0,153770.0,86.0,16131.0,16009.0,65514.0,122.0,16131.0,16005.0,126.0,,False,119.86348385082778,0.7174829000217324,96.93092038716632,1.2586283047009303,145.30640509438615,0.8671331447375265,2
2023-05-25,16232.0,16125.0,16132.0,16207.0,196688.0,107.0,16077.0,15950.0,92220.0,127.0,16232.0,15950.0,282.0,,False,118.63839015074895,0.9019003027943946,99.79464225505525,1.2726134102010533,158.32484270444462,1.7811481456920055,3
2023-05-26,16456.0,16346.0,16362.0,16435.0,179690.0,110.0,16379.0,16196.0,112066.0,183.0,16456.0,16196.0,260.0,,False,117.81568632686809,0.9336617510746045,107.71896204028809,1.6988652372230988,168.00819101830703,1.5475435954885621,4
2023-05-29,16633.0,16543.0,16607.0,16570.0,147408.0,90.0,,,,,16633.0,16543.0,90.0,,False,115.16657334335684,0.7814767548190794,107.71896204028809,,160.57883949275399,0.5604723529220748,0
2023-05-30,16607.0,16515.0,16550.0,16576.0,132068.0,92.0,16588.0,16526.0,31436.0,62.0,16607.0,16515.0,92.0,,False,112.96023302494191,0.8144459119492624,102.95420669117617,0.6022094870389962,154.04752144582503,0.5972183072893794,1
2023-05-31,16598.0,16455.0,16576.0,16489.0,195720.0,143.0,16724.0,16517.0,143496.0,207.0,16724.0,16455.0,269.0,,False,115.82116321304268,1.2346620948450007,112.8633298634451,1.8340766682185627,164.99537654622264,1.630348714193461,2
2023-06-01,16518.0,16422.0,16440.0,16470.0,139994.0,96.0,16541.0,16395.0,109848.0,146.0,16541.0,16395.0,146.0,,False,113.93343338322909,0.8425972706105698,116.01920320978367,1.2584123658908917,163.18629306563003,0.8946829862804834,3
2023-06-02,16738.0,16566.0,16577.0,16710.0,163646.0,172.0,16594.0,16453.0,95526.0,141.0,16738.0,16453.0,285.0,,False,119.46358258482631,1.439769311102567,118.3983267136138,1.1908952086886833,174.787598487951,1.630550465052854,4
2023-06-05,16764.0,16657.0,16750.0,16681.0,135338.0,107.0,,,,,16764.0,16657.0,107.0,,False,118.27657471960475,0.9046592721649419,118.3983267136138,,168.33163672719374,0.6356499709760993,0
2023-06-06,16784.0,16680.0,16687.0,16747.0,152928.0,104.0,16736.0,16660.0,61710.0,76.0,16784.0,16660.0,124.0,,False,116.91690093678525,0.8895206695243387,113.97964253998656,0.6667857374033923,164.1095760865086,0.755592714069499,1
2023-06-07,16906.0,16766.0,16785.0,16889.0,151842.0,140.0,16807.0,16704.0,70120.0,103.0,16906.0,16704.0,202.0,,False,119.11529132375809,1.1753318859748811,112.93396229808307,0.9120374235000901,167.7181878877935,1.2044012789784113,2
2023-06-08,16867.0,16667.0,16852.0,16719.0,172584.0,200.0,16963.0,16844.0,96288.0,119.0,16963.0,16667.0,296.0,,False,126.8185969119716,1.57705576997375,113.51168017445612,1.0483502650750027,179.93550332705126,1.6450338845135504,3
2023-06-09,16888.0,16785.0,16802.0,16888.0,137036.0,103.0,16841.0,16714.0,84526.0,127.0,16888.0,16714.0,174.0,,False,124.55015911083144,0.8269760611734349,114.79628206260315,1.1063076061186516,179.37021729590353,0.9700607080882085,4
2023-06-12,16984.0,16907.0,16954.0,16942.0,125384.0,77.0,,,,,16984.0,16907.0,77.0,,False,120.0215725288475,0.6415513342944482,114.79628206260315,,169.62067279153177,0.4539541008343659,0
2023-06-13,17274.0,17081.0,17088.0,17220.0,178346.0,193.0,17088.0,16932.0,72794.0,156.0,17274.0,16932.0,342.0,,False,126.97189895467154,1.5200213715705726,119.09046606600431,1.309928537130244,186.03775157329065,1.8383365586165297,1
2023-06-14,17230.0,17133.0,17199.0,17203.0,139244.0,97.0,17320.0,17195.0,117042.0,125.0,17320.0,17133.0,187.0,,False,124.11743238755997,0.7815179393746636,119.65327882162295,1.0446851204666765,186.1293942805963,1.0046774219771608,2
2023-06-15,17348.0,17230.0,17250.0,17337.0,146724.0,118.0,17272.0,17154.0,91668.0,118.0,17348.0,17154.0,194.0,,False,123.53481977922092,0.955196277542537,119.4958236957541,0.9874822094237989,186.87897577768237,1.038105004550052,3
2023-06-16,17322.0,17215.0,17292.0,17268.0,165564.0,107.0,17366.0,17271.0,76876.0,95.0,17366.0,17215.0,151.0,,False,121.96007503834274,0.8773362919493164,117.16288810568228,0.8108369598597543,183.46193046552216,0.8230590380077643,4
2023-06-19,17286.0,17160.0,17194.0,17255.0,135894.0,126.0,,,,,17286.0,17160.0,126.0,-2.0,True,122.3448297965958,1.0298759678646094,117.16288810568228,,177.98936565928196,0.7079074613996706,0
2023-06-20,17238.0,17106.0,17210.0,17189.0,164760.0,132.0,17269.0,17208.0,28024.0,61.0,17269.0,17106.0,163.0,-1.0,True,123.26436981596763,1.0708690613278968,111.30968388623153,0.5480206022536859,176.56180702506464,0.9231894640547068,1
2023-06-21,17051.0,16956.0,16966.0,17003.0,84826.0,95.0,17204.0,17135.0,49882.0,69.0,17204.0,16956.0,248.0,0.0,True,120.57252507158975,0.7879075265579276,107.2801901827809,0.6431755935782719,183.36544445124895,1.3524903819374503,2
2023-06-26,16915.0,16822.0,16851.0,16880.0,144330.0,93.0,,,,,16915.0,16822.0,93.0,1.0,True,117.94657030286692,0.7884926179811051,107.2801901827809,,174.7592116463681,0.5321607892589321,0
2023-06-27,16855.0,16705.0,16805.0,16743.0,188136.0,150.0,16906.0,16790.0,67992.0,116.0,16906.0,16705.0,201.0,,False,120.99927789307007,1.2396768196629946,108.18895448134964,1.0721981791588242,177.258334346714,1.1339382192706817,1
2023-06-28,16810.0,16712.0,16795.0,16776.0,151278.0,98.0,16846.0,16725.0,73630.0,121.0,16846.0,16712.0,134.0,,False,118.80887047468245,0.8248542352810541,109.40905405455443,1.1059413779381184,173.1384929803603,0.7739469005035182,2
2023-06-29,16965.0,16733.0,16851.0,16756.0,223386.0,232.0,16822.0,16719.0,87008.0,103.0,16965.0,16719.0,246.0,,False,129.58897804852222,1.7902757124385367,108.79866795412067,0.9467027670176448,180.0776841250879,1.3660770971994525,3
2023-06-30,16826.0,16671.0,16718.0,16788.0,153864.0,155.0,16764.0,16695.0,82874.0,69.0,16826.0,16671.0,155.0,,False,132.00907537723438,1.1741616972701752,105.0083186251568,0.6570907991233154,177.68933325603192,0.8723089740939095,4
2023-07-03,17038.0,16897.0,16901.0,17036.0,150982.0,141.0,,,,,17038.0,16897.0,141.0,,False,132.86535391273586,1.0612247350246542,105.0083186251568,,174.19511104117174,0.8094371831519087,0
2023-07-04,17116.0,16983.0,17025.0,17106.0,134812.0,133.0,17077.0,16992.0,57260.0,85.0,17116.0,16983.0,133.0,,False,132.87817734961814,1.0009167995287995,102.92308442600896,0.8258594315749078,170.27176713248872,0.7811042443490499,1
2023-07-05,17098.0,16975.0,17086.0,17005.0,145562.0,123.0,17125.0,17082.0,23142.0,43.0,17125.0,16975.0,150.0,,False,131.9373985544164,0.9322603094168918,97.2161240044843,0.4423134581874148,168.34112264368028,0.8910478773359373,2
2023-07-06,16898.0,16673.0,16869.0,16687.0,217564.0,225.0,16972.0,16894.0,73140.0,78.0,16972.0,16673.0,299.0,,False,140.8005034539958,1.5980056496993633,95.38601695643817,0.817729919843721,180.78482524904405,1.6538998756566325,3
2023-07-07,16708.0,16536.0,16566.0,16623.0,193562.0,172.0,16716.0,16520.0,98390.0,196.0,16716.0,16520.0,196.0,,False,143.77188407742477,1.1963396119047427,104.96830105582501,1.8672303736321487,182.23388951103985,1.0755408915756375,4
2023-07-10,16737.0,16545.0,16675.0,16550.0,198558.0,192.0,,,,,16737.0,16545.0,192.0,,False,148.36503797481288,1.2941054214712957,104.96830105582501,,183.16399527189319,1.0482409477637262,0
2023-07-11,16877.0,16737.0,16750.0,16870.0,165814.0,140.0,16721.0,16560.0,94308.0,161.0,16877.0,16560.0,317.0,,False,147.56836769149737,0.9487128047162546,110.8078329557142,1.452965875294626,195.91028143647478,1.6180876147778358,1
2023-07-12,16929.0,16824.0,16880.0,16926.0,156614.0,105.0,16940.0,16811.0,100884.0,129.0,16940.0,16811.0,129.0,,False,143.5142374351643,0.7316347275122167,112.54042029326523,1.146254827055411,189.53787368062004,0.6806027602555618,2
2023-07-13,17255.0,17056.0,17137.0,17084.0,214212.0,199.0,17116.0,16888.0,124614.0,228.0,17255.0,16888.0,367.0,,False,148.79859577467246,1.3373782122335895,123.53657074152568,1.8456073260851809,206.43902856818002,1.7777646143049544,3
2023-07-14,17305.0,17143.0,17219.0,17290.0,166972.0,162.0,17250.0,17083.0,79572.0,167.0,17305.0,17083.0,222.0,,False,150.0558723675608,1.0795978687403993,127.67594495661847,1.3079989347777532,207.92102584740098,1.0677130852698464,4
2023-07-17,17345.0,17229.0,17234.0,17291.0,139578.0,116.0,,,,,17345.0,17229.0,116.0,-2.0,True,146.81245595160263,0.7901236938522431,127.67594495661847,,199.1666424333628,0.5824268491085866,0
2023-07-18,17386.0,17152.0,17338.0,17225.0,201076.0,234.0,17339.0,17234.0,66432.0,105.0,17386.0,17152.0,234.0,-1.0,True,155.1160315752595,1.508548134088045,125.312695110023,0.837903932301602,202.48410505875682,1.1556462663185236,1
2023-07-19,17269.0,17047.0,17213.0,17085.0,134210.0,222.0,17294.0,17177.0,65342.0,117.0,17294.0,17047.0,247.0,0.0,True,161.4859333299967,1.3747327424881195,124.52100986144939,0.9396004748932105,206.72371410077997,1.194831473855897,2
2023-07-20,17150.0,17018.0,17020.0,17126.0,175998.0,132.0,17139.0,17011.0,98496.0,128.0,17150.0,17011.0,139.0,1.0,True,158.67774920333034,0.8318746683938316,124.85234225559707,1.0252110428009358,200.27383656737234,0.6940497190367662,3
2023-07-21,16984.0,16816.0,16860.0,16944.0,198206.0,168.0,17020.0,16834.0,143708.0,186.0,17020.0,16816.0,204.0,,False,159.56558261253699,1.052858625584339,130.67592870744497,1.423368495175677,200.62870927524165,1.0168036306316126,4
2023-07-24,17024.0,16866.0,16947.0,16982.0,188930.0,158.0,,,,,17024.0,16866.0,158.0,,False,159.41647950658108,0.9911145979953558,130.67592870744497,,196.56883220140912,0.803789686444845,0
2023-07-25,17225.0,17054.0,17091.0,17180.0,185296.0,171.0,17095.0,16973.0,72234.0,122.0,17225.0,16973.0,252.0,,False,160.51967193452575,1.065289991807042,129.77173762627206,0.9401122481024814,201.84799103937016,1.248464246299324,1
2023-07-26,17208.0,17078.0,17206.0,17102.0,185116.0,130.0,17266.0,17193.0,62552.0,73.0,17266.0,17078.0,188.0,,False,157.61303651218995,0.824804869424273,124.36490547138901,0.5869823140483482,200.52913474990635,0.9375196289280743,2
2023-07-27,17263.0,17168.0,17183.0,17221.0,181952.0,95.0,17197.0,17033.0,112646.0,164.0,17263.0,17033.0,230.0,,False,151.64989017769568,0.6264429198641938,128.13967637887578,1.2798533961885041,203.33588382134383,1.1311333527439946,3
2023-07-28,17299.0,17135.0,17155.0,17262.0,211926.0,164.0,17333.0,17111.0,119632.0,222.0,17333.0,17111.0,222.0,,False,152.82609111315324,1.07311519129658,137.07875481898284,1.619506978256102,205.11341869550157,1.082328018380734,4
2023-07-31,17425.0,17058.0,17400.0,17101.0,261612.0,367.0,,,,,17425.0,17058.0,367.0,,False,173.22360624523387,2.118648883688725,137.07875481898284,,220.53118834354902,1.6641637074402291,0
2023-08-01,17218.0,17090.0,17160.0,17182.0,183996.0,128.0,17148.0,17075.0,69558.0,73.0,17218.0,17075.0,143.0,,False,168.91659612664017,0.757770420048222,130.40057193462235,0.5598134955772992,213.1472656441634,0.6708976517612473,1
2023-08-02,17162.0,16806.0,17093.0,16814.0,273152.0,356.0,17195.0,17101.0,74774.0,94.0,17195.0,16806.0,389.0,,False,186.73406316219825,1.906454526675063,126.93385079799165,0.7405431995409634,229.89514510662403,1.6920757496622387,2
2023-08-04,16863.0,16715.0,16720.0,16824.0,193156.0,148.0,,,,,16863.0,16715.0,148.0,,False,183.0451047657984,0.8085438842484329,126.93385079799165,,222.09560747742174,0.6663796807194654,4
2023-08-07,17027.0,16836.0,16859.0,17002.0,186888.0,191.0,,,,,17027.0,16836.0,191.0,,False,183.8027138357224,1.039157670820412,126.93385079799165,,219.13412105100062,0.871612321640897,0
2023-08-08,17026.0,16757.0,17020.0,16853.0,229278.0,269.0,17052.0,16933.0,94590.0,119.0,17052.0,16757.0,295.0,,False,191.9167410894631,1.4016494781693072,126.0298776157376,0.9442205471533381,226.35944285566723,1.303236994571063,1
2023-08-09,16935.0,16780.0,16815.0,16852.0,198134.0,155.0,16868.0,16712.0,106634.0,156.0,16935.0,16712.0,223.0,,False,188.40086098570472,0.8227138622883519,128.88417498566736,1.2103890956150984,226.03949591703224,0.9865532529848329,2
2023-08-10,16797.0,16584.0,16788.0,16657.0,229932.0,213.0,16917.0,16733.0,118186.0,184.0,16917.0,16584.0,333.0,,False,190.74363612992332,1.116682078215794,134.13330117750857,1.3717697125525832,236.2262105916006,1.409665757097999,3
2023-08-11,16754.0,16574.0,16711.0,16625.0,190282.0,180.0,16793.0,16628.0,156482.0,165.0,16793.0,16574.0,219.0,,False,189.72043268897824,0.9487644395956359,137.07298677965062,1.2037382702198134,234.58561910668624,0.9335610632653568,4
2023-08-14,16570.0,16306.0,16567.0,16378.0,239286.0,264.0,,,,,16570.0,16306.0,264.0,-2.0,True,196.79467719478984,1.3414996978738887,137.07298677965062,,237.38698871557327,1.112108129550071,0
2023-08-15,16540.0,16422.0,16471.0,16422.0,157606.0,118.0,16484.0,16332.0,101654.0,152.0,16540.0,16332.0,208.0,-1.0,True,189.29042222385746,0.6233807216112158,138.6286556512503,1.0964544039321,234.58822788551868,0.8866600079416859,1
2023-08-16,16413.0,16290.0,16300.0,16364.0,111448.0,123.0,16438.0,16324.0,86934.0,114.0,16438.0,16290.0,148.0,0.0,True,182.97704867872818,0.6722154548244129,136.28306939875029,0.8364942212040124,226.34172999165975,0.6538785402296498,2
2023-08-17,16493.0,16205.0,16261.0,16454.0,249334.0,288.0,,,,,16493.0,16205.0,288.0,1.0,True,192.9792345188493,1.4923885500844887,136.28306939875029,,232.21394618293024,1.2402355876297084,3
2023-08-18,16541.0,16320.0,16422.0,16352.0,236206.0,221.0,16545.0,16389.0,117874.0,156.0,16545.0,16320.0,225.0,,False,195.64787885038746,1.1295803527162152,138.3379356152577,1.1276733262368728,231.52690368931783,0.9718093077507909,4
2023-08-21,16474.0,16325.0,16424.0,16351.0,183486.0,149.0,,,,,16474.0,16325.0,149.0,,False,191.20522372177913,0.7792674127816113,138.3379356152577,,223.66719857604946,0.6661683114403486,0
2023-08-22,16507.0,16380.0,16495.0,16401.0,172452.0,127.0,16484.0,16335.0,94618.0,149.0,16507.0,16335.0,172.0,,False,185.0904405101811,0.6861510494541949,139.44911850399015,1.0684900815327605,218.7465129973781,0.7862982483385306,1
2023-08-23,16561.0,16405.0,16419.0,16559.0,195652.0,156.0,16472.0,16334.0,99420.0,138.0,16561.0,16334.0,227.0,,False,182.31992236635435,0.8556388022507656,139.31110721789585,0.9905886383068856,219.53255937858017,1.0340151850028876,2
2023-08-24,16798.0,16670.0,16788.0,16759.0,216966.0,128.0,16765.0,16518.0,113020.0,247.0,16798.0,16518.0,280.0,,False,177.14659642670156,0.7225653926292788,149.5671922447629,1.6514316829307778,225.29136324728682,1.2428350379888433,3
2023-08-25,16586.0,16415.0,16549.0,16421.0,199740.0,171.0,16774.0,16523.0,132924.0,251.0,16774.0,16415.0,359.0,,False,176.56120629082523,0.9685026716363446,159.22745965002358,1.5763612667795446,238.0255191284976,1.5082416428055119,4
2023-08-28,16548.0,16461.0,16468.0,16490.0,166032.0,87.0,,,,,16548.0,16461.0,87.0,,False,168.03156759646092,0.5177598545586168,159.22745965002358,,223.64213635435496,0.3890143486295035,0
2023-08-29,16632.0,16453.0,16578.0,16625.0,169614.0,179.0,16584.0,16470.0,74814.0,114.0,16632.0,16453.0,179.0,,False,169.0761802063218,1.0586943694940842,154.51392787508314,0.7377975666514889,219.39050432060688,0.8158967524793957,1
2023-08-30,16778.0,16695.0,16738.0,16724.0,139944.0,83.0,16733.0,16585.0,105900.0,148.0,16778.0,16585.0,193.0,,False,160.87844875810066,0.5159174559471299,153.89355379174188,0.9617036994303387,216.87712295673956,0.8899048335240858,2
2023-08-31,16731.0,16602.0,16730.0,16628.0,179658.0,129.0,16747.0,16672.0,78720.0,75.0,16747.0,16602.0,145.0,,False,157.84240601923392,0.8172708668941645,146.37988200205217,0.5123654902177646,210.0316826751453,0.6903720341291109,3
2023-09-01,16727.0,16600.0,16608.0,16651.0,156850.0,127.0,16669.0,16534.0,96934.0,135.0,16727.0,16534.0,193.0,,False,154.90503401740213,0.8198571518710795,145.29608371614245,0.9291372248115277,208.4096176584648,0.9260609091288791,4
2023-09-04,16782.0,16607.0,16646.0,16782.0,169856.0,175.0,,,,,16782.0,16607.0,175.0,,False,156.81884030145906,1.1159373431380475,145.29608371614245,,205.2277493100396,0.8527111981120339,0
2023-09-05,16765.0,16707.0,16736.0,16754.0,113956.0,58.0,16792.0,16724.0,39578.0,68.0,16792.0,16707.0,85.0,,False,147.40752217751057,0.39346703033346864,137.2404124603658,0.4954808775413582,193.7774874709882,0.4386474461473547,1
2023-09-06,16801.0,16702.0,16758.0,16711.0,141172.0,99.0,16782.0,16691.0,84082.0,91.0,16801.0,16691.0,110.0,,False,142.7972819701286,0.6932905068929082,132.83656365461667,0.6850523492658668,185.7986791404179,0.5920386544667907,2
2023-09-07,16660.0,16560.0,16604.0,16564.0,156564.0,100.0,16710.0,16568.0,92040.0,142.0,16710.0,16560.0,150.0,,False,138.72135035392589,0.7208695687063714,133.7092718779865,1.0620056336076604,182.38928112704477,0.822416750990516,3
2023-09-08,16579.0,16467.0,16490.0,16563.0,149082.0,112.0,16588.0,16464.0,92588.0,124.0,16588.0,16464.0,124.0,,False,136.1764598440282,0.8224622679153278,132.78457931817826,0.9338433772710258,176.82839721018337,0.7012448337277525,4
2023-09-11,16577.0,16366.0,16560.0,16427.0,208498.0,211.0,,,,,16577.0,16366.0,211.0,,False,143.30251128745408,1.4724096465884666,132.78457931817826,,180.0828355711183,1.1716830164897747,0
2023-09-12,16591.0,16413.0,16459.0,16573.0,189074.0,178.0,16503.0,16423.0,68906.0,80.0,16591.0,16413.0,178.0,,False,146.60703402198226,1.2141300121610172,127.28345690784703,0.6285184417792788,179.88447027863083,0.9895239968424628,1
2023-09-13,16645.0,16523.0,16570.0,16577.0,158002.0,122.0,16607.0,16520.0,72834.0,87.0,16645.0,16520.0,125.0,,False,144.26350697226965,0.8456747140040818,123.44693720233778,0.704756245652342,174.6573778711422,0.7156869152829138,2
2023-09-14,16842.0,16675.0,16676.0,16839.0,165960.0,167.0,16666.0,16550.0,91860.0,116.0,16842.0,16550.0,292.0,,False,146.42888726062492,1.1404853449631227,122.73770508782943,0.945104847096432,185.83286569293816,1.5713044025403322,3
2023-09-15,16918.0,16808.0,16848.0,16906.0,149258.0,110.0,16875.0,16805.0,84412.0,70.0,16918.0,16805.0,113.0,,False,142.9594694262797,0.769448854570099,117.71506650803614,0.5946562498456496,178.89640229361072,0.6316504890609295,4
2023-09-18,16796.0,16700.0,16757.0,16709.0,143802.0,96.0,,,,,16796.0,16700.0,96.0,-2.0,True,138.48713900472924,0.6932051646811886,117.71506650803614,,171.00150683707636,0.5613985617767983,0
2023-09-19,16741.0,16603.0,16700.0,16612.0,147352.0,138.0,16747.0,16650.0,66286.0,97.0,16747.0,16603.0,144.0,-1.0,True,138.44074481380264,0.9968163649047438,115.55617620198771,0.8394185684237921,168.4299347573548,0.8549549117112152,1
2023-09-20,16658.0,16544.0,16620.0,16564.0,99450.0,114.0,16642.0,16529.0,63812.0,113.0,16658.0,16529.0,129.0,0.0,True,136.11305483153572,0.8375390600195949,115.31273084941745,0.9799438376631844,164.67470287570197,0.7833625793596872,2
2023-09-21,16483.0,16280.0,16479.0,16311.0,207764.0,203.0,16651.0,16504.0,84318.0,147.0,16651.0,16280.0,371.0,1.0,True,142.48324008567516,1.4247289707753426,118.33056600661578,1.2422825729725768,184.32473117325415,2.012752155603484,3
2023-09-22,16355.0,16188.0,16200.0,16345.0,154826.0,167.0,16338.0,16217.0,96400.0,121.0,16355.0,16188.0,167.0,,False,144.81816960132514,1.1531702165532127,118.58479781550952,1.0203668786301594,182.67475677580137,0.914193088019057,4
2023-09-25,16491.0,16340.0,16352.0,16464.0,138832.0,151.0,,,,,16491.0,16340.0,151.0,,False,145.40691535357988,1.0384650525927164,118.58479781550952,,179.6581132733441,0.8404852820103833,0
2023-09-26,16408.0,16273.0,16400.0,16308.0,176038.0,135.0,16470.0,16368.0,88344.0,102.0,16470.0,16273.0,197.0,,False,144.41578055800085,0.934800888645135,116.85635734838446,0.872866503068437,181.30972153302562,1.0865385393254625,1
2023-09-27,16334.0,16230.0,16246.0,16311.0,152216.0,104.0,16343.0,16198.0,93098.0,145.0,16343.0,16198.0,145.0,,False,140.56665860009602,0.7398625039233092,119.53670426758595,1.2130165449050179,177.8516528155946,0.8152862101896977,2
2023-09-28,16435.0,16295.0,16342.0,16368.0,181222.0,140.0,16354.0,16226.0,95658.0,128.0,16435.0,16226.0,209.0,,False,140.5126911143726,0.9963512825047577,120.34273243257776,1.0636288325239103,180.81816207125226,1.155857340910492,3
2023-10-02,16610.0,16504.0,16531.0,16557.0,153060.0,106.0,,,,,16610.0,16504.0,106.0,,False,137.225768151099,0.7724496749275517,120.34273243257776,,173.6926228263711,0.6102734720400942,0
2023-10-03,16553.0,16408.0,16497.0,16412.0,168330.0,145.0,16584.0,16457.0,98976.0,127.0,16584.0,16408.0,176.0,,False,137.96617118432766,1.0509822716343624,121.03654195573343,1.0492698977342527,173.91237303338337,1.012003901333782,1
2023-10-04,16286.0,16164.0,16285.0,16245.0,211550.0,122.0,16444.0,16282.0,115258.0,162.0,16444.0,16164.0,280.0,,False,136.44558345248694,0.894129343823597,124.937823674235,1.2966449649579421,184.01595655401354,1.521607176048413,2
2023-10-05,16486.0,16288.0,16300.0,16456.0,176204.0,198.0,16349.0,16215.0,118170.0,134.0,16486.0,16215.0,271.0,,False,142.3079088379644,1.3913492343243419,125.80088808621262,1.0651753102741885,192.30015116791702,1.409255262432748,3
2023-10-06,16552.0,16473.0,16476.0,16531.0,135510.0,79.0,16484.0,16381.0,114164.0,103.0,16552.0,16381.0,171.0,,False,136.2785841867297,0.5796948982956394,123.62937493514475,0.8331353293182401,190.27156534240112,0.8987154738138555,4
2023-10-11,16829.0,16662.0,16829.0,16717.0,165848.0,167.0,,,,,16829.0,16662.0,167.0,,False,139.20443331180306,1.1996744358416938,123.62937493514475,,188.05522578598197,0.8880370077567317,2
2023-10-12,16857.0,16725.0,16768.0,16848.0,151284.0,132.0,16731.0,16646.0,81870.0,85.0,16857.0,16646.0,211.0,,False,138.51829680591706,0.9529427017497184,119.60348474339268,0.7106816342547719,190.24044237779322,1.10912273627382,3
2023-10-13,16807.0,16730.0,16750.0,16770.0,131458.0,77.0,16859.0,16676.0,102088.0,183.0,16859.0,16676.0,183.0,,False,132.65941139582972,0.5804337527945685,125.6412481011648,1.4565280333147488,189.55087643705102,0.9654400097737004,4
2023-10-16,16683.0,16603.0,16661.0,16649.0,157104.0,80.0,,,,,16683.0,16603.0,80.0,-2.0,True,127.64422935813165,0.6267420031621159,125.6412481011648,,179.11745963352234,0.44663429329380555,0
2023-10-17,16782.0,16634.0,16764.0,16650.0,134898.0,148.0,16788.0,16637.0,85924.0,151.0,16788.0,16634.0,154.0,-1.0,True,129.58287418116674,1.1421262333870192,128.28409569359926,1.1770749848886697,176.72532062080592,0.8714088024230159,1
2023-10-18,16633.0,16411.0,16616.0,16426.0,119250.0,222.0,16698.0,16556.0,102406.0,142.0,16698.0,16411.0,287.0,0.0,True,138.3845052115318,1.604225846388331,129.59037229420886,1.095760414034598,187.22767103787203,1.5328930729579295,2
2023-10-19,16487.0,16357.0,16365.0,16458.0,167286.0,130.0,,,,,16487.0,16357.0,130.0,1.0,True,137.58598090567162,0.9448637073651237,129.59037229420886,,181.7774166533128,0.7151603449615358,3
2023-10-20,16465.0,16255.0,16440.0,16413.0,230134.0,210.0,16578.0,16457.0,161322.0,121.0,16578.0,16255.0,323.0,,False,144.4825541527505,1.4534626774245896,128.6950977623062,0.9402067530457245,195.22718649585443,1.6544826865435505,4
2023-10-23,16366.0,16250.0,16350.0,16254.0,157732.0,116.0,,,,,16366.0,16250.0,116.0,,False,141.76992994772664,0.8182271095342396,128.6950977623062,,187.6817401629159,0.6180675855802858,0
2023-10-24,16343.0,16148.0,16274.0,16335.0,234286.0,195.0,16348.0,16145.0,145216.0,203.0,16348.0,16145.0,203.0,,False,146.83946042889553,1.3279809080640512,136.43903298310804,1.4878440249949045,189.140622052162,1.0732755227167212,1
2023-10-25,16480.0,16350.0,16370.0,16358.0,170102.0,130.0,16420.0,16292.0,123214.0,128.0,16480.0,16292.0,188.0,,False,145.23570229281026,0.8950967148415512,135.63531555614537,0.943707024053151,189.03199138052753,0.9945406522303937,2
2023-10-26,16176.0,16039.0,16144.0,16068.0,219708.0,137.0,16383.0,16208.0,145888.0,175.0,16383.0,16039.0,344.0,,False,144.451349693495,0.9484161988842217,139.38433312222676,1.2555213063045019,203.7908493442868,1.6880051342189664,3
2023-10-27,16217.0,16120.0,16137.0,16151.0,168846.0,97.0,16148.0,16033.0,150752.0,115.0,16217.0,16033.0,184.0,,False,139.93217353220976,0.6931929773653692,137.0620156820147,0.8390362525150746,201.90600654959283,0.9113151369016121,4
2023-10-30,16238.0,16111.0,16118.0,16157.0,177162.0,127.0,,,,,16238.0,16111.0,127.0,,False,138.70053795771358,0.9156417261966151,137.0620156820147,,194.7721011639173,0.6520441030367007,0
2023-10-31,16197.0,15973.0,16180.0,15994.0,217998.0,224.0,16230.0,16122.0,105768.0,108.0,16230.0,15973.0,257.0,,False,146.82429624745515,1.5256330575048305,134.03322000299582,0.8057703903374556,200.6985677197347,1.2805273247335145,1
2023-11-01,16120.0,15978.0,16099.0,16048.0,173752.0,142.0,16088.0,15994.0,112620.0,94.0,16120.0,15978.0,142.0,,False,146.36483946198322,0.9701783606088199,130.22053238366288,0.7218523705850936,195.10822793690284,0.7278011875845758,2
2023-11-02,16399.0,16250.0,16256.0,16390.0,161490.0,149.0,16219.0,16034.0,111984.0,185.0,16399.0,16034.0,365.0,,False,146.61580713227053,1.016261499454684,135.43762453759976,1.3659424449565778,211.28839670481685,1.7274966618726721,3
2023-11-03,16537.0,16441.0,16488.0,16512.0,147702.0,96.0,16510.0,16381.0,100392.0,129.0,16537.0,16381.0,156.0,,False,141.7952540720543,0.6770325327758636,134.82451743878073,0.9567992710122218,206.0228351138819,0.757197617991078,4
2023-11-06,16750.0,16626.0,16680.0,16670.0,165618.0,124.0,,,,,16750.0,16626.0,124.0,,False,140.10046796995388,0.8850791278341282,134.82451743878073,,198.21113653160745,0.6255955249024392,0
2023-11-07,16712.0,16613.0,16632.0,16708.0,129798.0,99.0,16715.0,16625.0,76406.0,90.0,16715.0,16613.0,102.0,,False,136.18613768710114,0.7269462346267624,130.15297964119068,0.6914939653945263,189.04817114764484,0.5395450237936391,1
2023-11-08,16797.0,16687.0,16725.0,16749.0,152212.0,110.0,16775.0,16683.0,82876.0,92.0,16797.0,16683.0,114.0,,False,133.69221981213911,0.8227853509693323,126.51936253250585,0.7271614254012938,181.90072627644057,0.6267154746086633,2
2023-11-09,16788.0,16692.0,16711.0,16763.0,139250.0,96.0,16797.0,16689.0,76444.0,108.0,16797.0,16689.0,108.0,,False,130.1024845919354,0.7378798360469644,124.75561371988624,0.86569250697201,174.86256186916052,0.6176279178662046,3
2023-11-10,16738.0,16627.0,16664.0,16736.0,153198.0,111.0,16843.0,16701.0,104864.0,142.0,16843.0,16627.0,216.0,,False,128.2832003450844,0.8652730809755896,126.39793622275423,1.12343606425464,178.78041311971666,1.2081860435984115,4
2023-11-13,16985.0,16836.0,16969.0,16876.0,162002.0,149.0,,,,,16985.0,16836.0,149.0,-2.0,True,130.2562288836478,1.1438992305933806,126.39793622275423,,175.94418329879127,0.8468594824016761,0
2023-11-14,16976.0,16912.0,16956.0,16949.0,117708.0,64.0,16956.0,16860.0,66736.0,96.0,16976.0,16860.0,116.0,-1.0,True,123.9461118471099,0.5163534301015051,123.2299130928394,0.7790316295011518,170.23521346081117,0.681410136256584,1
2023-11-15,17214.0,17094.0,17190.0,17162.0,107694.0,120.0,17177.0,16948.0,100300.0,229.0,17214.0,16948.0,266.0,0.0,True,123.57029167119468,0.9711072004208359,133.30325470304516,1.717887537780942,179.3556693216863,1.4830866568422287,2
2023-11-16,17218.0,17109.0,17196.0,17186.0,145356.0,109.0,17260.0,17156.0,123054.0,104.0,17260.0,17109.0,151.0,1.0,True,122.18264484536661,0.8921070593777827,130.5124685408504,0.7968587305315431,176.6551293862876,0.8547728023781969,3
2023-11-17,17252.0,17151.0,17152.0,17222.0,145852.0,101.0,17231.0,17122.0,110884.0,109.0,17252.0,17122.0,130.0,,False,120.16525009818884,0.840509214747786,128.46366201315035,0.8484889679452082,172.2117837304507,0.7548844636757179,4
2023-11-20,17288.0,17154.0,17227.0,17200.0,144496.0,134.0,,,,,17288.0,17154.0,134.0,,False,121.48284532693276,1.103036396944616,128.46366201315035,,168.57256623231254,0.7949098895210058,0
2023-11-21,17425.0,17280.0,17281.0,17414.0,140288.0,145.0,17300.0,17188.0,64284.0,112.0,17425.0,17188.0,237.0,,False,123.72257434341536,1.171976906958993,126.74784612096099,0.8836442072010717,175.08946468637802,1.35359372092728,1
2023-11-22,17334.0,17256.0,17298.0,17284.0,130872.0,78.0,17421.0,17308.0,82220.0,113.0,17421.0,17256.0,165.0,,False,119.36804345356627,0.6534412204749064,125.43852744277423,0.90083965671194,174.12856328767535,0.9475757272941248,2
2023-11-23,17323.0,17214.0,17275.0,17307.0,147486.0,109.0,17350.0,17225.0,114834.0,125.0,17350.0,17214.0,136.0,,False,118.38061074370282,0.9207588921465181,125.39676292441477,0.996835939659352,170.497271545992,0.7976667237358911,3
2023-11-24,17350.0,17265.0,17330.0,17292.0,103290.0,85.0,17376.0,17285.0,53720.0,91.0,17376.0,17265.0,111.0,,False,115.20150495858826,0.7378375832030591,122.12088074113717,0.7451633123486481,164.830864732088,0.6734175676407246,4
2023-11-27,17361.0,17145.0,17257.0,17173.0,180480.0,216.0,,,,,17361.0,17145.0,216.0,,False,124.8013616291989,1.7307503474342223,122.12088074113717,,169.7041157099844,1.2728035445476933,0
2023-11-28,17402.0,17195.0,17215.0,17364.0,174936.0,207.0,17245.0,17166.0,61020.0,79.0,17402.0,17166.0,236.0,,False,132.629803378799,1.560735179624711,117.62689317010054,0.6716151202408951,176.01800945189063,1.3407718945060771,1
2023-11-29,17450.0,17314.0,17339.0,17334.0,157990.0,136.0,17387.0,17322.0,69150.0,65.0,17450.0,17314.0,136.0,,False,132.95077448558007,1.0229349962511927,112.61480810628144,0.5771887471375483,172.20677045647247,0.7897482755149617,2
2023-11-30,17416.0,17291.0,17400.0,17393.0,165898.0,125.0,17445.0,17330.0,83904.0,115.0,17445.0,17291.0,154.0,,False,132.19355786790578,0.9455831435061764,112.84196923901655,1.0191243628194082,170.4727923177608,0.9033699624802558,3
2023-12-01,17434.0,17254.0,17333.0,17421.0,159366.0,180.0,17444.0,17322.0,111670.0,122.0,17444.0,17254.0,190.0,,False,136.74655235667666,1.316303752437613,113.7141626448245,1.0728654827372341,172.33252638273595,1.102519669316668,4
2023-12-04,17491.0,17376.0,17465.0,17419.0,138508.0,115.0,,,,,17491.0,17376.0,115.0,,False,134.67545213223127,0.8539046884883453,113.7141626448245,,166.87228577485632,0.6891497858137913,0
2023-12-05,17330.0,17231.0,17285.0,17309.0,153146.0,99.0,17417.0,17257.0,93862.0,160.0,17417.0,17231.0,186.0,,False,131.27779002439974,0.7541260405252063,118.53799681087257,1.3497781665340614,168.69397284391763,1.1025882956239024,1
2023-12-06,17453.0,17346.0,17367.0,17381.0,158688.0,107.0,17358.0,17272.0,81778.0,86.0,17453.0,17272.0,181.0,,False,128.9656195458855,0.8296784862257789,115.43913997174185,0.7449812950880593,169.8659754302112,1.0655459372696046,2
2023-12-07,17371.0,17261.0,17321.0,17270.0,154536.0,110.0,17428.0,17294.0,87076.0,134.0,17428.0,17261.0,167.0,,False,127.15937006532496,0.8650561884939366,117.20684092681405,1.1432779771248325,169.5930253892387,0.9847103064333727,3
2023-12-08,17470.0,17363.0,17409.0,17377.0,175206.0,107.0,17408.0,17264.0,92700.0,144.0,17470.0,17264.0,206.0,,False,125.23943005910354,0.854363517539996,119.75857036235557,1.2024191635245538,173.06035630454932,1.1903361601630122,4
2023-12-11,17457.0,17350.0,17436.0,17418.0,129926.0,107.0,,,,,17457.0,17350.0,107.0,,False,123.50234148204606,0.866380335109314,119.75857036235557,,166.76889379935415,0.6416064624661699,0
2023-12-12,17545.0,17427.0,17518.0,17464.0,134324.0,118.0,17520.0,17404.0,69462.0,116.0,17545.0,17404.0,141.0,,False,122.97830895994643,0.9595188045595272,119.36685831466592,0.9717940275701111,164.3147134375109,0.8581093990321352,1
2023-12-13,17519.0,17426.0,17491.0,17453.0,130214.0,93.0,17504.0,17397.0,94164.0,107.0,17519.0,17397.0,122.0,,False,120.123231916142,0.7742049436775333,118.18906228469774,0.9053291220997662,160.28474072917652,0.7611454430720642,2
2023-12-14,17691.0,17595.0,17608.0,17666.0,186002.0,96.0,17586.0,17404.0,95306.0,182.0,17691.0,17404.0,287.0,,False,117.82578125746181,0.8147622614971661,124.26629444805987,1.4645966616158443,172.35286065973114,1.6651884912233155,3
2023-12-15,17775.0,17672.0,17771.0,17674.0,140596.0,103.0,17744.0,17642.0,106744.0,102.0,17775.0,17642.0,133.0,,False,116.4138020900845,0.8847748132158376,122.14569497681607,0.8350683175478282,168.60496916832818,0.7888260984005657,4
2023-12-18,17673.0,17583.0,17672.0,17655.0,125812.0,90.0,,,,,17673.0,17583.0,90.0,-2.0,True,113.89820189102883,0.7901792873438578,122.14569497681607,,161.1187816284874,0.5585940949300668,0
2023-12-19,17621.0,17505.0,17596.0,17574.0,146482.0,116.0,17649.0,17567.0,56316.0,82.0,17649.0,17505.0,144.0,-1.0,True,114.09837313950227,1.016666555430836,117.96177639362432,0.6951404302896883,159.48842147339337,0.9028868595581578,1
2023-12-20,17676.0,17591.0,17592.0,17660.0,83254.0,85.0,17608.0,17542.0,51020.0,66.0,17676.0,17542.0,134.0,0.0,True,111.32709950716873,0.763515805013195,113.01303578470772,0.5840034252838887,157.06095276164163,0.8531719542244257,2
2023-12-21,17544.0,17414.0,17442.0,17531.0,145708.0,130.0,17678.0,17376.0,100738.0,302.0,17678.0,17376.0,302.0,1.0,True,113.10547098267647,1.149369688933183,131.01179428140222,2.3051359738752195,170.8646715462472,1.7674806457475265,3
2023-12-22,17597.0,17542.0,17563.0,17558.0,105330.0,55.0,17612.0,17504.0,99212.0,108.0,17612.0,17504.0,108.0,,False,107.57161660337394,0.5112872868945519,128.8201948260306,0.8383778657209151,164.87755997041413,0.6550315277553821,4
2023-12-25,17666.0,17607.0,17644.0,17622.0,73844.0,59.0,,,,,17666.0,17607.0,59.0,,False,102.94574835543357,0.5731174035113605,128.8201948260306,,154.7939828303747,0.38115176650408295,0
2023-12-26,17740.0,17634.0,17651.0,17732.0,105120.0,106.0,17659.0,17615.0,16634.0,44.0,17740.0,17615.0,125.0,,False,103.23662946443989,1.0267673455622839,119.98037303274701,0.3667266477658875,151.95646065605328,0.822604050267609,1
2023-12-27,17874.0,17737.0,17755.0,17857.0,129148.0,137.0,17760.0,17707.0,42418.0,53.0,17874.0,17707.0,167.0,,False,106.45218856306467,1.2869627374437504,113.6012898867711,0.4665439983368698,153.38917868881012,1.0887339082687377,2
2023-12-28,17887.0,17821.0,17850.0,17861.0,112822.0,66.0,17881.0,17812.0,66666.0,69.0,17887.0,17812.0,75.0,,False,102.59959917610612,0.6432773668707508,109.3535479927929,0.6309808988049254,145.92354262320916,0.5139677851274372,3
2023-12-29,17900.0,17828.0,17853.0,17868.0,112922.0,72.0,17871.0,17827.0,44176.0,44.0,17900.0,17827.0,73.0,,False,99.68535163552458,0.7222726189826828,103.12940056490785,0.42664846066187656,138.97844332576068,0.5252613157343439,4
2024-01-02,17920.0,17751.0,17838.0,17798.0,165640.0,169.0,,,,,17920.0,17751.0,169.0,,False,106.28674671785558,1.5900383182168558,103.12940056490785,,141.83763919949774,1.191503193043828,1
2024-01-03,17667.0,17507.0,17658.0,17549.0,195640.0,160.0,17817.0,17652.0,103634.0,165.0,17817.0,17507.0,310.0,,False,111.40229464948838,1.4362361251482068,109.57745311149314,1.5057842221621576,157.85310213287892,1.9638511743598526,2
2024-01-04,17583.0,17525.0,17525.0,17546.0,114188.0,58.0,17585.0,17479.0,103800.0,106.0,17585.0,17479.0,106.0,,False,106.31636182572758,0.5455416175270638,109.23674329135093,0.970369463663723,152.91471145355712,0.6931968742078427,3
2024-01-05,17626.0,17491.0,17577.0,17519.0,153474.0,135.0,17609.0,17539.0,86438.0,70.0,17626.0,17491.0,135.0,,False,109.048136889944,1.2379853874646911,105.49991059693656,0.6635076712760041,151.20854845798024,0.8928066658712455,4
2024-01-08,17706.0,17568.0,17572.0,17595.0,172304.0,138.0,,,,,17706.0,17568.0,138.0,,False,111.80545718613982,1.234286800243123,105.49991059693656,,149.95059146198213,0.9203031388841701,0
2024-01-09,17782.0,17526.0,17770.0,17545.0,192546.0,256.0,17774.0,17535.0,110680.0,239.0,17782.0,17526.0,256.0,,False,125.53827078745984,2.03921878479126,119.41307127914168,2.001455933088851,160.05053513226954,1.5994948082393823,1
2024-01-10,17521.0,17439.0,17509.0,17458.0,140330.0,82.0,17555.0,17431.0,131882.0,124.0,17555.0,17431.0,124.0,,False,121.39176880770175,0.6754988481129824,119.84992163350914,1.034627293117316,156.61715083395816,0.7917395977370442,2
2024-01-11,17606.0,17481.0,17490.0,17575.0,171382.0,125.0,17535.0,17441.0,99028.0,94.0,17606.0,17441.0,165.0,,False,121.73540987363492,1.026817095615432,117.3880243350797,0.8007631147422716,157.41551742120024,1.0481812892594686,3
2024-01-12,17570.0,17447.0,17466.0,17489.0,146558.0,123.0,17595.0,17397.0,155076.0,198.0,17595.0,17397.0,198.0,,False,121.85584702852684,1.0093893973852999,125.0653553507864,1.5831722497780836,161.2807062382288,1.2276731955001046,4
2024-01-15,17655.0,17527.0,17580.0,17559.0,213198.0,128.0,,,,,17655.0,17527.0,128.0,-2.0,True,122.44100445438143,1.0454014206302082,125.0653553507864,,158.1111151679213,0.809557252594532,0
2024-01-16,17499.0,17321.0,17480.0,17333.0,215014.0,178.0,17576.0,17530.0,43078.0,46.0,17576.0,17321.0,255.0,-1.0,True,127.73233736348796,1.393539049500561,116.82529350281362,0.3937503482402305,167.33862800907164,1.5238561653928233,1
2024-01-17,17344.0,17159.0,17313.0,17167.0,123968.0,185.0,17375.0,17285.0,103004.0,90.0,17375.0,17159.0,216.0,0.0,True,133.1864004717272,1.389030706924704,114.2705036454028,0.7876048247698502,171.97304438916007,1.2560107938265648,2
2024-01-18,17326.0,17215.0,17240.0,17280.0,181332.0,111.0,,,,,17326.0,17215.0,111.0,1.0,True,131.07340995061034,0.8468536833048428,114.2705036454028,,166.16608778066862,0.6680063392147425,3
2024-01-19,17684.0,17504.0,17541.0,17677.0,223640.0,180.0,17516.0,17333.0,171450.0,183.0,17684.0,17333.0,351.0,,False,135.73308519340935,1.3261320903706981,121.43337919600599,1.5069991563408538,183.76931751584303,1.9100032842519523,4
2024-01-22,17843.0,17747.0,17816.0,17818.0,166052.0,96.0,,,,,17843.0,17747.0,96.0,,False,131.9489818416561,0.7275539277385538,121.43337919600599,,175.41033489528655,0.5472881632505202,0
2024-01-23,17877.0,17790.0,17799.0,17870.0,154458.0,87.0,17834.0,17766.0,79794.0,68.0,17877.0,17766.0,111.0,,False,127.66812642816504,0.6814543491319445,115.86463992495821,0.5868917388777233,169.27601728621164,0.6557337641771271,1
2024-01-24,17941.0,17876.0,17903.0,17903.0,131264.0,65.0,17937.0,17863.0,87016.0,74.0,17941.0,17863.0,78.0,,False,121.69973343500646,0.5341014163742038,111.87753136067647,0.6614375478257116,160.5830632589534,0.48572992952699245,2
2024-01-25,18030.0,17935.0,18016.0,17995.0,149884.0,95.0,18090.0,17903.0,123088.0,187.0,18090.0,17903.0,187.0,,False,119.15690167929156,0.7972681285024564,119.03205218346919,1.5710054272757468,163.09896199619592,1.1465431644154886,3
2024-01-26,18023.0,17936.0,17951.0,17999.0,131506.0,87.0,18078.0,17982.0,99726.0,96.0,18078.0,17936.0,142.0,,False,116.09433961459713,0.7493905412513415,116.83852340409118,0.8216468096569466,161.08953704417726,0.881497349893419,4
2024-01-29,18135.0,17970.0,18011.0,18125.0,146576.0,165.0,,,,,18135.0,17970.0,165.0,,False,120.75202155606407,1.366436750902692,116.83852340409118,,161.46196208758894,1.0219125165250487,0
2024-01-30,18139.0,18064.0,18129.0,18081.0,126464.0,75.0,18152.0,18058.0,89076.0,94.0,18152.0,18058.0,94.0,,False,116.39468616977224,0.6443593128521836,114.45832989795761,0.8212595805285932,155.03701331734237,0.606306829502663,1
2024-01-31,18003.0,17904.0,17990.0,17920.0,157818.0,99.0,18066.0,17997.0,83582.0,69.0,18066.0,17904.0,162.0,,False,114.7380493916987,0.8628349577569396,110.12896514577118,0.6265381673991832,155.70015490616692,1.040461392589042,2
2024-02-01,17994.0,17882.0,17956.0,17986.0,165652.0,112.0,18044.0,17892.0,135060.0,152.0,18044.0,17882.0,162.0,,False,114.47728278296549,0.978360049061768,114.11668275093582,1.3319700181939744,156.30014015319864,1.0364674007407453,3
2024-02-02,18105.0,18023.0,18100.0,18084.0,128100.0,82.0,18061.0,17951.0,98506.0,110.0,18105.0,17951.0,154.0,,False,111.38420823220687,0.7361905363554904,113.72461772703717,0.9672487997631521,156.08107918622733,0.9866666786449861,4
2024-02-05,18102.0,17958.0,18008.0,18086.0,144262.0,144.0,,,,,18102.0,17958.0,144.0,,False,114.49047411485384,1.2577465602556854,113.72461772703717,,154.93050021611043,0.9294490097116861,0
2024-02-15,18696.0,18531.0,18590.0,18665.0,219548.0,165.0,,,,,18696.0,18531.0,165.0,,False,119.30090515153442,1.3830574025437543,113.72461772703717,,155.88950019552848,1.0584420361412694,3
2024-02-16,18726.0,18633.0,18683.0,18634.0,120142.0,93.0,18727.0,18657.0,68788.0,70.0,18727.0,18633.0,94.0,,False,116.79605704186447,0.796259757011018,108.74268866938999,0.6437214387150271,149.99526208166864,0.6266864612618188,4
2024-02-19,18692.0,18619.0,18680.0,18671.0,110144.0,73.0,,,,,18692.0,18619.0,73.0,-2.0,True,112.62500399025834,0.6481686784784864,108.74268866938999,,142.66237997865258,0.5116976179068611,0
2024-02-20,18754.0,18596.0,18634.0,18754.0,131430.0,158.0,18678.0,18649.0,20066.0,29.0,18754.0,18596.0,158.0,-1.0,True,116.9464321816623,1.351045919507539,100.43203625223272,0.2887524845873599,144.12310569497137,1.0962850074463306,1
2024-02-21,18755.0,18679.0,18755.0,18692.0,83162.0,76.0,18817.0,18708.0,73786.0,109.0,18817.0,18679.0,138.0,0.0,True,113.04677197388494,0.6722881040562294,101.24803279963913,1.0765641265909958,143.53995277164077,0.9614048028812275,2
2024-02-22,18890.0,18751.0,18887.0,18889.0,169140.0,139.0,18717.0,18670.0,68150.0,47.0,18890.0,18670.0,220.0,1.0,True,115.51850797637209,1.2032703887452456,96.08155348538779,0.4891677777373554,150.8218620314845,1.4586744722331724,3
2024-02-23,19000.0,18898.0,18990.0,18913.0,161494.0,102.0,19004.0,18888.0,91906.0,116.0,19004.0,18888.0,116.0,,False,114.23103102624141,0.8929272465077228,97.97854839154134,1.1839326250930096,147.50549421896216,0.7864113849739431,4
2024-02-26,18996.0,18853.0,18907.0,18963.0,136100.0,143.0,,,,,18996.0,18853.0,143.0,,False,116.97093283326603,1.2225259432942763,97.97854839154134,,147.07639953144195,0.9722837957386188,0
2024-02-27,19020.0,18750.0,18950.0,18867.0,240874.0,270.0,18993.0,18956.0,55940.0,37.0,19020.0,18750.0,270.0,,False,131.54512970628832,2.0525275287868987,91.62346394378766,0.4038266881363495,158.78340909987605,1.7004295444379067,1
2024-02-29,18997.0,18805.0,18808.0,18966.0,169586.0,192.0,,,,,18997.0,18805.0,192.0,,False,137.30273640092753,1.3983697997056304,91.62346394378766,,161.9468939475069,1.1855738342362678,3
2024-03-01,19017.0,18924.0,18968.0,18961.0,150234.0,93.0,19000.0,18891.0,104648.0,109.0,19017.0,18891.0,126.0,,False,133.08342817226776,0.6988097712633131,93.43441807371549,1.1665936626694027,158.52338023822054,0.7948354356982161,4
2024-03-04,19340.0,19137.0,19144.0,19313.0,195452.0,203.0,,,,,19340.0,19137.0,203.0,,False,139.74214929871846,1.4526755243048324,93.43441807371549,,162.75924878696145,1.2472409495186993,0
2024-03-05,19436.0,19305.0,19362.0,19389.0,167024.0,131.0,19437.0,19312.0,109190.0,125.0,19437.0,19305.0,132.0,,False,138.90956365122148,0.9430596177590691,96.72413132657888,1.2923352041069318,159.82979652153654,0.8258785462585096,1
2024-03-06,19523.0,19271.0,19282.0,19509.0,192132.0,252.0,19387.0,19217.0,108102.0,170.0,19523.0,19217.0,306.0,,False,149.68008139872418,1.683590746645251,103.70278548595232,1.6393002290476408,173.7507682813902,1.7611432917777463,2
2024-03-07,19770.0,19584.0,19688.0,19709.0,241380.0,186.0,19767.0,19488.0,154978.0,279.0,19770.0,19488.0,282.0,,False,153.13912126551236,1.2145818681923446,120.397758296814,2.3173188931988857,184.0602189212578,1.532107272569536,3
2024-03-08,20009.0,19638.0,19930.0,19791.0,342932.0,371.0,19972.0,19647.0,168632.0,325.0,20009.0,19638.0,371.0,,False,173.8877763830826,2.1335599759621418,139.88368607806981,2.3233588498562714,201.86400759542374,1.8378709727370466,4
2024-03-11,19825.0,19679.0,19691.0,19717.0,194932.0,146.0,,,,,19825.0,19679.0,146.0,,False,171.23179767993187,0.8526453729867662,139.88368607806981,,196.5436259196691,0.7428376235394824,0
2024-03-12,19956.0,19698.0,19714.0,19955.0,182912.0,258.0,19772.0,19655.0,119338.0,117.0,19956.0,19655.0,301.0,,False,179.49543599612883,1.437362451965432,137.49878579201786,0.8509166050162469,206.49185202255777,1.457684635261627,1
2024-03-13,20064.0,19886.0,19994.0,19926.0,222636.0,178.0,20005.0,19865.0,161258.0,140.0,20064.0,19865.0,199.0,,False,179.35301352030703,0.9924561428115963,137.73699666896854,1.0164298872907056,205.7783423061237,0.9670599819681704,2
2024-03-14,19978.0,19799.0,19897.0,19939.0,217350.0,179.0,19958.0,19830.0,85554.0,128.0,19978.0,19799.0,179.0,,False,179.3193931850397,0.998218858655683,136.8096636528763,0.9356064226922679,203.2280239912548,0.8807840399398,3
2024-03-15,19873.0,19723.0,19828.0,19730.0,211840.0,150.0,19966.0,19808.0,96326.0,158.0,19966.0,19723.0,243.0,,False,176.52707002455972,0.8497280330950427,138.82779092403095,1.1381006565642209,207.0158312301829,1.1738232702107017,4
2024-03-18,19920.0,19747.0,19778.0,19919.0,161622.0,173.0,,,,,19920.0,19747.0,173.0,-2.0,True,176.19115859364928,0.9818880889420276,138.82779092403095,,203.77622825587977,0.8489704686395787,0
2024-03-19,19911.0,19739.0,19816.0,19867.0,179078.0,172.0,19965.0,19840.0,86720.0,125.0,19965.0,19739.0,226.0,-1.0,True,175.79200063234936,0.9784290489970592,137.38668119993838,0.9098407422629848,205.89277794579598,1.0976587049570894,1
2024-03-20,19956.0,19731.0,19860.0,19747.0,137058.0,225.0,19887.0,19760.0,82050.0,127.0,19956.0,19731.0,225.0,0.0,True,180.4784767626018,1.2466860538498508,136.3974734666109,0.9311022907699875,207.7125133795297,1.0832279497233892,2
2024-03-21,20264.0,20029.0,20048.0,20264.0,202510.0,235.0,,,,,20264.0,20029.0,235.0,1.0,True,185.67100278521113,1.2656795971089458,136.3974734666109,,210.3113216290983,1.1173911046712086,3
2024-03-22,20285.0,20122.0,20226.0,20242.0,188870.0,163.0,20358.0,20181.0,140894.0,177.0,20358.0,20122.0,236.0,,False,183.51185966281008,0.8882259724221685,140.62900228646782,1.2586308451470256,212.75786242632702,1.1092422028902513,4
2024-03-25,20307.0,20188.0,20256.0,20231.0,145098.0,119.0,,,,,20307.0,20188.0,119.0,,False,177.36787302825675,0.6709219542878655,140.62900228646782,,203.82854219524825,0.5838240254203917,0
2024-03-26,20459.0,20038.0,20280.0,20187.0,347006.0,421.0,20278.0,20162.0,79756.0,116.0,20459.0,20038.0,421.0,,False,200.57093273985134,2.099008037949617,138.06220800351088,0.8402009621420089,224.51153817665318,1.8751820214636057,1
2024-03-27,20288.0,20148.0,20185.0,20261.0,172438.0,140.0,20223.0,20127.0,82248.0,96.0,20288.0,20127.0,161.0,,False,194.80227247891312,0.7186774477446338,134.05628343174794,0.7161171229163343,218.46282025506716,0.7369675069287478,2
2024-03-28,20250.0,20081.0,20238.0,20203.0,207552.0,169.0,20285.0,20183.0,93882.0,102.0,20285.0,20081.0,204.0,,False,192.3449131952071,0.878629942391485,131.00330405729576,0.7786063163367938,217.08540880220363,0.9397223015844131,3
2024-03-29,20299.0,20192.0,20226.0,20280.0,168010.0,107.0,20270.0,20156.0,89400.0,114.0,20299.0,20156.0,143.0,,False,184.216826224235,0.5808372785108997,129.38394176612474,0.881098523076899,210.02965558294613,0.6808562324358315,4
2024-04-01,20400.0,20259.0,20393.0,20288.0,167008.0,141.0,,,,,20400.0,20259.0,141.0,,False,180.1009380124031,0.7828943122455568,129.38394176612474,,203.4554026702846,0.6930265706853779,0
2024-04-02,20524.0,20350.0,20350.0,20523.0,192958.0,174.0,20397.0,20283.0,94738.0,114.0,20524.0,20283.0,241.0,,False,179.51989629693614,0.9692518968047646,127.78065254980403,0.8921538411737813,207.03107860644798,1.16407643539415,1
2024-04-03,20419.0,20275.0,20370.0,20349.0,223078.0,144.0,20554.0,20417.0,105776.0,137.0,20554.0,20275.0,279.0,,False,176.13704903056126,0.8175452058074096,128.6586856402989,1.064832889580588,213.88526159631007,1.3044377060752712,2
2024-04-08,20520.0,20375.0,20404.0,20450.0,171268.0,145.0,,,,,20520.0,20375.0,145.0,,False,173.17161578955543,0.8373196689243194,128.6586856402989,,207.32476049189958,0.6993858314654381,0
2024-04-09,20877.0,20518.0,20538.0,20874.0,234064.0,359.0,20561.0,20427.0,92434.0,134.0,20877.0,20427.0,450.0,,False,190.86955714293111,1.8808656832119424,129.21534867530497,1.0370285060849698,230.43668806409963,1.9528140409431043,1
2024-04-10,20892.0,20804.0,20822.0,20851.0,151234.0,88.0,20893.0,20749.0,120494.0,144.0,20893.0,20749.0,144.0,,False,181.07245646265196,0.48599329638050665,130.6234107062283,1.1024057572945758,222.20462253418538,0.648051324755164,2
2024-04-11,20764.0,20651.0,20706.0,20753.0,175380.0,113.0,20874.0,20681.0,144226.0,193.0,20874.0,20651.0,223.0,,False,174.58936537097082,0.6472330073478155,136.56403825801607,1.4132563921063694,222.28037276902486,1.0032374753650557,3
2024-04-12,20809.0,20682.0,20745.0,20755.0,170716.0,127.0,20777.0,20630.0,124618.0,147.0,20809.0,20630.0,179.0,,False,170.0570448594498,0.7468082260571095,137.55793937630025,1.068640608215788,218.1584325053082,0.8205046119207177,4
2024-04-15,20605.0,20460.0,20544.0,20508.0,193638.0,145.0,,,,,20605.0,20460.0,145.0,-2.0,True,167.6706596347403,0.864790538284236,137.55793937630025,,211.1909627428979,0.6865824091939093,0
2024-04-16,20286.0,19798.0,20278.0,19953.0,324728.0,488.0,20588.0,20254.0,139444.0,334.0,20588.0,19798.0,790.0,-1.0,True,198.17821586000312,2.462430080330991,158.03080921797616,2.1135119262681545,266.31563295786003,2.966404905434163,1
2024-04-17,20242.0,19955.0,19979.0,20185.0,152008.0,287.0,19974.0,19821.0,120588.0,153.0,20242.0,19821.0,421.0,0.0,True,206.63743339714568,1.3889061400041778,157.55168453054986,0.9711098961327368,281.0474774380638,1.4979675456890673,2
2024-04-18,20359.0,20025.0,20070.0,20358.0,240148.0,334.0,20171.0,19933.0,156394.0,238.0,20359.0,19933.0,426.0,1.0,True,218.76720164503658,1.5267370862197882,165.2134288609737,1.4405608650630686,294.85247958681964,1.4447902917315092,3
2024-04-19,19924.0,19265.0,19840.0,19546.0,474106.0,659.0,20449.0,19915.0,261074.0,534.0,20449.0,19265.0,1184.0,,False,260.6941348216998,2.527866614454979,200.33595944564286,2.665522462755321,379.53319581664636,3.1196217170210168,4
2024-04-22,19715.0,19445.0,19620.0,19524.0,270298.0,270.0,,,,,19715.0,19445.0,270.0,,False,261.5804076958236,1.0321873965192647,200.33595944564286,,369.1014628817276,0.731506176897806,0
2024-04-23,19745.0,19554.0,19651.0,19677.0,201080.0,191.0,19728.0,19492.0,109960.0,236.0,19745.0,19492.0,253.0,,False,254.85846410574518,0.7494355766059658,204.0528073446081,1.1565633576480958,358.04418070251546,0.7066167071996278,1
2024-04-24,20202.0,19916.0,19930.0,20170.0,201112.0,286.0,19888.0,19678.0,113616.0,210.0,20202.0,19678.0,524.0,,False,257.8243246671028,1.1092824556770469,204.61920664512164,1.026296619183997,373.84949682608544,1.4016335569491605,2
2024-04-25,19979.0,19834.0,19940.0,19885.0,191002.0,145.0,20160.0,19934.0,162890.0,226.0,20160.0,19834.0,326.0,,False,247.0791508892835,0.586856476874387,206.65547267891958,1.0936076217596038,369.2924018902678,0.8827693132361499,3
2024-04-26,20271.0,20070.0,20126.0,20178.0,226960.0,201.0,20139.0,19710.0,247860.0,429.0,20271.0,19710.0,561.0,,False,242.69066032839936,0.8282148135738507,227.8311419475939,1.8829734878767332,387.55026837690895,1.447554151747881,4
2024-04-29,20560.0,20310.0,20350.0,20552.0,195906.0,250.0,,,,,20560.0,20310.0,250.0,,False,243.38678791617085,1.0271716149444683,227.8311419475939,,374.45024281720333,0.6676454476811312,0
2024-04-30,20576.0,20404.0,20518.0,20413.0,153750.0,172.0,20550.0,20402.0,106360.0,148.0,20576.0,20402.0,174.0,,False,236.58804620986885,0.7270020728241904,219.51127107464364,0.674225060405547,355.3597435012792,0.4896446577927408,1
2024-05-02,20380.0,20215.0,20250.0,20291.0,179740.0,165.0,,,,,20380.0,20215.0,165.0,,False,229.7701370470242,0.7181089854432715,219.51127107464364,,337.230244120205,0.4892799589504971,3
2024-05-03,20597.0,20306.0,20548.0,20382.0,201552.0,291.0,20514.0,20192.0,158762.0,322.0,20597.0,20192.0,405.0,,False,235.60155256635522,1.2351361730438608,230.19247855569816,1.398829371056482,343.68450658494737,1.1784063355788705,4
2024-05-06,20714.0,20562.0,20685.0,20602.0,167310.0,152.0,,,,,20714.0,20562.0,152.0,,False,227.63949994098806,0.6677224297162997,230.19247855569816,,325.4288392911429,0.46707599833834684,0
2024-05-07,20756.0,20536.0,20733.0,20650.0,170848.0,220.0,20760.0,20610.0,81858.0,150.0,20760.0,20536.0,224.0,,False,226.91192851803683,0.9695391574908437,221.83494977321845,0.6761783936811796,315.76894983484357,0.7093794374562749,1
2024-05-08,20738.0,20574.0,20618.0,20725.0,145860.0,164.0,20684.0,20609.0,73936.0,75.0,20738.0,20574.0,164.0,,False,220.9203162782238,0.7423491092302295,207.85066884243574,0.36083598103239617,301.314764136287,0.5442813280992149,2
2024-05-09,20763.0,20605.0,20707.0,20612.0,157556.0,158.0,20756.0,20614.0,104472.0,142.0,20763.0,20605.0,158.0,,False,214.92790520410725,0.7351302282035206,201.57917657172757,0.7044378413237162,287.66573898045016,0.5492485846941186,3
2024-05-10,20828.0,20616.0,20738.0,20809.0,184986.0,212.0,20722.0,20559.0,100096.0,163.0,20828.0,20559.0,269.0,,False,214.64905708943036,0.9876586595564374,197.9049692791821,0.8236276258938092,285.88804955374064,0.9409277527336236,4
2024-05-13,20965.0,20833.0,20942.0,20883.0,156844.0,132.0,,,,,20965.0,20833.0,132.0,-2.0,True,206.77771831900841,0.638366653201752,197.9049692791821,,271.23204483433676,0.486668159290039,0
2024-05-14,21015.0,20868.0,20892.0,21013.0,135692.0,147.0,20944.0,20853.0,59106.0,91.0,21015.0,20853.0,162.0,-1.0,True,201.08460228862666,0.7310355856536626,186.7635084610043,0.48724721842008306,260.8289929453523,0.6210965973170839,1
2024-05-15,21361.0,21116.0,21184.0,21143.0,123732.0,245.0,21177.0,20944.0,89100.0,233.0,21361.0,20944.0,417.0,0.0,True,205.26702111828126,1.1935672796597139,191.16698384567056,1.2188297127086616,275.70242218865206,1.5125003135252242,2
2024-05-16,21556.0,21326.0,21465.0,21370.0,209366.0,230.0,,,,,21556.0,21326.0,230.0,1.0,True,207.6225429165402,1.1077795155049954,191.16698384567056,,271.3498105516376,0.8476143747158845,3
2024-05-17,21407.0,21288.0,21303.0,21336.0,143650.0,119.0,21440.0,21268.0,96374.0,172.0,21440.0,21268.0,172.0,,False,199.18230073401256,0.5974426420493668,189.1694321793724,0.9092378087645145,261.887923832434,0.6567694969778455,4
2024-05-20,21485.0,21153.0,21435.0,21302.0,218698.0,332.0,,,,,21485.0,21153.0,332.0,,False,211.83160542601135,1.567282650444535,189.1694321793724,,268.56526441982123,1.2361985855364288,0
2024-05-21,21350.0,21165.0,21324.0,21277.0,149846.0,185.0,21387.0,21239.0,84112.0,148.0,21387.0,21165.0,222.0,,False,209.27621443305787,0.88399917067105,184.87882138152216,0.8005243591129468,264.1304773322192,0.8404936917626961,1
2024-05-22,21613.0,21283.0,21293.0,21583.0,189470.0,330.0,21335.0,21260.0,65202.0,75.0,21613.0,21260.0,353.0,,False,220.77371782038568,1.49474313907454,174.4141717261391,0.43001092891558823,272.59424139581733,1.2949649933632692,2
2024-05-23,21661.0,21492.0,21630.0,21604.0,170896.0,169.0,21593.0,21433.0,97740.0,160.0,21661.0,21433.0,228.0,,False,215.84288755177752,0.7829769232468194,173.0413934665068,0.9246342553925917,268.3471707866919,0.8496456263413945,3
2024-05-24,21617.0,21414.0,21448.0,21565.0,148590.0,203.0,21691.0,21390.0,158642.0,301.0,21691.0,21390.0,301.0,,False,214.6197554039892,0.9458588731400017,185.22792742207758,1.625024931116966,271.4569640451022,1.1088313798057112,4
2024-05-27,21917.0,21655.0,21670.0,21875.0,176094.0,262.0,,,,,21917.0,21655.0,262.0,,False,219.1321596512283,1.195625509359285,185.22792742207758,,270.5563008027115,0.9683751560125345,0
2024-05-28,21994.0,21845.0,21892.0,21954.0,143704.0,149.0,21928.0,21855.0,41838.0,73.0,21994.0,21845.0,149.0,,False,212.45290635111132,0.7013318977795222,173.53171662374692,0.4206723786308141,258.97951025007234,0.5753350906259905,1
2024-05-29,21907.0,21720.0,21865.0,21722.0,171660.0,187.0,21970.0,21833.0,86350.0,137.0,21970.0,21720.0,250.0,,False,210.02882003195788,0.8903539998536686,170.05250551672341,0.8056335282077162,258.1243187976845,0.9685255583994304,2
2024-05-30,21553.0,21368.0,21512.0,21391.0,199934.0,185.0,21741.0,21547.0,119412.0,194.0,21741.0,21368.0,373.0,,False,207.64512288605712,0.890943150644172,172.33321927703548,1.1257260835366507,269.0648598645717,1.3862828471460076,3
2024-05-31,21583.0,21253.0,21505.0,21285.0,261632.0,330.0,21641.0,21397.0,135734.0,244.0,21641.0,21253.0,388.0,,False,219.29796832548024,1.504801902725413,179.15862696493687,1.3619215782880119,280.3920160679458,1.3837769186194595,4
2024-06-03,21698.0,21424.0,21469.0,21654.0,232422.0,274.0,,,,,21698.0,21424.0,274.0,,False,224.50768562781545,1.2204481963892853,179.15862696493687,,279.7832526329033,0.9793295253433507,0
2024-06-04,21574.0,21284.0,21560.0,21320.0,222194.0,290.0,21666.0,21405.0,143466.0,261.0,21666.0,21284.0,382.0,,False,230.74504890135682,1.256798364171942,187.6880008296333,1.3906056798852735,289.5181809535792,1.3194335455611652,1
2024-06-05,21493.0,21226.0,21350.0,21463.0,217644.0,267.0,21334.0,21135.0,163240.0,199.0,21493.0,21135.0,358.0,,False,234.19790138694188,1.1400614540899001,188.76533408395395,1.0542189908211332,296.0402589580002,1.2092949832569568,2
2024-06-06,21962.0,21791.0,21825.0,21875.0,219382.0,171.0,21799.0,21373.0,156660.0,426.0,21962.0,21373.0,589.0,,False,228.17905363580456,0.7494114699631117,211.35911179024404,2.0155270165157053,323.9411866762859,1.818231284645466,3
2024-06-07,21908.0,21781.0,21839.0,21897.0,139538.0,127.0,21932.0,21743.0,129916.0,189.0,21932.0,21743.0,189.0,,False,218.54295328953745,0.5811214595958332,209.22967257212557,0.9033135581419409,311.0896450880682,0.6075419191355433,4
2024-06-11,21970.0,21783.0,21920.0,21798.0,188360.0,187.0,,,,,21970.0,21783.0,187.0,,False,215.5388625000577,0.8675929613387003,209.22967257212557,,299.2715836511093,0.6248505044100829,1
2024-06-12,22063.0,21790.0,21829.0,22046.0,191026.0,273.0,21858.0,21646.0,113332.0,212.0,22063.0,21646.0,417.0,,False,221.0113517857665,1.23523066934873,209.51839155964598,1.0118443465601328,310.4838137795751,1.3430651824447282,2
2024-06-13,22473.0,22207.0,22308.0,22323.0,224486.0,266.0,22340.0,22020.0,152788.0,320.0,22473.0,22020.0,453.0,,False,225.29598494902683,1.180669065452642,220.04044950634636,1.4542780689546384,324.056783895806,1.3979031531265615,3
2024-06-14,22514.0,22270.0,22274.0,22511.0,158654.0,244.0,22403.0,22181.0,134664.0,222.0,22514.0,22181.0,333.0,,False,227.0773197157862,1.074523868369569,220.2270733628848,1.0080504481580874,324.9085187628721,1.0249038753060005,4
2024-06-17,22554.0,22420.0,22430.0,22477.0,135016.0,134.0,,,,,22554.0,22420.0,134.0,-2.0,True,218.2128130761875,0.6140794305841922,220.2270733628848,,306.72675507117003,0.43687092105449976,0
2024-06-18,22812.0,22666.0,22726.0,22786.0,168720.0,146.0,22767.0,22482.0,112074.0,285.0,22812.0,22482.0,330.0,-1.0,True,211.33540230702678,0.6908449715769442,226.97760169727397,1.2556305021678396,308.94325458820146,1.0681573237126205,1
2024-06-19,23291.0,22940.0,22956.0,23225.0,154156.0,351.0,23008.0,22774.0,114666.0,234.0,23291.0,22774.0,517.0,0.0,True,224.63679256350042,1.5625223098784193,227.64640153562883,1.0279099446400728,328.75818272265843,1.5725844318714435,2
2024-06-20,23380.0,23106.0,23153.0,23378.0,180084.0,274.0,,,,,23380.0,23106.0,274.0,1.0,True,229.3380504145956,1.1947428675907241,227.64640153562883,,323.54311770145284,0.8468732141378188,3
2024-06-21,23291.0,23025.0,23034.0,23210.0,196368.0,266.0,23400.0,22974.0,186116.0,426.0,23400.0,22974.0,426.0,,False,232.8296646608246,1.142466104512483,248.31848872050128,1.7155387913120352,333.3009160156002,1.278124300084615,4
2024-06-24,23073.0,22708.0,23050.0,22746.0,249914.0,365.0,,,,,23073.0,22708.0,365.0,,False,245.41731564550795,1.4872626205692134,248.31848872050128,,336.31987639506684,1.0852763265506298,0
2024-06-25,22776.0,22410.0,22608.0,22743.0,252052.0,366.0,22850.0,22572.0,153854.0,278.0,22850.0,22410.0,440.0,,False,256.90138082212627,1.424671205848487,251.4118472161314,1.1057553694397366,346.19417388125095,1.2709630409636115,1
2024-06-26,23005.0,22744.0,22806.0,22872.0,226236.0,261.0,22819.0,22611.0,115168.0,208.0,23005.0,22611.0,394.0,,False,257.29172550573327,1.0144127234833447,247.27738557649985,0.841160624191618,350.7471097020842,1.1233164553648176,2
2024-06-27,22822.0,22555.0,22614.0,22793.0,167438.0,267.0,22938.0,22612.0,155768.0,326.0,22938.0,22555.0,383.0,,False,258.2163230766158,1.0340167376668048,254.77477742635702,1.2795615142642238,353.8188135399809,1.082474942946248,3
2024-06-28,23117.0,22793.0,22908.0,22983.0,205562.0,324.0,22967.0,22751.0,144258.0,216.0,23117.0,22751.0,366.0,,False,264.4814351645572,1.2250387245456797,251.08194148098968,0.8602769228481297,354.9789265361732,1.031047120378014,4
2024-07-01,23166.0,22938.0,22960.0,22991.0,167132.0,228.0,,,,,23166.0,22938.0,228.0,,False,261.0070127679327,0.87353974738878,251.08194148098968,,342.88569543749,0.6649446245026155,0
2024-07-02,22993.0,22717.0,22838.0,22831.0,209896.0,276.0,23013.0,22800.0,133606.0,213.0,23013.0,22717.0,296.0,,False,262.43491631384387,1.051689325020813,247.11310390728852,0.8619534805402832,338.42039111011,0.8746517874677714,1
2024-07-03,23188.0,22981.0,23073.0,23185.0,167878.0,207.0,23096.0,22752.0,129914.0,344.0,23188.0,22752.0,436.0,,False,257.15540047443017,0.804960734319024,256.3404273446896,1.3419654619575025,347.71368719486145,1.2539051986057201,2
2024-07-04,23626.0,23461.0,23487.0,23624.0,176108.0,165.0,23494.0,23171.0,124334.0,323.0,23626.0,23171.0,455.0,,False,248.3786956673416,0.66430818294089,262.6889580737668,1.229591081286702,357.9314312715413,1.271193195813023,3
2024-07-05,23677.0,23526.0,23659.0,23570.0,120996.0,151.0,23697.0,23565.0,66316.0,132.0,23697.0,23526.0,171.0,,False,239.10453417521381,0.6315229467348723,250.24239063816995,0.5274885668386265,340.1284378171088,0.5027512580172693,4
2024-07-08,23994.0,23512.0,23545.0,23913.0,213904.0,482.0,,,,,23994.0,23512.0,482.0,,False,262.2374356823363,1.8380289554992257,250.24239063816995,,353.6400151678604,1.3629679315877523,0
2024-07-09,24092.0,23624.0,23945.0,23878.0,261134.0,468.0,24053.0,23812.0,119776.0,241.0,24092.0,23624.0,468.0,,False,281.83387037925667,1.6605527198353567,249.27916382228128,0.9667875818606976,364.5314422947308,1.283839871408439,1
2024-07-10,24014.0,23702.0,23759.0,24000.0,212502.0,312.0,23874.0,23710.0,97452.0,164.0,24014.0,23702.0,312.0,,False,284.70683510504176,1.0958641013479304,241.15733869634974,0.6800539468819506,359.52844779047075,0.8678033738844226,2
2024-07-11,24405.0,24160.0,24251.0,24367.0,185968.0,245.0,24252.0,23996.0,120450.0,256.0,24405.0,23996.0,409.0,,False,280.9252317617044,0.8721181734498733,242.57092548717358,1.0553614349529143,364.24002419137827,1.1228859346470503,3
2024-07-12,24070.0,23784.0,24038.0,23810.0,213022.0,286.0,24449.0,23981.0,199758.0,468.0,24449.0,23784.0,665.0,,False,281.4085430224945,1.0163159829058157,264.0403611550618,1.772456294002566,392.883831411247,1.6926122859556372,4
2024-07-15,24112.0,23756.0,24091.0,23853.0,216826.0,356.0,,,,,24112.0,23756.0,356.0,-2.0,True,288.51249130606647,1.2339153788053492,264.0403611550618,,389.3710855625568,0.914294905811142,0
2024-07-16,24182.0,23824.0,23830.0,24002.0,231300.0,358.0,24038.0,23711.0,152356.0,327.0,24182.0,23711.0,471.0,-1.0,True,295.1303492769173,1.2130233331716518,270.6019116054028,1.208417183973327,397.14526788993237,1.1859640239513978,1
2024-07-17,24000.0,23647.0,23980.0,23679.0,161224.0,353.0,24086.0,23904.0,112974.0,182.0,24086.0,23647.0,439.0,0.0,True,300.64174458387754,1.174154974681218,262.16363430965015,0.6942229057788915,401.13143285279597,1.094404387304898,2
2024-07-18,23444.0,23154.0,23294.0,23383.0,252398.0,290.0,,,,,23444.0,23154.0,290.0,1.0,True,299.62824509969874,0.9678660297980418,262.16363430965015,,390.5474868668154,0.7425473463586667,3
2024-07-19,23185.0,22853.0,23148.0,22909.0,252242.0,332.0,23592.0,22872.0,338058.0,720.0,23592.0,22853.0,739.0,,False,302.71126937591794,1.096754675451842,309.87859053544344,2.3234906250086595,423.7334404985473,1.7440209560296283,4
2024-07-22,22906.0,22184.0,22859.0,22379.0,355770.0,722.0,,,,,22906.0,22184.0,722.0,,False,342.6435294353543,2.1071461678841303,309.87859053544344,,452.13977949868564,1.5968513117791239,0
2024-07-23,22871.0,22571.0,22600.0,22830.0,190582.0,300.0,22688.0,22366.0,144568.0,322.0,22871.0,22366.0,505.0,,False,338.58224091770154,0.8860476532581056,311.14186397839967,1.034897701912444,457.17408621309653,1.1046120399847226,1
2024-07-26,22156.0,21918.0,22028.0,22095.0,241692.0,238.0,,,,,22156.0,21918.0,238.0,,False,329.00297987792044,0.7233977032314786,311.14186397839967,,436.3003637166112,0.5454957634520502,4
2024-07-29,22519.0,22146.0,22430.0,22261.0,198416.0,373.0,,,,,22519.0,22146.0,373.0,,False,333.1931722704994,1.1194707186171986,311.14186397839967,,430.2717576483625,0.8668939882055481,0
2024-07-30,22299.0,21809.0,21933.0,22246.0,251924.0,490.0,22266.0,21884.0,148902.0,382.0,22299.0,21809.0,490.0,,False,348.12715586378516,1.4075316784299547,319.2153526712109,1.1966842973040108,435.9601616818518,1.1239559094337261,1
2024-07-31,22348.0,22013.0,22050.0,22290.0,219898.0,335.0,22317.0,21786.0,183142.0,531.0,22348.0,21786.0,562.0,,False,346.87695054342464,0.9657603351135958,339.38531908347653,1.5645933107359695,447.9639558073897,1.2545652227467206,2
2024-08-01,22728.0,22460.0,22721.0,22653.0,204614.0,268.0,22687.0,22341.0,157906.0,346.0,22728.0,22341.0,387.0,,False,339.36486001547945,0.7897105197862139,340.015288694574,1.0176013006015205,442.1578647781145,0.8752530053812476,3
2024-08-02,22099.0,21508.0,22000.0,21533.0,278922.0,591.0,22635.0,22008.0,229000.0,627.0,22635.0,21508.0,1127.0,,False,363.33011144257665,1.6266199287845318,367.3471659617574,1.706832277740435,507.38092527543694,2.221210817864697,4
2024-08-05,20742.0,19374.0,20712.0,19374.0,414024.0,1368.0,,,,,20742.0,19374.0,1368.0,,False,459.0129579718551,2.9803080201580725,367.3471659617574,,589.3446466777763,2.3212224081640858,0
2024-08-06,20790.0,19589.0,20395.0,20420.0,379854.0,1201.0,20375.0,18836.0,337186.0,1539.0,20790.0,18836.0,1954.0,,False,529.6783905459641,2.2674136257702973,489.45490548931616,3.144314180407358,719.3118231846547,2.716485308623084,1
2024-08-07,21335.0,20494.0,20500.0,21131.0,309672.0,841.0,20746.0,19947.0,261758.0,799.0,21335.0,19947.0,1388.0,,False,559.3280676368247,1.5035898404906558,518.9353906808099,1.5396907097659371,782.9964114527828,1.7726773452571574,2
2024-08-08,21082.0,20545.0,20680.0,20691.0,241988.0,537.0,21454.0,20684.0,245868.0,770.0,21454.0,20545.0,909.0,,False,557.2015850047461,0.963744566511644,542.846305854066,1.4184493689950612,794.9967532191845,1.1434008960655269,3
2024-08-09,21593.0,21032.0,21305.0,21481.0,271048.0,561.0,21444.0,20565.0,226724.0,879.0,21593.0,20565.0,1028.0,,False,557.563338813818,1.006163714410444,574.8609433917741,1.529065437658289,817.1875386268812,1.2579731718955807,4
2024-08-12,21895.0,21600.0,21650.0,21673.0,177594.0,295.0,,,,,21895.0,21600.0,295.0,,False,532.5573065458353,0.5539309974232987,574.8609433917741,,767.4553920909877,0.38438716183392907,0
2024-08-13,21898.0,21662.0,21848.0,21769.0,136444.0,236.0,21924.0,21560.0,146638.0,364.0,21924.0,21560.0,364.0,,False,504.3137535414701,0.46796264893178957,552.8853612020606,0.6583643292862849,729.0310690347033,0.4992928497299378,1
2024-08-14,22158.0,21908.0,22104.0,21978.0,168000.0,250.0,22140.0,21692.0,132376.0,448.0,22158.0,21692.0,466.0,,False,480.09339606133005,0.520732011835596,542.8962791828168,0.8252036662957841,703.9804910313982,0.6619501618819945,2
2024-08-15,22114.0,21836.0,21993.0,21840.0,140530.0,278.0,22202.0,21731.0,184184.0,471.0,22202.0,21731.0,471.0,,False,460.846405960251,0.6032378606072456,536.049014498739,0.8786509950781898,681.7918728379317,0.6908266565858011,3
2024-08-16,22447.0,22277.0,22324.0,22367.0,148306.0,170.0,22407.0,21753.0,156432.0,654.0,22447.0,21753.0,694.0,,False,433.1467482497509,0.3924766852964543,547.2824416893353,1.1949953994161626,682.9545516152715,1.0161730357585357,4
2024-08-19,22521.0,22320.0,22400.0,22361.0,154388.0,201.0,,,,,22521.0,22320.0,201.0,-2.0,True,411.037534130727,0.489006436906255,547.2824416893353,,637.0541181281028,0.3155147958082608,0
2024-08-20,22574.0,22389.0,22555.0,22436.0,135766.0,185.0,22578.0,22246.0,102586.0,332.0,22578.0,22246.0,332.0,-1.0,True,389.5101499278006,0.4749555307718977,524.8460581882135,0.6325664350916063,608.0013449730454,0.5460514236440029,1
2024-08-21,22344.0,22151.0,22311.0,22200.0,89086.0,193.0,22496.0,22254.0,92298.0,242.0,22496.0,22151.0,345.0,0.0,True,370.79489755372435,0.5205033868407973,497.9083383607646,0.48603323414249877,582.9535978327553,0.5918138275200725,2
2024-08-22,22277.0,22026.0,22229.0,22100.0,144766.0,251.0,,,,,22277.0,22026.0,251.0,1.0,True,359.3858596914649,0.698413677754281,497.9083383607646,,551.3389694677311,0.45525532186182716,3
2024-08-23,22170.0,21865.0,21942.0,22129.0,134826.0,305.0,22298.0,21765.0,185632.0,533.0,22298.0,21765.0,533.0,,False,354.2062540065635,0.8610802224693309,501.5655338665906,1.0626726997987277,549.5924009469948,0.9698096245173612,4
2024-08-26,22450.0,22131.0,22230.0,22206.0,164988.0,319.0,,,,,22450.0,22131.0,319.0,,False,350.85327743450983,0.9092119712621024,501.5655338665906,,527.6312199044238,0.6045889400892243,0
2024-08-27,22210.0,21998.0,22112.0,22152.0,128048.0,212.0,22313.0,21992.0,112722.0,321.0,22313.0,21992.0,321.0,,False,337.62915577408035,0.6279078579986639,482.7472896422809,0.6649441786361208,507.9520561040025,0.6319494057413081,1
2024-08-28,22414.0,22048.0,22181.0,22406.0,154044.0,366.0,22315.0,22066.0,126768.0,249.0,22414.0,22048.0,366.0,,False,340.33114093845364,1.0754231863436452,460.48564300968275,0.5407334708039186,494.43281266552606,0.7402421332574295,2
2024-08-29,22245.0,21900.0,21938.0,22176.0,160658.0,345.0,22552.0,22099.0,162226.0,453.0,22552.0,21900.0,652.0,,False,340.77579418241044,1.0123958505554196,459.7727246278082,0.9852694075463245,509.4392114592855,1.2798386644254376,3
2024-08-30,22366.0,22213.0,22320.0,22323.0,125466.0,153.0,22478.0,22193.0,153650.0,285.0,22478.0,22193.0,285.0,,False,322.8923852126571,0.4738420817797674,443.1277032346836,0.6431554559094265,488.0640484631631,0.5839397531889926,4
2024-09-02,22448.0,22172.0,22318.0,22227.0,144334.0,276.0,,,,,22448.0,22172.0,276.0,,False,318.4264437638326,0.8667621845021797,443.1277032346836,,467.8674724190523,0.5899106398078399,0
2024-09-03,22314.0,22000.0,22205.0,22070.0,144840.0,314.0,22267.0,22062.0,64686.0,205.0,22314.0,22000.0,314.0,,False,318.0048776910866,0.9874062381679032,418.3104239893816,0.4900666783412591,453.2134274267616,0.692830311279208,1
2024-09-04,21347.0,20828.0,21246.0,20947.0,279210.0,519.0,22154.0,21336.0,197340.0,818.0,22154.0,20828.0,1326.0,,False,337.1472702919355,1.5393866293225462,456.37609789515477,1.7923813358602374,536.3359581480224,2.4723309706451557,2
2024-09-05,21454.0,21056.0,21310.0,21183.0,169472.0,398.0,21423.0,20916.0,179766.0,507.0,21454.0,20916.0,538.0,,False,342.94276835937023,1.160543497983708,461.19742190514006,1.0993123029735423,536.4944383244012,1.0028062950294527,3
2024-09-06,21435.0,21013.0,21211.0,21319.0,183642.0,422.0,21475.0,21125.0,171136.0,350.0,21475.0,21013.0,462.0,,False,350.4720285156207,1.2040903857215848,450.60719124750767,0.776729725575448,529.3997299125535,0.8726865049143742,4
2024-09-09,21125.0,20616.0,20734.0,21073.0,190002.0,509.0,,,,,21125.0,20616.0,509.0,,False,365.5699305617521,1.392346463555814,450.60719124750767,,527.4568984923103,0.9650077597902924,0
2024-09-10,21281.0,20905.0,21233.0,21000.0,191408.0,376.0,21348.0,21073.0,139240.0,275.0,21348.0,20905.0,443.0,,False,366.5632705082519,1.025743794457813,432.30569737059625,0.6361239319135201,519.4133843501855,0.8528852227291316,1
2024-09-11,21130.0,20950.0,21100.0,21005.0,147616.0,180.0,21185.0,20819.0,169208.0,366.0,21185.0,20819.0,366.0,,False,348.79533998365645,0.5160619405306112,425.9908690495871,0.8591733452328906,504.80258584064404,0.7250359056511227,2
2024-09-12,21780.0,21461.0,21597.0,21711.0,170464.0,319.0,21580.0,20880.0,233624.0,700.0,21780.0,20880.0,900.0,,False,345.95768855664153,0.9220780764575264,452.0869767591502,1.5483746181277982,542.4404348082018,1.6591683477988244,3
2024-09-13,21833.0,21657.0,21800.0,21820.0,110162.0,176.0,21895.0,21579.0,145280.0,316.0,21895.0,21579.0,316.0,-2.0,True,329.77124202743755,0.5337032996508425,439.12631230589784,0.7196107159706536,520.8746791121825,0.606671840026115,4
2024-09-16,21871.0,21735.0,21807.0,21813.0,90854.0,136.0,,,,,21871.0,21735.0,136.0,-1.0,True,311.31683802482445,0.4368539808603457,439.12631230589784,,484.2199477681652,0.2808641003470474,0
2024-09-18,21872.0,21560.0,21730.0,21619.0,86002.0,312.0,,,,,21872.0,21560.0,312.0,0.0,True,311.38190107007927,1.0019850188074406,439.12631230589784,,467.8180479807209,0.6669259583864061,2
2024-09-19,22082.0,21661.0,21763.0,22074.0,165594.0,421.0,,,,,22082.0,21661.0,421.0,1.0,True,321.821720015786,1.3081777077673598,439.12631230589784,,463.3591862682713,0.9085823967159969,3
2024-09-20,22425.0,22186.0,22345.0,22220.0,139106.0,239.0,22434.0,22083.0,125858.0,351.0,22434.0,22083.0,351.0,,False,313.9339371571397,0.7613066690536502,428.15988757292524,0.8197872107769947,452.65831138557877,0.775419319984638,4
2024-09-23,22392.0,22258.0,22291.0,22338.0,105324.0,134.0,,,,,22392.0,22258.0,134.0,,False,296.7973717136026,0.4514864778833168,428.15988757292524,,422.3099007774284,0.3173025300929957,0
2024-09-24,22508.0,22152.0,22298.0,22491.0,154098.0,356.0,22390.0,22194.0,93634.0,196.0,22508.0,22152.0,356.0,,False,302.4357172646881,1.1771096457116972,403.96456430229784,0.4851910719904823,415.9946721319591,0.8557801910671395,1
2024-09-25,22860.0,22739.0,22835.0,22792.0,127200.0,121.0,22903.0,22504.0,144420.0,399.0,22903.0,22504.0,399.0,,False,285.1561251442416,0.42432895291586004,403.49174865445997,0.9888678054274003,414.37613192891536,0.9628932973109728,2
2024-09-26,23078.0,22892.0,23034.0,22957.0,131706.0,186.0,23031.0,22747.0,113464.0,284.0,23078.0,22747.0,331.0,,False,275.7126846543139,0.6746153164233454,392.11158211594,0.7242836298470433,406.43554793568535,0.8143972683520726,3
2024-09-27,23195.0,22878.0,23190.0,22884.0,151020.0,317.0,23395.0,23006.0,178060.0,389.0,23395.0,22878.0,517.0,,False,279.64480992533163,1.1335808452323597,391.81524096204095,0.9928148763301586,416.96549575133434,1.239910748654184,4
2024-09-30,22755.0,22316.0,22699.0,22326.0,173598.0,439.0,,,,,22755.0,22316.0,439.0,,False,294.8214946943477,1.489036613341668,391.81524096204095,,419.064019965493,1.0475726358854396,0
2024-10-01,22463.0,22228.0,22246.0,22391.0,114752.0,235.0,22435.0,22006.0,145140.0,429.0,22463.0,22006.0,457.0,,False,289.1242094853622,0.8127994553562198,395.6905756508605,1.0841804844463372,422.67697044496987,1.0812039262960005,1
2024-10-04,22507.0,22250.0,22331.0,22284.0,165774.0,257.0,,,,,22507.0,22250.0,257.0,,False,286.06476096294676,0.8983979681205423,395.6905756508605,,406.8982113549727,0.6316075933196879,4
2024-10-07,22808.0,22539.0,22570.0,22779.0,152178.0,269.0,,,,,22808.0,22539.0,269.0,,False,284.4395456331423,0.9457194125423911,395.6905756508605,,393.76504836878485,0.6831484945511598,0
2024-10-08,22634.0,22392.0,22606.0,22575.0,146078.0,242.0,22757.0,22453.0,115584.0,304.0,22757.0,22392.0,365.0,,False,280.3976841442716,0.8630599098510563,385.2434644605674,0.78911137512916,391.0255199527101,0.9334429119719408,1
2024-10-09,22888.0,22666.0,22770.0,22700.0,132240.0,222.0,22834.0,22542.0,106700.0,292.0,22888.0,22542.0,346.0,,False,274.8359999400552,0.8077544428256148,376.36313451194195,0.77584644515903,386.73737519530914,0.8946639817919433,2
2024-10-11,23047.0,22794.0,22829.0,22912.0,129086.0,253.0,,,,,23047.0,22794.0,253.0,,False,272.7563808981452,0.9275676674067516,376.36313451194195,,374.00048231956544,0.6764697158433707,4
2024-10-14,23049.0,22818.0,22987.0,23008.0,117554.0,231.0,,,,,23049.0,22818.0,231.0,-2.0,True,268.77958271736946,0.8594402806365842,376.36313451194195,,360.3813887653211,0.6409875959227913,0
2024-10-15,23386.0,23101.0,23168.0,23225.0,123782.0,285.0,23196.0,23017.0,72794.0,179.0,23386.0,23017.0,369.0,-1.0,True,270.3243843633343,1.054288908014087,353.87582219576404,0.5058271539697822,361.2022088829096,1.0215884369622397,1
2024-10-16,23260.0,22921.0,22952.0,23062.0,95424.0,339.0,23262.0,22809.0,124666.0,453.0,23262.0,22809.0,453.0,0.0,True,276.8649191858739,1.2244238128717622,363.31622008188174,1.2468477182161202,369.9448556559658,1.224506823312262,2
2024-10-17,23277.0,23005.0,23142.0,23256.0,151496.0,272.0,23248.0,23025.0,86352.0,223.0,23277.0,23005.0,272.0,1.0,True,276.40159354912396,0.9840753684065079,349.95277055027395,0.6372288456220808,360.6167741649214,0.7542633052216418,3
2024-10-18,23840.0,23527.0,23820.0,23657.0,180612.0,313.0,23988.0,23450.0,181112.0,538.0,23988.0,23450.0,538.0,,False,279.887156068255,1.1183078366185188,367.8620304978669,1.4625048398495144,377.5104147206432,1.4251262455848237,4
2024-10-21,23836.0,23566.0,23810.0,23567.0,106344.0,270.0,,,,,23836.0,23566.0,270.0,,False,278.94552215699264,0.9679309347294056,367.8620304978669,,367.2713276043915,0.7351513164970833,0
2024-10-22,23637.0,23332.0,23560.0,23630.0,140642.0,305.0,23688.0,23431.0,112332.0,257.0,23688.0,23332.0,356.0,,False,281.42690099918383,1.0837627778905348,356.3081712400247,0.7212857316900364,366.1978678325447,0.9721520283749767,1
2024-10-23,23511.0,23336.0,23498.0,23406.0,130572.0,175.0,23667.0,23476.0,93106.0,191.0,23667.0,23336.0,331.0,,False,271.29100566592825,0.6450637741212017,340.56453588383187,0.5608334981336723,362.8456899437309,0.9122335173702367,2
2024-10-24,23449.0,23203.0,23383.0,23304.0,145812.0,246.0,23465.0,23133.0,136542.0,332.0,23465.0,23133.0,332.0,,False,268.88233845964936,0.9148983209877756,339.7488657996574,0.9771923718378894,359.9080051871851,0.9224579481840911,3
2024-10-25,23487.0,23252.0,23270.0,23481.0,114438.0,235.0,23421.0,23206.0,90814.0,215.0,23487.0,23206.0,281.0,,False,265.6554490825399,0.884604478513764,327.8680214377853,0.6557516620778383,352.39295707411986,0.7974052669301687,4
2024-10-28,23657.0,23216.0,23650.0,23326.0,169548.0,441.0,,,,,23657.0,23216.0,441.0,,False,282.354930122298,1.5618639979439606,327.8680214377853,,360.8317230670608,1.2221763548157873,0
2024-10-29,23148.0,22693.0,23137.0,22976.0,213014.0,455.0,23386.0,23123.0,97400.0,263.0,23386.0,22693.0,693.0,,False,298.7973177296982,1.5227713670830467,321.1075824790086,0.8190401421529583,392.4667970606741,1.7657544668494962,1
2024-10-30,23145.0,22845.0,23072.0,22904.0,125246.0,300.0,23138.0,22879.0,97472.0,259.0,23145.0,22845.0,300.0,,False,298.91185889829836,1.0036403410213037,315.1925746238649,0.8217198654158578,383.660435435848,0.7819414573180901,2
2024-11-01,22822.0,22232.0,22397.0,22753.0,174740.0,590.0,,,,,22822.0,22232.0,590.0,,False,326.6345390032223,1.8063000985764692,315.1925746238649,,403.31182253719584,1.4628879369029324,4
2024-11-04,23046.0,22700.0,22767.0,23041.0,131504.0,346.0,,,,,23046.0,22700.0,346.0,,False,328.47886862196304,1.0533402086153723,315.1925746238649,,397.85355372412954,0.8696667322969681,0
2024-11-05,23239.0,22782.0,22808.0,23135.0,145862.0,457.0,23107.0,22801.0,98930.0,306.0,23239.0,22782.0,457.0,,False,340.71897637225226,1.341281324761627,314.1451840001408,0.9740719119216639,403.4865486075458,1.1326275970714068,1
2024-11-06,23448.0,23051.0,23250.0,23324.0,205258.0,397.0,23346.0,23047.0,93954.0,299.0,23448.0,23047.0,401.0,,False,346.0790738606092,1.1471366805607561,312.7027855239369,0.9561795220308712,403.2497344544462,0.9944209896195224,2
2024-11-07,23576.0,23085.0,23183.0,23532.0,156912.0,491.0,23475.0,22938.0,162012.0,537.0,23576.0,22938.0,638.0,,False,359.88106682626545,1.3643396256714804,334.06442499784765,1.607474366668824,425.60690260164176,1.499035838234873,3
2024-11-08,23794.0,23528.0,23772.0,23781.0,142266.0,266.0,23744.0,23478.0,80994.0,266.0,23794.0,23478.0,316.0,,False,350.9400128428116,0.7579642966478809,327.5820988075765,0.8120101829991934,415.16814997291397,0.7611373849863391,4
2024-11-11,23632.0,23309.0,23555.0,23573.0,143030.0,323.0,,,,,23632.0,23309.0,323.0,,False,348.2790592387343,0.9274172288911395,327.5820988075765,,406.39023092787454,0.7948025700876789,0
2024-11-12,23242.0,22863.0,23013.0,22869.0,168572.0,379.0,23564.0,22958.0,126056.0,606.0,23564.0,22863.0,701.0,,False,351.2048631207596,1.0791422323491096,356.5983565000871,1.699390894416116,434.44830417283885,1.6135406520567692,1
2024-11-13,23015.0,22730.0,22755.0,22783.0,146256.0,285.0,22926.0,22572.0,145410.0,354.0,23015.0,22572.0,443.0,,False,344.8996380616397,0.826327338589626,356.3508939762693,0.993402867746346,435.26275139447324,1.0177760412089905,2
2024-11-14,22880.0,22576.0,22786.0,22684.0,173480.0,304.0,23078.0,22674.0,146252.0,404.0,23078.0,22576.0,502.0,,False,341.0044344367216,0.8914840081248611,360.88890407376743,1.1194580809761345,441.61867983309486,1.1367272783608828,3
2024-11-15,22930.0,22684.0,22710.0,22759.0,137030.0,246.0,22879.0,22592.0,106730.0,287.0,22930.0,22592.0,338.0,,False,331.9563930617958,0.7410611909926541,353.8518655905515,0.8110738642596079,431.7502341347049,0.782860027111288,4
2024-11-18,22789.0,22544.0,22654.0,22574.0,141376.0,245.0,,,,,22789.0,22544.0,245.0,-2.0,True,323.67483181781523,0.7569325011278651,353.8518655905515,,413.9644975504473,0.5918381925255399,0
2024-11-19,22995.0,22592.0,22641.0,22850.0,150996.0,403.0,22659.0,22339.0,107124.0,320.0,22995.0,22339.0,656.0,-1.0,True,331.2296097399281,1.2166786668511427,350.3238795984841,0.9134404436453515,437.015497783738,1.5010909300169235,1
2024-11-20,22999.0,22755.0,22947.0,22773.0,77416.0,244.0,22929.0,22654.0,112300.0,275.0,22999.0,22654.0,345.0,0.0,True,322.92202785993493,0.7556003584426678,343.1501767795809,0.8013983923331723,428.25211704242963,0.8056002206892037,2
2024-11-21,22733.0,22514.0,22647.0,22573.0,147988.0,219.0,22822.0,22496.0,111018.0,326.0,22822.0,22496.0,326.0,1.0,True,313.02469187327443,0.6996253192980074,341.516826610097,0.9545649719104112,418.5138201812459,0.7789467976441473,3
2024-11-22,23066.0,22780.0,22811.0,23038.0,142684.0,286.0,22837.0,22393.0,183942.0,444.0,23066.0,22393.0,673.0,,False,310.45091169486733,0.9212406510215071,351.2771288377068,1.2639593174457195,442.7505992116034,1.520043115014179,4
2024-11-25,23287.0,23014.0,23254.0,23066.0,123348.0,273.0,,,,,23287.0,23014.0,273.0,,False,306.88415820011807,0.8895864863183249,351.2771288377068,,426.583875477165,0.6399679305614393,0
2024-11-26,22845.0,22615.0,22710.0,22636.0,136280.0,230.0,23030.0,22775.0,96722.0,255.0,23030.0,22615.0,415.0,,False,299.5618574191544,0.7677880020558768,341.24328414494335,0.7472674535967968,425.4806492412445,0.9753675067011048,1
2024-11-27,22690.0,22341.0,22600.0,22347.0,134596.0,349.0,22762.0,22493.0,101210.0,269.0,22762.0,22341.0,421.0,,False,304.2702519506635,1.1470066421629324,334.36297136923446,0.8045149225060133,425.0539207420784,0.9904625729954428,2
2024-11-28,22385.0,22117.0,22302.0,22335.0,150150.0,268.0,22468.0,22047.0,124596.0,421.0,22468.0,22047.0,421.0,,False,300.8159422410765,0.8909102290370716,342.6141169531169,1.228787662761746,424.6678330523566,0.9913630542111146,3
2024-11-29,22438.0,22004.0,22210.0,22313.0,169088.0,434.0,22333.0,22183.0,43444.0,150.0,22438.0,22004.0,434.0,,False,313.50013821811683,1.3843694055983022,324.2699153385343,0.4625776024994536,425.5566108568941,1.0198408130145233,4
2024-12-02,22828.0,22498.0,22530.0,22827.0,123772.0,330.0,,,,,22828.0,22498.0,330.0,,False,315.0715536259152,1.0473811304203278,324.2699153385343,,416.45598125147563,0.7924006734357131,0
2024-12-03,23191.0,22999.0,23152.0,23112.0,128550.0,192.0,23129.0,22803.0,82328.0,326.0,23191.0,22803.0,388.0,,False,303.35045328058993,0.6329313107121216,324.450221928563,1.004776628174963,413.74588779895413,0.9377736708492328,1
2024-12-04,23296.0,23071.0,23200.0,23294.0,104030.0,225.0,23187.0,22936.0,110010.0,251.0,23296.0,22936.0,360.0,,False,295.8885053491052,0.7604215639757039,317.4549626972713,0.7906633365166714,408.62723181810134,0.8809985531269058,2
2024-12-05,23328.0,23211.0,23260.0,23251.0,90362.0,117.0,23365.0,23184.0,77614.0,181.0,23365.0,23184.0,181.0,,False,278.8515048396666,0.4195781552883224,304.45925196419785,0.5944966324139963,386.94844783542504,0.4677625689223129,3
2024-12-06,23360.0,23134.0,23321.0,23179.0,121270.0,226.0,23453.0,23241.0,65388.0,212.0,23453.0,23134.0,319.0,,False,273.81802818826975,0.8253656689274258,295.6536089199885,0.7170553431579205,380.4771670891941,0.8384208767124725,4
2024-12-09,23287.0,23170.0,23193.0,23249.0,93518.0,117.0,,,,,23287.0,23170.0,117.0,,False,258.882977884625,0.4519416492966284,295.6536089199885,,355.3841035568899,0.32922125336782443,0
2024-12-10,23337.0,23026.0,23228.0,23090.0,140220.0,311.0,23477.0,23216.0,94862.0,261.0,23477.0,23026.0,451.0,,False,263.846503800375,1.1787156377683181,292.042066551156,0.8937068658712616,364.4903794086147,1.2373440438448529,1
2024-12-11,23055.0,22824.0,22887.0,22848.0,120194.0,231.0,23144.0,22841.0,94078.0,303.0,23144.0,22824.0,320.0,,False,260.71826534319644,0.8860138728520734,293.0856792605697,1.0338273803225162,360.25320041731806,0.8882641420792691,2
2024-12-12,23211.0,23003.0,23004.0,23107.0,118078.0,208.0,23063.0,22800.0,79684.0,263.0,23211.0,22800.0,411.0,,False,255.6974781676539,0.8134612882791907,290.2203764738488,0.9062079072304506,365.086228949002,1.1257614432162315,3
2024-12-13,23092.0,22888.0,22996.0,22986.0,118988.0,204.0,23142.0,22850.0,91520.0,292.0,23142.0,22850.0,292.0,,False,250.77390881835353,0.8134817571782003,290.38986442872033,1.005544737501246,358.12563571576374,0.8153563187857176,4
2024-12-16,23270.0,22946.0,23220.0,22961.0,137626.0,324.0,,,,,23270.0,22946.0,324.0,-2.0,True,257.7478222642246,1.257042628542011,290.38986442872033,,354.8755751714053,0.9129960545847869,0
2024-12-17,23215.0,23024.0,23105.0,23031.0,115454.0,191.0,23173.0,22962.0,73244.0,211.0,23215.0,22962.0,253.0,-1.0,True,251.39088681048895,0.7597729672038007,282.1159827760993,0.7479193412712801,345.17313944079524,0.7329654920712481,1
2024-12-18,23200.0,22902.0,22937.0,23105.0,83012.0,298.0,23029.0,22836.0,81470.0,193.0,23200.0,22836.0,364.0,0.0,True,255.82984997139476,1.1648367070274264,273.6287463212327,0.7053352492922043,346.96617377976713,1.0490936221092402,2
2024-12-19,22906.0,22718.0,22747.0,22850.0,144892.0,188.0,,,,,22906.0,22718.0,188.0,1.0,True,249.36986425983335,0.7539002379377789,273.6287463212327,,331.82653818169405,0.5665610744402222,3
2024-12-20,22793.0,22590.0,22767.0,22635.0,151006.0,203.0,22972.0,22793.0,104924.0,179.0,22972.0,22590.0,382.0,,False,244.95368671127778,0.8287280862168538,263.7666933547519,0.6786300336989656,336.6049631167708,1.1348614603388403,4
2024-12-23,23245.0,22899.0,22904.0,23242.0,135054.0,346.0,,,,,23245.0,22899.0,346.0,,False,254.5771451197275,1.3591165060684312,263.7666933547519,,337.4997285342212,1.0251860097864254,0
2024-12-24,23459.0,23187.0,23430.0,23216.0,95146.0,272.0,23445.0,23145.0,99888.0,300.0,23459.0,23145.0,314.0,,False,256.2364646321344,1.0615194850994236,267.542869233413,1.121315626387599,335.2616591500097,0.9365818948581403,1
2024-12-25,23349.0,23240.0,23340.0,23329.0,65664.0,109.0,23376.0,23204.0,51102.0,172.0,23376.0,23204.0,172.0,,False,242.21394419097876,0.4500153794368528,258.44354835404033,0.6655225138929689,319.7129297071516,0.5379826213395478,2
2024-12-26,23380.0,23285.0,23358.0,23326.0,54434.0,95.0,23421.0,23274.0,20532.0,147.0,23421.0,23274.0,147.0,,False,228.1935685537427,0.41631322303295415,247.82987708222697,0.5931488234214278,303.26407925885144,0.48472605248618306,3
2024-12-30,23324.0,23154.0,23202.0,23177.0,74028.0,170.0,,,,,23324.0,23154.0,170.0,,False,222.65132392957673,0.7635256642523714,247.82987708222697,,290.57226218657985,0.5850524021829758,0
2024-12-31,23110.0,22955.0,22998.0,23041.0,96710.0,155.0,23195.0,22920.0,93920.0,275.0,23195.0,22920.0,275.0,,False,216.20834069818847,0.7169011126003183,250.66150279574177,1.0970970688869248,289.0891895973818,0.951263519687457,1
2025-01-02,22995.0,22689.0,22935.0,22842.0,156976.0,306.0,,,,,22995.0,22689.0,306.0,,False,224.759927298361,1.3614526560768798,250.66150279574177,,290.69974296905974,1.0526325096633082,3
2025-01-03,23108.0,22905.0,22935.0,22977.0,124532.0,203.0,22997.0,22731.0,112992.0,266.0,23108.0,22731.0,377.0,,False,222.68755326994565,0.9115911375339417,252.26005585425006,1.054467379305143,298.9188150672445,1.261212011412498,4
2025-01-06,23620.0,23218.0,23222.0,23609.0,142686.0,402.0,,,,,23620.0,23218.0,402.0,,False,239.76492914899845,1.6766422071268936,252.26005585425006,,308.736070775126,1.3020830348417713,0
2025-01-07,23990.0,23723.0,23965.0,23752.0,120328.0,267.0,23956.0,23618.0,104628.0,338.0,23990.0,23618.0,372.0,,False,242.3587454205224,1.1016726445613587,261.19573241534556,1.2940487077427536,314.76120689178066,1.181848308670067,1
2025-01-08,23649.0,23439.0,23549.0,23450.0,114678.0,210.0,23895.0,23476.0,112288.0,419.0,23895.0,23439.0,456.0,,False,239.27696014237742,0.8776440484493088,276.22471028055077,1.5168809465830841,328.2125205211349,1.3893437071686496,2
2025-01-09,23410.0,23083.0,23258.0,23105.0,120058.0,327.0,23487.0,23252.0,114320.0,235.0,23487.0,23083.0,404.0,,False,247.6315353669129,1.3205103280383401,272.2985473966888,0.8630233332007031,335.4303757095982,1.2044228229042875,3
2025-01-10,23141.0,22955.0,23083.0,23049.0,125232.0,186.0,23196.0,23006.0,49814.0,190.0,23196.0,22955.0,241.0,,False,241.76186533196883,0.7693521049922372,264.46059050176603,0.7184435292967827,326.4370065943984,0.7382741390575401,4
2025-01-13,23008.0,22431.0,22960.0,22536.0,209840.0,577.0,,,,,23008.0,22431.0,577.0,-2.0,True,273.6893067289242,2.108229973966393,264.46059050176603,,350.3001488235033,1.6471588777163726,0
2025-01-14,22767.0,22530.0,22594.0,22750.0,116874.0,237.0,22597.0,22315.0,97742.0,282.0,22767.0,22315.0,452.0,-1.0,True,270.19508704045523,0.8771440021206416,266.2885190350807,1.0590017212227218,359.9858489355506,1.2556049115167385,1
2025-01-15,22821.0,22512.0,22814.0,22512.0,74284.0,309.0,22822.0,22542.0,90416.0,280.0,22822.0,22512.0,310.0,0.0,True,273.89079303660236,1.1281868827138914,267.594374365073,1.0463598147919293,355.2252918940696,0.8726856084685658,2
2025-01-16,23217.0,22990.0,23080.0,23031.0,144874.0,227.0,23007.0,22511.0,105184.0,496.0,23217.0,22511.0,706.0,1.0,True,269.4250032235926,0.8425350182203223,289.34729109220893,1.714203019242835,388.6324069517772,1.8166266821068342,3
2025-01-17,23318.0,22956.0,23277.0,23190.0,130402.0,362.0,23529.0,23221.0,155852.0,308.0,23529.0,22956.0,573.0,,False,278.2416695832505,1.30102727079737,291.1237395596176,1.0579693722879182,406.19122533732224,1.4106656280527752,4
2025-01-20,23417.0,23222.0,23249.0,23346.0,89640.0,195.0,,,,,23417.0,23222.0,195.0,,False,270.3138915277028,0.7213835696639203,291.1237395596176,,386.0777753051963,0.5050795784498384,0
2025-01-21,23432.0,23203.0,23426.0,23365.0,108658.0,229.0,23438.0,23171.0,75166.0,267.0,23438.0,23171.0,267.0,,False,266.37923519173114,0.8596766179434866,288.6096029305756,0.9251251423682748,374.7370347999395,0.7124996336231967,1
2025-01-22,23719.0,23573.0,23600.0,23698.0,106450.0,146.0,23630.0,23326.0,84680.0,304.0,23719.0,23326.0,393.0,,False,254.91454612585198,0.5727409526795675,290.07535503242553,1.0480035436516761,376.4763648189929,1.0438902324956083,2
2025-02-03,22817.0,22539.0,22680.0,22598.0,168328.0,278.0,,,,,22817.0,22539.0,278.0,,False,257.1131607805327,1.0812359785709138,290.07535503242553,,367.09766340766026,0.7572916629852865,0
2025-02-04,22945.0,22708.0,22919.0,22822.0,116464.0,237.0,22935.0,22590.0,90746.0,345.0,22945.0,22590.0,355.0,,False,255.19762165857722,0.9286920405436875,295.7995115799147,1.1663305262314236,365.9455049878831,0.9700897952326385,1
2025-02-05,23284.0,23063.0,23077.0,23133.0,116920.0,221.0,23099.0,22838.0,67474.0,261.0,23284.0,22838.0,446.0,,False,251.94070531014128,0.8771905267469463,292.48527238182754,0.8923526230041258,373.5697426080847,1.1938868412796015,2
2025-02-06,23379.0,23234.0,23355.0,23291.0,78518.0,145.0,23360.0,23050.0,67986.0,310.0,23379.0,23050.0,329.0,,False,241.75587623298497,0.5997785959099525,294.1533416787963,1.0538721002819937,369.3250052168385,0.8908143108448267,3
2025-02-07,23465.0,23278.0,23285.0,23431.0,75808.0,187.0,23354.0,23242.0,52360.0,112.0,23465.0,23242.0,223.0,,False,236.5410308774626,0.790560518428083,276.80540437605384,0.40461637753229146,355.3892904342825,0.627480923039341,4
2025-02-10,23366.0,23167.0,23324.0,23246.0,106038.0,199.0,,,,,23366.0,23167.0,199.0,,False,232.96569460341854,0.8542030204866046,276.80540437605384,,340.49507229768415,0.5844431129564793,0
2025-02-11,23503.0,23302.0,23391.0,23335.0,96192.0,201.0,23433.0,23240.0,54538.0,193.0,23503.0,23240.0,263.0,,False,229.9213427364263,0.8742120135859649,268.07134238152713,0.7199575989190096,333.11458922171425,0.7895181073109727,1
2025-02-12,23536.0,23292.0,23429.0,23315.0,99326.0,244.0,23450.0,23213.0,68560.0,237.0,23536.0,23213.0,323.0,,False,231.26216723771904,1.0550796220342755,265.1121669166198,0.8939612344330415,332.1512950101224,0.9724484138776472,2
2025-02-13,23460.0,23250.0,23435.0,23399.0,92210.0,210.0,23436.0,23150.0,98738.0,286.0,23460.0,23150.0,310.0,,False,229.23719892936484,0.9160816873561065,267.1014843531322,1.0707540644809082,330.0416478663012,0.9392753975267387,3
2025-02-14,23349.0,23116.0,23338.0,23179.0,116324.0,233.0,23399.0,23228.0,84116.0,171.0,23399.0,23116.0,283.0,,False,229.595560936092,1.0148279829541462,257.9489620337863,0.6629218379161469,325.5614909266535,0.8692674283880759,4
2025-02-17,23540.0,23283.0,23286.0,23504.0,105844.0,257.0,,,,,23540.0,23283.0,257.0,-2.0,True,232.20550751360705,1.1067782274067726,257.9489620337863,,319.0318251241151,0.8055622660843242,0
2025-02-18,23663.0,23466.0,23570.0,23649.0,82008.0,197.0,23555.0,23463.0,27168.0,92.0,23663.0,23463.0,200.0,-1.0,True,228.85260203612066,0.8608160809502474,240.65403298808152,0.3822915363506762,307.6954608265803,0.6499933390721082,1
2025-02-19,23695.0,23568.0,23582.0,23609.0,61056.0,127.0,23702.0,23514.0,58026.0,188.0,23702.0,23514.0,188.0,0.0,True,219.15235422315678,0.5795055245935411,235.63936317969282,0.7978293501694612,296.29589312881075,0.6345008633591471,2
2025-02-20,23564.0,23371.0,23505.0,23538.0,116584.0,193.0,23680.0,23520.0,51712.0,160.0,23680.0,23371.0,309.0,1.0,True,216.66165382095136,0.8907898402709263,228.43561430543636,0.7004161784776144,297.505808068924,1.038635184992466,3
2025-02-21,23761.0,23474.0,23533.0,23745.0,108772.0,287.0,23643.0,23466.0,72540.0,177.0,23761.0,23466.0,295.0,,False,223.3605439332417,1.2849180743658062,223.53698437158528,0.7918152805791328,297.26715968140746,0.9923733261224104,4
2025-02-24,23564.0,23444.0,23549.0,23558.0,97686.0,120.0,,,,,23564.0,23444.0,120.0,,False,213.5166826062663,0.5620169746702417,223.53698437158528,,280.38457304508296,0.4279836037223961,0
2025-02-25,23345.0,23138.0,23231.0,23299.0,119954.0,207.0,23593.0,23263.0,92996.0,330.0,23593.0,23138.0,455.0,,False,212.89604616757427,0.9723055158904483,234.63238550407516,1.406455461342392,297.014613707456,1.5319111552139026,1
2025-02-26,23421.0,23104.0,23150.0,23421.0,117158.0,317.0,23346.0,23048.0,116664.0,298.0,23421.0,23048.0,373.0,,False,222.8107084373291,1.422732337342592,240.66739640844895,1.2382233923129702,304.25131716388876,1.225960181461035,2
2025-02-27,23434.0,23127.0,23374.0,23197.0,137628.0,307.0,23590.0,23310.0,100184.0,280.0,23590.0,23127.0,463.0,,False,230.82873620520252,1.3299903861496805,244.41335865526332,1.145600230447839,319.3702393387565,1.4497280678331934,3
2025-03-03,22797.0,22611.0,22650.0,22718.0,156352.0,186.0,,,,,22797.0,22611.0,186.0,,False,226.559332757088,0.8209769941343585,244.41335865526332,,306.66831178268444,0.6065184854567103,0
2025-03-04,22668.0,22194.0,22242.0,22588.0,166654.0,474.0,22758.0,22110.0,163330.0,648.0,22758.0,22110.0,648.0,,False,250.12511058974627,1.895051635888937,286.4744974554592,2.261981452993911,339.17609161290494,1.9105120202267964,1
2025-03-05,22927.0,22637.0,22659.0,22888.0,135924.0,290.0,22829.0,22333.0,178608.0,496.0,22927.0,22333.0,594.0,,False,253.92271910500853,1.1420797675062384,306.42930722160594,1.6186441319769027,363.44503526881874,1.6343599233943407,2
2025-03-06,23017.0,22704.0,22991.0,22763.0,111876.0,313.0,23032.0,22718.0,140036.0,314.0,23032.0,22704.0,328.0,,False,259.5491268092934,1.2059374032492132,307.150325581453,1.0223007232877914,360.06931762416934,0.910935711390876,3
2025-03-07,22685.0,22480.0,22499.0,22521.0,108188.0,205.0,22809.0,22408.0,143728.0,401.0,22809.0,22408.0,401.0,,False,254.353971875075,0.8059634315468248,316.0883898117908,1.2686324867508367,363.9674778504389,1.1017467889391437,4
2025-03-10,22547.0,22315.0,22456.0,22446.0,129684.0,232.0,,,,,22547.0,22315.0,232.0,,False,252.2250221726869,0.919813577580579,316.0883898117908,,351.3991466265876,0.6602178810824875,0
2025-03-11,22085.0,21661.0,21868.0,22031.0,174548.0,424.0,22485.0,21770.0,151384.0,715.0,22485.0,21661.0,824.0,,False,268.58454387052626,1.578646313335116,357.662304521232,1.9990924147209237,396.4087517097697,2.0786624827175633,1
2025-03-12,22345.0,22044.0,22101.0,22232.0,134316.0,301.0,22161.0,21836.0,157978.0,325.0,22345.0,21836.0,509.0,,False,271.6717301685714,1.1079548093326843,354.5516088525432,0.9166507551659887,407.1317277374107,1.2502096135536056,2
2025-03-13,22475.0,21917.0,22445.0,21920.0,151028.0,558.0,22468.0,22166.0,130924.0,302.0,22475.0,21917.0,558.0,,False,298.94108920013605,1.8665885024136926,349.54669372372956,0.8639761308647681,421.50013461956206,1.3238429935583298,3
2025-03-14,22131.0,21874.0,22120.0,21961.0,140276.0,257.0,22072.0,21856.0,128180.0,216.0,22131.0,21856.0,275.0,,False,294.94669975250406,0.871343874047935,336.8279609881363,0.6412769277417795,407.5477408462704,0.6747675730675483,4
2025-03-17,22312.0,22111.0,22161.0,22158.0,131418.0,201.0,,,,,22312.0,22111.0,201.0,-2.0,True,285.9993950141703,0.7027986894519169,336.8279609881363,,387.8765274323399,0.5182061449569461,0
2025-03-18,22385.0,22191.0,22373.0,22230.0,108752.0,194.0,22439.0,22100.0,86812.0,339.0,22439.0,22100.0,339.0,-1.0,True,277.23754786996363,0.6997609143873772,337.05432733676724,1.0057725787964404,383.22162005783133,0.8846056231087434,1
2025-03-19,22262.0,21977.0,22244.0,22034.0,84036.0,285.0,22335.0,22094.0,82374.0,241.0,22335.0,21977.0,358.0,0.0,True,277.9768290252052,1.0252653107794032,327.906296161837,0.7349660644547529,380.81956100470455,0.940077760332215,2
2025-03-20,22417.0,22202.0,22236.0,22365.0,123912.0,215.0,22280.0,21968.0,93280.0,312.0,22417.0,21968.0,449.0,1.0,True,271.9790357847094,0.7905021038834319,326.39141081309066,0.9559075075620419,387.31293614711365,1.1592693093768902,3
2025-03-21,22377.0,22173.0,22323.0,22177.0,119142.0,204.0,22381.0,22168.0,112436.0,213.0,22381.0,22168.0,213.0,,False,265.50484190045137,0.7683475696329785,315.59222883089154,0.6749215618808375,370.71170413310284,0.5745704751839263,4
2025-03-24,22399.0,22124.0,22302.0,22160.0,107292.0,275.0,,,,,22399.0,22124.0,275.0,,False,266.40914267183695,1.0322468562527725,315.59222883089154,,361.596303739474,0.7605166235275854,0
2025-03-25,22443.0,22202.0,22330.0,22298.0,128056.0,241.0,22370.0,22162.0,71460.0,208.0,22443.0,22162.0,281.0,,False,263.98922432213817,0.9129160503381566,304.3791429477713,0.6833582550552451,353.92046528809556,0.7939636939934022,1
2025-03-26,22429.0,22250.0,22409.0,22305.0,107968.0,179.0,22397.0,22298.0,64878.0,99.0,22429.0,22250.0,179.0,,False,255.89501248193454,0.699505622496792,284.8192245717931,0.3475888966021868,337.26137335589596,0.5307456297733503,2
2025-03-27,22052.0,21891.0,22031.0,21968.0,121142.0,161.0,22315.0,21970.0,100098.0,345.0,22315.0,21891.0,424.0,,False,246.85739224555982,0.6521984151880138,290.55072699352706,1.1874002297976902,345.5221949410487,1.2271281156695035,3
2025-03-28,21795.0,21485.0,21750.0,21603.0,158656.0,310.0,21985.0,21784.0,118964.0,201.0,21985.0,21485.0,500.0,,False,252.87097393645888,1.2259216436517402,282.02208632747687,0.7127101377677346,360.234366851425,1.3879852840532005,4
2025-03-31,21065.0,20724.0,20856.0,20769.0,205920.0,341.0,,,,,21065.0,20724.0,341.0,,False,261.264214513939,1.3051921428826485,282.02208632747687,,358.40252238938456,0.9514441966720377,0
2025-04-01,21271.0,20888.0,21000.0,21181.0,162408.0,383.0,21133.0,20689.0,144220.0,444.0,21271.0,20689.0,582.0,,False,272.8580988459448,1.4036600035692586,298.9031592164247,1.485430937444579,379.6975202570622,1.5327990543787995,1
2025-04-02,21360.0,21188.0,21273.0,21304.0,131994.0,172.0,21388.0,21061.0,145934.0,327.0,21388.0,21061.0,327.0,,False,263.2525656225215,0.6533649523728905,301.5790488148604,1.0842928289781348,374.67870880400864,0.8727477497822035,2
2025-04-07,19167.0,19167.0,19167.0,19167.0,4308.0,0.0,,,,,19167.0,19167.0,0.0,,False,238.18089270609087,0.0,301.5790488148604,,338.9950222512459,0.0,0
2025-04-08,18754.0,18004.0,18596.0,18190.0,304090.0,750.0,19299.0,17566.0,402938.0,1733.0,19299.0,17566.0,1733.0,,False,286.9255695912251,2.613918310133545,450.7593960847757,3.8446231294401447,471.7574010844606,3.673498276902993,1
2025-04-09,18286.0,17139.0,17846.0,17213.0,352132.0,1147.0,18845.0,17726.0,321648.0,1119.0,18845.0,17139.0,1706.0,,False,368.8374201063465,3.1097712365228203,514.4013583624161,2.1753441778659153,589.3043152668929,2.894938923410668,2
2025-04-10,18902.0,18902.0,18902.0,18902.0,1498.0,0.0,18902.0,17015.0,348156.0,1887.0,18902.0,17015.0,1887.0,,False,333.71004676288493,0.0,645.1250385183764,2.925014357424059,712.8943804795698,2.646955918954782,3
2025-04-11,19566.0,18441.0,18560.0,19524.0,259494.0,1125.0,19744.0,18384.0,328492.0,1360.0,19744.0,18384.0,1360.0,,False,409.0709946902292,2.7501338755438067,713.2083681832929,1.9068761117655355,774.5234871005631,1.7559183454735174,4
2025-04-14,19982.0,19450.0,19800.0,19491.0,205856.0,532.0,,,,,19982.0,19450.0,532.0,-2.0,True,420.7785190054455,1.264323096286945,713.2083681832929,,751.4260121386047,0.707987202207567,0
2025-04-15,19833.0,19517.0,19585.0,19798.0,120850.0,316.0,19634.0,19348.0,126334.0,286.0,19833.0,19348.0,485.0,-1.0,True,410.79961243349834,0.7692314949570581,668.6854116976892,0.4277048594104813,726.0521062206424,0.6679961339477359,1
2025-04-16,19622.0,19304.0,19539.0,19353.0,96334.0,318.0,19911.0,19726.0,93360.0,185.0,19911.0,19304.0,607.0,0.0,True,401.9615541064985,0.7911204361493409,622.6201343931474,0.29713141252702174,714.713810390105,0.8492909905696202,2
2025-04-17,19406.0,19112.0,19243.0,19369.0,157988.0,294.0,19448.0,19001.0,156278.0,447.0,19448.0,19001.0,447.0,1.0,True,391.67950133445106,0.7506137007383403,605.8944073080858,0.7377523122980553,689.2172570196188,0.6485618220486258,3
2025-04-18,19432.0,19288.0,19380.0,19330.0,86066.0,144.0,19583.0,19254.0,157054.0,329.0,19583.0,19254.0,329.0,,False,368.0909773978367,0.3912076330096058,579.5235113739824,0.567707769474235,654.910851589179,0.5023584495533439,4
2025-04-21,19368.0,19027.0,19347.0,19099.0,120242.0,341.0,,,,,19368.0,19027.0,341.0,,False,365.5108843123284,0.9329407539848146,579.5235113739824,,625.0145800092571,0.5455872725320255,0
2025-04-22,19035.0,18773.0,18945.0,18797.0,139738.0,262.0,19141.0,18752.0,99054.0,389.0,19141.0,18752.0,389.0,,False,355.6527048540114,0.7366737168709175,559.6674630422026,0.6950555922717038,602.5370009607564,0.6456035054772277,1
2025-04-23,19596.0,19171.0,19250.0,19554.0,153774.0,425.0,19162.0,18810.0,117192.0,352.0,19596.0,18810.0,786.0,,False,362.2572091536294,1.1731995644557678,539.8896094191357,0.6519851352181326,620.0096675359224,1.2677221681458062,2
2025-04-24,19682.0,19413.0,19636.0,19466.0,116364.0,269.0,19776.0,19511.0,151118.0,265.0,19776.0,19413.0,363.0,,False,353.37557018661704,0.761229758633121,513.7096466173133,0.5158556039291414,595.532556342025,0.609538464579798,3
2025-04-25,20008.0,19848.0,19980.0,19873.0,133310.0,160.0,19961.0,19354.0,130682.0,607.0,20008.0,19354.0,654.0,,False,334.958849216463,0.47767061647803183,522.5944421775691,1.161512543973346,601.1008843094512,1.0880037229546247,4
2025-04-28,20053.0,19933.0,19965.0,19965.0,88704.0,120.0,,,,,20053.0,19933.0,120.0,,False,314.48657786251414,0.38157431333193836,522.5944421775691,,555.2817524704559,0.21610650713105267,0
2025-04-29,20207.0,19963.0,19980.0,20155.0,115548.0,244.0,20065.0,19824.0,90918.0,241.0,20207.0,19824.0,383.0,,False,307.7735704470366,0.7927906208632326,493.2471305858622,0.48859888898643644,538.8739665208886,0.7107413306171538,1
2025-04-30,20268.0,20065.0,20091.0,20149.0,116218.0,203.0,20230.0,20062.0,86950.0,168.0,20268.0,20062.0,206.0,,False,297.79513516636644,0.6816766831553238,462.27121338720866,0.3634230190736092,507.1716839950897,0.4061740954804457,2
2025-05-02,20710.0,20469.0,20488.0,20677.0,123470.0,241.0,,,,,20710.0,20469.0,241.0,,False,292.38607467433155,0.8242526606933421,462.27121338720866,,481.8219998050812,0.5001847157196961,4
2025-05-05,20796.0,20206.0,20757.0,20404.0,192818.0,590.0,,,,,20796.0,20206.0,590.0,,False,320.7302580386809,1.8395520385508637,462.27121338720866,,492.12466649031154,1.1988832102396056,0
2025-05-06,20483.0,20150.0,20150.0,20338.0,138692.0,333.0,20440.0,20139.0,102264.0,301.0,20483.0,20139.0,344.0,,False,321.8988048921399,1.0344865993260828,443.8961700843385,0.6780864992433054,478.01755539599617,0.7196388419563917,1
2025-05-07,20560.0,20265.0,20440.0,20381.0,146886.0,295.0,20435.0,20158.0,112866.0,277.0,20560.0,20158.0,402.0,,False,319.33701395003135,0.9237889349280397,428.00129674297295,0.6471943008302296,470.7777882154251,0.8539060466804504,2
2025-05-08,20695.0,20452.0,20475.0,20581.0,126132.0,243.0,20615.0,20250.0,125598.0,365.0,20695.0,20250.0,445.0,,False,312.0668221452665,0.7786793813245677,422.0011732436422,0.8649265052854899,468.322760766337,0.950199386576529,3
2025-05-09,20872.0,20596.0,20649.0,20848.0,134732.0,276.0,20822.0,20504.0,112076.0,318.0,20872.0,20504.0,368.0,,False,308.63188670286013,0.8942692310523411,412.09629960139057,0.7716642937769465,458.76821212192397,0.8021479916795083,4
2025-05-12,21134.0,20978.0,21015.0,21066.0,115784.0,156.0,,,,,21134.0,20978.0,156.0,,False,294.095516540683,0.5304399122943451,412.09629960139057,,429.93314430078834,0.36284711255213165,0
2025-05-13,21520.0,21288.0,21421.0,21360.0,120808.0,232.0,21505.0,21068.0,123936.0,437.0,21520.0,21068.0,452.0,,False,288.1816578225227,0.8050477665822774,414.6917224717171,1.0537948464351234,432.03474960547516,1.0462121401409417,1
2025-05-14,21787.0,21579.0,21677.0,21770.0,114854.0,208.0,21723.0,21314.0,103204.0,409.0,21787.0,21314.0,473.0,,False,280.54530945847296,0.7414132155746795,414.1496536648869,0.9875657178043814,435.9362020240013,1.0850211517279724,2
2025-05-15,21810.0,21676.0,21776.0,21694.0,87794.0,134.0,21889.0,21737.0,90674.0,152.0,21889.0,21676.0,213.0,,False,266.58861331957075,0.5026471248393819,389.1830199825167,0.3905617465192297,414.70418278362024,0.5136191262173422,3
2025-05-16,21878.0,21679.0,21775.0,21821.0,96160.0,199.0,21815.0,21629.0,78576.0,186.0,21878.0,21629.0,249.0,,False,260.1516025272307,0.7649385899099744,369.83225617465797,0.502930712220405,398.9228320423231,0.6241808690799195,4
2025-05-19,21748.0,21499.0,21682.0,21538.0,125050.0,249.0,,,,,21748.0,21499.0,249.0,-2.0,True,259.0895451436849,0.9610576909304098,369.83225617465797,,384.64446708591134,0.6473510509235668,0
2025-05-20,21772.0,21505.0,21753.0,21538.0,106272.0,267.0,21773.0,21475.0,70878.0,298.0,21773.0,21475.0,298.0,-1.0,True,259.8429217966673,1.027543864400252,362.34601607705093,0.8224183150302166,376.3926130777293,0.7917264835865938,1
2025-05-21,21747.0,21472.0,21472.0,21672.0,82044.0,275.0,21615.0,21494.0,47376.0,121.0,21747.0,21472.0,275.0,0.0,True,261.2864530541276,1.0524847223634344,339.3606812125699,0.3565527967696635,366.7361737369932,0.7498578533930436,2
2025-05-22,21550.0,21396.0,21465.0,21503.0,96010.0,154.0,21725.0,21390.0,94394.0,335.0,21725.0,21390.0,335.0,1.0,True,251.06869562040117,0.6133779427158754,338.9453782399442,0.98835984057245,363.71368100013666,0.9210541629306326,3
2025-05-23,21640.0,21372.0,21558.0,21470.0,103298.0,268.0,21588.0,21333.0,88590.0,255.0,21640.0,21333.0,307.0,,False,252.6812007994106,1.0606250055489888,330.9505803123305,0.7705077892878959,358.3123780477427,0.8567942912625093,4
2025-05-26,21569.0,21357.0,21450.0,21385.0,113104.0,212.0,,,,,21569.0,21357.0,212.0,,False,248.80680072327624,0.8520667416795698,330.9505803123305,,344.3778658527196,0.6156028624983297,0
2025-05-27,21438.0,21133.0,21403.0,21233.0,120520.0,305.0,21435.0,21333.0,28306.0,102.0,21438.0,21133.0,305.0,,False,254.15853398772612,1.2000383981390494,307.08972578846476,0.3321504805740767,340.6275929143653,0.8954060280039551,1
2025-05-28,21512.0,21150.0,21420.0,21252.0,138134.0,362.0,21417.0,21218.0,70346.0,199.0,21512.0,21150.0,362.0,,False,264.42914979841885,1.3689867409699799,296.79546618956334,0.6704954174498698,342.66306025585436,1.0564313519225195,2
2025-05-29,21616.0,21275.0,21513.0,21320.0,152790.0,341.0,21316.0,21192.0,62524.0,124.0,21616.0,21192.0,424.0,,False,271.72161172237895,1.254960905901013,280.3387551238906,0.4423220041239052,350.4094354695825,1.2100130792191683,3
2025-06-02,21049.0,20790.0,20976.0,20866.0,131736.0,259.0,,,,,21049.0,20790.0,259.0,,False,270.51002965358094,0.957450636235851,280.3387551238906,,341.7037749486699,0.7579664580495387,0
2025-06-03,21221.0,20955.0,21034.0,20971.0,129716.0,266.0,21102.0,20830.0,74394.0,272.0,21221.0,20830.0,391.0,,False,270.0805030199066,0.9848915305833615,279.4697037214008,0.9732718658876627,346.398653524987,1.1287572743749008,1
2025-06-04,21533.0,21261.0,21280.0,21482.0,122776.0,272.0,21254.0,20975.0,70028.0,279.0,21533.0,20975.0,558.0,,False,270.26331225610596,1.0064259100852295,279.4249700336483,0.9984791264946825,366.5511627130835,1.522297722014791,2
2025-06-05,21677.0,21512.0,21589.0,21553.0,92366.0,165.0,21597.0,21453.0,65778.0,144.0,21677.0,21453.0,224.0,,False,260.23823489838156,0.6340344264340311,266.52735383996753,0.5402822559310843,352.9748615023136,0.6346060992746696,3
2025-06-06,21630.0,21513.0,21599.0,21578.0,74962.0,117.0,21752.0,21502.0,111004.0,250.0,21752.0,21502.0,250.0,,False,246.59649824139285,0.4744592921407542,264.953320140923,0.9435624353264581,343.1677318354266,0.7285067237029524,4
2025-06-09,21788.0,21626.0,21663.0,21727.0,86024.0,162.0,,,,,21788.0,21626.0,162.0,,False,238.53968888506972,0.6791322683331446,264.953320140923,,325.91366213681454,0.49706415784433855,0
2025-06-10,22236.0,21850.0,21879.0,22111.0,139416.0,386.0,21880.0,21721.0,51904.0,159.0,22236.0,21721.0,515.0,,False,252.5835280388726,1.5282073340134619,253.91103863740247,0.6262035745009884,343.92188479045126,1.4974330590034572,1
2025-06-11,22355.0,22190.0,22296.0,22351.0,104342.0,165.0,22312.0,22096.0,73404.0,216.0,22355.0,22096.0,259.0,,False,244.24223965421805,0.6755588232141829,250.30046352907843,0.8629628445530482,335.8340862389797,0.7712141519062347,2
2025-06-12,22329.0,22214.0,22315.0,22252.0,84000.0,115.0,22493.0,22311.0,83804.0,182.0,22493.0,22214.0,279.0,,False,231.93345492524492,0.49583187572946713,243.79565747869,0.7465268326853135,330.4213161209816,0.8443765168523388,3
2025-06-13,22139.0,21893.0,21954.0,21940.0,159584.0,246.0,22350.0,22135.0,72504.0,215.0,22350.0,21893.0,457.0,,False,233.2731258847454,1.0545578238684152,241.05321390929095,0.8919192426984407,342.4764288713643,1.3343984037267898,4
2025-06-16,22061.0,21868.0,22030.0,22032.0,109560.0,193.0,,,,,22061.0,21868.0,193.0,-2.0,True,229.43759008619824,0.8411873569953865,241.05321390929095,,328.24057850266297,0.5879833653730726,0
2025-06-17,22260.0,22061.0,22150.0,22159.0,120068.0,199.0,22278.0,22036.0,59874.0,242.0,22278.0,22036.0,242.0,-1.0,True,226.5387719827508,0.8784368267660263,241.15188640509686,1.0035169270601452,320.0271900738379,0.7561857476677679,1
2025-06-18,21962.0,21694.0,21714.0,21930.0,74298.0,268.0,22189.0,22028.0,56990.0,161.0,22189.0,21694.0,495.0,0.0,True,230.48746036534595,1.1627530607313425,233.51837341413525,0.6894532436403756,336.6912672096629,1.4701896015965148,2
2025-06-19,21857.0,21675.0,21820.0,21704.0,105688.0,182.0,21990.0,21741.0,91958.0,249.0,21990.0,21675.0,315.0,1.0,True,225.86960699721777,0.8057746343988718,234.99281404136048,1.0596068693239877,334.62543223731404,0.941351044043192,3
2025-06-20,21743.0,21470.0,21635.0,21653.0,135912.0,273.0,21699.0,21466.0,54358.0,233.0,21743.0,21466.0,277.0,,False,230.3582158546256,1.185110758855177,234.80302222789757,0.9923211285323765,329.13729583376033,0.8415940809695001,4
2025-06-23,21484.0,21205.0,21350.0,21473.0,133848.0,279.0,,,,,21484.0,21205.0,279.0,,False,234.99076672561364,1.1872806914399903,234.80302222789757,,324.3623152781641,0.860149243171906,0
2025-06-24,21966.0,21764.0,21770.0,21959.0,139232.0,202.0,21628.0,21350.0,108762.0,278.0,21966.0,21350.0,616.0,,False,231.84878894222186,0.8712575162527143,239.30494050687597,1.1616977042394667,352.1373328707199,1.7493175034245856,1
2025-06-25,22168.0,22017.0,22138.0,22159.0,99300.0,151.0,22160.0,21927.0,75460.0,233.0,22168.0,21927.0,241.0,,False,224.14890428105787,0.6736593269742811,238.70446998241158,0.9761023746943998,341.5528249782704,0.705600956500162,2
2025-06-26,22263.0,22078.0,22161.0,22117.0,118000.0,185.0,22213.0,22106.0,62394.0,107.0,22263.0,22078.0,185.0,,False,220.4204372066714,0.839305113193926,226.16118712694382,0.4731138943833944,326.64303212319703,0.5663675076657543,3
2025-06-27,22221.0,21989.0,22197.0,22121.0,118984.0,232.0,22188.0,22009.0,75686.0,179.0,22221.0,21989.0,232.0,,False,221.52325271079795,1.047294119967079,221.66964549580632,0.8075079454366991,317.6294100162259,0.7304109527771638,4
2025-06-30,22254.0,22083.0,22239.0,22145.0,101216.0,171.0,,,,,22254.0,22083.0,171.0,,False,216.7115143573886,0.789067440680592,221.66964549580632,,303.6647043003949,0.5631210923704894,0
2025-07-01,22593.0,22191.0,22197.0,22353.0,171384.0,402.0,22160.0,22013.0,56068.0,147.0,22593.0,22013.0,580.0,,False,234.35803679954208,1.7153241488528526,213.8876973299903,0.6872765560386833,329.9823515098811,1.7576697582344258,1
2025-07-02,22401.0,22208.0,22298.0,22396.0,94880.0,193.0,22409.0,22219.0,72442.0,190.0,22409.0,22208.0,201.0,,False,230.41917615196664,0.8376038974842621,211.61267853665788,0.897866807007436,317.69831803274957,0.632675681900463,2
2025-07-03,22716.0,22547.0,22568.0,22675.0,107514.0,169.0,22582.0,22281.0,71534.0,301.0,22716.0,22281.0,435.0,,False,224.5697308041603,0.7525502185660953,220.1257567712619,1.367400182581889,328.8699067915353,1.3227114765345152,3
2025-07-04,22762.0,22431.0,22739.0,22435.0,112474.0,331.0,22874.0,22652.0,63484.0,222.0,22874.0,22431.0,443.0,,False,234.7059469180498,1.4102753012712215,220.3042561263798,1.007697281493497,339.7394394780558,1.3039404570767061,4
2025-07-07,22506.0,22244.0,22349.0,22336.0,121560.0,262.0,,,,,22506.0,22244.0,262.0,,False,237.3053805449022,1.1040626192225134,220.3042561263798,,332.3356833372886,0.7883595206178788,0
2025-07-08,22397.0,22141.0,22353.0,22254.0,126116.0,256.0,22427.0,22177.0,90004.0,250.0,22427.0,22141.0,286.0,,False,239.08582049300674,1.0707452222474565,223.39909791966033,1.1190734534205953,327.92276111468965,0.8721565987911789,1
2025-07-09,22473.0,22146.0,22250.0,22434.0,115030.0,327.0,22295.0,22188.0,53794.0,107.0,22473.0,22146.0,327.0,,False,247.45859949367275,1.3214331636446566,212.31346954635936,0.5039717933516987,327.8348791037668,0.9974533548533664,2
2025-07-10,22647.0,22410.0,22470.0,22611.0,114052.0,237.0,22568.0,22366.0,74398.0,202.0,22647.0,22366.0,281.0,,False,246.46254239903726,0.9616065698790169,211.331234351468,0.9558454556890105,323.3744144272176,0.8689617590733826,3
2025-07-11,22774.0,22488.0,22519.0,22764.0,112002.0,286.0,22695.0,22507.0,64166.0,188.0,22774.0,22488.0,286.0,,False,250.22801455150992,1.1429575561817293,209.10921203228057,0.8990517355637977,319.8149463865302,0.8942671480223402,4
2025-07-14,22695.0,22520.0,22670.0,22551.0,100366.0,175.0,,,,,22695.0,22520.0,175.0,-2.0,True,243.0634417370804,0.7199766396350792,209.10921203228057,,306.0230467306702,0.5718523551398299,0
2025-07-15,22882.0,22512.0,22529.0,22810.0,135764.0,370.0,22612.0,22462.0,59044.0,150.0,22882.0,22462.0,420.0,-1.0,True,255.15263776212038,1.4501123846697292,202.94894675844486,0.7391021357629114,316.8779946610826,1.3254312608523406,1
2025-07-16,22998.0,22701.0,22704.0,22922.0,75606.0,297.0,22942.0,22814.0,57668.0,128.0,22998.0,22701.0,297.0,0.0,True,259.1381008323946,1.1461070334543113,195.81095182906915,0.653691730745153,314.98485231240807,0.9429024850548358,2
2025-07-17,23150.0,22866.0,22958.0,23148.0,120206.0,284.0,22986.0,22810.0,85288.0,176.0,23150.0,22810.0,340.0,1.0,True,261.50590075311896,1.0860175590000056,193.92419451201494,0.9075711282074996,317.367247330274,1.0713140781227901,3
2025-07-18,23399.0,23230.0,23350.0,23262.0,102276.0,169.0,23414.0,23250.0,89442.0,164.0,23414.0,23230.0,184.0,,False,252.69581496710762,0.6687882821565447,191.07427122515637,0.85830498762833,304.66560472739076,0.6039408359359759,4
2025-07-21,23301.0,23172.0,23234.0,23228.0,81588.0,129.0,,,,,23301.0,23172.0,129.0,,False,240.91526116071643,0.5354579837677577,191.07427122515637,,287.9355471343059,0.44801693046891733,0
2025-07-22,23406.0,22977.0,23241.0,22989.0,154052.0,429.0,23395.0,23234.0,56748.0,161.0,23406.0,22977.0,429.0,,False,258.8280934311244,1.6574707726391351,187.93997993121948,0.8566564711719202,301.3702569310387,1.4234981393607342,1
2025-07-23,23258.0,23000.0,23006.0,23186.0,126470.0,258.0,23047.0,22862.0,70594.0,185.0,23258.0,22862.0,396.0,,False,258.7492273900649,0.9971044265614929,187.65998184253192,0.9858255243530614,310.3826134137969,1.2758446603839224,2
2025-07-24,23408.0,23229.0,23400.0,23310.0,92200.0,179.0,23345.0,23153.0,59566.0,192.0,23408.0,23153.0,255.0,,False,251.1540628767254,0.7127099516118879,188.07331690514792,1.0208784699470816,305.1080788029591,0.8357694132533303,3
2025-07-25,23328.0,23207.0,23264.0,23238.0,86066.0,121.0,23327.0,23188.0,48672.0,139.0,23328.0,23188.0,140.0,,False,238.7584378408468,0.5067883719387417,183.3996676760862,0.7579075892629027,289.38349986934395,0.4837870855221867,4
2025-07-28,23483.0,23265.0,23368.0,23392.0,110132.0,218.0,,,,,23483.0,23265.0,218.0,,False,236.78144376076614,0.9206802549116049,183.3996676760862,,282.5850713103588,0.7714491037659027,0
2025-07-29,23359.0,23027.0,23326.0,23163.0,146092.0,332.0,23400.0,23246.0,52770.0,154.0,23400.0,23027.0,373.0,,False,245.8498776883122,1.3504175927266828,180.33568245922365,0.8539629977823247,291.1960168998484,1.2809241141793728,1
2025-07-30,23421.0,23198.0,23213.0,23361.0,144058.0,223.0,23270.0,23132.0,66542.0,138.0,23421.0,23132.0,289.0,,False,243.6736988608539,0.9151582671519288,176.30371270120236,0.7827401810526867,290.9868724331962,0.9931719516534123,2
2025-07-31,23621.0,23355.0,23497.0,23589.0,132670.0,266.0,23444.0,23222.0,72278.0,222.0,23621.0,23222.0,399.0,,False,245.8000132550583,1.0821805763044483,180.6557400629926,1.2288566082793224,301.273836963368,1.324376534058331,3
2025-08-01,23442.0,23048.0,23064.0,23344.0,139098.0,394.0,23683.0,23310.0,100202.0,373.0,23683.0,23048.0,635.0,,False,259.9142977069575,1.5158842875362653,198.97424100937425,1.8746145134556733,333.0572810620949,1.906578946345302,4
2025-08-04,23300.0,23032.0,23108.0,23260.0,109810.0,268.0,,,,,23300.0,23032.0,268.0,,False,260.68436459200916,1.0280631921267713,198.97424100937425,,326.86134953237155,0.8199195175061772,0
2025-08-05,23584.0,23421.0,23446.0,23575.0,104464.0,163.0,23432.0,23267.0,48906.0,165.0,23584.0,23267.0,317.0,,False,251.38109177372257,0.6484179014813188,195.43350125157346,0.8442769481349174,325.9221733864314,0.9726248346538462,1
2025-08-06,23483.0,23381.0,23423.0,23425.0,90248.0,102.0,23622.0,23376.0,83994.0,246.0,23622.0,23376.0,246.0,,False,237.15432112860614,0.4300996900017965,200.24935827523313,1.2284683562475383,318.31053782581887,0.7728302106498668,2
2025-08-07,24054.0,23653.0,23660.0,23997.0,141338.0,401.0,23526.0,23291.0,79202.0,235.0,24054.0,23291.0,763.0,,False,252.75867149731033,1.586493541940725,203.5589432014014,1.1544567696418564,360.6619151757409,2.1155546729357617,3
2025-08-08,24095.0,23947.0,24091.0,23949.0,83940.0,148.0,24132.0,23930.0,86610.0,202.0,24132.0,23930.0,202.0,,False,242.78165516423317,0.6096012480839348,203.41047242031556,0.9930658810063573,345.5512565875751,0.5845731889237276,4
2025-08-11,24223.0,23833.0,23973.0,24158.0,123602.0,390.0,,,,,24223.0,23833.0,390.0,,False,256.80244991049665,1.5186771003778456,203.41047242031556,,349.7844702459013,1.114972313452987,0
2025-08-12,24241.0,24088.0,24155.0,24135.0,104872.0,153.0,24194.0,24071.0,49768.0,123.0,24241.0,24071.0,170.0,,False,246.91650229997316,0.6196426669535592,195.03022467427772,0.6306714777436356,332.66213974629164,0.5110289981590701,1
2025-08-13,24412.0,24154.0,24298.0,24346.0,141710.0,258.0,24328.0,24133.0,66380.0,195.0,24412.0,24133.0,279.0,,False,247.97207350949952,1.0404397412522193,195.0273461338703,0.9998597830795917,327.55145977045436,0.8517745584022771,2
2025-08-14,24362.0,24207.0,24337.0,24250.0,90850.0,155.0,24440.0,24305.0,57906.0,135.0,24440.0,24207.0,233.0,,False,239.11759031811863,0.6482166359814442,189.31045602588267,0.7131143352247944,318.5465588399349,0.7314472359975459,3
2025-08-15,24385.0,24188.0,24282.0,24312.0,111050.0,197.0,24319.0,24193.0,58512.0,126.0,24385.0,24188.0,197.0,,False,235.10639124020256,0.8379185225923094,183.28088878532242,0.6874693855701686,306.97069609327446,0.6417550681780408,4
2025-08-18,24462.0,24176.0,24199.0,24426.0,109940.0,286.0,,,,,24462.0,24176.0,286.0,-2.0,True,239.9534015982785,1.1918980856075176,183.28088878532242,,304.973486941534,0.9377864379890459,0
2025-08-19,24447.0,24313.0,24380.0,24342.0,95042.0,134.0,24439.0,24356.0,38056.0,83.0,24447.0,24313.0,134.0,-1.0,True,229.8626014460615,0.5829569453969824,172.82977878784465,0.4802413136331429,288.690297709007,0.46416523542148563,1
2025-08-20,24140.0,23613.0,24100.0,23670.0,120784.0,527.0,24380.0,24211.0,47592.0,169.0,24380.0,23613.0,767.0,0.0,True,258.16140130834134,2.041358612593541,172.46503795090706,0.9799087514079613,334.2436026891015,2.294733523182579,2
2025-08-21,23943.0,23691.0,23729.0,23852.0,125468.0,252.0,23758.0,23531.0,100724.0,227.0,23943.0,23531.0,412.0,1.0,True,257.5746011837374,0.9783573335332049,177.6588438603445,1.2777298054378987,341.64897386156804,1.2059161054788865,3
2025-08-22,23982.0,23732.0,23877.0,23750.0,112002.0,250.0,23929.0,23754.0,78972.0,175.0,23982.0,23732.0,250.0,,False,256.85321059481004,0.9733185714169597,177.40562063554978,0.9864399976340562,332.9205001604663,0.750930026476294,4
2025-08-25,24314.0,24070.0,24120.0,24251.0,126172.0,244.0,,,,,24314.0,24070.0,244.0,,False,255.6290953000662,0.9545079354663616,177.40562063554978,,324.45188109756475,0.7520375569239731,0
2025-08-26,24281.0,24090.0,24143.0,24253.0,107592.0,191.0,24258.0,24139.0,55414.0,119.0,24281.0,24090.0,191.0,,False,249.47394336672656,0.7656110190202514,171.3186825047977,0.6946119259157124,311.7421781358919,0.612685781379063,1
2025-08-27,24496.0,24331.0,24350.0,24463.0,102282.0,165.0,24357.0,24189.0,55400.0,168.0,24496.0,24189.0,307.0,,False,241.42880590322878,0.6834312889164372,171.00261750434078,0.9824411020827529,311.29054212294983,0.9862169210356053,2
2025-08-28,24420.0,24203.0,24358.0,24228.0,124322.0,217.0,24488.0,24318.0,72728.0,170.0,24488.0,24203.0,285.0,,False,239.10225296006413,0.9075615027192749,170.907130122975,0.9946922628545557,308.78668096838317,0.922967270175689,3
2025-08-29,24453.0,24246.0,24401.0,24267.0,113094.0,207.0,24443.0,24256.0,74276.0,187.0,24453.0,24246.0,207.0,,False,236.04489553529612,0.8769518168591237,172.4397843969774,1.0844365217338896,299.09271135234667,0.6920930940244254,4
2025-09-01,24245.0,23847.0,24120.0,24008.0,164322.0,398.0,,,,,24245.0,23847.0,398.0,,False,251.46919119860127,1.5826988511116418,172.4397843969774,,308.51245312831367,1.2900613766617308,0
2025-09-02,24249.0,23879.0,24083.0,23965.0,157890.0,370.0,24096.0,24008.0,28750.0,88.0,24249.0,23879.0,370.0,,False,262.7578396558773,1.4081406685508342,163.63960835560508,0.5377671144798103,314.36840997323617,1.1769630416475372,1
2025-09-03,24083.0,23888.0,23966.0,23997.0,115616.0,195.0,24022.0,23691.0,139164.0,331.0,24083.0,23691.0,392.0,,False,256.3047120696033,0.7608131681443489,179.57869327411888,1.8432030769638315,321.7618947376899,1.2182921794377497,2
2025-09-04,24365.0,24113.0,24195.0,24132.0,156602.0,252.0,24188.0,23977.0,92332.0,211.0,24365.0,23977.0,388.0,,False,255.89473949154583,0.9847799157603453,182.57119867658375,1.155713505358403,328.07028571505276,1.1826733992514016,3
2025-09-05,24429.0,24286.0,24363.0,24419.0,111306.0,143.0,24338.0,24120.0,68638.0,218.0,24429.0,24120.0,309.0,,False,245.14285953997003,0.5833333276292477,185.94537023119483,1.1723873508060465,326.2540680279049,0.9471146271609734,4
2025-09-08,24674.0,24518.0,24588.0,24551.0,117158.0,156.0,,,,,24674.0,24518.0,156.0,,False,236.6530633933062,0.6591928190709088,185.94537023119483,,310.0393948823901,0.5031618645081436,0
2025-09-09,24838.0,24660.0,24725.0,24802.0,112636.0,178.0,24720.0,24562.0,49998.0,158.0,24838.0,24562.0,276.0,,False,231.06705735584848,0.7703391475915842,183.032949512311,0.8632325514121311,306.79754775073394,0.8996160563325094,1
2025-09-10,25244.0,24961.0,24970.0,25178.0,140128.0,283.0,24977.0,24750.0,80874.0,227.0,25244.0,24750.0,494.0,,False,236.01305189338672,1.199086227349149,187.22028765399568,1.2124754365270591,324.6263527268545,1.5217495309620135,2
2025-09-11,25464.0,25176.0,25386.0,25240.0,145098.0,288.0,25475.0,25165.0,100466.0,310.0,25475.0,25165.0,310.0,,False,240.96418980830228,1.1951983414179377,198.91359359171037,1.5584656352662623,323.2333667528684,0.9590594037805938,3
2025-09-12,25466.0,25350.0,25418.0,25459.0,98478.0,116.0,25446.0,25255.0,78904.0,191.0,25466.0,25255.0,211.0,,False,229.06283839798778,0.5064112573269284,198.15991801154746,0.9638679805512927,312.54447468116666,0.6751039198989061,4
2025-09-15,25450.0,25269.0,25404.0,25353.0,121966.0,181.0,,,,,25450.0,25269.0,181.0,-2.0,True,224.48542521722703,0.8062884252946594,198.15991801154746,,300.0164294734365,0.603300293646171,0
2025-09-16,25663.0,25410.0,25420.0,25629.0,104802.0,253.0,25449.0,25284.0,52430.0,165.0,25663.0,25284.0,379.0,-1.0,True,227.20109900606255,1.1135509515878224,194.70404566294948,0.8474400181988518,307.5386742854902,1.2323653305735844,1
2025-09-17,25596.0,25441.0,25575.0,25470.0,62150.0,155.0,25649.0,25504.0,56444.0,145.0,25649.0,25441.0,208.0,0.0,True,220.32480386262802,0.7035068103210119,189.97032702838285,0.7632770984193548,298.0588005440149,0.6978488795511484,2
2025-09-18,25747.0,25490.0,25623.0,25709.0,121110.0,257.0,25635.0,25349.0,115188.0,286.0,25747.0,25349.0,398.0,1.0,True,223.81767968523488,1.148256028573931,199.11601016853686,1.4363485877299487,307.5770100160135,1.2939848787114445,3
2025-09-19,25853.0,25636.0,25850.0,25671.0,118488.0,217.0,25888.0,25594.0,137736.0,294.0,25888.0,25594.0,294.0,,False,223.16837685806965,0.9723599869080349,208.15258062867622,1.4124254386471775,306.28396144305987,0.9598935530767466,4
2025-09-22,25941.0,25689.0,25756.0,25891.0,114864.0,252.0,,,,,25941.0,25689.0,252.0,,False,225.9142457287297,1.1154675048805607,208.15258062867622,,301.11406035324467,0.836892172037308,0
2025-09-23,26328.0,26023.0,26058.0,26273.0,153796.0,305.0,26106.0,25792.0,81196.0,314.0,26328.0,25792.0,536.0,,False,233.44622232599355,1.3065107542159577,219.1838253274246,1.432587461829976,323.48414984341184,1.656959082104827,1
2025-09-24,26393.0,26072.0,26376.0,26237.0,142830.0,321.0,26544.0,26245.0,117560.0,299.0,26544.0,26072.0,472.0,,False,241.7846773425656,1.3276275549306231,226.78536577243176,1.3184272229453824,337.62851652499165,1.3979861797753745,2
2025-09-25,26283.0,26087.0,26191.0,26097.0,111698.0,196.0,26296.0,26108.0,75924.0,188.0,26296.0,26087.0,209.0,,False,237.42423188136888,0.8255265203845458,223.09152141315255,0.8427034734853724,325.3781816178496,0.6423294855260654,3
2025-09-26,25991.0,25500.0,25944.0,25669.0,191018.0,491.0,26094.0,25845.0,117370.0,249.0,26094.0,25500.0,594.0,,False,261.5743050355242,1.8770956877179417,225.55899556428088,1.1039240504555217,350.9612119399591,1.6924947253191582,4
2025-09-30,26046.0,25797.0,25800.0,25954.0,117302.0,249.0,,,,,26046.0,25797.0,249.0,,False,260.3767521749981,0.9563065746847021,225.55899556428088,,341.2506203266297,0.7296690032729272,1
2025-10-01,26375.0,26000.0,26094.0,26045.0,154434.0,375.0,26161.0,25913.0,70504.0,248.0,26375.0,25913.0,462.0,,False,271.29325196785544,1.3822680707311967,227.89776029455433,1.088207271890096,352.7505612479031,1.3097073421105616,2
2025-10-02,26527.0,26381.0,26459.0,26431.0,113880.0,146.0,26445.0,25920.0,103724.0,525.0,26527.0,25920.0,607.0,,False,259.36056130425015,0.5629229026410482,256.193211695073,2.0492346246272404,376.96479351000755,1.610229948394068,3
2025-10-03,26764.0,26388.0,26480.0,26745.0,132286.0,376.0,26607.0,26365.0,98088.0,242.0,26764.0,26365.0,399.0,,False,270.46907927527394,1.3901773947968388,254.8414772479232,0.9496099403181911,379.06338460429254,1.052594410870149,4
2025-10-07,27356.0,26995.0,27202.0,27322.0,140852.0,361.0,,,,,27356.0,26995.0,361.0,,False,279.09107172524784,1.2934845882686914,254.8414772479232,,377.3430622610266,0.9566891142423567,1
2025-10-08,27127.0,26912.0,27061.0,27093.0,116434.0,215.0,27396.0,27007.0,104186.0,389.0,27396.0,26912.0,484.0,,False,272.9871601323671,0.7875828295211759,268.8232587754349,1.4470474086654694,387.50086585521456,1.2490294671518005,2
2025-10-09,27455.0,27273.0,27440.0,27335.0,132876.0,182.0,27440.0,27000.0,96858.0,440.0,27455.0,27000.0,455.0,,False,264.32171631023687,0.6885548510376079,285.1258055587268,1.5431784546396452,393.9293548213846,1.1550294346718741,3
2025-10-13,26945.0,26390.0,26450.0,26904.0,170878.0,555.0,,,,,26945.0,26390.0,555.0,-2.0,True,292.0053623759286,1.9006500273974123,285.1258055587268,,409.269416266967,1.3560749421793412,0
2025-10-14,27450.0,26716.0,27269.0,26718.0,209620.0,734.0,27280.0,26888.0,108278.0,392.0,27450.0,26716.0,734.0,-1.0,True,334.1000897686973,2.196946431556363,296.2640590736982,1.323143958891371,440.19613852725587,1.6674385251440649,1
2025-10-15,27300.0,26821.0,26878.0,27288.0,97174.0,479.0,27027.0,26500.0,136378.0,527.0,27300.0,26500.0,800.0,0.0,True,347.90008121929753,1.3768321016805516,318.23891059048884,1.6559885748168168,474.4631729532315,1.686116111015548,2
2025-10-16,27877.0,27450.0,27545.0,27822.0,187734.0,427.0,27565.0,27230.0,162398.0,335.0,27877.0,27230.0,647.0,1.0,True,355.4334068174597,1.2013502158487168,319.83520481996607,1.0474144026407917,490.8952517195904,1.3180001186273032,3
2025-10-17,27545.0,27244.0,27251.0,27328.0,140100.0,301.0,27814.0,27446.0,186764.0,368.0,27814.0,27244.0,570.0,,False,350.2492728348445,0.8593879369506433,324.4223281704455,1.1343238983435802,498.4290372701056,1.143593084226971,4
2025-10-20,27824.0,27432.0,27444.0,27783.0,151424.0,392.0,,,,,27824.0,27432.0,392.0,,False,354.2255325648593,1.1066395952929342,324.4223281704455,,488.2929384824765,0.8027967826408938,0
2025-10-21,28036.0,27798.0,27900.0,27833.0,145358.0,238.0,27952.0,27703.0,99052.0,249.0,28036.0,27703.0,333.0,,False,343.1564342253489,0.6935612340688525,316.5619366489599,0.7865759308773742,473.5031348174787,0.7032688392408669,1
2025-10-22,27797.0,27526.0,27690.0,27704.0,154624.0,271.0,27948.0,27705.0,104084.0,243.0,27948.0,27526.0,422.0,,False,336.28439287055375,0.8058655285388646,309.55603792048754,0.7849951874058322,468.5980743586712,0.9005585449269166,2
2025-10-23,27629.0,27313.0,27385.0,27556.0,115544.0,316.0,27738.0,27311.0,147812.0,427.0,27738.0,27311.0,427.0,,False,334.35254593050104,0.9451101953495643,320.7411771661554,1.3312914910791098,464.63635299117874,0.9189982601471278,3
2025-10-27,28291.0,28079.0,28284.0,28224.0,121772.0,212.0,,,,,28291.0,28079.0,212.0,,False,322.6999225085486,0.6569570836955623,320.7411771661554,,440.57574794439984,0.48118853792822514,0
2025-10-28,28250.0,27984.0,28233.0,28002.0,117488.0,266.0,28320.0,28065.0,80808.0,255.0,28320.0,27984.0,336.0,,False,317.2999298886868,0.8383235385312454,313.8897393473501,0.8123871794286887,430.61615290207607,0.7802772788144987,1
2025-10-29,28446.0,28203.0,28225.0,28412.0,119498.0,243.0,28258.0,27953.0,82512.0,305.0,28446.0,27953.0,493.0,,False,310.22374608976423,0.783305607848882,313.04309750474533,0.9743067406090198,436.5574716733069,1.1292900293524955,2
2025-10-30,28552.0,28181.0,28430.0,28398.0,157866.0,371.0,28525.0,28261.0,105688.0,264.0,28552.0,28181.0,371.0,,False,316.0119607478819,1.1740061962274528,308.3723263138172,0.8561079496197678,430.31390294251577,0.8621613140153659,3
2025-10-31,28588.0,28378.0,28478.0,28431.0,133320.0,210.0,28438.0,28200.0,94864.0,238.0,28588.0,28200.0,388.0,,False,305.9155835337979,0.6864638851482339,301.6701999982156,0.7889410356124263,426.2840074241809,0.910191311995231,4
2025-11-03,28583.0,28229.0,28380.0,28340.0,143682.0,354.0,,,,,28583.0,28229.0,354.0,,False,310.49505176867433,1.1401147876061413,301.6701999982156,,419.3998162409256,0.844063316891497,0
2025-11-04,28594.0,28113.0,28410.0,28117.0,174332.0,481.0,28572.0,28273.0,87398.0,299.0,28594.0,28113.0,481.0,,False,326.7336182668958,1.472147257302094,301.3919161274338,0.9920637681389489,425.26650040845647,1.1310554664851642,1
2025-11-05,27850.0,27415.0,27710.0,27803.0,224490.0,435.0,28229.0,27906.0,123354.0,323.0,28229.0,27415.0,814.0,,False,337.0447022414771,1.2906299879721663,303.449828877202,1.064426370563911,462.28873846479394,1.760804303178999,2
2025-11-06,28141.0,27903.0,28010.0,28034.0,136774.0,238.0,28157.0,27746.0,100696.0,411.0,28157.0,27746.0,411.0,,False,327.61187345657453,0.7264693965115012,313.69270231746845,1.3101994307283982,457.4040967062421,0.8985490137924057,3
2025-11-07,27838.0,27596.0,27777.0,27730.0,156480.0,242.0,28136.0,27614.0,154054.0,522.0,28136.0,27596.0,540.0,,False,319.4583616988055,0.7575322139420615,333.5314925729476,1.5650696009937708,465.2703732104095,1.1606154853014796,4
2025-11-10,28039.0,27718.0,27777.0,28016.0,139266.0,321.0,,,,,28039.0,27718.0,321.0,,False,319.60518439415733,1.0043641832922288,333.5314925729476,,451.53033766656097,0.7109156865491661,0
2025-11-11,28180.0,27762.0,28149.0,27780.0,136290.0,418.0,28107.0,27793.0,102320.0,314.0,28180.0,27762.0,418.0,,False,328.9761192137614,1.2706089457161869,331.49595240405483,0.9472212186086384,448.33697217450754,0.9323344402595926,1
2025-11-12,28078.0,27858.0,27889.0,28054.0,118418.0,220.0,27982.0,27705.0,104494.0,277.0,28078.0,27705.0,373.0,,False,318.5974411934032,0.6905265754047596,326.30586169890677,0.8488967944302425,441.16202244360204,0.8454943558694111,2
2025-11-13,28044.0,27802.0,28038.0,27980.0,138684.0,242.0,28176.0,27977.0,96130.0,199.0,28176.0,27802.0,374.0,,False,311.3024467940315,0.7773790488711309,314.1814939180585,0.6333918574207973,434.7656393537352,0.8602335744746036,3
2025-11-14,27596.0,27366.0,27510.0,27401.0,147660.0,230.0,28072.0,27432.0,146698.0,640.0,28072.0,27366.0,706.0,,False,303.55935662317137,0.7576771889311732,345.2118278306244,1.853934159851589,460.59748322480806,1.5327917014592458,4
2025-11-17,27690.0,27465.0,27570.0,27479.0,148356.0,225.0,,,,,27690.0,27465.0,225.0,-2.0,True,296.0775131352503,0.7599361316481283,345.2118278306244,,438.15962767958825,0.5135114825424654,0
2025-11-18,27298.0,26772.0,27142.0,26805.0,181900.0,526.0,27577.0,27070.0,151472.0,507.0,27577.0,26772.0,805.0,-1.0,True,317.97489283665504,1.6542186564088515,362.07312617085705,1.4002696233267367,473.09680599581793,1.7015545017378875,1
2025-11-19,26919.0,26559.0,26801.0,26595.0,98072.0,360.0,27021.0,26695.0,130768.0,326.0,27021.0,26559.0,462.0,0.0,True,321.97728399506883,1.1180912998990125,358.63759034506114,0.9089956233710497,472.03996732954954,0.9787306837886033,2
2025-11-20,27492.0,27201.0,27308.0,27482.0,172308.0,291.0,27073.0,26658.0,129382.0,415.0,27492.0,26658.0,834.0,1.0,True,319.0270664717289,0.9121483114843719,364.00543888362677,1.1400928548561504,506.51235139340196,1.6465541219393531,3
2025-11-21,26770.0,26397.0,26750.0,26486.0,189384.0,373.0,27540.0,26688.0,191628.0,852.0,27540.0,26397.0,1143.0,,False,324.16734585537375,1.1506402627191599,410.4811113709004,2.075613168056725,567.1302226892684,2.0154101373402766,4
2025-11-24,26730.0,26536.0,26705.0,26615.0,127468.0,194.0,,,,,26730.0,26536.0,194.0,,False,311.7704557739096,0.6222526747072062,410.4811113709004,,531.5940110045761,0.36494015354572906,0
2025-11-25,27105.0,26773.0,27055.0,26933.0,130524.0,332.0,27053.0,26454.0,120100.0,599.0,27105.0,26454.0,651.0,,False,313.69707903353725,1.0583458444141458,430.1282412032135,1.3926079308914832,542.9660099565212,1.1989700792727886,1
2025-11-26,27384.0,27133.0,27188.0,27330.0,131176.0,251.0,27183.0,26650.0,140878.0,533.0,27384.0,26650.0,734.0,,False,307.7259286493908,0.8156608742774425,439.9255515648122,1.211568634974992,561.1597232939954,1.308005492075297,2
2025-11-27,27649.0,27461.0,27518.0,27583.0,121638.0,188.0,27512.0,27222.0,104694.0,290.0,27649.0,27222.0,427.0,,False,296.3234592542108,0.6344418375553521,425.64692760625866,0.6813158540363345,548.3826067898053,0.7786534341408622,3
2025-11-28,27854.0,27558.0,27590.0,27744.0,117494.0,296.0,27589.0,27524.0,24494.0,65.0,27854.0,27524.0,330.0,,False,296.2926536109526,0.9990122819199667,391.29960116756735,0.16611312612139584,527.5842632860143,0.6254925003725901,4
2025-12-01,27674.0,27401.0,27650.0,27404.0,128752.0,273.0,,,,,27674.0,27401.0,273.0,,False,294.0743056480047,0.9283368004505983,391.29960116756735,,503.3381429730606,0.542378923217451,0
2025-12-02,27789.0,27528.0,27674.0,27561.0,112934.0,261.0,27737.0,27407.0,97828.0,330.0,27789.0,27407.0,382.0,,False,290.9243717767662,0.8971403750259606,384.91105712528986,0.8573409204313501,491.78212935657865,0.776766737131722,1
2025-12-03,27888.0,27690.0,27808.0,27758.0,109440.0,198.0,27854.0,27567.0,101726.0,287.0,27888.0,27567.0,321.0,,False,282.07443160755037,0.7019423875875324,375.58619454192893,0.7641388426164862,475.5171646559521,0.6750544961552567,2
2025-12-04,27880.0,27670.0,27841.0,27799.0,98892.0,210.0,27860.0,27610.0,96698.0,250.0,27880.0,27610.0,270.0,,False,275.2102000258789,0.7630531135119738,363.62560458555475,0.6875203419323003,455.94410135538527,0.5921778551304224,3
2025-12-05,28019.0,27763.0,27792.0,28016.0,115458.0,256.0,27854.0,27702.0,66636.0,152.0,28019.0,27702.0,317.0,,False,273.3806571662714,0.9364232373042383,343.4707851012162,0.4425412774341423,442.71132979772955,0.7160422123030693,4
2025-12-08,28298.0,28019.0,28054.0,28286.0,91860.0,279.0,,,,,28298.0,28019.0,279.0,,False,273.91583267424556,1.0185610567892978,343.4707851012162,,427.11977457889816,0.6532125567706834,0
2025-12-09,28360.0,28204.0,28350.0,28220.0,81692.0,156.0,28334.0,28169.0,68210.0,165.0,28360.0,28169.0,191.0,,False,262.68575337193647,0.5938654761345956,324.87085216262795,0.507894133627606,404.6321769999555,0.47203364155594824,1
2025-12-10,28434.0,28252.0,28279.0,28398.0,103662.0,182.0,28312.0,28133.0,59574.0,179.0,28434.0,28133.0,301.0,,False,255.0013959079425,0.7137215831779345,310.9783900519015,0.5756026969273503,394.7624458571026,0.7624838764651817,2
2025-12-11,28602.0,28059.0,28600.0,28110.0,153206.0,543.0,28700.0,28342.0,76112.0,358.0,28700.0,28059.0,641.0,,False,282.4298343929004,1.9226014176838315,315.45663861838705,1.1348627867460361,418.2136414897595,1.5327094489711803,3
2025-12-12,28342.0,28157.0,28266.0,28292.0,103900.0,185.0,28347.0,28095.0,95414.0,252.0,28347.0,28095.0,252.0,,False,273.1508025459575,0.6772815539096717,309.4131492261597,0.814445024816335,402.38377087168715,0.626267802635505,4
2025-12-15,27984.0,27755.0,27834.0,27907.0,101132.0,229.0,,,,,27984.0,27755.0,229.0,-2.0,True,268.9459642082473,0.8514721560301356,309.4131492261597,,385.8710307886693,0.5934625347022147,0
2025-12-16,27689.0,27411.0,27630.0,27624.0,143710.0,278.0,28030.0,27667.0,90980.0,363.0,28030.0,27411.0,619.0,-1.0,True,269.8082533312714,1.030361364293296,314.99788305370635,1.1523886969681933,408.073789761177,1.5168825235315073,1
2025-12-17,27858.0,27591.0,27714.0,27692.0,82254.0,267.0,27797.0,27561.0,79824.0,236.0,27858.0,27561.0,297.0,0.0,True,269.540800633055,0.9905735954368037,307.4742751438296,0.767543886036009,397.4953335934459,0.7471785827397122,2
2025-12-18,27679.0,27457.0,27500.0,27591.0,133264.0,222.0,27961.0,27348.0,154774.0,613.0,27961.0,27348.0,613.0,1.0,True,265.0131053346688,0.8376944216386952,336.5719632253696,1.8213044073119464,418.01958753692725,1.4664384595275657,3
2025-12-19,27983.0,27795.0,27800.0,27894.0,128536.0,188.0,27915.0,27579.0,117644.0,336.0,27983.0,27579.0,404.0,,False,257.67852387422414,0.7295912642365375,336.51749053723915,0.9984622180071145,416.68438872388657,0.969558761817948,4
2025-12-22,28368.0,28170.0,28256.0,28341.0,105304.0,198.0,,,,,28368.0,28170.0,198.0,,False,251.99485493382184,0.7857303279148227,336.51749053723915,,395.8573040835164,0.5001802365587443,0
2025-12-23,28455.0,28359.0,28392.0,28413.0,77826.0,96.0,28400.0,28289.0,53274.0,111.0,28455.0,28289.0,166.0,,False,237.13820208298168,0.4048272237739525,313.0144270073036,0.35461624264817043,373.96613226603864,0.4438904640752548,1
2025-12-24,28577.0,28400.0,28565.0,28472.0,73792.0,177.0,28562.0,28336.0,63838.0,226.0,28577.0,28336.0,241.0,,False,231.41075426555486,0.7648737007135117,304.7273387208937,0.7416466174273856,361.3026910978445,0.6670307361057953,2
2025-12-26,28714.0,28536.0,28595.0,28673.0,88416.0,178.0,,,,,28714.0,28536.0,178.0,,False,226.32401576407344,0.7864830402512486,304.7273387208937,,343.84529194566886,0.5176746757030655,4
2025-12-29,28998.0,28713.0,28749.0,28950.0,97390.0,285.0,,,,,28998.0,28713.0,285.0,,False,231.91220473892358,1.2289133308910598,304.7273387208937,,338.2409784270337,0.8425945351901853,0
2025-12-30,28942.0,28705.0,28777.0,28881.0,89290.0,237.0,28955.0,28716.0,63750.0,239.0,28955.0,28705.0,250.0,,False,232.3967566685499,1.0198076918001715,297.238446749336,0.8040682577027156,329.83707571969717,0.7579499650077407,1
2025-12-31,29053.0,28782.0,28842.0,29016.0,210912.0,271.0,28972.0,28786.0,103728.0,186.0,29053.0,28782.0,271.0,,False,236.0732560334499,1.147948753507264,286.6443089636849,0.6488878173526355,324.23354469877364,0.8358172818046022,2
2026-01-02,29500.0,29026.0,29047.0,29473.0,122354.0,474.0,,,,,29500.0,29026.0,474.0,,False,258.73294593502607,1.8320048043631543,286.6443089636849,,338.4970166322238,1.4003077625791895,4
2026-01-05,30487.0,29850.0,29888.0,30313.0,189300.0,637.0,,,,,30487.0,29850.0,637.0,,False,294.75837965549977,2.161092080722172,286.6443089636849,,366.9258721910596,1.7360454747881933,0
2026-01-06,30672.0,30183.0,30271.0,30617.0,118674.0,489.0,30418.0,30209.0,75856.0,209.0,30672.0,30183.0,489.0,,False,313.2575815930712,1.5610156903886918,277.79761208912475,0.7523462798267226,378.5519796014349,1.2917644771395786,1
2026-01-07,30676.0,30448.0,30609.0,30516.0,115554.0,228.0,30665.0,30455.0,76980.0,210.0,30676.0,30448.0,228.0,,False,305.1378119175406,0.7472033654800341,271.3406966520653,0.7739347712712582,364.21369582986966,0.6260061129236135,2
2026-01-08,30663.0,30353.0,30362.0,30458.0,126508.0,310.0,30563.0,30266.0,68476.0,297.0,30663.0,30266.0,397.0,,False,305.6008774492034,1.0143949931934597,273.7844398280591,1.0847950313995955,367.3362009889297,1.0807538133492165,3
2026-01-09,30578.0,30005.0,30450.0,30456.0,165808.0,573.0,30583.0,30325.0,76836.0,258.0,30583.0,30005.0,578.0,,False,331.06746054927925,1.7307650804743138,272.2811598444344,0.9475499522163273,387.39941994236494,1.4920001689367308,4
2026-01-12,30763.0,30555.0,30717.0,30701.0,114804.0,208.0,,,,,30763.0,30555.0,208.0,,False,319.3467500207765,0.6513296283317982,272.2811598444344,,370.31376090023497,0.5616858511937303,0
2026-01-13,31252.0,30626.0,31067.0,30874.0,152822.0,626.0,31107.0,30652.0,93216.0,455.0,31252.0,30626.0,626.0,,False,348.5518214473692,1.7960026643972797,291.3238181236745,1.5618359079958257,394.66483129068877,1.586156024981416,1
2026-01-14,31162.0,30937.0,31000.0,30982.0,109204.0,225.0,31127.0,30855.0,105278.0,272.0,31162.0,30855.0,307.0,,False,336.78498130952454,0.6680820478547771,289.4834544928484,0.9396046502088418,386.3157997391946,0.7946866273842762,2
2026-01-15,31057.0,30744.0,30831.0,31055.0,114272.0,313.0,30990.0,30657.0,104278.0,333.0,31057.0,30657.0,400.0,,False,334.51974499433175,0.9356697315589058,293.6278873982914,1.1340884646569769,387.6190569068903,1.0319410072144202,3
2026-01-16,31536.0,31157.0,31382.0,31474.0,134618.0,379.0,31543.0,31119.0,131802.0,424.0,31543.0,31119.0,424.0,,False,338.75595975677635,1.1187995047293589,306.04427907464463,1.3854204407349362,391.0839086300436,1.0841663148076344,4
2026-01-19,31774.0,31208.0,31272.0,31669.0,139708.0,566.0,,,,,31774.0,31208.0,566.0,-2.0,True,360.39824930375005,1.5704848763651045,306.04427907464463,,407.7425839986109,1.3881307035664645,0
2026-01-20,31742.0,31328.0,31481.0,31672.0,121612.0,414.0,31690.0,31525.0,47982.0,165.0,31742.0,31328.0,414.0,-1.0,True,365.50317794148816,1.1326850899946908,291.3448753001159,0.5663391189909643,408.33852837969556,1.0138646520639858,1
2026-01-21,31802.0,31377.0,31437.0,31484.0,115496.0,425.0,31575.0,31186.0,98378.0,389.0,31802.0,31186.0,616.0,0.0,True,371.16954194706074,1.1450292978528314,300.64536336677156,1.2938832504974986,428.1158113911531,1.4388629983048775,2
2026-01-22,32057.0,31783.0,31876.0,31860.0,143544.0,274.0,31982.0,31448.0,161004.0,534.0,32057.0,31448.0,609.0,1.0,True,361.91529985686446,0.7570832183894008,322.8696144746981,1.6539184118295136,445.34287697294803,1.3674856643929059,3
2026-01-23,32166.0,31873.0,31995.0,32153.0,136772.0,293.0,32135.0,31841.0,97672.0,294.0,32166.0,31841.0,325.0,,False,355.3519379657345,0.8245346899677048,320.12012738186974,0.9184052324497823,433.881650594572,0.7490521886662747,4
2026-01-26,32231.0,32086.0,32128.0,32144.0,113976.0,145.0,,,,,32231.0,32086.0,145.0,,False,335.318420064236,0.43242479781523113,320.12012738186974,,406.369112442708,0.35681845780157034,0
2026-01-27,32532.0,32206.0,32313.0,32509.0,125504.0,326.0,32363.0,32033.0,86256.0,330.0,32532.0,32033.0,499.0,,False,334.43095148668976,0.9747901578809899,321.14979152569475,1.0275578832925918,415.19110173387867,1.2018562004728117,1
2026-01-28,32938.0,32668.0,32758.0,32927.0,120148.0,270.0,32750.0,32513.0,70864.0,237.0,32938.0,32513.0,425.0,,False,328.2946703927193,0.8224318709682833,313.1355256661048,0.7568607857439726,416.1252825211283,1.0213270326309025,2
2026-01-29,33014.0,32587.0,33014.0,32777.0,156160.0,427.0,33153.0,32847.0,110134.0,306.0,33153.0,32587.0,566.0,,False,337.6951779743651,1.264453945008401,312.45595179314245,0.9793380418708858,430.39906513816373,1.315058618490044,3
2026-01-30,32526.0,32092.0,32456.0,32247.0,168022.0,434.0,32798.0,31994.0,169734.0,804.0,32798.0,31994.0,804.0,,False,346.86706578633033,1.2511997903754386,359.269670669986,2.237873290279851,465.9801065535767,1.7253955452013678,4
2026-02-02,31964.0,31392.0,31888.0,31610.0,208582.0,572.0,,,,,31964.0,31392.0,572.0,,False,368.3082976162036,1.553046737480929,359.269670669986,,476.07723926275986,1.2014857103561252,0
2026-02-03,32446.0,32004.0,32386.0,32261.0,157794.0,442.0,32299.0,31578.0,114578.0,721.0,32446.0,31578.0,868.0,,False,375.326554986089,1.1776411610853972,396.9686131808063,1.8162645006687417,513.4032164758304,1.690678928656192,1
2026-02-04,32475.0,32034.0,32110.0,32423.0,133736.0,441.0,32499.0,31741.0,164794.0,758.0,32499.0,31741.0,758.0,,False,381.5811687969377,1.1557174097201917,431.3525547826343,1.7572632678203768,536.698148240037,1.4123395105529344,2
2026-02-05,32166.0,31798.0,31970.0,31907.0,158688.0,368.0,32612.0,31766.0,182962.0,846.0,32612.0,31766.0,846.0,,False,380.28772414961026,0.9676883491911611,470.8427876604786,1.7967780800118034,566.1554674552715,1.4942891990473224,3
2026-02-06,31883.0,31220.0,31458.0,31807.0,194818.0,663.0,32052.0,31484.0,219088.0,568.0,32052.0,31220.0,832.0,,False,407.21270280202833,1.6281417437076513,480.0958555023378,1.1830970700750698,591.4739943642933,1.4066552509958112,4
2026-02-09,32836.0,32515.0,32824.0,32651.0,118898.0,321.0,,,,,32836.0,32515.0,321.0,,False,399.00196920183515,0.8045073076760234,480.0958555023378,,565.7145663295987,0.567423960960867,0
2026-02-10,33309.0,32879.0,32906.0,33307.0,143390.0,430.0,32999.0,32456.0,104754.0,543.0,33309.0,32456.0,853.0,-2.0,True,401.9541626111842,1.0697737204825142,486.65162242268974,1.1157879168198228,593.0750838220179,1.4382664577694275,1
2026-02-11,33843.0,33272.0,33349.0,33691.0,129982.0,571.0,33460.0,33182.0,110146.0,278.0,33843.0,33182.0,661.0,-1.0,True,418.0537661720238,1.3658530222761844,466.78003933481455,0.5955695971836419,599.5441234580162,1.1025043431124337,2
2026-02-23,34507.0,33836.0,34183.0,33962.0,110078.0,671.0,,,,,34507.0,33836.0,671.0,0.0,True,442.1438836794501,1.517605523378603,466.78003933481455,,606.3494450334432,1.1066226010365872,0
2026-02-24,34956.0,34100.0,34125.0,34827.0,154052.0,856.0,34296.0,33821.0,97692.0,475.0,34956.0,33821.0,1135.0,1.0,True,481.5587519004548,1.7775608824921691,467.63671017336986,1.0157457480699073,656.6971169350201,1.728346250852062,1
2026-02-25,35777.0,35065.0,35243.0,35490.0,172988.0,712.0,35387.0,34817.0,110802.0,570.0,35777.0,34817.0,960.0,,False,503.50553743374485,1.4140857390147183,477.3855949187632,1.1940033508907972,685.5831057983514,1.4002678769076349,2
2026-02-26,35755.0,35348.0,35522.0,35604.0,143454.0,407.0,35730.0,35444.0,80470.0,286.0,35755.0,35348.0,407.0,,False,494.3145338686263,0.8233623980559879,459.15839540269053,0.6228787339261708,659.0513814366037,0.6175542779575384,3
2026-03-02,35495.0,34722.0,34744.0,35232.0,165446.0,773.0,,,,,35495.0,34722.0,773.0,,False,520.856006833519,1.4840953926966491,459.15839540269053,,669.9036308235939,1.1538973136324955,0
2026-03-03,35320.0,34314.0,35018.0,34325.0,223410.0,1006.0,35366.0,34621.0,186652.0,745.0,35366.0,34314.0,1052.0,,False,567.0601966588981,1.7740620941609413,488.9483393061322,1.523678352312703,706.2937612213468,1.489465230700674,1
2026-03-04,33666.0,32679.0,33461.0,32825.0,306680.0,987.0,34444.0,32834.0,537190.0,1610.0,34444.0,32679.0,1765.0,,False,607.054463643765,1.6258837700915032,595.7151641341196,2.7026339044770795,807.1229268193138,2.1867796606341736,2
2026-03-05,34294.0,33392.0,33911.0,33639.0,234054.0,902.0,33845.0,32804.0,337516.0,1041.0,34294.0,32804.0,1490.0,,False,635.1445147253112,1.4201492401931537,638.123243740394,1.6313463115653366,872.1588385508077,1.708404403119742,3
2026-03-06,33888.0,33296.0,33360.0,33704.0,157474.0,592.0,33799.0,32820.0,271870.0,979.0,33888.0,32820.0,1068.0,,False,631.0355133229006,0.9381405443929015,670.5876967174993,1.4599134532174791,890.810377736445,1.1989083498485895,4
2026-03-09,32111.0,31124.0,31730.0,31786.0,234652.0,987.0,,,,,32111.0,31124.0,987.0,,False,664.9368930064338,1.4843513878999792,670.5876967174993,,899.9712941424979,1.0967016464013155,0
2026-03-10,33329.0,32374.0,33242.0,32696.0,212428.0,955.0,33530.0,31756.0,180952.0,1774.0,33530.0,31756.0,1774.0,,False,692.5619508153449,1.378938012513812,785.5835198883802,2.2581940113153838,983.2121232717838,1.8042902014844493,1
2026-03-11,34185.0,33277.0,33341.0,33981.0,157502.0,908.0,33499.0,32711.0,208458.0,788.0,34185.0,32711.0,1474.0,,False,713.0798602615025,1.2733496633420776,785.8136608513917,1.0027822615685245,1029.9538258173282,1.4311321178211998,2
2026-03-12,33939.0,33326.0,33678.0,33530.0,155280.0,613.0,34006.0,33515.0,174280.0,491.0,34006.0,33326.0,680.0,,False,703.5484449985023,0.8712974982146466,757.7361693417353,0.6479827938351475,996.6248900252017,0.6823028471452331,3
2026-03-13,33518.0,32663.0,32664.0,33315.0,164310.0,855.0,33840.0,32442.0,197674.0,1398.0,33840.0,32442.0,1398.0,,False,717.9724026176925,1.1908535716452493,818.7136770234748,1.7075566699735436,1034.8510909751824,1.3509189990635344,4
2026-03-16,33723.0,33077.0,33460.0,33250.0,161960.0,646.0,,,,,33723.0,33077.0,646.0,-2.0,True,711.1178880826742,0.9084288425675159,818.7136770234748,,997.8176537394507,0.6474128790756822,0
2026-03-17,34017.0,33593.0,33616.0,33795.0,116116.0,424.0,33889.0,33100.0,114752.0,789.0,34017.0,33100.0,917.0,-1.0,True,683.7733273128957,0.6200885338219356,815.616966266686,0.9673658501875955,990.1207343356936,0.9261496787209967,1
2026-03-18,34580.0,34247.0,34351.0,34551.0,77938.0,333.0,34225.0,33502.0,92846.0,723.0,34580.0,33502.0,1078.0,0.0,True,650.3663437592866,0.5120191153729964,806.7963028127159,0.8961369771767933,998.4901882084846,1.0796300381620914,2
2026-03-19,34083.0,33537.0,33898.0,33553.0,140326.0,546.0,34734.0,33613.0,153072.0,1121.0,34734.0,33537.0,1197.0,1.0,True,640.4266919726879,0.8525565952258672,836.7204644496001,1.3397544910502468,1017.3958845695813,1.1765331648716093,3
2026-03-20,33888.0,33371.0,33809.0,33559.0,156118.0,517.0,33809.0,32856.0,200014.0,953.0,33888.0,32856.0,1032.0,,False,628.67176892767,0.8223687233194051,847.7947059305906,1.1240928886833867,1018.7867527058116,1.0129695907991492,4
2026-03-23,32890.0,32213.0,32501.0,32537.0,170900.0,677.0,,,,,32890.0,32213.0,677.0,,False,633.2744576012252,1.0690467488052533,847.7947059305906,,986.2356334004962,0.686448529207705,0
2026-03-24,33393.0,32342.0,33280.0,32771.0,184920.0,1051.0,33989.0,32100.0,235730.0,1889.0,33989.0,32100.0,1889.0,,False,673.0578425915847,1.5615299807712852,956.3074164787672,1.9753062325455062,1072.2131921242585,1.7617764954537924,1
2026-03-25,33880.0,33444.0,33786.0,33638.0,131300.0,436.0,33600.0,32785.0,170538.0,815.0,33880.0,32785.0,1095.0,,False,650.48090520191,0.6702733262626135,942.8495672903132,0.8644008845888912,1074.3833643029006,1.019189273011944,2
2026-03-26,34024.0,33347.0,33855.0,33440.0,137788.0,677.0,33930.0,33456.0,145766.0,474.0,34024.0,33347.0,677.0,,False,653.0065332779186,1.0367430730005727,898.1972275483786,0.5277237398001983,1036.5373296073863,0.6531361492368347,3
2026-03-27,33243.0,32652.0,32793.0,33120.0,127990.0,591.0,33542.0,32632.0,136006.0,910.0,33542.0,32632.0,910.0,,False,647.101149156212,0.9133038950257387,899.3213011151996,1.0118741754160145,1024.4861553590638,0.8882501683793487,4
2026-03-30,32712.0,32027.0,32048.0,32468.0,140848.0,685.0,,,,,32712.0,32027.0,685.0,,False,650.7105635222871,1.0526953739495248,899.3213011151996,,992.1541405629625,0.6904169140606732,0
2026-03-31,32451.0,31806.0,32000.0,31979.0,186490.0,645.0,32858.0,31902.0,133916.0,956.0,32858.0,31806.0,1052.0,,False,650.1667003296883,0.992053268297087,905.2282622892978,1.056087221119568,997.8537462236328,1.054262715334069,1
2026-04-01,33411.0,32906.0,33049.0,33402.0,130136.0,505.0,33200.0,31740.0,173268.0,1460.0,33411.0,31740.0,1671.0,,False,636.3413002982894,0.7935992835342885,958.0636658807933,1.523907076319143,1061.9629132499535,1.573501276881877,2
2026-04-02,33687.0,32486.0,33676.0,32487.0,169426.0,1201.0,33880.0,33317.0,141132.0,563.0,33880.0,32486.0,1394.0,,False,690.1183193175,1.7402812914570098,920.4385548445273,0.6116649471458714,1093.585492940434,1.2747060097256877,3
