date,scenario,breakout_time,direction,key_price,entry_price,key_range,timestamp,spike_time,has_burst,max_burst_ticks,large_tick_count,mfe,mae,mfe_in_range,mae_in_range,outcome
2020-12-31,h062,09:31:00,long,14657.0,14666.0,27.0,2020-12-31 09:31:00,09:25:00,True,23,50,39.0,62.0,1.4444444444444444,2.2962962962962963,tp
2020-12-31,h062,10:39:00,short,14641.0,14639.0,16.0,2020-12-31 10:39:00,10:35:00,True,22,33,35.0,43.0,2.1875,2.6875,tp
2020-12-31,h062,10:51:00,short,14616.0,14615.0,17.0,2020-12-31 10:51:00,10:50:00,True,20,60,11.0,67.0,0.6470588235294118,3.9411764705882355,sl
2020-12-31,h062,11:55:00,long,14664.0,14665.0,9.0,2020-12-31 11:55:00,11:54:00,True,6,14,17.0,28.0,1.8888888888888888,3.111111111111111,tp
2020-12-31,h062,12:00:00,short,14664.0,14662.0,6.0,2020-12-31 12:00:00,11:56:00,False,0,4,25.0,20.0,4.166666666666667,3.3333333333333335,sl
2020-12-31,h062,12:25:00,short,14641.0,14639.0,14.0,2020-12-31 12:25:00,12:20:00,False,2,5,2.0,43.0,0.14285714285714285,3.0714285714285716,sl
2020-12-31,h062,13:15:00,long,14670.0,14673.0,9.0,2020-12-31 13:15:00,13:14:00,True,9,25,9.0,4.0,1.0,0.4444444444444444,tp
2021-01-04,h062,09:41:00,long,14733.0,14740.0,23.0,2021-01-04 09:41:00,09:29:00,True,60,90,185.0,7.0,8.043478260869565,0.30434782608695654,tp
2021-01-04,h062,11:07:00,long,14858.0,14860.0,14.0,2021-01-04 11:07:00,11:06:00,True,23,74,65.0,10.0,4.642857142857143,0.7142857142857143,tp
2021-01-04,h062,11:10:00,long,14872.0,14875.0,14.0,2021-01-04 11:10:00,11:08:00,True,20,43,50.0,25.0,3.5714285714285716,1.7857142857142858,tp
2021-01-04,h062,12:51:00,short,14904.0,14903.0,10.0,2021-01-04 12:51:00,12:49:00,True,8,13,53.0,13.0,5.3,1.3,sl
2021-01-05,h062,10:37:00,long,14928.0,14929.0,14.0,2021-01-05 10:37:00,10:35:00,True,7,24,51.0,60.0,3.642857142857143,4.285714285714286,sl
2021-01-05,h062,11:34:00,short,14937.0,14934.0,8.0,2021-01-05 11:34:00,11:32:00,True,7,13,65.0,46.0,8.125,5.75,tp
2021-01-05,h062,13:26:00,long,14940.0,14941.0,13.0,2021-01-05 13:26:00,13:25:00,True,26,56,39.0,1.0,3.0,0.07692307692307693,tp
2021-01-06,h062,09:36:00,short,15042.0,15019.0,59.0,2021-01-06 09:36:00,09:30:00,True,120,325,255.0,75.0,4.322033898305085,1.271186440677966,sl
2021-01-06,h062,10:35:00,short,15075.0,15067.0,12.0,2021-01-06 10:35:00,10:30:00,True,19,45,303.0,27.0,25.25,2.25,sl
2021-01-06,h062,11:16:00,long,14981.0,14985.0,20.0,2021-01-06 11:16:00,11:15:00,True,38,91,10.0,221.0,0.5,11.05,sl
2021-01-06,h062,11:53:00,short,14882.0,14873.0,33.0,2021-01-06 11:53:00,11:52:00,True,60,182,109.0,102.0,3.303030303030303,3.090909090909091,tp
2021-01-06,h062,12:02:00,short,14804.0,14772.0,54.0,2021-01-06 12:02:00,12:01:00,True,72,256,8.0,203.0,0.14814814814814814,3.759259259259259,sl
2021-01-07,h062,09:16:00,long,15101.0,15102.0,27.0,2021-01-07 09:16:00,09:15:00,True,19,55,158.0,78.0,5.851851851851852,2.888888888888889,sl
2021-01-07,h062,09:59:00,short,15095.0,15092.0,20.0,2021-01-07 09:59:00,09:55:00,True,11,25,16.0,168.0,0.8,8.4,sl
2021-01-07,h062,10:34:00,long,15119.0,15125.0,11.0,2021-01-07 10:34:00,10:21:00,True,26,54,135.0,13.0,12.272727272727273,1.1818181818181819,sl
2021-01-07,h062,10:55:00,long,15150.0,15151.0,18.0,2021-01-07 10:55:00,10:53:00,True,14,34,109.0,1.0,6.055555555555555,0.05555555555555555,tp
2021-01-07,h062,11:43:00,long,15208.0,15209.0,33.0,2021-01-07 11:43:00,11:39:00,True,15,48,51.0,31.0,1.5454545454545454,0.9393939393939394,tp
2021-01-07,h062,12:25:00,long,15213.0,15225.0,18.0,2021-01-07 12:25:00,12:21:00,True,16,38,35.0,23.0,1.9444444444444444,1.2777777777777777,tp
2021-01-07,h062,12:37:00,short,15237.0,15231.0,10.0,2021-01-07 12:37:00,12:36:00,True,13,28,29.0,29.0,2.9,2.9,sl
2021-01-07,h062,13:26:00,short,15232.0,15225.0,28.0,2021-01-07 13:26:00,13:25:00,True,16,52,23.0,10.0,0.8214285714285714,0.35714285714285715,timeout
2021-01-08,h062,09:56:00,short,15291.0,15281.0,35.0,2021-01-08 09:56:00,09:55:00,True,47,115,17.0,192.0,0.4857142857142857,5.485714285714286,sl
2021-01-08,h062,11:57:00,short,15423.0,15422.0,17.0,2021-01-08 11:57:00,11:48:00,True,7,18,57.0,51.0,3.3529411764705883,3.0,sl
2021-01-08,h062,12:29:00,short,15383.0,15375.0,25.0,2021-01-08 12:29:00,12:28:00,True,77,145,9.0,98.0,0.36,3.92,sl
2021-01-08,h062,13:28:00,short,15446.0,15443.0,27.0,2021-01-08 13:28:00,13:25:00,True,17,32,1.0,16.0,0.037037037037037035,0.5925925925925926,timeout
2021-01-11,h062,11:27:00,short,15438.0,15431.0,16.0,2021-01-11 11:27:00,11:26:00,True,21,38,42.0,107.0,2.625,6.6875,sl
2021-01-11,h062,12:28:00,short,15412.0,15411.0,12.0,2021-01-11 12:28:00,12:27:00,True,15,33,22.0,127.0,1.8333333333333333,10.583333333333334,tp
2021-01-11,h062,13:19:00,long,15516.0,15518.0,15.0,2021-01-11 13:19:00,13:18:00,True,14,51,20.0,3.0,1.3333333333333333,0.2,tp
2021-01-12,h062,10:27:00,long,15559.0,15560.0,21.0,2021-01-12 10:27:00,10:26:00,True,30,64,27.0,153.0,1.2857142857142858,7.285714285714286,tp
2021-01-12,h062,11:36:00,short,15458.0,15452.0,29.0,2021-01-12 11:36:00,11:34:00,True,49,135,45.0,53.0,1.5517241379310345,1.8275862068965518,sl
2021-01-12,h062,13:07:00,long,15432.0,15441.0,23.0,2021-01-12 13:07:00,13:04:00,True,29,64,57.0,4.0,2.4782608695652173,0.17391304347826086,tp
2021-01-13,h062,11:54:00,long,15730.0,15737.0,10.0,2021-01-13 11:54:00,11:53:00,True,8,25,53.0,7.0,5.3,0.7,tp
2021-01-13,h062,12:46:00,short,15760.0,15759.0,6.0,2021-01-13 12:46:00,12:43:00,True,5,5,19.0,31.0,3.1666666666666665,5.166666666666667,sl
2021-01-13,h062,13:28:00,short,15760.0,15759.0,16.0,2021-01-13 13:28:00,13:25:00,True,14,38,19.0,15.0,1.1875,0.9375,tp
2021-01-14,h062,09:39:00,short,15636.0,15635.0,37.0,2021-01-14 09:39:00,09:36:00,True,30,67,3.0,131.0,0.08108108108108109,3.5405405405405403,sl
2021-01-14,h062,10:36:00,long,15705.0,15708.0,16.0,2021-01-14 10:36:00,10:32:00,True,14,40,58.0,23.0,3.625,1.4375,sl
2021-01-14,h062,11:09:00,short,15712.0,15707.0,18.0,2021-01-14 11:09:00,10:59:00,True,30,45,12.0,59.0,0.6666666666666666,3.2777777777777777,sl
2021-01-14,h062,11:47:00,long,15733.0,15734.0,7.0,2021-01-14 11:47:00,11:44:00,False,4,12,32.0,31.0,4.571428571428571,4.428571428571429,tp
2021-01-14,h062,11:52:00,long,15747.0,15748.0,9.0,2021-01-14 11:52:00,11:50:00,True,12,30,18.0,45.0,2.0,5.0,sl
2021-01-14,h062,12:39:00,short,15759.0,15758.0,7.0,2021-01-14 12:39:00,12:37:00,True,7,18,55.0,3.0,7.857142857142857,0.42857142857142855,tp
2021-01-14,h062,12:43:00,short,15747.0,15746.0,13.0,2021-01-14 12:43:00,12:42:00,True,15,27,43.0,7.0,3.3076923076923075,0.5384615384615384,tp
2021-01-14,h062,13:05:00,long,15728.0,15729.0,15.0,2021-01-14 13:05:00,13:04:00,True,17,55,8.0,26.0,0.5333333333333333,1.7333333333333334,sl
2021-01-15,h062,09:42:00,short,15832.0,15820.0,36.0,2021-01-15 09:42:00,09:38:00,True,22,63,236.0,87.0,6.555555555555555,2.4166666666666665,tp
2021-01-15,h062,12:04:00,short,15723.0,15710.0,33.0,2021-01-15 12:04:00,12:02:00,True,31,94,126.0,63.0,3.8181818181818183,1.9090909090909092,sl
2021-01-15,h062,12:25:00,long,15663.0,15672.0,57.0,2021-01-15 12:25:00,12:24:00,True,37,115,64.0,88.0,1.1228070175438596,1.543859649122807,tp
2021-01-18,h062,11:29:00,short,15558.0,15553.0,10.0,2021-01-18 11:29:00,11:25:00,False,4,10,63.0,58.0,6.3,5.8,sl
2021-01-18,h062,12:26:00,short,15504.0,15491.0,35.0,2021-01-18 12:26:00,12:25:00,True,27,55,1.0,120.0,0.02857142857142857,3.4285714285714284,sl
2021-01-18,h062,12:48:00,long,15562.0,15568.0,23.0,2021-01-18 12:48:00,12:46:00,True,20,50,43.0,19.0,1.8695652173913044,0.8260869565217391,tp
2021-01-19,h062,09:40:00,short,15794.0,15792.0,32.0,2021-01-19 09:40:00,09:33:00,True,45,63,40.0,154.0,1.25,4.8125,tp
2021-01-19,h062,10:05:00,short,15826.0,15825.0,15.0,2021-01-19 10:05:00,10:03:00,True,21,42,59.0,121.0,3.933333333333333,8.066666666666666,tp
2021-01-19,h062,10:31:00,short,15780.0,15775.0,41.0,2021-01-19 10:31:00,10:30:00,True,25,84,9.0,171.0,0.21951219512195122,4.170731707317073,sl
2021-01-19,h062,11:19:00,short,15833.0,15822.0,11.0,2021-01-19 11:19:00,11:13:00,True,16,36,0.0,124.0,0.0,11.272727272727273,sl
2021-01-19,h062,13:26:00,short,15933.0,15930.0,12.0,2021-01-19 13:26:00,13:25:00,True,22,58,47.0,6.0,3.9166666666666665,0.5,tp
2021-01-20,h062,11:06:00,short,15808.0,15795.0,35.0,2021-01-20 11:06:00,11:03:00,True,42,152,60.0,97.0,1.7142857142857142,2.7714285714285714,sl
2021-01-20,h062,13:01:00,short,15753.0,15743.0,56.0,2021-01-20 13:01:00,13:00:00,True,82,182,8.0,26.0,0.14285714285714285,0.4642857142857143,timeout
2021-01-21,h062,09:48:00,long,15995.0,16000.0,39.0,2021-01-21 09:48:00,09:45:00,True,36,97,183.0,52.0,4.6923076923076925,1.3333333333333333,sl
2021-01-21,h062,10:16:00,long,16037.0,16039.0,24.0,2021-01-21 10:16:00,10:13:00,True,50,81,144.0,83.0,6.0,3.4583333333333335,sl
2021-01-21,h062,11:19:00,short,16113.0,16092.0,37.0,2021-01-21 11:19:00,11:18:00,True,95,227,136.0,73.0,3.675675675675676,1.972972972972973,tp
2021-01-21,h062,13:26:00,short,16106.0,16099.0,27.0,2021-01-21 13:26:00,13:25:00,True,28,79,16.0,32.0,0.5925925925925926,1.1851851851851851,sl
2021-01-22,h062,11:51:00,short,15952.0,15937.0,30.0,2021-01-22 11:51:00,11:47:00,True,49,101,9.0,108.0,0.3,3.6,sl
2021-01-25,h062,09:36:00,short,15865.0,15846.0,45.0,2021-01-25 09:36:00,09:33:00,True,68,127,127.0,95.0,2.8222222222222224,2.111111111111111,tp
2021-01-25,h062,09:41:00,long,15823.0,15826.0,45.0,2021-01-25 09:41:00,09:39:00,True,92,241,115.0,107.0,2.5555555555555554,2.3777777777777778,sl
2021-01-25,h062,11:55:00,long,15878.0,15879.0,20.0,2021-01-25 11:55:00,11:54:00,True,13,34,62.0,8.0,3.1,0.4,tp
2021-01-25,h062,12:04:00,long,15896.0,15905.0,23.0,2021-01-25 12:04:00,12:00:00,True,28,54,36.0,20.0,1.565217391304348,0.8695652173913043,tp
2021-01-25,h062,12:09:00,short,15904.0,15901.0,18.0,2021-01-25 12:09:00,12:05:00,True,15,27,16.0,40.0,0.8888888888888888,2.2222222222222223,sl
2021-01-26,h062,09:16:00,long,15918.0,15920.0,36.0,2021-01-26 09:16:00,09:11:00,True,35,76,12.0,383.0,0.3333333333333333,10.63888888888889,sl
2021-01-26,h062,10:05:00,short,15843.0,15842.0,58.0,2021-01-26 10:05:00,09:45:00,True,52,86,305.0,11.0,5.258620689655173,0.1896551724137931,tp
2021-01-26,h062,10:54:00,long,15736.0,15739.0,30.0,2021-01-26 10:54:00,10:51:00,True,28,52,11.0,202.0,0.36666666666666664,6.733333333333333,sl
2021-01-26,h062,11:40:00,long,15654.0,15657.0,25.0,2021-01-26 11:40:00,11:39:00,True,30,77,67.0,120.0,2.68,4.8,tp
2021-01-26,h062,12:28:00,long,15637.0,15644.0,15.0,2021-01-26 12:28:00,12:27:00,True,21,51,-1.0,107.0,-0.06666666666666667,7.133333333333334,sl
2021-01-27,h062,10:02:00,short,15713.0,15705.0,41.0,2021-01-27 10:02:00,10:01:00,True,33,95,120.0,16.0,2.926829268292683,0.3902439024390244,tp
2021-01-27,h062,10:54:00,short,15642.0,15639.0,17.0,2021-01-27 10:54:00,10:52:00,True,13,45,54.0,67.0,3.176470588235294,3.9411764705882355,tp
2021-01-27,h062,10:59:00,short,15617.0,15613.0,20.0,2021-01-27 10:59:00,10:56:00,True,65,126,28.0,93.0,1.4,4.65,tp
2021-01-27,h062,12:03:00,short,15604.0,15603.0,19.0,2021-01-27 12:03:00,12:02:00,True,12,30,2.0,103.0,0.10526315789473684,5.421052631578948,sl
2021-01-27,h062,13:09:00,short,15686.0,15683.0,20.0,2021-01-27 13:09:00,13:00:00,True,28,61,33.0,22.0,1.65,1.1,sl
2021-01-27,h062,13:28:00,short,15670.0,15667.0,23.0,2021-01-27 13:28:00,13:25:00,True,18,42,17.0,6.0,0.7391304347826086,0.2608695652173913,timeout
2021-01-28,h062,10:57:00,long,15369.0,15385.0,54.0,2021-01-28 10:57:00,10:53:00,True,151,247,35.0,80.0,0.6481481481481481,1.4814814814814814,sl
2021-01-28,h062,11:46:00,short,15327.0,15324.0,23.0,2021-01-28 11:46:00,11:45:00,True,20,66,19.0,92.0,0.8260869565217391,4.0,sl
2021-01-29,h062,11:34:00,short,15314.0,15313.0,28.0,2021-01-29 11:34:00,11:28:00,True,36,77,250.0,42.0,8.928571428571429,1.5,tp
2021-01-29,h062,13:02:00,short,15219.0,15217.0,23.0,2021-01-29 13:02:00,13:01:00,True,19,67,154.0,5.0,6.695652173913044,0.21739130434782608,tp
2021-02-01,h062,09:57:00,short,15192.0,15186.0,56.0,2021-02-01 09:57:00,09:47:00,True,27,42,32.0,212.0,0.5714285714285714,3.7857142857142856,sl
2021-02-01,h062,10:36:00,short,15231.0,15228.0,30.0,2021-02-01 10:36:00,10:24:00,True,9,20,38.0,170.0,1.2666666666666666,5.666666666666667,tp
2021-02-01,h062,11:21:00,long,15276.0,15278.0,19.0,2021-02-01 11:21:00,11:20:00,True,12,41,120.0,6.0,6.315789473684211,0.3157894736842105,tp
2021-02-01,h062,11:51:00,short,15328.0,15327.0,45.0,2021-02-01 11:51:00,11:45:00,True,16,32,8.0,71.0,0.17777777777777778,1.5777777777777777,sl
2021-02-01,h062,12:25:00,long,15380.0,15383.0,24.0,2021-02-01 12:25:00,12:23:00,True,26,46,15.0,47.0,0.625,1.9583333333333333,sl
2021-02-01,h062,13:26:00,short,15374.0,15370.0,21.0,2021-02-01 13:26:00,13:18:00,True,7,15,12.0,6.0,0.5714285714285714,0.2857142857142857,timeout
2021-02-02,h062,11:39:00,long,15797.0,15804.0,13.0,2021-02-02 11:39:00,11:37:00,True,19,53,16.0,78.0,1.2307692307692308,6.0,tp
2021-02-02,h062,12:38:00,long,15794.0,15795.0,11.0,2021-02-02 12:38:00,12:32:00,True,15,27,7.0,69.0,0.6363636363636364,6.2727272727272725,sl
2021-02-02,h062,12:46:00,long,15783.0,15785.0,8.0,2021-02-02 12:46:00,12:45:00,True,10,31,17.0,59.0,2.125,7.375,sl
2021-02-02,h062,13:01:00,short,15765.0,15764.0,23.0,2021-02-02 13:01:00,13:00:00,True,54,122,38.0,21.0,1.6521739130434783,0.9130434782608695,tp
2021-02-03,h062,10:51:00,short,15783.0,15780.0,36.0,2021-02-03 10:51:00,10:50:00,True,18,56,43.0,55.0,1.1944444444444444,1.5277777777777777,sl
2021-02-03,h062,12:09:00,long,15829.0,15830.0,15.0,2021-02-03 12:09:00,12:07:00,True,24,54,2.0,93.0,0.13333333333333333,6.2,sl
2021-02-03,h062,13:06:00,short,15748.0,15747.0,18.0,2021-02-03 13:06:00,12:56:00,True,14,29,10.0,40.0,0.5555555555555556,2.2222222222222223,sl
2021-02-04,h062,09:59:00,long,15736.0,15740.0,36.0,2021-02-04 09:59:00,09:45:00,True,24,50,37.0,115.0,1.0277777777777777,3.1944444444444446,tp
2021-02-04,h062,12:33:00,long,15640.0,15645.0,15.0,2021-02-04 12:33:00,12:30:00,True,10,20,59.0,16.0,3.933333333333333,1.0666666666666667,sl
2021-02-05,h062,09:55:00,long,15886.0,15897.0,62.0,2021-02-05 09:55:00,09:53:00,True,103,198,87.0,133.0,1.403225806451613,2.1451612903225805,tp
2021-02-05,h062,10:42:00,short,15901.0,15815.0,26.0,2021-02-05 10:42:00,10:39:00,True,214,479,51.0,44.0,1.9615384615384615,1.6923076923076923,tp
2021-02-17,h062,09:40:00,long,16371.0,16377.0,107.0,2021-02-17 09:40:00,09:34:00,True,129,226,56.0,191.0,0.5233644859813084,1.7850467289719627,sl
2021-02-17,h062,10:48:00,long,16372.0,16378.0,186.0,2021-02-17 10:48:00,09:42:00,True,12,38,55.0,68.0,0.2956989247311828,0.3655913978494624,timeout
2021-02-17,h062,11:11:00,long,16411.0,16416.0,24.0,2021-02-17 11:11:00,11:03:00,True,18,53,17.0,106.0,0.7083333333333334,4.416666666666667,sl
2021-02-17,h062,12:21:00,long,16384.0,16387.0,18.0,2021-02-17 12:21:00,12:15:00,True,5,10,4.0,77.0,0.2222222222222222,4.277777777777778,sl
2021-02-17,h062,12:52:00,long,16365.0,16373.0,16.0,2021-02-17 12:52:00,12:48:00,True,12,27,3.0,63.0,0.1875,3.9375,sl
2021-02-17,h062,13:17:00,long,16318.0,16320.0,8.0,2021-02-17 13:17:00,13:15:00,True,26,65,7.0,3.0,0.875,0.375,timeout
2021-02-18,h062,10:41:00,short,16360.0,16358.0,18.0,2021-02-18 10:41:00,10:30:00,True,15,24,68.0,167.0,3.7777777777777777,9.277777777777779,sl
2021-02-18,h062,10:47:00,long,16392.0,16414.0,28.0,2021-02-18 10:47:00,10:46:00,True,104,182,111.0,124.0,3.9642857142857144,4.428571428571429,tp
2021-02-18,h062,10:55:00,long,16455.0,16459.0,30.0,2021-02-18 10:55:00,10:54:00,True,61,135,66.0,169.0,2.2,5.633333333333334,tp
2021-02-18,h062,11:26:00,short,16421.0,16412.0,38.0,2021-02-18 11:26:00,11:21:00,True,60,97,122.0,10.0,3.210526315789474,0.2631578947368421,tp
2021-02-18,h062,12:09:00,short,16328.0,16311.0,30.0,2021-02-18 12:09:00,12:05:00,True,24,70,21.0,111.0,0.7,3.7,sl
2021-02-18,h062,12:11:00,long,16313.0,16316.0,21.0,2021-02-18 12:11:00,12:10:00,True,53,104,106.0,11.0,5.0476190476190474,0.5238095238095238,tp
2021-02-19,h062,09:14:00,short,16263.0,16255.0,34.0,2021-02-19 09:14:00,09:11:00,True,46,88,125.0,68.0,3.676470588235294,2.0,sl
2021-02-19,h062,09:36:00,long,16252.0,16255.0,27.0,2021-02-19 09:36:00,09:35:00,True,29,97,68.0,125.0,2.5185185185185186,4.62962962962963,sl
2021-02-19,h062,10:19:00,short,16183.0,16178.0,26.0,2021-02-19 10:19:00,10:16:00,True,7,24,48.0,145.0,1.8461538461538463,5.576923076923077,sl
2021-02-19,h062,11:31:00,short,16236.0,16232.0,16.0,2021-02-19 11:31:00,11:27:00,True,14,34,20.0,91.0,1.25,5.6875,sl
2021-02-19,h062,12:24:00,long,16261.0,16265.0,21.0,2021-02-19 12:24:00,12:15:00,True,56,75,58.0,0.0,2.761904761904762,0.0,tp
2021-02-19,h062,12:49:00,long,16298.0,16301.0,18.0,2021-02-19 12:49:00,12:36:00,True,16,19,22.0,26.0,1.2222222222222223,1.4444444444444444,sl
2021-02-19,h062,13:05:00,short,16294.0,16292.0,16.0,2021-02-19 13:05:00,13:01:00,True,5,10,5.0,31.0,0.3125,1.9375,sl
2021-02-22,h062,09:21:00,long,16551.0,16556.0,62.0,2021-02-22 09:21:00,09:15:00,True,24,59,2.0,220.0,0.03225806451612903,3.5483870967741935,sl
2021-02-22,h062,10:50:00,short,16356.0,16342.0,29.0,2021-02-22 10:50:00,10:45:00,True,40,79,6.0,101.0,0.20689655172413793,3.4827586206896552,sl
2021-02-23,h062,09:14:00,long,16219.0,16223.0,36.0,2021-02-23 09:14:00,09:11:00,True,18,49,228.0,17.0,6.333333333333333,0.4722222222222222,tp
2021-02-23,h062,10:37:00,long,16402.0,16405.0,16.0,2021-02-23 10:37:00,10:35:00,True,21,48,46.0,95.0,2.875,5.9375,tp
2021-02-23,h062,13:02:00,long,16432.0,16435.0,27.0,2021-02-23 13:02:00,13:00:00,True,12,29,16.0,16.0,0.5925925925925926,0.5925925925925926,timeout
2021-02-24,h062,10:39:00,short,16343.0,16342.0,21.0,2021-02-24 10:39:00,10:37:00,True,10,22,209.0,3.0,9.952380952380953,0.14285714285714285,tp
2021-02-24,h062,10:55:00,short,16270.0,16264.0,36.0,2021-02-24 10:55:00,10:50:00,True,55,93,131.0,59.0,3.638888888888889,1.6388888888888888,sl
2021-02-24,h062,12:07:00,short,16200.0,16163.0,28.0,2021-02-24 12:07:00,12:06:00,True,85,170,30.0,68.0,1.0714285714285714,2.4285714285714284,sl
2021-02-24,h062,12:18:00,short,16153.0,16149.0,32.0,2021-02-24 12:18:00,12:08:00,True,15,29,16.0,82.0,0.5,2.5625,sl
2021-02-24,h062,13:02:00,short,16175.0,16169.0,50.0,2021-02-24 13:02:00,12:28:00,True,12,20,27.0,16.0,0.54,0.32,timeout
2021-02-25,h062,09:17:00,long,16420.0,16421.0,24.0,2021-02-25 09:17:00,09:16:00,True,23,60,1.0,178.0,0.041666666666666664,7.416666666666667,sl
2021-02-25,h062,10:14:00,long,16304.0,16305.0,29.0,2021-02-25 10:14:00,09:53:00,True,16,25,93.0,62.0,3.206896551724138,2.1379310344827585,tp
2021-02-25,h062,13:02:00,long,16365.0,16370.0,10.0,2021-02-25 13:02:00,13:00:00,True,21,38,28.0,27.0,2.8,2.7,tp
2021-02-26,h062,09:44:00,short,15935.0,15906.0,93.0,2021-02-26 09:44:00,09:33:00,True,114,200,54.0,148.0,0.5806451612903226,1.5913978494623655,sl
2021-02-26,h062,12:08:00,short,15968.0,15961.0,31.0,2021-02-26 12:08:00,12:02:00,True,7,19,83.0,10.0,2.6774193548387095,0.3225806451612903,tp
2021-02-26,h062,12:26:00,long,15939.0,15946.0,27.0,2021-02-26 12:26:00,12:25:00,True,16,39,25.0,68.0,0.9259259259259259,2.5185185185185186,sl
2021-02-26,h062,13:26:00,short,15915.0,15894.0,35.0,2021-02-26 13:26:00,13:25:00,True,30,69,16.0,46.0,0.45714285714285713,1.3142857142857143,sl
2021-03-02,h062,10:42:00,short,16097.0,16090.0,23.0,2021-03-02 10:42:00,10:39:00,True,23,58,222.0,11.0,9.652173913043478,0.4782608695652174,tp
2021-03-02,h062,12:10:00,short,16068.0,16060.0,25.0,2021-03-02 12:10:00,12:00:00,True,12,17,192.0,9.0,7.68,0.36,tp
2021-03-03,h062,10:44:00,long,15995.0,15997.0,24.0,2021-03-03 10:44:00,10:41:00,True,20,40,199.0,1.0,8.291666666666666,0.041666666666666664,tp
2021-03-03,h062,10:47:00,long,16050.0,16058.0,46.0,2021-03-03 10:47:00,10:46:00,True,45,131,138.0,10.0,3.0,0.21739130434782608,tp
2021-03-03,h062,12:15:00,long,16143.0,16154.0,22.0,2021-03-03 12:15:00,12:14:00,True,49,84,42.0,21.0,1.9090909090909092,0.9545454545454546,tp
2021-03-03,h062,13:07:00,long,16169.0,16173.0,9.0,2021-03-03 13:07:00,13:06:00,True,13,35,23.0,3.0,2.5555555555555554,0.3333333333333333,tp
2021-03-03,h062,13:27:00,long,16183.0,16195.0,13.0,2021-03-03 13:27:00,13:25:00,True,32,72,1.0,25.0,0.07692307692307693,1.9230769230769231,sl
2021-03-04,h062,09:39:00,short,15965.0,15954.0,49.0,2021-03-04 09:39:00,09:38:00,True,69,129,198.0,33.0,4.040816326530612,0.673469387755102,tp
2021-03-04,h062,10:24:00,short,15855.0,15853.0,70.0,2021-03-04 10:24:00,10:22:00,True,19,67,97.0,127.0,1.3857142857142857,1.8142857142857143,tp
2021-03-04,h062,11:22:00,short,15794.0,15793.0,26.0,2021-03-04 11:22:00,11:21:00,True,12,39,37.0,187.0,1.4230769230769231,7.1923076923076925,sl
2021-03-04,h062,12:03:00,short,15791.0,15785.0,21.0,2021-03-04 12:03:00,12:00:00,True,11,31,29.0,195.0,1.380952380952381,9.285714285714286,tp
2021-03-04,h062,12:36:00,long,15881.0,15886.0,24.0,2021-03-04 12:36:00,12:30:00,True,13,37,94.0,1.0,3.9166666666666665,0.041666666666666664,tp
2021-03-04,h062,12:45:00,long,15936.0,15964.0,42.0,2021-03-04 12:45:00,12:39:00,True,114,206,16.0,60.0,0.38095238095238093,1.4285714285714286,sl
2021-03-05,h062,10:40:00,short,15791.0,15780.0,23.0,2021-03-05 10:40:00,10:38:00,True,11,32,0.0,134.0,0.0,5.826086956521739,sl
2021-03-05,h062,12:56:00,short,15805.0,15804.0,26.0,2021-03-05 12:56:00,12:55:00,True,12,30,20.0,51.0,0.7692307692307693,1.9615384615384615,sl
2021-03-08,h062,10:04:00,long,16059.0,16071.0,69.0,2021-03-08 10:04:00,10:00:00,True,106,156,24.0,304.0,0.34782608695652173,4.405797101449275,sl
2021-03-08,h062,12:47:00,long,15785.0,15787.0,18.0,2021-03-08 12:47:00,12:45:00,True,9,21,60.0,15.0,3.3333333333333335,0.8333333333333334,tp
2021-03-09,h062,09:41:00,short,15651.0,15637.0,33.0,2021-03-09 09:41:00,09:39:00,True,47,106,29.0,211.0,0.8787878787878788,6.393939393939394,sl
2021-03-09,h062,09:46:00,long,15670.0,15678.0,53.0,2021-03-09 09:46:00,09:45:00,True,59,112,170.0,70.0,3.207547169811321,1.320754716981132,sl
2021-03-09,h062,13:26:00,long,15801.0,15805.0,18.0,2021-03-09 13:26:00,13:25:00,True,15,30,20.0,4.0,1.1111111111111112,0.2222222222222222,tp
2021-03-10,h062,12:03:00,short,15846.0,15842.0,25.0,2021-03-10 12:03:00,12:02:00,True,12,36,22.0,53.0,0.88,2.12,sl
2021-03-11,h062,09:11:00,long,16022.0,16035.0,17.0,2021-03-11 09:11:00,09:10:00,True,41,103,179.0,0.0,10.529411764705882,0.0,tp
2021-03-11,h062,10:19:00,long,16164.0,16165.0,36.0,2021-03-11 10:19:00,10:12:00,True,12,31,49.0,19.0,1.3611111111111112,0.5277777777777778,tp
2021-03-11,h062,10:42:00,long,16190.0,16192.0,20.0,2021-03-11 10:42:00,10:37:00,True,26,63,22.0,30.0,1.1,1.5,sl
2021-03-11,h062,11:43:00,long,16179.0,16180.0,8.0,2021-03-11 11:43:00,11:41:00,True,7,11,34.0,18.0,4.25,2.25,tp
2021-03-11,h062,12:54:00,short,16178.0,16175.0,9.0,2021-03-11 12:54:00,12:51:00,True,17,31,13.0,17.0,1.4444444444444444,1.8888888888888888,sl
2021-03-11,h062,13:27:00,short,16178.0,16172.0,12.0,2021-03-11 13:27:00,13:18:00,True,45,65,10.0,3.0,0.8333333333333334,0.25,timeout
2021-03-12,h062,09:55:00,short,16190.0,16183.0,26.0,2021-03-12 09:55:00,09:54:00,True,56,86,28.0,58.0,1.0769230769230769,2.230769230769231,sl
2021-03-12,h062,10:57:00,long,16170.0,16174.0,12.0,2021-03-12 10:57:00,10:51:00,True,14,35,67.0,3.0,5.583333333333333,0.25,tp
2021-03-12,h062,12:04:00,short,16220.0,16218.0,10.0,2021-03-12 12:04:00,12:01:00,True,7,8,32.0,23.0,3.2,2.3,tp
2021-03-12,h062,12:17:00,short,16199.0,16195.0,15.0,2021-03-12 12:17:00,12:15:00,True,6,13,9.0,46.0,0.6,3.066666666666667,sl
2021-03-12,h062,12:52:00,long,16216.0,16219.0,15.0,2021-03-12 12:52:00,12:43:00,True,5,10,22.0,13.0,1.4666666666666666,0.8666666666666667,tp
2021-03-12,h062,13:07:00,short,16227.0,16224.0,12.0,2021-03-12 13:07:00,13:02:00,True,7,9,18.0,8.0,1.5,0.6666666666666666,tp
2021-03-15,h062,09:50:00,long,16177.0,16183.0,35.0,2021-03-15 09:50:00,09:41:00,True,46,72,56.0,17.0,1.6,0.4857142857142857,tp
2021-03-15,h062,10:39:00,short,16185.0,16184.0,20.0,2021-03-15 10:39:00,10:37:00,True,21,44,18.0,46.0,0.9,2.3,sl
2021-03-15,h062,12:04:00,short,16198.0,16193.0,19.0,2021-03-15 12:04:00,12:00:00,True,5,11,15.0,37.0,0.7894736842105263,1.9473684210526316,sl
2021-03-15,h062,12:35:00,short,16213.0,16209.0,12.0,2021-03-15 12:35:00,12:29:00,True,10,13,17.0,21.0,1.4166666666666667,1.75,sl
2021-03-15,h062,13:04:00,short,16220.0,16214.0,10.0,2021-03-15 13:04:00,13:02:00,True,10,25,22.0,8.0,2.2,0.8,tp
2021-03-15,h062,13:29:00,short,16210.0,16209.0,11.0,2021-03-15 13:29:00,13:25:00,True,7,10,17.0,3.0,1.5454545454545454,0.2727272727272727,tp
2021-03-16,h062,09:19:00,short,16273.0,16268.0,22.0,2021-03-16 09:19:00,09:15:00,True,20,50,55.0,80.0,2.5,3.6363636363636362,tp
2021-03-16,h062,09:50:00,long,16239.0,16248.0,25.0,2021-03-16 09:50:00,09:41:00,True,17,42,100.0,35.0,4.0,1.4,sl
2021-03-16,h062,11:01:00,short,16247.0,16244.0,8.0,2021-03-16 11:01:00,11:00:00,True,5,9,3.0,104.0,0.375,13.0,sl
2021-03-16,h062,11:15:00,short,16259.0,16257.0,11.0,2021-03-16 11:15:00,11:06:00,True,12,28,12.0,91.0,1.0909090909090908,8.272727272727273,sl
2021-03-16,h062,11:30:00,short,16270.0,16268.0,7.0,2021-03-16 11:30:00,11:26:00,False,0,4,23.0,80.0,3.2857142857142856,11.428571428571429,tp
2021-03-16,h062,11:40:00,long,16315.0,16324.0,32.0,2021-03-16 11:40:00,11:39:00,True,38,129,24.0,79.0,0.75,2.46875,sl
2021-03-16,h062,12:21:00,short,16305.0,16283.0,21.0,2021-03-16 12:21:00,12:19:00,True,146,232,21.0,30.0,1.0,1.4285714285714286,tp
2021-03-17,h062,09:32:00,short,16264.0,16263.0,20.0,2021-03-17 09:32:00,09:31:00,True,16,49,102.0,73.0,5.1,3.65,sl
2021-03-17,h062,11:38:00,short,16263.0,16254.0,10.0,2021-03-17 11:38:00,11:36:00,True,59,90,93.0,20.0,9.3,2.0,sl
2021-03-17,h062,11:50:00,long,16258.0,16259.0,10.0,2021-03-17 11:50:00,11:45:00,True,6,15,15.0,98.0,1.5,9.8,tp
2021-03-17,h062,12:18:00,short,16234.0,16227.0,19.0,2021-03-17 12:18:00,12:16:00,True,24,48,66.0,8.0,3.473684210526316,0.42105263157894735,tp
2021-03-17,h062,12:21:00,long,16212.0,16215.0,24.0,2021-03-17 12:21:00,12:20:00,True,24,74,20.0,54.0,0.8333333333333334,2.25,sl
2021-03-17,h062,12:58:00,short,16180.0,16176.0,13.0,2021-03-17 12:58:00,12:51:00,True,5,12,15.0,23.0,1.1538461538461537,1.7692307692307692,tp
2021-03-17,h062,13:01:00,long,16178.0,16193.0,17.0,2021-03-17 13:01:00,13:00:00,True,31,109,6.0,20.0,0.35294117647058826,1.1764705882352942,sl
2021-03-18,h062,09:12:00,short,16295.0,16292.0,20.0,2021-03-18 09:12:00,09:11:00,True,44,85,72.0,109.0,3.6,5.45,tp
2021-03-18,h062,09:37:00,long,16324.0,16350.0,46.0,2021-03-18 09:37:00,09:36:00,True,146,309,51.0,130.0,1.108695652173913,2.8260869565217392,tp
2021-03-18,h062,10:08:00,short,16376.0,16362.0,22.0,2021-03-18 10:08:00,09:45:00,True,64,78,142.0,-1.0,6.454545454545454,-0.045454545454545456,tp
2021-03-18,h062,10:56:00,long,16348.0,16352.0,19.0,2021-03-18 10:56:00,10:49:00,True,15,26,8.0,132.0,0.42105263157894735,6.947368421052632,sl
2021-03-18,h062,11:29:00,short,16301.0,16299.0,21.0,2021-03-18 11:29:00,11:26:00,True,17,35,79.0,23.0,3.761904761904762,1.0952380952380953,sl
2021-03-18,h062,12:15:00,short,16244.0,16238.0,15.0,2021-03-18 12:15:00,12:12:00,True,43,96,18.0,24.0,1.2,1.6,tp
2021-03-18,h062,13:29:00,short,16241.0,16240.0,21.0,2021-03-18 13:29:00,13:25:00,True,15,22,8.0,2.0,0.38095238095238093,0.09523809523809523,timeout
2021-03-19,h062,09:14:00,short,16038.0,16025.0,39.0,2021-03-19 09:14:00,09:11:00,True,35,99,72.0,63.0,1.8461538461538463,1.6153846153846154,sl
2021-03-19,h062,10:19:00,short,15970.0,15959.0,38.0,2021-03-19 10:19:00,10:07:00,True,67,92,6.0,109.0,0.15789473684210525,2.8684210526315788,sl
2021-03-19,h062,11:18:00,long,15971.0,15983.0,18.0,2021-03-19 11:18:00,11:14:00,True,13,28,85.0,15.0,4.722222222222222,0.8333333333333334,tp
2021-03-19,h062,11:41:00,long,16017.0,16018.0,21.0,2021-03-19 11:41:00,11:40:00,True,24,36,50.0,50.0,2.380952380952381,2.380952380952381,sl
2021-03-19,h062,12:26:00,long,16031.0,16036.0,12.0,2021-03-19 12:26:00,12:24:00,True,33,40,32.0,34.0,2.6666666666666665,2.8333333333333335,tp
2021-03-19,h062,12:29:00,long,16052.0,16059.0,16.0,2021-03-19 12:29:00,12:27:00,True,29,89,9.0,57.0,0.5625,3.5625,sl
2021-03-22,h062,09:13:00,short,15961.0,15952.0,28.0,2021-03-22 09:13:00,09:12:00,True,43,82,41.0,222.0,1.4642857142857142,7.928571428571429,tp
2021-03-22,h062,09:26:00,long,15948.0,15949.0,32.0,2021-03-22 09:26:00,09:15:00,True,18,55,225.0,2.0,7.03125,0.0625,tp
2021-03-22,h062,09:39:00,long,16040.0,16049.0,43.0,2021-03-22 09:39:00,09:36:00,True,41,104,125.0,9.0,2.9069767441860463,0.20930232558139536,tp
2021-03-22,h062,10:02:00,short,16078.0,16074.0,64.0,2021-03-22 10:02:00,09:45:00,True,35,51,18.0,100.0,0.28125,1.5625,sl
2021-03-22,h062,11:07:00,long,16089.0,16097.0,33.0,2021-03-22 11:07:00,11:00:00,True,17,39,77.0,17.0,2.3333333333333335,0.5151515151515151,tp
2021-03-22,h062,12:08:00,long,16100.0,16102.0,20.0,2021-03-22 12:08:00,12:05:00,True,6,13,72.0,3.0,3.6,0.15,tp
2021-03-22,h062,12:19:00,long,16127.0,16128.0,12.0,2021-03-22 12:19:00,12:18:00,True,13,29,46.0,1.0,3.8333333333333335,0.08333333333333333,tp
2021-03-22,h062,12:25:00,long,16150.0,16152.0,23.0,2021-03-22 12:25:00,12:20:00,True,6,22,22.0,23.0,0.9565217391304348,1.0,sl
2021-03-22,h062,13:08:00,long,16167.0,16170.0,13.0,2021-03-22 13:08:00,13:07:00,True,12,38,4.0,41.0,0.3076923076923077,3.1538461538461537,sl
2021-03-22,h062,13:29:00,short,16147.0,16136.0,11.0,2021-03-22 13:29:00,13:25:00,True,33,63,7.0,6.0,0.6363636363636364,0.5454545454545454,timeout
2021-03-23,h062,10:13:00,short,16181.0,16175.0,15.0,2021-03-23 10:13:00,10:06:00,True,8,26,72.0,13.0,4.8,0.8666666666666667,tp
2021-03-23,h062,12:15:00,short,16128.0,16124.0,14.0,2021-03-23 12:15:00,12:14:00,True,26,41,21.0,22.0,1.5,1.5714285714285714,sl
2021-03-23,h062,13:10:00,long,16121.0,16122.0,18.0,2021-03-23 13:10:00,13:00:00,True,13,26,5.0,15.0,0.2777777777777778,0.8333333333333334,timeout
2021-03-23,h062,13:27:00,short,16113.0,16110.0,14.0,2021-03-23 13:27:00,13:25:00,True,6,13,2.0,16.0,0.14285714285714285,1.1428571428571428,sl
2021-03-24,h062,10:08:00,long,15977.0,15978.0,23.0,2021-03-24 10:08:00,10:04:00,True,14,31,44.0,39.0,1.9130434782608696,1.6956521739130435,tp
2021-03-24,h062,11:06:00,short,15962.0,15959.0,15.0,2021-03-24 11:06:00,11:03:00,True,101,135,20.0,54.0,1.3333333333333333,3.6,tp
2021-03-24,h062,12:11:00,long,16005.0,16006.0,9.0,2021-03-24 12:11:00,12:10:00,True,7,15,7.0,67.0,0.7777777777777778,7.444444444444445,sl
2021-03-24,h062,12:53:00,long,15952.0,15954.0,13.0,2021-03-24 12:53:00,12:51:00,True,8,20,39.0,10.0,3.0,0.7692307692307693,tp
2021-03-24,h062,13:19:00,short,15957.0,15955.0,24.0,2021-03-24 13:19:00,13:06:00,True,5,11,2.0,38.0,0.08333333333333333,1.5833333333333333,sl
2021-03-25,h062,09:43:00,long,15909.0,15915.0,39.0,2021-03-25 09:43:00,09:36:00,True,33,84,175.0,14.0,4.487179487179487,0.358974358974359,tp
2021-03-25,h062,10:06:00,long,15984.0,15989.0,35.0,2021-03-25 10:06:00,10:05:00,True,45,115,101.0,18.0,2.8857142857142857,0.5142857142857142,tp
2021-03-25,h062,10:25:00,short,16020.0,16017.0,60.0,2021-03-25 10:25:00,10:15:00,True,18,42,46.0,73.0,0.7666666666666667,1.2166666666666666,sl
2021-03-25,h062,11:00:00,short,16072.0,16071.0,18.0,2021-03-25 11:00:00,10:58:00,True,31,65,100.0,3.0,5.555555555555555,0.16666666666666666,tp
2021-03-25,h062,11:52:00,long,16011.0,16012.0,19.0,2021-03-25 11:52:00,11:51:00,True,10,23,25.0,41.0,1.3157894736842106,2.1578947368421053,tp
2021-03-25,h062,12:22:00,short,15977.0,15976.0,20.0,2021-03-25 12:22:00,12:16:00,True,16,27,5.0,61.0,0.25,3.05,sl
2021-03-25,h062,13:01:00,long,15992.0,16005.0,14.0,2021-03-25 13:01:00,13:00:00,True,18,44,32.0,14.0,2.2857142857142856,1.0,sl
2021-03-26,h062,09:12:00,short,16108.0,16094.0,21.0,2021-03-26 09:12:00,09:11:00,True,29,84,13.0,199.0,0.6190476190476191,9.476190476190476,sl
2021-03-26,h062,09:30:00,long,16140.0,16141.0,32.0,2021-03-26 09:30:00,09:18:00,True,110,164,152.0,4.0,4.75,0.125,tp
2021-03-26,h062,09:48:00,short,16171.0,16162.0,29.0,2021-03-26 09:48:00,09:45:00,True,20,61,10.0,131.0,0.3448275862068966,4.517241379310345,sl
2021-03-26,h062,12:20:00,long,16272.0,16284.0,11.0,2021-03-26 12:20:00,12:17:00,True,55,93,9.0,17.0,0.8181818181818182,1.5454545454545454,sl
2021-03-26,h062,13:01:00,long,16282.0,16285.0,7.0,2021-03-26 13:01:00,12:59:00,False,4,8,8.0,18.0,1.1428571428571428,2.5714285714285716,sl
2021-03-26,h062,13:13:00,short,16284.0,16283.0,9.0,2021-03-26 13:13:00,13:10:00,True,6,10,16.0,6.0,1.7777777777777777,0.6666666666666666,tp
2021-03-29,h062,09:39:00,short,16373.0,16365.0,39.0,2021-03-29 09:39:00,09:25:00,True,7,18,8.0,120.0,0.20512820512820512,3.076923076923077,sl
2021-03-29,h062,09:48:00,long,16420.0,16425.0,20.0,2021-03-29 09:48:00,09:47:00,True,90,128,60.0,24.0,3.0,1.2,tp
2021-03-29,h062,11:19:00,long,16458.0,16459.0,23.0,2021-03-29 11:19:00,11:14:00,True,5,10,26.0,58.0,1.1304347826086956,2.5217391304347827,tp
2021-03-29,h062,12:16:00,long,16476.0,16477.0,10.0,2021-03-29 12:16:00,12:09:00,True,13,15,0.0,76.0,0.0,7.6,sl
2021-03-29,h062,12:33:00,long,16455.0,16456.0,10.0,2021-03-29 12:33:00,12:30:00,False,3,10,7.0,55.0,0.7,5.5,sl
2021-03-29,h062,13:09:00,short,16432.0,16427.0,18.0,2021-03-29 13:09:00,13:00:00,True,23,44,26.0,2.0,1.4444444444444444,0.1111111111111111,tp
2021-03-29,h062,13:12:00,short,16407.0,16404.0,15.0,2021-03-29 13:12:00,13:11:00,True,9,25,3.0,17.0,0.2,1.1333333333333333,sl
2021-03-30,h062,10:18:00,long,16506.0,16509.0,26.0,2021-03-30 10:18:00,10:13:00,True,14,26,22.0,91.0,0.8461538461538461,3.5,sl
2021-03-30,h062,10:45:00,short,16517.0,16514.0,12.0,2021-03-30 10:45:00,10:37:00,True,12,25,96.0,11.0,8.0,0.9166666666666666,tp
2021-03-30,h062,10:53:00,short,16471.0,16462.0,28.0,2021-03-30 10:53:00,10:49:00,True,55,83,44.0,63.0,1.5714285714285714,2.25,tp
2021-03-30,h062,11:28:00,long,16463.0,16464.0,45.0,2021-03-30 11:28:00,10:54:00,True,7,11,61.0,4.0,1.3555555555555556,0.08888888888888889,tp
2021-03-30,h062,12:25:00,long,16493.0,16496.0,7.0,2021-03-30 12:25:00,12:23:00,True,10,20,29.0,10.0,4.142857142857143,1.4285714285714286,sl
2021-03-30,h062,12:39:00,long,16502.0,16503.0,7.0,2021-03-30 12:39:00,12:37:00,False,3,6,22.0,2.0,3.142857142857143,0.2857142857142857,tp
2021-03-31,h062,09:44:00,short,16532.0,16523.0,17.0,2021-03-31 09:44:00,09:41:00,True,20,54,120.0,15.0,7.0588235294117645,0.8823529411764706,tp
2021-03-31,h062,10:11:00,short,16483.0,16479.0,21.0,2021-03-31 10:11:00,10:03:00,True,13,28,76.0,10.0,3.619047619047619,0.47619047619047616,tp
2021-03-31,h062,11:20:00,long,16434.0,16444.0,31.0,2021-03-31 11:20:00,11:12:00,True,14,38,16.0,39.0,0.5161290322580645,1.2580645161290323,sl
2021-03-31,h062,12:44:00,long,16427.0,16433.0,15.0,2021-03-31 12:44:00,12:30:00,True,16,40,6.0,28.0,0.4,1.8666666666666667,sl
2021-03-31,h062,13:16:00,long,16425.0,16429.0,16.0,2021-03-31 13:16:00,13:00:00,True,13,19,5.0,21.0,0.3125,1.3125,sl
2021-03-31,h062,13:26:00,short,16420.0,16416.0,13.0,2021-03-31 13:26:00,13:25:00,True,9,20,8.0,14.0,0.6153846153846154,1.0769230769230769,sl
2021-04-01,h062,09:36:00,short,16510.0,16508.0,17.0,2021-04-01 09:36:00,09:31:00,True,17,31,56.0,79.0,3.2941176470588234,4.647058823529412,tp
2021-04-01,h062,10:05:00,short,16574.0,16573.0,13.0,2021-04-01 10:05:00,10:03:00,True,34,58,121.0,3.0,9.307692307692308,0.23076923076923078,tp
2021-04-01,h062,10:41:00,long,16494.0,16495.0,16.0,2021-04-01 10:41:00,10:37:00,False,4,11,63.0,43.0,3.9375,2.6875,sl
2021-04-01,h062,11:50:00,long,16522.0,16524.0,16.0,2021-04-01 11:50:00,11:39:00,True,29,42,34.0,11.0,2.125,0.6875,tp
2021-04-01,h062,12:31:00,long,16550.0,16554.0,15.0,2021-04-01 12:31:00,12:24:00,True,8,14,4.0,28.0,0.26666666666666666,1.8666666666666667,sl
2021-04-06,h062,09:41:00,long,16754.0,16762.0,49.0,2021-04-06 09:41:00,09:22:00,True,18,46,78.0,65.0,1.5918367346938775,1.3265306122448979,tp
2021-04-06,h062,09:46:00,short,16803.0,16797.0,31.0,2021-04-06 09:46:00,09:45:00,True,33,107,100.0,8.0,3.225806451612903,0.25806451612903225,tp
2021-04-06,h062,09:55:00,short,16738.0,16736.0,65.0,2021-04-06 09:55:00,09:48:00,True,25,52,39.0,30.0,0.6,0.46153846153846156,timeout
2021-04-06,h062,10:52:00,long,16731.0,16733.0,26.0,2021-04-06 10:52:00,10:51:00,True,17,29,32.0,36.0,1.2307692307692308,1.3846153846153846,sl
2021-04-06,h062,11:19:00,long,16740.0,16743.0,15.0,2021-04-06 11:19:00,11:16:00,True,9,19,22.0,46.0,1.4666666666666666,3.066666666666667,sl
2021-04-06,h062,11:54:00,short,16703.0,16698.0,19.0,2021-04-06 11:54:00,11:53:00,True,39,80,1.0,67.0,0.05263157894736842,3.526315789473684,sl
2021-04-06,h062,12:31:00,long,16749.0,16752.0,10.0,2021-04-06 12:31:00,12:24:00,True,7,14,13.0,27.0,1.3,2.7,tp
2021-04-06,h062,12:57:00,long,16744.0,16747.0,9.0,2021-04-06 12:57:00,12:53:00,True,8,14,5.0,22.0,0.5555555555555556,2.4444444444444446,sl
2021-04-06,h062,13:27:00,short,16742.0,16741.0,9.0,2021-04-06 13:27:00,13:24:00,True,7,11,16.0,2.0,1.7777777777777777,0.2222222222222222,tp
2021-04-07,h062,09:17:00,short,16758.0,16757.0,26.0,2021-04-07 09:17:00,09:15:00,True,28,50,84.0,31.0,3.230769230769231,1.1923076923076923,tp
2021-04-07,h062,09:52:00,short,16701.0,16697.0,25.0,2021-04-07 09:52:00,09:48:00,True,96,137,24.0,91.0,0.96,3.64,sl
2021-04-07,h062,11:02:00,short,16686.0,16684.0,17.0,2021-04-07 11:02:00,10:58:00,True,33,47,11.0,104.0,0.6470588235294118,6.117647058823529,sl
2021-04-07,h062,11:34:00,long,16734.0,16737.0,12.0,2021-04-07 11:34:00,11:30:00,True,17,29,51.0,0.0,4.25,0.0,tp
2021-04-07,h062,12:06:00,long,16759.0,16763.0,11.0,2021-04-07 12:06:00,12:05:00,True,31,45,25.0,17.0,2.272727272727273,1.5454545454545454,sl
2021-04-07,h062,12:41:00,long,16757.0,16760.0,7.0,2021-04-07 12:41:00,12:40:00,True,9,18,28.0,4.0,4.0,0.5714285714285714,tp
2021-04-07,h062,12:55:00,long,16770.0,16772.0,4.0,2021-04-07 12:55:00,12:54:00,True,16,32,16.0,10.0,4.0,2.5,sl
2021-04-07,h062,13:11:00,short,16772.0,16771.0,16.0,2021-04-07 13:11:00,13:02:00,False,4,10,8.0,13.0,0.5,0.8125,timeout
2021-04-08,h062,09:13:00,short,16696.0,16690.0,22.0,2021-04-08 09:13:00,09:12:00,True,31,66,3.0,240.0,0.13636363636363635,10.909090909090908,sl
2021-04-08,h062,10:39:00,short,16829.0,16828.0,18.0,2021-04-08 10:39:00,10:37:00,True,19,30,6.0,102.0,0.3333333333333333,5.666666666666667,sl
2021-04-08,h062,11:47:00,long,16882.0,16886.0,13.0,2021-04-08 11:47:00,11:45:00,True,12,31,44.0,15.0,3.3846153846153846,1.1538461538461537,tp
2021-04-08,h062,12:58:00,long,16889.0,16891.0,6.0,2021-04-08 12:58:00,12:57:00,True,24,52,39.0,0.0,6.5,0.0,tp
2021-04-09,h062,11:59:00,short,16883.0,16882.0,11.0,2021-04-09 11:59:00,11:56:00,False,4,8,50.0,6.0,4.545454545454546,0.5454545454545454,tp
2021-04-09,h062,13:01:00,long,16879.0,16880.0,14.0,2021-04-09 13:01:00,13:00:00,True,8,19,1.0,48.0,0.07142857142857142,3.4285714285714284,sl
2021-04-12,h062,10:24:00,short,16867.0,16863.0,26.0,2021-04-12 10:24:00,10:20:00,True,10,35,103.0,23.0,3.9615384615384617,0.8846153846153846,tp
2021-04-12,h062,10:38:00,long,16792.0,16801.0,32.0,2021-04-12 10:38:00,10:36:00,True,17,55,85.0,17.0,2.65625,0.53125,tp
2021-04-12,h062,11:47:00,long,16868.0,16869.0,8.0,2021-04-12 11:47:00,11:44:00,True,6,8,17.0,42.0,2.125,5.25,tp
2021-04-12,h062,12:42:00,short,16838.0,16837.0,14.0,2021-04-12 12:42:00,12:36:00,True,5,8,10.0,24.0,0.7142857142857143,1.7142857142857142,sl
2021-04-13,h062,09:27:00,long,16934.0,16940.0,31.0,2021-04-13 09:27:00,09:14:00,True,138,167,106.0,160.0,3.4193548387096775,5.161290322580645,tp
2021-04-13,h062,09:41:00,long,16973.0,16975.0,28.0,2021-04-13 09:41:00,09:40:00,True,49,111,71.0,195.0,2.5357142857142856,6.964285714285714,tp
2021-04-13,h062,12:02:00,short,16995.0,16994.0,8.0,2021-04-13 12:02:00,12:00:00,True,24,33,214.0,4.0,26.75,0.5,tp
2021-04-13,h062,12:12:00,long,16991.0,16993.0,18.0,2021-04-13 12:12:00,12:05:00,True,10,26,5.0,213.0,0.2777777777777778,11.833333333333334,sl
2021-04-13,h062,12:29:00,short,16970.0,16935.0,10.0,2021-04-13 12:29:00,12:26:00,True,156,201,155.0,9.0,15.5,0.9,tp
2021-04-13,h062,12:31:00,long,16942.0,16943.0,17.0,2021-04-13 12:31:00,12:30:00,True,18,57,1.0,163.0,0.058823529411764705,9.588235294117647,sl
2021-04-13,h062,12:45:00,short,16906.0,16905.0,30.0,2021-04-13 12:45:00,12:39:00,True,46,73,125.0,1.0,4.166666666666667,0.03333333333333333,tp
2021-04-13,h062,13:28:00,long,16809.0,16812.0,29.0,2021-04-13 13:28:00,13:18:00,True,11,32,9.0,23.0,0.3103448275862069,0.7931034482758621,timeout
2021-04-14,h062,10:28:00,short,16746.0,16744.0,10.0,2021-04-14 10:28:00,10:27:00,True,38,79,152.0,116.0,15.2,11.6,tp
2021-04-15,h062,09:14:00,long,16930.0,16933.0,21.0,2021-04-15 09:14:00,09:13:00,True,24,94,141.0,81.0,6.714285714285714,3.857142857142857,sl
2021-04-15,h062,11:01:00,long,16925.0,16927.0,28.0,2021-04-15 11:01:00,10:57:00,True,28,56,147.0,14.0,5.25,0.5,tp
2021-04-15,h062,11:21:00,long,16964.0,16966.0,31.0,2021-04-15 11:21:00,11:20:00,True,25,65,108.0,24.0,3.4838709677419355,0.7741935483870968,tp
2021-04-15,h062,12:49:00,long,16984.0,16991.0,10.0,2021-04-15 12:49:00,12:46:00,True,16,28,83.0,8.0,8.3,0.8,tp
2021-04-16,h062,09:46:00,long,17014.0,17018.0,24.0,2021-04-16 09:46:00,09:44:00,True,18,39,142.0,4.0,5.916666666666667,0.16666666666666666,tp
2021-04-16,h062,10:24:00,long,17088.0,17091.0,24.0,2021-04-16 10:24:00,10:18:00,True,25,67,69.0,64.0,2.875,2.6666666666666665,sl
2021-04-16,h062,11:05:00,short,17090.0,17086.0,8.0,2021-04-16 11:05:00,11:04:00,True,17,32,59.0,74.0,7.375,9.25,sl
2021-04-16,h062,11:53:00,short,17065.0,17062.0,12.0,2021-04-16 11:53:00,11:48:00,False,4,11,35.0,98.0,2.9166666666666665,8.166666666666666,tp
2021-04-16,h062,12:54:00,long,17115.0,17118.0,25.0,2021-04-16 12:54:00,12:33:00,True,32,57,42.0,14.0,1.68,0.56,tp
2021-04-19,h062,12:09:00,short,17247.0,17245.0,7.0,2021-04-19 12:09:00,12:08:00,False,3,6,9.0,51.0,1.2857142857142858,7.285714285714286,tp
2021-04-19,h062,12:21:00,short,17250.0,17243.0,7.0,2021-04-19 12:21:00,12:20:00,True,10,21,7.0,53.0,1.0,7.571428571428571,tp
2021-04-19,h062,12:39:00,long,17262.0,17265.0,7.0,2021-04-19 12:39:00,12:37:00,True,11,29,31.0,15.0,4.428571428571429,2.142857142857143,tp
2021-04-19,h062,13:16:00,short,17272.0,17267.0,14.0,2021-04-19 13:16:00,13:11:00,True,11,31,17.0,6.0,1.2142857142857142,0.42857142857142855,tp
2021-04-20,h062,10:00:00,short,17285.0,17278.0,14.0,2021-04-20 10:00:00,09:54:00,True,14,21,51.0,46.0,3.642857142857143,3.2857142857142856,tp
2021-04-20,h062,10:55:00,short,17282.0,17273.0,11.0,2021-04-20 10:55:00,10:54:00,True,14,36,26.0,51.0,2.3636363636363638,4.636363636363637,sl
2021-04-20,h062,11:15:00,long,17304.0,17308.0,17.0,2021-04-20 11:15:00,11:10:00,True,28,49,16.0,61.0,0.9411764705882353,3.588235294117647,sl
2021-04-20,h062,12:12:00,short,17278.0,17273.0,12.0,2021-04-20 12:12:00,12:10:00,True,15,34,26.0,51.0,2.1666666666666665,4.25,tp
2021-04-20,h062,12:47:00,long,17265.0,17267.0,18.0,2021-04-20 12:47:00,12:46:00,True,12,36,57.0,6.0,3.1666666666666665,0.3333333333333333,tp
2021-04-20,h062,13:26:00,long,17303.0,17308.0,12.0,2021-04-20 13:26:00,13:25:00,True,16,44,16.0,3.0,1.3333333333333333,0.25,tp
2021-04-21,h062,09:20:00,long,17223.0,17226.0,26.0,2021-04-21 09:20:00,09:18:00,True,35,98,44.0,76.0,1.6923076923076923,2.923076923076923,tp
2021-04-21,h062,09:55:00,short,17184.0,17177.0,36.0,2021-04-21 09:55:00,09:45:00,True,43,85,27.0,93.0,0.75,2.5833333333333335,sl
2021-04-21,h062,10:59:00,long,17224.0,17233.0,21.0,2021-04-21 10:59:00,10:53:00,True,40,88,37.0,18.0,1.7619047619047619,0.8571428571428571,tp
2021-04-21,h062,11:14:00,short,17245.0,17242.0,15.0,2021-04-21 11:14:00,11:09:00,True,8,25,27.0,28.0,1.8,1.8666666666666667,tp
2021-04-21,h062,12:09:00,long,17255.0,17265.0,7.0,2021-04-21 12:09:00,12:08:00,True,61,79,5.0,50.0,0.7142857142857143,7.142857142857143,sl
2021-04-21,h062,13:06:00,short,17232.0,17230.0,18.0,2021-04-21 13:06:00,13:00:00,True,9,20,5.0,4.0,0.2777777777777778,0.2222222222222222,timeout
2021-04-22,h062,10:53:00,long,17299.0,17305.0,12.0,2021-04-22 10:53:00,10:49:00,True,18,49,20.0,252.0,1.6666666666666667,21.0,sl
2021-04-22,h062,11:47:00,short,17271.0,17267.0,10.0,2021-04-22 11:47:00,11:45:00,True,13,25,214.0,12.0,21.4,1.2,tp
2021-04-22,h062,12:16:00,short,17135.0,17129.0,37.0,2021-04-22 12:16:00,12:15:00,True,58,136,76.0,57.0,2.054054054054054,1.5405405405405406,sl
2021-04-23,h062,10:12:00,short,17143.0,17140.0,18.0,2021-04-23 10:12:00,10:02:00,True,8,16,1.0,120.0,0.05555555555555555,6.666666666666667,sl
2021-04-23,h062,11:03:00,long,17196.0,17199.0,31.0,2021-04-23 11:03:00,10:33:00,True,14,36,61.0,52.0,1.967741935483871,1.6774193548387097,sl
2021-04-23,h062,11:51:00,short,17181.0,17177.0,12.0,2021-04-23 11:51:00,11:47:00,True,7,18,30.0,83.0,2.5,6.916666666666667,tp
2021-04-23,h062,12:50:00,long,17222.0,17226.0,9.0,2021-04-23 12:50:00,12:48:00,True,9,19,34.0,30.0,3.7777777777777777,3.3333333333333335,sl
2021-04-23,h062,12:55:00,short,17225.0,17217.0,8.0,2021-04-23 12:55:00,12:53:00,True,16,40,21.0,43.0,2.625,5.375,tp
2021-04-23,h062,13:26:00,long,17231.0,17237.0,10.0,2021-04-23 13:26:00,13:25:00,True,23,55,23.0,3.0,2.3,0.3,tp
2021-04-26,h062,09:11:00,long,17416.0,17418.0,19.0,2021-04-26 09:11:00,09:10:00,True,27,73,118.0,95.0,6.2105263157894735,5.0,sl
2021-04-26,h062,09:16:00,long,17359.0,17362.0,36.0,2021-04-26 09:16:00,09:15:00,True,27,82,174.0,10.0,4.833333333333333,0.2777777777777778,tp
2021-04-26,h062,09:58:00,short,17431.0,17410.0,22.0,2021-04-26 09:58:00,09:46:00,True,42,110,7.0,126.0,0.3181818181818182,5.7272727272727275,sl
2021-04-26,h062,11:10:00,long,17462.0,17463.0,10.0,2021-04-26 11:10:00,11:09:00,True,13,32,73.0,13.0,7.3,1.3,tp
2021-04-26,h062,11:36:00,short,17475.0,17474.0,7.0,2021-04-26 11:36:00,11:35:00,False,3,5,21.0,62.0,3.0,8.857142857142858,tp
2021-04-26,h062,12:07:00,long,17480.0,17484.0,12.0,2021-04-26 12:07:00,12:06:00,True,21,34,52.0,3.0,4.333333333333333,0.25,tp
2021-04-27,h062,09:35:00,short,17546.0,17542.0,24.0,2021-04-27 09:35:00,09:33:00,True,15,34,82.0,34.0,3.4166666666666665,1.4166666666666667,sl
2021-04-27,h062,10:04:00,short,17561.0,17560.0,15.0,2021-04-27 10:04:00,10:02:00,True,14,42,100.0,13.0,6.666666666666667,0.8666666666666667,tp
2021-04-27,h062,10:22:00,long,17533.0,17534.0,15.0,2021-04-27 10:22:00,10:20:00,True,18,40,39.0,74.0,2.6,4.933333333333334,sl
2021-04-27,h062,10:32:00,long,17497.0,17501.0,16.0,2021-04-27 10:32:00,10:31:00,True,31,60,72.0,41.0,4.5,2.5625,tp
2021-04-27,h062,11:27:00,short,17515.0,17512.0,15.0,2021-04-27 11:27:00,11:25:00,True,14,19,52.0,61.0,3.466666666666667,4.066666666666666,tp
2021-04-27,h062,11:55:00,short,17484.0,17482.0,16.0,2021-04-27 11:55:00,11:54:00,True,40,78,22.0,91.0,1.375,5.6875,sl
2021-04-27,h062,12:55:00,long,17554.0,17557.0,6.0,2021-04-27 12:55:00,12:54:00,True,10,18,16.0,35.0,2.6666666666666665,5.833333333333333,sl
2021-04-27,h062,13:18:00,long,17534.0,17539.0,12.0,2021-04-27 13:18:00,13:16:00,True,16,32,34.0,6.0,2.8333333333333335,0.5,tp
2021-04-28,h062,10:24:00,short,17517.0,17511.0,14.0,2021-04-28 10:24:00,10:22:00,True,99,126,36.0,45.0,2.5714285714285716,3.2142857142857144,tp
2021-04-28,h062,11:17:00,long,17509.0,17510.0,16.0,2021-04-28 11:17:00,11:11:00,True,7,18,46.0,8.0,2.875,0.5,tp
2021-04-28,h062,11:22:00,long,17528.0,17534.0,10.0,2021-04-28 11:22:00,11:20:00,True,21,41,22.0,32.0,2.2,3.2,sl
2021-04-28,h062,11:50:00,short,17522.0,17519.0,12.0,2021-04-28 11:50:00,11:49:00,True,13,18,17.0,37.0,1.4166666666666667,3.0833333333333335,sl
2021-04-28,h062,12:44:00,short,17515.0,17513.0,7.0,2021-04-28 12:44:00,12:42:00,True,10,22,11.0,43.0,1.5714285714285714,6.142857142857143,sl
2021-04-28,h062,12:46:00,long,17514.0,17521.0,6.0,2021-04-28 12:46:00,12:45:00,True,7,12,35.0,19.0,5.833333333333333,3.1666666666666665,sl
2021-04-28,h062,13:00:00,long,17516.0,17517.0,13.0,2021-04-28 13:00:00,12:55:00,True,25,40,39.0,11.0,3.0,0.8461538461538461,tp
2021-04-28,h062,13:10:00,long,17539.0,17546.0,12.0,2021-04-28 13:10:00,13:09:00,True,21,54,10.0,21.0,0.8333333333333334,1.75,sl
2021-04-29,h062,09:43:00,long,17628.0,17632.0,48.0,2021-04-29 09:43:00,09:11:00,True,30,53,70.0,101.0,1.4583333333333333,2.1041666666666665,tp
2021-04-29,h062,09:52:00,short,17639.0,17637.0,52.0,2021-04-29 09:52:00,09:45:00,True,13,28,106.0,65.0,2.0384615384615383,1.25,sl
2021-04-29,h062,10:14:00,long,17696.0,17697.0,22.0,2021-04-29 10:14:00,10:12:00,True,22,55,5.0,166.0,0.22727272727272727,7.545454545454546,sl
2021-04-29,h062,10:51:00,short,17606.0,17604.0,47.0,2021-04-29 10:51:00,10:48:00,True,50,85,73.0,26.0,1.553191489361702,0.5531914893617021,tp
2021-04-29,h062,10:54:00,long,17605.0,17606.0,25.0,2021-04-29 10:54:00,10:52:00,True,36,75,24.0,75.0,0.96,3.0,sl
2021-04-29,h062,11:51:00,short,17595.0,17594.0,15.0,2021-04-29 11:51:00,11:48:00,True,13,36,63.0,2.0,4.2,0.13333333333333333,tp
2021-04-29,h062,11:53:00,short,17585.0,17570.0,8.0,2021-04-29 11:53:00,11:52:00,True,170,250,39.0,26.0,4.875,3.25,tp
2021-04-29,h062,12:04:00,short,17549.0,17547.0,21.0,2021-04-29 12:04:00,11:54:00,True,10,36,16.0,49.0,0.7619047619047619,2.3333333333333335,sl
2021-04-29,h062,13:26:00,short,17572.0,17571.0,24.0,2021-04-29 13:26:00,13:25:00,True,12,25,7.0,7.0,0.2916666666666667,0.2916666666666667,timeout
2021-05-03,h062,11:23:00,short,17340.0,17333.0,17.0,2021-05-03 11:23:00,11:22:00,True,7,21,107.0,53.0,6.294117647058823,3.1176470588235294,tp
2021-05-03,h062,11:54:00,long,17377.0,17381.0,40.0,2021-05-03 11:54:00,11:52:00,True,16,58,2.0,155.0,0.05,3.875,sl
2021-05-03,h062,12:48:00,short,17275.0,17271.0,17.0,2021-05-03 12:48:00,12:47:00,True,32,78,45.0,35.0,2.6470588235294117,2.0588235294117645,tp
2021-05-03,h062,12:53:00,long,17266.0,17270.0,21.0,2021-05-03 12:53:00,12:52:00,True,33,58,36.0,44.0,1.7142857142857142,2.0952380952380953,tp
2021-05-04,h062,10:25:00,long,16917.0,16927.0,65.0,2021-05-04 10:25:00,10:24:00,True,49,114,66.0,259.0,1.0153846153846153,3.9846153846153847,sl
2021-05-05,h062,12:14:00,short,16974.0,16972.0,16.0,2021-05-05 12:14:00,12:00:00,False,3,8,216.0,7.0,13.5,0.4375,tp
2021-05-05,h062,12:44:00,short,16950.0,16944.0,22.0,2021-05-05 12:44:00,12:18:00,True,30,49,188.0,7.0,8.545454545454545,0.3181818181818182,tp
2021-05-05,h062,13:05:00,short,16880.0,16858.0,26.0,2021-05-05 13:05:00,13:04:00,True,159,236,102.0,9.0,3.923076923076923,0.34615384615384615,tp
2021-05-06,h062,09:25:00,long,17028.0,17029.0,31.0,2021-05-06 09:25:00,09:24:00,True,44,100,52.0,329.0,1.6774193548387097,10.612903225806452,tp
2021-05-06,h062,10:26:00,long,17054.0,17060.0,53.0,2021-05-06 10:26:00,09:56:00,True,25,44,9.0,360.0,0.16981132075471697,6.7924528301886795,sl
2021-05-06,h062,10:40:00,short,17043.0,17036.0,26.0,2021-05-06 10:40:00,10:37:00,True,15,23,336.0,4.0,12.923076923076923,0.15384615384615385,tp
2021-05-06,h062,11:04:00,short,16941.0,16931.0,56.0,2021-05-06 11:04:00,10:52:00,True,53,69,231.0,19.0,4.125,0.3392857142857143,tp
2021-05-06,h062,11:19:00,short,16869.0,16863.0,40.0,2021-05-06 11:19:00,11:16:00,True,23,79,163.0,87.0,4.075,2.175,sl
2021-05-06,h062,11:43:00,long,16786.0,16793.0,86.0,2021-05-06 11:43:00,11:41:00,True,31,122,157.0,37.0,1.8255813953488371,0.43023255813953487,tp
2021-05-06,h062,13:25:00,long,16909.0,16916.0,18.0,2021-05-06 13:25:00,13:21:00,True,43,99,34.0,1.0,1.8888888888888888,0.05555555555555555,tp
2021-05-07,h062,09:44:00,long,17170.0,17171.0,54.0,2021-05-07 09:44:00,09:40:00,True,52,114,117.0,69.0,2.1666666666666665,1.2777777777777777,sl
2021-05-07,h062,11:27:00,short,17197.0,17192.0,30.0,2021-05-07 11:27:00,11:21:00,True,10,14,37.0,96.0,1.2333333333333334,3.2,tp
2021-05-07,h062,12:39:00,long,17229.0,17236.0,17.0,2021-05-07 12:39:00,12:30:00,True,19,39,52.0,18.0,3.0588235294117645,1.0588235294117647,sl
2021-05-10,h062,11:57:00,short,17203.0,17200.0,21.0,2021-05-10 11:57:00,11:56:00,True,23,47,10.0,74.0,0.47619047619047616,3.5238095238095237,sl
2021-05-10,h062,12:43:00,long,17250.0,17254.0,6.0,2021-05-10 12:43:00,12:38:00,False,3,5,20.0,48.0,3.3333333333333335,8.0,tp
2021-05-11,h062,09:42:00,short,16808.0,16800.0,67.0,2021-05-11 09:42:00,09:40:00,True,49,93,375.0,48.0,5.597014925373134,0.7164179104477612,tp
2021-05-11,h062,11:56:00,long,16677.0,16690.0,26.0,2021-05-11 11:56:00,11:54:00,True,27,69,48.0,265.0,1.8461538461538463,10.192307692307692,tp
2021-05-12,h062,10:16:00,short,16200.0,16196.0,87.0,2021-05-12 10:16:00,10:15:00,True,37,98,1169.0,43.0,13.436781609195402,0.4942528735632184,tp
2021-05-13,h062,11:14:00,long,15970.0,15976.0,105.0,2021-05-13 11:14:00,11:03:00,True,32,98,15.0,421.0,0.14285714285714285,4.0095238095238095,sl
2021-05-13,h062,13:10:00,short,15651.0,15649.0,48.0,2021-05-13 13:10:00,13:08:00,True,15,30,94.0,8.0,1.9583333333333333,0.16666666666666666,tp
2021-05-14,h062,10:34:00,short,15765.0,15753.0,44.0,2021-05-14 10:34:00,10:24:00,True,13,36,100.0,151.0,2.272727272727273,3.4318181818181817,tp
2021-05-17,h062,12:06:00,long,15352.0,15363.0,108.0,2021-05-17 12:06:00,12:05:00,True,63,146,36.0,245.0,0.3333333333333333,2.2685185185185186,sl
2021-05-18,h062,10:57:00,long,16005.0,16011.0,64.0,2021-05-18 10:57:00,10:45:00,True,86,105,169.0,2.0,2.640625,0.03125,tp
2021-05-18,h062,13:02:00,short,16095.0,16090.0,23.0,2021-05-18 13:02:00,12:56:00,True,8,22,29.0,82.0,1.2608695652173914,3.5652173913043477,tp
2021-05-19,h062,10:46:00,short,16126.0,16116.0,31.0,2021-05-19 10:46:00,10:45:00,True,13,31,75.0,132.0,2.4193548387096775,4.258064516129032,tp
2021-05-19,h062,12:01:00,short,16215.0,16212.0,33.0,2021-05-19 12:01:00,11:54:00,True,10,40,121.0,16.0,3.6666666666666665,0.48484848484848486,tp
2021-05-19,h062,12:46:00,short,16129.0,16125.0,37.0,2021-05-19 12:46:00,12:44:00,True,11,25,34.0,53.0,0.918918918918919,1.4324324324324325,sl
2021-05-20,h062,10:30:00,short,15900.0,15886.0,31.0,2021-05-20 10:30:00,10:29:00,True,31,99,32.0,144.0,1.032258064516129,4.645161290322581,sl
2021-05-20,h062,13:26:00,long,15953.0,15959.0,17.0,2021-05-20 13:26:00,13:25:00,True,16,42,33.0,9.0,1.9411764705882353,0.5294117647058824,tp
2021-05-21,h062,12:24:00,long,16185.0,16186.0,24.0,2021-05-21 12:24:00,12:20:00,True,9,18,84.0,42.0,3.5,1.75,sl
2021-05-21,h062,13:04:00,long,16218.0,16232.0,25.0,2021-05-21 13:04:00,13:03:00,True,57,85,38.0,10.0,1.52,0.4,tp
2021-05-24,h062,11:00:00,long,16278.0,16283.0,14.0,2021-05-24 11:00:00,10:59:00,True,57,93,85.0,43.0,6.071428571428571,3.0714285714285716,sl
2021-05-25,h062,09:37:00,long,16538.0,16541.0,47.0,2021-05-25 09:37:00,09:34:00,True,58,116,82.0,101.0,1.7446808510638299,2.148936170212766,tp
2021-05-25,h062,10:15:00,short,16502.0,16491.0,56.0,2021-05-25 10:15:00,10:13:00,True,61,111,51.0,132.0,0.9107142857142857,2.357142857142857,sl
2021-05-25,h062,10:24:00,long,16493.0,16496.0,53.0,2021-05-25 10:24:00,10:16:00,True,26,40,127.0,16.0,2.3962264150943398,0.3018867924528302,tp
2021-05-25,h062,11:14:00,long,16618.0,16620.0,26.0,2021-05-25 11:14:00,11:06:00,True,7,13,3.0,88.0,0.11538461538461539,3.3846153846153846,sl
2021-05-26,h062,11:01:00,long,16594.0,16595.0,12.0,2021-05-26 11:01:00,11:00:00,True,10,38,31.0,50.0,2.5833333333333335,4.166666666666667,sl
2021-05-26,h062,11:35:00,short,16580.0,16578.0,23.0,2021-05-26 11:35:00,11:19:00,True,5,6,33.0,48.0,1.434782608695652,2.0869565217391304,sl
2021-05-26,h062,13:01:00,long,16608.0,16615.0,22.0,2021-05-26 13:01:00,13:00:00,True,22,54,11.0,20.0,0.5,0.9090909090909091,timeout
2021-05-27,h062,11:15:00,short,16447.0,16442.0,15.0,2021-05-27 11:15:00,11:14:00,True,6,14,3.0,123.0,0.2,8.2,sl
2021-05-27,h062,11:20:00,long,16485.0,16499.0,30.0,2021-05-27 11:20:00,11:19:00,True,69,130,66.0,34.0,2.2,1.1333333333333333,tp
2021-05-27,h062,13:27:00,long,16516.0,16534.0,31.0,2021-05-27 13:27:00,13:25:00,True,22,40,31.0,13.0,1.0,0.41935483870967744,tp
2021-05-28,h062,09:52:00,long,16800.0,16811.0,48.0,2021-05-28 09:52:00,09:45:00,True,47,73,67.0,37.0,1.3958333333333333,0.7708333333333334,tp
2021-05-28,h062,10:44:00,long,16824.0,16826.0,50.0,2021-05-28 10:44:00,10:20:00,True,11,26,52.0,11.0,1.04,0.22,tp
2021-05-28,h062,11:07:00,long,16855.0,16858.0,21.0,2021-05-28 11:07:00,11:06:00,True,9,26,20.0,43.0,0.9523809523809523,2.0476190476190474,sl
2021-05-28,h062,11:52:00,long,16861.0,16865.0,19.0,2021-05-28 11:52:00,11:50:00,True,17,35,13.0,31.0,0.6842105263157895,1.631578947368421,sl
2021-05-28,h062,12:44:00,long,16852.0,16857.0,10.0,2021-05-28 12:44:00,12:37:00,True,6,10,20.0,17.0,2.0,1.7,sl
2021-05-28,h062,13:16:00,short,16855.0,16853.0,22.0,2021-05-28 13:16:00,12:54:00,False,3,11,13.0,17.0,0.5909090909090909,0.7727272727272727,timeout
2021-05-31,h062,09:44:00,long,16963.0,16965.0,58.0,2021-05-31 09:44:00,09:30:00,True,22,47,133.0,75.0,2.293103448275862,1.293103448275862,tp
2021-05-31,h062,09:47:00,long,16997.0,17002.0,29.0,2021-05-31 09:47:00,09:46:00,True,25,62,96.0,112.0,3.310344827586207,3.8620689655172415,tp
2021-05-31,h062,11:11:00,short,17072.0,17070.0,17.0,2021-05-31 11:11:00,11:10:00,True,9,24,180.0,28.0,10.588235294117647,1.6470588235294117,sl
2021-05-31,h062,12:42:00,short,16950.0,16943.0,56.0,2021-05-31 12:42:00,12:39:00,True,34,55,53.0,78.0,0.9464285714285714,1.3928571428571428,sl
2021-05-31,h062,12:51:00,long,16927.0,16933.0,37.0,2021-05-31 12:51:00,12:45:00,True,12,41,88.0,8.0,2.3783783783783785,0.21621621621621623,tp
2021-05-31,h062,13:26:00,long,17004.0,17011.0,12.0,2021-05-31 13:26:00,13:25:00,True,27,66,10.0,11.0,0.8333333333333334,0.9166666666666666,timeout
2021-06-01,h062,11:05:00,long,17053.0,17056.0,37.0,2021-06-01 11:05:00,10:56:00,True,20,37,90.0,8.0,2.4324324324324325,0.21621621621621623,tp
2021-06-01,h062,12:29:00,long,17104.0,17105.0,9.0,2021-06-01 12:29:00,12:26:00,True,9,16,41.0,8.0,4.555555555555555,0.8888888888888888,tp
2021-06-01,h062,12:53:00,short,17110.0,17109.0,12.0,2021-06-01 12:53:00,12:50:00,True,6,15,12.0,37.0,1.0,3.0833333333333335,tp
2021-06-02,h062,10:39:00,long,17174.0,17177.0,19.0,2021-06-02 10:39:00,10:36:00,True,7,15,11.0,161.0,0.5789473684210527,8.473684210526315,sl
2021-06-02,h062,11:15:00,long,17123.0,17130.0,17.0,2021-06-02 11:15:00,11:13:00,True,23,30,10.0,114.0,0.5882352941176471,6.705882352941177,sl
2021-06-02,h062,11:27:00,short,17088.0,17079.0,31.0,2021-06-02 11:27:00,11:26:00,True,43,102,63.0,58.0,2.032258064516129,1.8709677419354838,tp
2021-06-02,h062,12:49:00,short,17093.0,17090.0,14.0,2021-06-02 12:49:00,12:45:00,True,5,15,14.0,47.0,1.0,3.357142857142857,tp
2021-06-02,h062,13:02:00,long,17114.0,17122.0,18.0,2021-06-02 13:02:00,13:00:00,True,20,39,15.0,27.0,0.8333333333333334,1.5,sl
2021-06-03,h062,10:21:00,long,17299.0,17303.0,60.0,2021-06-03 10:21:00,10:19:00,True,61,119,4.0,156.0,0.06666666666666667,2.6,sl
2021-06-03,h062,11:16:00,long,17188.0,17189.0,32.0,2021-06-03 11:16:00,11:10:00,True,23,45,75.0,0.0,2.34375,0.0,tp
2021-06-03,h062,12:41:00,long,17249.0,17254.0,6.0,2021-06-03 12:41:00,12:37:00,True,15,38,10.0,43.0,1.6666666666666667,7.166666666666667,tp
2021-06-04,h062,09:36:00,long,17075.0,17076.0,21.0,2021-06-04 09:36:00,09:33:00,True,13,38,83.0,10.0,3.9523809523809526,0.47619047619047616,tp
2021-06-04,h062,10:41:00,short,17100.0,17092.0,18.0,2021-06-04 10:41:00,10:40:00,True,29,40,21.0,67.0,1.1666666666666667,3.7222222222222223,sl
2021-06-04,h062,11:50:00,short,17143.0,17140.0,16.0,2021-06-04 11:50:00,11:49:00,True,8,15,56.0,10.0,3.5,0.625,tp
2021-06-07,h062,09:36:00,long,17077.0,17082.0,26.0,2021-06-07 09:36:00,09:35:00,True,12,37,48.0,363.0,1.8461538461538463,13.961538461538462,sl
2021-06-07,h062,09:41:00,short,16988.0,16967.0,55.0,2021-06-07 09:41:00,09:40:00,True,54,121,248.0,163.0,4.509090909090909,2.963636363636364,tp
2021-06-07,h062,11:39:00,short,17094.0,17093.0,16.0,2021-06-07 11:39:00,11:38:00,True,10,22,35.0,37.0,2.1875,2.3125,sl
2021-06-07,h062,12:41:00,short,17101.0,17100.0,26.0,2021-06-07 12:41:00,12:33:00,True,12,19,19.0,22.0,0.7307692307692307,0.8461538461538461,timeout
2021-06-08,h062,10:28:00,short,17070.0,17063.0,30.0,2021-06-08 10:28:00,10:27:00,True,26,45,33.0,51.0,1.1,1.7,tp
2021-06-08,h062,10:47:00,long,17063.0,17071.0,29.0,2021-06-08 10:47:00,10:37:00,True,16,38,43.0,41.0,1.4827586206896552,1.4137931034482758,sl
2021-06-08,h062,11:35:00,long,17050.0,17055.0,20.0,2021-06-08 11:35:00,11:33:00,True,18,38,59.0,4.0,2.95,0.2,tp
2021-06-08,h062,11:59:00,long,17100.0,17104.0,17.0,2021-06-08 11:59:00,11:58:00,True,20,43,10.0,46.0,0.5882352941176471,2.7058823529411766,sl
2021-06-09,h062,09:35:00,long,17018.0,17023.0,47.0,2021-06-09 09:35:00,09:21:00,True,45,84,11.0,134.0,0.23404255319148937,2.851063829787234,sl
2021-06-09,h062,10:24:00,short,16982.0,16979.0,21.0,2021-06-09 10:24:00,10:17:00,True,8,20,90.0,38.0,4.285714285714286,1.8095238095238095,tp
2021-06-09,h062,10:27:00,short,16968.0,16959.0,15.0,2021-06-09 10:27:00,10:25:00,True,117,141,70.0,58.0,4.666666666666667,3.8666666666666667,tp
2021-06-09,h062,11:42:00,long,16970.0,16971.0,16.0,2021-06-09 11:42:00,11:34:00,True,13,21,7.0,82.0,0.4375,5.125,sl
2021-06-09,h062,12:00:00,short,16933.0,16930.0,28.0,2021-06-09 12:00:00,11:51:00,True,36,55,41.0,37.0,1.4642857142857142,1.3214285714285714,tp
2021-06-09,h062,12:40:00,long,16904.0,16914.0,15.0,2021-06-09 12:40:00,12:39:00,True,16,38,53.0,19.0,3.533333333333333,1.2666666666666666,sl
2021-06-09,h062,13:15:00,long,16931.0,16939.0,32.0,2021-06-09 13:15:00,12:59:00,True,25,56,28.0,4.0,0.875,0.125,timeout
2021-06-10,h062,09:31:00,long,17082.0,17090.0,39.0,2021-06-10 09:31:00,09:30:00,True,47,133,85.0,70.0,2.1794871794871793,1.794871794871795,tp
2021-06-10,h062,09:34:00,long,17119.0,17126.0,24.0,2021-06-10 09:34:00,09:33:00,True,131,202,49.0,106.0,2.0416666666666665,4.416666666666667,tp
2021-06-10,h062,10:21:00,short,17123.0,17121.0,28.0,2021-06-10 10:21:00,10:15:00,True,10,21,101.0,54.0,3.607142857142857,1.9285714285714286,sl
2021-06-10,h062,10:28:00,long,17133.0,17136.0,27.0,2021-06-10 10:28:00,10:24:00,True,25,29,39.0,116.0,1.4444444444444444,4.296296296296297,sl
2021-06-10,h062,10:31:00,short,17138.0,17134.0,17.0,2021-06-10 10:31:00,10:30:00,True,7,24,114.0,41.0,6.705882352941177,2.411764705882353,tp
2021-06-10,h062,10:44:00,short,17056.0,17046.0,60.0,2021-06-10 10:44:00,10:36:00,True,49,90,26.0,129.0,0.43333333333333335,2.15,sl
2021-06-10,h062,12:00:00,short,17088.0,17086.0,9.0,2021-06-10 12:00:00,11:58:00,False,0,4,14.0,89.0,1.5555555555555556,9.88888888888889,tp
2021-06-10,h062,12:25:00,long,17114.0,17115.0,24.0,2021-06-10 12:25:00,12:24:00,True,39,64,60.0,6.0,2.5,0.25,tp
2021-06-10,h062,12:49:00,long,17139.0,17145.0,11.0,2021-06-10 12:49:00,12:45:00,True,20,33,30.0,14.0,2.727272727272727,1.2727272727272727,sl
2021-06-11,h062,09:36:00,short,17254.0,17249.0,23.0,2021-06-11 09:36:00,09:35:00,True,23,48,59.0,49.0,2.5652173913043477,2.130434782608696,sl
2021-06-11,h062,10:09:00,short,17216.0,17211.0,36.0,2021-06-11 10:09:00,10:08:00,True,70,135,21.0,47.0,0.5833333333333334,1.3055555555555556,sl
2021-06-11,h062,10:40:00,long,17231.0,17233.0,19.0,2021-06-11 10:40:00,10:36:00,True,5,12,25.0,43.0,1.3157894736842106,2.263157894736842,sl
2021-06-11,h062,11:15:00,short,17210.0,17204.0,13.0,2021-06-11 11:15:00,11:10:00,True,109,128,8.0,40.0,0.6153846153846154,3.076923076923077,sl
2021-06-11,h062,12:11:00,long,17215.0,17217.0,15.0,2021-06-11 12:11:00,12:08:00,True,21,32,27.0,9.0,1.8,0.6,tp
2021-06-15,h062,10:11:00,long,17311.0,17316.0,31.0,2021-06-15 10:11:00,10:02:00,True,19,42,86.0,21.0,2.774193548387097,0.6774193548387096,tp
2021-06-15,h062,12:33:00,short,17378.0,17372.0,18.0,2021-06-15 12:33:00,12:32:00,True,6,10,8.0,30.0,0.4444444444444444,1.6666666666666667,sl
2021-06-16,h062,10:07:00,short,17373.0,17372.0,19.0,2021-06-16 10:07:00,10:01:00,True,9,17,339.0,26.0,17.842105263157894,1.368421052631579,sl
2021-06-16,h062,10:49:00,short,17387.0,17374.0,8.0,2021-06-16 10:49:00,10:42:00,True,14,28,341.0,24.0,42.625,3.0,tp
2021-06-16,h062,11:40:00,long,17364.0,17366.0,8.0,2021-06-16 11:40:00,11:39:00,True,6,18,32.0,333.0,4.0,41.625,tp
2021-06-16,h062,12:21:00,long,17382.0,17388.0,11.0,2021-06-16 12:21:00,12:18:00,True,16,28,10.0,355.0,0.9090909090909091,32.27272727272727,sl
2021-06-16,h062,12:35:00,short,17391.0,17388.0,7.0,2021-06-16 12:35:00,12:33:00,True,10,17,355.0,1.0,50.714285714285715,0.14285714285714285,tp
2021-06-16,h062,12:39:00,short,17352.0,17350.0,14.0,2021-06-16 12:39:00,12:38:00,True,16,32,317.0,6.0,22.642857142857142,0.42857142857142855,tp
2021-06-16,h062,12:41:00,long,17349.0,17354.0,19.0,2021-06-16 12:41:00,12:40:00,True,13,48,2.0,321.0,0.10526315789473684,16.894736842105264,sl
2021-06-16,h062,12:45:00,short,17216.0,17207.0,118.0,2021-06-16 12:45:00,12:44:00,True,277,647,7.0,143.0,0.059322033898305086,1.2118644067796611,sl
2021-06-17,h062,11:12:00,long,17194.0,17196.0,11.0,2021-06-17 11:12:00,11:11:00,True,15,44,102.0,23.0,9.272727272727273,2.090909090909091,sl
2021-06-17,h062,11:47:00,short,17178.0,17175.0,9.0,2021-06-17 11:47:00,11:43:00,False,3,5,2.0,123.0,0.2222222222222222,13.666666666666666,sl
2021-06-17,h062,12:04:00,long,17209.0,17214.0,12.0,2021-06-17 12:04:00,12:02:00,True,16,27,84.0,12.0,7.0,1.0,sl
2021-06-17,h062,12:28:00,long,17223.0,17231.0,9.0,2021-06-17 12:28:00,12:27:00,True,17,37,67.0,22.0,7.444444444444445,2.4444444444444446,sl
2021-06-17,h062,12:30:00,short,17229.0,17226.0,6.0,2021-06-17 12:30:00,12:29:00,True,11,19,17.0,72.0,2.8333333333333335,12.0,tp
2021-06-17,h062,12:59:00,long,17240.0,17243.0,12.0,2021-06-17 12:59:00,12:55:00,True,11,34,55.0,8.0,4.583333333333333,0.6666666666666666,tp
2021-06-17,h062,13:16:00,long,17267.0,17271.0,18.0,2021-06-17 13:16:00,13:15:00,True,16,42,27.0,8.0,1.5,0.4444444444444444,tp
2021-06-18,h062,09:35:00,long,17258.0,17259.0,46.0,2021-06-18 09:35:00,09:30:00,True,23,46,59.0,20.0,1.2826086956521738,0.43478260869565216,tp
2021-06-18,h062,11:04:00,short,17275.0,17272.0,15.0,2021-06-18 11:04:00,10:56:00,True,6,9,33.0,31.0,2.2,2.066666666666667,sl
2021-06-18,h062,11:37:00,short,17294.0,17290.0,6.0,2021-06-18 11:37:00,11:34:00,False,3,8,51.0,13.0,8.5,2.1666666666666665,tp
2021-06-18,h062,12:00:00,short,17289.0,17272.0,14.0,2021-06-18 12:00:00,11:52:00,True,28,40,33.0,21.0,2.357142857142857,1.5,tp
2021-06-18,h062,12:05:00,short,17253.0,17250.0,19.0,2021-06-18 12:05:00,12:01:00,True,25,43,11.0,43.0,0.5789473684210527,2.263157894736842,sl
2021-06-18,h062,13:27:00,short,17276.0,17272.0,12.0,2021-06-18 13:27:00,13:25:00,True,11,24,33.0,2.0,2.75,0.16666666666666666,tp
2021-06-21,h062,09:44:00,short,16970.0,16963.0,85.0,2021-06-21 09:44:00,09:43:00,True,42,171,72.0,47.0,0.8470588235294118,0.5529411764705883,timeout
2021-06-21,h062,09:46:00,long,16979.0,16996.0,67.0,2021-06-21 09:46:00,09:45:00,True,30,91,14.0,105.0,0.208955223880597,1.5671641791044777,sl
2021-06-21,h062,10:53:00,long,16957.0,16959.0,22.0,2021-06-21 10:53:00,10:50:00,True,14,23,41.0,68.0,1.8636363636363635,3.090909090909091,sl
2021-06-21,h062,11:08:00,short,16915.0,16907.0,28.0,2021-06-21 11:08:00,11:05:00,True,42,49,16.0,93.0,0.5714285714285714,3.3214285714285716,sl
2021-06-21,h062,12:00:00,short,16946.0,16938.0,18.0,2021-06-21 12:00:00,11:55:00,True,7,24,34.0,62.0,1.8888888888888888,3.4444444444444446,tp
2021-06-21,h062,12:50:00,long,16971.0,16972.0,18.0,2021-06-21 12:50:00,12:45:00,True,11,22,28.0,32.0,1.5555555555555556,1.7777777777777777,tp
2021-06-21,h062,13:01:00,short,16982.0,16977.0,18.0,2021-06-21 13:01:00,13:00:00,True,7,15,37.0,6.0,2.0555555555555554,0.3333333333333333,tp
2021-06-22,h062,09:50:00,short,17072.0,17069.0,23.0,2021-06-22 09:50:00,09:49:00,True,18,52,81.0,9.0,3.5217391304347827,0.391304347826087,tp
2021-06-22,h062,11:05:00,long,17062.0,17065.0,19.0,2021-06-22 11:05:00,11:00:00,True,20,58,13.0,77.0,0.6842105263157895,4.052631578947368,sl
2021-06-22,h062,12:10:00,short,17024.0,17021.0,16.0,2021-06-22 12:10:00,12:09:00,True,12,28,33.0,43.0,2.0625,2.6875,sl
2021-06-22,h062,12:28:00,short,17039.0,17034.0,15.0,2021-06-22 12:28:00,12:15:00,False,3,7,46.0,30.0,3.066666666666667,2.0,sl
2021-06-22,h062,12:51:00,short,17049.0,17045.0,11.0,2021-06-22 12:51:00,12:39:00,True,7,13,57.0,9.0,5.181818181818182,0.8181818181818182,tp
2021-06-23,h062,09:34:00,long,17137.0,17151.0,42.0,2021-06-23 09:34:00,09:33:00,True,76,180,168.0,0.0,4.0,0.0,tp
2021-06-23,h062,09:44:00,long,17206.0,17228.0,37.0,2021-06-23 09:44:00,09:36:00,True,60,211,91.0,60.0,2.4594594594594597,1.6216216216216217,sl
2021-06-23,h062,10:18:00,short,17230.0,17226.0,20.0,2021-06-23 10:18:00,10:15:00,True,9,17,23.0,93.0,1.15,4.65,sl
2021-06-23,h062,12:03:00,short,17240.0,17238.0,10.0,2021-06-23 12:03:00,11:57:00,False,0,0,35.0,81.0,3.5,8.1,tp
2021-06-23,h062,12:06:00,short,17226.0,17225.0,10.0,2021-06-23 12:06:00,12:05:00,False,4,10,22.0,94.0,2.2,9.4,tp
2021-06-23,h062,12:13:00,short,17211.0,17207.0,13.0,2021-06-23 12:13:00,12:12:00,True,20,30,1.0,112.0,0.07692307692307693,8.615384615384615,sl
2021-06-23,h062,13:00:00,long,17250.0,17267.0,10.0,2021-06-23 13:00:00,12:59:00,True,53,94,52.0,6.0,5.2,0.6,tp
2021-06-24,h062,09:28:00,long,17317.0,17326.0,25.0,2021-06-24 09:28:00,09:27:00,True,55,89,72.0,10.0,2.88,0.4,tp
2021-06-24,h062,10:39:00,long,17392.0,17393.0,19.0,2021-06-24 10:39:00,10:35:00,True,9,22,5.0,77.0,0.2631578947368421,4.052631578947368,sl
2021-06-24,h062,11:01:00,short,17367.0,17339.0,17.0,2021-06-24 11:01:00,11:00:00,True,103,151,23.0,46.0,1.3529411764705883,2.7058823529411766,tp
2021-06-24,h062,11:19:00,long,17336.0,17340.0,20.0,2021-06-24 11:19:00,11:09:00,True,14,31,45.0,17.0,2.25,0.85,tp
2021-06-24,h062,11:49:00,long,17348.0,17350.0,14.0,2021-06-24 11:49:00,11:48:00,True,17,29,35.0,15.0,2.5,1.0714285714285714,tp
2021-06-24,h062,12:06:00,short,17355.0,17352.0,11.0,2021-06-24 12:06:00,12:00:00,True,5,7,17.0,33.0,1.5454545454545454,3.0,tp
2021-06-24,h062,12:43:00,long,17373.0,17375.0,12.0,2021-06-24 12:43:00,12:25:00,True,13,15,10.0,40.0,0.8333333333333334,3.3333333333333335,sl
2021-06-24,h062,12:58:00,short,17376.0,17373.0,5.0,2021-06-24 12:58:00,12:53:00,True,5,11,38.0,12.0,7.6,2.4,sl
2021-06-24,h062,13:11:00,short,17370.0,17369.0,15.0,2021-06-24 13:11:00,13:05:00,False,0,3,34.0,2.0,2.2666666666666666,0.13333333333333333,tp
2021-06-25,h062,09:41:00,long,17524.0,17530.0,37.0,2021-06-25 09:41:00,09:36:00,True,16,52,32.0,153.0,0.8648648648648649,4.135135135135135,sl
2021-06-25,h062,10:46:00,long,17529.0,17533.0,24.0,2021-06-25 10:46:00,10:43:00,True,14,31,29.0,156.0,1.2083333333333333,6.5,tp
2021-06-25,h062,11:26:00,short,17549.0,17547.0,11.0,2021-06-25 11:26:00,11:23:00,False,4,7,170.0,15.0,15.454545454545455,1.3636363636363635,tp
2021-06-25,h062,11:53:00,short,17554.0,17553.0,8.0,2021-06-25 11:53:00,11:50:00,False,4,5,176.0,1.0,22.0,0.125,tp
2021-06-25,h062,12:07:00,short,17533.0,17529.0,15.0,2021-06-25 12:07:00,12:01:00,True,23,29,152.0,18.0,10.133333333333333,1.2,sl
2021-06-25,h062,12:45:00,short,17465.0,17458.0,48.0,2021-06-25 12:45:00,12:44:00,True,185,287,81.0,39.0,1.6875,0.8125,tp
2021-06-25,h062,13:19:00,short,17445.0,17443.0,13.0,2021-06-25 13:19:00,13:18:00,True,7,19,66.0,2.0,5.076923076923077,0.15384615384615385,tp
2021-06-28,h062,09:30:00,long,17422.0,17433.0,22.0,2021-06-28 09:30:00,09:23:00,True,20,56,127.0,18.0,5.7727272727272725,0.8181818181818182,tp
2021-06-28,h062,10:29:00,long,17477.0,17496.0,17.0,2021-06-28 10:29:00,10:25:00,True,156,185,64.0,4.0,3.764705882352941,0.23529411764705882,tp
2021-06-28,h062,10:33:00,long,17513.0,17516.0,16.0,2021-06-28 10:33:00,10:30:00,True,17,25,44.0,24.0,2.75,1.5,tp
2021-06-28,h062,11:36:00,long,17532.0,17533.0,24.0,2021-06-28 11:36:00,11:30:00,True,8,15,9.0,41.0,0.375,1.7083333333333333,sl
2021-06-28,h062,11:51:00,long,17519.0,17521.0,19.0,2021-06-28 11:51:00,11:50:00,True,7,17,21.0,29.0,1.105263157894737,1.5263157894736843,sl
2021-06-28,h062,12:17:00,long,17518.0,17523.0,26.0,2021-06-28 12:17:00,12:14:00,True,9,12,19.0,25.0,0.7307692307692307,0.9615384615384616,timeout
2021-06-28,h062,12:36:00,short,17505.0,17504.0,18.0,2021-06-28 12:36:00,12:32:00,True,9,9,3.0,38.0,0.16666666666666666,2.111111111111111,sl
2021-06-28,h062,12:49:00,long,17525.0,17529.0,16.0,2021-06-28 12:49:00,12:45:00,True,5,6,13.0,23.0,0.8125,1.4375,sl
2021-06-29,h062,09:22:00,short,17595.0,17589.0,26.0,2021-06-29 09:22:00,09:17:00,True,12,35,138.0,5.0,5.3076923076923075,0.19230769230769232,tp
2021-06-29,h062,09:35:00,short,17514.0,17510.0,41.0,2021-06-29 09:35:00,09:34:00,True,31,78,59.0,64.0,1.4390243902439024,1.5609756097560976,tp
2021-06-29,h062,09:50:00,short,17480.0,17472.0,34.0,2021-06-29 09:50:00,09:49:00,True,40,119,21.0,102.0,0.6176470588235294,3.0,sl
2021-06-29,h062,11:11:00,long,17508.0,17515.0,22.0,2021-06-29 11:11:00,11:10:00,True,15,31,59.0,64.0,2.6818181818181817,2.909090909090909,sl
2021-06-29,h062,11:43:00,short,17458.0,17452.0,24.0,2021-06-29 11:43:00,11:39:00,True,7,15,0.0,122.0,0.0,5.083333333333333,sl
2021-06-30,h062,11:10:00,long,17728.0,17730.0,20.0,2021-06-30 11:10:00,11:05:00,True,16,25,36.0,33.0,1.8,1.65,sl
2021-06-30,h062,11:30:00,long,17716.0,17720.0,19.0,2021-06-30 11:30:00,11:24:00,True,10,31,46.0,14.0,2.4210526315789473,0.7368421052631579,tp
2021-06-30,h062,13:00:00,long,17758.0,17761.0,10.0,2021-06-30 13:00:00,12:59:00,True,26,57,1.0,55.0,0.1,5.5,sl
2021-06-30,h062,13:09:00,short,17731.0,17726.0,19.0,2021-06-30 13:09:00,13:07:00,True,30,46,20.0,12.0,1.0526315789473684,0.631578947368421,tp
2021-07-01,h062,09:56:00,long,17683.0,17684.0,23.0,2021-07-01 09:56:00,09:55:00,True,19,37,90.0,129.0,3.9130434782608696,5.608695652173913,tp
2021-07-01,h062,10:14:00,long,17722.0,17726.0,14.0,2021-07-01 10:14:00,10:12:00,True,26,47,48.0,171.0,3.4285714285714284,12.214285714285714,tp
2021-07-01,h062,11:02:00,short,17710.0,17699.0,20.0,2021-07-01 11:02:00,11:00:00,True,27,51,144.0,-1.0,7.2,-0.05,tp
2021-07-01,h062,11:05:00,short,17675.0,17664.0,23.0,2021-07-01 11:05:00,11:03:00,True,95,212,109.0,27.0,4.739130434782608,1.173913043478261,sl
2021-07-01,h062,11:42:00,short,17635.0,17632.0,13.0,2021-07-01 11:42:00,11:41:00,True,11,36,77.0,30.0,5.923076923076923,2.3076923076923075,tp
2021-07-01,h062,11:48:00,short,17603.0,17569.0,19.0,2021-07-01 11:48:00,11:44:00,True,157,216,6.0,93.0,0.3157894736842105,4.894736842105263,sl
2021-07-01,h062,12:40:00,long,17648.0,17649.0,19.0,2021-07-01 12:40:00,12:35:00,False,4,9,13.0,40.0,0.6842105263157895,2.1052631578947367,sl
2021-07-02,h062,10:32:00,long,17687.0,17689.0,11.0,2021-07-02 10:32:00,10:30:00,True,9,20,35.0,101.0,3.1818181818181817,9.181818181818182,tp
2021-07-02,h062,10:37:00,long,17710.0,17716.0,18.0,2021-07-02 10:37:00,10:34:00,True,22,55,8.0,128.0,0.4444444444444444,7.111111111111111,sl
2021-07-02,h062,11:09:00,short,17714.0,17705.0,10.0,2021-07-02 11:09:00,11:08:00,True,6,14,117.0,9.0,11.7,0.9,tp
2021-07-02,h062,11:32:00,short,17669.0,17668.0,19.0,2021-07-02 11:32:00,11:19:00,False,4,9,80.0,14.0,4.2105263157894735,0.7368421052631579,tp
2021-07-02,h062,11:44:00,long,17658.0,17663.0,17.0,2021-07-02 11:44:00,11:40:00,True,11,24,19.0,75.0,1.1176470588235294,4.411764705882353,tp
2021-07-02,h062,12:23:00,short,17624.0,17621.0,28.0,2021-07-02 12:23:00,12:21:00,False,4,11,33.0,45.0,1.1785714285714286,1.6071428571428572,tp
2021-07-02,h062,12:34:00,long,17616.0,17627.0,19.0,2021-07-02 12:34:00,12:26:00,True,12,41,39.0,5.0,2.0526315789473686,0.2631578947368421,tp
2021-07-05,h062,09:47:00,long,17842.0,17849.0,40.0,2021-07-05 09:47:00,09:44:00,True,13,40,71.0,38.0,1.775,0.95,tp
2021-07-05,h062,10:25:00,short,17889.0,17887.0,26.0,2021-07-05 10:25:00,10:17:00,True,6,13,25.0,33.0,0.9615384615384616,1.2692307692307692,sl
2021-07-05,h062,11:12:00,short,17905.0,17893.0,13.0,2021-07-05 11:12:00,11:10:00,True,8,11,31.0,27.0,2.3846153846153846,2.076923076923077,sl
2021-07-05,h062,12:10:00,long,17898.0,17900.0,36.0,2021-07-05 12:10:00,11:31:00,True,8,20,20.0,20.0,0.5555555555555556,0.5555555555555556,timeout
2021-07-05,h062,12:57:00,short,17896.0,17895.0,24.0,2021-07-05 12:57:00,12:32:00,True,9,19,15.0,22.0,0.625,0.9166666666666666,timeout
2021-07-05,h062,13:05:00,long,17893.0,17894.0,13.0,2021-07-05 13:05:00,13:04:00,True,14,19,23.0,5.0,1.7692307692307692,0.38461538461538464,tp
2021-07-06,h062,09:37:00,short,17935.0,17928.0,39.0,2021-07-06 09:37:00,09:33:00,True,5,15,70.0,9.0,1.794871794871795,0.23076923076923078,tp
2021-07-06,h062,09:56:00,short,17882.0,17879.0,30.0,2021-07-06 09:56:00,09:40:00,True,24,44,21.0,56.0,0.7,1.8666666666666667,sl
2021-07-06,h062,10:30:00,short,17913.0,17908.0,20.0,2021-07-06 10:30:00,10:23:00,True,5,19,40.0,27.0,2.0,1.35,sl
2021-07-06,h062,11:21:00,short,17886.0,17874.0,27.0,2021-07-06 11:21:00,11:20:00,True,25,71,3.0,51.0,0.1111111111111111,1.8888888888888888,sl
2021-07-06,h062,12:09:00,short,17909.0,17907.0,12.0,2021-07-06 12:09:00,11:58:00,False,0,3,34.0,18.0,2.8333333333333335,1.5,sl
2021-07-06,h062,12:23:00,short,17915.0,17912.0,10.0,2021-07-06 12:23:00,12:20:00,False,3,5,39.0,6.0,3.9,0.6,tp
2021-07-06,h062,12:48:00,short,17888.0,17885.0,15.0,2021-07-06 12:48:00,12:45:00,True,6,16,12.0,33.0,0.8,2.2,sl
2021-07-07,h062,10:29:00,long,17896.0,17900.0,28.0,2021-07-07 10:29:00,10:25:00,True,15,33,6.0,185.0,0.21428571428571427,6.607142857142857,sl
2021-07-07,h062,11:06:00,long,17872.0,17875.0,20.0,2021-07-07 11:06:00,10:54:00,True,13,30,13.0,160.0,0.65,8.0,sl
2021-07-07,h062,11:30:00,short,17845.0,17838.0,11.0,2021-07-07 11:30:00,11:29:00,True,42,66,123.0,42.0,11.181818181818182,3.8181818181818183,sl
2021-07-07,h062,12:35:00,short,17813.0,17797.0,13.0,2021-07-07 12:35:00,12:34:00,True,84,130,82.0,38.0,6.3076923076923075,2.923076923076923,tp
2021-07-07,h062,12:39:00,short,17740.0,17728.0,51.0,2021-07-07 12:39:00,12:37:00,True,31,93,13.0,107.0,0.2549019607843137,2.0980392156862746,sl
2021-07-08,h062,09:34:00,short,17860.0,17853.0,37.0,2021-07-08 09:34:00,09:25:00,True,10,22,159.0,16.0,4.297297297297297,0.43243243243243246,tp
2021-07-08,h062,09:56:00,short,17765.0,17757.0,21.0,2021-07-08 09:56:00,09:55:00,True,15,47,63.0,89.0,3.0,4.238095238095238,sl
2021-07-08,h062,10:27:00,short,17724.0,17708.0,43.0,2021-07-08 10:27:00,10:25:00,True,71,110,14.0,138.0,0.32558139534883723,3.2093023255813953,sl
2021-07-08,h062,10:57:00,long,17779.0,17782.0,20.0,2021-07-08 10:57:00,10:55:00,True,20,56,64.0,7.0,3.2,0.35,tp
2021-07-08,h062,11:31:00,long,17816.0,17817.0,22.0,2021-07-08 11:31:00,11:30:00,True,13,27,29.0,31.0,1.3181818181818181,1.4090909090909092,sl
2021-07-08,h062,12:42:00,short,17814.0,17811.0,29.0,2021-07-08 12:42:00,12:20:00,True,8,23,13.0,32.0,0.4482758620689655,1.103448275862069,sl
2021-07-09,h062,09:46:00,long,17599.0,17612.0,24.0,2021-07-09 09:46:00,09:45:00,True,24,53,59.0,86.0,2.4583333333333335,3.5833333333333335,sl
2021-07-09,h062,10:37:00,long,17645.0,17651.0,41.0,2021-07-09 10:37:00,10:31:00,True,79,98,20.0,97.0,0.4878048780487805,2.3658536585365852,sl
2021-07-09,h062,12:17:00,short,17570.0,17566.0,16.0,2021-07-09 12:17:00,12:16:00,True,15,23,12.0,101.0,0.75,6.3125,sl
2021-07-12,h062,09:48:00,short,17928.0,17921.0,28.0,2021-07-12 09:48:00,09:29:00,True,56,71,151.0,1.0,5.392857142857143,0.03571428571428571,tp
2021-07-12,h062,10:01:00,short,17863.0,17849.0,59.0,2021-07-12 10:01:00,09:49:00,True,119,210,79.0,44.0,1.3389830508474576,0.7457627118644068,tp
2021-07-12,h062,11:21:00,short,17844.0,17831.0,13.0,2021-07-12 11:21:00,11:20:00,True,25,46,61.0,37.0,4.6923076923076925,2.8461538461538463,tp
2021-07-12,h062,11:26:00,short,17809.0,17802.0,19.0,2021-07-12 11:26:00,11:25:00,True,32,67,32.0,66.0,1.6842105263157894,3.473684210526316,sl
2021-07-12,h062,11:28:00,long,17808.0,17819.0,19.0,2021-07-12 11:28:00,11:27:00,True,11,30,49.0,49.0,2.5789473684210527,2.5789473684210527,sl
2021-07-12,h062,13:02:00,short,17853.0,17852.0,11.0,2021-07-12 13:02:00,13:00:00,True,9,15,34.0,16.0,3.090909090909091,1.4545454545454546,sl
2021-07-13,h062,09:59:00,long,17994.0,18016.0,21.0,2021-07-13 09:59:00,09:57:00,True,187,266,14.0,192.0,0.6666666666666666,9.142857142857142,sl
2021-07-13,h062,11:08:00,short,17991.0,17989.0,6.0,2021-07-13 11:08:00,11:07:00,True,6,15,165.0,7.0,27.5,1.1666666666666667,sl
2021-07-13,h062,11:38:00,short,17933.0,17929.0,23.0,2021-07-13 11:38:00,11:37:00,True,79,102,105.0,14.0,4.565217391304348,0.6086956521739131,tp
2021-07-13,h062,11:40:00,short,17912.0,17911.0,18.0,2021-07-13 11:40:00,11:39:00,True,32,64,87.0,32.0,4.833333333333333,1.7777777777777777,sl
2021-07-13,h062,12:41:00,short,17908.0,17890.0,24.0,2021-07-13 12:41:00,12:36:00,True,54,92,66.0,13.0,2.75,0.5416666666666666,tp
2021-07-13,h062,12:47:00,short,17881.0,17872.0,18.0,2021-07-13 12:47:00,12:42:00,True,10,25,48.0,31.0,2.6666666666666665,1.7222222222222223,sl
2021-07-13,h062,13:06:00,short,17855.0,17852.0,26.0,2021-07-13 13:06:00,13:05:00,True,9,29,28.0,20.0,1.0769230769230769,0.7692307692307693,tp
2021-07-14,h062,09:27:00,short,17846.0,17841.0,29.0,2021-07-14 09:27:00,09:23:00,True,12,34,93.0,53.0,3.206896551724138,1.8275862068965518,sl
2021-07-14,h062,09:52:00,long,17836.0,17842.0,27.0,2021-07-14 09:52:00,09:50:00,True,18,36,41.0,94.0,1.5185185185185186,3.4814814814814814,sl
2021-07-14,h062,10:48:00,short,17837.0,17835.0,16.0,2021-07-14 10:48:00,10:45:00,True,6,19,28.0,48.0,1.75,3.0,sl
2021-07-14,h062,11:01:00,long,17870.0,17872.0,28.0,2021-07-14 11:01:00,11:00:00,True,15,35,11.0,65.0,0.39285714285714285,2.3214285714285716,sl
2021-07-14,h062,12:30:00,short,17852.0,17851.0,13.0,2021-07-14 12:30:00,12:29:00,True,6,14,44.0,23.0,3.3846153846153846,1.7692307692307692,tp
2021-07-14,h062,12:43:00,short,17823.0,17819.0,16.0,2021-07-14 12:43:00,12:42:00,True,8,22,12.0,55.0,0.75,3.4375,sl
2021-07-14,h062,13:04:00,long,17825.0,17826.0,18.0,2021-07-14 13:04:00,13:00:00,True,11,25,48.0,13.0,2.6666666666666665,0.7222222222222222,tp
2021-07-15,h062,09:27:00,short,17919.0,17918.0,27.0,2021-07-15 09:27:00,09:19:00,True,8,23,10.0,128.0,0.37037037037037035,4.7407407407407405,sl
2021-07-15,h062,09:50:00,short,17932.0,17918.0,30.0,2021-07-15 09:50:00,09:33:00,True,50,88,10.0,128.0,0.3333333333333333,4.266666666666667,sl
2021-07-15,h062,10:38:00,long,17933.0,17938.0,14.0,2021-07-15 10:38:00,10:34:00,True,15,34,108.0,27.0,7.714285714285714,1.9285714285714286,tp
2021-07-15,h062,10:41:00,short,17939.0,17932.0,21.0,2021-07-15 10:41:00,10:39:00,True,6,22,21.0,114.0,1.0,5.428571428571429,tp
2021-07-15,h062,11:31:00,long,17970.0,17971.0,17.0,2021-07-15 11:31:00,11:27:00,True,14,34,75.0,2.0,4.411764705882353,0.11764705882352941,tp
2021-07-15,h062,12:11:00,long,18001.0,18003.0,8.0,2021-07-15 12:11:00,12:09:00,False,2,5,43.0,15.0,5.375,1.875,sl
2021-07-15,h062,12:59:00,long,17998.0,18002.0,9.0,2021-07-15 12:59:00,12:52:00,True,13,14,44.0,3.0,4.888888888888889,0.3333333333333333,tp
2021-07-15,h062,13:09:00,long,18015.0,18017.0,11.0,2021-07-15 13:09:00,13:05:00,True,11,20,29.0,9.0,2.6363636363636362,0.8181818181818182,tp
2021-07-15,h062,13:28:00,long,18036.0,18037.0,11.0,2021-07-15 13:28:00,13:20:00,True,15,36,9.0,29.0,0.8181818181818182,2.6363636363636362,sl
2021-07-16,h062,09:17:00,short,17780.0,17777.0,59.0,2021-07-16 09:17:00,09:15:00,True,24,76,5.0,151.0,0.0847457627118644,2.559322033898305,sl
2021-07-16,h062,10:16:00,long,17874.0,17880.0,16.0,2021-07-16 10:16:00,10:14:00,True,23,39,48.0,36.0,3.0,2.25,sl
2021-07-16,h062,12:05:00,short,17849.0,17847.0,16.0,2021-07-16 12:05:00,12:01:00,True,17,29,-1.0,81.0,-0.0625,5.0625,sl
2021-07-16,h062,12:50:00,long,17912.0,17916.0,15.0,2021-07-16 12:50:00,12:39:00,True,21,39,12.0,14.0,0.8,0.9333333333333333,timeout
2021-07-19,h062,09:18:00,long,17752.0,17756.0,43.0,2021-07-19 09:18:00,09:11:00,True,20,56,57.0,109.0,1.3255813953488371,2.5348837209302326,sl
2021-07-19,h062,09:42:00,short,17683.0,17682.0,58.0,2021-07-19 09:42:00,09:36:00,True,49,79,35.0,131.0,0.603448275862069,2.2586206896551726,sl
2021-07-19,h062,10:12:00,long,17662.0,17664.0,15.0,2021-07-19 10:12:00,10:09:00,True,12,22,149.0,4.0,9.933333333333334,0.26666666666666666,tp
2021-07-19,h062,11:35:00,long,17739.0,17741.0,7.0,2021-07-19 11:35:00,11:30:00,True,9,20,72.0,17.0,10.285714285714286,2.4285714285714284,sl
2021-07-19,h062,11:55:00,long,17747.0,17752.0,10.0,2021-07-19 11:55:00,11:54:00,True,10,27,61.0,2.0,6.1,0.2,tp
2021-07-19,h062,11:57:00,long,17760.0,17773.0,9.0,2021-07-19 11:57:00,11:56:00,True,122,139,40.0,23.0,4.444444444444445,2.5555555555555554,sl
2021-07-19,h062,12:14:00,short,17765.0,17759.0,20.0,2021-07-19 12:14:00,12:13:00,False,4,11,7.0,54.0,0.35,2.7,sl
2021-07-19,h062,12:46:00,short,17783.0,17778.0,12.0,2021-07-19 12:46:00,12:38:00,True,6,13,5.0,35.0,0.4166666666666667,2.9166666666666665,sl
2021-07-19,h062,13:09:00,long,17799.0,17800.0,9.0,2021-07-19 13:09:00,13:07:00,True,53,68,13.0,14.0,1.4444444444444444,1.5555555555555556,tp
2021-07-19,h062,13:11:00,long,17808.0,17810.0,8.0,2021-07-19 13:11:00,13:10:00,True,30,88,2.0,24.0,0.25,3.0,sl
2021-07-20,h062,09:40:00,short,17638.0,17621.0,40.0,2021-07-20 09:40:00,09:33:00,True,45,108,143.0,52.0,3.575,1.3,tp
2021-07-20,h062,09:46:00,long,17612.0,17626.0,31.0,2021-07-20 09:46:00,09:45:00,True,41,109,47.0,148.0,1.5161290322580645,4.774193548387097,tp
2021-07-20,h062,11:29:00,short,17616.0,17615.0,13.0,2021-07-20 11:29:00,11:28:00,True,5,11,137.0,4.0,10.538461538461538,0.3076923076923077,tp
2021-07-20,h062,11:33:00,short,17590.0,17589.0,15.0,2021-07-20 11:33:00,11:32:00,True,93,108,111.0,16.0,7.4,1.0666666666666667,sl
2021-07-21,h062,10:22:00,long,17537.0,17548.0,13.0,2021-07-21 10:22:00,10:20:00,True,11,33,13.0,172.0,1.0,13.23076923076923,sl
2021-07-21,h062,11:04:00,long,17494.0,17497.0,34.0,2021-07-21 11:04:00,11:02:00,True,21,47,15.0,121.0,0.4411764705882353,3.5588235294117645,sl
2021-07-21,h062,12:14:00,short,17437.0,17433.0,13.0,2021-07-21 12:14:00,12:13:00,True,18,43,57.0,16.0,4.384615384615385,1.2307692307692308,sl
2021-07-21,h062,13:02:00,long,17415.0,17416.0,25.0,2021-07-21 13:02:00,13:00:00,True,8,23,21.0,1.0,0.84,0.04,timeout
2021-07-22,h062,10:22:00,long,17491.0,17498.0,16.0,2021-07-22 10:22:00,10:21:00,True,11,25,1.0,151.0,0.0625,9.4375,sl
2021-07-22,h062,10:44:00,short,17447.0,17436.0,22.0,2021-07-22 10:44:00,10:37:00,True,22,63,89.0,26.0,4.045454545454546,1.1818181818181819,tp
2021-07-22,h062,10:46:00,short,17422.0,17413.0,14.0,2021-07-22 10:46:00,10:45:00,True,42,101,66.0,49.0,4.714285714285714,3.5,sl
2021-07-22,h062,12:32:00,long,17414.0,17418.0,15.0,2021-07-22 12:32:00,12:30:00,True,8,20,4.0,71.0,0.26666666666666666,4.733333333333333,sl
2021-07-22,h062,12:48:00,short,17383.0,17382.0,13.0,2021-07-22 12:48:00,12:44:00,False,0,4,35.0,30.0,2.6923076923076925,2.3076923076923075,sl
2021-07-22,h062,13:05:00,short,17360.0,17357.0,12.0,2021-07-22 13:05:00,13:03:00,True,8,18,10.0,55.0,0.8333333333333334,4.583333333333333,sl
2021-07-23,h062,09:30:00,long,17520.0,17537.0,29.0,2021-07-23 09:30:00,09:29:00,True,155,243,22.0,157.0,0.7586206896551724,5.413793103448276,sl
2021-07-23,h062,09:56:00,short,17530.0,17479.0,29.0,2021-07-23 09:56:00,09:35:00,True,113,236,99.0,15.0,3.413793103448276,0.5172413793103449,tp
2021-07-23,h062,11:47:00,long,17414.0,17416.0,14.0,2021-07-23 11:47:00,11:42:00,True,9,12,28.0,36.0,2.0,2.5714285714285716,sl
2021-07-26,h062,10:11:00,short,17354.0,17335.0,58.0,2021-07-26 10:11:00,09:58:00,True,58,96,138.0,11.0,2.3793103448275863,0.1896551724137931,tp
2021-07-26,h062,10:51:00,short,17290.0,17285.0,23.0,2021-07-26 10:51:00,10:49:00,True,15,52,88.0,39.0,3.8260869565217392,1.6956521739130435,sl
2021-07-26,h062,11:50:00,long,17290.0,17293.0,21.0,2021-07-26 11:50:00,11:37:00,True,9,15,31.0,96.0,1.4761904761904763,4.571428571428571,tp
2021-07-26,h062,12:18:00,short,17314.0,17312.0,10.0,2021-07-26 12:18:00,12:16:00,False,0,3,115.0,4.0,11.5,0.4,tp
2021-07-26,h062,12:37:00,long,17292.0,17295.0,14.0,2021-07-26 12:37:00,12:29:00,True,5,12,5.0,98.0,0.35714285714285715,7.0,sl
2021-07-26,h062,13:06:00,short,17260.0,17257.0,15.0,2021-07-26 13:06:00,13:05:00,True,21,36,60.0,8.0,4.0,0.5333333333333333,tp
2021-07-27,h062,10:08:00,short,17309.0,17306.0,36.0,2021-07-27 10:08:00,09:50:00,True,28,44,153.0,7.0,4.25,0.19444444444444445,tp
2021-07-27,h062,10:35:00,long,17249.0,17258.0,28.0,2021-07-27 10:35:00,10:29:00,True,10,32,1.0,105.0,0.03571428571428571,3.75,sl
2021-07-27,h062,10:51:00,short,17214.0,17205.0,18.0,2021-07-27 10:51:00,10:50:00,True,30,68,52.0,43.0,2.888888888888889,2.388888888888889,tp
2021-07-27,h062,10:55:00,long,17209.0,17210.0,24.0,2021-07-27 10:55:00,10:54:00,True,19,53,38.0,57.0,1.5833333333333333,2.375,sl
2021-07-27,h062,11:48:00,short,17227.0,17223.0,17.0,2021-07-27 11:48:00,11:45:00,True,6,17,70.0,25.0,4.117647058823529,1.4705882352941178,tp
2021-07-27,h062,12:33:00,long,17196.0,17198.0,18.0,2021-07-27 12:33:00,12:32:00,True,9,22,50.0,45.0,2.7777777777777777,2.5,tp
2021-07-28,h062,09:14:00,short,17048.0,17038.0,36.0,2021-07-28 09:14:00,09:12:00,True,31,97,305.0,18.0,8.472222222222221,0.5,tp
2021-07-28,h062,11:23:00,long,16974.0,16979.0,25.0,2021-07-28 11:23:00,11:22:00,True,23,46,21.0,132.0,0.84,5.28,sl
2021-07-28,h062,13:04:00,short,16897.0,16892.0,31.0,2021-07-28 13:04:00,13:03:00,True,14,45,4.0,106.0,0.12903225806451613,3.4193548387096775,sl
2021-07-29,h062,10:35:00,long,17129.0,17131.0,26.0,2021-07-29 10:35:00,10:30:00,True,32,70,201.0,1.0,7.730769230769231,0.038461538461538464,tp
2021-07-29,h062,10:37:00,long,17149.0,17151.0,19.0,2021-07-29 10:37:00,10:36:00,True,17,46,181.0,12.0,9.526315789473685,0.631578947368421,tp
2021-07-29,h062,11:16:00,short,17205.0,17203.0,13.0,2021-07-29 11:16:00,11:15:00,False,3,6,21.0,129.0,1.6153846153846154,9.923076923076923,tp
2021-07-29,h062,11:56:00,short,17217.0,17210.0,10.0,2021-07-29 11:56:00,11:49:00,True,6,23,7.0,122.0,0.7,12.2,sl
2021-07-29,h062,12:34:00,long,17231.0,17234.0,10.0,2021-07-29 12:34:00,12:30:00,True,9,23,98.0,1.0,9.8,0.1,tp
2021-07-29,h062,12:38:00,long,17240.0,17243.0,7.0,2021-07-29 12:38:00,12:35:00,True,11,26,89.0,7.0,12.714285714285714,1.0,sl
2021-07-29,h062,12:51:00,long,17262.0,17266.0,17.0,2021-07-29 12:51:00,12:46:00,True,13,22,66.0,3.0,3.8823529411764706,0.17647058823529413,tp
2021-07-29,h062,13:25:00,long,17293.0,17302.0,19.0,2021-07-29 13:25:00,13:05:00,True,17,51,30.0,0.0,1.5789473684210527,0.0,tp
2021-07-30,h062,09:30:00,long,17240.0,17247.0,24.0,2021-07-30 09:30:00,09:29:00,True,17,46,52.0,121.0,2.1666666666666665,5.041666666666667,tp
2021-07-30,h062,10:48:00,long,17241.0,17244.0,35.0,2021-07-30 10:48:00,10:33:00,True,7,20,36.0,118.0,1.0285714285714285,3.3714285714285714,tp
2021-07-30,h062,13:02:00,short,17198.0,17197.0,15.0,2021-07-30 13:02:00,13:01:00,True,10,22,71.0,11.0,4.733333333333333,0.7333333333333333,tp
2021-08-02,h062,10:04:00,short,17217.0,17214.0,29.0,2021-08-02 10:04:00,10:02:00,True,14,39,54.0,256.0,1.8620689655172413,8.827586206896552,tp
2021-08-02,h062,11:27:00,long,17299.0,17312.0,13.0,2021-08-02 11:27:00,11:26:00,True,39,103,158.0,21.0,12.153846153846153,1.6153846153846154,tp
2021-08-02,h062,11:47:00,short,17314.0,17313.0,37.0,2021-08-02 11:47:00,11:31:00,False,3,6,22.0,157.0,0.5945945945945946,4.243243243243243,sl
2021-08-02,h062,12:35:00,long,17343.0,17380.0,20.0,2021-08-02 12:35:00,12:20:00,True,198,265,90.0,0.0,4.5,0.0,tp
2021-08-02,h062,12:41:00,long,17420.0,17421.0,24.0,2021-08-02 12:41:00,12:40:00,True,15,39,49.0,16.0,2.0416666666666665,0.6666666666666666,tp
2021-08-03,h062,09:58:00,short,17392.0,17391.0,32.0,2021-08-03 09:58:00,09:33:00,True,5,12,30.0,105.0,0.9375,3.28125,sl
2021-08-03,h062,10:36:00,short,17375.0,17368.0,36.0,2021-08-03 10:36:00,10:30:00,True,25,39,7.0,128.0,0.19444444444444445,3.5555555555555554,sl
2021-08-03,h062,11:49:00,short,17426.0,17425.0,18.0,2021-08-03 11:49:00,11:39:00,True,6,11,34.0,71.0,1.8888888888888888,3.9444444444444446,tp
2021-08-03,h062,12:12:00,short,17413.0,17396.0,25.0,2021-08-03 12:12:00,12:00:00,True,23,57,5.0,100.0,0.2,4.0,sl
2021-08-03,h062,12:55:00,long,17437.0,17444.0,13.0,2021-08-03 12:55:00,12:51:00,True,33,57,52.0,8.0,4.0,0.6153846153846154,tp
2021-08-03,h062,13:21:00,long,17468.0,17475.0,12.0,2021-08-03 13:21:00,13:16:00,True,34,54,21.0,3.0,1.75,0.25,tp
2021-08-04,h062,09:26:00,long,17537.0,17539.0,17.0,2021-08-04 09:26:00,09:22:00,True,9,26,47.0,75.0,2.764705882352941,4.411764705882353,sl
2021-08-04,h062,10:17:00,short,17553.0,17552.0,10.0,2021-08-04 10:17:00,10:15:00,True,24,57,18.0,34.0,1.8,3.4,sl
2021-08-04,h062,10:44:00,long,17574.0,17575.0,8.0,2021-08-04 10:44:00,10:36:00,True,17,33,11.0,41.0,1.375,5.125,sl
2021-08-04,h062,11:50:00,long,17555.0,17564.0,21.0,2021-08-04 11:50:00,11:40:00,True,22,46,22.0,15.0,1.0476190476190477,0.7142857142857143,tp
2021-08-04,h062,12:23:00,short,17572.0,17570.0,12.0,2021-08-04 12:23:00,12:21:00,True,9,16,21.0,16.0,1.75,1.3333333333333333,tp
2021-08-04,h062,13:25:00,long,17576.0,17584.0,9.0,2021-08-04 13:25:00,13:24:00,True,28,49,1.0,18.0,0.1111111111111111,2.0,sl
2021-08-05,h062,09:54:00,long,17533.0,17536.0,13.0,2021-08-05 09:54:00,09:51:00,True,16,29,48.0,10.0,3.6923076923076925,0.7692307692307693,tp
2021-08-05,h062,10:30:00,short,17559.0,17557.0,25.0,2021-08-05 10:30:00,10:25:00,True,11,16,31.0,23.0,1.24,0.92,tp
2021-08-05,h062,11:22:00,long,17553.0,17555.0,9.0,2021-08-05 11:22:00,11:18:00,False,0,4,12.0,29.0,1.3333333333333333,3.2222222222222223,sl
2021-08-05,h062,11:57:00,long,17546.0,17549.0,6.0,2021-08-05 11:57:00,11:56:00,False,4,6,18.0,23.0,3.0,3.8333333333333335,sl
2021-08-05,h062,12:07:00,long,17542.0,17545.0,9.0,2021-08-05 12:07:00,12:05:00,True,6,13,22.0,19.0,2.4444444444444446,2.111111111111111,sl
2021-08-05,h062,12:12:00,long,17535.0,17536.0,9.0,2021-08-05 12:12:00,12:10:00,True,5,8,31.0,10.0,3.4444444444444446,1.1111111111111112,sl
2021-08-05,h062,13:18:00,short,17545.0,17538.0,7.0,2021-08-05 13:18:00,13:16:00,True,8,25,6.0,14.0,0.8571428571428571,2.0,sl
2021-08-06,h062,09:59:00,long,17446.0,17447.0,25.0,2021-08-06 09:59:00,09:58:00,True,14,46,43.0,22.0,1.72,0.88,tp
2021-08-06,h062,10:30:00,short,17445.0,17439.0,20.0,2021-08-06 10:30:00,10:28:00,True,6,14,11.0,51.0,0.55,2.55,sl
2021-08-06,h062,11:12:00,long,17460.0,17468.0,12.0,2021-08-06 11:12:00,11:10:00,True,62,106,22.0,33.0,1.8333333333333333,2.75,sl
2021-08-06,h062,11:46:00,long,17453.0,17462.0,6.0,2021-08-06 11:46:00,11:45:00,True,10,23,28.0,27.0,4.666666666666667,4.5,tp
2021-08-06,h062,12:00:00,short,17483.0,17481.0,5.0,2021-08-06 12:00:00,11:56:00,True,6,8,46.0,4.0,9.2,0.8,tp
2021-08-09,h062,10:50:00,long,17405.0,17414.0,13.0,2021-08-09 10:50:00,10:46:00,True,29,65,34.0,59.0,2.6153846153846154,4.538461538461538,sl
2021-08-09,h062,11:12:00,long,17444.0,17446.0,21.0,2021-08-09 11:12:00,11:11:00,True,23,67,2.0,91.0,0.09523809523809523,4.333333333333333,sl
2021-08-09,h062,11:55:00,short,17394.0,17389.0,15.0,2021-08-09 11:55:00,11:54:00,True,11,24,34.0,30.0,2.2666666666666666,2.0,tp
2021-08-10,h062,10:59:00,short,17326.0,17324.0,15.0,2021-08-10 10:59:00,10:54:00,True,8,14,65.0,30.0,4.333333333333333,2.0,sl
2021-08-10,h062,11:26:00,short,17330.0,17325.0,24.0,2021-08-10 11:26:00,11:22:00,False,4,11,66.0,2.0,2.75,0.08333333333333333,tp
2021-08-10,h062,12:13:00,long,17280.0,17284.0,20.0,2021-08-10 12:13:00,12:06:00,True,10,25,16.0,25.0,0.8,1.25,sl
2021-08-10,h062,13:28:00,long,17286.0,17287.0,9.0,2021-08-10 13:28:00,13:22:00,True,8,16,13.0,18.0,1.4444444444444444,2.0,sl
2021-08-11,h062,10:12:00,long,17284.0,17287.0,19.0,2021-08-11 10:12:00,10:10:00,True,32,51,11.0,209.0,0.5789473684210527,11.0,sl
2021-08-11,h062,11:12:00,short,17222.0,17216.0,17.0,2021-08-11 11:12:00,11:09:00,True,12,24,138.0,10.0,8.117647058823529,0.5882352941176471,tp
2021-08-11,h062,11:14:00,short,17207.0,17204.0,12.0,2021-08-11 11:14:00,11:13:00,True,13,42,126.0,22.0,10.5,1.8333333333333333,sl
2021-08-11,h062,11:30:00,long,17178.0,17181.0,46.0,2021-08-11 11:30:00,11:27:00,True,32,91,13.0,103.0,0.2826086956521739,2.239130434782609,sl
2021-08-11,h062,11:46:00,long,17139.0,17154.0,17.0,2021-08-11 11:46:00,11:45:00,True,25,63,32.0,76.0,1.8823529411764706,4.470588235294118,tp
2021-08-11,h062,12:35:00,short,17111.0,17107.0,19.0,2021-08-11 12:35:00,12:28:00,True,8,24,29.0,79.0,1.5263157894736843,4.157894736842105,tp
2021-08-11,h062,13:04:00,long,17147.0,17148.0,23.0,2021-08-11 13:04:00,13:01:00,True,25,51,38.0,9.0,1.6521739130434783,0.391304347826087,tp
2021-08-12,h062,09:12:00,long,17172.0,17174.0,18.0,2021-08-12 09:12:00,09:11:00,True,17,58,61.0,49.0,3.388888888888889,2.7222222222222223,tp
2021-08-12,h062,09:20:00,short,17190.0,17182.0,34.0,2021-08-12 09:20:00,09:16:00,True,19,39,57.0,53.0,1.6764705882352942,1.5588235294117647,sl
2021-08-12,h062,09:41:00,short,17214.0,17206.0,21.0,2021-08-12 09:41:00,09:37:00,True,10,21,81.0,8.0,3.857142857142857,0.38095238095238093,tp
2021-08-12,h062,10:47:00,long,17188.0,17197.0,13.0,2021-08-12 10:47:00,10:45:00,True,41,72,17.0,52.0,1.3076923076923077,4.0,sl
2021-08-12,h062,11:44:00,short,17184.0,17182.0,21.0,2021-08-12 11:44:00,11:32:00,False,3,7,37.0,32.0,1.7619047619047619,1.5238095238095237,sl
2021-08-12,h062,11:54:00,short,17192.0,17184.0,18.0,2021-08-12 11:54:00,11:51:00,True,14,42,39.0,4.0,2.1666666666666665,0.2222222222222222,tp
2021-08-12,h062,12:32:00,long,17158.0,17160.0,11.0,2021-08-12 12:32:00,12:27:00,True,10,20,25.0,15.0,2.272727272727273,1.3636363636363635,tp
2021-08-12,h062,13:03:00,long,17156.0,17158.0,11.0,2021-08-12 13:03:00,13:02:00,True,8,22,21.0,9.0,1.9090909090909092,0.8181818181818182,tp
2021-08-13,h062,09:55:00,short,16987.0,16982.0,40.0,2021-08-13 09:55:00,09:54:00,True,42,92,48.0,108.0,1.2,2.7,sl
2021-08-13,h062,11:15:00,long,16990.0,16999.0,19.0,2021-08-13 11:15:00,11:14:00,True,19,67,26.0,65.0,1.368421052631579,3.4210526315789473,sl
2021-08-13,h062,12:03:00,long,17022.0,17025.0,18.0,2021-08-13 12:03:00,12:00:00,False,4,12,0.0,91.0,0.0,5.055555555555555,sl
2021-08-13,h062,13:05:00,short,16994.0,16981.0,14.0,2021-08-13 13:05:00,13:01:00,True,9,21,47.0,6.0,3.357142857142857,0.42857142857142855,tp
2021-08-13,h062,13:12:00,long,16975.0,16979.0,14.0,2021-08-13 13:12:00,13:08:00,True,9,25,8.0,45.0,0.5714285714285714,3.2142857142857144,sl
2021-08-16,h062,10:16:00,long,16807.0,16814.0,54.0,2021-08-16 10:16:00,10:10:00,True,23,63,68.0,64.0,1.2592592592592593,1.1851851851851851,sl
2021-08-16,h062,11:23:00,long,16804.0,16809.0,26.0,2021-08-16 11:23:00,11:16:00,False,4,9,73.0,59.0,2.8076923076923075,2.269230769230769,sl
2021-08-16,h062,11:49:00,short,16766.0,16762.0,14.0,2021-08-16 11:49:00,11:44:00,False,4,15,12.0,120.0,0.8571428571428571,8.571428571428571,sl
2021-08-16,h062,11:59:00,long,16773.0,16779.0,23.0,2021-08-16 11:59:00,11:57:00,True,18,30,103.0,14.0,4.478260869565218,0.6086956521739131,tp
2021-08-16,h062,12:26:00,long,16813.0,16824.0,20.0,2021-08-16 12:26:00,12:24:00,True,29,61,58.0,59.0,2.9,2.95,tp
2021-08-16,h062,12:30:00,short,16823.0,16816.0,15.0,2021-08-16 12:30:00,12:27:00,True,11,21,51.0,66.0,3.4,4.4,sl
2021-08-16,h062,12:40:00,long,16853.0,16871.0,22.0,2021-08-16 12:40:00,12:39:00,True,38,96,11.0,106.0,0.5,4.818181818181818,sl
2021-08-17,h062,11:15:00,short,16762.0,16756.0,13.0,2021-08-17 11:15:00,11:14:00,True,23,49,181.0,-1.0,13.923076923076923,-0.07692307692307693,tp
2021-08-17,h062,11:24:00,short,16728.0,16724.0,27.0,2021-08-17 11:24:00,11:16:00,True,33,66,149.0,24.0,5.518518518518518,0.8888888888888888,tp
2021-08-17,h062,12:19:00,short,16730.0,16726.0,17.0,2021-08-17 12:19:00,12:13:00,True,12,23,151.0,2.0,8.882352941176471,0.11764705882352941,tp
2021-08-18,h062,09:49:00,long,16437.0,16440.0,41.0,2021-08-18 09:49:00,09:40:00,True,21,47,356.0,31.0,8.682926829268293,0.7560975609756098,tp
2021-08-18,h062,10:25:00,long,16549.0,16558.0,25.0,2021-08-18 10:25:00,10:23:00,True,46,63,238.0,11.0,9.52,0.44,tp
2021-08-18,h062,11:18:00,long,16649.0,16659.0,26.0,2021-08-18 11:18:00,11:16:00,True,59,97,137.0,25.0,5.269230769230769,0.9615384615384616,tp
2021-08-20,h062,09:45:00,short,16171.0,16167.0,49.0,2021-08-20 09:45:00,09:44:00,True,64,114,22.0,211.0,0.4489795918367347,4.3061224489795915,sl
2021-08-20,h062,13:05:00,short,16242.0,16239.0,27.0,2021-08-20 13:05:00,13:04:00,True,15,34,57.0,43.0,2.111111111111111,1.5925925925925926,sl
2021-08-23,h062,09:23:00,long,16600.0,16603.0,54.0,2021-08-23 09:23:00,09:20:00,True,26,53,126.0,10.0,2.3333333333333335,0.18518518518518517,tp
2021-08-23,h062,10:30:00,long,16672.0,16673.0,58.0,2021-08-23 10:30:00,10:24:00,True,17,39,56.0,10.0,0.9655172413793104,0.1724137931034483,timeout
2021-08-23,h062,11:07:00,short,16692.0,16689.0,27.0,2021-08-23 11:07:00,10:50:00,False,4,5,26.0,40.0,0.9629629629629629,1.4814814814814814,sl
2021-08-23,h062,11:29:00,long,16688.0,16693.0,14.0,2021-08-23 11:29:00,11:26:00,True,10,13,36.0,30.0,2.5714285714285716,2.142857142857143,tp
2021-08-23,h062,12:01:00,long,16724.0,16726.0,21.0,2021-08-23 12:01:00,11:45:00,True,18,40,3.0,63.0,0.14285714285714285,3.0,sl
2021-08-23,h062,13:26:00,short,16684.0,16681.0,19.0,2021-08-23 13:26:00,13:25:00,True,16,44,18.0,14.0,0.9473684210526315,0.7368421052631579,timeout
2021-08-24,h062,11:43:00,short,16735.0,16730.0,21.0,2021-08-24 11:43:00,11:40:00,True,6,16,13.0,65.0,0.6190476190476191,3.0952380952380953,sl
2021-08-24,h062,11:58:00,long,16734.0,16741.0,15.0,2021-08-24 11:58:00,11:50:00,True,12,23,54.0,17.0,3.6,1.1333333333333333,sl
2021-08-24,h062,13:04:00,short,16776.0,16775.0,17.0,2021-08-24 13:04:00,12:52:00,True,7,16,20.0,10.0,1.1764705882352942,0.5882352941176471,tp
2021-08-25,h062,09:39:00,long,16884.0,16887.0,45.0,2021-08-25 09:39:00,09:33:00,True,51,80,95.0,37.0,2.111111111111111,0.8222222222222222,tp
2021-08-25,h062,10:31:00,long,16878.0,16879.0,28.0,2021-08-25 10:31:00,10:24:00,True,16,23,103.0,13.0,3.6785714285714284,0.4642857142857143,tp
2021-08-25,h062,11:08:00,long,16908.0,16915.0,18.0,2021-08-25 11:08:00,11:07:00,True,72,103,67.0,37.0,3.7222222222222223,2.0555555555555554,tp
2021-08-25,h062,12:05:00,long,16924.0,16928.0,11.0,2021-08-25 12:05:00,12:03:00,True,5,12,54.0,50.0,4.909090909090909,4.545454545454546,tp
2021-08-25,h062,12:34:00,short,16904.0,16900.0,20.0,2021-08-25 12:34:00,12:32:00,True,12,37,22.0,82.0,1.1,4.1,tp
2021-08-25,h062,12:36:00,short,16887.0,16884.0,13.0,2021-08-25 12:36:00,12:35:00,True,7,21,6.0,98.0,0.46153846153846156,7.538461538461538,sl
2021-08-25,h062,12:39:00,long,16895.0,16899.0,17.0,2021-08-25 12:39:00,12:37:00,True,6,18,83.0,1.0,4.882352941176471,0.058823529411764705,tp
2021-08-26,h062,10:12:00,long,16935.0,16942.0,19.0,2021-08-26 10:12:00,10:07:00,True,13,24,65.0,60.0,3.4210526315789473,3.1578947368421053,sl
2021-08-26,h062,10:42:00,short,16896.0,16893.0,31.0,2021-08-26 10:42:00,10:41:00,True,20,60,11.0,114.0,0.3548387096774194,3.6774193548387095,sl
2021-08-26,h062,12:19:00,long,16945.0,16948.0,13.0,2021-08-26 12:19:00,12:17:00,True,30,47,59.0,7.0,4.538461538461538,0.5384615384615384,tp
2021-08-26,h062,12:34:00,long,16987.0,16997.0,30.0,2021-08-26 12:34:00,12:33:00,True,26,66,10.0,46.0,0.3333333333333333,1.5333333333333334,sl
2021-08-26,h062,13:23:00,short,16995.0,16990.0,12.0,2021-08-26 13:23:00,13:21:00,True,14,29,27.0,8.0,2.25,0.6666666666666666,tp
2021-08-27,h062,10:03:00,long,17118.0,17140.0,36.0,2021-08-27 10:03:00,10:01:00,True,100,166,78.0,15.0,2.1666666666666665,0.4166666666666667,tp
2021-08-27,h062,11:48:00,long,17148.0,17149.0,19.0,2021-08-27 11:48:00,11:45:00,True,17,43,45.0,11.0,2.3684210526315788,0.5789473684210527,tp
2021-08-27,h062,12:40:00,short,17170.0,17161.0,18.0,2021-08-27 12:40:00,12:33:00,True,9,16,19.0,33.0,1.0555555555555556,1.8333333333333333,tp
2021-08-27,h062,13:05:00,long,17173.0,17176.0,23.0,2021-08-27 13:05:00,13:04:00,True,9,24,18.0,34.0,0.782608695652174,1.4782608695652173,sl
2021-08-30,h062,09:30:00,long,17295.0,17299.0,45.0,2021-08-30 09:30:00,09:27:00,True,41,74,54.0,93.0,1.2,2.066666666666667,sl
2021-08-30,h062,10:20:00,short,17278.0,17276.0,13.0,2021-08-30 10:20:00,10:18:00,True,7,17,22.0,77.0,1.6923076923076923,5.923076923076923,sl
2021-08-30,h062,10:44:00,short,17300.0,17298.0,14.0,2021-08-30 10:44:00,10:40:00,False,4,11,44.0,55.0,3.142857142857143,3.9285714285714284,tp
2021-08-30,h062,11:23:00,long,17271.0,17275.0,17.0,2021-08-30 11:23:00,11:20:00,True,5,14,78.0,13.0,4.588235294117647,0.7647058823529411,tp
2021-08-30,h062,12:34:00,short,17292.0,17287.0,12.0,2021-08-30 12:34:00,12:31:00,True,6,13,25.0,66.0,2.0833333333333335,5.5,tp
2021-08-30,h062,12:43:00,short,17264.0,17263.0,15.0,2021-08-30 12:43:00,12:36:00,True,7,12,0.0,90.0,0.0,6.0,sl
2021-08-30,h062,13:01:00,long,17292.0,17294.0,6.0,2021-08-30 13:01:00,13:00:00,True,10,17,59.0,2.0,9.833333333333334,0.3333333333333333,tp
2021-08-30,h062,13:09:00,long,17307.0,17308.0,10.0,2021-08-30 13:09:00,13:03:00,True,6,15,45.0,8.0,4.5,0.8,tp
2021-08-30,h062,13:25:00,long,17335.0,17336.0,14.0,2021-08-30 13:25:00,13:24:00,True,14,44,17.0,15.0,1.2142857142857142,1.0714285714285714,tp
2021-08-31,h062,09:30:00,short,17239.0,17234.0,22.0,2021-08-31 09:30:00,09:29:00,True,39,96,90.0,234.0,4.090909090909091,10.636363636363637,tp
2021-08-31,h062,09:45:00,short,17200.0,17187.0,33.0,2021-08-31 09:45:00,09:43:00,True,94,158,43.0,281.0,1.303030303030303,8.515151515151516,sl
2021-08-31,h062,10:35:00,short,17165.0,17154.0,27.0,2021-08-31 10:35:00,10:15:00,True,38,53,10.0,314.0,0.37037037037037035,11.62962962962963,sl
2021-08-31,h062,11:12:00,long,17240.0,17242.0,38.0,2021-08-31 11:12:00,11:11:00,True,17,53,226.0,16.0,5.947368421052632,0.42105263157894735,tp
2021-08-31,h062,11:36:00,long,17269.0,17275.0,28.0,2021-08-31 11:36:00,11:34:00,True,25,65,193.0,28.0,6.892857142857143,1.0,tp
2021-08-31,h062,11:51:00,short,17287.0,17284.0,34.0,2021-08-31 11:51:00,11:45:00,False,4,7,37.0,184.0,1.088235294117647,5.411764705882353,tp
2021-08-31,h062,12:49:00,long,17289.0,17297.0,20.0,2021-08-31 12:49:00,12:48:00,True,27,53,171.0,2.0,8.55,0.1,tp
2021-08-31,h062,12:55:00,long,17324.0,17327.0,9.0,2021-08-31 12:55:00,12:54:00,True,16,39,141.0,5.0,15.666666666666666,0.5555555555555556,tp
2021-08-31,h062,12:59:00,long,17346.0,17347.0,15.0,2021-08-31 12:59:00,12:58:00,True,17,61,121.0,1.0,8.066666666666666,0.06666666666666667,tp
2021-08-31,h062,13:01:00,long,17364.0,17369.0,18.0,2021-08-31 13:01:00,13:00:00,True,18,62,99.0,9.0,5.5,0.5,tp
2021-09-01,h062,10:11:00,short,17442.0,17438.0,34.0,2021-09-01 10:11:00,10:03:00,True,9,24,43.0,62.0,1.2647058823529411,1.8235294117647058,tp
2021-09-01,h062,11:41:00,short,17454.0,17449.0,8.0,2021-09-01 11:41:00,11:39:00,True,6,13,24.0,51.0,3.0,6.375,sl
2021-09-01,h062,12:27:00,long,17475.0,17483.0,14.0,2021-09-01 12:27:00,12:26:00,True,39,98,17.0,40.0,1.2142857142857142,2.857142857142857,sl
2021-09-01,h062,12:58:00,short,17474.0,17465.0,21.0,2021-09-01 12:58:00,12:55:00,True,7,12,11.0,35.0,0.5238095238095238,1.6666666666666667,sl
2021-09-01,h062,13:04:00,long,17483.0,17489.0,22.0,2021-09-01 13:04:00,13:02:00,True,28,46,11.0,33.0,0.5,1.5,sl
2021-09-02,h062,10:39:00,short,17411.0,17406.0,24.0,2021-09-02 10:39:00,10:37:00,True,30,66,140.0,28.0,5.833333333333333,1.1666666666666667,sl
2021-09-02,h062,10:49:00,short,17392.0,17384.0,17.0,2021-09-02 10:49:00,10:48:00,True,23,65,118.0,2.0,6.9411764705882355,0.11764705882352941,tp
2021-09-02,h062,10:53:00,short,17352.0,17342.0,33.0,2021-09-02 10:53:00,10:50:00,True,15,41,76.0,44.0,2.303030303030303,1.3333333333333333,tp
2021-09-02,h062,11:48:00,short,17363.0,17361.0,23.0,2021-09-02 11:48:00,11:44:00,True,8,23,95.0,12.0,4.130434782608695,0.5217391304347826,tp
2021-09-02,h062,13:09:00,long,17300.0,17325.0,12.0,2021-09-02 13:09:00,13:05:00,True,20,68,4.0,59.0,0.3333333333333333,4.916666666666667,sl
2021-09-03,h062,10:05:00,long,17442.0,17460.0,22.0,2021-09-03 10:05:00,10:00:00,True,183,235,93.0,15.0,4.2272727272727275,0.6818181818181818,tp
2021-09-03,h062,10:37:00,long,17494.0,17497.0,22.0,2021-09-03 10:37:00,10:34:00,True,23,52,56.0,16.0,2.5454545454545454,0.7272727272727273,tp
2021-09-03,h062,12:22:00,long,17520.0,17528.0,12.0,2021-09-03 12:22:00,12:21:00,True,21,42,2.0,47.0,0.16666666666666666,3.9166666666666665,sl
2021-09-03,h062,13:08:00,short,17490.0,17483.0,9.0,2021-09-03 13:08:00,13:07:00,True,21,47,2.0,44.0,0.2222222222222222,4.888888888888889,sl
2021-09-06,h062,09:41:00,long,17523.0,17525.0,16.0,2021-09-06 09:41:00,09:40:00,True,19,45,71.0,93.0,4.4375,5.8125,tp
2021-09-06,h062,10:12:00,long,17559.0,17561.0,19.0,2021-09-06 10:12:00,10:07:00,True,28,41,35.0,129.0,1.8421052631578947,6.7894736842105265,tp
2021-09-06,h062,10:56:00,long,17522.0,17523.0,30.0,2021-09-06 10:56:00,10:45:00,True,9,18,73.0,91.0,2.433333333333333,3.033333333333333,tp
2021-09-06,h062,11:53:00,long,17570.0,17579.0,11.0,2021-09-06 11:53:00,11:49:00,True,20,47,17.0,147.0,1.5454545454545454,13.363636363636363,sl
2021-09-06,h062,11:56:00,short,17571.0,17567.0,17.0,2021-09-06 11:56:00,11:55:00,True,15,33,135.0,29.0,7.9411764705882355,1.7058823529411764,sl
2021-09-06,h062,12:52:00,short,17506.0,17502.0,10.0,2021-09-06 12:52:00,12:51:00,True,8,20,70.0,1.0,7.0,0.1,tp
2021-09-06,h062,12:55:00,short,17465.0,17450.0,38.0,2021-09-06 12:55:00,12:53:00,True,31,66,18.0,47.0,0.47368421052631576,1.236842105263158,sl
2021-09-06,h062,13:10:00,short,17447.0,17444.0,39.0,2021-09-06 13:10:00,12:56:00,True,18,33,12.0,53.0,0.3076923076923077,1.358974358974359,sl
2021-09-07,h062,09:30:00,short,17403.0,17401.0,39.0,2021-09-07 09:30:00,09:29:00,True,57,137,64.0,65.0,1.641025641025641,1.6666666666666667,tp
2021-09-07,h062,10:50:00,long,17452.0,17460.0,29.0,2021-09-07 10:50:00,10:43:00,True,34,75,6.0,86.0,0.20689655172413793,2.9655172413793105,sl
2021-09-07,h062,11:49:00,long,17395.0,17396.0,15.0,2021-09-07 11:49:00,11:45:00,True,8,12,62.0,22.0,4.133333333333334,1.4666666666666666,sl
2021-09-07,h062,13:05:00,long,17442.0,17443.0,18.0,2021-09-07 13:05:00,13:04:00,True,18,60,15.0,47.0,0.8333333333333334,2.611111111111111,sl
2021-09-08,h062,10:21:00,short,17301.0,17299.0,14.0,2021-09-08 10:21:00,10:18:00,True,16,40,136.0,37.0,9.714285714285714,2.642857142857143,sl
2021-09-08,h062,11:22:00,long,17272.0,17275.0,16.0,2021-09-08 11:22:00,11:21:00,True,12,25,1.0,112.0,0.0625,7.0,sl
2021-09-08,h062,11:38:00,short,17230.0,17217.0,19.0,2021-09-08 11:38:00,11:34:00,True,24,52,54.0,47.0,2.8421052631578947,2.473684210526316,tp
2021-09-08,h062,12:04:00,long,17242.0,17243.0,34.0,2021-09-08 12:04:00,12:03:00,True,41,72,21.0,80.0,0.6176470588235294,2.3529411764705883,sl
2021-09-08,h062,12:26:00,short,17242.0,17240.0,13.0,2021-09-08 12:26:00,12:25:00,True,5,12,77.0,24.0,5.923076923076923,1.8461538461538463,tp
2021-09-08,h062,12:52:00,short,17184.0,17178.0,20.0,2021-09-08 12:52:00,12:42:00,True,13,22,15.0,86.0,0.75,4.3,sl
2021-09-08,h062,13:27:00,long,17226.0,17229.0,20.0,2021-09-08 13:27:00,13:25:00,True,15,45,35.0,3.0,1.75,0.15,tp
2021-09-09,h062,10:03:00,long,17218.0,17222.0,50.0,2021-09-09 10:03:00,10:00:00,True,24,36,69.0,46.0,1.38,0.92,tp
2021-09-09,h062,12:50:00,short,17203.0,17184.0,18.0,2021-09-09 12:50:00,12:47:00,True,16,36,8.0,74.0,0.4444444444444444,4.111111111111111,sl
2021-09-10,h062,09:33:00,short,17323.0,17317.0,27.0,2021-09-10 09:33:00,09:28:00,True,20,42,11.0,162.0,0.4074074074074074,6.0,sl
2021-09-10,h062,10:17:00,long,17401.0,17406.0,16.0,2021-09-10 10:17:00,10:16:00,True,19,51,73.0,2.0,4.5625,0.125,tp
2021-09-10,h062,10:21:00,long,17424.0,17425.0,16.0,2021-09-10 10:21:00,10:20:00,True,26,67,54.0,18.0,3.375,1.125,tp
2021-09-10,h062,11:44:00,short,17437.0,17436.0,11.0,2021-09-10 11:44:00,11:39:00,False,3,6,29.0,43.0,2.6363636363636362,3.909090909090909,tp
2021-09-10,h062,12:00:00,short,17422.0,17415.0,15.0,2021-09-10 12:00:00,11:59:00,True,27,62,8.0,64.0,0.5333333333333333,4.266666666666667,sl
2021-09-10,h062,12:34:00,long,17435.0,17436.0,17.0,2021-09-10 12:34:00,12:32:00,True,18,22,43.0,11.0,2.5294117647058822,0.6470588235294118,tp
2021-09-10,h062,13:04:00,long,17452.0,17459.0,11.0,2021-09-10 13:04:00,13:01:00,True,12,31,20.0,5.0,1.8181818181818181,0.45454545454545453,tp
2021-09-10,h062,13:06:00,long,17476.0,17477.0,18.0,2021-09-10 13:06:00,13:05:00,True,10,29,0.0,23.0,0.0,1.2777777777777777,sl
2021-09-13,h062,12:31:00,short,17433.0,17431.0,12.0,2021-09-13 12:31:00,12:30:00,True,16,26,28.0,14.0,2.3333333333333335,1.1666666666666667,tp
2021-09-13,h062,12:36:00,long,17427.0,17438.0,12.0,2021-09-13 12:36:00,12:33:00,True,20,38,7.0,35.0,0.5833333333333334,2.9166666666666665,sl
2021-09-13,h062,13:03:00,short,17429.0,17423.0,14.0,2021-09-13 13:03:00,13:00:00,True,8,19,20.0,22.0,1.4285714285714286,1.5714285714285714,tp
2021-09-14,h062,10:12:00,short,17471.0,17470.0,12.0,2021-09-14 10:12:00,10:11:00,True,21,49,44.0,45.0,3.6666666666666665,3.75,sl
2021-09-14,h062,10:36:00,long,17449.0,17451.0,23.0,2021-09-14 10:36:00,10:33:00,True,29,49,64.0,6.0,2.782608695652174,0.2608695652173913,tp
2021-09-14,h062,11:53:00,long,17481.0,17484.0,8.0,2021-09-14 11:53:00,11:52:00,True,7,21,31.0,39.0,3.875,4.875,tp
2021-09-14,h062,11:55:00,long,17494.0,17496.0,10.0,2021-09-14 11:55:00,11:54:00,True,18,41,19.0,51.0,1.9,5.1,tp
2021-09-14,h062,13:09:00,short,17469.0,17466.0,11.0,2021-09-14 13:09:00,13:06:00,True,8,20,21.0,15.0,1.9090909090909092,1.3636363636363635,sl
2021-09-15,h062,09:25:00,short,17343.0,17336.0,38.0,2021-09-15 09:25:00,09:24:00,True,66,146,56.0,81.0,1.4736842105263157,2.1315789473684212,tp
2021-09-15,h062,10:21:00,long,17360.0,17375.0,28.0,2021-09-15 10:21:00,10:15:00,True,83,148,42.0,39.0,1.5,1.3928571428571428,sl
2021-09-15,h062,11:29:00,long,17393.0,17394.0,15.0,2021-09-15 11:29:00,11:28:00,True,23,55,23.0,44.0,1.5333333333333334,2.933333333333333,sl
2021-09-15,h062,12:25:00,short,17379.0,17378.0,9.0,2021-09-15 12:25:00,12:21:00,False,3,7,28.0,39.0,3.111111111111111,4.333333333333333,tp
2021-09-15,h062,12:29:00,short,17357.0,17352.0,13.0,2021-09-15 12:29:00,12:28:00,True,13,28,2.0,65.0,0.15384615384615385,5.0,sl
2021-09-15,h062,12:57:00,long,17406.0,17413.0,20.0,2021-09-15 12:57:00,12:54:00,True,9,25,1.0,34.0,0.05,1.7,sl
2021-09-15,h062,13:17:00,short,17381.0,17379.0,20.0,2021-09-15 13:17:00,13:00:00,True,5,12,0.0,4.0,0.0,0.2,timeout
2021-09-16,h062,09:35:00,long,17282.0,17284.0,23.0,2021-09-16 09:35:00,09:34:00,True,19,58,30.0,93.0,1.3043478260869565,4.043478260869565,tp
2021-09-16,h062,10:05:00,short,17242.0,17235.0,32.0,2021-09-16 10:05:00,10:01:00,True,44,68,44.0,33.0,1.375,1.03125,sl
2021-09-16,h062,11:07:00,long,17237.0,17239.0,17.0,2021-09-16 11:07:00,10:57:00,True,6,9,15.0,48.0,0.8823529411764706,2.823529411764706,sl
2021-09-16,h062,11:31:00,long,17233.0,17234.0,9.0,2021-09-16 11:31:00,11:30:00,True,5,7,20.0,43.0,2.2222222222222223,4.777777777777778,sl
2021-09-16,h062,11:37:00,short,17218.0,17211.0,9.0,2021-09-16 11:37:00,11:36:00,True,37,48,20.0,43.0,2.2222222222222223,4.777777777777778,tp
2021-09-16,h062,12:01:00,long,17209.0,17210.0,18.0,2021-09-16 12:01:00,12:00:00,True,8,14,44.0,17.0,2.4444444444444446,0.9444444444444444,tp
2021-09-16,h062,12:37:00,long,17228.0,17229.0,12.0,2021-09-16 12:37:00,12:36:00,True,13,38,25.0,6.0,2.0833333333333335,0.5,tp
2021-09-16,h062,12:50:00,short,17233.0,17232.0,8.0,2021-09-16 12:50:00,12:41:00,True,8,14,9.0,22.0,1.125,2.75,tp
2021-09-16,h062,13:10:00,short,17236.0,17232.0,14.0,2021-09-16 13:10:00,13:02:00,True,5,9,4.0,22.0,0.2857142857142857,1.5714285714285714,sl
2021-09-16,h062,13:29:00,short,17242.0,17237.0,12.0,2021-09-16 13:29:00,13:21:00,True,8,24,4.0,13.0,0.3333333333333333,1.0833333333333333,sl
2021-09-17,h062,09:34:00,short,17203.0,17201.0,36.0,2021-09-17 09:34:00,09:32:00,True,12,31,36.0,194.0,1.0,5.388888888888889,tp
2021-09-17,h062,09:41:00,long,17202.0,17208.0,29.0,2021-09-17 09:41:00,09:35:00,True,47,72,187.0,0.0,6.448275862068965,0.0,tp
2021-09-17,h062,10:21:00,long,17292.0,17293.0,27.0,2021-09-17 10:21:00,10:20:00,True,18,43,102.0,22.0,3.7777777777777777,0.8148148148148148,tp
2021-09-17,h062,10:44:00,long,17311.0,17315.0,21.0,2021-09-17 10:44:00,10:42:00,True,12,32,80.0,38.0,3.8095238095238093,1.8095238095238095,tp
2021-09-17,h062,10:56:00,long,17332.0,17335.0,18.0,2021-09-17 10:56:00,10:45:00,True,29,45,60.0,58.0,3.3333333333333335,3.2222222222222223,tp
2021-09-17,h062,11:16:00,long,17372.0,17374.0,17.0,2021-09-17 11:16:00,11:05:00,True,60,73,21.0,97.0,1.2352941176470589,5.705882352941177,sl
2021-09-17,h062,12:04:00,long,17388.0,17390.0,13.0,2021-09-17 12:04:00,12:03:00,True,15,37,5.0,113.0,0.38461538461538464,8.692307692307692,sl
2021-09-17,h062,13:26:00,short,17345.0,17337.0,24.0,2021-09-17 13:26:00,13:25:00,True,32,59,60.0,1.0,2.5,0.041666666666666664,tp
2021-09-22,h062,09:46:00,long,16887.0,16890.0,44.0,2021-09-22 09:46:00,09:45:00,True,17,50,32.0,139.0,0.7272727272727273,3.159090909090909,sl
2021-09-22,h062,10:31:00,short,16822.0,16762.0,20.0,2021-09-22 10:31:00,10:30:00,True,237,256,11.0,160.0,0.55,8.0,sl
2021-09-22,h062,10:50:00,long,16792.0,16793.0,38.0,2021-09-22 10:50:00,10:32:00,True,19,41,129.0,0.0,3.3947368421052633,0.0,tp
2021-09-22,h062,11:23:00,long,16857.0,16872.0,31.0,2021-09-22 11:23:00,11:22:00,True,77,99,50.0,45.0,1.6129032258064515,1.4516129032258065,sl
2021-09-22,h062,12:50:00,short,16905.0,16903.0,17.0,2021-09-22 12:50:00,12:49:00,True,8,23,41.0,5.0,2.411764705882353,0.29411764705882354,tp
2021-09-23,h062,09:32:00,long,17085.0,17095.0,51.0,2021-09-23 09:32:00,09:30:00,True,33,81,35.0,65.0,0.6862745098039216,1.2745098039215685,sl
2021-09-23,h062,12:11:00,long,17060.0,17061.0,13.0,2021-09-23 12:11:00,12:01:00,True,10,20,35.0,8.0,2.6923076923076925,0.6153846153846154,tp
2021-09-23,h062,12:30:00,long,17074.0,17088.0,16.0,2021-09-23 12:30:00,12:26:00,True,39,83,8.0,31.0,0.5,1.9375,sl
2021-09-23,h062,13:10:00,short,17082.0,17081.0,13.0,2021-09-23 13:10:00,12:58:00,False,3,6,24.0,8.0,1.8461538461538463,0.6153846153846154,tp
2021-09-24,h062,09:21:00,short,17217.0,17216.0,18.0,2021-09-24 09:21:00,09:15:00,True,10,20,32.0,59.0,1.7777777777777777,3.2777777777777777,sl
2021-09-24,h062,09:27:00,long,17244.0,17247.0,19.0,2021-09-24 09:27:00,09:25:00,True,30,68,28.0,63.0,1.4736842105263157,3.3157894736842106,tp
2021-09-24,h062,11:24:00,long,17245.0,17248.0,18.0,2021-09-24 11:24:00,11:23:00,True,14,36,3.0,50.0,0.16666666666666666,2.7777777777777777,sl
2021-09-24,h062,12:13:00,short,17224.0,17221.0,9.0,2021-09-24 12:13:00,12:12:00,False,3,6,23.0,30.0,2.5555555555555554,3.3333333333333335,tp
2021-09-24,h062,12:30:00,short,17205.0,17204.0,16.0,2021-09-24 12:30:00,12:14:00,True,12,25,6.0,47.0,0.375,2.9375,sl
2021-09-24,h062,13:16:00,long,17219.0,17221.0,14.0,2021-09-24 13:16:00,13:10:00,False,3,10,30.0,6.0,2.142857142857143,0.42857142857142855,tp
2021-09-27,h062,09:32:00,long,17321.0,17322.0,36.0,2021-09-27 09:32:00,09:30:00,True,26,48,22.0,100.0,0.6111111111111112,2.7777777777777777,sl
2021-09-27,h062,10:00:00,short,17325.0,17324.0,19.0,2021-09-27 10:00:00,09:59:00,True,14,21,102.0,17.0,5.368421052631579,0.8947368421052632,tp
2021-09-27,h062,10:34:00,short,17286.0,17283.0,24.0,2021-09-27 10:34:00,10:32:00,True,34,52,61.0,34.0,2.5416666666666665,1.4166666666666667,sl
2021-09-27,h062,11:13:00,long,17293.0,17294.0,15.0,2021-09-27 11:13:00,11:11:00,True,8,13,6.0,72.0,0.4,4.8,sl
2021-09-27,h062,11:29:00,short,17271.0,17261.0,13.0,2021-09-27 11:29:00,11:27:00,True,16,41,39.0,34.0,3.0,2.6153846153846154,sl
2021-09-27,h062,11:53:00,long,17246.0,17248.0,24.0,2021-09-27 11:53:00,11:48:00,True,12,22,47.0,10.0,1.9583333333333333,0.4166666666666667,tp
2021-09-27,h062,13:00:00,long,17247.0,17248.0,7.0,2021-09-27 13:00:00,12:57:00,True,5,8,47.0,9.0,6.714285714285714,1.2857142857142858,tp
2021-09-27,h062,13:26:00,long,17270.0,17272.0,13.0,2021-09-27 13:26:00,13:25:00,True,18,41,23.0,6.0,1.7692307692307692,0.46153846153846156,tp
2021-09-28,h062,09:51:00,long,17137.0,17139.0,48.0,2021-09-28 09:51:00,09:50:00,True,30,67,41.0,53.0,0.8541666666666666,1.1041666666666667,sl
2021-09-28,h062,10:39:00,long,17132.0,17134.0,15.0,2021-09-28 10:39:00,10:38:00,True,10,15,46.0,48.0,3.066666666666667,3.2,tp
2021-09-28,h062,11:22:00,short,17125.0,17115.0,9.0,2021-09-28 11:22:00,11:18:00,True,12,18,29.0,65.0,3.2222222222222223,7.222222222222222,tp
2021-09-28,h062,12:04:00,short,17092.0,17091.0,12.0,2021-09-28 12:04:00,12:02:00,True,12,31,4.0,89.0,0.3333333333333333,7.416666666666667,sl
2021-09-28,h062,12:37:00,long,17115.0,17121.0,8.0,2021-09-28 12:37:00,12:35:00,True,11,14,59.0,4.0,7.375,0.5,tp
2021-09-28,h062,13:14:00,short,17136.0,17135.0,13.0,2021-09-28 13:14:00,13:05:00,True,10,20,1.0,45.0,0.07692307692307693,3.4615384615384617,sl
2021-09-29,h062,10:19:00,short,16860.0,16859.0,32.0,2021-09-29 10:19:00,10:05:00,True,24,49,99.0,50.0,3.09375,1.5625,sl
2021-09-29,h062,10:40:00,short,16890.0,16885.0,18.0,2021-09-29 10:40:00,10:36:00,True,11,35,125.0,3.0,6.944444444444445,0.16666666666666666,tp
2021-09-29,h062,11:53:00,short,16786.0,16785.0,28.0,2021-09-29 11:53:00,11:39:00,True,14,32,25.0,65.0,0.8928571428571429,2.3214285714285716,sl
2021-09-29,h062,12:21:00,long,16823.0,16828.0,20.0,2021-09-29 12:21:00,12:18:00,True,13,40,22.0,68.0,1.1,3.4,tp
2021-09-29,h062,13:03:00,short,16787.0,16786.0,23.0,2021-09-29 13:03:00,13:02:00,True,15,33,26.0,37.0,1.1304347826086956,1.608695652173913,tp
2021-09-30,h062,10:43:00,long,16849.0,16879.0,39.0,2021-09-30 10:43:00,10:16:00,True,89,170,87.0,49.0,2.230769230769231,1.2564102564102564,sl
2021-09-30,h062,11:49:00,short,16881.0,16880.0,11.0,2021-09-30 11:49:00,11:45:00,True,6,18,26.0,86.0,2.3636363636363638,7.818181818181818,tp
2021-09-30,h062,12:32:00,long,16904.0,16907.0,23.0,2021-09-30 12:32:00,12:30:00,True,10,34,59.0,15.0,2.5652173913043477,0.6521739130434783,tp
2021-09-30,h062,12:38:00,long,16924.0,16927.0,21.0,2021-09-30 12:38:00,12:34:00,True,17,28,39.0,35.0,1.8571428571428572,1.6666666666666667,tp
2021-09-30,h062,12:45:00,long,16942.0,16944.0,18.0,2021-09-30 12:45:00,12:43:00,True,30,58,22.0,52.0,1.2222222222222223,2.888888888888889,tp
2021-10-01,h062,10:16:00,long,16592.0,16605.0,34.0,2021-10-01 10:16:00,10:15:00,True,16,51,35.0,190.0,1.0294117647058822,5.588235294117647,tp
2021-10-01,h062,11:16:00,short,16535.0,16532.0,21.0,2021-10-01 11:16:00,11:15:00,True,19,53,117.0,19.0,5.571428571428571,0.9047619047619048,tp
2021-10-01,h062,12:34:00,short,16450.0,16440.0,45.0,2021-10-01 12:34:00,12:32:00,True,39,129,25.0,86.0,0.5555555555555556,1.9111111111111112,sl
2021-10-04,h062,11:15:00,long,16382.0,16394.0,39.0,2021-10-04 11:15:00,11:14:00,True,22,65,42.0,81.0,1.0769230769230769,2.076923076923077,sl
2021-10-04,h062,11:56:00,short,16333.0,16330.0,29.0,2021-10-04 11:56:00,11:55:00,True,16,45,17.0,106.0,0.5862068965517241,3.6551724137931036,sl
2021-10-04,h062,12:32:00,long,16404.0,16408.0,39.0,2021-10-04 12:32:00,12:31:00,True,17,47,28.0,53.0,0.717948717948718,1.358974358974359,sl
2021-10-05,h062,09:40:00,long,16170.0,16180.0,54.0,2021-10-05 09:40:00,09:30:00,True,43,92,244.0,2.0,4.518518518518518,0.037037037037037035,tp
2021-10-05,h062,10:32:00,long,16323.0,16324.0,22.0,2021-10-05 10:32:00,10:31:00,True,13,47,100.0,20.0,4.545454545454546,0.9090909090909091,tp
2021-10-05,h062,11:38:00,long,16357.0,16367.0,25.0,2021-10-05 11:38:00,11:30:00,True,11,23,51.0,35.0,2.04,1.4,sl
2021-10-05,h062,13:26:00,long,16392.0,16395.0,9.0,2021-10-05 13:26:00,13:25:00,True,14,37,23.0,6.0,2.5555555555555554,0.6666666666666666,tp
2021-10-06,h062,10:51:00,short,16286.0,16284.0,20.0,2021-10-06 10:51:00,10:49:00,True,15,30,19.0,105.0,0.95,5.25,sl
2021-10-06,h062,11:54:00,long,16335.0,16345.0,15.0,2021-10-06 11:54:00,11:53:00,True,11,39,44.0,74.0,2.933333333333333,4.933333333333334,tp
2021-10-06,h062,11:59:00,short,16344.0,16343.0,16.0,2021-10-06 11:59:00,11:55:00,True,7,14,72.0,46.0,4.5,2.875,tp
2021-10-06,h062,12:35:00,short,16306.0,16302.0,19.0,2021-10-06 12:35:00,12:31:00,False,4,8,31.0,87.0,1.631578947368421,4.578947368421052,sl
2021-10-06,h062,13:06:00,long,16303.0,16315.0,29.0,2021-10-06 13:06:00,13:00:00,True,16,30,74.0,1.0,2.5517241379310347,0.034482758620689655,tp
2021-10-07,h062,09:22:00,short,16592.0,16577.0,53.0,2021-10-07 09:22:00,09:15:00,True,52,102,3.0,183.0,0.05660377358490566,3.452830188679245,sl
2021-10-07,h062,09:33:00,long,16655.0,16663.0,50.0,2021-10-07 09:33:00,09:29:00,True,99,143,97.0,5.0,1.94,0.1,tp
2021-10-07,h062,10:50:00,long,16755.0,16756.0,14.0,2021-10-07 10:50:00,10:45:00,True,7,19,4.0,65.0,0.2857142857142857,4.642857142857143,sl
2021-10-07,h062,11:15:00,short,16721.0,16720.0,17.0,2021-10-07 11:15:00,11:14:00,True,18,30,29.0,24.0,1.7058823529411764,1.411764705882353,sl
2021-10-07,h062,11:48:00,long,16722.0,16727.0,18.0,2021-10-07 11:48:00,11:47:00,False,3,10,17.0,36.0,0.9444444444444444,2.0,sl
2021-10-07,h062,12:44:00,short,16712.0,16694.0,8.0,2021-10-07 12:44:00,12:43:00,True,27,71,3.0,30.0,0.375,3.75,sl
2021-10-07,h062,12:46:00,long,16706.0,16710.0,15.0,2021-10-07 12:46:00,12:45:00,True,7,17,14.0,17.0,0.9333333333333333,1.1333333333333333,sl
2021-10-08,h062,09:36:00,short,16716.0,16715.0,33.0,2021-10-08 09:36:00,09:32:00,True,10,29,124.0,44.0,3.757575757575758,1.3333333333333333,sl
2021-10-08,h062,11:24:00,short,16684.0,16676.0,20.0,2021-10-08 11:24:00,11:16:00,True,26,44,85.0,10.0,4.25,0.5,tp
2021-10-08,h062,11:43:00,long,16665.0,16672.0,12.0,2021-10-08 11:43:00,11:39:00,True,12,34,1.0,81.0,0.08333333333333333,6.75,sl
2021-10-08,h062,12:07:00,short,16625.0,16624.0,35.0,2021-10-08 12:07:00,11:51:00,True,27,39,33.0,36.0,0.9428571428571428,1.0285714285714285,sl
2021-10-08,h062,12:57:00,short,16608.0,16599.0,14.0,2021-10-08 12:57:00,12:56:00,True,18,51,8.0,29.0,0.5714285714285714,2.0714285714285716,sl
2021-10-12,h062,09:33:00,short,16308.0,16296.0,40.0,2021-10-12 09:33:00,09:29:00,True,37,57,11.0,181.0,0.275,4.525,sl
2021-10-12,h062,10:45:00,long,16436.0,16438.0,21.0,2021-10-12 10:45:00,10:43:00,True,29,57,39.0,77.0,1.8571428571428572,3.6666666666666665,tp
2021-10-12,h062,12:10:00,long,16380.0,16383.0,19.0,2021-10-12 12:10:00,12:05:00,True,11,12,60.0,17.0,3.1578947368421053,0.8947368421052632,tp
2021-10-12,h062,12:27:00,short,16408.0,16407.0,16.0,2021-10-12 12:27:00,12:21:00,False,0,3,41.0,36.0,2.5625,2.25,tp
2021-10-12,h062,13:04:00,long,16420.0,16424.0,16.0,2021-10-12 13:04:00,13:03:00,True,15,26,19.0,12.0,1.1875,0.75,tp
2021-10-13,h062,10:01:00,short,16419.0,16415.0,13.0,2021-10-13 10:01:00,10:00:00,True,13,43,97.0,19.0,7.461538461538462,1.4615384615384615,sl
2021-10-13,h062,11:32:00,short,16375.0,16372.0,20.0,2021-10-13 11:32:00,11:30:00,True,9,25,54.0,20.0,2.7,1.0,tp
2021-10-13,h062,11:42:00,long,16350.0,16351.0,15.0,2021-10-13 11:42:00,11:41:00,True,6,15,41.0,33.0,2.7333333333333334,2.2,sl
2021-10-13,h062,13:00:00,long,16384.0,16388.0,11.0,2021-10-13 13:00:00,12:59:00,True,24,44,2.0,70.0,0.18181818181818182,6.363636363636363,sl
2021-10-15,h062,09:54:00,long,16697.0,16702.0,60.0,2021-10-15 09:54:00,09:52:00,True,57,95,88.0,1.0,1.4666666666666666,0.016666666666666666,tp
2021-10-15,h062,11:49:00,long,16779.0,16782.0,13.0,2021-10-15 11:49:00,11:45:00,True,16,21,8.0,20.0,0.6153846153846154,1.5384615384615385,sl
2021-10-15,h062,12:01:00,short,16779.0,16774.0,10.0,2021-10-15 12:01:00,12:00:00,False,3,10,12.0,16.0,1.2,1.6,sl
2021-10-15,h062,12:29:00,short,16784.0,16783.0,6.0,2021-10-15 12:29:00,12:27:00,False,0,1,21.0,3.0,3.5,0.5,tp
2021-10-15,h062,12:32:00,short,16773.0,16772.0,13.0,2021-10-15 12:32:00,12:30:00,False,0,4,10.0,14.0,0.7692307692307693,1.0769230769230769,sl
2021-10-15,h062,13:04:00,short,16770.0,16768.0,5.0,2021-10-15 13:04:00,13:03:00,True,8,11,6.0,18.0,1.2,3.6,tp
2021-10-15,h062,13:07:00,long,16769.0,16771.0,7.0,2021-10-15 13:07:00,13:05:00,True,5,6,15.0,1.0,2.142857142857143,0.14285714285714285,tp
2021-10-18,h062,11:41:00,short,16755.0,16751.0,32.0,2021-10-18 11:41:00,11:40:00,True,35,70,46.0,31.0,1.4375,0.96875,tp
2021-10-18,h062,13:11:00,short,16724.0,16720.0,17.0,2021-10-18 13:11:00,13:07:00,True,10,26,15.0,24.0,0.8823529411764706,1.411764705882353,sl
2021-10-19,h062,09:38:00,long,16862.0,16876.0,36.0,2021-10-19 09:38:00,09:35:00,True,71,156,78.0,2.0,2.1666666666666665,0.05555555555555555,tp
2021-10-19,h062,12:21:00,long,16918.0,16922.0,18.0,2021-10-19 12:21:00,12:17:00,True,10,27,11.0,24.0,0.6111111111111112,1.3333333333333333,sl
2021-10-19,h062,13:23:00,short,16917.0,16915.0,9.0,2021-10-19 13:23:00,13:11:00,False,3,6,17.0,4.0,1.8888888888888888,0.4444444444444444,tp
2021-10-20,h062,09:21:00,long,16943.0,16947.0,19.0,2021-10-20 09:21:00,09:13:00,True,17,29,40.0,84.0,2.1052631578947367,4.421052631578948,tp
2021-10-20,h062,09:37:00,short,16955.0,16949.0,30.0,2021-10-20 09:37:00,09:31:00,True,14,32,86.0,14.0,2.8666666666666667,0.4666666666666667,tp
2021-10-20,h062,11:18:00,short,16904.0,16892.0,7.0,2021-10-20 11:18:00,11:15:00,True,50,68,29.0,42.0,4.142857142857143,6.0,sl
2021-10-20,h062,12:26:00,long,16915.0,16918.0,5.0,2021-10-20 12:26:00,12:24:00,False,0,4,2.0,55.0,0.4,11.0,sl
2021-10-20,h062,12:33:00,short,16907.0,16904.0,12.0,2021-10-20 12:33:00,12:29:00,True,11,18,41.0,4.0,3.4166666666666665,0.3333333333333333,tp
2021-10-20,h062,12:45:00,short,16890.0,16887.0,10.0,2021-10-20 12:45:00,12:44:00,True,25,34,24.0,17.0,2.4,1.7,sl
2021-10-20,h062,13:03:00,long,16875.0,16883.0,12.0,2021-10-20 13:03:00,13:01:00,True,22,48,6.0,8.0,0.5,0.6666666666666666,timeout
2021-10-21,h062,09:45:00,short,16979.0,16975.0,17.0,2021-10-21 09:45:00,09:40:00,True,32,42,163.0,72.0,9.588235294117647,4.235294117647059,sl
2021-10-21,h062,10:17:00,long,17042.0,17046.0,13.0,2021-10-21 10:17:00,10:15:00,True,23,46,1.0,234.0,0.07692307692307693,18.0,sl
2021-10-21,h062,10:52:00,short,16980.0,16971.0,11.0,2021-10-21 10:52:00,10:49:00,True,50,69,159.0,22.0,14.454545454545455,2.0,sl
2021-10-21,h062,11:20:00,short,16936.0,16923.0,41.0,2021-10-21 11:20:00,11:19:00,True,180,265,111.0,17.0,2.707317073170732,0.4146341463414634,tp
2021-10-21,h062,11:57:00,short,16912.0,16908.0,13.0,2021-10-21 11:57:00,11:56:00,True,12,31,96.0,15.0,7.384615384615385,1.1538461538461537,sl
2021-10-21,h062,12:24:00,short,16877.0,16856.0,37.0,2021-10-21 12:24:00,12:12:00,True,147,199,44.0,18.0,1.1891891891891893,0.4864864864864865,tp
2021-10-21,h062,13:26:00,short,16844.0,16841.0,7.0,2021-10-21 13:26:00,13:25:00,True,16,51,29.0,5.0,4.142857142857143,0.7142857142857143,tp
2021-10-22,h062,10:15:00,short,16807.0,16780.0,36.0,2021-10-22 10:15:00,10:14:00,True,115,199,9.0,133.0,0.25,3.6944444444444446,sl
2021-10-22,h062,11:00:00,long,16835.0,16846.0,23.0,2021-10-22 11:00:00,10:37:00,True,32,66,67.0,7.0,2.9130434782608696,0.30434782608695654,tp
2021-10-22,h062,11:08:00,long,16869.0,16873.0,21.0,2021-10-22 11:08:00,11:06:00,True,14,27,40.0,29.0,1.9047619047619047,1.380952380952381,tp
2021-10-22,h062,11:23:00,long,16905.0,16907.0,25.0,2021-10-22 11:23:00,11:22:00,True,41,95,3.0,63.0,0.12,2.52,sl
2021-10-22,h062,12:43:00,long,16886.0,16891.0,13.0,2021-10-22 12:43:00,12:42:00,True,9,29,13.0,47.0,1.0,3.6153846153846154,tp
2021-10-22,h062,12:46:00,short,16896.0,16890.0,8.0,2021-10-22 12:46:00,12:45:00,False,3,9,46.0,1.0,5.75,0.125,tp
2021-10-22,h062,13:24:00,short,16856.0,16854.0,13.0,2021-10-22 13:24:00,13:16:00,True,9,18,10.0,20.0,0.7692307692307693,1.5384615384615385,sl
2021-10-22,h062,13:29:00,long,16863.0,16865.0,16.0,2021-10-22 13:29:00,13:25:00,True,14,31,9.0,21.0,0.5625,1.3125,sl
2021-10-25,h062,10:24:00,long,16826.0,16827.0,95.0,2021-10-25 10:24:00,09:50:00,True,16,39,103.0,21.0,1.0842105263157895,0.22105263157894736,tp
2021-10-25,h062,10:34:00,long,16850.0,16855.0,19.0,2021-10-25 10:34:00,10:33:00,True,39,76,75.0,19.0,3.9473684210526314,1.0,sl
2021-10-25,h062,10:53:00,short,16853.0,16845.0,24.0,2021-10-25 10:53:00,10:52:00,False,4,8,3.0,85.0,0.125,3.5416666666666665,sl
2021-10-25,h062,11:12:00,long,16885.0,16903.0,20.0,2021-10-25 11:12:00,11:10:00,True,82,146,27.0,49.0,1.35,2.45,tp
2021-10-25,h062,11:41:00,short,16896.0,16895.0,34.0,2021-10-25 11:41:00,11:15:00,False,3,6,41.0,25.0,1.2058823529411764,0.7352941176470589,tp
2021-10-25,h062,12:21:00,short,16895.0,16891.0,7.0,2021-10-25 12:21:00,12:20:00,True,7,20,37.0,26.0,5.285714285714286,3.7142857142857144,sl
2021-10-25,h062,13:06:00,long,16872.0,16880.0,18.0,2021-10-25 13:06:00,13:05:00,True,11,28,25.0,2.0,1.3888888888888888,0.1111111111111111,tp
2021-10-26,h062,09:20:00,long,17008.0,17015.0,33.0,2021-10-26 09:20:00,09:19:00,True,65,116,58.0,67.0,1.7575757575757576,2.0303030303030303,sl
2021-10-26,h062,09:44:00,short,16969.0,16954.0,48.0,2021-10-26 09:44:00,09:42:00,True,62,90,3.0,119.0,0.0625,2.4791666666666665,sl
2021-10-26,h062,10:55:00,long,17046.0,17050.0,33.0,2021-10-26 10:55:00,10:45:00,True,48,62,23.0,38.0,0.696969696969697,1.1515151515151516,sl
2021-10-26,h062,13:01:00,long,17038.0,17040.0,12.0,2021-10-26 13:01:00,13:00:00,True,9,19,9.0,28.0,0.75,2.3333333333333335,sl
2021-10-26,h062,13:26:00,long,17024.0,17027.0,12.0,2021-10-26 13:26:00,13:19:00,False,4,8,22.0,4.0,1.8333333333333333,0.3333333333333333,tp
2021-10-27,h062,10:31:00,short,16966.0,16965.0,16.0,2021-10-27 10:31:00,10:30:00,True,7,15,30.0,123.0,1.875,7.6875,tp
2021-10-27,h062,10:35:00,long,16965.0,16970.0,12.0,2021-10-27 10:35:00,10:32:00,True,6,16,118.0,35.0,9.833333333333334,2.9166666666666665,sl
2021-10-27,h062,10:40:00,long,16953.0,16961.0,18.0,2021-10-27 10:40:00,10:39:00,True,14,28,127.0,9.0,7.055555555555555,0.5,tp
2021-10-27,h062,11:17:00,long,16980.0,16981.0,10.0,2021-10-27 11:17:00,11:14:00,False,3,5,107.0,25.0,10.7,2.5,sl
2021-10-27,h062,11:53:00,long,16988.0,16989.0,13.0,2021-10-27 11:53:00,11:49:00,True,6,12,99.0,13.0,7.615384615384615,1.0,sl
2021-10-27,h062,12:21:00,long,16997.0,16998.0,9.0,2021-10-27 12:21:00,12:20:00,True,7,21,90.0,7.0,10.0,0.7777777777777778,tp
2021-10-27,h062,12:45:00,long,17027.0,17034.0,21.0,2021-10-27 12:45:00,12:41:00,True,19,58,54.0,0.0,2.5714285714285716,0.0,tp
2021-10-27,h062,13:02:00,long,17067.0,17070.0,23.0,2021-10-27 13:02:00,13:00:00,True,16,59,18.0,23.0,0.782608695652174,1.0,sl
2021-10-27,h062,13:26:00,long,17077.0,17085.0,8.0,2021-10-27 13:26:00,13:25:00,True,26,48,3.0,21.0,0.375,2.625,sl
2021-10-28,h062,09:45:00,short,17074.0,17073.0,25.0,2021-10-28 09:45:00,09:38:00,True,15,37,89.0,26.0,3.56,1.04,tp
2021-10-28,h062,10:01:00,long,17061.0,17069.0,21.0,2021-10-28 10:01:00,10:00:00,True,24,46,30.0,85.0,1.4285714285714286,4.0476190476190474,tp
2021-10-28,h062,10:35:00,long,17037.0,17039.0,14.0,2021-10-28 10:35:00,10:33:00,True,10,15,18.0,55.0,1.2857142857142858,3.9285714285714284,sl
2021-10-28,h062,10:53:00,long,17026.0,17030.0,24.0,2021-10-28 10:53:00,10:52:00,True,24,48,27.0,46.0,1.125,1.9166666666666667,sl
2021-10-28,h062,11:51:00,short,17034.0,17033.0,8.0,2021-10-28 11:51:00,11:49:00,True,5,8,49.0,24.0,6.125,3.0,tp
2021-10-28,h062,12:03:00,short,17018.0,17013.0,11.0,2021-10-28 12:03:00,12:00:00,True,11,19,29.0,44.0,2.6363636363636362,4.0,tp
2021-10-28,h062,12:31:00,long,17012.0,17013.0,9.0,2021-10-28 12:31:00,12:30:00,True,5,10,44.0,29.0,4.888888888888889,3.2222222222222223,sl
2021-10-28,h062,12:35:00,long,16995.0,16997.0,11.0,2021-10-28 12:35:00,12:34:00,True,6,15,60.0,2.0,5.454545454545454,0.18181818181818182,tp
2021-10-28,h062,13:02:00,long,17047.0,17050.0,17.0,2021-10-28 13:02:00,13:01:00,True,21,44,7.0,17.0,0.4117647058823529,1.0,sl
2021-10-29,h062,11:06:00,short,16906.0,16902.0,10.0,2021-10-29 11:06:00,11:00:00,False,0,1,9.0,74.0,0.9,7.4,sl
2021-10-29,h062,11:28:00,long,16945.0,16946.0,15.0,2021-10-29 11:28:00,11:23:00,True,8,20,30.0,10.0,2.0,0.6666666666666666,tp
2021-10-29,h062,11:39:00,short,16947.0,16945.0,11.0,2021-10-29 11:39:00,11:35:00,True,6,8,9.0,31.0,0.8181818181818182,2.8181818181818183,sl
2021-10-29,h062,12:01:00,short,16955.0,16945.0,14.0,2021-10-29 12:01:00,12:00:00,False,3,7,7.0,31.0,0.5,2.2142857142857144,sl
2021-10-29,h062,12:23:00,short,16960.0,16958.0,15.0,2021-10-29 12:23:00,12:20:00,False,2,6,20.0,7.0,1.3333333333333333,0.4666666666666667,tp
2021-10-29,h062,13:03:00,long,16945.0,16948.0,7.0,2021-10-29 13:03:00,13:00:00,False,4,11,17.0,8.0,2.4285714285714284,1.1428571428571428,tp
2021-11-01,h062,09:16:00,short,17105.0,17099.0,25.0,2021-11-01 09:16:00,09:15:00,True,15,34,71.0,17.0,2.84,0.68,tp
2021-11-01,h062,10:46:00,long,17055.0,17057.0,27.0,2021-11-01 10:46:00,10:42:00,True,18,31,48.0,4.0,1.7777777777777777,0.14814814814814814,tp
2021-11-01,h062,11:41:00,short,17071.0,17065.0,11.0,2021-11-01 11:41:00,11:38:00,True,7,8,12.0,40.0,1.0909090909090908,3.6363636363636362,sl
2021-11-01,h062,12:28:00,long,17066.0,17069.0,13.0,2021-11-01 12:28:00,12:22:00,False,3,5,36.0,4.0,2.769230769230769,0.3076923076923077,tp
2021-11-01,h062,13:01:00,long,17090.0,17094.0,17.0,2021-11-01 13:01:00,13:00:00,True,22,45,11.0,27.0,0.6470588235294118,1.588235294117647,sl
2021-11-01,h062,13:18:00,short,17094.0,17090.0,8.0,2021-11-01 13:18:00,13:15:00,True,6,14,23.0,1.0,2.875,0.125,tp
2021-11-02,h062,10:06:00,short,17166.0,17157.0,40.0,2021-11-02 10:06:00,09:31:00,True,88,123,153.0,21.0,3.825,0.525,tp
2021-11-02,h062,10:48:00,short,17123.0,17121.0,14.0,2021-11-02 10:48:00,10:45:00,True,12,23,117.0,4.0,8.357142857142858,0.2857142857142857,tp
2021-11-02,h062,11:10:00,short,17088.0,17083.0,15.0,2021-11-02 11:10:00,11:08:00,True,8,19,79.0,11.0,5.266666666666667,0.7333333333333333,tp
2021-11-02,h062,12:26:00,short,17063.0,17062.0,11.0,2021-11-02 12:26:00,12:23:00,False,3,9,58.0,10.0,5.2727272727272725,0.9090909090909091,tp
2021-11-02,h062,12:50:00,long,17050.0,17054.0,14.0,2021-11-02 12:50:00,12:49:00,True,10,16,0.0,50.0,0.0,3.5714285714285716,sl
2021-11-02,h062,12:56:00,long,17040.0,17042.0,17.0,2021-11-02 12:56:00,12:54:00,True,12,30,9.0,38.0,0.5294117647058824,2.235294117647059,sl
2021-11-02,h062,13:11:00,long,17026.0,17030.0,21.0,2021-11-02 13:11:00,13:02:00,True,16,38,21.0,15.0,1.0,0.7142857142857143,tp
2021-11-03,h062,09:25:00,short,17104.0,17096.0,19.0,2021-11-03 09:25:00,09:22:00,True,13,30,56.0,31.0,2.9473684210526314,1.631578947368421,sl
2021-11-03,h062,09:53:00,short,17110.0,17105.0,17.0,2021-11-03 09:53:00,09:51:00,True,6,14,65.0,11.0,3.823529411764706,0.6470588235294118,tp
2021-11-03,h062,10:10:00,long,17068.0,17074.0,13.0,2021-11-03 10:10:00,10:09:00,True,14,42,42.0,34.0,3.230769230769231,2.6153846153846154,tp
2021-11-03,h062,10:38:00,long,17065.0,17071.0,15.0,2021-11-03 10:38:00,10:34:00,True,8,15,45.0,31.0,3.0,2.066666666666667,sl
2021-11-03,h062,11:00:00,long,17054.0,17056.0,14.0,2021-11-03 11:00:00,10:59:00,True,8,21,60.0,5.0,4.285714285714286,0.35714285714285715,tp
2021-11-03,h062,11:58:00,short,17096.0,17091.0,10.0,2021-11-03 11:58:00,11:56:00,False,4,10,11.0,25.0,1.1,2.5,tp
2021-11-03,h062,13:01:00,long,17104.0,17113.0,10.0,2021-11-03 13:01:00,13:00:00,True,30,60,3.0,28.0,0.3,2.8,sl
2021-11-03,h062,13:05:00,short,17102.0,17101.0,14.0,2021-11-03 13:05:00,13:02:00,False,4,9,16.0,5.0,1.1428571428571428,0.35714285714285715,tp
2021-11-04,h062,09:52:00,short,17180.0,17178.0,28.0,2021-11-04 09:52:00,09:37:00,True,9,20,128.0,31.0,4.571428571428571,1.1071428571428572,sl
2021-11-04,h062,10:41:00,short,17179.0,17176.0,14.0,2021-11-04 10:41:00,10:40:00,True,8,17,126.0,7.0,9.0,0.5,tp
2021-11-04,h062,10:55:00,short,17154.0,17152.0,21.0,2021-11-04 10:55:00,10:44:00,True,8,8,102.0,22.0,4.857142857142857,1.0476190476190477,sl
2021-11-04,h062,11:28:00,short,17136.0,17134.0,13.0,2021-11-04 11:28:00,11:26:00,True,11,26,84.0,4.0,6.461538461538462,0.3076923076923077,tp
2021-11-04,h062,11:32:00,short,17124.0,17123.0,14.0,2021-11-04 11:32:00,11:30:00,True,14,23,73.0,8.0,5.214285714285714,0.5714285714285714,tp
2021-11-04,h062,11:39:00,long,17124.0,17126.0,11.0,2021-11-04 11:39:00,11:33:00,True,9,18,5.0,76.0,0.45454545454545453,6.909090909090909,sl
2021-11-04,h062,12:38:00,long,17097.0,17103.0,9.0,2021-11-04 12:38:00,12:36:00,True,10,16,10.0,53.0,1.1111111111111112,5.888888888888889,sl
2021-11-04,h062,13:19:00,short,17082.0,17080.0,12.0,2021-11-04 13:19:00,13:14:00,True,7,14,30.0,23.0,2.5,1.9166666666666667,sl
2021-11-05,h062,10:24:00,long,17184.0,17193.0,24.0,2021-11-05 10:24:00,10:05:00,True,51,66,86.0,12.0,3.5833333333333335,0.5,tp
2021-11-05,h062,11:27:00,short,17190.0,17187.0,10.0,2021-11-05 11:27:00,11:26:00,True,16,34,2.0,92.0,0.2,9.2,sl
2021-11-05,h062,11:51:00,long,17226.0,17233.0,17.0,2021-11-05 11:51:00,11:50:00,True,30,66,46.0,3.0,2.7058823529411766,0.17647058823529413,tp
2021-11-05,h062,13:15:00,long,17264.0,17267.0,4.0,2021-11-05 13:15:00,13:09:00,True,19,52,12.0,5.0,3.0,1.25,tp
2021-11-08,h062,09:29:00,long,17316.0,17319.0,24.0,2021-11-08 09:29:00,09:19:00,True,9,20,106.0,14.0,4.416666666666667,0.5833333333333334,tp
2021-11-08,h062,10:20:00,long,17356.0,17360.0,10.0,2021-11-08 10:20:00,10:18:00,True,17,35,65.0,18.0,6.5,1.8,tp
2021-11-08,h062,11:34:00,short,17366.0,17360.0,11.0,2021-11-08 11:34:00,11:30:00,True,5,13,1.0,65.0,0.09090909090909091,5.909090909090909,sl
2021-11-08,h062,12:08:00,short,17376.0,17375.0,9.0,2021-11-08 12:08:00,12:05:00,False,0,2,9.0,50.0,1.0,5.555555555555555,sl
2021-11-08,h062,12:46:00,short,17383.0,17378.0,6.0,2021-11-08 12:46:00,12:43:00,True,6,9,7.0,47.0,1.1666666666666667,7.833333333333333,sl
2021-11-08,h062,13:16:00,long,17390.0,17391.0,7.0,2021-11-08 13:16:00,13:15:00,True,6,14,34.0,5.0,4.857142857142857,0.7142857142857143,tp
2021-11-08,h062,13:22:00,long,17405.0,17406.0,10.0,2021-11-08 13:22:00,13:21:00,True,16,27,19.0,7.0,1.9,0.7,tp
2021-11-09,h062,10:22:00,short,17561.0,17560.0,30.0,2021-11-09 10:22:00,10:13:00,True,5,10,41.0,33.0,1.3666666666666667,1.1,sl
2021-11-09,h062,10:59:00,short,17585.0,17582.0,8.0,2021-11-09 10:59:00,10:58:00,False,0,4,63.0,4.0,7.875,0.5,tp
2021-11-09,h062,11:37:00,short,17540.0,17535.0,21.0,2021-11-09 11:37:00,11:36:00,True,20,38,16.0,45.0,0.7619047619047619,2.142857142857143,sl
2021-11-09,h062,11:41:00,long,17537.0,17538.0,12.0,2021-11-09 11:41:00,11:38:00,True,12,28,42.0,14.0,3.5,1.1666666666666667,sl
2021-11-09,h062,12:39:00,long,17566.0,17569.0,9.0,2021-11-09 12:39:00,12:33:00,True,7,17,11.0,24.0,1.2222222222222223,2.6666666666666665,tp
2021-11-09,h062,13:19:00,long,17569.0,17571.0,16.0,2021-11-09 13:19:00,12:58:00,True,9,23,4.0,26.0,0.25,1.625,sl
2021-11-10,h062,10:26:00,long,17540.0,17541.0,31.0,2021-11-10 10:26:00,10:12:00,True,14,24,31.0,45.0,1.0,1.4516129032258065,sl
2021-11-10,h062,11:02:00,short,17507.0,17502.0,11.0,2021-11-10 11:02:00,11:01:00,True,21,50,6.0,70.0,0.5454545454545454,6.363636363636363,sl
2021-11-10,h062,12:02:00,long,17535.0,17541.0,10.0,2021-11-10 12:02:00,12:00:00,True,18,44,31.0,23.0,3.1,2.3,sl
2021-11-10,h062,13:03:00,long,17560.0,17562.0,36.0,2021-11-10 13:03:00,12:14:00,True,7,13,10.0,24.0,0.2777777777777778,0.6666666666666666,timeout
2021-11-11,h062,10:23:00,long,17510.0,17513.0,14.0,2021-11-11 10:23:00,10:22:00,True,17,45,24.0,79.0,1.7142857142857142,5.642857142857143,sl
2021-11-11,h062,11:14:00,short,17512.0,17511.0,16.0,2021-11-11 11:14:00,11:08:00,False,3,9,77.0,26.0,4.8125,1.625,sl
2021-11-11,h062,11:30:00,short,17520.0,17518.0,14.0,2021-11-11 11:30:00,11:29:00,False,4,10,84.0,19.0,6.0,1.3571428571428572,sl
2021-11-11,h062,12:10:00,short,17505.0,17504.0,10.0,2021-11-11 12:10:00,12:08:00,True,6,9,70.0,0.0,7.0,0.0,tp
2021-11-11,h062,12:26:00,short,17466.0,17461.0,13.0,2021-11-11 12:26:00,12:25:00,True,18,50,27.0,19.0,2.076923076923077,1.4615384615384615,tp
2021-11-12,h062,09:43:00,long,17596.0,17611.0,36.0,2021-11-12 09:43:00,09:39:00,True,89,154,27.0,120.0,0.75,3.3333333333333335,sl
2021-11-12,h062,09:49:00,short,17616.0,17602.0,22.0,2021-11-12 09:49:00,09:45:00,True,33,59,111.0,27.0,5.045454545454546,1.2272727272727273,sl
2021-11-12,h062,10:27:00,short,17621.0,17613.0,8.0,2021-11-12 10:27:00,10:25:00,False,2,7,122.0,15.0,15.25,1.875,tp
2021-11-12,h062,11:05:00,short,17601.0,17579.0,13.0,2021-11-12 11:05:00,10:56:00,True,63,77,88.0,1.0,6.769230769230769,0.07692307692307693,tp
2021-11-12,h062,11:10:00,short,17542.0,17541.0,38.0,2021-11-12 11:10:00,11:06:00,True,13,42,50.0,22.0,1.3157894736842106,0.5789473684210527,tp
2021-11-12,h062,11:36:00,long,17550.0,17554.0,23.0,2021-11-12 11:36:00,11:35:00,True,12,28,9.0,63.0,0.391304347826087,2.739130434782609,sl
2021-11-12,h062,11:57:00,short,17523.0,17516.0,11.0,2021-11-12 11:57:00,11:56:00,True,40,51,25.0,31.0,2.272727272727273,2.8181818181818183,tp
2021-11-12,h062,12:01:00,long,17514.0,17519.0,9.0,2021-11-12 12:01:00,12:00:00,True,9,22,28.0,28.0,3.111111111111111,3.111111111111111,sl
2021-11-12,h062,12:49:00,long,17533.0,17534.0,15.0,2021-11-12 12:49:00,12:48:00,True,8,22,13.0,25.0,0.8666666666666667,1.6666666666666667,sl
2021-11-12,h062,13:02:00,short,17533.0,17532.0,12.0,2021-11-12 13:02:00,12:51:00,True,5,9,23.0,15.0,1.9166666666666667,1.25,tp
2021-11-15,h062,10:25:00,short,17653.0,17652.0,16.0,2021-11-15 10:25:00,10:20:00,True,14,22,49.0,25.0,3.0625,1.5625,sl
2021-11-15,h062,11:05:00,long,17649.0,17658.0,15.0,2021-11-15 11:05:00,10:58:00,True,9,21,17.0,55.0,1.1333333333333333,3.6666666666666665,sl
2021-11-15,h062,11:36:00,long,17665.0,17667.0,13.0,2021-11-15 11:36:00,11:33:00,False,0,2,8.0,64.0,0.6153846153846154,4.923076923076923,sl
2021-11-15,h062,11:58:00,long,17652.0,17653.0,15.0,2021-11-15 11:58:00,11:55:00,True,7,13,22.0,50.0,1.4666666666666666,3.3333333333333335,tp
2021-11-15,h062,12:23:00,short,17636.0,17629.0,14.0,2021-11-15 12:23:00,12:22:00,True,62,79,26.0,46.0,1.8571428571428572,3.2857142857142856,tp
2021-11-15,h062,12:38:00,short,17610.0,17609.0,24.0,2021-11-15 12:38:00,12:26:00,True,7,19,6.0,66.0,0.25,2.75,sl
2021-11-16,h062,10:00:00,short,17695.0,17694.0,16.0,2021-11-16 10:00:00,09:47:00,True,5,8,36.0,23.0,2.25,1.4375,tp
2021-11-16,h062,10:54:00,short,17708.0,17706.0,9.0,2021-11-16 10:54:00,10:52:00,False,0,3,48.0,11.0,5.333333333333333,1.2222222222222223,sl
2021-11-16,h062,11:01:00,short,17694.0,17691.0,23.0,2021-11-16 11:01:00,11:00:00,True,7,16,33.0,17.0,1.434782608695652,0.7391304347826086,tp
2021-11-16,h062,11:38:00,short,17677.0,17673.0,8.0,2021-11-16 11:38:00,11:35:00,True,10,17,15.0,28.0,1.875,3.5,tp
2021-11-16,h062,11:43:00,long,17667.0,17670.0,9.0,2021-11-16 11:43:00,11:42:00,True,7,15,31.0,5.0,3.4444444444444446,0.5555555555555556,tp
2021-11-16,h062,12:24:00,short,17674.0,17672.0,9.0,2021-11-16 12:24:00,12:22:00,True,6,8,4.0,29.0,0.4444444444444444,3.2222222222222223,sl
2021-11-16,h062,12:43:00,long,17694.0,17695.0,15.0,2021-11-16 12:43:00,12:39:00,True,17,32,6.0,15.0,0.4,1.0,sl
2021-11-16,h062,13:03:00,short,17694.0,17690.0,5.0,2021-11-16 13:03:00,13:02:00,True,7,10,10.0,11.0,2.0,2.2,tp
2021-11-17,h062,10:02:00,short,17714.0,17703.0,23.0,2021-11-17 10:02:00,09:51:00,True,20,36,25.0,58.0,1.0869565217391304,2.5217391304347827,tp
2021-11-17,h062,10:05:00,short,17690.0,17682.0,15.0,2021-11-17 10:05:00,10:03:00,True,26,58,4.0,79.0,0.26666666666666666,5.266666666666667,sl
2021-11-17,h062,10:57:00,long,17725.0,17726.0,3.0,2021-11-17 10:57:00,10:55:00,False,3,12,35.0,16.0,11.666666666666666,5.333333333333333,tp
2021-11-17,h062,11:02:00,long,17741.0,17742.0,13.0,2021-11-17 11:02:00,11:00:00,True,18,48,19.0,32.0,1.4615384615384615,2.4615384615384617,tp
2021-11-17,h062,11:05:00,long,17747.0,17750.0,11.0,2021-11-17 11:05:00,11:03:00,True,17,38,11.0,40.0,1.0,3.6363636363636362,sl
2021-11-17,h062,12:23:00,short,17755.0,17751.0,6.0,2021-11-17 12:23:00,12:19:00,False,4,9,41.0,1.0,6.833333333333333,0.16666666666666666,tp
2021-11-17,h062,12:29:00,long,17744.0,17746.0,9.0,2021-11-17 12:29:00,12:26:00,True,15,23,0.0,36.0,0.0,4.0,sl
2021-11-17,h062,13:02:00,short,17722.0,17721.0,13.0,2021-11-17 13:02:00,13:00:00,True,16,41,11.0,13.0,0.8461538461538461,1.0,sl
2021-11-17,h062,13:06:00,long,17723.0,17725.0,13.0,2021-11-17 13:06:00,13:03:00,True,20,48,2.0,6.0,0.15384615384615385,0.46153846153846156,timeout
2021-11-18,h062,09:28:00,long,17808.0,17811.0,22.0,2021-11-18 09:28:00,09:13:00,True,72,96,57.0,46.0,2.590909090909091,2.090909090909091,sl
2021-11-18,h062,10:09:00,short,17779.0,17777.0,14.0,2021-11-18 10:09:00,10:07:00,True,14,32,12.0,91.0,0.8571428571428571,6.5,sl
2021-11-18,h062,11:36:00,long,17827.0,17831.0,10.0,2021-11-18 11:36:00,11:35:00,True,67,88,37.0,14.0,3.7,1.4,tp
2021-11-18,h062,11:53:00,long,17843.0,17844.0,10.0,2021-11-18 11:53:00,11:38:00,True,34,50,24.0,27.0,2.4,2.7,sl
2021-11-18,h062,12:36:00,short,17828.0,17826.0,6.0,2021-11-18 12:36:00,12:34:00,False,3,5,9.0,42.0,1.5,7.0,tp
2021-11-18,h062,13:08:00,long,17849.0,17850.0,11.0,2021-11-18 13:08:00,13:05:00,True,13,31,18.0,3.0,1.6363636363636365,0.2727272727272727,tp
2021-11-19,h062,09:51:00,short,17880.0,17877.0,17.0,2021-11-19 09:51:00,09:45:00,True,24,56,64.0,23.0,3.764705882352941,1.3529411764705883,sl
2021-11-19,h062,11:26:00,short,17853.0,17852.0,9.0,2021-11-19 11:26:00,11:23:00,True,5,7,39.0,3.0,4.333333333333333,0.3333333333333333,tp
2021-11-19,h062,11:30:00,short,17830.0,17825.0,13.0,2021-11-19 11:30:00,11:28:00,True,14,31,12.0,30.0,0.9230769230769231,2.3076923076923075,sl
2021-11-19,h062,12:23:00,short,17844.0,17842.0,11.0,2021-11-19 12:23:00,12:22:00,True,6,11,26.0,13.0,2.3636363636363638,1.1818181818181819,tp
2021-11-22,h062,09:52:00,long,17863.0,17865.0,21.0,2021-11-22 09:52:00,09:51:00,True,12,34,11.0,50.0,0.5238095238095238,2.380952380952381,sl
2021-11-22,h062,11:41:00,long,17838.0,17849.0,10.0,2021-11-22 11:41:00,11:31:00,True,12,33,27.0,33.0,2.7,3.3,tp
2021-11-22,h062,11:45:00,short,17847.0,17845.0,7.0,2021-11-22 11:45:00,11:42:00,False,0,4,29.0,31.0,4.142857142857143,4.428571428571429,sl
2021-11-22,h062,12:11:00,long,17869.0,17874.0,19.0,2021-11-22 12:11:00,12:10:00,True,30,53,2.0,58.0,0.10526315789473684,3.0526315789473686,sl
2021-11-22,h062,12:48:00,long,17852.0,17857.0,4.0,2021-11-22 12:48:00,12:39:00,True,13,17,1.0,41.0,0.25,10.25,sl
2021-11-22,h062,13:02:00,long,17844.0,17849.0,9.0,2021-11-22 13:02:00,13:00:00,True,12,17,1.0,33.0,0.1111111111111111,3.6666666666666665,sl
2021-11-23,h062,10:58:00,long,17686.0,17688.0,32.0,2021-11-23 10:58:00,10:42:00,True,8,13,32.0,50.0,1.0,1.5625,tp
2021-11-23,h062,11:27:00,long,17713.0,17714.0,9.0,2021-11-23 11:27:00,11:26:00,True,12,14,6.0,76.0,0.6666666666666666,8.444444444444445,sl
2021-11-23,h062,12:23:00,short,17682.0,17678.0,15.0,2021-11-23 12:23:00,12:18:00,True,8,9,40.0,14.0,2.6666666666666665,0.9333333333333333,tp
2021-11-23,h062,12:46:00,long,17674.0,17675.0,12.0,2021-11-23 12:46:00,12:43:00,False,0,4,4.0,37.0,0.3333333333333333,3.0833333333333335,sl
2021-11-23,h062,13:11:00,short,17656.0,17650.0,8.0,2021-11-23 13:11:00,13:10:00,True,23,55,12.0,14.0,1.5,1.75,tp
2021-11-23,h062,13:17:00,short,17648.0,17646.0,7.0,2021-11-23 13:17:00,13:12:00,True,9,15,8.0,18.0,1.1428571428571428,2.5714285714285716,tp
2021-11-24,h062,11:22:00,long,17622.0,17624.0,20.0,2021-11-24 11:22:00,11:05:00,True,6,15,60.0,17.0,3.0,0.85,tp
2021-11-24,h062,13:04:00,long,17645.0,17652.0,17.0,2021-11-24 13:04:00,13:01:00,True,15,43,32.0,2.0,1.8823529411764706,0.11764705882352941,tp
2021-11-25,h062,10:02:00,long,17635.0,17636.0,21.0,2021-11-25 10:02:00,10:00:00,False,4,11,51.0,22.0,2.4285714285714284,1.0476190476190477,tp
2021-11-25,h062,10:34:00,short,17653.0,17650.0,15.0,2021-11-25 10:34:00,10:33:00,True,7,23,36.0,37.0,2.4,2.466666666666667,tp
2021-11-25,h062,11:21:00,long,17673.0,17675.0,13.0,2021-11-25 11:21:00,11:19:00,True,15,27,12.0,39.0,0.9230769230769231,3.0,sl
2021-11-25,h062,11:27:00,short,17674.0,17672.0,9.0,2021-11-25 11:27:00,11:22:00,False,3,5,36.0,10.0,4.0,1.1111111111111112,tp
2021-11-25,h062,12:46:00,short,17667.0,17665.0,11.0,2021-11-25 12:46:00,12:35:00,True,5,7,29.0,17.0,2.6363636363636362,1.5454545454545454,tp
2021-11-25,h062,12:56:00,long,17652.0,17654.0,8.0,2021-11-25 12:56:00,12:53:00,False,3,7,28.0,18.0,3.5,2.25,sl
2021-11-25,h062,13:01:00,long,17644.0,17645.0,8.0,2021-11-25 13:01:00,13:00:00,True,7,15,37.0,1.0,4.625,0.125,tp
2021-11-26,h062,09:38:00,short,17434.0,17432.0,39.0,2021-11-26 09:38:00,09:35:00,True,10,37,125.0,41.0,3.2051282051282053,1.0512820512820513,sl
2021-11-26,h062,10:12:00,short,17393.0,17391.0,34.0,2021-11-26 10:12:00,10:11:00,True,13,46,84.0,21.0,2.4705882352941178,0.6176470588235294,tp
2021-11-26,h062,11:16:00,short,17366.0,17362.0,15.0,2021-11-26 11:16:00,11:13:00,True,7,17,55.0,5.0,3.6666666666666665,0.3333333333333333,tp
2021-11-26,h062,12:09:00,short,17323.0,17317.0,22.0,2021-11-26 12:09:00,12:03:00,True,16,29,10.0,37.0,0.45454545454545453,1.6818181818181819,sl
2021-11-26,h062,12:38:00,long,17345.0,17347.0,15.0,2021-11-26 12:38:00,12:30:00,True,15,25,7.0,40.0,0.4666666666666667,2.6666666666666665,sl
2021-11-26,h062,13:07:00,short,17326.0,17323.0,21.0,2021-11-26 13:07:00,13:05:00,True,6,10,16.0,26.0,0.7619047619047619,1.2380952380952381,sl
2021-11-29,h062,09:25:00,short,17218.0,17207.0,29.0,2021-11-29 09:25:00,09:24:00,True,33,91,23.0,209.0,0.7931034482758621,7.206896551724138,sl
2021-11-29,h062,10:40:00,short,17369.0,17359.0,25.0,2021-11-29 10:40:00,10:36:00,True,12,32,68.0,57.0,2.72,2.28,sl
2021-11-29,h062,11:08:00,long,17400.0,17412.0,13.0,2021-11-29 11:08:00,10:57:00,True,19,44,4.0,121.0,0.3076923076923077,9.307692307692308,sl
2021-11-29,h062,12:05:00,long,17369.0,17373.0,23.0,2021-11-29 12:05:00,11:59:00,True,6,12,22.0,82.0,0.9565217391304348,3.5652173913043477,sl
2021-11-29,h062,12:43:00,short,17372.0,17369.0,21.0,2021-11-29 12:43:00,12:17:00,True,6,12,78.0,7.0,3.7142857142857144,0.3333333333333333,tp
2021-11-29,h062,12:58:00,short,17343.0,17342.0,13.0,2021-11-29 12:58:00,12:54:00,False,2,6,51.0,2.0,3.923076923076923,0.15384615384615385,tp
2021-11-30,h062,09:59:00,short,17491.0,17481.0,29.0,2021-11-30 09:59:00,09:55:00,True,9,18,169.0,41.0,5.827586206896552,1.4137931034482758,sl
2021-11-30,h062,10:29:00,short,17475.0,17467.0,16.0,2021-11-30 10:29:00,10:26:00,True,12,20,155.0,28.0,9.6875,1.75,sl
2021-11-30,h062,10:48:00,long,17473.0,17478.0,18.0,2021-11-30 10:48:00,10:30:00,True,17,27,17.0,166.0,0.9444444444444444,9.222222222222221,sl
2021-11-30,h062,11:16:00,short,17465.0,17459.0,19.0,2021-11-30 11:16:00,11:15:00,True,5,14,147.0,27.0,7.7368421052631575,1.4210526315789473,sl
2021-11-30,h062,12:07:00,short,17466.0,17465.0,11.0,2021-11-30 12:07:00,12:02:00,False,0,3,153.0,21.0,13.909090909090908,1.9090909090909092,sl
2021-11-30,h062,12:26:00,short,17476.0,17475.0,10.0,2021-11-30 12:26:00,12:22:00,False,0,3,163.0,8.0,16.3,0.8,tp
2021-11-30,h062,13:05:00,short,17457.0,17446.0,7.0,2021-11-30 13:05:00,13:04:00,True,15,38,134.0,-1.0,19.142857142857142,-0.14285714285714285,tp
2021-11-30,h062,13:09:00,short,17429.0,17420.0,16.0,2021-11-30 13:09:00,13:06:00,True,11,34,108.0,5.0,6.75,0.3125,tp
2021-11-30,h062,13:12:00,short,17409.0,17408.0,16.0,2021-11-30 13:12:00,13:10:00,True,19,48,96.0,4.0,6.0,0.25,tp
2021-11-30,h062,13:21:00,short,17339.0,17327.0,25.0,2021-11-30 13:21:00,13:19:00,True,21,68,15.0,38.0,0.6,1.52,sl
2021-12-01,h062,10:29:00,long,17480.0,17482.0,12.0,2021-12-01 10:29:00,10:26:00,True,16,32,135.0,10.0,11.25,0.8333333333333334,tp
2021-12-01,h062,10:55:00,long,17498.0,17502.0,17.0,2021-12-01 10:55:00,10:50:00,True,23,29,115.0,26.0,6.764705882352941,1.5294117647058822,sl
2021-12-01,h062,12:02:00,long,17520.0,17522.0,13.0,2021-12-01 12:02:00,12:00:00,True,10,19,95.0,2.0,7.3076923076923075,0.15384615384615385,tp
2021-12-01,h062,12:23:00,long,17548.0,17549.0,18.0,2021-12-01 12:23:00,12:22:00,True,13,33,68.0,7.0,3.7777777777777777,0.3888888888888889,tp
2021-12-01,h062,12:50:00,long,17585.0,17593.0,17.0,2021-12-01 12:50:00,12:43:00,True,28,60,24.0,27.0,1.411764705882353,1.588235294117647,tp
2021-12-02,h062,11:35:00,short,17653.0,17652.0,21.0,2021-12-02 11:35:00,11:31:00,False,0,4,22.0,55.0,1.0476190476190477,2.619047619047619,tp
2021-12-02,h062,12:03:00,long,17682.0,17684.0,18.0,2021-12-02 12:03:00,12:00:00,True,5,11,23.0,34.0,1.2777777777777777,1.8888888888888888,sl
2021-12-03,h062,09:32:00,short,17643.0,17634.0,23.0,2021-12-03 09:32:00,09:30:00,True,9,27,13.0,111.0,0.5652173913043478,4.826086956521739,sl
2021-12-03,h062,09:47:00,long,17643.0,17650.0,22.0,2021-12-03 09:47:00,09:45:00,True,12,35,95.0,13.0,4.318181818181818,0.5909090909090909,tp
2021-12-03,h062,10:46:00,long,17687.0,17696.0,9.0,2021-12-03 10:46:00,10:45:00,True,11,32,49.0,15.0,5.444444444444445,1.6666666666666667,tp
2021-12-03,h062,10:53:00,short,17697.0,17690.0,21.0,2021-12-03 10:53:00,10:48:00,True,11,18,9.0,55.0,0.42857142857142855,2.619047619047619,sl
2021-12-03,h062,11:17:00,short,17708.0,17707.0,20.0,2021-12-03 11:17:00,11:16:00,True,10,22,6.0,38.0,0.3,1.9,sl
2021-12-03,h062,11:46:00,long,17741.0,17743.0,12.0,2021-12-03 11:46:00,11:45:00,True,12,31,2.0,42.0,0.16666666666666666,3.5,sl
2021-12-03,h062,12:06:00,short,17725.0,17721.0,17.0,2021-12-03 12:06:00,11:48:00,True,5,9,20.0,14.0,1.1764705882352942,0.8235294117647058,tp
2021-12-03,h062,12:35:00,short,17710.0,17708.0,20.0,2021-12-03 12:35:00,12:28:00,True,8,10,7.0,27.0,0.35,1.35,sl
2021-12-03,h062,12:44:00,long,17733.0,17734.0,13.0,2021-12-03 12:44:00,12:41:00,False,3,8,1.0,33.0,0.07692307692307693,2.5384615384615383,sl
2021-12-03,h062,13:26:00,short,17726.0,17715.0,7.0,2021-12-03 13:26:00,13:25:00,True,16,29,13.0,4.0,1.8571428571428572,0.5714285714285714,tp
2021-12-06,h062,10:26:00,long,17678.0,17681.0,24.0,2021-12-06 10:26:00,10:15:00,False,4,11,55.0,15.0,2.2916666666666665,0.625,tp
2021-12-06,h062,11:09:00,long,17702.0,17703.0,13.0,2021-12-06 11:09:00,11:06:00,True,6,15,33.0,33.0,2.5384615384615383,2.5384615384615383,tp
2021-12-06,h062,11:11:00,long,17710.0,17713.0,10.0,2021-12-06 11:11:00,11:10:00,True,12,33,23.0,43.0,2.3,4.3,sl
2021-12-06,h062,11:49:00,short,17694.0,17680.0,14.0,2021-12-06 11:49:00,11:48:00,True,46,67,7.0,56.0,0.5,4.0,sl
2021-12-06,h062,12:10:00,short,17721.0,17717.0,15.0,2021-12-06 12:10:00,12:00:00,True,6,10,44.0,1.0,2.933333333333333,0.06666666666666667,tp
2021-12-06,h062,12:50:00,short,17687.0,17686.0,10.0,2021-12-06 12:50:00,12:48:00,True,10,18,13.0,13.0,1.3,1.3,tp
2021-12-06,h062,13:07:00,short,17685.0,17684.0,14.0,2021-12-06 13:07:00,13:02:00,False,0,4,11.0,14.0,0.7857142857142857,1.0,sl
2021-12-07,h062,09:34:00,short,17605.0,17598.0,44.0,2021-12-07 09:34:00,09:30:00,True,44,96,12.0,201.0,0.2727272727272727,4.568181818181818,sl
2021-12-07,h062,11:07:00,short,17643.0,17639.0,11.0,2021-12-07 11:07:00,11:06:00,False,0,4,7.0,160.0,0.6363636363636364,14.545454545454545,sl
2021-12-07,h062,12:01:00,long,17658.0,17665.0,9.0,2021-12-07 12:01:00,12:00:00,True,40,44,134.0,9.0,14.88888888888889,1.0,sl
2021-12-07,h062,12:39:00,short,17678.0,17676.0,7.0,2021-12-07 12:39:00,12:34:00,False,3,5,8.0,123.0,1.1428571428571428,17.571428571428573,sl
2021-12-07,h062,13:11:00,long,17696.0,17699.0,12.0,2021-12-07 13:11:00,13:10:00,True,10,37,100.0,1.0,8.333333333333334,0.08333333333333333,tp
2021-12-07,h062,13:14:00,long,17714.0,17730.0,13.0,2021-12-07 13:14:00,13:13:00,True,32,72,69.0,4.0,5.3076923076923075,0.3076923076923077,tp
2021-12-07,h062,13:26:00,long,17755.0,17761.0,29.0,2021-12-07 13:26:00,13:15:00,True,16,39,38.0,5.0,1.3103448275862069,0.1724137931034483,tp
2021-12-08,h062,09:45:00,short,17948.0,17930.0,35.0,2021-12-08 09:45:00,09:16:00,True,63,93,90.0,13.0,2.5714285714285716,0.37142857142857144,tp
2021-12-08,h062,11:13:00,long,17925.0,17927.0,15.0,2021-12-08 11:13:00,11:06:00,False,4,6,0.0,87.0,0.0,5.8,sl
2021-12-08,h062,11:37:00,short,17906.0,17898.0,8.0,2021-12-08 11:37:00,11:35:00,True,25,32,58.0,15.0,7.25,1.875,tp
2021-12-08,h062,11:39:00,short,17881.0,17878.0,17.0,2021-12-08 11:39:00,11:38:00,True,15,42,38.0,35.0,2.235294117647059,2.0588235294117645,tp
2021-12-08,h062,12:11:00,long,17869.0,17871.0,9.0,2021-12-08 12:11:00,12:09:00,False,4,6,42.0,31.0,4.666666666666667,3.4444444444444446,tp
2021-12-08,h062,13:05:00,long,17907.0,17913.0,15.0,2021-12-08 13:05:00,13:03:00,True,17,28,-2.0,73.0,-0.13333333333333333,4.866666666666666,sl
2021-12-09,h062,09:31:00,short,17917.0,17916.0,25.0,2021-12-09 09:31:00,09:23:00,True,17,37,104.0,8.0,4.16,0.32,tp
2021-12-09,h062,10:29:00,long,17917.0,17920.0,19.0,2021-12-09 10:29:00,10:28:00,True,16,40,4.0,108.0,0.21052631578947367,5.684210526315789,sl
2021-12-09,h062,11:22:00,short,17911.0,17910.0,13.0,2021-12-09 11:22:00,11:12:00,False,0,3,98.0,2.0,7.538461538461538,0.15384615384615385,tp
2021-12-09,h062,11:26:00,short,17889.0,17884.0,18.0,2021-12-09 11:26:00,11:24:00,False,4,9,72.0,28.0,4.0,1.5555555555555556,tp
2021-12-09,h062,11:29:00,long,17888.0,17890.0,8.0,2021-12-09 11:29:00,11:27:00,True,12,22,22.0,78.0,2.75,9.75,sl
2021-12-09,h062,11:48:00,short,17867.0,17866.0,8.0,2021-12-09 11:48:00,11:45:00,False,3,6,54.0,46.0,6.75,5.75,sl
2021-12-09,h062,12:00:00,short,17847.0,17840.0,12.0,2021-12-09 12:00:00,11:58:00,True,95,141,28.0,72.0,2.3333333333333335,6.0,tp
2021-12-10,h062,09:13:00,short,17780.0,17776.0,32.0,2021-12-10 09:13:00,09:12:00,True,25,54,11.0,98.0,0.34375,3.0625,sl
2021-12-10,h062,10:14:00,long,17872.0,17874.0,16.0,2021-12-10 10:14:00,10:13:00,True,14,32,0.0,63.0,0.0,3.9375,sl
2021-12-10,h062,11:40:00,short,17836.0,17835.0,11.0,2021-12-10 11:40:00,11:38:00,True,5,9,24.0,27.0,2.1818181818181817,2.4545454545454546,sl
2021-12-10,h062,12:45:00,long,17846.0,17847.0,12.0,2021-12-10 12:45:00,12:41:00,True,7,15,15.0,36.0,1.25,3.0,sl
2021-12-13,h062,09:47:00,short,17902.0,17899.0,16.0,2021-12-13 09:47:00,09:45:00,False,4,10,156.0,22.0,9.75,1.375,sl
2021-12-13,h062,10:13:00,long,17871.0,17873.0,10.0,2021-12-13 10:13:00,10:09:00,True,5,12,2.0,130.0,0.2,13.0,sl
2021-12-13,h062,10:32:00,short,17848.0,17846.0,11.0,2021-12-13 10:32:00,10:31:00,True,5,12,103.0,27.0,9.363636363636363,2.4545454545454546,tp
2021-12-13,h062,12:02:00,long,17863.0,17871.0,10.0,2021-12-13 12:02:00,11:51:00,True,11,19,2.0,128.0,0.2,12.8,sl
2021-12-13,h062,12:42:00,short,17861.0,17860.0,10.0,2021-12-13 12:42:00,12:34:00,False,0,4,117.0,6.0,11.7,0.6,tp
2021-12-13,h062,13:18:00,short,17829.0,17826.0,10.0,2021-12-13 13:18:00,13:15:00,True,7,15,83.0,7.0,8.3,0.7,tp
2021-12-13,h062,13:26:00,short,17813.0,17805.0,18.0,2021-12-13 13:26:00,13:25:00,True,25,60,62.0,2.0,3.4444444444444446,0.1111111111111111,tp
2021-12-14,h062,10:09:00,short,17648.0,17643.0,18.0,2021-12-14 10:09:00,10:08:00,True,6,16,78.0,14.0,4.333333333333333,0.7777777777777778,tp
2021-12-14,h062,10:33:00,long,17619.0,17622.0,15.0,2021-12-14 10:33:00,10:30:00,True,8,24,28.0,57.0,1.8666666666666667,3.8,sl
2021-12-14,h062,11:23:00,long,17642.0,17645.0,13.0,2021-12-14 11:23:00,11:20:00,True,13,33,5.0,80.0,0.38461538461538464,6.153846153846154,sl
2021-12-14,h062,13:17:00,short,17601.0,17591.0,14.0,2021-12-14 13:17:00,13:09:00,True,9,19,26.0,16.0,1.8571428571428572,1.1428571428571428,tp
2021-12-14,h062,13:21:00,short,17571.0,17568.0,8.0,2021-12-14 13:21:00,13:20:00,True,12,25,3.0,39.0,0.375,4.875,sl
2021-12-15,h062,09:43:00,long,17604.0,17608.0,28.0,2021-12-15 09:43:00,09:40:00,True,48,87,58.0,15.0,2.0714285714285716,0.5357142857142857,tp
2021-12-15,h062,11:04:00,long,17643.0,17645.0,11.0,2021-12-15 11:04:00,11:00:00,True,12,30,21.0,31.0,1.9090909090909092,2.8181818181818183,sl
2021-12-15,h062,11:34:00,long,17651.0,17652.0,8.0,2021-12-15 11:34:00,11:33:00,True,21,31,14.0,38.0,1.75,4.75,tp
2021-12-15,h062,12:31:00,short,17630.0,17629.0,18.0,2021-12-15 12:31:00,12:30:00,True,9,24,15.0,15.0,0.8333333333333334,0.8333333333333334,timeout
2021-12-15,h062,13:02:00,long,17634.0,17635.0,13.0,2021-12-15 13:02:00,13:00:00,True,5,14,7.0,10.0,0.5384615384615384,0.7692307692307693,timeout
2021-12-15,h062,13:16:00,long,17629.0,17630.0,4.0,2021-12-15 13:16:00,13:15:00,True,7,25,1.0,2.0,0.25,0.5,timeout
2021-12-16,h062,11:59:00,short,17743.0,17741.0,5.0,2021-12-16 11:59:00,11:56:00,False,2,6,16.0,68.0,3.2,13.6,tp
2021-12-16,h062,12:23:00,long,17732.0,17734.0,7.0,2021-12-16 12:23:00,12:22:00,True,7,14,75.0,8.0,10.714285714285714,1.1428571428571428,sl
2021-12-16,h062,12:54:00,long,17755.0,17756.0,13.0,2021-12-16 12:54:00,12:53:00,True,8,16,53.0,4.0,4.076923076923077,0.3076923076923077,tp
2021-12-16,h062,12:57:00,long,17783.0,17792.0,30.0,2021-12-16 12:57:00,12:56:00,True,54,112,17.0,16.0,0.5666666666666667,0.5333333333333333,timeout
2021-12-17,h062,11:01:00,short,17774.0,17773.0,7.0,2021-12-17 11:01:00,10:59:00,False,0,3,70.0,15.0,10.0,2.142857142857143,tp
2021-12-17,h062,11:44:00,long,17737.0,17739.0,14.0,2021-12-17 11:44:00,11:42:00,True,13,21,49.0,36.0,3.5,2.5714285714285716,sl
2021-12-17,h062,12:31:00,long,17728.0,17734.0,24.0,2021-12-17 12:31:00,12:05:00,True,12,28,54.0,1.0,2.25,0.041666666666666664,tp
2021-12-17,h062,12:55:00,long,17754.0,17756.0,14.0,2021-12-17 12:55:00,12:42:00,True,21,31,32.0,11.0,2.2857142857142856,0.7857142857142857,tp
2021-12-17,h062,12:57:00,long,17765.0,17766.0,9.0,2021-12-17 12:57:00,12:56:00,True,7,19,22.0,21.0,2.4444444444444446,2.3333333333333335,tp
2021-12-17,h062,13:26:00,long,17758.0,17765.0,13.0,2021-12-17 13:26:00,13:25:00,True,12,32,23.0,13.0,1.7692307692307692,1.0,sl
2021-12-20,h062,09:59:00,short,17690.0,17682.0,18.0,2021-12-20 09:59:00,09:58:00,True,18,53,118.0,0.0,6.555555555555555,0.0,tp
2021-12-20,h062,10:01:00,short,17664.0,17648.0,18.0,2021-12-20 10:01:00,10:00:00,True,111,158,84.0,3.0,4.666666666666667,0.16666666666666666,tp
2021-12-20,h062,10:09:00,short,17635.0,17621.0,16.0,2021-12-20 10:09:00,10:02:00,True,19,61,57.0,28.0,3.5625,1.75,sl
2021-12-20,h062,10:40:00,short,17605.0,17603.0,25.0,2021-12-20 10:40:00,10:36:00,True,9,16,39.0,43.0,1.56,1.72,tp
2021-12-20,h062,10:47:00,short,17586.0,17583.0,23.0,2021-12-20 10:47:00,10:45:00,True,12,32,19.0,63.0,0.8260869565217391,2.739130434782609,sl
2021-12-20,h062,11:37:00,long,17584.0,17587.0,7.0,2021-12-20 11:37:00,11:36:00,False,3,8,59.0,10.0,8.428571428571429,1.4285714285714286,sl
2021-12-20,h062,12:16:00,long,17615.0,17619.0,5.0,2021-12-20 12:16:00,12:15:00,True,10,22,27.0,42.0,5.4,8.4,sl
2021-12-20,h062,12:35:00,long,17635.0,17636.0,11.0,2021-12-20 12:35:00,12:25:00,True,7,15,10.0,59.0,0.9090909090909091,5.363636363636363,sl
2021-12-20,h062,12:51:00,short,17630.0,17625.0,16.0,2021-12-20 12:51:00,12:50:00,True,8,12,48.0,20.0,3.0,1.25,sl
2021-12-21,h062,09:22:00,short,17645.0,17636.0,27.0,2021-12-21 09:22:00,09:12:00,True,13,37,12.0,193.0,0.4444444444444444,7.148148148148148,sl
2021-12-21,h062,09:32:00,long,17687.0,17693.0,43.0,2021-12-21 09:32:00,09:31:00,True,30,109,136.0,0.0,3.1627906976744184,0.0,tp
2021-12-21,h062,09:34:00,long,17710.0,17711.0,17.0,2021-12-21 09:34:00,09:33:00,True,39,86,118.0,1.0,6.9411764705882355,0.058823529411764705,tp
2021-12-21,h062,10:05:00,long,17759.0,17761.0,27.0,2021-12-21 10:05:00,10:02:00,True,12,39,68.0,13.0,2.5185185185185186,0.48148148148148145,tp
2021-12-21,h062,11:15:00,long,17775.0,17777.0,17.0,2021-12-21 11:15:00,11:02:00,True,53,96,52.0,6.0,3.0588235294117645,0.35294117647058826,tp
2021-12-21,h062,12:12:00,long,17790.0,17792.0,11.0,2021-12-21 12:12:00,12:05:00,True,7,11,37.0,5.0,3.3636363636363638,0.45454545454545453,tp
2021-12-21,h062,12:31:00,short,17805.0,17804.0,7.0,2021-12-21 12:31:00,12:30:00,True,7,16,13.0,25.0,1.8571428571428572,3.5714285714285716,sl
2021-12-22,h062,09:38:00,short,17817.0,17815.0,17.0,2021-12-22 09:38:00,09:37:00,True,5,14,32.0,22.0,1.8823529411764706,1.2941176470588236,tp
2021-12-22,h062,10:12:00,long,17805.0,17808.0,10.0,2021-12-22 10:12:00,10:10:00,True,5,11,29.0,25.0,2.9,2.5,sl
2021-12-22,h062,11:05:00,long,17797.0,17805.0,11.0,2021-12-22 11:05:00,10:47:00,True,13,28,32.0,8.0,2.909090909090909,0.7272727272727273,tp
2021-12-22,h062,11:32:00,short,17822.0,17820.0,7.0,2021-12-22 11:32:00,11:27:00,False,0,2,23.0,17.0,3.2857142857142856,2.4285714285714284,sl
2021-12-22,h062,12:01:00,short,17815.0,17814.0,7.0,2021-12-22 12:01:00,11:57:00,False,4,6,17.0,23.0,2.4285714285714284,3.2857142857142856,tp
2021-12-22,h062,12:31:00,short,17803.0,17802.0,3.0,2021-12-22 12:31:00,12:30:00,False,0,3,5.0,35.0,1.6666666666666667,11.666666666666666,tp
2021-12-22,h062,12:34:00,long,17803.0,17804.0,5.0,2021-12-22 12:34:00,12:32:00,False,0,3,33.0,7.0,6.6,1.4,sl
2021-12-22,h062,12:53:00,short,17809.0,17807.0,4.0,2021-12-22 12:53:00,12:51:00,False,4,8,5.0,30.0,1.25,7.5,sl
2021-12-22,h062,13:27:00,long,17825.0,17836.0,6.0,2021-12-22 13:27:00,13:25:00,True,45,94,0.0,12.0,0.0,2.0,sl
2021-12-23,h062,09:27:00,long,17976.0,17981.0,54.0,2021-12-23 09:27:00,09:26:00,True,54,134,0.0,78.0,0.0,1.4444444444444444,sl
2021-12-23,h062,09:31:00,short,17926.0,17916.0,46.0,2021-12-23 09:31:00,09:30:00,True,38,64,13.0,52.0,0.2826086956521739,1.1304347826086956,sl
2021-12-23,h062,10:23:00,short,17937.0,17935.0,17.0,2021-12-23 10:23:00,10:22:00,True,15,24,20.0,21.0,1.1764705882352942,1.2352941176470589,tp
2021-12-23,h062,10:28:00,short,17920.0,17918.0,16.0,2021-12-23 10:28:00,10:24:00,True,6,17,3.0,38.0,0.1875,2.375,sl
2021-12-23,h062,11:18:00,long,17937.0,17938.0,12.0,2021-12-23 11:18:00,11:06:00,True,6,7,18.0,23.0,1.5,1.9166666666666667,sl
2021-12-23,h062,11:31:00,short,17937.0,17933.0,7.0,2021-12-23 11:31:00,11:30:00,True,9,22,18.0,23.0,2.5714285714285716,3.2857142857142856,tp
2021-12-23,h062,11:34:00,short,17923.0,17921.0,10.0,2021-12-23 11:34:00,11:32:00,True,8,14,6.0,35.0,0.6,3.5,sl
2021-12-23,h062,12:44:00,long,17938.0,17941.0,12.0,2021-12-23 12:44:00,12:11:00,True,16,19,15.0,17.0,1.25,1.4166666666666667,sl
2021-12-23,h062,12:47:00,short,17931.0,17929.0,12.0,2021-12-23 12:47:00,12:45:00,True,8,13,5.0,27.0,0.4166666666666667,2.25,sl
2021-12-23,h062,12:58:00,short,17930.0,17929.0,10.0,2021-12-23 12:58:00,12:54:00,False,0,2,5.0,27.0,0.5,2.7,sl
2021-12-23,h062,13:24:00,long,17933.0,17936.0,7.0,2021-12-23 13:24:00,13:23:00,True,11,21,20.0,3.0,2.857142857142857,0.42857142857142855,tp
2021-12-24,h062,09:46:00,long,18030.0,18031.0,28.0,2021-12-24 09:46:00,09:34:00,True,10,22,2.0,85.0,0.07142857142857142,3.0357142857142856,sl
2021-12-24,h062,10:28:00,long,18014.0,18015.0,6.0,2021-12-24 10:28:00,10:26:00,False,0,4,10.0,69.0,1.6666666666666667,11.5,tp
2021-12-24,h062,10:42:00,long,18021.0,18022.0,9.0,2021-12-24 10:42:00,10:35:00,False,2,5,0.0,76.0,0.0,8.444444444444445,sl
2021-12-24,h062,10:51:00,short,18000.0,17983.0,12.0,2021-12-24 10:51:00,10:50:00,True,65,99,37.0,27.0,3.0833333333333335,2.25,sl
2021-12-24,h062,12:04:00,short,17998.0,17996.0,5.0,2021-12-24 12:04:00,12:00:00,True,5,7,50.0,7.0,10.0,1.4,sl
2021-12-24,h062,12:35:00,short,17993.0,17992.0,3.0,2021-12-24 12:35:00,12:34:00,False,0,2,46.0,2.0,15.333333333333334,0.6666666666666666,tp
2021-12-24,h062,12:38:00,long,17993.0,17994.0,5.0,2021-12-24 12:38:00,12:36:00,False,0,3,0.0,48.0,0.0,9.6,sl
2021-12-24,h062,12:46:00,short,17980.0,17972.0,8.0,2021-12-24 12:46:00,12:45:00,True,31,42,26.0,6.0,3.25,0.75,tp
2021-12-27,h062,09:24:00,long,18020.0,18026.0,27.0,2021-12-27 09:24:00,09:22:00,True,23,54,73.0,6.0,2.7037037037037037,0.2222222222222222,tp
2021-12-27,h062,09:31:00,long,18041.0,18044.0,19.0,2021-12-27 09:31:00,09:27:00,True,49,67,55.0,2.0,2.8947368421052633,0.10526315789473684,tp
2021-12-27,h062,10:41:00,short,18084.0,18082.0,12.0,2021-12-27 10:41:00,10:32:00,False,4,6,26.0,13.0,2.1666666666666665,1.0833333333333333,sl
2021-12-27,h062,11:37:00,short,18073.0,18070.0,11.0,2021-12-27 11:37:00,11:35:00,True,5,9,14.0,25.0,1.2727272727272727,2.272727272727273,sl
2021-12-27,h062,12:31:00,long,18085.0,18093.0,7.0,2021-12-27 12:31:00,12:30:00,True,22,42,2.0,37.0,0.2857142857142857,5.285714285714286,sl
2021-12-27,h062,13:06:00,long,18079.0,18080.0,15.0,2021-12-27 13:06:00,13:03:00,False,4,7,6.0,24.0,0.4,1.6,sl
2021-12-27,h062,13:26:00,long,18082.0,18083.0,7.0,2021-12-27 13:26:00,13:25:00,True,14,22,3.0,27.0,0.42857142857142855,3.857142857142857,sl
2021-12-28,h062,09:59:00,short,18136.0,18135.0,21.0,2021-12-28 09:59:00,09:54:00,False,4,10,9.0,74.0,0.42857142857142855,3.5238095238095237,sl
2021-12-28,h062,10:48:00,short,18140.0,18136.0,6.0,2021-12-28 10:48:00,10:39:00,True,5,11,10.0,73.0,1.6666666666666667,12.166666666666666,sl
2021-12-28,h062,11:30:00,long,18146.0,18148.0,9.0,2021-12-28 11:30:00,11:29:00,True,13,23,61.0,3.0,6.777777777777778,0.3333333333333333,tp
2021-12-28,h062,11:52:00,long,18162.0,18164.0,8.0,2021-12-28 11:52:00,11:46:00,False,4,7,45.0,1.0,5.625,0.125,tp
2021-12-28,h062,12:00:00,long,18167.0,18171.0,4.0,2021-12-28 12:00:00,11:53:00,True,21,34,38.0,0.0,9.5,0.0,tp
2021-12-28,h062,12:15:00,long,18179.0,18180.0,5.0,2021-12-28 12:15:00,12:11:00,False,4,9,29.0,2.0,5.8,0.4,tp
2021-12-28,h062,13:15:00,long,18187.0,18188.0,9.0,2021-12-28 13:15:00,13:04:00,True,5,11,21.0,7.0,2.3333333333333335,0.7777777777777778,tp
2021-12-29,h062,11:28:00,short,18225.0,18223.0,20.0,2021-12-29 11:28:00,10:49:00,False,3,6,3.0,66.0,0.15,3.3,sl
2021-12-29,h062,12:20:00,long,18240.0,18241.0,4.0,2021-12-29 12:20:00,12:19:00,False,3,6,48.0,1.0,12.0,0.25,tp
2021-12-29,h062,12:25:00,long,18244.0,18247.0,4.0,2021-12-29 12:25:00,12:21:00,False,3,7,42.0,1.0,10.5,0.25,tp
2021-12-29,h062,12:28:00,long,18252.0,18253.0,6.0,2021-12-29 12:28:00,12:26:00,True,8,16,36.0,0.0,6.0,0.0,tp
2021-12-29,h062,12:33:00,long,18264.0,18267.0,8.0,2021-12-29 12:33:00,12:32:00,True,16,27,22.0,11.0,2.75,1.375,sl
2021-12-29,h062,12:56:00,long,18284.0,18285.0,7.0,2021-12-29 12:56:00,12:54:00,True,5,14,4.0,29.0,0.5714285714285714,4.142857142857143,sl
2021-12-30,h062,09:24:00,short,18225.0,18223.0,19.0,2021-12-30 09:24:00,09:23:00,True,19,35,46.0,42.0,2.4210526315789473,2.210526315789474,sl
2021-12-30,h062,10:24:00,long,18237.0,18240.0,15.0,2021-12-30 10:24:00,10:19:00,True,7,8,3.0,63.0,0.2,4.2,sl
2021-12-30,h062,10:43:00,long,18223.0,18225.0,13.0,2021-12-30 10:43:00,10:41:00,True,5,8,13.0,48.0,1.0,3.6923076923076925,sl
2021-12-30,h062,10:53:00,short,18208.0,18207.0,10.0,2021-12-30 10:53:00,10:46:00,True,5,12,30.0,31.0,3.0,3.1,sl
2021-12-30,h062,11:12:00,short,18195.0,18186.0,9.0,2021-12-30 11:12:00,11:10:00,True,72,102,1.0,52.0,0.1111111111111111,5.777777777777778,sl
2021-12-30,h062,12:11:00,short,18209.0,18206.0,15.0,2021-12-30 12:11:00,12:09:00,False,4,5,9.0,32.0,0.6,2.1333333333333333,sl
2021-12-30,h062,12:48:00,long,18230.0,18231.0,11.0,2021-12-30 12:48:00,12:47:00,True,9,15,7.0,34.0,0.6363636363636364,3.090909090909091,sl
2021-12-30,h062,13:01:00,long,18218.0,18219.0,9.0,2021-12-30 13:01:00,12:55:00,False,2,6,19.0,22.0,2.111111111111111,2.4444444444444446,tp
2022-01-03,h062,09:14:00,long,18365.0,18366.0,42.0,2022-01-03 09:14:00,09:12:00,True,21,64,23.0,163.0,0.5476190476190477,3.880952380952381,sl
2022-01-03,h062,09:40:00,short,18288.0,18285.0,34.0,2022-01-03 09:40:00,09:39:00,True,68,158,82.0,3.0,2.411764705882353,0.08823529411764706,tp
2022-01-03,h062,10:30:00,short,18271.0,18257.0,11.0,2022-01-03 10:30:00,10:29:00,True,10,21,54.0,31.0,4.909090909090909,2.8181818181818183,sl
2022-01-03,h062,10:50:00,short,18271.0,18267.0,16.0,2022-01-03 10:50:00,10:35:00,True,15,26,64.0,16.0,4.0,1.0,tp
2022-01-03,h062,11:12:00,short,18256.0,18235.0,14.0,2022-01-03 11:12:00,11:09:00,True,52,57,32.0,48.0,2.2857142857142856,3.4285714285714284,tp
2022-01-03,h062,11:14:00,short,18232.0,18226.0,6.0,2022-01-03 11:14:00,11:13:00,True,19,41,23.0,57.0,3.8333333333333335,9.5,sl
2022-01-03,h062,11:19:00,short,18220.0,18217.0,13.0,2022-01-03 11:19:00,11:15:00,True,14,40,14.0,66.0,1.0769230769230769,5.076923076923077,tp
2022-01-03,h062,11:39:00,long,18220.0,18221.0,17.0,2022-01-03 11:39:00,11:38:00,True,6,20,62.0,8.0,3.6470588235294117,0.47058823529411764,tp
2022-01-03,h062,12:03:00,long,18232.0,18233.0,5.0,2022-01-03 12:03:00,12:00:00,True,8,17,50.0,3.0,10.0,0.6,tp
2022-01-03,h062,12:32:00,short,18244.0,18243.0,8.0,2022-01-03 12:32:00,12:31:00,False,3,7,2.0,40.0,0.25,5.0,sl
2022-01-03,h062,12:47:00,short,18247.0,18243.0,9.0,2022-01-03 12:47:00,12:44:00,True,7,14,1.0,40.0,0.1111111111111111,4.444444444444445,sl
2022-01-03,h062,13:00:00,long,18264.0,18265.0,15.0,2022-01-03 13:00:00,12:58:00,True,11,20,18.0,19.0,1.2,1.2666666666666666,tp
2022-01-04,h062,11:05:00,short,18447.0,18444.0,10.0,2022-01-04 11:05:00,10:57:00,True,6,10,15.0,78.0,1.5,7.8,tp
2022-01-04,h062,11:38:00,long,18475.0,18478.0,11.0,2022-01-04 11:38:00,11:37:00,True,12,24,44.0,17.0,4.0,1.5454545454545454,sl
2022-01-04,h062,11:42:00,short,18477.0,18476.0,9.0,2022-01-04 11:42:00,11:39:00,False,3,10,15.0,46.0,1.6666666666666667,5.111111111111111,tp
2022-01-04,h062,12:20:00,long,18469.0,18470.0,5.0,2022-01-04 12:20:00,12:19:00,True,11,22,52.0,7.0,10.4,1.4,sl
2022-01-04,h062,13:08:00,long,18485.0,18489.0,7.0,2022-01-04 13:08:00,13:03:00,False,3,8,33.0,1.0,4.714285714285714,0.14285714285714285,tp
2022-01-04,h062,13:13:00,long,18500.0,18501.0,8.0,2022-01-04 13:13:00,13:12:00,True,8,25,21.0,10.0,2.625,1.25,sl
2022-01-05,h062,11:20:00,long,18464.0,18468.0,13.0,2022-01-05 11:20:00,11:18:00,True,13,26,24.0,30.0,1.8461538461538463,2.3076923076923075,sl
2022-01-05,h062,12:13:00,short,18479.0,18478.0,7.0,2022-01-05 12:13:00,12:09:00,False,0,3,40.0,10.0,5.714285714285714,1.4285714285714286,tp
2022-01-05,h062,12:39:00,long,18462.0,18463.0,10.0,2022-01-05 12:39:00,12:38:00,True,7,19,25.0,25.0,2.5,2.5,sl
2022-01-05,h062,13:04:00,long,18454.0,18469.0,9.0,2022-01-05 13:04:00,13:03:00,True,11,30,19.0,31.0,2.111111111111111,3.4444444444444446,sl
2022-01-06,h062,10:19:00,long,18323.0,18332.0,31.0,2022-01-06 10:19:00,10:15:00,True,23,62,32.0,94.0,1.032258064516129,3.032258064516129,sl
2022-01-06,h062,10:44:00,short,18283.0,18281.0,17.0,2022-01-06 10:44:00,10:42:00,True,11,33,43.0,83.0,2.5294117647058822,4.882352941176471,sl
2022-01-06,h062,10:49:00,long,18280.0,18284.0,10.0,2022-01-06 10:49:00,10:45:00,True,12,30,80.0,46.0,8.0,4.6,tp
2022-01-06,h062,12:13:00,long,18277.0,18289.0,19.0,2022-01-06 12:13:00,12:10:00,True,18,20,75.0,51.0,3.9473684210526314,2.6842105263157894,sl
2022-01-06,h062,12:51:00,long,18278.0,18279.0,11.0,2022-01-06 12:51:00,12:49:00,False,0,4,85.0,41.0,7.7272727272727275,3.727272727272727,sl
2022-01-06,h062,13:05:00,short,18253.0,18251.0,12.0,2022-01-06 13:05:00,13:01:00,True,9,17,13.0,113.0,1.0833333333333333,9.416666666666666,tp
2022-01-06,h062,13:12:00,long,18252.0,18260.0,13.0,2022-01-06 13:12:00,13:06:00,True,19,50,104.0,9.0,8.0,0.6923076923076923,tp
2022-01-07,h062,10:04:00,short,18220.0,18205.0,33.0,2022-01-07 10:04:00,10:02:00,True,32,95,90.0,32.0,2.727272727272727,0.9696969696969697,tp
2022-01-07,h062,10:21:00,long,18180.0,18196.0,54.0,2022-01-07 10:21:00,10:08:00,True,37,87,41.0,60.0,0.7592592592592593,1.1111111111111112,sl
2022-01-07,h062,12:47:00,short,18192.0,18182.0,14.0,2022-01-07 12:47:00,12:46:00,True,9,18,42.0,13.0,3.0,0.9285714285714286,tp
2022-01-07,h062,13:12:00,long,18161.0,18164.0,15.0,2022-01-07 13:12:00,13:10:00,True,12,19,31.0,24.0,2.066666666666667,1.6,tp
2022-01-07,h062,13:26:00,short,18169.0,18158.0,26.0,2022-01-07 13:26:00,13:25:00,True,8,30,18.0,14.0,0.6923076923076923,0.5384615384615384,timeout
2022-01-10,h062,09:37:00,long,18178.0,18185.0,53.0,2022-01-10 09:37:00,09:32:00,True,26,60,79.0,34.0,1.490566037735849,0.6415094339622641,tp
2022-01-10,h062,09:53:00,long,18219.0,18220.0,49.0,2022-01-10 09:53:00,09:50:00,True,15,48,44.0,66.0,0.8979591836734694,1.346938775510204,sl
2022-01-10,h062,11:54:00,long,18205.0,18206.0,16.0,2022-01-10 11:54:00,11:48:00,True,6,9,58.0,14.0,3.625,0.875,tp
2022-01-10,h062,12:20:00,long,18221.0,18222.0,5.0,2022-01-10 12:20:00,12:19:00,True,8,16,42.0,22.0,8.4,4.4,tp
2022-01-10,h062,12:22:00,long,18238.0,18241.0,18.0,2022-01-10 12:22:00,12:21:00,True,21,57,23.0,41.0,1.2777777777777777,2.2777777777777777,sl
2022-01-11,h062,10:47:00,long,18225.0,18233.0,25.0,2022-01-11 10:47:00,10:45:00,True,22,54,62.0,60.0,2.48,2.4,tp
2022-01-11,h062,11:19:00,long,18281.0,18288.0,8.0,2022-01-11 11:19:00,11:18:00,True,23,56,7.0,115.0,0.875,14.375,sl
2022-01-11,h062,12:21:00,short,18222.0,18221.0,12.0,2022-01-11 12:21:00,12:11:00,False,4,6,48.0,63.0,4.0,5.25,tp
2022-01-11,h062,13:04:00,long,18192.0,18207.0,12.0,2022-01-11 13:04:00,13:01:00,True,24,67,77.0,10.0,6.416666666666667,0.8333333333333334,tp
2022-01-11,h062,13:15:00,short,18204.0,18198.0,19.0,2022-01-11 13:15:00,13:05:00,True,5,12,1.0,86.0,0.05263157894736842,4.526315789473684,sl
2022-01-11,h062,13:26:00,long,18244.0,18246.0,27.0,2022-01-11 13:26:00,13:25:00,True,17,50,38.0,6.0,1.4074074074074074,0.2222222222222222,tp
2022-01-12,h062,10:32:00,short,18286.0,18284.0,19.0,2022-01-12 10:32:00,10:30:00,True,13,31,13.0,95.0,0.6842105263157895,5.0,sl
2022-01-12,h062,11:16:00,long,18286.0,18290.0,9.0,2022-01-12 11:16:00,11:12:00,True,14,23,89.0,19.0,9.88888888888889,2.111111111111111,sl
2022-01-12,h062,11:22:00,long,18282.0,18287.0,10.0,2022-01-12 11:22:00,11:20:00,True,19,35,92.0,10.0,9.2,1.0,sl
2022-01-12,h062,11:44:00,short,18303.0,18302.0,11.0,2022-01-12 11:44:00,11:38:00,False,0,1,16.0,77.0,1.4545454545454546,7.0,sl
2022-01-12,h062,12:17:00,long,18303.0,18305.0,17.0,2022-01-12 12:17:00,12:15:00,True,7,20,74.0,4.0,4.352941176470588,0.23529411764705882,tp
2022-01-12,h062,12:44:00,short,18320.0,18317.0,16.0,2022-01-12 12:44:00,12:40:00,False,4,7,14.0,62.0,0.875,3.875,sl
2022-01-12,h062,13:22:00,long,18345.0,18347.0,21.0,2022-01-12 13:22:00,13:04:00,True,19,30,32.0,10.0,1.5238095238095237,0.47619047619047616,tp
2022-01-13,h062,09:44:00,long,18465.0,18468.0,37.0,2022-01-13 09:44:00,09:42:00,True,22,70,17.0,104.0,0.4594594594594595,2.810810810810811,sl
2022-01-13,h062,09:46:00,short,18461.0,18444.0,24.0,2022-01-13 09:46:00,09:45:00,True,26,71,80.0,2.0,3.3333333333333335,0.08333333333333333,tp
2022-01-13,h062,10:35:00,long,18384.0,18386.0,20.0,2022-01-13 10:35:00,10:30:00,True,9,15,60.0,16.0,3.0,0.8,tp
2022-01-13,h062,11:08:00,short,18388.0,18386.0,15.0,2022-01-13 11:08:00,11:05:00,False,3,5,10.0,60.0,0.6666666666666666,4.0,sl
2022-01-13,h062,11:40:00,short,18414.0,18412.0,7.0,2022-01-13 11:40:00,11:39:00,True,7,17,4.0,34.0,0.5714285714285714,4.857142857142857,sl
2022-01-13,h062,12:31:00,short,18436.0,18435.0,8.0,2022-01-13 12:31:00,12:30:00,True,11,19,21.0,11.0,2.625,1.375,tp
2022-01-13,h062,12:56:00,short,18427.0,18426.0,11.0,2022-01-13 12:56:00,12:52:00,True,5,6,12.0,20.0,1.0909090909090908,1.8181818181818181,sl
2022-01-13,h062,13:29:00,long,18442.0,18444.0,12.0,2022-01-13 13:29:00,13:25:00,True,14,29,2.0,24.0,0.16666666666666666,2.0,sl
2022-01-14,h062,12:24:00,long,18346.0,18355.0,26.0,2022-01-14 12:24:00,12:08:00,True,50,67,36.0,59.0,1.3846153846153846,2.269230769230769,sl
2022-01-14,h062,13:21:00,long,18362.0,18368.0,11.0,2022-01-14 13:21:00,13:20:00,True,29,55,23.0,11.0,2.090909090909091,1.0,sl
2022-01-17,h062,09:43:00,long,18496.0,18498.0,22.0,2022-01-17 09:43:00,09:42:00,True,22,57,39.0,48.0,1.7727272727272727,2.1818181818181817,tp
2022-01-17,h062,11:30:00,long,18494.0,18495.0,12.0,2022-01-17 11:30:00,11:27:00,False,3,8,42.0,15.0,3.5,1.25,tp
2022-01-17,h062,12:12:00,short,18486.0,18482.0,11.0,2022-01-17 12:12:00,11:59:00,True,7,14,1.0,55.0,0.09090909090909091,5.0,sl
2022-01-17,h062,12:25:00,short,18498.0,18495.0,5.0,2022-01-17 12:25:00,12:24:00,True,5,10,14.0,42.0,2.8,8.4,tp
2022-01-17,h062,13:01:00,long,18503.0,18507.0,9.0,2022-01-17 13:01:00,13:00:00,True,35,72,30.0,19.0,3.3333333333333335,2.111111111111111,sl
2022-01-17,h062,13:26:00,long,18532.0,18534.0,14.0,2022-01-17 13:26:00,13:25:00,True,24,53,3.0,33.0,0.21428571428571427,2.357142857142857,sl
2022-01-18,h062,09:34:00,long,18533.0,18536.0,17.0,2022-01-18 09:34:00,09:28:00,True,20,56,47.0,189.0,2.764705882352941,11.117647058823529,tp
2022-01-18,h062,09:44:00,long,18568.0,18571.0,22.0,2022-01-18 09:44:00,09:41:00,True,25,39,12.0,224.0,0.5454545454545454,10.181818181818182,sl
2022-01-18,h062,10:36:00,long,18551.0,18553.0,15.0,2022-01-18 10:36:00,10:27:00,True,19,37,17.0,206.0,1.1333333333333333,13.733333333333333,tp
2022-01-18,h062,11:34:00,short,18552.0,18547.0,5.0,2022-01-18 11:34:00,11:33:00,True,27,48,200.0,1.0,40.0,0.2,tp
2022-01-18,h062,11:36:00,short,18540.0,18531.0,8.0,2022-01-18 11:36:00,11:35:00,True,11,31,184.0,0.0,23.0,0.0,tp
2022-01-18,h062,11:44:00,short,18511.0,18504.0,20.0,2022-01-18 11:44:00,11:37:00,True,8,18,157.0,10.0,7.85,0.5,tp
2022-01-18,h062,12:00:00,long,18505.0,18513.0,20.0,2022-01-18 12:00:00,11:45:00,True,21,68,1.0,166.0,0.05,8.3,sl
2022-01-18,h062,12:21:00,short,18474.0,18465.0,16.0,2022-01-18 12:21:00,12:20:00,True,71,105,118.0,7.0,7.375,0.4375,tp
2022-01-18,h062,12:56:00,long,18440.0,18452.0,20.0,2022-01-18 12:56:00,12:45:00,True,23,68,1.0,105.0,0.05,5.25,sl
2022-01-18,h062,13:06:00,long,18403.0,18409.0,21.0,2022-01-18 13:06:00,13:05:00,True,19,36,10.0,62.0,0.47619047619047616,2.9523809523809526,sl
2022-01-19,h062,10:44:00,short,18277.0,18273.0,19.0,2022-01-19 10:44:00,10:43:00,True,16,42,63.0,21.0,3.3157894736842106,1.105263157894737,sl
2022-01-19,h062,10:54:00,long,18280.0,18285.0,14.0,2022-01-19 10:54:00,10:45:00,True,23,47,9.0,75.0,0.6428571428571429,5.357142857142857,sl
2022-01-19,h062,11:12:00,short,18258.0,18254.0,10.0,2022-01-19 11:12:00,11:10:00,True,20,39,44.0,30.0,4.4,3.0,sl
2022-01-19,h062,11:30:00,long,18249.0,18257.0,16.0,2022-01-19 11:30:00,11:25:00,True,11,30,7.0,47.0,0.4375,2.9375,sl
2022-01-19,h062,12:01:00,long,18244.0,18249.0,31.0,2022-01-19 12:01:00,11:47:00,True,8,24,15.0,38.0,0.4838709677419355,1.2258064516129032,sl
2022-01-19,h062,13:11:00,short,18216.0,18213.0,17.0,2022-01-19 13:11:00,13:00:00,True,17,41,2.0,9.0,0.11764705882352941,0.5294117647058824,timeout
2022-01-20,h062,09:16:00,short,18123.0,18115.0,50.0,2022-01-20 09:16:00,09:15:00,True,36,76,34.0,155.0,0.68,3.1,sl
2022-01-20,h062,10:16:00,long,18155.0,18158.0,25.0,2022-01-20 10:16:00,10:15:00,True,14,45,112.0,46.0,4.48,1.84,sl
2022-01-20,h062,11:19:00,long,18170.0,18174.0,17.0,2022-01-20 11:19:00,11:18:00,True,32,74,96.0,7.0,5.647058823529412,0.4117647058823529,tp
2022-01-20,h062,11:46:00,long,18208.0,18214.0,9.0,2022-01-20 11:46:00,11:43:00,True,62,110,56.0,23.0,6.222222222222222,2.5555555555555554,sl
2022-01-20,h062,12:18:00,long,18247.0,18251.0,28.0,2022-01-20 12:18:00,12:13:00,True,36,68,19.0,43.0,0.6785714285714286,1.5357142857142858,sl
2022-01-20,h062,12:54:00,long,18251.0,18263.0,14.0,2022-01-20 12:54:00,12:52:00,True,51,76,7.0,55.0,0.5,3.9285714285714284,sl
2022-01-20,h062,12:57:00,short,18257.0,18255.0,13.0,2022-01-20 12:57:00,12:55:00,True,8,10,47.0,8.0,3.6153846153846154,0.6153846153846154,tp
2022-01-21,h062,09:46:00,short,17908.0,17903.0,59.0,2022-01-21 09:46:00,09:43:00,True,38,104,67.0,112.0,1.1355932203389831,1.8983050847457628,sl
2022-01-21,h062,10:51:00,long,17916.0,17920.0,24.0,2022-01-21 10:51:00,10:47:00,True,21,34,23.0,84.0,0.9583333333333334,3.5,sl
2022-01-21,h062,11:30:00,long,17904.0,17908.0,9.0,2022-01-21 11:30:00,11:27:00,True,6,17,23.0,72.0,2.5555555555555554,8.0,sl
2022-01-21,h062,11:38:00,short,17880.0,17879.0,16.0,2022-01-21 11:38:00,11:36:00,True,10,26,43.0,52.0,2.6875,3.25,sl
2022-01-21,h062,13:05:00,short,17861.0,17845.0,19.0,2022-01-21 13:05:00,12:57:00,True,12,33,9.0,58.0,0.47368421052631576,3.0526315789473686,sl
2022-01-21,h062,13:27:00,long,17874.0,17875.0,26.0,2022-01-21 13:27:00,13:25:00,True,15,41,28.0,12.0,1.0769230769230769,0.46153846153846156,tp
2022-01-24,h062,11:28:00,long,17873.0,17875.0,21.0,2022-01-24 11:28:00,11:26:00,True,28,53,98.0,11.0,4.666666666666667,0.5238095238095238,tp
2022-01-24,h062,12:06:00,long,17896.0,17898.0,13.0,2022-01-24 12:06:00,12:05:00,True,24,43,75.0,27.0,5.769230769230769,2.076923076923077,sl
2022-01-24,h062,12:43:00,long,17926.0,17927.0,22.0,2022-01-24 12:43:00,12:30:00,True,29,67,46.0,18.0,2.090909090909091,0.8181818181818182,tp
2022-01-24,h062,13:06:00,long,17939.0,17944.0,9.0,2022-01-24 13:06:00,13:05:00,True,15,38,29.0,9.0,3.2222222222222223,1.0,sl
2022-01-24,h062,13:28:00,long,17962.0,17964.0,18.0,2022-01-24 13:28:00,13:20:00,True,44,95,1.0,22.0,0.05555555555555555,1.2222222222222223,sl
2022-01-25,h062,09:41:00,short,17639.0,17637.0,61.0,2022-01-25 09:41:00,09:39:00,True,13,47,59.0,103.0,0.9672131147540983,1.6885245901639345,sl
2022-01-25,h062,12:09:00,long,17634.0,17642.0,19.0,2022-01-25 12:09:00,12:08:00,True,13,32,38.0,58.0,2.0,3.0526315789473686,tp
2022-01-25,h062,13:01:00,short,17601.0,17595.0,25.0,2022-01-25 13:01:00,13:00:00,True,18,36,11.0,85.0,0.44,3.4,sl
2022-01-25,h062,13:10:00,long,17609.0,17640.0,8.0,2022-01-25 13:10:00,13:09:00,True,36,84,40.0,18.0,5.0,2.25,sl
2022-01-26,h062,10:37:00,long,17745.0,17746.0,22.0,2022-01-26 10:37:00,10:33:00,True,15,29,11.0,131.0,0.5,5.954545454545454,sl
2022-01-26,h062,11:44:00,long,17730.0,17733.0,10.0,2022-01-26 11:44:00,11:43:00,True,9,18,8.0,118.0,0.8,11.8,sl
2022-01-26,h062,12:25:00,short,17692.0,17691.0,17.0,2022-01-26 12:25:00,12:16:00,True,8,21,76.0,8.0,4.470588235294118,0.47058823529411764,tp
2022-01-26,h062,13:01:00,long,17683.0,17684.0,13.0,2022-01-26 13:01:00,12:59:00,False,4,12,10.0,69.0,0.7692307692307693,5.3076923076923075,sl
2022-02-07,h062,09:25:00,long,17827.0,17838.0,37.0,2022-02-07 09:25:00,09:23:00,True,59,101,62.0,145.0,1.6756756756756757,3.918918918918919,sl
2022-02-07,h062,10:50:00,short,17705.0,17702.0,20.0,2022-02-07 10:50:00,10:45:00,True,13,23,9.0,198.0,0.45,9.9,sl
2022-02-07,h062,11:27:00,long,17762.0,17763.0,11.0,2022-02-07 11:27:00,11:24:00,True,14,15,137.0,5.0,12.454545454545455,0.45454545454545453,tp
2022-02-07,h062,11:44:00,long,17785.0,17794.0,13.0,2022-02-07 11:44:00,11:37:00,True,18,37,106.0,7.0,8.153846153846153,0.5384615384615384,tp
2022-02-07,h062,12:03:00,long,17800.0,17804.0,11.0,2022-02-07 12:03:00,11:45:00,True,9,21,96.0,3.0,8.727272727272727,0.2727272727272727,tp
2022-02-07,h062,12:40:00,long,17864.0,17865.0,28.0,2022-02-07 12:40:00,12:23:00,False,4,9,35.0,14.0,1.25,0.5,tp
2022-02-07,h062,13:16:00,long,17883.0,17893.0,18.0,2022-02-07 13:16:00,12:47:00,True,29,57,7.0,22.0,0.3888888888888889,1.2222222222222223,sl
2022-02-08,h062,09:51:00,short,18016.0,18015.0,29.0,2022-02-08 09:51:00,09:40:00,True,20,30,93.0,32.0,3.206896551724138,1.103448275862069,sl
2022-02-08,h062,10:31:00,short,18032.0,18031.0,15.0,2022-02-08 10:31:00,10:24:00,False,0,4,109.0,13.0,7.266666666666667,0.8666666666666667,tp
2022-02-08,h062,11:31:00,short,18024.0,18021.0,12.0,2022-02-08 11:31:00,11:30:00,False,4,11,99.0,23.0,8.25,1.9166666666666667,tp
2022-02-08,h062,12:06:00,short,18019.0,18014.0,11.0,2022-02-08 12:06:00,12:05:00,False,4,6,92.0,30.0,8.363636363636363,2.727272727272727,sl
2022-02-08,h062,12:38:00,short,18016.0,18014.0,8.0,2022-02-08 12:38:00,12:36:00,False,0,3,92.0,30.0,11.5,3.75,sl
2022-02-08,h062,12:49:00,long,18023.0,18024.0,7.0,2022-02-08 12:49:00,12:44:00,False,3,6,20.0,102.0,2.857142857142857,14.571428571428571,tp
2022-02-08,h062,13:01:00,long,18041.0,18043.0,15.0,2022-02-08 13:01:00,12:57:00,True,5,12,1.0,121.0,0.06666666666666667,8.066666666666666,sl
2022-02-08,h062,13:25:00,short,18009.0,17992.0,12.0,2022-02-08 13:25:00,13:24:00,True,29,80,70.0,9.0,5.833333333333333,0.75,tp
2022-02-09,h062,09:31:00,short,18088.0,18085.0,17.0,2022-02-09 09:31:00,09:30:00,True,11,29,35.0,84.0,2.0588235294117645,4.9411764705882355,tp
2022-02-09,h062,10:38:00,long,18069.0,18070.0,19.0,2022-02-09 10:38:00,10:30:00,True,9,19,99.0,3.0,5.2105263157894735,0.15789473684210525,tp
2022-02-09,h062,11:06:00,long,18108.0,18110.0,9.0,2022-02-09 11:06:00,11:02:00,True,21,36,59.0,19.0,6.555555555555555,2.111111111111111,sl
2022-02-09,h062,11:37:00,short,18105.0,18104.0,6.0,2022-02-09 11:37:00,11:35:00,False,0,0,3.0,65.0,0.5,10.833333333333334,sl
2022-02-09,h062,12:24:00,long,18123.0,18126.0,6.0,2022-02-09 12:24:00,12:23:00,True,8,15,43.0,13.0,7.166666666666667,2.1666666666666665,sl
2022-02-09,h062,12:31:00,short,18124.0,18123.0,5.0,2022-02-09 12:31:00,12:25:00,False,3,7,10.0,46.0,2.0,9.2,tp
2022-02-09,h062,13:04:00,long,18144.0,18145.0,18.0,2022-02-09 13:04:00,13:03:00,True,14,38,24.0,-1.0,1.3333333333333333,-0.05555555555555555,tp
2022-02-09,h062,13:06:00,long,18157.0,18162.0,11.0,2022-02-09 13:06:00,13:05:00,True,24,46,7.0,15.0,0.6363636363636364,1.3636363636363635,sl
2022-02-10,h062,09:29:00,short,18168.0,18164.0,17.0,2022-02-10 09:29:00,09:28:00,True,33,59,31.0,176.0,1.8235294117647058,10.352941176470589,tp
2022-02-10,h062,12:17:00,long,18225.0,18227.0,19.0,2022-02-10 12:17:00,12:11:00,False,4,11,113.0,2.0,5.947368421052632,0.10526315789473684,tp
2022-02-10,h062,12:22:00,long,18241.0,18242.0,6.0,2022-02-10 12:22:00,12:21:00,False,3,10,98.0,0.0,16.333333333333332,0.0,tp
2022-02-10,h062,12:39:00,long,18255.0,18259.0,12.0,2022-02-10 12:39:00,12:23:00,True,22,39,81.0,15.0,6.75,1.25,sl
2022-02-10,h062,13:09:00,long,18275.0,18277.0,16.0,2022-02-10 13:09:00,13:00:00,True,7,19,63.0,9.0,3.9375,0.5625,tp
2022-02-11,h062,10:15:00,long,18249.0,18277.0,21.0,2022-02-11 10:15:00,10:10:00,True,60,104,13.0,42.0,0.6190476190476191,2.0,sl
2022-02-11,h062,11:08:00,short,18245.0,18240.0,14.0,2022-02-11 11:08:00,11:06:00,True,13,21,5.0,50.0,0.35714285714285715,3.5714285714285716,sl
2022-02-11,h062,11:32:00,short,18275.0,18274.0,12.0,2022-02-11 11:32:00,11:30:00,False,3,5,38.0,16.0,3.1666666666666665,1.3333333333333333,tp
2022-02-11,h062,12:32:00,short,18264.0,18261.0,15.0,2022-02-11 12:32:00,12:31:00,True,6,8,25.0,29.0,1.6666666666666667,1.9333333333333333,tp
2022-02-11,h062,12:42:00,short,18253.0,18252.0,11.0,2022-02-11 12:42:00,12:40:00,False,3,5,16.0,38.0,1.4545454545454546,3.4545454545454546,tp
2022-02-11,h062,12:48:00,long,18249.0,18250.0,7.0,2022-02-11 12:48:00,12:45:00,False,3,5,40.0,14.0,5.714285714285714,2.0,sl
2022-02-11,h062,13:29:00,long,18280.0,18282.0,27.0,2022-02-11 13:29:00,13:25:00,True,33,60,7.0,25.0,0.25925925925925924,0.9259259259259259,timeout
2022-02-14,h062,09:35:00,short,17995.0,17993.0,33.0,2022-02-14 09:35:00,09:34:00,True,27,63,59.0,39.0,1.7878787878787878,1.1818181818181819,tp
2022-02-14,h062,09:51:00,long,17965.0,17968.0,21.0,2022-02-14 09:51:00,09:45:00,True,11,31,64.0,34.0,3.0476190476190474,1.619047619047619,sl
2022-02-14,h062,10:43:00,short,17971.0,17968.0,22.0,2022-02-14 10:43:00,10:31:00,True,11,20,11.0,64.0,0.5,2.909090909090909,sl
2022-02-14,h062,11:13:00,short,17964.0,17963.0,16.0,2022-02-14 11:13:00,11:07:00,True,13,23,6.0,69.0,0.375,4.3125,sl
2022-02-14,h062,12:01:00,short,18005.0,18004.0,20.0,2022-02-14 12:01:00,11:59:00,False,3,7,47.0,28.0,2.35,1.4,tp
2022-02-14,h062,12:38:00,short,17964.0,17960.0,19.0,2022-02-14 12:38:00,12:36:00,True,11,16,3.0,72.0,0.15789473684210525,3.789473684210526,sl
2022-02-14,h062,13:01:00,long,18016.0,18027.0,27.0,2022-02-14 13:01:00,12:53:00,True,59,77,3.0,54.0,0.1111111111111111,2.0,sl
2022-02-15,h062,10:13:00,long,18063.0,18069.0,17.0,2022-02-15 10:13:00,10:06:00,True,23,40,24.0,156.0,1.411764705882353,9.176470588235293,tp
2022-02-15,h062,11:10:00,long,18079.0,18081.0,5.0,2022-02-15 11:10:00,11:09:00,True,5,9,2.0,168.0,0.4,33.6,sl
2022-02-15,h062,11:31:00,short,18056.0,18055.0,18.0,2022-02-15 11:31:00,11:29:00,True,6,11,142.0,15.0,7.888888888888889,0.8333333333333334,tp
2022-02-15,h062,12:05:00,short,18058.0,18049.0,11.0,2022-02-15 12:05:00,12:03:00,True,8,9,136.0,8.0,12.363636363636363,0.7272727272727273,tp
2022-02-15,h062,12:11:00,long,18053.0,18054.0,9.0,2022-02-15 12:11:00,12:08:00,True,19,31,1.0,141.0,0.1111111111111111,15.666666666666666,sl
2022-02-15,h062,13:04:00,short,17975.0,17956.0,20.0,2022-02-15 13:04:00,13:03:00,True,22,64,43.0,12.0,2.15,0.6,tp
2022-02-15,h062,13:19:00,short,17938.0,17927.0,18.0,2022-02-15 13:19:00,13:06:00,True,27,51,8.0,41.0,0.4444444444444444,2.2777777777777777,sl
2022-02-16,h062,09:54:00,long,18165.0,18168.0,12.0,2022-02-16 09:54:00,09:45:00,True,11,32,80.0,28.0,6.666666666666667,2.3333333333333335,tp
2022-02-16,h062,10:09:00,long,18217.0,18221.0,25.0,2022-02-16 10:09:00,10:06:00,True,16,73,27.0,81.0,1.08,3.24,tp
2022-02-16,h062,10:46:00,long,18236.0,18245.0,11.0,2022-02-16 10:46:00,10:45:00,True,59,69,3.0,105.0,0.2727272727272727,9.545454545454545,sl
2022-02-16,h062,11:19:00,short,18233.0,18232.0,12.0,2022-02-16 11:19:00,11:15:00,False,0,3,92.0,1.0,7.666666666666667,0.08333333333333333,tp
2022-02-16,h062,11:24:00,long,18227.0,18228.0,5.0,2022-02-16 11:24:00,11:23:00,False,3,5,5.0,88.0,1.0,17.6,sl
2022-02-16,h062,11:56:00,long,18223.0,18225.0,5.0,2022-02-16 11:56:00,11:55:00,False,0,2,0.0,85.0,0.0,17.0,sl
2022-02-16,h062,11:58:00,short,18216.0,18214.0,9.0,2022-02-16 11:58:00,11:57:00,True,8,17,74.0,3.0,8.222222222222221,0.3333333333333333,tp
2022-02-16,h062,12:04:00,long,18201.0,18203.0,10.0,2022-02-16 12:04:00,12:03:00,True,9,19,5.0,63.0,0.5,6.3,sl
2022-02-16,h062,12:30:00,short,18178.0,18166.0,10.0,2022-02-16 12:30:00,12:29:00,True,29,60,26.0,42.0,2.6,4.2,sl
2022-02-16,h062,12:58:00,long,18165.0,18168.0,23.0,2022-02-16 12:58:00,12:37:00,True,8,11,40.0,6.0,1.7391304347826086,0.2608695652173913,tp
2022-02-16,h062,13:01:00,long,18186.0,18189.0,24.0,2022-02-16 13:01:00,13:00:00,True,16,40,19.0,4.0,0.7916666666666666,0.16666666666666666,timeout
2022-02-17,h062,09:21:00,long,18290.0,18294.0,13.0,2022-02-17 09:21:00,09:18:00,True,20,35,36.0,126.0,2.769230769230769,9.692307692307692,sl
2022-02-17,h062,09:56:00,short,18277.0,18275.0,19.0,2022-02-17 09:56:00,09:55:00,True,5,12,107.0,55.0,5.631578947368421,2.8947368421052633,sl
2022-02-17,h062,10:03:00,long,18315.0,18318.0,29.0,2022-02-17 10:03:00,10:02:00,True,22,55,12.0,150.0,0.41379310344827586,5.172413793103448,sl
2022-02-17,h062,11:14:00,long,18315.0,18318.0,11.0,2022-02-17 11:14:00,11:12:00,True,14,31,12.0,150.0,1.0909090909090908,13.636363636363637,tp
2022-02-17,h062,11:31:00,short,18317.0,18315.0,13.0,2022-02-17 11:31:00,11:19:00,False,0,3,147.0,12.0,11.307692307692308,0.9230769230769231,tp
2022-02-17,h062,11:55:00,short,18291.0,18266.0,16.0,2022-02-17 11:55:00,11:54:00,True,24,79,98.0,1.0,6.125,0.0625,tp
2022-02-17,h062,11:57:00,short,18242.0,18241.0,25.0,2022-02-17 11:57:00,11:56:00,True,29,98,73.0,14.0,2.92,0.56,tp
2022-02-17,h062,12:03:00,short,18216.0,18194.0,29.0,2022-02-17 12:03:00,12:00:00,True,36,110,26.0,58.0,0.896551724137931,2.0,sl
2022-02-17,h062,12:59:00,short,18195.0,18192.0,24.0,2022-02-17 12:59:00,12:31:00,True,7,18,24.0,60.0,1.0,2.5,tp
2022-02-17,h062,13:02:00,long,18186.0,18188.0,18.0,2022-02-17 13:02:00,13:01:00,True,16,25,64.0,2.0,3.5555555555555554,0.1111111111111111,tp
2022-02-17,h062,13:28:00,long,18237.0,18245.0,43.0,2022-02-17 13:28:00,13:06:00,True,17,36,7.0,13.0,0.16279069767441862,0.3023255813953488,timeout
2022-02-18,h062,09:33:00,long,18149.0,18165.0,23.0,2022-02-18 09:33:00,09:32:00,True,53,155,89.0,9.0,3.869565217391304,0.391304347826087,tp
2022-02-18,h062,11:20:00,short,18193.0,18189.0,11.0,2022-02-18 11:20:00,11:19:00,True,13,22,3.0,65.0,0.2727272727272727,5.909090909090909,sl
2022-02-18,h062,11:28:00,long,18222.0,18225.0,24.0,2022-02-18 11:28:00,11:27:00,True,13,31,29.0,21.0,1.2083333333333333,0.875,tp
2022-02-18,h062,12:25:00,long,18239.0,18240.0,13.0,2022-02-18 12:25:00,12:24:00,True,7,21,14.0,25.0,1.0769230769230769,1.9230769230769231,sl
2022-02-18,h062,12:29:00,short,18238.0,18237.0,7.0,2022-02-18 12:29:00,12:26:00,False,0,2,22.0,17.0,3.142857142857143,2.4285714285714284,tp
2022-02-18,h062,12:53:00,long,18230.0,18231.0,15.0,2022-02-18 12:53:00,12:50:00,False,4,6,23.0,15.0,1.5333333333333334,1.0,tp
2022-02-18,h062,13:27:00,short,18240.0,18239.0,12.0,2022-02-18 13:27:00,13:25:00,True,15,28,23.0,0.0,1.9166666666666667,0.0,tp
2022-02-21,h062,10:16:00,short,18158.0,18156.0,20.0,2022-02-21 10:16:00,10:15:00,True,6,22,20.0,86.0,1.0,4.3,tp
2022-02-21,h062,10:18:00,short,18144.0,18136.0,14.0,2022-02-21 10:18:00,10:17:00,True,11,34,0.0,106.0,0.0,7.571428571428571,sl
2022-02-21,h062,10:57:00,long,18213.0,18216.0,22.0,2022-02-21 10:57:00,10:56:00,True,26,72,26.0,33.0,1.1818181818181819,1.5,sl
2022-02-21,h062,11:37:00,long,18206.0,18208.0,20.0,2022-02-21 11:37:00,11:33:00,True,7,19,34.0,24.0,1.7,1.2,sl
2022-02-21,h062,12:21:00,short,18193.0,18187.0,10.0,2022-02-21 12:21:00,12:20:00,True,7,8,2.0,55.0,0.2,5.5,sl
2022-02-21,h062,13:21:00,short,18224.0,18216.0,18.0,2022-02-21 13:21:00,13:16:00,True,6,10,10.0,7.0,0.5555555555555556,0.3888888888888889,timeout
2022-02-22,h062,09:12:00,short,17945.0,17917.0,52.0,2022-02-22 09:12:00,09:11:00,True,59,162,144.0,58.0,2.769230769230769,1.1153846153846154,sl
2022-02-22,h062,10:29:00,short,17874.0,17864.0,18.0,2022-02-22 10:29:00,10:25:00,True,34,56,91.0,89.0,5.055555555555555,4.944444444444445,tp
2022-02-22,h062,12:10:00,short,17835.0,17831.0,10.0,2022-02-22 12:10:00,12:09:00,False,3,7,13.0,122.0,1.3,12.2,tp
2022-02-22,h062,12:27:00,long,17855.0,17864.0,15.0,2022-02-22 12:27:00,12:24:00,True,27,69,89.0,18.0,5.933333333333334,1.2,sl
2022-02-22,h062,13:08:00,long,17885.0,17893.0,18.0,2022-02-22 13:08:00,13:00:00,True,29,54,60.0,18.0,3.3333333333333335,1.0,tp
2022-02-22,h062,13:12:00,short,17892.0,17891.0,12.0,2022-02-22 13:12:00,13:09:00,False,4,12,16.0,62.0,1.3333333333333333,5.166666666666667,sl
2022-02-22,h062,13:27:00,long,17939.0,17947.0,32.0,2022-02-22 13:27:00,13:25:00,True,35,85,6.0,72.0,0.1875,2.25,sl
2022-02-23,h062,09:23:00,long,17999.0,18003.0,20.0,2022-02-23 09:23:00,09:22:00,True,29,61,57.0,62.0,2.85,3.1,sl
2022-02-23,h062,11:58:00,long,17989.0,17992.0,9.0,2022-02-23 11:58:00,11:56:00,True,13,18,68.0,17.0,7.555555555555555,1.8888888888888888,sl
2022-02-23,h062,12:38:00,short,17995.0,17993.0,5.0,2022-02-23 12:38:00,12:35:00,False,2,5,0.0,67.0,0.0,13.4,sl
2022-02-23,h062,12:46:00,long,18009.0,18019.0,9.0,2022-02-23 12:46:00,12:45:00,True,69,102,41.0,7.0,4.555555555555555,0.7777777777777778,tp
2022-02-24,h062,09:29:00,short,17733.0,17725.0,45.0,2022-02-24 09:29:00,09:28:00,True,58,107,219.0,125.0,4.866666666666666,2.7777777777777777,sl
2022-02-24,h062,09:52:00,short,17827.0,17824.0,23.0,2022-02-24 09:52:00,09:51:00,True,18,43,318.0,18.0,13.826086956521738,0.782608695652174,tp
2022-02-24,h062,10:55:00,short,17762.0,17760.0,18.0,2022-02-24 10:55:00,10:50:00,True,22,60,254.0,7.0,14.11111111111111,0.3888888888888889,tp
2022-02-24,h062,11:09:00,short,17711.0,17705.0,24.0,2022-02-24 11:09:00,11:07:00,True,25,58,199.0,22.0,8.291666666666666,0.9166666666666666,tp
2022-02-24,h062,13:06:00,short,17563.0,17561.0,31.0,2022-02-24 13:06:00,13:05:00,True,14,36,55.0,67.0,1.7741935483870968,2.161290322580645,sl
2022-02-25,h062,12:56:00,short,17621.0,17616.0,16.0,2022-02-25 12:56:00,12:55:00,True,8,14,58.0,16.0,3.625,1.0,sl
2022-02-25,h062,13:29:00,short,17578.0,17570.0,28.0,2022-02-25 13:29:00,13:25:00,True,18,45,12.0,58.0,0.42857142857142855,2.0714285714285716,sl
2022-03-01,h062,09:21:00,long,17820.0,17823.0,38.0,2022-03-01 09:21:00,09:19:00,True,30,71,119.0,5.0,3.1315789473684212,0.13157894736842105,tp
2022-03-01,h062,10:07:00,long,17915.0,17918.0,18.0,2022-03-01 10:07:00,10:05:00,True,28,46,24.0,50.0,1.3333333333333333,2.7777777777777777,sl
2022-03-01,h062,10:50:00,short,17896.0,17892.0,19.0,2022-03-01 10:50:00,10:45:00,True,9,16,5.0,50.0,0.2631578947368421,2.6315789473684212,sl
2022-03-01,h062,11:04:00,short,17909.0,17907.0,14.0,2022-03-01 11:04:00,11:03:00,True,5,12,20.0,35.0,1.4285714285714286,2.5,tp
2022-03-01,h062,11:32:00,long,17926.0,17930.0,11.0,2022-03-01 11:32:00,11:28:00,True,14,29,12.0,43.0,1.0909090909090908,3.909090909090909,sl
2022-03-01,h062,12:04:00,short,17928.0,17924.0,13.0,2022-03-01 12:04:00,11:58:00,True,5,9,37.0,18.0,2.8461538461538463,1.3846153846153846,sl
2022-03-02,h062,09:25:00,short,17775.0,17767.0,29.0,2022-03-02 09:25:00,09:24:00,True,85,132,3.0,128.0,0.10344827586206896,4.413793103448276,sl
2022-03-02,h062,10:50:00,long,17800.0,17804.0,18.0,2022-03-02 10:50:00,10:42:00,True,14,31,91.0,18.0,5.055555555555555,1.0,tp
2022-03-02,h062,11:02:00,short,17819.0,17818.0,9.0,2022-03-02 11:02:00,11:01:00,False,3,6,32.0,77.0,3.5555555555555554,8.555555555555555,sl
2022-03-02,h062,12:40:00,long,17824.0,17828.0,6.0,2022-03-02 12:40:00,12:39:00,True,9,23,67.0,1.0,11.166666666666666,0.16666666666666666,tp
2022-03-02,h062,12:45:00,long,17841.0,17843.0,12.0,2022-03-02 12:45:00,12:43:00,True,28,45,52.0,11.0,4.333333333333333,0.9166666666666666,tp
2022-03-02,h062,13:04:00,long,17884.0,17886.0,32.0,2022-03-02 13:04:00,13:02:00,True,15,36,9.0,54.0,0.28125,1.6875,sl
2022-03-03,h062,10:30:00,long,17904.0,17909.0,17.0,2022-03-03 10:30:00,10:20:00,True,30,49,23.0,31.0,1.3529411764705883,1.8235294117647058,tp
2022-03-03,h062,11:19:00,long,17904.0,17906.0,11.0,2022-03-03 11:19:00,11:18:00,False,4,7,26.0,28.0,2.3636363636363638,2.5454545454545454,sl
2022-03-03,h062,11:40:00,long,17896.0,17900.0,9.0,2022-03-03 11:40:00,11:29:00,False,0,3,32.0,22.0,3.5555555555555554,2.4444444444444446,sl
2022-03-03,h062,12:09:00,long,17887.0,17893.0,9.0,2022-03-03 12:09:00,12:07:00,True,5,14,39.0,7.0,4.333333333333333,0.7777777777777778,tp
2022-03-03,h062,12:30:00,long,17915.0,17917.0,9.0,2022-03-03 12:30:00,12:29:00,True,11,17,15.0,31.0,1.6666666666666667,3.4444444444444446,sl
2022-03-03,h062,13:01:00,long,17898.0,17901.0,10.0,2022-03-03 13:01:00,12:55:00,True,8,18,31.0,13.0,3.1,1.3,sl
2022-03-04,h062,12:17:00,short,17722.0,17717.0,14.0,2022-03-04 12:17:00,12:16:00,True,8,17,51.0,19.0,3.642857142857143,1.3571428571428572,sl
2022-03-04,h062,12:49:00,short,17694.0,17690.0,10.0,2022-03-04 12:49:00,12:47:00,True,21,28,24.0,24.0,2.4,2.4,sl
2022-03-07,h062,09:44:00,short,17150.0,17133.0,54.0,2022-03-07 09:44:00,09:39:00,True,24,54,82.0,54.0,1.5185185185185186,1.0,tp
2022-03-07,h062,11:11:00,long,17095.0,17098.0,32.0,2022-03-07 11:11:00,11:03:00,True,5,10,89.0,47.0,2.78125,1.46875,sl
2022-03-07,h062,11:25:00,long,17145.0,17149.0,52.0,2022-03-07 11:25:00,11:24:00,True,32,76,38.0,98.0,0.7307692307692307,1.8846153846153846,sl
2022-03-07,h062,12:46:00,short,17128.0,17126.0,22.0,2022-03-07 12:46:00,12:45:00,False,4,7,75.0,61.0,3.409090909090909,2.772727272727273,sl
2022-03-07,h062,13:01:00,short,17123.0,17118.0,12.0,2022-03-07 13:01:00,12:57:00,True,7,16,67.0,69.0,5.583333333333333,5.75,sl
2022-03-07,h062,13:18:00,long,17178.0,17179.0,43.0,2022-03-07 13:18:00,13:15:00,True,19,50,1.0,128.0,0.023255813953488372,2.9767441860465116,sl
2022-03-08,h062,11:00:00,short,16788.0,16752.0,27.0,2022-03-08 11:00:00,10:57:00,True,25,101,57.0,96.0,2.111111111111111,3.5555555555555554,sl
2022-03-08,h062,12:14:00,long,16770.0,16774.0,26.0,2022-03-08 12:14:00,12:12:00,True,16,40,14.0,79.0,0.5384615384615384,3.0384615384615383,sl
2022-03-08,h062,13:07:00,short,16766.0,16752.0,19.0,2022-03-08 13:07:00,13:05:00,True,10,26,57.0,29.0,3.0,1.5263157894736843,sl
2022-03-09,h062,09:45:00,long,16979.0,16981.0,40.0,2022-03-09 09:45:00,09:36:00,True,31,86,42.0,89.0,1.05,2.225,sl
2022-03-09,h062,11:25:00,long,16911.0,16912.0,19.0,2022-03-09 11:25:00,11:17:00,True,6,13,111.0,4.0,5.842105263157895,0.21052631578947367,tp
2022-03-09,h062,11:57:00,short,16933.0,16919.0,15.0,2022-03-09 11:57:00,11:56:00,True,8,28,2.0,104.0,0.13333333333333333,6.933333333333334,sl
2022-03-09,h062,12:06:00,long,16964.0,16974.0,26.0,2022-03-09 12:06:00,12:01:00,True,32,46,49.0,46.0,1.8846153846153846,1.7692307692307692,tp
2022-03-09,h062,12:41:00,long,17004.0,17017.0,17.0,2022-03-09 12:41:00,12:39:00,True,48,102,5.0,89.0,0.29411764705882354,5.235294117647059,sl
2022-03-09,h062,13:07:00,long,16972.0,16973.0,9.0,2022-03-09 13:07:00,13:06:00,True,12,31,10.0,45.0,1.1111111111111112,5.0,tp
2022-03-10,h062,11:25:00,short,17446.0,17439.0,10.0,2022-03-10 11:25:00,11:24:00,True,6,9,82.0,8.0,8.2,0.8,tp
2022-03-10,h062,11:47:00,short,17416.0,17415.0,13.0,2022-03-10 11:47:00,11:37:00,False,3,7,58.0,31.0,4.461538461538462,2.3846153846153846,sl
2022-03-10,h062,12:06:00,long,17444.0,17445.0,17.0,2022-03-10 12:06:00,12:03:00,False,3,6,0.0,88.0,0.0,5.176470588235294,sl
2022-03-10,h062,12:31:00,long,17419.0,17425.0,15.0,2022-03-10 12:31:00,12:30:00,True,10,17,15.0,68.0,1.0,4.533333333333333,sl
2022-03-10,h062,13:07:00,short,17405.0,17384.0,7.0,2022-03-10 13:07:00,13:06:00,True,40,95,27.0,56.0,3.857142857142857,8.0,sl
2022-03-10,h062,13:18:00,long,17379.0,17384.0,15.0,2022-03-10 13:18:00,13:15:00,True,13,28,56.0,3.0,3.7333333333333334,0.2,tp
2022-03-11,h062,09:34:00,long,17289.0,17292.0,31.0,2022-03-11 09:34:00,09:25:00,True,16,34,2.0,122.0,0.06451612903225806,3.935483870967742,sl
2022-03-11,h062,10:49:00,short,17232.0,17226.0,16.0,2022-03-11 10:49:00,10:45:00,True,6,15,56.0,22.0,3.5,1.375,sl
2022-03-11,h062,11:22:00,long,17225.0,17229.0,19.0,2022-03-11 11:22:00,11:15:00,True,7,13,7.0,59.0,0.3684210526315789,3.1052631578947367,sl
2022-03-11,h062,12:04:00,short,17215.0,17212.0,12.0,2022-03-11 12:04:00,12:02:00,False,2,7,42.0,24.0,3.5,2.0,tp
2022-03-11,h062,12:53:00,short,17221.0,17216.0,13.0,2022-03-11 12:53:00,12:52:00,True,7,15,46.0,20.0,3.5384615384615383,1.5384615384615385,tp
2022-03-11,h062,13:05:00,short,17181.0,17178.0,10.0,2022-03-11 13:05:00,13:04:00,True,18,33,8.0,58.0,0.8,5.8,sl
2022-03-11,h062,13:27:00,long,17200.0,17201.0,15.0,2022-03-11 13:27:00,13:25:00,True,9,20,35.0,14.0,2.3333333333333335,0.9333333333333333,tp
2022-03-14,h062,11:03:00,short,17196.0,17191.0,15.0,2022-03-14 11:03:00,11:02:00,True,10,26,41.0,73.0,2.7333333333333334,4.866666666666666,tp
2022-03-14,h062,11:11:00,short,17167.0,17164.0,20.0,2022-03-14 11:11:00,11:09:00,True,11,22,14.0,100.0,0.7,5.0,sl
2022-03-14,h062,12:37:00,short,17214.0,17211.0,27.0,2022-03-14 12:37:00,12:16:00,True,6,12,16.0,53.0,0.5925925925925926,1.962962962962963,sl
2022-03-14,h062,13:02:00,short,17228.0,17223.0,17.0,2022-03-14 13:02:00,13:01:00,True,13,29,12.0,41.0,0.7058823529411765,2.411764705882353,sl
2022-03-14,h062,13:17:00,short,17239.0,17238.0,19.0,2022-03-14 13:17:00,13:09:00,True,6,8,25.0,22.0,1.3157894736842106,1.1578947368421053,sl
2022-03-15,h062,13:02:00,short,16894.0,16891.0,25.0,2022-03-15 13:02:00,13:00:00,True,7,15,30.0,13.0,1.2,0.52,tp
2022-03-15,h062,13:28:00,long,16888.0,16889.0,22.0,2022-03-15 13:28:00,13:12:00,True,18,38,15.0,21.0,0.6818181818181818,0.9545454545454546,timeout
2022-03-16,h062,10:47:00,short,16918.0,16915.0,12.0,2022-03-16 10:47:00,10:45:00,True,8,19,114.0,39.0,9.5,3.25,sl
2022-03-16,h062,11:04:00,short,16875.0,16868.0,16.0,2022-03-16 11:04:00,11:00:00,True,21,56,67.0,86.0,4.1875,5.375,tp
2022-03-16,h062,11:08:00,short,16844.0,16830.0,31.0,2022-03-16 11:08:00,11:07:00,True,15,55,29.0,124.0,0.9354838709677419,4.0,sl
2022-03-16,h062,12:28:00,long,16819.0,16820.0,15.0,2022-03-16 12:28:00,12:26:00,True,10,28,134.0,17.0,8.933333333333334,1.1333333333333333,tp
2022-03-16,h062,13:01:00,long,16901.0,16912.0,45.0,2022-03-16 13:01:00,13:00:00,True,23,79,42.0,-2.0,0.9333333333333333,-0.044444444444444446,timeout
2022-03-17,h062,09:19:00,short,17360.0,17354.0,37.0,2022-03-17 09:19:00,09:15:00,True,19,33,92.0,116.0,2.4864864864864864,3.135135135135135,sl
2022-03-17,h062,10:11:00,long,17324.0,17327.0,44.0,2022-03-17 10:11:00,09:51:00,True,27,54,143.0,13.0,3.25,0.29545454545454547,tp
2022-03-17,h062,10:40:00,short,17368.0,17362.0,14.0,2022-03-17 10:40:00,10:25:00,True,34,45,26.0,108.0,1.8571428571428572,7.714285714285714,sl
2022-03-17,h062,11:22:00,long,17362.0,17363.0,26.0,2022-03-17 11:22:00,11:19:00,True,9,13,107.0,13.0,4.115384615384615,0.5,tp
2022-03-17,h062,11:42:00,short,17361.0,17359.0,13.0,2022-03-17 11:42:00,11:25:00,False,3,5,9.0,111.0,0.6923076923076923,8.538461538461538,sl
2022-03-17,h062,12:15:00,long,17377.0,17378.0,12.0,2022-03-17 12:15:00,12:13:00,True,5,10,92.0,17.0,7.666666666666667,1.4166666666666667,sl
2022-03-17,h062,12:35:00,short,17379.0,17378.0,7.0,2022-03-17 12:35:00,12:33:00,False,4,8,2.0,92.0,0.2857142857142857,13.142857142857142,sl
2022-03-17,h062,12:49:00,long,17418.0,17422.0,39.0,2022-03-17 12:49:00,12:38:00,True,23,29,48.0,2.0,1.2307692307692308,0.05128205128205128,tp
2022-03-17,h062,13:16:00,long,17459.0,17463.0,16.0,2022-03-17 13:16:00,13:14:00,True,14,33,0.0,38.0,0.0,2.375,sl
2022-03-18,h062,10:14:00,short,17347.0,17343.0,24.0,2022-03-18 10:14:00,10:10:00,True,7,21,48.0,81.0,2.0,3.375,tp
2022-03-18,h062,10:55:00,short,17326.0,17324.0,15.0,2022-03-18 10:55:00,10:45:00,False,0,4,29.0,100.0,1.9333333333333333,6.666666666666667,sl
2022-03-18,h062,11:19:00,short,17316.0,17312.0,14.0,2022-03-18 11:19:00,11:16:00,True,25,36,17.0,112.0,1.2142857142857142,8.0,tp
2022-03-18,h062,11:21:00,long,17312.0,17313.0,9.0,2022-03-18 11:21:00,11:20:00,True,7,14,111.0,18.0,12.333333333333334,2.0,sl
2022-03-18,h062,12:05:00,long,17352.0,17358.0,8.0,2022-03-18 12:05:00,11:59:00,True,8,17,66.0,18.0,8.25,2.25,sl
2022-03-18,h062,13:05:00,short,17346.0,17342.0,22.0,2022-03-18 13:05:00,13:00:00,False,0,4,-1.0,82.0,-0.045454545454545456,3.727272727272727,sl
2022-03-18,h062,13:19:00,long,17373.0,17377.0,11.0,2022-03-18 13:19:00,13:18:00,True,17,31,47.0,28.0,4.2727272727272725,2.5454545454545454,sl
2022-03-18,h062,13:26:00,long,17371.0,17378.0,22.0,2022-03-18 13:26:00,13:25:00,True,35,76,46.0,13.0,2.090909090909091,0.5909090909090909,tp
2022-03-21,h062,10:15:00,long,17549.0,17563.0,15.0,2022-03-21 10:15:00,10:14:00,True,84,203,14.0,111.0,0.9333333333333333,7.4,sl
2022-03-21,h062,11:04:00,short,17515.0,17511.0,11.0,2022-03-21 11:04:00,11:00:00,True,6,16,59.0,31.0,5.363636363636363,2.8181818181818183,sl
2022-03-21,h062,11:45:00,long,17538.0,17539.0,7.0,2022-03-21 11:45:00,11:41:00,True,11,19,0.0,87.0,0.0,12.428571428571429,sl
2022-03-21,h062,12:10:00,short,17510.0,17505.0,9.0,2022-03-21 12:10:00,12:07:00,True,16,40,53.0,33.0,5.888888888888889,3.6666666666666665,sl
2022-03-21,h062,13:06:00,short,17489.0,17488.0,16.0,2022-03-21 13:06:00,13:05:00,True,10,24,36.0,15.0,2.25,0.9375,tp
2022-03-21,h062,13:08:00,long,17490.0,17491.0,10.0,2022-03-21 13:08:00,13:07:00,True,23,41,12.0,39.0,1.2,3.9,sl
2022-03-21,h062,13:16:00,short,17460.0,17456.0,20.0,2022-03-21 13:16:00,13:15:00,True,8,21,4.0,47.0,0.2,2.35,sl
2022-03-22,h062,09:52:00,short,17522.0,17516.0,21.0,2022-03-22 09:52:00,09:50:00,True,6,14,39.0,19.0,1.8571428571428572,0.9047619047619048,tp
2022-03-22,h062,10:38:00,long,17490.0,17494.0,13.0,2022-03-22 10:38:00,10:35:00,True,8,19,41.0,16.0,3.1538461538461537,1.2307692307692308,sl
2022-03-22,h062,12:05:00,long,17501.0,17502.0,7.0,2022-03-22 12:05:00,11:52:00,False,3,6,33.0,7.0,4.714285714285714,1.0,tp
2022-03-22,h062,12:08:00,short,17499.0,17498.0,11.0,2022-03-22 12:08:00,12:06:00,False,0,4,3.0,37.0,0.2727272727272727,3.3636363636363638,sl
2022-03-22,h062,12:19:00,long,17511.0,17513.0,8.0,2022-03-22 12:19:00,12:13:00,True,11,30,22.0,18.0,2.75,2.25,tp
2022-03-22,h062,12:21:00,short,17515.0,17512.0,7.0,2022-03-22 12:21:00,12:20:00,True,5,11,17.0,23.0,2.4285714285714284,3.2857142857142856,sl
2022-03-22,h062,13:25:00,long,17509.0,17528.0,11.0,2022-03-22 13:25:00,13:05:00,True,33,70,7.0,14.0,0.6363636363636364,1.2727272727272727,sl
2022-03-23,h062,09:45:00,long,17691.0,17692.0,19.0,2022-03-23 09:45:00,09:34:00,True,32,43,43.0,82.0,2.263157894736842,4.315789473684211,tp
2022-03-23,h062,10:38:00,long,17717.0,17718.0,8.0,2022-03-23 10:38:00,10:34:00,True,13,29,17.0,108.0,2.125,13.5,tp
2022-03-23,h062,10:44:00,long,17727.0,17728.0,9.0,2022-03-23 10:44:00,10:42:00,True,7,13,7.0,118.0,0.7777777777777778,13.11111111111111,sl
2022-03-23,h062,11:30:00,long,17698.0,17701.0,10.0,2022-03-23 11:30:00,11:28:00,True,12,23,7.0,91.0,0.7,9.1,sl
2022-03-23,h062,11:51:00,short,17671.0,17670.0,18.0,2022-03-23 11:51:00,11:43:00,True,34,38,60.0,38.0,3.3333333333333335,2.111111111111111,sl
2022-03-23,h062,12:16:00,short,17677.0,17665.0,14.0,2022-03-23 12:16:00,12:15:00,True,36,58,55.0,43.0,3.9285714285714284,3.0714285714285716,tp
2022-03-23,h062,12:18:00,short,17642.0,17626.0,25.0,2022-03-23 12:18:00,12:17:00,True,83,184,9.0,82.0,0.36,3.28,sl
2022-03-23,h062,12:49:00,long,17651.0,17656.0,6.0,2022-03-23 12:49:00,12:48:00,True,12,25,52.0,1.0,8.666666666666666,0.16666666666666666,tp
2022-03-23,h062,13:00:00,long,17669.0,17671.0,10.0,2022-03-23 13:00:00,12:51:00,True,15,36,37.0,6.0,3.7,0.6,tp
2022-03-23,h062,13:07:00,long,17680.0,17686.0,10.0,2022-03-23 13:07:00,13:01:00,True,22,53,22.0,9.0,2.2,0.9,tp
2022-03-24,h062,09:18:00,long,17581.0,17583.0,21.0,2022-03-24 09:18:00,09:15:00,True,11,17,104.0,35.0,4.9523809523809526,1.6666666666666667,sl
2022-03-24,h062,10:48:00,long,17620.0,17621.0,12.0,2022-03-24 10:48:00,10:45:00,True,6,7,66.0,5.0,5.5,0.4166666666666667,tp
2022-03-24,h062,11:04:00,short,17620.0,17618.0,11.0,2022-03-24 11:04:00,10:49:00,False,0,3,2.0,69.0,0.18181818181818182,6.2727272727272725,sl
2022-03-24,h062,11:33:00,long,17646.0,17654.0,8.0,2022-03-24 11:33:00,11:31:00,True,30,45,33.0,11.0,4.125,1.375,sl
2022-03-24,h062,11:57:00,long,17673.0,17681.0,8.0,2022-03-24 11:57:00,11:55:00,True,35,51,6.0,22.0,0.75,2.75,sl
2022-03-24,h062,12:43:00,short,17670.0,17669.0,8.0,2022-03-24 12:43:00,12:40:00,False,0,4,10.0,14.0,1.25,1.75,sl
2022-03-24,h062,13:01:00,short,17670.0,17667.0,10.0,2022-03-24 13:01:00,13:00:00,True,8,15,8.0,16.0,0.8,1.6,sl
2022-03-25,h062,12:17:00,short,17639.0,17636.0,9.0,2022-03-25 12:17:00,12:11:00,False,0,4,31.0,31.0,3.4444444444444446,3.4444444444444446,tp
2022-03-25,h062,12:35:00,short,17623.0,17614.0,6.0,2022-03-25 12:35:00,12:34:00,True,15,42,0.0,53.0,0.0,8.833333333333334,sl
2022-03-25,h062,12:49:00,long,17648.0,17659.0,9.0,2022-03-25 12:49:00,12:48:00,True,34,63,8.0,41.0,0.8888888888888888,4.555555555555555,sl
2022-03-25,h062,13:28:00,short,17638.0,17636.0,11.0,2022-03-25 13:28:00,13:25:00,True,7,21,18.0,9.0,1.6363636363636365,0.8181818181818182,tp
2022-03-28,h062,09:16:00,short,17334.0,17330.0,44.0,2022-03-28 09:16:00,09:15:00,True,29,76,26.0,175.0,0.5909090909090909,3.977272727272727,sl
2022-03-28,h062,11:00:00,long,17402.0,17403.0,17.0,2022-03-28 11:00:00,10:54:00,True,14,29,102.0,1.0,6.0,0.058823529411764705,tp
2022-03-28,h062,11:16:00,long,17422.0,17431.0,20.0,2022-03-28 11:16:00,11:01:00,True,56,78,74.0,18.0,3.7,0.9,tp
2022-03-28,h062,11:49:00,long,17446.0,17457.0,19.0,2022-03-28 11:49:00,11:40:00,True,28,69,48.0,36.0,2.526315789473684,1.894736842105263,sl
2022-03-28,h062,12:22:00,long,17447.0,17449.0,14.0,2022-03-28 12:22:00,12:20:00,True,12,16,56.0,19.0,4.0,1.3571428571428572,tp
2022-03-28,h062,12:36:00,long,17486.0,17496.0,37.0,2022-03-28 12:36:00,12:35:00,True,43,82,9.0,66.0,0.24324324324324326,1.7837837837837838,sl
2022-03-29,h062,09:49:00,short,17554.0,17551.0,23.0,2022-03-29 09:49:00,09:42:00,True,10,26,67.0,18.0,2.9130434782608696,0.782608695652174,tp
2022-03-29,h062,10:29:00,short,17533.0,17529.0,14.0,2022-03-29 10:29:00,10:15:00,True,11,16,45.0,23.0,3.2142857142857144,1.6428571428571428,tp
2022-03-29,h062,11:01:00,short,17510.0,17508.0,12.0,2022-03-29 11:01:00,11:00:00,True,9,26,24.0,44.0,2.0,3.6666666666666665,sl
2022-03-29,h062,11:06:00,long,17513.0,17516.0,8.0,2022-03-29 11:06:00,11:05:00,True,8,13,36.0,32.0,4.5,4.0,tp
2022-03-29,h062,11:45:00,long,17510.0,17512.0,8.0,2022-03-29 11:45:00,11:44:00,True,6,11,40.0,28.0,5.0,3.5,sl
2022-03-29,h062,12:36:00,long,17498.0,17500.0,10.0,2022-03-29 12:36:00,12:35:00,False,3,8,52.0,12.0,5.2,1.2,sl
2022-03-29,h062,12:55:00,long,17511.0,17514.0,10.0,2022-03-29 12:55:00,12:50:00,True,8,12,38.0,26.0,3.8,2.6,sl
2022-03-29,h062,13:07:00,short,17514.0,17506.0,11.0,2022-03-29 13:07:00,13:06:00,False,4,8,18.0,46.0,1.6363636363636365,4.181818181818182,tp
2022-03-30,h062,09:28:00,long,17730.0,17734.0,18.0,2022-03-30 09:28:00,09:27:00,True,24,62,21.0,76.0,1.1666666666666667,4.222222222222222,sl
2022-03-30,h062,10:36:00,long,17702.0,17706.0,9.0,2022-03-30 10:36:00,10:34:00,True,7,22,49.0,48.0,5.444444444444445,5.333333333333333,sl
2022-03-30,h062,11:00:00,long,17672.0,17676.0,14.0,2022-03-30 11:00:00,10:56:00,True,21,33,79.0,5.0,5.642857142857143,0.35714285714285715,tp
2022-03-30,h062,12:04:00,long,17699.0,17703.0,6.0,2022-03-30 12:04:00,12:03:00,True,8,21,52.0,3.0,8.666666666666666,0.5,tp
2022-03-30,h062,12:07:00,long,17708.0,17718.0,6.0,2022-03-30 12:07:00,12:05:00,True,36,59,37.0,10.0,6.166666666666667,1.6666666666666667,sl
2022-03-30,h062,12:29:00,short,17735.0,17732.0,14.0,2022-03-30 12:29:00,12:26:00,True,5,7,24.0,23.0,1.7142857142857142,1.6428571428571428,tp
2022-03-30,h062,13:12:00,short,17732.0,17731.0,20.0,2022-03-30 13:12:00,13:01:00,True,18,30,18.0,14.0,0.9,0.7,timeout
2022-03-31,h062,11:11:00,long,17704.0,17705.0,8.0,2022-03-31 11:11:00,11:10:00,False,4,12,10.0,82.0,1.25,10.25,tp
2022-03-31,h062,11:35:00,short,17700.0,17692.0,11.0,2022-03-31 11:35:00,11:33:00,True,6,14,69.0,23.0,6.2727272727272725,2.090909090909091,sl
2022-03-31,h062,12:09:00,short,17698.0,17697.0,9.0,2022-03-31 12:09:00,12:07:00,False,4,6,74.0,18.0,8.222222222222221,2.0,sl
2022-03-31,h062,12:16:00,long,17702.0,17705.0,11.0,2022-03-31 12:16:00,12:15:00,True,11,19,10.0,82.0,0.9090909090909091,7.454545454545454,sl
2022-03-31,h062,12:18:00,short,17702.0,17701.0,8.0,2022-03-31 12:18:00,12:17:00,False,0,3,78.0,14.0,9.75,1.75,tp
2022-03-31,h062,12:50:00,long,17708.0,17709.0,6.0,2022-03-31 12:50:00,12:49:00,True,13,26,6.0,86.0,1.0,14.333333333333334,tp
2022-03-31,h062,12:52:00,short,17709.0,17707.0,6.0,2022-03-31 12:52:00,12:51:00,False,4,10,84.0,3.0,14.0,0.5,tp
2022-03-31,h062,13:08:00,short,17681.0,17671.0,12.0,2022-03-31 13:08:00,13:07:00,True,22,60,48.0,13.0,4.0,1.0833333333333333,sl
2022-04-01,h062,09:53:00,short,17513.0,17509.0,7.0,2022-04-01 09:53:00,09:52:00,False,3,9,29.0,58.0,4.142857142857143,8.285714285714286,sl
2022-04-01,h062,10:11:00,short,17524.0,17522.0,11.0,2022-04-01 10:11:00,10:02:00,False,2,5,42.0,45.0,3.8181818181818183,4.090909090909091,tp
2022-04-01,h062,10:25:00,short,17495.0,17491.0,15.0,2022-04-01 10:25:00,10:21:00,True,10,22,11.0,76.0,0.7333333333333333,5.066666666666666,sl
2022-04-01,h062,11:04:00,short,17513.0,17506.0,16.0,2022-04-01 11:04:00,11:00:00,False,0,2,15.0,61.0,0.9375,3.8125,sl
2022-04-01,h062,12:10:00,short,17525.0,17524.0,9.0,2022-04-01 12:10:00,12:06:00,True,19,26,26.0,43.0,2.888888888888889,4.777777777777778,sl
2022-04-01,h062,12:18:00,short,17524.0,17523.0,12.0,2022-04-01 12:18:00,12:15:00,False,2,5,25.0,44.0,2.0833333333333335,3.6666666666666665,sl
2022-04-01,h062,12:44:00,short,17510.0,17509.0,9.0,2022-04-01 12:44:00,12:41:00,True,5,9,11.0,58.0,1.2222222222222223,6.444444444444445,tp
2022-04-01,h062,12:54:00,long,17507.0,17512.0,9.0,2022-04-01 12:54:00,12:53:00,True,6,8,55.0,3.0,6.111111111111111,0.3333333333333333,tp
2022-04-01,h062,13:25:00,long,17547.0,17551.0,15.0,2022-04-01 13:25:00,13:20:00,True,62,113,16.0,10.0,1.0666666666666667,0.6666666666666666,tp
2022-04-06,h062,10:30:00,long,17422.0,17423.0,13.0,2022-04-06 10:30:00,10:26:00,True,7,17,85.0,7.0,6.538461538461538,0.5384615384615384,tp
2022-04-06,h062,10:39:00,short,17433.0,17430.0,11.0,2022-04-06 10:39:00,10:37:00,False,4,8,10.0,78.0,0.9090909090909091,7.090909090909091,sl
2022-04-06,h062,11:15:00,short,17445.0,17442.0,8.0,2022-04-06 11:15:00,11:14:00,True,10,20,15.0,66.0,1.875,8.25,tp
2022-04-06,h062,12:02:00,long,17437.0,17438.0,8.0,2022-04-06 12:02:00,11:47:00,True,5,7,70.0,4.0,8.75,0.5,tp
2022-04-06,h062,12:07:00,long,17449.0,17455.0,6.0,2022-04-06 12:07:00,12:06:00,True,11,20,53.0,6.0,8.833333333333334,1.0,tp
2022-04-06,h062,12:09:00,short,17453.0,17452.0,9.0,2022-04-06 12:09:00,12:08:00,False,3,8,0.0,56.0,0.0,6.222222222222222,sl
2022-04-06,h062,12:19:00,long,17465.0,17469.0,11.0,2022-04-06 12:19:00,12:15:00,True,5,15,39.0,12.0,3.5454545454545454,1.0909090909090908,sl
2022-04-06,h062,12:47:00,long,17484.0,17486.0,16.0,2022-04-06 12:47:00,12:45:00,True,25,43,22.0,13.0,1.375,0.8125,tp
2022-04-06,h062,12:55:00,short,17483.0,17479.0,13.0,2022-04-06 12:55:00,12:50:00,False,4,8,6.0,29.0,0.46153846153846156,2.230769230769231,sl
2022-04-06,h062,13:11:00,short,17493.0,17491.0,9.0,2022-04-06 13:11:00,13:08:00,True,6,14,18.0,17.0,2.0,1.8888888888888888,sl
2022-04-07,h062,10:35:00,short,17337.0,17326.0,16.0,2022-04-07 10:35:00,10:34:00,True,18,41,203.0,23.0,12.6875,1.4375,sl
2022-04-07,h062,11:13:00,short,17281.0,17279.0,26.0,2022-04-07 11:13:00,11:12:00,True,20,63,156.0,4.0,6.0,0.15384615384615385,tp
2022-04-07,h062,11:27:00,short,17260.0,17251.0,19.0,2022-04-07 11:27:00,11:15:00,True,18,37,128.0,21.0,6.7368421052631575,1.105263157894737,sl
2022-04-07,h062,12:16:00,long,17223.0,17224.0,9.0,2022-04-07 12:16:00,12:14:00,True,13,27,13.0,101.0,1.4444444444444444,11.222222222222221,tp
2022-04-08,h062,09:54:00,short,17212.0,17211.0,19.0,2022-04-08 09:54:00,09:45:00,True,17,24,21.0,107.0,1.105263157894737,5.631578947368421,tp
2022-04-08,h062,10:17:00,short,17229.0,17228.0,10.0,2022-04-08 10:17:00,10:15:00,True,7,18,14.0,90.0,1.4,9.0,tp
2022-04-08,h062,10:46:00,short,17245.0,17243.0,8.0,2022-04-08 10:46:00,10:45:00,True,7,20,29.0,75.0,3.625,9.375,sl
2022-04-08,h062,11:45:00,long,17234.0,17239.0,16.0,2022-04-08 11:45:00,11:25:00,True,10,15,79.0,17.0,4.9375,1.0625,sl
2022-04-08,h062,11:53:00,long,17232.0,17234.0,10.0,2022-04-08 11:53:00,11:50:00,True,16,19,84.0,12.0,8.4,1.2,sl
2022-04-08,h062,12:29:00,short,17236.0,17235.0,6.0,2022-04-08 12:29:00,12:27:00,False,0,1,13.0,83.0,2.1666666666666665,13.833333333333334,sl
2022-04-08,h062,12:55:00,long,17236.0,17242.0,12.0,2022-04-08 12:55:00,12:53:00,True,9,15,76.0,9.0,6.333333333333333,0.75,tp
2022-04-08,h062,13:01:00,long,17256.0,17258.0,16.0,2022-04-08 13:01:00,13:00:00,True,10,30,60.0,4.0,3.75,0.25,tp
2022-04-11,h062,09:31:00,short,17201.0,17194.0,25.0,2022-04-11 09:31:00,09:30:00,True,16,46,218.0,11.0,8.72,0.44,tp
2022-04-11,h062,09:54:00,short,17111.0,17096.0,34.0,2022-04-11 09:54:00,09:47:00,True,49,102,120.0,16.0,3.5294117647058822,0.47058823529411764,tp
2022-04-11,h062,12:01:00,long,17059.0,17062.0,9.0,2022-04-11 12:01:00,11:55:00,True,11,16,3.0,80.0,0.3333333333333333,8.88888888888889,sl
2022-04-11,h062,12:33:00,short,17022.0,17017.0,15.0,2022-04-11 12:33:00,12:27:00,True,7,17,35.0,25.0,2.3333333333333335,1.6666666666666667,sl
2022-04-11,h062,13:02:00,short,17002.0,16998.0,14.0,2022-04-11 13:02:00,13:01:00,True,24,44,16.0,44.0,1.1428571428571428,3.142857142857143,sl
2022-04-12,h062,09:35:00,long,17023.0,17044.0,27.0,2022-04-12 09:35:00,09:34:00,True,27,103,24.0,115.0,0.8888888888888888,4.2592592592592595,sl
2022-04-12,h062,09:39:00,short,17043.0,17042.0,25.0,2022-04-12 09:39:00,09:36:00,True,19,47,113.0,19.0,4.52,0.76,tp
2022-04-12,h062,10:45:00,short,17035.0,17017.0,21.0,2022-04-12 10:45:00,10:43:00,True,11,32,88.0,44.0,4.190476190476191,2.0952380952380953,sl
2022-04-12,h062,11:35:00,short,16996.0,16988.0,16.0,2022-04-12 11:35:00,11:34:00,True,11,30,59.0,61.0,3.6875,3.8125,tp
2022-04-12,h062,11:47:00,short,16972.0,16968.0,19.0,2022-04-12 11:47:00,11:36:00,True,7,18,39.0,81.0,2.0526315789473686,4.2631578947368425,sl
2022-04-12,h062,12:38:00,long,16976.0,16979.0,18.0,2022-04-12 12:38:00,12:29:00,True,5,6,70.0,50.0,3.888888888888889,2.7777777777777777,sl
2022-04-12,h062,12:57:00,short,16952.0,16947.0,18.0,2022-04-12 12:57:00,12:56:00,True,17,38,18.0,102.0,1.0,5.666666666666667,tp
2022-04-12,h062,13:12:00,long,16997.0,17014.0,24.0,2022-04-12 13:12:00,13:11:00,True,40,104,35.0,30.0,1.4583333333333333,1.25,tp
2022-04-13,h062,09:59:00,long,17192.0,17193.0,26.0,2022-04-13 09:59:00,09:28:00,True,5,10,128.0,6.0,4.923076923076923,0.23076923076923078,tp
2022-04-13,h062,10:34:00,long,17232.0,17238.0,14.0,2022-04-13 10:34:00,10:29:00,True,11,25,83.0,9.0,5.928571428571429,0.6428571428571429,tp
2022-04-13,h062,11:36:00,long,17297.0,17298.0,13.0,2022-04-13 11:36:00,11:27:00,True,16,21,23.0,32.0,1.7692307692307692,2.4615384615384617,sl
2022-04-13,h062,12:11:00,long,17276.0,17280.0,10.0,2022-04-13 12:11:00,12:10:00,False,4,11,41.0,7.0,4.1,0.7,tp
2022-04-13,h062,13:00:00,short,17284.0,17282.0,12.0,2022-04-13 13:00:00,12:46:00,True,12,38,9.0,39.0,0.75,3.25,sl
2022-04-13,h062,13:03:00,long,17298.0,17308.0,23.0,2022-04-13 13:03:00,13:02:00,True,42,84,13.0,26.0,0.5652173913043478,1.1304347826086956,sl
2022-04-14,h062,10:46:00,long,17278.0,17280.0,13.0,2022-04-14 10:46:00,10:44:00,True,10,10,29.0,29.0,2.230769230769231,2.230769230769231,tp
2022-04-14,h062,11:04:00,long,17295.0,17303.0,15.0,2022-04-14 11:04:00,11:03:00,True,16,38,6.0,52.0,0.4,3.466666666666667,sl
2022-04-14,h062,11:48:00,long,17288.0,17290.0,8.0,2022-04-14 11:48:00,11:45:00,True,10,16,12.0,39.0,1.5,4.875,sl
2022-04-14,h062,12:04:00,short,17261.0,17259.0,11.0,2022-04-14 12:04:00,12:01:00,True,7,16,8.0,43.0,0.7272727272727273,3.909090909090909,sl
2022-04-14,h062,12:06:00,long,17265.0,17271.0,14.0,2022-04-14 12:06:00,12:05:00,True,10,20,31.0,15.0,2.2142857142857144,1.0714285714285714,tp
2022-04-14,h062,12:33:00,short,17293.0,17292.0,9.0,2022-04-14 12:33:00,12:29:00,False,0,3,36.0,10.0,4.0,1.1111111111111112,tp
2022-04-14,h062,13:04:00,short,17286.0,17283.0,10.0,2022-04-14 13:04:00,13:02:00,True,5,13,27.0,19.0,2.7,1.9,sl
2022-04-14,h062,13:18:00,long,17297.0,17298.0,8.0,2022-04-14 13:18:00,13:16:00,False,3,9,4.0,42.0,0.5,5.25,sl
2022-04-15,h062,10:11:00,short,17010.0,17009.0,28.0,2022-04-15 10:11:00,10:10:00,True,16,53,49.0,15.0,1.75,0.5357142857142857,tp
2022-04-15,h062,11:03:00,short,16973.0,16971.0,17.0,2022-04-15 11:03:00,11:02:00,True,9,24,11.0,53.0,0.6470588235294118,3.1176470588235294,sl
2022-04-15,h062,11:32:00,short,17004.0,16997.0,15.0,2022-04-15 11:32:00,11:30:00,True,6,13,37.0,27.0,2.466666666666667,1.8,sl
2022-04-15,h062,12:02:00,short,17008.0,17005.0,16.0,2022-04-15 12:02:00,12:01:00,True,5,12,45.0,16.0,2.8125,1.0,sl
2022-04-15,h062,12:39:00,long,16995.0,16997.0,7.0,2022-04-15 12:39:00,12:36:00,True,8,10,16.0,37.0,2.2857142857142856,5.285714285714286,tp
2022-04-18,h062,10:17:00,short,16905.0,16901.0,17.0,2022-04-18 10:17:00,10:16:00,True,13,34,88.0,32.0,5.176470588235294,1.8823529411764706,tp
2022-04-18,h062,10:39:00,short,16830.0,16817.0,31.0,2022-04-18 10:39:00,10:34:00,True,20,49,4.0,116.0,0.12903225806451613,3.7419354838709675,sl
2022-04-18,h062,11:39:00,long,16894.0,16896.0,14.0,2022-04-18 11:39:00,11:38:00,True,9,22,37.0,33.0,2.642857142857143,2.357142857142857,tp
2022-04-18,h062,12:03:00,long,16917.0,16926.0,12.0,2022-04-18 12:03:00,12:02:00,True,24,60,7.0,63.0,0.5833333333333334,5.25,sl
2022-04-18,h062,12:44:00,short,16920.0,16919.0,13.0,2022-04-18 12:44:00,12:40:00,False,0,2,56.0,3.0,4.3076923076923075,0.23076923076923078,tp
2022-04-18,h062,13:09:00,long,16894.0,16896.0,28.0,2022-04-18 13:09:00,13:03:00,False,2,5,11.0,33.0,0.39285714285714285,1.1785714285714286,sl
2022-04-18,h062,13:29:00,short,16869.0,16867.0,25.0,2022-04-18 13:29:00,13:25:00,True,12,28,3.0,21.0,0.12,0.84,timeout
2022-04-19,h062,09:25:00,long,17092.0,17105.0,34.0,2022-04-19 09:25:00,09:13:00,True,78,133,17.0,117.0,0.5,3.4411764705882355,sl
2022-04-19,h062,10:35:00,long,17034.0,17040.0,18.0,2022-04-19 10:35:00,10:30:00,True,9,20,44.0,52.0,2.4444444444444446,2.888888888888889,tp
2022-04-19,h062,11:22:00,long,17068.0,17075.0,11.0,2022-04-19 11:22:00,11:21:00,True,27,54,9.0,87.0,0.8181818181818182,7.909090909090909,sl
2022-04-19,h062,11:25:00,short,17073.0,17072.0,11.0,2022-04-19 11:25:00,11:24:00,False,3,10,84.0,6.0,7.636363636363637,0.5454545454545454,tp
2022-04-19,h062,11:48:00,long,17059.0,17060.0,11.0,2022-04-19 11:48:00,11:46:00,True,6,6,7.0,72.0,0.6363636363636364,6.545454545454546,sl
2022-04-19,h062,12:21:00,long,17054.0,17056.0,8.0,2022-04-19 12:21:00,12:20:00,True,15,20,11.0,68.0,1.375,8.5,sl
2022-04-19,h062,12:52:00,long,17043.0,17046.0,7.0,2022-04-19 12:52:00,12:46:00,False,3,5,21.0,58.0,3.0,8.285714285714286,tp
2022-04-19,h062,13:00:00,short,17047.0,17044.0,19.0,2022-04-19 13:00:00,12:56:00,True,7,16,56.0,5.0,2.9473684210526314,0.2631578947368421,tp
2022-04-20,h062,09:57:00,short,16980.0,16979.0,11.0,2022-04-20 09:57:00,09:56:00,True,9,21,28.0,103.0,2.5454545454545454,9.363636363636363,tp
2022-04-20,h062,11:44:00,short,17025.0,17024.0,10.0,2022-04-20 11:44:00,11:40:00,True,6,11,5.0,58.0,0.5,5.8,sl
2022-04-20,h062,12:00:00,short,17045.0,17043.0,8.0,2022-04-20 12:00:00,11:55:00,True,6,14,13.0,39.0,1.625,4.875,tp
2022-04-20,h062,12:31:00,short,17050.0,17048.0,8.0,2022-04-20 12:31:00,12:28:00,False,4,11,12.0,34.0,1.5,4.25,tp
2022-04-20,h062,13:01:00,long,17067.0,17071.0,20.0,2022-04-20 13:01:00,13:00:00,True,68,131,11.0,22.0,0.55,1.1,sl
2022-04-21,h062,09:58:00,short,17190.0,17189.0,32.0,2022-04-21 09:58:00,09:48:00,True,14,25,99.0,21.0,3.09375,0.65625,tp
2022-04-21,h062,10:25:00,long,17180.0,17181.0,10.0,2022-04-21 10:25:00,10:23:00,True,12,16,0.0,91.0,0.0,9.1,sl
2022-04-21,h062,11:04:00,short,17144.0,17136.0,18.0,2022-04-21 11:04:00,11:03:00,True,23,56,46.0,9.0,2.5555555555555554,0.5,tp
2022-04-21,h062,11:07:00,long,17140.0,17142.0,13.0,2022-04-21 11:07:00,11:05:00,False,0,4,3.0,52.0,0.23076923076923078,4.0,sl
2022-04-21,h062,12:12:00,short,17131.0,17129.0,12.0,2022-04-21 12:12:00,12:10:00,True,6,12,39.0,16.0,3.25,1.3333333333333333,sl
2022-04-21,h062,12:45:00,long,17131.0,17133.0,13.0,2022-04-21 12:45:00,12:39:00,True,18,25,8.0,43.0,0.6153846153846154,3.3076923076923075,sl
2022-04-21,h062,13:14:00,long,17123.0,17131.0,31.0,2022-04-21 13:14:00,13:01:00,True,13,31,10.0,24.0,0.3225806451612903,0.7741935483870968,timeout
2022-04-22,h062,11:37:00,long,16937.0,16938.0,12.0,2022-04-22 11:37:00,11:31:00,True,5,7,61.0,22.0,5.083333333333333,1.8333333333333333,sl
2022-04-22,h062,12:19:00,long,16925.0,16926.0,9.0,2022-04-22 12:19:00,12:18:00,False,4,9,73.0,1.0,8.11111111111111,0.1111111111111111,tp
2022-04-22,h062,12:22:00,long,16948.0,16949.0,19.0,2022-04-22 12:22:00,12:21:00,True,14,28,50.0,2.0,2.6315789473684212,0.10526315789473684,tp
2022-04-22,h062,12:28:00,long,16966.0,16968.0,17.0,2022-04-22 12:28:00,12:27:00,True,10,34,31.0,13.0,1.8235294117647058,0.7647058823529411,tp
2022-04-22,h062,13:15:00,long,16993.0,16997.0,7.0,2022-04-22 13:15:00,13:09:00,True,9,22,2.0,33.0,0.2857142857142857,4.714285714285714,sl
2022-04-25,h062,11:15:00,long,16585.0,16596.0,16.0,2022-04-25 11:15:00,11:14:00,True,46,66,15.0,88.0,0.9375,5.5,sl
2022-04-25,h062,11:22:00,short,16598.0,16593.0,13.0,2022-04-25 11:22:00,11:20:00,True,6,15,85.0,9.0,6.538461538461538,0.6923076923076923,tp
2022-04-25,h062,12:15:00,long,16528.0,16531.0,19.0,2022-04-25 12:15:00,12:14:00,True,28,48,60.0,6.0,3.1578947368421053,0.3157894736842105,tp
2022-04-25,h062,12:43:00,long,16555.0,16568.0,16.0,2022-04-25 12:43:00,12:42:00,True,23,47,23.0,19.0,1.4375,1.1875,sl
2022-04-26,h062,11:09:00,long,16618.0,16625.0,14.0,2022-04-26 11:09:00,11:03:00,True,23,46,30.0,67.0,2.142857142857143,4.785714285714286,tp
2022-04-26,h062,12:10:00,short,16625.0,16623.0,9.0,2022-04-26 12:10:00,12:07:00,True,5,10,65.0,14.0,7.222222222222222,1.5555555555555556,sl
2022-04-26,h062,13:07:00,short,16607.0,16600.0,10.0,2022-04-26 13:07:00,13:06:00,True,6,22,42.0,4.0,4.2,0.4,tp
2022-04-26,h062,13:17:00,short,16573.0,16572.0,15.0,2022-04-26 13:17:00,13:15:00,False,3,10,14.0,16.0,0.9333333333333333,1.0666666666666667,sl
2022-04-27,h062,10:07:00,short,16235.0,16226.0,23.0,2022-04-27 10:07:00,10:01:00,True,30,84,66.0,118.0,2.869565217391304,5.130434782608695,sl
2022-04-27,h062,11:18:00,short,16302.0,16297.0,32.0,2022-04-27 11:18:00,11:11:00,True,5,9,62.0,47.0,1.9375,1.46875,sl
2022-04-27,h062,12:24:00,short,16302.0,16299.0,10.0,2022-04-27 12:24:00,12:21:00,True,12,22,64.0,16.0,6.4,1.6,sl
2022-04-28,h062,09:35:00,short,16222.0,16221.0,22.0,2022-04-28 09:35:00,09:34:00,True,13,32,1.0,195.0,0.045454545454545456,8.863636363636363,sl
2022-04-28,h062,10:36:00,short,16358.0,16356.0,9.0,2022-04-28 10:36:00,10:34:00,True,5,8,20.0,60.0,2.2222222222222223,6.666666666666667,sl
2022-04-28,h062,10:54:00,short,16398.0,16392.0,18.0,2022-04-28 10:54:00,10:45:00,True,7,21,56.0,18.0,3.111111111111111,1.0,tp
2022-04-28,h062,12:05:00,short,16362.0,16354.0,12.0,2022-04-28 12:05:00,12:02:00,True,7,14,18.0,56.0,1.5,4.666666666666667,sl
2022-04-28,h062,12:43:00,long,16394.0,16398.0,23.0,2022-04-28 12:43:00,12:42:00,True,11,27,12.0,62.0,0.5217391304347826,2.6956521739130435,sl
2022-04-29,h062,10:26:00,short,16545.0,16543.0,21.0,2022-04-29 10:26:00,10:14:00,True,9,23,48.0,59.0,2.2857142857142856,2.8095238095238093,tp
2022-04-29,h062,13:02:00,long,16576.0,16584.0,32.0,2022-04-29 13:02:00,13:00:00,True,22,42,18.0,30.0,0.5625,0.9375,timeout
2022-04-29,h062,13:08:00,short,16588.0,16575.0,14.0,2022-04-29 13:08:00,13:05:00,True,10,31,21.0,18.0,1.5,1.2857142857142858,sl
2022-05-03,h062,09:47:00,long,16487.0,16489.0,29.0,2022-05-03 09:47:00,09:44:00,True,18,45,27.0,55.0,0.9310344827586207,1.896551724137931,sl
2022-05-03,h062,10:37:00,short,16455.0,16453.0,14.0,2022-05-03 10:37:00,10:36:00,True,15,28,19.0,63.0,1.3571428571428572,4.5,sl
2022-05-03,h062,11:01:00,short,16494.0,16492.0,22.0,2022-05-03 11:01:00,10:55:00,False,3,6,58.0,9.0,2.6363636363636362,0.4090909090909091,tp
2022-05-03,h062,11:33:00,short,16475.0,16465.0,13.0,2022-05-03 11:33:00,11:25:00,True,13,19,31.0,33.0,2.3846153846153846,2.5384615384615383,sl
2022-05-03,h062,12:07:00,long,16453.0,16464.0,13.0,2022-05-03 12:07:00,12:05:00,True,13,29,34.0,30.0,2.6153846153846154,2.3076923076923075,sl
2022-05-03,h062,12:41:00,long,16463.0,16466.0,11.0,2022-05-03 12:41:00,12:40:00,True,10,19,32.0,32.0,2.909090909090909,2.909090909090909,sl
2022-05-03,h062,13:02:00,long,16446.0,16447.0,12.0,2022-05-03 13:02:00,13:01:00,True,21,31,51.0,2.0,4.25,0.16666666666666666,tp
2022-05-03,h062,13:16:00,long,16493.0,16494.0,16.0,2022-05-03 13:16:00,13:15:00,True,18,46,4.0,39.0,0.25,2.4375,sl
2022-05-04,h062,10:40:00,short,16523.0,16518.0,20.0,2022-05-04 10:40:00,10:33:00,True,6,10,29.0,13.0,1.45,0.65,tp
2022-05-04,h062,11:17:00,long,16507.0,16509.0,13.0,2022-05-04 11:17:00,11:10:00,True,13,16,22.0,19.0,1.6923076923076923,1.4615384615384615,tp
2022-05-04,h062,12:05:00,short,16505.0,16504.0,12.0,2022-05-04 12:05:00,12:00:00,False,0,0,14.0,27.0,1.1666666666666667,2.25,sl
2022-05-04,h062,12:29:00,short,16513.0,16512.0,7.0,2022-05-04 12:29:00,12:24:00,False,0,4,22.0,19.0,3.142857142857143,2.7142857142857144,sl
2022-05-04,h062,12:33:00,long,16526.0,16530.0,7.0,2022-05-04 12:33:00,12:31:00,True,13,26,1.0,40.0,0.14285714285714285,5.714285714285714,sl
2022-05-04,h062,12:48:00,short,16506.0,16504.0,13.0,2022-05-04 12:48:00,12:46:00,True,11,27,14.0,26.0,1.0769230769230769,2.0,tp
2022-05-04,h062,13:12:00,long,16506.0,16508.0,12.0,2022-05-04 13:12:00,12:54:00,True,12,24,22.0,1.0,1.8333333333333333,0.08333333333333333,tp
2022-05-05,h062,09:22:00,short,16760.0,16759.0,16.0,2022-05-05 09:22:00,09:21:00,True,8,21,114.0,5.0,7.125,0.3125,tp
2022-05-05,h062,09:53:00,short,16713.0,16712.0,27.0,2022-05-05 09:53:00,09:48:00,True,6,16,67.0,21.0,2.4814814814814814,0.7777777777777778,tp
2022-05-05,h062,10:29:00,long,16707.0,16708.0,11.0,2022-05-05 10:29:00,10:23:00,False,2,6,7.0,63.0,0.6363636363636364,5.7272727272727275,sl
2022-05-05,h062,10:58:00,short,16688.0,16687.0,14.0,2022-05-05 10:58:00,10:48:00,True,5,11,42.0,9.0,3.0,0.6428571428571429,tp
2022-05-05,h062,11:57:00,long,16674.0,16675.0,10.0,2022-05-05 11:57:00,11:47:00,True,7,8,21.0,30.0,2.1,3.0,sl
2022-05-05,h062,12:06:00,short,16656.0,16650.0,9.0,2022-05-05 12:06:00,12:05:00,True,14,33,2.0,46.0,0.2222222222222222,5.111111111111111,sl
2022-05-05,h062,12:38:00,long,16681.0,16682.0,9.0,2022-05-05 12:38:00,12:33:00,True,5,11,14.0,12.0,1.5555555555555556,1.3333333333333333,tp
2022-05-05,h062,12:49:00,long,16691.0,16692.0,11.0,2022-05-05 12:49:00,12:43:00,False,4,8,4.0,22.0,0.36363636363636365,2.0,sl
2022-05-06,h062,09:42:00,long,16298.0,16304.0,21.0,2022-05-06 09:42:00,09:35:00,True,16,45,76.0,38.0,3.619047619047619,1.8095238095238095,sl
2022-05-06,h062,10:37:00,short,16291.0,16288.0,33.0,2022-05-06 10:37:00,10:30:00,True,6,17,8.0,92.0,0.24242424242424243,2.787878787878788,sl
2022-05-06,h062,11:39:00,long,16338.0,16342.0,22.0,2022-05-06 11:39:00,11:35:00,True,57,74,38.0,15.0,1.7272727272727273,0.6818181818181818,tp
2022-05-06,h062,12:11:00,short,16363.0,16361.0,17.0,2022-05-06 12:11:00,12:09:00,False,4,8,34.0,14.0,2.0,0.8235294117647058,tp
2022-05-06,h062,13:01:00,short,16337.0,16334.0,12.0,2022-05-06 13:01:00,13:00:00,True,17,27,7.0,38.0,0.5833333333333334,3.1666666666666665,sl
2022-05-09,h062,09:38:00,short,16091.0,16080.0,37.0,2022-05-09 09:38:00,09:28:00,True,21,57,65.0,25.0,1.7567567567567568,0.6756756756756757,tp
2022-05-09,h062,10:07:00,long,16077.0,16092.0,19.0,2022-05-09 10:07:00,10:05:00,True,11,26,7.0,77.0,0.3684210526315789,4.052631578947368,sl
2022-05-09,h062,12:00:00,short,16059.0,16056.0,9.0,2022-05-09 12:00:00,11:52:00,True,6,9,41.0,12.0,4.555555555555555,1.3333333333333333,tp
2022-05-09,h062,12:11:00,short,16050.0,16047.0,12.0,2022-05-09 12:11:00,12:03:00,False,4,6,32.0,21.0,2.6666666666666665,1.75,sl
2022-05-09,h062,12:50:00,long,16054.0,16064.0,16.0,2022-05-09 12:50:00,12:45:00,True,15,29,4.0,49.0,0.25,3.0625,sl
2022-05-10,h062,12:39:00,long,16014.0,16015.0,20.0,2022-05-10 12:39:00,12:38:00,True,10,36,30.0,15.0,1.5,0.75,tp
2022-05-11,h062,09:55:00,long,15935.0,15936.0,22.0,2022-05-11 09:55:00,09:42:00,True,9,25,122.0,16.0,5.545454545454546,0.7272727272727273,tp
2022-05-11,h062,10:10:00,long,15959.0,15974.0,28.0,2022-05-11 10:10:00,10:08:00,True,30,97,84.0,13.0,3.0,0.4642857142857143,tp
2022-05-11,h062,10:46:00,short,15991.0,15990.0,13.0,2022-05-11 10:46:00,10:34:00,True,6,15,11.0,68.0,0.8461538461538461,5.230769230769231,sl
2022-05-11,h062,11:19:00,long,16015.0,16024.0,9.0,2022-05-11 11:19:00,11:18:00,True,10,35,34.0,33.0,3.7777777777777777,3.6666666666666665,tp
2022-05-11,h062,11:56:00,short,16045.0,16043.0,13.0,2022-05-11 11:56:00,11:49:00,True,5,7,52.0,2.0,4.0,0.15384615384615385,tp
2022-05-11,h062,12:15:00,short,16024.0,16022.0,9.0,2022-05-11 12:15:00,12:14:00,True,6,11,31.0,22.0,3.4444444444444446,2.4444444444444446,sl
2022-05-11,h062,13:01:00,short,16010.0,16003.0,9.0,2022-05-11 13:01:00,13:00:00,True,13,29,12.0,23.0,1.3333333333333333,2.5555555555555554,tp
2022-05-11,h062,13:06:00,long,16011.0,16022.0,19.0,2022-05-11 13:06:00,13:05:00,True,19,40,1.0,31.0,0.05263157894736842,1.631578947368421,sl
2022-05-12,h062,09:47:00,long,15872.0,15875.0,21.0,2022-05-12 09:47:00,09:46:00,True,11,31,15.0,267.0,0.7142857142857143,12.714285714285714,sl
2022-05-12,h062,11:05:00,short,15782.0,15774.0,30.0,2022-05-12 11:05:00,10:51:00,True,17,50,166.0,43.0,5.533333333333333,1.4333333333333333,sl
2022-05-12,h062,12:10:00,short,15740.0,15739.0,12.0,2022-05-12 12:10:00,12:09:00,True,9,26,131.0,19.0,10.916666666666666,1.5833333333333333,sl
2022-05-12,h062,12:52:00,long,15713.0,15719.0,27.0,2022-05-12 12:52:00,12:45:00,True,20,35,2.0,111.0,0.07407407407407407,4.111111111111111,sl
2022-05-13,h062,09:53:00,long,15823.0,15829.0,24.0,2022-05-13 09:53:00,09:52:00,True,19,45,25.0,43.0,1.0416666666666667,1.7916666666666667,sl
2022-05-13,h062,10:31:00,long,15812.0,15813.0,26.0,2022-05-13 10:31:00,10:27:00,True,9,19,41.0,19.0,1.5769230769230769,0.7307692307692307,tp
2022-05-13,h062,11:01:00,short,15798.0,15796.0,11.0,2022-05-13 11:01:00,10:59:00,False,4,7,1.0,58.0,0.09090909090909091,5.2727272727272725,sl
2022-05-13,h062,11:33:00,short,15827.0,15824.0,10.0,2022-05-13 11:33:00,11:24:00,False,3,6,28.0,30.0,2.8,3.0,tp
2022-05-13,h062,12:04:00,short,15802.0,15801.0,11.0,2022-05-13 12:04:00,12:01:00,False,0,4,5.0,53.0,0.45454545454545453,4.818181818181818,sl
2022-05-13,h062,12:48:00,long,15828.0,15829.0,16.0,2022-05-13 12:48:00,12:39:00,False,4,6,25.0,28.0,1.5625,1.75,sl
2022-05-13,h062,13:04:00,long,15812.0,15814.0,11.0,2022-05-13 13:04:00,13:02:00,True,7,17,40.0,0.0,3.6363636363636362,0.0,tp
2022-05-13,h062,13:06:00,long,15827.0,15834.0,13.0,2022-05-13 13:06:00,13:05:00,True,30,47,20.0,15.0,1.5384615384615385,1.1538461538461537,tp
2022-05-13,h062,13:16:00,long,15845.0,15846.0,11.0,2022-05-13 13:16:00,13:08:00,False,0,2,8.0,27.0,0.7272727272727273,2.4545454545454546,sl
2022-05-16,h062,11:19:00,short,15879.0,15871.0,13.0,2022-05-16 11:19:00,11:18:00,True,21,46,24.0,77.0,1.8461538461538463,5.923076923076923,tp
2022-05-16,h062,11:21:00,short,15859.0,15849.0,15.0,2022-05-16 11:21:00,11:20:00,True,44,94,2.0,99.0,0.13333333333333333,6.6,sl
2022-05-16,h062,12:02:00,short,15895.0,15884.0,9.0,2022-05-16 12:02:00,12:01:00,True,5,11,27.0,64.0,3.0,7.111111111111111,tp
2022-05-16,h062,12:15:00,short,15863.0,15859.0,12.0,2022-05-16 12:15:00,12:11:00,True,6,12,0.0,89.0,0.0,7.416666666666667,sl
2022-05-16,h062,12:57:00,long,15909.0,15910.0,10.0,2022-05-16 12:57:00,12:56:00,False,3,7,38.0,14.0,3.8,1.4,tp
2022-05-16,h062,13:15:00,short,15927.0,15922.0,21.0,2022-05-16 13:15:00,13:13:00,True,5,14,26.0,3.0,1.2380952380952381,0.14285714285714285,tp
2022-05-17,h062,09:36:00,long,16053.0,16059.0,21.0,2022-05-17 09:36:00,09:35:00,True,46,127,37.0,53.0,1.7619047619047619,2.5238095238095237,tp
2022-05-17,h062,11:29:00,long,16070.0,16072.0,10.0,2022-05-17 11:29:00,11:28:00,True,12,24,24.0,12.0,2.4,1.2,tp
2022-05-17,h062,11:33:00,short,16072.0,16070.0,13.0,2022-05-17 11:33:00,11:32:00,False,4,10,10.0,26.0,0.7692307692307693,2.0,sl
2022-05-17,h062,11:38:00,long,16079.0,16084.0,13.0,2022-05-17 11:38:00,11:35:00,True,23,43,12.0,24.0,0.9230769230769231,1.8461538461538463,sl
2022-05-17,h062,12:08:00,long,16079.0,16082.0,11.0,2022-05-17 12:08:00,12:07:00,True,6,11,14.0,22.0,1.2727272727272727,2.0,sl
2022-05-17,h062,13:11:00,long,16089.0,16091.0,11.0,2022-05-17 13:11:00,13:02:00,True,15,37,5.0,24.0,0.45454545454545453,2.1818181818181817,sl
2022-05-18,h062,11:34:00,long,16181.0,16185.0,7.0,2022-05-18 11:34:00,11:33:00,True,11,39,44.0,19.0,6.285714285714286,2.7142857142857144,sl
2022-05-18,h062,11:37:00,short,16180.0,16175.0,8.0,2022-05-18 11:37:00,11:35:00,True,24,41,9.0,54.0,1.125,6.75,tp
2022-05-18,h062,11:46:00,long,16177.0,16180.0,11.0,2022-05-18 11:46:00,11:38:00,True,8,22,49.0,3.0,4.454545454545454,0.2727272727272727,tp
2022-05-18,h062,13:07:00,long,16220.0,16225.0,17.0,2022-05-18 13:07:00,13:00:00,True,26,61,4.0,34.0,0.23529411764705882,2.0,sl
2022-05-19,h062,10:12:00,short,15828.0,15825.0,39.0,2022-05-19 10:12:00,10:09:00,True,8,17,5.0,140.0,0.1282051282051282,3.58974358974359,sl
2022-05-19,h062,11:22:00,short,15894.0,15885.0,23.0,2022-05-19 11:22:00,11:21:00,True,8,19,2.0,80.0,0.08695652173913043,3.4782608695652173,sl
2022-05-19,h062,11:25:00,long,15940.0,15955.0,46.0,2022-05-19 11:25:00,11:24:00,True,49,113,10.0,59.0,0.21739130434782608,1.2826086956521738,sl
2022-05-19,h062,12:09:00,long,15914.0,15916.0,13.0,2022-05-19 12:09:00,12:03:00,True,5,10,49.0,20.0,3.769230769230769,1.5384615384615385,sl
2022-05-19,h062,12:31:00,long,15907.0,15908.0,11.0,2022-05-19 12:31:00,12:28:00,False,0,2,57.0,2.0,5.181818181818182,0.18181818181818182,tp
2022-05-19,h062,12:51:00,long,15938.0,15942.0,17.0,2022-05-19 12:51:00,12:45:00,True,22,26,23.0,34.0,1.3529411764705883,2.0,sl
2022-05-20,h062,09:28:00,long,16085.0,16094.0,30.0,2022-05-20 09:28:00,09:25:00,True,28,57,51.0,32.0,1.7,1.0666666666666667,tp
2022-05-20,h062,10:10:00,short,16072.0,16070.0,31.0,2022-05-20 10:10:00,10:08:00,True,16,56,8.0,75.0,0.25806451612903225,2.4193548387096775,sl
2022-05-20,h062,10:45:00,long,16108.0,16111.0,14.0,2022-05-20 10:45:00,10:43:00,True,10,26,34.0,1.0,2.4285714285714284,0.07142857142857142,tp
2022-05-20,h062,10:52:00,short,16115.0,16114.0,10.0,2022-05-20 10:52:00,10:47:00,True,5,9,4.0,31.0,0.4,3.1,sl
2022-05-20,h062,12:56:00,short,16132.0,16130.0,12.0,2022-05-20 12:56:00,12:54:00,True,6,10,20.0,12.0,1.6666666666666667,1.0,tp
2022-05-20,h062,13:04:00,short,16114.0,16112.0,11.0,2022-05-20 13:04:00,13:03:00,True,5,14,1.0,30.0,0.09090909090909091,2.727272727272727,sl
2022-05-23,h062,10:04:00,short,16156.0,16118.0,26.0,2022-05-23 10:04:00,10:00:00,True,35,109,42.0,98.0,1.6153846153846154,3.769230769230769,tp
2022-05-23,h062,10:07:00,short,16096.0,16084.0,27.0,2022-05-23 10:07:00,10:05:00,True,17,50,4.0,132.0,0.14814814814814814,4.888888888888889,sl
2022-05-23,h062,11:01:00,long,16189.0,16192.0,12.0,2022-05-23 11:01:00,11:00:00,True,11,32,24.0,67.0,2.0,5.583333333333333,sl
2022-05-23,h062,12:30:00,long,16206.0,16213.0,17.0,2022-05-23 12:30:00,12:11:00,True,18,28,3.0,88.0,0.17647058823529413,5.176470588235294,sl
2022-05-23,h062,12:54:00,short,16144.0,16141.0,27.0,2022-05-23 12:54:00,12:51:00,True,8,20,16.0,31.0,0.5925925925925926,1.1481481481481481,sl
2022-05-23,h062,13:03:00,long,16150.0,16155.0,22.0,2022-05-23 13:03:00,13:02:00,True,17,42,17.0,30.0,0.7727272727272727,1.3636363636363635,sl
2022-05-24,h062,09:16:00,short,16105.0,16098.0,26.0,2022-05-24 09:16:00,09:15:00,True,38,74,184.0,47.0,7.076923076923077,1.8076923076923077,sl
2022-05-24,h062,10:16:00,short,16070.0,16067.0,28.0,2022-05-24 10:16:00,10:15:00,True,16,35,153.0,5.0,5.464285714285714,0.17857142857142858,tp
2022-05-24,h062,11:26:00,short,16005.0,16002.0,11.0,2022-05-24 11:26:00,11:23:00,True,49,63,88.0,21.0,8.0,1.9090909090909092,sl
2022-05-24,h062,11:36:00,long,16014.0,16015.0,21.0,2022-05-24 11:36:00,11:30:00,False,4,6,8.0,101.0,0.38095238095238093,4.809523809523809,sl
2022-05-24,h062,12:15:00,short,15986.0,15978.0,11.0,2022-05-24 12:15:00,12:13:00,True,10,23,64.0,11.0,5.818181818181818,1.0,sl
2022-05-24,h062,12:19:00,short,15973.0,15972.0,10.0,2022-05-24 12:19:00,12:16:00,True,10,19,58.0,17.0,5.8,1.7,sl
2022-05-24,h062,12:51:00,short,15947.0,15942.0,11.0,2022-05-24 12:51:00,12:49:00,True,10,22,28.0,43.0,2.5454545454545454,3.909090909090909,sl
2022-05-25,h062,10:02:00,long,16038.0,16039.0,16.0,2022-05-25 10:02:00,10:00:00,True,14,25,107.0,16.0,6.6875,1.0,tp
2022-05-25,h062,11:15:00,long,16063.0,16064.0,12.0,2022-05-25 11:15:00,11:14:00,True,35,48,82.0,31.0,6.833333333333333,2.5833333333333335,sl
2022-05-25,h062,11:45:00,long,16080.0,16081.0,7.0,2022-05-25 11:45:00,11:44:00,True,20,42,65.0,29.0,9.285714285714286,4.142857142857143,tp
2022-05-25,h062,12:25:00,short,16126.0,16125.0,9.0,2022-05-25 12:25:00,12:21:00,True,6,14,73.0,21.0,8.11111111111111,2.3333333333333335,tp
2022-05-25,h062,12:49:00,short,16120.0,16119.0,10.0,2022-05-25 12:49:00,12:46:00,True,10,14,67.0,27.0,6.7,2.7,sl
2022-05-25,h062,13:24:00,short,16118.0,16113.0,28.0,2022-05-25 13:24:00,13:02:00,True,15,42,61.0,-1.0,2.1785714285714284,-0.03571428571428571,tp
2022-05-26,h062,10:47:00,short,16080.0,16077.0,15.0,2022-05-26 10:47:00,10:34:00,False,0,3,149.0,7.0,9.933333333333334,0.4666666666666667,tp
2022-05-26,h062,11:05:00,short,16035.0,16031.0,16.0,2022-05-26 11:05:00,10:59:00,True,11,30,103.0,9.0,6.4375,0.5625,tp
2022-05-26,h062,12:13:00,long,16004.0,16006.0,14.0,2022-05-26 12:13:00,12:12:00,True,10,17,2.0,78.0,0.14285714285714285,5.571428571428571,sl
2022-05-26,h062,12:44:00,long,15969.0,15970.0,12.0,2022-05-26 12:44:00,12:43:00,True,23,31,18.0,42.0,1.5,3.5,tp
2022-05-27,h062,11:06:00,long,16208.0,16210.0,23.0,2022-05-27 11:06:00,10:55:00,True,5,16,35.0,10.0,1.5217391304347827,0.43478260869565216,tp
2022-05-27,h062,11:48:00,long,16240.0,16241.0,7.0,2022-05-27 11:48:00,11:47:00,True,8,18,4.0,31.0,0.5714285714285714,4.428571428571429,sl
2022-05-27,h062,11:50:00,short,16240.0,16238.0,5.0,2022-05-27 11:50:00,11:49:00,False,4,8,28.0,6.0,5.6,1.2,tp
2022-05-27,h062,12:36:00,long,16240.0,16241.0,9.0,2022-05-27 12:36:00,12:34:00,False,0,4,1.0,31.0,0.1111111111111111,3.4444444444444446,sl
2022-05-27,h062,12:52:00,long,16231.0,16232.0,10.0,2022-05-27 12:52:00,12:51:00,True,23,30,3.0,22.0,0.3,2.2,sl
2022-05-27,h062,13:03:00,short,16216.0,16214.0,14.0,2022-05-27 13:03:00,12:57:00,True,7,10,4.0,18.0,0.2857142857142857,1.2857142857142858,sl
2022-05-30,h062,11:13:00,long,16513.0,16514.0,8.0,2022-05-30 11:13:00,11:12:00,True,6,10,70.0,26.0,8.75,3.25,sl
2022-05-30,h062,11:47:00,short,16518.0,16517.0,13.0,2022-05-30 11:47:00,11:42:00,False,0,4,1.0,67.0,0.07692307692307693,5.153846153846154,sl
2022-05-30,h062,12:23:00,short,16534.0,16530.0,10.0,2022-05-30 12:23:00,12:21:00,True,7,7,1.0,54.0,0.1,5.4,sl
2022-05-30,h062,12:35:00,long,16545.0,16548.0,9.0,2022-05-30 12:35:00,12:33:00,True,10,15,36.0,2.0,4.0,0.2222222222222222,tp
2022-05-30,h062,12:56:00,long,16570.0,16573.0,14.0,2022-05-30 12:56:00,12:48:00,True,17,40,11.0,19.0,0.7857142857142857,1.3571428571428572,sl
2022-05-31,h062,09:56:00,short,16502.0,16495.0,20.0,2022-05-31 09:56:00,09:45:00,False,3,7,9.0,221.0,0.45,11.05,sl
2022-05-31,h062,10:13:00,long,16531.0,16539.0,17.0,2022-05-31 10:13:00,10:12:00,True,39,79,177.0,5.0,10.411764705882353,0.29411764705882354,tp
2022-05-31,h062,10:49:00,short,16559.0,16558.0,20.0,2022-05-31 10:49:00,10:45:00,True,14,30,3.0,158.0,0.15,7.9,sl
2022-05-31,h062,10:58:00,long,16593.0,16597.0,19.0,2022-05-31 10:58:00,10:57:00,True,18,50,119.0,33.0,6.2631578947368425,1.736842105263158,sl
2022-05-31,h062,11:51:00,short,16602.0,16600.0,10.0,2022-05-31 11:51:00,11:47:00,False,3,8,6.0,116.0,0.6,11.6,sl
2022-05-31,h062,12:58:00,short,16619.0,16618.0,12.0,2022-05-31 12:58:00,12:55:00,True,7,15,3.0,98.0,0.25,8.166666666666666,sl
2022-05-31,h062,13:26:00,long,16655.0,16656.0,20.0,2022-05-31 13:26:00,13:25:00,True,15,39,60.0,2.0,3.0,0.1,tp
2022-06-01,h062,09:36:00,long,16697.0,16698.0,21.0,2022-06-01 09:36:00,09:35:00,True,13,33,57.0,106.0,2.7142857142857144,5.0476190476190474,tp
2022-06-01,h062,10:06:00,long,16730.0,16731.0,11.0,2022-06-01 10:06:00,10:05:00,True,15,29,24.0,139.0,2.1818181818181817,12.636363636363637,sl
2022-06-01,h062,10:49:00,short,16721.0,16705.0,15.0,2022-06-01 10:49:00,10:48:00,True,17,48,113.0,9.0,7.533333333333333,0.6,tp
2022-06-01,h062,10:55:00,short,16686.0,16685.0,24.0,2022-06-01 10:55:00,10:53:00,True,32,55,93.0,6.0,3.875,0.25,tp
2022-06-01,h062,10:58:00,short,16668.0,16659.0,18.0,2022-06-01 10:58:00,10:56:00,True,10,36,67.0,32.0,3.7222222222222223,1.7777777777777777,tp
2022-06-01,h062,12:00:00,short,16653.0,16651.0,8.0,2022-06-01 12:00:00,11:58:00,True,8,14,59.0,40.0,7.375,5.0,sl
2022-06-01,h062,12:20:00,long,16639.0,16642.0,19.0,2022-06-01 12:20:00,12:18:00,True,6,16,49.0,50.0,2.5789473684210527,2.6315789473684212,tp
2022-06-01,h062,13:25:00,short,16653.0,16647.0,15.0,2022-06-01 13:25:00,13:23:00,True,17,32,55.0,0.0,3.6666666666666665,0.0,tp
2022-06-02,h062,10:05:00,long,16495.0,16496.0,24.0,2022-06-02 10:05:00,10:02:00,True,7,20,89.0,2.0,3.7083333333333335,0.08333333333333333,tp
2022-06-02,h062,11:36:00,short,16542.0,16541.0,8.0,2022-06-02 11:36:00,11:31:00,False,0,4,27.0,44.0,3.375,5.5,sl
2022-06-02,h062,12:07:00,short,16539.0,16538.0,8.0,2022-06-02 12:07:00,12:05:00,True,8,12,24.0,47.0,3.0,5.875,sl
2022-06-02,h062,12:18:00,long,16543.0,16544.0,9.0,2022-06-02 12:18:00,12:08:00,True,5,7,41.0,30.0,4.555555555555555,3.3333333333333335,tp
2022-06-02,h062,12:20:00,short,16544.0,16542.0,4.0,2022-06-02 12:20:00,12:19:00,True,5,10,28.0,43.0,7.0,10.75,sl
2022-06-02,h062,12:30:00,long,16557.0,16561.0,10.0,2022-06-02 12:30:00,12:29:00,True,18,33,24.0,47.0,2.4,4.7,tp
2022-06-02,h062,13:02:00,short,16559.0,16556.0,23.0,2022-06-02 13:02:00,12:34:00,True,5,9,42.0,3.0,1.826086956521739,0.13043478260869565,tp
2022-06-06,h062,09:43:00,short,16469.0,16464.0,31.0,2022-06-06 09:43:00,09:37:00,True,20,45,0.0,184.0,0.0,5.935483870967742,sl
2022-06-06,h062,10:35:00,short,16562.0,16560.0,14.0,2022-06-06 10:35:00,10:34:00,True,6,13,4.0,88.0,0.2857142857142857,6.285714285714286,sl
2022-06-06,h062,10:46:00,short,16574.0,16572.0,12.0,2022-06-06 10:46:00,10:39:00,True,5,16,16.0,76.0,1.3333333333333333,6.333333333333333,tp
2022-06-06,h062,11:22:00,long,16599.0,16600.0,22.0,2022-06-06 11:22:00,11:19:00,True,5,12,48.0,22.0,2.1818181818181817,1.0,tp
2022-06-06,h062,11:38:00,long,16624.0,16625.0,19.0,2022-06-06 11:38:00,11:37:00,True,17,31,23.0,47.0,1.2105263157894737,2.473684210526316,tp
2022-06-06,h062,11:46:00,short,16633.0,16632.0,15.0,2022-06-06 11:46:00,11:45:00,True,11,21,54.0,7.0,3.6,0.4666666666666667,tp
2022-06-06,h062,12:53:00,short,16603.0,16592.0,12.0,2022-06-06 12:53:00,12:52:00,True,21,50,14.0,23.0,1.1666666666666667,1.9166666666666667,tp
2022-06-07,h062,10:52:00,long,16450.0,16452.0,18.0,2022-06-07 10:52:00,10:45:00,False,3,7,68.0,11.0,3.7777777777777777,0.6111111111111112,tp
2022-06-07,h062,11:15:00,long,16476.0,16495.0,11.0,2022-06-07 11:15:00,11:14:00,True,98,147,25.0,47.0,2.272727272727273,4.2727272727272725,tp
2022-06-07,h062,12:32:00,short,16494.0,16486.0,10.0,2022-06-07 12:32:00,12:25:00,True,5,9,38.0,34.0,3.8,3.4,tp
2022-06-08,h062,09:33:00,long,16664.0,16667.0,26.0,2022-06-08 09:33:00,09:19:00,True,68,100,26.0,49.0,1.0,1.8846153846153846,tp
2022-06-08,h062,11:01:00,long,16663.0,16667.0,6.0,2022-06-08 11:01:00,11:00:00,True,5,14,4.0,49.0,0.6666666666666666,8.166666666666666,sl
2022-06-08,h062,11:09:00,short,16655.0,16654.0,6.0,2022-06-08 11:09:00,11:08:00,True,19,37,36.0,8.0,6.0,1.3333333333333333,tp
2022-06-08,h062,11:14:00,short,16645.0,16643.0,12.0,2022-06-08 11:14:00,11:10:00,True,6,18,25.0,19.0,2.0833333333333335,1.5833333333333333,sl
2022-06-08,h062,12:18:00,long,16643.0,16645.0,16.0,2022-06-08 12:18:00,12:14:00,True,8,9,13.0,27.0,0.8125,1.6875,sl
2022-06-08,h062,12:51:00,short,16648.0,16644.0,10.0,2022-06-08 12:51:00,12:49:00,True,6,10,26.0,14.0,2.6,1.4,tp
2022-06-08,h062,13:00:00,short,16632.0,16625.0,9.0,2022-06-08 13:00:00,12:59:00,True,30,45,4.0,33.0,0.4444444444444444,3.6666666666666665,sl
2022-06-09,h062,10:15:00,short,16587.0,16586.0,12.0,2022-06-09 10:15:00,10:14:00,True,7,16,19.0,20.0,1.5833333333333333,1.6666666666666667,tp
2022-06-09,h062,10:43:00,short,16585.0,16584.0,10.0,2022-06-09 10:43:00,10:36:00,True,5,10,14.0,22.0,1.4,2.2,sl
2022-06-09,h062,11:06:00,short,16592.0,16590.0,11.0,2022-06-09 11:06:00,11:02:00,False,0,0,20.0,16.0,1.8181818181818181,1.4545454545454546,tp
2022-06-09,h062,11:26:00,long,16590.0,16591.0,11.0,2022-06-09 11:26:00,11:24:00,False,0,2,15.0,21.0,1.3636363636363635,1.9090909090909092,sl
2022-06-09,h062,11:57:00,long,16593.0,16595.0,6.0,2022-06-09 11:57:00,11:50:00,False,0,4,11.0,25.0,1.8333333333333333,4.166666666666667,sl
2022-06-09,h062,12:20:00,short,16592.0,16588.0,8.0,2022-06-09 12:20:00,12:13:00,False,2,6,18.0,18.0,2.25,2.25,sl
2022-06-09,h062,13:01:00,short,16587.0,16586.0,7.0,2022-06-09 13:01:00,13:00:00,False,3,5,16.0,20.0,2.2857142857142856,2.857142857142857,sl
2022-06-09,h062,13:04:00,long,16589.0,16591.0,6.0,2022-06-09 13:04:00,13:02:00,True,18,24,15.0,21.0,2.5,3.5,tp
2022-06-09,h062,13:10:00,long,16599.0,16602.0,10.0,2022-06-09 13:10:00,13:05:00,True,21,27,4.0,32.0,0.4,3.2,sl
2022-06-09,h062,13:24:00,long,16581.0,16582.0,11.0,2022-06-09 13:24:00,13:23:00,True,6,13,21.0,12.0,1.9090909090909092,1.0909090909090908,tp
2022-06-10,h062,10:21:00,long,16426.0,16429.0,19.0,2022-06-10 10:21:00,10:18:00,True,9,17,57.0,1.0,3.0,0.05263157894736842,tp
2022-06-10,h062,10:41:00,short,16448.0,16446.0,10.0,2022-06-10 10:41:00,10:34:00,True,10,20,15.0,40.0,1.5,4.0,sl
2022-06-10,h062,12:18:00,short,16447.0,16445.0,9.0,2022-06-10 12:18:00,12:04:00,True,6,12,14.0,41.0,1.5555555555555556,4.555555555555555,sl
2022-06-10,h062,12:36:00,short,16438.0,16433.0,8.0,2022-06-10 12:36:00,12:35:00,True,6,9,2.0,53.0,0.25,6.625,sl
2022-06-10,h062,13:09:00,short,16453.0,16450.0,15.0,2022-06-10 13:09:00,13:04:00,True,6,14,4.0,36.0,0.26666666666666666,2.4,sl
2022-06-10,h062,13:18:00,long,16480.0,16481.0,13.0,2022-06-10 13:18:00,13:16:00,True,16,33,2.0,25.0,0.15384615384615385,1.9230769230769231,sl
2022-06-13,h062,10:06:00,long,16012.0,16014.0,19.0,2022-06-13 10:06:00,10:05:00,True,14,27,51.0,8.0,2.6842105263157894,0.42105263157894735,tp
2022-06-13,h062,12:28:00,short,16048.0,16043.0,12.0,2022-06-13 12:28:00,12:27:00,True,6,11,25.0,22.0,2.0833333333333335,1.8333333333333333,tp
2022-06-14,h062,10:22:00,short,15893.0,15890.0,31.0,2022-06-14 10:22:00,10:05:00,True,5,10,22.0,178.0,0.7096774193548387,5.741935483870968,sl
2022-06-14,h062,10:58:00,long,15940.0,15943.0,18.0,2022-06-14 10:58:00,10:57:00,True,20,47,125.0,42.0,6.944444444444445,2.3333333333333335,sl
2022-06-14,h062,11:54:00,long,15944.0,15949.0,8.0,2022-06-14 11:54:00,11:53:00,True,17,25,119.0,4.0,14.875,0.5,tp
2022-06-14,h062,11:59:00,long,15953.0,15954.0,8.0,2022-06-14 11:59:00,11:55:00,True,7,14,114.0,0.0,14.25,0.0,tp
2022-06-14,h062,12:01:00,long,15968.0,15987.0,14.0,2022-06-14 12:01:00,12:00:00,True,65,120,81.0,0.0,5.785714285714286,0.0,tp
2022-06-14,h062,12:03:00,long,16003.0,16014.0,16.0,2022-06-14 12:03:00,12:02:00,True,22,74,54.0,13.0,3.375,0.8125,tp
2022-06-15,h062,10:31:00,short,16036.0,16034.0,7.0,2022-06-15 10:31:00,10:28:00,True,13,38,45.0,50.0,6.428571428571429,7.142857142857143,sl
2022-06-15,h062,11:13:00,long,16033.0,16039.0,8.0,2022-06-15 11:13:00,11:00:00,True,16,26,45.0,50.0,5.625,6.25,sl
2022-06-15,h062,11:39:00,long,16006.0,16007.0,6.0,2022-06-15 11:39:00,11:38:00,True,9,20,77.0,18.0,12.833333333333334,3.0,tp
2022-06-15,h062,12:11:00,short,16008.0,16006.0,13.0,2022-06-15 12:11:00,11:53:00,True,7,14,17.0,78.0,1.3076923076923077,6.0,tp
2022-06-15,h062,12:14:00,short,15994.0,15991.0,9.0,2022-06-15 12:14:00,12:13:00,True,13,27,2.0,93.0,0.2222222222222222,10.333333333333334,sl
2022-06-15,h062,12:38:00,long,16020.0,16031.0,12.0,2022-06-15 12:38:00,12:37:00,True,18,39,53.0,6.0,4.416666666666667,0.5,tp
2022-06-15,h062,13:05:00,short,16061.0,16056.0,23.0,2022-06-15 13:05:00,13:00:00,True,16,44,13.0,11.0,0.5652173913043478,0.4782608695652174,timeout
2022-06-16,h062,09:31:00,short,15728.0,15727.0,24.0,2022-06-16 09:31:00,09:30:00,True,23,62,345.0,-1.0,14.375,-0.041666666666666664,tp
2022-06-16,h062,11:16:00,short,15638.0,15637.0,9.0,2022-06-16 11:16:00,11:15:00,False,3,5,255.0,7.0,28.333333333333332,0.7777777777777778,tp
2022-06-16,h062,11:35:00,short,15616.0,15599.0,17.0,2022-06-16 11:35:00,11:34:00,True,28,78,217.0,1.0,12.764705882352942,0.058823529411764705,tp
2022-06-16,h062,11:37:00,short,15586.0,15580.0,14.0,2022-06-16 11:37:00,11:36:00,True,18,43,198.0,13.0,14.142857142857142,0.9285714285714286,tp
2022-06-16,h062,12:59:00,short,15502.0,15480.0,17.0,2022-06-16 12:59:00,12:58:00,True,27,65,98.0,13.0,5.764705882352941,0.7647058823529411,tp
2022-06-16,h062,13:02:00,short,15470.0,15466.0,17.0,2022-06-16 13:02:00,13:00:00,True,13,23,84.0,7.0,4.9411764705882355,0.4117647058823529,tp
2022-06-17,h062,10:55:00,short,15201.0,15196.0,37.0,2022-06-17 10:55:00,10:44:00,True,10,23,59.0,66.0,1.5945945945945945,1.7837837837837838,tp
2022-06-17,h062,12:03:00,long,15157.0,15158.0,19.0,2022-06-17 12:03:00,11:57:00,True,23,30,104.0,13.0,5.473684210526316,0.6842105263157895,tp
2022-06-17,h062,12:20:00,long,15220.0,15228.0,28.0,2022-06-17 12:20:00,12:19:00,True,19,62,34.0,35.0,1.2142857142857142,1.25,tp
2022-06-17,h062,12:50:00,short,15240.0,15234.0,22.0,2022-06-17 12:50:00,12:45:00,True,9,24,41.0,18.0,1.8636363636363635,0.8181818181818182,tp
2022-06-17,h062,13:26:00,short,15222.0,15220.0,25.0,2022-06-17 13:26:00,13:25:00,True,13,44,27.0,12.0,1.08,0.48,tp
2022-06-20,h062,09:31:00,short,15125.0,15117.0,35.0,2022-06-20 09:31:00,09:30:00,True,16,57,151.0,27.0,4.314285714285714,0.7714285714285715,tp
2022-06-20,h062,11:07:00,short,15090.0,15086.0,17.0,2022-06-20 11:07:00,11:05:00,True,8,22,120.0,58.0,7.0588235294117645,3.411764705882353,tp
2022-06-20,h062,11:37:00,long,15094.0,15121.0,22.0,2022-06-20 11:37:00,11:36:00,True,80,154,23.0,155.0,1.0454545454545454,7.045454545454546,tp
2022-06-20,h062,11:42:00,short,15121.0,15110.0,23.0,2022-06-20 11:42:00,11:40:00,True,9,30,144.0,6.0,6.260869565217392,0.2608695652173913,tp
2022-06-20,h062,13:00:00,long,15023.0,15026.0,18.0,2022-06-20 13:00:00,12:57:00,True,9,30,17.0,60.0,0.9444444444444444,3.3333333333333335,sl
2022-06-20,h062,13:21:00,long,15008.0,15010.0,12.0,2022-06-20 13:21:00,13:18:00,True,11,31,33.0,44.0,2.75,3.6666666666666665,sl
2022-06-21,h062,10:01:00,long,15220.0,15234.0,36.0,2022-06-21 10:01:00,10:00:00,True,50,157,128.0,34.0,3.5555555555555554,0.9444444444444444,tp
2022-06-21,h062,10:28:00,long,15221.0,15222.0,21.0,2022-06-21 10:28:00,10:23:00,True,7,22,140.0,0.0,6.666666666666667,0.0,tp
2022-06-21,h062,11:12:00,long,15283.0,15285.0,15.0,2022-06-21 11:12:00,11:04:00,True,25,69,77.0,5.0,5.133333333333334,0.3333333333333333,tp
2022-06-21,h062,12:34:00,long,15335.0,15339.0,10.0,2022-06-21 12:34:00,12:31:00,True,6,12,23.0,10.0,2.3,1.0,tp
2022-06-21,h062,12:38:00,long,15353.0,15354.0,10.0,2022-06-21 12:38:00,12:37:00,True,9,30,8.0,25.0,0.8,2.5,sl
2022-06-22,h062,10:23:00,long,15148.0,15149.0,24.0,2022-06-22 10:23:00,10:19:00,False,4,12,10.0,165.0,0.4166666666666667,6.875,sl
2022-06-22,h062,10:38:00,short,15102.0,15098.0,23.0,2022-06-22 10:38:00,10:37:00,True,23,50,114.0,10.0,4.956521739130435,0.43478260869565216,tp
2022-06-22,h062,11:38:00,long,15033.0,15034.0,13.0,2022-06-22 11:38:00,11:37:00,True,6,20,32.0,50.0,2.4615384615384617,3.8461538461538463,sl
2022-06-22,h062,12:56:00,short,15033.0,15032.0,33.0,2022-06-22 12:56:00,12:50:00,True,6,17,27.0,17.0,0.8181818181818182,0.5151515151515151,timeout
2022-06-23,h062,10:15:00,short,14903.0,14897.0,30.0,2022-06-23 10:15:00,10:12:00,True,13,40,93.0,100.0,3.1,3.3333333333333335,tp
2022-06-23,h062,11:19:00,long,14864.0,14867.0,26.0,2022-06-23 11:19:00,11:15:00,True,16,43,130.0,63.0,5.0,2.423076923076923,sl
2022-06-23,h062,12:22:00,long,14859.0,14869.0,24.0,2022-06-23 12:22:00,12:15:00,True,28,50,128.0,-2.0,5.333333333333333,-0.08333333333333333,tp
2022-06-24,h062,10:48:00,long,15120.0,15130.0,10.0,2022-06-24 10:48:00,10:46:00,True,14,30,12.0,171.0,1.2,17.1,tp
2022-06-24,h062,10:50:00,short,15130.0,15128.0,12.0,2022-06-24 10:50:00,10:49:00,True,10,19,169.0,7.0,14.083333333333334,0.5833333333333334,tp
2022-06-27,h062,09:21:00,short,15293.0,15291.0,34.0,2022-06-27 09:21:00,09:17:00,True,10,26,27.0,109.0,0.7941176470588235,3.2058823529411766,sl
2022-06-27,h062,09:58:00,long,15345.0,15346.0,13.0,2022-06-27 09:58:00,09:57:00,True,14,35,54.0,82.0,4.153846153846154,6.3076923076923075,tp
2022-06-27,h062,10:33:00,long,15377.0,15379.0,20.0,2022-06-27 10:33:00,10:32:00,True,19,44,21.0,115.0,1.05,5.75,tp
2022-06-27,h062,11:13:00,short,15365.0,15364.0,10.0,2022-06-27 11:13:00,11:12:00,False,4,11,100.0,21.0,10.0,2.1,sl
2022-06-27,h062,12:12:00,short,15355.0,15354.0,9.0,2022-06-27 12:12:00,12:08:00,False,0,3,90.0,11.0,10.0,1.2222222222222223,tp
2022-06-27,h062,12:14:00,long,15353.0,15359.0,4.0,2022-06-27 12:14:00,12:13:00,True,6,12,6.0,95.0,1.5,23.75,sl
2022-06-27,h062,13:13:00,short,15350.0,15340.0,15.0,2022-06-27 13:13:00,13:10:00,True,9,21,76.0,1.0,5.066666666666666,0.06666666666666667,tp
2022-06-27,h062,13:17:00,short,15315.0,15314.0,22.0,2022-06-27 13:17:00,13:15:00,True,12,34,50.0,13.0,2.272727272727273,0.5909090909090909,tp
2022-06-28,h062,09:31:00,long,15213.0,15218.0,23.0,2022-06-28 09:31:00,09:28:00,True,19,57,17.0,122.0,0.7391304347826086,5.304347826086956,sl
2022-06-28,h062,09:49:00,short,15164.0,15161.0,35.0,2022-06-28 09:49:00,09:45:00,True,9,20,65.0,37.0,1.8571428571428572,1.0571428571428572,tp
2022-06-28,h062,10:52:00,long,15162.0,15169.0,24.0,2022-06-28 10:52:00,10:48:00,True,23,58,29.0,45.0,1.2083333333333333,1.875,sl
2022-06-28,h062,11:52:00,short,15173.0,15167.0,10.0,2022-06-28 11:52:00,11:50:00,True,8,15,33.0,31.0,3.3,3.1,tp
2022-06-28,h062,12:19:00,short,15141.0,15137.0,13.0,2022-06-28 12:19:00,12:17:00,True,12,21,3.0,61.0,0.23076923076923078,4.6923076923076925,sl
2022-06-28,h062,12:35:00,long,15177.0,15189.0,13.0,2022-06-28 12:35:00,12:34:00,True,27,79,9.0,39.0,0.6923076923076923,3.0,sl
2022-06-29,h062,09:29:00,long,15077.0,15088.0,38.0,2022-06-29 09:29:00,09:26:00,True,30,61,26.0,94.0,0.6842105263157895,2.473684210526316,sl
2022-06-29,h062,10:41:00,short,15086.0,15084.0,21.0,2022-06-29 10:41:00,10:36:00,False,3,5,90.0,7.0,4.285714285714286,0.3333333333333333,tp
2022-06-29,h062,11:05:00,short,15031.0,15030.0,27.0,2022-06-29 11:05:00,11:03:00,True,14,29,36.0,36.0,1.3333333333333333,1.3333333333333333,tp
2022-06-29,h062,12:23:00,long,15026.0,15032.0,10.0,2022-06-29 12:23:00,12:20:00,True,9,21,34.0,25.0,3.4,2.5,sl
2022-06-29,h062,12:37:00,short,15048.0,15043.0,18.0,2022-06-29 12:37:00,12:34:00,True,6,9,36.0,15.0,2.0,0.8333333333333334,tp
2022-06-30,h062,12:48:00,short,14671.0,14667.0,9.0,2022-06-30 12:48:00,12:47:00,True,8,17,57.0,29.0,6.333333333333333,3.2222222222222223,tp
2022-06-30,h062,13:27:00,short,14625.0,14624.0,30.0,2022-06-30 13:27:00,13:25:00,True,14,36,13.0,17.0,0.43333333333333335,0.5666666666666667,timeout
2022-07-01,h062,10:03:00,long,14516.0,14522.0,40.0,2022-07-01 10:03:00,10:00:00,True,21,41,36.0,394.0,0.9,9.85,sl
2022-07-01,h062,12:03:00,long,14304.0,14314.0,36.0,2022-07-01 12:03:00,12:02:00,True,16,59,6.0,186.0,0.16666666666666666,5.166666666666667,sl
2022-07-04,h062,09:11:00,long,14159.0,14208.0,66.0,2022-07-04 09:11:00,09:10:00,True,45,136,77.0,183.0,1.1666666666666667,2.772727272727273,sl
2022-07-04,h062,10:46:00,short,14071.0,14066.0,26.0,2022-07-04 10:46:00,10:45:00,True,11,28,41.0,137.0,1.5769230769230769,5.269230769230769,sl
2022-07-04,h062,12:37:00,short,14046.0,14032.0,16.0,2022-07-04 12:37:00,12:35:00,True,22,56,7.0,131.0,0.4375,8.1875,sl
2022-07-05,h062,10:37:00,long,14098.0,14102.0,63.0,2022-07-05 10:37:00,10:34:00,True,24,77,156.0,127.0,2.4761904761904763,2.015873015873016,sl
2022-07-05,h062,12:13:00,long,14098.0,14118.0,38.0,2022-07-05 12:13:00,12:11:00,True,18,44,140.0,3.0,3.6842105263157894,0.07894736842105263,tp
2022-07-05,h062,12:15:00,long,14138.0,14166.0,21.0,2022-07-05 12:15:00,12:14:00,True,56,146,92.0,51.0,4.380952380952381,2.4285714285714284,sl
2022-07-05,h062,13:02:00,long,14188.0,14196.0,18.0,2022-07-05 13:02:00,13:01:00,True,18,57,62.0,49.0,3.4444444444444446,2.7222222222222223,sl
2022-07-05,h062,13:09:00,long,14221.0,14224.0,34.0,2022-07-05 13:09:00,13:07:00,True,11,29,34.0,77.0,1.0,2.264705882352941,tp
2022-07-06,h062,10:23:00,short,14044.0,14037.0,25.0,2022-07-06 10:23:00,10:18:00,True,12,34,179.0,42.0,7.16,1.68,sl
2022-07-06,h062,11:25:00,short,13966.0,13963.0,25.0,2022-07-06 11:25:00,11:20:00,True,10,25,105.0,85.0,4.2,3.4,tp
2022-07-06,h062,11:33:00,long,13964.0,13966.0,28.0,2022-07-06 11:33:00,11:26:00,True,8,17,82.0,108.0,2.9285714285714284,3.857142857142857,tp
2022-07-06,h062,12:25:00,short,14014.0,14002.0,31.0,2022-07-06 12:25:00,12:22:00,True,7,24,144.0,2.0,4.645161290322581,0.06451612903225806,tp
2022-07-06,h062,12:57:00,short,13928.0,13920.0,18.0,2022-07-06 12:57:00,12:47:00,True,21,36,62.0,12.0,3.4444444444444446,0.6666666666666666,tp
2022-07-07,h062,09:24:00,long,13917.0,13940.0,85.0,2022-07-07 09:24:00,09:20:00,True,40,100,355.0,66.0,4.176470588235294,0.7764705882352941,tp
2022-07-07,h062,10:09:00,long,14091.0,14099.0,43.0,2022-07-07 10:09:00,10:02:00,True,17,53,196.0,30.0,4.558139534883721,0.6976744186046512,tp
2022-07-07,h062,12:16:00,short,14243.0,14237.0,19.0,2022-07-07 12:16:00,12:15:00,True,8,20,62.0,27.0,3.263157894736842,1.4210526315789473,tp
2022-07-07,h062,12:30:00,short,14205.0,14192.0,30.0,2022-07-07 12:30:00,12:28:00,True,38,67,17.0,72.0,0.5666666666666667,2.4,sl
2022-07-07,h062,13:15:00,long,14259.0,14264.0,17.0,2022-07-07 13:15:00,13:07:00,True,13,25,0.0,89.0,0.0,5.235294117647059,sl
2022-07-08,h062,10:03:00,long,14475.0,14479.0,32.0,2022-07-08 10:03:00,10:00:00,True,13,36,6.0,215.0,0.1875,6.71875,sl
2022-07-08,h062,10:56:00,short,14388.0,14366.0,28.0,2022-07-08 10:56:00,10:55:00,True,24,75,102.0,44.0,3.642857142857143,1.5714285714285714,tp
2022-07-08,h062,11:00:00,short,14324.0,14316.0,44.0,2022-07-08 11:00:00,10:57:00,True,40,92,52.0,94.0,1.1818181818181819,2.1363636363636362,tp
2022-07-08,h062,12:46:00,long,14355.0,14358.0,29.0,2022-07-08 12:46:00,12:30:00,False,0,2,52.0,33.0,1.793103448275862,1.1379310344827587,tp
2022-07-08,h062,12:58:00,short,14388.0,14386.0,12.0,2022-07-08 12:58:00,12:55:00,True,15,30,61.0,24.0,5.083333333333333,2.0,sl
2022-07-11,h062,10:37:00,long,14273.0,14276.0,21.0,2022-07-11 10:37:00,10:36:00,True,17,45,69.0,47.0,3.2857142857142856,2.238095238095238,tp
2022-07-11,h062,11:18:00,long,14242.0,14248.0,13.0,2022-07-11 11:18:00,11:12:00,True,5,10,97.0,6.0,7.461538461538462,0.46153846153846156,tp
2022-07-11,h062,12:04:00,short,14323.0,14319.0,22.0,2022-07-11 12:04:00,11:57:00,False,4,7,53.0,7.0,2.409090909090909,0.3181818181818182,tp
2022-07-11,h062,12:35:00,long,14313.0,14322.0,26.0,2022-07-11 12:35:00,12:32:00,True,11,25,0.0,56.0,0.0,2.1538461538461537,sl
2022-07-11,h062,13:05:00,long,14279.0,14290.0,12.0,2022-07-11 13:05:00,13:01:00,True,10,31,10.0,24.0,0.8333333333333334,2.0,sl
2022-07-12,h062,09:54:00,short,13963.0,13950.0,36.0,2022-07-12 09:54:00,09:52:00,True,27,57,100.0,30.0,2.7777777777777777,0.8333333333333334,tp
2022-07-12,h062,13:28:00,short,13902.0,13897.0,23.0,2022-07-12 13:28:00,13:25:00,True,28,43,13.0,23.0,0.5652173913043478,1.0,sl
2022-07-13,h062,11:23:00,long,14313.0,14329.0,11.0,2022-07-13 11:23:00,11:22:00,True,109,157,27.0,70.0,2.4545454545454546,6.363636363636363,tp
2022-07-13,h062,12:00:00,short,14322.0,14319.0,10.0,2022-07-13 12:00:00,11:57:00,True,9,20,60.0,37.0,6.0,3.7,tp
2022-07-13,h062,13:02:00,long,14333.0,14351.0,8.0,2022-07-13 13:02:00,13:01:00,True,45,99,5.0,92.0,0.625,11.5,sl
2022-07-13,h062,13:28:00,short,14282.0,14280.0,33.0,2022-07-13 13:28:00,13:25:00,True,14,20,21.0,7.0,0.6363636363636364,0.21212121212121213,timeout
2022-07-14,h062,10:33:00,long,14391.0,14394.0,28.0,2022-07-14 10:33:00,10:31:00,True,16,41,43.0,37.0,1.5357142857142858,1.3214285714285714,tp
2022-07-14,h062,11:07:00,short,14412.0,14409.0,25.0,2022-07-14 11:07:00,11:05:00,False,3,9,52.0,22.0,2.08,0.88,tp
2022-07-14,h062,11:40:00,short,14401.0,14394.0,14.0,2022-07-14 11:40:00,11:39:00,True,15,24,37.0,37.0,2.642857142857143,2.642857142857143,tp
2022-07-14,h062,11:43:00,long,14395.0,14396.0,10.0,2022-07-14 11:43:00,11:42:00,True,12,28,35.0,39.0,3.5,3.9,sl
2022-07-14,h062,12:42:00,short,14380.0,14379.0,19.0,2022-07-14 12:42:00,12:35:00,True,7,13,22.0,52.0,1.1578947368421053,2.736842105263158,tp
2022-07-14,h062,12:53:00,short,14381.0,14379.0,15.0,2022-07-14 12:53:00,12:50:00,True,6,12,22.0,52.0,1.4666666666666666,3.466666666666667,sl
2022-07-14,h062,13:28:00,long,14384.0,14392.0,22.0,2022-07-14 13:28:00,13:25:00,True,23,64,39.0,15.0,1.7727272727272727,0.6818181818181818,tp
2022-07-15,h062,10:07:00,long,14462.0,14464.0,15.0,2022-07-15 10:07:00,10:05:00,True,19,51,78.0,9.0,5.2,0.6,tp
2022-07-15,h062,11:25:00,long,14482.0,14489.0,25.0,2022-07-15 11:25:00,11:18:00,True,11,27,53.0,19.0,2.12,0.76,tp
2022-07-15,h062,11:53:00,short,14514.0,14512.0,12.0,2022-07-15 11:53:00,11:51:00,True,8,16,42.0,30.0,3.5,2.5,tp
2022-07-15,h062,12:25:00,long,14528.0,14534.0,10.0,2022-07-15 12:25:00,12:20:00,True,19,36,8.0,64.0,0.8,6.4,sl
2022-07-15,h062,13:10:00,long,14517.0,14519.0,17.0,2022-07-15 13:10:00,13:05:00,True,13,25,3.0,49.0,0.17647058823529413,2.8823529411764706,sl
2022-07-18,h062,10:04:00,long,14664.0,14665.0,26.0,2022-07-18 10:04:00,10:01:00,True,8,17,1.0,91.0,0.038461538461538464,3.5,sl
2022-07-18,h062,12:00:00,long,14623.0,14626.0,20.0,2022-07-18 12:00:00,11:59:00,True,30,42,26.0,16.0,1.3,0.8,tp
2022-07-18,h062,12:48:00,short,14627.0,14620.0,13.0,2022-07-18 12:48:00,12:40:00,True,5,9,10.0,32.0,0.7692307692307693,2.4615384615384617,sl
2022-07-18,h062,13:02:00,short,14633.0,14630.0,12.0,2022-07-18 13:02:00,12:59:00,False,3,6,15.0,22.0,1.25,1.8333333333333333,tp
2022-07-18,h062,13:28:00,long,14635.0,14637.0,15.0,2022-07-18 13:28:00,13:25:00,True,6,13,15.0,5.0,1.0,0.3333333333333333,tp
2022-07-19,h062,11:30:00,long,14689.0,14691.0,8.0,2022-07-19 11:30:00,11:29:00,True,9,21,3.0,39.0,0.375,4.875,sl
2022-07-19,h062,12:20:00,short,14678.0,14674.0,9.0,2022-07-19 12:20:00,12:15:00,True,7,10,22.0,14.0,2.4444444444444446,1.5555555555555556,tp
2022-07-19,h062,12:54:00,short,14672.0,14670.0,14.0,2022-07-19 12:54:00,12:49:00,True,10,15,18.0,17.0,1.2857142857142858,1.2142857142857142,tp
2022-07-19,h062,13:27:00,long,14681.0,14685.0,6.0,2022-07-19 13:27:00,13:25:00,True,9,15,2.0,10.0,0.3333333333333333,1.6666666666666667,sl
2022-07-20,h062,12:22:00,short,14865.0,14863.0,10.0,2022-07-20 12:22:00,12:00:00,False,4,11,167.0,0.0,16.7,0.0,tp
2022-07-20,h062,12:24:00,short,14848.0,14823.0,15.0,2022-07-20 12:24:00,12:23:00,True,35,72,127.0,11.0,8.466666666666667,0.7333333333333333,tp
2022-07-20,h062,12:26:00,long,14830.0,14832.0,13.0,2022-07-20 12:26:00,12:25:00,True,11,31,-1.0,136.0,-0.07692307692307693,10.461538461538462,sl
2022-07-20,h062,12:30:00,long,14808.0,14821.0,23.0,2022-07-20 12:30:00,12:28:00,True,22,56,7.0,125.0,0.30434782608695654,5.434782608695652,sl
2022-07-20,h062,13:01:00,short,14750.0,14734.0,50.0,2022-07-20 13:01:00,13:00:00,True,35,109,38.0,17.0,0.76,0.34,timeout
2022-07-21,h062,10:49:00,long,14636.0,14638.0,12.0,2022-07-21 10:49:00,10:48:00,True,6,13,133.0,13.0,11.083333333333334,1.0833333333333333,sl
2022-07-21,h062,11:11:00,long,14668.0,14680.0,10.0,2022-07-21 11:11:00,11:10:00,True,67,93,91.0,15.0,9.1,1.5,sl
2022-07-21,h062,12:28:00,long,14682.0,14686.0,8.0,2022-07-21 12:28:00,12:22:00,True,5,11,85.0,5.0,10.625,0.625,tp
2022-07-21,h062,12:41:00,long,14705.0,14709.0,12.0,2022-07-21 12:41:00,12:40:00,True,15,25,62.0,5.0,5.166666666666667,0.4166666666666667,tp
2022-07-21,h062,12:48:00,short,14711.0,14710.0,11.0,2022-07-21 12:48:00,12:45:00,True,8,16,6.0,61.0,0.5454545454545454,5.545454545454546,sl
2022-07-21,h062,13:09:00,long,14729.0,14733.0,11.0,2022-07-21 13:09:00,13:08:00,True,17,36,38.0,1.0,3.4545454545454546,0.09090909090909091,tp
2022-07-22,h062,11:28:00,long,14777.0,14780.0,10.0,2022-07-22 11:28:00,11:25:00,True,7,15,12.0,42.0,1.2,4.2,tp
2022-07-22,h062,12:39:00,long,14767.0,14768.0,15.0,2022-07-22 12:39:00,12:31:00,True,5,10,9.0,30.0,0.6,2.0,sl
2022-07-25,h062,10:16:00,short,14780.0,14776.0,13.0,2022-07-25 10:16:00,10:15:00,True,10,24,33.0,69.0,2.5384615384615383,5.3076923076923075,tp
2022-07-25,h062,11:05:00,short,14788.0,14787.0,15.0,2022-07-25 11:05:00,10:51:00,False,4,10,5.0,58.0,0.3333333333333333,3.8666666666666667,sl
2022-07-25,h062,11:45:00,short,14796.0,14793.0,15.0,2022-07-25 11:45:00,11:38:00,True,7,13,9.0,52.0,0.6,3.466666666666667,sl
2022-07-25,h062,11:59:00,long,14820.0,14823.0,10.0,2022-07-25 11:59:00,11:58:00,True,14,40,22.0,39.0,2.2,3.9,tp
2022-07-25,h062,13:17:00,short,14797.0,14796.0,19.0,2022-07-25 13:17:00,13:05:00,True,5,12,12.0,13.0,0.631578947368421,0.6842105263157895,timeout
2022-07-25,h062,13:26:00,short,14800.0,14799.0,9.0,2022-07-25 13:26:00,13:25:00,True,6,11,15.0,0.0,1.6666666666666667,0.0,tp
2022-07-26,h062,09:52:00,short,14710.0,14708.0,23.0,2022-07-26 09:52:00,09:51:00,True,12,36,58.0,11.0,2.5217391304347827,0.4782608695652174,tp
2022-07-26,h062,11:20:00,short,14699.0,14698.0,20.0,2022-07-26 11:20:00,11:05:00,True,5,9,47.0,16.0,2.35,0.8,tp
2022-07-26,h062,11:56:00,long,14670.0,14671.0,15.0,2022-07-26 11:56:00,11:49:00,False,0,3,43.0,20.0,2.8666666666666667,1.3333333333333333,sl
2022-07-26,h062,12:32:00,long,14678.0,14683.0,25.0,2022-07-26 12:32:00,12:30:00,True,9,16,31.0,16.0,1.24,0.64,tp
2022-07-26,h062,12:35:00,short,14681.0,14680.0,13.0,2022-07-26 12:35:00,12:33:00,False,3,5,13.0,34.0,1.0,2.6153846153846154,sl
2022-07-26,h062,13:29:00,long,14699.0,14703.0,19.0,2022-07-26 13:29:00,13:25:00,True,22,40,11.0,5.0,0.5789473684210527,0.2631578947368421,timeout
2022-07-27,h062,10:20:00,long,14643.0,14644.0,11.0,2022-07-27 10:20:00,10:19:00,True,11,32,156.0,29.0,14.181818181818182,2.6363636363636362,sl
2022-07-27,h062,10:35:00,short,14622.0,14620.0,13.0,2022-07-27 10:35:00,10:34:00,True,10,30,3.0,180.0,0.23076923076923078,13.846153846153847,sl
2022-07-27,h062,11:20:00,long,14689.0,14692.0,12.0,2022-07-27 11:20:00,11:18:00,True,7,28,108.0,3.0,9.0,0.25,tp
2022-07-27,h062,12:32:00,long,14734.0,14735.0,22.0,2022-07-27 12:32:00,11:46:00,True,7,11,65.0,9.0,2.9545454545454546,0.4090909090909091,tp
2022-07-27,h062,12:38:00,long,14750.0,14758.0,16.0,2022-07-27 12:38:00,12:37:00,True,27,65,42.0,6.0,2.625,0.375,tp
2022-07-27,h062,12:54:00,short,14766.0,14765.0,16.0,2022-07-27 12:54:00,12:44:00,True,6,9,1.0,35.0,0.0625,2.1875,sl
2022-07-27,h062,13:22:00,short,14779.0,14777.0,10.0,2022-07-27 13:22:00,13:15:00,True,6,10,4.0,23.0,0.4,2.3,sl
2022-07-28,h062,10:14:00,long,14816.0,14823.0,25.0,2022-07-28 10:14:00,10:05:00,True,15,34,45.0,32.0,1.8,1.28,tp
2022-07-28,h062,11:00:00,long,14823.0,14826.0,16.0,2022-07-28 11:00:00,10:51:00,True,5,12,42.0,35.0,2.625,2.1875,tp
2022-07-28,h062,11:13:00,long,14858.0,14860.0,9.0,2022-07-28 11:13:00,11:10:00,True,9,24,8.0,69.0,0.8888888888888888,7.666666666666667,sl
2022-07-28,h062,12:18:00,long,14855.0,14857.0,7.0,2022-07-28 12:18:00,12:16:00,True,9,9,2.0,66.0,0.2857142857142857,9.428571428571429,sl
2022-07-28,h062,12:29:00,long,14855.0,14856.0,14.0,2022-07-28 12:29:00,12:22:00,False,0,1,3.0,65.0,0.21428571428571427,4.642857142857143,sl
2022-07-28,h062,12:37:00,short,14823.0,14820.0,20.0,2022-07-28 12:37:00,12:35:00,True,11,29,29.0,25.0,1.45,1.25,sl
2022-07-28,h062,12:41:00,long,14812.0,14813.0,11.0,2022-07-28 12:41:00,12:40:00,True,12,17,32.0,22.0,2.909090909090909,2.0,tp
2022-07-29,h062,09:59:00,long,14966.0,14985.0,22.0,2022-07-29 09:59:00,09:55:00,True,60,122,3.0,115.0,0.13636363636363635,5.2272727272727275,sl
2022-07-29,h062,11:17:00,long,14958.0,14965.0,11.0,2022-07-29 11:17:00,11:16:00,True,19,41,1.0,95.0,0.09090909090909091,8.636363636363637,sl
2022-07-29,h062,11:32:00,short,14920.0,14917.0,11.0,2022-07-29 11:32:00,11:30:00,True,34,50,47.0,28.0,4.2727272727272725,2.5454545454545454,sl
2022-07-29,h062,11:58:00,short,14872.0,14871.0,20.0,2022-07-29 11:58:00,11:57:00,True,12,40,0.0,74.0,0.0,3.7,sl
2022-07-29,h062,13:28:00,long,14918.0,14922.0,21.0,2022-07-29 13:28:00,13:25:00,True,16,32,23.0,17.0,1.0952380952380953,0.8095238095238095,tp
2022-08-01,h062,09:36:00,long,14900.0,14914.0,27.0,2022-08-01 09:36:00,09:34:00,True,39,84,26.0,61.0,0.9629629629629629,2.259259259259259,sl
2022-08-01,h062,11:16:00,short,14892.0,14887.0,9.0,2022-08-01 11:16:00,11:15:00,True,12,33,34.0,23.0,3.7777777777777777,2.5555555555555554,tp
2022-08-01,h062,11:57:00,short,14886.0,14883.0,7.0,2022-08-01 11:57:00,11:54:00,True,14,20,30.0,27.0,4.285714285714286,3.857142857142857,tp
2022-08-01,h062,12:47:00,short,14882.0,14876.0,11.0,2022-08-01 12:47:00,12:44:00,True,7,14,23.0,34.0,2.090909090909091,3.090909090909091,tp
2022-08-01,h062,13:13:00,short,14865.0,14858.0,8.0,2022-08-01 13:13:00,13:11:00,True,6,17,5.0,52.0,0.625,6.5,sl
2022-08-01,h062,13:28:00,long,14897.0,14904.0,21.0,2022-08-01 13:28:00,13:25:00,True,22,63,6.0,38.0,0.2857142857142857,1.8095238095238095,sl
2022-08-02,h062,09:33:00,short,14654.0,14652.0,36.0,2022-08-02 09:33:00,09:27:00,True,20,63,63.0,44.0,1.75,1.2222222222222223,tp
2022-08-02,h062,10:31:00,short,14640.0,14636.0,13.0,2022-08-02 10:31:00,10:30:00,True,7,12,21.0,60.0,1.6153846153846154,4.615384615384615,sl
2022-08-02,h062,10:39:00,long,14659.0,14679.0,13.0,2022-08-02 10:39:00,10:38:00,True,30,81,17.0,64.0,1.3076923076923077,4.923076923076923,tp
2022-08-02,h062,10:41:00,long,14685.0,14690.0,10.0,2022-08-02 10:41:00,10:40:00,True,46,83,6.0,75.0,0.6,7.5,sl
2022-08-02,h062,11:10:00,short,14646.0,14639.0,13.0,2022-08-02 11:10:00,11:05:00,True,15,25,24.0,43.0,1.8461538461538463,3.3076923076923075,sl
2022-08-02,h062,12:31:00,long,14650.0,14658.0,18.0,2022-08-02 12:31:00,12:30:00,True,18,51,24.0,25.0,1.3333333333333333,1.3888888888888888,sl
2022-08-02,h062,13:10:00,short,14646.0,14644.0,15.0,2022-08-02 13:10:00,13:00:00,True,7,13,6.0,38.0,0.4,2.533333333333333,sl
2022-08-02,h062,13:18:00,long,14672.0,14673.0,19.0,2022-08-02 13:18:00,13:15:00,True,9,25,9.0,35.0,0.47368421052631576,1.8421052631578947,sl
2022-08-03,h062,11:04:00,long,14679.0,14681.0,17.0,2022-08-03 11:04:00,10:55:00,True,7,13,11.0,55.0,0.6470588235294118,3.235294117647059,sl
2022-08-03,h062,12:05:00,long,14657.0,14660.0,11.0,2022-08-03 12:05:00,12:00:00,True,12,24,26.0,34.0,2.3636363636363638,3.090909090909091,tp
2022-08-03,h062,12:46:00,short,14646.0,14639.0,9.0,2022-08-03 12:46:00,12:41:00,True,13,33,13.0,47.0,1.4444444444444444,5.222222222222222,sl
2022-08-04,h062,11:03:00,short,14620.0,14615.0,18.0,2022-08-04 11:03:00,11:02:00,True,17,33,154.0,64.0,8.555555555555555,3.5555555555555554,tp
2022-08-04,h062,11:05:00,short,14606.0,14585.0,9.0,2022-08-04 11:05:00,11:04:00,True,48,113,124.0,94.0,13.777777777777779,10.444444444444445,sl
2022-08-04,h062,11:09:00,long,14590.0,14592.0,10.0,2022-08-04 11:09:00,11:06:00,True,8,22,87.0,131.0,8.7,13.1,sl
2022-08-04,h062,11:32:00,short,14562.0,14557.0,21.0,2022-08-04 11:32:00,11:31:00,True,17,43,96.0,122.0,4.571428571428571,5.809523809523809,tp
2022-08-04,h062,11:36:00,short,14544.0,14535.0,14.0,2022-08-04 11:36:00,11:33:00,True,15,40,74.0,144.0,5.285714285714286,10.285714285714286,tp
2022-08-04,h062,11:48:00,long,14500.0,14502.0,39.0,2022-08-04 11:48:00,11:45:00,True,23,63,177.0,9.0,4.538461538461538,0.23076923076923078,tp
2022-08-04,h062,12:39:00,short,14624.0,14622.0,14.0,2022-08-04 12:39:00,12:38:00,True,10,28,5.0,57.0,0.35714285714285715,4.071428571428571,sl
2022-08-04,h062,12:48:00,long,14654.0,14666.0,20.0,2022-08-04 12:48:00,12:46:00,True,30,54,13.0,30.0,0.65,1.5,sl
2022-08-05,h062,10:31:00,long,14959.0,14961.0,12.0,2022-08-05 10:31:00,10:26:00,True,7,15,59.0,6.0,4.916666666666667,0.5,tp
2022-08-05,h062,10:34:00,long,14971.0,14976.0,11.0,2022-08-05 10:34:00,10:32:00,True,13,32,44.0,21.0,4.0,1.9090909090909092,sl
2022-08-05,h062,11:23:00,long,14971.0,14981.0,8.0,2022-08-05 11:23:00,11:11:00,True,50,64,39.0,8.0,4.875,1.0,sl
2022-08-05,h062,12:41:00,long,15000.0,15002.0,10.0,2022-08-05 12:41:00,12:30:00,True,5,15,18.0,3.0,1.8,0.3,tp
2022-08-08,h062,11:10:00,long,14943.0,14945.0,21.0,2022-08-08 11:10:00,11:02:00,True,6,12,42.0,7.0,2.0,0.3333333333333333,tp
2022-08-08,h062,11:50:00,short,14956.0,14952.0,11.0,2022-08-08 11:50:00,11:45:00,True,5,8,14.0,35.0,1.2727272727272727,3.1818181818181817,sl
2022-08-08,h062,12:00:00,long,14956.0,14958.0,11.0,2022-08-08 12:00:00,11:59:00,False,3,8,29.0,20.0,2.6363636363636362,1.8181818181818181,sl
2022-08-08,h062,12:42:00,short,14952.0,14947.0,9.0,2022-08-08 12:42:00,12:26:00,True,17,19,9.0,40.0,1.0,4.444444444444445,tp
2022-08-08,h062,13:17:00,long,14972.0,14973.0,19.0,2022-08-08 13:17:00,12:52:00,True,5,6,14.0,23.0,0.7368421052631579,1.2105263157894737,sl
2022-08-08,h062,13:28:00,short,14972.0,14969.0,15.0,2022-08-08 13:28:00,13:18:00,True,10,22,19.0,5.0,1.2666666666666666,0.3333333333333333,tp
2022-08-09,h062,10:48:00,short,14928.0,14926.0,10.0,2022-08-09 10:48:00,10:47:00,True,11,13,4.0,139.0,0.4,13.9,sl
2022-08-09,h062,11:02:00,long,14946.0,14950.0,9.0,2022-08-09 11:02:00,11:01:00,True,30,48,115.0,5.0,12.777777777777779,0.5555555555555556,tp
2022-08-09,h062,11:09:00,long,14963.0,14965.0,6.0,2022-08-09 11:09:00,11:07:00,True,7,16,100.0,1.0,16.666666666666668,0.16666666666666666,tp
2022-08-09,h062,11:13:00,long,14982.0,14993.0,17.0,2022-08-09 11:13:00,11:11:00,True,54,94,72.0,2.0,4.235294117647059,0.11764705882352941,tp
2022-08-09,h062,11:20:00,long,15027.0,15030.0,24.0,2022-08-09 11:20:00,11:15:00,True,22,52,35.0,25.0,1.4583333333333333,1.0416666666666667,tp
2022-08-09,h062,12:14:00,short,15034.0,15032.0,10.0,2022-08-09 12:14:00,12:13:00,True,8,10,27.0,13.0,2.7,1.3,sl
2022-08-09,h062,12:50:00,long,15039.0,15041.0,18.0,2022-08-09 12:50:00,12:40:00,True,8,17,4.0,36.0,0.2222222222222222,2.0,sl
2022-08-09,h062,13:06:00,long,15014.0,15015.0,9.0,2022-08-09 13:06:00,13:05:00,True,10,17,14.0,10.0,1.5555555555555556,1.1111111111111112,tp
2022-08-10,h062,10:08:00,long,14907.0,14908.0,18.0,2022-08-10 10:08:00,10:04:00,True,6,12,37.0,36.0,2.0555555555555554,2.0,sl
2022-08-10,h062,11:28:00,short,14903.0,14893.0,7.0,2022-08-10 11:28:00,11:25:00,True,6,11,19.0,52.0,2.7142857142857144,7.428571428571429,sl
2022-08-10,h062,11:41:00,long,14915.0,14918.0,7.0,2022-08-10 11:41:00,11:36:00,True,24,27,27.0,44.0,3.857142857142857,6.285714285714286,tp
2022-08-10,h062,11:43:00,long,14931.0,14937.0,14.0,2022-08-10 11:43:00,11:42:00,True,18,60,8.0,63.0,0.5714285714285714,4.5,sl
2022-08-10,h062,12:26:00,short,14907.0,14905.0,8.0,2022-08-10 12:26:00,12:22:00,False,3,8,31.0,14.0,3.875,1.75,tp
2022-08-10,h062,12:29:00,short,14891.0,14890.0,13.0,2022-08-10 12:29:00,12:28:00,True,17,33,16.0,29.0,1.2307692307692308,2.230769230769231,sl
2022-08-10,h062,13:01:00,short,14911.0,14906.0,8.0,2022-08-10 13:01:00,13:00:00,True,10,19,32.0,12.0,4.0,1.5,tp
2022-08-10,h062,13:11:00,long,14906.0,14908.0,14.0,2022-08-10 13:11:00,13:02:00,True,5,12,10.0,34.0,0.7142857142857143,2.4285714285714284,sl
2022-08-11,h062,10:17:00,long,15146.0,15149.0,14.0,2022-08-11 10:17:00,10:16:00,True,12,24,42.0,4.0,3.0,0.2857142857142857,tp
2022-08-11,h062,10:28:00,long,15183.0,15186.0,25.0,2022-08-11 10:28:00,10:20:00,True,13,21,5.0,39.0,0.2,1.56,sl
2022-08-11,h062,12:14:00,long,15179.0,15180.0,10.0,2022-08-11 12:14:00,12:11:00,True,7,20,7.0,29.0,0.7,2.9,sl
2022-08-11,h062,12:59:00,short,15158.0,15156.0,12.0,2022-08-11 12:59:00,12:55:00,False,3,6,5.0,31.0,0.4166666666666667,2.5833333333333335,sl
2022-08-12,h062,09:39:00,long,15249.0,15255.0,18.0,2022-08-12 09:39:00,09:37:00,True,23,45,54.0,44.0,3.0,2.4444444444444446,sl
2022-08-12,h062,10:09:00,long,15249.0,15250.0,20.0,2022-08-12 10:09:00,10:05:00,True,10,22,59.0,17.0,2.95,0.85,tp
2022-08-12,h062,10:14:00,short,15254.0,15250.0,12.0,2022-08-12 10:14:00,10:13:00,True,17,25,17.0,59.0,1.4166666666666667,4.916666666666667,tp
2022-08-12,h062,10:46:00,short,15260.0,15255.0,10.0,2022-08-12 10:46:00,10:33:00,False,3,6,-1.0,54.0,-0.1,5.4,sl
2022-08-12,h062,11:54:00,long,15280.0,15281.0,7.0,2022-08-12 11:54:00,11:48:00,True,5,7,28.0,10.0,4.0,1.4285714285714286,tp
2022-08-12,h062,11:57:00,long,15291.0,15292.0,7.0,2022-08-12 11:57:00,11:56:00,True,6,12,17.0,21.0,2.4285714285714284,3.0,tp
2022-08-12,h062,12:02:00,long,15303.0,15304.0,7.0,2022-08-12 12:02:00,12:01:00,True,21,33,2.0,33.0,0.2857142857142857,4.714285714285714,sl
2022-08-12,h062,12:57:00,short,15287.0,15285.0,8.0,2022-08-12 12:57:00,12:55:00,False,0,3,14.0,17.0,1.75,2.125,sl
2022-08-12,h062,13:01:00,long,15286.0,15289.0,3.0,2022-08-12 13:01:00,12:58:00,True,5,6,13.0,18.0,4.333333333333333,6.0,tp
2022-08-12,h062,13:12:00,short,15293.0,15291.0,9.0,2022-08-12 13:12:00,13:11:00,False,0,4,20.0,3.0,2.2222222222222223,0.3333333333333333,tp
2022-08-15,h062,09:40:00,short,15351.0,15345.0,37.0,2022-08-15 09:40:00,09:36:00,True,14,34,4.0,87.0,0.10810810810810811,2.3513513513513513,sl
2022-08-15,h062,12:12:00,long,15407.0,15410.0,16.0,2022-08-15 12:12:00,11:46:00,True,49,60,22.0,29.0,1.375,1.8125,tp
2022-08-15,h062,12:21:00,long,15423.0,15427.0,8.0,2022-08-15 12:21:00,12:19:00,True,9,19,5.0,46.0,0.625,5.75,sl
2022-08-15,h062,13:08:00,short,15423.0,15419.0,7.0,2022-08-15 13:08:00,13:06:00,True,10,13,38.0,3.0,5.428571428571429,0.42857142857142855,tp
2022-08-15,h062,13:28:00,short,15404.0,15398.0,7.0,2022-08-15 13:28:00,13:25:00,True,23,32,17.0,8.0,2.4285714285714284,1.1428571428571428,sl
2022-08-16,h062,09:46:00,long,15399.0,15405.0,14.0,2022-08-16 09:46:00,09:45:00,True,8,18,45.0,8.0,3.2142857142857144,0.5714285714285714,tp
2022-08-16,h062,10:11:00,short,15435.0,15434.0,12.0,2022-08-16 10:11:00,10:06:00,True,8,12,37.0,16.0,3.0833333333333335,1.3333333333333333,sl
2022-08-16,h062,10:37:00,short,15441.0,15437.0,9.0,2022-08-16 10:37:00,10:29:00,False,3,8,40.0,6.0,4.444444444444445,0.6666666666666666,tp
2022-08-16,h062,10:44:00,short,15421.0,15418.0,16.0,2022-08-16 10:44:00,10:38:00,True,6,9,21.0,25.0,1.3125,1.5625,sl
2022-08-16,h062,12:15:00,short,15403.0,15399.0,8.0,2022-08-16 12:15:00,12:12:00,True,9,19,2.0,37.0,0.25,4.625,sl
2022-08-16,h062,12:50:00,long,15428.0,15429.0,7.0,2022-08-16 12:50:00,12:49:00,True,11,16,7.0,27.0,1.0,3.857142857142857,tp
2022-08-17,h062,09:13:00,long,15444.0,15445.0,13.0,2022-08-17 09:13:00,09:12:00,True,48,82,16.0,49.0,1.2307692307692308,3.769230769230769,sl
2022-08-17,h062,09:55:00,short,15451.0,15444.0,9.0,2022-08-17 09:55:00,09:52:00,True,10,22,48.0,17.0,5.333333333333333,1.8888888888888888,sl
2022-08-17,h062,10:17:00,short,15428.0,15426.0,9.0,2022-08-17 10:17:00,10:15:00,True,6,17,30.0,35.0,3.3333333333333335,3.888888888888889,tp
2022-08-17,h062,10:25:00,short,15404.0,15400.0,13.0,2022-08-17 10:25:00,10:23:00,True,38,47,4.0,61.0,0.3076923076923077,4.6923076923076925,sl
2022-08-17,h062,11:13:00,long,15438.0,15441.0,10.0,2022-08-17 11:13:00,11:10:00,True,33,47,20.0,23.0,2.0,2.3,sl
2022-08-17,h062,11:45:00,short,15424.0,15422.0,4.0,2022-08-17 11:45:00,11:40:00,True,5,7,4.0,39.0,1.0,9.75,sl
2022-08-17,h062,12:05:00,long,15443.0,15448.0,6.0,2022-08-17 12:05:00,12:04:00,True,23,63,13.0,30.0,2.1666666666666665,5.0,sl
2022-08-17,h062,12:46:00,long,15425.0,15426.0,7.0,2022-08-17 12:46:00,12:45:00,True,8,16,35.0,1.0,5.0,0.14285714285714285,tp
2022-08-17,h062,12:54:00,short,15431.0,15429.0,11.0,2022-08-17 12:54:00,12:49:00,True,5,10,0.0,32.0,0.0,2.909090909090909,sl
2022-08-17,h062,12:57:00,long,15435.0,15437.0,4.0,2022-08-17 12:57:00,12:56:00,True,13,25,24.0,2.0,6.0,0.5,tp
2022-08-17,h062,13:03:00,long,15452.0,15455.0,15.0,2022-08-17 13:03:00,13:00:00,True,25,70,6.0,7.0,0.4,0.4666666666666667,timeout
2022-08-18,h062,09:50:00,short,15255.0,15236.0,13.0,2022-08-18 09:50:00,09:46:00,True,92,148,12.0,89.0,0.9230769230769231,6.846153846153846,sl
2022-08-18,h062,10:11:00,long,15290.0,15293.0,33.0,2022-08-18 10:11:00,10:08:00,True,32,66,32.0,22.0,0.9696969696969697,0.6666666666666666,timeout
2022-08-18,h062,10:40:00,long,15299.0,15308.0,7.0,2022-08-18 10:40:00,10:39:00,True,57,89,17.0,18.0,2.4285714285714284,2.5714285714285716,sl
2022-08-18,h062,10:50:00,short,15307.0,15302.0,11.0,2022-08-18 10:50:00,10:49:00,True,8,22,12.0,23.0,1.0909090909090908,2.090909090909091,sl
2022-08-18,h062,11:32:00,short,15313.0,15312.0,8.0,2022-08-18 11:32:00,11:23:00,True,7,9,22.0,13.0,2.75,1.625,tp
2022-08-18,h062,12:46:00,long,15303.0,15304.0,5.0,2022-08-18 12:46:00,12:42:00,False,0,0,21.0,12.0,4.2,2.4,tp
2022-08-18,h062,12:52:00,short,15310.0,15308.0,6.0,2022-08-18 12:52:00,12:51:00,False,4,6,16.0,17.0,2.6666666666666665,2.8333333333333335,sl
2022-08-18,h062,12:57:00,short,15297.0,15296.0,8.0,2022-08-18 12:57:00,12:55:00,False,0,1,4.0,29.0,0.5,3.625,sl
2022-08-18,h062,13:18:00,long,15318.0,15321.0,9.0,2022-08-18 13:18:00,13:13:00,True,7,13,4.0,9.0,0.4444444444444444,1.0,sl
2022-08-19,h062,09:34:00,short,15280.0,15278.0,17.0,2022-08-19 09:34:00,09:30:00,True,9,21,3.0,128.0,0.17647058823529413,7.529411764705882,sl
2022-08-19,h062,10:01:00,long,15322.0,15326.0,20.0,2022-08-19 10:01:00,09:50:00,True,11,26,80.0,10.0,4.0,0.5,tp
2022-08-19,h062,10:14:00,long,15344.0,15348.0,10.0,2022-08-19 10:14:00,10:13:00,True,15,42,58.0,10.0,5.8,1.0,sl
2022-08-19,h062,10:32:00,long,15368.0,15370.0,12.0,2022-08-19 10:32:00,10:23:00,True,33,37,36.0,27.0,3.0,2.25,tp
2022-08-19,h062,11:00:00,long,15390.0,15400.0,13.0,2022-08-19 11:00:00,10:59:00,True,31,84,6.0,57.0,0.46153846153846156,4.384615384615385,sl
2022-08-19,h062,11:35:00,long,15390.0,15392.0,9.0,2022-08-19 11:35:00,11:30:00,False,2,6,0.0,49.0,0.0,5.444444444444445,sl
2022-08-19,h062,12:08:00,short,15370.0,15366.0,5.0,2022-08-19 12:08:00,12:00:00,True,7,17,23.0,8.0,4.6,1.6,tp
2022-08-19,h062,12:10:00,short,15361.0,15357.0,5.0,2022-08-19 12:10:00,12:09:00,True,27,45,14.0,17.0,2.8,3.4,sl
2022-08-19,h062,12:50:00,short,15368.0,15364.0,6.0,2022-08-19 12:50:00,12:45:00,False,3,7,21.0,8.0,3.5,1.3333333333333333,sl
2022-08-19,h062,13:08:00,long,15361.0,15363.0,13.0,2022-08-19 13:08:00,13:05:00,True,6,12,5.0,20.0,0.38461538461538464,1.5384615384615385,sl
2022-08-22,h062,10:32:00,short,15197.0,15195.0,10.0,2022-08-22 10:32:00,10:29:00,True,6,15,28.0,55.0,2.8,5.5,sl
2022-08-22,h062,10:54:00,long,15222.0,15243.0,10.0,2022-08-22 10:54:00,10:51:00,True,98,131,7.0,76.0,0.7,7.6,sl
2022-08-22,h062,11:03:00,short,15242.0,15238.0,7.0,2022-08-22 11:03:00,10:55:00,True,10,11,71.0,8.0,10.142857142857142,1.1428571428571428,sl
2022-08-22,h062,11:31:00,long,15220.0,15222.0,11.0,2022-08-22 11:31:00,11:26:00,True,6,14,0.0,55.0,0.0,5.0,sl
2022-08-22,h062,12:01:00,short,15216.0,15213.0,4.0,2022-08-22 12:01:00,11:56:00,False,4,6,46.0,0.0,11.5,0.0,tp
2022-08-22,h062,12:07:00,short,15205.0,15204.0,8.0,2022-08-22 12:07:00,12:02:00,False,2,5,37.0,1.0,4.625,0.125,tp
2022-08-22,h062,12:09:00,short,15197.0,15189.0,8.0,2022-08-22 12:09:00,12:08:00,True,19,23,22.0,14.0,2.75,1.75,tp
2022-08-22,h062,12:19:00,long,15189.0,15191.0,13.0,2022-08-22 12:19:00,12:16:00,False,3,6,12.0,24.0,0.9230769230769231,1.8461538461538463,sl
2022-08-22,h062,13:15:00,short,15174.0,15168.0,5.0,2022-08-22 13:15:00,13:14:00,True,10,21,1.0,28.0,0.2,5.6,sl
2022-08-22,h062,13:18:00,long,15177.0,15183.0,10.0,2022-08-22 13:18:00,13:16:00,True,8,17,13.0,8.0,1.3,0.8,tp
2022-08-23,h062,09:19:00,long,15093.0,15094.0,21.0,2022-08-23 09:19:00,09:16:00,True,18,44,15.0,72.0,0.7142857142857143,3.4285714285714284,sl
2022-08-23,h062,09:46:00,long,15061.0,15063.0,26.0,2022-08-23 09:46:00,09:45:00,True,15,50,32.0,41.0,1.2307692307692308,1.5769230769230769,sl
2022-08-23,h062,10:36:00,long,15057.0,15065.0,16.0,2022-08-23 10:36:00,10:35:00,True,22,38,30.0,42.0,1.875,2.625,tp
2022-08-23,h062,10:46:00,long,15076.0,15078.0,13.0,2022-08-23 10:46:00,10:37:00,True,11,15,17.0,55.0,1.3076923076923077,4.230769230769231,tp
2022-08-23,h062,12:19:00,long,15054.0,15057.0,3.0,2022-08-23 12:19:00,12:18:00,False,4,8,2.0,34.0,0.6666666666666666,11.333333333333334,sl
2022-08-23,h062,12:23:00,short,15047.0,15043.0,7.0,2022-08-23 12:23:00,12:21:00,False,2,6,20.0,12.0,2.857142857142857,1.7142857142857142,sl
2022-08-23,h062,13:03:00,long,15040.0,15041.0,7.0,2022-08-23 13:03:00,12:59:00,True,6,16,9.0,18.0,1.2857142857142858,2.5714285714285716,sl
2022-08-24,h062,09:51:00,short,15061.0,15058.0,11.0,2022-08-24 09:51:00,09:48:00,True,10,28,71.0,12.0,6.454545454545454,1.0909090909090908,tp
2022-08-24,h062,10:43:00,short,15035.0,15032.0,15.0,2022-08-24 10:43:00,10:41:00,True,16,46,45.0,30.0,3.0,2.0,tp
2022-08-24,h062,10:46:00,long,15035.0,15037.0,10.0,2022-08-24 10:46:00,10:45:00,True,6,11,25.0,50.0,2.5,5.0,sl
2022-08-24,h062,10:59:00,short,15014.0,15013.0,15.0,2022-08-24 10:59:00,10:58:00,True,11,25,26.0,49.0,1.7333333333333334,3.2666666666666666,sl
2022-08-24,h062,12:02:00,short,15017.0,15012.0,8.0,2022-08-24 12:02:00,12:00:00,True,10,16,25.0,50.0,3.125,6.25,tp
2022-08-24,h062,12:05:00,short,15005.0,14999.0,7.0,2022-08-24 12:05:00,12:03:00,True,25,43,12.0,63.0,1.7142857142857142,9.0,tp
2022-08-24,h062,12:43:00,long,15025.0,15033.0,10.0,2022-08-24 12:43:00,12:42:00,True,25,50,29.0,21.0,2.9,2.1,tp
2022-08-24,h062,12:47:00,short,15031.0,15030.0,13.0,2022-08-24 12:47:00,12:45:00,True,5,10,18.0,32.0,1.3846153846153846,2.4615384615384617,sl
2022-08-24,h062,12:54:00,long,15059.0,15060.0,14.0,2022-08-24 12:54:00,12:50:00,True,14,27,1.0,48.0,0.07142857142857142,3.4285714285714284,sl
2022-08-25,h062,09:29:00,long,15168.0,15170.0,26.0,2022-08-25 09:29:00,09:17:00,True,10,32,55.0,54.0,2.1153846153846154,2.076923076923077,tp
2022-08-25,h062,09:39:00,long,15205.0,15208.0,17.0,2022-08-25 09:39:00,09:38:00,True,29,81,17.0,92.0,1.0,5.411764705882353,tp
2022-08-25,h062,11:21:00,short,15209.0,15206.0,12.0,2022-08-25 11:21:00,11:17:00,True,6,10,90.0,1.0,7.5,0.08333333333333333,tp
2022-08-25,h062,11:34:00,short,15187.0,15184.0,10.0,2022-08-25 11:34:00,11:26:00,False,3,6,68.0,4.0,6.8,0.4,tp
2022-08-25,h062,11:43:00,short,15172.0,15171.0,12.0,2022-08-25 11:43:00,11:35:00,True,12,29,55.0,17.0,4.583333333333333,1.4166666666666667,tp
2022-08-25,h062,11:48:00,short,15151.0,15148.0,24.0,2022-08-25 11:48:00,11:47:00,True,50,139,32.0,40.0,1.3333333333333333,1.6666666666666667,tp
2022-08-25,h062,12:16:00,short,15144.0,15142.0,9.0,2022-08-25 12:16:00,12:13:00,True,17,30,26.0,46.0,2.888888888888889,5.111111111111111,tp
2022-08-25,h062,12:18:00,short,15135.0,15134.0,7.0,2022-08-25 12:18:00,12:17:00,True,15,21,18.0,54.0,2.5714285714285716,7.714285714285714,tp
2022-08-25,h062,12:20:00,long,15134.0,15135.0,18.0,2022-08-25 12:20:00,12:19:00,True,11,23,53.0,5.0,2.9444444444444446,0.2777777777777778,tp
2022-08-25,h062,12:52:00,long,15169.0,15173.0,14.0,2022-08-25 12:52:00,12:36:00,True,15,25,15.0,11.0,1.0714285714285714,0.7857142857142857,tp
2022-08-26,h062,09:34:00,short,15261.0,15260.0,12.0,2022-08-26 09:34:00,09:33:00,True,6,12,32.0,58.0,2.6666666666666665,4.833333333333333,sl
2022-08-26,h062,09:51:00,short,15284.0,15278.0,34.0,2022-08-26 09:51:00,09:47:00,True,14,32,50.0,32.0,1.4705882352941178,0.9411764705882353,tp
2022-08-26,h062,10:42:00,long,15275.0,15276.0,14.0,2022-08-26 10:42:00,10:20:00,True,5,7,34.0,48.0,2.4285714285714284,3.4285714285714284,tp
2022-08-26,h062,11:20:00,long,15284.0,15285.0,7.0,2022-08-26 11:20:00,11:19:00,True,6,18,25.0,57.0,3.5714285714285716,8.142857142857142,tp
2022-08-26,h062,11:22:00,short,15285.0,15283.0,7.0,2022-08-26 11:22:00,11:21:00,False,3,7,55.0,27.0,7.857142857142857,3.857142857142857,sl
2022-08-26,h062,12:05:00,short,15297.0,15294.0,11.0,2022-08-26 12:05:00,11:39:00,False,3,6,66.0,1.0,6.0,0.09090909090909091,tp
2022-08-26,h062,12:27:00,long,15287.0,15288.0,9.0,2022-08-26 12:27:00,12:23:00,False,4,9,0.0,60.0,0.0,6.666666666666667,sl
2022-08-26,h062,12:46:00,short,15276.0,15274.0,5.0,2022-08-26 12:46:00,12:45:00,True,10,17,46.0,2.0,9.2,0.4,tp
2022-08-26,h062,12:50:00,short,15266.0,15264.0,7.0,2022-08-26 12:50:00,12:48:00,False,4,8,36.0,1.0,5.142857142857143,0.14285714285714285,tp
2022-08-26,h062,12:58:00,short,15250.0,15246.0,13.0,2022-08-26 12:58:00,12:52:00,True,5,9,18.0,9.0,1.3846153846153846,0.6923076923076923,tp
2022-08-29,h062,09:55:00,short,14826.0,14823.0,18.0,2022-08-29 09:55:00,09:54:00,True,19,37,8.0,75.0,0.4444444444444444,4.166666666666667,sl
2022-08-29,h062,10:25:00,short,14847.0,14842.0,15.0,2022-08-29 10:25:00,10:24:00,True,14,28,26.0,56.0,1.7333333333333334,3.7333333333333334,sl
2022-08-29,h062,10:36:00,long,14878.0,14888.0,15.0,2022-08-29 10:36:00,10:35:00,True,43,68,10.0,72.0,0.6666666666666666,4.8,sl
2022-08-29,h062,11:30:00,short,14851.0,14848.0,12.0,2022-08-29 11:30:00,11:26:00,False,2,5,32.0,50.0,2.6666666666666665,4.166666666666667,sl
2022-08-29,h062,12:02:00,long,14894.0,14895.0,9.0,2022-08-29 12:02:00,12:01:00,True,10,26,3.0,79.0,0.3333333333333333,8.777777777777779,sl
2022-08-29,h062,12:52:00,long,14865.0,14866.0,12.0,2022-08-29 12:52:00,12:49:00,True,12,24,17.0,50.0,1.4166666666666667,4.166666666666667,tp
2022-08-30,h062,09:25:00,long,14905.0,14908.0,25.0,2022-08-30 09:25:00,09:24:00,True,47,92,86.0,71.0,3.44,2.84,sl
2022-08-30,h062,10:52:00,long,14884.0,14885.0,18.0,2022-08-30 10:52:00,10:36:00,False,4,6,109.0,4.0,6.055555555555555,0.2222222222222222,tp
2022-08-30,h062,11:21:00,long,14902.0,14907.0,9.0,2022-08-30 11:21:00,11:13:00,True,19,27,87.0,6.0,9.666666666666666,0.6666666666666666,tp
2022-08-30,h062,11:26:00,long,14920.0,14924.0,14.0,2022-08-30 11:26:00,11:25:00,True,22,47,70.0,17.0,5.0,1.2142857142857142,sl
2022-08-30,h062,12:09:00,long,14943.0,14945.0,10.0,2022-08-30 12:09:00,12:01:00,True,8,18,49.0,19.0,4.9,1.9,sl
2022-08-30,h062,12:30:00,long,14958.0,14968.0,10.0,2022-08-30 12:30:00,12:20:00,True,19,43,26.0,42.0,2.6,4.2,tp
2022-08-31,h062,10:51:00,short,14931.0,14929.0,13.0,2022-08-31 10:51:00,10:50:00,True,6,19,4.0,170.0,0.3076923076923077,13.076923076923077,sl
2022-08-31,h062,12:07:00,short,15014.0,15012.0,11.0,2022-08-31 12:07:00,12:01:00,False,3,8,1.0,87.0,0.09090909090909091,7.909090909090909,sl
2022-08-31,h062,12:17:00,long,15032.0,15033.0,14.0,2022-08-31 12:17:00,12:14:00,True,11,23,66.0,13.0,4.714285714285714,0.9285714285714286,tp
2022-08-31,h062,13:26:00,long,15088.0,15090.0,24.0,2022-08-31 13:26:00,13:25:00,True,23,77,2.0,58.0,0.08333333333333333,2.4166666666666665,sl
2022-09-01,h062,09:29:00,short,14725.0,14714.0,26.0,2022-09-01 09:29:00,09:21:00,True,48,82,39.0,74.0,1.5,2.8461538461538463,sl
2022-09-01,h062,10:07:00,short,14773.0,14768.0,15.0,2022-09-01 10:07:00,10:05:00,True,9,25,93.0,13.0,6.2,0.8666666666666667,tp
2022-09-01,h062,11:47:00,short,14687.0,14682.0,12.0,2022-09-01 11:47:00,11:45:00,True,13,33,7.0,71.0,0.5833333333333334,5.916666666666667,sl
2022-09-01,h062,12:34:00,long,14694.0,14697.0,13.0,2022-09-01 12:34:00,12:31:00,True,11,22,56.0,4.0,4.3076923076923075,0.3076923076923077,tp
2022-09-01,h062,12:38:00,long,14717.0,14730.0,20.0,2022-09-01 12:38:00,12:37:00,True,46,75,23.0,17.0,1.15,0.85,tp
2022-09-01,h062,12:40:00,short,14724.0,14723.0,11.0,2022-09-01 12:40:00,12:39:00,True,5,14,10.0,30.0,0.9090909090909091,2.727272727272727,sl
2022-09-01,h062,13:28:00,short,14734.0,14727.0,19.0,2022-09-01 13:28:00,13:16:00,True,21,49,10.0,13.0,0.5263157894736842,0.6842105263157895,timeout
2022-09-02,h062,12:17:00,long,14694.0,14700.0,12.0,2022-09-02 12:17:00,12:15:00,True,30,59,14.0,116.0,1.1666666666666667,9.666666666666666,tp
2022-09-02,h062,12:24:00,short,14698.0,14697.0,16.0,2022-09-02 12:24:00,12:18:00,False,0,4,113.0,14.0,7.0625,0.875,tp
2022-09-02,h062,13:14:00,long,14633.0,14637.0,14.0,2022-09-02 13:14:00,13:11:00,False,4,13,6.0,53.0,0.42857142857142855,3.7857142857142856,sl
2022-09-02,h062,13:26:00,short,14609.0,14607.0,18.0,2022-09-02 13:26:00,13:18:00,True,11,23,23.0,1.0,1.2777777777777777,0.05555555555555555,tp
2022-09-05,h062,10:35:00,short,14593.0,14579.0,21.0,2022-09-05 10:35:00,10:34:00,True,35,66,18.0,84.0,0.8571428571428571,4.0,sl
2022-09-05,h062,11:46:00,long,14633.0,14643.0,9.0,2022-09-05 11:46:00,11:45:00,True,12,41,20.0,45.0,2.2222222222222223,5.0,sl
2022-09-05,h062,12:36:00,short,14641.0,14640.0,21.0,2022-09-05 12:36:00,12:24:00,False,4,8,42.0,15.0,2.0,0.7142857142857143,tp
2022-09-06,h062,10:35:00,long,14632.0,14643.0,22.0,2022-09-06 10:35:00,10:30:00,True,20,55,11.0,88.0,0.5,4.0,sl
2022-09-06,h062,11:06:00,short,14614.0,14613.0,14.0,2022-09-06 11:06:00,11:04:00,True,5,13,58.0,35.0,4.142857142857143,2.5,tp
2022-09-06,h062,11:11:00,short,14598.0,14595.0,10.0,2022-09-06 11:11:00,11:09:00,True,7,18,40.0,53.0,4.0,5.3,tp
2022-09-06,h062,11:18:00,long,14585.0,14588.0,30.0,2022-09-06 11:18:00,11:15:00,True,8,14,60.0,11.0,2.0,0.36666666666666664,tp
2022-09-06,h062,12:03:00,long,14620.0,14628.0,11.0,2022-09-06 12:03:00,12:01:00,True,35,59,20.0,15.0,1.8181818181818181,1.3636363636363635,tp
2022-09-06,h062,13:11:00,short,14628.0,14625.0,20.0,2022-09-06 13:11:00,13:09:00,True,10,21,12.0,12.0,0.6,0.6,timeout
2022-09-07,h062,10:10:00,short,14380.0,14378.0,16.0,2022-09-07 10:10:00,10:08:00,True,13,21,44.0,47.0,2.75,2.9375,sl
2022-09-07,h062,11:19:00,long,14347.0,14351.0,9.0,2022-09-07 11:19:00,11:17:00,True,8,14,20.0,17.0,2.2222222222222223,1.8888888888888888,sl
2022-09-07,h062,11:51:00,short,14339.0,14338.0,13.0,2022-09-07 11:51:00,11:45:00,False,4,8,4.0,33.0,0.3076923076923077,2.5384615384615383,sl
2022-09-07,h062,12:00:00,short,14357.0,14352.0,9.0,2022-09-07 12:00:00,11:54:00,False,3,7,18.0,19.0,2.0,2.111111111111111,tp
2022-09-07,h062,12:47:00,short,14363.0,14361.0,7.0,2022-09-07 12:47:00,12:46:00,True,14,22,27.0,10.0,3.857142857142857,1.4285714285714286,sl
2022-09-08,h062,11:14:00,long,14438.0,14448.0,13.0,2022-09-08 11:14:00,11:11:00,True,21,48,104.0,2.0,8.0,0.15384615384615385,tp
2022-09-08,h062,11:18:00,long,14455.0,14457.0,8.0,2022-09-08 11:18:00,11:15:00,True,20,44,95.0,0.0,11.875,0.0,tp
2022-09-08,h062,11:20:00,long,14482.0,14487.0,25.0,2022-09-08 11:20:00,11:19:00,True,32,73,65.0,30.0,2.6,1.2,sl
2022-09-08,h062,11:55:00,short,14482.0,14480.0,15.0,2022-09-08 11:55:00,11:54:00,False,4,10,6.0,72.0,0.4,4.8,sl
2022-09-08,h062,12:08:00,short,14490.0,14486.0,15.0,2022-09-08 12:08:00,12:04:00,True,5,13,3.0,66.0,0.2,4.4,sl
2022-09-08,h062,12:15:00,long,14511.0,14515.0,11.0,2022-09-08 12:15:00,12:13:00,True,31,58,37.0,27.0,3.3636363636363638,2.4545454545454546,sl
2022-09-08,h062,12:55:00,long,14497.0,14500.0,9.0,2022-09-08 12:55:00,12:52:00,True,7,13,52.0,3.0,5.777777777777778,0.3333333333333333,tp
2022-09-08,h062,13:10:00,long,14525.0,14528.0,16.0,2022-09-08 13:10:00,13:06:00,True,8,18,24.0,31.0,1.5,1.9375,sl
2022-09-12,h062,09:32:00,short,14762.0,14761.0,35.0,2022-09-12 09:32:00,09:25:00,True,7,19,1.0,63.0,0.02857142857142857,1.8,sl
2022-09-12,h062,09:42:00,long,14812.0,14813.0,26.0,2022-09-12 09:42:00,09:37:00,True,16,24,11.0,40.0,0.4230769230769231,1.5384615384615385,sl
2022-09-12,h062,10:40:00,short,14781.0,14780.0,16.0,2022-09-12 10:40:00,10:38:00,True,5,16,7.0,28.0,0.4375,1.75,sl
2022-09-12,h062,10:42:00,long,14783.0,14785.0,10.0,2022-09-12 10:42:00,10:41:00,True,6,13,23.0,9.0,2.3,0.9,tp
2022-09-12,h062,11:44:00,short,14786.0,14785.0,10.0,2022-09-12 11:44:00,11:31:00,False,0,2,9.0,19.0,0.9,1.9,sl
2022-09-12,h062,12:12:00,long,14790.0,14791.0,10.0,2022-09-12 12:12:00,12:11:00,True,5,8,13.0,15.0,1.3,1.5,sl
2022-09-12,h062,12:52:00,short,14794.0,14791.0,9.0,2022-09-12 12:52:00,12:48:00,False,0,3,11.0,13.0,1.2222222222222223,1.4444444444444444,tp
2022-09-12,h062,13:10:00,long,14787.0,14788.0,7.0,2022-09-12 13:10:00,13:05:00,True,12,16,16.0,7.0,2.2857142857142856,1.0,sl
2022-09-12,h062,13:23:00,short,14796.0,14793.0,8.0,2022-09-12 13:23:00,13:22:00,True,5,12,10.0,9.0,1.25,1.125,sl
2022-09-13,h062,10:50:00,long,14871.0,14873.0,11.0,2022-09-13 10:50:00,10:44:00,False,3,6,22.0,46.0,2.0,4.181818181818182,tp
2022-09-13,h062,12:09:00,short,14849.0,14847.0,5.0,2022-09-13 12:09:00,12:07:00,False,4,7,20.0,34.0,4.0,6.8,tp
2022-09-13,h062,12:16:00,short,14840.0,14837.0,8.0,2022-09-13 12:16:00,12:10:00,True,5,6,10.0,44.0,1.25,5.5,sl
2022-09-13,h062,12:55:00,long,14833.0,14837.0,6.0,2022-09-13 12:55:00,12:51:00,False,3,8,44.0,1.0,7.333333333333333,0.16666666666666666,tp
2022-09-13,h062,13:19:00,long,14854.0,14862.0,14.0,2022-09-13 13:19:00,12:59:00,True,12,20,19.0,4.0,1.3571428571428572,0.2857142857142857,tp
2022-09-14,h062,11:41:00,short,14571.0,14569.0,9.0,2022-09-14 11:41:00,11:37:00,False,4,9,4.0,72.0,0.4444444444444444,8.0,sl
2022-09-14,h062,12:08:00,short,14597.0,14593.0,9.0,2022-09-14 12:08:00,12:04:00,False,2,5,16.0,48.0,1.7777777777777777,5.333333333333333,sl
2022-09-14,h062,12:31:00,long,14617.0,14627.0,16.0,2022-09-14 12:31:00,12:30:00,True,43,67,14.0,50.0,0.875,3.125,sl
2022-09-14,h062,12:36:00,long,14633.0,14634.0,8.0,2022-09-14 12:36:00,12:34:00,True,10,24,7.0,57.0,0.875,7.125,sl
2022-09-15,h062,11:14:00,long,14694.0,14696.0,10.0,2022-09-15 11:14:00,11:10:00,True,20,32,19.0,63.0,1.9,6.3,tp
2022-09-15,h062,11:19:00,long,14698.0,14699.0,6.0,2022-09-15 11:19:00,11:15:00,False,0,3,16.0,66.0,2.6666666666666665,11.0,tp
2022-09-15,h062,13:09:00,long,14646.0,14649.0,7.0,2022-09-15 13:09:00,13:05:00,False,3,7,12.0,14.0,1.7142857142857142,2.0,sl
2022-09-16,h062,09:52:00,long,14486.0,14487.0,18.0,2022-09-16 09:52:00,09:48:00,True,20,28,30.0,22.0,1.6666666666666667,1.2222222222222223,tp
2022-09-16,h062,10:23:00,short,14497.0,14496.0,18.0,2022-09-16 10:23:00,10:20:00,True,6,18,31.0,12.0,1.7222222222222223,0.6666666666666666,tp
2022-09-16,h062,10:57:00,short,14495.0,14490.0,11.0,2022-09-16 10:57:00,10:55:00,False,0,2,25.0,18.0,2.272727272727273,1.6363636363636365,tp
2022-09-16,h062,11:28:00,long,14473.0,14474.0,8.0,2022-09-16 11:28:00,11:23:00,True,5,12,34.0,3.0,4.25,0.375,tp
2022-09-16,h062,12:37:00,long,14491.0,14492.0,5.0,2022-09-16 12:37:00,12:36:00,True,5,13,16.0,12.0,3.2,2.4,tp
2022-09-16,h062,12:42:00,long,14496.0,14498.0,5.0,2022-09-16 12:42:00,12:39:00,True,5,16,10.0,18.0,2.0,3.6,sl
2022-09-16,h062,13:12:00,short,14497.0,14493.0,8.0,2022-09-16 13:12:00,13:10:00,False,3,5,13.0,15.0,1.625,1.875,tp
2022-09-16,h062,13:29:00,long,14497.0,14506.0,17.0,2022-09-16 13:29:00,13:25:00,True,28,65,2.0,23.0,0.11764705882352941,1.3529411764705883,sl
2022-09-19,h062,12:14:00,short,14415.0,14411.0,11.0,2022-09-19 12:14:00,12:12:00,True,10,18,1.0,41.0,0.09090909090909091,3.727272727272727,sl
2022-09-19,h062,13:29:00,short,14434.0,14427.0,16.0,2022-09-19 13:29:00,13:08:00,True,9,20,9.0,11.0,0.5625,0.6875,timeout
2022-09-20,h062,09:55:00,long,14505.0,14506.0,15.0,2022-09-20 09:55:00,09:54:00,True,12,33,63.0,42.0,4.2,2.8,sl
2022-09-20,h062,10:46:00,long,14474.0,14475.0,8.0,2022-09-20 10:46:00,10:41:00,True,6,12,94.0,5.0,11.75,0.625,tp
2022-09-20,h062,11:53:00,short,14493.0,14492.0,10.0,2022-09-20 11:53:00,11:51:00,False,0,3,0.0,77.0,0.0,7.7,sl
2022-09-20,h062,12:00:00,long,14507.0,14508.0,9.0,2022-09-20 12:00:00,11:57:00,False,4,7,61.0,1.0,6.777777777777778,0.1111111111111111,tp
2022-09-20,h062,12:05:00,long,14515.0,14516.0,8.0,2022-09-20 12:05:00,12:01:00,False,3,8,53.0,1.0,6.625,0.125,tp
2022-09-20,h062,12:16:00,long,14555.0,14558.0,17.0,2022-09-20 12:16:00,12:13:00,True,69,110,11.0,22.0,0.6470588235294118,1.2941176470588236,sl
2022-09-20,h062,13:29:00,long,14549.0,14553.0,7.0,2022-09-20 13:29:00,13:25:00,True,17,52,8.0,5.0,1.1428571428571428,0.7142857142857143,tp
2022-09-21,h062,10:03:00,short,14484.0,14482.0,9.0,2022-09-21 10:03:00,10:00:00,False,3,5,90.0,29.0,10.0,3.2222222222222223,sl
2022-09-21,h062,11:09:00,short,14475.0,14471.0,8.0,2022-09-21 11:09:00,11:06:00,True,6,12,79.0,14.0,9.875,1.75,tp
2022-09-21,h062,12:15:00,short,14448.0,14443.0,10.0,2022-09-21 12:15:00,12:08:00,True,8,21,51.0,11.0,5.1,1.1,sl
2022-09-21,h062,12:38:00,long,14430.0,14434.0,10.0,2022-09-21 12:38:00,12:37:00,True,10,28,10.0,42.0,1.0,4.2,tp
2022-09-21,h062,12:59:00,long,14425.0,14428.0,9.0,2022-09-21 12:59:00,12:53:00,True,8,18,3.0,36.0,0.3333333333333333,4.0,sl
2022-09-21,h062,13:02:00,short,14402.0,14401.0,29.0,2022-09-21 13:02:00,13:00:00,True,27,64,9.0,3.0,0.3103448275862069,0.10344827586206896,timeout
2022-09-22,h062,10:31:00,long,14185.0,14186.0,15.0,2022-09-22 10:31:00,10:24:00,True,6,15,64.0,14.0,4.266666666666667,0.9333333333333333,tp
2022-09-22,h062,10:54:00,short,14211.0,14210.0,11.0,2022-09-22 10:54:00,10:51:00,True,6,15,25.0,40.0,2.272727272727273,3.6363636363636362,sl
2022-09-22,h062,11:02:00,short,14224.0,14223.0,21.0,2022-09-22 11:02:00,10:57:00,False,4,8,38.0,27.0,1.8095238095238095,1.2857142857142858,tp
2022-09-22,h062,12:20:00,long,14202.0,14217.0,11.0,2022-09-22 12:20:00,12:15:00,True,20,40,33.0,21.0,3.0,1.9090909090909092,tp
2022-09-22,h062,12:32:00,short,14238.0,14232.0,12.0,2022-09-22 12:32:00,12:31:00,False,4,14,36.0,13.0,3.0,1.0833333333333333,tp
2022-09-22,h062,13:15:00,long,14207.0,14209.0,11.0,2022-09-22 13:15:00,13:12:00,True,6,10,36.0,1.0,3.272727272727273,0.09090909090909091,tp
2022-09-23,h062,09:39:00,short,14180.0,14168.0,12.0,2022-09-23 09:39:00,09:38:00,True,17,57,112.0,47.0,9.333333333333334,3.9166666666666665,sl
2022-09-23,h062,10:02:00,short,14187.0,14185.0,24.0,2022-09-23 10:02:00,09:58:00,True,5,13,129.0,17.0,5.375,0.7083333333333334,tp
2022-09-23,h062,11:31:00,short,14124.0,14123.0,12.0,2022-09-23 11:31:00,11:25:00,True,6,14,67.0,19.0,5.583333333333333,1.5833333333333333,tp
2022-09-23,h062,12:05:00,short,14082.0,14072.0,14.0,2022-09-23 12:05:00,12:03:00,True,15,35,16.0,70.0,1.1428571428571428,5.0,tp
2022-09-23,h062,12:07:00,short,14065.0,14064.0,9.0,2022-09-23 12:07:00,12:06:00,True,10,29,8.0,78.0,0.8888888888888888,8.666666666666666,sl
2022-09-23,h062,12:33:00,long,14118.0,14124.0,26.0,2022-09-23 12:33:00,12:31:00,True,23,60,18.0,19.0,0.6923076923076923,0.7307692307692307,timeout
2022-09-26,h062,10:33:00,short,13869.0,13857.0,22.0,2022-09-26 10:33:00,10:32:00,True,8,18,117.0,16.0,5.318181818181818,0.7272727272727273,tp
2022-09-26,h062,11:30:00,long,13812.0,13814.0,15.0,2022-09-26 11:30:00,11:28:00,True,8,21,6.0,74.0,0.4,4.933333333333334,sl
2022-09-26,h062,11:46:00,long,13795.0,13798.0,13.0,2022-09-26 11:46:00,11:44:00,False,4,8,20.0,58.0,1.5384615384615385,4.461538461538462,tp
2022-09-26,h062,12:40:00,short,13781.0,13780.0,18.0,2022-09-26 12:40:00,12:32:00,True,17,21,40.0,35.0,2.2222222222222223,1.9444444444444444,tp
2022-09-26,h062,13:17:00,long,13780.0,13786.0,17.0,2022-09-26 13:17:00,13:16:00,True,8,28,29.0,33.0,1.7058823529411764,1.9411764705882353,tp
2022-09-27,h062,10:14:00,long,13750.0,13753.0,15.0,2022-09-27 10:14:00,10:13:00,True,8,20,91.0,17.0,6.066666666666666,1.1333333333333333,sl
2022-09-27,h062,11:21:00,short,13778.0,13772.0,22.0,2022-09-27 11:21:00,11:19:00,True,13,37,1.0,61.0,0.045454545454545456,2.772727272727273,sl
2022-09-27,h062,12:21:00,short,13795.0,13788.0,11.0,2022-09-27 12:21:00,12:20:00,True,5,10,2.0,45.0,0.18181818181818182,4.090909090909091,sl
2022-09-27,h062,12:52:00,long,13814.0,13815.0,16.0,2022-09-27 12:52:00,12:42:00,True,11,17,18.0,16.0,1.125,1.0,tp
2022-09-28,h062,09:26:00,short,13729.0,13723.0,25.0,2022-09-28 09:26:00,09:24:00,True,22,57,237.0,3.0,9.48,0.12,tp
2022-09-28,h062,11:22:00,long,13545.0,13546.0,21.0,2022-09-28 11:22:00,11:13:00,True,38,45,20.0,58.0,0.9523809523809523,2.761904761904762,sl
2022-09-28,h062,12:50:00,short,13503.0,13501.0,12.0,2022-09-28 12:50:00,12:48:00,True,5,12,13.0,32.0,1.0833333333333333,2.6666666666666665,sl
2022-09-29,h062,09:29:00,short,13645.0,13641.0,27.0,2022-09-29 09:29:00,09:27:00,True,12,32,170.0,18.0,6.296296296296297,0.6666666666666666,tp
2022-09-30,h062,13:06:00,long,13423.0,13430.0,15.0,2022-09-30 13:06:00,13:05:00,True,16,34,28.0,40.0,1.8666666666666667,2.6666666666666665,tp
2022-10-03,h062,09:47:00,long,13327.0,13335.0,37.0,2022-10-03 09:47:00,09:29:00,True,20,60,109.0,72.0,2.945945945945946,1.945945945945946,tp
2022-10-03,h062,10:17:00,long,13439.0,13440.0,38.0,2022-10-03 10:17:00,10:15:00,True,17,54,4.0,177.0,0.10526315789473684,4.657894736842105,sl
2022-10-03,h062,11:25:00,short,13358.0,13356.0,14.0,2022-10-03 11:25:00,11:23:00,True,9,23,93.0,6.0,6.642857142857143,0.42857142857142855,tp
2022-10-03,h062,13:01:00,long,13306.0,13309.0,12.0,2022-10-03 13:01:00,13:00:00,False,4,8,20.0,46.0,1.6666666666666667,3.8333333333333335,tp
2022-10-03,h062,13:10:00,short,13307.0,13302.0,22.0,2022-10-03 13:10:00,13:02:00,True,9,13,39.0,13.0,1.7727272727272727,0.5909090909090909,tp
2022-10-04,h062,09:27:00,short,13571.0,13554.0,23.0,2022-10-04 09:27:00,09:26:00,True,16,38,65.0,61.0,2.8260869565217392,2.652173913043478,tp
2022-10-04,h062,10:08:00,short,13505.0,13502.0,26.0,2022-10-04 10:08:00,10:06:00,True,9,27,13.0,113.0,0.5,4.346153846153846,sl
2022-10-04,h062,11:37:00,long,13588.0,13594.0,15.0,2022-10-04 11:37:00,11:32:00,True,13,25,21.0,17.0,1.4,1.1333333333333333,tp
2022-10-04,h062,13:07:00,short,13592.0,13588.0,17.0,2022-10-04 13:07:00,12:33:00,True,19,26,5.0,9.0,0.29411764705882354,0.5294117647058824,timeout
2022-10-05,h062,11:50:00,long,13821.0,13822.0,16.0,2022-10-05 11:50:00,11:45:00,True,9,19,4.0,94.0,0.25,5.875,sl
2022-10-05,h062,12:03:00,short,13791.0,13788.0,16.0,2022-10-05 12:03:00,11:59:00,True,15,33,60.0,32.0,3.75,2.0,sl
2022-10-05,h062,12:25:00,long,13770.0,13776.0,7.0,2022-10-05 12:25:00,12:24:00,True,13,51,44.0,48.0,6.285714285714286,6.857142857142857,sl
2022-10-06,h062,10:28:00,short,13830.0,13827.0,20.0,2022-10-06 10:28:00,10:24:00,True,7,19,13.0,60.0,0.65,3.0,sl
2022-10-06,h062,10:55:00,long,13855.0,13868.0,11.0,2022-10-06 10:55:00,10:54:00,True,21,85,19.0,47.0,1.7272727272727273,4.2727272727272725,tp
2022-10-06,h062,10:57:00,short,13866.0,13858.0,16.0,2022-10-06 10:57:00,10:56:00,True,9,33,37.0,29.0,2.3125,1.8125,sl
2022-10-06,h062,11:31:00,short,13859.0,13858.0,9.0,2022-10-06 11:31:00,11:29:00,False,4,6,37.0,29.0,4.111111111111111,3.2222222222222223,tp
2022-10-06,h062,12:00:00,short,13845.0,13841.0,7.0,2022-10-06 12:00:00,11:55:00,True,15,18,20.0,46.0,2.857142857142857,6.571428571428571,sl
2022-10-06,h062,12:18:00,long,13835.0,13843.0,13.0,2022-10-06 12:18:00,12:15:00,True,10,16,44.0,6.0,3.3846153846153846,0.46153846153846156,tp
2022-10-06,h062,12:49:00,long,13858.0,13860.0,14.0,2022-10-06 12:49:00,12:40:00,False,0,4,27.0,2.0,1.9285714285714286,0.14285714285714285,tp
2022-10-06,h062,12:54:00,long,13872.0,13874.0,10.0,2022-10-06 12:54:00,12:51:00,True,6,13,13.0,16.0,1.3,1.6,sl
2022-10-06,h062,13:04:00,short,13875.0,13870.0,9.0,2022-10-06 13:04:00,13:03:00,True,8,18,10.0,17.0,1.1111111111111112,1.8888888888888888,tp
2022-10-07,h062,09:33:00,short,13751.0,13750.0,28.0,2022-10-07 09:33:00,09:30:00,True,6,21,67.0,68.0,2.392857142857143,2.4285714285714284,sl
2022-10-07,h062,10:41:00,long,13798.0,13805.0,10.0,2022-10-07 10:41:00,10:40:00,True,29,73,13.0,122.0,1.3,12.2,tp
2022-10-07,h062,11:17:00,short,13773.0,13763.0,10.0,2022-10-07 11:17:00,11:14:00,True,23,30,80.0,5.0,8.0,0.5,tp
2022-10-07,h062,11:29:00,short,13739.0,13737.0,18.0,2022-10-07 11:29:00,11:27:00,True,9,26,54.0,6.0,3.0,0.3333333333333333,tp
2022-10-07,h062,11:37:00,short,13725.0,13724.0,18.0,2022-10-07 11:37:00,11:30:00,True,8,10,41.0,17.0,2.2777777777777777,0.9444444444444444,tp
2022-10-07,h062,12:35:00,short,13702.0,13698.0,5.0,2022-10-07 12:35:00,12:34:00,True,31,53,15.0,15.0,3.0,3.0,sl
2022-10-11,h062,09:46:00,short,13170.0,13161.0,45.0,2022-10-11 09:46:00,09:40:00,True,27,67,80.0,67.0,1.7777777777777777,1.488888888888889,sl
2022-10-12,h062,10:58:00,long,13108.0,13117.0,21.0,2022-10-12 10:58:00,10:55:00,True,50,104,23.0,52.0,1.0952380952380953,2.4761904761904763,tp
2022-10-12,h062,11:02:00,short,13125.0,13118.0,15.0,2022-10-12 11:02:00,11:00:00,True,10,28,53.0,19.0,3.533333333333333,1.2666666666666666,sl
2022-10-12,h062,11:58:00,short,13096.0,13092.0,15.0,2022-10-12 11:58:00,11:56:00,False,2,5,27.0,39.0,1.8,2.6,tp
2022-10-12,h062,12:07:00,short,13094.0,13090.0,36.0,2022-10-12 12:07:00,12:04:00,True,11,19,25.0,41.0,0.6944444444444444,1.1388888888888888,sl
2022-10-12,h062,13:02:00,short,13095.0,13085.0,20.0,2022-10-12 13:02:00,13:00:00,True,17,34,20.0,11.0,1.0,0.55,tp
2022-10-12,h062,13:04:00,short,13078.0,13070.0,8.0,2022-10-12 13:04:00,13:03:00,True,11,42,5.0,26.0,0.625,3.25,sl
2022-10-13,h062,10:15:00,short,12962.0,12941.0,21.0,2022-10-13 10:15:00,10:13:00,True,39,116,136.0,6.0,6.476190476190476,0.2857142857142857,tp
2022-10-13,h062,12:24:00,long,12860.0,12864.0,9.0,2022-10-13 12:24:00,12:22:00,True,11,23,62.0,59.0,6.888888888888889,6.555555555555555,sl
2022-10-14,h062,09:49:00,long,13169.0,13178.0,24.0,2022-10-14 09:49:00,09:42:00,True,28,83,71.0,36.0,2.9583333333333335,1.5,tp
2022-10-14,h062,10:29:00,short,13227.0,13217.0,21.0,2022-10-14 10:29:00,10:20:00,True,19,40,75.0,27.0,3.5714285714285716,1.2857142857142858,tp
2022-10-14,h062,11:38:00,short,13222.0,13218.0,10.0,2022-10-14 11:38:00,11:33:00,False,2,5,76.0,15.0,7.6,1.5,sl
2022-10-14,h062,12:44:00,short,13176.0,13175.0,7.0,2022-10-14 12:44:00,12:42:00,True,6,9,33.0,17.0,4.714285714285714,2.4285714285714284,sl
2022-10-14,h062,13:05:00,long,13177.0,13180.0,11.0,2022-10-14 13:05:00,12:57:00,False,4,8,5.0,38.0,0.45454545454545453,3.4545454545454546,sl
2022-10-14,h062,13:28:00,short,13155.0,13154.0,15.0,2022-10-14 13:28:00,13:25:00,True,12,28,12.0,18.0,0.8,1.2,sl
2022-10-17,h062,09:52:00,short,12873.0,12868.0,26.0,2022-10-17 09:52:00,09:48:00,True,60,83,47.0,128.0,1.8076923076923077,4.923076923076923,tp
2022-10-17,h062,11:16:00,long,12896.0,12910.0,20.0,2022-10-17 11:16:00,11:15:00,True,31,66,86.0,4.0,4.3,0.2,tp
2022-10-17,h062,11:18:00,long,12933.0,12936.0,27.0,2022-10-17 11:18:00,11:17:00,True,78,151,60.0,27.0,2.2222222222222223,1.0,tp
2022-10-17,h062,11:34:00,short,12948.0,12947.0,42.0,2022-10-17 11:34:00,11:20:00,False,3,11,38.0,49.0,0.9047619047619048,1.1666666666666667,sl
2022-10-17,h062,12:06:00,short,12918.0,12916.0,18.0,2022-10-17 12:06:00,12:05:00,True,5,15,7.0,80.0,0.3888888888888889,4.444444444444445,sl
2022-10-17,h062,12:37:00,long,12961.0,12971.0,16.0,2022-10-17 12:37:00,12:36:00,True,25,57,25.0,37.0,1.5625,2.3125,sl
2022-10-17,h062,13:11:00,long,12978.0,12980.0,12.0,2022-10-17 13:11:00,13:09:00,True,13,24,16.0,18.0,1.3333333333333333,1.5,tp
2022-10-18,h062,10:06:00,short,13038.0,13027.0,18.0,2022-10-18 10:06:00,10:01:00,True,19,54,35.0,128.0,1.9444444444444444,7.111111111111111,sl
2022-10-18,h062,11:43:00,long,13080.0,13082.0,17.0,2022-10-18 11:43:00,11:42:00,True,12,46,73.0,6.0,4.294117647058823,0.35294117647058826,tp
2022-10-18,h062,11:48:00,long,13102.0,13107.0,16.0,2022-10-18 11:48:00,11:47:00,True,22,49,48.0,27.0,3.0,1.6875,sl
2022-10-18,h062,12:27:00,long,13140.0,13143.0,17.0,2022-10-18 12:27:00,12:26:00,True,29,83,12.0,47.0,0.7058823529411765,2.764705882352941,sl
2022-10-18,h062,13:22:00,short,13110.0,13106.0,11.0,2022-10-18 13:22:00,13:21:00,True,7,19,10.0,23.0,0.9090909090909091,2.090909090909091,sl
2022-10-19,h062,09:42:00,long,13147.0,13152.0,20.0,2022-10-19 09:42:00,09:39:00,True,35,70,16.0,185.0,0.8,9.25,sl
2022-10-19,h062,11:06:00,short,13055.0,13050.0,26.0,2022-10-19 11:06:00,11:04:00,True,16,40,83.0,28.0,3.1923076923076925,1.0769230769230769,sl
2022-10-19,h062,12:14:00,long,13040.0,13045.0,14.0,2022-10-19 12:14:00,12:13:00,True,7,25,8.0,78.0,0.5714285714285714,5.571428571428571,sl
2022-10-20,h062,09:50:00,long,12750.0,12759.0,21.0,2022-10-20 09:50:00,09:49:00,True,39,105,157.0,48.0,7.476190476190476,2.2857142857142856,sl
2022-10-20,h062,09:52:00,short,12754.0,12751.0,24.0,2022-10-20 09:52:00,09:51:00,True,15,47,40.0,165.0,1.6666666666666667,6.875,tp
2022-10-20,h062,10:51:00,long,12809.0,12813.0,23.0,2022-10-20 10:51:00,10:49:00,True,43,73,103.0,102.0,4.478260869565218,4.434782608695652,sl
2022-10-20,h062,11:43:00,long,12742.0,12743.0,12.0,2022-10-20 11:43:00,11:35:00,False,3,7,173.0,32.0,14.416666666666666,2.6666666666666665,sl
2022-10-20,h062,12:19:00,long,12751.0,12776.0,27.0,2022-10-20 12:19:00,12:18:00,True,31,120,140.0,31.0,5.185185185185185,1.1481481481481481,sl
2022-10-20,h062,13:02:00,short,12794.0,12784.0,16.0,2022-10-20 13:02:00,13:00:00,True,11,24,8.0,132.0,0.5,8.25,sl
2022-10-20,h062,13:10:00,long,12823.0,12834.0,23.0,2022-10-20 13:10:00,13:09:00,True,48,89,82.0,0.0,3.5652173913043477,0.0,tp
2022-10-21,h062,10:15:00,long,12926.0,12928.0,18.0,2022-10-21 10:15:00,10:12:00,True,20,40,20.0,134.0,1.1111111111111112,7.444444444444445,tp
2022-10-21,h062,12:03:00,short,12856.0,12837.0,16.0,2022-10-21 12:03:00,12:02:00,True,32,78,43.0,30.0,2.6875,1.875,tp
2022-10-21,h062,12:09:00,long,12830.0,12832.0,15.0,2022-10-21 12:09:00,12:06:00,True,14,27,35.0,38.0,2.3333333333333335,2.533333333333333,sl
2022-10-21,h062,12:46:00,short,12856.0,12851.0,10.0,2022-10-21 12:46:00,12:45:00,True,9,20,57.0,16.0,5.7,1.6,sl
2022-10-24,h062,10:04:00,short,12949.0,12948.0,18.0,2022-10-24 10:04:00,10:02:00,True,6,13,84.0,37.0,4.666666666666667,2.0555555555555554,sl
2022-10-24,h062,11:46:00,long,12905.0,12911.0,12.0,2022-10-24 11:46:00,11:44:00,True,9,27,44.0,47.0,3.6666666666666665,3.9166666666666665,sl
2022-10-24,h062,12:28:00,short,12928.0,12921.0,16.0,2022-10-24 12:28:00,12:21:00,True,7,20,57.0,34.0,3.5625,2.125,sl
2022-10-24,h062,12:56:00,short,12929.0,12927.0,19.0,2022-10-24 12:56:00,12:45:00,False,3,5,63.0,14.0,3.3157894736842106,0.7368421052631579,tp
2022-10-25,h062,10:01:00,short,12738.0,12731.0,18.0,2022-10-25 10:01:00,10:00:00,True,15,50,79.0,86.0,4.388888888888889,4.777777777777778,tp
2022-10-25,h062,10:56:00,long,12711.0,12715.0,31.0,2022-10-25 10:56:00,10:55:00,True,39,92,102.0,49.0,3.2903225806451615,1.5806451612903225,tp
2022-10-25,h062,11:28:00,long,12774.0,12778.0,27.0,2022-10-25 11:28:00,11:25:00,True,29,72,39.0,112.0,1.4444444444444444,4.148148148148148,tp
2022-10-26,h062,10:20:00,short,12741.0,12736.0,18.0,2022-10-26 10:20:00,10:19:00,True,13,34,16.0,97.0,0.8888888888888888,5.388888888888889,sl
2022-10-26,h062,12:31:00,long,12775.0,12781.0,8.0,2022-10-26 12:31:00,12:26:00,True,7,19,9.0,42.0,1.125,5.25,tp
2022-10-26,h062,12:49:00,short,12760.0,12758.0,12.0,2022-10-26 12:49:00,12:48:00,True,7,19,19.0,26.0,1.5833333333333333,2.1666666666666665,sl
2022-10-27,h062,09:55:00,short,12970.0,12967.0,14.0,2022-10-27 09:55:00,09:54:00,True,9,19,59.0,17.0,4.214285714285714,1.2142857142857142,sl
2022-10-27,h062,10:43:00,short,12910.0,12908.0,12.0,2022-10-27 10:43:00,10:41:00,True,11,28,0.0,60.0,0.0,5.0,sl
2022-10-27,h062,12:36:00,short,12936.0,12935.0,12.0,2022-10-27 12:36:00,12:33:00,True,8,16,15.0,33.0,1.25,2.75,sl
2022-10-27,h062,12:48:00,long,12942.0,12944.0,15.0,2022-10-27 12:48:00,12:45:00,True,5,11,24.0,24.0,1.6,1.6,tp
2022-10-27,h062,13:25:00,short,12944.0,12937.0,7.0,2022-10-27 13:25:00,13:24:00,True,13,48,17.0,25.0,2.4285714285714284,3.5714285714285716,tp
2022-10-28,h062,09:37:00,long,12856.0,12859.0,24.0,2022-10-28 09:37:00,09:36:00,True,19,50,56.0,114.0,2.3333333333333335,4.75,tp
2022-10-28,h062,10:47:00,short,12816.0,12812.0,25.0,2022-10-28 10:47:00,10:37:00,True,13,18,67.0,36.0,2.68,1.44,sl
2022-10-28,h062,11:53:00,long,12813.0,12817.0,7.0,2022-10-28 11:53:00,11:52:00,True,10,21,18.0,72.0,2.5714285714285716,10.285714285714286,tp
2022-10-28,h062,12:24:00,short,12793.0,12791.0,14.0,2022-10-28 12:24:00,12:21:00,False,4,6,46.0,7.0,3.2857142857142856,0.5,tp
2022-10-28,h062,12:28:00,long,12793.0,12794.0,11.0,2022-10-28 12:28:00,12:25:00,False,2,6,1.0,49.0,0.09090909090909091,4.454545454545454,sl
2022-10-28,h062,12:51:00,long,12765.0,12768.0,15.0,2022-10-28 12:51:00,12:45:00,True,6,11,21.0,23.0,1.4,1.5333333333333334,sl
2022-10-31,h062,09:54:00,long,12942.0,12944.0,44.0,2022-10-31 09:54:00,09:47:00,True,9,23,53.0,26.0,1.2045454545454546,0.5909090909090909,tp
2022-10-31,h062,10:53:00,short,12967.0,12962.0,15.0,2022-10-31 10:53:00,10:52:00,True,7,17,44.0,35.0,2.933333333333333,2.3333333333333335,sl
2022-10-31,h062,11:19:00,short,12978.0,12971.0,15.0,2022-10-31 11:19:00,11:09:00,False,4,9,53.0,16.0,3.533333333333333,1.0666666666666667,sl
2022-10-31,h062,12:26:00,long,12951.0,12953.0,5.0,2022-10-31 12:26:00,12:21:00,True,7,10,3.0,35.0,0.6,7.0,sl
2022-10-31,h062,12:49:00,short,12930.0,12929.0,12.0,2022-10-31 12:49:00,12:48:00,True,10,13,11.0,25.0,0.9166666666666666,2.0833333333333335,sl
2022-10-31,h062,12:52:00,long,12928.0,12931.0,10.0,2022-10-31 12:52:00,12:50:00,True,13,18,23.0,5.0,2.3,0.5,tp
2022-11-01,h062,09:20:00,long,12989.0,13000.0,19.0,2022-11-01 09:20:00,09:18:00,True,66,116,95.0,5.0,5.0,0.2631578947368421,tp
2022-11-01,h062,11:45:00,short,13047.0,13039.0,4.0,2022-11-01 11:45:00,11:41:00,True,12,29,34.0,2.0,8.5,0.5,tp
2022-11-01,h062,11:50:00,short,13021.0,13018.0,14.0,2022-11-01 11:50:00,11:47:00,True,38,51,13.0,23.0,0.9285714285714286,1.6428571428571428,sl
2022-11-01,h062,12:15:00,short,13007.0,13006.0,9.0,2022-11-01 12:15:00,12:13:00,True,12,22,1.0,35.0,0.1111111111111111,3.888888888888889,sl
2022-11-01,h062,13:19:00,short,13026.0,13025.0,10.0,2022-11-01 13:19:00,13:08:00,False,3,5,2.0,16.0,0.2,1.6,sl
2022-11-02,h062,09:15:00,long,13052.0,13056.0,9.0,2022-11-02 09:15:00,09:14:00,True,12,37,47.0,24.0,5.222222222222222,2.6666666666666665,tp
2022-11-02,h062,10:20:00,short,13067.0,13061.0,8.0,2022-11-02 10:20:00,10:18:00,True,5,15,19.0,42.0,2.375,5.25,sl
2022-11-02,h062,10:39:00,short,13086.0,13083.0,17.0,2022-11-02 10:39:00,10:37:00,True,9,16,41.0,13.0,2.411764705882353,0.7647058823529411,tp
2022-11-02,h062,12:28:00,long,13052.0,13057.0,10.0,2022-11-02 12:28:00,12:23:00,True,12,23,39.0,2.0,3.9,0.2,tp
2022-11-02,h062,12:48:00,short,13065.0,13062.0,8.0,2022-11-02 12:48:00,12:47:00,False,4,5,1.0,34.0,0.125,4.25,sl
2022-11-03,h062,10:27:00,short,12958.0,12953.0,15.0,2022-11-03 10:27:00,10:23:00,False,4,8,33.0,30.0,2.2,2.0,sl
2022-11-03,h062,10:45:00,short,12962.0,12960.0,18.0,2022-11-03 10:45:00,10:42:00,True,9,14,40.0,23.0,2.2222222222222223,1.2777777777777777,tp
2022-11-03,h062,10:52:00,short,12940.0,12939.0,12.0,2022-11-03 10:52:00,10:51:00,True,8,16,19.0,44.0,1.5833333333333333,3.6666666666666665,sl
2022-11-03,h062,11:35:00,long,12931.0,12932.0,11.0,2022-11-03 11:35:00,11:30:00,True,5,8,51.0,1.0,4.636363636363637,0.09090909090909091,tp
2022-11-03,h062,11:57:00,long,12954.0,12960.0,9.0,2022-11-03 11:57:00,11:55:00,True,10,21,23.0,9.0,2.5555555555555554,1.0,sl
2022-11-03,h062,12:28:00,long,12966.0,12969.0,7.0,2022-11-03 12:28:00,12:27:00,True,8,17,14.0,15.0,2.0,2.142857142857143,tp
2022-11-03,h062,12:31:00,short,12967.0,12966.0,8.0,2022-11-03 12:31:00,12:30:00,True,7,10,12.0,17.0,1.5,2.125,sl
2022-11-03,h062,13:02:00,long,12962.0,12965.0,5.0,2022-11-03 13:02:00,13:00:00,False,4,7,18.0,11.0,3.6,2.2,tp
2022-11-03,h062,13:16:00,short,12973.0,12971.0,10.0,2022-11-03 13:16:00,13:15:00,True,5,10,17.0,10.0,1.7,1.0,sl
2022-11-03,h062,13:27:00,long,12970.0,12972.0,6.0,2022-11-03 13:27:00,13:25:00,False,4,8,9.0,18.0,1.5,3.0,tp
2022-11-04,h062,10:16:00,long,12947.0,12949.0,17.0,2022-11-04 10:16:00,10:12:00,True,22,35,90.0,14.0,5.294117647058823,0.8235294117647058,tp
2022-11-04,h062,10:56:00,short,12963.0,12956.0,8.0,2022-11-04 10:56:00,10:55:00,False,3,5,20.0,83.0,2.5,10.375,tp
2022-11-04,h062,11:32:00,long,12965.0,12969.0,9.0,2022-11-04 11:32:00,11:30:00,True,17,31,70.0,33.0,7.777777777777778,3.6666666666666665,sl
2022-11-04,h062,11:38:00,short,12969.0,12967.0,8.0,2022-11-04 11:38:00,11:33:00,False,0,3,31.0,72.0,3.875,9.0,tp
2022-11-04,h062,12:11:00,long,12943.0,12944.0,7.0,2022-11-04 12:11:00,12:08:00,True,7,12,95.0,2.0,13.571428571428571,0.2857142857142857,tp
2022-11-04,h062,12:34:00,long,12965.0,12968.0,9.0,2022-11-04 12:34:00,12:33:00,True,9,12,71.0,10.0,7.888888888888889,1.1111111111111112,sl
2022-11-04,h062,12:36:00,short,12965.0,12963.0,7.0,2022-11-04 12:36:00,12:35:00,False,2,6,5.0,76.0,0.7142857142857143,10.857142857142858,sl
2022-11-04,h062,13:12:00,long,13015.0,13016.0,15.0,2022-11-04 13:12:00,13:10:00,True,12,27,23.0,-1.0,1.5333333333333334,-0.06666666666666667,tp
2022-11-07,h062,09:37:00,long,13178.0,13179.0,25.0,2022-11-07 09:37:00,09:36:00,True,32,93,86.0,27.0,3.44,1.08,sl
2022-11-07,h062,10:38:00,long,13197.0,13199.0,10.0,2022-11-07 10:38:00,10:36:00,True,11,34,66.0,24.0,6.6,2.4,sl
2022-11-07,h062,12:26:00,long,13259.0,13262.0,8.0,2022-11-07 12:26:00,12:21:00,True,16,20,3.0,46.0,0.375,5.75,sl
2022-11-07,h062,13:08:00,short,13232.0,13229.0,6.0,2022-11-07 13:08:00,13:05:00,True,16,42,13.0,5.0,2.1666666666666665,0.8333333333333334,tp
2022-11-08,h062,10:55:00,short,13356.0,13353.0,6.0,2022-11-08 10:55:00,10:52:00,True,7,12,31.0,30.0,5.166666666666667,5.0,sl
2022-11-08,h062,12:18:00,short,13373.0,13370.0,10.0,2022-11-08 12:18:00,12:01:00,False,4,7,48.0,4.0,4.8,0.4,tp
2022-11-09,h062,09:31:00,long,13498.0,13503.0,13.0,2022-11-09 09:31:00,09:30:00,True,31,66,110.0,3.0,8.461538461538462,0.23076923076923078,tp
2022-11-09,h062,11:09:00,short,13575.0,13571.0,5.0,2022-11-09 11:09:00,11:08:00,True,8,14,18.0,42.0,3.6,8.4,sl
2022-11-09,h062,12:04:00,short,13571.0,13564.0,10.0,2022-11-09 12:04:00,12:02:00,True,15,31,11.0,49.0,1.1,4.9,tp
2022-11-09,h062,13:25:00,long,13596.0,13597.0,8.0,2022-11-09 13:25:00,13:21:00,True,7,19,13.0,15.0,1.625,1.875,tp
2022-11-10,h062,09:46:00,short,13506.0,13502.0,12.0,2022-11-10 09:46:00,09:45:00,True,16,45,41.0,29.0,3.4166666666666665,2.4166666666666665,sl
2022-11-10,h062,10:48:00,short,13464.0,13462.0,9.0,2022-11-10 10:48:00,10:47:00,True,7,17,1.0,56.0,0.1111111111111111,6.222222222222222,sl
2022-11-10,h062,11:30:00,short,13480.0,13476.0,16.0,2022-11-10 11:30:00,11:28:00,True,8,10,8.0,42.0,0.5,2.625,sl
2022-11-10,h062,12:40:00,short,13489.0,13485.0,8.0,2022-11-10 12:40:00,12:39:00,False,3,6,9.0,33.0,1.125,4.125,tp
2022-11-10,h062,13:01:00,short,13492.0,13490.0,7.0,2022-11-10 13:01:00,12:58:00,False,0,1,13.0,28.0,1.8571428571428572,4.0,sl
2022-11-10,h062,13:10:00,long,13513.0,13514.0,10.0,2022-11-10 13:10:00,13:08:00,True,14,31,1.0,37.0,0.1,3.7,sl
2022-11-11,h062,11:50:00,long,13986.0,13989.0,11.0,2022-11-11 11:50:00,11:49:00,True,8,23,73.0,14.0,6.636363636363637,1.2727272727272727,tp
2022-11-14,h062,11:02:00,long,14182.0,14185.0,27.0,2022-11-14 11:02:00,10:52:00,True,6,18,10.0,69.0,0.37037037037037035,2.5555555555555554,sl
2022-11-14,h062,12:08:00,short,14161.0,14160.0,17.0,2022-11-14 12:08:00,12:06:00,True,5,14,44.0,9.0,2.588235294117647,0.5294117647058824,tp
2022-11-14,h062,13:18:00,short,14163.0,14159.0,6.0,2022-11-14 13:18:00,13:17:00,False,4,7,43.0,2.0,7.166666666666667,0.3333333333333333,tp
2022-11-15,h062,10:14:00,long,14437.0,14448.0,11.0,2022-11-15 10:14:00,10:13:00,True,27,84,127.0,8.0,11.545454545454545,0.7272727272727273,tp
2022-11-15,h062,13:16:00,long,14567.0,14570.0,11.0,2022-11-15 13:16:00,13:09:00,True,11,22,5.0,75.0,0.45454545454545453,6.818181818181818,sl
2022-11-16,h062,10:31:00,short,14630.0,14622.0,22.0,2022-11-16 10:31:00,10:23:00,True,10,15,137.0,10.0,6.2272727272727275,0.45454545454545453,tp
2022-11-16,h062,10:51:00,short,14563.0,14557.0,22.0,2022-11-16 10:51:00,10:50:00,True,21,59,72.0,45.0,3.272727272727273,2.0454545454545454,sl
2022-11-16,h062,12:45:00,short,14521.0,14519.0,28.0,2022-11-16 12:45:00,12:40:00,True,12,27,34.0,20.0,1.2142857142857142,0.7142857142857143,tp
2022-11-16,h062,13:01:00,short,14500.0,14488.0,37.0,2022-11-16 13:01:00,13:00:00,True,31,77,3.0,21.0,0.08108108108108109,0.5675675675675675,timeout
2022-11-17,h062,10:12:00,short,14394.0,14393.0,12.0,2022-11-17 10:12:00,10:10:00,False,4,9,36.0,152.0,3.0,12.666666666666666,tp
2022-11-17,h062,10:53:00,long,14415.0,14417.0,15.0,2022-11-17 10:53:00,10:46:00,True,21,31,128.0,9.0,8.533333333333333,0.6,tp
2022-11-17,h062,11:25:00,short,14446.0,14444.0,16.0,2022-11-17 11:25:00,11:19:00,True,10,18,8.0,101.0,0.5,6.3125,sl
2022-11-17,h062,11:57:00,long,14487.0,14504.0,13.0,2022-11-17 11:57:00,11:56:00,True,59,109,41.0,16.0,3.1538461538461537,1.2307692307692308,tp
2022-11-17,h062,13:11:00,long,14503.0,14505.0,15.0,2022-11-17 13:11:00,12:59:00,True,5,10,40.0,2.0,2.6666666666666665,0.13333333333333333,tp
2022-11-17,h062,13:22:00,long,14538.0,14540.0,8.0,2022-11-17 13:22:00,13:21:00,True,24,43,1.0,37.0,0.125,4.625,sl
2022-11-18,h062,12:30:00,short,14446.0,14442.0,10.0,2022-11-18 12:30:00,12:28:00,True,17,30,5.0,44.0,0.5,4.4,sl
2022-11-18,h062,13:23:00,short,14471.0,14469.0,13.0,2022-11-18 13:23:00,13:16:00,False,3,8,22.0,3.0,1.6923076923076923,0.23076923076923078,tp
2022-11-21,h062,11:27:00,short,14453.0,14452.0,7.0,2022-11-21 11:27:00,11:22:00,False,0,2,41.0,44.0,5.857142857142857,6.285714285714286,tp
2022-11-21,h062,11:37:00,short,14429.0,14428.0,13.0,2022-11-21 11:37:00,11:36:00,False,4,9,17.0,68.0,1.3076923076923077,5.230769230769231,sl
2022-11-21,h062,12:03:00,long,14468.0,14475.0,12.0,2022-11-21 12:03:00,12:01:00,True,11,30,21.0,64.0,1.75,5.333333333333333,tp
2022-11-21,h062,13:24:00,long,14423.0,14430.0,12.0,2022-11-21 13:24:00,13:22:00,True,7,22,10.0,9.0,0.8333333333333334,0.75,timeout
2022-11-22,h062,11:01:00,short,14463.0,14457.0,16.0,2022-11-22 11:01:00,10:58:00,True,9,20,5.0,72.0,0.3125,4.5,sl
2022-11-22,h062,11:09:00,long,14492.0,14497.0,18.0,2022-11-22 11:09:00,11:08:00,True,22,49,32.0,13.0,1.7777777777777777,0.7222222222222222,tp
2022-11-22,h062,13:10:00,long,14495.0,14496.0,9.0,2022-11-22 13:10:00,12:54:00,True,6,9,17.0,11.0,1.8888888888888888,1.2222222222222223,sl
2022-11-22,h062,13:29:00,long,14493.0,14495.0,8.0,2022-11-22 13:29:00,13:25:00,True,10,26,18.0,1.0,2.25,0.125,tp
2022-11-23,h062,10:15:00,long,14558.0,14566.0,12.0,2022-11-23 10:15:00,10:09:00,True,14,25,76.0,4.0,6.333333333333333,0.3333333333333333,tp
2022-11-23,h062,11:00:00,short,14623.0,14620.0,19.0,2022-11-23 11:00:00,10:58:00,True,11,33,30.0,7.0,1.5789473684210527,0.3684210526315789,tp
2022-11-24,h062,09:46:00,long,14698.0,14706.0,15.0,2022-11-24 09:46:00,09:45:00,True,109,154,83.0,46.0,5.533333333333333,3.066666666666667,sl
2022-11-24,h062,10:23:00,short,14687.0,14686.0,14.0,2022-11-24 10:23:00,10:18:00,True,5,7,25.0,103.0,1.7857142857142858,7.357142857142857,tp
2022-11-24,h062,11:40:00,long,14687.0,14690.0,11.0,2022-11-24 11:40:00,11:39:00,True,15,26,99.0,13.0,9.0,1.1818181818181819,sl
2022-11-24,h062,12:03:00,short,14690.0,14685.0,7.0,2022-11-24 12:03:00,12:02:00,False,0,3,1.0,104.0,0.14285714285714285,14.857142857142858,sl
2022-11-24,h062,12:12:00,long,14715.0,14717.0,12.0,2022-11-24 12:12:00,12:11:00,True,32,67,72.0,2.0,6.0,0.16666666666666666,tp
2022-11-24,h062,12:38:00,long,14742.0,14743.0,9.0,2022-11-24 12:38:00,12:37:00,True,20,50,46.0,2.0,5.111111111111111,0.2222222222222222,tp
2022-11-24,h062,12:40:00,long,14751.0,14754.0,10.0,2022-11-24 12:40:00,12:39:00,True,15,37,35.0,3.0,3.5,0.3,tp
2022-11-25,h062,10:03:00,long,14795.0,14796.0,17.0,2022-11-25 10:03:00,10:02:00,True,12,21,1.0,93.0,0.058823529411764705,5.470588235294118,sl
2022-11-25,h062,11:01:00,short,14721.0,14714.0,16.0,2022-11-25 11:01:00,10:56:00,True,6,10,11.0,38.0,0.6875,2.375,sl
2022-11-25,h062,12:05:00,long,14740.0,14741.0,9.0,2022-11-25 12:05:00,12:04:00,True,8,13,11.0,38.0,1.2222222222222223,4.222222222222222,sl
2022-11-28,h062,10:05:00,short,14470.0,14444.0,22.0,2022-11-28 10:05:00,10:03:00,True,98,122,11.0,144.0,0.5,6.545454545454546,sl
2022-11-28,h062,11:09:00,short,14552.0,14547.0,28.0,2022-11-28 11:09:00,10:58:00,False,0,4,77.0,41.0,2.75,1.4642857142857142,sl
2022-11-28,h062,12:38:00,short,14577.0,14575.0,11.0,2022-11-28 12:38:00,12:37:00,False,4,5,105.0,5.0,9.545454545454545,0.45454545454545453,tp
2022-11-29,h062,10:44:00,short,14563.0,14558.0,12.0,2022-11-29 10:44:00,10:42:00,True,5,10,25.0,120.0,2.0833333333333335,10.0,tp
2022-11-29,h062,11:17:00,short,14568.0,14564.0,10.0,2022-11-29 11:17:00,11:16:00,False,3,6,0.0,114.0,0.0,11.4,sl
2022-11-29,h062,11:21:00,long,14586.0,14587.0,8.0,2022-11-29 11:21:00,11:20:00,True,8,16,91.0,4.0,11.375,0.5,tp
2022-11-29,h062,12:00:00,short,14625.0,14623.0,8.0,2022-11-29 12:00:00,11:59:00,True,6,9,4.0,55.0,0.5,6.875,sl
2022-11-29,h062,12:12:00,long,14640.0,14641.0,7.0,2022-11-29 12:12:00,12:11:00,True,6,18,37.0,6.0,5.285714285714286,0.8571428571428571,tp
2022-11-30,h062,09:34:00,long,14697.0,14710.0,18.0,2022-11-30 09:34:00,09:32:00,True,47,94,128.0,44.0,7.111111111111111,2.4444444444444446,tp
2022-11-30,h062,11:14:00,long,14760.0,14768.0,8.0,2022-11-30 11:14:00,11:13:00,True,17,51,70.0,12.0,8.75,1.5,sl
2022-11-30,h062,11:51:00,long,14772.0,14774.0,16.0,2022-11-30 11:51:00,11:42:00,False,4,9,64.0,8.0,4.0,0.5,tp
2022-12-01,h062,10:41:00,short,15000.0,14998.0,10.0,2022-12-01 10:41:00,10:40:00,True,5,11,71.0,35.0,7.1,3.5,tp
2022-12-01,h062,11:11:00,short,14955.0,14951.0,20.0,2022-12-01 11:11:00,11:10:00,True,12,28,24.0,51.0,1.2,2.55,tp
2022-12-01,h062,11:13:00,long,14952.0,14956.0,12.0,2022-12-01 11:13:00,11:12:00,True,12,42,46.0,29.0,3.8333333333333335,2.4166666666666665,sl
2022-12-01,h062,12:34:00,long,14969.0,14970.0,9.0,2022-12-01 12:34:00,12:33:00,False,3,9,32.0,29.0,3.5555555555555554,3.2222222222222223,tp
2022-12-02,h062,10:03:00,long,14928.0,14929.0,13.0,2022-12-02 10:03:00,09:58:00,True,9,10,30.0,54.0,2.3076923076923075,4.153846153846154,tp
2022-12-02,h062,11:07:00,short,14890.0,14886.0,14.0,2022-12-02 11:07:00,11:06:00,True,9,22,11.0,30.0,0.7857142857142857,2.142857142857143,sl
2022-12-02,h062,11:39:00,long,14890.0,14895.0,15.0,2022-12-02 11:39:00,11:35:00,True,12,17,21.0,17.0,1.4,1.1333333333333333,sl
2022-12-05,h062,10:22:00,short,15025.0,15019.0,21.0,2022-12-05 10:22:00,10:11:00,True,12,31,105.0,4.0,5.0,0.19047619047619047,tp
2022-12-05,h062,10:46:00,short,14995.0,14991.0,11.0,2022-12-05 10:46:00,10:43:00,True,9,20,77.0,31.0,7.0,2.8181818181818183,tp
2022-12-05,h062,11:41:00,long,15013.0,15019.0,11.0,2022-12-05 11:41:00,11:40:00,True,6,20,3.0,105.0,0.2727272727272727,9.545454545454545,sl
2022-12-05,h062,11:43:00,short,15016.0,15015.0,6.0,2022-12-05 11:43:00,11:42:00,False,0,3,101.0,0.0,16.833333333333332,0.0,tp
2022-12-05,h062,12:23:00,long,14989.0,14990.0,11.0,2022-12-05 12:23:00,12:21:00,False,0,2,-2.0,76.0,-0.18181818181818182,6.909090909090909,sl
2022-12-05,h062,12:28:00,short,14956.0,14949.0,19.0,2022-12-05 12:28:00,12:27:00,True,33,71,35.0,14.0,1.8421052631578947,0.7368421052631579,tp
2022-12-06,h062,10:04:00,long,14804.0,14813.0,18.0,2022-12-06 10:04:00,10:03:00,True,10,24,44.0,141.0,2.4444444444444446,7.833333333333333,tp
2022-12-06,h062,11:43:00,short,14784.0,14782.0,14.0,2022-12-06 11:43:00,11:42:00,True,7,16,110.0,27.0,7.857142857142857,1.9285714285714286,sl
2022-12-06,h062,12:29:00,short,14772.0,14765.0,9.0,2022-12-06 12:29:00,12:26:00,True,10,28,93.0,10.0,10.333333333333334,1.1111111111111112,sl
2022-12-06,h062,13:03:00,short,14738.0,14736.0,11.0,2022-12-06 13:03:00,13:00:00,True,6,16,64.0,1.0,5.818181818181818,0.09090909090909091,tp
2022-12-06,h062,13:14:00,short,14716.0,14712.0,14.0,2022-12-06 13:14:00,13:05:00,True,7,14,40.0,15.0,2.857142857142857,1.0714285714285714,sl
2022-12-07,h062,11:08:00,long,14619.0,14621.0,25.0,2022-12-07 11:08:00,11:07:00,True,21,42,78.0,10.0,3.12,0.4,tp
2022-12-07,h062,11:48:00,long,14676.0,14679.0,15.0,2022-12-07 11:48:00,11:46:00,True,18,35,20.0,68.0,1.3333333333333333,4.533333333333333,tp
2022-12-07,h062,12:28:00,short,14678.0,14666.0,14.0,2022-12-07 12:28:00,12:27:00,True,11,28,55.0,2.0,3.9285714285714284,0.14285714285714285,tp
2022-12-07,h062,12:31:00,short,14650.0,14642.0,18.0,2022-12-07 12:31:00,12:29:00,True,16,23,31.0,24.0,1.7222222222222223,1.3333333333333333,sl
2022-12-08,h062,10:35:00,short,14504.0,14500.0,16.0,2022-12-08 10:35:00,10:32:00,True,14,23,43.0,45.0,2.6875,2.8125,sl
2022-12-08,h062,12:09:00,short,14529.0,14523.0,16.0,2022-12-08 12:09:00,12:06:00,True,7,12,34.0,22.0,2.125,1.375,sl
2022-12-09,h062,09:36:00,short,14630.0,14626.0,31.0,2022-12-09 09:36:00,09:29:00,True,10,28,13.0,96.0,0.41935483870967744,3.096774193548387,sl
2022-12-09,h062,10:16:00,long,14667.0,14680.0,22.0,2022-12-09 10:16:00,10:15:00,True,90,130,42.0,11.0,1.9090909090909092,0.5,tp
2022-12-09,h062,11:16:00,long,14719.0,14720.0,13.0,2022-12-09 11:16:00,11:08:00,True,7,20,2.0,51.0,0.15384615384615385,3.923076923076923,sl
2022-12-09,h062,12:34:00,short,14685.0,14684.0,18.0,2022-12-09 12:34:00,12:10:00,True,5,7,15.0,32.0,0.8333333333333334,1.7777777777777777,sl
2022-12-09,h062,12:50:00,long,14676.0,14680.0,7.0,2022-12-09 12:50:00,12:45:00,False,3,10,36.0,10.0,5.142857142857143,1.4285714285714286,sl
2022-12-09,h062,13:15:00,long,14691.0,14694.0,9.0,2022-12-09 13:15:00,13:13:00,False,4,11,22.0,24.0,2.4444444444444446,2.6666666666666665,sl
2022-12-12,h062,09:57:00,long,14508.0,14512.0,23.0,2022-12-12 09:57:00,09:50:00,True,17,46,80.0,24.0,3.4782608695652173,1.0434782608695652,sl
2022-12-12,h062,12:00:00,long,14555.0,14564.0,8.0,2022-12-12 12:00:00,11:59:00,True,50,144,28.0,11.0,3.5,1.375,tp
2022-12-12,h062,12:38:00,short,14574.0,14570.0,5.0,2022-12-12 12:38:00,12:37:00,False,0,3,17.0,22.0,3.4,4.4,sl
2022-12-12,h062,12:41:00,short,14575.0,14574.0,7.0,2022-12-12 12:41:00,12:40:00,False,0,2,21.0,18.0,3.0,2.5714285714285716,tp
2022-12-12,h062,12:59:00,short,14570.0,14568.0,20.0,2022-12-12 12:59:00,12:58:00,False,3,6,3.0,22.0,0.15,1.1,sl
2022-12-13,h062,09:26:00,short,14596.0,14591.0,27.0,2022-12-13 09:26:00,09:25:00,True,15,41,95.0,23.0,3.5185185185185186,0.8518518518518519,tp
2022-12-13,h062,10:24:00,short,14593.0,14588.0,17.0,2022-12-13 10:24:00,10:17:00,True,6,14,92.0,6.0,5.411764705882353,0.35294117647058826,tp
2022-12-13,h062,11:47:00,long,14550.0,14552.0,10.0,2022-12-13 11:47:00,11:45:00,False,3,8,2.0,56.0,0.2,5.6,sl
2022-12-13,h062,12:03:00,short,14530.0,14527.0,11.0,2022-12-13 12:03:00,12:02:00,True,12,30,31.0,7.0,2.8181818181818183,0.6363636363636364,tp
2022-12-13,h062,13:26:00,short,14510.0,14508.0,12.0,2022-12-13 13:26:00,13:25:00,True,9,19,-1.0,25.0,-0.08333333333333333,2.0833333333333335,sl
2022-12-14,h062,09:15:00,long,14641.0,14657.0,36.0,2022-12-14 09:15:00,09:14:00,True,53,151,75.0,9.0,2.0833333333333335,0.25,tp
2022-12-14,h062,10:24:00,long,14666.0,14669.0,12.0,2022-12-14 10:24:00,10:15:00,True,11,19,63.0,19.0,5.25,1.5833333333333333,sl
2022-12-14,h062,11:01:00,long,14681.0,14684.0,17.0,2022-12-14 11:01:00,11:00:00,True,18,34,48.0,1.0,2.823529411764706,0.058823529411764705,tp
2022-12-14,h062,11:04:00,long,14694.0,14695.0,11.0,2022-12-14 11:04:00,11:02:00,True,21,26,37.0,6.0,3.3636363636363638,0.5454545454545454,tp
2022-12-14,h062,11:23:00,short,14704.0,14703.0,11.0,2022-12-14 11:23:00,11:19:00,False,4,11,14.0,29.0,1.2727272727272727,2.6363636363636362,sl
2022-12-14,h062,11:44:00,long,14728.0,14730.0,15.0,2022-12-14 11:44:00,11:42:00,True,9,30,2.0,41.0,0.13333333333333333,2.7333333333333334,sl
2022-12-14,h062,12:17:00,short,14696.0,14695.0,9.0,2022-12-14 12:17:00,12:09:00,True,7,9,6.0,29.0,0.6666666666666666,3.2222222222222223,sl
2022-12-15,h062,11:21:00,long,14741.0,14747.0,13.0,2022-12-15 11:21:00,11:20:00,True,49,76,2.0,56.0,0.15384615384615385,4.3076923076923075,sl
2022-12-15,h062,12:00:00,long,14741.0,14744.0,14.0,2022-12-15 12:00:00,11:56:00,True,11,20,4.0,53.0,0.2857142857142857,3.7857142857142856,sl
2022-12-15,h062,12:04:00,short,14713.0,14707.0,16.0,2022-12-15 12:04:00,12:03:00,True,59,125,13.0,23.0,0.8125,1.4375,sl
2022-12-15,h062,13:12:00,short,14711.0,14704.0,7.0,2022-12-15 13:12:00,13:10:00,False,0,4,4.0,26.0,0.5714285714285714,3.7142857142857144,sl
2022-12-16,h062,09:57:00,short,14425.0,14415.0,22.0,2022-12-16 09:57:00,09:49:00,True,48,92,4.0,135.0,0.18181818181818182,6.136363636363637,sl
2022-12-16,h062,12:30:00,long,14514.0,14515.0,10.0,2022-12-16 12:30:00,12:27:00,False,3,7,2.0,79.0,0.2,7.9,sl
2022-12-16,h062,12:34:00,short,14497.0,14487.0,9.0,2022-12-16 12:34:00,12:33:00,True,15,29,51.0,3.0,5.666666666666667,0.3333333333333333,tp
2022-12-16,h062,12:37:00,short,14480.0,14478.0,9.0,2022-12-16 12:37:00,12:35:00,True,14,17,42.0,12.0,4.666666666666667,1.3333333333333333,sl
2022-12-16,h062,12:49:00,short,14463.0,14458.0,17.0,2022-12-16 12:49:00,12:48:00,True,18,54,22.0,21.0,1.2941176470588236,1.2352941176470589,sl
2022-12-16,h062,13:26:00,long,14468.0,14469.0,13.0,2022-12-16 13:26:00,13:25:00,True,7,20,10.0,33.0,0.7692307692307693,2.5384615384615383,sl
2022-12-19,h062,09:16:00,long,14432.0,14444.0,20.0,2022-12-19 09:16:00,09:15:00,True,48,90,41.0,49.0,2.05,2.45,sl
2022-12-19,h062,10:08:00,long,14469.0,14474.0,24.0,2022-12-19 10:08:00,10:06:00,True,18,34,11.0,79.0,0.4583333333333333,3.2916666666666665,sl
2022-12-19,h062,10:46:00,short,14443.0,14437.0,14.0,2022-12-19 10:46:00,10:36:00,True,9,24,42.0,38.0,3.0,2.7142857142857144,sl
2022-12-19,h062,12:09:00,short,14412.0,14405.0,15.0,2022-12-19 12:09:00,11:38:00,True,8,25,10.0,25.0,0.6666666666666666,1.6666666666666667,sl
2022-12-19,h062,12:11:00,short,14397.0,14396.0,8.0,2022-12-19 12:11:00,12:10:00,True,5,9,1.0,34.0,0.125,4.25,sl
2022-12-20,h062,11:03:00,short,14376.0,14360.0,15.0,2022-12-20 11:03:00,11:02:00,True,21,53,239.0,2.0,15.933333333333334,0.13333333333333333,tp
2022-12-20,h062,11:05:00,short,14343.0,14340.0,19.0,2022-12-20 11:05:00,11:04:00,True,17,40,219.0,6.0,11.526315789473685,0.3157894736842105,tp
2022-12-20,h062,11:07:00,short,14321.0,14320.0,25.0,2022-12-20 11:07:00,11:06:00,True,13,44,199.0,0.0,7.96,0.0,tp
2022-12-20,h062,11:09:00,short,14301.0,14294.0,19.0,2022-12-20 11:09:00,11:08:00,True,28,56,173.0,8.0,9.105263157894736,0.42105263157894735,tp
2022-12-20,h062,13:23:00,short,14143.0,14142.0,15.0,2022-12-20 13:23:00,13:15:00,True,7,21,20.0,13.0,1.3333333333333333,0.8666666666666667,tp
2022-12-21,h062,09:32:00,long,14266.0,14271.0,19.0,2022-12-21 09:32:00,09:29:00,True,30,47,7.0,96.0,0.3684210526315789,5.052631578947368,sl
2022-12-21,h062,12:04:00,short,14234.0,14233.0,9.0,2022-12-21 12:04:00,12:02:00,True,7,11,58.0,6.0,6.444444444444445,0.6666666666666666,tp
2022-12-21,h062,12:12:00,short,14225.0,14205.0,9.0,2022-12-21 12:12:00,12:11:00,True,22,46,30.0,19.0,3.3333333333333335,2.111111111111111,sl
2022-12-21,h062,12:17:00,short,14201.0,14182.0,12.0,2022-12-21 12:17:00,12:13:00,True,28,69,7.0,42.0,0.5833333333333334,3.5,sl
2022-12-21,h062,12:19:00,long,14191.0,14197.0,16.0,2022-12-21 12:19:00,12:18:00,True,9,33,27.0,16.0,1.6875,1.0,sl
2022-12-21,h062,13:03:00,long,14219.0,14223.0,16.0,2022-12-21 13:03:00,13:00:00,True,11,30,0.0,18.0,0.0,1.125,sl
2022-12-22,h062,10:08:00,long,14372.0,14373.0,26.0,2022-12-22 10:08:00,09:55:00,True,15,26,23.0,30.0,0.8846153846153846,1.1538461538461537,sl
2022-12-22,h062,11:14:00,long,14353.0,14357.0,7.0,2022-12-22 11:14:00,11:11:00,True,7,15,39.0,9.0,5.571428571428571,1.2857142857142858,sl
2022-12-22,h062,12:08:00,long,14379.0,14380.0,8.0,2022-12-22 12:08:00,12:03:00,True,19,37,16.0,26.0,2.0,3.25,tp
2022-12-22,h062,12:10:00,long,14393.0,14394.0,12.0,2022-12-22 12:10:00,12:09:00,False,4,15,2.0,40.0,0.16666666666666666,3.3333333333333335,sl
2022-12-22,h062,13:06:00,short,14371.0,14369.0,7.0,2022-12-22 13:06:00,13:02:00,False,0,3,15.0,18.0,2.142857142857143,2.5714285714285716,tp
2022-12-23,h062,09:49:00,long,14211.0,14213.0,19.0,2022-12-23 09:49:00,09:44:00,True,25,38,24.0,60.0,1.263157894736842,3.1578947368421053,sl
2022-12-23,h062,11:14:00,long,14167.0,14174.0,14.0,2022-12-23 11:14:00,11:12:00,True,11,23,63.0,10.0,4.5,0.7142857142857143,tp
2022-12-23,h062,11:57:00,long,14203.0,14206.0,8.0,2022-12-23 11:57:00,11:50:00,True,5,15,31.0,21.0,3.875,2.625,tp
2022-12-23,h062,12:11:00,long,14230.0,14233.0,16.0,2022-12-23 12:11:00,12:09:00,True,10,22,4.0,48.0,0.25,3.0,sl
2022-12-23,h062,13:04:00,long,14197.0,14199.0,7.0,2022-12-23 13:04:00,13:00:00,True,5,12,6.0,14.0,0.8571428571428571,2.0,sl
2022-12-26,h062,09:55:00,long,14222.0,14223.0,7.0,2022-12-26 09:55:00,09:54:00,True,16,23,31.0,25.0,4.428571428571429,3.5714285714285716,sl
2022-12-26,h062,10:49:00,short,14201.0,14198.0,13.0,2022-12-26 10:49:00,10:36:00,False,0,1,0.0,56.0,0.0,4.3076923076923075,sl
2022-12-26,h062,11:18:00,short,14212.0,14211.0,8.0,2022-12-26 11:18:00,11:10:00,False,0,0,1.0,43.0,0.125,5.375,sl
2022-12-26,h062,11:35:00,short,14218.0,14217.0,4.0,2022-12-26 11:35:00,11:32:00,False,0,1,-1.0,37.0,-0.25,9.25,sl
2022-12-26,h062,11:41:00,long,14224.0,14226.0,5.0,2022-12-26 11:41:00,11:37:00,True,44,49,28.0,8.0,5.6,1.6,sl
2022-12-26,h062,11:50:00,long,14235.0,14244.0,8.0,2022-12-26 11:50:00,11:49:00,True,22,50,10.0,9.0,1.25,1.125,sl
2022-12-26,h062,12:27:00,short,14243.0,14242.0,8.0,2022-12-26 12:27:00,12:25:00,False,0,2,7.0,12.0,0.875,1.5,sl
2022-12-26,h062,12:33:00,short,14236.0,14235.0,6.0,2022-12-26 12:33:00,12:29:00,False,0,4,0.0,19.0,0.0,3.1666666666666665,sl
2022-12-26,h062,13:04:00,short,14251.0,14245.0,3.0,2022-12-26 13:04:00,13:03:00,False,3,7,9.0,5.0,3.0,1.6666666666666667,tp
2022-12-27,h062,11:03:00,short,14371.0,14369.0,9.0,2022-12-27 11:03:00,10:57:00,False,4,5,91.0,3.0,10.11111111111111,0.3333333333333333,tp
2022-12-27,h062,11:15:00,short,14358.0,14351.0,8.0,2022-12-27 11:15:00,11:14:00,True,33,49,73.0,21.0,9.125,2.625,sl
2022-12-27,h062,11:55:00,short,14335.0,14320.0,17.0,2022-12-27 11:55:00,11:54:00,True,49,84,42.0,3.0,2.4705882352941178,0.17647058823529413,tp
2022-12-27,h062,12:30:00,short,14317.0,14313.0,4.0,2022-12-27 12:30:00,12:28:00,True,5,6,35.0,4.0,8.75,1.0,tp
2022-12-27,h062,12:43:00,short,14288.0,14287.0,20.0,2022-12-27 12:43:00,12:42:00,True,14,42,9.0,30.0,0.45,1.5,sl
2022-12-27,h062,12:47:00,long,14290.0,14294.0,12.0,2022-12-27 12:47:00,12:45:00,True,11,18,23.0,2.0,1.9166666666666667,0.16666666666666666,tp
2022-12-27,h062,13:28:00,short,14308.0,14302.0,8.0,2022-12-27 13:28:00,13:17:00,True,6,13,9.0,8.0,1.125,1.0,tp
2022-12-28,h062,09:56:00,long,14143.0,14152.0,26.0,2022-12-28 09:56:00,09:45:00,True,40,61,16.0,82.0,0.6153846153846154,3.1538461538461537,sl
2022-12-28,h062,10:43:00,short,14120.0,14119.0,10.0,2022-12-28 10:43:00,10:42:00,True,21,28,49.0,7.0,4.9,0.7,tp
2022-12-28,h062,11:45:00,long,14106.0,14109.0,5.0,2022-12-28 11:45:00,11:42:00,True,11,21,17.0,21.0,3.4,4.2,tp
2022-12-28,h062,12:26:00,short,14095.0,14094.0,12.0,2022-12-28 12:26:00,12:23:00,False,0,3,6.0,30.0,0.5,2.5,sl
2022-12-29,h062,10:04:00,short,13979.0,13978.0,19.0,2022-12-29 10:04:00,09:59:00,True,8,20,8.0,94.0,0.42105263157894735,4.947368421052632,sl
2022-12-29,h062,10:29:00,long,14006.0,14014.0,20.0,2022-12-29 10:29:00,10:26:00,True,10,18,58.0,40.0,2.9,2.0,sl
2022-12-29,h062,11:03:00,short,14009.0,14007.0,20.0,2022-12-29 11:03:00,11:02:00,True,16,30,33.0,65.0,1.65,3.25,tp
2022-12-29,h062,11:28:00,short,14000.0,13994.0,7.0,2022-12-29 11:28:00,11:26:00,False,3,8,20.0,78.0,2.857142857142857,11.142857142857142,tp
2022-12-29,h062,11:51:00,long,13985.0,13987.0,9.0,2022-12-29 11:51:00,11:46:00,False,4,5,85.0,1.0,9.444444444444445,0.1111111111111111,tp
2022-12-29,h062,12:16:00,short,14003.0,13998.0,6.0,2022-12-29 12:16:00,12:13:00,False,0,4,1.0,74.0,0.16666666666666666,12.333333333333334,sl
2022-12-29,h062,12:36:00,long,14024.0,14038.0,7.0,2022-12-29 12:36:00,12:35:00,True,46,105,34.0,11.0,4.857142857142857,1.5714285714285714,tp
2022-12-29,h062,12:38:00,long,14041.0,14044.0,7.0,2022-12-29 12:38:00,12:37:00,True,12,32,28.0,17.0,4.0,2.4285714285714284,sl
2022-12-29,h062,13:19:00,long,14063.0,14065.0,9.0,2022-12-29 13:19:00,13:18:00,True,11,30,1.0,35.0,0.1111111111111111,3.888888888888889,sl
2022-12-30,h062,09:20:00,long,14185.0,14188.0,22.0,2022-12-30 09:20:00,09:13:00,True,19,36,25.0,61.0,1.1363636363636365,2.772727272727273,tp
2022-12-30,h062,09:32:00,short,14191.0,14190.0,20.0,2022-12-30 09:32:00,09:24:00,True,9,15,63.0,18.0,3.15,0.9,tp
2022-12-30,h062,09:53:00,short,14161.0,14157.0,24.0,2022-12-30 09:53:00,09:42:00,True,42,73,30.0,39.0,1.25,1.625,sl
2022-12-30,h062,10:25:00,long,14161.0,14165.0,20.0,2022-12-30 10:25:00,10:21:00,True,12,32,31.0,38.0,1.55,1.9,tp
2022-12-30,h062,11:39:00,long,14164.0,14165.0,13.0,2022-12-30 11:39:00,11:33:00,False,3,6,31.0,38.0,2.3846153846153846,2.923076923076923,tp
2022-12-30,h062,11:57:00,long,14176.0,14177.0,7.0,2022-12-30 11:57:00,11:56:00,False,4,9,19.0,50.0,2.7142857142857144,7.142857142857143,tp
2022-12-30,h062,13:00:00,long,14188.0,14189.0,5.0,2022-12-30 13:00:00,12:59:00,True,31,46,7.0,62.0,1.4,12.4,tp
2022-12-30,h062,13:26:00,short,14152.0,14138.0,15.0,2022-12-30 13:26:00,13:25:00,True,24,47,11.0,11.0,0.7333333333333333,0.7333333333333333,timeout
2023-01-03,h062,09:23:00,short,13998.0,13995.0,19.0,2023-01-03 09:23:00,09:20:00,True,7,24,43.0,252.0,2.263157894736842,13.263157894736842,tp
2023-01-03,h062,10:04:00,long,14024.0,14028.0,14.0,2023-01-03 10:04:00,09:58:00,True,15,37,219.0,9.0,15.642857142857142,0.6428571428571429,tp
2023-01-03,h062,10:21:00,long,14068.0,14075.0,28.0,2023-01-03 10:21:00,10:18:00,True,26,79,172.0,19.0,6.142857142857143,0.6785714285714286,tp
2023-01-03,h062,11:06:00,long,14155.0,14160.0,33.0,2023-01-03 11:06:00,10:49:00,True,41,67,87.0,3.0,2.6363636363636362,0.09090909090909091,tp
2023-01-03,h062,11:47:00,short,14190.0,14188.0,9.0,2023-01-03 11:47:00,11:45:00,True,6,12,3.0,59.0,0.3333333333333333,6.555555555555555,sl
2023-01-03,h062,12:02:00,short,14198.0,14195.0,12.0,2023-01-03 12:02:00,12:00:00,True,5,12,10.0,52.0,0.8333333333333334,4.333333333333333,sl
2023-01-03,h062,12:32:00,long,14220.0,14222.0,13.0,2023-01-03 12:32:00,12:31:00,True,35,50,25.0,6.0,1.9230769230769231,0.46153846153846156,tp
2023-01-04,h062,09:40:00,long,14256.0,14265.0,18.0,2023-01-04 09:40:00,09:38:00,True,21,71,6.0,78.0,0.3333333333333333,4.333333333333333,sl
2023-01-04,h062,11:10:00,long,14247.0,14250.0,11.0,2023-01-04 11:10:00,11:04:00,True,12,21,3.0,63.0,0.2727272727272727,5.7272727272727275,sl
2023-01-04,h062,11:47:00,short,14191.0,14188.0,14.0,2023-01-04 11:47:00,11:42:00,True,8,14,0.0,58.0,0.0,4.142857142857143,sl
2023-01-04,h062,13:06:00,short,14224.0,14223.0,8.0,2023-01-04 13:06:00,13:01:00,True,10,19,17.0,23.0,2.125,2.875,sl
2023-01-04,h062,13:16:00,long,14236.0,14245.0,11.0,2023-01-04 13:16:00,13:15:00,True,18,26,1.0,39.0,0.09090909090909091,3.5454545454545454,sl
2023-01-05,h062,09:51:00,short,14313.0,14309.0,25.0,2023-01-05 09:51:00,09:35:00,True,15,26,70.0,14.0,2.8,0.56,tp
2023-01-05,h062,10:03:00,short,14291.0,14286.0,17.0,2023-01-05 10:03:00,10:01:00,True,20,41,47.0,14.0,2.764705882352941,0.8235294117647058,tp
2023-01-05,h062,10:07:00,long,14284.0,14285.0,14.0,2023-01-05 10:07:00,10:04:00,True,15,42,15.0,46.0,1.0714285714285714,3.2857142857142856,tp
2023-01-05,h062,11:10:00,long,14281.0,14282.0,23.0,2023-01-05 11:10:00,11:05:00,True,6,10,17.0,43.0,0.7391304347826086,1.8695652173913044,sl
2023-01-05,h062,11:50:00,short,14253.0,14249.0,13.0,2023-01-05 11:50:00,11:45:00,True,15,24,10.0,43.0,0.7692307692307693,3.3076923076923075,sl
2023-01-06,h062,09:18:00,long,14333.0,14337.0,20.0,2023-01-06 09:18:00,09:11:00,True,17,29,66.0,47.0,3.3,2.35,sl
2023-01-06,h062,10:21:00,long,14306.0,14311.0,13.0,2023-01-06 10:21:00,10:14:00,True,14,23,92.0,13.0,7.076923076923077,1.0,sl
2023-01-06,h062,10:39:00,long,14327.0,14332.0,10.0,2023-01-06 10:39:00,10:37:00,True,29,53,71.0,10.0,7.1,1.0,tp
2023-01-06,h062,10:41:00,short,14332.0,14330.0,6.0,2023-01-06 10:41:00,10:40:00,True,11,31,8.0,73.0,1.3333333333333333,12.166666666666666,tp
2023-01-06,h062,11:02:00,long,14353.0,14357.0,13.0,2023-01-06 11:02:00,11:01:00,True,41,66,46.0,5.0,3.5384615384615383,0.38461538461538464,tp
2023-01-06,h062,11:12:00,long,14379.0,14382.0,15.0,2023-01-06 11:12:00,11:10:00,True,21,35,21.0,28.0,1.4,1.8666666666666667,tp
2023-01-06,h062,12:44:00,long,14378.0,14380.0,7.0,2023-01-06 12:44:00,12:41:00,False,3,5,5.0,26.0,0.7142857142857143,3.7142857142857144,sl
2023-01-06,h062,13:25:00,short,14366.0,14363.0,10.0,2023-01-06 13:25:00,13:15:00,True,12,29,9.0,6.0,0.9,0.6,timeout
2023-01-09,h062,09:26:00,short,14624.0,14618.0,18.0,2023-01-09 09:26:00,09:25:00,True,10,22,18.0,152.0,1.0,8.444444444444445,tp
2023-01-09,h062,09:45:00,long,14648.0,14649.0,18.0,2023-01-09 09:45:00,09:42:00,True,30,73,121.0,13.0,6.722222222222222,0.7222222222222222,tp
2023-01-09,h062,10:40:00,short,14659.0,14657.0,11.0,2023-01-09 10:40:00,10:38:00,False,4,6,-1.0,113.0,-0.09090909090909091,10.272727272727273,sl
2023-01-09,h062,11:19:00,short,14673.0,14672.0,5.0,2023-01-09 11:19:00,11:15:00,False,3,6,3.0,98.0,0.6,19.6,sl
2023-01-09,h062,11:29:00,long,14685.0,14686.0,7.0,2023-01-09 11:29:00,11:28:00,True,9,15,84.0,1.0,12.0,0.14285714285714285,tp
2023-01-09,h062,12:26:00,long,14704.0,14709.0,6.0,2023-01-09 12:26:00,12:24:00,True,14,27,61.0,0.0,10.166666666666666,0.0,tp
2023-01-09,h062,12:34:00,long,14718.0,14720.0,8.0,2023-01-09 12:34:00,12:29:00,True,14,21,50.0,3.0,6.25,0.375,tp
2023-01-10,h062,10:28:00,short,14782.0,14779.0,10.0,2023-01-10 10:28:00,10:27:00,True,6,15,44.0,45.0,4.4,4.5,tp
2023-01-10,h062,10:52:00,long,14755.0,14759.0,18.0,2023-01-10 10:52:00,10:37:00,True,5,14,65.0,11.0,3.611111111111111,0.6111111111111112,tp
2023-01-10,h062,11:18:00,short,14759.0,14757.0,12.0,2023-01-10 11:18:00,11:17:00,True,5,8,2.0,67.0,0.16666666666666666,5.583333333333333,sl
2023-01-10,h062,12:04:00,long,14796.0,14798.0,9.0,2023-01-10 12:04:00,12:00:00,True,6,14,26.0,26.0,2.888888888888889,2.888888888888889,sl
2023-01-10,h062,13:25:00,long,14808.0,14811.0,7.0,2023-01-10 13:25:00,13:23:00,True,14,28,13.0,13.0,1.8571428571428572,1.8571428571428572,tp
2023-01-11,h062,09:59:00,long,14799.0,14804.0,15.0,2023-01-11 09:59:00,09:57:00,True,6,14,10.0,58.0,0.6666666666666666,3.8666666666666667,sl
2023-01-11,h062,10:19:00,short,14780.0,14779.0,15.0,2023-01-11 10:19:00,10:16:00,True,12,20,33.0,24.0,2.2,1.6,sl
2023-01-11,h062,10:47:00,short,14771.0,14770.0,9.0,2023-01-11 10:47:00,10:45:00,True,6,15,24.0,33.0,2.6666666666666665,3.6666666666666665,tp
2023-01-11,h062,10:50:00,long,14764.0,14766.0,4.0,2023-01-11 10:50:00,10:49:00,True,8,23,37.0,20.0,9.25,5.0,tp
2023-01-11,h062,11:11:00,long,14754.0,14760.0,6.0,2023-01-11 11:11:00,11:10:00,True,7,23,43.0,14.0,7.166666666666667,2.3333333333333335,sl
2023-01-11,h062,11:34:00,long,14779.0,14780.0,10.0,2023-01-11 11:34:00,11:32:00,True,5,13,23.0,20.0,2.3,2.0,tp
2023-01-11,h062,13:11:00,long,14795.0,14796.0,11.0,2023-01-11 13:11:00,13:10:00,True,9,20,7.0,22.0,0.6363636363636364,2.0,sl
2023-01-11,h062,13:15:00,short,14798.0,14796.0,5.0,2023-01-11 13:15:00,13:13:00,True,11,15,22.0,5.0,4.4,1.0,sl
2023-01-11,h062,13:26:00,short,14782.0,14777.0,10.0,2023-01-11 13:26:00,13:24:00,True,10,30,3.0,18.0,0.3,1.8,sl
2023-01-12,h062,10:06:00,short,14781.0,14779.0,18.0,2023-01-12 10:06:00,09:47:00,True,21,24,70.0,8.0,3.888888888888889,0.4444444444444444,tp
2023-01-12,h062,10:26:00,short,14759.0,14756.0,12.0,2023-01-12 10:26:00,10:16:00,True,36,44,47.0,30.0,3.9166666666666665,2.5,tp
2023-01-12,h062,10:40:00,short,14737.0,14735.0,16.0,2023-01-12 10:40:00,10:31:00,True,7,16,26.0,51.0,1.625,3.1875,tp
2023-01-12,h062,11:27:00,long,14764.0,14766.0,12.0,2023-01-12 11:27:00,11:25:00,True,9,15,20.0,57.0,1.6666666666666667,4.75,sl
2023-01-12,h062,12:25:00,long,14766.0,14768.0,10.0,2023-01-12 12:25:00,12:21:00,False,2,7,18.0,59.0,1.8,5.9,sl
2023-01-12,h062,12:40:00,short,14747.0,14744.0,7.0,2023-01-12 12:40:00,12:39:00,True,6,14,35.0,42.0,5.0,6.0,tp
2023-01-12,h062,12:52:00,long,14729.0,14736.0,20.0,2023-01-12 12:52:00,12:51:00,True,19,40,50.0,2.0,2.5,0.1,tp
2023-01-13,h062,09:35:00,short,14888.0,14886.0,22.0,2023-01-13 09:35:00,09:34:00,True,13,47,64.0,24.0,2.909090909090909,1.0909090909090908,sl
2023-01-13,h062,10:54:00,long,14864.0,14866.0,12.0,2023-01-13 10:54:00,10:52:00,True,9,14,6.0,44.0,0.5,3.6666666666666665,sl
2023-01-13,h062,11:11:00,long,14843.0,14849.0,11.0,2023-01-13 11:11:00,11:10:00,True,6,21,19.0,27.0,1.7272727272727273,2.4545454545454546,tp
2023-01-13,h062,11:43:00,short,14828.0,14826.0,10.0,2023-01-13 11:43:00,11:42:00,True,8,22,4.0,42.0,0.4,4.2,sl
2023-01-13,h062,11:50:00,long,14829.0,14834.0,6.0,2023-01-13 11:50:00,11:45:00,True,13,18,34.0,11.0,5.666666666666667,1.8333333333333333,tp
2023-01-13,h062,13:04:00,long,14865.0,14867.0,9.0,2023-01-13 13:04:00,13:01:00,True,18,26,1.0,44.0,0.1111111111111111,4.888888888888889,sl
2023-01-13,h062,13:24:00,short,14847.0,14846.0,5.0,2023-01-13 13:24:00,13:23:00,False,3,10,23.0,4.0,4.6,0.8,tp
2023-01-16,h062,09:49:00,long,14963.0,14965.0,22.0,2023-01-16 09:49:00,09:32:00,True,6,10,39.0,49.0,1.7727272727272727,2.227272727272727,tp
2023-01-16,h062,11:04:00,long,14964.0,14965.0,13.0,2023-01-16 11:04:00,10:46:00,True,7,15,7.0,49.0,0.5384615384615384,3.769230769230769,sl
2023-01-16,h062,11:11:00,short,14945.0,14943.0,14.0,2023-01-16 11:11:00,11:10:00,True,20,31,27.0,29.0,1.9285714285714286,2.0714285714285716,tp
2023-01-16,h062,11:15:00,long,14928.0,14932.0,10.0,2023-01-16 11:15:00,11:14:00,True,9,23,40.0,16.0,4.0,1.6,tp
2023-01-16,h062,13:29:00,long,14930.0,14934.0,13.0,2023-01-16 13:29:00,13:23:00,True,9,17,15.0,6.0,1.1538461538461537,0.46153846153846156,tp
2023-01-17,h062,09:21:00,long,14923.0,14931.0,10.0,2023-01-17 09:21:00,09:14:00,True,9,26,38.0,25.0,3.8,2.5,sl
2023-01-17,h062,10:10:00,long,14950.0,14952.0,7.0,2023-01-17 10:10:00,10:09:00,True,13,30,17.0,41.0,2.4285714285714284,5.857142857142857,sl
2023-01-17,h062,11:41:00,short,14946.0,14943.0,6.0,2023-01-17 11:41:00,11:29:00,True,9,10,22.0,26.0,3.6666666666666665,4.333333333333333,sl
2023-01-17,h062,11:47:00,short,14948.0,14946.0,14.0,2023-01-17 11:47:00,11:46:00,True,11,12,25.0,23.0,1.7857142857142858,1.6428571428571428,sl
2023-01-17,h062,12:36:00,short,14962.0,14959.0,6.0,2023-01-17 12:36:00,12:28:00,False,0,4,38.0,5.0,6.333333333333333,0.8333333333333334,tp
2023-01-30,h062,11:19:00,long,15395.0,15397.0,10.0,2023-01-30 11:19:00,11:18:00,True,12,18,63.0,0.0,6.3,0.0,tp
2023-01-30,h062,11:32:00,long,15415.0,15416.0,12.0,2023-01-30 11:32:00,11:31:00,True,15,33,44.0,16.0,3.6666666666666665,1.3333333333333333,tp
2023-01-30,h062,13:05:00,long,15423.0,15425.0,9.0,2023-01-30 13:05:00,13:02:00,True,6,20,35.0,3.0,3.888888888888889,0.3333333333333333,tp
2023-01-31,h062,10:03:00,short,15397.0,15390.0,7.0,2023-01-31 10:03:00,10:02:00,False,4,13,125.0,17.0,17.857142857142858,2.4285714285714284,sl
2023-01-31,h062,11:17:00,short,15374.0,15372.0,6.0,2023-01-31 11:17:00,11:15:00,True,5,9,107.0,9.0,17.833333333333332,1.5,sl
2023-02-01,h062,10:05:00,short,15335.0,15334.0,13.0,2023-02-01 10:05:00,10:02:00,False,3,5,37.0,68.0,2.8461538461538463,5.230769230769231,sl
2023-02-01,h062,10:38:00,short,15336.0,15331.0,12.0,2023-02-01 10:38:00,10:36:00,True,8,15,34.0,71.0,2.8333333333333335,5.916666666666667,tp
2023-02-01,h062,10:45:00,short,15313.0,15311.0,11.0,2023-02-01 10:45:00,10:43:00,True,9,22,14.0,91.0,1.2727272727272727,8.272727272727273,tp
2023-02-01,h062,12:00:00,long,15343.0,15345.0,4.0,2023-02-01 12:00:00,11:51:00,True,7,16,57.0,9.0,14.25,2.25,tp
2023-02-01,h062,12:48:00,short,15350.0,15346.0,5.0,2023-02-01 12:48:00,12:42:00,False,4,7,7.0,56.0,1.4,11.2,tp
2023-02-01,h062,13:10:00,long,15361.0,15364.0,8.0,2023-02-01 13:10:00,13:09:00,True,10,15,38.0,2.0,4.75,0.25,tp
2023-02-02,h062,09:30:00,short,15542.0,15539.0,24.0,2023-02-02 09:30:00,09:18:00,True,18,44,71.0,61.0,2.9583333333333335,2.5416666666666665,tp
2023-02-02,h062,11:34:00,short,15559.0,15558.0,14.0,2023-02-02 11:34:00,11:30:00,False,4,5,0.0,42.0,0.0,3.0,sl
2023-02-02,h062,11:56:00,long,15580.0,15583.0,8.0,2023-02-02 11:56:00,11:54:00,False,4,10,17.0,11.0,2.125,1.375,sl
2023-02-02,h062,12:29:00,short,15581.0,15576.0,7.0,2023-02-02 12:29:00,12:26:00,False,2,5,1.0,24.0,0.14285714285714285,3.4285714285714284,sl
2023-02-02,h062,12:53:00,long,15596.0,15598.0,7.0,2023-02-02 12:53:00,12:46:00,False,0,4,2.0,21.0,0.2857142857142857,3.0,sl
2023-02-02,h062,13:18:00,short,15594.0,15591.0,6.0,2023-02-02 13:18:00,13:15:00,True,7,11,14.0,2.0,2.3333333333333335,0.3333333333333333,tp
2023-02-02,h062,13:27:00,long,15590.0,15592.0,8.0,2023-02-02 13:27:00,13:24:00,True,9,13,1.0,15.0,0.125,1.875,sl
2023-02-03,h062,11:17:00,long,15576.0,15578.0,13.0,2023-02-03 11:17:00,11:00:00,True,6,16,51.0,14.0,3.923076923076923,1.0769230769230769,sl
2023-02-03,h062,11:21:00,short,15577.0,15573.0,11.0,2023-02-03 11:21:00,11:18:00,False,0,4,9.0,56.0,0.8181818181818182,5.090909090909091,sl
2023-02-03,h062,11:52:00,short,15584.0,15580.0,8.0,2023-02-03 11:52:00,11:51:00,True,5,5,12.0,49.0,1.5,6.125,sl
2023-02-03,h062,11:57:00,long,15596.0,15598.0,11.0,2023-02-03 11:57:00,11:54:00,True,34,41,31.0,30.0,2.8181818181818183,2.727272727272727,tp
2023-02-03,h062,12:18:00,long,15617.0,15619.0,9.0,2023-02-03 12:18:00,12:16:00,True,5,11,10.0,51.0,1.1111111111111112,5.666666666666667,tp
2023-02-06,h062,10:14:00,short,15445.0,15437.0,20.0,2023-02-06 10:14:00,10:13:00,True,9,17,46.0,37.0,2.3,1.85,sl
2023-02-06,h062,12:18:00,short,15446.0,15442.0,6.0,2023-02-06 12:18:00,12:17:00,True,9,15,51.0,12.0,8.5,2.0,sl
2023-02-06,h062,13:25:00,short,15416.0,15410.0,7.0,2023-02-06 13:25:00,13:22:00,True,14,35,19.0,4.0,2.7142857142857144,0.5714285714285714,tp
2023-02-07,h062,10:30:00,long,15395.0,15400.0,13.0,2023-02-07 10:30:00,10:21:00,True,8,20,25.0,34.0,1.9230769230769231,2.6153846153846154,sl
2023-02-07,h062,11:07:00,long,15378.0,15381.0,12.0,2023-02-07 11:07:00,11:06:00,True,9,24,44.0,0.0,3.6666666666666665,0.0,tp
2023-02-07,h062,11:09:00,long,15396.0,15399.0,15.0,2023-02-07 11:09:00,11:08:00,True,14,25,26.0,7.0,1.7333333333333334,0.4666666666666667,tp
2023-02-07,h062,12:22:00,short,15412.0,15406.0,7.0,2023-02-07 12:22:00,12:21:00,False,0,4,11.0,19.0,1.5714285714285714,2.7142857142857144,sl
2023-02-07,h062,13:23:00,long,15416.0,15417.0,6.0,2023-02-07 13:23:00,13:20:00,False,3,6,0.0,22.0,0.0,3.6666666666666665,sl
2023-02-07,h062,13:26:00,short,15406.0,15403.0,11.0,2023-02-07 13:26:00,13:25:00,True,16,24,8.0,10.0,0.7272727272727273,0.9090909090909091,timeout
2023-02-08,h062,09:47:00,long,15552.0,15555.0,22.0,2023-02-08 09:47:00,09:36:00,True,28,42,69.0,10.0,3.1363636363636362,0.45454545454545453,tp
2023-02-08,h062,11:05:00,long,15598.0,15601.0,9.0,2023-02-08 11:05:00,10:59:00,True,11,26,23.0,9.0,2.5555555555555554,1.0,tp
2023-02-08,h062,12:12:00,long,15614.0,15616.0,7.0,2023-02-08 12:12:00,12:06:00,False,0,4,8.0,24.0,1.1428571428571428,3.4285714285714284,sl
2023-02-08,h062,12:36:00,short,15619.0,15614.0,5.0,2023-02-08 12:36:00,12:35:00,True,12,23,22.0,3.0,4.4,0.6,tp
2023-02-08,h062,13:06:00,short,15601.0,15597.0,6.0,2023-02-08 13:06:00,13:03:00,True,15,26,5.0,13.0,0.8333333333333334,2.1666666666666665,sl
2023-02-09,h062,10:36:00,short,15589.0,15588.0,6.0,2023-02-09 10:36:00,10:34:00,False,3,5,24.0,20.0,4.0,3.3333333333333335,sl
2023-02-09,h062,11:33:00,long,15578.0,15581.0,11.0,2023-02-09 11:33:00,11:24:00,True,5,8,27.0,8.0,2.4545454545454546,0.7272727272727273,tp
2023-02-09,h062,12:51:00,long,15590.0,15591.0,5.0,2023-02-09 12:51:00,12:50:00,False,4,11,17.0,12.0,3.4,2.4,sl
2023-02-09,h062,12:53:00,short,15584.0,15582.0,10.0,2023-02-09 12:53:00,12:52:00,False,0,4,3.0,26.0,0.3,2.6,sl
2023-02-09,h062,13:04:00,long,15591.0,15593.0,9.0,2023-02-09 13:04:00,13:00:00,False,0,0,15.0,3.0,1.6666666666666667,0.3333333333333333,tp
2023-02-09,h062,13:20:00,short,15596.0,15593.0,5.0,2023-02-09 13:20:00,13:10:00,False,0,3,3.0,15.0,0.6,3.0,sl
2023-02-10,h062,10:22:00,short,15536.0,15535.0,14.0,2023-02-10 10:22:00,10:21:00,True,16,47,12.0,52.0,0.8571428571428571,3.7142857142857144,sl
2023-02-10,h062,10:41:00,long,15575.0,15579.0,11.0,2023-02-10 10:41:00,10:39:00,True,17,45,8.0,54.0,0.7272727272727273,4.909090909090909,sl
2023-02-10,h062,11:08:00,short,15540.0,15536.0,17.0,2023-02-10 11:08:00,11:06:00,True,7,16,11.0,51.0,0.6470588235294118,3.0,sl
2023-02-10,h062,12:24:00,long,15560.0,15563.0,10.0,2023-02-10 12:24:00,12:23:00,True,25,40,24.0,14.0,2.4,1.4,tp
2023-02-10,h062,13:03:00,long,15558.0,15563.0,9.0,2023-02-10 13:03:00,12:59:00,False,4,11,24.0,6.0,2.6666666666666665,0.6666666666666666,tp
2023-02-13,h062,10:48:00,long,15472.0,15473.0,16.0,2023-02-13 10:48:00,10:44:00,True,7,16,64.0,1.0,4.0,0.0625,tp
2023-02-13,h062,10:51:00,long,15480.0,15483.0,8.0,2023-02-13 10:51:00,10:49:00,True,11,24,54.0,5.0,6.75,0.625,tp
2023-02-13,h062,11:08:00,long,15497.0,15509.0,10.0,2023-02-13 11:08:00,11:07:00,True,44,90,28.0,29.0,2.8,2.9,sl
2023-02-13,h062,11:10:00,short,15506.0,15499.0,9.0,2023-02-13 11:10:00,11:09:00,False,3,10,19.0,38.0,2.111111111111111,4.222222222222222,tp
2023-02-13,h062,11:54:00,short,15511.0,15503.0,7.0,2023-02-13 11:54:00,11:47:00,False,3,6,9.0,34.0,1.2857142857142858,4.857142857142857,sl
2023-02-13,h062,13:22:00,long,15525.0,15532.0,5.0,2023-02-13 13:22:00,13:20:00,True,27,42,5.0,11.0,1.0,2.2,sl
2023-02-14,h062,10:11:00,long,15639.0,15649.0,12.0,2023-02-14 10:11:00,10:07:00,True,93,121,33.0,20.0,2.75,1.6666666666666667,tp
2023-02-14,h062,10:18:00,long,15668.0,15670.0,13.0,2023-02-14 10:18:00,10:15:00,True,15,37,12.0,41.0,0.9230769230769231,3.1538461538461537,sl
2023-02-14,h062,12:10:00,short,15658.0,15657.0,8.0,2023-02-14 12:10:00,12:06:00,False,0,1,14.0,12.0,1.75,1.5,sl
2023-02-14,h062,12:54:00,long,15659.0,15661.0,4.0,2023-02-14 12:54:00,12:53:00,True,6,11,5.0,18.0,1.25,4.5,tp
2023-02-14,h062,13:05:00,short,15658.0,15657.0,6.0,2023-02-14 13:05:00,12:55:00,False,0,3,14.0,7.0,2.3333333333333335,1.1666666666666667,tp
2023-02-15,h062,10:03:00,short,15464.0,15456.0,14.0,2023-02-15 10:03:00,10:02:00,True,36,96,96.0,8.0,6.857142857142857,0.5714285714285714,tp
2023-02-15,h062,10:56:00,short,15382.0,15379.0,14.0,2023-02-15 10:56:00,10:50:00,True,9,17,19.0,32.0,1.3571428571428572,2.2857142857142856,sl
2023-02-15,h062,12:33:00,long,15402.0,15403.0,6.0,2023-02-15 12:33:00,12:31:00,True,5,7,8.0,43.0,1.3333333333333333,7.166666666666667,tp
2023-02-15,h062,12:44:00,short,15403.0,15400.0,8.0,2023-02-15 12:44:00,12:36:00,False,3,8,40.0,6.0,5.0,0.75,tp
2023-02-15,h062,12:46:00,short,15393.0,15390.0,13.0,2023-02-15 12:46:00,12:45:00,True,6,13,30.0,14.0,2.3076923076923075,1.0769230769230769,sl
2023-02-15,h062,13:01:00,short,15379.0,15374.0,16.0,2023-02-15 13:01:00,13:00:00,True,13,39,14.0,23.0,0.875,1.4375,sl
2023-02-16,h062,09:59:00,short,15485.0,15479.0,16.0,2023-02-16 09:59:00,09:58:00,True,27,45,5.0,120.0,0.3125,7.5,sl
2023-02-16,h062,11:09:00,long,15575.0,15579.0,21.0,2023-02-16 11:09:00,11:00:00,True,11,17,20.0,38.0,0.9523809523809523,1.8095238095238095,sl
2023-02-16,h062,11:47:00,long,15589.0,15594.0,4.0,2023-02-16 11:47:00,11:45:00,True,15,26,5.0,53.0,1.25,13.25,sl
2023-02-16,h062,11:51:00,short,15592.0,15590.0,7.0,2023-02-16 11:51:00,11:50:00,True,5,11,49.0,3.0,7.0,0.42857142857142855,tp
2023-02-16,h062,13:15:00,short,15562.0,15561.0,8.0,2023-02-16 13:15:00,13:07:00,True,9,14,20.0,18.0,2.5,2.25,sl
2023-02-17,h062,09:46:00,short,15414.0,15408.0,28.0,2023-02-17 09:46:00,09:42:00,True,11,37,24.0,57.0,0.8571428571428571,2.0357142857142856,sl
2023-02-17,h062,10:29:00,long,15426.0,15427.0,10.0,2023-02-17 10:29:00,10:24:00,True,6,12,38.0,34.0,3.8,3.4,sl
2023-02-17,h062,11:30:00,long,15431.0,15432.0,12.0,2023-02-17 11:30:00,11:27:00,True,7,12,33.0,1.0,2.75,0.08333333333333333,tp
2023-02-17,h062,11:37:00,long,15447.0,15449.0,10.0,2023-02-17 11:37:00,11:32:00,True,20,27,16.0,18.0,1.6,1.8,tp
2023-02-17,h062,12:07:00,short,15453.0,15452.0,12.0,2023-02-17 12:07:00,11:57:00,False,4,6,21.0,11.0,1.75,0.9166666666666666,tp
2023-02-17,h062,12:49:00,short,15432.0,15431.0,11.0,2023-02-17 12:49:00,12:48:00,True,5,11,0.0,23.0,0.0,2.090909090909091,sl
2023-02-17,h062,13:25:00,short,15444.0,15436.0,8.0,2023-02-17 13:25:00,13:23:00,True,7,10,5.0,11.0,0.625,1.375,sl
2023-02-20,h062,09:18:00,long,15478.0,15481.0,24.0,2023-02-20 09:18:00,09:17:00,True,36,87,74.0,13.0,3.0833333333333335,0.5416666666666666,tp
2023-02-20,h062,09:47:00,long,15504.0,15505.0,11.0,2023-02-20 09:47:00,09:44:00,True,8,22,50.0,14.0,4.545454545454546,1.2727272727272727,sl
2023-02-20,h062,10:30:00,long,15509.0,15512.0,11.0,2023-02-20 10:30:00,10:23:00,True,13,17,43.0,10.0,3.909090909090909,0.9090909090909091,tp
2023-02-20,h062,10:50:00,long,15519.0,15521.0,8.0,2023-02-20 10:50:00,10:45:00,True,14,25,34.0,19.0,4.25,2.375,tp
2023-02-20,h062,10:53:00,long,15530.0,15534.0,11.0,2023-02-20 10:53:00,10:52:00,True,15,41,21.0,32.0,1.9090909090909092,2.909090909090909,sl
2023-02-20,h062,12:00:00,long,15528.0,15530.0,9.0,2023-02-20 12:00:00,11:58:00,False,3,7,25.0,28.0,2.7777777777777777,3.111111111111111,tp
2023-02-20,h062,12:07:00,short,15535.0,15534.0,7.0,2023-02-20 12:07:00,12:06:00,False,3,5,32.0,21.0,4.571428571428571,3.0,sl
2023-02-20,h062,12:24:00,short,15549.0,15548.0,5.0,2023-02-20 12:24:00,12:22:00,False,0,3,46.0,7.0,9.2,1.4,sl
2023-02-20,h062,13:05:00,long,15517.0,15518.0,10.0,2023-02-20 13:05:00,13:03:00,True,16,20,9.0,16.0,0.9,1.6,sl
2023-02-21,h062,10:29:00,long,15522.0,15528.0,10.0,2023-02-21 10:29:00,10:26:00,True,20,39,19.0,32.0,1.9,3.2,tp
2023-02-21,h062,11:41:00,short,15525.0,15522.0,11.0,2023-02-21 11:41:00,11:38:00,False,0,3,12.0,18.0,1.0909090909090908,1.6363636363636365,tp
2023-02-21,h062,12:08:00,short,15518.0,15511.0,7.0,2023-02-21 12:08:00,12:06:00,True,5,10,1.0,29.0,0.14285714285714285,4.142857142857143,sl
2023-02-21,h062,12:38:00,short,15527.0,15526.0,3.0,2023-02-21 12:38:00,12:35:00,False,0,2,8.0,14.0,2.6666666666666665,4.666666666666667,tp
2023-02-21,h062,12:44:00,short,15520.0,15518.0,8.0,2023-02-21 12:44:00,12:43:00,True,5,6,0.0,22.0,0.0,2.75,sl
2023-02-21,h062,13:10:00,long,15538.0,15539.0,10.0,2023-02-21 13:10:00,13:03:00,True,10,16,1.0,19.0,0.1,1.9,sl
2023-02-22,h062,09:50:00,long,15320.0,15323.0,14.0,2023-02-22 09:50:00,09:49:00,True,14,45,92.0,7.0,6.571428571428571,0.5,tp
2023-02-22,h062,10:42:00,long,15351.0,15360.0,11.0,2023-02-22 10:42:00,10:37:00,True,23,42,55.0,5.0,5.0,0.45454545454545453,tp
2023-02-22,h062,11:04:00,long,15377.0,15380.0,12.0,2023-02-22 11:04:00,11:03:00,True,52,78,35.0,9.0,2.9166666666666665,0.75,tp
2023-02-22,h062,11:08:00,short,15380.0,15379.0,9.0,2023-02-22 11:08:00,11:05:00,True,5,13,8.0,36.0,0.8888888888888888,4.0,sl
2023-02-22,h062,11:57:00,long,15405.0,15407.0,7.0,2023-02-22 11:57:00,11:53:00,True,5,15,8.0,36.0,1.1428571428571428,5.142857142857143,tp
2023-02-22,h062,12:01:00,short,15408.0,15405.0,6.0,2023-02-22 12:01:00,11:59:00,True,6,15,34.0,3.0,5.666666666666667,0.5,tp
2023-02-22,h062,13:07:00,long,15389.0,15391.0,9.0,2023-02-22 13:07:00,13:00:00,True,5,7,6.0,20.0,0.6666666666666666,2.2222222222222223,sl
2023-02-23,h062,09:46:00,long,15552.0,15560.0,13.0,2023-02-23 09:46:00,09:45:00,True,80,107,96.0,1.0,7.384615384615385,0.07692307692307693,tp
2023-02-23,h062,10:21:00,long,15587.0,15593.0,13.0,2023-02-23 10:21:00,10:20:00,True,21,62,63.0,5.0,4.846153846153846,0.38461538461538464,tp
2023-02-23,h062,10:33:00,long,15602.0,15605.0,12.0,2023-02-23 10:33:00,10:23:00,True,20,24,51.0,16.0,4.25,1.3333333333333333,tp
2023-02-23,h062,11:39:00,short,15633.0,15630.0,9.0,2023-02-23 11:39:00,11:33:00,False,4,9,41.0,5.0,4.555555555555555,0.5555555555555556,tp
2023-02-23,h062,12:25:00,long,15605.0,15610.0,7.0,2023-02-23 12:25:00,12:22:00,True,7,11,25.0,21.0,3.5714285714285716,3.0,sl
2023-02-23,h062,12:59:00,long,15624.0,15625.0,8.0,2023-02-23 12:59:00,12:55:00,True,9,18,10.0,36.0,1.25,4.5,tp
2023-02-23,h062,13:02:00,long,15627.0,15630.0,5.0,2023-02-23 13:02:00,13:00:00,True,10,22,5.0,41.0,1.0,8.2,sl
2023-02-24,h062,10:41:00,long,15599.0,15600.0,13.0,2023-02-24 10:41:00,10:36:00,True,5,12,15.0,74.0,1.1538461538461537,5.6923076923076925,tp
2023-02-24,h062,13:12:00,long,15568.0,15572.0,14.0,2023-02-24 13:12:00,13:11:00,True,11,34,15.0,46.0,1.0714285714285714,3.2857142857142856,tp
2023-02-24,h062,13:15:00,long,15578.0,15582.0,6.0,2023-02-24 13:15:00,13:13:00,True,10,31,5.0,56.0,0.8333333333333334,9.333333333333334,sl
2023-02-24,h062,13:26:00,short,15554.0,15548.0,21.0,2023-02-24 13:26:00,13:25:00,True,11,32,22.0,11.0,1.0476190476190477,0.5238095238095238,tp
2023-03-01,h062,09:51:00,long,15445.0,15453.0,19.0,2023-03-01 09:51:00,09:50:00,True,37,64,102.0,1.0,5.368421052631579,0.05263157894736842,tp
2023-03-01,h062,10:53:00,short,15483.0,15476.0,27.0,2023-03-01 10:53:00,10:49:00,True,5,10,2.0,79.0,0.07407407407407407,2.925925925925926,sl
2023-03-01,h062,11:16:00,long,15520.0,15525.0,8.0,2023-03-01 11:16:00,11:15:00,True,21,31,30.0,28.0,3.75,3.5,sl
2023-03-01,h062,11:45:00,long,15528.0,15529.0,9.0,2023-03-01 11:45:00,11:41:00,True,18,33,26.0,13.0,2.888888888888889,1.4444444444444444,tp
2023-03-01,h062,12:28:00,short,15519.0,15517.0,10.0,2023-03-01 12:28:00,12:27:00,True,7,21,1.0,38.0,0.1,3.8,sl
2023-03-01,h062,13:01:00,short,15542.0,15538.0,5.0,2023-03-01 13:01:00,12:52:00,True,11,23,6.0,17.0,1.2,3.4,tp
2023-03-01,h062,13:21:00,short,15546.0,15543.0,7.0,2023-03-01 13:21:00,13:19:00,True,9,17,7.0,6.0,1.0,0.8571428571428571,tp
2023-03-02,h062,09:39:00,short,15478.0,15470.0,22.0,2023-03-02 09:39:00,09:38:00,True,27,61,35.0,110.0,1.5909090909090908,5.0,tp
2023-03-02,h062,09:41:00,short,15453.0,15450.0,17.0,2023-03-02 09:41:00,09:40:00,True,17,43,15.0,130.0,0.8823529411764706,7.647058823529412,sl
2023-03-02,h062,12:17:00,short,15551.0,15547.0,10.0,2023-03-02 12:17:00,12:01:00,True,6,8,10.0,33.0,1.0,3.3,sl
2023-03-02,h062,12:36:00,long,15564.0,15573.0,13.0,2023-03-02 12:36:00,12:30:00,True,32,44,7.0,36.0,0.5384615384615384,2.769230769230769,sl
2023-03-02,h062,13:21:00,short,15553.0,15549.0,11.0,2023-03-02 13:21:00,13:19:00,True,12,17,12.0,7.0,1.0909090909090908,0.6363636363636364,tp
2023-03-03,h062,09:32:00,short,15605.0,15604.0,16.0,2023-03-03 09:32:00,09:27:00,True,12,27,36.0,66.0,2.25,4.125,tp
2023-03-03,h062,11:15:00,long,15626.0,15628.0,5.0,2023-03-03 11:15:00,11:14:00,True,10,21,42.0,35.0,8.4,7.0,tp
2023-03-03,h062,11:34:00,long,15641.0,15648.0,8.0,2023-03-03 11:34:00,11:30:00,True,22,36,22.0,55.0,2.75,6.875,tp
2023-03-03,h062,11:44:00,short,15654.0,15650.0,16.0,2023-03-03 11:44:00,11:42:00,True,17,24,57.0,2.0,3.5625,0.125,tp
2023-03-03,h062,12:20:00,short,15612.0,15609.0,12.0,2023-03-03 12:20:00,12:19:00,True,13,37,16.0,16.0,1.3333333333333333,1.3333333333333333,sl
2023-03-03,h062,12:41:00,long,15605.0,15607.0,9.0,2023-03-03 12:41:00,12:37:00,True,7,17,13.0,12.0,1.4444444444444444,1.3333333333333333,sl
2023-03-06,h062,10:18:00,long,15748.0,15755.0,20.0,2023-03-06 10:18:00,10:15:00,True,32,66,79.0,3.0,3.95,0.15,tp
2023-03-06,h062,10:23:00,long,15776.0,15784.0,17.0,2023-03-06 10:23:00,10:21:00,True,34,101,50.0,28.0,2.9411764705882355,1.6470588235294117,tp
2023-03-06,h062,11:41:00,short,15820.0,15819.0,6.0,2023-03-06 11:41:00,11:34:00,False,0,3,63.0,4.0,10.5,0.6666666666666666,tp
2023-03-06,h062,12:21:00,short,15798.0,15796.0,10.0,2023-03-06 12:21:00,12:17:00,True,5,9,40.0,9.0,4.0,0.9,tp
2023-03-06,h062,12:48:00,short,15797.0,15794.0,6.0,2023-03-06 12:48:00,12:47:00,True,8,9,38.0,2.0,6.333333333333333,0.3333333333333333,tp
2023-03-07,h062,10:10:00,long,15837.0,15839.0,17.0,2023-03-07 10:10:00,10:07:00,True,16,38,55.0,18.0,3.235294117647059,1.0588235294117647,sl
2023-03-07,h062,11:05:00,long,15846.0,15852.0,10.0,2023-03-07 11:05:00,11:04:00,True,34,51,42.0,7.0,4.2,0.7,tp
2023-03-07,h062,11:09:00,short,15852.0,15849.0,9.0,2023-03-07 11:09:00,11:06:00,True,7,8,4.0,45.0,0.4444444444444444,5.0,sl
2023-03-07,h062,11:59:00,long,15874.0,15875.0,11.0,2023-03-07 11:59:00,11:58:00,True,12,20,19.0,9.0,1.7272727272727273,0.8181818181818182,tp
2023-03-07,h062,12:02:00,long,15880.0,15884.0,5.0,2023-03-07 12:02:00,12:00:00,True,16,44,10.0,18.0,2.0,3.6,tp
2023-03-07,h062,13:03:00,long,15884.0,15886.0,9.0,2023-03-07 13:03:00,12:55:00,False,3,7,4.0,20.0,0.4444444444444444,2.2222222222222223,sl
2023-03-08,h062,10:13:00,short,15796.0,15791.0,12.0,2023-03-08 10:13:00,10:10:00,False,3,6,70.0,18.0,5.833333333333333,1.5,tp
2023-03-08,h062,10:19:00,short,15760.0,15752.0,11.0,2023-03-08 10:19:00,10:18:00,True,23,50,31.0,57.0,2.8181818181818183,5.181818181818182,sl
2023-03-08,h062,10:51:00,short,15737.0,15729.0,11.0,2023-03-08 10:51:00,10:49:00,True,14,34,8.0,80.0,0.7272727272727273,7.2727272727272725,sl
2023-03-08,h062,11:00:00,long,15734.0,15737.0,13.0,2023-03-08 11:00:00,10:56:00,True,8,21,72.0,1.0,5.538461538461538,0.07692307692307693,tp
2023-03-08,h062,11:44:00,short,15754.0,15752.0,6.0,2023-03-08 11:44:00,11:41:00,False,0,1,7.0,57.0,1.1666666666666667,9.5,sl
2023-03-08,h062,11:59:00,long,15751.0,15754.0,6.0,2023-03-08 11:59:00,11:58:00,True,8,11,55.0,1.0,9.166666666666666,0.16666666666666666,tp
2023-03-08,h062,12:06:00,short,15760.0,15759.0,5.0,2023-03-08 12:06:00,12:03:00,False,0,0,5.0,50.0,1.0,10.0,tp
2023-03-08,h062,12:35:00,short,15770.0,15766.0,6.0,2023-03-08 12:35:00,12:29:00,False,0,3,2.0,43.0,0.3333333333333333,7.166666666666667,sl
2023-03-08,h062,12:45:00,short,15777.0,15776.0,4.0,2023-03-08 12:45:00,12:43:00,False,4,10,0.0,33.0,0.0,8.25,sl
2023-03-08,h062,13:03:00,long,15796.0,15798.0,11.0,2023-03-08 13:03:00,13:02:00,True,17,37,11.0,15.0,1.0,1.3636363636363635,tp
2023-03-08,h062,13:12:00,short,15801.0,15795.0,8.0,2023-03-08 13:12:00,13:10:00,True,10,17,12.0,3.0,1.5,0.375,tp
2023-03-09,h062,09:53:00,long,15804.0,15810.0,10.0,2023-03-09 09:53:00,09:50:00,True,10,26,15.0,59.0,1.5,5.9,tp
2023-03-09,h062,10:21:00,short,15789.0,15783.0,9.0,2023-03-09 10:21:00,10:18:00,True,8,17,32.0,13.0,3.5555555555555554,1.4444444444444444,tp
2023-03-09,h062,11:05:00,long,15771.0,15772.0,9.0,2023-03-09 11:05:00,11:03:00,False,0,1,24.0,21.0,2.6666666666666665,2.3333333333333335,sl
2023-03-09,h062,12:40:00,short,15768.0,15766.0,9.0,2023-03-09 12:40:00,12:39:00,False,4,10,11.0,13.0,1.2222222222222223,1.4444444444444444,tp
2023-03-09,h062,12:46:00,long,15767.0,15768.0,5.0,2023-03-09 12:46:00,12:42:00,False,4,10,11.0,13.0,2.2,2.6,sl
2023-03-09,h062,13:11:00,short,15760.0,15758.0,8.0,2023-03-09 13:11:00,13:10:00,False,3,7,0.0,21.0,0.0,2.625,sl
2023-03-09,h062,13:21:00,short,15769.0,15767.0,8.0,2023-03-09 13:21:00,13:17:00,True,6,17,9.0,7.0,1.125,0.875,tp
2023-03-10,h062,10:18:00,short,15516.0,15514.0,13.0,2023-03-10 10:18:00,10:16:00,True,8,19,62.0,32.0,4.769230769230769,2.4615384615384617,sl
2023-03-10,h062,11:24:00,short,15494.0,15493.0,8.0,2023-03-10 11:24:00,11:22:00,True,7,13,41.0,4.0,5.125,0.5,tp
2023-03-10,h062,11:31:00,long,15476.0,15477.0,10.0,2023-03-10 11:31:00,11:30:00,True,10,24,20.0,25.0,2.0,2.5,tp
2023-03-10,h062,12:04:00,long,15467.0,15470.0,14.0,2023-03-10 12:04:00,12:02:00,True,8,15,27.0,18.0,1.9285714285714286,1.2857142857142858,sl
2023-03-10,h062,13:05:00,long,15492.0,15494.0,6.0,2023-03-10 13:05:00,13:02:00,True,21,33,3.0,17.0,0.5,2.8333333333333335,sl
2023-03-13,h062,10:16:00,short,15433.0,15432.0,23.0,2023-03-13 10:16:00,10:13:00,True,7,17,5.0,108.0,0.21739130434782608,4.695652173913044,sl
2023-03-13,h062,11:09:00,long,15532.0,15536.0,10.0,2023-03-13 11:09:00,11:06:00,True,24,63,4.0,45.0,0.4,4.5,sl
2023-03-13,h062,12:35:00,short,15502.0,15497.0,9.0,2023-03-13 12:35:00,12:32:00,True,16,32,6.0,37.0,0.6666666666666666,4.111111111111111,sl
2023-03-14,h062,09:55:00,short,15319.0,15318.0,22.0,2023-03-14 09:55:00,09:53:00,True,14,40,8.0,110.0,0.36363636363636365,5.0,sl
2023-03-14,h062,10:50:00,long,15404.0,15406.0,9.0,2023-03-14 10:50:00,10:45:00,True,14,25,22.0,56.0,2.4444444444444446,6.222222222222222,sl
2023-03-14,h062,11:46:00,long,15422.0,15425.0,11.0,2023-03-14 11:46:00,11:41:00,True,8,12,3.0,74.0,0.2727272727272727,6.7272727272727275,sl
2023-03-14,h062,12:25:00,short,15398.0,15396.0,11.0,2023-03-14 12:25:00,12:22:00,True,11,13,45.0,3.0,4.090909090909091,0.2727272727272727,tp
2023-03-15,h062,09:17:00,long,15419.0,15420.0,16.0,2023-03-15 09:17:00,09:15:00,True,14,55,55.0,104.0,3.4375,6.5,tp
2023-03-15,h062,10:32:00,short,15449.0,15442.0,13.0,2023-03-15 10:32:00,10:20:00,True,17,25,126.0,8.0,9.692307692307692,0.6153846153846154,tp
2023-03-15,h062,10:42:00,short,15428.0,15427.0,14.0,2023-03-15 10:42:00,10:41:00,True,15,25,111.0,23.0,7.928571428571429,1.6428571428571428,sl
2023-03-15,h062,11:48:00,short,15392.0,15389.0,10.0,2023-03-15 11:48:00,11:47:00,True,10,26,73.0,-1.0,7.3,-0.1,tp
2023-03-15,h062,11:56:00,short,15377.0,15376.0,11.0,2023-03-15 11:56:00,11:49:00,True,5,13,60.0,12.0,5.454545454545454,1.0909090909090908,tp
2023-03-16,h062,09:35:00,long,15285.0,15292.0,30.0,2023-03-16 09:35:00,09:30:00,True,34,79,13.0,142.0,0.43333333333333335,4.733333333333333,sl
2023-03-16,h062,11:42:00,short,15197.0,15189.0,14.0,2023-03-16 11:42:00,11:37:00,True,17,36,39.0,40.0,2.7857142857142856,2.857142857142857,tp
2023-03-16,h062,12:30:00,long,15163.0,15164.0,13.0,2023-03-16 12:30:00,12:23:00,True,12,17,65.0,10.0,5.0,0.7692307692307693,tp
2023-03-17,h062,10:59:00,long,15355.0,15357.0,17.0,2023-03-17 10:59:00,10:53:00,True,5,11,61.0,3.0,3.588235294117647,0.17647058823529413,tp
2023-03-17,h062,11:09:00,long,15376.0,15385.0,5.0,2023-03-17 11:09:00,11:07:00,True,63,98,33.0,14.0,6.6,2.8,tp
2023-03-17,h062,12:22:00,long,15397.0,15401.0,7.0,2023-03-17 12:22:00,12:21:00,True,50,53,17.0,17.0,2.4285714285714284,2.4285714285714284,tp
2023-03-17,h062,12:24:00,long,15413.0,15415.0,12.0,2023-03-17 12:24:00,12:23:00,True,14,34,3.0,31.0,0.25,2.5833333333333335,sl
2023-03-17,h062,13:27:00,long,15414.0,15415.0,12.0,2023-03-17 13:27:00,13:25:00,True,15,44,3.0,12.0,0.25,1.0,sl
2023-03-20,h062,11:31:00,short,15359.0,15358.0,16.0,2023-03-20 11:31:00,11:30:00,True,11,29,6.0,32.0,0.375,2.0,sl
2023-03-20,h062,12:42:00,long,15363.0,15366.0,8.0,2023-03-20 12:42:00,12:40:00,False,3,6,24.0,14.0,3.0,1.75,sl
2023-03-20,h062,13:08:00,long,15375.0,15376.0,8.0,2023-03-20 13:08:00,13:07:00,True,14,25,14.0,11.0,1.75,1.375,tp
2023-03-21,h062,10:01:00,long,15483.0,15504.0,17.0,2023-03-21 10:01:00,10:00:00,True,88,182,13.0,64.0,0.7647058823529411,3.764705882352941,sl
2023-03-21,h062,11:00:00,short,15475.0,15468.0,9.0,2023-03-21 11:00:00,10:59:00,True,17,33,28.0,7.0,3.111111111111111,0.7777777777777778,tp
2023-03-21,h062,11:10:00,long,15472.0,15474.0,14.0,2023-03-21 11:10:00,11:03:00,False,3,8,1.0,34.0,0.07142857142857142,2.4285714285714284,sl
2023-03-21,h062,12:54:00,short,15457.0,15455.0,6.0,2023-03-21 12:54:00,12:53:00,False,0,1,8.0,15.0,1.3333333333333333,2.5,tp
2023-03-21,h062,13:14:00,long,15455.0,15458.0,8.0,2023-03-21 13:14:00,13:00:00,False,2,7,12.0,7.0,1.5,0.875,tp
2023-03-21,h062,13:19:00,long,15467.0,15469.0,6.0,2023-03-21 13:19:00,13:17:00,True,5,8,1.0,18.0,0.16666666666666666,3.0,sl
2023-03-22,h062,10:33:00,short,15696.0,15688.0,7.0,2023-03-22 10:33:00,10:32:00,True,8,21,24.0,37.0,3.4285714285714284,5.285714285714286,tp
2023-03-22,h062,10:38:00,long,15684.0,15685.0,9.0,2023-03-22 10:38:00,10:35:00,True,5,10,40.0,21.0,4.444444444444445,2.3333333333333335,sl
2023-03-22,h062,11:43:00,long,15699.0,15705.0,7.0,2023-03-22 11:43:00,11:42:00,True,29,50,20.0,15.0,2.857142857142857,2.142857142857143,sl
2023-03-22,h062,11:48:00,short,15706.0,15703.0,4.0,2023-03-22 11:48:00,11:45:00,True,13,18,13.0,22.0,3.25,5.5,tp
2023-03-22,h062,12:30:00,short,15703.0,15702.0,9.0,2023-03-22 12:30:00,12:17:00,False,3,5,6.0,23.0,0.6666666666666666,2.5555555555555554,sl
2023-03-22,h062,12:54:00,long,15710.0,15712.0,6.0,2023-03-22 12:54:00,12:50:00,True,13,19,13.0,6.0,2.1666666666666665,1.0,tp
2023-03-22,h062,13:04:00,short,15715.0,15712.0,8.0,2023-03-22 13:04:00,13:02:00,True,10,28,6.0,13.0,0.75,1.625,sl
2023-03-23,h062,10:22:00,long,15753.0,15758.0,8.0,2023-03-23 10:22:00,10:21:00,True,13,43,108.0,1.0,13.5,0.125,tp
2023-03-23,h062,11:45:00,long,15814.0,15818.0,10.0,2023-03-23 11:45:00,11:44:00,False,2,6,22.0,30.0,2.2,3.0,sl
2023-03-23,h062,12:08:00,short,15805.0,15803.0,15.0,2023-03-23 12:08:00,11:54:00,True,7,11,15.0,37.0,1.0,2.466666666666667,tp
2023-03-23,h062,12:15:00,long,15802.0,15804.0,12.0,2023-03-23 12:15:00,12:09:00,True,11,28,36.0,9.0,3.0,0.75,tp
2023-03-23,h062,13:01:00,short,15822.0,15817.0,8.0,2023-03-23 13:01:00,13:00:00,False,3,7,10.0,23.0,1.25,2.875,tp
2023-03-24,h062,10:33:00,short,15834.0,15833.0,18.0,2023-03-24 10:33:00,10:28:00,False,0,4,11.0,90.0,0.6111111111111112,5.0,sl
2023-03-24,h062,11:21:00,short,15869.0,15866.0,12.0,2023-03-24 11:21:00,11:18:00,False,0,4,5.0,57.0,0.4166666666666667,4.75,sl
2023-03-24,h062,12:24:00,long,15891.0,15892.0,7.0,2023-03-24 12:24:00,12:21:00,False,0,3,31.0,18.0,4.428571428571429,2.5714285714285716,sl
2023-03-24,h062,13:04:00,long,15888.0,15891.0,9.0,2023-03-24 13:04:00,13:03:00,True,6,17,32.0,2.0,3.5555555555555554,0.2222222222222222,tp
2023-03-24,h062,13:16:00,short,15904.0,15901.0,9.0,2023-03-24 13:16:00,13:15:00,True,30,47,5.0,22.0,0.5555555555555556,2.4444444444444446,sl
2023-03-27,h062,10:01:00,long,15807.0,15812.0,14.0,2023-03-27 10:01:00,09:59:00,True,13,30,81.0,10.0,5.785714285714286,0.7142857142857143,tp
2023-03-27,h062,10:58:00,long,15833.0,15836.0,8.0,2023-03-27 10:58:00,10:51:00,True,39,50,57.0,20.0,7.125,2.5,tp
2023-03-27,h062,11:05:00,short,15836.0,15835.0,12.0,2023-03-27 11:05:00,10:59:00,True,10,18,19.0,58.0,1.5833333333333333,4.833333333333333,tp
2023-03-27,h062,11:38:00,long,15855.0,15858.0,12.0,2023-03-27 11:38:00,11:36:00,True,19,33,35.0,42.0,2.9166666666666665,3.5,tp
2023-03-27,h062,11:50:00,short,15881.0,15877.0,12.0,2023-03-27 11:50:00,11:48:00,True,7,16,61.0,7.0,5.083333333333333,0.5833333333333334,tp
2023-03-27,h062,12:51:00,short,15833.0,15832.0,9.0,2023-03-27 12:51:00,12:45:00,True,7,11,16.0,19.0,1.7777777777777777,2.111111111111111,sl
2023-03-27,h062,13:26:00,short,15826.0,15820.0,13.0,2023-03-27 13:26:00,13:25:00,True,16,40,3.0,12.0,0.23076923076923078,0.9230769230769231,timeout
2023-03-28,h062,11:09:00,long,15702.0,15710.0,13.0,2023-03-28 11:09:00,11:08:00,True,23,54,3.0,55.0,0.23076923076923078,4.230769230769231,sl
2023-03-28,h062,12:03:00,long,15684.0,15685.0,5.0,2023-03-28 12:03:00,12:02:00,True,5,6,8.0,30.0,1.6,6.0,sl
2023-03-28,h062,12:07:00,short,15672.0,15666.0,7.0,2023-03-28 12:07:00,12:06:00,True,21,29,11.0,27.0,1.5714285714285714,3.857142857142857,sl
2023-03-28,h062,12:15:00,long,15669.0,15670.0,13.0,2023-03-28 12:15:00,12:13:00,True,7,13,23.0,15.0,1.7692307692307692,1.1538461538461537,tp
2023-03-28,h062,12:45:00,short,15669.0,15668.0,10.0,2023-03-28 12:45:00,12:44:00,False,4,7,13.0,25.0,1.3,2.5,sl
2023-03-28,h062,12:55:00,short,15678.0,15674.0,7.0,2023-03-28 12:55:00,12:54:00,False,4,6,19.0,19.0,2.7142857142857144,2.7142857142857144,tp
2023-03-28,h062,13:02:00,long,15661.0,15662.0,6.0,2023-03-28 13:02:00,13:01:00,True,5,11,31.0,0.0,5.166666666666667,0.0,tp
2023-03-29,h062,10:35:00,short,15715.0,15713.0,7.0,2023-03-29 10:35:00,10:32:00,True,8,26,60.0,30.0,8.571428571428571,4.285714285714286,tp
2023-03-29,h062,11:23:00,short,15683.0,15678.0,9.0,2023-03-29 11:23:00,11:21:00,True,6,18,25.0,65.0,2.7777777777777777,7.222222222222222,tp
2023-03-29,h062,11:39:00,long,15678.0,15679.0,25.0,2023-03-29 11:39:00,11:24:00,False,4,8,64.0,6.0,2.56,0.24,tp
2023-03-29,h062,12:21:00,long,15695.0,15697.0,10.0,2023-03-29 12:21:00,11:56:00,True,14,22,46.0,1.0,4.6,0.1,tp
2023-03-29,h062,13:01:00,long,15729.0,15731.0,5.0,2023-03-29 13:01:00,12:59:00,True,13,23,12.0,12.0,2.4,2.4,sl
2023-03-30,h062,10:31:00,long,15840.0,15859.0,9.0,2023-03-30 10:31:00,10:30:00,True,115,179,3.0,98.0,0.3333333333333333,10.88888888888889,sl
2023-03-30,h062,10:46:00,short,15793.0,15785.0,22.0,2023-03-30 10:46:00,10:45:00,True,34,77,24.0,54.0,1.0909090909090908,2.4545454545454546,tp
2023-03-30,h062,12:27:00,short,15829.0,15828.0,7.0,2023-03-30 12:27:00,12:24:00,False,0,4,19.0,6.0,2.7142857142857144,0.8571428571428571,tp
2023-03-31,h062,09:16:00,long,15926.0,15930.0,16.0,2023-03-31 09:16:00,09:15:00,True,31,63,35.0,70.0,2.1875,4.375,tp
2023-03-31,h062,10:09:00,short,15913.0,15905.0,14.0,2023-03-31 10:09:00,10:03:00,True,66,84,45.0,16.0,3.2142857142857144,1.1428571428571428,sl
2023-03-31,h062,10:35:00,short,15890.0,15881.0,14.0,2023-03-31 10:35:00,10:34:00,True,33,71,21.0,17.0,1.5,1.2142857142857142,sl
2023-03-31,h062,11:16:00,long,15869.0,15873.0,8.0,2023-03-31 11:16:00,11:15:00,False,4,12,25.0,13.0,3.125,1.625,tp
2023-03-31,h062,11:24:00,short,15868.0,15867.0,16.0,2023-03-31 11:24:00,11:17:00,False,4,5,7.0,31.0,0.4375,1.9375,sl
2023-03-31,h062,13:17:00,short,15871.0,15869.0,8.0,2023-03-31 13:17:00,13:06:00,True,13,21,8.0,5.0,1.0,0.625,tp
2023-04-06,h062,11:39:00,long,15781.0,15784.0,4.0,2023-04-06 11:39:00,11:35:00,False,3,8,2.0,24.0,0.5,6.0,sl
2023-04-06,h062,12:14:00,short,15769.0,15766.0,5.0,2023-04-06 12:14:00,12:12:00,False,3,7,6.0,17.0,1.2,3.4,sl
2023-04-06,h062,12:52:00,long,15782.0,15783.0,5.0,2023-04-06 12:52:00,12:50:00,False,0,3,0.0,23.0,0.0,4.6,sl
2023-04-07,h062,10:28:00,short,15827.0,15822.0,15.0,2023-04-07 10:28:00,10:27:00,True,22,44,26.0,13.0,1.7333333333333334,0.8666666666666667,tp
2023-04-07,h062,10:31:00,short,15818.0,15812.0,7.0,2023-04-07 10:31:00,10:30:00,True,24,50,16.0,23.0,2.2857142857142856,3.2857142857142856,sl
2023-04-07,h062,12:05:00,short,15829.0,15828.0,5.0,2023-04-07 12:05:00,11:58:00,False,0,4,26.0,5.0,5.2,1.0,tp
2023-04-07,h062,12:13:00,long,15829.0,15832.0,9.0,2023-04-07 12:13:00,12:10:00,False,0,4,1.0,30.0,0.1111111111111111,3.3333333333333335,sl
2023-04-07,h062,12:44:00,short,15815.0,15812.0,12.0,2023-04-07 12:44:00,12:29:00,True,11,12,10.0,19.0,0.8333333333333334,1.5833333333333333,sl
2023-04-07,h062,12:46:00,long,15814.0,15815.0,12.0,2023-04-07 12:46:00,12:45:00,False,3,9,16.0,1.0,1.3333333333333333,0.08333333333333333,tp
2023-04-07,h062,12:54:00,short,15820.0,15818.0,4.0,2023-04-07 12:54:00,12:50:00,False,0,3,4.0,13.0,1.0,3.25,tp
2023-04-10,h062,09:25:00,short,15856.0,15854.0,28.0,2023-04-10 09:25:00,09:20:00,True,31,99,26.0,30.0,0.9285714285714286,1.0714285714285714,sl
2023-04-10,h062,10:02:00,short,15839.0,15833.0,14.0,2023-04-10 10:02:00,10:01:00,True,18,36,5.0,51.0,0.35714285714285715,3.642857142857143,sl
2023-04-10,h062,10:55:00,short,15868.0,15867.0,6.0,2023-04-10 10:55:00,10:52:00,False,0,4,19.0,17.0,3.1666666666666665,2.8333333333333335,sl
2023-04-10,h062,11:20:00,short,15874.0,15873.0,6.0,2023-04-10 11:20:00,11:19:00,False,0,2,25.0,11.0,4.166666666666667,1.8333333333333333,sl
2023-04-10,h062,12:02:00,short,15862.0,15860.0,6.0,2023-04-10 12:02:00,12:01:00,False,4,10,12.0,12.0,2.0,2.0,sl
2023-04-10,h062,12:16:00,long,15863.0,15864.0,6.0,2023-04-10 12:16:00,12:03:00,False,0,1,8.0,16.0,1.3333333333333333,2.6666666666666665,tp
2023-04-10,h062,12:29:00,short,15864.0,15862.0,5.0,2023-04-10 12:29:00,12:26:00,True,7,10,14.0,10.0,2.8,2.0,sl
2023-04-10,h062,13:05:00,short,15858.0,15857.0,6.0,2023-04-10 13:05:00,13:03:00,True,5,11,9.0,15.0,1.5,2.5,sl
2023-04-11,h062,09:38:00,long,15911.0,15923.0,24.0,2023-04-11 09:38:00,09:37:00,True,33,100,40.0,21.0,1.6666666666666667,0.875,tp
2023-04-11,h062,09:48:00,short,15922.0,15917.0,24.0,2023-04-11 09:48:00,09:39:00,True,12,31,15.0,46.0,0.625,1.9166666666666667,sl
2023-04-11,h062,11:02:00,short,15940.0,15937.0,10.0,2023-04-11 11:02:00,11:01:00,False,0,1,35.0,26.0,3.5,2.6,sl
2023-04-11,h062,11:24:00,long,15959.0,15961.0,9.0,2023-04-11 11:24:00,11:22:00,True,13,28,0.0,59.0,0.0,6.555555555555555,sl
2023-04-11,h062,11:58:00,short,15924.0,15923.0,7.0,2023-04-11 11:58:00,11:55:00,False,0,1,21.0,5.0,3.0,0.7142857142857143,tp
2023-04-11,h062,12:01:00,long,15926.0,15927.0,8.0,2023-04-11 12:01:00,11:59:00,True,6,8,1.0,25.0,0.125,3.125,sl
2023-04-11,h062,12:37:00,short,15907.0,15906.0,8.0,2023-04-11 12:37:00,12:23:00,True,12,18,4.0,22.0,0.5,2.75,sl
2023-04-12,h062,09:29:00,short,15895.0,15890.0,16.0,2023-04-12 09:29:00,09:26:00,True,5,15,24.0,49.0,1.5,3.0625,tp
2023-04-12,h062,09:44:00,long,15885.0,15888.0,10.0,2023-04-12 09:44:00,09:38:00,True,10,30,51.0,8.0,5.1,0.8,tp
2023-04-12,h062,10:15:00,long,15903.0,15905.0,7.0,2023-04-12 10:15:00,10:12:00,True,11,32,34.0,19.0,4.857142857142857,2.7142857142857144,sl
2023-04-12,h062,10:41:00,short,15914.0,15913.0,4.0,2023-04-12 10:41:00,10:37:00,True,6,9,10.0,26.0,2.5,6.5,sl
2023-04-12,h062,11:13:00,long,15924.0,15925.0,5.0,2023-04-12 11:13:00,11:11:00,True,25,34,14.0,8.0,2.8,1.6,sl
2023-04-12,h062,12:00:00,short,15932.0,15930.0,3.0,2023-04-12 12:00:00,11:58:00,False,0,3,12.0,9.0,4.0,3.0,tp
2023-04-12,h062,12:14:00,long,15923.0,15925.0,5.0,2023-04-12 12:14:00,12:09:00,False,0,3,14.0,7.0,2.8,1.4,sl
2023-04-12,h062,12:41:00,long,15929.0,15931.0,4.0,2023-04-12 12:41:00,12:40:00,True,10,18,8.0,12.0,2.0,3.0,sl
2023-04-12,h062,13:03:00,long,15935.0,15936.0,8.0,2023-04-12 13:03:00,13:02:00,True,9,15,3.0,17.0,0.375,2.125,sl
2023-04-13,h062,10:40:00,short,15897.0,15893.0,6.0,2023-04-13 10:40:00,10:39:00,True,8,12,85.0,7.0,14.166666666666666,1.1666666666666667,sl
2023-04-13,h062,11:08:00,short,15859.0,15858.0,7.0,2023-04-13 11:08:00,11:07:00,True,9,21,50.0,22.0,7.142857142857143,3.142857142857143,tp
2023-04-13,h062,11:14:00,long,15858.0,15859.0,11.0,2023-04-13 11:14:00,11:09:00,True,9,17,21.0,51.0,1.9090909090909092,4.636363636363637,tp
2023-04-13,h062,11:52:00,long,15855.0,15856.0,6.0,2023-04-13 11:52:00,11:50:00,True,6,7,1.0,48.0,0.16666666666666666,8.0,sl
2023-04-13,h062,12:11:00,long,15845.0,15846.0,6.0,2023-04-13 12:11:00,12:06:00,True,6,9,5.0,38.0,0.8333333333333334,6.333333333333333,sl
2023-04-13,h062,12:49:00,short,15830.0,15828.0,7.0,2023-04-13 12:49:00,12:46:00,True,19,32,20.0,8.0,2.857142857142857,1.1428571428571428,sl
2023-04-13,h062,12:57:00,short,15820.0,15819.0,10.0,2023-04-13 12:57:00,12:54:00,True,10,16,11.0,17.0,1.1,1.7,sl
2023-04-14,h062,09:39:00,short,15902.0,15896.0,13.0,2023-04-14 09:39:00,09:38:00,True,8,21,40.0,99.0,3.076923076923077,7.615384615384615,tp
2023-04-14,h062,10:39:00,long,15914.0,15917.0,12.0,2023-04-14 10:39:00,10:38:00,True,41,66,78.0,19.0,6.5,1.5833333333333333,sl
2023-04-14,h062,11:16:00,long,15948.0,15949.0,14.0,2023-04-14 11:16:00,11:15:00,True,21,63,46.0,9.0,3.2857142857142856,0.6428571428571429,tp
2023-04-14,h062,12:20:00,long,15988.0,15989.0,8.0,2023-04-14 12:20:00,12:19:00,True,14,40,6.0,49.0,0.75,6.125,sl
2023-04-14,h062,12:35:00,short,15988.0,15986.0,7.0,2023-04-14 12:35:00,12:31:00,True,6,13,46.0,0.0,6.571428571428571,0.0,tp
2023-04-14,h062,13:18:00,short,15966.0,15963.0,8.0,2023-04-14 13:18:00,13:17:00,True,12,22,23.0,5.0,2.875,0.625,tp
2023-04-17,h062,10:22:00,short,15927.0,15924.0,8.0,2023-04-17 10:22:00,10:19:00,False,4,7,19.0,50.0,2.375,6.25,sl
2023-04-17,h062,11:35:00,short,15932.0,15931.0,9.0,2023-04-17 11:35:00,11:18:00,False,0,2,26.0,43.0,2.888888888888889,4.777777777777778,tp
2023-04-17,h062,12:02:00,short,15923.0,15920.0,4.0,2023-04-17 12:02:00,11:56:00,True,20,22,15.0,54.0,3.75,13.5,sl
2023-04-17,h062,12:16:00,long,15912.0,15918.0,7.0,2023-04-17 12:16:00,12:15:00,True,6,14,56.0,3.0,8.0,0.42857142857142855,tp
2023-04-17,h062,13:09:00,short,15929.0,15928.0,3.0,2023-04-17 13:09:00,13:06:00,False,2,5,2.0,46.0,0.6666666666666666,15.333333333333334,sl
2023-04-17,h062,13:26:00,long,15934.0,15937.0,6.0,2023-04-17 13:26:00,13:25:00,True,10,17,37.0,0.0,6.166666666666667,0.0,tp
2023-04-18,h062,09:26:00,long,15902.0,15904.0,18.0,2023-04-18 09:26:00,09:11:00,False,4,9,59.0,42.0,3.2777777777777777,2.3333333333333335,tp
2023-04-18,h062,09:44:00,short,15928.0,15925.0,11.0,2023-04-18 09:44:00,09:43:00,True,13,26,63.0,38.0,5.7272727272727275,3.4545454545454546,sl
2023-04-18,h062,10:57:00,long,15948.0,15950.0,12.0,2023-04-18 10:57:00,10:37:00,True,19,39,13.0,88.0,1.0833333333333333,7.333333333333333,tp
2023-04-18,h062,11:02:00,long,15958.0,15960.0,6.0,2023-04-18 11:02:00,11:00:00,True,9,17,3.0,98.0,0.5,16.333333333333332,sl
2023-04-18,h062,11:48:00,short,15917.0,15915.0,9.0,2023-04-18 11:48:00,11:45:00,False,3,7,53.0,4.0,5.888888888888889,0.4444444444444444,tp
2023-04-18,h062,12:13:00,short,15906.0,15904.0,8.0,2023-04-18 12:13:00,12:10:00,True,8,14,42.0,2.0,5.25,0.25,tp
2023-04-18,h062,12:22:00,short,15887.0,15883.0,8.0,2023-04-18 12:22:00,12:21:00,True,63,95,21.0,13.0,2.625,1.625,sl
2023-04-18,h062,12:49:00,long,15867.0,15869.0,5.0,2023-04-18 12:49:00,12:45:00,True,11,13,27.0,2.0,5.4,0.4,tp
2023-04-18,h062,13:20:00,long,15885.0,15887.0,10.0,2023-04-18 13:20:00,13:10:00,True,13,21,9.0,7.0,0.9,0.7,timeout
2023-04-18,h062,13:26:00,short,15889.0,15888.0,6.0,2023-04-18 13:26:00,13:25:00,True,15,23,8.0,7.0,1.3333333333333333,1.1666666666666667,tp
2023-04-19,h062,10:02:00,short,15871.0,15870.0,8.0,2023-04-19 10:02:00,09:59:00,True,14,31,102.0,0.0,12.75,0.0,tp
2023-04-19,h062,10:07:00,short,15857.0,15853.0,10.0,2023-04-19 10:07:00,10:04:00,True,10,21,85.0,14.0,8.5,1.4,tp
2023-04-19,h062,10:55:00,short,15837.0,15828.0,7.0,2023-04-19 10:55:00,10:54:00,True,45,64,60.0,14.0,8.571428571428571,2.0,tp
2023-04-19,h062,11:04:00,long,15824.0,15825.0,9.0,2023-04-19 11:04:00,11:02:00,True,14,24,17.0,57.0,1.8888888888888888,6.333333333333333,tp
2023-04-19,h062,12:02:00,short,15820.0,15813.0,5.0,2023-04-19 12:02:00,11:52:00,True,28,49,45.0,10.0,9.0,2.0,sl
2023-04-19,h062,12:26:00,long,15814.0,15815.0,9.0,2023-04-19 12:26:00,12:20:00,False,0,4,3.0,47.0,0.3333333333333333,5.222222222222222,sl
2023-04-19,h062,12:33:00,short,15802.0,15801.0,10.0,2023-04-19 12:33:00,12:32:00,True,13,26,33.0,1.0,3.3,0.1,tp
2023-04-19,h062,13:01:00,long,15784.0,15785.0,16.0,2023-04-19 13:01:00,13:00:00,True,21,62,17.0,8.0,1.0625,0.5,tp
2023-04-20,h062,09:17:00,long,15721.0,15723.0,17.0,2023-04-20 09:17:00,09:15:00,True,11,38,75.0,41.0,4.411764705882353,2.411764705882353,sl
2023-04-20,h062,11:08:00,short,15698.0,15690.0,21.0,2023-04-20 11:08:00,11:07:00,True,29,82,2.0,69.0,0.09523809523809523,3.2857142857142856,sl
2023-04-20,h062,12:44:00,short,15736.0,15728.0,8.0,2023-04-20 12:44:00,12:42:00,True,8,13,16.0,17.0,2.0,2.125,tp
2023-04-21,h062,10:16:00,long,15685.0,15690.0,14.0,2023-04-21 10:16:00,10:15:00,True,10,30,6.0,88.0,0.42857142857142855,6.285714285714286,sl
2023-04-21,h062,11:07:00,long,15669.0,15676.0,11.0,2023-04-21 11:07:00,11:06:00,True,24,54,20.0,74.0,1.8181818181818181,6.7272727272727275,tp
2023-04-21,h062,12:04:00,short,15668.0,15663.0,6.0,2023-04-21 12:04:00,12:02:00,True,9,14,61.0,4.0,10.166666666666666,0.6666666666666666,tp
2023-04-21,h062,12:13:00,short,15661.0,15658.0,6.0,2023-04-21 12:13:00,12:05:00,True,10,18,56.0,5.0,9.333333333333334,0.8333333333333334,tp
2023-04-21,h062,12:35:00,short,15633.0,15630.0,12.0,2023-04-21 12:35:00,12:24:00,True,5,14,28.0,10.0,2.3333333333333335,0.8333333333333334,tp
2023-04-21,h062,12:47:00,long,15637.0,15638.0,17.0,2023-04-21 12:47:00,12:36:00,True,13,25,1.0,36.0,0.058823529411764705,2.1176470588235294,sl
2023-04-21,h062,13:01:00,short,15613.0,15607.0,8.0,2023-04-21 13:01:00,12:58:00,True,14,32,5.0,21.0,0.625,2.625,sl
2023-04-24,h062,09:15:00,long,15593.0,15601.0,18.0,2023-04-24 09:15:00,09:12:00,True,16,37,54.0,7.0,3.0,0.3888888888888889,tp
2023-04-24,h062,09:37:00,long,15633.0,15642.0,17.0,2023-04-24 09:37:00,09:35:00,True,33,62,13.0,48.0,0.7647058823529411,2.823529411764706,sl
2023-04-24,h062,10:10:00,short,15637.0,15636.0,13.0,2023-04-24 10:10:00,10:09:00,True,8,24,42.0,19.0,3.230769230769231,1.4615384615384615,sl
2023-04-24,h062,12:02:00,short,15606.0,15602.0,10.0,2023-04-24 12:02:00,12:01:00,False,4,8,3.0,30.0,0.3,3.0,sl
2023-04-24,h062,12:24:00,short,15615.0,15612.0,8.0,2023-04-24 12:24:00,12:21:00,False,0,3,6.0,20.0,0.75,2.5,sl
2023-04-24,h062,12:46:00,short,15618.0,15616.0,4.0,2023-04-24 12:46:00,12:44:00,False,0,3,10.0,16.0,2.5,4.0,tp
2023-04-24,h062,12:56:00,short,15621.0,15620.0,5.0,2023-04-24 12:56:00,12:55:00,False,0,2,14.0,12.0,2.8,2.4,tp
2023-04-24,h062,13:06:00,long,15617.0,15619.0,11.0,2023-04-24 13:06:00,13:03:00,True,10,12,13.0,7.0,1.1818181818181819,0.6363636363636364,tp
2023-04-25,h062,12:04:00,long,15412.0,15415.0,11.0,2023-04-25 12:04:00,12:02:00,True,16,23,18.0,46.0,1.6363636363636365,4.181818181818182,sl
2023-04-25,h062,12:23:00,short,15410.0,15405.0,23.0,2023-04-25 12:23:00,12:15:00,True,5,12,36.0,5.0,1.565217391304348,0.21739130434782608,tp
2023-04-26,h062,10:37:00,long,15385.0,15388.0,19.0,2023-04-26 10:37:00,10:36:00,True,31,47,11.0,61.0,0.5789473684210527,3.210526315789474,sl
2023-04-26,h062,11:53:00,short,15352.0,15351.0,11.0,2023-04-26 11:53:00,11:47:00,True,5,6,24.0,47.0,2.1818181818181817,4.2727272727272725,tp
2023-04-26,h062,12:02:00,short,15331.0,15330.0,7.0,2023-04-26 12:02:00,11:59:00,True,6,10,3.0,68.0,0.42857142857142855,9.714285714285714,sl
2023-04-26,h062,12:32:00,long,15357.0,15358.0,10.0,2023-04-26 12:32:00,12:31:00,True,7,21,40.0,11.0,4.0,1.1,sl
2023-04-27,h062,09:35:00,long,15366.0,15371.0,18.0,2023-04-27 09:35:00,09:34:00,True,25,74,90.0,7.0,5.0,0.3888888888888889,tp
2023-04-27,h062,10:09:00,long,15418.0,15422.0,21.0,2023-04-27 10:09:00,10:08:00,True,27,74,39.0,40.0,1.8571428571428572,1.9047619047619047,tp
2023-04-27,h062,10:56:00,short,15416.0,15412.0,14.0,2023-04-27 10:56:00,10:54:00,True,8,22,30.0,21.0,2.142857142857143,1.5,sl
2023-04-27,h062,11:04:00,long,15418.0,15420.0,15.0,2023-04-27 11:04:00,11:01:00,True,7,10,13.0,38.0,0.8666666666666667,2.533333333333333,sl
2023-04-27,h062,11:47:00,short,15406.0,15403.0,6.0,2023-04-27 11:47:00,11:45:00,True,39,48,21.0,30.0,3.5,5.0,sl
2023-04-27,h062,13:03:00,short,15417.0,15416.0,7.0,2023-04-27 13:03:00,13:01:00,False,2,5,34.0,11.0,4.857142857142857,1.5714285714285714,tp
2023-04-27,h062,13:06:00,short,15409.0,15406.0,9.0,2023-04-27 13:06:00,13:04:00,True,8,14,24.0,21.0,2.6666666666666665,2.3333333333333335,tp
2023-04-27,h062,13:16:00,short,15397.0,15392.0,11.0,2023-04-27 13:16:00,13:15:00,True,15,25,10.0,35.0,0.9090909090909091,3.1818181818181817,sl
2023-04-28,h062,11:07:00,short,15503.0,15502.0,12.0,2023-04-28 11:07:00,11:06:00,True,25,43,2.0,73.0,0.16666666666666666,6.083333333333333,sl
2023-04-28,h062,12:01:00,long,15520.0,15521.0,9.0,2023-04-28 12:01:00,12:00:00,True,9,19,54.0,5.0,6.0,0.5555555555555556,tp
2023-04-28,h062,12:24:00,long,15538.0,15539.0,8.0,2023-04-28 12:24:00,12:16:00,True,5,9,36.0,15.0,4.5,1.875,sl
2023-04-28,h062,13:09:00,long,15545.0,15546.0,6.0,2023-04-28 13:09:00,13:03:00,True,8,20,29.0,5.0,4.833333333333333,0.8333333333333334,tp
2023-04-28,h062,13:26:00,long,15558.0,15564.0,13.0,2023-04-28 13:26:00,13:25:00,True,15,37,11.0,6.0,0.8461538461538461,0.46153846153846156,timeout
2023-05-02,h062,09:29:00,short,15628.0,15627.0,18.0,2023-05-02 09:29:00,09:27:00,True,13,51,31.0,45.0,1.7222222222222223,2.5,sl
2023-05-02,h062,11:20:00,short,15654.0,15651.0,6.0,2023-05-02 11:20:00,11:18:00,True,21,29,31.0,2.0,5.166666666666667,0.3333333333333333,tp
2023-05-02,h062,13:20:00,long,15627.0,15628.0,7.0,2023-05-02 13:20:00,13:15:00,False,4,7,16.0,6.0,2.2857142857142856,0.8571428571428571,tp
2023-05-03,h062,09:42:00,long,15577.0,15579.0,14.0,2023-05-03 09:42:00,09:41:00,True,19,49,16.0,56.0,1.1428571428571428,4.0,sl
2023-05-03,h062,11:01:00,short,15556.0,15555.0,7.0,2023-05-03 11:01:00,10:59:00,True,13,22,32.0,23.0,4.571428571428571,3.2857142857142856,sl
2023-05-03,h062,11:14:00,long,15553.0,15556.0,8.0,2023-05-03 11:14:00,11:13:00,True,10,14,22.0,33.0,2.75,4.125,sl
2023-05-03,h062,11:26:00,long,15531.0,15534.0,8.0,2023-05-03 11:26:00,11:22:00,True,7,17,44.0,1.0,5.5,0.125,tp
2023-05-03,h062,12:53:00,long,15569.0,15572.0,5.0,2023-05-03 12:53:00,12:39:00,True,25,37,6.0,26.0,1.2,5.2,sl
2023-05-03,h062,13:03:00,long,15570.0,15575.0,11.0,2023-05-03 13:03:00,13:00:00,True,5,18,3.0,29.0,0.2727272727272727,2.6363636363636362,sl
2023-05-04,h062,10:05:00,long,15568.0,15577.0,11.0,2023-05-04 10:05:00,10:01:00,True,21,49,42.0,21.0,3.8181818181818183,1.9090909090909092,sl
2023-05-04,h062,11:12:00,short,15572.0,15568.0,6.0,2023-05-04 11:12:00,11:08:00,True,5,7,8.0,51.0,1.3333333333333333,8.5,tp
2023-05-04,h062,11:15:00,long,15566.0,15569.0,6.0,2023-05-04 11:15:00,11:14:00,True,10,25,50.0,1.0,8.333333333333334,0.16666666666666666,tp
2023-05-04,h062,11:28:00,short,15578.0,15576.0,6.0,2023-05-04 11:28:00,11:26:00,False,0,2,0.0,43.0,0.0,7.166666666666667,sl
2023-05-04,h062,11:31:00,long,15589.0,15595.0,12.0,2023-05-04 11:31:00,11:30:00,True,26,54,24.0,14.0,2.0,1.1666666666666667,sl
2023-05-04,h062,12:39:00,long,15604.0,15606.0,6.0,2023-05-04 12:39:00,12:36:00,True,10,15,13.0,10.0,2.1666666666666665,1.6666666666666667,sl
2023-05-04,h062,13:25:00,short,15608.0,15607.0,11.0,2023-05-04 13:25:00,13:14:00,True,6,8,6.0,5.0,0.5454545454545454,0.45454545454545453,timeout
2023-05-05,h062,09:53:00,short,15617.0,15611.0,21.0,2023-05-05 09:53:00,09:47:00,True,30,72,35.0,40.0,1.6666666666666667,1.9047619047619047,sl
2023-05-05,h062,10:14:00,long,15604.0,15606.0,14.0,2023-05-05 10:14:00,10:10:00,False,3,9,45.0,30.0,3.2142857142857144,2.142857142857143,tp
2023-05-05,h062,11:47:00,short,15624.0,15623.0,6.0,2023-05-05 11:47:00,11:45:00,False,0,4,3.0,28.0,0.5,4.666666666666667,sl
2023-05-05,h062,12:28:00,long,15626.0,15627.0,6.0,2023-05-05 12:28:00,12:17:00,False,0,1,24.0,1.0,4.0,0.16666666666666666,tp
2023-05-05,h062,12:33:00,short,15631.0,15627.0,3.0,2023-05-05 12:33:00,12:31:00,False,0,0,1.0,24.0,0.3333333333333333,8.0,sl
2023-05-05,h062,13:03:00,long,15643.0,15644.0,10.0,2023-05-05 13:03:00,12:56:00,True,13,22,7.0,7.0,0.7,0.7,timeout
2023-05-08,h062,09:31:00,long,15760.0,15762.0,16.0,2023-05-08 09:31:00,09:30:00,True,89,145,14.0,58.0,0.875,3.625,sl
2023-05-08,h062,10:23:00,long,15721.0,15724.0,13.0,2023-05-08 10:23:00,10:22:00,True,13,38,27.0,20.0,2.076923076923077,1.5384615384615385,tp
2023-05-08,h062,12:17:00,long,15735.0,15737.0,6.0,2023-05-08 12:17:00,12:15:00,True,5,10,7.0,33.0,1.1666666666666667,5.5,sl
2023-05-08,h062,13:22:00,long,15712.0,15714.0,8.0,2023-05-08 13:22:00,13:21:00,True,5,10,12.0,1.0,1.5,0.125,tp
2023-05-09,h062,09:40:00,short,15694.0,15692.0,10.0,2023-05-09 09:40:00,09:36:00,True,14,34,40.0,47.0,4.0,4.7,tp
2023-05-09,h062,10:46:00,long,15709.0,15715.0,17.0,2023-05-09 10:46:00,10:45:00,True,35,71,24.0,22.0,1.411764705882353,1.2941176470588236,sl
2023-05-09,h062,11:45:00,long,15719.0,15725.0,7.0,2023-05-09 11:45:00,11:44:00,True,17,55,14.0,9.0,2.0,1.2857142857142858,sl
2023-05-09,h062,12:45:00,long,15728.0,15729.0,5.0,2023-05-09 12:45:00,12:44:00,False,0,3,10.0,12.0,2.0,2.4,tp
2023-05-09,h062,13:09:00,short,15718.0,15717.0,8.0,2023-05-09 13:09:00,13:08:00,False,4,9,0.0,22.0,0.0,2.75,sl
2023-05-09,h062,13:13:00,long,15726.0,15727.0,9.0,2023-05-09 13:13:00,13:10:00,True,5,12,12.0,2.0,1.3333333333333333,0.2222222222222222,tp
2023-05-10,h062,09:43:00,short,15646.0,15644.0,13.0,2023-05-10 09:43:00,09:42:00,True,18,55,63.0,1.0,4.846153846153846,0.07692307692307693,tp
2023-05-10,h062,09:49:00,short,15632.0,15622.0,12.0,2023-05-10 09:49:00,09:45:00,True,26,73,41.0,15.0,3.4166666666666665,1.25,sl
2023-05-10,h062,10:51:00,short,15598.0,15595.0,9.0,2023-05-10 10:51:00,10:48:00,True,26,37,14.0,37.0,1.5555555555555556,4.111111111111111,tp
2023-05-10,h062,12:01:00,short,15603.0,15601.0,9.0,2023-05-10 12:01:00,11:56:00,False,4,7,20.0,31.0,2.2222222222222223,3.4444444444444446,tp
2023-05-10,h062,12:11:00,short,15592.0,15591.0,9.0,2023-05-10 12:11:00,12:05:00,False,0,4,10.0,41.0,1.1111111111111112,4.555555555555555,tp
2023-05-10,h062,12:15:00,long,15591.0,15593.0,6.0,2023-05-10 12:15:00,12:12:00,False,3,8,39.0,12.0,6.5,2.0,sl
2023-05-10,h062,12:29:00,long,15588.0,15589.0,7.0,2023-05-10 12:29:00,12:27:00,True,6,16,43.0,3.0,6.142857142857143,0.42857142857142855,tp
2023-05-10,h062,13:02:00,long,15624.0,15626.0,7.0,2023-05-10 13:02:00,13:00:00,True,15,24,6.0,20.0,0.8571428571428571,2.857142857142857,sl
2023-05-11,h062,09:59:00,short,15571.0,15565.0,22.0,2023-05-11 09:59:00,09:51:00,True,27,68,48.0,30.0,2.1818181818181817,1.3636363636363635,sl
2023-05-11,h062,10:29:00,short,15545.0,15541.0,12.0,2023-05-11 10:29:00,10:28:00,True,18,62,24.0,52.0,2.0,4.333333333333333,sl
2023-05-11,h062,11:03:00,long,15577.0,15579.0,15.0,2023-05-11 11:03:00,11:01:00,True,13,23,14.0,62.0,0.9333333333333333,4.133333333333334,sl
2023-05-11,h062,12:08:00,short,15543.0,15540.0,10.0,2023-05-11 12:08:00,12:06:00,True,9,18,23.0,13.0,2.3,1.3,sl
2023-05-11,h062,12:48:00,short,15531.0,15530.0,5.0,2023-05-11 12:48:00,12:46:00,True,15,31,13.0,16.0,2.6,3.2,tp
2023-05-12,h062,11:10:00,long,15491.0,15494.0,8.0,2023-05-12 11:10:00,11:05:00,True,9,17,65.0,1.0,8.125,0.125,tp
2023-05-12,h062,11:14:00,long,15503.0,15505.0,8.0,2023-05-12 11:14:00,11:12:00,True,28,53,54.0,11.0,6.75,1.375,sl
2023-05-12,h062,12:05:00,short,15515.0,15514.0,6.0,2023-05-12 12:05:00,12:03:00,True,12,24,11.0,45.0,1.8333333333333333,7.5,sl
2023-05-12,h062,12:14:00,short,15521.0,15519.0,6.0,2023-05-12 12:14:00,12:11:00,False,0,1,16.0,40.0,2.6666666666666665,6.666666666666667,sl
2023-05-12,h062,12:21:00,long,15535.0,15540.0,8.0,2023-05-12 12:21:00,12:18:00,True,10,23,19.0,37.0,2.375,4.625,tp
2023-05-12,h062,13:05:00,long,15539.0,15541.0,5.0,2023-05-12 13:05:00,12:59:00,False,2,5,1.0,38.0,0.2,7.6,sl
2023-05-12,h062,13:25:00,short,15527.0,15526.0,4.0,2023-05-12 13:25:00,13:24:00,True,13,37,23.0,1.0,5.75,0.25,tp
2023-05-15,h062,10:36:00,short,15446.0,15445.0,15.0,2023-05-15 10:36:00,10:35:00,True,8,16,15.0,77.0,1.0,5.133333333333334,sl
2023-05-15,h062,11:18:00,long,15475.0,15479.0,9.0,2023-05-15 11:18:00,11:14:00,True,18,46,43.0,18.0,4.777777777777778,2.0,sl
2023-05-15,h062,11:59:00,long,15487.0,15488.0,10.0,2023-05-15 11:59:00,11:58:00,True,9,19,34.0,24.0,3.4,2.4,sl
2023-05-15,h062,12:56:00,long,15481.0,15484.0,6.0,2023-05-15 12:56:00,12:54:00,True,7,19,38.0,3.0,6.333333333333333,0.5,tp
2023-05-15,h062,13:16:00,long,15502.0,15510.0,10.0,2023-05-15 13:16:00,13:10:00,True,41,61,12.0,9.0,1.2,0.9,tp
2023-05-16,h062,09:13:00,short,15619.0,15618.0,9.0,2023-05-16 09:13:00,09:12:00,True,10,33,15.0,105.0,1.6666666666666667,11.666666666666666,tp
2023-05-16,h062,09:34:00,short,15622.0,15621.0,10.0,2023-05-16 09:34:00,09:33:00,True,6,13,3.0,102.0,0.3,10.2,sl
2023-05-16,h062,11:15:00,long,15685.0,15690.0,6.0,2023-05-16 11:15:00,11:05:00,True,25,45,33.0,15.0,5.5,2.5,sl
2023-05-16,h062,11:19:00,short,15689.0,15686.0,6.0,2023-05-16 11:19:00,11:16:00,True,10,18,11.0,37.0,1.8333333333333333,6.166666666666667,tp
2023-05-16,h062,12:21:00,long,15699.0,15703.0,6.0,2023-05-16 12:21:00,12:19:00,True,27,33,20.0,22.0,3.3333333333333335,3.6666666666666665,tp
2023-05-16,h062,13:07:00,short,15702.0,15699.0,7.0,2023-05-16 13:07:00,13:04:00,True,8,13,18.0,9.0,2.5714285714285716,1.2857142857142858,sl
2023-05-17,h062,12:18:00,long,15850.0,15851.0,15.0,2023-05-17 12:18:00,12:17:00,True,22,67,43.0,1.0,2.8666666666666667,0.06666666666666667,tp
2023-05-18,h062,10:26:00,short,16030.0,16028.0,17.0,2023-05-18 10:26:00,10:19:00,True,5,10,16.0,57.0,0.9411764705882353,3.3529411764705883,sl
2023-05-18,h062,10:53:00,long,16054.0,16056.0,12.0,2023-05-18 10:53:00,10:51:00,True,16,40,29.0,21.0,2.4166666666666665,1.75,tp
2023-05-18,h062,11:24:00,long,16072.0,16073.0,8.0,2023-05-18 11:24:00,11:23:00,True,10,32,12.0,38.0,1.5,4.75,tp
2023-05-18,h062,13:21:00,short,16055.0,16053.0,9.0,2023-05-18 13:21:00,13:20:00,True,13,21,18.0,22.0,2.0,2.4444444444444446,tp
2023-05-18,h062,13:27:00,long,16050.0,16053.0,13.0,2023-05-18 13:27:00,13:23:00,True,10,28,22.0,3.0,1.6923076923076923,0.23076923076923078,tp
2023-05-19,h062,11:35:00,long,16147.0,16149.0,11.0,2023-05-19 11:35:00,11:25:00,True,13,25,0.0,46.0,0.0,4.181818181818182,sl
2023-05-19,h062,12:45:00,short,16118.0,16117.0,5.0,2023-05-19 12:45:00,12:42:00,False,3,7,14.0,16.0,2.8,3.2,sl
2023-05-19,h062,12:58:00,short,16110.0,16108.0,10.0,2023-05-19 12:58:00,12:54:00,False,4,6,5.0,25.0,0.5,2.5,sl
2023-05-22,h062,10:14:00,short,16100.0,16097.0,15.0,2023-05-22 10:14:00,10:07:00,True,7,13,6.0,52.0,0.4,3.466666666666667,sl
2023-05-22,h062,10:36:00,short,16125.0,16123.0,23.0,2023-05-22 10:36:00,10:29:00,False,3,6,22.0,12.0,0.9565217391304348,0.5217391304347826,timeout
2023-05-22,h062,12:42:00,long,16109.0,16114.0,6.0,2023-05-22 12:42:00,12:33:00,False,3,9,14.0,7.0,2.3333333333333335,1.1666666666666667,tp
2023-05-22,h062,12:48:00,long,16122.0,16124.0,10.0,2023-05-22 12:48:00,12:43:00,True,5,7,4.0,17.0,0.4,1.7,sl
2023-05-22,h062,13:17:00,short,16120.0,16119.0,8.0,2023-05-22 13:17:00,13:16:00,True,6,13,8.0,2.0,1.0,0.25,tp
2023-05-23,h062,10:57:00,long,16188.0,16191.0,17.0,2023-05-23 10:57:00,10:56:00,True,33,52,4.0,94.0,0.23529411764705882,5.529411764705882,sl
2023-05-23,h062,11:48:00,long,16120.0,16121.0,11.0,2023-05-23 11:48:00,11:46:00,True,5,12,19.0,24.0,1.7272727272727273,2.1818181818181817,sl
2023-05-23,h062,12:10:00,long,16106.0,16110.0,9.0,2023-05-23 12:10:00,12:09:00,True,7,21,30.0,4.0,3.3333333333333335,0.4444444444444444,tp
2023-05-24,h062,10:23:00,long,16055.0,16057.0,11.0,2023-05-24 10:23:00,10:22:00,True,13,20,34.0,52.0,3.090909090909091,4.7272727272727275,sl
2023-05-24,h062,12:19:00,short,16041.0,16037.0,8.0,2023-05-24 12:19:00,12:18:00,False,4,6,1.0,54.0,0.125,6.75,sl
2023-05-24,h062,12:44:00,long,16053.0,16055.0,4.0,2023-05-24 12:44:00,12:43:00,True,30,41,36.0,16.0,9.0,4.0,sl
2023-05-24,h062,13:03:00,long,16048.0,16058.0,9.0,2023-05-24 13:03:00,13:01:00,True,10,29,33.0,0.0,3.6666666666666665,0.0,tp
2023-05-24,h062,13:05:00,long,16065.0,16072.0,7.0,2023-05-24 13:05:00,13:04:00,True,28,47,19.0,8.0,2.7142857142857144,1.1428571428571428,tp
2023-05-24,h062,13:07:00,long,16078.0,16079.0,8.0,2023-05-24 13:07:00,13:06:00,True,11,32,12.0,15.0,1.5,1.875,sl
2023-05-25,h062,10:29:00,long,16199.0,16201.0,8.0,2023-05-25 10:29:00,10:28:00,True,24,41,24.0,36.0,3.0,4.5,tp
2023-05-25,h062,10:45:00,short,16181.0,16180.0,17.0,2023-05-25 10:45:00,10:42:00,True,16,46,15.0,45.0,0.8823529411764706,2.6470588235294117,sl
2023-05-25,h062,12:05:00,short,16214.0,16212.0,10.0,2023-05-25 12:05:00,11:54:00,False,0,2,21.0,4.0,2.1,0.4,tp
2023-05-25,h062,13:16:00,short,16204.0,16203.0,10.0,2023-05-25 13:16:00,13:05:00,True,6,10,5.0,9.0,0.5,0.9,timeout
2023-05-26,h062,09:59:00,long,16440.0,16442.0,15.0,2023-05-26 09:59:00,09:52:00,True,30,44,14.0,52.0,0.9333333333333333,3.466666666666667,sl
2023-05-26,h062,11:34:00,short,16403.0,16395.0,8.0,2023-05-26 11:34:00,11:33:00,True,39,55,5.0,50.0,0.625,6.25,sl
2023-05-26,h062,12:18:00,long,16423.0,16424.0,14.0,2023-05-26 12:18:00,12:11:00,True,8,10,21.0,11.0,1.5,0.7857142857142857,tp
2023-05-29,h062,09:32:00,short,16578.0,16574.0,20.0,2023-05-29 09:32:00,09:30:00,True,15,48,31.0,38.0,1.55,1.9,sl
2023-05-29,h062,11:00:00,short,16546.0,16545.0,20.0,2023-05-29 11:00:00,10:59:00,True,11,34,0.0,47.0,0.0,2.35,sl
2023-05-30,h062,11:11:00,short,16555.0,16552.0,8.0,2023-05-30 11:11:00,11:10:00,True,9,20,37.0,39.0,4.625,4.875,tp
2023-05-30,h062,11:36:00,short,16520.0,16517.0,12.0,2023-05-30 11:36:00,11:32:00,True,13,28,2.0,74.0,0.16666666666666666,6.166666666666667,sl
2023-05-30,h062,12:22:00,long,16550.0,16551.0,6.0,2023-05-30 12:22:00,12:20:00,False,0,4,40.0,6.0,6.666666666666667,1.0,sl
2023-05-30,h062,12:31:00,long,16560.0,16564.0,6.0,2023-05-30 12:31:00,12:30:00,True,17,31,27.0,7.0,4.5,1.1666666666666667,sl
2023-05-31,h062,10:12:00,short,16497.0,16492.0,10.0,2023-05-31 10:12:00,10:10:00,True,12,35,37.0,64.0,3.7,6.4,tp
2023-05-31,h062,12:49:00,short,16521.0,16519.0,9.0,2023-05-31 12:49:00,12:48:00,False,3,11,33.0,37.0,3.6666666666666665,4.111111111111111,sl
2023-05-31,h062,13:03:00,long,16525.0,16539.0,12.0,2023-05-31 13:03:00,13:02:00,True,33,82,17.0,53.0,1.4166666666666667,4.416666666666667,tp
2023-05-31,h062,13:11:00,short,16533.0,16532.0,12.0,2023-05-31 13:11:00,13:04:00,False,3,6,46.0,24.0,3.8333333333333335,2.0,sl
2023-05-31,h062,13:26:00,short,16535.0,16534.0,21.0,2023-05-31 13:26:00,13:25:00,True,14,49,48.0,2.0,2.2857142857142856,0.09523809523809523,tp
2023-06-01,h062,09:35:00,short,16483.0,16477.0,31.0,2023-06-01 09:35:00,09:27:00,True,16,37,55.0,11.0,1.7741935483870968,0.3548387096774194,tp
2023-06-01,h062,10:18:00,short,16427.0,16425.0,15.0,2023-06-01 10:18:00,10:16:00,True,10,27,3.0,63.0,0.2,4.2,sl
2023-06-01,h062,10:53:00,short,16450.0,16440.0,20.0,2023-06-01 10:53:00,10:50:00,True,13,29,7.0,48.0,0.35,2.4,sl
2023-06-01,h062,11:47:00,short,16470.0,16467.0,7.0,2023-06-01 11:47:00,11:45:00,False,0,0,20.0,21.0,2.857142857142857,3.0,tp
2023-06-01,h062,12:11:00,short,16455.0,16454.0,4.0,2023-06-01 12:11:00,12:09:00,False,4,8,7.0,34.0,1.75,8.5,tp
2023-06-01,h062,12:33:00,long,16460.0,16462.0,10.0,2023-06-01 12:33:00,12:19:00,False,0,4,26.0,7.0,2.6,0.7,tp
2023-06-01,h062,13:07:00,long,16472.0,16473.0,6.0,2023-06-01 13:07:00,13:04:00,True,5,10,15.0,7.0,2.5,1.1666666666666667,tp
2023-06-01,h062,13:10:00,long,16478.0,16485.0,6.0,2023-06-01 13:10:00,13:09:00,True,37,53,3.0,19.0,0.5,3.1666666666666665,sl
2023-06-02,h062,10:45:00,short,16674.0,16673.0,6.0,2023-06-02 10:45:00,10:44:00,True,11,21,5.0,65.0,0.8333333333333334,10.833333333333334,sl
2023-06-02,h062,11:01:00,long,16685.0,16686.0,9.0,2023-06-02 11:01:00,10:56:00,True,12,24,52.0,5.0,5.777777777777778,0.5555555555555556,tp
2023-06-02,h062,11:32:00,long,16709.0,16710.0,9.0,2023-06-02 11:32:00,11:31:00,True,11,29,28.0,20.0,3.111111111111111,2.2222222222222223,tp
2023-06-02,h062,11:35:00,short,16717.0,16716.0,7.0,2023-06-02 11:35:00,11:34:00,True,13,33,26.0,22.0,3.7142857142857144,3.142857142857143,sl
2023-06-05,h062,12:17:00,short,16715.0,16713.0,12.0,2023-06-05 12:17:00,12:16:00,True,5,14,56.0,7.0,4.666666666666667,0.5833333333333334,tp
2023-06-05,h062,13:04:00,short,16696.0,16695.0,13.0,2023-06-05 13:04:00,12:57:00,False,0,0,38.0,9.0,2.923076923076923,0.6923076923076923,tp
2023-06-05,h062,13:26:00,short,16673.0,16665.0,15.0,2023-06-05 13:26:00,13:25:00,True,21,45,8.0,25.0,0.5333333333333333,1.6666666666666667,sl
2023-06-06,h062,12:33:00,short,16723.0,16721.0,7.0,2023-06-06 12:33:00,12:29:00,False,0,4,7.0,28.0,1.0,4.0,sl
2023-06-06,h062,13:04:00,long,16723.0,16727.0,8.0,2023-06-06 13:04:00,13:00:00,True,10,21,22.0,12.0,2.75,1.5,sl
2023-06-07,h062,09:27:00,long,16817.0,16819.0,12.0,2023-06-07 09:27:00,09:26:00,True,27,49,87.0,12.0,7.25,1.0,sl
2023-06-07,h062,11:32:00,long,16881.0,16882.0,6.0,2023-06-07 11:32:00,11:31:00,True,8,23,24.0,13.0,4.0,2.1666666666666665,sl
2023-06-07,h062,11:57:00,long,16888.0,16889.0,5.0,2023-06-07 11:57:00,11:56:00,True,9,17,17.0,7.0,3.4,1.4,tp
2023-06-07,h062,12:02:00,long,16896.0,16898.0,5.0,2023-06-07 12:02:00,12:00:00,True,7,14,8.0,16.0,1.6,3.2,sl
2023-06-08,h062,11:23:00,short,16778.0,16777.0,11.0,2023-06-08 11:23:00,11:21:00,True,5,7,110.0,0.0,10.0,0.0,tp
2023-06-08,h062,12:15:00,short,16718.0,16716.0,13.0,2023-06-08 12:15:00,12:13:00,True,6,17,49.0,12.0,3.769230769230769,0.9230769230769231,tp
2023-06-08,h062,12:40:00,short,16707.0,16704.0,12.0,2023-06-08 12:40:00,12:39:00,True,9,20,37.0,24.0,3.0833333333333335,2.0,tp
2023-06-08,h062,12:44:00,short,16697.0,16696.0,11.0,2023-06-08 12:44:00,12:42:00,True,13,24,29.0,32.0,2.6363636363636362,2.909090909090909,tp
2023-06-08,h062,13:08:00,short,16674.0,16673.0,14.0,2023-06-08 13:08:00,12:52:00,True,12,24,6.0,55.0,0.42857142857142855,3.9285714285714284,sl
2023-06-09,h062,11:27:00,short,16865.0,16861.0,7.0,2023-06-09 11:27:00,11:20:00,True,17,20,29.0,27.0,4.142857142857143,3.857142857142857,tp
2023-06-09,h062,12:06:00,short,16848.0,16847.0,6.0,2023-06-09 12:06:00,12:02:00,False,0,2,15.0,41.0,2.5,6.833333333333333,sl
2023-06-09,h062,12:20:00,short,16849.0,16847.0,11.0,2023-06-09 12:20:00,12:08:00,False,3,5,15.0,41.0,1.3636363636363635,3.727272727272727,tp
2023-06-09,h062,12:25:00,short,16841.0,16839.0,5.0,2023-06-09 12:25:00,12:22:00,True,18,45,1.0,49.0,0.2,9.8,sl
2023-06-09,h062,12:57:00,long,16854.0,16855.0,6.0,2023-06-09 12:57:00,12:56:00,True,6,13,33.0,17.0,5.5,2.8333333333333335,sl
2023-06-12,h062,11:22:00,long,16975.0,16979.0,6.0,2023-06-12 11:22:00,11:21:00,True,13,30,3.0,63.0,0.5,10.5,sl
2023-06-12,h062,12:20:00,short,16936.0,16934.0,8.0,2023-06-12 12:20:00,12:17:00,False,4,9,18.0,11.0,2.25,1.375,tp
2023-06-12,h062,13:03:00,long,16927.0,16929.0,11.0,2023-06-12 13:03:00,13:00:00,False,4,7,16.0,3.0,1.4545454545454546,0.2727272727272727,tp
2023-06-13,h062,11:10:00,short,17215.0,17214.0,5.0,2023-06-13 11:10:00,11:09:00,True,5,11,12.0,60.0,2.4,12.0,tp
2023-06-14,h062,10:10:00,short,17187.0,17186.0,21.0,2023-06-14 10:10:00,10:09:00,True,12,34,20.0,44.0,0.9523809523809523,2.0952380952380953,sl
2023-06-14,h062,11:57:00,long,17217.0,17220.0,10.0,2023-06-14 11:57:00,11:55:00,True,11,16,10.0,27.0,1.0,2.7,sl
2023-06-14,h062,13:07:00,short,17227.0,17220.0,3.0,2023-06-14 13:07:00,13:06:00,True,6,9,27.0,8.0,9.0,2.6666666666666665,sl
2023-06-15,h062,09:35:00,long,17269.0,17282.0,20.0,2023-06-15 09:35:00,09:32:00,True,62,128,66.0,41.0,3.3,2.05,tp
2023-06-15,h062,11:11:00,short,17278.0,17274.0,7.0,2023-06-15 11:11:00,11:10:00,False,4,9,-1.0,74.0,-0.14285714285714285,10.571428571428571,sl
2023-06-15,h062,11:38:00,short,17307.0,17304.0,12.0,2023-06-15 11:38:00,11:35:00,True,7,16,12.0,44.0,1.0,3.6666666666666665,tp
2023-06-15,h062,13:12:00,short,17305.0,17304.0,8.0,2023-06-15 13:12:00,13:08:00,False,4,8,8.0,44.0,1.0,5.5,tp
2023-06-16,h062,09:23:00,short,17280.0,17279.0,19.0,2023-06-16 09:23:00,09:21:00,True,10,34,64.0,43.0,3.3684210526315788,2.263157894736842,tp
2023-06-16,h062,09:33:00,short,17223.0,17217.0,31.0,2023-06-16 09:33:00,09:31:00,True,13,46,2.0,105.0,0.06451612903225806,3.3870967741935485,sl
2023-06-16,h062,11:18:00,short,17283.0,17277.0,14.0,2023-06-16 11:18:00,11:04:00,False,3,7,25.0,45.0,1.7857142857142858,3.2142857142857144,sl
2023-06-16,h062,11:31:00,long,17303.0,17309.0,10.0,2023-06-16 11:31:00,11:30:00,True,20,50,13.0,57.0,1.3,5.7,tp
2023-06-16,h062,11:35:00,short,17310.0,17308.0,12.0,2023-06-16 11:35:00,11:32:00,True,5,10,56.0,11.0,4.666666666666667,0.9166666666666666,tp
2023-06-16,h062,13:26:00,long,17289.0,17296.0,16.0,2023-06-16 13:26:00,13:25:00,True,23,59,-2.0,32.0,-0.125,2.0,sl
2023-06-19,h062,10:39:00,short,17268.0,17265.0,10.0,2023-06-19 10:39:00,10:32:00,False,3,7,34.0,21.0,3.4,2.1,sl
2023-06-19,h062,13:25:00,short,17257.0,17253.0,6.0,2023-06-19 13:25:00,13:24:00,True,17,26,22.0,3.0,3.6666666666666665,0.5,tp
2023-06-20,h062,09:46:00,short,17156.0,17151.0,17.0,2023-06-20 09:46:00,09:42:00,True,26,64,45.0,67.0,2.6470588235294117,3.9411764705882355,tp
2023-06-20,h062,11:36:00,long,17214.0,17215.0,16.0,2023-06-20 11:36:00,11:34:00,True,13,38,3.0,62.0,0.1875,3.875,sl
2023-06-20,h062,12:43:00,short,17180.0,17178.0,6.0,2023-06-20 12:43:00,12:42:00,True,5,7,25.0,13.0,4.166666666666667,2.1666666666666665,tp
2023-06-20,h062,12:46:00,short,17175.0,17174.0,5.0,2023-06-20 12:46:00,12:44:00,True,5,8,21.0,17.0,4.2,3.4,tp
2023-06-20,h062,13:18:00,short,17166.0,17161.0,10.0,2023-06-20 13:18:00,12:50:00,True,6,16,8.0,30.0,0.8,3.0,sl
2023-06-21,h062,11:19:00,short,16979.0,16976.0,4.0,2023-06-21 11:19:00,11:18:00,False,3,8,16.0,75.0,4.0,18.75,tp
2023-06-21,h062,12:54:00,long,16999.0,17000.0,9.0,2023-06-21 12:54:00,12:51:00,True,10,19,51.0,14.0,5.666666666666667,1.5555555555555556,tp
2023-06-21,h062,13:00:00,long,17015.0,17028.0,7.0,2023-06-21 13:00:00,12:59:00,True,51,154,23.0,42.0,3.2857142857142856,6.0,sl
2023-06-26,h062,12:21:00,short,16892.0,16891.0,5.0,2023-06-26 12:21:00,12:19:00,False,0,4,37.0,7.0,7.4,1.4,tp
2023-06-26,h062,12:37:00,long,16887.0,16888.0,7.0,2023-06-26 12:37:00,12:31:00,False,0,3,10.0,34.0,1.4285714285714286,4.857142857142857,tp
2023-06-26,h062,12:42:00,short,16892.0,16891.0,6.0,2023-06-26 12:42:00,12:40:00,False,0,2,37.0,3.0,6.166666666666667,0.5,tp
2023-06-26,h062,13:06:00,long,16880.0,16888.0,6.0,2023-06-26 13:06:00,13:02:00,True,10,25,4.0,34.0,0.6666666666666666,5.666666666666667,sl
2023-06-26,h062,13:25:00,short,16863.0,16859.0,8.0,2023-06-26 13:25:00,13:24:00,True,24,48,3.0,26.0,0.375,3.25,sl
2023-06-27,h062,09:18:00,long,16764.0,16765.0,19.0,2023-06-27 09:18:00,09:15:00,True,17,39,90.0,60.0,4.7368421052631575,3.1578947368421053,tp
2023-06-27,h062,11:26:00,long,16753.0,16756.0,15.0,2023-06-27 11:26:00,11:12:00,True,6,12,0.0,51.0,0.0,3.4,sl
2023-06-27,h062,12:54:00,short,16740.0,16736.0,9.0,2023-06-27 12:54:00,12:51:00,True,8,15,11.0,12.0,1.2222222222222223,1.3333333333333333,sl
2023-06-28,h062,10:21:00,short,16719.0,16715.0,16.0,2023-06-28 10:21:00,10:16:00,True,9,24,3.0,76.0,0.1875,4.75,sl
2023-06-28,h062,10:52:00,short,16773.0,16765.0,16.0,2023-06-28 10:52:00,10:45:00,True,15,32,36.0,13.0,2.25,0.8125,tp
2023-06-28,h062,11:51:00,short,16750.0,16748.0,8.0,2023-06-28 11:51:00,11:48:00,False,3,7,19.0,30.0,2.375,3.75,tp
2023-06-28,h062,12:34:00,long,16747.0,16751.0,6.0,2023-06-28 12:34:00,12:32:00,True,20,31,27.0,12.0,4.5,2.0,tp
2023-06-28,h062,12:59:00,short,16759.0,16755.0,7.0,2023-06-28 12:59:00,12:58:00,True,7,14,11.0,23.0,1.5714285714285714,3.2857142857142856,tp
2023-06-29,h062,09:37:00,long,16948.0,16956.0,49.0,2023-06-29 09:37:00,09:26:00,True,98,130,0.0,223.0,0.0,4.551020408163265,sl
2023-06-29,h062,10:01:00,short,16857.0,16854.0,27.0,2023-06-29 10:01:00,09:57:00,True,13,37,121.0,0.0,4.481481481481482,0.0,tp
2023-06-29,h062,10:59:00,short,16780.0,16770.0,34.0,2023-06-29 10:59:00,10:53:00,True,28,52,37.0,20.0,1.088235294117647,0.5882352941176471,tp
2023-06-29,h062,11:36:00,short,16739.0,16738.0,35.0,2023-06-29 11:36:00,11:02:00,True,8,20,5.0,52.0,0.14285714285714285,1.4857142857142858,sl
2023-06-29,h062,13:10:00,short,16769.0,16766.0,18.0,2023-06-29 13:10:00,13:01:00,True,7,21,13.0,11.0,0.7222222222222222,0.6111111111111112,timeout
2023-06-30,h062,09:50:00,short,16754.0,16746.0,14.0,2023-06-30 09:50:00,09:46:00,True,7,14,34.0,80.0,2.4285714285714284,5.714285714285714,sl
2023-06-30,h062,11:49:00,long,16774.0,16775.0,11.0,2023-06-30 11:49:00,11:44:00,True,10,18,51.0,3.0,4.636363636363637,0.2727272727272727,tp
2023-06-30,h062,11:52:00,long,16783.0,16789.0,7.0,2023-06-30 11:52:00,11:50:00,True,20,59,37.0,17.0,5.285714285714286,2.4285714285714284,sl
2023-06-30,h062,12:17:00,long,16797.0,16801.0,10.0,2023-06-30 12:17:00,12:15:00,True,15,45,25.0,29.0,2.5,2.9,sl
2023-06-30,h062,13:24:00,long,16808.0,16813.0,9.0,2023-06-30 13:24:00,13:23:00,True,17,43,13.0,41.0,1.4444444444444444,4.555555555555555,tp
2023-06-30,h062,13:29:00,short,16810.0,16805.0,13.0,2023-06-30 13:29:00,13:25:00,True,27,57,33.0,4.0,2.5384615384615383,0.3076923076923077,tp
2023-07-03,h062,09:17:00,long,16975.0,16982.0,24.0,2023-07-03 09:17:00,09:15:00,True,35,60,56.0,18.0,2.3333333333333335,0.75,tp
2023-07-03,h062,11:06:00,long,17008.0,17012.0,11.0,2023-07-03 11:06:00,10:59:00,True,17,24,26.0,10.0,2.3636363636363638,0.9090909090909091,tp
2023-07-03,h062,11:30:00,long,17025.0,17026.0,7.0,2023-07-03 11:30:00,11:29:00,True,12,29,12.0,19.0,1.7142857142857142,2.7142857142857144,tp
2023-07-03,h062,11:37:00,long,17033.0,17036.0,9.0,2023-07-03 11:37:00,11:35:00,True,6,14,2.0,29.0,0.2222222222222222,3.2222222222222223,sl
2023-07-03,h062,12:53:00,long,17017.0,17018.0,5.0,2023-07-03 12:53:00,12:50:00,False,3,5,20.0,11.0,4.0,2.2,sl
2023-07-04,h062,10:21:00,long,17059.0,17066.0,14.0,2023-07-04 10:21:00,10:17:00,True,17,36,50.0,29.0,3.5714285714285716,2.0714285714285716,sl
2023-07-04,h062,11:17:00,long,17075.0,17076.0,8.0,2023-07-04 11:17:00,11:15:00,True,28,30,40.0,26.0,5.0,3.25,sl
2023-07-04,h062,11:53:00,long,17080.0,17083.0,5.0,2023-07-04 11:53:00,11:51:00,True,9,20,33.0,10.0,6.6,2.0,sl
2023-07-04,h062,12:00:00,short,17079.0,17077.0,5.0,2023-07-04 12:00:00,11:54:00,False,0,3,4.0,39.0,0.8,7.8,sl
2023-07-04,h062,12:14:00,long,17092.0,17093.0,6.0,2023-07-04 12:14:00,12:13:00,True,14,29,23.0,12.0,3.8333333333333335,2.0,tp
2023-07-04,h062,12:17:00,long,17099.0,17102.0,7.0,2023-07-04 12:17:00,12:15:00,True,6,17,14.0,21.0,2.0,3.0,tp
2023-07-04,h062,12:21:00,long,17108.0,17112.0,10.0,2023-07-04 12:21:00,12:18:00,True,23,44,4.0,31.0,0.4,3.1,sl
2023-07-05,h062,10:17:00,long,17026.0,17028.0,15.0,2023-07-05 10:17:00,10:13:00,True,14,23,37.0,53.0,2.466666666666667,3.533333333333333,tp
2023-07-05,h062,11:17:00,short,17046.0,17043.0,9.0,2023-07-05 11:17:00,11:12:00,False,0,4,68.0,13.0,7.555555555555555,1.4444444444444444,tp
2023-07-05,h062,11:28:00,short,17028.0,17026.0,8.0,2023-07-05 11:28:00,11:26:00,False,3,8,51.0,30.0,6.375,3.75,sl
2023-07-05,h062,12:06:00,long,17031.0,17034.0,7.0,2023-07-05 12:06:00,12:03:00,True,6,14,1.0,59.0,0.14285714285714285,8.428571428571429,sl
2023-07-05,h062,12:44:00,short,17005.0,17002.0,7.0,2023-07-05 12:44:00,12:43:00,True,9,27,27.0,16.0,3.857142857142857,2.2857142857142856,sl
2023-07-05,h062,12:46:00,long,17003.0,17010.0,6.0,2023-07-05 12:46:00,12:45:00,True,7,18,8.0,35.0,1.3333333333333333,5.833333333333333,sl
2023-07-05,h062,13:01:00,short,16985.0,16980.0,16.0,2023-07-05 13:01:00,13:00:00,True,30,50,2.0,38.0,0.125,2.375,sl
2023-07-06,h062,09:14:00,short,16863.0,16855.0,24.0,2023-07-06 09:14:00,09:12:00,True,15,43,182.0,43.0,7.583333333333333,1.7916666666666667,tp
2023-07-06,h062,10:27:00,short,16858.0,16854.0,16.0,2023-07-06 10:27:00,10:26:00,True,12,35,181.0,3.0,11.3125,0.1875,tp
2023-07-06,h062,10:33:00,long,16848.0,16849.0,15.0,2023-07-06 10:33:00,10:30:00,True,10,28,3.0,176.0,0.2,11.733333333333333,sl
2023-07-06,h062,10:41:00,short,16818.0,16809.0,20.0,2023-07-06 10:41:00,10:39:00,True,39,86,136.0,1.0,6.8,0.05,tp
2023-07-06,h062,13:15:00,short,16721.0,16720.0,10.0,2023-07-06 13:15:00,13:08:00,True,7,12,35.0,4.0,3.5,0.4,tp
2023-07-07,h062,10:24:00,long,16602.0,16605.0,32.0,2023-07-07 10:24:00,10:18:00,True,32,67,103.0,17.0,3.21875,0.53125,tp
2023-07-07,h062,11:00:00,long,16643.0,16647.0,16.0,2023-07-07 11:00:00,10:57:00,True,16,48,61.0,35.0,3.8125,2.1875,tp
2023-07-07,h062,12:03:00,short,16646.0,16645.0,15.0,2023-07-07 12:03:00,12:01:00,True,10,22,33.0,4.0,2.2,0.26666666666666666,tp
2023-07-07,h062,12:38:00,long,16634.0,16636.0,8.0,2023-07-07 12:38:00,12:36:00,False,4,8,13.0,24.0,1.625,3.0,tp
2023-07-07,h062,12:59:00,short,16629.0,16626.0,5.0,2023-07-07 12:59:00,12:57:00,True,11,17,14.0,23.0,2.8,4.6,sl
2023-07-07,h062,13:18:00,long,16641.0,16645.0,14.0,2023-07-07 13:18:00,13:13:00,True,14,27,4.0,33.0,0.2857142857142857,2.357142857142857,sl
2023-07-10,h062,11:17:00,short,16663.0,16662.0,7.0,2023-07-10 11:17:00,11:15:00,True,5,11,117.0,6.0,16.714285714285715,0.8571428571428571,tp
2023-07-10,h062,11:20:00,short,16632.0,16625.0,31.0,2023-07-10 11:20:00,11:19:00,True,22,63,80.0,36.0,2.5806451612903225,1.1612903225806452,tp
2023-07-10,h062,11:22:00,short,16597.0,16595.0,28.0,2023-07-10 11:22:00,11:21:00,True,17,56,50.0,66.0,1.7857142857142858,2.357142857142857,tp
2023-07-10,h062,12:26:00,long,16631.0,16643.0,9.0,2023-07-10 12:26:00,12:25:00,True,27,63,18.0,98.0,2.0,10.88888888888889,sl
2023-07-10,h062,13:26:00,short,16596.0,16594.0,20.0,2023-07-10 13:26:00,13:25:00,True,17,32,49.0,15.0,2.45,0.75,tp
2023-07-11,h062,10:28:00,short,16835.0,16833.0,17.0,2023-07-11 10:28:00,10:24:00,True,7,15,7.0,44.0,0.4117647058823529,2.588235294117647,sl
2023-07-11,h062,10:53:00,long,16858.0,16860.0,12.0,2023-07-11 10:53:00,10:49:00,True,9,20,17.0,34.0,1.4166666666666667,2.8333333333333335,tp
2023-07-11,h062,11:43:00,short,16850.0,16849.0,5.0,2023-07-11 11:43:00,11:42:00,True,9,15,23.0,28.0,4.6,5.6,sl
2023-07-11,h062,12:13:00,short,16842.0,16841.0,8.0,2023-07-11 12:13:00,12:06:00,False,0,4,15.0,36.0,1.875,4.5,tp
2023-07-11,h062,12:15:00,long,16842.0,16843.0,8.0,2023-07-11 12:15:00,12:14:00,True,14,22,34.0,17.0,4.25,2.125,tp
2023-07-11,h062,12:43:00,short,16840.0,16839.0,9.0,2023-07-11 12:43:00,12:41:00,True,5,12,13.0,38.0,1.4444444444444444,4.222222222222222,tp
2023-07-12,h062,10:37:00,short,16895.0,16885.0,12.0,2023-07-12 10:37:00,10:33:00,True,26,38,24.0,44.0,2.0,3.6666666666666665,sl
2023-07-12,h062,11:04:00,short,16890.0,16882.0,21.0,2023-07-12 11:04:00,11:03:00,True,21,37,21.0,47.0,1.0,2.238095238095238,tp
2023-07-12,h062,12:06:00,long,16890.0,16894.0,6.0,2023-07-12 12:06:00,12:04:00,True,10,24,35.0,16.0,5.833333333333333,2.6666666666666665,sl
2023-07-12,h062,12:46:00,long,16890.0,16891.0,12.0,2023-07-12 12:46:00,12:44:00,False,4,6,38.0,9.0,3.1666666666666665,0.75,tp
2023-07-13,h062,10:49:00,long,17233.0,17234.0,16.0,2023-07-13 10:49:00,10:32:00,True,6,15,21.0,178.0,1.3125,11.125,sl
2023-07-13,h062,11:37:00,short,17243.0,17240.0,12.0,2023-07-13 11:37:00,11:22:00,True,10,12,184.0,11.0,15.333333333333334,0.9166666666666666,tp
2023-07-13,h062,12:34:00,short,17231.0,17228.0,6.0,2023-07-13 12:34:00,12:32:00,True,5,13,172.0,3.0,28.666666666666668,0.5,tp
2023-07-13,h062,12:41:00,short,17211.0,17205.0,12.0,2023-07-13 12:41:00,12:39:00,True,15,27,149.0,5.0,12.416666666666666,0.4166666666666667,tp
2023-07-13,h062,12:44:00,short,17201.0,17187.0,9.0,2023-07-13 12:44:00,12:42:00,True,54,129,131.0,-1.0,14.555555555555555,-0.1111111111111111,tp
2023-07-13,h062,12:54:00,short,17151.0,17125.0,35.0,2023-07-13 12:54:00,12:45:00,True,24,74,69.0,12.0,1.9714285714285715,0.34285714285714286,tp
2023-07-14,h062,10:16:00,long,17213.0,17222.0,19.0,2023-07-14 10:16:00,10:14:00,True,46,87,83.0,9.0,4.368421052631579,0.47368421052631576,tp
2023-07-14,h062,10:47:00,long,17260.0,17267.0,17.0,2023-07-14 10:47:00,10:46:00,True,54,85,38.0,13.0,2.235294117647059,0.7647058823529411,tp
2023-07-14,h062,11:28:00,short,17284.0,17277.0,11.0,2023-07-14 11:28:00,11:26:00,False,4,7,23.0,28.0,2.090909090909091,2.5454545454545454,sl
2023-07-14,h062,12:34:00,long,17292.0,17299.0,8.0,2023-07-14 12:34:00,12:33:00,True,22,45,6.0,32.0,0.75,4.0,sl
2023-07-17,h062,09:44:00,short,17292.0,17282.0,25.0,2023-07-17 09:44:00,09:34:00,True,7,17,26.0,63.0,1.04,2.52,sl
2023-07-17,h062,10:06:00,long,17322.0,17325.0,16.0,2023-07-17 10:06:00,10:01:00,True,13,33,20.0,69.0,1.25,4.3125,sl
2023-07-17,h062,11:12:00,short,17328.0,17322.0,16.0,2023-07-17 11:12:00,11:09:00,True,7,15,66.0,11.0,4.125,0.6875,tp
2023-07-17,h062,11:27:00,short,17305.0,17303.0,15.0,2023-07-17 11:27:00,11:26:00,True,10,18,47.0,10.0,3.1333333333333333,0.6666666666666666,tp
2023-07-17,h062,11:36:00,long,17291.0,17292.0,16.0,2023-07-17 11:36:00,11:35:00,True,8,21,13.0,36.0,0.8125,2.25,sl
2023-07-18,h062,09:43:00,short,17255.0,17246.0,37.0,2023-07-18 09:43:00,09:40:00,True,22,75,94.0,38.0,2.5405405405405403,1.027027027027027,tp
2023-07-18,h062,09:45:00,short,17201.0,17191.0,48.0,2023-07-18 09:45:00,09:44:00,True,109,240,31.0,93.0,0.6458333333333334,1.9375,sl
2023-07-18,h062,12:09:00,long,17247.0,17249.0,19.0,2023-07-18 12:09:00,12:06:00,True,12,18,15.0,35.0,0.7894736842105263,1.8421052631578947,sl
2023-07-19,h062,10:19:00,short,17190.0,17175.0,13.0,2023-07-19 10:19:00,10:18:00,True,20,44,128.0,5.0,9.846153846153847,0.38461538461538464,tp
2023-07-19,h062,11:56:00,long,17130.0,17135.0,17.0,2023-07-19 11:56:00,11:55:00,True,27,52,19.0,88.0,1.1176470588235294,5.176470588235294,tp
2023-07-19,h062,12:17:00,short,17101.0,17097.0,20.0,2023-07-19 12:17:00,12:16:00,True,17,54,50.0,3.0,2.5,0.15,tp
2023-07-20,h062,10:49:00,short,17088.0,17078.0,21.0,2023-07-20 10:49:00,10:41:00,True,20,57,21.0,58.0,1.0,2.761904761904762,sl
2023-07-20,h062,12:12:00,short,17083.0,17081.0,12.0,2023-07-20 12:12:00,12:08:00,True,6,16,24.0,55.0,2.0,4.583333333333333,tp
2023-07-20,h062,12:18:00,short,17072.0,17066.0,7.0,2023-07-20 12:18:00,12:15:00,True,13,29,9.0,70.0,1.2857142857142858,10.0,tp
2023-07-20,h062,13:05:00,long,17092.0,17096.0,14.0,2023-07-20 13:05:00,13:04:00,True,13,21,40.0,18.0,2.857142857142857,1.2857142857142858,sl
2023-07-21,h062,11:36:00,short,16955.0,16954.0,17.0,2023-07-21 11:36:00,11:35:00,True,6,19,45.0,7.0,2.6470588235294117,0.4117647058823529,tp
2023-07-21,h062,13:28:00,short,16949.0,16947.0,9.0,2023-07-21 13:28:00,13:25:00,True,5,13,9.0,7.0,1.0,0.7777777777777778,tp
2023-07-24,h062,10:02:00,short,16984.0,16983.0,17.0,2023-07-24 10:02:00,10:01:00,True,16,57,76.0,41.0,4.470588235294118,2.411764705882353,sl
2023-07-24,h062,10:29:00,short,17001.0,16993.0,15.0,2023-07-24 10:29:00,10:27:00,True,6,14,86.0,31.0,5.733333333333333,2.066666666666667,sl
2023-07-24,h062,11:33:00,long,16976.0,16980.0,11.0,2023-07-24 11:33:00,11:31:00,True,8,16,9.0,73.0,0.8181818181818182,6.636363636363637,sl
2023-07-24,h062,12:17:00,short,16948.0,16943.0,11.0,2023-07-24 12:17:00,12:16:00,True,20,35,36.0,46.0,3.272727272727273,4.181818181818182,tp
2023-07-24,h062,12:25:00,short,16918.0,16910.0,15.0,2023-07-24 12:25:00,12:23:00,True,12,33,0.0,79.0,0.0,5.266666666666667,sl
2023-07-25,h062,10:27:00,long,17137.0,17139.0,12.0,2023-07-25 10:27:00,10:26:00,True,8,19,86.0,29.0,7.166666666666667,2.4166666666666665,sl
2023-07-25,h062,10:33:00,long,17134.0,17139.0,24.0,2023-07-25 10:33:00,10:29:00,True,12,28,86.0,5.0,3.5833333333333335,0.20833333333333334,tp
2023-07-25,h062,11:52:00,long,17184.0,17187.0,9.0,2023-07-25 11:52:00,11:50:00,True,31,49,38.0,27.0,4.222222222222222,3.0,tp
2023-07-25,h062,12:14:00,long,17201.0,17204.0,6.0,2023-07-25 12:14:00,12:12:00,True,12,19,21.0,44.0,3.5,7.333333333333333,tp
2023-07-25,h062,12:24:00,long,17218.0,17220.0,10.0,2023-07-25 12:24:00,12:22:00,True,6,14,5.0,60.0,0.5,6.0,sl
2023-07-25,h062,13:07:00,short,17180.0,17179.0,10.0,2023-07-25 13:07:00,13:05:00,True,13,25,19.0,7.0,1.9,0.7,tp
2023-07-26,h062,09:25:00,short,17125.0,17120.0,24.0,2023-07-26 09:25:00,09:24:00,True,20,57,42.0,68.0,1.75,2.8333333333333335,sl
2023-07-26,h062,10:32:00,long,17147.0,17150.0,10.0,2023-07-26 10:32:00,10:29:00,True,5,14,38.0,72.0,3.8,7.2,tp
2023-07-26,h062,12:00:00,short,17138.0,17137.0,15.0,2023-07-26 12:00:00,11:56:00,True,13,22,59.0,9.0,3.933333333333333,0.6,tp
2023-07-26,h062,12:50:00,short,17115.0,17112.0,17.0,2023-07-26 12:50:00,12:36:00,True,8,20,34.0,4.0,2.0,0.23529411764705882,tp
2023-07-26,h062,13:24:00,long,17096.0,17098.0,17.0,2023-07-26 13:24:00,13:18:00,True,18,38,18.0,1.0,1.0588235294117647,0.058823529411764705,tp
2023-07-27,h062,09:54:00,short,17190.0,17183.0,19.0,2023-07-27 09:54:00,09:53:00,True,27,59,0.0,80.0,0.0,4.2105263157894735,sl
2023-07-27,h062,10:06:00,short,17246.0,17243.0,16.0,2023-07-27 10:06:00,10:05:00,True,12,27,60.0,20.0,3.75,1.25,sl
2023-07-27,h062,10:48:00,short,17250.0,17249.0,13.0,2023-07-27 10:48:00,10:43:00,True,5,9,66.0,8.0,5.076923076923077,0.6153846153846154,tp
2023-07-27,h062,10:57:00,short,17225.0,17216.0,12.0,2023-07-27 10:57:00,10:56:00,True,19,41,33.0,41.0,2.75,3.4166666666666665,tp
2023-07-27,h062,11:03:00,long,17217.0,17218.0,25.0,2023-07-27 11:03:00,10:58:00,True,9,19,39.0,35.0,1.56,1.4,sl
2023-07-27,h062,12:25:00,short,17249.0,17244.0,8.0,2023-07-27 12:25:00,12:21:00,True,11,19,24.0,8.0,3.0,1.0,tp
2023-07-28,h062,10:55:00,long,17242.0,17243.0,13.0,2023-07-28 10:55:00,10:52:00,True,5,12,56.0,35.0,4.3076923076923075,2.6923076923076925,tp
2023-07-28,h062,11:32:00,long,17282.0,17296.0,15.0,2023-07-28 11:32:00,11:29:00,True,29,83,3.0,88.0,0.2,5.866666666666666,sl
2023-07-28,h062,12:04:00,short,17220.0,17212.0,15.0,2023-07-28 12:04:00,12:03:00,True,22,48,4.0,53.0,0.26666666666666666,3.533333333333333,sl
2023-07-28,h062,13:14:00,long,17245.0,17247.0,8.0,2023-07-28 13:14:00,13:10:00,True,7,10,18.0,3.0,2.25,0.375,tp
2023-07-31,h062,09:52:00,short,17347.0,17338.0,23.0,2023-07-31 09:52:00,09:46:00,True,25,70,280.0,34.0,12.173913043478262,1.4782608695652173,sl
2023-07-31,h062,10:27:00,short,17328.0,17323.0,21.0,2023-07-31 10:27:00,10:16:00,True,31,49,265.0,12.0,12.619047619047619,0.5714285714285714,tp
2023-07-31,h062,11:01:00,short,17294.0,17290.0,13.0,2023-07-31 11:01:00,11:00:00,True,17,42,232.0,4.0,17.846153846153847,0.3076923076923077,tp
2023-07-31,h062,11:18:00,long,17232.0,17238.0,28.0,2023-07-31 11:18:00,11:17:00,True,16,48,2.0,180.0,0.07142857142857142,6.428571428571429,sl
2023-07-31,h062,11:33:00,short,17150.0,17145.0,38.0,2023-07-31 11:33:00,11:23:00,True,16,41,87.0,2.0,2.289473684210526,0.05263157894736842,tp
2023-08-01,h062,12:10:00,long,17182.0,17185.0,10.0,2023-08-01 12:10:00,12:09:00,True,7,21,20.0,21.0,2.0,2.1,sl
2023-08-01,h062,13:03:00,long,17193.0,17195.0,9.0,2023-08-01 13:03:00,13:01:00,True,16,38,10.0,23.0,1.1111111111111112,2.5555555555555554,tp
2023-08-02,h062,09:57:00,short,17073.0,17064.0,17.0,2023-08-02 09:57:00,09:55:00,True,15,40,258.0,7.0,15.176470588235293,0.4117647058823529,tp
2023-08-02,h062,11:57:00,long,16866.0,16874.0,18.0,2023-08-02 11:57:00,11:52:00,True,18,29,4.0,68.0,0.2222222222222222,3.7777777777777777,sl
2023-08-02,h062,12:36:00,long,16827.0,16832.0,7.0,2023-08-02 12:36:00,12:35:00,True,18,39,28.0,26.0,4.0,3.7142857142857144,tp
2023-08-02,h062,13:13:00,short,16814.0,16813.0,18.0,2023-08-02 13:13:00,13:03:00,False,3,9,7.0,41.0,0.3888888888888889,2.2777777777777777,sl
2023-08-04,h062,11:12:00,long,16858.0,16861.0,11.0,2023-08-04 11:12:00,11:11:00,True,12,40,2.0,69.0,0.18181818181818182,6.2727272727272725,sl
2023-08-07,h062,10:00:00,long,16933.0,16942.0,31.0,2023-08-07 10:00:00,09:59:00,True,68,116,85.0,32.0,2.7419354838709675,1.032258064516129,sl
2023-08-07,h062,10:34:00,long,16960.0,16962.0,14.0,2023-08-07 10:34:00,10:32:00,True,10,18,65.0,3.0,4.642857142857143,0.21428571428571427,tp
2023-08-07,h062,10:47:00,short,17001.0,16997.0,17.0,2023-08-07 10:47:00,10:45:00,True,18,37,30.0,30.0,1.7647058823529411,1.7647058823529411,sl
2023-08-07,h062,12:19:00,short,16970.0,16969.0,5.0,2023-08-07 12:19:00,12:18:00,True,12,15,2.0,58.0,0.4,11.6,sl
2023-08-07,h062,12:39:00,long,17013.0,17015.0,10.0,2023-08-07 12:39:00,12:37:00,True,20,27,12.0,33.0,1.2,3.3,sl
2023-08-07,h062,13:00:00,short,17013.0,17008.0,11.0,2023-08-07 13:00:00,12:57:00,False,4,11,26.0,19.0,2.3636363636363638,1.7272727272727273,tp
2023-08-08,h062,09:16:00,short,16923.0,16920.0,36.0,2023-08-08 09:16:00,09:12:00,True,28,54,163.0,28.0,4.527777777777778,0.7777777777777778,tp
2023-08-08,h062,11:31:00,short,16823.0,16822.0,13.0,2023-08-08 11:31:00,11:29:00,True,11,21,15.0,65.0,1.1538461538461537,5.0,tp
2023-08-08,h062,11:46:00,long,16842.0,16849.0,10.0,2023-08-08 11:46:00,11:43:00,True,11,18,38.0,25.0,3.8,2.5,tp
2023-08-08,h062,12:37:00,long,16852.0,16854.0,8.0,2023-08-08 12:37:00,12:35:00,False,0,4,33.0,9.0,4.125,1.125,tp
2023-08-08,h062,12:41:00,long,16866.0,16868.0,12.0,2023-08-08 12:41:00,12:40:00,True,12,29,19.0,23.0,1.5833333333333333,1.9166666666666667,tp
2023-08-08,h062,13:17:00,short,16857.0,16854.0,8.0,2023-08-08 13:17:00,13:13:00,False,3,6,9.0,11.0,1.125,1.375,sl
2023-08-09,h062,10:15:00,short,16861.0,16858.0,14.0,2023-08-09 10:15:00,10:14:00,True,20,41,78.0,32.0,5.571428571428571,2.2857142857142856,sl
2023-08-09,h062,11:11:00,short,16870.0,16861.0,20.0,2023-08-09 11:11:00,11:04:00,True,8,14,81.0,16.0,4.05,0.8,tp
2023-08-09,h062,11:50:00,long,16842.0,16843.0,11.0,2023-08-09 11:50:00,11:46:00,False,4,8,22.0,63.0,2.0,5.7272727272727275,sl
2023-08-09,h062,12:07:00,long,16858.0,16862.0,11.0,2023-08-09 12:07:00,12:05:00,True,7,15,3.0,82.0,0.2727272727272727,7.454545454545454,sl
2023-08-09,h062,12:26:00,short,16801.0,16790.0,24.0,2023-08-09 12:26:00,12:23:00,True,12,34,10.0,71.0,0.4166666666666667,2.9583333333333335,sl
2023-08-10,h062,11:01:00,long,16622.0,16633.0,22.0,2023-08-10 11:01:00,10:47:00,True,18,38,42.0,25.0,1.9090909090909092,1.1363636363636365,tp
2023-08-10,h062,11:33:00,long,16645.0,16647.0,13.0,2023-08-10 11:33:00,11:27:00,True,13,24,28.0,39.0,2.1538461538461537,3.0,tp
2023-08-10,h062,12:07:00,long,16660.0,16665.0,10.0,2023-08-10 12:07:00,12:02:00,True,22,26,10.0,57.0,1.0,5.7,tp
2023-08-11,h062,10:22:00,short,16666.0,16657.0,37.0,2023-08-11 10:22:00,10:21:00,True,23,77,83.0,20.0,2.2432432432432434,0.5405405405405406,tp
2023-08-11,h062,10:27:00,short,16630.0,16624.0,26.0,2023-08-11 10:27:00,10:23:00,True,53,78,50.0,53.0,1.9230769230769231,2.0384615384615383,tp
2023-08-11,h062,11:46:00,short,16629.0,16628.0,13.0,2023-08-11 11:46:00,11:37:00,True,13,21,20.0,15.0,1.5384615384615385,1.1538461538461537,sl
2023-08-11,h062,12:07:00,long,16628.0,16634.0,15.0,2023-08-11 12:07:00,12:02:00,True,15,20,1.0,26.0,0.06666666666666667,1.7333333333333334,sl
2023-08-11,h062,12:47:00,short,16619.0,16618.0,13.0,2023-08-11 12:47:00,12:39:00,False,3,5,6.0,17.0,0.46153846153846156,1.3076923076923077,sl
2023-08-11,h062,13:06:00,short,16626.0,16625.0,9.0,2023-08-11 13:06:00,13:03:00,False,4,7,11.0,8.0,1.2222222222222223,0.8888888888888888,tp
2023-08-14,h062,12:18:00,long,16344.0,16345.0,13.0,2023-08-14 12:18:00,12:17:00,True,13,24,38.0,23.0,2.923076923076923,1.7692307692307692,sl
2023-08-15,h062,12:10:00,short,16449.0,16444.0,8.0,2023-08-15 12:10:00,12:05:00,False,4,11,22.0,40.0,2.75,5.0,tp
2023-08-15,h062,12:13:00,short,16438.0,16437.0,7.0,2023-08-15 12:13:00,12:11:00,False,2,5,15.0,47.0,2.142857142857143,6.714285714285714,sl
2023-08-15,h062,12:46:00,short,16469.0,16467.0,13.0,2023-08-15 12:46:00,12:35:00,False,4,6,45.0,8.0,3.4615384615384617,0.6153846153846154,tp
2023-08-16,h062,09:47:00,short,16380.0,16379.0,13.0,2023-08-16 09:47:00,09:43:00,True,11,22,42.0,34.0,3.230769230769231,2.6153846153846154,sl
2023-08-16,h062,12:01:00,long,16371.0,16372.0,12.0,2023-08-16 12:01:00,11:59:00,False,2,5,12.0,35.0,1.0,2.9166666666666665,sl
2023-08-16,h062,12:22:00,short,16357.0,16348.0,6.0,2023-08-16 12:22:00,12:21:00,True,22,41,11.0,36.0,1.8333333333333333,6.0,tp
2023-08-16,h062,12:26:00,long,16347.0,16350.0,10.0,2023-08-16 12:26:00,12:24:00,True,12,20,34.0,11.0,3.4,1.1,sl
2023-08-16,h062,12:55:00,long,16361.0,16369.0,16.0,2023-08-16 12:55:00,12:54:00,True,22,60,15.0,19.0,0.9375,1.1875,sl
2023-08-16,h062,12:58:00,long,16380.0,16383.0,11.0,2023-08-16 12:58:00,12:56:00,True,17,42,-1.0,33.0,-0.09090909090909091,3.0,sl
2023-08-17,h062,09:30:00,long,16235.0,16247.0,30.0,2023-08-17 09:30:00,09:27:00,True,29,74,246.0,4.0,8.2,0.13333333333333333,tp
2023-08-17,h062,10:48:00,short,16403.0,16402.0,28.0,2023-08-17 10:48:00,10:36:00,True,15,26,-2.0,91.0,-0.07142857142857142,3.25,sl
2023-08-17,h062,10:59:00,long,16457.0,16466.0,21.0,2023-08-17 10:59:00,10:58:00,True,28,96,27.0,34.0,1.2857142857142858,1.619047619047619,tp
2023-08-17,h062,12:15:00,long,16445.0,16454.0,13.0,2023-08-17 12:15:00,12:04:00,True,16,32,32.0,3.0,2.4615384615384617,0.23076923076923078,tp
2023-08-17,h062,12:28:00,long,16472.0,16474.0,10.0,2023-08-17 12:28:00,12:27:00,True,9,23,12.0,22.0,1.2,2.2,sl
2023-08-17,h062,13:12:00,long,16465.0,16469.0,13.0,2023-08-17 13:12:00,13:04:00,True,7,15,17.0,17.0,1.3076923076923077,1.3076923076923077,tp
2023-08-17,h062,13:29:00,short,16476.0,16473.0,8.0,2023-08-17 13:29:00,13:25:00,True,16,41,21.0,2.0,2.625,0.25,tp
2023-08-18,h062,10:37:00,long,16405.0,16411.0,21.0,2023-08-18 10:37:00,10:36:00,True,39,83,15.0,91.0,0.7142857142857143,4.333333333333333,sl
2023-08-18,h062,12:02:00,short,16363.0,16351.0,13.0,2023-08-18 12:02:00,12:01:00,True,14,44,31.0,20.0,2.3846153846153846,1.5384615384615385,tp
2023-08-21,h062,11:21:00,short,16369.0,16357.0,17.0,2023-08-21 11:21:00,11:20:00,True,14,33,32.0,14.0,1.8823529411764706,0.8235294117647058,tp
2023-08-21,h062,11:49:00,long,16335.0,16346.0,10.0,2023-08-21 11:49:00,11:46:00,True,26,48,19.0,14.0,1.9,1.4,sl
2023-08-21,h062,12:53:00,short,16335.0,16333.0,8.0,2023-08-21 12:53:00,12:48:00,False,0,4,1.0,30.0,0.125,3.75,sl
2023-08-21,h062,13:09:00,short,16354.0,16349.0,9.0,2023-08-21 13:09:00,13:08:00,False,3,6,17.0,2.0,1.8888888888888888,0.2222222222222222,tp
2023-08-22,h062,10:08:00,short,16396.0,16388.0,15.0,2023-08-22 10:08:00,10:07:00,True,37,65,8.0,72.0,0.5333333333333333,4.8,sl
2023-08-22,h062,12:21:00,short,16417.0,16412.0,7.0,2023-08-22 12:21:00,12:19:00,True,11,25,21.0,26.0,3.0,3.7142857142857144,tp
2023-08-22,h062,13:13:00,short,16422.0,16420.0,16.0,2023-08-22 13:13:00,13:05:00,True,5,7,29.0,2.0,1.8125,0.125,tp
2023-08-23,h062,09:11:00,long,16466.0,16476.0,19.0,2023-08-23 09:11:00,09:10:00,True,27,90,85.0,25.0,4.473684210526316,1.3157894736842106,tp
2023-08-23,h062,10:24:00,long,16516.0,16532.0,16.0,2023-08-23 10:24:00,10:23:00,True,79,140,29.0,25.0,1.8125,1.5625,tp
2023-08-23,h062,11:56:00,short,16519.0,16516.0,4.0,2023-08-23 11:56:00,11:55:00,True,18,39,3.0,45.0,0.75,11.25,sl
2023-08-23,h062,12:05:00,long,16529.0,16535.0,11.0,2023-08-23 12:05:00,11:59:00,True,8,20,26.0,11.0,2.3636363636363638,1.0,sl
2023-08-23,h062,12:31:00,short,16546.0,16544.0,9.0,2023-08-23 12:31:00,12:29:00,True,7,23,17.0,17.0,1.8888888888888888,1.8888888888888888,tp
2023-08-24,h062,10:14:00,short,16776.0,16774.0,22.0,2023-08-24 10:14:00,10:10:00,True,8,21,104.0,12.0,4.7272727272727275,0.5454545454545454,tp
2023-08-24,h062,10:55:00,long,16779.0,16782.0,21.0,2023-08-24 10:55:00,10:54:00,True,11,34,4.0,112.0,0.19047619047619047,5.333333333333333,sl
2023-08-24,h062,11:06:00,short,16742.0,16731.0,18.0,2023-08-24 11:06:00,11:05:00,True,16,39,61.0,30.0,3.388888888888889,1.6666666666666667,tp
2023-08-24,h062,11:33:00,short,16703.0,16697.0,23.0,2023-08-24 11:33:00,11:32:00,True,32,55,27.0,64.0,1.173913043478261,2.782608695652174,tp
2023-08-24,h062,11:39:00,short,16672.0,16670.0,25.0,2023-08-24 11:39:00,11:38:00,True,19,43,0.0,91.0,0.0,3.64,sl
2023-08-24,h062,12:38:00,short,16719.0,16717.0,7.0,2023-08-24 12:38:00,12:37:00,False,4,8,4.0,44.0,0.5714285714285714,6.285714285714286,sl
2023-08-24,h062,12:51:00,long,16738.0,16741.0,9.0,2023-08-24 12:51:00,12:50:00,True,7,21,20.0,5.0,2.2222222222222223,0.5555555555555556,tp
2023-08-24,h062,13:28:00,short,16747.0,16746.0,6.0,2023-08-24 13:28:00,13:23:00,False,0,2,3.0,15.0,0.5,2.5,sl
2023-08-25,h062,09:42:00,long,16530.0,16535.0,16.0,2023-08-25 09:42:00,09:37:00,True,6,21,32.0,120.0,2.0,7.5,sl
2023-08-25,h062,10:27:00,short,16522.0,16521.0,16.0,2023-08-25 10:27:00,10:25:00,True,15,36,106.0,24.0,6.625,1.5,sl
2023-08-25,h062,12:44:00,short,16477.0,16475.0,13.0,2023-08-25 12:44:00,12:42:00,True,7,13,60.0,10.0,4.615384615384615,0.7692307692307693,tp
2023-08-25,h062,12:58:00,short,16460.0,16458.0,12.0,2023-08-25 12:58:00,12:54:00,True,11,22,43.0,16.0,3.5833333333333335,1.3333333333333333,sl
2023-08-25,h062,13:12:00,short,16446.0,16442.0,12.0,2023-08-25 13:12:00,13:11:00,True,19,39,27.0,6.0,2.25,0.5,tp
2023-08-28,h062,10:09:00,short,16522.0,16518.0,18.0,2023-08-28 10:09:00,10:01:00,True,13,33,57.0,30.0,3.1666666666666665,1.6666666666666667,tp
2023-08-28,h062,11:30:00,short,16501.0,16497.0,10.0,2023-08-28 11:30:00,11:24:00,True,6,16,36.0,15.0,3.6,1.5,sl
2023-08-28,h062,12:34:00,long,16496.0,16500.0,15.0,2023-08-28 12:34:00,12:30:00,True,19,28,12.0,17.0,0.8,1.1333333333333333,sl
2023-08-29,h062,09:52:00,short,16505.0,16490.0,21.0,2023-08-29 09:52:00,09:51:00,True,50,92,37.0,142.0,1.7619047619047619,6.761904761904762,tp
2023-08-29,h062,10:03:00,long,16475.0,16480.0,22.0,2023-08-29 10:03:00,09:59:00,True,22,36,152.0,4.0,6.909090909090909,0.18181818181818182,tp
2023-08-29,h062,11:01:00,long,16523.0,16530.0,8.0,2023-08-29 11:01:00,11:00:00,True,29,50,102.0,28.0,12.75,3.5,sl
2023-08-29,h062,12:56:00,long,16544.0,16545.0,6.0,2023-08-29 12:56:00,12:52:00,True,7,15,87.0,2.0,14.5,0.3333333333333333,tp
2023-08-29,h062,13:01:00,long,16560.0,16567.0,9.0,2023-08-29 13:01:00,13:00:00,True,20,42,65.0,6.0,7.222222222222222,0.6666666666666666,tp
2023-08-29,h062,13:15:00,long,16590.0,16595.0,16.0,2023-08-29 13:15:00,13:10:00,True,20,57,37.0,2.0,2.3125,0.125,tp
2023-08-29,h062,13:17:00,long,16604.0,16607.0,11.0,2023-08-29 13:17:00,13:16:00,True,12,38,25.0,2.0,2.272727272727273,0.18181818181818182,tp
2023-08-30,h062,10:25:00,long,16739.0,16740.0,14.0,2023-08-30 10:25:00,10:24:00,True,6,19,4.0,45.0,0.2857142857142857,3.2142857142857144,sl
2023-08-30,h062,11:03:00,long,16702.0,16708.0,7.0,2023-08-30 11:03:00,11:01:00,True,9,26,36.0,3.0,5.142857142857143,0.42857142857142855,tp
2023-08-30,h062,11:39:00,long,16731.0,16733.0,8.0,2023-08-30 11:39:00,11:37:00,True,6,13,11.0,18.0,1.375,2.25,sl
2023-08-30,h062,12:03:00,short,16719.0,16717.0,7.0,2023-08-30 12:03:00,12:00:00,False,0,2,2.0,27.0,0.2857142857142857,3.857142857142857,sl
2023-08-30,h062,12:16:00,short,16733.0,16730.0,5.0,2023-08-30 12:16:00,12:14:00,False,0,0,15.0,14.0,3.0,2.8,tp
2023-08-30,h062,13:03:00,short,16719.0,16717.0,10.0,2023-08-30 13:03:00,13:02:00,True,6,24,2.0,12.0,0.2,1.2,sl
2023-08-31,h062,09:43:00,long,16637.0,16646.0,13.0,2023-08-31 09:43:00,09:42:00,True,22,40,42.0,44.0,3.230769230769231,3.3846153846153846,tp
2023-08-31,h062,10:41:00,short,16678.0,16675.0,9.0,2023-08-31 10:41:00,10:39:00,True,5,10,73.0,13.0,8.11111111111111,1.4444444444444444,sl
2023-08-31,h062,11:19:00,short,16644.0,16640.0,7.0,2023-08-31 11:19:00,11:18:00,True,9,17,38.0,16.0,5.428571428571429,2.2857142857142856,sl
2023-08-31,h062,11:56:00,short,16627.0,16611.0,8.0,2023-08-31 11:56:00,11:55:00,True,69,116,9.0,45.0,1.125,5.625,sl
2023-08-31,h062,13:26:00,long,16639.0,16642.0,6.0,2023-08-31 13:26:00,13:22:00,True,14,40,4.0,40.0,0.6666666666666666,6.666666666666667,sl
2023-09-01,h062,09:17:00,short,16651.0,16649.0,14.0,2023-09-01 09:17:00,09:13:00,True,6,12,9.0,78.0,0.6428571428571429,5.571428571428571,sl
2023-09-01,h062,09:53:00,long,16704.0,16711.0,20.0,2023-09-01 09:53:00,09:48:00,True,15,33,16.0,71.0,0.8,3.55,sl
2023-09-01,h062,10:51:00,short,16680.0,16677.0,12.0,2023-09-01 10:51:00,10:50:00,True,11,29,37.0,25.0,3.0833333333333335,2.0833333333333335,sl
2023-09-01,h062,10:57:00,long,16676.0,16681.0,10.0,2023-09-01 10:57:00,10:54:00,True,5,8,21.0,41.0,2.1,4.1,tp
2023-09-01,h062,11:39:00,short,16683.0,16678.0,8.0,2023-09-01 11:39:00,11:36:00,False,4,6,38.0,15.0,4.75,1.875,tp
2023-09-01,h062,11:48:00,long,16664.0,16665.0,11.0,2023-09-01 11:48:00,11:47:00,True,6,12,28.0,25.0,2.5454545454545454,2.272727272727273,tp
2023-09-01,h062,12:38:00,short,16687.0,16686.0,6.0,2023-09-01 12:38:00,12:37:00,False,4,14,46.0,5.0,7.666666666666667,0.8333333333333334,tp
2023-09-01,h062,13:08:00,short,16660.0,16654.0,12.0,2023-09-01 13:08:00,13:07:00,True,17,29,14.0,21.0,1.1666666666666667,1.75,sl
2023-09-04,h062,10:26:00,long,16701.0,16707.0,11.0,2023-09-04 10:26:00,10:24:00,True,25,47,75.0,2.0,6.818181818181818,0.18181818181818182,tp
2023-09-04,h062,10:29:00,long,16720.0,16726.0,15.0,2023-09-04 10:29:00,10:27:00,True,58,95,56.0,2.0,3.7333333333333334,0.13333333333333333,tp
2023-09-04,h062,12:10:00,short,16739.0,16738.0,16.0,2023-09-04 12:10:00,11:34:00,True,10,14,6.0,44.0,0.375,2.75,sl
2023-09-04,h062,12:36:00,long,16738.0,16739.0,4.0,2023-09-04 12:36:00,12:33:00,False,0,2,43.0,0.0,10.75,0.0,tp
2023-09-04,h062,12:59:00,long,16757.0,16761.0,5.0,2023-09-04 12:59:00,12:58:00,True,17,19,21.0,12.0,4.2,2.4,sl
2023-09-04,h062,13:02:00,short,16754.0,16753.0,7.0,2023-09-04 13:02:00,13:00:00,True,5,12,4.0,29.0,0.5714285714285714,4.142857142857143,sl
2023-09-05,h062,11:15:00,short,16721.0,16720.0,11.0,2023-09-05 11:15:00,11:13:00,True,7,9,0.0,45.0,0.0,4.090909090909091,sl
2023-09-05,h062,11:38:00,short,16736.0,16735.0,6.0,2023-09-05 11:38:00,11:35:00,False,0,3,8.0,30.0,1.3333333333333333,5.0,tp
2023-09-05,h062,12:36:00,long,16747.0,16752.0,5.0,2023-09-05 12:36:00,12:33:00,True,20,27,13.0,5.0,2.6,1.0,tp
2023-09-05,h062,12:41:00,short,16753.0,16752.0,11.0,2023-09-05 12:41:00,12:37:00,False,4,11,5.0,13.0,0.45454545454545453,1.1818181818181819,sl
2023-09-06,h062,09:52:00,short,16734.0,16733.0,16.0,2023-09-06 09:52:00,09:51:00,True,19,37,31.0,39.0,1.9375,2.4375,tp
2023-09-06,h062,11:10:00,long,16720.0,16721.0,12.0,2023-09-06 11:10:00,11:09:00,True,12,23,32.0,19.0,2.6666666666666665,1.5833333333333333,tp
2023-09-06,h062,12:35:00,short,16746.0,16744.0,7.0,2023-09-06 12:35:00,12:34:00,True,9,12,42.0,1.0,6.0,0.14285714285714285,tp
2023-09-06,h062,12:56:00,short,16719.0,16717.0,12.0,2023-09-06 12:56:00,12:45:00,False,4,9,15.0,12.0,1.25,1.0,sl
2023-09-07,h062,10:13:00,long,16630.0,16634.0,17.0,2023-09-07 10:13:00,10:06:00,True,7,13,16.0,74.0,0.9411764705882353,4.352941176470588,sl
2023-09-07,h062,10:16:00,long,16645.0,16648.0,14.0,2023-09-07 10:16:00,10:15:00,True,22,32,2.0,88.0,0.14285714285714285,6.285714285714286,sl
2023-09-07,h062,10:19:00,short,16639.0,16635.0,11.0,2023-09-07 10:19:00,10:17:00,True,7,14,75.0,11.0,6.818181818181818,1.0,tp
2023-09-07,h062,10:52:00,short,16607.0,16597.0,13.0,2023-09-07 10:52:00,10:51:00,True,43,61,37.0,49.0,2.8461538461538463,3.769230769230769,sl
2023-09-07,h062,11:45:00,short,16639.0,16635.0,4.0,2023-09-07 11:45:00,11:42:00,True,11,13,75.0,5.0,18.75,1.25,sl
2023-09-07,h062,12:39:00,short,16598.0,16592.0,5.0,2023-09-07 12:39:00,12:38:00,True,27,33,32.0,1.0,6.4,0.2,tp
2023-09-07,h062,12:42:00,short,16579.0,16577.0,14.0,2023-09-07 12:42:00,12:40:00,True,11,17,17.0,6.0,1.2142857142857142,0.42857142857142855,tp
2023-09-08,h062,09:58:00,long,16485.0,16488.0,18.0,2023-09-08 09:58:00,09:49:00,True,5,10,91.0,6.0,5.055555555555555,0.3333333333333333,tp
2023-09-08,h062,10:26:00,long,16539.0,16542.0,15.0,2023-09-08 10:26:00,10:21:00,True,29,53,37.0,10.0,2.466666666666667,0.6666666666666666,tp
2023-09-08,h062,12:14:00,long,16554.0,16555.0,8.0,2023-09-08 12:14:00,12:02:00,False,0,0,24.0,23.0,3.0,2.875,tp
2023-09-08,h062,12:25:00,long,16573.0,16577.0,10.0,2023-09-08 12:25:00,12:24:00,True,23,66,1.0,45.0,0.1,4.5,sl
2023-09-08,h062,13:12:00,short,16544.0,16540.0,10.0,2023-09-08 13:12:00,13:10:00,False,4,12,7.0,26.0,0.7,2.6,sl
2023-09-11,h062,09:20:00,short,16526.0,16517.0,14.0,2023-09-11 09:20:00,09:19:00,True,37,85,151.0,0.0,10.785714285714286,0.0,tp
2023-09-11,h062,09:31:00,short,16455.0,16445.0,26.0,2023-09-11 09:31:00,09:27:00,True,25,76,79.0,23.0,3.0384615384615383,0.8846153846153846,tp
2023-09-11,h062,10:42:00,short,16398.0,16391.0,17.0,2023-09-11 10:42:00,10:37:00,True,12,23,25.0,40.0,1.4705882352941178,2.3529411764705883,sl
2023-09-11,h062,11:15:00,long,16378.0,16382.0,12.0,2023-09-11 11:15:00,11:11:00,True,11,19,49.0,10.0,4.083333333333333,0.8333333333333334,tp
2023-09-11,h062,11:45:00,short,16390.0,16388.0,11.0,2023-09-11 11:45:00,11:39:00,True,8,16,16.0,43.0,1.4545454545454546,3.909090909090909,tp
2023-09-11,h062,12:03:00,long,16396.0,16404.0,6.0,2023-09-11 12:03:00,12:02:00,True,24,78,27.0,23.0,4.5,3.8333333333333335,sl
2023-09-11,h062,12:14:00,long,16394.0,16398.0,13.0,2023-09-11 12:14:00,12:13:00,True,9,28,33.0,0.0,2.5384615384615383,0.0,tp
2023-09-11,h062,12:52:00,short,16415.0,16414.0,7.0,2023-09-11 12:52:00,12:51:00,False,0,3,11.0,17.0,1.5714285714285714,2.4285714285714284,sl
2023-09-11,h062,13:04:00,short,16422.0,16421.0,8.0,2023-09-11 13:04:00,13:00:00,False,0,4,18.0,8.0,2.25,1.0,tp
2023-09-12,h062,10:12:00,long,16468.0,16478.0,10.0,2023-09-12 10:12:00,10:07:00,True,43,103,113.0,11.0,11.3,1.1,sl
2023-09-12,h062,10:37:00,long,16508.0,16513.0,15.0,2023-09-12 10:37:00,10:36:00,True,32,49,78.0,8.0,5.2,0.5333333333333333,tp
2023-09-12,h062,11:15:00,long,16559.0,16562.0,13.0,2023-09-12 11:15:00,11:14:00,True,46,78,29.0,25.0,2.230769230769231,1.9230769230769231,sl
2023-09-12,h062,12:01:00,long,16567.0,16572.0,10.0,2023-09-12 12:01:00,12:00:00,True,28,46,19.0,35.0,1.9,3.5,tp
2023-09-12,h062,12:15:00,short,16572.0,16570.0,18.0,2023-09-12 12:15:00,12:02:00,False,4,7,33.0,4.0,1.8333333333333333,0.2222222222222222,tp
2023-09-12,h062,13:10:00,long,16553.0,16555.0,9.0,2023-09-12 13:10:00,13:03:00,True,9,25,19.0,12.0,2.111111111111111,1.3333333333333333,sl
2023-09-12,h062,13:26:00,long,16562.0,16566.0,9.0,2023-09-12 13:26:00,13:25:00,True,13,21,8.0,23.0,0.8888888888888888,2.5555555555555554,sl
2023-09-13,h062,09:17:00,long,16621.0,16625.0,20.0,2023-09-13 09:17:00,09:16:00,True,31,63,20.0,102.0,1.0,5.1,tp
2023-09-13,h062,10:38:00,short,16541.0,16540.0,13.0,2023-09-13 10:38:00,10:36:00,True,10,25,17.0,60.0,1.3076923076923077,4.615384615384615,sl
2023-09-13,h062,11:32:00,short,16542.0,16541.0,11.0,2023-09-13 11:32:00,11:29:00,False,0,2,18.0,59.0,1.6363636363636365,5.363636363636363,tp
2023-09-13,h062,11:36:00,long,16543.0,16547.0,7.0,2023-09-13 11:36:00,11:33:00,False,4,6,53.0,24.0,7.571428571428571,3.4285714285714284,sl
2023-09-13,h062,11:44:00,short,16527.0,16525.0,12.0,2023-09-13 11:44:00,11:42:00,True,16,35,1.0,75.0,0.08333333333333333,6.25,sl
2023-09-13,h062,12:57:00,long,16583.0,16593.0,6.0,2023-09-13 12:57:00,12:56:00,True,22,61,7.0,25.0,1.1666666666666667,4.166666666666667,tp
2023-09-13,h062,13:01:00,long,16597.0,16598.0,6.0,2023-09-13 13:01:00,13:00:00,True,15,24,2.0,30.0,0.3333333333333333,5.0,sl
2023-09-14,h062,10:29:00,short,16776.0,16775.0,7.0,2023-09-14 10:29:00,10:28:00,False,4,9,13.0,67.0,1.8571428571428572,9.571428571428571,tp
2023-09-14,h062,11:27:00,long,16780.0,16782.0,6.0,2023-09-14 11:27:00,11:25:00,True,21,29,60.0,9.0,10.0,1.5,sl
2023-09-14,h062,11:42:00,long,16790.0,16794.0,7.0,2023-09-14 11:42:00,11:39:00,True,14,31,48.0,11.0,6.857142857142857,1.5714285714285714,sl
2023-09-14,h062,11:53:00,long,16800.0,16806.0,8.0,2023-09-14 11:53:00,11:52:00,True,28,61,36.0,4.0,4.5,0.5,tp
2023-09-15,h062,10:00:00,long,16865.0,16869.0,12.0,2023-09-15 10:00:00,09:59:00,True,31,74,49.0,42.0,4.083333333333333,3.5,tp
2023-09-15,h062,10:04:00,short,16868.0,16863.0,11.0,2023-09-15 10:04:00,10:01:00,True,11,28,36.0,55.0,3.272727272727273,5.0,tp
2023-09-15,h062,11:52:00,long,16865.0,16867.0,3.0,2023-09-15 11:52:00,11:51:00,False,0,2,51.0,11.0,17.0,3.6666666666666665,tp
2023-09-15,h062,12:13:00,short,16869.0,16867.0,6.0,2023-09-15 12:13:00,12:12:00,False,0,1,4.0,51.0,0.6666666666666666,8.5,sl
2023-09-15,h062,12:24:00,short,16876.0,16874.0,11.0,2023-09-15 12:24:00,12:20:00,True,21,28,8.0,44.0,0.7272727272727273,4.0,sl
2023-09-15,h062,12:46:00,long,16897.0,16902.0,6.0,2023-09-15 12:46:00,12:45:00,True,16,38,16.0,20.0,2.6666666666666665,3.3333333333333335,sl
2023-09-15,h062,13:26:00,long,16893.0,16897.0,11.0,2023-09-15 13:26:00,13:25:00,True,9,18,21.0,2.0,1.9090909090909092,0.18181818181818182,tp
2023-09-18,h062,10:29:00,short,16755.0,16751.0,17.0,2023-09-18 10:29:00,10:28:00,True,13,30,51.0,11.0,3.0,0.6470588235294118,tp
2023-09-18,h062,10:35:00,short,16741.0,16735.0,11.0,2023-09-18 10:35:00,10:30:00,True,31,71,35.0,27.0,3.1818181818181817,2.4545454545454546,sl
2023-09-18,h062,11:46:00,long,16734.0,16738.0,6.0,2023-09-18 11:46:00,11:45:00,True,10,17,11.0,38.0,1.8333333333333333,6.333333333333333,sl
2023-09-18,h062,12:02:00,short,16721.0,16719.0,7.0,2023-09-18 12:02:00,12:00:00,True,18,25,19.0,30.0,2.7142857142857144,4.285714285714286,sl
2023-09-18,h062,12:49:00,long,16729.0,16731.0,7.0,2023-09-18 12:49:00,12:47:00,False,3,10,2.0,31.0,0.2857142857142857,4.428571428571429,sl
2023-09-18,h062,13:25:00,short,16716.0,16715.0,10.0,2023-09-18 13:25:00,13:15:00,True,19,39,15.0,11.0,1.5,1.1,tp
2023-09-19,h062,11:56:00,short,16662.0,16661.0,9.0,2023-09-19 11:56:00,11:55:00,False,3,6,58.0,22.0,6.444444444444445,2.4444444444444446,tp
2023-09-19,h062,12:05:00,long,16657.0,16663.0,10.0,2023-09-19 12:05:00,11:58:00,True,10,27,20.0,60.0,2.0,6.0,tp
2023-09-19,h062,12:46:00,short,16648.0,16645.0,12.0,2023-09-19 12:46:00,12:35:00,True,18,32,42.0,14.0,3.5,1.1666666666666667,sl
2023-09-19,h062,13:10:00,long,16644.0,16645.0,9.0,2023-09-19 13:10:00,13:05:00,True,15,33,10.0,42.0,1.1111111111111112,4.666666666666667,tp
2023-09-20,h062,09:48:00,long,16644.0,16648.0,16.0,2023-09-20 09:48:00,09:42:00,True,25,64,10.0,104.0,0.625,6.5,sl
2023-09-20,h062,12:02:00,short,16589.0,16588.0,9.0,2023-09-20 12:02:00,12:01:00,True,9,15,44.0,4.0,4.888888888888889,0.4444444444444444,tp
2023-09-20,h062,12:41:00,short,16563.0,16556.0,9.0,2023-09-20 12:41:00,12:34:00,True,20,36,12.0,24.0,1.3333333333333333,2.6666666666666665,tp
2023-09-20,h062,13:18:00,long,16555.0,16558.0,11.0,2023-09-20 13:18:00,13:11:00,True,10,32,22.0,12.0,2.0,1.0909090909090908,sl
2023-09-21,h062,13:22:00,short,16305.0,16302.0,7.0,2023-09-21 13:22:00,13:13:00,True,15,19,14.0,18.0,2.0,2.5714285714285716,tp
2023-09-22,h062,11:16:00,long,16320.0,16322.0,15.0,2023-09-22 11:16:00,11:14:00,True,18,32,33.0,19.0,2.2,1.2666666666666666,sl
2023-09-22,h062,12:07:00,long,16345.0,16348.0,14.0,2023-09-22 12:07:00,12:06:00,True,20,39,7.0,39.0,0.5,2.7857142857142856,sl
2023-09-22,h062,12:48:00,long,16320.0,16323.0,11.0,2023-09-22 12:48:00,12:45:00,True,5,8,23.0,2.0,2.090909090909091,0.18181818181818182,tp
2023-09-25,h062,09:46:00,short,16422.0,16420.0,24.0,2023-09-25 09:46:00,09:45:00,True,7,22,3.0,71.0,0.125,2.9583333333333335,sl
2023-09-25,h062,10:35:00,long,16440.0,16442.0,9.0,2023-09-25 10:35:00,10:34:00,True,22,30,49.0,2.0,5.444444444444445,0.2222222222222222,tp
2023-09-25,h062,10:41:00,long,16451.0,16453.0,11.0,2023-09-25 10:41:00,10:36:00,True,11,30,38.0,7.0,3.4545454545454546,0.6363636363636364,tp
2023-09-25,h062,10:44:00,short,16453.0,16451.0,11.0,2023-09-25 10:44:00,10:42:00,True,5,14,5.0,40.0,0.45454545454545453,3.6363636363636362,sl
2023-09-25,h062,11:09:00,long,16467.0,16470.0,7.0,2023-09-25 11:09:00,11:08:00,True,15,38,21.0,17.0,3.0,2.4285714285714284,sl
2023-09-25,h062,11:43:00,long,16477.0,16479.0,8.0,2023-09-25 11:43:00,11:41:00,True,25,48,12.0,26.0,1.5,3.25,sl
2023-09-25,h062,12:18:00,long,16467.0,16468.0,9.0,2023-09-25 12:18:00,12:06:00,False,4,5,23.0,15.0,2.5555555555555554,1.6666666666666667,tp
2023-09-25,h062,12:51:00,long,16480.0,16486.0,10.0,2023-09-25 12:51:00,12:50:00,True,34,54,5.0,33.0,0.5,3.3,sl
2023-09-25,h062,13:25:00,short,16466.0,16465.0,6.0,2023-09-25 13:25:00,13:24:00,True,8,26,12.0,3.0,2.0,0.5,tp
2023-09-26,h062,09:47:00,long,16325.0,16329.0,17.0,2023-09-26 09:47:00,09:45:00,True,15,34,19.0,56.0,1.1176470588235294,3.2941176470588234,tp
2023-09-26,h062,10:25:00,short,16304.0,16296.0,18.0,2023-09-26 10:25:00,10:14:00,True,24,39,23.0,24.0,1.2777777777777777,1.3333333333333333,tp
2023-09-26,h062,11:24:00,long,16313.0,16315.0,8.0,2023-09-26 11:24:00,11:22:00,True,6,20,5.0,42.0,0.625,5.25,sl
2023-09-26,h062,12:44:00,short,16298.0,16296.0,6.0,2023-09-26 12:44:00,12:42:00,False,3,8,23.0,13.0,3.8333333333333335,2.1666666666666665,tp
2023-09-26,h062,12:46:00,short,16289.0,16287.0,9.0,2023-09-26 12:46:00,12:45:00,False,3,6,14.0,22.0,1.5555555555555556,2.4444444444444446,tp
2023-09-26,h062,12:49:00,short,16284.0,16278.0,4.0,2023-09-26 12:49:00,12:47:00,True,14,31,5.0,31.0,1.25,7.75,sl
2023-09-26,h062,12:52:00,long,16284.0,16285.0,11.0,2023-09-26 12:52:00,12:50:00,True,7,23,24.0,7.0,2.1818181818181817,0.6363636363636364,tp
2023-09-27,h062,10:15:00,short,16314.0,16308.0,20.0,2023-09-27 10:15:00,10:05:00,True,9,24,56.0,9.0,2.8,0.45,tp
2023-09-27,h062,11:31:00,short,16257.0,16256.0,9.0,2023-09-27 11:31:00,11:30:00,False,0,3,4.0,61.0,0.4444444444444444,6.777777777777778,sl
2023-09-27,h062,12:36:00,long,16275.0,16282.0,6.0,2023-09-27 12:36:00,12:35:00,True,15,47,35.0,6.0,5.833333333333333,1.0,sl
2023-09-27,h062,12:47:00,short,16286.0,16285.0,5.0,2023-09-27 12:47:00,12:44:00,True,5,13,2.0,32.0,0.4,6.4,sl
2023-09-28,h062,09:49:00,long,16383.0,16387.0,22.0,2023-09-28 09:49:00,09:44:00,True,14,33,13.0,92.0,0.5909090909090909,4.181818181818182,sl
2023-09-28,h062,10:18:00,short,16356.0,16351.0,21.0,2023-09-28 10:18:00,10:17:00,True,29,68,56.0,29.0,2.6666666666666665,1.380952380952381,tp
2023-09-28,h062,10:34:00,short,16338.0,16335.0,15.0,2023-09-28 10:34:00,10:26:00,True,9,26,40.0,45.0,2.6666666666666665,3.0,tp
2023-09-28,h062,11:00:00,short,16304.0,16303.0,25.0,2023-09-28 11:00:00,10:57:00,True,7,21,8.0,77.0,0.32,3.08,sl
2023-09-28,h062,12:11:00,short,16306.0,16305.0,6.0,2023-09-28 12:11:00,12:09:00,True,14,17,9.0,75.0,1.5,12.5,tp
2023-09-28,h062,13:08:00,short,16354.0,16352.0,10.0,2023-09-28 13:08:00,13:02:00,True,7,13,3.0,28.0,0.3,2.8,sl
2023-10-02,h062,11:32:00,short,16590.0,16582.0,9.0,2023-10-02 11:32:00,11:27:00,True,15,26,32.0,13.0,3.5555555555555554,1.4444444444444444,tp
2023-10-02,h062,11:37:00,long,16584.0,16585.0,6.0,2023-10-02 11:37:00,11:33:00,False,3,5,10.0,35.0,1.6666666666666667,5.833333333333333,sl
2023-10-02,h062,12:31:00,long,16587.0,16588.0,4.0,2023-10-02 12:31:00,12:29:00,True,6,6,2.0,38.0,0.5,9.5,sl
2023-10-02,h062,12:36:00,short,16575.0,16566.0,7.0,2023-10-02 12:36:00,12:35:00,True,23,55,16.0,8.0,2.2857142857142856,1.1428571428571428,tp
2023-10-02,h062,12:45:00,long,16568.0,16570.0,11.0,2023-10-02 12:45:00,12:37:00,True,11,25,4.0,20.0,0.36363636363636365,1.8181818181818181,sl
2023-10-02,h062,13:16:00,short,16561.0,16559.0,8.0,2023-10-02 13:16:00,13:12:00,True,6,11,9.0,15.0,1.125,1.875,sl
2023-10-03,h062,10:05:00,short,16498.0,16497.0,15.0,2023-10-03 10:05:00,10:03:00,True,20,48,89.0,32.0,5.933333333333334,2.1333333333333333,tp
2023-10-03,h062,10:16:00,long,16490.0,16492.0,19.0,2023-10-03 10:16:00,10:09:00,True,6,15,37.0,84.0,1.9473684210526316,4.421052631578948,tp
2023-10-03,h062,11:32:00,long,16505.0,16511.0,11.0,2023-10-03 11:32:00,11:23:00,True,8,11,9.0,103.0,0.8181818181818182,9.363636363636363,sl
2023-10-03,h062,11:35:00,short,16512.0,16507.0,6.0,2023-10-03 11:35:00,11:33:00,False,2,5,99.0,13.0,16.5,2.1666666666666665,sl
2023-10-03,h062,12:45:00,short,16496.0,16493.0,13.0,2023-10-03 12:45:00,12:30:00,False,4,9,85.0,6.0,6.538461538461538,0.46153846153846156,tp
2023-10-03,h062,12:49:00,short,16484.0,16483.0,12.0,2023-10-03 12:49:00,12:48:00,True,8,15,75.0,3.0,6.25,0.25,tp
2023-10-03,h062,12:54:00,long,16481.0,16482.0,8.0,2023-10-03 12:54:00,12:52:00,True,9,13,0.0,74.0,0.0,9.25,sl
2023-10-03,h062,13:03:00,short,16462.0,16457.0,10.0,2023-10-03 13:03:00,13:02:00,True,37,55,49.0,1.0,4.9,0.1,tp
2023-10-04,h062,10:24:00,long,16235.0,16241.0,18.0,2023-10-04 10:24:00,10:20:00,True,12,32,44.0,37.0,2.4444444444444446,2.0555555555555554,sl
2023-10-04,h062,10:55:00,long,16214.0,16216.0,10.0,2023-10-04 10:55:00,10:50:00,True,5,11,69.0,3.0,6.9,0.3,tp
2023-10-04,h062,11:25:00,long,16238.0,16239.0,7.0,2023-10-04 11:25:00,11:24:00,False,4,8,46.0,22.0,6.571428571428571,3.142857142857143,tp
2023-10-04,h062,11:33:00,short,16243.0,16242.0,7.0,2023-10-04 11:33:00,11:27:00,False,0,3,25.0,43.0,3.5714285714285716,6.142857142857143,tp
2023-10-04,h062,11:35:00,short,16224.0,16218.0,18.0,2023-10-04 11:35:00,11:34:00,True,9,31,0.0,67.0,0.0,3.7222222222222223,sl
2023-10-04,h062,12:22:00,long,16252.0,16255.0,5.0,2023-10-04 12:22:00,12:20:00,True,11,24,30.0,13.0,6.0,2.6,sl
2023-10-04,h062,12:32:00,long,16266.0,16271.0,10.0,2023-10-04 12:32:00,12:31:00,True,30,86,14.0,29.0,1.4,2.9,tp
2023-10-05,h062,10:03:00,long,16414.0,16416.0,11.0,2023-10-05 10:03:00,09:58:00,True,13,34,70.0,12.0,6.363636363636363,1.0909090909090908,sl
2023-10-05,h062,11:19:00,short,16461.0,16460.0,17.0,2023-10-05 11:19:00,11:13:00,True,7,12,6.0,26.0,0.35294117647058826,1.5294117647058822,sl
2023-10-05,h062,12:49:00,short,16470.0,16468.0,8.0,2023-10-05 12:49:00,12:44:00,True,16,21,14.0,15.0,1.75,1.875,sl
2023-10-06,h062,10:19:00,short,16486.0,16485.0,18.0,2023-10-06 10:19:00,10:18:00,True,8,15,0.0,67.0,0.0,3.7222222222222223,sl
2023-10-06,h062,10:40:00,long,16529.0,16532.0,11.0,2023-10-06 10:40:00,10:39:00,True,12,38,20.0,16.0,1.8181818181818181,1.4545454545454546,tp
2023-10-06,h062,10:49:00,short,16542.0,16539.0,10.0,2023-10-06 10:49:00,10:47:00,True,8,17,23.0,12.0,2.3,1.2,sl
2023-10-06,h062,12:26:00,long,16523.0,16524.0,7.0,2023-10-06 12:26:00,12:25:00,False,0,4,17.0,4.0,2.4285714285714284,0.5714285714285714,tp
2023-10-06,h062,13:09:00,short,16537.0,16536.0,4.0,2023-10-06 13:09:00,13:08:00,False,3,5,13.0,0.0,3.25,0.0,tp
2023-10-11,h062,11:35:00,short,16712.0,16704.0,10.0,2023-10-11 11:35:00,11:32:00,True,6,7,15.0,20.0,1.5,2.0,sl
2023-10-11,h062,12:12:00,short,16704.0,16700.0,6.0,2023-10-11 12:12:00,12:11:00,True,9,12,11.0,24.0,1.8333333333333333,4.0,sl
2023-10-11,h062,12:31:00,short,16698.0,16692.0,7.0,2023-10-11 12:31:00,12:27:00,True,6,17,3.0,32.0,0.42857142857142855,4.571428571428571,sl
2023-10-11,h062,13:04:00,long,16715.0,16716.0,12.0,2023-10-11 13:04:00,13:01:00,True,9,17,8.0,10.0,0.6666666666666666,0.8333333333333334,timeout
2023-10-12,h062,10:31:00,long,16800.0,16807.0,7.0,2023-10-12 10:31:00,10:30:00,True,18,52,50.0,34.0,7.142857142857143,4.857142857142857,sl
2023-10-12,h062,11:24:00,long,16807.0,16810.0,11.0,2023-10-12 11:24:00,11:22:00,True,10,16,47.0,3.0,4.2727272727272725,0.2727272727272727,tp
2023-10-12,h062,12:02:00,long,16828.0,16832.0,8.0,2023-10-12 12:02:00,11:59:00,True,7,14,25.0,9.0,3.125,1.125,tp
2023-10-13,h062,10:58:00,long,16767.0,16769.0,12.0,2023-10-13 10:58:00,10:54:00,True,8,13,18.0,39.0,1.5,3.25,tp
2023-10-13,h062,11:59:00,short,16761.0,16759.0,9.0,2023-10-13 11:59:00,11:51:00,False,0,3,29.0,28.0,3.2222222222222223,3.111111111111111,tp
2023-10-13,h062,12:03:00,short,16750.0,16740.0,6.0,2023-10-13 12:03:00,12:02:00,True,73,88,10.0,47.0,1.6666666666666667,7.833333333333333,tp
2023-10-16,h062,09:20:00,short,16633.0,16630.0,16.0,2023-10-16 09:20:00,09:19:00,True,39,93,27.0,51.0,1.6875,3.1875,sl
2023-10-16,h062,10:04:00,short,16632.0,16618.0,18.0,2023-10-16 10:04:00,10:03:00,True,49,60,15.0,51.0,0.8333333333333334,2.8333333333333335,sl
2023-10-16,h062,10:25:00,long,16657.0,16666.0,25.0,2023-10-16 10:25:00,10:23:00,True,26,65,3.0,63.0,0.12,2.52,sl
2023-10-16,h062,12:07:00,short,16612.0,16611.0,10.0,2023-10-16 12:07:00,12:00:00,True,7,12,8.0,54.0,0.8,5.4,sl
2023-10-16,h062,12:11:00,long,16615.0,16616.0,9.0,2023-10-16 12:11:00,12:10:00,True,7,13,49.0,13.0,5.444444444444445,1.4444444444444444,sl
2023-10-16,h062,13:13:00,short,16651.0,16647.0,8.0,2023-10-16 13:13:00,13:10:00,True,9,17,1.0,18.0,0.125,2.25,sl
2023-10-17,h062,10:42:00,long,16719.0,16721.0,13.0,2023-10-17 10:42:00,10:35:00,True,8,24,5.0,87.0,0.38461538461538464,6.6923076923076925,sl
2023-10-17,h062,11:04:00,short,16703.0,16699.0,6.0,2023-10-17 11:04:00,11:00:00,False,4,13,65.0,18.0,10.833333333333334,3.0,tp
2023-10-17,h062,11:52:00,long,16691.0,16692.0,8.0,2023-10-17 11:52:00,11:46:00,True,5,10,2.0,58.0,0.25,7.25,sl
2023-10-17,h062,12:16:00,short,16680.0,16679.0,9.0,2023-10-17 12:16:00,12:15:00,True,9,12,45.0,3.0,5.0,0.3333333333333333,tp
2023-10-17,h062,12:26:00,short,16668.0,16663.0,9.0,2023-10-17 12:26:00,12:24:00,True,9,22,29.0,5.0,3.2222222222222223,0.5555555555555556,tp
2023-10-17,h062,12:30:00,long,16663.0,16664.0,5.0,2023-10-17 12:30:00,12:27:00,True,12,45,4.0,30.0,0.8,6.0,sl
2023-10-17,h062,13:10:00,long,16646.0,16648.0,12.0,2023-10-17 13:10:00,13:02:00,True,33,57,9.0,13.0,0.75,1.0833333333333333,sl
2023-10-18,h062,09:22:00,long,16569.0,16582.0,21.0,2023-10-18 09:22:00,09:21:00,True,26,87,7.0,171.0,0.3333333333333333,8.142857142857142,sl
2023-10-18,h062,11:10:00,long,16517.0,16521.0,20.0,2023-10-18 11:10:00,11:09:00,True,12,30,1.0,110.0,0.05,5.5,sl
2023-10-18,h062,11:36:00,long,16480.0,16482.0,11.0,2023-10-18 11:36:00,11:30:00,True,5,12,21.0,71.0,1.9090909090909092,6.454545454545454,tp
2023-10-18,h062,12:45:00,short,16464.0,16461.0,8.0,2023-10-18 12:45:00,12:44:00,True,10,30,50.0,2.0,6.25,0.25,tp
2023-10-18,h062,13:01:00,short,16421.0,16417.0,18.0,2023-10-18 13:01:00,13:00:00,True,18,68,0.0,19.0,0.0,1.0555555555555556,sl
2023-10-19,h062,10:16:00,short,16470.0,16465.0,12.0,2023-10-19 10:16:00,10:09:00,False,3,8,69.0,22.0,5.75,1.8333333333333333,tp
2023-10-19,h062,11:21:00,short,16430.0,16425.0,18.0,2023-10-19 11:21:00,11:20:00,True,28,65,29.0,62.0,1.6111111111111112,3.4444444444444446,tp
2023-10-19,h062,11:24:00,short,16409.0,16407.0,16.0,2023-10-19 11:24:00,11:22:00,True,12,27,11.0,80.0,0.6875,5.0,sl
2023-10-19,h062,13:00:00,short,16479.0,16476.0,3.0,2023-10-19 13:00:00,12:59:00,True,21,41,24.0,11.0,8.0,3.6666666666666665,sl
2023-10-19,h062,13:04:00,short,16476.0,16472.0,11.0,2023-10-19 13:04:00,13:02:00,True,6,10,20.0,11.0,1.8181818181818181,1.0,sl
2023-10-20,h062,10:47:00,long,16324.0,16330.0,17.0,2023-10-20 10:47:00,10:41:00,True,22,33,135.0,1.0,7.9411764705882355,0.058823529411764705,tp
2023-10-20,h062,10:57:00,long,16360.0,16384.0,20.0,2023-10-20 10:57:00,10:49:00,True,56,174,81.0,1.0,4.05,0.05,tp
2023-10-20,h062,11:01:00,long,16414.0,16415.0,29.0,2023-10-20 11:01:00,10:59:00,True,16,53,50.0,11.0,1.7241379310344827,0.3793103448275862,tp
2023-10-20,h062,12:04:00,long,16435.0,16436.0,8.0,2023-10-20 12:04:00,12:03:00,True,6,15,29.0,26.0,3.625,3.25,sl
2023-10-20,h062,12:49:00,long,16451.0,16454.0,7.0,2023-10-20 12:49:00,12:46:00,True,11,23,11.0,42.0,1.5714285714285714,6.0,tp
2023-10-23,h062,10:06:00,long,16322.0,16323.0,11.0,2023-10-23 10:06:00,10:05:00,True,6,11,4.0,73.0,0.36363636363636365,6.636363636363637,sl
2023-10-23,h062,10:16:00,short,16280.0,16275.0,22.0,2023-10-23 10:16:00,10:15:00,True,18,48,25.0,39.0,1.1363636363636365,1.7727272727272727,sl
2023-10-23,h062,11:01:00,long,16265.0,16268.0,12.0,2023-10-23 11:01:00,10:59:00,True,7,17,30.0,18.0,2.5,1.5,tp
2023-10-23,h062,11:57:00,long,16261.0,16264.0,11.0,2023-10-23 11:57:00,11:56:00,True,8,22,28.0,12.0,2.5454545454545454,1.0909090909090908,tp
2023-10-23,h062,12:59:00,long,16267.0,16271.0,13.0,2023-10-23 12:59:00,12:51:00,True,6,20,12.0,19.0,0.9230769230769231,1.4615384615384615,sl
2023-10-24,h062,10:18:00,long,16232.0,16254.0,20.0,2023-10-24 10:18:00,10:16:00,True,46,98,89.0,38.0,4.45,1.9,tp
2023-10-24,h062,11:38:00,long,16246.0,16252.0,30.0,2023-10-24 11:38:00,11:26:00,True,13,40,91.0,12.0,3.033333333333333,0.4,tp
2023-10-24,h062,13:00:00,long,16297.0,16298.0,11.0,2023-10-24 13:00:00,12:59:00,True,9,32,45.0,2.0,4.090909090909091,0.18181818181818182,tp
2023-10-24,h062,13:02:00,long,16308.0,16312.0,12.0,2023-10-24 13:02:00,13:01:00,True,23,44,31.0,12.0,2.5833333333333335,1.0,sl
2023-10-25,h062,10:55:00,short,16461.0,16458.0,7.0,2023-10-25 10:55:00,10:52:00,True,8,12,108.0,14.0,15.428571428571429,2.0,sl
2023-10-25,h062,11:04:00,short,16467.0,16465.0,5.0,2023-10-25 11:04:00,11:01:00,False,0,4,115.0,2.0,23.0,0.4,tp
2023-10-25,h062,11:09:00,short,16442.0,16434.0,14.0,2023-10-25 11:09:00,11:08:00,True,16,45,84.0,2.0,6.0,0.14285714285714285,tp
2023-10-25,h062,12:24:00,long,16403.0,16409.0,13.0,2023-10-25 12:24:00,12:20:00,False,4,10,9.0,59.0,0.6923076923076923,4.538461538461538,sl
2023-10-25,h062,13:01:00,short,16407.0,16403.0,6.0,2023-10-25 13:01:00,13:00:00,True,17,21,53.0,7.0,8.833333333333334,1.1666666666666667,tp
2023-10-25,h062,13:04:00,short,16397.0,16395.0,10.0,2023-10-25 13:04:00,13:03:00,False,4,11,45.0,15.0,4.5,1.5,sl
2023-10-25,h062,13:25:00,short,16388.0,16382.0,7.0,2023-10-25 13:25:00,13:24:00,True,24,58,32.0,8.0,4.571428571428571,1.1428571428571428,sl
2023-10-26,h062,10:20:00,short,16079.0,16065.0,16.0,2023-10-26 10:20:00,10:19:00,True,70,107,26.0,54.0,1.625,3.375,sl
2023-10-26,h062,10:50:00,short,16088.0,16085.0,31.0,2023-10-26 10:50:00,10:45:00,True,11,30,46.0,25.0,1.4838709677419355,0.8064516129032258,tp
2023-10-26,h062,11:20:00,long,16078.0,16081.0,14.0,2023-10-26 11:20:00,11:14:00,True,11,21,29.0,42.0,2.0714285714285716,3.0,sl
2023-10-26,h062,12:16:00,long,16063.0,16071.0,10.0,2023-10-26 12:16:00,12:15:00,True,7,25,39.0,32.0,3.9,3.2,tp
2023-10-26,h062,12:32:00,long,16098.0,16105.0,19.0,2023-10-26 12:32:00,12:31:00,True,31,58,5.0,66.0,0.2631578947368421,3.473684210526316,sl
2023-10-26,h062,13:28:00,short,16051.0,16050.0,14.0,2023-10-26 13:28:00,13:25:00,True,17,46,11.0,22.0,0.7857142857142857,1.5714285714285714,sl
2023-10-27,h062,11:25:00,long,16148.0,16150.0,8.0,2023-10-27 11:25:00,11:20:00,True,6,14,19.0,30.0,2.375,3.75,sl
2023-10-27,h062,11:47:00,long,16142.0,16145.0,20.0,2023-10-27 11:47:00,11:31:00,False,4,6,24.0,19.0,1.2,0.95,tp
2023-10-27,h062,12:35:00,long,16155.0,16156.0,11.0,2023-10-27 12:35:00,12:34:00,True,8,16,13.0,15.0,1.1818181818181819,1.3636363636363635,tp
2023-10-27,h062,12:37:00,long,16160.0,16162.0,6.0,2023-10-27 12:37:00,12:36:00,True,10,20,7.0,21.0,1.1666666666666667,3.5,tp
2023-10-27,h062,13:26:00,short,16155.0,16149.0,8.0,2023-10-27 13:26:00,13:25:00,True,5,14,8.0,6.0,1.0,0.75,tp
2023-10-30,h062,10:17:00,long,16169.0,16173.0,25.0,2023-10-30 10:17:00,10:13:00,True,20,44,20.0,42.0,0.8,1.68,sl
2023-10-30,h062,11:10:00,long,16144.0,16153.0,12.0,2023-10-30 11:10:00,11:07:00,True,6,15,40.0,22.0,3.3333333333333335,1.8333333333333333,tp
2023-10-30,h062,11:42:00,long,16189.0,16192.0,15.0,2023-10-30 11:42:00,11:28:00,True,32,49,1.0,61.0,0.06666666666666667,4.066666666666666,sl
2023-10-30,h062,12:20:00,short,16159.0,16153.0,7.0,2023-10-30 12:20:00,12:12:00,True,21,36,22.0,16.0,3.142857142857143,2.2857142857142856,tp
2023-10-30,h062,12:25:00,long,16153.0,16154.0,7.0,2023-10-30 12:25:00,12:23:00,True,6,10,15.0,23.0,2.142857142857143,3.2857142857142856,sl
2023-10-30,h062,13:06:00,short,16140.0,16138.0,9.0,2023-10-30 13:06:00,13:00:00,True,8,14,7.0,31.0,0.7777777777777778,3.4444444444444446,sl
2023-10-31,h062,09:43:00,short,16177.0,16165.0,19.0,2023-10-31 09:43:00,09:40:00,True,9,29,192.0,31.0,10.105263157894736,1.631578947368421,sl
2023-10-31,h062,10:49:00,short,16102.0,16098.0,21.0,2023-10-31 10:49:00,10:47:00,True,33,52,125.0,7.0,5.9523809523809526,0.3333333333333333,tp
2023-10-31,h062,11:47:00,short,16032.0,16025.0,15.0,2023-10-31 11:47:00,11:44:00,True,17,43,52.0,34.0,3.466666666666667,2.2666666666666666,sl
2023-10-31,h062,13:01:00,short,16000.0,15998.0,10.0,2023-10-31 13:01:00,13:00:00,True,18,31,25.0,6.0,2.5,0.6,tp
2023-10-31,h062,13:20:00,long,15990.0,15991.0,14.0,2023-10-31 13:20:00,13:09:00,True,19,43,9.0,10.0,0.6428571428571429,0.7142857142857143,timeout
2023-11-01,h062,10:21:00,short,16005.0,16001.0,15.0,2023-11-01 10:21:00,10:19:00,True,10,23,23.0,94.0,1.5333333333333334,6.266666666666667,tp
2023-11-01,h062,10:24:00,long,16001.0,16007.0,23.0,2023-11-01 10:24:00,10:22:00,True,28,64,88.0,0.0,3.8260869565217392,0.0,tp
2023-11-01,h062,11:20:00,long,16060.0,16063.0,17.0,2023-11-01 11:20:00,11:06:00,True,13,34,32.0,22.0,1.8823529411764706,1.2941176470588236,sl
2023-11-01,h062,12:20:00,long,16062.0,16063.0,5.0,2023-11-01 12:20:00,12:19:00,False,2,7,32.0,17.0,6.4,3.4,tp
2023-11-01,h062,12:25:00,long,16069.0,16070.0,6.0,2023-11-01 12:25:00,12:21:00,True,5,12,25.0,24.0,4.166666666666667,4.0,sl
2023-11-01,h062,12:36:00,long,16080.0,16083.0,7.0,2023-11-01 12:36:00,12:35:00,True,32,46,12.0,37.0,1.7142857142857142,5.285714285714286,sl
2023-11-02,h062,09:46:00,short,16340.0,16338.0,15.0,2023-11-02 09:46:00,09:44:00,True,16,22,12.0,61.0,0.8,4.066666666666666,sl
2023-11-02,h062,10:25:00,short,16345.0,16344.0,13.0,2023-11-02 10:25:00,10:24:00,False,4,13,2.0,55.0,0.15384615384615385,4.230769230769231,sl
2023-11-02,h062,11:03:00,long,16366.0,16368.0,5.0,2023-11-02 11:03:00,11:00:00,True,10,25,31.0,22.0,6.2,4.4,tp
2023-11-02,h062,11:07:00,short,16367.0,16366.0,9.0,2023-11-02 11:07:00,11:04:00,False,4,8,20.0,33.0,2.2222222222222223,3.6666666666666665,tp
2023-11-02,h062,11:11:00,short,16352.0,16350.0,9.0,2023-11-02 11:11:00,11:09:00,True,24,38,2.0,49.0,0.2222222222222222,5.444444444444445,sl
2023-11-02,h062,13:25:00,long,16384.0,16387.0,8.0,2023-11-02 13:25:00,13:24:00,True,23,53,12.0,6.0,1.5,0.75,tp
2023-11-03,h062,09:43:00,long,16496.0,16497.0,16.0,2023-11-03 09:43:00,09:39:00,True,6,21,40.0,37.0,2.5,2.3125,sl
2023-11-03,h062,10:09:00,long,16517.0,16519.0,14.0,2023-11-03 10:09:00,10:06:00,True,12,38,18.0,59.0,1.2857142857142858,4.214285714285714,sl
2023-11-03,h062,11:04:00,short,16517.0,16514.0,7.0,2023-11-03 11:04:00,10:57:00,True,8,27,54.0,23.0,7.714285714285714,3.2857142857142856,sl
2023-11-03,h062,12:06:00,long,16473.0,16475.0,13.0,2023-11-03 12:06:00,12:02:00,True,18,32,45.0,3.0,3.4615384615384617,0.23076923076923078,tp
2023-11-03,h062,12:50:00,long,16498.0,16499.0,9.0,2023-11-03 12:50:00,12:47:00,False,3,10,21.0,8.0,2.3333333333333335,0.8888888888888888,tp
2023-11-06,h062,09:56:00,long,16686.0,16687.0,17.0,2023-11-06 09:56:00,09:41:00,True,10,17,63.0,33.0,3.7058823529411766,1.9411764705882353,tp
2023-11-06,h062,11:59:00,long,16722.0,16730.0,7.0,2023-11-06 11:59:00,11:56:00,True,28,62,20.0,76.0,2.857142857142857,10.857142857142858,tp
2023-11-06,h062,12:02:00,long,16734.0,16735.0,6.0,2023-11-06 12:02:00,12:00:00,True,12,20,15.0,81.0,2.5,13.5,tp
2023-11-06,h062,12:07:00,short,16735.0,16730.0,12.0,2023-11-06 12:07:00,12:04:00,True,6,19,76.0,1.0,6.333333333333333,0.08333333333333333,tp
2023-11-06,h062,13:09:00,long,16706.0,16707.0,5.0,2023-11-06 13:09:00,13:04:00,False,4,9,5.0,53.0,1.0,10.6,tp
2023-11-07,h062,09:48:00,short,16677.0,16676.0,19.0,2023-11-07 09:48:00,09:45:00,True,5,17,22.0,36.0,1.1578947368421053,1.894736842105263,sl
2023-11-07,h062,10:55:00,short,16687.0,16686.0,11.0,2023-11-07 10:55:00,10:51:00,True,9,11,32.0,26.0,2.909090909090909,2.3636363636363638,tp
2023-11-07,h062,11:15:00,long,16661.0,16662.0,7.0,2023-11-07 11:15:00,11:13:00,True,7,16,50.0,4.0,7.142857142857143,0.5714285714285714,tp
2023-11-07,h062,12:47:00,short,16677.0,16676.0,4.0,2023-11-07 12:47:00,12:44:00,False,0,2,6.0,36.0,1.5,9.0,tp
2023-11-08,h062,09:32:00,long,16730.0,16732.0,16.0,2023-11-08 09:32:00,09:30:00,True,20,29,65.0,14.0,4.0625,0.875,tp
2023-11-08,h062,11:01:00,long,16788.0,16791.0,12.0,2023-11-08 11:01:00,10:52:00,True,28,30,3.0,65.0,0.25,5.416666666666667,sl
2023-11-08,h062,12:00:00,long,16746.0,16747.0,8.0,2023-11-08 12:00:00,11:55:00,True,10,21,22.0,21.0,2.75,2.625,sl
2023-11-08,h062,12:17:00,long,16735.0,16736.0,9.0,2023-11-08 12:17:00,12:15:00,True,10,12,33.0,8.0,3.6666666666666665,0.8888888888888888,tp
2023-11-08,h062,13:10:00,long,16760.0,16764.0,9.0,2023-11-08 13:10:00,13:08:00,True,12,18,5.0,21.0,0.5555555555555556,2.3333333333333335,sl
2023-11-09,h062,09:14:00,short,16731.0,16729.0,11.0,2023-11-09 09:14:00,09:11:00,True,8,13,37.0,59.0,3.3636363636363638,5.363636363636363,tp
2023-11-09,h062,10:18:00,short,16710.0,16708.0,21.0,2023-11-09 10:18:00,10:17:00,True,16,37,16.0,73.0,0.7619047619047619,3.4761904761904763,sl
2023-11-09,h062,10:22:00,long,16708.0,16716.0,16.0,2023-11-09 10:22:00,10:21:00,True,15,44,65.0,18.0,4.0625,1.125,tp
2023-11-09,h062,11:27:00,short,16743.0,16741.0,19.0,2023-11-09 11:27:00,11:22:00,True,9,14,13.0,40.0,0.6842105263157895,2.1052631578947367,sl
2023-11-09,h062,12:13:00,long,16739.0,16745.0,7.0,2023-11-09 12:13:00,12:07:00,True,5,13,36.0,5.0,5.142857142857143,0.7142857142857143,tp
2023-11-09,h062,12:50:00,long,16768.0,16770.0,7.0,2023-11-09 12:50:00,12:49:00,True,10,26,11.0,9.0,1.5714285714285714,1.2857142857142858,sl
2023-11-10,h062,09:50:00,long,16676.0,16680.0,13.0,2023-11-10 09:50:00,09:46:00,True,12,26,58.0,38.0,4.461538461538462,2.923076923076923,sl
2023-11-10,h062,11:20:00,long,16667.0,16669.0,11.0,2023-11-10 11:20:00,11:19:00,True,5,13,69.0,27.0,6.2727272727272725,2.4545454545454546,sl
2023-11-10,h062,11:41:00,long,16654.0,16655.0,9.0,2023-11-10 11:41:00,11:40:00,False,0,4,83.0,13.0,9.222222222222221,1.4444444444444444,sl
2023-11-10,h062,12:25:00,short,16688.0,16686.0,11.0,2023-11-10 12:25:00,12:23:00,False,4,8,7.0,52.0,0.6363636363636364,4.7272727272727275,sl
2023-11-10,h062,12:55:00,long,16684.0,16686.0,4.0,2023-11-10 12:55:00,12:52:00,True,7,10,52.0,4.0,13.0,1.0,sl
2023-11-13,h062,10:31:00,long,16884.0,16888.0,11.0,2023-11-13 10:31:00,10:29:00,True,12,29,16.0,52.0,1.4545454545454546,4.7272727272727275,tp
2023-11-13,h062,11:04:00,short,16863.0,16857.0,9.0,2023-11-13 11:04:00,10:57:00,True,16,42,21.0,27.0,2.3333333333333335,3.0,sl
2023-11-13,h062,11:59:00,long,16849.0,16851.0,10.0,2023-11-13 11:59:00,11:58:00,True,9,20,33.0,15.0,3.3,1.5,sl
2023-11-13,h062,12:29:00,long,16871.0,16876.0,13.0,2023-11-13 12:29:00,12:18:00,True,11,21,8.0,23.0,0.6153846153846154,1.7692307692307692,sl
2023-11-14,h062,10:06:00,short,16952.0,16949.0,9.0,2023-11-14 10:06:00,10:04:00,True,5,8,28.0,27.0,3.111111111111111,3.0,sl
2023-11-14,h062,10:21:00,short,16935.0,16925.0,14.0,2023-11-14 10:21:00,10:20:00,True,15,46,4.0,51.0,0.2857142857142857,3.642857142857143,sl
2023-11-14,h062,10:50:00,long,16971.0,16972.0,19.0,2023-11-14 10:50:00,10:46:00,True,24,31,4.0,39.0,0.21052631578947367,2.0526315789473686,sl
2023-11-14,h062,11:48:00,long,16961.0,16967.0,7.0,2023-11-14 11:48:00,11:46:00,True,20,37,6.0,34.0,0.8571428571428571,4.857142857142857,sl
2023-11-14,h062,11:50:00,short,16966.0,16964.0,7.0,2023-11-14 11:50:00,11:49:00,True,14,19,31.0,7.0,4.428571428571429,1.0,sl
2023-11-14,h062,13:29:00,short,16942.0,16940.0,7.0,2023-11-14 13:29:00,13:25:00,True,9,30,7.0,10.0,1.0,1.4285714285714286,tp
2023-11-15,h062,11:30:00,short,17144.0,17143.0,4.0,2023-11-15 11:30:00,11:29:00,True,13,44,49.0,27.0,12.25,6.75,tp
2023-11-15,h062,12:40:00,short,17118.0,17115.0,7.0,2023-11-15 12:40:00,12:39:00,True,24,48,21.0,55.0,3.0,7.857142857142857,tp
2023-11-15,h062,12:48:00,long,17108.0,17111.0,13.0,2023-11-15 12:48:00,12:45:00,True,7,18,59.0,17.0,4.538461538461538,1.3076923076923077,sl
2023-11-15,h062,13:01:00,long,17130.0,17139.0,17.0,2023-11-15 13:01:00,13:00:00,True,28,92,31.0,11.0,1.8235294117647058,0.6470588235294118,tp
2023-11-16,h062,11:47:00,long,17121.0,17123.0,5.0,2023-11-16 11:47:00,11:46:00,False,3,6,70.0,11.0,14.0,2.2,sl
2023-11-16,h062,12:03:00,long,17121.0,17123.0,7.0,2023-11-16 12:03:00,11:55:00,True,5,7,70.0,4.0,10.0,0.5714285714285714,tp
2023-11-16,h062,12:08:00,long,17134.0,17135.0,6.0,2023-11-16 12:08:00,12:07:00,True,7,16,58.0,0.0,9.666666666666666,0.0,tp
2023-11-16,h062,13:04:00,short,17170.0,17169.0,6.0,2023-11-16 13:04:00,13:00:00,False,4,7,9.0,24.0,1.5,4.0,sl
2023-11-17,h062,09:27:00,short,17189.0,17187.0,19.0,2023-11-17 09:27:00,09:21:00,True,11,19,2.0,65.0,0.10526315789473684,3.4210526315789473,sl
2023-11-17,h062,10:14:00,long,17242.0,17249.0,16.0,2023-11-17 10:14:00,10:13:00,True,24,68,3.0,60.0,0.1875,3.75,sl
2023-11-17,h062,11:31:00,short,17238.0,17234.0,7.0,2023-11-17 11:31:00,11:30:00,False,3,6,31.0,14.0,4.428571428571429,2.0,tp
2023-11-17,h062,12:02:00,short,17239.0,17236.0,6.0,2023-11-17 12:02:00,11:58:00,False,4,6,33.0,7.0,5.5,1.1666666666666667,tp
2023-11-17,h062,12:40:00,long,17233.0,17234.0,5.0,2023-11-17 12:40:00,12:38:00,False,3,8,9.0,31.0,1.8,6.2,tp
2023-11-20,h062,09:42:00,short,17188.0,17178.0,16.0,2023-11-20 09:42:00,09:39:00,True,39,69,24.0,35.0,1.5,2.1875,tp
2023-11-20,h062,09:48:00,long,17173.0,17176.0,17.0,2023-11-20 09:48:00,09:45:00,True,8,23,37.0,22.0,2.176470588235294,1.2941176470588236,tp
2023-11-20,h062,10:35:00,short,17166.0,17164.0,9.0,2023-11-20 10:35:00,10:31:00,True,7,16,10.0,49.0,1.1111111111111112,5.444444444444445,sl
2023-11-20,h062,10:41:00,long,17173.0,17181.0,12.0,2023-11-20 10:41:00,10:40:00,True,15,44,32.0,27.0,2.6666666666666665,2.25,sl
2023-11-20,h062,11:16:00,long,17178.0,17185.0,4.0,2023-11-20 11:16:00,11:15:00,True,19,30,28.0,14.0,7.0,3.5,tp
2023-11-20,h062,11:20:00,long,17192.0,17199.0,7.0,2023-11-20 11:20:00,11:17:00,True,29,38,14.0,28.0,2.0,4.0,tp
2023-11-20,h062,11:22:00,short,17198.0,17197.0,7.0,2023-11-20 11:22:00,11:21:00,True,6,10,26.0,16.0,3.7142857142857144,2.2857142857142856,sl
2023-11-20,h062,13:03:00,short,17202.0,17200.0,6.0,2023-11-20 13:03:00,13:02:00,True,8,16,8.0,10.0,1.3333333333333333,1.6666666666666667,tp
2023-11-21,h062,10:35:00,long,17405.0,17408.0,9.0,2023-11-21 10:35:00,10:31:00,True,6,15,17.0,10.0,1.8888888888888888,1.1111111111111112,tp
2023-11-21,h062,10:45:00,short,17412.0,17409.0,11.0,2023-11-21 10:45:00,10:37:00,True,9,21,11.0,16.0,1.0,1.4545454545454546,sl
2023-11-21,h062,12:42:00,long,17409.0,17411.0,6.0,2023-11-21 12:42:00,12:36:00,True,5,6,7.0,13.0,1.1666666666666667,2.1666666666666665,sl
2023-11-22,h062,10:12:00,short,17298.0,17293.0,11.0,2023-11-22 10:12:00,10:05:00,True,17,31,37.0,30.0,3.3636363636363638,2.727272727272727,sl
2023-11-22,h062,11:04:00,long,17302.0,17305.0,7.0,2023-11-22 11:04:00,11:02:00,True,8,17,4.0,49.0,0.5714285714285714,7.0,sl
2023-11-22,h062,11:10:00,short,17287.0,17282.0,8.0,2023-11-22 11:10:00,11:08:00,True,44,54,26.0,27.0,3.25,3.375,sl
2023-11-22,h062,11:37:00,short,17277.0,17276.0,11.0,2023-11-22 11:37:00,11:36:00,True,6,13,20.0,33.0,1.8181818181818181,3.0,tp
2023-11-22,h062,12:00:00,short,17266.0,17262.0,8.0,2023-11-22 12:00:00,11:56:00,True,7,20,6.0,47.0,0.75,5.875,sl
2023-11-22,h062,12:39:00,short,17286.0,17285.0,6.0,2023-11-22 12:39:00,12:36:00,False,0,3,2.0,24.0,0.3333333333333333,4.0,sl
2023-11-23,h062,09:32:00,long,17313.0,17317.0,12.0,2023-11-23 09:32:00,09:30:00,True,22,40,6.0,103.0,0.5,8.583333333333334,sl
2023-11-23,h062,10:17:00,short,17254.0,17246.0,10.0,2023-11-23 10:17:00,10:13:00,True,19,42,32.0,66.0,3.2,6.6,tp
2023-11-23,h062,10:21:00,short,17230.0,17225.0,15.0,2023-11-23 10:21:00,10:20:00,True,32,61,11.0,87.0,0.7333333333333333,5.8,sl
2023-11-23,h062,11:27:00,long,17268.0,17269.0,8.0,2023-11-23 11:27:00,11:24:00,True,13,19,43.0,27.0,5.375,3.375,sl
2023-11-23,h062,12:08:00,short,17246.0,17243.0,6.0,2023-11-23 12:08:00,12:05:00,False,3,6,0.0,69.0,0.0,11.5,sl
2023-11-23,h062,12:33:00,long,17280.0,17285.0,20.0,2023-11-23 12:33:00,12:32:00,True,28,78,27.0,14.0,1.35,0.7,tp
2023-11-23,h062,12:37:00,long,17300.0,17305.0,15.0,2023-11-23 12:37:00,12:35:00,True,21,49,7.0,34.0,0.4666666666666667,2.2666666666666666,sl
2023-11-23,h062,13:23:00,short,17283.0,17282.0,7.0,2023-11-23 13:23:00,13:21:00,False,2,5,1.0,30.0,0.14285714285714285,4.285714285714286,sl
2023-11-24,h062,09:29:00,short,17287.0,17276.0,17.0,2023-11-24 09:29:00,09:25:00,True,28,69,11.0,36.0,0.6470588235294118,2.1176470588235294,sl
2023-11-24,h062,11:46:00,short,17301.0,17300.0,7.0,2023-11-24 11:46:00,11:40:00,False,0,1,35.0,5.0,5.0,0.7142857142857143,tp
2023-11-24,h062,12:24:00,short,17282.0,17280.0,5.0,2023-11-24 12:24:00,12:23:00,True,5,11,15.0,22.0,3.0,4.4,tp
2023-11-24,h062,12:26:00,short,17274.0,17267.0,6.0,2023-11-24 12:26:00,12:25:00,True,41,45,2.0,35.0,0.3333333333333333,5.833333333333333,sl
2023-11-24,h062,13:10:00,long,17297.0,17298.0,5.0,2023-11-24 13:10:00,13:09:00,True,7,16,4.0,14.0,0.8,2.8,sl
2023-11-27,h062,09:34:00,short,17312.0,17307.0,18.0,2023-11-27 09:34:00,09:32:00,True,14,29,162.0,0.0,9.0,0.0,tp
2023-11-27,h062,09:36:00,short,17291.0,17284.0,16.0,2023-11-27 09:36:00,09:35:00,True,17,60,139.0,11.0,8.6875,0.6875,tp
2023-11-27,h062,10:05:00,short,17255.0,17252.0,15.0,2023-11-27 10:05:00,10:03:00,True,13,30,107.0,16.0,7.133333333333334,1.0666666666666667,sl
2023-11-27,h062,10:12:00,short,17243.0,17242.0,11.0,2023-11-27 10:12:00,10:10:00,True,10,19,97.0,26.0,8.818181818181818,2.3636363636363638,sl
2023-11-27,h062,10:36:00,short,17231.0,17225.0,13.0,2023-11-27 10:36:00,10:24:00,True,56,79,80.0,27.0,6.153846153846154,2.076923076923077,sl
2023-11-27,h062,11:09:00,long,17239.0,17242.0,5.0,2023-11-27 11:09:00,11:07:00,False,2,5,7.0,97.0,1.4,19.4,tp
2023-11-27,h062,11:24:00,short,17227.0,17225.0,9.0,2023-11-27 11:24:00,11:23:00,False,3,6,80.0,1.0,8.88888888888889,0.1111111111111111,tp
2023-11-27,h062,11:29:00,short,17218.0,17208.0,8.0,2023-11-27 11:29:00,11:25:00,True,20,39,63.0,6.0,7.875,0.75,tp
2023-11-27,h062,11:31:00,short,17205.0,17204.0,7.0,2023-11-27 11:31:00,11:30:00,True,16,30,59.0,10.0,8.428571428571429,1.4285714285714286,sl
2023-11-27,h062,12:07:00,short,17180.0,17177.0,11.0,2023-11-27 12:07:00,12:06:00,False,4,12,32.0,19.0,2.909090909090909,1.7272727272727273,tp
2023-11-27,h062,12:11:00,long,17169.0,17178.0,8.0,2023-11-27 12:11:00,12:10:00,True,9,31,18.0,33.0,2.25,4.125,tp
2023-11-28,h062,09:59:00,long,17278.0,17281.0,10.0,2023-11-28 09:59:00,09:57:00,True,5,19,121.0,4.0,12.1,0.4,tp
2023-11-28,h062,10:13:00,long,17319.0,17325.0,21.0,2023-11-28 10:13:00,10:06:00,True,57,90,77.0,2.0,3.6666666666666665,0.09523809523809523,tp
2023-11-28,h062,10:22:00,long,17374.0,17377.0,29.0,2023-11-28 10:22:00,10:18:00,True,56,98,25.0,43.0,0.8620689655172413,1.4827586206896552,sl
2023-11-28,h062,12:34:00,short,17381.0,17377.0,6.0,2023-11-28 12:34:00,12:33:00,True,6,7,43.0,4.0,7.166666666666667,0.6666666666666666,tp
2023-11-28,h062,13:11:00,short,17377.0,17375.0,4.0,2023-11-28 13:11:00,13:08:00,False,0,4,41.0,5.0,10.25,1.25,sl
2023-11-28,h062,13:16:00,short,17371.0,17367.0,4.0,2023-11-28 13:16:00,13:14:00,True,10,23,33.0,1.0,8.25,0.25,tp
2023-11-28,h062,13:18:00,short,17357.0,17351.0,11.0,2023-11-28 13:18:00,13:17:00,True,21,38,17.0,13.0,1.5454545454545454,1.1818181818181819,tp
2023-11-28,h062,13:20:00,short,17346.0,17339.0,11.0,2023-11-28 13:20:00,13:19:00,True,33,77,2.0,25.0,0.18181818181818182,2.272727272727273,sl
2023-11-29,h062,09:51:00,long,17401.0,17402.0,21.0,2023-11-29 09:51:00,09:48:00,True,19,54,16.0,88.0,0.7619047619047619,4.190476190476191,sl
2023-11-29,h062,10:56:00,short,17373.0,17368.0,11.0,2023-11-29 10:56:00,10:55:00,True,17,36,54.0,8.0,4.909090909090909,0.7272727272727273,tp
2023-11-29,h062,10:58:00,short,17362.0,17360.0,8.0,2023-11-29 10:58:00,10:57:00,True,6,19,46.0,16.0,5.75,2.0,sl
2023-11-29,h062,12:11:00,long,17370.0,17372.0,10.0,2023-11-29 12:11:00,12:09:00,True,7,14,3.0,58.0,0.3,5.8,sl
2023-11-29,h062,12:58:00,short,17370.0,17369.0,3.0,2023-11-29 12:58:00,12:54:00,False,4,6,55.0,4.0,18.333333333333332,1.3333333333333333,tp
2023-11-30,h062,09:38:00,short,17333.0,17325.0,24.0,2023-11-30 09:38:00,09:36:00,True,23,44,34.0,81.0,1.4166666666666667,3.375,sl
2023-11-30,h062,09:57:00,short,17305.0,17298.0,27.0,2023-11-30 09:57:00,09:53:00,True,16,42,7.0,108.0,0.25925925925925924,4.0,sl
2023-11-30,h062,10:49:00,long,17386.0,17391.0,10.0,2023-11-30 10:49:00,10:48:00,True,24,45,15.0,41.0,1.5,4.1,sl
2023-11-30,h062,11:02:00,short,17389.0,17388.0,13.0,2023-11-30 11:02:00,10:58:00,False,3,7,38.0,18.0,2.923076923076923,1.3846153846153846,tp
2023-11-30,h062,12:49:00,long,17387.0,17388.0,8.0,2023-11-30 12:49:00,12:33:00,True,9,15,18.0,18.0,2.25,2.25,sl
2023-11-30,h062,13:02:00,short,17389.0,17385.0,4.0,2023-11-30 13:02:00,12:57:00,False,4,9,15.0,21.0,3.75,5.25,tp
2023-11-30,h062,13:21:00,short,17391.0,17389.0,4.0,2023-11-30 13:21:00,13:20:00,True,10,27,19.0,17.0,4.75,4.25,tp
2023-11-30,h062,13:28:00,long,17391.0,17396.0,21.0,2023-11-30 13:28:00,13:25:00,True,29,81,10.0,4.0,0.47619047619047616,0.19047619047619047,timeout
2023-12-01,h062,09:25:00,short,17317.0,17313.0,21.0,2023-12-01 09:25:00,09:24:00,True,16,31,0.0,121.0,0.0,5.761904761904762,sl
2023-12-01,h062,10:33:00,long,17392.0,17404.0,9.0,2023-12-01 10:33:00,10:32:00,True,40,93,30.0,17.0,3.3333333333333335,1.8888888888888888,sl
2023-12-01,h062,11:44:00,short,17399.0,17396.0,12.0,2023-12-01 11:44:00,11:43:00,True,10,29,9.0,38.0,0.75,3.1666666666666665,sl
2023-12-01,h062,12:48:00,short,17415.0,17414.0,4.0,2023-12-01 12:48:00,12:45:00,True,12,23,19.0,20.0,4.75,5.0,sl
2023-12-01,h062,13:09:00,long,17405.0,17410.0,7.0,2023-12-01 13:09:00,13:05:00,True,12,26,24.0,8.0,3.4285714285714284,1.1428571428571428,sl
2023-12-04,h062,10:16:00,short,17381.0,17379.0,14.0,2023-12-04 10:16:00,10:15:00,True,19,46,1.0,69.0,0.07142857142857142,4.928571428571429,sl
2023-12-04,h062,11:08:00,short,17397.0,17395.0,12.0,2023-12-04 11:08:00,11:05:00,False,4,7,1.0,53.0,0.08333333333333333,4.416666666666667,sl
2023-12-04,h062,11:47:00,short,17410.0,17409.0,9.0,2023-12-04 11:47:00,11:45:00,False,0,4,4.0,39.0,0.4444444444444444,4.333333333333333,sl
2023-12-04,h062,12:13:00,short,17418.0,17417.0,7.0,2023-12-04 12:13:00,12:12:00,True,8,16,2.0,31.0,0.2857142857142857,4.428571428571429,sl
2023-12-04,h062,12:31:00,long,17436.0,17440.0,10.0,2023-12-04 12:31:00,12:22:00,True,22,27,8.0,25.0,0.8,2.5,sl
2023-12-04,h062,12:33:00,short,17440.0,17437.0,6.0,2023-12-04 12:33:00,12:32:00,True,7,10,22.0,11.0,3.6666666666666665,1.8333333333333333,tp
2023-12-04,h062,13:13:00,long,17431.0,17432.0,8.0,2023-12-04 13:13:00,13:04:00,False,0,3,1.0,17.0,0.125,2.125,sl
2023-12-05,h062,10:11:00,short,17302.0,17300.0,12.0,2023-12-05 10:11:00,10:08:00,False,4,8,69.0,17.0,5.75,1.4166666666666667,tp
2023-12-05,h062,10:55:00,short,17245.0,17243.0,13.0,2023-12-05 10:55:00,10:54:00,True,7,21,12.0,74.0,0.9230769230769231,5.6923076923076925,sl
2023-12-05,h062,11:00:00,long,17239.0,17245.0,8.0,2023-12-05 11:00:00,10:59:00,True,16,28,72.0,1.0,9.0,0.125,tp
2023-12-05,h062,12:05:00,short,17296.0,17294.0,7.0,2023-12-05 12:05:00,12:01:00,True,6,9,11.0,23.0,1.5714285714285714,3.2857142857142856,sl
2023-12-05,h062,12:50:00,long,17293.0,17295.0,8.0,2023-12-05 12:50:00,12:43:00,False,4,7,22.0,3.0,2.75,0.375,tp
2023-12-05,h062,13:16:00,long,17301.0,17303.0,4.0,2023-12-05 13:16:00,13:10:00,True,10,18,14.0,8.0,3.5,2.0,tp
2023-12-05,h062,13:21:00,long,17309.0,17313.0,4.0,2023-12-05 13:21:00,13:20:00,True,14,30,4.0,18.0,1.0,4.5,sl
2023-12-06,h062,09:37:00,long,17406.0,17408.0,17.0,2023-12-06 09:37:00,09:36:00,True,60,127,45.0,42.0,2.6470588235294117,2.4705882352941178,tp
2023-12-06,h062,12:27:00,short,17387.0,17386.0,5.0,2023-12-06 12:27:00,12:26:00,True,6,10,20.0,9.0,4.0,1.8,sl
2023-12-06,h062,12:29:00,long,17390.0,17391.0,4.0,2023-12-06 12:29:00,12:28:00,False,0,3,4.0,25.0,1.0,6.25,tp
2023-12-06,h062,12:41:00,short,17377.0,17376.0,6.0,2023-12-06 12:41:00,12:37:00,True,19,26,10.0,10.0,1.6666666666666667,1.6666666666666667,sl
2023-12-06,h062,13:28:00,short,17376.0,17372.0,10.0,2023-12-06 13:28:00,13:25:00,True,10,30,4.0,13.0,0.4,1.3,sl
2023-12-07,h062,10:48:00,short,17305.0,17304.0,15.0,2023-12-07 10:48:00,10:47:00,True,33,56,43.0,13.0,2.8666666666666667,0.8666666666666667,tp
2023-12-07,h062,11:06:00,short,17288.0,17284.0,15.0,2023-12-07 11:06:00,11:04:00,True,13,34,23.0,24.0,1.5333333333333334,1.6,tp
2023-12-07,h062,12:30:00,short,17296.0,17293.0,9.0,2023-12-07 12:30:00,12:28:00,True,6,12,32.0,10.0,3.5555555555555554,1.1111111111111112,sl
2023-12-07,h062,13:02:00,short,17292.0,17288.0,8.0,2023-12-07 13:02:00,13:00:00,False,2,5,27.0,5.0,3.375,0.625,tp
2023-12-07,h062,13:22:00,short,17278.0,17277.0,13.0,2023-12-07 13:22:00,13:15:00,True,9,18,16.0,3.0,1.2307692307692308,0.23076923076923078,tp
2023-12-08,h062,09:20:00,short,17446.0,17433.0,19.0,2023-12-08 09:20:00,09:13:00,True,44,94,70.0,16.0,3.6842105263157894,0.8421052631578947,tp
2023-12-08,h062,09:56:00,short,17400.0,17397.0,11.0,2023-12-08 09:56:00,09:55:00,True,19,52,34.0,43.0,3.090909090909091,3.909090909090909,sl
2023-12-08,h062,11:40:00,short,17422.0,17420.0,9.0,2023-12-08 11:40:00,11:36:00,False,2,5,57.0,3.0,6.333333333333333,0.3333333333333333,tp
2023-12-08,h062,11:44:00,short,17407.0,17405.0,10.0,2023-12-08 11:44:00,11:43:00,True,6,14,42.0,14.0,4.2,1.4,sl
2023-12-08,h062,12:16:00,short,17400.0,17398.0,7.0,2023-12-08 12:16:00,12:12:00,False,0,3,35.0,10.0,5.0,1.4285714285714286,tp
2023-12-08,h062,12:23:00,long,17399.0,17402.0,10.0,2023-12-08 12:23:00,12:22:00,True,6,19,6.0,39.0,0.6,3.9,sl
2023-12-08,h062,12:55:00,long,17389.0,17390.0,6.0,2023-12-08 12:55:00,12:53:00,True,6,14,6.0,27.0,1.0,4.5,tp
2023-12-08,h062,13:22:00,short,17379.0,17375.0,12.0,2023-12-08 13:22:00,13:15:00,True,7,24,12.0,4.0,1.0,0.3333333333333333,tp
2023-12-08,h062,13:29:00,long,17378.0,17379.0,11.0,2023-12-08 13:29:00,13:25:00,True,20,38,0.0,16.0,0.0,1.4545454545454546,sl
2023-12-11,h062,10:51:00,long,17372.0,17374.0,10.0,2023-12-11 10:51:00,10:49:00,False,4,6,46.0,16.0,4.6,1.6,sl
2023-12-11,h062,11:22:00,long,17384.0,17390.0,5.0,2023-12-11 11:22:00,11:18:00,True,17,26,30.0,2.0,6.0,0.4,tp
2023-12-11,h062,11:25:00,long,17398.0,17399.0,6.0,2023-12-11 11:25:00,11:24:00,True,11,23,21.0,9.0,3.5,1.5,tp
2023-12-11,h062,11:34:00,long,17406.0,17409.0,7.0,2023-12-11 11:34:00,11:29:00,True,9,25,11.0,19.0,1.5714285714285714,2.7142857142857144,tp
2023-12-12,h062,11:08:00,short,17461.0,17460.0,7.0,2023-12-12 11:08:00,11:04:00,True,20,25,33.0,20.0,4.714285714285714,2.857142857142857,tp
2023-12-12,h062,11:23:00,long,17461.0,17463.0,9.0,2023-12-12 11:23:00,11:19:00,True,5,10,17.0,36.0,1.8888888888888888,4.0,tp
2023-12-12,h062,12:04:00,short,17449.0,17447.0,3.0,2023-12-12 12:04:00,12:03:00,True,11,12,20.0,19.0,6.666666666666667,6.333333333333333,sl
2023-12-12,h062,12:10:00,long,17447.0,17448.0,7.0,2023-12-12 12:10:00,12:07:00,False,3,7,18.0,21.0,2.5714285714285716,3.0,sl
2023-12-12,h062,12:31:00,long,17435.0,17436.0,7.0,2023-12-12 12:31:00,12:27:00,True,5,16,30.0,6.0,4.285714285714286,0.8571428571428571,tp
2023-12-12,h062,13:27:00,short,17443.0,17440.0,5.0,2023-12-12 13:27:00,13:25:00,True,13,27,3.0,26.0,0.6,5.2,sl
2023-12-13,h062,09:29:00,long,17515.0,17517.0,12.0,2023-12-13 09:29:00,09:25:00,True,11,22,2.0,91.0,0.16666666666666666,7.583333333333333,sl
2023-12-13,h062,10:17:00,long,17508.0,17510.0,8.0,2023-12-13 10:17:00,10:16:00,False,4,12,1.0,84.0,0.125,10.5,sl
2023-12-13,h062,10:51:00,short,17472.0,17470.0,12.0,2023-12-13 10:51:00,10:36:00,True,12,19,44.0,7.0,3.6666666666666665,0.5833333333333334,tp
2023-12-13,h062,10:56:00,short,17461.0,17456.0,11.0,2023-12-13 10:56:00,10:55:00,True,11,26,30.0,12.0,2.727272727272727,1.0909090909090908,sl
2023-12-13,h062,11:59:00,short,17442.0,17440.0,9.0,2023-12-13 11:59:00,11:50:00,True,6,13,14.0,20.0,1.5555555555555556,2.2222222222222223,tp
2023-12-13,h062,12:30:00,long,17432.0,17435.0,6.0,2023-12-13 12:30:00,12:29:00,False,4,9,25.0,7.0,4.166666666666667,1.1666666666666667,sl
2023-12-14,h062,10:24:00,long,17674.0,17677.0,13.0,2023-12-14 10:24:00,10:20:00,True,23,31,12.0,71.0,0.9230769230769231,5.461538461538462,sl
2023-12-14,h062,10:56:00,short,17631.0,17630.0,11.0,2023-12-14 10:56:00,10:55:00,True,66,95,24.0,36.0,2.1818181818181817,3.272727272727273,tp
2023-12-14,h062,12:10:00,long,17619.0,17621.0,6.0,2023-12-14 12:10:00,12:07:00,False,3,7,45.0,5.0,7.5,0.8333333333333334,tp
2023-12-14,h062,13:13:00,long,17640.0,17641.0,6.0,2023-12-14 13:13:00,13:10:00,True,12,19,25.0,6.0,4.166666666666667,1.0,sl
2023-12-15,h062,09:51:00,long,17726.0,17730.0,8.0,2023-12-15 09:51:00,09:50:00,True,9,17,35.0,58.0,4.375,7.25,tp
2023-12-15,h062,10:18:00,long,17754.0,17756.0,13.0,2023-12-15 10:18:00,10:15:00,True,7,17,9.0,84.0,0.6923076923076923,6.461538461538462,sl
2023-12-15,h062,11:14:00,short,17745.0,17743.0,8.0,2023-12-15 11:14:00,11:11:00,True,15,29,71.0,5.0,8.875,0.625,tp
2023-12-15,h062,11:19:00,short,17727.0,17726.0,10.0,2023-12-15 11:19:00,11:17:00,False,4,10,54.0,18.0,5.4,1.8,sl
2023-12-15,h062,11:56:00,short,17715.0,17712.0,8.0,2023-12-15 11:56:00,11:54:00,True,8,14,40.0,11.0,5.0,1.375,sl
2023-12-15,h062,13:15:00,short,17695.0,17692.0,9.0,2023-12-15 13:15:00,13:05:00,True,8,17,20.0,10.0,2.2222222222222223,1.1111111111111112,sl
2023-12-15,h062,13:27:00,short,17682.0,17679.0,11.0,2023-12-15 13:27:00,13:25:00,True,9,37,7.0,17.0,0.6363636363636364,1.5454545454545454,sl
2023-12-18,h062,10:02:00,short,17645.0,17643.0,8.0,2023-12-18 10:02:00,10:00:00,False,4,10,25.0,19.0,3.125,2.375,tp
2023-12-18,h062,10:50:00,long,17656.0,17658.0,8.0,2023-12-18 10:50:00,10:48:00,False,4,6,4.0,40.0,0.5,5.0,sl
2023-12-18,h062,11:29:00,short,17626.0,17622.0,8.0,2023-12-18 11:29:00,11:27:00,True,8,17,4.0,40.0,0.5,5.0,sl
2023-12-18,h062,11:31:00,long,17624.0,17625.0,6.0,2023-12-18 11:31:00,11:30:00,False,3,9,37.0,6.0,6.166666666666667,1.0,sl
2023-12-18,h062,12:44:00,long,17642.0,17644.0,9.0,2023-12-18 12:44:00,12:40:00,True,5,8,18.0,2.0,2.0,0.2222222222222222,tp
2023-12-18,h062,12:50:00,long,17651.0,17653.0,7.0,2023-12-18 12:50:00,12:45:00,True,10,15,9.0,11.0,1.2857142857142858,1.5714285714285714,sl
2023-12-18,h062,13:25:00,short,17654.0,17652.0,7.0,2023-12-18 13:25:00,13:10:00,False,3,7,4.0,8.0,0.5714285714285714,1.1428571428571428,sl
2023-12-19,h062,09:22:00,short,17579.0,17577.0,14.0,2023-12-19 09:22:00,09:12:00,True,11,36,72.0,13.0,5.142857142857143,0.9285714285714286,tp
2023-12-19,h062,10:53:00,short,17553.0,17546.0,9.0,2023-12-19 10:53:00,10:50:00,True,7,12,41.0,38.0,4.555555555555555,4.222222222222222,tp
2023-12-19,h062,11:19:00,short,17555.0,17552.0,6.0,2023-12-19 11:19:00,11:17:00,True,12,18,47.0,32.0,7.833333333333333,5.333333333333333,tp
2023-12-19,h062,12:02:00,short,17536.0,17533.0,6.0,2023-12-19 12:02:00,12:01:00,True,8,14,28.0,51.0,4.666666666666667,8.5,tp
2023-12-19,h062,12:10:00,short,17521.0,17514.0,8.0,2023-12-19 12:10:00,12:04:00,True,34,39,9.0,70.0,1.125,8.75,tp
2023-12-19,h062,12:15:00,long,17512.0,17513.0,7.0,2023-12-19 12:15:00,12:13:00,True,9,16,71.0,0.0,10.142857142857142,0.0,tp
2023-12-19,h062,12:56:00,long,17537.0,17538.0,7.0,2023-12-19 12:56:00,12:50:00,False,2,6,46.0,3.0,6.571428571428571,0.42857142857142855,tp
2023-12-19,h062,13:11:00,long,17554.0,17555.0,8.0,2023-12-19 13:11:00,13:10:00,True,12,22,29.0,0.0,3.625,0.0,tp
2023-12-19,h062,13:21:00,long,17575.0,17577.0,20.0,2023-12-19 13:21:00,13:12:00,True,37,59,7.0,5.0,0.35,0.25,timeout
2023-12-20,h062,09:47:00,long,17634.0,17639.0,10.0,2023-12-20 09:47:00,09:46:00,True,36,119,37.0,36.0,3.7,3.6,tp
2023-12-20,h062,11:04:00,long,17635.0,17637.0,8.0,2023-12-20 11:04:00,10:59:00,True,8,10,39.0,18.0,4.875,2.25,sl
2023-12-20,h062,11:52:00,long,17645.0,17646.0,3.0,2023-12-20 11:52:00,11:51:00,True,26,40,30.0,22.0,10.0,7.333333333333333,sl
2023-12-20,h062,12:21:00,short,17640.0,17639.0,5.0,2023-12-20 12:21:00,12:19:00,True,7,10,4.0,37.0,0.8,7.4,sl
2023-12-20,h062,13:01:00,long,17642.0,17646.0,7.0,2023-12-20 13:01:00,13:00:00,True,18,49,30.0,1.0,4.285714285714286,0.14285714285714285,tp
2023-12-20,h062,13:03:00,long,17654.0,17663.0,9.0,2023-12-20 13:03:00,13:02:00,True,33,75,13.0,9.0,1.4444444444444444,1.0,tp
2023-12-21,h062,10:06:00,long,17497.0,17498.0,10.0,2023-12-21 10:06:00,10:00:00,False,4,10,46.0,11.0,4.6,1.1,tp
2023-12-21,h062,12:18:00,short,17528.0,17527.0,6.0,2023-12-21 12:18:00,12:16:00,False,4,6,10.0,17.0,1.6666666666666667,2.8333333333333335,sl
2023-12-21,h062,12:26:00,long,17538.0,17539.0,7.0,2023-12-21 12:26:00,12:25:00,False,4,11,5.0,22.0,0.7142857142857143,3.142857142857143,sl
2023-12-21,h062,12:33:00,short,17535.0,17531.0,9.0,2023-12-21 12:33:00,12:27:00,False,4,9,14.0,7.0,1.5555555555555556,0.7777777777777778,tp
2023-12-21,h062,12:59:00,short,17522.0,17521.0,4.0,2023-12-21 12:59:00,12:52:00,True,7,9,4.0,16.0,1.0,4.0,tp
2023-12-21,h062,13:03:00,long,17522.0,17525.0,5.0,2023-12-21 13:03:00,13:00:00,True,7,13,12.0,2.0,2.4,0.4,tp
2023-12-22,h062,09:59:00,short,17572.0,17568.0,14.0,2023-12-22 09:59:00,09:38:00,True,15,28,20.0,29.0,1.4285714285714286,2.0714285714285716,sl
2023-12-22,h062,10:47:00,long,17578.0,17579.0,4.0,2023-12-22 10:47:00,10:43:00,True,21,23,18.0,31.0,4.5,7.75,tp
2023-12-22,h062,10:52:00,long,17587.0,17596.0,9.0,2023-12-22 10:52:00,10:51:00,True,31,50,1.0,48.0,0.1111111111111111,5.333333333333333,sl
2023-12-22,h062,11:36:00,short,17565.0,17564.0,6.0,2023-12-22 11:36:00,11:34:00,True,13,19,16.0,6.0,2.6666666666666665,1.0,sl
2023-12-22,h062,11:43:00,short,17558.0,17552.0,5.0,2023-12-22 11:43:00,11:41:00,True,15,38,4.0,16.0,0.8,3.2,sl
2023-12-22,h062,11:46:00,long,17555.0,17557.0,7.0,2023-12-22 11:46:00,11:44:00,False,4,9,11.0,7.0,1.5714285714285714,1.0,tp
2023-12-22,h062,13:01:00,short,17559.0,17558.0,6.0,2023-12-22 13:01:00,13:00:00,True,6,12,5.0,10.0,0.8333333333333334,1.6666666666666667,sl
2023-12-22,h062,13:16:00,long,17564.0,17565.0,7.0,2023-12-22 13:16:00,13:03:00,True,10,15,3.0,12.0,0.42857142857142855,1.7142857142857142,sl
2023-12-25,h062,09:43:00,long,17616.0,17617.0,9.0,2023-12-25 09:43:00,09:40:00,True,7,11,28.0,9.0,3.111111111111111,1.0,tp
2023-12-25,h062,10:08:00,short,17633.0,17631.0,8.0,2023-12-25 10:08:00,10:03:00,False,0,3,23.0,14.0,2.875,1.75,sl
2023-12-25,h062,11:22:00,short,17641.0,17639.0,3.0,2023-12-25 11:22:00,11:20:00,False,0,1,31.0,4.0,10.333333333333334,1.3333333333333333,tp
2023-12-25,h062,11:26:00,short,17635.0,17634.0,3.0,2023-12-25 11:26:00,11:23:00,False,0,1,26.0,9.0,8.666666666666666,3.0,sl
2023-12-25,h062,11:49:00,short,17639.0,17636.0,3.0,2023-12-25 11:49:00,11:45:00,True,6,6,28.0,1.0,9.333333333333334,0.3333333333333333,tp
2023-12-25,h062,11:53:00,short,17631.0,17630.0,5.0,2023-12-25 11:53:00,11:51:00,True,5,6,22.0,2.0,4.4,0.4,tp
2023-12-25,h062,12:21:00,long,17622.0,17623.0,3.0,2023-12-25 12:21:00,12:20:00,False,0,4,4.0,15.0,1.3333333333333333,5.0,tp
2023-12-25,h062,12:48:00,long,17612.0,17615.0,4.0,2023-12-25 12:48:00,12:44:00,False,0,2,12.0,6.0,3.0,1.5,sl
2023-12-26,h062,09:15:00,long,17661.0,17663.0,9.0,2023-12-26 09:15:00,09:13:00,True,29,53,77.0,0.0,8.555555555555555,0.0,tp
2023-12-26,h062,09:18:00,long,17674.0,17680.0,11.0,2023-12-26 09:18:00,09:16:00,True,46,85,60.0,4.0,5.454545454545454,0.36363636363636365,tp
2023-12-26,h062,10:03:00,short,17707.0,17705.0,8.0,2023-12-26 10:03:00,10:02:00,True,7,12,20.0,35.0,2.5,4.375,tp
2023-12-26,h062,11:03:00,long,17703.0,17705.0,4.0,2023-12-26 11:03:00,10:54:00,True,5,11,35.0,0.0,8.75,0.0,tp
2023-12-26,h062,11:05:00,long,17709.0,17713.0,4.0,2023-12-26 11:05:00,11:04:00,True,10,16,27.0,6.0,6.75,1.5,sl
2023-12-26,h062,11:11:00,long,17716.0,17722.0,7.0,2023-12-26 11:11:00,11:10:00,True,25,62,18.0,1.0,2.5714285714285716,0.14285714285714285,tp
2023-12-26,h062,11:14:00,long,17730.0,17732.0,9.0,2023-12-26 11:14:00,11:12:00,True,9,25,8.0,11.0,0.8888888888888888,1.2222222222222223,sl
2023-12-26,h062,12:04:00,long,17729.0,17730.0,4.0,2023-12-26 12:04:00,12:02:00,False,0,3,6.0,9.0,1.5,2.25,sl
2023-12-26,h062,12:47:00,long,17729.0,17731.0,8.0,2023-12-26 12:47:00,12:45:00,False,4,8,5.0,6.0,0.625,0.75,timeout
2023-12-26,h062,13:29:00,long,17728.0,17729.0,3.0,2023-12-26 13:29:00,13:25:00,True,6,15,7.0,3.0,2.3333333333333335,1.0,sl
2023-12-27,h062,10:06:00,long,17819.0,17822.0,9.0,2023-12-27 10:06:00,10:04:00,True,40,62,52.0,0.0,5.777777777777778,0.0,tp
2023-12-27,h062,10:09:00,long,17831.0,17837.0,9.0,2023-12-27 10:09:00,10:07:00,True,34,65,37.0,13.0,4.111111111111111,1.4444444444444444,sl
2023-12-27,h062,11:39:00,short,17828.0,17827.0,4.0,2023-12-27 11:39:00,11:35:00,True,5,12,2.0,47.0,0.5,11.75,sl
2023-12-27,h062,12:24:00,long,17831.0,17832.0,5.0,2023-12-27 12:24:00,12:22:00,False,0,0,42.0,2.0,8.4,0.4,tp
2023-12-27,h062,12:38:00,long,17842.0,17845.0,5.0,2023-12-27 12:38:00,12:36:00,True,19,31,29.0,11.0,5.8,2.2,sl
2023-12-28,h062,11:42:00,short,17864.0,17862.0,7.0,2023-12-28 11:42:00,11:39:00,False,0,2,11.0,10.0,1.5714285714285714,1.4285714285714286,tp
2023-12-28,h062,12:10:00,short,17855.0,17854.0,7.0,2023-12-28 12:10:00,12:05:00,False,0,1,3.0,18.0,0.42857142857142855,2.5714285714285716,sl
2023-12-28,h062,12:47:00,long,17856.0,17857.0,5.0,2023-12-28 12:47:00,12:45:00,False,4,5,15.0,6.0,3.0,1.2,tp
2023-12-28,h062,12:59:00,short,17857.0,17856.0,10.0,2023-12-28 12:59:00,12:50:00,False,0,2,5.0,16.0,0.5,1.6,sl
2023-12-29,h062,09:50:00,long,17853.0,17854.0,9.0,2023-12-29 09:50:00,09:49:00,True,22,34,46.0,16.0,5.111111111111111,1.7777777777777777,tp
2023-12-29,h062,09:55:00,long,17866.0,17867.0,13.0,2023-12-29 09:55:00,09:51:00,True,30,35,33.0,29.0,2.5384615384615383,2.230769230769231,tp
2023-12-29,h062,10:08:00,short,17885.0,17881.0,12.0,2023-12-29 10:08:00,10:01:00,True,11,22,43.0,5.0,3.5833333333333335,0.4166666666666667,tp
2023-12-29,h062,10:59:00,long,17846.0,17849.0,8.0,2023-12-29 10:59:00,10:57:00,False,0,1,37.0,5.0,4.625,0.625,tp
2023-12-29,h062,11:52:00,long,17859.0,17861.0,5.0,2023-12-29 11:52:00,11:49:00,False,2,5,25.0,3.0,5.0,0.6,tp
2023-12-29,h062,12:05:00,long,17866.0,17868.0,5.0,2023-12-29 12:05:00,12:00:00,True,12,15,18.0,7.0,3.6,1.4,tp
2023-12-29,h062,13:12:00,short,17876.0,17873.0,9.0,2023-12-29 13:12:00,13:02:00,True,10,21,8.0,3.0,0.8888888888888888,0.3333333333333333,timeout
2024-01-02,h062,09:45:00,short,17807.0,17802.0,14.0,2024-01-02 09:45:00,09:43:00,True,25,41,51.0,26.0,3.642857142857143,1.8571428571428572,sl
2024-01-02,h062,10:40:00,long,17770.0,17774.0,10.0,2024-01-02 10:40:00,10:39:00,True,6,15,35.0,23.0,3.5,2.3,tp
2024-01-02,h062,12:14:00,short,17764.0,17762.0,4.0,2024-01-02 12:14:00,12:13:00,True,5,6,5.0,47.0,1.25,11.75,tp
2024-01-02,h062,12:38:00,long,17777.0,17778.0,7.0,2024-01-02 12:38:00,12:34:00,False,3,6,31.0,5.0,4.428571428571429,0.7142857142857143,tp
2024-01-02,h062,13:04:00,short,17788.0,17785.0,5.0,2024-01-02 13:04:00,13:01:00,True,9,14,10.0,24.0,2.0,4.8,tp
2024-01-03,h062,11:25:00,short,17514.0,17512.0,11.0,2024-01-03 11:25:00,11:24:00,True,16,38,5.0,71.0,0.45454545454545453,6.454545454545454,sl
2024-01-03,h062,12:14:00,long,17555.0,17560.0,7.0,2024-01-03 12:14:00,12:08:00,True,18,45,23.0,21.0,3.2857142857142856,3.0,tp
2024-01-03,h062,12:40:00,short,17572.0,17570.0,10.0,2024-01-03 12:40:00,12:38:00,True,12,20,31.0,1.0,3.1,0.1,tp
2024-01-04,h062,10:54:00,long,17550.0,17554.0,7.0,2024-01-04 10:54:00,10:53:00,True,17,26,10.0,24.0,1.4285714285714286,3.4285714285714284,sl
2024-01-04,h062,13:11:00,long,17540.0,17541.0,7.0,2024-01-04 13:11:00,13:09:00,False,2,5,13.0,8.0,1.8571428571428572,1.1428571428571428,tp
2024-01-05,h062,09:23:00,short,17603.0,17588.0,22.0,2024-01-05 09:23:00,09:19:00,True,68,116,97.0,4.0,4.409090909090909,0.18181818181818182,tp
2024-01-05,h062,10:01:00,short,17550.0,17542.0,11.0,2024-01-05 10:01:00,09:52:00,True,40,45,51.0,17.0,4.636363636363637,1.5454545454545454,tp
2024-01-05,h062,10:03:00,short,17519.0,17508.0,25.0,2024-01-05 10:03:00,10:02:00,True,67,127,10.0,51.0,0.4,2.04,sl
2024-01-05,h062,11:02:00,long,17538.0,17542.0,8.0,2024-01-05 11:02:00,11:00:00,False,3,8,17.0,38.0,2.125,4.75,tp
2024-01-05,h062,11:33:00,short,17554.0,17551.0,5.0,2024-01-05 11:33:00,11:29:00,False,4,9,47.0,3.0,9.4,0.6,tp
2024-01-05,h062,13:07:00,short,17507.0,17506.0,8.0,2024-01-05 13:07:00,13:01:00,True,6,12,1.0,17.0,0.125,2.125,sl
2024-01-08,h062,09:17:00,long,17682.0,17690.0,22.0,2024-01-08 09:17:00,09:16:00,True,61,108,16.0,113.0,0.7272727272727273,5.136363636363637,sl
2024-01-08,h062,10:01:00,short,17634.0,17622.0,19.0,2024-01-08 10:01:00,09:55:00,True,33,72,45.0,12.0,2.3684210526315788,0.631578947368421,tp
2024-01-08,h062,10:47:00,long,17616.0,17619.0,13.0,2024-01-08 10:47:00,10:44:00,True,14,20,1.0,42.0,0.07692307692307693,3.230769230769231,sl
2024-01-08,h062,10:55:00,long,17608.0,17610.0,17.0,2024-01-08 10:55:00,10:52:00,True,16,49,5.0,33.0,0.29411764705882354,1.9411764705882353,sl
2024-01-08,h062,11:26:00,long,17599.0,17605.0,5.0,2024-01-08 11:26:00,11:25:00,True,5,13,7.0,28.0,1.4,5.6,sl
2024-01-08,h062,11:39:00,long,17584.0,17588.0,7.0,2024-01-08 11:39:00,11:38:00,True,9,16,24.0,3.0,3.4285714285714284,0.42857142857142855,tp
2024-01-08,h062,11:59:00,long,17603.0,17607.0,6.0,2024-01-08 11:59:00,11:58:00,True,7,11,5.0,21.0,0.8333333333333334,3.5,sl
2024-01-08,h062,13:16:00,short,17607.0,17605.0,5.0,2024-01-08 13:16:00,13:10:00,False,0,4,19.0,0.0,3.8,0.0,tp
2024-01-09,h062,10:12:00,short,17544.0,17539.0,38.0,2024-01-09 10:12:00,10:10:00,True,54,115,13.0,65.0,0.34210526315789475,1.7105263157894737,sl
2024-01-09,h062,11:02:00,long,17588.0,17598.0,8.0,2024-01-09 11:02:00,10:55:00,True,14,40,6.0,53.0,0.75,6.625,sl
2024-01-09,h062,12:01:00,short,17575.0,17574.0,12.0,2024-01-09 12:01:00,12:00:00,True,6,16,29.0,11.0,2.4166666666666665,0.9166666666666666,tp
2024-01-09,h062,12:06:00,long,17580.0,17585.0,4.0,2024-01-09 12:06:00,12:05:00,True,8,17,0.0,40.0,0.0,10.0,sl
2024-01-09,h062,12:24:00,long,17560.0,17561.0,5.0,2024-01-09 12:24:00,12:23:00,True,7,13,17.0,16.0,3.4,3.2,sl
2024-01-09,h062,13:17:00,short,17567.0,17563.0,7.0,2024-01-09 13:17:00,13:10:00,False,3,7,18.0,9.0,2.5714285714285716,1.2857142857142858,sl
2024-01-09,h062,13:27:00,short,17565.0,17564.0,7.0,2024-01-09 13:27:00,13:25:00,True,10,16,19.0,2.0,2.7142857142857144,0.2857142857142857,tp
2024-01-10,h062,10:28:00,short,17503.0,17502.0,8.0,2024-01-10 10:28:00,10:23:00,False,0,4,56.0,0.0,7.0,0.0,tp
2024-01-10,h062,11:13:00,long,17468.0,17469.0,6.0,2024-01-10 11:13:00,11:08:00,True,5,7,33.0,23.0,5.5,3.8333333333333335,sl
2024-01-10,h062,11:48:00,long,17480.0,17484.0,10.0,2024-01-10 11:48:00,11:47:00,True,7,22,18.0,38.0,1.8,3.8,tp
2024-01-10,h062,12:16:00,short,17492.0,17490.0,10.0,2024-01-10 12:16:00,12:15:00,True,7,14,44.0,10.0,4.4,1.0,sl
2024-01-10,h062,13:15:00,long,17483.0,17487.0,10.0,2024-01-10 13:15:00,13:05:00,True,6,19,-1.0,41.0,-0.1,4.1,sl
2024-01-10,h062,13:26:00,short,17470.0,17459.0,7.0,2024-01-10 13:26:00,13:25:00,True,18,52,13.0,7.0,1.8571428571428572,1.0,tp
2024-01-11,h062,10:15:00,long,17526.0,17529.0,5.0,2024-01-11 10:15:00,10:14:00,True,14,35,77.0,19.0,15.4,3.8,tp
2024-01-11,h062,10:17:00,long,17553.0,17563.0,23.0,2024-01-11 10:17:00,10:16:00,True,58,144,43.0,53.0,1.8695652173913044,2.3043478260869565,sl
2024-01-11,h062,11:00:00,long,17529.0,17531.0,19.0,2024-01-11 11:00:00,10:42:00,True,12,19,75.0,8.0,3.9473684210526314,0.42105263157894735,tp
2024-01-11,h062,11:28:00,long,17542.0,17544.0,7.0,2024-01-11 11:28:00,11:20:00,False,4,5,62.0,1.0,8.857142857142858,0.14285714285714285,tp
2024-01-11,h062,11:34:00,long,17551.0,17552.0,7.0,2024-01-11 11:34:00,11:30:00,True,5,13,54.0,0.0,7.714285714285714,0.0,tp
2024-01-11,h062,11:49:00,short,17576.0,17569.0,10.0,2024-01-11 11:49:00,11:47:00,True,9,25,5.0,37.0,0.5,3.7,sl
2024-01-11,h062,12:46:00,long,17586.0,17589.0,7.0,2024-01-11 12:46:00,12:40:00,False,4,11,5.0,25.0,0.7142857142857143,3.5714285714285716,sl
2024-01-11,h062,13:27:00,short,17573.0,17569.0,8.0,2024-01-11 13:27:00,13:25:00,True,29,54,5.0,6.0,0.625,0.75,timeout
2024-01-12,h062,10:17:00,short,17535.0,17532.0,11.0,2024-01-12 10:17:00,10:15:00,True,12,20,49.0,38.0,4.454545454545454,3.4545454545454546,tp
2024-01-12,h062,11:36:00,short,17540.0,17539.0,6.0,2024-01-12 11:36:00,11:35:00,True,6,14,56.0,7.0,9.333333333333334,1.1666666666666667,sl
2024-01-12,h062,12:13:00,short,17511.0,17504.0,9.0,2024-01-12 12:13:00,12:05:00,True,14,28,21.0,14.0,2.3333333333333335,1.5555555555555556,sl
2024-01-12,h062,12:55:00,long,17494.0,17501.0,7.0,2024-01-12 12:55:00,12:54:00,True,18,26,17.0,18.0,2.4285714285714284,2.5714285714285716,tp
2024-01-15,h062,10:18:00,long,17569.0,17584.0,18.0,2024-01-15 10:18:00,10:17:00,True,38,101,62.0,35.0,3.4444444444444446,1.9444444444444444,tp
2024-01-15,h062,10:21:00,long,17595.0,17599.0,17.0,2024-01-15 10:21:00,10:20:00,True,33,94,47.0,50.0,2.764705882352941,2.9411764705882355,tp
2024-01-15,h062,11:15:00,long,17628.0,17634.0,11.0,2024-01-15 11:15:00,11:14:00,True,43,68,12.0,85.0,1.0909090909090908,7.7272727272727275,tp
2024-01-15,h062,11:20:00,long,17644.0,17645.0,10.0,2024-01-15 11:20:00,11:16:00,True,21,56,1.0,96.0,0.1,9.6,sl
2024-01-15,h062,12:04:00,short,17612.0,17611.0,9.0,2024-01-15 12:04:00,12:01:00,True,7,19,62.0,11.0,6.888888888888889,1.2222222222222223,sl
2024-01-15,h062,12:47:00,short,17603.0,17600.0,7.0,2024-01-15 12:47:00,12:43:00,True,8,19,51.0,3.0,7.285714285714286,0.42857142857142855,tp
2024-01-15,h062,13:15:00,long,17574.0,17583.0,16.0,2024-01-15 13:15:00,13:07:00,True,16,46,1.0,34.0,0.0625,2.125,sl
2024-01-16,h062,13:25:00,short,17373.0,17370.0,15.0,2024-01-16 13:25:00,13:15:00,True,15,45,43.0,4.0,2.8666666666666667,0.26666666666666666,tp
2024-01-17,h062,10:12:00,long,17275.0,17278.0,15.0,2024-01-17 10:12:00,10:10:00,True,9,21,3.0,119.0,0.2,7.933333333333334,sl
2024-01-17,h062,12:00:00,short,17200.0,17197.0,6.0,2024-01-17 12:00:00,11:55:00,True,7,13,38.0,10.0,6.333333333333333,1.6666666666666667,tp
2024-01-17,h062,12:06:00,long,17194.0,17195.0,11.0,2024-01-17 12:06:00,12:04:00,False,4,10,12.0,36.0,1.0909090909090908,3.272727272727273,sl
2024-01-17,h062,12:51:00,short,17200.0,17197.0,7.0,2024-01-17 12:51:00,12:49:00,True,9,19,38.0,1.0,5.428571428571429,0.14285714285714285,tp
2024-01-17,h062,12:58:00,long,17177.0,17178.0,10.0,2024-01-17 12:58:00,12:57:00,True,20,46,8.0,19.0,0.8,1.9,sl
2024-01-18,h062,11:34:00,long,17272.0,17273.0,10.0,2024-01-18 11:34:00,11:18:00,True,19,35,16.0,34.0,1.6,3.4,tp
2024-01-18,h062,12:47:00,short,17246.0,17243.0,6.0,2024-01-18 12:47:00,12:44:00,True,7,12,4.0,43.0,0.6666666666666666,7.166666666666667,sl
2024-01-19,h062,09:56:00,long,17558.0,17559.0,12.0,2024-01-19 09:56:00,09:55:00,True,26,52,125.0,16.0,10.416666666666666,1.3333333333333333,tp
2024-01-19,h062,10:03:00,short,17564.0,17550.0,28.0,2024-01-19 10:03:00,09:58:00,True,15,53,7.0,134.0,0.25,4.785714285714286,sl
2024-01-19,h062,11:36:00,long,17609.0,17610.0,10.0,2024-01-19 11:36:00,11:33:00,True,11,15,74.0,1.0,7.4,0.1,tp
2024-01-19,h062,11:38:00,long,17614.0,17616.0,5.0,2024-01-19 11:38:00,11:37:00,True,13,28,68.0,1.0,13.6,0.2,tp
2024-01-19,h062,13:25:00,long,17666.0,17667.0,6.0,2024-01-19 13:25:00,13:14:00,True,16,42,11.0,5.0,1.8333333333333333,0.8333333333333334,tp
2024-01-22,h062,10:34:00,short,17764.0,17759.0,17.0,2024-01-22 10:34:00,10:31:00,True,6,16,12.0,59.0,0.7058823529411765,3.4705882352941178,sl
2024-01-22,h062,11:14:00,long,17758.0,17760.0,10.0,2024-01-22 11:14:00,11:09:00,True,5,11,58.0,3.0,5.8,0.3,tp
2024-01-22,h062,12:12:00,short,17793.0,17790.0,5.0,2024-01-22 12:12:00,12:10:00,True,10,16,17.0,28.0,3.4,5.6,sl
2024-01-22,h062,12:25:00,short,17798.0,17797.0,6.0,2024-01-22 12:25:00,12:24:00,True,9,13,24.0,21.0,4.0,3.5,sl
2024-01-22,h062,13:26:00,short,17804.0,17803.0,6.0,2024-01-22 13:26:00,13:25:00,True,11,22,6.0,15.0,1.0,2.5,tp
2024-01-23,h062,09:50:00,short,17822.0,17820.0,18.0,2024-01-23 09:50:00,09:40:00,True,7,18,3.0,57.0,0.16666666666666666,3.1666666666666665,sl
2024-01-23,h062,10:42:00,short,17856.0,17854.0,19.0,2024-01-23 10:42:00,10:38:00,True,12,16,34.0,23.0,1.7894736842105263,1.2105263157894737,tp
2024-01-23,h062,11:05:00,short,17840.0,17838.0,13.0,2024-01-23 11:05:00,11:03:00,True,16,20,18.0,39.0,1.3846153846153846,3.0,tp
2024-01-23,h062,11:08:00,short,17830.0,17829.0,9.0,2024-01-23 11:08:00,11:06:00,False,2,6,9.0,48.0,1.0,5.333333333333333,sl
2024-01-23,h062,12:41:00,short,17826.0,17824.0,6.0,2024-01-23 12:41:00,12:33:00,True,6,12,4.0,53.0,0.6666666666666666,8.833333333333334,sl
2024-01-23,h062,13:02:00,long,17847.0,17848.0,9.0,2024-01-23 13:02:00,13:01:00,True,10,28,29.0,1.0,3.2222222222222223,0.1111111111111111,tp
2024-01-23,h062,13:23:00,long,17865.0,17866.0,13.0,2024-01-23 13:23:00,13:11:00,True,10,19,11.0,2.0,0.8461538461538461,0.15384615384615385,timeout
2024-01-24,h062,10:15:00,long,17911.0,17913.0,16.0,2024-01-24 10:15:00,10:06:00,True,17,22,28.0,35.0,1.75,2.1875,tp
2024-01-24,h062,10:36:00,long,17925.0,17927.0,8.0,2024-01-24 10:36:00,10:34:00,True,7,11,14.0,49.0,1.75,6.125,sl
2024-01-24,h062,11:19:00,long,17932.0,17933.0,7.0,2024-01-24 11:19:00,11:15:00,True,48,95,4.0,55.0,0.5714285714285714,7.857142857142857,sl
2024-01-24,h062,12:22:00,long,17923.0,17925.0,7.0,2024-01-24 12:22:00,12:15:00,False,0,4,6.0,47.0,0.8571428571428571,6.714285714285714,sl
2024-01-24,h062,12:39:00,long,17930.0,17931.0,7.0,2024-01-24 12:39:00,12:36:00,False,3,5,0.0,53.0,0.0,7.571428571428571,sl
2024-01-24,h062,13:16:00,short,17895.0,17890.0,7.0,2024-01-24 13:16:00,13:07:00,True,21,40,12.0,15.0,1.7142857142857142,2.142857142857143,tp
2024-01-25,h062,09:50:00,short,17944.0,17937.0,21.0,2024-01-25 09:50:00,09:41:00,True,41,55,0.0,74.0,0.0,3.5238095238095237,sl
2024-01-25,h062,09:59:00,long,17989.0,17994.0,20.0,2024-01-25 09:59:00,09:58:00,True,59,113,17.0,53.0,0.85,2.65,sl
2024-01-25,h062,10:43:00,short,17953.0,17948.0,14.0,2024-01-25 10:43:00,10:42:00,True,14,31,7.0,63.0,0.5,4.5,sl
2024-01-25,h062,12:36:00,short,18000.0,17998.0,5.0,2024-01-25 12:36:00,12:33:00,False,4,9,23.0,6.0,4.6,1.2,tp
2024-01-25,h062,13:03:00,short,17989.0,17986.0,5.0,2024-01-25 13:03:00,12:58:00,True,6,15,11.0,18.0,2.2,3.6,tp
2024-01-25,h062,13:05:00,short,17982.0,17977.0,5.0,2024-01-25 13:05:00,13:04:00,True,13,21,2.0,27.0,0.4,5.4,sl
2024-01-25,h062,13:10:00,long,17992.0,17997.0,9.0,2024-01-25 13:10:00,13:09:00,True,24,46,7.0,10.0,0.7777777777777778,1.1111111111111112,sl
2024-01-25,h062,13:13:00,long,18002.0,18003.0,6.0,2024-01-25 13:13:00,13:11:00,True,8,16,1.0,16.0,0.16666666666666666,2.6666666666666665,sl
2024-01-26,h062,10:43:00,long,18010.0,18014.0,7.0,2024-01-26 10:43:00,10:41:00,True,30,60,9.0,57.0,1.2857142857142858,8.142857142857142,sl
2024-01-26,h062,12:07:00,short,17988.0,17987.0,8.0,2024-01-26 12:07:00,12:06:00,True,6,11,30.0,16.0,3.75,2.0,sl
2024-01-26,h062,12:46:00,short,17974.0,17973.0,6.0,2024-01-26 12:46:00,12:42:00,False,4,12,16.0,30.0,2.6666666666666665,5.0,tp
2024-01-29,h062,11:03:00,short,18102.0,18099.0,9.0,2024-01-29 11:03:00,10:53:00,False,4,6,7.0,36.0,0.7777777777777778,4.0,sl
2024-01-29,h062,11:13:00,short,18114.0,18113.0,3.0,2024-01-29 11:13:00,11:12:00,True,28,34,21.0,22.0,7.0,7.333333333333333,tp
2024-01-29,h062,11:36:00,short,18099.0,18098.0,6.0,2024-01-29 11:36:00,11:35:00,False,3,6,6.0,37.0,1.0,6.166666666666667,tp
2024-01-29,h062,12:39:00,long,18119.0,18123.0,6.0,2024-01-29 12:39:00,12:36:00,True,18,21,12.0,18.0,2.0,3.0,sl
2024-01-29,h062,13:16:00,long,18109.0,18110.0,4.0,2024-01-29 13:16:00,13:15:00,False,0,4,25.0,2.0,6.25,0.5,tp
2024-01-29,h062,13:25:00,long,18118.0,18121.0,8.0,2024-01-29 13:25:00,13:24:00,True,11,33,14.0,8.0,1.75,1.0,tp
2024-01-30,h062,11:13:00,long,18107.0,18108.0,7.0,2024-01-30 11:13:00,11:07:00,True,5,13,10.0,33.0,1.4285714285714286,4.714285714285714,sl
2024-01-30,h062,12:13:00,long,18110.0,18111.0,6.0,2024-01-30 12:13:00,12:07:00,True,13,16,7.0,36.0,1.1666666666666667,6.0,sl
2024-01-30,h062,12:35:00,short,18108.0,18105.0,7.0,2024-01-30 12:35:00,12:33:00,False,0,3,30.0,13.0,4.285714285714286,1.8571428571428572,sl
2024-01-30,h062,13:03:00,long,18113.0,18116.0,6.0,2024-01-30 13:03:00,13:00:00,True,12,23,0.0,41.0,0.0,6.833333333333333,sl
2024-01-30,h062,13:12:00,short,18105.0,18104.0,8.0,2024-01-30 13:12:00,13:07:00,True,5,8,29.0,4.0,3.625,0.5,tp
2024-01-30,h062,13:26:00,short,18096.0,18092.0,11.0,2024-01-30 13:26:00,13:25:00,True,19,38,17.0,3.0,1.5454545454545454,0.2727272727272727,tp
2024-01-31,h062,09:29:00,short,17942.0,17938.0,31.0,2024-01-31 09:29:00,09:28:00,True,24,89,34.0,30.0,1.096774193548387,0.967741935483871,tp
2024-01-31,h062,10:01:00,short,17929.0,17921.0,13.0,2024-01-31 10:01:00,09:52:00,True,13,39,17.0,24.0,1.3076923076923077,1.8461538461538463,sl
2024-01-31,h062,11:24:00,short,17936.0,17930.0,9.0,2024-01-31 11:24:00,11:20:00,True,17,39,26.0,7.0,2.888888888888889,0.7777777777777778,tp
2024-01-31,h062,11:55:00,short,17913.0,17912.0,8.0,2024-01-31 11:55:00,11:54:00,True,12,29,8.0,25.0,1.0,3.125,tp
2024-01-31,h062,12:54:00,short,17918.0,17915.0,6.0,2024-01-31 12:54:00,12:48:00,True,7,14,5.0,22.0,0.8333333333333334,3.6666666666666665,sl
2024-01-31,h062,13:28:00,short,17925.0,17923.0,12.0,2024-01-31 13:28:00,13:25:00,True,12,34,13.0,2.0,1.0833333333333333,0.16666666666666666,tp
2024-02-01,h062,09:49:00,long,17899.0,17900.0,17.0,2024-02-01 09:49:00,09:45:00,True,10,26,94.0,17.0,5.529411764705882,1.0,sl
2024-02-01,h062,10:13:00,long,17925.0,17941.0,17.0,2024-02-01 10:13:00,10:11:00,True,35,81,53.0,48.0,3.1176470588235294,2.823529411764706,sl
2024-02-01,h062,10:44:00,short,17915.0,17911.0,15.0,2024-02-01 10:44:00,10:41:00,False,4,12,18.0,83.0,1.2,5.533333333333333,tp
2024-02-01,h062,12:15:00,short,17934.0,17931.0,5.0,2024-02-01 12:15:00,12:14:00,True,10,17,0.0,63.0,0.0,12.6,sl
2024-02-01,h062,12:55:00,long,17945.0,17946.0,10.0,2024-02-01 12:55:00,12:24:00,False,3,6,48.0,13.0,4.8,1.3,sl
2024-02-01,h062,13:12:00,long,17946.0,17950.0,5.0,2024-02-01 13:12:00,13:10:00,True,24,46,44.0,1.0,8.8,0.2,tp
2024-02-01,h062,13:17:00,long,17961.0,17964.0,7.0,2024-02-01 13:17:00,13:15:00,False,3,7,30.0,11.0,4.285714285714286,1.5714285714285714,sl
2024-02-02,h062,10:17:00,long,18054.0,18055.0,10.0,2024-02-02 10:17:00,10:15:00,True,11,16,35.0,1.0,3.5,0.1,tp
2024-02-02,h062,10:53:00,short,18077.0,18075.0,12.0,2024-02-02 10:53:00,10:42:00,False,3,7,15.0,15.0,1.25,1.25,tp
2024-02-02,h062,12:17:00,long,18078.0,18080.0,8.0,2024-02-02 12:17:00,12:15:00,True,8,9,10.0,10.0,1.25,1.25,sl
2024-02-02,h062,12:23:00,short,18078.0,18074.0,5.0,2024-02-02 12:23:00,12:19:00,True,5,7,4.0,16.0,0.8,3.2,sl
2024-02-02,h062,13:25:00,long,18082.0,18085.0,7.0,2024-02-02 13:25:00,13:24:00,True,8,25,5.0,4.0,0.7142857142857143,0.5714285714285714,timeout
2024-02-05,h062,10:31:00,long,18071.0,18074.0,13.0,2024-02-05 10:31:00,10:29:00,True,15,28,28.0,14.0,2.1538461538461537,1.0769230769230769,sl
2024-02-05,h062,11:06:00,long,18089.0,18092.0,7.0,2024-02-05 11:06:00,11:05:00,True,36,46,10.0,17.0,1.4285714285714286,2.4285714285714284,sl
2024-02-05,h062,11:48:00,short,18088.0,18085.0,5.0,2024-02-05 11:48:00,11:45:00,False,0,3,8.0,17.0,1.6,3.4,sl
2024-02-05,h062,12:27:00,short,18085.0,18083.0,8.0,2024-02-05 12:27:00,12:26:00,False,4,9,6.0,19.0,0.75,2.375,sl
2024-02-05,h062,13:17:00,long,18100.0,18101.0,4.0,2024-02-05 13:17:00,13:16:00,True,18,32,1.0,18.0,0.25,4.5,sl
2024-02-15,h062,11:04:00,long,18638.0,18639.0,13.0,2024-02-15 11:04:00,11:01:00,True,12,16,57.0,6.0,4.384615384615385,0.46153846153846156,tp
2024-02-15,h062,11:07:00,long,18663.0,18664.0,24.0,2024-02-15 11:07:00,11:06:00,True,13,34,32.0,31.0,1.3333333333333333,1.2916666666666667,tp
2024-02-15,h062,11:18:00,long,18684.0,18685.0,15.0,2024-02-15 11:18:00,11:15:00,True,9,25,11.0,52.0,0.7333333333333333,3.466666666666667,sl
2024-02-15,h062,12:20:00,short,18637.0,18636.0,8.0,2024-02-15 12:20:00,12:18:00,True,5,11,3.0,41.0,0.375,5.125,sl
2024-02-15,h062,13:26:00,short,18662.0,18657.0,14.0,2024-02-15 13:26:00,13:25:00,True,14,30,4.0,13.0,0.2857142857142857,0.9285714285714286,timeout
2024-02-16,h062,10:23:00,short,18644.0,18641.0,17.0,2024-02-16 10:23:00,10:12:00,True,11,19,8.0,39.0,0.47058823529411764,2.2941176470588234,sl
2024-02-16,h062,11:17:00,short,18654.0,18653.0,8.0,2024-02-16 11:17:00,11:16:00,True,6,12,20.0,27.0,2.5,3.375,sl
2024-02-19,h062,10:34:00,short,18634.0,18627.0,9.0,2024-02-19 10:34:00,10:33:00,True,36,96,8.0,61.0,0.8888888888888888,6.777777777777778,sl
2024-02-19,h062,11:00:00,long,18629.0,18632.0,10.0,2024-02-19 11:00:00,10:59:00,True,14,20,56.0,0.0,5.6,0.0,tp
2024-02-19,h062,11:09:00,long,18652.0,18656.0,7.0,2024-02-19 11:09:00,11:06:00,True,13,29,32.0,2.0,4.571428571428571,0.2857142857142857,tp
2024-02-19,h062,11:18:00,long,18662.0,18664.0,8.0,2024-02-19 11:18:00,11:10:00,True,12,22,24.0,10.0,3.0,1.25,sl
2024-02-19,h062,12:29:00,long,18670.0,18671.0,8.0,2024-02-19 12:29:00,11:38:00,True,7,7,17.0,8.0,2.125,1.0,tp
2024-02-19,h062,12:33:00,long,18679.0,18680.0,3.0,2024-02-19 12:33:00,12:31:00,False,3,7,8.0,17.0,2.6666666666666665,5.666666666666667,tp
2024-02-19,h062,12:47:00,short,18681.0,18678.0,5.0,2024-02-19 12:47:00,12:39:00,True,5,6,15.0,10.0,3.0,2.0,sl
2024-02-20,h062,09:26:00,long,18685.0,18687.0,23.0,2024-02-20 09:26:00,09:19:00,True,28,80,67.0,3.0,2.9130434782608696,0.13043478260869565,tp
2024-02-20,h062,11:58:00,short,18712.0,18711.0,7.0,2024-02-20 11:58:00,11:56:00,False,3,6,12.0,43.0,1.7142857142857142,6.142857142857143,tp
2024-02-20,h062,12:05:00,long,18709.0,18710.0,10.0,2024-02-20 12:05:00,12:03:00,True,5,12,44.0,4.0,4.4,0.4,tp
2024-02-20,h062,13:26:00,long,18724.0,18730.0,12.0,2024-02-20 13:26:00,13:25:00,True,18,51,24.0,2.0,2.0,0.16666666666666666,tp
2024-02-21,h062,11:05:00,long,18725.0,18727.0,6.0,2024-02-21 11:05:00,11:04:00,True,8,20,12.0,48.0,2.0,8.0,tp
2024-02-21,h062,11:13:00,long,18735.0,18738.0,8.0,2024-02-21 11:13:00,11:12:00,True,10,29,0.0,59.0,0.0,7.375,sl
2024-02-21,h062,12:01:00,short,18717.0,18713.0,10.0,2024-02-21 12:01:00,11:44:00,True,7,13,34.0,11.0,3.4,1.1,sl
2024-02-21,h062,12:13:00,long,18709.0,18718.0,4.0,2024-02-21 12:13:00,12:08:00,True,11,20,6.0,39.0,1.5,9.75,sl
2024-02-21,h062,13:00:00,long,18688.0,18691.0,9.0,2024-02-21 13:00:00,12:58:00,True,24,73,6.0,12.0,0.6666666666666666,1.3333333333333333,sl
2024-02-21,h062,13:26:00,long,18689.0,18692.0,9.0,2024-02-21 13:26:00,13:25:00,True,17,51,5.0,11.0,0.5555555555555556,1.2222222222222223,sl
2024-02-22,h062,09:44:00,short,18807.0,18806.0,15.0,2024-02-22 09:44:00,09:38:00,False,4,8,55.0,83.0,3.6666666666666665,5.533333333333333,sl
2024-02-22,h062,10:06:00,short,18796.0,18794.0,12.0,2024-02-22 10:06:00,09:56:00,True,28,30,43.0,95.0,3.5833333333333335,7.916666666666667,tp
2024-02-22,h062,10:53:00,long,18814.0,18816.0,15.0,2024-02-22 10:53:00,10:47:00,True,10,19,73.0,6.0,4.866666666666666,0.4,tp
2024-02-22,h062,11:40:00,short,18831.0,18829.0,4.0,2024-02-22 11:40:00,11:39:00,True,9,22,2.0,60.0,0.5,15.0,sl
2024-02-22,h062,12:22:00,long,18848.0,18850.0,7.0,2024-02-22 12:22:00,12:20:00,True,14,20,39.0,3.0,5.571428571428571,0.42857142857142855,tp
2024-02-22,h062,13:07:00,short,18855.0,18853.0,5.0,2024-02-22 13:07:00,13:06:00,False,3,7,0.0,36.0,0.0,7.2,sl
2024-02-22,h062,13:10:00,long,18866.0,18876.0,10.0,2024-02-22 13:10:00,13:09:00,True,46,105,13.0,4.0,1.3,0.4,tp
2024-02-22,h062,13:20:00,long,18882.0,18884.0,9.0,2024-02-22 13:20:00,13:11:00,True,11,20,5.0,11.0,0.5555555555555556,1.2222222222222223,sl
2024-02-23,h062,10:11:00,short,18924.0,18917.0,10.0,2024-02-23 10:11:00,10:06:00,True,9,21,19.0,83.0,1.9,8.3,tp
2024-02-23,h062,10:17:00,short,18908.0,18907.0,13.0,2024-02-23 10:17:00,10:15:00,True,9,24,9.0,93.0,0.6923076923076923,7.153846153846154,sl
2024-02-23,h062,11:12:00,long,18969.0,18971.0,7.0,2024-02-23 11:12:00,11:11:00,True,22,38,29.0,73.0,4.142857142857143,10.428571428571429,tp
2024-02-23,h062,11:39:00,short,18985.0,18972.0,15.0,2024-02-23 11:39:00,11:37:00,True,17,32,74.0,2.0,4.933333333333334,0.13333333333333333,tp
2024-02-23,h062,12:25:00,short,18954.0,18952.0,5.0,2024-02-23 12:25:00,12:21:00,False,3,5,54.0,4.0,10.8,0.8,tp
2024-02-23,h062,12:33:00,short,18947.0,18946.0,5.0,2024-02-23 12:33:00,12:31:00,False,3,6,48.0,4.0,9.6,0.8,tp
2024-02-23,h062,12:39:00,short,18939.0,18938.0,7.0,2024-02-23 12:39:00,12:37:00,True,10,15,40.0,4.0,5.714285714285714,0.5714285714285714,tp
2024-02-23,h062,13:09:00,long,18925.0,18926.0,15.0,2024-02-23 13:09:00,13:08:00,True,10,23,12.0,28.0,0.8,1.8666666666666667,sl
2024-02-26,h062,11:29:00,long,18922.0,18924.0,8.0,2024-02-26 11:29:00,11:20:00,False,3,6,72.0,5.0,9.0,0.625,tp
2024-02-26,h062,11:54:00,short,18932.0,18929.0,4.0,2024-02-26 11:54:00,11:52:00,False,0,2,10.0,67.0,2.5,16.75,sl
2024-02-26,h062,12:22:00,short,18933.0,18932.0,5.0,2024-02-26 12:22:00,12:19:00,False,0,1,5.0,64.0,1.0,12.8,tp
2024-02-26,h062,12:50:00,long,18955.0,18956.0,16.0,2024-02-26 12:50:00,12:45:00,True,14,28,40.0,3.0,2.5,0.1875,tp
2024-02-26,h062,12:57:00,long,18968.0,18972.0,10.0,2024-02-26 12:57:00,12:56:00,True,15,43,24.0,10.0,2.4,1.0,tp
2024-02-27,h062,10:00:00,short,18940.0,18933.0,15.0,2024-02-27 10:00:00,09:57:00,True,17,46,183.0,0.0,12.2,0.0,tp
2024-02-27,h062,10:10:00,short,18865.0,18859.0,35.0,2024-02-27 10:10:00,10:05:00,True,44,102,109.0,29.0,3.1142857142857143,0.8285714285714286,tp
2024-02-27,h062,11:31:00,short,18845.0,18842.0,11.0,2024-02-27 11:31:00,11:30:00,True,16,33,23.0,46.0,2.090909090909091,4.181818181818182,sl
2024-02-27,h062,12:45:00,long,18877.0,18879.0,26.0,2024-02-27 12:45:00,12:12:00,True,14,34,9.0,21.0,0.34615384615384615,0.8076923076923077,timeout
2024-02-27,h062,12:55:00,long,18867.0,18871.0,9.0,2024-02-27 12:55:00,12:48:00,True,8,16,17.0,6.0,1.8888888888888888,0.6666666666666666,tp
2024-02-29,h062,10:28:00,short,18898.0,18896.0,5.0,2024-02-29 10:28:00,10:27:00,True,8,16,37.0,101.0,7.4,20.2,sl
2024-02-29,h062,12:07:00,short,18880.0,18877.0,6.0,2024-02-29 12:07:00,12:05:00,False,0,0,1.0,120.0,0.16666666666666666,20.0,sl
2024-02-29,h062,12:32:00,long,18907.0,18915.0,7.0,2024-02-29 12:32:00,12:22:00,True,28,58,82.0,0.0,11.714285714285714,0.0,tp
2024-02-29,h062,12:34:00,long,18923.0,18926.0,8.0,2024-02-29 12:34:00,12:33:00,True,34,73,71.0,1.0,8.875,0.125,tp
2024-02-29,h062,13:02:00,long,18978.0,18979.0,21.0,2024-02-29 13:02:00,13:01:00,True,50,82,18.0,32.0,0.8571428571428571,1.5238095238095237,sl
2024-02-29,h062,13:29:00,short,18961.0,18960.0,27.0,2024-02-29 13:29:00,13:25:00,True,25,74,13.0,7.0,0.48148148148148145,0.25925925925925924,timeout
2024-03-01,h062,09:29:00,long,18954.0,18958.0,30.0,2024-03-01 09:29:00,09:21:00,True,25,39,49.0,15.0,1.6333333333333333,0.5,tp
2024-03-01,h062,10:27:00,long,19000.0,19004.0,10.0,2024-03-01 10:27:00,10:20:00,True,11,21,3.0,61.0,0.3,6.1,sl
2024-03-01,h062,10:48:00,short,18999.0,18990.0,8.0,2024-03-01 10:48:00,10:47:00,True,15,26,47.0,13.0,5.875,1.625,sl
2024-03-01,h062,13:15:00,short,18961.0,18959.0,11.0,2024-03-01 13:15:00,13:00:00,False,4,7,8.0,7.0,0.7272727272727273,0.6363636363636364,timeout
2024-03-01,h062,13:28:00,short,18956.0,18955.0,10.0,2024-03-01 13:28:00,13:25:00,True,8,25,4.0,11.0,0.4,1.1,sl
2024-03-04,h062,09:38:00,long,19249.0,19255.0,22.0,2024-03-04 09:38:00,09:35:00,True,17,48,85.0,7.0,3.8636363636363638,0.3181818181818182,tp
2024-03-04,h062,10:46:00,long,19319.0,19330.0,23.0,2024-03-04 10:46:00,10:45:00,True,28,85,10.0,49.0,0.43478260869565216,2.130434782608696,sl
2024-03-04,h062,10:50:00,short,19325.0,19318.0,11.0,2024-03-04 10:50:00,10:47:00,True,23,64,37.0,22.0,3.3636363636363638,2.0,sl
2024-03-04,h062,12:14:00,short,19297.0,19295.0,9.0,2024-03-04 12:14:00,12:11:00,True,7,10,14.0,22.0,1.5555555555555556,2.4444444444444446,tp
2024-03-04,h062,13:17:00,short,19300.0,19296.0,11.0,2024-03-04 13:17:00,12:55:00,True,6,12,8.0,20.0,0.7272727272727273,1.8181818181818181,sl
2024-03-04,h062,13:26:00,long,19310.0,19314.0,14.0,2024-03-04 13:26:00,13:25:00,True,15,37,1.0,26.0,0.07142857142857142,1.8571428571428572,sl
2024-03-05,h062,10:49:00,short,19368.0,19365.0,10.0,2024-03-05 10:49:00,10:43:00,True,5,10,0.0,71.0,0.0,7.1,sl
2024-03-05,h062,11:16:00,long,19401.0,19402.0,9.0,2024-03-05 11:16:00,11:07:00,True,9,12,34.0,27.0,3.7777777777777777,3.0,sl
2024-03-05,h062,11:43:00,short,19408.0,19406.0,10.0,2024-03-05 11:43:00,11:36:00,True,6,10,31.0,30.0,3.1,3.0,sl
2024-03-05,h062,11:59:00,long,19425.0,19426.0,7.0,2024-03-05 11:59:00,11:58:00,True,10,23,10.0,51.0,1.4285714285714286,7.285714285714286,tp
2024-03-05,h062,12:03:00,short,19428.0,19420.0,7.0,2024-03-05 12:03:00,12:01:00,True,7,19,45.0,13.0,6.428571428571429,1.8571428571428572,sl
2024-03-05,h062,12:28:00,long,19407.0,19412.0,6.0,2024-03-05 12:28:00,12:27:00,True,7,11,7.0,37.0,1.1666666666666667,6.166666666666667,sl
2024-03-06,h062,10:43:00,long,19420.0,19424.0,14.0,2024-03-06 10:43:00,10:39:00,True,23,39,99.0,14.0,7.071428571428571,1.0,sl
2024-03-06,h062,11:09:00,long,19439.0,19442.0,9.0,2024-03-06 11:09:00,11:08:00,True,14,31,81.0,4.0,9.0,0.4444444444444444,tp
2024-03-06,h062,11:31:00,short,19455.0,19453.0,13.0,2024-03-06 11:31:00,11:27:00,False,0,4,8.0,70.0,0.6153846153846154,5.384615384615385,sl
2024-03-06,h062,11:56:00,long,19470.0,19482.0,15.0,2024-03-06 11:56:00,11:53:00,True,20,69,41.0,31.0,2.7333333333333334,2.066666666666667,tp
2024-03-06,h062,12:10:00,long,19511.0,19513.0,17.0,2024-03-06 12:10:00,12:02:00,True,18,31,10.0,62.0,0.5882352941176471,3.6470588235294117,sl
2024-03-06,h062,12:40:00,short,19493.0,19488.0,20.0,2024-03-06 12:40:00,12:36:00,False,4,15,37.0,27.0,1.85,1.35,tp
2024-03-06,h062,12:43:00,short,19465.0,19453.0,16.0,2024-03-06 12:43:00,12:42:00,True,20,50,2.0,62.0,0.125,3.875,sl
2024-03-07,h062,09:46:00,long,19707.0,19710.0,50.0,2024-03-07 09:46:00,09:36:00,True,33,67,60.0,126.0,1.2,2.52,sl
2024-03-07,h062,10:13:00,short,19620.0,19609.0,25.0,2024-03-07 10:13:00,10:09:00,True,7,26,25.0,161.0,1.0,6.44,tp
2024-03-07,h062,11:34:00,long,19696.0,19700.0,5.0,2024-03-07 11:34:00,11:32:00,True,11,30,70.0,28.0,14.0,5.6,sl
2024-03-07,h062,12:31:00,long,19715.0,19723.0,12.0,2024-03-07 12:31:00,12:30:00,True,26,53,47.0,50.0,3.9166666666666665,4.166666666666667,sl
2024-03-07,h062,12:38:00,long,19733.0,19737.0,12.0,2024-03-07 12:38:00,12:36:00,True,10,29,33.0,64.0,2.75,5.333333333333333,tp
2024-03-07,h062,13:15:00,short,19744.0,19742.0,19.0,2024-03-07 13:15:00,13:12:00,True,10,30,69.0,2.0,3.6315789473684212,0.10526315789473684,tp
2024-03-08,h062,10:46:00,short,19891.0,19875.0,33.0,2024-03-08 10:46:00,10:45:00,True,30,114,237.0,18.0,7.181818181818182,0.5454545454545454,tp
2024-03-08,h062,12:20:00,long,19810.0,19820.0,24.0,2024-03-08 12:20:00,12:15:00,True,16,40,6.0,62.0,0.25,2.5833333333333335,sl
2024-03-11,h062,11:55:00,short,19728.0,19726.0,12.0,2024-03-11 11:55:00,11:50:00,False,3,6,47.0,13.0,3.9166666666666665,1.0833333333333333,tp
2024-03-11,h062,12:32:00,short,19706.0,19702.0,10.0,2024-03-11 12:32:00,12:28:00,True,5,16,23.0,27.0,2.3,2.7,sl
2024-03-11,h062,12:45:00,short,19688.0,19681.0,17.0,2024-03-11 12:45:00,12:41:00,True,46,69,2.0,48.0,0.11764705882352941,2.823529411764706,sl
2024-03-12,h062,10:20:00,long,19826.0,19829.0,23.0,2024-03-12 10:20:00,10:19:00,True,21,42,127.0,4.0,5.521739130434782,0.17391304347826086,tp
2024-03-12,h062,10:30:00,long,19846.0,19849.0,21.0,2024-03-12 10:30:00,10:21:00,True,25,67,107.0,16.0,5.095238095238095,0.7619047619047619,tp
2024-03-12,h062,10:58:00,long,19887.0,19888.0,23.0,2024-03-12 10:58:00,10:53:00,True,10,20,68.0,4.0,2.9565217391304346,0.17391304347826086,tp
2024-03-12,h062,11:06:00,short,19891.0,19887.0,17.0,2024-03-12 11:06:00,11:04:00,True,13,24,3.0,69.0,0.17647058823529413,4.0588235294117645,sl
2024-03-12,h062,12:43:00,long,19903.0,19907.0,6.0,2024-03-12 12:43:00,12:41:00,False,4,7,49.0,6.0,8.166666666666666,1.0,sl
2024-03-12,h062,13:00:00,short,19922.0,19920.0,10.0,2024-03-12 13:00:00,12:59:00,False,3,5,5.0,36.0,0.5,3.6,sl
2024-03-12,h062,13:11:00,short,19943.0,19942.0,5.0,2024-03-12 13:11:00,13:10:00,True,6,18,21.0,14.0,4.2,2.8,tp
2024-03-13,h062,09:14:00,short,19982.0,19967.0,36.0,2024-03-13 09:14:00,09:12:00,True,27,68,81.0,41.0,2.25,1.1388888888888888,sl
2024-03-13,h062,10:23:00,long,19924.0,19937.0,22.0,2024-03-13 10:23:00,10:20:00,True,19,61,49.0,51.0,2.227272727272727,2.3181818181818183,sl
2024-03-13,h062,11:49:00,long,19980.0,19982.0,10.0,2024-03-13 11:49:00,11:46:00,True,9,20,4.0,96.0,0.4,9.6,sl
2024-03-13,h062,12:35:00,long,19897.0,19906.0,11.0,2024-03-13 12:35:00,12:32:00,True,10,26,43.0,11.0,3.909090909090909,1.0,sl
2024-03-14,h062,10:28:00,long,19964.0,19969.0,33.0,2024-03-14 10:28:00,10:19:00,True,29,66,9.0,86.0,0.2727272727272727,2.606060606060606,sl
2024-03-14,h062,12:07:00,short,19908.0,19907.0,17.0,2024-03-14 12:07:00,11:54:00,False,3,8,24.0,41.0,1.411764705882353,2.411764705882353,tp
2024-03-14,h062,13:02:00,long,19915.0,19917.0,10.0,2024-03-14 13:02:00,13:00:00,True,8,17,31.0,22.0,3.1,2.2,sl
2024-03-14,h062,13:29:00,long,19919.0,19927.0,15.0,2024-03-14 13:29:00,13:25:00,True,29,59,21.0,6.0,1.4,0.4,tp
2024-03-15,h062,10:27:00,long,19809.0,19812.0,33.0,2024-03-15 10:27:00,10:19:00,True,12,16,21.0,89.0,0.6363636363636364,2.696969696969697,sl
2024-03-15,h062,13:13:00,short,19805.0,19803.0,8.0,2024-03-15 13:13:00,13:10:00,True,7,9,80.0,4.0,10.0,0.5,tp
2024-03-15,h062,13:27:00,short,19774.0,19771.0,33.0,2024-03-15 13:27:00,13:25:00,True,11,30,48.0,9.0,1.4545454545454546,0.2727272727272727,tp
2024-03-18,h062,10:02:00,long,19806.0,19810.0,14.0,2024-03-18 10:02:00,10:01:00,True,24,61,110.0,54.0,7.857142857142857,3.857142857142857,sl
2024-03-18,h062,10:58:00,short,19811.0,19807.0,25.0,2024-03-18 10:58:00,10:50:00,True,12,14,4.0,113.0,0.16,4.52,sl
2024-03-18,h062,12:26:00,long,19836.0,19837.0,10.0,2024-03-18 12:26:00,12:25:00,True,11,20,83.0,2.0,8.3,0.2,tp
2024-03-18,h062,12:30:00,long,19846.0,19847.0,10.0,2024-03-18 12:30:00,12:28:00,True,7,16,73.0,9.0,7.3,0.9,tp
2024-03-18,h062,13:00:00,long,19861.0,19864.0,7.0,2024-03-18 13:00:00,12:59:00,True,12,20,56.0,0.0,8.0,0.0,tp
2024-03-18,h062,13:04:00,long,19883.0,19888.0,14.0,2024-03-18 13:04:00,13:03:00,True,33,62,32.0,8.0,2.2857142857142856,0.5714285714285714,tp
2024-03-19,h062,11:17:00,short,19888.0,19879.0,19.0,2024-03-19 11:17:00,11:10:00,True,10,21,54.0,29.0,2.8421052631578947,1.5263157894736843,tp
2024-03-19,h062,11:50:00,short,19854.0,19841.0,13.0,2024-03-19 11:50:00,11:48:00,True,12,37,16.0,67.0,1.2307692307692308,5.153846153846154,tp
2024-03-20,h062,11:05:00,long,19873.0,19891.0,17.0,2024-03-20 11:05:00,11:02:00,True,28,83,31.0,160.0,1.8235294117647058,9.411764705882353,tp
2024-03-20,h062,11:16:00,short,19898.0,19897.0,18.0,2024-03-20 11:16:00,11:11:00,True,5,14,166.0,25.0,9.222222222222221,1.3888888888888888,sl
2024-03-20,h062,11:31:00,short,19891.0,19883.0,26.0,2024-03-20 11:31:00,11:30:00,True,10,28,152.0,7.0,5.846153846153846,0.2692307692307692,tp
2024-03-20,h062,12:08:00,short,19842.0,19831.0,14.0,2024-03-20 12:08:00,12:07:00,True,25,45,100.0,38.0,7.142857142857143,2.7142857142857144,sl
2024-03-20,h062,12:46:00,short,19810.0,19807.0,26.0,2024-03-20 12:46:00,12:45:00,False,4,10,76.0,21.0,2.923076923076923,0.8076923076923077,tp
2024-03-20,h062,13:02:00,short,19777.0,19754.0,27.0,2024-03-20 13:02:00,13:00:00,True,33,75,23.0,15.0,0.8518518518518519,0.5555555555555556,timeout
2024-03-20,h062,13:06:00,long,19760.0,19763.0,14.0,2024-03-20 13:06:00,13:03:00,True,27,59,6.0,32.0,0.42857142857142855,2.2857142857142856,sl
2024-03-21,h062,10:24:00,long,20143.0,20144.0,26.0,2024-03-21 10:24:00,10:22:00,True,11,40,120.0,3.0,4.615384615384615,0.11538461538461539,tp
2024-03-21,h062,10:26:00,long,20155.0,20159.0,14.0,2024-03-21 10:26:00,10:25:00,True,27,52,105.0,11.0,7.5,0.7857142857142857,tp
2024-03-21,h062,11:08:00,short,20201.0,20198.0,10.0,2024-03-21 11:08:00,11:07:00,True,7,14,16.0,66.0,1.6,6.6,sl
2024-03-21,h062,12:02:00,short,20206.0,20204.0,11.0,2024-03-21 12:02:00,12:00:00,False,2,5,8.0,60.0,0.7272727272727273,5.454545454545454,sl
2024-03-21,h062,13:03:00,long,20229.0,20232.0,12.0,2024-03-21 13:03:00,13:00:00,True,19,27,32.0,4.0,2.6666666666666665,0.3333333333333333,tp
2024-03-22,h062,10:38:00,long,20180.0,20186.0,21.0,2024-03-22 10:38:00,10:37:00,True,15,43,66.0,64.0,3.142857142857143,3.0476190476190474,sl
2024-03-22,h062,12:00:00,long,20179.0,20182.0,11.0,2024-03-22 12:00:00,11:55:00,True,15,21,70.0,7.0,6.363636363636363,0.6363636363636364,tp
2024-03-22,h062,12:54:00,long,20213.0,20214.0,17.0,2024-03-22 12:54:00,12:53:00,True,8,20,38.0,11.0,2.235294117647059,0.6470588235294118,tp
2024-03-22,h062,13:28:00,short,20229.0,20227.0,16.0,2024-03-22 13:28:00,13:25:00,True,24,57,5.0,25.0,0.3125,1.5625,sl
2024-03-25,h062,10:06:00,long,20240.0,20243.0,13.0,2024-03-25 10:06:00,10:03:00,True,15,18,64.0,19.0,4.923076923076923,1.4615384615384615,tp
2024-03-25,h062,10:11:00,short,20242.0,20239.0,18.0,2024-03-25 10:11:00,10:09:00,True,7,15,15.0,68.0,0.8333333333333334,3.7777777777777777,sl
2024-03-25,h062,10:59:00,short,20276.0,20274.0,11.0,2024-03-25 10:59:00,10:58:00,True,14,31,50.0,33.0,4.545454545454546,3.0,tp
2024-03-25,h062,11:07:00,long,20296.0,20302.0,13.0,2024-03-25 11:07:00,11:05:00,True,9,22,1.0,78.0,0.07692307692307693,6.0,sl
2024-03-25,h062,12:44:00,long,20284.0,20288.0,11.0,2024-03-25 12:44:00,12:35:00,True,9,14,8.0,64.0,0.7272727272727273,5.818181818181818,sl
2024-03-25,h062,12:47:00,short,20287.0,20282.0,9.0,2024-03-25 12:47:00,12:45:00,False,2,5,58.0,10.0,6.444444444444445,1.1111111111111112,sl
2024-03-25,h062,13:19:00,short,20268.0,20264.0,13.0,2024-03-25 13:19:00,13:17:00,True,7,10,40.0,4.0,3.076923076923077,0.3076923076923077,tp
2024-03-26,h062,10:53:00,short,20203.0,20200.0,16.0,2024-03-26 10:53:00,10:52:00,True,16,40,162.0,32.0,10.125,2.0,tp
2024-03-26,h062,13:29:00,short,20182.0,20180.0,33.0,2024-03-26 13:29:00,13:25:00,True,11,37,15.0,9.0,0.45454545454545453,0.2727272727272727,timeout
2024-03-27,h062,11:02:00,long,20238.0,20242.0,21.0,2024-03-27 11:02:00,11:01:00,True,16,41,46.0,40.0,2.1904761904761907,1.9047619047619047,sl
2024-03-27,h062,11:46:00,short,20244.0,20242.0,8.0,2024-03-27 11:46:00,11:45:00,True,6,18,26.0,46.0,3.25,5.75,sl
2024-03-27,h062,12:32:00,long,20254.0,20257.0,8.0,2024-03-27 12:32:00,12:28:00,True,9,13,31.0,17.0,3.875,2.125,tp
2024-03-28,h062,09:27:00,short,20170.0,20163.0,19.0,2024-03-28 09:27:00,09:24:00,True,33,51,82.0,87.0,4.315789473684211,4.578947368421052,tp
2024-03-28,h062,09:30:00,short,20143.0,20132.0,23.0,2024-03-28 09:30:00,09:28:00,True,37,79,51.0,118.0,2.217391304347826,5.130434782608695,tp
2024-03-28,h062,10:41:00,long,20227.0,20233.0,12.0,2024-03-28 10:41:00,10:39:00,True,14,29,17.0,63.0,1.4166666666666667,5.25,sl
2024-03-28,h062,11:17:00,short,20240.0,20237.0,10.0,2024-03-28 11:17:00,11:15:00,False,3,8,67.0,11.0,6.7,1.1,sl
2024-03-28,h062,11:41:00,long,20213.0,20217.0,21.0,2024-03-28 11:41:00,11:34:00,True,19,30,16.0,47.0,0.7619047619047619,2.238095238095238,sl
2024-03-28,h062,12:25:00,long,20183.0,20185.0,12.0,2024-03-28 12:25:00,12:18:00,True,14,30,48.0,5.0,4.0,0.4166666666666667,tp
2024-03-28,h062,13:11:00,short,20219.0,20218.0,12.0,2024-03-28 13:11:00,13:10:00,False,4,9,21.0,12.0,1.75,1.0,sl
2024-03-29,h062,09:22:00,short,20206.0,20202.0,33.0,2024-03-29 09:22:00,09:19:00,True,13,32,10.0,97.0,0.30303030303030304,2.9393939393939394,sl
2024-03-29,h062,09:46:00,short,20264.0,20252.0,14.0,2024-03-29 09:46:00,09:44:00,True,10,26,16.0,47.0,1.1428571428571428,3.357142857142857,sl
2024-03-29,h062,10:18:00,short,20241.0,20238.0,17.0,2024-03-29 10:18:00,10:17:00,True,13,33,1.0,61.0,0.058823529411764705,3.588235294117647,sl
2024-03-29,h062,11:03:00,long,20295.0,20296.0,10.0,2024-03-29 11:03:00,11:01:00,True,13,33,2.0,43.0,0.2,4.3,sl
2024-03-29,h062,11:39:00,short,20260.0,20259.0,9.0,2024-03-29 11:39:00,11:37:00,True,6,11,6.0,33.0,0.6666666666666666,3.6666666666666665,sl
2024-03-29,h062,12:41:00,short,20266.0,20264.0,9.0,2024-03-29 12:41:00,12:39:00,True,7,16,8.0,28.0,0.8888888888888888,3.111111111111111,sl
2024-03-29,h062,13:19:00,short,20269.0,20266.0,23.0,2024-03-29 13:19:00,13:18:00,True,15,48,9.0,14.0,0.391304347826087,0.6086956521739131,timeout
2024-04-01,h062,09:38:00,long,20347.0,20348.0,19.0,2024-04-01 09:38:00,09:36:00,True,10,19,7.0,89.0,0.3684210526315789,4.684210526315789,sl
2024-04-01,h062,10:05:00,short,20281.0,20275.0,26.0,2024-04-01 10:05:00,10:03:00,True,35,83,16.0,37.0,0.6153846153846154,1.4230769230769231,sl
2024-04-02,h062,09:39:00,long,20415.0,20421.0,31.0,2024-04-02 09:39:00,09:35:00,True,24,72,103.0,31.0,3.3225806451612905,1.0,sl
2024-04-02,h062,09:57:00,long,20449.0,20451.0,23.0,2024-04-02 09:57:00,09:50:00,True,7,28,73.0,11.0,3.1739130434782608,0.4782608695652174,tp
2024-04-02,h062,10:34:00,long,20476.0,20477.0,9.0,2024-04-02 10:34:00,10:32:00,True,12,24,47.0,29.0,5.222222222222222,3.2222222222222223,sl
2024-04-02,h062,11:04:00,short,20487.0,20486.0,11.0,2024-04-02 11:04:00,10:57:00,True,5,7,20.0,38.0,1.8181818181818181,3.4545454545454546,sl
2024-04-02,h062,11:38:00,short,20495.0,20490.0,5.0,2024-04-02 11:38:00,11:37:00,False,3,8,24.0,34.0,4.8,6.8,tp
2024-04-02,h062,12:11:00,short,20497.0,20495.0,6.0,2024-04-02 12:11:00,12:09:00,True,6,7,29.0,29.0,4.833333333333333,4.833333333333333,tp
2024-04-02,h062,12:16:00,short,20482.0,20479.0,10.0,2024-04-02 12:16:00,12:15:00,True,19,32,13.0,45.0,1.3,4.5,tp
2024-04-02,h062,12:27:00,long,20472.0,20474.0,6.0,2024-04-02 12:27:00,12:18:00,True,5,7,50.0,8.0,8.333333333333334,1.3333333333333333,sl
2024-04-03,h062,09:38:00,short,20336.0,20327.0,31.0,2024-04-03 09:38:00,09:35:00,True,33,74,52.0,92.0,1.6774193548387097,2.967741935483871,tp
2024-04-03,h062,12:05:00,short,20403.0,20396.0,14.0,2024-04-03 12:05:00,11:53:00,True,12,24,51.0,18.0,3.642857142857143,1.2857142857142858,sl
2024-04-03,h062,12:36:00,short,20383.0,20376.0,13.0,2024-04-03 12:36:00,12:20:00,True,11,32,31.0,11.0,2.3846153846153846,0.8461538461538461,tp
2024-04-08,h062,10:30:00,long,20494.0,20496.0,14.0,2024-04-08 10:30:00,10:27:00,True,17,42,24.0,62.0,1.7142857142857142,4.428571428571429,tp
2024-04-08,h062,10:38:00,short,20501.0,20499.0,13.0,2024-04-08 10:38:00,10:36:00,True,11,18,65.0,21.0,5.0,1.6153846153846154,sl
2024-04-08,h062,11:18:00,short,20492.0,20488.0,11.0,2024-04-08 11:18:00,11:17:00,True,16,26,54.0,14.0,4.909090909090909,1.2727272727272727,sl
2024-04-08,h062,12:07:00,short,20457.0,20455.0,9.0,2024-04-08 12:07:00,12:06:00,True,11,30,21.0,44.0,2.3333333333333335,4.888888888888889,sl
2024-04-08,h062,12:24:00,long,20481.0,20485.0,11.0,2024-04-08 12:24:00,12:17:00,True,18,22,14.0,51.0,1.2727272727272727,4.636363636363637,tp
2024-04-08,h062,13:16:00,short,20476.0,20471.0,15.0,2024-04-08 13:16:00,13:10:00,False,4,9,37.0,11.0,2.466666666666667,0.7333333333333333,tp
2024-04-08,h062,13:26:00,short,20461.0,20460.0,10.0,2024-04-08 13:26:00,13:25:00,True,15,30,26.0,4.0,2.6,0.4,tp
2024-04-09,h062,10:44:00,long,20744.0,20745.0,13.0,2024-04-09 10:44:00,10:41:00,True,7,24,132.0,25.0,10.153846153846153,1.9230769230769231,sl
2024-04-09,h062,12:19:00,long,20822.0,20829.0,8.0,2024-04-09 12:19:00,12:18:00,True,15,34,48.0,11.0,6.0,1.375,tp
2024-04-09,h062,12:23:00,long,20838.0,20841.0,13.0,2024-04-09 12:23:00,12:22:00,True,15,32,36.0,23.0,2.769230769230769,1.7692307692307692,sl
2024-04-10,h062,10:02:00,long,20869.0,20870.0,9.0,2024-04-10 10:02:00,10:00:00,True,22,33,22.0,61.0,2.4444444444444446,6.777777777777778,sl
2024-04-10,h062,11:34:00,short,20850.0,20849.0,10.0,2024-04-10 11:34:00,11:33:00,True,9,17,40.0,8.0,4.0,0.8,tp
2024-04-10,h062,12:31:00,short,20820.0,20816.0,13.0,2024-04-10 12:31:00,12:30:00,True,11,26,7.0,41.0,0.5384615384615384,3.1538461538461537,sl
2024-04-10,h062,13:26:00,short,20844.0,20825.0,13.0,2024-04-10 13:26:00,13:25:00,True,15,44,4.0,29.0,0.3076923076923077,2.230769230769231,sl
2024-04-11,h062,09:25:00,long,20675.0,20679.0,20.0,2024-04-11 09:25:00,09:24:00,True,18,44,85.0,28.0,4.25,1.4,sl
2024-04-11,h062,11:32:00,short,20713.0,20708.0,9.0,2024-04-11 11:32:00,11:30:00,True,9,10,40.0,49.0,4.444444444444445,5.444444444444445,tp
2024-04-11,h062,11:45:00,short,20683.0,20681.0,11.0,2024-04-11 11:45:00,11:43:00,True,5,11,13.0,76.0,1.1818181818181819,6.909090909090909,sl
2024-04-11,h062,12:49:00,long,20724.0,20725.0,14.0,2024-04-11 12:49:00,12:46:00,False,2,7,32.0,12.0,2.2857142857142856,0.8571428571428571,tp
2024-04-12,h062,11:19:00,short,20768.0,20766.0,8.0,2024-04-12 11:19:00,11:16:00,True,5,9,26.0,43.0,3.25,5.375,sl
2024-04-12,h062,11:24:00,long,20779.0,20783.0,7.0,2024-04-12 11:24:00,11:23:00,True,29,65,26.0,43.0,3.7142857142857144,6.142857142857143,sl
2024-04-12,h062,12:11:00,long,20794.0,20795.0,12.0,2024-04-12 12:11:00,12:10:00,True,9,20,14.0,55.0,1.1666666666666667,4.583333333333333,tp
2024-04-12,h062,12:24:00,short,20796.0,20792.0,10.0,2024-04-12 12:24:00,12:13:00,True,8,10,52.0,10.0,5.2,1.0,sl
2024-04-12,h062,12:51:00,short,20772.0,20766.0,11.0,2024-04-12 12:51:00,12:49:00,True,14,38,26.0,7.0,2.3636363636363638,0.6363636363636364,tp
2024-04-15,h062,09:24:00,long,20558.0,20559.0,38.0,2024-04-15 09:24:00,09:12:00,True,10,27,46.0,99.0,1.2105263157894737,2.6052631578947367,tp
2024-04-15,h062,09:56:00,short,20590.0,20584.0,15.0,2024-04-15 09:56:00,09:53:00,True,5,11,124.0,11.0,8.266666666666667,0.7333333333333333,tp
2024-04-15,h062,10:49:00,short,20513.0,20511.0,23.0,2024-04-15 10:49:00,10:44:00,True,5,14,51.0,38.0,2.217391304347826,1.6521739130434783,tp
2024-04-15,h062,11:07:00,long,20473.0,20475.0,13.0,2024-04-15 11:07:00,11:06:00,True,13,33,74.0,11.0,5.6923076923076925,0.8461538461538461,tp
2024-04-15,h062,12:32:00,long,20511.0,20512.0,10.0,2024-04-15 12:32:00,12:31:00,True,11,21,37.0,22.0,3.7,2.2,tp
2024-04-15,h062,12:36:00,long,20528.0,20540.0,10.0,2024-04-15 12:36:00,12:34:00,True,39,89,9.0,50.0,0.9,5.0,sl
2024-04-16,h062,09:16:00,short,20146.0,20138.0,35.0,2024-04-16 09:16:00,09:15:00,True,39,133,340.0,5.0,9.714285714285714,0.14285714285714285,tp
2024-04-16,h062,11:43:00,long,19930.0,19931.0,20.0,2024-04-16 11:43:00,11:42:00,True,7,15,54.0,133.0,2.7,6.65,sl
2024-04-16,h062,12:09:00,long,19875.0,19877.0,14.0,2024-04-16 12:09:00,12:08:00,True,18,58,108.0,79.0,7.714285714285714,5.642857142857143,tp
2024-04-16,h062,13:00:00,long,19860.0,19894.0,18.0,2024-04-16 13:00:00,12:59:00,True,30,96,91.0,5.0,5.055555555555555,0.2777777777777778,tp
2024-04-16,h062,13:02:00,long,19910.0,19921.0,21.0,2024-04-16 13:02:00,13:01:00,True,38,100,64.0,22.0,3.0476190476190474,1.0476190476190477,sl
2024-04-17,h062,10:13:00,long,20110.0,20117.0,18.0,2024-04-17 10:13:00,10:12:00,True,33,69,125.0,7.0,6.944444444444445,0.3888888888888889,tp
2024-04-17,h062,11:59:00,short,20189.0,20182.0,16.0,2024-04-17 11:59:00,11:57:00,True,20,39,17.0,60.0,1.0625,3.75,sl
2024-04-17,h062,12:02:00,long,20192.0,20196.0,16.0,2024-04-17 12:02:00,12:00:00,True,6,16,46.0,31.0,2.875,1.9375,sl
2024-04-17,h062,12:21:00,long,20216.0,20222.0,26.0,2024-04-17 12:21:00,12:18:00,True,11,27,20.0,51.0,0.7692307692307693,1.9615384615384615,sl
2024-04-17,h062,13:01:00,long,20225.0,20229.0,11.0,2024-04-17 13:01:00,13:00:00,True,24,86,13.0,58.0,1.1818181818181819,5.2727272727272725,tp
2024-04-17,h062,13:04:00,short,20228.0,20218.0,12.0,2024-04-17 13:04:00,13:02:00,True,11,33,47.0,1.0,3.9166666666666665,0.08333333333333333,tp
2024-04-18,h062,11:19:00,short,20316.0,20288.0,19.0,2024-04-18 11:19:00,11:17:00,True,14,45,43.0,71.0,2.263157894736842,3.736842105263158,tp
2024-04-18,h062,13:24:00,long,20326.0,20329.0,9.0,2024-04-18 13:24:00,13:23:00,True,12,33,30.0,38.0,3.3333333333333335,4.222222222222222,tp
2024-04-18,h062,13:26:00,long,20348.0,20354.0,26.0,2024-04-18 13:26:00,13:25:00,True,25,62,5.0,63.0,0.19230769230769232,2.423076923076923,sl
2024-04-19,h062,09:14:00,short,19775.0,19757.0,66.0,2024-04-19 09:14:00,09:11:00,True,35,76,492.0,26.0,7.454545454545454,0.3939393939393939,tp
2024-04-19,h062,09:45:00,long,19577.0,19602.0,137.0,2024-04-19 09:45:00,09:44:00,True,79,220,94.0,337.0,0.6861313868613139,2.45985401459854,sl
2024-04-19,h062,10:45:00,short,19416.0,19404.0,50.0,2024-04-19 10:45:00,10:43:00,True,19,81,139.0,251.0,2.78,5.02,tp
2024-04-19,h062,12:09:00,short,19595.0,19585.0,41.0,2024-04-19 12:09:00,12:07:00,True,14,44,91.0,70.0,2.2195121951219514,1.7073170731707317,tp
2024-04-22,h062,11:50:00,long,19486.0,19493.0,33.0,2024-04-22 11:50:00,11:32:00,True,8,20,111.0,37.0,3.3636363636363638,1.121212121212121,sl
2024-04-22,h062,12:11:00,long,19526.0,19529.0,36.0,2024-04-22 12:11:00,12:10:00,True,14,30,75.0,51.0,2.0833333333333335,1.4166666666666667,tp
2024-04-22,h062,12:46:00,long,19584.0,19596.0,14.0,2024-04-22 12:46:00,12:45:00,True,35,54,8.0,118.0,0.5714285714285714,8.428571428571429,sl
2024-04-23,h062,10:57:00,short,19641.0,19632.0,25.0,2024-04-23 10:57:00,10:53:00,True,9,20,14.0,95.0,0.56,3.8,sl
2024-04-23,h062,13:28:00,short,19681.0,19680.0,21.0,2024-04-23 13:28:00,13:25:00,True,7,13,21.0,5.0,1.0,0.23809523809523808,tp
2024-04-24,h062,10:44:00,short,20144.0,20143.0,15.0,2024-04-24 10:44:00,10:38:00,True,5,10,17.0,59.0,1.1333333333333333,3.933333333333333,sl
2024-04-24,h062,12:02:00,short,20143.0,20142.0,12.0,2024-04-24 12:02:00,12:01:00,False,4,9,16.0,60.0,1.3333333333333333,5.0,tp
2024-04-24,h062,12:50:00,short,20175.0,20173.0,10.0,2024-04-24 12:50:00,12:46:00,True,10,26,24.0,29.0,2.4,2.9,sl
2024-04-24,h062,13:27:00,short,20165.0,20161.0,13.0,2024-04-24 13:27:00,13:25:00,True,8,26,12.0,13.0,0.9230769230769231,1.0,sl
2024-04-25,h062,09:29:00,long,19916.0,19924.0,28.0,2024-04-25 09:29:00,09:26:00,True,15,39,37.0,90.0,1.3214285714285714,3.2142857142857144,tp
2024-04-25,h062,10:29:00,long,19933.0,19940.0,34.0,2024-04-25 10:29:00,10:27:00,True,14,39,21.0,98.0,0.6176470588235294,2.8823529411764706,sl
2024-04-25,h062,11:09:00,short,19874.0,19870.0,12.0,2024-04-25 11:09:00,11:06:00,True,6,11,28.0,26.0,2.3333333333333335,2.1666666666666665,sl
2024-04-25,h062,12:32:00,long,19883.0,19885.0,6.0,2024-04-25 12:32:00,12:31:00,True,6,16,11.0,43.0,1.8333333333333333,7.166666666666667,sl
2024-04-25,h062,12:56:00,long,19856.0,19859.0,14.0,2024-04-25 12:56:00,12:49:00,True,8,15,37.0,1.0,2.642857142857143,0.07142857142857142,tp
2024-04-25,h062,13:11:00,long,19877.0,19880.0,18.0,2024-04-25 13:11:00,13:09:00,False,4,11,16.0,22.0,0.8888888888888888,1.2222222222222223,sl
2024-04-26,h062,10:38:00,short,20215.0,20214.0,18.0,2024-04-26 10:38:00,10:36:00,True,7,22,134.0,4.0,7.444444444444445,0.2222222222222222,tp
2024-04-26,h062,10:43:00,short,20186.0,20178.0,31.0,2024-04-26 10:43:00,10:40:00,True,11,30,98.0,34.0,3.161290322580645,1.096774193548387,tp
2024-04-26,h062,10:45:00,short,20140.0,20109.0,41.0,2024-04-26 10:45:00,10:44:00,True,63,220,29.0,103.0,0.7073170731707317,2.5121951219512195,sl
2024-04-26,h062,11:47:00,short,20167.0,20162.0,26.0,2024-04-26 11:47:00,11:24:00,True,14,28,15.0,50.0,0.5769230769230769,1.9230769230769231,sl
2024-04-26,h062,12:26:00,long,20206.0,20210.0,17.0,2024-04-26 12:26:00,12:25:00,True,11,21,2.0,63.0,0.11764705882352941,3.7058823529411766,sl
2024-04-26,h062,13:26:00,short,20161.0,20160.0,16.0,2024-04-26 13:26:00,13:25:00,True,9,27,13.0,21.0,0.8125,1.3125,sl
2024-04-29,h062,09:42:00,long,20495.0,20500.0,27.0,2024-04-29 09:42:00,09:37:00,True,16,32,60.0,22.0,2.2222222222222223,0.8148148148148148,tp
2024-04-29,h062,10:26:00,long,20500.0,20504.0,22.0,2024-04-29 10:26:00,10:24:00,False,4,12,52.0,24.0,2.3636363636363638,1.0909090909090908,tp
2024-04-29,h062,11:14:00,short,20549.0,20542.0,7.0,2024-04-29 11:14:00,11:12:00,False,4,8,62.0,13.0,8.857142857142858,1.8571428571428572,sl
2024-04-29,h062,11:49:00,short,20500.0,20497.0,17.0,2024-04-29 11:49:00,11:48:00,True,12,23,17.0,56.0,1.0,3.2941176470588234,sl
2024-04-29,h062,12:54:00,long,20501.0,20510.0,16.0,2024-04-29 12:54:00,12:52:00,True,7,11,43.0,30.0,2.6875,1.875,sl
2024-04-30,h062,11:45:00,long,20548.0,20551.0,11.0,2024-04-30 11:45:00,11:43:00,True,9,20,8.0,147.0,0.7272727272727273,13.363636363636363,sl
2024-04-30,h062,12:14:00,short,20550.0,20547.0,9.0,2024-04-30 12:14:00,12:02:00,False,0,2,143.0,9.0,15.88888888888889,1.0,tp
2024-04-30,h062,12:27:00,short,20548.0,20547.0,8.0,2024-04-30 12:27:00,12:25:00,False,3,5,143.0,5.0,17.875,0.625,tp
2024-04-30,h062,13:03:00,short,20535.0,20534.0,9.0,2024-04-30 13:03:00,13:00:00,True,13,15,130.0,5.0,14.444444444444445,0.5555555555555556,tp
2024-04-30,h062,13:27:00,short,20488.0,20471.0,29.0,2024-04-30 13:27:00,13:25:00,True,28,59,67.0,11.0,2.310344827586207,0.3793103448275862,tp
2024-05-02,h062,10:22:00,long,20275.0,20281.0,20.0,2024-05-02 10:22:00,10:20:00,True,13,42,54.0,20.0,2.7,1.0,sl
2024-05-02,h062,12:22:00,long,20330.0,20332.0,14.0,2024-05-02 12:22:00,12:09:00,False,2,5,1.0,46.0,0.07142857142857142,3.2857142857142856,sl
2024-05-02,h062,13:01:00,short,20301.0,20299.0,20.0,2024-05-02 13:01:00,13:00:00,True,7,19,13.0,34.0,0.65,1.7,sl
2024-05-03,h062,09:38:00,short,20555.0,20554.0,22.0,2024-05-03 09:38:00,09:35:00,True,11,19,248.0,2.0,11.272727272727273,0.09090909090909091,tp
2024-05-03,h062,10:01:00,long,20482.0,20490.0,27.0,2024-05-03 10:01:00,09:59:00,True,14,38,21.0,184.0,0.7777777777777778,6.814814814814815,sl
2024-05-03,h062,10:41:00,short,20418.0,20408.0,33.0,2024-05-03 10:41:00,10:24:00,True,20,37,102.0,32.0,3.090909090909091,0.9696969696969697,tp
2024-05-03,h062,10:47:00,short,20393.0,20382.0,22.0,2024-05-03 10:47:00,10:45:00,True,18,43,76.0,58.0,3.4545454545454546,2.6363636363636362,sl
2024-05-03,h062,12:03:00,short,20398.0,20395.0,10.0,2024-05-03 12:03:00,12:00:00,False,0,4,89.0,17.0,8.9,1.7,sl
2024-05-03,h062,12:16:00,long,20392.0,20397.0,15.0,2024-05-03 12:16:00,12:14:00,True,11,21,5.0,91.0,0.3333333333333333,6.066666666666666,sl
2024-05-03,h062,12:35:00,long,20379.0,20387.0,18.0,2024-05-03 12:35:00,12:32:00,True,9,21,4.0,81.0,0.2222222222222222,4.5,sl
2024-05-03,h062,12:50:00,short,20353.0,20337.0,12.0,2024-05-03 12:50:00,12:48:00,True,23,48,31.0,54.0,2.5833333333333335,4.5,tp
2024-05-03,h062,13:01:00,short,20312.0,20308.0,28.0,2024-05-03 13:01:00,12:51:00,True,9,28,0.0,83.0,0.0,2.9642857142857144,sl
2024-05-06,h062,10:07:00,long,20703.0,20707.0,24.0,2024-05-06 10:07:00,10:00:00,True,32,51,7.0,122.0,0.2916666666666667,5.083333333333333,sl
2024-05-06,h062,10:50:00,short,20618.0,20617.0,24.0,2024-05-06 10:50:00,10:47:00,False,3,9,32.0,49.0,1.3333333333333333,2.0416666666666665,sl
2024-05-06,h062,11:24:00,long,20645.0,20647.0,11.0,2024-05-06 11:24:00,11:23:00,True,12,35,19.0,62.0,1.7272727272727273,5.636363636363637,tp
2024-05-06,h062,12:00:00,short,20603.0,20596.0,17.0,2024-05-06 12:00:00,11:47:00,True,10,22,11.0,46.0,0.6470588235294118,2.7058823529411766,sl
2024-05-06,h062,13:01:00,long,20613.0,20616.0,15.0,2024-05-06 13:01:00,12:54:00,False,4,7,26.0,31.0,1.7333333333333334,2.066666666666667,tp
2024-05-06,h062,13:07:00,long,20626.0,20631.0,10.0,2024-05-06 13:07:00,13:02:00,True,22,24,11.0,46.0,1.1,4.6,tp
2024-05-06,h062,13:26:00,short,20603.0,20602.0,22.0,2024-05-06 13:26:00,13:25:00,True,12,22,17.0,5.0,0.7727272727272727,0.22727272727272727,timeout
2024-05-07,h062,09:20:00,short,20654.0,20629.0,29.0,2024-05-07 09:20:00,09:13:00,True,19,62,93.0,47.0,3.206896551724138,1.6206896551724137,sl
2024-05-07,h062,10:18:00,short,20578.0,20567.0,35.0,2024-05-07 10:18:00,10:17:00,True,26,65,31.0,109.0,0.8857142857142857,3.1142857142857143,sl
2024-05-07,h062,10:23:00,long,20568.0,20570.0,32.0,2024-05-07 10:23:00,10:19:00,True,11,28,106.0,10.0,3.3125,0.3125,tp
2024-05-07,h062,11:16:00,short,20628.0,20622.0,13.0,2024-05-07 11:16:00,11:11:00,False,4,9,8.0,54.0,0.6153846153846154,4.153846153846154,sl
2024-05-07,h062,11:56:00,long,20642.0,20643.0,10.0,2024-05-07 11:56:00,11:53:00,True,11,17,33.0,16.0,3.3,1.6,tp
2024-05-07,h062,12:01:00,short,20643.0,20639.0,7.0,2024-05-07 12:01:00,11:58:00,False,0,4,12.0,37.0,1.7142857142857142,5.285714285714286,sl
2024-05-07,h062,12:17:00,short,20657.0,20653.0,8.0,2024-05-07 12:17:00,12:16:00,False,0,3,26.0,23.0,3.25,2.875,tp
2024-05-07,h062,13:13:00,long,20670.0,20672.0,11.0,2024-05-07 13:13:00,13:12:00,True,8,19,4.0,35.0,0.36363636363636365,3.1818181818181817,sl
2024-05-08,h062,09:23:00,short,20599.0,20586.0,25.0,2024-05-08 09:23:00,09:22:00,True,17,57,12.0,152.0,0.48,6.08,sl
2024-05-08,h062,10:44:00,long,20654.0,20657.0,16.0,2024-05-08 10:44:00,10:32:00,True,16,24,81.0,19.0,5.0625,1.1875,tp
2024-05-08,h062,10:50:00,short,20659.0,20643.0,37.0,2024-05-08 10:50:00,10:45:00,True,11,31,5.0,95.0,0.13513513513513514,2.5675675675675675,sl
2024-05-08,h062,11:15:00,long,20699.0,20708.0,13.0,2024-05-08 11:15:00,11:13:00,True,25,72,30.0,20.0,2.3076923076923075,1.5384615384615385,tp
2024-05-08,h062,11:17:00,short,20709.0,20708.0,15.0,2024-05-08 11:17:00,11:16:00,True,10,26,20.0,30.0,1.3333333333333333,2.0,tp
2024-05-08,h062,11:45:00,long,20720.0,20723.0,9.0,2024-05-08 11:45:00,11:44:00,True,26,37,15.0,26.0,1.6666666666666667,2.888888888888889,sl
2024-05-08,h062,12:12:00,long,20733.0,20735.0,10.0,2024-05-08 12:12:00,12:10:00,True,6,12,3.0,38.0,0.3,3.8,sl
2024-05-08,h062,12:42:00,short,20704.0,20699.0,6.0,2024-05-08 12:42:00,12:40:00,True,5,8,2.0,39.0,0.3333333333333333,6.5,sl
2024-05-09,h062,10:23:00,short,20691.0,20675.0,15.0,2024-05-09 10:23:00,10:22:00,True,71,85,70.0,43.0,4.666666666666667,2.8666666666666667,sl
2024-05-09,h062,10:26:00,long,20679.0,20682.0,18.0,2024-05-09 10:26:00,10:24:00,True,19,27,36.0,77.0,2.0,4.277777777777778,tp
2024-05-09,h062,12:00:00,long,20700.0,20704.0,11.0,2024-05-09 12:00:00,11:52:00,True,17,23,10.0,99.0,0.9090909090909091,9.0,sl
2024-05-09,h062,12:12:00,short,20706.0,20702.0,8.0,2024-05-09 12:12:00,12:09:00,True,6,10,97.0,9.0,12.125,1.125,sl
2024-05-09,h062,12:58:00,short,20668.0,20667.0,9.0,2024-05-09 12:58:00,12:56:00,False,2,5,62.0,14.0,6.888888888888889,1.5555555555555556,sl
2024-05-09,h062,13:13:00,short,20666.0,20664.0,15.0,2024-05-09 13:13:00,13:10:00,False,3,5,59.0,6.0,3.933333333333333,0.4,tp
2024-05-09,h062,13:25:00,short,20644.0,20634.0,13.0,2024-05-09 13:25:00,13:18:00,True,15,42,29.0,4.0,2.230769230769231,0.3076923076923077,tp
2024-05-10,h062,09:36:00,short,20666.0,20661.0,20.0,2024-05-10 09:36:00,09:30:00,True,16,34,45.0,167.0,2.25,8.35,tp
2024-05-10,h062,09:46:00,short,20643.0,20641.0,24.0,2024-05-10 09:46:00,09:45:00,True,14,35,25.0,187.0,1.0416666666666667,7.791666666666667,tp
2024-05-10,h062,12:09:00,long,20699.0,20702.0,5.0,2024-05-10 12:09:00,12:01:00,True,29,33,126.0,0.0,25.2,0.0,tp
2024-05-10,h062,12:11:00,long,20711.0,20712.0,8.0,2024-05-10 12:11:00,12:10:00,True,8,21,116.0,10.0,14.5,1.25,sl
2024-05-10,h062,12:34:00,long,20732.0,20734.0,14.0,2024-05-10 12:34:00,12:31:00,True,11,18,94.0,1.0,6.714285714285714,0.07142857142857142,tp
2024-05-10,h062,12:40:00,long,20743.0,20746.0,9.0,2024-05-10 12:40:00,12:36:00,True,20,40,82.0,3.0,9.11111111111111,0.3333333333333333,tp
2024-05-10,h062,12:45:00,long,20758.0,20768.0,13.0,2024-05-10 12:45:00,12:41:00,True,50,86,60.0,2.0,4.615384615384615,0.15384615384615385,tp
2024-05-10,h062,13:29:00,short,20792.0,20783.0,28.0,2024-05-10 13:29:00,13:25:00,True,25,89,9.0,38.0,0.32142857142857145,1.3571428571428572,sl
2024-05-13,h062,09:20:00,long,20893.0,20906.0,33.0,2024-05-13 09:20:00,09:17:00,True,22,40,29.0,73.0,0.8787878787878788,2.212121212121212,sl
2024-05-13,h062,11:21:00,long,20901.0,20905.0,13.0,2024-05-13 11:21:00,11:16:00,True,6,18,10.0,72.0,0.7692307692307693,5.538461538461538,sl
2024-05-13,h062,12:11:00,short,20877.0,20872.0,7.0,2024-05-13 12:11:00,12:09:00,True,17,28,39.0,17.0,5.571428571428571,2.4285714285714284,sl
2024-05-13,h062,12:32:00,short,20840.0,20838.0,26.0,2024-05-13 12:32:00,12:24:00,True,7,14,5.0,51.0,0.19230769230769232,1.9615384615384615,sl
2024-05-13,h062,13:13:00,long,20882.0,20883.0,7.0,2024-05-13 13:13:00,13:10:00,True,7,19,6.0,17.0,0.8571428571428571,2.4285714285714284,sl
2024-05-13,h062,13:19:00,short,20882.0,20879.0,7.0,2024-05-13 13:19:00,13:14:00,False,4,10,13.0,9.0,1.8571428571428572,1.2857142857142858,tp
2024-05-14,h062,10:05:00,short,20929.0,20928.0,16.0,2024-05-14 10:05:00,10:00:00,True,7,18,4.0,87.0,0.25,5.4375,sl
2024-05-14,h062,10:26:00,short,20945.0,20943.0,23.0,2024-05-14 10:26:00,10:18:00,True,6,10,19.0,72.0,0.8260869565217391,3.130434782608696,sl
2024-05-14,h062,11:05:00,short,20954.0,20947.0,19.0,2024-05-14 11:05:00,11:03:00,True,8,19,12.0,68.0,0.631578947368421,3.5789473684210527,sl
2024-05-14,h062,11:21:00,long,20945.0,20948.0,10.0,2024-05-14 11:21:00,11:18:00,False,3,8,67.0,7.0,6.7,0.7,tp
2024-05-14,h062,11:52:00,short,20965.0,20954.0,10.0,2024-05-14 11:52:00,11:51:00,True,7,11,1.0,61.0,0.1,6.1,sl
2024-05-14,h062,12:02:00,short,20972.0,20971.0,6.0,2024-05-14 12:02:00,12:01:00,True,15,19,-1.0,44.0,-0.16666666666666666,7.333333333333333,sl
2024-05-14,h062,12:20:00,long,20991.0,20993.0,14.0,2024-05-14 12:20:00,12:13:00,False,3,7,22.0,19.0,1.5714285714285714,1.3571428571428572,sl
2024-05-14,h062,13:19:00,long,21004.0,21007.0,10.0,2024-05-14 13:19:00,13:17:00,True,11,24,8.0,17.0,0.8,1.7,sl
2024-05-15,h062,09:45:00,long,21212.0,21219.0,23.0,2024-05-15 09:45:00,09:36:00,True,18,37,142.0,87.0,6.173913043478261,3.782608695652174,tp
2024-05-15,h062,10:25:00,long,21348.0,21352.0,13.0,2024-05-15 10:25:00,10:24:00,True,17,65,6.0,220.0,0.46153846153846156,16.923076923076923,sl
2024-05-15,h062,10:49:00,short,21283.0,21270.0,45.0,2024-05-15 10:49:00,10:45:00,True,11,18,138.0,33.0,3.066666666666667,0.7333333333333333,tp
2024-05-15,h062,10:51:00,long,21271.0,21281.0,24.0,2024-05-15 10:51:00,10:50:00,True,18,35,22.0,149.0,0.9166666666666666,6.208333333333333,sl
2024-05-15,h062,11:49:00,short,21232.0,21224.0,25.0,2024-05-15 11:49:00,11:43:00,True,15,30,92.0,38.0,3.68,1.52,tp
2024-05-15,h062,11:52:00,short,21200.0,21199.0,17.0,2024-05-15 11:52:00,11:51:00,True,13,38,67.0,63.0,3.9411764705882355,3.7058823529411766,sl
2024-05-15,h062,12:31:00,long,21210.0,21214.0,17.0,2024-05-15 12:31:00,12:30:00,True,15,28,2.0,82.0,0.11764705882352941,4.823529411764706,sl
2024-05-15,h062,12:37:00,long,21190.0,21195.0,17.0,2024-05-15 12:37:00,12:35:00,True,13,31,14.0,63.0,0.8235294117647058,3.7058823529411766,sl
2024-05-15,h062,13:02:00,short,21143.0,21139.0,23.0,2024-05-15 13:02:00,13:00:00,True,39,71,4.0,16.0,0.17391304347826086,0.6956521739130435,timeout
2024-05-16,h062,10:06:00,short,21431.0,21406.0,31.0,2024-05-16 10:06:00,10:04:00,True,51,91,80.0,51.0,2.5806451612903225,1.6451612903225807,sl
2024-05-16,h062,10:37:00,long,21420.0,21441.0,31.0,2024-05-16 10:37:00,10:36:00,True,23,75,7.0,115.0,0.22580645161290322,3.7096774193548385,sl
2024-05-16,h062,11:13:00,long,21408.0,21418.0,13.0,2024-05-16 11:13:00,11:10:00,True,15,37,2.0,92.0,0.15384615384615385,7.076923076923077,sl
2024-05-16,h062,11:21:00,long,21393.0,21400.0,16.0,2024-05-16 11:21:00,11:19:00,True,11,21,12.0,74.0,0.75,4.625,sl
2024-05-16,h062,12:09:00,long,21388.0,21389.0,23.0,2024-05-16 12:09:00,12:08:00,True,16,42,14.0,63.0,0.6086956521739131,2.739130434782609,sl
2024-05-16,h062,12:41:00,short,21385.0,21380.0,18.0,2024-05-16 12:41:00,12:37:00,True,6,12,54.0,0.0,3.0,0.0,tp
2024-05-16,h062,13:05:00,short,21350.0,21336.0,17.0,2024-05-16 13:05:00,13:02:00,True,14,27,10.0,44.0,0.5882352941176471,2.588235294117647,sl
2024-05-16,h062,13:27:00,long,21347.0,21358.0,21.0,2024-05-16 13:27:00,13:25:00,True,13,27,22.0,3.0,1.0476190476190477,0.14285714285714285,tp
2024-05-17,h062,10:31:00,short,21358.0,21350.0,18.0,2024-05-17 10:31:00,10:28:00,True,13,29,62.0,10.0,3.4444444444444446,0.5555555555555556,tp
2024-05-17,h062,11:07:00,short,21315.0,21310.0,25.0,2024-05-17 11:07:00,11:01:00,False,2,5,22.0,50.0,0.88,2.0,sl
2024-05-17,h062,12:18:00,long,21339.0,21340.0,17.0,2024-05-17 12:18:00,12:10:00,False,4,6,20.0,38.0,1.1764705882352942,2.235294117647059,sl
2024-05-17,h062,12:48:00,short,21322.0,21318.0,6.0,2024-05-17 12:48:00,12:45:00,True,6,12,16.0,42.0,2.6666666666666665,7.0,tp
2024-05-17,h062,13:25:00,short,21340.0,21334.0,20.0,2024-05-17 13:25:00,13:12:00,True,8,20,19.0,11.0,0.95,0.55,timeout
2024-05-20,h062,10:30:00,short,21359.0,21356.0,15.0,2024-05-20 10:30:00,10:27:00,False,3,7,203.0,43.0,13.533333333333333,2.8666666666666667,sl
2024-05-20,h062,10:44:00,long,21385.0,21393.0,19.0,2024-05-20 10:44:00,10:41:00,True,36,42,6.0,240.0,0.3157894736842105,12.631578947368421,sl
2024-05-20,h062,10:50:00,short,21390.0,21389.0,8.0,2024-05-20 10:50:00,10:45:00,True,8,19,236.0,5.0,29.5,0.625,tp
2024-05-20,h062,11:29:00,short,21333.0,21332.0,15.0,2024-05-20 11:29:00,11:27:00,True,8,15,179.0,16.0,11.933333333333334,1.0666666666666667,tp
2024-05-20,h062,11:40:00,short,21245.0,21234.0,71.0,2024-05-20 11:40:00,11:36:00,True,13,42,81.0,114.0,1.1408450704225352,1.6056338028169015,tp
2024-05-20,h062,13:03:00,long,21299.0,21311.0,22.0,2024-05-20 13:03:00,13:02:00,True,26,40,37.0,14.0,1.6818181818181819,0.6363636363636364,tp
2024-05-20,h062,13:07:00,short,21311.0,21307.0,14.0,2024-05-20 13:07:00,13:04:00,True,6,8,10.0,41.0,0.7142857142857143,2.9285714285714284,sl
2024-05-21,h062,09:56:00,short,21215.0,21212.0,19.0,2024-05-21 09:56:00,09:54:00,True,18,46,47.0,95.0,2.473684210526316,5.0,tp
2024-05-21,h062,11:39:00,short,21288.0,21285.0,17.0,2024-05-21 11:39:00,11:33:00,False,0,2,30.0,22.0,1.7647058823529411,1.2941176470588236,tp
2024-05-21,h062,11:52:00,long,21279.0,21280.0,16.0,2024-05-21 11:52:00,11:50:00,False,2,6,27.0,25.0,1.6875,1.5625,tp
2024-05-21,h062,12:25:00,short,21296.0,21286.0,11.0,2024-05-21 12:25:00,12:21:00,False,4,6,31.0,17.0,2.8181818181818183,1.5454545454545454,sl
2024-05-21,h062,13:26:00,long,21274.0,21284.0,19.0,2024-05-21 13:26:00,13:25:00,True,15,43,19.0,15.0,1.0,0.7894736842105263,tp
2024-05-22,h062,09:50:00,long,21449.0,21451.0,36.0,2024-05-22 09:50:00,09:47:00,True,28,76,162.0,20.0,4.5,0.5555555555555556,tp
2024-05-22,h062,10:51:00,long,21540.0,21543.0,16.0,2024-05-22 10:51:00,10:50:00,True,14,34,70.0,7.0,4.375,0.4375,tp
2024-05-22,h062,11:51:00,long,21559.0,21560.0,23.0,2024-05-22 11:51:00,11:47:00,False,4,10,53.0,9.0,2.3043478260869565,0.391304347826087,tp
2024-05-22,h062,12:12:00,long,21584.0,21586.0,8.0,2024-05-22 12:12:00,12:09:00,True,23,24,27.0,14.0,3.375,1.75,tp
2024-05-22,h062,12:17:00,long,21595.0,21597.0,9.0,2024-05-22 12:17:00,12:14:00,False,3,6,16.0,25.0,1.7777777777777777,2.7777777777777777,sl
2024-05-22,h062,13:21:00,long,21586.0,21588.0,11.0,2024-05-22 13:21:00,13:17:00,True,6,17,8.0,16.0,0.7272727272727273,1.4545454545454546,sl
2024-05-22,h062,13:29:00,short,21581.0,21579.0,15.0,2024-05-22 13:29:00,13:25:00,True,27,50,7.0,17.0,0.4666666666666667,1.1333333333333333,sl
2024-05-23,h062,10:51:00,short,21614.0,21613.0,14.0,2024-05-23 10:51:00,10:50:00,True,10,24,17.0,48.0,1.2142857142857142,3.4285714285714284,tp
2024-05-23,h062,11:25:00,long,21645.0,21650.0,14.0,2024-05-23 11:25:00,11:18:00,True,79,104,5.0,47.0,0.35714285714285715,3.357142857142857,sl
2024-05-23,h062,12:37:00,short,21620.0,21617.0,9.0,2024-05-23 12:37:00,12:36:00,False,3,7,14.0,10.0,1.5555555555555556,1.1111111111111112,tp
2024-05-23,h062,12:40:00,short,21611.0,21610.0,7.0,2024-05-23 12:40:00,12:39:00,True,6,17,7.0,17.0,1.0,2.4285714285714284,sl
2024-05-23,h062,13:26:00,short,21615.0,21611.0,7.0,2024-05-23 13:26:00,13:21:00,True,5,10,8.0,11.0,1.1428571428571428,1.5714285714285714,sl
2024-05-24,h062,11:06:00,short,21562.0,21560.0,11.0,2024-05-24 11:06:00,11:04:00,True,6,11,19.0,57.0,1.7272727272727273,5.181818181818182,tp
2024-05-24,h062,11:34:00,long,21588.0,21590.0,21.0,2024-05-24 11:34:00,11:33:00,True,15,43,27.0,26.0,1.2857142857142858,1.2380952380952381,tp
2024-05-24,h062,11:38:00,short,21586.0,21585.0,22.0,2024-05-24 11:38:00,11:36:00,True,8,18,21.0,32.0,0.9545454545454546,1.4545454545454546,sl
2024-05-24,h062,12:19:00,short,21607.0,21606.0,8.0,2024-05-24 12:19:00,12:11:00,False,4,10,42.0,2.0,5.25,0.25,tp
2024-05-24,h062,12:51:00,short,21568.0,21566.0,8.0,2024-05-24 12:51:00,12:50:00,False,0,2,2.0,29.0,0.25,3.625,sl
2024-05-27,h062,11:23:00,long,21860.0,21861.0,15.0,2024-05-27 11:23:00,11:21:00,True,10,24,14.0,71.0,0.9333333333333333,4.733333333333333,sl
2024-05-27,h062,11:44:00,long,21832.0,21837.0,17.0,2024-05-27 11:44:00,11:42:00,True,6,16,38.0,47.0,2.235294117647059,2.764705882352941,sl
2024-05-27,h062,12:18:00,long,21818.0,21822.0,13.0,2024-05-27 12:18:00,12:17:00,True,12,20,53.0,32.0,4.076923076923077,2.4615384615384617,sl
2024-05-27,h062,12:33:00,long,21808.0,21813.0,18.0,2024-05-27 12:33:00,12:31:00,True,5,12,62.0,0.0,3.4444444444444446,0.0,tp
2024-05-27,h062,13:29:00,long,21855.0,21857.0,10.0,2024-05-27 13:29:00,13:25:00,True,9,20,18.0,4.0,1.8,0.4,tp
2024-05-28,h062,09:56:00,long,21926.0,21929.0,19.0,2024-05-28 09:56:00,09:51:00,True,60,67,65.0,41.0,3.4210526315789473,2.1578947368421053,tp
2024-05-28,h062,11:04:00,long,21932.0,21938.0,11.0,2024-05-28 11:04:00,11:03:00,True,9,23,56.0,12.0,5.090909090909091,1.0909090909090908,tp
2024-05-28,h062,11:09:00,short,21939.0,21937.0,13.0,2024-05-28 11:09:00,11:05:00,False,4,10,11.0,57.0,0.8461538461538461,4.384615384615385,sl
2024-05-28,h062,11:48:00,short,21955.0,21953.0,12.0,2024-05-28 11:48:00,11:45:00,False,0,3,27.0,41.0,2.25,3.4166666666666665,sl
2024-05-28,h062,12:30:00,long,21944.0,21954.0,9.0,2024-05-28 12:30:00,12:25:00,True,27,45,40.0,28.0,4.444444444444445,3.111111111111111,sl
2024-05-28,h062,13:03:00,long,21961.0,21966.0,13.0,2024-05-28 13:03:00,13:00:00,True,11,22,28.0,40.0,2.1538461538461537,3.076923076923077,tp
2024-05-28,h062,13:06:00,long,21971.0,21977.0,8.0,2024-05-28 13:06:00,13:04:00,True,11,30,17.0,51.0,2.125,6.375,tp
2024-05-28,h062,13:12:00,short,21986.0,21978.0,8.0,2024-05-28 13:12:00,13:11:00,True,6,21,52.0,16.0,6.5,2.0,sl
2024-05-29,h062,09:36:00,short,21816.0,21808.0,26.0,2024-05-29 09:36:00,09:35:00,True,12,44,88.0,54.0,3.3846153846153846,2.076923076923077,tp
2024-05-29,h062,09:42:00,short,21787.0,21779.0,21.0,2024-05-29 09:42:00,09:40:00,True,16,52,59.0,83.0,2.8095238095238093,3.9523809523809526,sl
2024-05-29,h062,10:59:00,short,21794.0,21793.0,17.0,2024-05-29 10:59:00,10:51:00,False,4,10,73.0,13.0,4.294117647058823,0.7647058823529411,tp
2024-05-29,h062,11:11:00,long,21785.0,21796.0,19.0,2024-05-29 11:11:00,11:09:00,True,14,35,10.0,76.0,0.5263157894736842,4.0,sl
2024-05-29,h062,11:41:00,long,21754.0,21760.0,12.0,2024-05-29 11:41:00,11:39:00,True,9,21,35.0,40.0,2.9166666666666665,3.3333333333333335,tp
2024-05-29,h062,12:12:00,long,21748.0,21760.0,13.0,2024-05-29 12:12:00,12:11:00,True,13,27,35.0,40.0,2.6923076923076925,3.076923076923077,tp
2024-05-29,h062,13:26:00,short,21758.0,21750.0,19.0,2024-05-29 13:26:00,13:25:00,True,10,29,30.0,3.0,1.5789473684210527,0.15789473684210525,tp
2024-05-30,h062,10:24:00,short,21491.0,21488.0,13.0,2024-05-30 10:24:00,10:22:00,True,6,13,120.0,15.0,9.23076923076923,1.1538461538461537,tp
2024-05-30,h062,10:48:00,long,21458.0,21461.0,20.0,2024-05-30 10:48:00,10:46:00,True,14,28,42.0,93.0,2.1,4.65,tp
2024-05-30,h062,11:17:00,long,21487.0,21488.0,13.0,2024-05-30 11:17:00,11:16:00,False,4,8,3.0,120.0,0.23076923076923078,9.23076923076923,sl
2024-05-30,h062,12:12:00,short,21457.0,21452.0,8.0,2024-05-30 12:12:00,12:08:00,True,6,15,84.0,0.0,10.5,0.0,tp
2024-05-30,h062,12:16:00,short,21440.0,21439.0,12.0,2024-05-30 12:16:00,12:13:00,True,22,27,71.0,4.0,5.916666666666667,0.3333333333333333,tp
2024-05-30,h062,12:24:00,long,21436.0,21438.0,21.0,2024-05-30 12:24:00,12:21:00,False,4,10,5.0,70.0,0.23809523809523808,3.3333333333333335,sl
2024-05-30,h062,12:47:00,short,21374.0,21372.0,16.0,2024-05-30 12:47:00,12:45:00,True,7,18,4.0,71.0,0.25,4.4375,sl
2024-05-31,h062,09:57:00,long,21546.0,21550.0,29.0,2024-05-31 09:57:00,09:56:00,True,27,61,33.0,297.0,1.1379310344827587,10.241379310344827,tp
2024-05-31,h062,10:09:00,short,21541.0,21538.0,32.0,2024-05-31 10:09:00,09:58:00,False,4,10,285.0,16.0,8.90625,0.5,tp
2024-05-31,h062,10:47:00,short,21433.0,21425.0,44.0,2024-05-31 10:47:00,10:43:00,True,29,85,172.0,28.0,3.909090909090909,0.6363636363636364,tp
2024-05-31,h062,11:19:00,long,21383.0,21389.0,82.0,2024-05-31 11:19:00,11:18:00,True,31,76,64.0,136.0,0.7804878048780488,1.6585365853658536,sl
2024-05-31,h062,13:26:00,short,21271.0,21268.0,51.0,2024-05-31 13:26:00,13:25:00,True,31,116,15.0,31.0,0.29411764705882354,0.6078431372549019,timeout
2024-06-03,h062,10:01:00,long,21570.0,21576.0,22.0,2024-06-03 10:01:00,10:00:00,True,44,63,122.0,3.0,5.545454545454546,0.13636363636363635,tp
2024-06-03,h062,10:03:00,long,21606.0,21618.0,33.0,2024-06-03 10:03:00,10:02:00,True,71,150,80.0,21.0,2.4242424242424243,0.6363636363636364,tp
2024-06-03,h062,10:47:00,long,21681.0,21685.0,11.0,2024-06-03 10:47:00,10:45:00,True,17,27,13.0,73.0,1.1818181818181819,6.636363636363637,sl
2024-06-03,h062,11:24:00,long,21677.0,21680.0,17.0,2024-06-03 11:24:00,11:20:00,False,4,7,6.0,68.0,0.35294117647058826,4.0,sl
2024-06-03,h062,12:23:00,long,21632.0,21634.0,20.0,2024-06-03 12:23:00,12:12:00,True,5,11,41.0,19.0,2.05,0.95,tp
2024-06-03,h062,13:11:00,long,21633.0,21635.0,17.0,2024-06-03 13:11:00,13:10:00,True,7,12,25.0,15.0,1.4705882352941178,0.8823529411764706,tp
2024-06-04,h062,10:29:00,short,21408.0,21389.0,16.0,2024-06-04 10:29:00,10:26:00,True,62,116,105.0,24.0,6.5625,1.5,tp
2024-06-04,h062,11:48:00,short,21396.0,21385.0,17.0,2024-06-04 11:48:00,11:45:00,True,9,19,96.0,12.0,5.647058823529412,0.7058823529411765,tp
2024-06-05,h062,10:11:00,long,21434.0,21448.0,30.0,2024-06-05 10:11:00,10:10:00,True,53,133,45.0,112.0,1.5,3.7333333333333334,tp
2024-06-05,h062,10:51:00,short,21413.0,21411.0,32.0,2024-06-05 10:51:00,10:48:00,True,10,17,75.0,68.0,2.34375,2.125,tp
2024-06-05,h062,10:58:00,long,21392.0,21395.0,21.0,2024-06-05 10:58:00,10:53:00,True,7,27,84.0,59.0,4.0,2.8095238095238093,sl
2024-06-05,h062,11:50:00,short,21428.0,21427.0,17.0,2024-06-05 11:50:00,11:47:00,False,3,7,17.0,52.0,1.0,3.0588235294117645,sl
2024-06-05,h062,13:01:00,short,21465.0,21464.0,14.0,2024-06-05 13:01:00,13:00:00,False,3,8,38.0,12.0,2.7142857142857144,0.8571428571428571,tp
2024-06-06,h062,09:38:00,short,21870.0,21837.0,32.0,2024-06-06 09:38:00,09:21:00,True,68,111,46.0,125.0,1.4375,3.90625,tp
2024-06-06,h062,10:55:00,long,21907.0,21918.0,20.0,2024-06-06 10:55:00,10:48:00,True,89,113,44.0,85.0,2.2,4.25,tp
2024-06-06,h062,11:53:00,short,21935.0,21932.0,13.0,2024-06-06 11:53:00,11:52:00,True,8,23,99.0,20.0,7.615384615384615,1.5384615384615385,tp
2024-06-06,h062,12:21:00,short,21906.0,21897.0,20.0,2024-06-06 12:21:00,12:19:00,True,24,40,64.0,55.0,3.2,2.75,sl
2024-06-06,h062,13:25:00,short,21872.0,21863.0,38.0,2024-06-06 13:25:00,13:24:00,True,71,159,24.0,34.0,0.631578947368421,0.8947368421052632,timeout
2024-06-07,h062,12:08:00,short,21859.0,21853.0,10.0,2024-06-07 12:08:00,12:05:00,False,0,2,28.0,55.0,2.8,5.5,tp
2024-06-07,h062,12:16:00,short,21839.0,21836.0,12.0,2024-06-07 12:16:00,12:11:00,False,0,4,11.0,72.0,0.9166666666666666,6.0,sl
2024-06-07,h062,12:19:00,long,21838.0,21840.0,13.0,2024-06-07 12:19:00,12:17:00,False,2,5,68.0,6.0,5.230769230769231,0.46153846153846156,tp
2024-06-07,h062,13:13:00,short,21864.0,21858.0,9.0,2024-06-07 13:13:00,13:10:00,False,0,4,24.0,50.0,2.6666666666666665,5.555555555555555,tp
2024-06-11,h062,09:41:00,long,21906.0,21914.0,22.0,2024-06-11 09:41:00,09:38:00,True,26,33,56.0,131.0,2.5454545454545454,5.954545454545454,sl
2024-06-11,h062,10:05:00,long,21936.0,21955.0,17.0,2024-06-11 10:05:00,10:00:00,True,184,224,5.0,172.0,0.29411764705882354,10.117647058823529,sl
2024-06-11,h062,10:53:00,short,21807.0,21803.0,31.0,2024-06-11 10:53:00,10:45:00,True,17,32,20.0,51.0,0.6451612903225806,1.6451612903225807,sl
2024-06-11,h062,11:40:00,long,21808.0,21809.0,12.0,2024-06-11 11:40:00,11:31:00,False,3,5,45.0,26.0,3.75,2.1666666666666665,tp
2024-06-11,h062,12:30:00,long,21846.0,21850.0,11.0,2024-06-11 12:30:00,12:25:00,True,14,23,4.0,67.0,0.36363636363636365,6.090909090909091,sl
2024-06-11,h062,13:26:00,short,21803.0,21802.0,21.0,2024-06-11 13:26:00,13:24:00,True,8,24,19.0,4.0,0.9047619047619048,0.19047619047619047,timeout
2024-06-12,h062,10:15:00,long,21894.0,21898.0,37.0,2024-06-12 10:15:00,09:57:00,True,11,25,165.0,53.0,4.45945945945946,1.4324324324324325,sl
2024-06-12,h062,10:46:00,long,21871.0,21873.0,26.0,2024-06-12 10:46:00,10:44:00,True,5,12,190.0,6.0,7.3076923076923075,0.23076923076923078,tp
2024-06-12,h062,11:09:00,short,21939.0,21936.0,23.0,2024-06-12 11:09:00,11:02:00,True,5,11,6.0,127.0,0.2608695652173913,5.521739130434782,sl
2024-06-12,h062,11:32:00,long,21981.0,21985.0,19.0,2024-06-12 11:32:00,11:31:00,True,20,39,78.0,13.0,4.105263157894737,0.6842105263157895,tp
2024-06-12,h062,12:01:00,short,21996.0,21992.0,9.0,2024-06-12 12:01:00,12:00:00,True,5,12,12.0,71.0,1.3333333333333333,7.888888888888889,sl
2024-06-12,h062,12:36:00,long,22017.0,22020.0,12.0,2024-06-12 12:36:00,12:35:00,True,24,49,43.0,26.0,3.5833333333333335,2.1666666666666665,sl
2024-06-12,h062,13:08:00,long,22027.0,22031.0,10.0,2024-06-12 13:08:00,13:06:00,True,5,15,32.0,5.0,3.2,0.5,tp
2024-06-12,h062,13:27:00,long,22051.0,22058.0,24.0,2024-06-12 13:27:00,13:25:00,True,18,44,5.0,28.0,0.20833333333333334,1.1666666666666667,sl
2024-06-13,h062,09:50:00,short,22410.0,22398.0,50.0,2024-06-13 09:50:00,09:47:00,True,36,91,191.0,29.0,3.82,0.58,tp
2024-06-13,h062,12:32:00,long,22300.0,22301.0,15.0,2024-06-13 12:32:00,12:31:00,True,11,16,58.0,8.0,3.8666666666666667,0.5333333333333333,tp
2024-06-13,h062,12:44:00,long,22326.0,22333.0,11.0,2024-06-13 12:44:00,12:43:00,True,17,29,26.0,31.0,2.3636363636363638,2.8181818181818183,tp
2024-06-13,h062,12:47:00,long,22347.0,22354.0,14.0,2024-06-13 12:47:00,12:45:00,True,21,40,5.0,52.0,0.35714285714285715,3.7142857142857144,sl
2024-06-13,h062,13:29:00,long,22329.0,22331.0,17.0,2024-06-13 13:29:00,13:25:00,True,8,21,6.0,20.0,0.35294117647058826,1.1764705882352942,sl
2024-06-14,h062,10:33:00,long,22371.0,22372.0,31.0,2024-06-14 10:33:00,10:32:00,True,18,43,142.0,1.0,4.580645161290323,0.03225806451612903,tp
2024-06-14,h062,10:47:00,long,22418.0,22426.0,37.0,2024-06-14 10:47:00,10:45:00,True,10,29,88.0,40.0,2.3783783783783785,1.0810810810810811,sl
2024-06-14,h062,11:27:00,short,22418.0,22414.0,21.0,2024-06-14 11:27:00,11:26:00,True,13,20,8.0,100.0,0.38095238095238093,4.761904761904762,sl
2024-06-14,h062,12:46:00,long,22450.0,22461.0,18.0,2024-06-14 12:46:00,12:31:00,True,23,39,53.0,13.0,2.9444444444444446,0.7222222222222222,tp
2024-06-14,h062,13:05:00,short,22466.0,22464.0,13.0,2024-06-14 13:05:00,12:58:00,True,10,26,16.0,50.0,1.2307692307692308,3.8461538461538463,tp
2024-06-14,h062,13:26:00,long,22475.0,22479.0,20.0,2024-06-14 13:26:00,13:25:00,True,32,55,35.0,22.0,1.75,1.1,sl
2024-06-17,h062,09:37:00,long,22489.0,22502.0,42.0,2024-06-17 09:37:00,09:34:00,True,30,50,52.0,62.0,1.2380952380952381,1.4761904761904763,tp
2024-06-17,h062,11:44:00,short,22503.0,22502.0,8.0,2024-06-17 11:44:00,11:43:00,False,4,8,62.0,14.0,7.75,1.75,sl
2024-06-17,h062,11:46:00,long,22506.0,22507.0,9.0,2024-06-17 11:46:00,11:45:00,False,0,3,9.0,67.0,1.0,7.444444444444445,tp
2024-06-17,h062,12:26:00,long,22491.0,22494.0,11.0,2024-06-17 12:26:00,12:25:00,False,4,9,9.0,54.0,0.8181818181818182,4.909090909090909,sl
2024-06-17,h062,12:41:00,short,22476.0,22472.0,11.0,2024-06-17 12:41:00,12:36:00,True,5,12,32.0,20.0,2.909090909090909,1.8181818181818181,tp
2024-06-17,h062,13:04:00,short,22447.0,22443.0,16.0,2024-06-17 13:04:00,13:02:00,True,8,21,3.0,49.0,0.1875,3.0625,sl
2024-06-18,h062,10:22:00,long,22758.0,22760.0,28.0,2024-06-18 10:22:00,10:20:00,True,18,43,52.0,18.0,1.8571428571428572,0.6428571428571429,tp
2024-06-18,h062,11:11:00,long,22785.0,22792.0,13.0,2024-06-18 11:11:00,11:08:00,True,82,94,20.0,43.0,1.5384615384615385,3.3076923076923075,sl
2024-06-18,h062,12:11:00,short,22796.0,22792.0,10.0,2024-06-18 12:11:00,12:09:00,True,5,11,21.0,20.0,2.1,2.0,sl
2024-06-18,h062,12:40:00,short,22800.0,22794.0,12.0,2024-06-18 12:40:00,12:37:00,False,4,9,23.0,8.0,1.9166666666666667,0.6666666666666666,tp
2024-06-19,h062,09:46:00,short,23042.0,23031.0,48.0,2024-06-19 09:46:00,09:45:00,True,41,88,26.0,260.0,0.5416666666666666,5.416666666666667,sl
2024-06-19,h062,10:14:00,long,23097.0,23100.0,25.0,2024-06-19 10:14:00,10:12:00,True,9,24,191.0,24.0,7.64,0.96,tp
2024-06-19,h062,11:01:00,long,23219.0,23220.0,24.0,2024-06-19 11:01:00,10:59:00,True,22,49,71.0,99.0,2.9583333333333335,4.125,tp
2024-06-19,h062,11:53:00,long,23165.0,23167.0,31.0,2024-06-19 11:53:00,11:49:00,True,6,9,111.0,46.0,3.5806451612903225,1.4838709677419355,tp
2024-06-19,h062,12:40:00,short,23126.0,23125.0,33.0,2024-06-19 12:40:00,12:33:00,True,16,35,3.0,153.0,0.09090909090909091,4.636363636363637,sl
2024-06-19,h062,13:01:00,long,23252.0,23265.0,30.0,2024-06-19 13:01:00,13:00:00,True,23,76,13.0,45.0,0.43333333333333335,1.5,sl
2024-06-20,h062,09:46:00,short,23197.0,23190.0,19.0,2024-06-20 09:46:00,09:45:00,True,5,15,43.0,190.0,2.263157894736842,10.0,tp
2024-06-20,h062,10:38:00,short,23211.0,23210.0,15.0,2024-06-20 10:38:00,10:32:00,True,5,10,28.0,170.0,1.8666666666666667,11.333333333333334,tp
2024-06-20,h062,12:08:00,long,23247.0,23248.0,17.0,2024-06-20 12:08:00,12:07:00,True,10,24,132.0,3.0,7.764705882352941,0.17647058823529413,tp
2024-06-20,h062,12:39:00,long,23305.0,23306.0,26.0,2024-06-20 12:39:00,12:37:00,True,24,42,74.0,-1.0,2.8461538461538463,-0.038461538461538464,tp
2024-06-20,h062,12:46:00,long,23328.0,23330.0,21.0,2024-06-20 12:46:00,12:40:00,True,33,52,50.0,18.0,2.380952380952381,0.8571428571428571,tp
2024-06-21,h062,09:58:00,long,23182.0,23191.0,32.0,2024-06-21 09:58:00,09:53:00,True,15,27,100.0,29.0,3.125,0.90625,tp
2024-06-21,h062,10:04:00,long,23210.0,23211.0,24.0,2024-06-21 10:04:00,10:00:00,True,9,28,80.0,49.0,3.3333333333333335,2.0416666666666665,tp
2024-06-21,h062,10:55:00,long,23289.0,23291.0,31.0,2024-06-21 10:55:00,10:53:00,True,18,46,-1.0,129.0,-0.03225806451612903,4.161290322580645,sl
2024-06-21,h062,12:05:00,long,23189.0,23197.0,25.0,2024-06-21 12:05:00,12:00:00,True,14,22,48.0,32.0,1.92,1.28,sl
2024-06-21,h062,12:58:00,long,23219.0,23232.0,27.0,2024-06-21 12:58:00,12:57:00,True,16,46,13.0,36.0,0.48148148148148145,1.3333333333333333,sl
2024-06-24,h062,11:01:00,long,22833.0,22843.0,27.0,2024-06-24 11:01:00,11:00:00,True,29,57,22.0,135.0,0.8148148148148148,5.0,sl
2024-06-24,h062,12:04:00,long,22741.0,22748.0,18.0,2024-06-24 12:04:00,12:02:00,True,15,30,18.0,40.0,1.0,2.2222222222222223,sl
2024-06-24,h062,13:28:00,short,22723.0,22711.0,30.0,2024-06-24 13:28:00,13:25:00,True,16,45,3.0,55.0,0.1,1.8333333333333333,sl
2024-06-25,h062,10:41:00,long,22696.0,22710.0,39.0,2024-06-25 10:41:00,10:28:00,True,49,72,66.0,74.0,1.6923076923076923,1.8974358974358974,sl
2024-06-25,h062,10:46:00,short,22707.0,22706.0,25.0,2024-06-25 10:46:00,10:42:00,True,13,34,70.0,70.0,2.8,2.8,tp
2024-06-25,h062,12:24:00,long,22686.0,22693.0,26.0,2024-06-25 12:24:00,12:22:00,True,8,10,83.0,11.0,3.1923076923076925,0.4230769230769231,tp
2024-06-25,h062,13:11:00,long,22751.0,22759.0,23.0,2024-06-25 13:11:00,13:03:00,True,13,27,17.0,40.0,0.7391304347826086,1.7391304347826086,sl
2024-06-26,h062,10:01:00,long,22981.0,22984.0,26.0,2024-06-26 10:01:00,09:55:00,True,7,19,21.0,240.0,0.8076923076923077,9.23076923076923,sl
2024-06-26,h062,10:54:00,short,22982.0,22981.0,22.0,2024-06-26 10:54:00,10:51:00,False,4,9,237.0,3.0,10.772727272727273,0.13636363636363635,tp
2024-06-26,h062,11:00:00,short,22940.0,22938.0,14.0,2024-06-26 11:00:00,10:59:00,True,11,35,194.0,25.0,13.857142857142858,1.7857142857142858,sl
2024-06-26,h062,11:18:00,short,22920.0,22893.0,18.0,2024-06-26 11:18:00,11:17:00,True,85,121,149.0,-1.0,8.277777777777779,-0.05555555555555555,tp
2024-06-26,h062,11:25:00,short,22829.0,22824.0,49.0,2024-06-26 11:25:00,11:23:00,True,34,67,80.0,64.0,1.6326530612244898,1.3061224489795917,tp
2024-06-26,h062,11:46:00,long,22808.0,22815.0,64.0,2024-06-26 11:46:00,11:35:00,True,20,39,73.0,38.0,1.140625,0.59375,tp
2024-06-26,h062,13:07:00,long,22860.0,22861.0,16.0,2024-06-26 13:07:00,13:06:00,True,6,15,27.0,25.0,1.6875,1.5625,tp
2024-06-27,h062,09:32:00,long,22710.0,22713.0,47.0,2024-06-27 09:32:00,09:31:00,True,19,37,109.0,31.0,2.3191489361702127,0.6595744680851063,tp
2024-06-27,h062,10:02:00,long,22740.0,22750.0,24.0,2024-06-27 10:02:00,09:59:00,True,27,36,72.0,40.0,3.0,1.6666666666666667,tp
2024-06-27,h062,10:07:00,long,22783.0,22790.0,31.0,2024-06-27 10:07:00,10:04:00,True,9,30,32.0,80.0,1.032258064516129,2.5806451612903225,sl
2024-06-27,h062,10:58:00,long,22756.0,22760.0,46.0,2024-06-27 10:58:00,10:53:00,True,11,24,62.0,20.0,1.3478260869565217,0.43478260869565216,tp
2024-06-27,h062,11:12:00,short,22800.0,22795.0,22.0,2024-06-27 11:12:00,11:04:00,False,4,5,55.0,22.0,2.5,1.0,tp
2024-06-27,h062,11:59:00,short,22747.0,22743.0,14.0,2024-06-27 11:59:00,11:58:00,False,4,14,1.0,74.0,0.07142857142857142,5.285714285714286,sl
2024-06-27,h062,12:08:00,long,22806.0,22810.0,19.0,2024-06-27 12:08:00,12:06:00,True,10,22,7.0,53.0,0.3684210526315789,2.789473684210526,sl
2024-06-27,h062,13:04:00,long,22771.0,22780.0,14.0,2024-06-27 13:04:00,13:03:00,True,10,21,35.0,4.0,2.5,0.2857142857142857,tp
2024-06-27,h062,13:16:00,long,22806.0,22808.0,19.0,2024-06-27 13:16:00,13:15:00,True,9,21,7.0,17.0,0.3684210526315789,0.8947368421052632,timeout
2024-06-28,h062,09:45:00,long,22942.0,22947.0,34.0,2024-06-28 09:45:00,09:44:00,True,96,135,170.0,6.0,5.0,0.17647058823529413,tp
2024-06-28,h062,11:07:00,short,23031.0,23025.0,20.0,2024-06-28 11:07:00,11:05:00,True,17,41,71.0,39.0,3.55,1.95,tp
2024-06-28,h062,11:22:00,long,23008.0,23015.0,38.0,2024-06-28 11:22:00,11:13:00,True,18,40,49.0,61.0,1.2894736842105263,1.605263157894737,tp
2024-06-28,h062,11:51:00,short,23039.0,23032.0,13.0,2024-06-28 11:51:00,11:47:00,False,0,2,78.0,32.0,6.0,2.4615384615384617,sl
2024-06-28,h062,12:44:00,long,23025.0,23038.0,14.0,2024-06-28 12:44:00,12:43:00,True,7,15,4.0,84.0,0.2857142857142857,6.0,sl
2024-06-28,h062,13:14:00,short,23007.0,23005.0,19.0,2024-06-28 13:14:00,13:04:00,False,4,8,51.0,13.0,2.6842105263157894,0.6842105263157895,tp
2024-06-28,h062,13:26:00,long,23000.0,23001.0,24.0,2024-06-28 13:26:00,13:25:00,True,12,24,3.0,47.0,0.125,1.9583333333333333,sl
2024-07-01,h062,09:54:00,short,23096.0,23085.0,38.0,2024-07-01 09:54:00,09:47:00,True,8,17,147.0,81.0,3.8684210526315788,2.1315789473684212,sl
2024-07-01,h062,10:15:00,long,23150.0,23157.0,28.0,2024-07-01 10:15:00,10:13:00,True,38,76,8.0,219.0,0.2857142857142857,7.821428571428571,sl
2024-07-01,h062,11:34:00,short,23111.0,23093.0,18.0,2024-07-01 11:34:00,11:31:00,True,17,34,155.0,29.0,8.61111111111111,1.6111111111111112,sl
2024-07-01,h062,12:06:00,short,23078.0,23067.0,21.0,2024-07-01 12:06:00,12:05:00,True,34,55,129.0,23.0,6.142857142857143,1.0952380952380953,sl
2024-07-01,h062,12:36:00,long,23045.0,23047.0,36.0,2024-07-01 12:36:00,12:28:00,True,8,18,7.0,109.0,0.19444444444444445,3.0277777777777777,sl
2024-07-01,h062,13:10:00,short,22984.0,22970.0,33.0,2024-07-01 13:10:00,12:48:00,True,44,75,32.0,36.0,0.9696969696969697,1.0909090909090908,sl
2024-07-02,h062,09:13:00,short,22781.0,22764.0,55.0,2024-07-02 09:13:00,09:12:00,True,32,74,47.0,229.0,0.8545454545454545,4.163636363636364,sl
2024-07-02,h062,09:54:00,long,22947.0,22958.0,38.0,2024-07-02 09:54:00,09:46:00,True,26,48,35.0,213.0,0.9210526315789473,5.605263157894737,sl
2024-07-02,h062,10:42:00,short,22852.0,22846.0,33.0,2024-07-02 10:42:00,10:41:00,True,18,40,101.0,38.0,3.0606060606060606,1.1515151515151516,tp
2024-07-02,h062,11:15:00,short,22795.0,22785.0,22.0,2024-07-02 11:15:00,11:06:00,True,14,25,40.0,57.0,1.8181818181818181,2.590909090909091,tp
2024-07-02,h062,12:20:00,long,22828.0,22830.0,20.0,2024-07-02 12:20:00,12:16:00,True,5,7,12.0,49.0,0.6,2.45,sl
2024-07-02,h062,12:46:00,short,22796.0,22791.0,12.0,2024-07-02 12:46:00,12:43:00,True,8,11,9.0,51.0,0.75,4.25,sl
2024-07-03,h062,10:08:00,long,23075.0,23082.0,27.0,2024-07-03 10:08:00,10:07:00,True,17,54,106.0,33.0,3.925925925925926,1.2222222222222223,tp
2024-07-03,h062,10:40:00,short,23088.0,23087.0,36.0,2024-07-03 10:40:00,10:20:00,True,5,11,38.0,101.0,1.0555555555555556,2.8055555555555554,tp
2024-07-03,h062,10:46:00,long,23068.0,23082.0,19.0,2024-07-03 10:46:00,10:44:00,True,12,18,106.0,7.0,5.578947368421052,0.3684210526315789,tp
2024-07-03,h062,11:06:00,short,23117.0,23114.0,18.0,2024-07-03 11:06:00,11:05:00,True,7,12,4.0,74.0,0.2222222222222222,4.111111111111111,sl
2024-07-03,h062,12:15:00,short,23145.0,23142.0,6.0,2024-07-03 12:15:00,12:13:00,True,14,22,27.0,46.0,4.5,7.666666666666667,sl
2024-07-03,h062,13:08:00,short,23143.0,23134.0,9.0,2024-07-03 13:08:00,13:07:00,True,9,25,19.0,54.0,2.111111111111111,6.0,sl
2024-07-03,h062,13:29:00,long,23141.0,23149.0,26.0,2024-07-03 13:29:00,13:25:00,True,18,48,39.0,6.0,1.5,0.23076923076923078,tp
2024-07-04,h062,10:32:00,long,23594.0,23596.0,17.0,2024-07-04 10:32:00,10:31:00,True,17,33,30.0,106.0,1.7647058823529411,6.235294117647059,tp
2024-07-04,h062,10:47:00,short,23603.0,23602.0,12.0,2024-07-04 10:47:00,10:45:00,False,0,4,112.0,24.0,9.333333333333334,2.0,sl
2024-07-04,h062,11:27:00,short,23562.0,23550.0,26.0,2024-07-04 11:27:00,11:23:00,True,15,26,60.0,76.0,2.3076923076923075,2.923076923076923,sl
2024-07-04,h062,11:48:00,short,23506.0,23498.0,18.0,2024-07-04 11:48:00,11:46:00,True,17,35,8.0,128.0,0.4444444444444444,7.111111111111111,sl
2024-07-04,h062,13:23:00,short,23613.0,23602.0,13.0,2024-07-04 13:23:00,13:18:00,True,10,26,12.0,24.0,0.9230769230769231,1.8461538461538463,sl
2024-07-05,h062,10:02:00,short,23613.0,23609.0,29.0,2024-07-05 10:02:00,09:53:00,False,4,7,83.0,38.0,2.8620689655172415,1.3103448275862069,sl
2024-07-05,h062,10:18:00,short,23629.0,23621.0,18.0,2024-07-05 10:18:00,10:17:00,True,8,15,95.0,11.0,5.277777777777778,0.6111111111111112,tp
2024-07-05,h062,11:11:00,short,23593.0,23580.0,9.0,2024-07-05 11:11:00,11:06:00,True,16,20,54.0,28.0,6.0,3.111111111111111,sl
2024-07-05,h062,11:13:00,long,23595.0,23598.0,21.0,2024-07-05 11:13:00,11:12:00,True,14,21,10.0,72.0,0.47619047619047616,3.4285714285714284,sl
2024-07-05,h062,11:26:00,long,23587.0,23592.0,26.0,2024-07-05 11:26:00,11:25:00,True,12,32,15.0,66.0,0.5769230769230769,2.5384615384615383,sl
2024-07-05,h062,12:03:00,short,23577.0,23572.0,12.0,2024-07-05 12:03:00,12:00:00,True,14,24,46.0,17.0,3.8333333333333335,1.4166666666666667,tp
2024-07-05,h062,12:17:00,long,23573.0,23576.0,18.0,2024-07-05 12:17:00,12:04:00,True,5,8,13.0,50.0,0.7222222222222222,2.7777777777777777,sl
2024-07-05,h062,12:52:00,long,23579.0,23584.0,12.0,2024-07-05 12:52:00,12:47:00,True,5,8,2.0,58.0,0.16666666666666666,4.833333333333333,sl
2024-07-05,h062,13:02:00,short,23571.0,23570.0,13.0,2024-07-05 13:02:00,13:00:00,True,6,10,44.0,6.0,3.3846153846153846,0.46153846153846156,tp
2024-07-05,h062,13:05:00,short,23560.0,23557.0,11.0,2024-07-05 13:05:00,13:03:00,False,0,3,31.0,19.0,2.8181818181818183,1.7272727272727273,sl
2024-07-05,h062,13:15:00,short,23546.0,23539.0,13.0,2024-07-05 13:15:00,13:09:00,False,3,14,13.0,37.0,1.0,2.8461538461538463,sl
2024-07-08,h062,09:17:00,long,23649.0,23669.0,38.0,2024-07-08 09:17:00,09:15:00,True,48,67,325.0,1.0,8.552631578947368,0.02631578947368421,tp
2024-07-08,h062,10:26:00,long,23846.0,23849.0,30.0,2024-07-08 10:26:00,10:17:00,True,18,25,145.0,6.0,4.833333333333333,0.2,tp
2024-07-08,h062,10:33:00,long,23887.0,23891.0,29.0,2024-07-08 10:33:00,10:28:00,True,7,14,103.0,5.0,3.5517241379310347,0.1724137931034483,tp
2024-07-08,h062,11:50:00,short,23931.0,23929.0,32.0,2024-07-08 11:50:00,11:47:00,True,10,14,39.0,44.0,1.21875,1.375,sl
2024-07-08,h062,12:45:00,short,23905.0,23902.0,38.0,2024-07-08 12:45:00,12:43:00,True,8,20,12.0,53.0,0.3157894736842105,1.394736842105263,sl
2024-07-08,h062,13:27:00,short,23918.0,23914.0,21.0,2024-07-08 13:27:00,13:24:00,True,7,20,24.0,9.0,1.1428571428571428,0.42857142857142855,tp
2024-07-09,h062,13:09:00,long,23857.0,23862.0,32.0,2024-07-09 13:09:00,12:26:00,True,15,42,26.0,24.0,0.8125,0.75,timeout
2024-07-10,h062,10:20:00,long,23880.0,23899.0,54.0,2024-07-10 10:20:00,10:18:00,True,40,96,115.0,34.0,2.1296296296296298,0.6296296296296297,tp
2024-07-10,h062,12:04:00,short,23914.0,23912.0,21.0,2024-07-10 12:04:00,12:01:00,True,11,19,24.0,102.0,1.1428571428571428,4.857142857142857,tp
2024-07-10,h062,12:19:00,long,23911.0,23912.0,21.0,2024-07-10 12:19:00,12:08:00,True,6,7,102.0,3.0,4.857142857142857,0.14285714285714285,tp
2024-07-10,h062,12:31:00,long,23944.0,23946.0,20.0,2024-07-10 12:31:00,12:26:00,True,9,15,68.0,10.0,3.4,0.5,tp
2024-07-10,h062,12:56:00,long,23967.0,23985.0,23.0,2024-07-10 12:56:00,12:55:00,True,53,73,29.0,16.0,1.2608695652173914,0.6956521739130435,tp
2024-07-11,h062,09:45:00,long,24319.0,24332.0,81.0,2024-07-11 09:45:00,09:41:00,True,40,104,73.0,48.0,0.9012345679012346,0.5925925925925926,timeout
2024-07-11,h062,10:12:00,long,24362.0,24364.0,35.0,2024-07-11 10:12:00,10:10:00,True,13,26,41.0,74.0,1.1714285714285715,2.1142857142857143,sl
2024-07-11,h062,11:18:00,long,24315.0,24317.0,21.0,2024-07-11 11:18:00,11:09:00,True,18,25,88.0,16.0,4.190476190476191,0.7619047619047619,tp
2024-07-11,h062,11:55:00,long,24365.0,24369.0,32.0,2024-07-11 11:55:00,11:53:00,True,8,19,36.0,64.0,1.125,2.0,tp
2024-07-11,h062,12:06:00,long,24395.0,24397.0,29.0,2024-07-11 12:06:00,12:01:00,False,4,10,8.0,92.0,0.27586206896551724,3.1724137931034484,sl
2024-07-11,h062,12:23:00,short,24356.0,24338.0,39.0,2024-07-11 12:23:00,12:22:00,True,18,51,33.0,44.0,0.8461538461538461,1.1282051282051282,sl
2024-07-11,h062,12:57:00,long,24358.0,24366.0,10.0,2024-07-11 12:57:00,12:56:00,True,10,18,8.0,61.0,0.8,6.1,sl
2024-07-11,h062,13:16:00,short,24337.0,24332.0,17.0,2024-07-11 13:16:00,13:04:00,True,17,27,27.0,42.0,1.588235294117647,2.4705882352941178,tp
2024-07-11,h062,13:27:00,long,24342.0,24347.0,37.0,2024-07-11 13:27:00,13:24:00,True,20,29,27.0,4.0,0.7297297297297297,0.10810810810810811,timeout
2024-07-12,h062,09:49:00,short,23851.0,23842.0,71.0,2024-07-12 09:49:00,09:48:00,True,24,71,58.0,137.0,0.8169014084507042,1.9295774647887325,sl
2024-07-12,h062,10:17:00,long,23916.0,23918.0,46.0,2024-07-12 10:17:00,10:16:00,True,21,51,61.0,134.0,1.326086956521739,2.9130434782608696,tp
2024-07-12,h062,11:59:00,short,23894.0,23885.0,15.0,2024-07-12 11:59:00,11:58:00,False,3,9,101.0,19.0,6.733333333333333,1.2666666666666666,sl
2024-07-12,h062,12:15:00,short,23865.0,23862.0,15.0,2024-07-12 12:15:00,12:10:00,True,15,18,78.0,4.0,5.2,0.26666666666666666,tp
2024-07-12,h062,13:06:00,short,23816.0,23800.0,27.0,2024-07-12 13:06:00,13:05:00,True,42,76,16.0,66.0,0.5925925925925926,2.4444444444444446,sl
2024-07-15,h062,09:17:00,short,23861.0,23841.0,60.0,2024-07-15 09:17:00,09:16:00,True,29,106,85.0,102.0,1.4166666666666667,1.7,tp
2024-07-15,h062,11:43:00,short,23856.0,23848.0,45.0,2024-07-15 11:43:00,11:31:00,True,9,13,29.0,40.0,0.6444444444444445,0.8888888888888888,timeout
2024-07-16,h062,09:59:00,long,23918.0,23988.0,58.0,2024-07-16 09:59:00,09:58:00,True,87,190,194.0,78.0,3.3448275862068964,1.3448275862068966,tp
2024-07-16,h062,10:05:00,long,24046.0,24075.0,59.0,2024-07-16 10:05:00,10:00:00,True,67,164,107.0,165.0,1.8135593220338984,2.7966101694915255,tp
2024-07-16,h062,10:56:00,long,24162.0,24176.0,21.0,2024-07-16 10:56:00,10:45:00,True,51,71,6.0,266.0,0.2857142857142857,12.666666666666666,sl
2024-07-16,h062,11:05:00,short,24095.0,24091.0,54.0,2024-07-16 11:05:00,11:00:00,True,10,21,181.0,5.0,3.3518518518518516,0.09259259259259259,tp
2024-07-16,h062,11:12:00,short,24033.0,24018.0,48.0,2024-07-16 11:12:00,11:09:00,True,10,30,108.0,34.0,2.25,0.7083333333333334,tp
2024-07-16,h062,11:50:00,long,24005.0,24019.0,22.0,2024-07-16 11:50:00,11:43:00,True,9,18,0.0,109.0,0.0,4.954545454545454,sl
2024-07-16,h062,11:54:00,short,23954.0,23944.0,55.0,2024-07-16 11:54:00,11:52:00,True,30,63,34.0,58.0,0.6181818181818182,1.0545454545454545,sl
2024-07-16,h062,12:58:00,long,23986.0,23989.0,18.0,2024-07-16 12:58:00,12:48:00,True,19,23,13.0,69.0,0.7222222222222222,3.8333333333333335,sl
2024-07-16,h062,13:29:00,long,23948.0,23963.0,28.0,2024-07-16 13:29:00,13:25:00,True,29,86,39.0,11.0,1.3928571428571428,0.39285714285714285,tp
2024-07-17,h062,10:08:00,long,23931.0,23960.0,45.0,2024-07-17 10:08:00,10:04:00,True,35,63,30.0,313.0,0.6666666666666666,6.955555555555556,sl
2024-07-17,h062,10:48:00,long,23970.0,23974.0,18.0,2024-07-17 10:48:00,10:40:00,True,28,33,16.0,327.0,0.8888888888888888,18.166666666666668,sl
2024-07-17,h062,11:23:00,short,23861.0,23854.0,32.0,2024-07-17 11:23:00,11:22:00,True,13,32,207.0,29.0,6.46875,0.90625,tp
2024-07-17,h062,11:50:00,long,23811.0,23814.0,34.0,2024-07-17 11:50:00,11:45:00,True,9,22,19.0,167.0,0.5588235294117647,4.911764705882353,sl
2024-07-17,h062,12:32:00,short,23757.0,23754.0,24.0,2024-07-17 12:32:00,12:31:00,True,15,27,107.0,1.0,4.458333333333333,0.041666666666666664,tp
2024-07-17,h062,12:35:00,short,23739.0,23687.0,16.0,2024-07-17 12:35:00,12:33:00,True,47,97,40.0,40.0,2.5,2.5,sl
2024-07-17,h062,12:40:00,long,23704.0,23705.0,35.0,2024-07-17 12:40:00,12:36:00,True,21,48,7.0,58.0,0.2,1.6571428571428573,sl
2024-07-18,h062,10:19:00,short,23281.0,23269.0,36.0,2024-07-18 10:19:00,10:15:00,True,6,13,82.0,175.0,2.2777777777777777,4.861111111111111,tp
2024-07-18,h062,11:46:00,long,23295.0,23320.0,27.0,2024-07-18 11:46:00,11:45:00,True,21,55,124.0,31.0,4.592592592592593,1.1481481481481481,tp
2024-07-18,h062,11:58:00,short,23320.0,23309.0,25.0,2024-07-18 11:58:00,11:47:00,True,9,20,20.0,135.0,0.8,5.4,sl
2024-07-18,h062,12:14:00,short,23330.0,23329.0,35.0,2024-07-18 12:14:00,12:10:00,False,2,5,40.0,115.0,1.1428571428571428,3.2857142857142856,tp
2024-07-18,h062,12:51:00,long,23358.0,23372.0,25.0,2024-07-18 12:51:00,12:50:00,True,33,74,72.0,22.0,2.88,0.88,tp
2024-07-18,h062,13:03:00,long,23383.0,23385.0,33.0,2024-07-18 13:03:00,12:59:00,True,25,32,59.0,26.0,1.7878787878787878,0.7878787878787878,tp
2024-07-19,h062,09:50:00,short,22975.0,22964.0,90.0,2024-07-19 09:50:00,09:48:00,True,17,51,111.0,118.0,1.2333333333333334,1.3111111111111111,tp
2024-07-19,h062,10:25:00,long,22892.0,22897.0,39.0,2024-07-19 10:25:00,10:24:00,True,20,51,185.0,31.0,4.743589743589744,0.7948717948717948,tp
2024-07-19,h062,11:24:00,short,22951.0,22944.0,55.0,2024-07-19 11:24:00,11:19:00,False,3,6,58.0,96.0,1.0545454545454545,1.7454545454545454,sl
2024-07-19,h062,12:03:00,short,23010.0,23002.0,23.0,2024-07-19 12:03:00,11:57:00,False,0,2,116.0,38.0,5.043478260869565,1.6521739130434783,sl
2024-07-22,h062,11:37:00,short,22333.0,22316.0,30.0,2024-07-22 11:37:00,11:33:00,True,10,30,11.0,132.0,0.36666666666666664,4.4,sl
2024-07-22,h062,12:17:00,short,22364.0,22353.0,37.0,2024-07-22 12:17:00,12:15:00,True,8,19,32.0,95.0,0.8648648648648649,2.5675675675675675,sl
2024-07-22,h062,12:41:00,long,22365.0,22381.0,44.0,2024-07-22 12:41:00,12:36:00,True,7,17,67.0,34.0,1.5227272727272727,0.7727272727272727,tp
2024-07-23,h062,09:48:00,short,22734.0,22730.0,59.0,2024-07-23 09:48:00,09:42:00,True,20,32,25.0,141.0,0.423728813559322,2.389830508474576,sl
2024-07-23,h062,11:12:00,short,22815.0,22800.0,25.0,2024-07-23 11:12:00,11:08:00,True,6,11,39.0,71.0,1.56,2.84,tp
2024-07-23,h062,11:28:00,long,22790.0,22792.0,29.0,2024-07-23 11:28:00,11:16:00,False,0,0,79.0,8.0,2.7241379310344827,0.27586206896551724,tp
2024-07-23,h062,12:05:00,short,22831.0,22829.0,14.0,2024-07-23 12:05:00,11:58:00,False,3,5,45.0,42.0,3.2142857142857144,3.0,sl
2024-07-23,h062,12:33:00,short,22821.0,22815.0,20.0,2024-07-23 12:33:00,12:32:00,True,11,22,31.0,56.0,1.55,2.8,tp
2024-07-23,h062,13:21:00,long,22832.0,22836.0,13.0,2024-07-23 13:21:00,13:18:00,True,5,11,35.0,7.0,2.6923076923076925,0.5384615384615384,tp
2024-07-23,h062,13:26:00,long,22860.0,22862.0,22.0,2024-07-23 13:26:00,13:25:00,True,9,20,9.0,33.0,0.4090909090909091,1.5,sl
2024-07-26,h062,11:10:00,short,22085.0,22081.0,17.0,2024-07-26 11:10:00,11:09:00,True,11,20,25.0,50.0,1.4705882352941178,2.9411764705882355,sl
2024-07-26,h062,11:15:00,long,22081.0,22084.0,14.0,2024-07-26 11:15:00,11:11:00,True,8,24,47.0,28.0,3.357142857142857,2.0,tp
2024-07-26,h062,11:46:00,long,22097.0,22102.0,37.0,2024-07-26 11:46:00,11:37:00,True,5,11,29.0,38.0,0.7837837837837838,1.027027027027027,sl
2024-07-26,h062,12:44:00,short,22089.0,22088.0,16.0,2024-07-26 12:44:00,12:40:00,False,0,2,15.0,43.0,0.9375,2.6875,sl
2024-07-26,h062,13:26:00,long,22111.0,22119.0,12.0,2024-07-26 13:26:00,13:25:00,True,16,37,12.0,35.0,1.0,2.9166666666666665,tp
2024-07-29,h062,10:19:00,long,22337.0,22339.0,26.0,2024-07-29 10:19:00,10:18:00,True,10,19,3.0,193.0,0.11538461538461539,7.423076923076923,sl
2024-07-29,h062,10:53:00,long,22237.0,22245.0,91.0,2024-07-29 10:53:00,10:46:00,True,19,34,80.0,50.0,0.8791208791208791,0.5494505494505495,timeout
2024-07-29,h062,12:24:00,short,22264.0,22261.0,41.0,2024-07-29 12:24:00,12:21:00,True,8,13,66.0,14.0,1.6097560975609757,0.34146341463414637,tp
2024-07-30,h062,09:38:00,long,21935.0,21940.0,47.0,2024-07-30 09:38:00,09:37:00,True,35,80,359.0,131.0,7.638297872340425,2.7872340425531914,sl
2024-07-30,h062,09:50:00,short,21869.0,21864.0,44.0,2024-07-30 09:50:00,09:46:00,True,12,33,55.0,435.0,1.25,9.886363636363637,tp
2024-07-30,h062,10:05:00,long,21875.0,21903.0,41.0,2024-07-30 10:05:00,10:00:00,True,29,58,396.0,94.0,9.658536585365853,2.292682926829268,sl
2024-07-30,h062,10:38:00,long,21845.0,21847.0,36.0,2024-07-30 10:38:00,10:35:00,True,12,29,452.0,24.0,12.555555555555555,0.6666666666666666,tp
2024-07-30,h062,11:40:00,long,21982.0,21986.0,63.0,2024-07-30 11:40:00,11:15:00,True,17,38,313.0,1.0,4.968253968253968,0.015873015873015872,tp
2024-07-30,h062,11:45:00,long,22039.0,22050.0,46.0,2024-07-30 11:45:00,11:44:00,True,41,79,249.0,44.0,5.413043478260869,0.9565217391304348,tp
2024-07-30,h062,12:04:00,long,22117.0,22143.0,72.0,2024-07-30 12:04:00,12:03:00,True,53,123,156.0,43.0,2.1666666666666665,0.5972222222222222,tp
2024-07-30,h062,12:37:00,short,22190.0,22158.0,32.0,2024-07-30 12:37:00,12:30:00,True,12,36,0.0,141.0,0.0,4.40625,sl
2024-07-30,h062,13:01:00,long,22277.0,22281.0,27.0,2024-07-30 13:01:00,13:00:00,True,20,40,18.0,75.0,0.6666666666666666,2.7777777777777777,sl
2024-07-31,h062,10:26:00,long,22239.0,22248.0,64.0,2024-07-31 10:26:00,10:25:00,True,27,76,100.0,62.0,1.5625,0.96875,tp
2024-07-31,h062,11:15:00,long,22261.0,22270.0,50.0,2024-07-31 11:15:00,11:09:00,True,11,19,44.0,84.0,0.88,1.68,sl
2024-07-31,h062,11:45:00,long,22287.0,22288.0,18.0,2024-07-31 11:45:00,11:43:00,True,9,23,26.0,102.0,1.4444444444444444,5.666666666666667,sl
2024-07-31,h062,12:01:00,short,22281.0,22276.0,33.0,2024-07-31 12:01:00,12:00:00,False,3,8,90.0,14.0,2.727272727272727,0.42424242424242425,tp
2024-07-31,h062,12:26:00,short,22201.0,22194.0,27.0,2024-07-31 12:26:00,12:25:00,True,14,37,2.0,96.0,0.07407407407407407,3.5555555555555554,sl
2024-07-31,h062,13:17:00,long,22274.0,22280.0,41.0,2024-07-31 13:17:00,13:04:00,True,14,25,10.0,52.0,0.24390243902439024,1.2682926829268293,sl
2024-08-01,h062,09:52:00,short,22535.0,22514.0,46.0,2024-08-01 09:52:00,09:51:00,True,28,67,54.0,155.0,1.173913043478261,3.369565217391304,sl
2024-08-01,h062,10:48:00,long,22631.0,22641.0,38.0,2024-08-01 10:48:00,10:47:00,True,29,55,28.0,67.0,0.7368421052631579,1.763157894736842,sl
2024-08-01,h062,11:30:00,long,22646.0,22647.0,21.0,2024-08-01 11:30:00,11:29:00,True,25,33,22.0,69.0,1.0476190476190477,3.2857142857142856,sl
2024-08-01,h062,12:04:00,short,22619.0,22613.0,20.0,2024-08-01 12:04:00,12:01:00,True,5,6,35.0,56.0,1.75,2.8,sl
2024-08-01,h062,12:46:00,short,22589.0,22584.0,18.0,2024-08-01 12:46:00,12:45:00,True,8,13,6.0,85.0,0.3333333333333333,4.722222222222222,sl
2024-08-02,h062,09:40:00,long,22042.0,22063.0,77.0,2024-08-02 09:40:00,09:39:00,True,53,96,36.0,555.0,0.4675324675324675,7.207792207792208,sl
2024-08-02,h062,10:11:00,long,21926.0,21928.0,62.0,2024-08-02 10:11:00,10:09:00,True,50,76,28.0,420.0,0.45161290322580644,6.774193548387097,sl
2024-08-02,h062,11:07:00,short,21847.0,21835.0,51.0,2024-08-02 11:07:00,11:02:00,True,5,8,327.0,12.0,6.411764705882353,0.23529411764705882,tp
2024-08-02,h062,11:46:00,long,21778.0,21780.0,17.0,2024-08-02 11:46:00,11:45:00,False,4,8,20.0,272.0,1.1764705882352942,16.0,sl
2024-08-02,h062,12:05:00,short,21744.0,21726.0,9.0,2024-08-02 12:05:00,12:02:00,True,13,29,218.0,57.0,24.22222222222222,6.333333333333333,sl
2024-08-05,h062,09:34:00,long,20130.0,20137.0,187.0,2024-08-05 09:34:00,09:32:00,True,17,45,138.0,763.0,0.7379679144385026,4.080213903743315,sl
2024-08-05,h062,11:28:00,short,20018.0,19996.0,99.0,2024-08-05 11:28:00,11:27:00,True,23,35,622.0,79.0,6.282828282828283,0.797979797979798,tp
2024-08-05,h062,11:33:00,long,20019.0,20027.0,62.0,2024-08-05 11:33:00,11:29:00,True,17,32,48.0,653.0,0.7741935483870968,10.53225806451613,sl
2024-08-05,h062,12:17:00,short,19816.0,19815.0,55.0,2024-08-05 12:17:00,12:16:00,True,14,37,441.0,119.0,8.018181818181818,2.1636363636363636,sl
2024-08-05,h062,12:46:00,short,19705.0,19661.0,87.0,2024-08-05 12:46:00,12:38:00,True,44,90,287.0,90.0,3.2988505747126435,1.0344827586206897,tp
2024-08-05,h062,12:50:00,long,19684.0,19690.0,70.0,2024-08-05 12:50:00,12:47:00,True,11,36,61.0,316.0,0.8714285714285714,4.514285714285714,sl
2024-08-06,h062,11:52:00,long,20778.0,20780.0,154.0,2024-08-06 11:52:00,11:50:00,True,12,31,10.0,526.0,0.06493506493506493,3.4155844155844157,sl
2024-08-06,h062,12:50:00,short,20420.0,20397.0,51.0,2024-08-06 12:50:00,12:46:00,True,8,23,143.0,143.0,2.803921568627451,2.803921568627451,tp
2024-08-07,h062,10:23:00,long,21240.0,21255.0,108.0,2024-08-07 10:23:00,10:22:00,True,29,82,80.0,145.0,0.7407407407407407,1.3425925925925926,sl
2024-08-07,h062,11:46:00,short,21233.0,21231.0,46.0,2024-08-07 11:46:00,11:45:00,True,10,21,102.0,104.0,2.217391304347826,2.260869565217391,tp
2024-08-07,h062,12:31:00,long,21306.0,21328.0,24.0,2024-08-07 12:31:00,12:29:00,True,51,57,2.0,199.0,0.08333333333333333,8.291666666666666,sl
2024-08-07,h062,13:01:00,short,21193.0,21190.0,50.0,2024-08-07 13:01:00,12:59:00,True,15,28,61.0,73.0,1.22,1.46,sl
2024-08-08,h062,11:24:00,long,21032.0,21045.0,65.0,2024-08-08 11:24:00,11:23:00,True,11,31,37.0,354.0,0.5692307692307692,5.446153846153846,sl
2024-08-08,h062,11:26:00,long,21068.0,21076.0,52.0,2024-08-08 11:26:00,11:25:00,True,22,64,5.0,385.0,0.09615384615384616,7.403846153846154,sl
2024-08-08,h062,11:58:00,short,20928.0,20927.0,62.0,2024-08-08 11:58:00,11:56:00,True,33,67,236.0,39.0,3.806451612903226,0.6290322580645161,tp
2024-08-08,h062,12:39:00,short,20804.0,20793.0,86.0,2024-08-08 12:39:00,12:37:00,True,8,25,102.0,82.0,1.186046511627907,0.9534883720930233,tp
2024-08-09,h062,10:34:00,short,21487.0,21483.0,49.0,2024-08-09 10:34:00,10:31:00,False,3,9,250.0,110.0,5.1020408163265305,2.2448979591836733,sl
2024-08-09,h062,11:09:00,long,21582.0,21583.0,42.0,2024-08-09 11:09:00,11:00:00,True,13,27,7.0,350.0,0.16666666666666666,8.333333333333334,sl
2024-08-09,h062,12:45:00,short,21423.0,21409.0,45.0,2024-08-09 12:45:00,12:43:00,True,20,36,176.0,126.0,3.911111111111111,2.8,tp
2024-08-09,h062,12:49:00,short,21386.0,21383.0,31.0,2024-08-09 12:49:00,12:48:00,True,20,56,150.0,152.0,4.838709677419355,4.903225806451613,tp
2024-08-09,h062,12:51:00,long,21383.0,21385.0,39.0,2024-08-09 12:51:00,12:50:00,True,12,26,150.0,152.0,3.8461538461538463,3.8974358974358974,sl
2024-08-12,h062,11:14:00,short,21817.0,21810.0,19.0,2024-08-12 11:14:00,11:13:00,False,0,4,182.0,1.0,9.578947368421053,0.05263157894736842,tp
2024-08-12,h062,11:32:00,short,21740.0,21734.0,21.0,2024-08-12 11:32:00,11:31:00,True,21,26,106.0,62.0,5.0476190476190474,2.9523809523809526,sl
2024-08-12,h062,12:54:00,short,21704.0,21693.0,63.0,2024-08-12 12:54:00,12:53:00,True,27,42,65.0,14.0,1.0317460317460319,0.2222222222222222,tp
2024-08-12,h062,12:58:00,short,21657.0,21654.0,32.0,2024-08-12 12:58:00,12:56:00,False,0,4,26.0,53.0,0.8125,1.65625,sl
2024-08-13,h062,10:16:00,long,21723.0,21727.0,38.0,2024-08-13 10:16:00,10:15:00,True,7,19,90.0,65.0,2.3684210526315788,1.7105263157894737,sl
2024-08-13,h062,11:28:00,long,21712.0,21720.0,19.0,2024-08-13 11:28:00,11:27:00,True,6,15,97.0,32.0,5.105263157894737,1.6842105263157894,sl
2024-08-13,h062,12:43:00,long,21794.0,21797.0,31.0,2024-08-13 12:43:00,12:42:00,True,32,52,20.0,54.0,0.6451612903225806,1.7419354838709677,sl
2024-08-14,h062,09:58:00,short,22100.0,22073.0,54.0,2024-08-14 09:58:00,09:40:00,True,16,27,165.0,24.0,3.0555555555555554,0.4444444444444444,tp
2024-08-14,h062,10:05:00,short,22022.0,22007.0,56.0,2024-08-14 10:05:00,10:04:00,True,18,30,99.0,29.0,1.7678571428571428,0.5178571428571429,tp
2024-08-14,h062,10:24:00,short,21927.0,21924.0,64.0,2024-08-14 10:24:00,10:13:00,True,16,22,16.0,101.0,0.25,1.578125,sl
2024-08-14,h062,11:29:00,short,21995.0,21988.0,21.0,2024-08-14 11:29:00,11:22:00,True,5,7,34.0,37.0,1.619047619047619,1.7619047619047619,sl
2024-08-14,h062,11:58:00,short,21983.0,21977.0,17.0,2024-08-14 11:58:00,11:57:00,True,11,13,23.0,38.0,1.3529411764705883,2.235294117647059,sl
2024-08-14,h062,12:41:00,short,21989.0,21987.0,13.0,2024-08-14 12:41:00,12:35:00,False,0,3,33.0,28.0,2.5384615384615383,2.1538461538461537,sl
2024-08-14,h062,12:52:00,short,21993.0,21980.0,18.0,2024-08-14 12:52:00,12:49:00,False,0,3,26.0,35.0,1.4444444444444444,1.9444444444444444,sl
2024-08-14,h062,13:04:00,long,21986.0,21993.0,16.0,2024-08-14 13:04:00,13:00:00,False,4,7,22.0,39.0,1.375,2.4375,tp
2024-08-15,h062,09:27:00,short,21947.0,21932.0,48.0,2024-08-15 09:27:00,09:26:00,True,24,48,96.0,126.0,2.0,2.625,tp
2024-08-15,h062,10:52:00,long,22044.0,22054.0,27.0,2024-08-15 10:52:00,10:48:00,True,37,46,4.0,218.0,0.14814814814814814,8.074074074074074,sl
2024-08-15,h062,11:38:00,long,22024.0,22028.0,14.0,2024-08-15 11:38:00,11:35:00,False,2,5,15.0,192.0,1.0714285714285714,13.714285714285714,tp
2024-08-15,h062,11:45:00,short,21993.0,21990.0,16.0,2024-08-15 11:45:00,11:44:00,False,4,9,154.0,28.0,9.625,1.75,sl
2024-08-15,h062,12:37:00,short,21976.0,21969.0,19.0,2024-08-15 12:37:00,12:36:00,True,5,14,133.0,5.0,7.0,0.2631578947368421,tp
2024-08-16,h062,09:56:00,short,22300.0,22292.0,54.0,2024-08-16 09:56:00,09:50:00,True,30,45,4.0,113.0,0.07407407407407407,2.0925925925925926,sl
2024-08-16,h062,11:04:00,short,22366.0,22357.0,21.0,2024-08-16 11:04:00,11:00:00,False,4,9,19.0,48.0,0.9047619047619048,2.2857142857142856,sl
2024-08-16,h062,11:41:00,short,22379.0,22372.0,16.0,2024-08-16 11:41:00,11:40:00,True,5,5,21.0,33.0,1.3125,2.0625,sl
2024-08-16,h062,13:24:00,short,22358.0,22357.0,20.0,2024-08-16 13:24:00,13:19:00,False,0,2,6.0,20.0,0.3,1.0,sl
2024-08-16,h062,13:26:00,long,22368.0,22369.0,17.0,2024-08-16 13:26:00,13:25:00,True,8,20,7.0,16.0,0.4117647058823529,0.9411764705882353,timeout
2024-08-19,h062,09:47:00,long,22362.0,22368.0,42.0,2024-08-19 09:47:00,09:45:00,True,22,55,153.0,37.0,3.642857142857143,0.8809523809523809,tp
2024-08-19,h062,10:34:00,short,22403.0,22382.0,26.0,2024-08-19 10:34:00,10:33:00,True,6,12,51.0,139.0,1.9615384615384615,5.346153846153846,sl
2024-08-19,h062,10:46:00,long,22449.0,22480.0,21.0,2024-08-19 10:46:00,10:45:00,True,97,125,41.0,149.0,1.9523809523809523,7.095238095238095,sl
2024-08-19,h062,10:50:00,short,22475.0,22465.0,19.0,2024-08-19 10:50:00,10:47:00,True,9,15,134.0,56.0,7.052631578947368,2.9473684210526314,sl
2024-08-19,h062,11:35:00,short,22501.0,22495.0,20.0,2024-08-19 11:35:00,11:33:00,True,6,10,164.0,7.0,8.2,0.35,tp
2024-08-19,h062,11:49:00,short,22444.0,22435.0,20.0,2024-08-19 11:49:00,11:43:00,True,5,15,104.0,16.0,5.2,0.8,tp
2024-08-19,h062,12:04:00,short,22412.0,22382.0,35.0,2024-08-19 12:04:00,11:54:00,True,20,69,51.0,36.0,1.457142857142857,1.0285714285714285,sl
2024-08-19,h062,12:40:00,long,22364.0,22370.0,21.0,2024-08-19 12:40:00,12:39:00,True,10,27,6.0,39.0,0.2857142857142857,1.8571428571428572,sl
2024-08-20,h062,09:18:00,short,22532.0,22524.0,37.0,2024-08-20 09:18:00,09:11:00,True,15,32,135.0,20.0,3.6486486486486487,0.5405405405405406,tp
2024-08-20,h062,10:29:00,long,22488.0,22489.0,24.0,2024-08-20 10:29:00,10:22:00,True,6,15,22.0,100.0,0.9166666666666666,4.166666666666667,sl
2024-08-20,h062,11:26:00,short,22457.0,22446.0,19.0,2024-08-20 11:26:00,11:25:00,True,14,28,57.0,26.0,3.0,1.368421052631579,tp
2024-08-20,h062,12:01:00,short,22415.0,22402.0,22.0,2024-08-20 12:01:00,12:00:00,True,24,50,13.0,70.0,0.5909090909090909,3.1818181818181817,sl
2024-08-20,h062,13:13:00,short,22410.0,22407.0,26.0,2024-08-20 13:13:00,13:10:00,True,10,14,18.0,34.0,0.6923076923076923,1.3076923076923077,sl
2024-08-20,h062,13:25:00,long,22409.0,22414.0,20.0,2024-08-20 13:25:00,13:14:00,True,15,47,27.0,12.0,1.35,0.6,tp
2024-08-21,h062,10:07:00,short,22266.0,22263.0,46.0,2024-08-21 10:07:00,10:00:00,False,4,9,112.0,48.0,2.4347826086956523,1.0434782608695652,sl
2024-08-21,h062,10:56:00,long,22273.0,22276.0,21.0,2024-08-21 10:56:00,10:48:00,True,5,9,3.0,125.0,0.14285714285714285,5.9523809523809526,sl
2024-08-21,h062,11:02:00,short,22211.0,22205.0,41.0,2024-08-21 11:02:00,11:00:00,True,19,31,54.0,49.0,1.3170731707317074,1.1951219512195121,sl
2024-08-21,h062,12:00:00,short,22207.0,22204.0,12.0,2024-08-21 12:00:00,11:51:00,True,7,9,53.0,47.0,4.416666666666667,3.9166666666666665,tp
2024-08-21,h062,12:45:00,short,22187.0,22176.0,14.0,2024-08-21 12:45:00,12:44:00,True,12,22,25.0,28.0,1.7857142857142858,2.0,sl
2024-08-21,h062,13:13:00,long,22198.0,22199.0,31.0,2024-08-21 13:13:00,13:00:00,True,9,22,5.0,3.0,0.16129032258064516,0.0967741935483871,timeout
2024-08-22,h062,10:14:00,short,22103.0,22093.0,39.0,2024-08-22 10:14:00,10:12:00,True,34,46,67.0,44.0,1.7179487179487178,1.1282051282051282,tp
2024-08-22,h062,11:09:00,short,22094.0,22091.0,33.0,2024-08-22 11:09:00,11:02:00,True,8,16,46.0,27.0,1.393939393939394,0.8181818181818182,tp
2024-08-22,h062,12:12:00,short,22100.0,22095.0,16.0,2024-08-22 12:12:00,12:10:00,False,2,6,50.0,23.0,3.125,1.4375,tp
2024-08-22,h062,12:31:00,long,22059.0,22063.0,10.0,2024-08-22 12:31:00,12:29:00,False,2,8,55.0,3.0,5.5,0.3,tp
2024-08-22,h062,13:27:00,long,22097.0,22102.0,19.0,2024-08-22 13:27:00,13:21:00,True,11,23,14.0,22.0,0.7368421052631579,1.1578947368421053,sl
2024-08-23,h062,09:28:00,long,21918.0,21929.0,53.0,2024-08-23 09:28:00,09:26:00,True,23,40,241.0,37.0,4.547169811320755,0.6981132075471698,tp
2024-08-23,h062,10:35:00,long,21922.0,21925.0,20.0,2024-08-23 10:35:00,10:30:00,True,13,24,245.0,7.0,12.25,0.35,tp
2024-08-23,h062,11:42:00,long,22013.0,22019.0,43.0,2024-08-23 11:42:00,11:40:00,True,16,35,151.0,9.0,3.511627906976744,0.20930232558139536,tp
2024-08-23,h062,12:02:00,long,22108.0,22117.0,37.0,2024-08-23 12:02:00,12:01:00,True,14,39,53.0,37.0,1.4324324324324325,1.0,sl
2024-08-23,h062,12:46:00,long,22146.0,22147.0,22.0,2024-08-23 12:46:00,12:45:00,True,18,28,23.0,42.0,1.0454545454545454,1.9090909090909092,tp
2024-08-23,h062,13:19:00,long,22135.0,22141.0,21.0,2024-08-23 13:19:00,13:16:00,True,17,27,5.0,36.0,0.23809523809523808,1.7142857142857142,sl
2024-08-26,h062,10:14:00,long,22374.0,22377.0,36.0,2024-08-26 10:14:00,10:12:00,False,2,6,18.0,246.0,0.5,6.833333333333333,sl
2024-08-26,h062,10:49:00,short,22304.0,22296.0,37.0,2024-08-26 10:49:00,10:41:00,True,40,60,165.0,27.0,4.45945945945946,0.7297297297297297,tp
2024-08-26,h062,11:00:00,long,22286.0,22305.0,30.0,2024-08-26 11:00:00,10:56:00,True,16,46,18.0,174.0,0.6,5.8,sl
2024-08-26,h062,11:45:00,short,22246.0,22237.0,22.0,2024-08-26 11:45:00,11:37:00,True,8,12,106.0,35.0,4.818181818181818,1.5909090909090908,tp
2024-08-26,h062,11:57:00,short,22202.0,22197.0,46.0,2024-08-26 11:57:00,11:49:00,True,7,23,66.0,75.0,1.434782608695652,1.6304347826086956,sl
2024-08-26,h062,13:23:00,short,22157.0,22152.0,32.0,2024-08-26 13:23:00,13:05:00,False,3,6,21.0,70.0,0.65625,2.1875,sl
2024-08-26,h062,13:28:00,long,22158.0,22166.0,22.0,2024-08-26 13:28:00,13:24:00,True,7,16,56.0,3.0,2.5454545454545454,0.13636363636363635,tp
2024-08-27,h062,09:33:00,short,22006.0,22005.0,26.0,2024-08-27 09:33:00,09:32:00,True,12,35,7.0,205.0,0.2692307692307692,7.884615384615385,sl
2024-08-27,h062,09:47:00,long,22084.0,22096.0,43.0,2024-08-27 09:47:00,09:37:00,True,20,28,114.0,84.0,2.6511627906976742,1.9534883720930232,tp
2024-08-27,h062,09:54:00,long,22149.0,22152.0,39.0,2024-08-27 09:54:00,09:53:00,True,24,32,58.0,140.0,1.4871794871794872,3.58974358974359,sl
2024-08-27,h062,11:11:00,short,22047.0,22041.0,9.0,2024-08-27 11:11:00,11:09:00,False,0,4,29.0,169.0,3.2222222222222223,18.77777777777778,tp
2024-08-27,h062,11:15:00,long,22043.0,22045.0,31.0,2024-08-27 11:15:00,11:12:00,True,5,15,165.0,5.0,5.32258064516129,0.16129032258064516,tp
2024-08-27,h062,11:58:00,long,22084.0,22087.0,16.0,2024-08-27 11:58:00,11:47:00,True,7,14,123.0,4.0,7.6875,0.25,tp
2024-08-27,h062,12:13:00,long,22106.0,22108.0,17.0,2024-08-27 12:13:00,12:10:00,True,17,32,102.0,16.0,6.0,0.9411764705882353,tp
2024-08-27,h062,12:36:00,short,22131.0,22129.0,21.0,2024-08-27 12:36:00,12:30:00,False,3,7,15.0,81.0,0.7142857142857143,3.857142857142857,sl
2024-08-27,h062,13:18:00,short,22184.0,22181.0,26.0,2024-08-27 13:18:00,13:11:00,True,5,12,42.0,0.0,1.6153846153846154,0.0,tp
2024-08-28,h062,10:04:00,short,22081.0,22056.0,25.0,2024-08-28 10:04:00,10:01:00,True,45,63,8.0,358.0,0.32,14.32,sl
2024-08-28,h062,10:44:00,long,22153.0,22155.0,19.0,2024-08-28 10:44:00,10:41:00,True,6,9,259.0,19.0,13.631578947368421,1.0,sl
2024-08-28,h062,11:23:00,long,22188.0,22190.0,40.0,2024-08-28 11:23:00,11:11:00,True,33,40,224.0,26.0,5.6,0.65,tp
2024-08-28,h062,11:39:00,short,22185.0,22183.0,35.0,2024-08-28 11:39:00,11:37:00,True,5,11,0.0,231.0,0.0,6.6,sl
2024-08-28,h062,11:47:00,long,22246.0,22252.0,32.0,2024-08-28 11:47:00,11:45:00,True,23,45,162.0,13.0,5.0625,0.40625,tp
2024-08-28,h062,12:11:00,short,22287.0,22286.0,19.0,2024-08-28 12:11:00,12:10:00,True,8,15,4.0,128.0,0.21052631578947367,6.7368421052631575,sl
2024-08-28,h062,13:01:00,short,22349.0,22342.0,21.0,2024-08-28 13:01:00,12:57:00,True,7,13,9.0,72.0,0.42857142857142855,3.4285714285714284,sl
2024-08-29,h062,10:27:00,long,22100.0,22101.0,23.0,2024-08-29 10:27:00,10:25:00,True,10,12,144.0,21.0,6.260869565217392,0.9130434782608695,tp
2024-08-29,h062,11:44:00,short,22133.0,22128.0,17.0,2024-08-29 11:44:00,11:40:00,False,4,7,15.0,117.0,0.8823529411764706,6.882352941176471,sl
2024-08-29,h062,12:10:00,short,22161.0,22159.0,23.0,2024-08-29 12:10:00,12:00:00,False,0,3,7.0,86.0,0.30434782608695654,3.739130434782609,sl
2024-08-29,h062,12:28:00,long,22209.0,22219.0,18.0,2024-08-29 12:28:00,12:21:00,True,8,23,26.0,67.0,1.4444444444444444,3.7222222222222223,sl
2024-08-29,h062,12:46:00,short,22178.0,22177.0,24.0,2024-08-29 12:46:00,12:45:00,False,3,5,25.0,68.0,1.0416666666666667,2.8333333333333335,sl
2024-08-30,h062,10:12:00,long,22237.0,22246.0,19.0,2024-08-30 10:12:00,10:11:00,True,7,14,120.0,33.0,6.315789473684211,1.736842105263158,sl
2024-08-30,h062,10:53:00,short,22291.0,22285.0,17.0,2024-08-30 10:53:00,10:50:00,True,6,10,33.0,81.0,1.9411764705882353,4.764705882352941,sl
2024-08-30,h062,11:06:00,short,22297.0,22290.0,22.0,2024-08-30 11:06:00,11:00:00,True,12,17,38.0,76.0,1.7272727272727273,3.4545454545454546,tp
2024-08-30,h062,11:59:00,long,22315.0,22316.0,12.0,2024-08-30 11:59:00,11:58:00,True,7,17,50.0,35.0,4.166666666666667,2.9166666666666665,sl
2024-08-30,h062,12:13:00,short,22325.0,22310.0,21.0,2024-08-30 12:13:00,12:11:00,True,9,21,29.0,56.0,1.380952380952381,2.6666666666666665,sl
2024-08-30,h062,12:53:00,short,22344.0,22340.0,22.0,2024-08-30 12:53:00,12:51:00,False,3,6,59.0,16.0,2.6818181818181817,0.7272727272727273,tp
2024-08-30,h062,13:14:00,short,22315.0,22314.0,11.0,2024-08-30 13:14:00,13:13:00,True,6,18,33.0,16.0,3.0,1.4545454545454546,sl
2024-09-02,h062,09:43:00,short,22328.0,22318.0,32.0,2024-09-02 09:43:00,09:35:00,True,10,19,146.0,22.0,4.5625,0.6875,tp
2024-09-02,h062,10:01:00,short,22251.0,22235.0,61.0,2024-09-02 10:01:00,10:00:00,True,29,70,63.0,44.0,1.0327868852459017,0.7213114754098361,tp
2024-09-02,h062,11:31:00,long,22228.0,22230.0,22.0,2024-09-02 11:31:00,11:30:00,True,5,12,13.0,58.0,0.5909090909090909,2.6363636363636362,sl
2024-09-02,h062,11:40:00,long,22201.0,22209.0,19.0,2024-09-02 11:40:00,11:39:00,True,6,18,34.0,37.0,1.7894736842105263,1.9473684210526316,sl
2024-09-02,h062,12:15:00,short,22189.0,22187.0,31.0,2024-09-02 12:15:00,12:10:00,True,9,15,15.0,56.0,0.4838709677419355,1.8064516129032258,sl
2024-09-02,h062,12:50:00,long,22196.0,22198.0,11.0,2024-09-02 12:50:00,12:45:00,True,5,5,45.0,26.0,4.090909090909091,2.3636363636363638,tp
2024-09-02,h062,13:14:00,short,22190.0,22189.0,20.0,2024-09-02 13:14:00,13:10:00,False,0,3,17.0,54.0,0.85,2.7,sl
2024-09-02,h062,13:19:00,long,22187.0,22190.0,14.0,2024-09-02 13:19:00,13:16:00,False,4,7,53.0,5.0,3.7857142857142856,0.35714285714285715,tp
2024-09-03,h062,09:39:00,short,22249.0,22247.0,34.0,2024-09-03 09:39:00,09:26:00,False,4,6,247.0,67.0,7.264705882352941,1.9705882352941178,sl
2024-09-03,h062,10:47:00,short,22150.0,22142.0,46.0,2024-09-03 10:47:00,10:40:00,False,4,9,142.0,27.0,3.0869565217391304,0.5869565217391305,tp
2024-09-03,h062,11:18:00,long,22083.0,22092.0,28.0,2024-09-03 11:18:00,11:15:00,True,8,19,42.0,92.0,1.5,3.2857142857142856,tp
2024-09-03,h062,12:53:00,short,22097.0,22096.0,19.0,2024-09-03 12:53:00,12:52:00,True,6,7,96.0,34.0,5.052631578947368,1.7894736842105263,sl
2024-09-03,h062,13:26:00,short,22094.0,22092.0,15.0,2024-09-03 13:26:00,13:25:00,True,6,9,92.0,6.0,6.133333333333334,0.4,tp
2024-09-04,h062,11:27:00,short,21148.0,21142.0,37.0,2024-09-04 11:27:00,11:23:00,True,6,12,212.0,93.0,5.72972972972973,2.5135135135135136,sl
2024-09-04,h062,12:50:00,short,21122.0,21117.0,17.0,2024-09-04 12:50:00,12:49:00,True,10,23,187.0,17.0,11.0,1.0,sl
2024-09-05,h062,10:10:00,short,21330.0,21323.0,22.0,2024-09-05 10:10:00,10:09:00,True,15,31,267.0,64.0,12.136363636363637,2.909090909090909,tp
2024-09-05,h062,11:18:00,long,21330.0,21331.0,21.0,2024-09-05 11:18:00,11:09:00,False,3,5,13.0,275.0,0.6190476190476191,13.095238095238095,sl
2024-09-05,h062,11:58:00,short,21260.0,21258.0,24.0,2024-09-05 11:58:00,11:55:00,True,11,13,202.0,10.0,8.416666666666666,0.4166666666666667,tp
2024-09-05,h062,12:01:00,short,21240.0,21238.0,18.0,2024-09-05 12:01:00,11:59:00,True,14,16,182.0,30.0,10.11111111111111,1.6666666666666667,sl
2024-09-05,h062,12:37:00,short,21194.0,21184.0,18.0,2024-09-05 12:37:00,12:30:00,True,5,11,128.0,7.0,7.111111111111111,0.3888888888888889,tp
2024-09-05,h062,12:56:00,long,21154.0,21174.0,38.0,2024-09-05 12:56:00,12:45:00,True,13,31,17.0,118.0,0.4473684210526316,3.1052631578947367,sl
2024-09-06,h062,11:01:00,long,21370.0,21373.0,39.0,2024-09-06 11:01:00,11:00:00,True,7,24,26.0,67.0,0.6666666666666666,1.7179487179487178,sl
2024-09-06,h062,12:24:00,long,21378.0,21385.0,20.0,2024-09-06 12:24:00,12:23:00,True,11,26,14.0,79.0,0.7,3.95,sl
2024-09-09,h062,12:10:00,long,21004.0,21055.0,17.0,2024-09-09 12:10:00,12:09:00,True,57,133,70.0,45.0,4.117647058823529,2.6470588235294117,tp
2024-09-09,h062,12:51:00,long,21098.0,21100.0,33.0,2024-09-09 12:51:00,12:47:00,True,17,31,25.0,38.0,0.7575757575757576,1.1515151515151516,sl
2024-09-10,h062,09:48:00,short,21082.0,21077.0,31.0,2024-09-10 09:48:00,09:43:00,True,10,28,172.0,117.0,5.548387096774194,3.774193548387097,sl
2024-09-10,h062,10:48:00,short,21160.0,21149.0,23.0,2024-09-10 10:48:00,10:45:00,True,6,17,244.0,45.0,10.608695652173912,1.9565217391304348,sl
2024-09-10,h062,12:05:00,short,21120.0,21117.0,19.0,2024-09-10 12:05:00,12:04:00,True,6,10,212.0,-1.0,11.157894736842104,-0.05263157894736842,tp
2024-09-10,h062,12:29:00,short,21006.0,21005.0,29.0,2024-09-10 12:29:00,12:27:00,True,8,22,100.0,110.0,3.4482758620689653,3.793103448275862,tp
2024-09-10,h062,12:31:00,short,20988.0,20967.0,19.0,2024-09-10 12:31:00,12:30:00,True,7,19,62.0,148.0,3.263157894736842,7.7894736842105265,tp
2024-09-10,h062,12:33:00,short,20956.0,20954.0,18.0,2024-09-10 12:33:00,12:32:00,True,9,16,49.0,161.0,2.7222222222222223,8.944444444444445,sl
2024-09-11,h062,09:51:00,short,21086.0,21078.0,33.0,2024-09-11 09:51:00,09:43:00,True,5,10,128.0,48.0,3.878787878787879,1.4545454545454546,tp
2024-09-11,h062,10:50:00,short,21086.0,21082.0,30.0,2024-09-11 10:50:00,10:41:00,False,0,3,132.0,24.0,4.4,0.8,tp
2024-09-11,h062,11:14:00,short,21058.0,21050.0,37.0,2024-09-11 11:14:00,11:03:00,True,6,12,100.0,16.0,2.7027027027027026,0.43243243243243246,tp
2024-09-11,h062,11:48:00,long,21023.0,21028.0,27.0,2024-09-11 11:48:00,11:32:00,True,6,13,38.0,78.0,1.4074074074074074,2.888888888888889,sl
2024-09-11,h062,12:44:00,long,21052.0,21054.0,25.0,2024-09-11 12:44:00,12:29:00,True,6,11,12.0,104.0,0.48,4.16,sl
2024-09-11,h062,13:03:00,short,21049.0,21045.0,17.0,2024-09-11 13:03:00,13:02:00,False,4,8,95.0,19.0,5.588235294117647,1.1176470588235294,sl
2024-09-12,h062,09:37:00,long,21559.0,21595.0,72.0,2024-09-12 09:37:00,09:32:00,True,43,73,185.0,3.0,2.5694444444444446,0.041666666666666664,tp
2024-09-12,h062,10:21:00,long,21688.0,21692.0,68.0,2024-09-12 10:21:00,09:44:00,True,26,46,88.0,48.0,1.2941176470588236,0.7058823529411765,tp
2024-09-12,h062,10:46:00,long,21769.0,21776.0,23.0,2024-09-12 10:46:00,10:45:00,True,18,46,1.0,132.0,0.043478260869565216,5.739130434782608,sl
2024-09-12,h062,11:36:00,long,21712.0,21721.0,17.0,2024-09-12 11:36:00,11:31:00,True,6,11,15.0,77.0,0.8823529411764706,4.529411764705882,sl
2024-09-12,h062,12:17:00,long,21684.0,21687.0,13.0,2024-09-12 12:17:00,12:16:00,False,0,3,49.0,43.0,3.769230769230769,3.3076923076923075,sl
2024-09-12,h062,12:25:00,long,21678.0,21686.0,18.0,2024-09-12 12:25:00,12:21:00,True,7,12,50.0,42.0,2.7777777777777777,2.3333333333333335,tp
2024-09-12,h062,12:37:00,long,21724.0,21733.0,23.0,2024-09-12 12:37:00,12:35:00,True,8,21,3.0,89.0,0.13043478260869565,3.869565217391304,sl
2024-09-12,h062,13:20:00,long,21677.0,21681.0,33.0,2024-09-12 13:20:00,13:16:00,True,5,12,31.0,25.0,0.9393939393939394,0.7575757575757576,timeout
2024-09-12,h062,13:25:00,long,21677.0,21681.0,21.0,2024-09-12 13:25:00,13:24:00,True,10,22,31.0,15.0,1.4761904761904763,0.7142857142857143,tp
2024-09-13,h062,10:42:00,short,21672.0,21667.0,26.0,2024-09-13 10:42:00,10:41:00,True,6,11,10.0,166.0,0.38461538461538464,6.384615384615385,sl
2024-09-13,h062,11:42:00,long,21738.0,21739.0,20.0,2024-09-13 11:42:00,11:35:00,False,0,1,94.0,23.0,4.7,1.15,sl
2024-09-13,h062,12:02:00,long,21745.0,21751.0,10.0,2024-09-13 12:02:00,12:00:00,True,9,12,82.0,28.0,8.2,2.8,sl
2024-09-13,h062,12:32:00,short,21753.0,21749.0,10.0,2024-09-13 12:32:00,12:30:00,False,3,8,5.0,84.0,0.5,8.4,sl
2024-09-13,h062,12:51:00,short,21772.0,21769.0,17.0,2024-09-13 12:51:00,12:44:00,True,10,18,13.0,64.0,0.7647058823529411,3.764705882352941,sl
2024-09-16,h062,10:05:00,short,21774.0,21769.0,20.0,2024-09-16 10:05:00,10:00:00,True,10,15,34.0,102.0,1.7,5.1,sl
2024-09-16,h062,10:55:00,short,21755.0,21749.0,12.0,2024-09-16 10:55:00,10:52:00,True,45,74,9.0,122.0,0.75,10.166666666666666,sl
2024-09-16,h062,12:02:00,long,21833.0,21834.0,27.0,2024-09-16 12:02:00,11:33:00,True,9,11,37.0,23.0,1.3703703703703705,0.8518518518518519,tp
2024-09-16,h062,12:08:00,long,21841.0,21855.0,15.0,2024-09-16 12:08:00,12:05:00,True,50,66,16.0,44.0,1.0666666666666667,2.933333333333333,tp
2024-09-18,h062,09:46:00,long,21815.0,21818.0,41.0,2024-09-18 09:46:00,09:45:00,True,25,40,54.0,258.0,1.3170731707317074,6.2926829268292686,tp
2024-09-18,h062,10:34:00,short,21844.0,21835.0,28.0,2024-09-18 10:34:00,10:31:00,False,2,5,275.0,11.0,9.821428571428571,0.39285714285714285,tp
2024-09-18,h062,11:10:00,short,21791.0,21789.0,11.0,2024-09-18 11:10:00,11:09:00,True,9,13,229.0,1.0,20.818181818181817,0.09090909090909091,tp
2024-09-18,h062,11:12:00,short,21776.0,21775.0,14.0,2024-09-18 11:12:00,11:11:00,True,9,20,215.0,0.0,15.357142857142858,0.0,tp
2024-09-18,h062,11:19:00,short,21760.0,21756.0,15.0,2024-09-18 11:19:00,11:13:00,True,7,10,196.0,14.0,13.066666666666666,0.9333333333333333,tp
2024-09-18,h062,11:35:00,short,21745.0,21744.0,12.0,2024-09-18 11:35:00,11:33:00,True,5,13,184.0,20.0,15.333333333333334,1.6666666666666667,tp
2024-09-18,h062,11:39:00,long,21732.0,21736.0,21.0,2024-09-18 11:39:00,11:37:00,False,4,9,28.0,176.0,1.3333333333333333,8.380952380952381,tp
2024-09-18,h062,12:00:00,short,21706.0,21703.0,14.0,2024-09-18 12:00:00,11:58:00,True,17,24,143.0,16.0,10.214285714285714,1.1428571428571428,sl
2024-09-18,h062,12:12:00,short,21683.0,21671.0,18.0,2024-09-18 12:12:00,12:06:00,True,9,15,111.0,42.0,6.166666666666667,2.3333333333333335,sl
2024-09-18,h062,12:48:00,short,21625.0,21624.0,36.0,2024-09-18 12:48:00,12:43:00,True,10,17,64.0,10.0,1.7777777777777777,0.2777777777777778,tp
2024-09-18,h062,12:56:00,long,21612.0,21614.0,22.0,2024-09-18 12:56:00,12:54:00,True,13,25,13.0,54.0,0.5909090909090909,2.4545454545454546,sl
2024-09-18,h062,13:04:00,long,21603.0,21604.0,43.0,2024-09-18 13:04:00,13:00:00,True,19,48,23.0,3.0,0.5348837209302325,0.06976744186046512,timeout
2024-09-19,h062,09:59:00,long,21756.0,21765.0,20.0,2024-09-19 09:59:00,09:58:00,True,15,37,317.0,2.0,15.85,0.1,tp
2024-09-19,h062,10:01:00,long,21797.0,21807.0,34.0,2024-09-19 10:01:00,10:00:00,True,31,64,275.0,39.0,8.088235294117647,1.1470588235294117,sl
2024-09-19,h062,10:20:00,long,21906.0,21909.0,46.0,2024-09-19 10:20:00,10:15:00,True,11,30,173.0,28.0,3.760869565217391,0.6086956521739131,tp
2024-09-19,h062,10:45:00,long,21977.0,21990.0,30.0,2024-09-19 10:45:00,10:44:00,True,54,82,92.0,62.0,3.066666666666667,2.066666666666667,sl
2024-09-19,h062,11:59:00,long,22020.0,22037.0,30.0,2024-09-19 11:59:00,11:50:00,True,17,33,45.0,40.0,1.5,1.3333333333333333,sl
2024-09-19,h062,12:50:00,long,22025.0,22026.0,19.0,2024-09-19 12:50:00,12:45:00,True,12,15,56.0,1.0,2.9473684210526314,0.05263157894736842,tp
2024-09-19,h062,13:01:00,long,22057.0,22058.0,19.0,2024-09-19 13:01:00,12:56:00,True,7,21,24.0,30.0,1.263157894736842,1.5789473684210527,tp
2024-09-19,h062,13:28:00,long,22048.0,22055.0,20.0,2024-09-19 13:28:00,13:25:00,True,10,30,27.0,11.0,1.35,0.55,tp
2024-09-20,h062,09:58:00,long,22307.0,22314.0,27.0,2024-09-20 09:58:00,09:57:00,True,7,22,32.0,128.0,1.1851851851851851,4.7407407407407405,tp
2024-09-20,h062,11:38:00,long,22283.0,22290.0,20.0,2024-09-20 11:38:00,11:31:00,True,15,29,30.0,104.0,1.5,5.2,sl
2024-09-20,h062,12:31:00,long,22294.0,22300.0,12.0,2024-09-20 12:31:00,12:30:00,True,32,52,20.0,114.0,1.6666666666666667,9.5,tp
2024-09-20,h062,13:25:00,short,22204.0,22201.0,19.0,2024-09-20 13:25:00,13:23:00,True,26,59,13.0,21.0,0.6842105263157895,1.105263157894737,sl
2024-09-23,h062,09:29:00,long,22350.0,22356.0,27.0,2024-09-23 09:29:00,09:26:00,True,9,22,36.0,98.0,1.3333333333333333,3.6296296296296298,tp
2024-09-23,h062,10:43:00,short,22315.0,22314.0,23.0,2024-09-23 10:43:00,10:41:00,False,4,8,12.0,47.0,0.5217391304347826,2.0434782608695654,sl
2024-09-23,h062,11:19:00,short,22334.0,22333.0,19.0,2024-09-23 11:19:00,11:16:00,False,0,3,31.0,28.0,1.631578947368421,1.4736842105263157,tp
2024-09-23,h062,11:50:00,short,22327.0,22324.0,17.0,2024-09-23 11:50:00,11:45:00,False,0,2,22.0,37.0,1.2941176470588236,2.176470588235294,sl
2024-09-23,h062,12:23:00,short,22343.0,22336.0,12.0,2024-09-23 12:23:00,12:22:00,False,0,0,34.0,25.0,2.8333333333333335,2.0833333333333335,tp
2024-09-23,h062,13:02:00,short,22321.0,22316.0,18.0,2024-09-23 13:02:00,13:00:00,True,5,7,14.0,45.0,0.7777777777777778,2.5,sl
2024-09-23,h062,13:23:00,short,22311.0,22310.0,15.0,2024-09-23 13:23:00,13:18:00,False,4,5,4.0,51.0,0.26666666666666666,3.4,sl
2024-09-24,h062,09:32:00,short,22268.0,22264.0,29.0,2024-09-24 09:32:00,09:30:00,True,13,20,112.0,244.0,3.8620689655172415,8.413793103448276,sl
2024-09-24,h062,10:00:00,short,22213.0,22206.0,45.0,2024-09-24 10:00:00,09:49:00,True,40,54,54.0,302.0,1.2,6.711111111111111,tp
2024-09-24,h062,10:47:00,long,22238.0,22245.0,20.0,2024-09-24 10:47:00,10:38:00,True,13,22,263.0,19.0,13.15,0.95,tp
2024-09-24,h062,10:58:00,long,22257.0,22259.0,21.0,2024-09-24 10:58:00,10:56:00,True,56,69,249.0,-2.0,11.857142857142858,-0.09523809523809523,tp
2024-09-24,h062,11:50:00,short,22326.0,22325.0,11.0,2024-09-24 11:50:00,11:44:00,False,3,6,20.0,183.0,1.8181818181818181,16.636363636363637,tp
2024-09-24,h062,12:15:00,short,22341.0,22338.0,12.0,2024-09-24 12:15:00,12:13:00,False,4,9,20.0,170.0,1.6666666666666667,14.166666666666666,tp
2024-09-24,h062,12:30:00,long,22382.0,22387.0,34.0,2024-09-24 12:30:00,12:29:00,True,33,57,121.0,30.0,3.5588235294117645,0.8823529411764706,tp
2024-09-24,h062,13:04:00,long,22400.0,22421.0,15.0,2024-09-24 13:04:00,13:00:00,True,34,72,87.0,2.0,5.8,0.13333333333333333,tp
2024-09-24,h062,13:08:00,long,22445.0,22452.0,26.0,2024-09-24 13:08:00,13:05:00,True,9,16,56.0,1.0,2.1538461538461537,0.038461538461538464,tp
2024-09-25,h062,10:31:00,short,22755.0,22752.0,16.0,2024-09-25 10:31:00,10:25:00,False,3,5,13.0,108.0,0.8125,6.75,sl
2024-09-25,h062,11:22:00,long,22805.0,22806.0,20.0,2024-09-25 11:22:00,11:21:00,True,10,25,54.0,36.0,2.7,1.8,sl
2024-09-25,h062,12:22:00,long,22778.0,22781.0,7.0,2024-09-25 12:22:00,12:19:00,False,0,3,79.0,3.0,11.285714285714286,0.42857142857142855,tp
2024-09-25,h062,12:49:00,long,22806.0,22808.0,19.0,2024-09-25 12:49:00,12:24:00,True,7,17,52.0,23.0,2.736842105263158,1.2105263157894737,tp
2024-09-25,h062,13:11:00,long,22839.0,22846.0,13.0,2024-09-25 13:11:00,13:10:00,True,23,52,14.0,61.0,1.0769230769230769,4.6923076923076925,tp
2024-09-26,h062,10:05:00,short,23050.0,23038.0,28.0,2024-09-26 10:05:00,10:01:00,True,7,23,146.0,19.0,5.214285714285714,0.6785714285714286,tp
2024-09-26,h062,10:50:00,long,22950.0,22956.0,20.0,2024-09-26 10:50:00,10:49:00,True,20,31,38.0,64.0,1.9,3.2,sl
2024-09-26,h062,11:25:00,long,22977.0,22979.0,15.0,2024-09-26 11:25:00,11:24:00,True,11,22,15.0,87.0,1.0,5.8,sl
2024-09-26,h062,11:55:00,short,22969.0,22968.0,16.0,2024-09-26 11:55:00,11:46:00,False,4,5,76.0,26.0,4.75,1.625,sl
2024-09-26,h062,12:43:00,long,22957.0,22963.0,23.0,2024-09-26 12:43:00,12:40:00,True,9,16,2.0,71.0,0.08695652173913043,3.0869565217391304,sl
2024-09-26,h062,12:55:00,short,22919.0,22908.0,19.0,2024-09-26 12:55:00,12:54:00,True,13,21,16.0,57.0,0.8421052631578947,3.0,sl
2024-09-27,h062,09:59:00,short,23088.0,23080.0,15.0,2024-09-27 09:59:00,09:58:00,True,12,27,202.0,72.0,13.466666666666667,4.8,sl
2024-09-27,h062,10:37:00,long,23053.0,23062.0,26.0,2024-09-27 10:37:00,10:34:00,True,11,29,26.0,184.0,1.0,7.076923076923077,tp
2024-09-27,h062,12:03:00,long,22935.0,22938.0,20.0,2024-09-27 12:03:00,11:58:00,True,7,15,114.0,60.0,5.7,3.0,tp
2024-09-27,h062,12:40:00,long,23017.0,23018.0,19.0,2024-09-27 12:40:00,12:31:00,True,5,11,34.0,140.0,1.7894736842105263,7.368421052631579,tp
2024-09-30,h062,09:50:00,short,22619.0,22615.0,26.0,2024-09-30 09:50:00,09:48:00,True,15,27,299.0,32.0,11.5,1.2307692307692308,sl
2024-09-30,h062,10:01:00,short,22583.0,22566.0,49.0,2024-09-30 10:01:00,10:00:00,True,9,26,250.0,27.0,5.1020408163265305,0.5510204081632653,tp
2024-09-30,h062,11:58:00,long,22572.0,22574.0,27.0,2024-09-30 11:58:00,11:57:00,True,14,26,19.0,258.0,0.7037037037037037,9.555555555555555,sl
2024-09-30,h062,12:04:00,short,22566.0,22562.0,27.0,2024-09-30 12:04:00,12:02:00,True,7,11,246.0,11.0,9.11111111111111,0.4074074074074074,tp
2024-09-30,h062,12:49:00,short,22441.0,22440.0,17.0,2024-09-30 12:49:00,12:47:00,False,3,6,124.0,20.0,7.294117647058823,1.1764705882352942,sl
2024-09-30,h062,13:26:00,short,22380.0,22367.0,45.0,2024-09-30 13:26:00,13:25:00,True,17,37,51.0,8.0,1.1333333333333333,0.17777777777777778,tp
2024-10-01,h062,09:54:00,long,22457.0,22461.0,68.0,2024-10-01 09:54:00,09:28:00,True,24,45,2.0,138.0,0.029411764705882353,2.0294117647058822,sl
2024-10-01,h062,10:23:00,short,22334.0,22330.0,34.0,2024-10-01 10:23:00,10:21:00,True,6,12,7.0,102.0,0.20588235294117646,3.0,sl
2024-10-01,h062,12:36:00,short,22373.0,22369.0,21.0,2024-10-01 12:36:00,12:34:00,True,5,9,7.0,44.0,0.3333333333333333,2.0952380952380953,sl
2024-10-01,h062,13:26:00,short,22387.0,22380.0,18.0,2024-10-01 13:26:00,13:25:00,False,4,11,10.0,26.0,0.5555555555555556,1.4444444444444444,sl
2024-10-04,h062,10:05:00,short,22337.0,22312.0,46.0,2024-10-04 10:05:00,10:01:00,True,9,28,62.0,135.0,1.3478260869565217,2.9347826086956523,sl
2024-10-04,h062,10:48:00,short,22404.0,22401.0,40.0,2024-10-04 10:48:00,10:37:00,False,4,13,151.0,13.0,3.775,0.325,tp
2024-10-04,h062,11:38:00,long,22343.0,22344.0,22.0,2024-10-04 11:38:00,11:35:00,True,6,14,55.0,94.0,2.5,4.2727272727272725,sl
2024-10-04,h062,12:19:00,long,22355.0,22360.0,23.0,2024-10-04 12:19:00,12:17:00,True,7,15,39.0,110.0,1.6956521739130435,4.782608695652174,tp
2024-10-04,h062,12:50:00,short,22286.0,22274.0,27.0,2024-10-04 12:50:00,12:49:00,True,24,38,24.0,50.0,0.8888888888888888,1.8518518518518519,sl
2024-10-07,h062,09:51:00,short,22653.0,22643.0,69.0,2024-10-07 09:51:00,09:46:00,True,7,22,57.0,146.0,0.8260869565217391,2.1159420289855073,sl
2024-10-07,h062,11:47:00,short,22693.0,22691.0,15.0,2024-10-07 11:47:00,11:45:00,False,0,4,20.0,98.0,1.3333333333333333,6.533333333333333,tp
2024-10-07,h062,12:21:00,long,22730.0,22735.0,25.0,2024-10-07 12:21:00,12:18:00,True,18,23,54.0,17.0,2.16,0.68,tp
2024-10-07,h062,12:37:00,long,22762.0,22763.0,23.0,2024-10-07 12:37:00,12:30:00,True,19,28,26.0,33.0,1.1304347826086956,1.434782608695652,sl
2024-10-07,h062,12:49:00,short,22764.0,22762.0,16.0,2024-10-07 12:49:00,12:43:00,False,3,5,32.0,27.0,2.0,1.6875,tp
2024-10-07,h062,13:26:00,long,22781.0,22783.0,18.0,2024-10-07 13:26:00,13:25:00,True,7,20,6.0,53.0,0.3333333333333333,2.9444444444444446,sl
2024-10-08,h062,10:01:00,short,22480.0,22476.0,69.0,2024-10-08 10:01:00,09:33:00,True,21,28,84.0,158.0,1.2173913043478262,2.289855072463768,tp
2024-10-08,h062,10:17:00,long,22442.0,22443.0,36.0,2024-10-08 10:17:00,10:15:00,True,10,23,191.0,51.0,5.305555555555555,1.4166666666666667,tp
2024-10-08,h062,10:37:00,long,22430.0,22438.0,31.0,2024-10-08 10:37:00,10:35:00,True,10,20,196.0,46.0,6.32258064516129,1.4838709677419355,sl
2024-10-08,h062,11:08:00,long,22550.0,22558.0,28.0,2024-10-08 11:08:00,11:07:00,True,57,68,76.0,44.0,2.7142857142857144,1.5714285714285714,sl
2024-10-08,h062,12:54:00,long,22588.0,22598.0,21.0,2024-10-08 12:54:00,12:45:00,True,43,56,36.0,42.0,1.7142857142857142,2.0,tp
2024-10-08,h062,13:07:00,short,22600.0,22599.0,34.0,2024-10-08 13:07:00,12:55:00,False,4,12,43.0,18.0,1.2647058823529411,0.5294117647058824,tp
2024-10-08,h062,13:24:00,short,22559.0,22557.0,24.0,2024-10-08 13:24:00,13:23:00,False,4,11,-1.0,53.0,-0.041666666666666664,2.2083333333333335,sl
2024-10-09,h062,10:00:00,short,22838.0,22823.0,50.0,2024-10-09 10:00:00,09:54:00,True,7,21,157.0,5.0,3.14,0.1,tp
2024-10-09,h062,10:03:00,short,22775.0,22760.0,35.0,2024-10-09 10:03:00,10:02:00,True,13,35,94.0,46.0,2.6857142857142855,1.3142857142857143,tp
2024-10-09,h062,10:20:00,long,22758.0,22765.0,54.0,2024-10-09 10:20:00,10:05:00,True,20,42,41.0,99.0,0.7592592592592593,1.8333333333333333,sl
2024-10-09,h062,10:35:00,short,22698.0,22692.0,35.0,2024-10-09 10:35:00,10:34:00,True,10,22,26.0,114.0,0.7428571428571429,3.257142857142857,sl
2024-10-09,h062,11:33:00,short,22741.0,22735.0,14.0,2024-10-09 11:33:00,11:30:00,False,3,6,69.0,71.0,4.928571428571429,5.071428571428571,tp
2024-10-09,h062,12:56:00,long,22727.0,22729.0,17.0,2024-10-09 12:56:00,12:52:00,True,6,13,33.0,63.0,1.9411764705882353,3.7058823529411766,tp
2024-10-09,h062,13:05:00,short,22741.0,22733.0,21.0,2024-10-09 13:05:00,13:01:00,False,2,5,67.0,19.0,3.1904761904761907,0.9047619047619048,tp
2024-10-09,h062,13:27:00,short,22705.0,22692.0,20.0,2024-10-09 13:27:00,13:19:00,False,3,8,26.0,11.0,1.3,0.55,tp
2024-10-11,h062,09:12:00,long,22911.0,22928.0,46.0,2024-10-11 09:12:00,09:11:00,True,42,75,119.0,72.0,2.5869565217391304,1.565217391304348,tp
2024-10-11,h062,10:25:00,short,23006.0,23002.0,41.0,2024-10-11 10:25:00,10:23:00,True,11,20,146.0,45.0,3.5609756097560976,1.0975609756097562,sl
2024-10-11,h062,11:15:00,short,22990.0,22973.0,17.0,2024-10-11 11:15:00,11:07:00,True,25,47,117.0,42.0,6.882352941176471,2.4705882352941178,sl
2024-10-11,h062,11:47:00,long,22995.0,23007.0,13.0,2024-10-11 11:47:00,11:39:00,True,14,19,8.0,151.0,0.6153846153846154,11.615384615384615,sl
2024-10-11,h062,12:24:00,short,22950.0,22946.0,29.0,2024-10-11 12:24:00,12:04:00,False,4,7,90.0,22.0,3.103448275862069,0.7586206896551724,tp
2024-10-11,h062,12:55:00,long,22888.0,22894.0,21.0,2024-10-11 12:55:00,12:53:00,True,5,9,42.0,38.0,2.0,1.8095238095238095,sl
2024-10-14,h062,10:13:00,long,22986.0,22988.0,48.0,2024-10-14 10:13:00,10:12:00,True,20,43,61.0,82.0,1.2708333333333333,1.7083333333333333,sl
2024-10-14,h062,11:00:00,short,22949.0,22942.0,42.0,2024-10-14 11:00:00,10:55:00,True,6,17,36.0,107.0,0.8571428571428571,2.5476190476190474,sl
2024-10-14,h062,11:34:00,long,22987.0,22990.0,21.0,2024-10-14 11:34:00,11:29:00,True,5,14,59.0,2.0,2.8095238095238093,0.09523809523809523,tp
2024-10-14,h062,11:47:00,long,23021.0,23031.0,17.0,2024-10-14 11:47:00,11:38:00,True,25,30,18.0,43.0,1.0588235294117647,2.5294117647058822,sl
2024-10-15,h062,09:33:00,long,23222.0,23225.0,38.0,2024-10-15 09:33:00,09:32:00,True,23,50,161.0,14.0,4.2368421052631575,0.3684210526315789,tp
2024-10-15,h062,09:47:00,long,23285.0,23289.0,40.0,2024-10-15 09:47:00,09:45:00,True,13,32,97.0,66.0,2.425,1.65,tp
2024-10-15,h062,11:03:00,short,23369.0,23358.0,17.0,2024-10-15 11:03:00,11:01:00,True,7,11,135.0,9.0,7.9411764705882355,0.5294117647058824,tp
2024-10-15,h062,11:10:00,short,23329.0,23321.0,32.0,2024-10-15 11:10:00,11:04:00,True,13,22,98.0,46.0,3.0625,1.4375,sl
2024-10-15,h062,12:01:00,short,23346.0,23342.0,21.0,2024-10-15 12:01:00,11:49:00,True,5,8,119.0,21.0,5.666666666666667,1.0,sl
2024-10-15,h062,13:15:00,long,23316.0,23324.0,15.0,2024-10-15 13:15:00,13:12:00,True,7,19,18.0,101.0,1.2,6.733333333333333,sl
2024-10-16,h062,10:38:00,long,23095.0,23099.0,31.0,2024-10-16 10:38:00,10:34:00,True,9,21,161.0,64.0,5.193548387096774,2.064516129032258,tp
2024-10-16,h062,11:01:00,short,23177.0,23175.0,20.0,2024-10-16 11:01:00,11:00:00,True,7,19,140.0,85.0,7.0,4.25,sl
2024-10-16,h062,12:17:00,short,23196.0,23188.0,37.0,2024-10-16 12:17:00,12:16:00,True,8,17,153.0,25.0,4.135135135135135,0.6756756756756757,tp
2024-10-16,h062,12:24:00,short,23155.0,23141.0,24.0,2024-10-16 12:24:00,12:21:00,True,14,38,106.0,24.0,4.416666666666667,1.0,sl
2024-10-16,h062,13:07:00,short,23082.0,23077.0,25.0,2024-10-16 13:07:00,13:02:00,True,7,22,42.0,2.0,1.68,0.08,tp
2024-10-17,h062,10:41:00,short,23031.0,23020.0,24.0,2024-10-17 10:41:00,10:40:00,True,36,56,5.0,257.0,0.20833333333333334,10.708333333333334,sl
2024-10-17,h062,11:39:00,long,23170.0,23182.0,39.0,2024-10-17 11:39:00,11:20:00,True,42,63,95.0,40.0,2.4358974358974357,1.0256410256410255,sl
2024-10-17,h062,11:44:00,short,23181.0,23176.0,35.0,2024-10-17 11:44:00,11:40:00,True,6,7,34.0,101.0,0.9714285714285714,2.8857142857142857,sl
2024-10-17,h062,12:16:00,short,23156.0,23152.0,24.0,2024-10-17 12:16:00,12:05:00,False,0,2,10.0,125.0,0.4166666666666667,5.208333333333333,sl
2024-10-17,h062,13:04:00,long,23202.0,23207.0,16.0,2024-10-17 13:04:00,12:59:00,True,8,16,70.0,54.0,4.375,3.375,tp
2024-10-17,h062,13:07:00,long,23225.0,23242.0,12.0,2024-10-17 13:07:00,13:06:00,True,28,64,35.0,89.0,2.9166666666666665,7.416666666666667,tp
2024-10-17,h062,13:12:00,short,23243.0,23238.0,24.0,2024-10-17 13:12:00,13:08:00,True,11,22,85.0,39.0,3.5416666666666665,1.625,tp
2024-10-18,h062,09:37:00,long,23742.0,23746.0,62.0,2024-10-18 09:37:00,09:31:00,True,10,19,70.0,219.0,1.1290322580645162,3.532258064516129,tp
2024-10-18,h062,11:38:00,short,23647.0,23640.0,39.0,2024-10-18 11:38:00,11:36:00,True,20,31,113.0,21.0,2.8974358974358974,0.5384615384615384,tp
2024-10-18,h062,13:12:00,long,23604.0,23612.0,55.0,2024-10-18 13:12:00,13:00:00,True,11,27,49.0,30.0,0.8909090909090909,0.5454545454545454,timeout
2024-10-21,h062,11:06:00,long,23721.0,23725.0,38.0,2024-10-21 11:06:00,11:04:00,True,6,9,8.0,159.0,0.21052631578947367,4.184210526315789,sl
2024-10-21,h062,12:03:00,short,23677.0,23675.0,17.0,2024-10-21 12:03:00,11:59:00,False,0,4,109.0,23.0,6.411764705882353,1.3529411764705883,sl
2024-10-21,h062,12:43:00,short,23658.0,23656.0,8.0,2024-10-21 12:43:00,12:42:00,False,4,8,90.0,2.0,11.25,0.25,tp
2024-10-21,h062,12:47:00,long,23645.0,23646.0,16.0,2024-10-21 12:47:00,12:45:00,True,6,7,12.0,80.0,0.75,5.0,sl
2024-10-22,h062,10:09:00,long,23542.0,23546.0,28.0,2024-10-22 10:09:00,10:07:00,True,5,13,91.0,101.0,3.25,3.607142857142857,sl
2024-10-22,h062,10:47:00,long,23472.0,23475.0,27.0,2024-10-22 10:47:00,10:45:00,True,9,14,162.0,20.0,6.0,0.7407407407407407,tp
2024-10-22,h062,11:40:00,long,23537.0,23539.0,23.0,2024-10-22 11:40:00,11:33:00,True,7,11,98.0,84.0,4.260869565217392,3.652173913043478,sl
2024-10-22,h062,12:11:00,long,23516.0,23519.0,11.0,2024-10-22 12:11:00,12:09:00,False,0,1,118.0,64.0,10.727272727272727,5.818181818181818,tp
2024-10-22,h062,12:29:00,short,23540.0,23527.0,27.0,2024-10-22 12:29:00,12:28:00,True,8,22,72.0,110.0,2.6666666666666665,4.074074074074074,tp
2024-10-22,h062,13:11:00,long,23506.0,23508.0,17.0,2024-10-22 13:11:00,13:10:00,True,8,16,129.0,5.0,7.588235294117647,0.29411764705882354,tp
2024-10-23,h062,09:58:00,short,23439.0,23431.0,38.0,2024-10-23 09:58:00,09:54:00,False,3,8,95.0,32.0,2.5,0.8421052631578947,tp
2024-10-23,h062,10:50:00,long,23418.0,23422.0,26.0,2024-10-23 10:50:00,10:45:00,True,6,16,24.0,86.0,0.9230769230769231,3.3076923076923075,sl
2024-10-23,h062,11:29:00,short,23372.0,23364.0,30.0,2024-10-23 11:29:00,11:27:00,True,27,49,28.0,73.0,0.9333333333333333,2.433333333333333,sl
2024-10-23,h062,11:53:00,long,23366.0,23370.0,30.0,2024-10-23 11:53:00,11:30:00,True,21,31,67.0,25.0,2.2333333333333334,0.8333333333333334,tp
2024-10-23,h062,12:55:00,short,23377.0,23376.0,14.0,2024-10-23 12:55:00,12:46:00,False,0,2,7.0,61.0,0.5,4.357142857142857,sl
2024-10-23,h062,13:05:00,long,23397.0,23416.0,22.0,2024-10-23 13:05:00,13:04:00,True,32,95,21.0,37.0,0.9545454545454546,1.6818181818181819,sl
2024-10-24,h062,09:33:00,long,23431.0,23443.0,38.0,2024-10-24 09:33:00,09:28:00,True,21,47,6.0,240.0,0.15789473684210525,6.315789473684211,sl
2024-10-24,h062,10:02:00,short,23321.0,23294.0,21.0,2024-10-24 10:02:00,10:00:00,True,53,74,91.0,107.0,4.333333333333333,5.095238095238095,tp
2024-10-24,h062,11:48:00,short,23313.0,23303.0,31.0,2024-10-24 11:48:00,11:47:00,True,20,29,100.0,2.0,3.225806451612903,0.06451612903225806,tp
2024-10-24,h062,11:54:00,short,23277.0,23271.0,19.0,2024-10-24 11:54:00,11:52:00,False,3,5,68.0,34.0,3.5789473684210527,1.7894736842105263,sl
2024-10-24,h062,12:44:00,long,23239.0,23250.0,14.0,2024-10-24 12:44:00,12:43:00,True,11,34,55.0,47.0,3.9285714285714284,3.357142857142857,sl
2024-10-25,h062,10:11:00,long,23342.0,23352.0,21.0,2024-10-25 10:11:00,10:04:00,True,5,17,135.0,65.0,6.428571428571429,3.0952380952380953,tp
2024-10-25,h062,11:29:00,short,23348.0,23343.0,10.0,2024-10-25 11:29:00,11:25:00,False,4,5,56.0,144.0,5.6,14.4,sl
2024-10-25,h062,11:47:00,short,23304.0,23296.0,15.0,2024-10-25 11:47:00,11:43:00,True,13,21,9.0,191.0,0.6,12.733333333333333,sl
2024-10-25,h062,13:05:00,long,23364.0,23370.0,27.0,2024-10-25 13:05:00,13:04:00,True,16,45,117.0,9.0,4.333333333333333,0.3333333333333333,tp
2024-10-25,h062,13:10:00,long,23386.0,23396.0,25.0,2024-10-25 13:10:00,13:08:00,True,21,40,91.0,-1.0,3.64,-0.04,tp
2024-10-25,h062,13:20:00,long,23437.0,23438.0,40.0,2024-10-25 13:20:00,13:11:00,True,13,23,49.0,22.0,1.225,0.55,tp
2024-10-28,h062,11:09:00,short,23393.0,23385.0,29.0,2024-10-28 11:09:00,11:05:00,False,0,2,169.0,23.0,5.827586206896552,0.7931034482758621,tp
2024-10-28,h062,11:42:00,short,23306.0,23284.0,38.0,2024-10-28 11:42:00,11:41:00,True,10,22,68.0,124.0,1.7894736842105263,3.263157894736842,tp
2024-10-28,h062,11:44:00,long,23297.0,23312.0,24.0,2024-10-28 11:44:00,11:43:00,True,22,36,96.0,96.0,4.0,4.0,sl
2024-10-28,h062,12:01:00,short,23230.0,23223.0,66.0,2024-10-28 12:01:00,11:58:00,True,10,29,7.0,185.0,0.10606060606060606,2.803030303030303,sl
2024-10-28,h062,12:43:00,long,23328.0,23336.0,66.0,2024-10-28 12:43:00,12:22:00,True,24,41,72.0,23.0,1.0909090909090908,0.3484848484848485,tp
2024-10-28,h062,13:02:00,short,23383.0,23374.0,25.0,2024-10-28 13:02:00,13:00:00,True,7,13,61.0,19.0,2.44,0.76,tp
2024-10-29,h062,09:37:00,long,22934.0,22935.0,57.0,2024-10-29 09:37:00,09:36:00,True,56,103,80.0,242.0,1.4035087719298245,4.245614035087719,sl
2024-10-29,h062,11:01:00,long,22848.0,22872.0,36.0,2024-10-29 11:01:00,10:59:00,True,59,97,143.0,124.0,3.9722222222222223,3.4444444444444446,sl
2024-10-29,h062,11:53:00,short,22779.0,22762.0,40.0,2024-10-29 11:53:00,11:46:00,True,14,22,14.0,253.0,0.35,6.325,sl
2024-10-29,h062,12:59:00,long,22866.0,22874.0,17.0,2024-10-29 12:59:00,12:57:00,True,29,31,141.0,37.0,8.294117647058824,2.176470588235294,sl
2024-10-29,h062,13:05:00,short,22868.0,22853.0,22.0,2024-10-29 13:05:00,13:00:00,False,4,6,16.0,162.0,0.7272727272727273,7.363636363636363,sl
2024-10-29,h062,13:28:00,long,22944.0,22963.0,79.0,2024-10-29 13:28:00,13:25:00,True,48,85,52.0,20.0,0.6582278481012658,0.25316455696202533,timeout
2024-10-30,h062,09:49:00,short,23108.0,23090.0,37.0,2024-10-30 09:49:00,09:42:00,True,11,21,245.0,44.0,6.621621621621622,1.1891891891891893,sl
2024-10-30,h062,11:18:00,short,23006.0,23001.0,20.0,2024-10-30 11:18:00,11:15:00,True,11,25,156.0,11.0,7.8,0.55,tp
2024-10-30,h062,11:34:00,short,22966.0,22965.0,25.0,2024-10-30 11:34:00,11:33:00,True,7,19,120.0,31.0,4.8,1.24,tp
2024-10-30,h062,11:48:00,short,22944.0,22940.0,21.0,2024-10-30 11:48:00,11:45:00,True,8,10,95.0,56.0,4.523809523809524,2.6666666666666665,sl
2024-10-30,h062,12:19:00,short,22935.0,22932.0,31.0,2024-10-30 12:19:00,12:17:00,False,0,1,87.0,12.0,2.806451612903226,0.3870967741935484,tp
2024-10-30,h062,12:57:00,long,22887.0,22888.0,34.0,2024-10-30 12:57:00,12:48:00,True,8,21,56.0,17.0,1.6470588235294117,0.5,tp
2024-11-01,h062,09:42:00,long,22548.0,22560.0,81.0,2024-11-01 09:42:00,09:38:00,True,19,32,262.0,34.0,3.234567901234568,0.41975308641975306,tp
2024-11-01,h062,10:20:00,long,22618.0,22629.0,52.0,2024-11-01 10:20:00,10:19:00,True,14,33,193.0,100.0,3.7115384615384617,1.9230769230769231,tp
2024-11-01,h062,11:11:00,long,22624.0,22631.0,33.0,2024-11-01 11:11:00,11:08:00,True,13,23,191.0,18.0,5.787878787878788,0.5454545454545454,tp
2024-11-01,h062,12:01:00,short,22664.0,22661.0,29.0,2024-11-01 12:01:00,11:45:00,True,6,10,1.0,161.0,0.034482758620689655,5.551724137931035,sl
2024-11-01,h062,12:30:00,short,22706.0,22700.0,26.0,2024-11-01 12:30:00,12:29:00,True,5,17,27.0,122.0,1.0384615384615385,4.6923076923076925,tp
2024-11-01,h062,12:58:00,long,22745.0,22746.0,28.0,2024-11-01 12:58:00,12:51:00,True,11,15,76.0,13.0,2.7142857142857144,0.4642857142857143,tp
2024-11-01,h062,13:06:00,long,22776.0,22780.0,35.0,2024-11-01 13:06:00,12:59:00,True,7,14,42.0,47.0,1.2,1.3428571428571427,tp
2024-11-01,h062,13:09:00,short,22788.0,22779.0,32.0,2024-11-01 13:09:00,13:08:00,False,4,9,46.0,43.0,1.4375,1.34375,sl
2024-11-04,h062,10:04:00,short,22910.0,22904.0,39.0,2024-11-04 10:04:00,09:56:00,False,0,3,120.0,142.0,3.076923076923077,3.641025641025641,tp
2024-11-04,h062,11:01:00,short,22876.0,22871.0,29.0,2024-11-04 11:01:00,11:00:00,False,0,4,6.0,175.0,0.20689655172413793,6.0344827586206895,sl
2024-11-04,h062,11:33:00,short,22917.0,22911.0,34.0,2024-11-04 11:33:00,11:13:00,False,4,6,24.0,135.0,0.7058823529411765,3.9705882352941178,sl
2024-11-04,h062,11:54:00,short,22931.0,22928.0,29.0,2024-11-04 11:54:00,11:48:00,False,0,1,41.0,118.0,1.4137931034482758,4.068965517241379,tp
2024-11-04,h062,12:04:00,long,22926.0,22937.0,39.0,2024-11-04 12:04:00,12:01:00,True,10,21,109.0,8.0,2.7948717948717947,0.20512820512820512,tp
2024-11-04,h062,12:32:00,short,22951.0,22949.0,15.0,2024-11-04 12:32:00,12:30:00,False,0,1,11.0,97.0,0.7333333333333333,6.466666666666667,sl
2024-11-04,h062,12:45:00,long,22999.0,23008.0,25.0,2024-11-04 12:45:00,12:44:00,True,50,70,38.0,34.0,1.52,1.36,tp
2024-11-04,h062,12:57:00,long,23034.0,23037.0,26.0,2024-11-04 12:57:00,12:46:00,True,6,8,9.0,63.0,0.34615384615384615,2.423076923076923,sl
2024-11-05,h062,09:26:00,long,22926.0,22971.0,65.0,2024-11-05 09:26:00,09:25:00,True,41,76,268.0,41.0,4.123076923076923,0.6307692307692307,tp
2024-11-05,h062,10:12:00,short,22999.0,22991.0,240.0,2024-11-05 10:12:00,09:43:00,True,5,16,31.0,158.0,0.12916666666666668,0.6583333333333333,timeout
2024-11-05,h062,11:20:00,long,23055.0,23068.0,47.0,2024-11-05 11:20:00,11:19:00,True,11,29,81.0,46.0,1.7234042553191489,0.9787234042553191,tp
2024-11-05,h062,12:26:00,short,23118.0,23115.0,11.0,2024-11-05 12:26:00,12:24:00,False,0,3,93.0,34.0,8.454545454545455,3.090909090909091,tp
2024-11-05,h062,13:07:00,long,23084.0,23088.0,59.0,2024-11-05 13:07:00,12:31:00,True,5,6,61.0,35.0,1.0338983050847457,0.5932203389830508,tp
2024-11-06,h062,09:52:00,long,23096.0,23118.0,45.0,2024-11-06 09:52:00,09:49:00,True,31,44,330.0,23.0,7.333333333333333,0.5111111111111111,tp
2024-11-06,h062,10:24:00,long,23177.0,23194.0,70.0,2024-11-06 10:24:00,10:23:00,True,12,27,254.0,28.0,3.6285714285714286,0.4,tp
2024-11-06,h062,10:40:00,long,23286.0,23310.0,98.0,2024-11-06 10:40:00,10:38:00,True,49,90,138.0,136.0,1.4081632653061225,1.3877551020408163,tp
2024-11-06,h062,10:44:00,long,23368.0,23370.0,49.0,2024-11-06 10:44:00,10:43:00,True,32,63,78.0,196.0,1.5918367346938775,4.0,tp
2024-11-06,h062,11:41:00,long,23355.0,23361.0,67.0,2024-11-06 11:41:00,11:30:00,True,16,43,54.0,187.0,0.8059701492537313,2.791044776119403,sl
2024-11-06,h062,12:35:00,short,23327.0,23324.0,62.0,2024-11-06 12:35:00,12:34:00,True,13,21,150.0,41.0,2.4193548387096775,0.6612903225806451,tp
2024-11-06,h062,13:19:00,short,23237.0,23233.0,65.0,2024-11-06 13:19:00,13:11:00,True,12,23,59.0,94.0,0.9076923076923077,1.4461538461538461,sl
2024-11-06,h062,13:27:00,long,23236.0,23263.0,62.0,2024-11-06 13:27:00,13:22:00,True,21,43,64.0,21.0,1.032258064516129,0.3387096774193548,tp
2024-11-07,h062,09:46:00,short,23424.0,23404.0,32.0,2024-11-07 09:46:00,09:45:00,True,5,12,81.0,172.0,2.53125,5.375,sl
2024-11-07,h062,10:33:00,short,23446.0,23441.0,43.0,2024-11-07 10:33:00,10:30:00,True,7,14,2.0,135.0,0.046511627906976744,3.13953488372093,sl
2024-11-07,h062,11:27:00,long,23509.0,23511.0,24.0,2024-11-07 11:27:00,11:26:00,False,0,3,65.0,38.0,2.7083333333333335,1.5833333333333333,tp
2024-11-07,h062,11:40:00,long,23546.0,23548.0,26.0,2024-11-07 11:40:00,11:39:00,True,14,26,28.0,75.0,1.0769230769230769,2.8846153846153846,tp
2024-11-07,h062,12:30:00,short,23504.0,23503.0,44.0,2024-11-07 12:30:00,12:07:00,True,12,12,30.0,52.0,0.6818181818181818,1.1818181818181819,sl
2024-11-07,h062,13:15:00,short,23512.0,23506.0,28.0,2024-11-07 13:15:00,13:14:00,False,4,9,33.0,29.0,1.1785714285714286,1.0357142857142858,tp
2024-11-07,h062,13:25:00,short,23480.0,23479.0,26.0,2024-11-07 13:25:00,13:21:00,False,4,9,6.0,56.0,0.23076923076923078,2.1538461538461537,sl
2024-11-08,h062,09:46:00,long,23742.0,23743.0,45.0,2024-11-08 09:46:00,09:44:00,True,15,25,44.0,215.0,0.9777777777777777,4.777777777777778,sl
2024-11-08,h062,11:06:00,short,23642.0,23639.0,16.0,2024-11-08 11:06:00,11:05:00,False,4,9,111.0,148.0,6.9375,9.25,sl
2024-11-08,h062,11:36:00,short,23623.0,23621.0,29.0,2024-11-08 11:36:00,11:23:00,True,6,10,93.0,166.0,3.206896551724138,5.724137931034483,tp
2024-11-08,h062,11:44:00,short,23596.0,23590.0,24.0,2024-11-08 11:44:00,11:43:00,True,8,15,62.0,197.0,2.5833333333333335,8.208333333333334,tp
2024-11-08,h062,11:46:00,long,23594.0,23597.0,23.0,2024-11-08 11:46:00,11:45:00,True,6,18,190.0,69.0,8.26086956521739,3.0,sl
2024-11-08,h062,13:10:00,long,23630.0,23633.0,20.0,2024-11-08 13:10:00,13:08:00,True,15,38,154.0,40.0,7.7,2.0,sl
2024-11-11,h062,10:02:00,short,23330.0,23326.0,81.0,2024-11-11 10:02:00,10:00:00,True,28,57,16.0,306.0,0.19753086419753085,3.7777777777777777,sl
2024-11-11,h062,12:00:00,long,23417.0,23420.0,14.0,2024-11-11 12:00:00,11:58:00,False,0,4,212.0,-2.0,15.142857142857142,-0.14285714285714285,tp
2024-11-11,h062,12:02:00,long,23443.0,23456.0,21.0,2024-11-11 12:02:00,12:01:00,True,33,40,176.0,5.0,8.380952380952381,0.23809523809523808,tp
2024-11-11,h062,12:04:00,long,23488.0,23501.0,32.0,2024-11-11 12:04:00,12:03:00,True,42,94,131.0,50.0,4.09375,1.5625,sl
2024-11-11,h062,12:08:00,short,23484.0,23479.0,37.0,2024-11-11 12:08:00,12:05:00,False,0,2,28.0,153.0,0.7567567567567568,4.135135135135135,sl
2024-11-11,h062,12:28:00,short,23457.0,23451.0,22.0,2024-11-11 12:28:00,12:27:00,False,4,9,0.0,181.0,0.0,8.227272727272727,sl
2024-11-11,h062,12:58:00,short,23486.0,23478.0,17.0,2024-11-11 12:58:00,12:54:00,False,0,4,-1.0,154.0,-0.058823529411764705,9.058823529411764,sl
2024-11-11,h062,13:14:00,long,23541.0,23550.0,19.0,2024-11-11 13:14:00,13:10:00,True,12,29,82.0,25.0,4.315789473684211,1.3157894736842106,sl
2024-11-11,h062,13:22:00,long,23558.0,23559.0,33.0,2024-11-11 13:22:00,13:19:00,False,4,7,73.0,6.0,2.212121212121212,0.18181818181818182,tp
2024-11-11,h062,13:26:00,long,23585.0,23599.0,32.0,2024-11-11 13:26:00,13:25:00,True,18,41,33.0,46.0,1.03125,1.4375,tp
2024-11-12,h062,10:47:00,long,23068.0,23071.0,23.0,2024-11-12 10:47:00,10:45:00,True,10,15,92.0,208.0,4.0,9.043478260869565,sl
2024-11-12,h062,11:32:00,short,23118.0,23115.0,27.0,2024-11-12 11:32:00,11:23:00,False,4,7,252.0,48.0,9.333333333333334,1.7777777777777777,sl
2024-11-12,h062,13:05:00,short,23041.0,23034.0,23.0,2024-11-12 13:05:00,13:00:00,True,8,19,171.0,14.0,7.434782608695652,0.6086956521739131,tp
2024-11-12,h062,13:16:00,short,23008.0,23006.0,34.0,2024-11-12 13:16:00,13:07:00,True,7,15,143.0,8.0,4.205882352941177,0.23529411764705882,tp
2024-11-12,h062,13:25:00,short,22977.0,22956.0,36.0,2024-11-12 13:25:00,13:19:00,True,27,52,93.0,0.0,2.5833333333333335,0.0,tp
2024-11-13,h062,09:52:00,short,22966.0,22961.0,28.0,2024-11-13 09:52:00,09:48:00,False,3,7,198.0,54.0,7.071428571428571,1.9285714285714286,tp
2024-11-13,h062,10:21:00,short,22977.0,22974.0,29.0,2024-11-13 10:21:00,10:11:00,False,3,6,211.0,34.0,7.275862068965517,1.1724137931034482,tp
2024-11-13,h062,10:31:00,short,22900.0,22899.0,41.0,2024-11-13 10:31:00,10:30:00,True,6,17,136.0,109.0,3.317073170731707,2.658536585365854,tp
2024-11-13,h062,11:54:00,short,22930.0,22909.0,12.0,2024-11-13 11:54:00,11:52:00,True,10,19,146.0,99.0,12.166666666666666,8.25,tp
2024-11-13,h062,12:20:00,long,22943.0,22952.0,62.0,2024-11-13 12:20:00,12:18:00,True,24,37,56.0,189.0,0.9032258064516129,3.0483870967741935,sl
2024-11-13,h062,13:10:00,short,22911.0,22898.0,34.0,2024-11-13 13:10:00,13:01:00,True,6,13,135.0,30.0,3.9705882352941178,0.8823529411764706,tp
2024-11-14,h062,09:25:00,short,22732.0,22718.0,60.0,2024-11-14 09:25:00,09:21:00,True,12,28,142.0,134.0,2.3666666666666667,2.2333333333333334,sl
2024-11-14,h062,09:59:00,short,22783.0,22775.0,66.0,2024-11-14 09:59:00,09:49:00,True,9,14,199.0,31.0,3.015151515151515,0.4696969696969697,tp
2024-11-14,h062,10:18:00,short,22627.0,22612.0,68.0,2024-11-14 10:18:00,10:17:00,True,13,32,36.0,194.0,0.5294117647058824,2.8529411764705883,sl
2024-11-14,h062,10:53:00,long,22614.0,22620.0,36.0,2024-11-14 10:53:00,10:48:00,True,11,17,186.0,4.0,5.166666666666667,0.1111111111111111,tp
2024-11-14,h062,11:16:00,short,22693.0,22689.0,52.0,2024-11-14 11:16:00,11:12:00,False,2,6,64.0,117.0,1.2307692307692308,2.25,tp
2024-11-14,h062,12:06:00,long,22649.0,22657.0,22.0,2024-11-14 12:06:00,12:01:00,True,7,8,149.0,8.0,6.7727272727272725,0.36363636363636365,tp
2024-11-14,h062,12:15:00,long,22733.0,22735.0,46.0,2024-11-14 12:15:00,12:11:00,True,7,13,71.0,86.0,1.5434782608695652,1.8695652173913044,tp
2024-11-14,h062,12:18:00,long,22767.0,22777.0,27.0,2024-11-14 12:18:00,12:17:00,True,36,58,29.0,128.0,1.0740740740740742,4.7407407407407405,sl
2024-11-14,h062,13:02:00,short,22763.0,22758.0,43.0,2024-11-14 13:02:00,13:00:00,True,5,12,109.0,7.0,2.5348837209302326,0.16279069767441862,tp
2024-11-14,h062,13:14:00,short,22697.0,22687.0,44.0,2024-11-14 13:14:00,13:13:00,True,11,23,38.0,43.0,0.8636363636363636,0.9772727272727273,timeout
2024-11-15,h062,09:16:00,long,22897.0,22915.0,79.0,2024-11-15 09:16:00,09:14:00,True,45,72,12.0,225.0,0.1518987341772152,2.848101265822785,sl
2024-11-15,h062,09:54:00,long,22807.0,22825.0,36.0,2024-11-15 09:54:00,09:53:00,True,14,31,71.0,135.0,1.9722222222222223,3.75,sl
2024-11-15,h062,10:39:00,short,22744.0,22743.0,54.0,2024-11-15 10:39:00,10:33:00,False,0,4,53.0,153.0,0.9814814814814815,2.8333333333333335,sl
2024-11-15,h062,11:06:00,long,22784.0,22794.0,24.0,2024-11-15 11:06:00,11:05:00,True,12,26,102.0,37.0,4.25,1.5416666666666667,tp
2024-11-15,h062,13:04:00,long,22855.0,22859.0,20.0,2024-11-15 13:04:00,13:03:00,True,42,47,37.0,102.0,1.85,5.1,tp
2024-11-18,h062,09:42:00,short,22637.0,22635.0,50.0,2024-11-18 09:42:00,09:37:00,True,8,15,91.0,35.0,1.82,0.7,tp
2024-11-18,h062,10:09:00,short,22570.0,22558.0,51.0,2024-11-18 10:09:00,09:44:00,True,12,27,14.0,112.0,0.27450980392156865,2.196078431372549,sl
2024-11-18,h062,10:11:00,long,22567.0,22587.0,23.0,2024-11-18 10:11:00,10:10:00,True,30,41,83.0,37.0,3.608695652173913,1.608695652173913,tp
2024-11-18,h062,10:18:00,long,22619.0,22625.0,43.0,2024-11-18 10:18:00,10:16:00,True,17,30,45.0,75.0,1.0465116279069768,1.744186046511628,sl
2024-11-18,h062,11:10:00,short,22652.0,22650.0,18.0,2024-11-18 11:10:00,11:05:00,True,6,11,95.0,1.0,5.277777777777778,0.05555555555555555,tp
2024-11-18,h062,12:43:00,short,22591.0,22589.0,30.0,2024-11-18 12:43:00,12:42:00,True,13,23,34.0,26.0,1.1333333333333333,0.8666666666666667,tp
2024-11-18,h062,13:13:00,short,22562.0,22561.0,34.0,2024-11-18 13:13:00,13:10:00,True,7,14,6.0,44.0,0.17647058823529413,1.2941176470588236,sl
2024-11-19,h062,09:51:00,long,22698.0,22704.0,22.0,2024-11-19 09:51:00,09:49:00,True,27,32,291.0,-1.0,13.227272727272727,-0.045454545454545456,tp
2024-11-19,h062,09:55:00,long,22733.0,22757.0,28.0,2024-11-19 09:55:00,09:52:00,True,56,70,238.0,42.0,8.5,1.5,sl
2024-11-19,h062,10:43:00,short,22768.0,22754.0,20.0,2024-11-19 10:43:00,10:41:00,False,0,1,12.0,241.0,0.6,12.05,sl
2024-11-19,h062,10:54:00,long,22803.0,22810.0,26.0,2024-11-19 10:54:00,10:53:00,True,12,29,185.0,6.0,7.115384615384615,0.23076923076923078,tp
2024-11-19,h062,11:56:00,short,22919.0,22907.0,76.0,2024-11-19 11:56:00,11:32:00,False,4,10,77.0,56.0,1.013157894736842,0.7368421052631579,tp
2024-11-19,h062,12:17:00,short,22932.0,22914.0,20.0,2024-11-19 12:17:00,12:16:00,False,3,7,84.0,49.0,4.2,2.45,sl
2024-11-19,h062,13:20:00,short,22871.0,22865.0,19.0,2024-11-19 13:20:00,13:17:00,True,8,20,35.0,5.0,1.8421052631578947,0.2631578947368421,tp
2024-11-20,h062,10:50:00,long,22918.0,22923.0,20.0,2024-11-20 10:50:00,10:44:00,True,5,9,1.0,168.0,0.05,8.4,sl
2024-11-20,h062,11:28:00,short,22836.0,22828.0,32.0,2024-11-20 11:28:00,11:17:00,True,8,15,73.0,27.0,2.28125,0.84375,tp
2024-11-20,h062,11:57:00,long,22828.0,22829.0,28.0,2024-11-20 11:57:00,11:47:00,False,4,7,15.0,74.0,0.5357142857142857,2.642857142857143,sl
2024-11-20,h062,13:02:00,short,22795.0,22772.0,22.0,2024-11-20 13:02:00,13:00:00,True,18,33,17.0,47.0,0.7727272727272727,2.1363636363636362,sl
2024-11-21,h062,11:06:00,long,22646.0,22655.0,18.0,2024-11-21 11:06:00,11:05:00,True,39,51,78.0,92.0,4.333333333333333,5.111111111111111,tp
2024-11-21,h062,11:09:00,short,22654.0,22646.0,23.0,2024-11-21 11:09:00,11:07:00,True,10,26,83.0,87.0,3.608695652173913,3.782608695652174,sl
2024-11-21,h062,12:24:00,long,22649.0,22650.0,28.0,2024-11-21 12:24:00,12:22:00,False,0,0,6.0,87.0,0.21428571428571427,3.107142857142857,sl
2024-11-21,h062,13:21:00,long,22632.0,22634.0,22.0,2024-11-21 13:21:00,13:20:00,True,10,12,22.0,71.0,1.0,3.227272727272727,tp
2024-11-22,h062,09:49:00,short,22883.0,22865.0,26.0,2024-11-22 09:49:00,09:48:00,True,50,65,4.0,201.0,0.15384615384615385,7.730769230769231,sl
2024-11-22,h062,10:19:00,short,22934.0,22928.0,42.0,2024-11-22 10:19:00,10:15:00,True,6,7,9.0,138.0,0.21428571428571427,3.2857142857142856,sl
2024-11-22,h062,10:40:00,long,23006.0,23048.0,34.0,2024-11-22 10:40:00,10:38:00,True,132,194,18.0,94.0,0.5294117647058824,2.764705882352941,sl
2024-11-22,h062,11:29:00,short,23009.0,22998.0,16.0,2024-11-22 11:29:00,11:27:00,True,11,16,44.0,55.0,2.75,3.4375,tp
2024-11-22,h062,11:33:00,short,22973.0,22968.0,30.0,2024-11-22 11:33:00,11:30:00,True,12,17,14.0,85.0,0.4666666666666667,2.8333333333333335,sl
2024-11-22,h062,13:00:00,long,23008.0,23013.0,15.0,2024-11-22 13:00:00,12:59:00,True,7,22,25.0,43.0,1.6666666666666667,2.8666666666666667,sl
2024-11-25,h062,09:34:00,short,23232.0,23221.0,26.0,2024-11-25 09:34:00,09:33:00,False,3,8,207.0,31.0,7.961538461538462,1.1923076923076923,sl
2024-11-25,h062,09:59:00,short,23141.0,23136.0,51.0,2024-11-25 09:59:00,09:57:00,True,6,11,122.0,26.0,2.392156862745098,0.5098039215686274,tp
2024-11-25,h062,10:26:00,long,23127.0,23130.0,27.0,2024-11-25 10:26:00,10:24:00,True,5,12,15.0,116.0,0.5555555555555556,4.296296296296297,sl
2024-11-25,h062,11:38:00,long,23094.0,23099.0,18.0,2024-11-25 11:38:00,11:27:00,False,3,5,27.0,85.0,1.5,4.722222222222222,sl
2024-11-25,h062,12:07:00,short,23108.0,23103.0,12.0,2024-11-25 12:07:00,12:03:00,False,4,5,89.0,23.0,7.416666666666667,1.9166666666666667,tp
2024-11-25,h062,12:48:00,short,23084.0,23080.0,26.0,2024-11-25 12:48:00,12:47:00,True,7,9,66.0,13.0,2.5384615384615383,0.5,tp
2024-11-26,h062,10:23:00,long,22796.0,22801.0,40.0,2024-11-26 10:23:00,10:22:00,True,29,51,44.0,171.0,1.1,4.275,tp
2024-11-26,h062,10:26:00,short,22800.0,22791.0,45.0,2024-11-26 10:26:00,10:24:00,True,5,11,161.0,6.0,3.577777777777778,0.13333333333333333,tp
2024-11-26,h062,12:43:00,short,22737.0,22727.0,21.0,2024-11-26 12:43:00,12:41:00,True,7,10,97.0,16.0,4.619047619047619,0.7619047619047619,tp
2024-11-26,h062,12:53:00,short,22700.0,22695.0,26.0,2024-11-26 12:53:00,12:49:00,True,13,19,65.0,39.0,2.5,1.5,tp
2024-11-26,h062,12:57:00,short,22669.0,22663.0,18.0,2024-11-26 12:57:00,12:55:00,True,6,11,33.0,71.0,1.8333333333333333,3.9444444444444446,sl
2024-11-26,h062,13:25:00,short,22705.0,22699.0,29.0,2024-11-26 13:25:00,13:23:00,True,7,16,69.0,9.0,2.3793103448275863,0.3103448275862069,tp
2024-11-27,h062,09:17:00,short,22657.0,22650.0,33.0,2024-11-27 09:17:00,09:14:00,True,5,12,309.0,11.0,9.363636363636363,0.3333333333333333,tp
2024-11-27,h062,09:38:00,long,22577.0,22578.0,37.0,2024-11-27 09:38:00,09:35:00,False,4,8,28.0,237.0,0.7567567567567568,6.405405405405405,sl
2024-11-27,h062,11:28:00,short,22517.0,22511.0,16.0,2024-11-27 11:28:00,11:24:00,True,14,24,170.0,52.0,10.625,3.25,sl
2024-11-27,h062,12:47:00,short,22446.0,22438.0,23.0,2024-11-27 12:47:00,12:45:00,True,6,15,97.0,2.0,4.217391304347826,0.08695652173913043,tp
2024-11-27,h062,12:50:00,short,22412.0,22410.0,24.0,2024-11-27 12:50:00,12:49:00,True,11,26,69.0,14.0,2.875,0.5833333333333334,tp
2024-11-27,h062,12:53:00,short,22392.0,22391.0,19.0,2024-11-27 12:53:00,12:51:00,False,3,6,50.0,33.0,2.6315789473684212,1.736842105263158,sl
2024-11-28,h062,10:49:00,long,22254.0,22262.0,36.0,2024-11-28 10:49:00,10:48:00,True,14,36,104.0,40.0,2.888888888888889,1.1111111111111112,tp
2024-11-28,h062,10:52:00,long,22309.0,22326.0,42.0,2024-11-28 10:52:00,10:51:00,True,39,71,40.0,104.0,0.9523809523809523,2.4761904761904763,sl
2024-11-28,h062,11:51:00,short,22286.0,22281.0,27.0,2024-11-28 11:51:00,11:45:00,False,3,6,59.0,56.0,2.185185185185185,2.074074074074074,tp
2024-11-28,h062,12:06:00,short,22228.0,22226.0,29.0,2024-11-28 12:06:00,12:03:00,False,3,6,4.0,111.0,0.13793103448275862,3.8275862068965516,sl
2024-11-28,h062,13:24:00,short,22293.0,22290.0,37.0,2024-11-28 13:24:00,13:14:00,True,6,13,15.0,47.0,0.40540540540540543,1.2702702702702702,sl
2024-11-29,h062,10:30:00,short,22305.0,22271.0,39.0,2024-11-29 10:30:00,10:29:00,True,15,45,34.0,167.0,0.8717948717948718,4.282051282051282,sl
2024-11-29,h062,10:43:00,long,22269.0,22270.0,31.0,2024-11-29 10:43:00,10:31:00,True,5,8,168.0,15.0,5.419354838709677,0.4838709677419355,tp
2024-11-29,h062,11:04:00,long,22333.0,22341.0,23.0,2024-11-29 11:04:00,11:00:00,True,30,47,97.0,50.0,4.217391304347826,2.1739130434782608,tp
2024-11-29,h062,11:10:00,long,22370.0,22371.0,26.0,2024-11-29 11:10:00,11:06:00,False,4,11,67.0,80.0,2.576923076923077,3.076923076923077,tp
2024-11-29,h062,11:15:00,long,22391.0,22397.0,20.0,2024-11-29 11:15:00,11:11:00,True,20,38,41.0,106.0,2.05,5.3,sl
2024-11-29,h062,12:19:00,short,22393.0,22380.0,14.0,2024-11-29 12:19:00,12:18:00,False,2,6,89.0,58.0,6.357142857142857,4.142857142857143,sl
2024-11-29,h062,12:58:00,long,22422.0,22428.0,11.0,2024-11-29 12:58:00,12:57:00,True,16,30,10.0,137.0,0.9090909090909091,12.454545454545455,sl
2024-11-29,h062,13:01:00,short,22415.0,22414.0,23.0,2024-11-29 13:01:00,13:00:00,True,5,7,123.0,2.0,5.3478260869565215,0.08695652173913043,tp
2024-11-29,h062,13:29:00,short,22332.0,22326.0,67.0,2024-11-29 13:29:00,13:25:00,True,27,67,35.0,27.0,0.5223880597014925,0.40298507462686567,timeout
2024-12-02,h062,10:33:00,long,22773.0,22775.0,32.0,2024-12-02 10:33:00,10:29:00,True,18,40,53.0,35.0,1.65625,1.09375,sl
2024-12-02,h062,12:09:00,short,22754.0,22752.0,13.0,2024-12-02 12:09:00,12:08:00,True,5,5,12.0,76.0,0.9230769230769231,5.846153846153846,sl
2024-12-02,h062,12:32:00,long,22791.0,22803.0,17.0,2024-12-02 12:32:00,12:28:00,True,23,34,25.0,27.0,1.4705882352941178,1.588235294117647,sl
2024-12-02,h062,13:05:00,long,22803.0,22807.0,14.0,2024-12-02 13:05:00,13:04:00,True,14,25,21.0,31.0,1.5,2.2142857142857144,sl
2024-12-03,h062,10:55:00,short,23011.0,23009.0,13.0,2024-12-03 10:55:00,10:53:00,False,0,4,10.0,140.0,0.7692307692307693,10.76923076923077,sl
2024-12-03,h062,11:35:00,long,23105.0,23108.0,26.0,2024-12-03 11:35:00,11:27:00,True,7,13,41.0,69.0,1.5769230769230769,2.6538461538461537,tp
2024-12-03,h062,11:47:00,short,23130.0,23129.0,19.0,2024-12-03 11:47:00,11:46:00,False,3,10,90.0,4.0,4.7368421052631575,0.21052631578947367,tp
2024-12-03,h062,12:36:00,short,23091.0,23070.0,14.0,2024-12-03 12:36:00,12:35:00,True,51,56,31.0,44.0,2.2142857142857144,3.142857142857143,sl
2024-12-03,h062,13:21:00,long,23058.0,23062.0,10.0,2024-12-03 13:21:00,13:17:00,True,6,15,52.0,23.0,5.2,2.3,tp
2024-12-04,h062,09:37:00,long,23101.0,23108.0,30.0,2024-12-04 09:37:00,09:36:00,True,39,52,188.0,10.0,6.266666666666667,0.3333333333333333,tp
2024-12-04,h062,11:13:00,short,23135.0,23134.0,24.0,2024-12-04 11:13:00,11:12:00,False,0,0,7.0,162.0,0.2916666666666667,6.75,sl
2024-12-04,h062,11:36:00,long,23152.0,23170.0,13.0,2024-12-04 11:36:00,11:35:00,True,15,23,126.0,32.0,9.692307692307692,2.4615384615384617,tp
2024-12-04,h062,11:38:00,long,23185.0,23190.0,18.0,2024-12-04 11:38:00,11:37:00,True,15,30,106.0,52.0,5.888888888888889,2.888888888888889,tp
2024-12-04,h062,11:41:00,short,23198.0,23193.0,10.0,2024-12-04 11:41:00,11:40:00,True,5,10,55.0,103.0,5.5,10.3,sl
2024-12-04,h062,12:54:00,long,23228.0,23235.0,48.0,2024-12-04 12:54:00,12:44:00,True,5,15,61.0,10.0,1.2708333333333333,0.20833333333333334,tp
2024-12-04,h062,13:27:00,long,23265.0,23276.0,35.0,2024-12-04 13:27:00,13:25:00,True,12,28,20.0,15.0,0.5714285714285714,0.42857142857142855,timeout
2024-12-05,h062,09:53:00,short,23217.0,23216.0,25.0,2024-12-05 09:53:00,09:50:00,False,3,7,5.0,108.0,0.2,4.32,sl
2024-12-05,h062,10:03:00,long,23262.0,23263.0,51.0,2024-12-05 10:03:00,10:00:00,True,11,17,61.0,23.0,1.196078431372549,0.45098039215686275,tp
2024-12-05,h062,12:03:00,short,23296.0,23287.0,8.0,2024-12-05 12:03:00,12:02:00,False,0,3,47.0,37.0,5.875,4.625,sl
2024-12-05,h062,12:31:00,long,23315.0,23317.0,14.0,2024-12-05 12:31:00,12:29:00,False,4,6,7.0,77.0,0.5,5.5,sl
2024-12-05,h062,13:02:00,long,23278.0,23281.0,14.0,2024-12-05 13:02:00,12:58:00,True,6,7,21.0,41.0,1.5,2.9285714285714284,tp
2024-12-06,h062,09:47:00,short,23251.0,23244.0,18.0,2024-12-06 09:47:00,09:46:00,True,8,14,110.0,50.0,6.111111111111111,2.7777777777777777,tp
2024-12-06,h062,10:06:00,long,23235.0,23240.0,31.0,2024-12-06 10:06:00,10:01:00,False,4,12,54.0,106.0,1.7419354838709677,3.4193548387096775,tp
2024-12-06,h062,11:05:00,long,23235.0,23236.0,24.0,2024-12-06 11:05:00,10:58:00,False,0,3,27.0,102.0,1.125,4.25,tp
2024-12-06,h062,12:00:00,long,23192.0,23193.0,17.0,2024-12-06 12:00:00,11:57:00,True,5,9,50.0,59.0,2.9411764705882355,3.4705882352941178,tp
2024-12-06,h062,12:49:00,long,23188.0,23190.0,37.0,2024-12-06 12:49:00,12:47:00,True,6,14,53.0,17.0,1.4324324324324325,0.4594594594594595,tp
2024-12-06,h062,13:05:00,long,23235.0,23238.0,24.0,2024-12-06 13:05:00,13:00:00,True,10,24,5.0,65.0,0.20833333333333334,2.7083333333333335,sl
2024-12-09,h062,09:44:00,short,23210.0,23209.0,18.0,2024-12-09 09:44:00,09:41:00,False,4,10,39.0,66.0,2.1666666666666665,3.6666666666666665,tp
2024-12-09,h062,09:52:00,long,23210.0,23213.0,18.0,2024-12-09 09:52:00,09:45:00,True,5,13,62.0,43.0,3.4444444444444446,2.388888888888889,tp
2024-12-09,h062,11:13:00,short,23212.0,23206.0,31.0,2024-12-09 11:13:00,11:08:00,False,3,7,36.0,59.0,1.1612903225806452,1.903225806451613,tp
2024-12-09,h062,11:16:00,long,23207.0,23209.0,32.0,2024-12-09 11:16:00,11:15:00,True,12,20,56.0,39.0,1.75,1.21875,sl
2024-12-09,h062,11:44:00,short,23208.0,23207.0,18.0,2024-12-09 11:44:00,11:40:00,False,3,5,37.0,58.0,2.0555555555555554,3.2222222222222223,tp
2024-12-09,h062,12:41:00,short,23192.0,23180.0,17.0,2024-12-09 12:41:00,12:40:00,True,10,21,10.0,85.0,0.5882352941176471,5.0,sl
2024-12-09,h062,12:46:00,long,23188.0,23189.0,18.0,2024-12-09 12:46:00,12:45:00,False,0,4,76.0,12.0,4.222222222222222,0.6666666666666666,tp
2024-12-10,h062,09:40:00,short,23153.0,23150.0,50.0,2024-12-10 09:40:00,09:37:00,True,13,27,124.0,10.0,2.48,0.2,tp
2024-12-10,h062,11:21:00,long,23099.0,23104.0,27.0,2024-12-10 11:21:00,11:18:00,False,0,4,28.0,78.0,1.037037037037037,2.888888888888889,tp
2024-12-10,h062,12:27:00,short,23100.0,23098.0,12.0,2024-12-10 12:27:00,12:21:00,False,2,6,72.0,8.0,6.0,0.6666666666666666,tp
2024-12-10,h062,12:49:00,short,23065.0,23064.0,15.0,2024-12-10 12:49:00,12:42:00,False,0,4,38.0,42.0,2.533333333333333,2.8,sl
2024-12-10,h062,13:05:00,long,23085.0,23097.0,17.0,2024-12-10 13:05:00,13:04:00,True,12,35,9.0,71.0,0.5294117647058824,4.176470588235294,sl
2024-12-10,h062,13:13:00,short,23080.0,23078.0,18.0,2024-12-10 13:13:00,13:10:00,False,0,0,52.0,28.0,2.888888888888889,1.5555555555555556,sl
2024-12-10,h062,13:21:00,short,23082.0,23076.0,24.0,2024-12-10 13:21:00,13:15:00,True,5,12,50.0,27.0,2.0833333333333335,1.125,tp
2024-12-10,h062,13:28:00,long,23081.0,23085.0,22.0,2024-12-10 13:28:00,13:25:00,True,11,28,18.0,59.0,0.8181818181818182,2.6818181818181817,sl
2024-12-11,h062,09:44:00,long,22988.0,23004.0,18.0,2024-12-11 09:44:00,09:40:00,True,25,47,51.0,180.0,2.8333333333333335,10.0,tp
2024-12-11,h062,11:11:00,short,22948.0,22942.0,25.0,2024-12-11 11:11:00,11:08:00,False,3,7,118.0,34.0,4.72,1.36,sl
2024-12-11,h062,11:46:00,long,22949.0,22952.0,17.0,2024-12-11 11:46:00,11:40:00,False,0,3,24.0,128.0,1.411764705882353,7.529411764705882,tp
2024-12-11,h062,12:10:00,short,22917.0,22909.0,15.0,2024-12-11 12:10:00,12:02:00,True,12,24,85.0,19.0,5.666666666666667,1.2666666666666666,sl
2024-12-11,h062,12:13:00,long,22920.0,22921.0,11.0,2024-12-11 12:13:00,12:11:00,False,0,4,7.0,97.0,0.6363636363636364,8.818181818181818,sl
2024-12-11,h062,12:25:00,short,22877.0,22876.0,21.0,2024-12-11 12:25:00,12:24:00,True,18,37,52.0,19.0,2.4761904761904763,0.9047619047619048,tp
2024-12-11,h062,12:46:00,short,22833.0,22829.0,22.0,2024-12-11 12:46:00,12:40:00,True,7,11,0.0,66.0,0.0,3.0,sl
2024-12-12,h062,09:51:00,short,23110.0,23108.0,47.0,2024-12-12 09:51:00,09:50:00,True,18,45,47.0,56.0,1.0,1.1914893617021276,tp
2024-12-12,h062,09:53:00,long,23110.0,23122.0,24.0,2024-12-12 09:53:00,09:52:00,True,7,16,42.0,61.0,1.75,2.5416666666666665,sl
2024-12-12,h062,10:50:00,short,23091.0,23079.0,21.0,2024-12-12 10:50:00,10:47:00,True,22,35,18.0,85.0,0.8571428571428571,4.0476190476190474,sl
2024-12-12,h062,10:53:00,long,23080.0,23081.0,19.0,2024-12-12 10:53:00,10:51:00,False,2,6,83.0,17.0,4.368421052631579,0.8947368421052632,tp
2024-12-12,h062,11:01:00,long,23126.0,23142.0,44.0,2024-12-12 11:01:00,10:59:00,True,6,18,22.0,78.0,0.5,1.7727272727272727,sl
2024-12-12,h062,11:28:00,long,23107.0,23111.0,23.0,2024-12-12 11:28:00,11:27:00,True,5,7,11.0,47.0,0.4782608695652174,2.0434782608695654,sl
2024-12-12,h062,12:04:00,short,23092.0,23088.0,18.0,2024-12-12 12:04:00,12:03:00,False,0,1,24.0,34.0,1.3333333333333333,1.8888888888888888,sl
2024-12-12,h062,13:26:00,short,23075.0,23071.0,21.0,2024-12-12 13:26:00,13:25:00,True,10,12,7.0,39.0,0.3333333333333333,1.8571428571428572,sl
2024-12-13,h062,10:04:00,short,22926.0,22925.0,33.0,2024-12-13 10:04:00,10:00:00,False,4,8,37.0,167.0,1.121212121212121,5.0606060606060606,tp
2024-12-13,h062,10:23:00,long,22997.0,23013.0,51.0,2024-12-13 10:23:00,10:22:00,True,30,65,79.0,34.0,1.5490196078431373,0.6666666666666666,tp
2024-12-13,h062,10:27:00,long,23028.0,23041.0,20.0,2024-12-13 10:27:00,10:24:00,True,38,86,51.0,62.0,2.55,3.1,tp
2024-12-13,h062,12:32:00,long,23017.0,23024.0,12.0,2024-12-13 12:32:00,12:28:00,True,8,17,8.0,45.0,0.6666666666666666,3.75,sl
2024-12-13,h062,12:47:00,long,23010.0,23020.0,14.0,2024-12-13 12:47:00,12:38:00,True,13,19,12.0,41.0,0.8571428571428571,2.9285714285714284,sl
2024-12-13,h062,13:26:00,long,23022.0,23023.0,18.0,2024-12-13 13:26:00,13:25:00,True,7,16,5.0,44.0,0.2777777777777778,2.4444444444444446,sl
2024-12-16,h062,09:43:00,long,23157.0,23174.0,22.0,2024-12-16 09:43:00,09:38:00,True,24,69,66.0,228.0,3.0,10.363636363636363,sl
2024-12-16,h062,10:27:00,short,23142.0,23136.0,23.0,2024-12-16 10:27:00,10:21:00,True,20,42,190.0,24.0,8.26086956521739,1.0434782608695652,tp
2024-12-16,h062,11:07:00,long,23106.0,23113.0,17.0,2024-12-16 11:07:00,11:05:00,False,4,9,4.0,167.0,0.23529411764705882,9.823529411764707,sl
2024-12-16,h062,11:41:00,long,23046.0,23051.0,38.0,2024-12-16 11:41:00,11:39:00,True,6,11,0.0,105.0,0.0,2.763157894736842,sl
2024-12-16,h062,12:22:00,long,22976.0,22985.0,23.0,2024-12-16 12:22:00,12:18:00,True,7,14,47.0,39.0,2.0434782608695654,1.6956521739130435,tp
2024-12-16,h062,13:27:00,short,22963.0,22954.0,28.0,2024-12-16 13:27:00,13:25:00,True,20,46,6.0,67.0,0.21428571428571427,2.392857142857143,sl
2024-12-17,h062,09:19:00,short,23154.0,23152.0,30.0,2024-12-17 09:19:00,09:15:00,True,5,11,128.0,63.0,4.266666666666667,2.1,sl
2024-12-17,h062,10:25:00,short,23139.0,23132.0,38.0,2024-12-17 10:25:00,10:24:00,True,11,20,108.0,6.0,2.8421052631578947,0.15789473684210525,tp
2024-12-17,h062,11:13:00,long,23091.0,23095.0,26.0,2024-12-17 11:13:00,11:00:00,True,5,10,32.0,71.0,1.2307692307692308,2.730769230769231,tp
2024-12-17,h062,12:09:00,long,23102.0,23105.0,22.0,2024-12-17 12:09:00,12:07:00,True,5,8,8.0,81.0,0.36363636363636365,3.6818181818181817,sl
2024-12-17,h062,12:16:00,long,23079.0,23084.0,18.0,2024-12-17 12:16:00,12:15:00,True,7,14,29.0,60.0,1.6111111111111112,3.3333333333333335,tp
2024-12-17,h062,12:57:00,short,23078.0,23071.0,14.0,2024-12-17 12:57:00,12:51:00,True,9,18,47.0,42.0,3.357142857142857,3.0,sl
2024-12-17,h062,13:21:00,short,23080.0,23071.0,18.0,2024-12-17 13:21:00,13:10:00,True,10,17,47.0,42.0,2.611111111111111,2.3333333333333335,sl
2024-12-17,h062,13:28:00,long,23085.0,23104.0,27.0,2024-12-17 13:28:00,13:25:00,True,21,54,1.0,80.0,0.037037037037037035,2.962962962962963,sl
2024-12-18,h062,09:42:00,long,22976.0,22977.0,27.0,2024-12-18 09:42:00,09:41:00,True,12,28,223.0,47.0,8.25925925925926,1.7407407407407407,tp
2024-12-18,h062,09:50:00,short,22998.0,22997.0,28.0,2024-12-18 09:50:00,09:48:00,False,2,7,67.0,203.0,2.392857142857143,7.25,sl
2024-12-18,h062,10:08:00,short,23017.0,23016.0,18.0,2024-12-18 10:08:00,10:00:00,False,0,4,86.0,184.0,4.777777777777778,10.222222222222221,sl
2024-12-18,h062,11:30:00,short,22964.0,22963.0,17.0,2024-12-18 11:30:00,11:25:00,True,6,11,33.0,237.0,1.9411764705882353,13.941176470588236,tp
2024-12-18,h062,11:32:00,short,22944.0,22940.0,19.0,2024-12-18 11:32:00,11:31:00,True,8,12,10.0,260.0,0.5263157894736842,13.68421052631579,sl
2024-12-18,h062,12:04:00,long,22982.0,22991.0,21.0,2024-12-18 12:04:00,12:03:00,True,6,10,209.0,15.0,9.952380952380953,0.7142857142857143,tp
2024-12-18,h062,12:24:00,long,23074.0,23080.0,46.0,2024-12-18 12:24:00,12:23:00,True,26,55,120.0,2.0,2.608695652173913,0.043478260869565216,tp
2024-12-18,h062,12:47:00,short,23175.0,23169.0,25.0,2024-12-18 12:47:00,12:45:00,True,10,21,69.0,17.0,2.76,0.68,tp
2024-12-19,h062,10:33:00,long,22863.0,22865.0,25.0,2024-12-19 10:33:00,10:32:00,True,7,18,41.0,104.0,1.64,4.16,sl
2024-12-19,h062,11:36:00,long,22803.0,22807.0,37.0,2024-12-19 11:36:00,11:26:00,True,9,13,99.0,46.0,2.675675675675676,1.2432432432432432,sl
2024-12-19,h062,13:00:00,long,22857.0,22870.0,40.0,2024-12-19 13:00:00,12:27:00,True,17,40,36.0,24.0,0.9,0.6,timeout
2024-12-19,h062,13:02:00,short,22863.0,22857.0,12.0,2024-12-19 13:02:00,13:01:00,False,4,9,11.0,49.0,0.9166666666666666,4.083333333333333,sl
2024-12-19,h062,13:16:00,short,22873.0,22869.0,27.0,2024-12-19 13:16:00,13:07:00,True,13,24,23.0,37.0,0.8518518518518519,1.3703703703703705,sl
2024-12-20,h062,09:49:00,short,22692.0,22689.0,35.0,2024-12-20 09:49:00,09:48:00,True,11,22,99.0,79.0,2.8285714285714287,2.257142857142857,sl
2024-12-20,h062,10:30:00,short,22717.0,22711.0,16.0,2024-12-20 10:30:00,10:28:00,True,12,19,121.0,57.0,7.5625,3.5625,sl
2024-12-20,h062,10:40:00,short,22739.0,22731.0,29.0,2024-12-20 10:40:00,10:39:00,True,7,12,141.0,29.0,4.862068965517241,1.0,sl
2024-12-20,h062,11:23:00,long,22682.0,22688.0,16.0,2024-12-20 11:23:00,11:15:00,True,11,11,60.0,98.0,3.75,6.125,sl
2024-12-20,h062,11:46:00,short,22645.0,22643.0,10.0,2024-12-20 11:46:00,11:45:00,True,10,28,53.0,105.0,5.3,10.5,tp
2024-12-20,h062,12:18:00,short,22614.0,22613.0,20.0,2024-12-20 12:18:00,12:16:00,False,0,4,23.0,135.0,1.15,6.75,tp
2024-12-20,h062,12:35:00,long,22613.0,22614.0,23.0,2024-12-20 12:35:00,12:31:00,False,4,8,134.0,11.0,5.826086956521739,0.4782608695652174,tp
2024-12-20,h062,13:04:00,long,22715.0,22722.0,32.0,2024-12-20 13:04:00,12:59:00,True,21,69,26.0,96.0,0.8125,3.0,sl
2024-12-23,h062,09:11:00,long,22984.0,23004.0,60.0,2024-12-23 09:11:00,09:10:00,True,46,114,241.0,69.0,4.016666666666667,1.15,sl
2024-12-23,h062,09:35:00,long,23066.0,23075.0,62.0,2024-12-23 09:35:00,09:34:00,True,66,97,170.0,31.0,2.7419354838709675,0.5,tp
2024-12-23,h062,11:48:00,short,23173.0,23172.0,10.0,2024-12-23 11:48:00,11:38:00,False,0,4,35.0,73.0,3.5,7.3,tp
2024-12-23,h062,12:36:00,short,23180.0,23175.0,11.0,2024-12-23 12:36:00,12:31:00,False,1,5,32.0,70.0,2.909090909090909,6.363636363636363,tp
2024-12-23,h062,13:03:00,short,23185.0,23181.0,24.0,2024-12-23 13:03:00,13:01:00,False,0,2,23.0,64.0,0.9583333333333334,2.6666666666666665,sl
2024-12-24,h062,10:48:00,long,23306.0,23308.0,26.0,2024-12-24 10:48:00,10:22:00,False,0,4,6.0,121.0,0.23076923076923078,4.653846153846154,sl
2024-12-24,h062,10:55:00,short,23273.0,23271.0,30.0,2024-12-24 10:55:00,10:54:00,False,3,9,84.0,23.0,2.8,0.7666666666666667,tp
2024-12-24,h062,11:52:00,short,23247.0,23246.0,18.0,2024-12-24 11:52:00,11:49:00,False,3,6,59.0,2.0,3.2777777777777777,0.1111111111111111,tp
2024-12-24,h062,12:03:00,short,23228.0,23220.0,12.0,2024-12-24 12:03:00,11:57:00,True,5,7,33.0,26.0,2.75,2.1666666666666665,tp
2024-12-24,h062,12:31:00,long,23223.0,23237.0,22.0,2024-12-24 12:31:00,12:30:00,False,4,9,8.0,50.0,0.36363636363636365,2.272727272727273,sl
2024-12-24,h062,13:21:00,short,23214.0,23213.0,13.0,2024-12-24 13:21:00,13:10:00,False,0,2,26.0,23.0,2.0,1.7692307692307692,sl
2024-12-25,h062,09:17:00,short,23293.0,23292.0,20.0,2024-12-25 09:17:00,09:15:00,True,7,12,52.0,53.0,2.6,2.65,sl
2024-12-25,h062,10:22:00,long,23286.0,23287.0,12.0,2024-12-25 10:22:00,10:15:00,True,5,9,58.0,47.0,4.833333333333333,3.9166666666666665,tp
2024-12-25,h062,10:41:00,short,23288.0,23287.0,29.0,2024-12-25 10:41:00,10:24:00,False,0,0,47.0,58.0,1.6206896551724137,2.0,tp
2024-12-25,h062,10:50:00,short,23265.0,23261.0,8.0,2024-12-25 10:50:00,10:45:00,True,8,9,21.0,84.0,2.625,10.5,tp
2024-12-25,h062,11:08:00,long,23254.0,23267.0,8.0,2024-12-25 11:08:00,11:07:00,False,3,6,78.0,27.0,9.75,3.375,sl
2024-12-25,h062,11:19:00,long,23252.0,23268.0,12.0,2024-12-25 11:19:00,11:16:00,True,10,22,77.0,16.0,6.416666666666667,1.3333333333333333,sl
2024-12-25,h062,11:30:00,long,23279.0,23282.0,14.0,2024-12-25 11:30:00,11:29:00,True,11,17,63.0,21.0,4.5,1.5,sl
2024-12-25,h062,12:17:00,long,23297.0,23302.0,13.0,2024-12-25 12:17:00,12:15:00,True,5,9,43.0,8.0,3.3076923076923075,0.6153846153846154,tp
2024-12-25,h062,12:46:00,short,23325.0,23317.0,13.0,2024-12-25 12:46:00,12:45:00,False,2,6,15.0,28.0,1.1538461538461537,2.1538461538461537,sl
2024-12-25,h062,13:18:00,short,23328.0,23327.0,17.0,2024-12-25 13:18:00,13:10:00,False,0,4,25.0,11.0,1.4705882352941178,0.6470588235294118,tp
2024-12-26,h062,10:07:00,short,23295.0,23294.0,14.0,2024-12-26 10:07:00,09:53:00,False,0,2,9.0,57.0,0.6428571428571429,4.071428571428571,sl
2024-12-26,h062,10:25:00,short,23318.0,23317.0,20.0,2024-12-26 10:25:00,10:18:00,False,0,0,32.0,34.0,1.6,1.7,sl
2024-12-26,h062,10:49:00,short,23329.0,23327.0,11.0,2024-12-26 10:49:00,10:45:00,False,0,0,42.0,24.0,3.8181818181818183,2.1818181818181817,sl
2024-12-26,h062,11:19:00,long,23303.0,23310.0,5.0,2024-12-26 11:19:00,11:18:00,False,0,3,41.0,25.0,8.2,5.0,tp
2024-12-26,h062,11:34:00,long,23299.0,23300.0,8.0,2024-12-26 11:34:00,11:32:00,False,0,1,51.0,15.0,6.375,1.875,tp
2024-12-26,h062,12:12:00,short,23327.0,23320.0,22.0,2024-12-26 12:12:00,12:04:00,False,0,4,35.0,11.0,1.5909090909090908,0.5,tp
2024-12-26,h062,13:00:00,long,23305.0,23307.0,5.0,2024-12-26 13:00:00,12:55:00,False,0,4,24.0,22.0,4.8,4.4,tp
2024-12-26,h062,13:24:00,short,23306.0,23305.0,12.0,2024-12-26 13:24:00,13:16:00,False,0,3,20.0,26.0,1.6666666666666667,2.1666666666666665,tp
2024-12-30,h062,09:34:00,short,23271.0,23268.0,17.0,2024-12-30 09:34:00,09:31:00,False,0,2,114.0,56.0,6.705882352941177,3.2941176470588234,sl
2024-12-30,h062,09:46:00,long,23300.0,23305.0,10.0,2024-12-30 09:46:00,09:45:00,True,28,36,19.0,151.0,1.9,15.1,sl
2024-12-30,h062,10:51:00,long,23266.0,23267.0,12.0,2024-12-30 10:51:00,10:50:00,False,0,4,16.0,113.0,1.3333333333333333,9.416666666666666,sl
2024-12-30,h062,12:15:00,short,23248.0,23242.0,5.0,2024-12-30 12:15:00,12:14:00,False,4,6,88.0,15.0,17.6,3.0,tp
2024-12-30,h062,12:21:00,long,23237.0,23240.0,7.0,2024-12-30 12:21:00,12:18:00,False,0,2,17.0,86.0,2.4285714285714284,12.285714285714286,sl
2024-12-30,h062,13:11:00,short,23212.0,23211.0,15.0,2024-12-30 13:11:00,13:02:00,False,0,1,57.0,11.0,3.8,0.7333333333333333,tp
2024-12-30,h062,13:23:00,short,23176.0,23170.0,27.0,2024-12-30 13:23:00,13:22:00,True,6,10,16.0,25.0,0.5925925925925926,0.9259259259259259,timeout
2024-12-31,h062,10:11:00,short,23040.0,23038.0,14.0,2024-12-31 10:11:00,10:10:00,False,3,6,78.0,72.0,5.571428571428571,5.142857142857143,sl
2024-12-31,h062,11:25:00,short,23008.0,23006.0,20.0,2024-12-31 11:25:00,11:20:00,False,4,8,46.0,104.0,2.3,5.2,tp
2024-12-31,h062,11:52:00,long,22980.0,22981.0,20.0,2024-12-31 11:52:00,11:45:00,False,0,4,129.0,15.0,6.45,0.75,tp
2024-12-31,h062,12:26:00,long,23000.0,23001.0,6.0,2024-12-31 12:26:00,12:24:00,True,8,8,109.0,0.0,18.166666666666668,0.0,tp
2024-12-31,h062,12:57:00,long,23065.0,23070.0,22.0,2024-12-31 12:57:00,12:56:00,True,16,31,40.0,33.0,1.8181818181818181,1.5,tp
2025-01-02,h062,09:40:00,long,22896.0,22898.0,31.0,2025-01-02 09:40:00,09:34:00,True,14,40,47.0,209.0,1.5161290322580645,6.741935483870968,tp
2025-01-02,h062,10:15:00,short,22846.0,22845.0,42.0,2025-01-02 10:15:00,09:59:00,True,7,9,156.0,31.0,3.7142857142857144,0.7380952380952381,tp
2025-01-02,h062,11:05:00,short,22815.0,22813.0,23.0,2025-01-02 11:05:00,10:58:00,True,34,49,124.0,63.0,5.391304347826087,2.739130434782609,tp
2025-01-02,h062,11:10:00,short,22796.0,22793.0,15.0,2025-01-02 11:10:00,11:06:00,True,7,19,104.0,83.0,6.933333333333334,5.533333333333333,tp
2025-01-02,h062,12:24:00,long,22759.0,22761.0,32.0,2025-01-02 12:24:00,12:13:00,True,10,13,115.0,72.0,3.59375,2.25,sl
2025-01-02,h062,12:39:00,long,22733.0,22734.0,9.0,2025-01-02 12:39:00,12:38:00,False,4,7,142.0,45.0,15.777777777777779,5.0,sl
2025-01-02,h062,12:46:00,short,22708.0,22707.0,14.0,2025-01-02 12:46:00,12:43:00,False,3,6,18.0,169.0,1.2857142857142858,12.071428571428571,tp
2025-01-02,h062,13:21:00,long,22782.0,22783.0,37.0,2025-01-02 13:21:00,13:19:00,True,7,15,93.0,14.0,2.5135135135135136,0.3783783783783784,tp
2025-01-03,h062,09:36:00,short,22934.0,22925.0,56.0,2025-01-03 09:36:00,09:35:00,True,10,22,20.0,183.0,0.35714285714285715,3.267857142857143,sl
2025-01-03,h062,10:30:00,long,22996.0,22997.0,21.0,2025-01-03 10:30:00,10:26:00,True,10,22,111.0,45.0,5.285714285714286,2.142857142857143,sl
2025-01-03,h062,10:32:00,short,22986.0,22972.0,21.0,2025-01-03 10:32:00,10:31:00,False,0,4,20.0,136.0,0.9523809523809523,6.476190476190476,sl
2025-01-03,h062,10:48:00,long,23019.0,23028.0,21.0,2025-01-03 10:48:00,10:41:00,True,9,17,80.0,76.0,3.8095238095238093,3.619047619047619,sl
2025-01-03,h062,11:01:00,long,23038.0,23040.0,20.0,2025-01-03 11:01:00,10:57:00,False,2,5,68.0,88.0,3.4,4.4,tp
2025-01-03,h062,11:06:00,long,23065.0,23093.0,19.0,2025-01-03 11:06:00,11:05:00,True,127,155,15.0,141.0,0.7894736842105263,7.421052631578948,sl
2025-01-03,h062,12:36:00,short,23011.0,23004.0,18.0,2025-01-03 12:36:00,12:31:00,True,9,12,52.0,0.0,2.888888888888889,0.0,tp
2025-01-03,h062,12:39:00,short,22992.0,22987.0,12.0,2025-01-03 12:39:00,12:37:00,True,12,16,35.0,4.0,2.9166666666666665,0.3333333333333333,tp
2025-01-03,h062,13:05:00,short,22960.0,22957.0,15.0,2025-01-03 13:05:00,12:58:00,True,12,14,5.0,29.0,0.3333333333333333,1.9333333333333333,sl
2025-01-06,h062,10:16:00,long,23469.0,23470.0,22.0,2025-01-06 10:16:00,10:15:00,True,9,17,150.0,1.0,6.818181818181818,0.045454545454545456,tp
2025-01-06,h062,11:03:00,long,23526.0,23528.0,15.0,2025-01-06 11:03:00,10:56:00,False,3,6,92.0,13.0,6.133333333333334,0.8666666666666667,tp
2025-01-06,h062,11:16:00,short,23540.0,23538.0,13.0,2025-01-06 11:16:00,11:15:00,False,4,8,5.0,82.0,0.38461538461538464,6.3076923076923075,sl
2025-01-06,h062,11:48:00,short,23593.0,23592.0,14.0,2025-01-06 11:48:00,11:46:00,False,0,3,37.0,28.0,2.642857142857143,2.0,tp
2025-01-06,h062,12:17:00,long,23576.0,23577.0,18.0,2025-01-06 12:17:00,12:16:00,False,4,7,43.0,22.0,2.388888888888889,1.2222222222222223,tp
2025-01-06,h062,13:13:00,short,23601.0,23600.0,13.0,2025-01-06 13:13:00,13:01:00,True,5,7,41.0,20.0,3.1538461538461537,1.5384615384615385,tp
2025-01-07,h062,10:37:00,short,23860.0,23853.0,36.0,2025-01-07 10:37:00,10:31:00,True,5,9,130.0,14.0,3.611111111111111,0.3888888888888889,tp
2025-01-07,h062,10:52:00,short,23800.0,23799.0,40.0,2025-01-07 10:52:00,10:51:00,True,14,25,76.0,39.0,1.9,0.975,tp
2025-01-07,h062,11:29:00,short,23777.0,23762.0,28.0,2025-01-07 11:29:00,11:25:00,True,13,32,39.0,76.0,1.3928571428571428,2.7142857142857144,sl
2025-01-07,h062,12:15:00,short,23795.0,23792.0,27.0,2025-01-07 12:15:00,12:10:00,True,6,8,69.0,46.0,2.5555555555555554,1.7037037037037037,sl
2025-01-07,h062,12:26:00,long,23833.0,23834.0,14.0,2025-01-07 12:26:00,12:22:00,False,4,7,4.0,111.0,0.2857142857142857,7.928571428571429,sl
2025-01-07,h062,12:38:00,short,23785.0,23780.0,40.0,2025-01-07 12:38:00,12:33:00,True,9,13,57.0,21.0,1.425,0.525,tp
2025-01-07,h062,12:41:00,long,23782.0,23785.0,27.0,2025-01-07 12:41:00,12:39:00,False,4,9,16.0,62.0,0.5925925925925926,2.2962962962962963,sl
2025-01-08,h062,10:47:00,short,23570.0,23558.0,17.0,2025-01-08 10:47:00,10:45:00,False,3,9,119.0,31.0,7.0,1.8235294117647058,sl
2025-01-08,h062,11:02:00,short,23528.0,23520.0,32.0,2025-01-08 11:02:00,11:01:00,True,16,27,81.0,14.0,2.53125,0.4375,tp
2025-01-08,h062,12:02:00,long,23520.0,23528.0,10.0,2025-01-08 12:02:00,12:01:00,True,9,22,6.0,89.0,0.6,8.9,sl
2025-01-08,h062,12:35:00,short,23474.0,23461.0,26.0,2025-01-08 12:35:00,12:34:00,True,14,30,22.0,44.0,0.8461538461538461,1.6923076923076923,sl
2025-01-09,h062,09:40:00,long,23324.0,23336.0,35.0,2025-01-09 09:40:00,09:37:00,True,11,24,50.0,253.0,1.4285714285714286,7.228571428571429,tp
2025-01-09,h062,10:32:00,short,23337.0,23331.0,49.0,2025-01-09 10:32:00,10:22:00,True,5,9,248.0,24.0,5.061224489795919,0.4897959183673469,tp
2025-01-09,h062,11:11:00,long,23307.0,23309.0,9.0,2025-01-09 11:11:00,11:10:00,False,0,4,-2.0,226.0,-0.2222222222222222,25.11111111111111,sl
2025-01-09,h062,11:21:00,long,23277.0,23279.0,13.0,2025-01-09 11:21:00,11:19:00,True,7,11,27.0,196.0,2.076923076923077,15.076923076923077,sl
2025-01-09,h062,11:54:00,short,23243.0,23241.0,24.0,2025-01-09 11:54:00,11:51:00,False,4,5,158.0,23.0,6.583333333333333,0.9583333333333334,tp
2025-01-09,h062,12:18:00,short,23182.0,23175.0,23.0,2025-01-09 12:18:00,12:14:00,False,3,6,92.0,33.0,4.0,1.434782608695652,sl
2025-01-09,h062,13:02:00,long,23143.0,23145.0,33.0,2025-01-09 13:02:00,13:00:00,True,5,10,5.0,62.0,0.15151515151515152,1.878787878787879,sl
2025-01-10,h062,10:04:00,short,23000.0,22990.0,45.0,2025-01-10 10:04:00,10:03:00,True,12,39,35.0,135.0,0.7777777777777778,3.0,sl
2025-01-10,h062,11:42:00,long,23014.0,23019.0,19.0,2025-01-10 11:42:00,11:39:00,False,4,5,106.0,64.0,5.578947368421052,3.3684210526315788,sl
2025-01-10,h062,11:49:00,long,23010.0,23016.0,21.0,2025-01-10 11:49:00,11:45:00,False,4,12,109.0,61.0,5.190476190476191,2.9047619047619047,sl
2025-01-10,h062,12:08:00,short,22965.0,22963.0,22.0,2025-01-10 12:08:00,12:04:00,True,8,8,8.0,162.0,0.36363636363636365,7.363636363636363,sl
2025-01-10,h062,12:52:00,long,23006.0,23013.0,16.0,2025-01-10 12:52:00,12:51:00,True,10,21,112.0,2.0,7.0,0.125,tp
2025-01-10,h062,13:07:00,long,23036.0,23039.0,19.0,2025-01-10 13:07:00,12:54:00,True,11,22,86.0,3.0,4.526315789473684,0.15789473684210525,tp
2025-01-10,h062,13:10:00,long,23084.0,23113.0,31.0,2025-01-10 13:10:00,13:09:00,True,29,90,12.0,77.0,0.3870967741935484,2.4838709677419355,sl
2025-01-13,h062,11:06:00,short,22570.0,22564.0,67.0,2025-01-13 11:06:00,10:46:00,False,4,10,98.0,20.0,1.462686567164179,0.29850746268656714,tp
2025-01-13,h062,11:14:00,short,22491.0,22489.0,49.0,2025-01-13 11:14:00,11:13:00,True,7,19,23.0,95.0,0.46938775510204084,1.9387755102040816,sl
2025-01-13,h062,12:05:00,short,22549.0,22540.0,18.0,2025-01-13 12:05:00,12:04:00,True,9,17,50.0,44.0,2.7777777777777777,2.4444444444444446,tp
2025-01-13,h062,12:12:00,short,22546.0,22536.0,38.0,2025-01-13 12:12:00,12:11:00,True,6,15,46.0,29.0,1.2105263157894737,0.7631578947368421,tp
2025-01-13,h062,12:58:00,short,22541.0,22537.0,24.0,2025-01-13 12:58:00,12:57:00,True,7,10,44.0,21.0,1.8333333333333333,0.875,tp
2025-01-14,h062,09:11:00,short,22629.0,22611.0,42.0,2025-01-14 09:11:00,09:10:00,True,10,32,81.0,156.0,1.9285714285714286,3.7142857142857144,tp
2025-01-14,h062,09:38:00,long,22648.0,22681.0,52.0,2025-01-14 09:38:00,09:37:00,True,86,107,86.0,69.0,1.6538461538461537,1.3269230769230769,sl
2025-01-14,h062,10:24:00,long,22654.0,22658.0,42.0,2025-01-14 10:24:00,10:08:00,True,8,8,109.0,25.0,2.5952380952380953,0.5952380952380952,tp
2025-01-14,h062,10:54:00,short,22669.0,22661.0,37.0,2025-01-14 10:54:00,10:53:00,False,4,11,5.0,106.0,0.13513513513513514,2.864864864864865,sl
2025-01-14,h062,12:31:00,short,22695.0,22692.0,12.0,2025-01-14 12:31:00,12:30:00,False,4,11,17.0,75.0,1.4166666666666667,6.25,sl
2025-01-14,h062,13:29:00,long,22720.0,22724.0,18.0,2025-01-14 13:29:00,13:25:00,True,33,76,43.0,10.0,2.388888888888889,0.5555555555555556,tp
2025-01-15,h062,09:13:00,short,22723.0,22722.0,38.0,2025-01-15 09:13:00,09:12:00,True,12,22,210.0,35.0,5.526315789473684,0.9210526315789473,tp
2025-01-15,h062,09:41:00,long,22713.0,22714.0,37.0,2025-01-15 09:41:00,09:36:00,True,17,32,43.0,202.0,1.162162162162162,5.45945945945946,sl
2025-01-15,h062,11:08:00,short,22686.0,22685.0,23.0,2025-01-15 11:08:00,11:06:00,False,0,2,173.0,4.0,7.521739130434782,0.17391304347826086,tp
2025-01-15,h062,11:26:00,long,22658.0,22661.0,18.0,2025-01-15 11:26:00,11:20:00,False,0,4,4.0,149.0,0.2222222222222222,8.277777777777779,sl
2025-01-15,h062,11:45:00,short,22622.0,22619.0,13.0,2025-01-15 11:45:00,11:44:00,True,30,53,107.0,10.0,8.23076923076923,0.7692307692307693,tp
2025-01-15,h062,11:48:00,long,22607.0,22609.0,14.0,2025-01-15 11:48:00,11:47:00,True,7,15,20.0,97.0,1.4285714285714286,6.928571428571429,sl
2025-01-15,h062,12:36:00,short,22587.0,22579.0,42.0,2025-01-15 12:36:00,12:30:00,True,5,14,67.0,18.0,1.5952380952380953,0.42857142857142855,tp
2025-01-15,h062,13:21:00,short,22567.0,22564.0,14.0,2025-01-15 13:21:00,13:01:00,True,9,23,52.0,30.0,3.7142857142857144,2.142857142857143,sl
2025-01-16,h062,09:52:00,short,23057.0,23041.0,43.0,2025-01-16 09:52:00,09:42:00,True,8,17,51.0,176.0,1.186046511627907,4.093023255813954,sl
2025-01-16,h062,10:30:00,short,23061.0,23060.0,33.0,2025-01-16 10:30:00,10:24:00,False,0,4,70.0,157.0,2.121212121212121,4.757575757575758,sl
2025-01-16,h062,10:46:00,short,23085.0,23074.0,17.0,2025-01-16 10:46:00,10:42:00,False,0,2,84.0,143.0,4.9411764705882355,8.411764705882353,sl
2025-01-16,h062,11:09:00,long,23148.0,23149.0,15.0,2025-01-16 11:09:00,11:05:00,True,5,7,68.0,159.0,4.533333333333333,10.6,tp
2025-01-16,h062,11:48:00,short,23177.0,23172.0,40.0,2025-01-16 11:48:00,11:33:00,False,0,3,182.0,13.0,4.55,0.325,tp
2025-01-16,h062,12:05:00,short,23153.0,23152.0,17.0,2025-01-16 12:05:00,12:00:00,False,0,2,162.0,33.0,9.529411764705882,1.9411764705882353,sl
2025-01-16,h062,12:18:00,short,23165.0,23158.0,13.0,2025-01-16 12:18:00,12:12:00,False,4,9,168.0,27.0,12.923076923076923,2.076923076923077,tp
2025-01-16,h062,13:01:00,short,23150.0,23142.0,14.0,2025-01-16 13:01:00,13:00:00,True,12,29,152.0,1.0,10.857142857142858,0.07142857142857142,tp
2025-01-16,h062,13:04:00,short,23128.0,23122.0,15.0,2025-01-16 13:04:00,13:02:00,False,3,8,132.0,0.0,8.8,0.0,tp
2025-01-16,h062,13:14:00,short,23103.0,23099.0,19.0,2025-01-16 13:14:00,13:05:00,True,10,21,109.0,6.0,5.7368421052631575,0.3157894736842105,tp
2025-01-17,h062,10:25:00,short,23077.0,23041.0,40.0,2025-01-17 10:25:00,10:22:00,True,18,33,31.0,165.0,0.775,4.125,sl
2025-01-17,h062,11:02:00,long,23044.0,23055.0,29.0,2025-01-17 11:02:00,10:50:00,True,6,11,151.0,31.0,5.206896551724138,1.0689655172413792,sl
2025-01-17,h062,11:53:00,short,23109.0,23105.0,26.0,2025-01-17 11:53:00,11:52:00,True,5,12,5.0,101.0,0.19230769230769232,3.8846153846153846,sl
2025-01-17,h062,12:11:00,long,23174.0,23177.0,31.0,2025-01-17 12:11:00,12:00:00,True,5,10,29.0,77.0,0.9354838709677419,2.4838709677419355,sl
2025-01-17,h062,13:16:00,long,23143.0,23156.0,42.0,2025-01-17 13:16:00,12:41:00,True,33,46,50.0,35.0,1.1904761904761905,0.8333333333333334,tp
2025-01-20,h062,09:50:00,short,23347.0,23346.0,19.0,2025-01-20 09:50:00,09:48:00,False,0,4,36.0,71.0,1.894736842105263,3.736842105263158,tp
2025-01-20,h062,10:27:00,long,23354.0,23355.0,22.0,2025-01-20 10:27:00,10:23:00,False,3,6,62.0,30.0,2.8181818181818183,1.3636363636363635,sl
2025-01-20,h062,10:48:00,short,23359.0,23352.0,17.0,2025-01-20 10:48:00,10:45:00,False,0,1,27.0,65.0,1.588235294117647,3.823529411764706,tp
2025-01-20,h062,11:15:00,long,23397.0,23398.0,27.0,2025-01-20 11:15:00,11:10:00,True,18,32,19.0,73.0,0.7037037037037037,2.7037037037037037,sl
2025-01-20,h062,12:29:00,long,23346.0,23347.0,13.0,2025-01-20 12:29:00,12:20:00,False,0,1,32.0,22.0,2.4615384615384617,1.6923076923076923,tp
2025-01-20,h062,12:55:00,long,23365.0,23366.0,12.0,2025-01-20 12:55:00,12:54:00,False,0,4,13.0,41.0,1.0833333333333333,3.4166666666666665,tp
2025-01-20,h062,13:24:00,long,23347.0,23349.0,14.0,2025-01-20 13:24:00,13:18:00,False,3,6,1.0,22.0,0.07142857142857142,1.5714285714285714,sl
2025-01-21,h062,09:47:00,long,23245.0,23256.0,42.0,2025-01-21 09:47:00,09:46:00,True,17,53,167.0,4.0,3.9761904761904763,0.09523809523809523,tp
2025-01-21,h062,10:44:00,short,23320.0,23319.0,25.0,2025-01-21 10:44:00,10:39:00,False,4,5,18.0,104.0,0.72,4.16,sl
2025-01-21,h062,11:16:00,long,23355.0,23360.0,14.0,2025-01-21 11:16:00,11:15:00,True,7,16,63.0,24.0,4.5,1.7142857142857142,tp
2025-01-21,h062,11:33:00,long,23411.0,23412.0,33.0,2025-01-21 11:33:00,11:28:00,True,9,18,11.0,76.0,0.3333333333333333,2.303030303030303,sl
2025-01-21,h062,12:23:00,short,23395.0,23393.0,9.0,2025-01-21 12:23:00,12:21:00,False,0,1,57.0,13.0,6.333333333333333,1.4444444444444444,tp
2025-01-21,h062,12:37:00,short,23377.0,23369.0,11.0,2025-01-21 12:37:00,12:33:00,False,2,6,33.0,37.0,3.0,3.3636363636363638,tp
2025-01-21,h062,13:02:00,long,23383.0,23384.0,22.0,2025-01-21 13:02:00,13:01:00,True,8,12,22.0,28.0,1.0,1.2727272727272727,tp
2025-01-22,h062,09:46:00,long,23652.0,23663.0,30.0,2025-01-22 09:46:00,09:34:00,True,29,51,56.0,59.0,1.8666666666666667,1.9666666666666666,tp
2025-01-22,h062,09:54:00,long,23685.0,23692.0,37.0,2025-01-22 09:54:00,09:53:00,True,8,23,27.0,88.0,0.7297297297297297,2.3783783783783785,sl
2025-01-22,h062,10:17:00,long,23701.0,23715.0,11.0,2025-01-22 10:17:00,10:16:00,True,45,67,4.0,111.0,0.36363636363636365,10.090909090909092,sl
2025-01-22,h062,10:37:00,long,23668.0,23670.0,36.0,2025-01-22 10:37:00,10:35:00,True,7,18,37.0,66.0,1.0277777777777777,1.8333333333333333,sl
2025-01-22,h062,10:54:00,short,23625.0,23622.0,26.0,2025-01-22 10:54:00,10:51:00,True,12,25,18.0,85.0,0.6923076923076923,3.269230769230769,sl
2025-01-22,h062,11:37:00,long,23653.0,23654.0,14.0,2025-01-22 11:37:00,11:32:00,True,7,11,53.0,34.0,3.7857142857142856,2.4285714285714284,sl
2025-01-22,h062,12:29:00,long,23636.0,23637.0,13.0,2025-01-22 12:29:00,12:21:00,False,3,5,70.0,5.0,5.384615384615385,0.38461538461538464,tp
2025-01-22,h062,13:25:00,short,23691.0,23683.0,11.0,2025-01-22 13:25:00,13:17:00,True,14,28,29.0,19.0,2.6363636363636362,1.7272727272727273,sl
2025-02-03,h062,11:32:00,long,22652.0,22658.0,19.0,2025-02-03 11:32:00,11:31:00,True,15,20,47.0,73.0,2.473684210526316,3.8421052631578947,sl
2025-02-03,h062,12:13:00,short,22609.0,22607.0,16.0,2025-02-03 12:13:00,12:07:00,False,0,3,22.0,98.0,1.375,6.125,sl
2025-02-03,h062,12:45:00,long,22628.0,22644.0,30.0,2025-02-03 12:45:00,12:38:00,True,9,16,61.0,59.0,2.033333333333333,1.9666666666666666,tp
2025-02-03,h062,12:50:00,long,22662.0,22666.0,17.0,2025-02-03 12:50:00,12:48:00,True,7,13,39.0,81.0,2.2941176470588234,4.764705882352941,tp
2025-02-04,h062,10:40:00,short,22868.0,22862.0,29.0,2025-02-04 10:40:00,10:34:00,True,6,9,154.0,31.0,5.310344827586207,1.0689655172413792,tp
2025-02-04,h062,11:11:00,long,22838.0,22847.0,12.0,2025-02-04 11:11:00,11:06:00,False,0,4,46.0,139.0,3.8333333333333335,11.583333333333334,sl
2025-02-04,h062,11:40:00,short,22830.0,22827.0,31.0,2025-02-04 11:40:00,11:35:00,False,0,4,119.0,66.0,3.838709677419355,2.129032258064516,sl
2025-02-04,h062,12:32:00,short,22867.0,22865.0,26.0,2025-02-04 12:32:00,12:28:00,False,0,3,157.0,11.0,6.038461538461538,0.4230769230769231,tp
2025-02-04,h062,12:53:00,long,22852.0,22857.0,17.0,2025-02-04 12:53:00,12:52:00,False,3,7,19.0,149.0,1.1176470588235294,8.764705882352942,tp
2025-02-04,h062,13:05:00,short,22826.0,22806.0,26.0,2025-02-04 13:05:00,13:04:00,True,18,43,98.0,24.0,3.769230769230769,0.9230769230769231,tp
2025-02-04,h062,13:08:00,short,22766.0,22757.0,44.0,2025-02-04 13:08:00,13:06:00,True,8,19,49.0,73.0,1.1136363636363635,1.6590909090909092,tp
2025-02-05,h062,10:15:00,short,23256.0,23255.0,28.0,2025-02-05 10:15:00,10:14:00,True,8,15,147.0,21.0,5.25,0.75,tp
2025-02-05,h062,10:48:00,long,23254.0,23255.0,19.0,2025-02-05 10:48:00,10:45:00,False,2,5,21.0,147.0,1.105263157894737,7.7368421052631575,tp
2025-02-05,h062,11:23:00,long,23252.0,23254.0,13.0,2025-02-05 11:23:00,11:18:00,False,0,1,8.0,146.0,0.6153846153846154,11.23076923076923,sl
2025-02-05,h062,11:29:00,long,23243.0,23244.0,13.0,2025-02-05 11:29:00,11:28:00,False,0,2,18.0,136.0,1.3846153846153846,10.461538461538462,tp
2025-02-05,h062,11:57:00,short,23210.0,23207.0,11.0,2025-02-05 11:57:00,11:56:00,False,0,3,99.0,55.0,9.0,5.0,sl
2025-02-05,h062,12:13:00,short,23221.0,23214.0,16.0,2025-02-05 12:13:00,12:08:00,False,0,1,106.0,48.0,6.625,3.0,sl
2025-02-05,h062,12:38:00,short,23237.0,23231.0,7.0,2025-02-05 12:38:00,12:37:00,False,0,1,123.0,31.0,17.571428571428573,4.428571428571429,sl
2025-02-05,h062,12:52:00,short,23229.0,23214.0,33.0,2025-02-05 12:52:00,12:44:00,True,7,9,106.0,13.0,3.212121212121212,0.3939393939393939,tp
2025-02-05,h062,13:09:00,long,23191.0,23193.0,19.0,2025-02-05 13:09:00,13:08:00,False,0,4,9.0,85.0,0.47368421052631576,4.473684210526316,sl
2025-02-06,h062,09:20:00,short,23345.0,23336.0,34.0,2025-02-06 09:20:00,09:14:00,False,4,6,102.0,12.0,3.0,0.35294117647058826,tp
2025-02-06,h062,09:40:00,short,23297.0,23295.0,23.0,2025-02-06 09:40:00,09:39:00,False,3,8,61.0,37.0,2.652173913043478,1.608695652173913,sl
2025-02-06,h062,10:09:00,short,23295.0,23288.0,21.0,2025-02-06 10:09:00,10:08:00,True,7,11,54.0,39.0,2.5714285714285716,1.8571428571428572,sl
2025-02-06,h062,12:02:00,long,23286.0,23291.0,10.0,2025-02-06 12:02:00,11:57:00,False,3,6,36.0,36.0,3.6,3.6,tp
2025-02-06,h062,12:06:00,short,23290.0,23287.0,10.0,2025-02-06 12:06:00,12:03:00,False,0,2,32.0,40.0,3.2,4.0,sl
2025-02-06,h062,12:31:00,long,23308.0,23317.0,8.0,2025-02-06 12:31:00,12:28:00,True,11,14,10.0,62.0,1.25,7.75,tp
2025-02-06,h062,12:36:00,short,23316.0,23312.0,11.0,2025-02-06 12:36:00,12:33:00,False,0,1,57.0,2.0,5.181818181818182,0.18181818181818182,tp
2025-02-06,h062,13:16:00,short,23272.0,23267.0,18.0,2025-02-06 13:16:00,13:07:00,False,0,3,12.0,47.0,0.6666666666666666,2.611111111111111,sl
2025-02-07,h062,09:57:00,long,23360.0,23362.0,37.0,2025-02-07 09:57:00,09:53:00,True,10,20,103.0,12.0,2.7837837837837838,0.32432432432432434,tp
2025-02-07,h062,10:02:00,long,23389.0,23391.0,20.0,2025-02-07 10:02:00,10:01:00,True,26,33,74.0,37.0,3.7,1.85,sl
2025-02-07,h062,10:31:00,short,23391.0,23388.0,13.0,2025-02-07 10:31:00,10:25:00,False,0,4,12.0,77.0,0.9230769230769231,5.923076923076923,sl
2025-02-07,h062,10:58:00,short,23394.0,23391.0,15.0,2025-02-07 10:58:00,10:57:00,False,0,3,6.0,74.0,0.4,4.933333333333334,sl
2025-02-07,h062,11:10:00,long,23422.0,23425.0,15.0,2025-02-07 11:10:00,11:08:00,True,7,14,40.0,40.0,2.6666666666666665,2.6666666666666665,sl
2025-02-07,h062,11:46:00,long,23403.0,23404.0,10.0,2025-02-07 11:46:00,11:44:00,False,0,1,61.0,19.0,6.1,1.9,sl
2025-02-07,h062,11:54:00,long,23402.0,23405.0,14.0,2025-02-07 11:54:00,11:47:00,False,0,2,60.0,20.0,4.285714285714286,1.4285714285714286,sl
2025-02-07,h062,12:37:00,long,23400.0,23409.0,15.0,2025-02-07 12:37:00,12:17:00,True,11,17,56.0,21.0,3.7333333333333334,1.4,sl
2025-02-07,h062,13:04:00,long,23418.0,23435.0,25.0,2025-02-07 13:04:00,13:00:00,True,23,51,30.0,10.0,1.2,0.4,tp
2025-02-07,h062,13:15:00,short,23438.0,23433.0,12.0,2025-02-07 13:15:00,13:10:00,False,0,1,8.0,32.0,0.6666666666666666,2.6666666666666665,sl
2025-02-10,h062,09:25:00,long,23300.0,23304.0,25.0,2025-02-10 09:25:00,09:23:00,True,16,37,39.0,137.0,1.56,5.48,tp
2025-02-10,h062,09:40:00,short,23265.0,23262.0,36.0,2025-02-10 09:40:00,09:39:00,True,22,34,95.0,81.0,2.638888888888889,2.25,tp
2025-02-10,h062,10:12:00,short,23244.0,23234.0,30.0,2025-02-10 10:12:00,10:01:00,True,14,18,67.0,109.0,2.2333333333333334,3.6333333333333333,sl
2025-02-10,h062,10:58:00,short,23216.0,23214.0,22.0,2025-02-10 10:58:00,10:48:00,True,14,17,47.0,129.0,2.1363636363636362,5.863636363636363,sl
2025-02-10,h062,11:10:00,short,23205.0,23203.0,12.0,2025-02-10 11:10:00,11:04:00,True,6,6,36.0,140.0,3.0,11.666666666666666,tp
2025-02-10,h062,11:14:00,short,23194.0,23190.0,11.0,2025-02-10 11:14:00,11:11:00,False,4,6,23.0,153.0,2.090909090909091,13.909090909090908,sl
2025-02-10,h062,11:31:00,long,23194.0,23196.0,26.0,2025-02-10 11:31:00,11:19:00,False,4,6,147.0,29.0,5.653846153846154,1.1153846153846154,sl
2025-02-10,h062,12:56:00,long,23191.0,23192.0,10.0,2025-02-10 12:56:00,12:55:00,True,7,12,151.0,14.0,15.1,1.4,sl
2025-02-10,h062,13:04:00,long,23217.0,23220.0,21.0,2025-02-10 13:04:00,13:03:00,True,5,5,123.0,11.0,5.857142857142857,0.5238095238095238,tp
2025-02-10,h062,13:18:00,long,23242.0,23245.0,29.0,2025-02-10 13:18:00,13:10:00,True,7,10,98.0,19.0,3.3793103448275863,0.6551724137931034,tp
2025-02-10,h062,13:26:00,short,23257.0,23248.0,12.0,2025-02-10 13:26:00,13:25:00,False,3,7,22.0,95.0,1.8333333333333333,7.916666666666667,sl
2025-02-11,h062,09:21:00,short,23484.0,23478.0,19.0,2025-02-11 09:21:00,09:15:00,True,6,11,176.0,5.0,9.263157894736842,0.2631578947368421,tp
2025-02-11,h062,10:08:00,short,23401.0,23395.0,21.0,2025-02-11 10:08:00,10:06:00,True,6,22,93.0,19.0,4.428571428571429,0.9047619047619048,tp
2025-02-11,h062,10:43:00,long,23365.0,23368.0,20.0,2025-02-11 10:43:00,10:40:00,False,3,7,15.0,66.0,0.75,3.3,sl
2025-02-11,h062,11:13:00,long,23339.0,23341.0,18.0,2025-02-11 11:13:00,11:10:00,False,3,6,33.0,39.0,1.8333333333333333,2.1666666666666665,tp
2025-02-11,h062,11:59:00,short,23314.0,23312.0,16.0,2025-02-11 11:59:00,11:50:00,False,0,2,10.0,62.0,0.625,3.875,sl
2025-02-11,h062,12:21:00,short,23317.0,23310.0,25.0,2025-02-11 12:21:00,12:20:00,False,0,1,8.0,64.0,0.32,2.56,sl
2025-02-11,h062,13:05:00,long,23340.0,23345.0,15.0,2025-02-11 13:05:00,13:01:00,False,4,8,29.0,20.0,1.9333333333333333,1.3333333333333333,tp
2025-02-11,h062,13:13:00,short,23346.0,23345.0,19.0,2025-02-11 13:13:00,13:06:00,False,4,8,20.0,29.0,1.0526315789473684,1.5263157894736843,sl
2025-02-11,h062,13:27:00,short,23353.0,23349.0,16.0,2025-02-11 13:27:00,13:24:00,False,4,11,24.0,25.0,1.5,1.5625,sl
2025-02-12,h062,10:20:00,long,23446.0,23449.0,13.0,2025-02-12 10:20:00,10:19:00,False,3,8,7.0,157.0,0.5384615384615384,12.076923076923077,sl
2025-02-12,h062,10:30:00,long,23413.0,23418.0,12.0,2025-02-12 10:30:00,10:27:00,True,10,11,16.0,126.0,1.3333333333333333,10.5,tp
2025-02-12,h062,10:48:00,short,23382.0,23371.0,23.0,2025-02-12 10:48:00,10:43:00,True,5,10,79.0,9.0,3.4347826086956523,0.391304347826087,tp
2025-02-12,h062,11:47:00,long,23354.0,23355.0,15.0,2025-02-12 11:47:00,11:39:00,True,7,12,6.0,63.0,0.4,4.2,sl
2025-02-12,h062,11:59:00,short,23327.0,23318.0,15.0,2025-02-12 11:59:00,11:58:00,True,21,27,26.0,28.0,1.7333333333333334,1.8666666666666667,sl
2025-02-13,h062,11:35:00,long,23386.0,23391.0,51.0,2025-02-13 11:35:00,10:30:00,True,13,25,41.0,20.0,0.803921568627451,0.39215686274509803,timeout
2025-02-13,h062,11:42:00,long,23410.0,23416.0,11.0,2025-02-13 11:42:00,11:40:00,False,4,12,16.0,45.0,1.4545454545454546,4.090909090909091,sl
2025-02-13,h062,12:38:00,long,23415.0,23416.0,12.0,2025-02-13 12:38:00,12:34:00,False,4,7,16.0,45.0,1.3333333333333333,3.75,sl
2025-02-13,h062,13:01:00,long,23388.0,23390.0,17.0,2025-02-13 13:01:00,12:57:00,False,4,5,42.0,5.0,2.4705882352941178,0.29411764705882354,tp
2025-02-13,h062,13:12:00,short,23403.0,23399.0,12.0,2025-02-13 13:12:00,13:10:00,False,3,6,14.0,33.0,1.1666666666666667,2.75,tp
2025-02-14,h062,09:19:00,long,23227.0,23229.0,46.0,2025-02-14 09:19:00,09:15:00,True,8,19,26.0,113.0,0.5652173913043478,2.4565217391304346,sl
2025-02-14,h062,10:00:00,short,23198.0,23197.0,38.0,2025-02-14 10:00:00,09:52:00,True,7,25,81.0,58.0,2.1315789473684212,1.5263157894736843,sl
2025-02-14,h062,10:38:00,long,23247.0,23252.0,14.0,2025-02-14 10:38:00,10:31:00,True,21,26,3.0,136.0,0.21428571428571427,9.714285714285714,sl
2025-02-14,h062,11:13:00,short,23209.0,23208.0,15.0,2025-02-14 11:13:00,11:09:00,False,0,2,92.0,10.0,6.133333333333334,0.6666666666666666,tp
2025-02-14,h062,11:19:00,short,23191.0,23181.0,21.0,2025-02-14 11:19:00,11:16:00,False,2,5,65.0,24.0,3.0952380952380953,1.1428571428571428,tp
2025-02-14,h062,12:03:00,short,23144.0,23142.0,20.0,2025-02-14 12:03:00,12:02:00,True,7,13,26.0,63.0,1.3,3.15,tp
2025-02-14,h062,12:38:00,long,23138.0,23153.0,17.0,2025-02-14 12:38:00,12:24:00,True,7,17,52.0,19.0,3.0588235294117645,1.1176470588235294,sl
2025-02-14,h062,13:05:00,long,23175.0,23179.0,14.0,2025-02-14 13:05:00,13:04:00,True,40,66,26.0,17.0,1.8571428571428572,1.2142857142857142,sl
2025-02-17,h062,09:20:00,long,23387.0,23407.0,30.0,2025-02-17 09:20:00,09:18:00,True,35,60,133.0,3.0,4.433333333333334,0.1,tp
2025-02-17,h062,10:40:00,long,23474.0,23479.0,25.0,2025-02-17 10:40:00,10:28:00,True,6,9,61.0,5.0,2.44,0.2,tp
2025-02-17,h062,10:54:00,long,23504.0,23505.0,20.0,2025-02-17 10:54:00,10:45:00,True,6,10,35.0,25.0,1.75,1.25,tp
2025-02-17,h062,11:26:00,short,23523.0,23522.0,8.0,2025-02-17 11:26:00,11:25:00,False,2,5,42.0,18.0,5.25,2.25,sl
2025-02-17,h062,12:04:00,short,23532.0,23526.0,8.0,2025-02-17 12:04:00,12:03:00,False,0,3,46.0,10.0,5.75,1.25,tp
2025-02-17,h062,13:02:00,short,23526.0,23525.0,10.0,2025-02-17 13:02:00,13:00:00,True,5,8,45.0,10.0,4.5,1.0,tp
2025-02-18,h062,10:34:00,long,23550.0,23552.0,9.0,2025-02-18 10:34:00,10:33:00,False,2,6,111.0,13.0,12.333333333333334,1.4444444444444444,tp
2025-02-18,h062,10:37:00,long,23561.0,23565.0,10.0,2025-02-18 10:37:00,10:35:00,True,11,13,98.0,26.0,9.8,2.6,sl
2025-02-18,h062,12:01:00,short,23567.0,23562.0,9.0,2025-02-18 12:01:00,12:00:00,False,0,2,9.0,101.0,1.0,11.222222222222221,tp
2025-02-18,h062,12:38:00,short,23566.0,23562.0,22.0,2025-02-18 12:38:00,12:35:00,False,4,10,9.0,101.0,0.4090909090909091,4.590909090909091,sl
2025-02-18,h062,12:44:00,long,23588.0,23596.0,23.0,2025-02-18 12:44:00,12:43:00,True,12,27,67.0,4.0,2.9130434782608696,0.17391304347826086,tp
2025-02-18,h062,13:00:00,long,23608.0,23613.0,13.0,2025-02-18 13:00:00,12:45:00,False,3,6,50.0,4.0,3.8461538461538463,0.3076923076923077,tp
2025-02-19,h062,09:41:00,long,23673.0,23680.0,23.0,2025-02-19 09:41:00,09:39:00,True,9,22,15.0,109.0,0.6521739130434783,4.739130434782608,sl
2025-02-19,h062,11:04:00,short,23619.0,23613.0,9.0,2025-02-19 11:04:00,11:03:00,False,0,0,42.0,65.0,4.666666666666667,7.222222222222222,sl
2025-02-19,h062,11:33:00,long,23650.0,23655.0,33.0,2025-02-19 11:33:00,11:07:00,True,10,27,23.0,84.0,0.696969696969697,2.5454545454545454,sl
2025-02-19,h062,11:44:00,short,23667.0,23661.0,11.0,2025-02-19 11:44:00,11:41:00,False,3,7,90.0,8.0,8.181818181818182,0.7272727272727273,tp
2025-02-19,h062,12:37:00,short,23613.0,23601.0,14.0,2025-02-19 12:37:00,12:36:00,True,16,22,30.0,19.0,2.142857142857143,1.3571428571428572,tp
2025-02-20,h062,09:11:00,short,23428.0,23417.0,31.0,2025-02-20 09:11:00,09:10:00,True,15,43,46.0,147.0,1.4838709677419355,4.741935483870968,sl
2025-02-20,h062,09:51:00,short,23393.0,23386.0,28.0,2025-02-20 09:51:00,09:47:00,True,13,21,15.0,178.0,0.5357142857142857,6.357142857142857,sl
2025-02-20,h062,10:56:00,long,23487.0,23488.0,36.0,2025-02-20 10:56:00,10:39:00,True,21,25,76.0,12.0,2.111111111111111,0.3333333333333333,tp
2025-02-20,h062,11:01:00,short,23488.0,23482.0,21.0,2025-02-20 11:01:00,10:57:00,False,0,2,6.0,82.0,0.2857142857142857,3.9047619047619047,sl
2025-02-20,h062,11:23:00,long,23505.0,23524.0,12.0,2025-02-20 11:23:00,11:21:00,True,48,60,40.0,17.0,3.3333333333333335,1.4166666666666667,tp
2025-02-20,h062,11:26:00,short,23523.0,23519.0,11.0,2025-02-20 11:26:00,11:24:00,False,3,9,12.0,45.0,1.0909090909090908,4.090909090909091,sl
2025-02-20,h062,12:18:00,long,23532.0,23540.0,12.0,2025-02-20 12:18:00,12:13:00,True,5,9,19.0,33.0,1.5833333333333333,2.75,tp
2025-02-20,h062,13:17:00,short,23515.0,23514.0,22.0,2025-02-20 13:17:00,13:13:00,False,0,4,7.0,27.0,0.3181818181818182,1.2272727272727273,sl
2025-02-21,h062,09:37:00,long,23573.0,23580.0,40.0,2025-02-21 09:37:00,09:36:00,True,13,40,181.0,1.0,4.525,0.025,tp
2025-02-21,h062,09:39:00,long,23610.0,23611.0,31.0,2025-02-21 09:39:00,09:38:00,True,12,30,150.0,16.0,4.838709677419355,0.5161290322580645,tp
2025-02-21,h062,10:13:00,long,23661.0,23663.0,16.0,2025-02-21 10:13:00,10:10:00,True,6,16,98.0,11.0,6.125,0.6875,tp
2025-02-21,h062,10:40:00,long,23695.0,23697.0,19.0,2025-02-21 10:40:00,10:36:00,False,4,10,64.0,11.0,3.3684210526315788,0.5789473684210527,tp
2025-02-21,h062,11:20:00,short,23708.0,23705.0,11.0,2025-02-21 11:20:00,11:19:00,False,0,1,3.0,56.0,0.2727272727272727,5.090909090909091,sl
2025-02-21,h062,11:26:00,short,23715.0,23712.0,8.0,2025-02-21 11:26:00,11:23:00,False,0,1,10.0,49.0,1.25,6.125,sl
2025-02-21,h062,12:10:00,short,23722.0,23721.0,8.0,2025-02-21 12:10:00,12:01:00,False,0,3,19.0,40.0,2.375,5.0,sl
2025-02-21,h062,12:44:00,short,23705.0,23703.0,12.0,2025-02-21 12:44:00,12:41:00,False,3,7,1.0,58.0,0.08333333333333333,4.833333333333333,sl
2025-02-21,h062,13:11:00,long,23739.0,23742.0,13.0,2025-02-21 13:11:00,13:00:00,True,11,20,19.0,21.0,1.4615384615384615,1.6153846153846154,sl
2025-02-24,h062,10:05:00,long,23474.0,23482.0,22.0,2025-02-24 10:05:00,10:00:00,True,9,14,82.0,10.0,3.727272727272727,0.45454545454545453,tp
2025-02-24,h062,10:49:00,long,23527.0,23540.0,15.0,2025-02-24 10:49:00,10:46:00,True,12,14,24.0,31.0,1.6,2.066666666666667,sl
2025-02-24,h062,11:51:00,short,23545.0,23539.0,10.0,2025-02-24 11:51:00,11:49:00,False,0,3,30.0,25.0,3.0,2.5,sl
2025-02-24,h062,12:28:00,short,23554.0,23552.0,10.0,2025-02-24 12:28:00,12:21:00,False,4,5,43.0,9.0,4.3,0.9,tp
2025-02-24,h062,12:47:00,short,23520.0,23512.0,14.0,2025-02-24 12:47:00,12:43:00,True,5,12,3.0,47.0,0.21428571428571427,3.357142857142857,sl
2025-02-25,h062,10:03:00,long,23276.0,23294.0,42.0,2025-02-25 10:03:00,10:02:00,True,45,95,51.0,48.0,1.2142857142857142,1.1428571428571428,sl
2025-02-25,h062,12:32:00,short,23303.0,23275.0,22.0,2025-02-25 12:32:00,12:30:00,True,19,30,29.0,29.0,1.3181818181818181,1.3181818181818181,tp
2025-02-25,h062,12:36:00,long,23281.0,23282.0,18.0,2025-02-25 12:36:00,12:33:00,False,0,1,22.0,36.0,1.2222222222222223,2.0,sl
2025-02-25,h062,13:17:00,long,23291.0,23292.0,12.0,2025-02-25 13:17:00,13:15:00,True,16,28,12.0,24.0,1.0,2.0,sl
2025-02-25,h062,13:29:00,short,23278.0,23275.0,16.0,2025-02-25 13:29:00,13:25:00,True,29,44,3.0,29.0,0.1875,1.8125,sl
2025-02-26,h062,10:36:00,short,23281.0,23258.0,11.0,2025-02-26 10:36:00,10:33:00,False,4,7,15.0,163.0,1.3636363636363635,14.818181818181818,tp
2025-02-26,h062,10:57:00,short,23286.0,23284.0,9.0,2025-02-26 10:57:00,10:54:00,False,2,5,10.0,137.0,1.1111111111111112,15.222222222222221,sl
2025-02-26,h062,11:10:00,long,23305.0,23307.0,9.0,2025-02-26 11:10:00,11:05:00,True,5,15,114.0,33.0,12.666666666666666,3.6666666666666665,tp
2025-02-26,h062,12:04:00,short,23307.0,23303.0,6.0,2025-02-26 12:04:00,12:02:00,False,0,4,29.0,118.0,4.833333333333333,19.666666666666668,tp
2025-02-26,h062,12:18:00,short,23295.0,23290.0,14.0,2025-02-26 12:18:00,12:16:00,True,9,15,16.0,131.0,1.1428571428571428,9.357142857142858,tp
2025-02-26,h062,12:50:00,long,23345.0,23355.0,7.0,2025-02-26 12:50:00,12:49:00,True,19,51,66.0,20.0,9.428571428571429,2.857142857142857,sl
2025-02-26,h062,13:12:00,short,23380.0,23377.0,14.0,2025-02-26 13:12:00,13:06:00,True,6,18,20.0,44.0,1.4285714285714286,3.142857142857143,tp
2025-02-27,h062,10:06:00,short,23290.0,23244.0,39.0,2025-02-27 10:06:00,10:05:00,True,26,55,117.0,4.0,3.0,0.10256410256410256,tp
2025-02-27,h062,10:09:00,short,23212.0,23211.0,33.0,2025-02-27 10:09:00,10:07:00,True,13,31,84.0,37.0,2.5454545454545454,1.121212121212121,sl
2025-02-27,h062,10:59:00,long,23168.0,23169.0,33.0,2025-02-27 10:59:00,10:54:00,True,7,15,38.0,42.0,1.1515151515151516,1.2727272727272727,tp
2025-02-27,h062,13:25:00,short,23163.0,23156.0,19.0,2025-02-27 13:25:00,13:22:00,True,14,38,23.0,47.0,1.2105263157894737,2.473684210526316,sl
2025-03-03,h062,10:16:00,short,22714.0,22702.0,36.0,2025-03-03 10:16:00,10:14:00,False,4,8,91.0,63.0,2.5277777777777777,1.75,tp
2025-03-03,h062,10:54:00,short,22712.0,22703.0,21.0,2025-03-03 10:54:00,10:53:00,False,0,1,92.0,62.0,4.380952380952381,2.9523809523809526,tp
2025-03-03,h062,11:14:00,short,22655.0,22653.0,29.0,2025-03-03 11:14:00,10:57:00,False,0,1,42.0,112.0,1.4482758620689655,3.8620689655172415,tp
2025-03-03,h062,11:30:00,long,22645.0,22647.0,34.0,2025-03-03 11:30:00,11:25:00,False,4,12,118.0,0.0,3.4705882352941178,0.0,tp
2025-03-03,h062,12:04:00,short,22697.0,22687.0,27.0,2025-03-03 12:04:00,11:55:00,False,2,6,3.0,78.0,0.1111111111111111,2.888888888888889,sl
2025-03-03,h062,12:15:00,short,22727.0,22726.0,23.0,2025-03-03 12:15:00,12:14:00,False,4,6,34.0,39.0,1.4782608695652173,1.6956521739130435,sl
2025-03-03,h062,12:21:00,short,22738.0,22734.0,27.0,2025-03-03 12:21:00,12:18:00,False,3,5,42.0,16.0,1.5555555555555556,0.5925925925925926,tp
2025-03-04,h062,11:12:00,long,22564.0,22570.0,27.0,2025-03-04 11:12:00,11:08:00,False,0,3,98.0,25.0,3.6296296296296298,0.9259259259259259,tp
2025-03-04,h062,11:15:00,short,22559.0,22556.0,40.0,2025-03-04 11:15:00,11:14:00,True,7,19,11.0,112.0,0.275,2.8,sl
2025-03-04,h062,11:35:00,short,22573.0,22569.0,22.0,2025-03-04 11:35:00,11:30:00,False,0,4,24.0,99.0,1.0909090909090908,4.5,sl
2025-03-04,h062,13:05:00,long,22622.0,22626.0,41.0,2025-03-04 13:05:00,13:01:00,True,5,10,19.0,81.0,0.4634146341463415,1.975609756097561,sl
2025-03-04,h062,13:17:00,short,22605.0,22590.0,24.0,2025-03-04 13:17:00,13:16:00,True,23,38,45.0,24.0,1.875,1.0,sl
2025-03-05,h062,10:15:00,short,22783.0,22781.0,46.0,2025-03-05 10:15:00,10:12:00,True,5,11,3.0,146.0,0.06521739130434782,3.1739130434782608,sl
2025-03-05,h062,11:13:00,long,22890.0,22898.0,24.0,2025-03-05 11:13:00,11:10:00,True,18,36,29.0,45.0,1.2083333333333333,1.875,sl
2025-03-05,h062,11:59:00,short,22889.0,22883.0,14.0,2025-03-05 11:59:00,11:52:00,False,0,4,30.0,44.0,2.142857142857143,3.142857142857143,tp
2025-03-05,h062,12:30:00,short,22909.0,22904.0,18.0,2025-03-05 12:30:00,12:29:00,True,9,16,51.0,22.0,2.8333333333333335,1.2222222222222223,sl
2025-03-05,h062,13:04:00,long,22922.0,22923.0,14.0,2025-03-05 13:04:00,13:01:00,False,3,7,3.0,70.0,0.21428571428571427,5.0,sl
2025-03-05,h062,13:15:00,short,22913.0,22906.0,13.0,2025-03-05 13:15:00,13:10:00,True,6,11,53.0,8.0,4.076923076923077,0.6153846153846154,tp
2025-03-06,h062,09:29:00,short,22835.0,22834.0,32.0,2025-03-06 09:29:00,09:28:00,True,8,19,130.0,17.0,4.0625,0.53125,tp
2025-03-06,h062,09:41:00,short,22792.0,22791.0,43.0,2025-03-06 09:41:00,09:39:00,True,8,17,87.0,60.0,2.0232558139534884,1.3953488372093024,sl
2025-03-06,h062,10:36:00,short,22762.0,22757.0,52.0,2025-03-06 10:36:00,10:35:00,True,17,47,53.0,60.0,1.0192307692307692,1.1538461538461537,tp
2025-03-06,h062,11:13:00,short,22720.0,22713.0,17.0,2025-03-06 11:13:00,11:10:00,True,13,22,4.0,104.0,0.23529411764705882,6.117647058823529,sl
2025-03-06,h062,11:49:00,long,22758.0,22764.0,13.0,2025-03-06 11:49:00,11:46:00,True,12,18,53.0,32.0,4.076923076923077,2.4615384615384617,sl
2025-03-06,h062,12:36:00,long,22783.0,22784.0,21.0,2025-03-06 12:36:00,12:30:00,False,4,5,33.0,52.0,1.5714285714285714,2.4761904761904763,tp
2025-03-06,h062,12:55:00,short,22796.0,22776.0,14.0,2025-03-06 12:55:00,12:44:00,False,0,4,44.0,13.0,3.142857142857143,0.9285714285714286,tp
2025-03-07,h062,09:58:00,short,22561.0,22560.0,31.0,2025-03-07 09:58:00,09:52:00,False,0,4,80.0,36.0,2.5806451612903225,1.1612903225806452,tp
2025-03-07,h062,10:11:00,long,22515.0,22529.0,35.0,2025-03-07 10:11:00,10:10:00,True,41,68,67.0,31.0,1.9142857142857144,0.8857142857142857,tp
2025-03-07,h062,12:01:00,long,22573.0,22577.0,16.0,2025-03-07 12:01:00,12:00:00,True,14,35,19.0,69.0,1.1875,4.3125,tp
2025-03-07,h062,12:55:00,long,22527.0,22534.0,16.0,2025-03-07 12:55:00,12:54:00,False,3,7,33.0,26.0,2.0625,1.625,sl
2025-03-07,h062,13:28:00,long,22537.0,22542.0,17.0,2025-03-07 13:28:00,13:25:00,True,12,30,25.0,30.0,1.4705882352941178,1.7647058823529411,tp
2025-03-10,h062,09:53:00,long,22371.0,22383.0,56.0,2025-03-10 09:53:00,09:49:00,True,12,22,148.0,5.0,2.642857142857143,0.08928571428571429,tp
2025-03-10,h062,11:14:00,short,22422.0,22420.0,25.0,2025-03-10 11:14:00,11:13:00,True,8,13,8.0,74.0,0.32,2.96,sl
2025-03-11,h062,11:17:00,short,22033.0,22032.0,31.0,2025-03-11 11:17:00,11:07:00,True,8,19,74.0,53.0,2.3870967741935485,1.7096774193548387,tp
2025-03-11,h062,13:20:00,long,22039.0,22043.0,19.0,2025-03-11 13:20:00,13:19:00,True,6,12,11.0,37.0,0.5789473684210527,1.9473684210526316,sl
2025-03-12,h062,09:43:00,long,22173.0,22177.0,26.0,2025-03-12 09:43:00,09:38:00,True,6,11,168.0,67.0,6.461538461538462,2.576923076923077,tp
2025-03-12,h062,10:45:00,long,22297.0,22298.0,35.0,2025-03-12 10:45:00,10:43:00,True,29,38,47.0,188.0,1.3428571428571427,5.371428571428571,tp
2025-03-12,h062,11:59:00,short,22242.0,22235.0,25.0,2025-03-12 11:59:00,11:55:00,False,0,1,125.0,5.0,5.0,0.2,tp
2025-03-12,h062,12:03:00,short,22216.0,22208.0,20.0,2025-03-12 12:03:00,12:00:00,True,8,19,98.0,32.0,4.9,1.6,sl
2025-03-13,h062,10:20:00,short,22305.0,22297.0,25.0,2025-03-13 10:20:00,10:19:00,True,5,13,380.0,12.0,15.2,0.48,tp
2025-03-13,h062,12:26:00,short,22081.0,22076.0,24.0,2025-03-13 12:26:00,12:25:00,False,0,3,159.0,2.0,6.625,0.08333333333333333,tp
2025-03-13,h062,12:37:00,short,22015.0,22010.0,27.0,2025-03-13 12:37:00,12:35:00,False,0,4,93.0,23.0,3.4444444444444446,0.8518518518518519,tp
2025-03-14,h062,10:15:00,long,21908.0,21921.0,31.0,2025-03-14 10:15:00,10:10:00,True,15,49,119.0,40.0,3.838709677419355,1.2903225806451613,sl
2025-03-14,h062,11:08:00,short,21990.0,21989.0,17.0,2025-03-14 11:08:00,11:03:00,False,0,0,51.0,51.0,3.0,3.0,tp
2025-03-14,h062,11:39:00,long,22030.0,22035.0,25.0,2025-03-14 11:39:00,11:38:00,True,18,38,1.0,97.0,0.04,3.88,sl
2025-03-14,h062,12:15:00,long,21989.0,21999.0,11.0,2025-03-14 12:15:00,12:14:00,False,0,4,30.0,61.0,2.727272727272727,5.545454545454546,sl
2025-03-14,h062,13:22:00,short,21990.0,21987.0,15.0,2025-03-14 13:22:00,13:21:00,False,0,3,49.0,3.0,3.2666666666666666,0.2,tp
2025-03-14,h062,13:26:00,short,21963.0,21960.0,22.0,2025-03-14 13:26:00,13:25:00,True,7,17,22.0,9.0,1.0,0.4090909090909091,tp
2025-03-17,h062,09:45:00,long,22258.0,22274.0,45.0,2025-03-17 09:45:00,09:44:00,True,37,86,38.0,163.0,0.8444444444444444,3.6222222222222222,sl
2025-03-17,h062,10:13:00,short,22170.0,22167.0,45.0,2025-03-17 10:13:00,10:10:00,True,27,39,56.0,113.0,1.2444444444444445,2.511111111111111,sl
2025-03-17,h062,11:14:00,long,22206.0,22208.0,17.0,2025-03-17 11:14:00,11:11:00,True,6,14,22.0,97.0,1.2941176470588236,5.705882352941177,sl
2025-03-17,h062,11:58:00,short,22191.0,22186.0,13.0,2025-03-17 11:58:00,11:57:00,False,4,8,75.0,44.0,5.769230769230769,3.3846153846153846,sl
2025-03-17,h062,12:08:00,short,22198.0,22195.0,32.0,2025-03-17 12:08:00,12:03:00,False,0,0,84.0,26.0,2.625,0.8125,tp
2025-03-17,h062,12:15:00,long,22192.0,22194.0,22.0,2025-03-17 12:15:00,12:10:00,False,3,5,27.0,83.0,1.2272727272727273,3.772727272727273,tp
2025-03-17,h062,13:17:00,long,22138.0,22139.0,22.0,2025-03-17 13:17:00,13:13:00,True,16,27,26.0,23.0,1.1818181818181819,1.0454545454545454,sl
2025-03-18,h062,10:55:00,long,22208.0,22213.0,15.0,2025-03-18 10:55:00,10:45:00,True,10,20,46.0,21.0,3.066666666666667,1.4,sl
2025-03-18,h062,13:04:00,short,22242.0,22241.0,17.0,2025-03-18 13:04:00,13:01:00,True,5,9,25.0,7.0,1.4705882352941178,0.4117647058823529,tp
2025-03-19,h062,09:13:00,short,22199.0,22187.0,37.0,2025-03-19 09:13:00,09:12:00,True,7,14,210.0,54.0,5.675675675675675,1.4594594594594594,sl
2025-03-19,h062,10:30:00,short,22103.0,22101.0,21.0,2025-03-19 10:30:00,10:23:00,True,19,20,124.0,31.0,5.904761904761905,1.4761904761904763,tp
2025-03-19,h062,12:16:00,short,22039.0,22032.0,12.0,2025-03-19 12:16:00,12:14:00,True,10,13,55.0,15.0,4.583333333333333,1.25,tp
2025-03-19,h062,12:39:00,short,21992.0,21984.0,11.0,2025-03-19 12:39:00,12:37:00,True,7,16,7.0,63.0,0.6363636363636364,5.7272727272727275,sl
2025-03-19,h062,13:08:00,long,22010.0,22014.0,16.0,2025-03-19 13:08:00,13:07:00,True,10,26,33.0,6.0,2.0625,0.375,tp
2025-03-20,h062,09:37:00,short,22255.0,22251.0,31.0,2025-03-20 09:37:00,09:35:00,True,19,20,31.0,166.0,1.0,5.354838709677419,tp
2025-03-20,h062,11:02:00,long,22304.0,22309.0,18.0,2025-03-20 11:02:00,11:00:00,True,10,19,108.0,6.0,6.0,0.3333333333333333,tp
2025-03-20,h062,11:10:00,long,22329.0,22357.0,12.0,2025-03-20 11:10:00,11:09:00,True,86,130,60.0,15.0,5.0,1.25,sl
2025-03-20,h062,11:17:00,long,22387.0,22391.0,35.0,2025-03-20 11:17:00,11:16:00,True,32,62,26.0,30.0,0.7428571428571429,0.8571428571428571,timeout
2025-03-20,h062,13:08:00,long,22412.0,22417.0,18.0,2025-03-20 13:08:00,13:07:00,True,19,29,0.0,54.0,0.0,3.0,sl
2025-03-21,h062,10:07:00,long,22254.0,22260.0,20.0,2025-03-21 10:07:00,10:05:00,True,6,11,35.0,87.0,1.75,4.35,sl
2025-03-21,h062,10:25:00,long,22212.0,22229.0,21.0,2025-03-21 10:25:00,10:24:00,True,18,31,66.0,56.0,3.142857142857143,2.6666666666666665,sl
2025-03-21,h062,12:13:00,long,22280.0,22293.0,13.0,2025-03-21 12:13:00,12:12:00,True,11,23,2.0,120.0,0.15384615384615385,9.23076923076923,sl
2025-03-21,h062,12:46:00,short,22260.0,22255.0,17.0,2025-03-21 12:46:00,12:44:00,False,2,5,82.0,10.0,4.823529411764706,0.5882352941176471,tp
2025-03-21,h062,13:01:00,short,22227.0,22220.0,15.0,2025-03-21 13:01:00,12:58:00,True,9,14,47.0,-1.0,3.1333333333333333,-0.06666666666666667,tp
2025-03-24,h062,11:02:00,short,22197.0,22191.0,10.0,2025-03-24 11:02:00,10:57:00,True,18,24,67.0,31.0,6.7,3.1,sl
2025-03-24,h062,11:26:00,short,22178.0,22165.0,9.0,2025-03-24 11:26:00,11:25:00,True,7,20,41.0,30.0,4.555555555555555,3.3333333333333335,tp
2025-03-24,h062,11:30:00,short,22151.0,22128.0,15.0,2025-03-24 11:30:00,11:27:00,True,25,36,4.0,67.0,0.26666666666666666,4.466666666666667,sl
2025-03-24,h062,12:08:00,short,22163.0,22158.0,15.0,2025-03-24 12:08:00,12:04:00,True,5,6,31.0,37.0,2.066666666666667,2.466666666666667,tp
2025-03-24,h062,13:15:00,long,22149.0,22151.0,14.0,2025-03-24 13:15:00,13:14:00,False,3,6,10.0,24.0,0.7142857142857143,1.7142857142857142,sl
2025-03-25,h062,09:42:00,long,22399.0,22402.0,35.0,2025-03-25 09:42:00,09:40:00,True,7,17,41.0,200.0,1.1714285714285715,5.714285714285714,tp
2025-03-25,h062,09:47:00,short,22422.0,22410.0,21.0,2025-03-25 09:47:00,09:45:00,True,8,17,208.0,19.0,9.904761904761905,0.9047619047619048,tp
2025-03-25,h062,10:44:00,short,22262.0,22251.0,18.0,2025-03-25 10:44:00,10:43:00,True,25,42,49.0,62.0,2.7222222222222223,3.4444444444444446,tp
2025-03-25,h062,10:47:00,short,22225.0,22223.0,26.0,2025-03-25 10:47:00,10:45:00,True,14,18,21.0,90.0,0.8076923076923077,3.4615384615384617,sl
2025-03-25,h062,12:13:00,short,22250.0,22244.0,9.0,2025-03-25 12:13:00,12:12:00,False,3,8,21.0,69.0,2.3333333333333335,7.666666666666667,tp
2025-03-25,h062,12:17:00,short,22231.0,22225.0,11.0,2025-03-25 12:17:00,12:16:00,False,4,8,2.0,88.0,0.18181818181818182,8.0,sl
2025-03-25,h062,12:42:00,long,22292.0,22294.0,16.0,2025-03-25 12:42:00,12:38:00,True,5,10,19.0,21.0,1.1875,1.3125,sl
2025-03-26,h062,09:35:00,long,22334.0,22337.0,27.0,2025-03-26 09:35:00,09:33:00,True,6,10,32.0,87.0,1.1851851851851851,3.2222222222222223,tp
2025-03-26,h062,10:09:00,short,22305.0,22295.0,15.0,2025-03-26 10:09:00,10:07:00,True,24,39,45.0,51.0,3.0,3.4,tp
2025-03-26,h062,10:16:00,short,22289.0,22280.0,16.0,2025-03-26 10:16:00,10:10:00,True,31,55,30.0,66.0,1.875,4.125,tp
2025-03-26,h062,11:49:00,long,22280.0,22293.0,12.0,2025-03-26 11:49:00,11:42:00,True,20,27,53.0,6.0,4.416666666666667,0.5,tp
2025-03-26,h062,13:02:00,short,22322.0,22321.0,13.0,2025-03-26 13:02:00,13:00:00,False,4,7,28.0,14.0,2.1538461538461537,1.0769230769230769,sl
2025-03-27,h062,09:39:00,long,21944.0,21947.0,39.0,2025-03-27 09:39:00,09:36:00,True,12,28,57.0,56.0,1.4615384615384615,1.435897435897436,tp
2025-03-27,h062,10:45:00,short,21983.0,21977.0,21.0,2025-03-27 10:45:00,10:43:00,True,8,11,86.0,16.0,4.095238095238095,0.7619047619047619,tp
2025-03-27,h062,11:09:00,short,21925.0,21921.0,17.0,2025-03-27 11:09:00,11:07:00,True,8,17,30.0,66.0,1.7647058823529411,3.8823529411764706,tp
2025-03-27,h062,11:17:00,long,21916.0,21920.0,25.0,2025-03-27 11:17:00,11:12:00,True,8,15,67.0,23.0,2.68,0.92,tp
2025-03-27,h062,11:45:00,short,21928.0,21926.0,12.0,2025-03-27 11:45:00,11:38:00,False,0,4,6.0,61.0,0.5,5.083333333333333,sl
2025-03-27,h062,11:48:00,long,21944.0,21951.0,11.0,2025-03-27 11:48:00,11:47:00,True,17,27,36.0,31.0,3.272727272727273,2.8181818181818183,sl
2025-03-27,h062,12:33:00,short,21942.0,21940.0,23.0,2025-03-27 12:33:00,12:23:00,False,0,2,20.0,47.0,0.8695652173913043,2.0434782608695654,sl
2025-03-27,h062,13:02:00,long,21934.0,21938.0,11.0,2025-03-27 13:02:00,13:00:00,False,3,7,49.0,18.0,4.454545454545454,1.6363636363636365,sl
2025-03-27,h062,13:29:00,long,21957.0,21958.0,17.0,2025-03-27 13:29:00,13:23:00,True,10,36,29.0,11.0,1.7058823529411764,0.6470588235294118,tp
2025-03-28,h062,09:45:00,short,21658.0,21654.0,35.0,2025-03-28 09:45:00,09:41:00,True,12,34,169.0,32.0,4.828571428571428,0.9142857142857143,tp
2025-03-28,h062,10:49:00,short,21552.0,21541.0,18.0,2025-03-28 10:49:00,10:46:00,False,4,14,56.0,73.0,3.111111111111111,4.055555555555555,tp
2025-03-28,h062,12:00:00,long,21502.0,21505.0,11.0,2025-03-28 12:00:00,11:58:00,False,4,12,109.0,20.0,9.909090909090908,1.8181818181818181,tp
2025-03-28,h062,12:20:00,long,21531.0,21542.0,25.0,2025-03-28 12:20:00,12:19:00,True,19,40,72.0,37.0,2.88,1.48,tp
2025-03-28,h062,13:07:00,long,21580.0,21583.0,18.0,2025-03-28 13:07:00,13:03:00,True,10,20,31.0,32.0,1.7222222222222223,1.7777777777777777,tp
2025-03-31,h062,10:18:00,short,20889.0,20865.0,22.0,2025-03-31 10:18:00,10:14:00,True,66,91,141.0,34.0,6.409090909090909,1.5454545454545454,tp
2025-03-31,h062,12:33:00,long,20828.0,20842.0,32.0,2025-03-31 12:33:00,12:29:00,True,26,41,19.0,105.0,0.59375,3.28125,sl
2025-04-01,h062,10:29:00,short,21152.0,21151.0,26.0,2025-04-01 10:29:00,10:16:00,True,6,12,25.0,120.0,0.9615384615384616,4.615384615384615,sl
2025-04-01,h062,13:02:00,long,21210.0,21214.0,19.0,2025-04-01 13:02:00,12:52:00,True,11,20,57.0,37.0,3.0,1.9473684210526316,tp
2025-04-01,h062,13:09:00,long,21249.0,21255.0,19.0,2025-04-01 13:09:00,13:06:00,True,6,17,16.0,78.0,0.8421052631578947,4.105263157894737,sl
2025-04-02,h062,09:35:00,long,21329.0,21350.0,34.0,2025-04-02 09:35:00,09:32:00,True,21,58,10.0,162.0,0.29411764705882354,4.764705882352941,sl
2025-04-02,h062,10:05:00,short,21244.0,21237.0,32.0,2025-04-02 10:05:00,10:04:00,True,13,33,49.0,77.0,1.53125,2.40625,tp
2025-04-02,h062,12:39:00,long,21215.0,21217.0,13.0,2025-04-02 12:39:00,12:38:00,True,5,10,88.0,1.0,6.769230769230769,0.07692307692307693,tp
2025-04-02,h062,13:29:00,short,21281.0,21280.0,20.0,2025-04-02 13:29:00,13:18:00,True,10,28,0.0,25.0,0.0,1.25,sl
2025-04-08,h062,10:29:00,short,18305.0,18290.0,145.0,2025-04-08 10:29:00,10:24:00,True,16,50,286.0,100.0,1.9724137931034482,0.6896551724137931,tp
2025-04-08,h062,11:38:00,long,18176.0,18190.0,107.0,2025-04-08 11:38:00,11:27:00,True,13,33,165.0,136.0,1.5420560747663552,1.2710280373831775,sl
2025-04-08,h062,12:58:00,long,18228.0,18246.0,38.0,2025-04-08 12:58:00,12:57:00,True,17,40,109.0,104.0,2.8684210526315788,2.736842105263158,tp
2025-04-08,h062,13:00:00,long,18303.0,18329.0,64.0,2025-04-08 13:00:00,12:59:00,True,19,36,26.0,187.0,0.40625,2.921875,sl
2025-04-09,h062,12:03:00,short,17517.0,17506.0,85.0,2025-04-09 12:03:00,12:01:00,True,5,17,367.0,25.0,4.317647058823529,0.29411764705882354,tp
2025-04-09,h062,12:48:00,long,17459.0,17484.0,130.0,2025-04-09 12:48:00,12:46:00,True,29,76,47.0,345.0,0.36153846153846153,2.6538461538461537,sl
2025-04-11,h062,11:58:00,short,19288.0,19275.0,48.0,2025-04-11 11:58:00,11:55:00,True,5,6,45.0,291.0,0.9375,6.0625,sl
2025-04-14,h062,12:16:00,long,19593.0,19598.0,28.0,2025-04-14 12:16:00,12:09:00,True,7,17,17.0,148.0,0.6071428571428571,5.285714285714286,sl
2025-04-15,h062,11:29:00,long,19816.0,19820.0,22.0,2025-04-15 11:29:00,11:27:00,True,17,28,13.0,54.0,0.5909090909090909,2.4545454545454546,sl
2025-04-15,h062,11:33:00,short,19813.0,19803.0,20.0,2025-04-15 11:33:00,11:31:00,True,5,9,37.0,25.0,1.85,1.25,sl
2025-04-15,h062,12:05:00,short,19785.0,19776.0,19.0,2025-04-15 12:05:00,12:04:00,True,15,32,4.0,52.0,0.21052631578947367,2.736842105263158,sl
2025-04-16,h062,13:01:00,long,19427.0,19432.0,29.0,2025-04-16 13:01:00,13:00:00,True,18,29,8.0,128.0,0.27586206896551724,4.413793103448276,sl
2025-04-17,h062,11:04:00,long,19349.0,19355.0,30.0,2025-04-17 11:04:00,11:01:00,True,7,14,51.0,103.0,1.7,3.433333333333333,sl
2025-04-17,h062,12:05:00,short,19286.0,19281.0,20.0,2025-04-17 12:05:00,12:03:00,True,12,14,29.0,96.0,1.45,4.8,sl
2025-04-18,h062,09:38:00,short,19379.0,19375.0,30.0,2025-04-18 09:38:00,09:37:00,True,6,12,70.0,57.0,2.3333333333333335,1.9,tp
2025-04-18,h062,10:44:00,short,19413.0,19410.0,17.0,2025-04-18 10:44:00,10:31:00,False,4,8,105.0,16.0,6.176470588235294,0.9411764705882353,tp
2025-04-18,h062,11:15:00,short,19394.0,19392.0,12.0,2025-04-18 11:15:00,11:14:00,True,8,14,87.0,6.0,7.25,0.5,tp
2025-04-18,h062,11:26:00,short,19376.0,19370.0,17.0,2025-04-18 11:26:00,11:17:00,False,4,6,65.0,4.0,3.823529411764706,0.23529411764705882,tp
2025-04-18,h062,11:49:00,short,19311.0,19308.0,16.0,2025-04-18 11:49:00,11:48:00,True,10,13,-1.0,60.0,-0.0625,3.75,sl
2025-04-18,h062,12:29:00,short,19335.0,19325.0,11.0,2025-04-18 12:29:00,12:23:00,False,0,4,15.0,43.0,1.3636363636363635,3.909090909090909,tp
2025-04-18,h062,12:43:00,long,19346.0,19350.0,20.0,2025-04-18 12:43:00,12:40:00,True,7,12,18.0,35.0,0.9,1.75,sl
2025-04-18,h062,13:08:00,long,19362.0,19364.0,12.0,2025-04-18 13:08:00,13:02:00,True,6,7,4.0,49.0,0.3333333333333333,4.083333333333333,sl
2025-04-21,h062,10:48:00,short,19039.0,19032.0,35.0,2025-04-21 10:48:00,10:41:00,False,0,3,5.0,74.0,0.14285714285714285,2.1142857142857143,sl
2025-04-21,h062,11:48:00,short,19060.0,19056.0,31.0,2025-04-21 11:48:00,11:42:00,False,0,1,14.0,50.0,0.45161290322580644,1.6129032258064515,sl
2025-04-21,h062,12:05:00,long,19077.0,19079.0,15.0,2025-04-21 12:05:00,12:04:00,True,11,19,27.0,34.0,1.8,2.2666666666666666,tp
2025-04-21,h062,13:13:00,short,19071.0,19066.0,22.0,2025-04-21 13:13:00,12:57:00,False,0,2,21.0,40.0,0.9545454545454546,1.8181818181818181,sl
2025-04-22,h062,10:44:00,short,18916.0,18915.0,29.0,2025-04-22 10:44:00,10:32:00,True,5,8,142.0,26.0,4.896551724137931,0.896551724137931,tp
2025-04-22,h062,11:02:00,short,18847.0,18840.0,33.0,2025-04-22 11:02:00,10:53:00,True,12,18,67.0,31.0,2.0303030303030303,0.9393939393939394,tp
2025-04-22,h062,12:25:00,short,18850.0,18845.0,16.0,2025-04-22 12:25:00,12:23:00,False,3,7,66.0,26.0,4.125,1.625,sl
2025-04-22,h062,12:51:00,short,18851.0,18850.0,20.0,2025-04-22 12:51:00,12:40:00,False,0,4,71.0,2.0,3.55,0.1,tp
2025-04-22,h062,12:57:00,long,18819.0,18820.0,12.0,2025-04-22 12:57:00,12:56:00,True,6,10,26.0,41.0,2.1666666666666665,3.4166666666666665,tp
2025-04-23,h062,10:25:00,long,19450.0,19453.0,40.0,2025-04-23 10:25:00,10:09:00,True,33,64,143.0,8.0,3.575,0.2,tp
2025-04-23,h062,12:08:00,long,19535.0,19539.0,10.0,2025-04-23 12:08:00,12:07:00,True,9,16,57.0,21.0,5.7,2.1,tp
2025-04-23,h062,13:10:00,short,19567.0,19557.0,22.0,2025-04-23 13:10:00,13:09:00,True,7,13,39.0,24.0,1.7727272727272727,1.0909090909090908,tp
2025-04-24,h062,10:01:00,long,19536.0,19538.0,21.0,2025-04-24 10:01:00,10:00:00,True,7,12,37.0,125.0,1.7619047619047619,5.9523809523809526,tp
2025-04-24,h062,10:46:00,short,19493.0,19492.0,19.0,2025-04-24 10:46:00,10:45:00,False,3,9,79.0,23.0,4.157894736842105,1.2105263157894737,tp
2025-04-24,h062,11:19:00,short,19457.0,19456.0,16.0,2025-04-24 11:19:00,11:18:00,False,2,7,43.0,59.0,2.6875,3.6875,sl
2025-04-24,h062,12:41:00,long,19449.0,19454.0,33.0,2025-04-24 12:41:00,12:40:00,True,10,26,21.0,27.0,0.6363636363636364,0.8181818181818182,timeout
2025-04-25,h062,10:33:00,short,19895.0,19891.0,27.0,2025-04-25 10:33:00,10:31:00,False,4,9,43.0,68.0,1.5925925925925926,2.5185185185185186,sl
2025-04-25,h062,10:47:00,short,19870.0,19867.0,34.0,2025-04-25 10:47:00,10:46:00,True,7,14,19.0,92.0,0.5588235294117647,2.7058823529411766,sl
2025-04-25,h062,11:21:00,long,19896.0,19901.0,26.0,2025-04-25 11:21:00,11:16:00,True,16,20,58.0,48.0,2.230769230769231,1.8461538461538463,sl
2025-04-25,h062,12:04:00,long,19918.0,19921.0,21.0,2025-04-25 12:04:00,12:03:00,True,21,28,38.0,68.0,1.8095238095238095,3.238095238095238,tp
2025-04-25,h062,12:11:00,short,19938.0,19937.0,17.0,2025-04-25 12:11:00,12:09:00,False,3,6,84.0,22.0,4.9411764705882355,1.2941176470588236,sl
2025-04-25,h062,13:23:00,short,19860.0,19858.0,11.0,2025-04-25 13:23:00,13:22:00,False,0,1,2.0,36.0,0.18181818181818182,3.272727272727273,sl
2025-04-28,h062,09:50:00,short,20029.0,20027.0,24.0,2025-04-28 09:50:00,09:46:00,False,2,7,94.0,1.0,3.9166666666666665,0.041666666666666664,tp
2025-04-28,h062,10:41:00,short,19966.0,19961.0,21.0,2025-04-28 10:41:00,10:40:00,True,17,26,28.0,53.0,1.3333333333333333,2.5238095238095237,sl
2025-04-28,h062,12:05:00,long,19980.0,19989.0,11.0,2025-04-28 12:05:00,12:03:00,True,19,20,25.0,30.0,2.272727272727273,2.727272727272727,sl
2025-04-28,h062,12:44:00,long,20009.0,20012.0,15.0,2025-04-28 12:44:00,12:43:00,False,3,6,2.0,53.0,0.13333333333333333,3.533333333333333,sl
2025-04-29,h062,09:46:00,long,19996.0,20000.0,27.0,2025-04-29 09:46:00,09:30:00,True,7,15,207.0,4.0,7.666666666666667,0.14814814814814814,tp
2025-04-29,h062,10:01:00,long,20074.0,20095.0,48.0,2025-04-29 10:01:00,10:00:00,True,50,89,112.0,12.0,2.3333333333333335,0.25,tp
2025-04-29,h062,11:36:00,short,20109.0,20100.0,21.0,2025-04-29 11:36:00,11:35:00,True,11,23,5.0,90.0,0.23809523809523808,4.285714285714286,sl
2025-04-29,h062,11:42:00,long,20124.0,20126.0,21.0,2025-04-29 11:42:00,11:39:00,True,5,6,64.0,9.0,3.0476190476190474,0.42857142857142855,tp
2025-04-29,h062,12:20:00,long,20145.0,20150.0,15.0,2025-04-29 12:20:00,12:14:00,False,2,5,40.0,4.0,2.6666666666666665,0.26666666666666666,tp
2025-04-29,h062,12:34:00,long,20182.0,20190.0,22.0,2025-04-29 12:34:00,12:33:00,True,10,27,0.0,40.0,0.0,1.8181818181818181,sl
2025-04-30,h062,09:43:00,short,20171.0,20166.0,21.0,2025-04-30 09:43:00,09:38:00,True,5,14,77.0,102.0,3.6666666666666665,4.857142857142857,tp
2025-04-30,h062,10:11:00,long,20225.0,20234.0,32.0,2025-04-30 10:11:00,10:08:00,True,21,38,34.0,145.0,1.0625,4.53125,tp
2025-04-30,h062,12:08:00,short,20135.0,20134.0,10.0,2025-04-30 12:08:00,11:59:00,False,0,4,45.0,36.0,4.5,3.6,sl
2025-04-30,h062,12:40:00,long,20103.0,20106.0,14.0,2025-04-30 12:40:00,12:36:00,True,6,9,64.0,0.0,4.571428571428571,0.0,tp
2025-04-30,h062,12:44:00,long,20132.0,20134.0,26.0,2025-04-30 12:44:00,12:42:00,False,3,8,36.0,23.0,1.3846153846153846,0.8846153846153846,tp
2025-05-02,h062,10:20:00,short,20556.0,20553.0,36.0,2025-05-02 10:20:00,10:08:00,True,9,18,8.0,157.0,0.2222222222222222,4.361111111111111,sl
2025-05-02,h062,11:32:00,long,20654.0,20665.0,18.0,2025-05-02 11:32:00,11:30:00,True,10,26,45.0,20.0,2.5,1.1111111111111112,tp
2025-05-02,h062,12:29:00,short,20661.0,20657.0,26.0,2025-05-02 12:29:00,12:01:00,True,5,9,12.0,53.0,0.46153846153846156,2.0384615384615383,sl
2025-05-02,h062,12:31:00,long,20657.0,20666.0,5.0,2025-05-02 12:31:00,12:30:00,False,3,7,44.0,21.0,8.8,4.2,sl
2025-05-02,h062,13:20:00,long,20692.0,20694.0,17.0,2025-05-02 13:20:00,13:18:00,False,2,5,16.0,22.0,0.9411764705882353,1.2941176470588236,sl
2025-05-05,h062,11:21:00,long,20360.0,20371.0,32.0,2025-05-05 11:21:00,11:20:00,True,11,39,114.0,14.0,3.5625,0.4375,tp
2025-05-05,h062,11:24:00,short,20366.0,20360.0,37.0,2025-05-05 11:24:00,11:22:00,True,6,20,0.0,125.0,0.0,3.3783783783783785,sl
2025-05-06,h062,10:39:00,long,20434.0,20442.0,28.0,2025-05-06 10:39:00,10:36:00,True,6,9,41.0,118.0,1.4642857142857142,4.214285714285714,tp
2025-05-06,h062,11:37:00,long,20479.0,20480.0,23.0,2025-05-06 11:37:00,11:33:00,False,4,10,0.0,156.0,0.0,6.782608695652174,sl
2025-05-06,h062,12:56:00,short,20390.0,20389.0,15.0,2025-05-06 12:56:00,12:55:00,False,4,7,65.0,10.0,4.333333333333333,0.6666666666666666,tp
2025-05-06,h062,13:10:00,long,20374.0,20378.0,19.0,2025-05-06 13:10:00,13:06:00,True,9,18,0.0,54.0,0.0,2.8421052631578947,sl
2025-05-07,h062,10:29:00,long,20378.0,20381.0,37.0,2025-05-07 10:29:00,10:26:00,True,14,20,59.0,85.0,1.5945945945945945,2.2972972972972974,sl
2025-05-07,h062,11:36:00,long,20369.0,20370.0,32.0,2025-05-07 11:36:00,11:02:00,False,3,7,70.0,39.0,2.1875,1.21875,tp
2025-05-08,h062,09:56:00,short,20507.0,20503.0,29.0,2025-05-08 09:56:00,09:54:00,True,5,12,5.0,192.0,0.1724137931034483,6.620689655172414,sl
2025-05-08,h062,10:42:00,short,20584.0,20583.0,20.0,2025-05-08 10:42:00,10:40:00,True,6,10,53.0,112.0,2.65,5.6,sl
2025-05-08,h062,11:03:00,long,20631.0,20643.0,18.0,2025-05-08 11:03:00,11:00:00,True,17,44,52.0,113.0,2.888888888888889,6.277777777777778,tp
2025-05-08,h062,11:09:00,long,20662.0,20672.0,25.0,2025-05-08 11:09:00,11:04:00,True,13,41,23.0,142.0,0.92,5.68,sl
2025-05-08,h062,12:48:00,short,20662.0,20657.0,16.0,2025-05-08 12:48:00,12:46:00,False,0,3,127.0,16.0,7.9375,1.0,sl
2025-05-08,h062,13:29:00,short,20617.0,20598.0,20.0,2025-05-08 13:29:00,13:25:00,True,36,44,68.0,0.0,3.4,0.0,tp
2025-05-09,h062,10:31:00,long,20722.0,20725.0,27.0,2025-05-09 10:31:00,10:30:00,True,24,42,147.0,25.0,5.444444444444445,0.9259259259259259,tp
2025-05-09,h062,11:55:00,long,20815.0,20828.0,13.0,2025-05-09 11:55:00,11:54:00,True,29,57,44.0,21.0,3.3846153846153846,1.6153846153846154,tp
2025-05-12,h062,10:30:00,long,21107.0,21112.0,19.0,2025-05-12 10:30:00,10:29:00,True,6,16,9.0,110.0,0.47368421052631576,5.7894736842105265,sl
2025-05-12,h062,11:02:00,short,21069.0,21062.0,22.0,2025-05-12 11:02:00,10:56:00,True,5,7,60.0,28.0,2.727272727272727,1.2727272727272727,sl
2025-05-12,h062,11:28:00,short,21033.0,21022.0,28.0,2025-05-12 11:28:00,11:23:00,True,8,12,20.0,58.0,0.7142857142857143,2.0714285714285716,sl
2025-05-12,h062,11:30:00,short,21011.0,21010.0,14.0,2025-05-12 11:30:00,11:29:00,True,17,29,8.0,70.0,0.5714285714285714,5.0,sl
2025-05-12,h062,13:20:00,long,21061.0,21062.0,13.0,2025-05-12 13:20:00,13:10:00,False,0,2,18.0,31.0,1.3846153846153846,2.3846153846153846,sl
2025-05-12,h062,13:26:00,short,21052.0,21051.0,14.0,2025-05-12 13:26:00,13:25:00,False,4,6,20.0,29.0,1.4285714285714286,2.0714285714285716,sl
2025-05-13,h062,10:14:00,short,21398.0,21382.0,26.0,2025-05-13 10:14:00,10:10:00,True,5,16,94.0,8.0,3.6153846153846154,0.3076923076923077,tp
2025-05-13,h062,11:07:00,short,21306.0,21304.0,31.0,2025-05-13 11:07:00,11:05:00,True,8,12,16.0,70.0,0.5161290322580645,2.2580645161290325,sl
2025-05-13,h062,13:02:00,long,21347.0,21349.0,11.0,2025-05-13 13:02:00,13:00:00,True,10,13,11.0,22.0,1.0,2.0,sl
2025-05-13,h062,13:12:00,short,21342.0,21341.0,13.0,2025-05-13 13:12:00,13:10:00,False,0,3,14.0,19.0,1.0769230769230769,1.4615384615384615,sl
2025-05-14,h062,09:39:00,long,21674.0,21683.0,25.0,2025-05-14 09:39:00,09:36:00,True,11,24,104.0,104.0,4.16,4.16,tp
2025-05-14,h062,09:46:00,short,21694.0,21688.0,36.0,2025-05-14 09:46:00,09:41:00,True,6,17,109.0,99.0,3.0277777777777777,2.75,tp
2025-05-14,h062,10:28:00,short,21636.0,21606.0,20.0,2025-05-14 10:28:00,10:27:00,True,12,24,27.0,181.0,1.35,9.05,sl
2025-05-14,h062,10:37:00,long,21612.0,21618.0,21.0,2025-05-14 10:37:00,10:35:00,True,17,36,169.0,39.0,8.047619047619047,1.8571428571428572,sl
2025-05-14,h062,11:28:00,long,21685.0,21688.0,17.0,2025-05-14 11:28:00,11:27:00,True,8,19,99.0,16.0,5.823529411764706,0.9411764705882353,tp
2025-05-14,h062,12:09:00,short,21703.0,21698.0,22.0,2025-05-14 12:09:00,12:06:00,False,0,2,9.0,89.0,0.4090909090909091,4.045454545454546,sl
2025-05-14,h062,12:27:00,long,21734.0,21744.0,18.0,2025-05-14 12:27:00,12:22:00,True,28,49,43.0,14.0,2.388888888888889,0.7777777777777778,tp
2025-05-15,h062,10:32:00,long,21755.0,21758.0,23.0,2025-05-15 10:32:00,10:30:00,True,8,16,52.0,67.0,2.260869565217391,2.9130434782608696,tp
2025-05-15,h062,10:36:00,short,21767.0,21763.0,11.0,2025-05-15 10:36:00,10:34:00,True,6,8,72.0,47.0,6.545454545454546,4.2727272727272725,tp
2025-05-15,h062,11:01:00,short,21789.0,21779.0,13.0,2025-05-15 11:01:00,10:59:00,False,0,2,88.0,31.0,6.769230769230769,2.3846153846153846,sl
2025-05-15,h062,12:06:00,short,21762.0,21761.0,13.0,2025-05-15 12:06:00,11:57:00,True,12,16,70.0,15.0,5.384615384615385,1.1538461538461537,sl
2025-05-15,h062,12:42:00,long,21757.0,21758.0,7.0,2025-05-15 12:42:00,12:40:00,False,0,2,15.0,67.0,2.142857142857143,9.571428571428571,tp
2025-05-15,h062,13:08:00,short,21748.0,21738.0,11.0,2025-05-15 13:08:00,13:03:00,True,14,19,47.0,19.0,4.2727272727272725,1.7272727272727273,sl
2025-05-15,h062,13:21:00,short,21741.0,21735.0,16.0,2025-05-15 13:21:00,13:10:00,False,3,8,44.0,1.0,2.75,0.0625,tp
2025-05-16,h062,09:38:00,long,21782.0,21801.0,24.0,2025-05-16 09:38:00,09:37:00,True,32,76,77.0,31.0,3.2083333333333335,1.2916666666666667,tp
2025-05-16,h062,09:47:00,short,21821.0,21808.0,38.0,2025-05-16 09:47:00,09:45:00,True,10,15,38.0,70.0,1.0,1.8421052631578947,tp
2025-05-16,h062,10:16:00,long,21795.0,21805.0,25.0,2025-05-16 10:16:00,10:12:00,True,7,14,73.0,27.0,2.92,1.08,tp
2025-05-16,h062,10:21:00,long,21825.0,21830.0,31.0,2025-05-16 10:21:00,10:20:00,True,7,12,48.0,52.0,1.5483870967741935,1.6774193548387097,tp
2025-05-16,h062,10:45:00,short,21846.0,21845.0,32.0,2025-05-16 10:45:00,10:37:00,False,2,5,67.0,7.0,2.09375,0.21875,tp
2025-05-16,h062,11:19:00,short,21805.0,21797.0,17.0,2025-05-16 11:19:00,11:18:00,True,8,12,19.0,53.0,1.1176470588235294,3.1176470588235294,tp
2025-05-16,h062,11:39:00,long,21792.0,21795.0,14.0,2025-05-16 11:39:00,11:36:00,False,0,1,55.0,16.0,3.9285714285714284,1.1428571428571428,sl
2025-05-16,h062,12:10:00,short,21792.0,21791.0,21.0,2025-05-16 12:10:00,12:02:00,False,2,5,1.0,59.0,0.047619047619047616,2.8095238095238093,sl
2025-05-16,h062,12:40:00,short,21817.0,21816.0,18.0,2025-05-16 12:40:00,12:37:00,False,0,4,12.0,34.0,0.6666666666666666,1.8888888888888888,sl
2025-05-16,h062,13:29:00,long,21842.0,21844.0,14.0,2025-05-16 13:29:00,13:25:00,True,12,34,6.0,31.0,0.42857142857142855,2.2142857142857144,sl
2025-05-19,h062,09:37:00,short,21635.0,21632.0,57.0,2025-05-19 09:37:00,09:13:00,True,33,39,133.0,90.0,2.3333333333333335,1.5789473684210527,sl
2025-05-19,h062,10:21:00,long,21685.0,21686.0,26.0,2025-05-19 10:21:00,10:18:00,True,17,35,36.0,187.0,1.3846153846153846,7.1923076923076925,sl
2025-05-19,h062,10:46:00,long,21703.0,21716.0,38.0,2025-05-19 10:46:00,10:42:00,True,28,43,4.0,217.0,0.10526315789473684,5.7105263157894735,sl
2025-05-19,h062,11:32:00,short,21619.0,21606.0,15.0,2025-05-19 11:32:00,11:31:00,True,26,47,107.0,-1.0,7.133333333333334,-0.06666666666666667,tp
2025-05-19,h062,11:39:00,short,21576.0,21574.0,29.0,2025-05-19 11:39:00,11:33:00,False,0,4,75.0,3.0,2.586206896551724,0.10344827586206896,tp
2025-05-19,h062,12:01:00,short,21539.0,21532.0,28.0,2025-05-19 12:01:00,11:41:00,True,7,11,33.0,35.0,1.1785714285714286,1.25,sl
2025-05-20,h062,10:17:00,short,21609.0,21592.0,27.0,2025-05-20 10:17:00,10:16:00,True,13,21,87.0,46.0,3.2222222222222223,1.7037037037037037,tp
2025-05-20,h062,10:30:00,short,21573.0,21568.0,20.0,2025-05-20 10:30:00,10:18:00,False,3,6,63.0,70.0,3.15,3.5,sl
2025-05-20,h062,11:14:00,short,21547.0,21543.0,23.0,2025-05-20 11:14:00,11:13:00,True,24,32,38.0,37.0,1.6521739130434783,1.608695652173913,sl
2025-05-20,h062,11:44:00,short,21555.0,21550.0,25.0,2025-05-20 11:44:00,11:40:00,False,0,4,45.0,23.0,1.8,0.92,tp
2025-05-20,h062,12:07:00,short,21545.0,21544.0,9.0,2025-05-20 12:07:00,12:05:00,False,3,6,39.0,21.0,4.333333333333333,2.3333333333333335,tp
2025-05-20,h062,12:13:00,short,21517.0,21510.0,18.0,2025-05-20 12:13:00,12:11:00,True,5,5,5.0,55.0,0.2777777777777778,3.0555555555555554,sl
2025-05-21,h062,10:45:00,long,21627.0,21640.0,29.0,2025-05-21 10:45:00,10:41:00,True,18,52,107.0,14.0,3.689655172413793,0.4827586206896552,tp
2025-05-21,h062,12:35:00,long,21676.0,21680.0,12.0,2025-05-21 12:35:00,12:34:00,True,11,15,67.0,15.0,5.583333333333333,1.25,sl
2025-05-21,h062,13:05:00,short,21695.0,21692.0,9.0,2025-05-21 13:05:00,13:02:00,True,9,22,20.0,55.0,2.2222222222222223,6.111111111111111,sl
2025-05-22,h062,09:54:00,short,21447.0,21437.0,44.0,2025-05-22 09:54:00,09:47:00,True,15,35,41.0,79.0,0.9318181818181818,1.7954545454545454,sl
2025-05-22,h062,10:31:00,short,21456.0,21455.0,24.0,2025-05-22 10:31:00,10:26:00,False,0,0,43.0,61.0,1.7916666666666667,2.5416666666666665,sl
2025-05-22,h062,11:39:00,long,21488.0,21491.0,16.0,2025-05-22 11:39:00,11:33:00,True,8,10,25.0,43.0,1.5625,2.6875,sl
2025-05-22,h062,12:13:00,long,21462.0,21463.0,14.0,2025-05-22 12:13:00,12:12:00,True,10,16,53.0,8.0,3.7857142857142856,0.5714285714285714,tp
2025-05-22,h062,12:36:00,short,21499.0,21498.0,15.0,2025-05-22 12:36:00,12:35:00,True,6,9,35.0,18.0,2.3333333333333335,1.2,tp
2025-05-23,h062,10:04:00,short,21450.0,21448.0,22.0,2025-05-23 10:04:00,09:57:00,False,0,3,76.0,65.0,3.4545454545454546,2.9545454545454546,sl
2025-05-23,h062,11:06:00,short,21495.0,21494.0,15.0,2025-05-23 11:06:00,11:05:00,False,0,0,122.0,13.0,8.133333333333333,0.8666666666666667,tp
2025-05-23,h062,11:55:00,short,21457.0,21456.0,15.0,2025-05-23 11:55:00,11:53:00,True,5,9,84.0,33.0,5.6,2.2,tp
2025-05-23,h062,12:03:00,short,21438.0,21435.0,14.0,2025-05-23 12:03:00,12:01:00,True,10,14,63.0,54.0,4.5,3.857142857142857,sl
2025-05-23,h062,12:55:00,short,21379.0,21377.0,21.0,2025-05-23 12:55:00,12:45:00,False,0,4,5.0,112.0,0.23809523809523808,5.333333333333333,sl
2025-05-23,h062,13:25:00,long,21453.0,21454.0,16.0,2025-05-23 13:25:00,13:21:00,True,11,28,35.0,11.0,2.1875,0.6875,tp
2025-05-26,h062,10:57:00,short,21407.0,21403.0,19.0,2025-05-26 10:57:00,10:56:00,True,6,6,46.0,53.0,2.4210526315789473,2.789473684210526,sl
2025-05-26,h062,11:32:00,long,21406.0,21410.0,11.0,2025-05-26 11:32:00,11:31:00,False,0,4,34.0,53.0,3.090909090909091,4.818181818181818,tp
2025-05-26,h062,12:38:00,long,21430.0,21433.0,21.0,2025-05-26 12:38:00,12:31:00,False,0,4,11.0,76.0,0.5238095238095238,3.619047619047619,sl
2025-05-27,h062,09:54:00,short,21262.0,21255.0,37.0,2025-05-27 09:54:00,09:53:00,True,14,46,122.0,1.0,3.2972972972972974,0.02702702702702703,tp
2025-05-27,h062,09:58:00,short,21226.0,21217.0,30.0,2025-05-27 09:58:00,09:55:00,True,7,11,84.0,26.0,2.8,0.8666666666666667,tp
2025-05-27,h062,10:46:00,long,21213.0,21216.0,18.0,2025-05-27 10:46:00,10:45:00,True,8,13,22.0,83.0,1.2222222222222223,4.611111111111111,tp
2025-05-27,h062,11:12:00,short,21188.0,21182.0,15.0,2025-05-27 11:12:00,11:08:00,True,12,19,49.0,51.0,3.2666666666666666,3.4,sl
2025-05-27,h062,11:58:00,short,21160.0,21159.0,17.0,2025-05-27 11:58:00,11:57:00,False,3,8,26.0,74.0,1.5294117647058822,4.352941176470588,sl
2025-05-27,h062,12:01:00,long,21163.0,21166.0,13.0,2025-05-27 12:01:00,12:00:00,False,0,4,67.0,33.0,5.153846153846154,2.5384615384615383,sl
2025-05-27,h062,12:22:00,short,21146.0,21141.0,14.0,2025-05-27 12:22:00,12:21:00,False,2,6,8.0,92.0,0.5714285714285714,6.571428571428571,sl
2025-05-27,h062,12:24:00,long,21146.0,21148.0,13.0,2025-05-27 12:24:00,12:23:00,False,4,10,85.0,14.0,6.538461538461538,1.0769230769230769,tp
2025-05-27,h062,13:02:00,long,21185.0,21190.0,15.0,2025-05-27 13:02:00,12:58:00,False,4,6,43.0,19.0,2.8666666666666667,1.2666666666666666,sl
2025-05-28,h062,10:22:00,short,21285.0,21281.0,37.0,2025-05-28 10:22:00,10:20:00,True,5,14,131.0,57.0,3.5405405405405403,1.5405405405405406,sl
2025-05-28,h062,11:40:00,short,21246.0,21237.0,15.0,2025-05-28 11:40:00,11:35:00,True,16,23,87.0,38.0,5.8,2.533333333333333,tp
2025-05-28,h062,11:49:00,short,21221.0,21218.0,18.0,2025-05-28 11:49:00,11:41:00,False,3,6,68.0,57.0,3.7777777777777777,3.1666666666666665,tp
2025-05-28,h062,12:32:00,short,21195.0,21188.0,24.0,2025-05-28 12:32:00,12:19:00,True,5,10,38.0,87.0,1.5833333333333333,3.625,tp
2025-05-29,h062,10:18:00,short,21328.0,21318.0,31.0,2025-05-29 10:18:00,10:05:00,True,16,29,43.0,79.0,1.3870967741935485,2.5483870967741935,sl
2025-05-29,h062,12:39:00,short,21307.0,21306.0,11.0,2025-05-29 12:39:00,12:38:00,False,0,3,31.0,41.0,2.8181818181818183,3.727272727272727,sl
2025-05-29,h062,13:01:00,short,21320.0,21309.0,21.0,2025-05-29 13:01:00,13:00:00,True,9,16,34.0,38.0,1.619047619047619,1.8095238095238095,tp
2025-05-29,h062,13:05:00,short,21294.0,21293.0,11.0,2025-05-29 13:05:00,13:04:00,True,6,18,18.0,54.0,1.6363636363636365,4.909090909090909,tp
2025-05-29,h062,13:07:00,short,21278.0,21276.0,16.0,2025-05-29 13:07:00,13:06:00,True,14,25,1.0,71.0,0.0625,4.4375,sl
2025-05-29,h062,13:26:00,short,21294.0,21287.0,35.0,2025-05-29 13:26:00,13:25:00,True,10,24,5.0,43.0,0.14285714285714285,1.2285714285714286,sl
2025-06-02,h062,10:46:00,long,20863.0,20867.0,22.0,2025-06-02 10:46:00,10:45:00,True,6,9,26.0,77.0,1.1818181818181819,3.5,sl
2025-06-02,h062,11:14:00,long,20820.0,20821.0,19.0,2025-06-02 11:14:00,11:06:00,False,0,1,72.0,31.0,3.789473684210526,1.631578947368421,tp
2025-06-02,h062,13:10:00,long,20874.0,20887.0,30.0,2025-06-02 13:10:00,13:00:00,True,32,62,6.0,45.0,0.2,1.5,sl
2025-06-03,h062,10:09:00,short,21078.0,21073.0,55.0,2025-06-03 10:09:00,10:07:00,True,9,26,118.0,0.0,2.1454545454545455,0.0,tp
2025-06-03,h062,11:24:00,short,21013.0,21011.0,13.0,2025-06-03 11:24:00,11:23:00,True,7,10,56.0,30.0,4.3076923076923075,2.3076923076923075,tp
2025-06-03,h062,12:46:00,long,20998.0,21007.0,26.0,2025-06-03 12:46:00,12:42:00,True,16,21,5.0,52.0,0.19230769230769232,2.0,sl
2025-06-03,h062,13:29:00,short,20968.0,20966.0,16.0,2025-06-03 13:29:00,13:25:00,True,16,52,11.0,20.0,0.6875,1.25,sl
2025-06-04,h062,11:33:00,short,21524.0,21518.0,9.0,2025-06-04 11:33:00,11:32:00,True,5,7,58.0,1.0,6.444444444444445,0.1111111111111111,tp
2025-06-04,h062,11:48:00,short,21484.0,21480.0,15.0,2025-06-04 11:48:00,11:46:00,True,9,9,20.0,39.0,1.3333333333333333,2.6,tp
2025-06-04,h062,12:15:00,long,21501.0,21507.0,11.0,2025-06-04 12:15:00,12:13:00,False,4,9,12.0,39.0,1.0909090909090908,3.5454545454545454,tp
2025-06-04,h062,13:07:00,long,21510.0,21511.0,18.0,2025-06-04 13:07:00,12:50:00,True,18,22,8.0,43.0,0.4444444444444444,2.388888888888889,sl
2025-06-05,h062,09:48:00,long,21662.0,21663.0,15.0,2025-06-05 09:48:00,09:45:00,False,4,12,14.0,151.0,0.9333333333333333,10.066666666666666,sl
2025-06-05,h062,12:32:00,short,21538.0,21537.0,11.0,2025-06-05 12:32:00,12:30:00,False,0,3,15.0,24.0,1.3636363636363635,2.1818181818181817,sl
2025-06-05,h062,12:36:00,long,21540.0,21541.0,5.0,2025-06-05 12:36:00,12:35:00,False,2,6,20.0,19.0,4.0,3.8,tp
2025-06-06,h062,10:42:00,long,21561.0,21568.0,13.0,2025-06-06 10:42:00,10:40:00,False,0,4,31.0,33.0,2.3846153846153846,2.5384615384615383,tp
2025-06-06,h062,12:46:00,long,21569.0,21570.0,20.0,2025-06-06 12:46:00,12:42:00,False,0,1,29.0,17.0,1.45,0.85,tp
2025-06-06,h062,13:02:00,long,21585.0,21587.0,11.0,2025-06-06 13:02:00,13:00:00,True,8,12,12.0,34.0,1.0909090909090908,3.090909090909091,tp
2025-06-09,h062,09:36:00,short,21638.0,21633.0,28.0,2025-06-09 09:36:00,09:30:00,True,13,18,7.0,104.0,0.25,3.7142857142857144,sl
2025-06-09,h062,10:25:00,short,21636.0,21631.0,13.0,2025-06-09 10:25:00,10:24:00,True,6,19,2.0,106.0,0.15384615384615385,8.153846153846153,sl
2025-06-09,h062,10:38:00,long,21700.0,21701.0,41.0,2025-06-09 10:38:00,10:35:00,True,13,18,36.0,38.0,0.8780487804878049,0.926829268292683,timeout
2025-06-09,h062,11:25:00,short,21685.0,21682.0,13.0,2025-06-09 11:25:00,11:24:00,True,7,11,19.0,55.0,1.4615384615384615,4.230769230769231,tp
2025-06-09,h062,11:27:00,short,21671.0,21667.0,11.0,2025-06-09 11:27:00,11:26:00,False,0,4,-1.0,70.0,-0.09090909090909091,6.363636363636363,sl
2025-06-09,h062,12:01:00,long,21730.0,21731.0,6.0,2025-06-09 12:01:00,12:00:00,True,7,8,6.0,39.0,1.0,6.5,tp
2025-06-09,h062,12:35:00,long,21712.0,21713.0,11.0,2025-06-09 12:35:00,12:34:00,False,0,3,16.0,21.0,1.4545454545454546,1.9090909090909092,sl
2025-06-09,h062,12:55:00,long,21700.0,21701.0,8.0,2025-06-09 12:55:00,12:54:00,False,3,6,28.0,5.0,3.5,0.625,tp
2025-06-09,h062,13:22:00,long,21712.0,21714.0,11.0,2025-06-09 13:22:00,13:20:00,True,8,10,15.0,14.0,1.3636363636363635,1.2727272727272727,sl
2025-06-10,h062,09:26:00,long,21980.0,21986.0,28.0,2025-06-10 09:26:00,09:25:00,True,16,40,250.0,1.0,8.928571428571429,0.03571428571428571,tp
2025-06-10,h062,11:19:00,long,22214.0,22218.0,29.0,2025-06-10 11:19:00,10:49:00,True,7,16,18.0,177.0,0.6206896551724138,6.103448275862069,sl
2025-06-10,h062,12:02:00,short,22207.0,22206.0,8.0,2025-06-10 12:02:00,12:01:00,False,0,1,165.0,30.0,20.625,3.75,sl
2025-06-10,h062,12:28:00,long,22204.0,22205.0,9.0,2025-06-10 12:28:00,12:20:00,True,22,22,31.0,164.0,3.4444444444444446,18.22222222222222,sl
2025-06-10,h062,12:40:00,long,22200.0,22202.0,15.0,2025-06-10 12:40:00,12:31:00,True,6,10,34.0,161.0,2.2666666666666666,10.733333333333333,tp
2025-06-10,h062,13:00:00,short,22212.0,22210.0,13.0,2025-06-10 13:00:00,12:57:00,True,9,13,169.0,26.0,13.0,2.0,sl
2025-06-10,h062,13:05:00,long,22226.0,22227.0,14.0,2025-06-10 13:05:00,13:04:00,True,7,24,9.0,186.0,0.6428571428571429,13.285714285714286,sl
2025-06-10,h062,13:23:00,short,22175.0,22173.0,18.0,2025-06-10 13:23:00,13:22:00,True,10,27,132.0,2.0,7.333333333333333,0.1111111111111111,tp
2025-06-10,h062,13:27:00,short,22133.0,22129.0,32.0,2025-06-10 13:27:00,13:25:00,True,11,32,88.0,18.0,2.75,0.5625,tp
2025-06-11,h062,10:22:00,short,22206.0,22193.0,18.0,2025-06-11 10:22:00,10:21:00,True,16,26,3.0,162.0,0.16666666666666666,9.0,sl
2025-06-11,h062,11:21:00,long,22303.0,22307.0,11.0,2025-06-11 11:21:00,11:19:00,True,8,14,48.0,17.0,4.363636363636363,1.5454545454545454,tp
2025-06-11,h062,11:26:00,long,22327.0,22339.0,20.0,2025-06-11 11:26:00,11:22:00,True,53,78,16.0,49.0,0.8,2.45,sl
2025-06-11,h062,11:56:00,short,22342.0,22339.0,13.0,2025-06-11 11:56:00,11:52:00,False,0,1,49.0,14.0,3.769230769230769,1.0769230769230769,sl
2025-06-11,h062,13:03:00,short,22334.0,22329.0,13.0,2025-06-11 13:03:00,13:00:00,False,0,2,39.0,23.0,3.0,1.7692307692307692,tp
2025-06-11,h062,13:06:00,long,22315.0,22316.0,14.0,2025-06-11 13:06:00,13:05:00,False,3,5,36.0,26.0,2.5714285714285716,1.8571428571428572,sl
2025-06-11,h062,13:10:00,short,22293.0,22292.0,21.0,2025-06-11 13:10:00,13:09:00,True,9,14,2.0,60.0,0.09523809523809523,2.857142857142857,sl
2025-06-12,h062,09:35:00,short,22300.0,22296.0,10.0,2025-06-12 09:35:00,09:33:00,True,7,10,82.0,29.0,8.2,2.9,sl
2025-06-12,h062,09:46:00,short,22298.0,22291.0,27.0,2025-06-12 09:46:00,09:42:00,False,4,6,77.0,19.0,2.8518518518518516,0.7037037037037037,tp
2025-06-12,h062,10:06:00,short,22240.0,22234.0,45.0,2025-06-12 10:06:00,10:03:00,True,23,32,20.0,51.0,0.4444444444444444,1.1333333333333333,sl
2025-06-12,h062,10:33:00,short,22228.0,22224.0,12.0,2025-06-12 10:33:00,10:30:00,True,24,25,9.0,61.0,0.75,5.083333333333333,sl
2025-06-12,h062,11:14:00,long,22253.0,22259.0,20.0,2025-06-12 11:14:00,10:56:00,True,11,13,26.0,27.0,1.3,1.35,tp
2025-06-12,h062,11:16:00,long,22268.0,22272.0,10.0,2025-06-12 11:16:00,11:15:00,True,17,22,13.0,40.0,1.3,4.0,sl
2025-06-12,h062,11:41:00,short,22276.0,22270.0,9.0,2025-06-12 11:41:00,11:38:00,False,0,3,38.0,-2.0,4.222222222222222,-0.2222222222222222,tp
2025-06-12,h062,12:03:00,long,22255.0,22258.0,8.0,2025-06-12 12:03:00,11:57:00,False,0,2,8.0,26.0,1.0,3.25,sl
2025-06-13,h062,09:38:00,long,22055.0,22060.0,57.0,2025-06-13 09:38:00,09:36:00,True,18,49,79.0,126.0,1.3859649122807018,2.210526315789474,tp
2025-06-13,h062,10:25:00,short,22061.0,22053.0,28.0,2025-06-13 10:25:00,10:24:00,True,8,13,119.0,18.0,4.25,0.6428571428571429,tp
2025-06-13,h062,12:42:00,long,22009.0,22013.0,11.0,2025-06-13 12:42:00,12:34:00,False,0,4,4.0,79.0,0.36363636363636365,7.181818181818182,sl
2025-06-13,h062,13:11:00,short,21982.0,21974.0,16.0,2025-06-13 13:11:00,13:10:00,True,6,7,40.0,6.0,2.5,0.375,tp
2025-06-16,h062,10:32:00,short,21900.0,21899.0,25.0,2025-06-16 10:32:00,10:25:00,False,0,2,22.0,143.0,0.88,5.72,sl
2025-06-16,h062,10:53:00,long,21893.0,21896.0,13.0,2025-06-16 10:53:00,10:52:00,True,9,12,146.0,5.0,11.23076923076923,0.38461538461538464,tp
2025-06-16,h062,11:53:00,long,21973.0,21979.0,33.0,2025-06-16 11:53:00,11:52:00,True,15,25,63.0,22.0,1.9090909090909092,0.6666666666666666,tp
2025-06-16,h062,13:13:00,long,22005.0,22008.0,19.0,2025-06-16 13:13:00,13:08:00,True,8,14,34.0,4.0,1.7894736842105263,0.21052631578947367,tp
2025-06-17,h062,09:13:00,short,22180.0,22179.0,39.0,2025-06-17 09:13:00,09:10:00,True,8,22,118.0,65.0,3.0256410256410255,1.6666666666666667,tp
2025-06-17,h062,09:51:00,long,22235.0,22237.0,30.0,2025-06-17 09:51:00,09:47:00,True,9,22,7.0,176.0,0.23333333333333334,5.866666666666666,sl
2025-06-17,h062,10:10:00,short,22172.0,22158.0,44.0,2025-06-17 10:10:00,10:06:00,True,6,13,97.0,12.0,2.2045454545454546,0.2727272727272727,tp
2025-06-17,h062,10:14:00,short,22118.0,22095.0,26.0,2025-06-17 10:14:00,10:13:00,True,22,50,34.0,75.0,1.3076923076923077,2.8846153846153846,sl
2025-06-17,h062,11:47:00,short,22107.0,22098.0,25.0,2025-06-17 11:47:00,11:45:00,True,13,22,18.0,72.0,0.72,2.88,sl
2025-06-17,h062,12:46:00,long,22119.0,22120.0,12.0,2025-06-17 12:46:00,12:45:00,True,8,22,50.0,16.0,4.166666666666667,1.3333333333333333,sl
2025-06-18,h062,10:07:00,long,21819.0,21828.0,22.0,2025-06-18 10:07:00,10:05:00,False,3,5,134.0,7.0,6.090909090909091,0.3181818181818182,tp
2025-06-18,h062,10:17:00,short,21835.0,21826.0,17.0,2025-06-18 10:17:00,10:12:00,True,8,11,0.0,136.0,0.0,8.0,sl
2025-06-18,h062,10:24:00,long,21883.0,21893.0,41.0,2025-06-18 10:24:00,10:23:00,True,28,53,69.0,46.0,1.6829268292682926,1.1219512195121952,tp
2025-06-18,h062,11:33:00,short,21941.0,21940.0,16.0,2025-06-18 11:33:00,11:23:00,False,4,6,93.0,13.0,5.8125,0.8125,tp
2025-06-18,h062,11:59:00,long,21909.0,21914.0,11.0,2025-06-18 11:59:00,11:58:00,True,6,10,22.0,67.0,2.0,6.090909090909091,tp
2025-06-18,h062,12:31:00,short,21885.0,21876.0,20.0,2025-06-18 12:31:00,12:30:00,True,15,29,29.0,60.0,1.45,3.0,tp
2025-06-18,h062,13:01:00,long,21883.0,21895.0,35.0,2025-06-18 13:01:00,12:37:00,True,29,54,41.0,18.0,1.1714285714285715,0.5142857142857142,tp
2025-06-19,h062,09:38:00,short,21729.0,21728.0,30.0,2025-06-19 09:38:00,09:29:00,True,6,9,53.0,27.0,1.7666666666666666,0.9,tp
2025-06-19,h062,10:29:00,short,21701.0,21698.0,12.0,2025-06-19 10:29:00,10:27:00,False,3,8,23.0,57.0,1.9166666666666667,4.75,sl
2025-06-19,h062,10:47:00,short,21686.0,21680.0,18.0,2025-06-19 10:47:00,10:45:00,True,7,16,5.0,75.0,0.2777777777777778,4.166666666666667,sl
2025-06-19,h062,11:02:00,long,21712.0,21714.0,18.0,2025-06-19 11:02:00,11:00:00,True,7,13,41.0,28.0,2.2777777777777777,1.5555555555555556,tp
2025-06-19,h062,11:59:00,short,21739.0,21736.0,13.0,2025-06-19 11:59:00,11:55:00,False,0,2,50.0,1.0,3.8461538461538463,0.07692307692307693,tp
2025-06-19,h062,12:27:00,short,21710.0,21705.0,19.0,2025-06-19 12:27:00,12:02:00,True,13,18,19.0,29.0,1.0,1.5263157894736843,sl
2025-06-19,h062,12:35:00,long,21710.0,21712.0,12.0,2025-06-19 12:35:00,12:33:00,False,3,5,22.0,26.0,1.8333333333333333,2.1666666666666665,tp
2025-06-20,h062,10:12:00,short,21487.0,21480.0,45.0,2025-06-20 10:12:00,10:11:00,True,18,35,10.0,184.0,0.2222222222222222,4.088888888888889,sl
2025-06-20,h062,11:02:00,long,21519.0,21521.0,20.0,2025-06-20 11:02:00,11:01:00,False,4,9,143.0,12.0,7.15,0.6,tp
2025-06-20,h062,11:29:00,long,21575.0,21578.0,13.0,2025-06-20 11:29:00,11:26:00,True,10,19,86.0,3.0,6.615384615384615,0.23076923076923078,tp
2025-06-20,h062,11:36:00,long,21606.0,21609.0,17.0,2025-06-20 11:36:00,11:35:00,True,37,67,55.0,14.0,3.235294117647059,0.8235294117647058,tp
2025-06-20,h062,12:15:00,long,21630.0,21634.0,17.0,2025-06-20 12:15:00,12:14:00,True,7,18,30.0,38.0,1.7647058823529411,2.235294117647059,sl
2025-06-20,h062,12:53:00,long,21629.0,21638.0,23.0,2025-06-20 12:53:00,12:43:00,True,9,23,26.0,42.0,1.1304347826086956,1.826086956521739,sl
2025-06-20,h062,13:20:00,long,21614.0,21618.0,18.0,2025-06-20 13:20:00,13:12:00,False,3,5,46.0,3.0,2.5555555555555554,0.16666666666666666,tp
2025-06-20,h062,13:29:00,long,21636.0,21644.0,16.0,2025-06-20 13:29:00,13:25:00,True,26,53,20.0,9.0,1.25,0.5625,tp
2025-06-23,h062,10:10:00,short,21371.0,21365.0,21.0,2025-06-23 10:10:00,10:09:00,True,7,16,32.0,119.0,1.5238095238095237,5.666666666666667,tp
2025-06-23,h062,10:33:00,short,21371.0,21356.0,24.0,2025-06-23 10:33:00,10:31:00,False,4,11,23.0,128.0,0.9583333333333334,5.333333333333333,sl
2025-06-23,h062,10:41:00,short,21384.0,21382.0,22.0,2025-06-23 10:41:00,10:39:00,False,3,7,49.0,102.0,2.227272727272727,4.636363636363637,tp
2025-06-23,h062,11:05:00,long,21364.0,21373.0,31.0,2025-06-23 11:05:00,11:02:00,True,7,14,111.0,8.0,3.5806451612903225,0.25806451612903225,tp
2025-06-23,h062,11:32:00,long,21396.0,21417.0,8.0,2025-06-23 11:32:00,11:31:00,True,34,50,67.0,35.0,8.375,4.375,tp
2025-06-23,h062,12:18:00,short,21412.0,21411.0,11.0,2025-06-23 12:18:00,12:17:00,True,5,8,24.0,73.0,2.1818181818181817,6.636363636363637,sl
2025-06-23,h062,12:27:00,short,21422.0,21420.0,12.0,2025-06-23 12:27:00,12:20:00,True,8,11,33.0,64.0,2.75,5.333333333333333,tp
2025-06-23,h062,13:07:00,long,21433.0,21436.0,24.0,2025-06-23 13:07:00,13:03:00,True,6,13,48.0,3.0,2.0,0.125,tp
2025-06-23,h062,13:15:00,long,21456.0,21458.0,19.0,2025-06-23 13:15:00,13:08:00,True,14,30,26.0,25.0,1.368421052631579,1.3157894736842106,tp
2025-06-24,h062,10:09:00,short,21871.0,21857.0,24.0,2025-06-24 10:09:00,10:06:00,True,6,19,47.0,109.0,1.9583333333333333,4.541666666666667,sl
2025-06-24,h062,10:18:00,short,21824.0,21819.0,39.0,2025-06-24 10:18:00,10:17:00,True,11,26,9.0,147.0,0.23076923076923078,3.769230769230769,sl
2025-06-24,h062,11:16:00,short,21888.0,21886.0,19.0,2025-06-24 11:16:00,11:15:00,True,6,10,34.0,80.0,1.7894736842105263,4.2105263157894735,sl
2025-06-24,h062,11:37:00,short,21936.0,21934.0,14.0,2025-06-24 11:37:00,11:36:00,True,8,14,82.0,32.0,5.857142857142857,2.2857142857142856,tp
2025-06-25,h062,10:22:00,short,22061.0,22042.0,22.0,2025-06-25 10:22:00,10:10:00,True,8,16,18.0,126.0,0.8181818181818182,5.7272727272727275,sl
2025-06-25,h062,11:10:00,short,22076.0,22070.0,15.0,2025-06-25 11:10:00,11:04:00,False,0,3,5.0,98.0,0.3333333333333333,6.533333333333333,sl
2025-06-25,h062,11:23:00,long,22107.0,22110.0,32.0,2025-06-25 11:23:00,11:22:00,True,15,27,58.0,35.0,1.8125,1.09375,sl
2025-06-25,h062,11:27:00,short,22107.0,22104.0,14.0,2025-06-25 11:27:00,11:24:00,True,6,11,29.0,64.0,2.0714285714285716,4.571428571428571,sl
2025-06-25,h062,12:13:00,short,22082.0,22078.0,16.0,2025-06-25 12:13:00,12:03:00,False,0,4,3.0,90.0,0.1875,5.625,sl
2025-06-25,h062,12:40:00,long,22104.0,22106.0,11.0,2025-06-25 12:40:00,12:35:00,False,0,1,62.0,5.0,5.636363636363637,0.45454545454545453,tp
2025-06-25,h062,13:10:00,long,22132.0,22137.0,26.0,2025-06-25 13:10:00,13:03:00,True,22,43,31.0,16.0,1.1923076923076923,0.6153846153846154,tp
2025-06-26,h062,09:53:00,short,22153.0,22142.0,16.0,2025-06-26 09:53:00,09:49:00,True,10,16,64.0,121.0,4.0,7.5625,sl
2025-06-26,h062,10:04:00,long,22185.0,22193.0,20.0,2025-06-26 10:04:00,10:03:00,True,23,36,70.0,115.0,3.5,5.75,tp
2025-06-26,h062,10:09:00,long,22242.0,22243.0,35.0,2025-06-26 10:09:00,10:08:00,True,51,78,20.0,165.0,0.5714285714285714,4.714285714285714,sl
2025-06-26,h062,11:09:00,short,22146.0,22143.0,13.0,2025-06-26 11:09:00,11:08:00,True,5,15,65.0,33.0,5.0,2.5384615384615383,sl
2025-06-26,h062,11:46:00,short,22144.0,22137.0,16.0,2025-06-26 11:46:00,11:44:00,True,6,10,59.0,28.0,3.6875,1.75,tp
2025-06-26,h062,11:48:00,short,22128.0,22125.0,10.0,2025-06-26 11:48:00,11:47:00,True,14,33,47.0,40.0,4.7,4.0,sl
2025-06-26,h062,12:25:00,short,22152.0,22150.0,11.0,2025-06-26 12:25:00,12:20:00,False,0,4,72.0,15.0,6.545454545454546,1.3636363636363635,tp
2025-06-26,h062,13:01:00,short,22148.0,22141.0,17.0,2025-06-26 13:01:00,12:56:00,False,3,5,63.0,1.0,3.7058823529411766,0.058823529411764705,tp
2025-06-26,h062,13:20:00,short,22100.0,22099.0,17.0,2025-06-26 13:20:00,13:19:00,True,6,14,21.0,29.0,1.2352941176470589,1.7058823529411764,tp
2025-06-26,h062,13:28:00,long,22095.0,22100.0,17.0,2025-06-26 13:28:00,13:23:00,True,20,30,28.0,4.0,1.6470588235294117,0.23529411764705882,tp
2025-06-27,h062,09:36:00,long,22066.0,22073.0,35.0,2025-06-27 09:36:00,09:35:00,True,24,51,55.0,84.0,1.5714285714285714,2.4,sl
2025-06-27,h062,10:37:00,short,22040.0,22037.0,19.0,2025-06-27 10:37:00,10:35:00,True,18,38,48.0,91.0,2.526315789473684,4.7894736842105265,tp
2025-06-27,h062,10:40:00,long,22036.0,22049.0,31.0,2025-06-27 10:40:00,10:39:00,True,19,29,79.0,60.0,2.5483870967741935,1.935483870967742,sl
2025-06-27,h062,11:40:00,long,22016.0,22021.0,18.0,2025-06-27 11:40:00,11:34:00,True,5,12,107.0,32.0,5.944444444444445,1.7777777777777777,sl
2025-06-27,h062,12:43:00,long,22101.0,22110.0,29.0,2025-06-27 12:43:00,12:37:00,True,15,27,18.0,57.0,0.6206896551724138,1.9655172413793103,sl
2025-06-27,h062,13:23:00,long,22064.0,22067.0,11.0,2025-06-27 13:23:00,13:22:00,True,6,13,61.0,9.0,5.545454545454546,0.8181818181818182,tp
2025-06-30,h062,11:03:00,short,22102.0,22093.0,31.0,2025-06-30 11:03:00,10:48:00,True,8,10,10.0,93.0,0.3225806451612903,3.0,sl
2025-06-30,h062,12:20:00,long,22147.0,22151.0,23.0,2025-06-30 12:20:00,12:15:00,True,6,8,35.0,59.0,1.5217391304347827,2.5652173913043477,tp
2025-06-30,h062,12:45:00,short,22176.0,22170.0,10.0,2025-06-30 12:45:00,12:43:00,False,3,8,78.0,13.0,7.8,1.3,sl
2025-06-30,h062,13:25:00,short,22139.0,22138.0,16.0,2025-06-30 13:25:00,13:24:00,True,7,20,46.0,10.0,2.875,0.625,tp
2025-07-01,h062,10:35:00,long,22560.0,22562.0,16.0,2025-07-01 10:35:00,10:34:00,True,6,12,0.0,276.0,0.0,17.25,sl
2025-07-01,h062,11:22:00,short,22495.0,22487.0,14.0,2025-07-01 11:22:00,11:15:00,False,2,5,201.0,6.0,14.357142857142858,0.42857142857142855,tp
2025-07-01,h062,11:40:00,short,22426.0,22403.0,42.0,2025-07-01 11:40:00,11:26:00,True,24,40,117.0,37.0,2.7857142857142856,0.8809523809523809,tp
2025-07-01,h062,12:18:00,short,22383.0,22380.0,29.0,2025-07-01 12:18:00,12:16:00,False,4,7,94.0,9.0,3.2413793103448274,0.3103448275862069,tp
2025-07-01,h062,12:21:00,short,22350.0,22318.0,34.0,2025-07-01 12:21:00,12:20:00,True,24,62,32.0,62.0,0.9411764705882353,1.8235294117647058,sl
2025-07-01,h062,12:25:00,long,22323.0,22326.0,28.0,2025-07-01 12:25:00,12:22:00,True,22,44,54.0,23.0,1.9285714285714286,0.8214285714285714,tp
2025-07-01,h062,12:58:00,short,22329.0,22322.0,32.0,2025-07-01 12:58:00,12:55:00,False,3,6,19.0,43.0,0.59375,1.34375,sl
2025-07-01,h062,13:29:00,long,22359.0,22361.0,14.0,2025-07-01 13:29:00,13:25:00,True,10,33,0.0,58.0,0.0,4.142857142857143,sl
2025-07-02,h062,10:03:00,long,22283.0,22298.0,27.0,2025-07-02 10:03:00,09:57:00,True,12,20,103.0,38.0,3.814814814814815,1.4074074074074074,sl
2025-07-02,h062,10:32:00,short,22304.0,22300.0,22.0,2025-07-02 10:32:00,10:31:00,False,4,9,0.0,101.0,0.0,4.590909090909091,sl
2025-07-02,h062,10:39:00,long,22335.0,22346.0,17.0,2025-07-02 10:39:00,10:35:00,True,17,26,55.0,24.0,3.235294117647059,1.411764705882353,tp
2025-07-02,h062,11:16:00,long,22342.0,22343.0,17.0,2025-07-02 11:16:00,11:15:00,True,6,8,58.0,21.0,3.411764705882353,1.2352941176470589,sl
2025-07-02,h062,12:09:00,short,22354.0,22351.0,14.0,2025-07-02 12:09:00,11:56:00,False,0,4,11.0,50.0,0.7857142857142857,3.5714285714285716,sl
2025-07-02,h062,12:25:00,long,22383.0,22391.0,4.0,2025-07-02 12:25:00,12:24:00,True,12,28,10.0,51.0,2.5,12.75,tp
2025-07-02,h062,13:18:00,short,22367.0,22365.0,17.0,2025-07-02 13:18:00,13:00:00,True,5,8,25.0,31.0,1.4705882352941178,1.8235294117647058,tp
2025-07-03,h062,10:45:00,long,22683.0,22687.0,33.0,2025-07-03 10:45:00,10:30:00,True,17,32,29.0,50.0,0.8787878787878788,1.5151515151515151,sl
2025-07-03,h062,11:41:00,short,22702.0,22692.0,14.0,2025-07-03 11:41:00,11:32:00,True,5,12,55.0,9.0,3.9285714285714284,0.6428571428571429,tp
2025-07-03,h062,11:57:00,short,22654.0,22645.0,41.0,2025-07-03 11:57:00,11:42:00,False,4,6,8.0,56.0,0.1951219512195122,1.3658536585365855,sl
2025-07-03,h062,13:05:00,long,22685.0,22696.0,8.0,2025-07-03 13:05:00,13:04:00,True,7,25,2.0,37.0,0.25,4.625,sl
2025-07-04,h062,09:32:00,short,22628.0,22623.0,20.0,2025-07-04 09:32:00,09:29:00,True,8,17,192.0,12.0,9.6,0.6,tp
2025-07-04,h062,10:05:00,short,22525.0,22524.0,37.0,2025-07-04 10:05:00,10:03:00,True,9,13,93.0,29.0,2.5135135135135136,0.7837837837837838,tp
2025-07-04,h062,10:48:00,short,22538.0,22529.0,15.0,2025-07-04 10:48:00,10:47:00,True,7,15,98.0,8.0,6.533333333333333,0.5333333333333333,tp
2025-07-04,h062,11:18:00,long,22532.0,22536.0,34.0,2025-07-04 11:18:00,10:59:00,True,7,12,1.0,105.0,0.029411764705882353,3.088235294117647,sl
2025-07-04,h062,11:37:00,short,22505.0,22480.0,15.0,2025-07-04 11:37:00,11:36:00,True,25,44,49.0,1.0,3.2666666666666666,0.06666666666666667,tp
2025-07-04,h062,11:47:00,short,22465.0,22461.0,16.0,2025-07-04 11:47:00,11:38:00,True,8,20,30.0,18.0,1.875,1.125,tp
2025-07-04,h062,13:01:00,short,22457.0,22456.0,18.0,2025-07-04 13:01:00,13:00:00,False,3,8,25.0,14.0,1.3888888888888888,0.7777777777777778,tp
2025-07-04,h062,13:06:00,short,22447.0,22439.0,7.0,2025-07-04 13:06:00,13:04:00,True,11,17,8.0,31.0,1.1428571428571428,4.428571428571429,tp
2025-07-07,h062,10:37:00,long,22315.0,22320.0,21.0,2025-07-07 10:37:00,10:32:00,True,10,18,39.0,49.0,1.8571428571428572,2.3333333333333335,tp
2025-07-07,h062,11:15:00,long,22289.0,22302.0,13.0,2025-07-07 11:15:00,11:06:00,True,11,15,57.0,15.0,4.384615384615385,1.1538461538461537,sl
2025-07-07,h062,12:22:00,long,22347.0,22353.0,15.0,2025-07-07 12:22:00,12:21:00,True,13,17,1.0,63.0,0.06666666666666667,4.2,sl
2025-07-07,h062,13:03:00,long,22302.0,22307.0,12.0,2025-07-07 13:03:00,13:00:00,True,5,11,30.0,12.0,2.5,1.0,sl
2025-07-08,h062,09:48:00,short,22172.0,22162.0,27.0,2025-07-08 09:48:00,09:47:00,True,8,20,21.0,153.0,0.7777777777777778,5.666666666666667,sl
2025-07-08,h062,10:22:00,short,22189.0,22180.0,19.0,2025-07-08 10:22:00,10:20:00,False,3,6,8.0,135.0,0.42105263157894735,7.105263157894737,sl
2025-07-08,h062,10:27:00,long,22218.0,22231.0,40.0,2025-07-08 10:27:00,10:26:00,True,28,63,84.0,39.0,2.1,0.975,tp
2025-07-08,h062,10:55:00,long,22268.0,22291.0,35.0,2025-07-08 10:55:00,10:54:00,True,80,119,24.0,99.0,0.6857142857142857,2.8285714285714287,sl
2025-07-08,h062,12:02:00,short,22265.0,22254.0,10.0,2025-07-08 12:02:00,12:01:00,False,0,2,62.0,23.0,6.2,2.3,sl
2025-07-08,h062,12:17:00,short,22250.0,22247.0,18.0,2025-07-08 12:17:00,12:14:00,False,2,5,55.0,29.0,3.0555555555555554,1.6111111111111112,tp
2025-07-08,h062,12:47:00,long,22220.0,22221.0,16.0,2025-07-08 12:47:00,12:40:00,True,12,17,55.0,29.0,3.4375,1.8125,sl
2025-07-08,h062,13:01:00,long,22209.0,22210.0,17.0,2025-07-08 13:01:00,13:00:00,False,2,6,66.0,6.0,3.8823529411764706,0.35294117647058826,tp
2025-07-08,h062,13:25:00,long,22224.0,22230.0,10.0,2025-07-08 13:25:00,13:23:00,True,12,31,46.0,4.0,4.6,0.4,tp
2025-07-09,h062,09:53:00,long,22314.0,22319.0,20.0,2025-07-09 09:53:00,09:52:00,True,18,39,154.0,5.0,7.7,0.25,tp
2025-07-09,h062,10:01:00,long,22382.0,22385.0,44.0,2025-07-09 10:01:00,09:59:00,True,7,19,88.0,64.0,2.0,1.4545454545454546,sl
2025-07-09,h062,11:04:00,short,22334.0,22330.0,18.0,2025-07-09 11:04:00,11:03:00,True,6,10,9.0,143.0,0.5,7.944444444444445,sl
2025-07-09,h062,11:57:00,short,22349.0,22344.0,10.0,2025-07-09 11:57:00,11:53:00,False,0,0,2.0,129.0,0.2,12.9,sl
2025-07-09,h062,12:14:00,long,22370.0,22380.0,10.0,2025-07-09 12:14:00,12:13:00,True,9,21,93.0,10.0,9.3,1.0,sl
2025-07-09,h062,12:31:00,long,22384.0,22386.0,14.0,2025-07-09 12:31:00,12:15:00,True,9,13,87.0,9.0,6.214285714285714,0.6428571428571429,tp
2025-07-09,h062,12:41:00,long,22423.0,22432.0,29.0,2025-07-09 12:41:00,12:39:00,True,14,26,41.0,23.0,1.4137931034482758,0.7931034482758621,tp
2025-07-09,h062,13:19:00,short,22424.0,22421.0,35.0,2025-07-09 13:19:00,13:17:00,True,5,15,12.0,18.0,0.34285714285714286,0.5142857142857142,timeout
2025-07-10,h062,09:29:00,long,22545.0,22549.0,45.0,2025-07-10 09:29:00,09:23:00,True,13,18,98.0,53.0,2.1777777777777776,1.1777777777777778,sl
2025-07-10,h062,09:50:00,long,22538.0,22543.0,42.0,2025-07-10 09:50:00,09:45:00,True,6,14,104.0,33.0,2.4761904761904763,0.7857142857142857,tp
2025-07-10,h062,10:31:00,long,22596.0,22601.0,14.0,2025-07-10 10:31:00,10:30:00,True,38,52,46.0,60.0,3.2857142857142856,4.285714285714286,sl
2025-07-10,h062,11:11:00,long,22555.0,22558.0,14.0,2025-07-10 11:11:00,11:01:00,False,3,5,89.0,15.0,6.357142857142857,1.0714285714285714,sl
2025-07-10,h062,11:34:00,short,22561.0,22554.0,15.0,2025-07-10 11:34:00,11:33:00,False,0,0,6.0,93.0,0.4,6.2,sl
2025-07-10,h062,12:02:00,short,22582.0,22581.0,8.0,2025-07-10 12:02:00,11:56:00,False,0,1,33.0,66.0,4.125,8.25,sl
2025-07-10,h062,12:30:00,short,22596.0,22595.0,9.0,2025-07-10 12:30:00,12:28:00,False,3,6,47.0,52.0,5.222222222222222,5.777777777777778,sl
2025-07-10,h062,12:35:00,long,22611.0,22626.0,11.0,2025-07-10 12:35:00,12:34:00,True,32,63,21.0,78.0,1.9090909090909092,7.090909090909091,sl
2025-07-10,h062,13:13:00,short,22632.0,22628.0,15.0,2025-07-10 13:13:00,13:11:00,False,3,5,80.0,3.0,5.333333333333333,0.2,tp
2025-07-10,h062,13:25:00,short,22595.0,22584.0,19.0,2025-07-10 13:25:00,13:23:00,True,8,26,36.0,31.0,1.894736842105263,1.631578947368421,tp
2025-07-11,h062,09:31:00,long,22630.0,22633.0,30.0,2025-07-11 09:31:00,09:30:00,True,11,28,141.0,2.0,4.7,0.06666666666666667,tp
2025-07-11,h062,09:37:00,long,22666.0,22673.0,35.0,2025-07-11 09:37:00,09:32:00,True,27,42,101.0,35.0,2.8857142857142857,1.0,tp
2025-07-11,h062,10:02:00,long,22708.0,22715.0,19.0,2025-07-11 10:02:00,09:59:00,True,18,32,59.0,77.0,3.1052631578947367,4.052631578947368,sl
2025-07-11,h062,11:31:00,short,22715.0,22710.0,12.0,2025-07-11 11:31:00,11:30:00,True,5,9,15.0,64.0,1.25,5.333333333333333,sl
2025-07-11,h062,13:01:00,long,22730.0,22731.0,20.0,2025-07-11 13:01:00,12:49:00,True,15,20,43.0,26.0,2.15,1.3,sl
2025-07-11,h062,13:03:00,short,22732.0,22730.0,8.0,2025-07-11 13:03:00,13:02:00,True,6,9,25.0,44.0,3.125,5.5,tp
2025-07-14,h062,10:25:00,long,22625.0,22630.0,47.0,2025-07-14 10:25:00,10:21:00,True,13,19,8.0,110.0,0.1702127659574468,2.3404255319148937,sl
2025-07-14,h062,10:32:00,short,22585.0,22561.0,32.0,2025-07-14 10:32:00,10:29:00,True,13,23,41.0,34.0,1.28125,1.0625,sl
2025-07-14,h062,11:48:00,long,22580.0,22581.0,13.0,2025-07-14 11:48:00,11:42:00,True,5,8,14.0,61.0,1.0769230769230769,4.6923076923076925,tp
2025-07-14,h062,12:24:00,short,22573.0,22568.0,12.0,2025-07-14 12:24:00,12:19:00,False,0,4,48.0,19.0,4.0,1.5833333333333333,sl
2025-07-14,h062,13:06:00,short,22535.0,22532.0,23.0,2025-07-14 13:06:00,12:58:00,True,8,16,12.0,26.0,0.5217391304347826,1.1304347826086956,sl
2025-07-15,h062,09:45:00,long,22706.0,22712.0,33.0,2025-07-15 09:45:00,09:44:00,True,54,98,170.0,0.0,5.151515151515151,0.0,tp
2025-07-15,h062,11:22:00,long,22766.0,22767.0,23.0,2025-07-15 11:22:00,11:07:00,True,5,8,91.0,1.0,3.9565217391304346,0.043478260869565216,tp
2025-07-15,h062,11:31:00,long,22804.0,22809.0,11.0,2025-07-15 11:31:00,11:30:00,True,7,13,49.0,32.0,4.454545454545454,2.909090909090909,sl
2025-07-15,h062,12:21:00,long,22792.0,22798.0,15.0,2025-07-15 12:21:00,12:12:00,False,4,10,60.0,12.0,4.0,0.8,tp
2025-07-15,h062,12:46:00,short,22807.0,22805.0,14.0,2025-07-15 12:46:00,12:37:00,False,4,7,12.0,53.0,0.8571428571428571,3.7857142857142856,sl
2025-07-15,h062,13:04:00,long,22819.0,22831.0,14.0,2025-07-15 13:04:00,13:02:00,True,31,60,27.0,38.0,1.9285714285714286,2.7142857142857144,tp
2025-07-15,h062,13:06:00,long,22847.0,22850.0,17.0,2025-07-15 13:06:00,13:05:00,True,13,32,8.0,57.0,0.47058823529411764,3.3529411764705883,sl
2025-07-16,h062,10:19:00,long,22947.0,22948.0,20.0,2025-07-16 10:19:00,10:18:00,True,11,26,50.0,76.0,2.5,3.8,tp
2025-07-16,h062,10:23:00,long,22956.0,22960.0,9.0,2025-07-16 10:23:00,10:20:00,True,15,29,38.0,88.0,4.222222222222222,9.777777777777779,sl
2025-07-16,h062,12:04:00,long,22986.0,22988.0,11.0,2025-07-16 12:04:00,12:03:00,True,14,23,10.0,116.0,0.9090909090909091,10.545454545454545,sl
2025-07-16,h062,12:45:00,short,22924.0,22915.0,22.0,2025-07-16 12:45:00,12:44:00,True,8,17,43.0,28.0,1.9545454545454546,1.2727272727272727,sl
2025-07-16,h062,13:23:00,short,22889.0,22881.0,11.0,2025-07-16 13:23:00,13:19:00,True,14,29,9.0,43.0,0.8181818181818182,3.909090909090909,sl
2025-07-17,h062,09:32:00,short,22940.0,22923.0,34.0,2025-07-17 09:32:00,09:30:00,True,14,26,57.0,227.0,1.6764705882352942,6.676470588235294,tp
2025-07-17,h062,09:35:00,short,22896.0,22877.0,31.0,2025-07-17 09:35:00,09:33:00,True,27,65,11.0,273.0,0.3548387096774194,8.806451612903226,sl
2025-07-17,h062,10:40:00,short,22958.0,22952.0,14.0,2025-07-17 10:40:00,10:28:00,True,7,13,26.0,198.0,1.8571428571428572,14.142857142857142,tp
2025-07-17,h062,11:25:00,long,22971.0,22973.0,9.0,2025-07-17 11:25:00,11:22:00,False,0,4,177.0,21.0,19.666666666666668,2.3333333333333335,tp
2025-07-17,h062,11:37:00,long,22980.0,22988.0,9.0,2025-07-17 11:37:00,11:27:00,True,18,23,162.0,36.0,18.0,4.0,tp
2025-07-17,h062,12:19:00,short,22970.0,22969.0,24.0,2025-07-17 12:19:00,12:08:00,False,0,2,17.0,181.0,0.7083333333333334,7.541666666666667,sl
2025-07-17,h062,12:29:00,long,22965.0,22970.0,13.0,2025-07-17 12:29:00,12:26:00,True,7,12,180.0,4.0,13.846153846153847,0.3076923076923077,tp
2025-07-17,h062,12:53:00,long,23006.0,23021.0,9.0,2025-07-17 12:53:00,12:52:00,True,40,58,129.0,12.0,14.333333333333334,1.3333333333333333,sl
2025-07-18,h062,11:43:00,short,23269.0,23257.0,14.0,2025-07-18 11:43:00,11:40:00,True,6,12,27.0,53.0,1.9285714285714286,3.7857142857142856,sl
2025-07-18,h062,11:46:00,long,23265.0,23270.0,12.0,2025-07-18 11:46:00,11:45:00,False,4,9,40.0,40.0,3.3333333333333335,3.3333333333333335,sl
2025-07-18,h062,12:02:00,short,23242.0,23238.0,19.0,2025-07-18 12:02:00,12:00:00,True,5,8,8.0,72.0,0.42105263157894735,3.789473684210526,sl
2025-07-18,h062,13:18:00,long,23278.0,23285.0,18.0,2025-07-18 13:18:00,13:09:00,True,12,19,25.0,34.0,1.3888888888888888,1.8888888888888888,tp
2025-07-21,h062,09:11:00,short,23239.0,23230.0,48.0,2025-07-21 09:11:00,09:10:00,True,8,20,58.0,50.0,1.2083333333333333,1.0416666666666667,tp
2025-07-21,h062,09:13:00,short,23191.0,23190.0,43.0,2025-07-21 09:13:00,09:12:00,True,22,50,18.0,90.0,0.4186046511627907,2.0930232558139537,sl
2025-07-21,h062,10:25:00,long,23255.0,23266.0,19.0,2025-07-21 10:25:00,10:20:00,True,10,28,14.0,77.0,0.7368421052631579,4.052631578947368,sl
2025-07-21,h062,11:45:00,short,23226.0,23224.0,22.0,2025-07-21 11:45:00,11:42:00,False,3,5,35.0,18.0,1.5909090909090908,0.8181818181818182,tp
2025-07-21,h062,12:26:00,long,23213.0,23216.0,12.0,2025-07-21 12:26:00,12:22:00,False,0,2,26.0,27.0,2.1666666666666665,2.25,sl
2025-07-21,h062,12:55:00,long,23204.0,23205.0,7.0,2025-07-21 12:55:00,12:53:00,False,4,6,37.0,16.0,5.285714285714286,2.2857142857142856,tp
2025-07-21,h062,13:01:00,long,23214.0,23218.0,10.0,2025-07-21 13:01:00,12:56:00,True,5,12,24.0,29.0,2.4,2.9,sl
2025-07-22,h062,09:13:00,long,23352.0,23358.0,42.0,2025-07-22 09:13:00,09:12:00,True,23,53,48.0,381.0,1.1428571428571428,9.071428571428571,tp
2025-07-22,h062,09:49:00,short,23342.0,23328.0,35.0,2025-07-22 09:49:00,09:48:00,True,8,17,351.0,24.0,10.028571428571428,0.6857142857142857,tp
2025-07-22,h062,09:57:00,long,23326.0,23331.0,24.0,2025-07-22 09:57:00,09:53:00,True,11,20,21.0,354.0,0.875,14.75,sl
2025-07-22,h062,10:34:00,long,23310.0,23312.0,15.0,2025-07-22 10:34:00,10:31:00,True,5,5,13.0,335.0,0.8666666666666667,22.333333333333332,sl
2025-07-22,h062,10:43:00,short,23263.0,23241.0,38.0,2025-07-22 10:43:00,10:42:00,True,11,35,264.0,14.0,6.947368421052632,0.3684210526315789,tp
2025-07-22,h062,10:46:00,short,23226.0,23222.0,14.0,2025-07-22 10:46:00,10:45:00,True,5,10,245.0,15.0,17.5,1.0714285714285714,tp
2025-07-22,h062,10:52:00,long,23221.0,23229.0,33.0,2025-07-22 10:52:00,10:48:00,True,22,39,1.0,252.0,0.030303030303030304,7.636363636363637,sl
2025-07-22,h062,12:26:00,long,23025.0,23029.0,29.0,2025-07-22 12:26:00,12:24:00,True,17,47,14.0,52.0,0.4827586206896552,1.793103448275862,sl
2025-07-22,h062,12:47:00,short,23017.0,23016.0,21.0,2025-07-22 12:47:00,12:45:00,False,3,7,39.0,27.0,1.8571428571428572,1.2857142857142858,tp
2025-07-22,h062,12:54:00,long,23002.0,23007.0,13.0,2025-07-22 12:54:00,12:53:00,True,16,21,36.0,30.0,2.769230769230769,2.3076923076923075,tp
2025-07-23,h062,09:52:00,long,23209.0,23224.0,22.0,2025-07-23 09:52:00,09:47:00,True,62,80,34.0,49.0,1.5454545454545454,2.227272727272727,tp
2025-07-23,h062,10:31:00,long,23226.0,23231.0,24.0,2025-07-23 10:31:00,10:29:00,True,7,13,27.0,56.0,1.125,2.3333333333333335,sl
2025-07-23,h062,10:48:00,short,23196.0,23191.0,39.0,2025-07-23 10:48:00,10:39:00,False,0,2,16.0,67.0,0.41025641025641024,1.7179487179487178,sl
2025-07-23,h062,11:18:00,long,23241.0,23242.0,22.0,2025-07-23 11:18:00,11:14:00,True,5,8,16.0,67.0,0.7272727272727273,3.0454545454545454,sl
2025-07-23,h062,11:32:00,short,23241.0,23238.0,17.0,2025-07-23 11:32:00,11:19:00,True,5,6,63.0,2.0,3.7058823529411766,0.11764705882352941,tp
2025-07-23,h062,11:36:00,short,23207.0,23196.0,30.0,2025-07-23 11:36:00,11:34:00,False,0,2,21.0,41.0,0.7,1.3666666666666667,sl
2025-07-23,h062,12:35:00,long,23204.0,23205.0,8.0,2025-07-23 12:35:00,12:33:00,False,0,1,25.0,30.0,3.125,3.75,sl
2025-07-23,h062,13:27:00,long,23188.0,23194.0,13.0,2025-07-23 13:27:00,13:18:00,True,9,24,19.0,14.0,1.4615384615384615,1.0769230769230769,tp
2025-07-24,h062,11:08:00,short,23317.0,23313.0,8.0,2025-07-24 11:08:00,11:06:00,False,0,1,32.0,18.0,4.0,2.25,tp
2025-07-24,h062,11:48:00,short,23288.0,23287.0,10.0,2025-07-24 11:48:00,11:47:00,False,4,6,6.0,44.0,0.6,4.4,sl
2025-07-24,h062,12:26:00,long,23295.0,23297.0,14.0,2025-07-24 12:26:00,12:19:00,False,0,3,34.0,7.0,2.4285714285714284,0.5,tp
2025-07-24,h062,12:52:00,short,23320.0,23313.0,11.0,2025-07-24 12:52:00,12:48:00,False,0,1,21.0,17.0,1.9090909090909092,1.5454545454545454,sl
2025-07-24,h062,13:13:00,short,23308.0,23307.0,13.0,2025-07-24 13:13:00,13:10:00,False,0,1,15.0,11.0,1.1538461538461537,0.8461538461538461,tp
2025-07-25,h062,10:02:00,long,23255.0,23261.0,17.0,2025-07-25 10:02:00,09:57:00,True,5,10,55.0,29.0,3.235294117647059,1.7058823529411764,tp
2025-07-25,h062,10:15:00,short,23272.0,23271.0,10.0,2025-07-25 10:15:00,10:12:00,True,8,16,39.0,45.0,3.9,4.5,sl
2025-07-25,h062,10:23:00,long,23290.0,23293.0,19.0,2025-07-25 10:23:00,10:20:00,True,32,38,23.0,61.0,1.2105263157894737,3.210526315789474,tp
2025-07-25,h062,11:29:00,long,23270.0,23275.0,15.0,2025-07-25 11:29:00,11:19:00,True,7,13,16.0,43.0,1.0666666666666667,2.8666666666666667,tp
2025-07-25,h062,12:21:00,short,23283.0,23281.0,8.0,2025-07-25 12:21:00,12:17:00,False,0,3,49.0,1.0,6.125,0.125,tp
2025-07-25,h062,12:36:00,short,23261.0,23257.0,11.0,2025-07-25 12:36:00,12:30:00,True,7,9,25.0,9.0,2.272727272727273,0.8181818181818182,tp
2025-07-25,h062,13:16:00,short,23248.0,23244.0,17.0,2025-07-25 13:16:00,13:10:00,True,17,19,12.0,20.0,0.7058823529411765,1.1764705882352942,sl
2025-07-28,h062,09:52:00,short,23352.0,23341.0,43.0,2025-07-28 09:52:00,09:41:00,True,8,17,13.0,117.0,0.3023255813953488,2.7209302325581395,sl
2025-07-28,h062,10:41:00,short,23371.0,23370.0,10.0,2025-07-28 10:41:00,10:40:00,False,0,1,14.0,88.0,1.4,8.8,tp
2025-07-28,h062,11:12:00,long,23388.0,23400.0,12.0,2025-07-28 11:12:00,11:08:00,True,26,37,58.0,44.0,4.833333333333333,3.6666666666666665,tp
2025-07-28,h062,11:19:00,short,23399.0,23395.0,17.0,2025-07-28 11:19:00,11:15:00,False,0,3,39.0,63.0,2.2941176470588234,3.7058823529411766,sl
2025-07-28,h062,11:35:00,long,23429.0,23435.0,22.0,2025-07-28 11:35:00,11:25:00,True,5,7,23.0,79.0,1.0454545454545454,3.590909090909091,tp
2025-07-28,h062,11:47:00,short,23434.0,23421.0,18.0,2025-07-28 11:47:00,11:36:00,True,8,10,65.0,7.0,3.611111111111111,0.3888888888888889,tp
2025-07-28,h062,13:00:00,long,23371.0,23374.0,15.0,2025-07-28 13:00:00,12:59:00,True,9,23,35.0,17.0,2.3333333333333335,1.1333333333333333,tp
2025-07-28,h062,13:15:00,short,23389.0,23388.0,20.0,2025-07-28 13:15:00,13:10:00,True,6,14,31.0,12.0,1.55,0.6,tp
2025-07-29,h062,09:38:00,short,23303.0,23302.0,30.0,2025-07-29 09:38:00,09:37:00,True,7,21,275.0,26.0,9.166666666666666,0.8666666666666667,tp
2025-07-29,h062,09:56:00,short,23270.0,23252.0,35.0,2025-07-29 09:56:00,09:55:00,True,14,31,225.0,0.0,6.428571428571429,0.0,tp
2025-07-29,h062,09:58:00,short,23211.0,23177.0,41.0,2025-07-29 09:58:00,09:57:00,True,21,45,150.0,38.0,3.658536585365854,0.926829268292683,tp
2025-07-29,h062,10:00:00,short,23124.0,23102.0,54.0,2025-07-29 10:00:00,09:59:00,True,31,90,75.0,113.0,1.3888888888888888,2.0925925925925926,tp
2025-07-29,h062,10:05:00,long,23111.0,23140.0,84.0,2025-07-29 10:05:00,10:01:00,True,64,118,75.0,96.0,0.8928571428571429,1.1428571428571428,sl
2025-07-29,h062,10:53:00,long,23162.0,23169.0,60.0,2025-07-29 10:53:00,10:42:00,True,16,47,32.0,64.0,0.5333333333333333,1.0666666666666667,sl
2025-07-29,h062,11:35:00,short,23158.0,23156.0,15.0,2025-07-29 11:35:00,11:33:00,False,0,2,51.0,20.0,3.4,1.3333333333333333,sl
2025-07-29,h062,12:09:00,long,23150.0,23153.0,18.0,2025-07-29 12:09:00,12:04:00,True,8,17,23.0,48.0,1.2777777777777777,2.6666666666666665,tp
2025-07-29,h062,12:43:00,short,23117.0,23113.0,15.0,2025-07-29 12:43:00,12:42:00,True,5,14,8.0,61.0,0.5333333333333333,4.066666666666666,sl
2025-07-30,h062,09:37:00,long,23310.0,23325.0,67.0,2025-07-30 09:37:00,09:33:00,True,32,48,96.0,45.0,1.4328358208955223,0.6716417910447762,tp
2025-07-30,h062,10:24:00,short,23385.0,23382.0,17.0,2025-07-30 10:24:00,10:23:00,False,3,7,68.0,39.0,4.0,2.2941176470588234,sl
2025-07-30,h062,11:12:00,short,23385.0,23383.0,21.0,2025-07-30 11:12:00,11:02:00,False,2,5,50.0,38.0,2.380952380952381,1.8095238095238095,sl
2025-07-30,h062,11:50:00,short,23375.0,23371.0,15.0,2025-07-30 11:50:00,11:47:00,False,3,6,38.0,50.0,2.533333333333333,3.3333333333333335,sl
2025-07-30,h062,12:15:00,short,23378.0,23369.0,16.0,2025-07-30 12:15:00,12:13:00,False,0,3,36.0,52.0,2.25,3.25,sl
2025-07-30,h062,12:27:00,long,23398.0,23400.0,14.0,2025-07-30 12:27:00,12:22:00,True,5,7,21.0,67.0,1.5,4.785714285714286,tp
2025-07-30,h062,12:29:00,long,23411.0,23412.0,11.0,2025-07-30 12:29:00,12:28:00,True,18,24,9.0,79.0,0.8181818181818182,7.181818181818182,sl
2025-07-30,h062,13:10:00,short,23376.0,23353.0,13.0,2025-07-30 13:10:00,13:08:00,True,29,42,20.0,20.0,1.5384615384615385,1.5384615384615385,tp
2025-07-30,h062,13:15:00,long,23353.0,23357.0,18.0,2025-07-30 13:15:00,13:11:00,True,12,24,16.0,15.0,0.8888888888888888,0.8333333333333334,timeout
2025-07-31,h062,09:32:00,long,23473.0,23476.0,25.0,2025-07-31 09:32:00,09:31:00,True,9,30,145.0,87.0,5.8,3.48,sl
2025-07-31,h062,09:35:00,long,23424.0,23432.0,35.0,2025-07-31 09:35:00,09:34:00,True,9,20,189.0,18.0,5.4,0.5142857142857142,tp
2025-07-31,h062,10:15:00,long,23484.0,23487.0,13.0,2025-07-31 10:15:00,10:13:00,True,35,38,134.0,37.0,10.307692307692308,2.8461538461538463,tp
2025-07-31,h062,10:18:00,short,23493.0,23488.0,12.0,2025-07-31 10:18:00,10:17:00,False,3,5,38.0,133.0,3.1666666666666665,11.083333333333334,sl
2025-07-31,h062,10:40:00,short,23494.0,23492.0,23.0,2025-07-31 10:40:00,10:38:00,False,3,10,14.0,129.0,0.6086956521739131,5.608695652173913,sl
2025-07-31,h062,11:31:00,long,23529.0,23534.0,12.0,2025-07-31 11:31:00,11:30:00,True,24,34,87.0,24.0,7.25,2.0,tp
2025-07-31,h062,11:37:00,short,23537.0,23536.0,9.0,2025-07-31 11:37:00,11:34:00,False,0,3,26.0,85.0,2.888888888888889,9.444444444444445,tp
2025-07-31,h062,12:35:00,long,23530.0,23532.0,16.0,2025-07-31 12:35:00,12:30:00,True,6,8,89.0,5.0,5.5625,0.3125,tp
2025-07-31,h062,12:47:00,long,23552.0,23554.0,8.0,2025-07-31 12:47:00,12:42:00,True,6,8,67.0,2.0,8.375,0.25,tp
2025-07-31,h062,12:50:00,long,23562.0,23564.0,8.0,2025-07-31 12:50:00,12:48:00,True,7,16,57.0,12.0,7.125,1.5,tp
2025-07-31,h062,13:13:00,short,23586.0,23583.0,20.0,2025-07-31 13:13:00,13:12:00,False,0,4,31.0,38.0,1.55,1.9,sl
2025-08-01,h062,11:14:00,short,23372.0,23365.0,30.0,2025-08-01 11:14:00,11:11:00,True,5,8,51.0,28.0,1.7,0.9333333333333333,tp
2025-08-01,h062,11:29:00,long,23362.0,23378.0,31.0,2025-08-01 11:29:00,11:26:00,True,27,45,15.0,64.0,0.4838709677419355,2.064516129032258,sl
2025-08-01,h062,11:56:00,short,23326.0,23324.0,11.0,2025-08-01 11:56:00,11:50:00,False,0,4,10.0,69.0,0.9090909090909091,6.2727272727272725,sl
2025-08-01,h062,13:03:00,short,23380.0,23377.0,13.0,2025-08-01 13:03:00,13:01:00,True,5,10,49.0,12.0,3.769230769230769,0.9230769230769231,tp
2025-08-04,h062,10:13:00,long,23232.0,23240.0,23.0,2025-08-04 10:13:00,10:12:00,True,26,43,60.0,36.0,2.608695652173913,1.565217391304348,tp
2025-08-04,h062,10:29:00,short,23229.0,23226.0,34.0,2025-08-04 10:29:00,10:16:00,False,4,11,22.0,74.0,0.6470588235294118,2.176470588235294,sl
2025-08-04,h062,11:44:00,long,23251.0,23254.0,11.0,2025-08-04 11:44:00,11:43:00,False,4,7,46.0,50.0,4.181818181818182,4.545454545454546,sl
2025-08-04,h062,11:53:00,short,23248.0,23244.0,5.0,2025-08-04 11:53:00,11:51:00,False,3,6,40.0,56.0,8.0,11.2,sl
2025-08-04,h062,12:04:00,long,23268.0,23271.0,10.0,2025-08-04 12:04:00,12:03:00,True,8,16,29.0,67.0,2.9,6.7,sl
2025-08-04,h062,13:03:00,long,23274.0,23276.0,12.0,2025-08-04 13:03:00,13:00:00,True,9,13,24.0,36.0,2.0,3.0,sl
2025-08-05,h062,09:15:00,short,23456.0,23444.0,67.0,2025-08-05 09:15:00,09:13:00,True,17,41,23.0,140.0,0.34328358208955223,2.08955223880597,sl
2025-08-05,h062,10:23:00,long,23533.0,23538.0,20.0,2025-08-05 10:23:00,10:22:00,True,45,53,46.0,39.0,2.3,1.95,sl
2025-08-05,h062,10:25:00,short,23539.0,23535.0,18.0,2025-08-05 10:25:00,10:24:00,False,4,9,36.0,49.0,2.0,2.7222222222222223,tp
2025-08-05,h062,11:03:00,short,23561.0,23556.0,12.0,2025-08-05 11:03:00,10:59:00,False,0,3,30.0,28.0,2.5,2.3333333333333335,sl
2025-08-05,h062,12:10:00,short,23540.0,23534.0,13.0,2025-08-05 12:10:00,12:05:00,False,4,5,8.0,50.0,0.6153846153846154,3.8461538461538463,sl
2025-08-05,h062,12:32:00,long,23556.0,23557.0,8.0,2025-08-05 12:32:00,12:26:00,True,5,9,27.0,8.0,3.375,1.0,sl
2025-08-05,h062,12:59:00,short,23567.0,23566.0,9.0,2025-08-05 12:59:00,12:58:00,False,0,2,5.0,18.0,0.5555555555555556,2.0,sl
2025-08-05,h062,13:07:00,short,23572.0,23571.0,7.0,2025-08-05 13:07:00,13:01:00,False,0,1,10.0,13.0,1.4285714285714286,1.8571428571428572,sl
2025-08-05,h062,13:16:00,short,23571.0,23567.0,11.0,2025-08-05 13:16:00,13:11:00,True,8,9,6.0,17.0,0.5454545454545454,1.5454545454545454,sl
2025-08-05,h062,13:26:00,long,23572.0,23573.0,11.0,2025-08-05 13:26:00,13:25:00,False,3,10,11.0,11.0,1.0,1.0,sl
2025-08-06,h062,09:51:00,long,23408.0,23419.0,27.0,2025-08-06 09:51:00,09:49:00,True,7,21,64.0,27.0,2.3703703703703702,1.0,tp
2025-08-06,h062,10:31:00,long,23473.0,23478.0,13.0,2025-08-06 10:31:00,10:30:00,True,7,19,5.0,86.0,0.38461538461538464,6.615384615384615,sl
2025-08-06,h062,11:03:00,short,23418.0,23416.0,23.0,2025-08-06 11:03:00,11:02:00,True,10,19,24.0,42.0,1.0434782608695652,1.826086956521739,tp
2025-08-06,h062,11:14:00,short,23398.0,23396.0,13.0,2025-08-06 11:14:00,11:05:00,False,3,8,4.0,62.0,0.3076923076923077,4.769230769230769,sl
2025-08-06,h062,11:52:00,long,23431.0,23434.0,7.0,2025-08-06 11:52:00,11:50:00,False,0,3,24.0,37.0,3.4285714285714284,5.285714285714286,sl
2025-08-06,h062,12:15:00,short,23441.0,23440.0,14.0,2025-08-06 12:15:00,12:03:00,False,2,5,43.0,3.0,3.0714285714285716,0.21428571428571427,tp
2025-08-06,h062,13:08:00,long,23430.0,23431.0,17.0,2025-08-06 13:08:00,13:00:00,False,0,4,3.0,34.0,0.17647058823529413,2.0,sl
2025-08-07,h062,10:34:00,long,24040.0,24043.0,15.0,2025-08-07 10:34:00,10:30:00,False,4,7,11.0,88.0,0.7333333333333333,5.866666666666666,sl
2025-08-07,h062,11:45:00,long,24027.0,24029.0,8.0,2025-08-07 11:45:00,11:36:00,False,0,2,6.0,74.0,0.75,9.25,sl
2025-08-07,h062,12:03:00,long,24009.0,24023.0,19.0,2025-08-07 12:03:00,11:59:00,True,11,33,10.0,68.0,0.5263157894736842,3.5789473684210527,sl
2025-08-07,h062,12:31:00,long,24000.0,24002.0,11.0,2025-08-07 12:31:00,12:26:00,True,6,7,11.0,47.0,1.0,4.2727272727272725,sl
2025-08-07,h062,13:19:00,long,23993.0,23994.0,17.0,2025-08-07 13:19:00,13:13:00,False,3,9,12.0,39.0,0.7058823529411765,2.2941176470588234,sl
2025-08-08,h062,10:36:00,long,23978.0,23983.0,25.0,2025-08-08 10:36:00,09:53:00,True,6,12,49.0,36.0,1.96,1.44,sl
2025-08-08,h062,10:58:00,long,23971.0,23973.0,13.0,2025-08-08 10:58:00,10:56:00,False,0,2,59.0,26.0,4.538461538461538,2.0,tp
2025-08-08,h062,11:37:00,long,23970.0,23972.0,6.0,2025-08-08 11:37:00,11:35:00,False,0,1,60.0,25.0,10.0,4.166666666666667,sl
2025-08-08,h062,12:14:00,long,23983.0,23984.0,7.0,2025-08-08 12:14:00,12:12:00,False,0,4,48.0,37.0,6.857142857142857,5.285714285714286,sl
2025-08-08,h062,12:22:00,long,23992.0,23994.0,14.0,2025-08-08 12:22:00,12:18:00,True,7,9,38.0,47.0,2.7142857142857144,3.357142857142857,tp
2025-08-08,h062,12:26:00,long,24013.0,24016.0,18.0,2025-08-08 12:26:00,12:25:00,True,5,12,16.0,69.0,0.8888888888888888,3.8333333333333335,sl
2025-08-08,h062,12:30:00,long,24022.0,24024.0,17.0,2025-08-08 12:30:00,12:29:00,True,19,36,8.0,77.0,0.47058823529411764,4.529411764705882,sl
2025-08-08,h062,13:03:00,long,24008.0,24009.0,7.0,2025-08-08 13:03:00,13:01:00,False,0,4,4.0,62.0,0.5714285714285714,8.857142857142858,sl
2025-08-08,h062,13:11:00,short,24000.0,23993.0,13.0,2025-08-08 13:11:00,13:10:00,True,17,21,46.0,9.0,3.5384615384615383,0.6923076923076923,tp
2025-08-08,h062,13:17:00,short,23971.0,23968.0,22.0,2025-08-08 13:17:00,13:14:00,True,10,18,21.0,34.0,0.9545454545454546,1.5454545454545454,sl
2025-08-08,h062,13:29:00,long,23970.0,23980.0,15.0,2025-08-08 13:29:00,13:18:00,True,29,54,22.0,33.0,1.4666666666666666,2.2,sl
2025-08-11,h062,09:39:00,long,23953.0,23986.0,30.0,2025-08-11 09:39:00,09:37:00,True,37,87,237.0,39.0,7.9,1.3,sl
2025-08-11,h062,10:22:00,long,24015.0,24032.0,15.0,2025-08-11 10:22:00,10:20:00,True,35,66,191.0,47.0,12.733333333333333,3.1333333333333333,tp
2025-08-11,h062,10:45:00,long,24063.0,24074.0,36.0,2025-08-11 10:45:00,10:43:00,True,20,48,149.0,17.0,4.138888888888889,0.4722222222222222,tp
2025-08-11,h062,11:13:00,long,24118.0,24122.0,28.0,2025-08-11 11:13:00,11:12:00,True,9,21,101.0,6.0,3.607142857142857,0.21428571428571427,tp
2025-08-11,h062,11:24:00,long,24189.0,24196.0,40.0,2025-08-11 11:24:00,11:23:00,True,15,31,27.0,80.0,0.675,2.0,sl
2025-08-11,h062,11:39:00,long,24212.0,24218.0,29.0,2025-08-11 11:39:00,11:36:00,True,11,26,5.0,102.0,0.1724137931034483,3.5172413793103448,sl
2025-08-11,h062,12:00:00,short,24179.0,24172.0,29.0,2025-08-11 12:00:00,11:46:00,True,5,17,56.0,18.0,1.9310344827586208,0.6206896551724138,tp
2025-08-11,h062,12:53:00,long,24177.0,24178.0,13.0,2025-08-11 12:53:00,12:52:00,False,3,7,6.0,62.0,0.46153846153846156,4.769230769230769,sl
2025-08-11,h062,13:16:00,short,24169.0,24166.0,9.0,2025-08-11 13:16:00,13:11:00,True,7,14,50.0,3.0,5.555555555555555,0.3333333333333333,tp
2025-08-12,h062,11:38:00,long,24145.0,24147.0,8.0,2025-08-12 11:38:00,11:33:00,False,0,2,94.0,21.0,11.75,2.625,tp
2025-08-12,h062,11:43:00,short,24146.0,24143.0,12.0,2025-08-12 11:43:00,11:40:00,False,0,4,17.0,98.0,1.4166666666666667,8.166666666666666,sl
2025-08-12,h062,12:06:00,long,24183.0,24186.0,22.0,2025-08-12 12:06:00,11:56:00,True,7,15,55.0,60.0,2.5,2.727272727272727,tp
2025-08-12,h062,12:34:00,long,24213.0,24214.0,11.0,2025-08-12 12:34:00,12:33:00,False,3,6,27.0,88.0,2.4545454545454546,8.0,tp
2025-08-12,h062,12:37:00,long,24229.0,24238.0,15.0,2025-08-12 12:37:00,12:35:00,True,22,30,3.0,112.0,0.2,7.466666666666667,sl
2025-08-12,h062,13:02:00,short,24203.0,24175.0,30.0,2025-08-12 13:02:00,12:45:00,True,21,50,49.0,28.0,1.6333333333333333,0.9333333333333333,tp
2025-08-12,h062,13:05:00,long,24173.0,24177.0,26.0,2025-08-12 13:05:00,13:03:00,True,14,28,26.0,51.0,1.0,1.9615384615384615,tp
2025-08-13,h062,09:23:00,long,24262.0,24267.0,19.0,2025-08-13 09:23:00,09:22:00,True,12,29,145.0,113.0,7.631578947368421,5.947368421052632,tp
2025-08-13,h062,09:55:00,short,24329.0,24325.0,19.0,2025-08-13 09:55:00,09:54:00,True,6,16,171.0,87.0,9.0,4.578947368421052,tp
2025-08-13,h062,10:15:00,long,24378.0,24399.0,28.0,2025-08-13 10:15:00,10:13:00,True,40,77,13.0,245.0,0.4642857142857143,8.75,sl
2025-08-13,h062,10:58:00,long,24384.0,24394.0,17.0,2025-08-13 10:58:00,10:41:00,True,15,22,18.0,240.0,1.0588235294117647,14.117647058823529,tp
2025-08-13,h062,11:05:00,short,24392.0,24390.0,20.0,2025-08-13 11:05:00,11:03:00,False,4,8,236.0,2.0,11.8,0.1,tp
2025-08-13,h062,11:26:00,short,24353.0,24348.0,38.0,2025-08-13 11:26:00,11:06:00,True,11,15,194.0,1.0,5.105263157894737,0.02631578947368421,tp
2025-08-13,h062,11:28:00,short,24313.0,24272.0,36.0,2025-08-13 11:28:00,11:27:00,True,35,71,118.0,76.0,3.2777777777777777,2.111111111111111,tp
2025-08-13,h062,11:30:00,short,24230.0,24224.0,45.0,2025-08-13 11:30:00,11:29:00,True,31,63,70.0,124.0,1.5555555555555556,2.7555555555555555,tp
2025-08-13,h062,12:12:00,long,24224.0,24229.0,9.0,2025-08-13 12:12:00,12:11:00,True,5,7,119.0,6.0,13.222222222222221,0.6666666666666666,tp
2025-08-13,h062,12:31:00,long,24275.0,24288.0,17.0,2025-08-13 12:31:00,12:26:00,True,18,43,60.0,16.0,3.5294117647058822,0.9411764705882353,tp
2025-08-13,h062,12:46:00,long,24319.0,24332.0,27.0,2025-08-13 12:46:00,12:45:00,True,23,41,16.0,21.0,0.5925925925925926,0.7777777777777778,timeout
2025-08-14,h062,09:45:00,short,24292.0,24286.0,46.0,2025-08-14 09:45:00,09:32:00,True,18,23,79.0,43.0,1.7173913043478262,0.9347826086956522,tp
2025-08-14,h062,10:07:00,short,24256.0,24251.0,26.0,2025-08-14 10:07:00,10:00:00,True,18,21,44.0,78.0,1.6923076923076923,3.0,tp
2025-08-14,h062,11:00:00,short,24265.0,24264.0,20.0,2025-08-14 11:00:00,10:42:00,False,3,5,21.0,65.0,1.05,3.25,tp
2025-08-14,h062,11:34:00,short,24245.0,24244.0,9.0,2025-08-14 11:34:00,11:33:00,False,4,7,0.0,85.0,0.0,9.444444444444445,sl
2025-08-14,h062,11:59:00,long,24276.0,24279.0,13.0,2025-08-14 11:59:00,11:58:00,True,6,14,50.0,31.0,3.8461538461538463,2.3846153846153846,tp
2025-08-14,h062,12:24:00,long,24298.0,24299.0,26.0,2025-08-14 12:24:00,12:00:00,True,7,14,30.0,51.0,1.1538461538461537,1.9615384615384615,tp
2025-08-14,h062,12:26:00,short,24295.0,24294.0,11.0,2025-08-14 12:26:00,12:25:00,False,0,3,46.0,35.0,4.181818181818182,3.1818181818181817,tp
2025-08-14,h062,13:27:00,short,24295.0,24294.0,14.0,2025-08-14 13:27:00,13:24:00,False,4,5,46.0,9.0,3.2857142857142856,0.6428571428571429,tp
2025-08-15,h062,09:12:00,short,24211.0,24196.0,54.0,2025-08-15 09:12:00,09:10:00,True,11,35,8.0,189.0,0.14814814814814814,3.5,sl
2025-08-15,h062,11:33:00,short,24314.0,24312.0,19.0,2025-08-15 11:33:00,11:32:00,True,8,21,51.0,73.0,2.6842105263157894,3.8421052631578947,sl
2025-08-15,h062,11:48:00,long,24367.0,24370.0,19.0,2025-08-15 11:48:00,11:45:00,True,18,20,15.0,109.0,0.7894736842105263,5.7368421052631575,sl
2025-08-15,h062,13:08:00,short,24347.0,24342.0,14.0,2025-08-15 13:08:00,12:52:00,True,5,11,81.0,1.0,5.785714285714286,0.07142857142857142,tp
2025-08-18,h062,09:56:00,long,24389.0,24410.0,36.0,2025-08-18 09:56:00,09:55:00,True,21,50,52.0,77.0,1.4444444444444444,2.138888888888889,sl
2025-08-18,h062,10:45:00,long,24373.0,24377.0,40.0,2025-08-18 10:45:00,10:24:00,True,6,14,85.0,5.0,2.125,0.125,tp
2025-08-18,h062,11:36:00,short,24411.0,24406.0,12.0,2025-08-18 11:36:00,11:30:00,False,3,5,11.0,56.0,0.9166666666666666,4.666666666666667,sl
2025-08-18,h062,12:00:00,short,24420.0,24414.0,8.0,2025-08-18 12:00:00,11:58:00,True,8,17,11.0,48.0,1.375,6.0,tp
2025-08-18,h062,12:30:00,long,24423.0,24425.0,9.0,2025-08-18 12:30:00,12:25:00,True,5,11,37.0,18.0,4.111111111111111,2.0,tp
2025-08-18,h062,12:34:00,long,24435.0,24439.0,12.0,2025-08-18 12:34:00,12:31:00,True,6,19,23.0,32.0,1.9166666666666667,2.6666666666666665,tp
2025-08-18,h062,12:44:00,short,24441.0,24438.0,17.0,2025-08-18 12:44:00,12:36:00,True,6,9,31.0,24.0,1.8235294117647058,1.411764705882353,sl
2025-08-19,h062,09:17:00,short,24361.0,24353.0,36.0,2025-08-19 09:17:00,09:14:00,True,8,21,40.0,80.0,1.1111111111111112,2.2222222222222223,tp
2025-08-19,h062,09:53:00,short,24391.0,24379.0,11.0,2025-08-19 09:53:00,09:52:00,True,7,11,61.0,14.0,5.545454545454546,1.2727272727272727,tp
2025-08-19,h062,10:48:00,short,24356.0,24353.0,14.0,2025-08-19 10:48:00,10:45:00,False,0,1,17.0,40.0,1.2142857142857142,2.857142857142857,sl
2025-08-19,h062,11:57:00,short,24379.0,24377.0,9.0,2025-08-19 11:57:00,11:52:00,False,0,3,41.0,16.0,4.555555555555555,1.7777777777777777,tp
2025-08-19,h062,12:27:00,long,24348.0,24351.0,12.0,2025-08-19 12:27:00,12:26:00,False,4,13,34.0,11.0,2.8333333333333335,0.9166666666666666,tp
2025-08-19,h062,13:09:00,short,24370.0,24362.0,15.0,2025-08-19 13:09:00,13:00:00,False,0,2,22.0,11.0,1.4666666666666666,0.7333333333333333,tp
2025-08-20,h062,10:19:00,short,23793.0,23788.0,26.0,2025-08-20 10:19:00,10:17:00,True,5,10,175.0,26.0,6.730769230769231,1.0,tp
2025-08-20,h062,10:47:00,short,23760.0,23751.0,37.0,2025-08-20 10:47:00,10:46:00,True,17,36,138.0,24.0,3.72972972972973,0.6486486486486487,tp
2025-08-20,h062,13:02:00,short,23654.0,23653.0,13.0,2025-08-20 13:02:00,13:00:00,True,8,20,40.0,29.0,3.076923076923077,2.230769230769231,tp
2025-08-21,h062,10:08:00,short,23845.0,23840.0,76.0,2025-08-21 10:08:00,10:07:00,True,18,37,27.0,65.0,0.35526315789473684,0.8552631578947368,timeout
2025-08-21,h062,10:36:00,short,23838.0,23837.0,27.0,2025-08-21 10:36:00,10:31:00,True,13,16,24.0,68.0,0.8888888888888888,2.5185185185185186,sl
2025-08-21,h062,11:19:00,short,23840.0,23832.0,19.0,2025-08-21 11:19:00,11:17:00,True,6,13,19.0,73.0,1.0,3.8421052631578947,tp
2025-08-21,h062,11:22:00,long,23830.0,23835.0,17.0,2025-08-21 11:22:00,11:21:00,False,4,9,70.0,2.0,4.117647058823529,0.11764705882352941,tp
2025-08-21,h062,12:29:00,short,23846.0,23839.0,15.0,2025-08-21 12:29:00,12:27:00,True,6,8,6.0,66.0,0.4,4.4,sl
2025-08-21,h062,12:45:00,long,23876.0,23881.0,25.0,2025-08-21 12:45:00,12:33:00,True,13,18,24.0,40.0,0.96,1.6,sl
2025-08-21,h062,13:04:00,short,23885.0,23884.0,14.0,2025-08-21 13:04:00,12:56:00,True,15,22,43.0,6.0,3.0714285714285716,0.42857142857142855,tp
2025-08-22,h062,10:29:00,long,23835.0,23837.0,14.0,2025-08-22 10:29:00,10:27:00,False,0,3,25.0,105.0,1.7857142857142858,7.5,sl
2025-08-22,h062,11:11:00,long,23823.0,23828.0,18.0,2025-08-22 11:11:00,11:03:00,False,3,6,9.0,96.0,0.5,5.333333333333333,sl
2025-08-22,h062,11:46:00,short,23801.0,23798.0,11.0,2025-08-22 11:46:00,11:45:00,True,7,10,66.0,2.0,6.0,0.18181818181818182,tp
2025-08-22,h062,11:52:00,short,23788.0,23781.0,12.0,2025-08-22 11:52:00,11:47:00,False,3,5,49.0,16.0,4.083333333333333,1.3333333333333333,tp
2025-08-22,h062,11:57:00,short,23769.0,23761.0,15.0,2025-08-22 11:57:00,11:54:00,False,4,6,29.0,36.0,1.9333333333333333,2.4,tp
2025-08-22,h062,12:02:00,short,23745.0,23742.0,20.0,2025-08-22 12:02:00,11:58:00,True,6,9,10.0,55.0,0.5,2.75,sl
2025-08-22,h062,12:52:00,long,23786.0,23791.0,13.0,2025-08-22 12:52:00,12:46:00,True,7,18,6.0,44.0,0.46153846153846156,3.3846153846153846,sl
2025-08-25,h062,10:05:00,long,24166.0,24198.0,26.0,2025-08-25 10:05:00,10:04:00,True,106,165,116.0,0.0,4.461538461538462,0.0,tp
2025-08-25,h062,10:09:00,long,24224.0,24225.0,26.0,2025-08-25 10:09:00,10:06:00,True,13,35,89.0,8.0,3.423076923076923,0.3076923076923077,tp
2025-08-25,h062,11:04:00,long,24284.0,24290.0,29.0,2025-08-25 11:04:00,11:03:00,True,10,20,16.0,70.0,0.5517241379310345,2.413793103448276,sl
2025-08-25,h062,12:14:00,long,24282.0,24283.0,14.0,2025-08-25 12:14:00,12:13:00,False,0,3,10.0,63.0,0.7142857142857143,4.5,sl
2025-08-25,h062,13:28:00,short,24242.0,24239.0,25.0,2025-08-25 13:28:00,12:59:00,True,5,10,19.0,29.0,0.76,1.16,sl
2025-08-26,h062,10:10:00,long,24171.0,24182.0,14.0,2025-08-26 10:10:00,10:07:00,True,16,26,99.0,59.0,7.071428571428571,4.214285714285714,sl
2025-08-26,h062,11:05:00,long,24140.0,24144.0,17.0,2025-08-26 11:05:00,11:03:00,True,15,23,137.0,15.0,8.058823529411764,0.8823529411764706,tp
2025-08-26,h062,11:18:00,long,24161.0,24165.0,16.0,2025-08-26 11:18:00,11:17:00,True,5,11,116.0,12.0,7.25,0.75,tp
2025-08-26,h062,11:58:00,long,24162.0,24164.0,9.0,2025-08-26 11:58:00,11:52:00,False,0,2,117.0,0.0,13.0,0.0,tp
2025-08-26,h062,12:01:00,long,24176.0,24177.0,12.0,2025-08-26 12:01:00,12:00:00,True,10,15,104.0,5.0,8.666666666666666,0.4166666666666667,tp
2025-08-26,h062,12:05:00,long,24194.0,24196.0,15.0,2025-08-26 12:05:00,12:04:00,True,32,58,85.0,2.0,5.666666666666667,0.13333333333333333,tp
2025-08-26,h062,12:12:00,short,24238.0,24229.0,17.0,2025-08-26 12:12:00,12:11:00,False,0,4,19.0,52.0,1.1176470588235294,3.0588235294117645,tp
2025-08-26,h062,12:42:00,short,24243.0,24242.0,14.0,2025-08-26 12:42:00,12:40:00,False,4,8,20.0,39.0,1.4285714285714286,2.7857142857142856,sl
2025-08-26,h062,13:01:00,short,24262.0,24260.0,19.0,2025-08-26 13:01:00,12:57:00,True,13,22,38.0,3.0,2.0,0.15789473684210525,tp
2025-08-26,h062,13:29:00,short,24234.0,24231.0,14.0,2025-08-26 13:29:00,13:25:00,True,7,19,9.0,30.0,0.6428571428571429,2.142857142857143,sl
2025-08-27,h062,10:22:00,long,24462.0,24473.0,19.0,2025-08-27 10:22:00,10:20:00,True,26,45,23.0,67.0,1.2105263157894737,3.526315789473684,tp
2025-08-27,h062,10:24:00,long,24487.0,24491.0,15.0,2025-08-27 10:24:00,10:23:00,True,11,18,5.0,85.0,0.3333333333333333,5.666666666666667,sl
2025-08-27,h062,11:43:00,long,24469.0,24471.0,8.0,2025-08-27 11:43:00,11:42:00,False,0,2,19.0,65.0,2.375,8.125,sl
2025-08-27,h062,11:49:00,short,24458.0,24457.0,6.0,2025-08-27 11:49:00,11:45:00,False,0,4,51.0,33.0,8.5,5.5,tp
2025-08-27,h062,11:52:00,long,24451.0,24454.0,11.0,2025-08-27 11:52:00,11:51:00,False,4,7,36.0,48.0,3.272727272727273,4.363636363636363,sl
2025-08-27,h062,12:19:00,short,24438.0,24428.0,8.0,2025-08-27 12:19:00,12:18:00,True,21,33,22.0,62.0,2.75,7.75,tp
2025-08-27,h062,12:23:00,short,24416.0,24408.0,14.0,2025-08-27 12:23:00,12:20:00,True,28,36,0.0,82.0,0.0,5.857142857142857,sl
2025-08-27,h062,12:40:00,long,24458.0,24463.0,28.0,2025-08-27 12:40:00,12:33:00,False,2,7,27.0,9.0,0.9642857142857143,0.32142857142857145,timeout
2025-08-27,h062,13:07:00,short,24480.0,24479.0,10.0,2025-08-27 13:07:00,13:05:00,False,0,2,25.0,10.0,2.5,1.0,tp
2025-08-27,h062,13:25:00,short,24458.0,24456.0,15.0,2025-08-27 13:25:00,13:24:00,True,6,12,2.0,19.0,0.13333333333333333,1.2666666666666666,sl
2025-08-28,h062,09:55:00,short,24368.0,24362.0,26.0,2025-08-28 09:55:00,09:53:00,False,4,8,159.0,54.0,6.115384615384615,2.076923076923077,tp
2025-08-28,h062,10:13:00,short,24335.0,24333.0,29.0,2025-08-28 10:13:00,10:01:00,False,4,6,130.0,83.0,4.482758620689655,2.8620689655172415,sl
2025-08-28,h062,11:05:00,long,24382.0,24384.0,24.0,2025-08-28 11:05:00,11:03:00,True,17,20,32.0,181.0,1.3333333333333333,7.541666666666667,tp
2025-08-28,h062,11:07:00,long,24398.0,24411.0,13.0,2025-08-28 11:07:00,11:06:00,True,38,42,5.0,208.0,0.38461538461538464,16.0,sl
2025-08-28,h062,11:42:00,short,24360.0,24358.0,19.0,2025-08-28 11:42:00,11:41:00,True,6,12,155.0,17.0,8.157894736842104,0.8947368421052632,tp
2025-08-28,h062,11:54:00,short,24356.0,24353.0,19.0,2025-08-28 11:54:00,11:43:00,False,3,9,150.0,0.0,7.894736842105263,0.0,tp
2025-08-28,h062,12:03:00,short,24289.0,24267.0,47.0,2025-08-28 12:03:00,12:02:00,True,23,47,64.0,50.0,1.3617021276595744,1.0638297872340425,tp
2025-08-28,h062,12:08:00,short,24222.0,24211.0,37.0,2025-08-28 12:08:00,12:07:00,True,17,44,7.0,106.0,0.1891891891891892,2.864864864864865,sl
2025-08-28,h062,12:59:00,long,24294.0,24296.0,19.0,2025-08-28 12:59:00,12:56:00,True,9,20,8.0,78.0,0.42105263157894735,4.105263157894737,sl
2025-08-29,h062,09:46:00,short,24342.0,24339.0,22.0,2025-08-29 09:46:00,09:43:00,False,4,11,93.0,21.0,4.2272727272727275,0.9545454545454546,tp
2025-08-29,h062,09:50:00,short,24309.0,24291.0,28.0,2025-08-29 09:50:00,09:48:00,True,12,21,45.0,69.0,1.6071428571428572,2.4642857142857144,sl
2025-08-29,h062,11:07:00,long,24333.0,24351.0,13.0,2025-08-29 11:07:00,11:05:00,True,54,73,8.0,105.0,0.6153846153846154,8.076923076923077,sl
2025-08-29,h062,13:03:00,short,24291.0,24285.0,12.0,2025-08-29 13:03:00,13:01:00,False,2,5,39.0,12.0,3.25,1.0,sl
2025-08-29,h062,13:07:00,long,24295.0,24296.0,11.0,2025-08-29 13:07:00,13:04:00,False,0,3,1.0,50.0,0.09090909090909091,4.545454545454546,sl
2025-08-29,h062,13:26:00,short,24262.0,24261.0,12.0,2025-08-29 13:26:00,13:25:00,False,4,7,15.0,15.0,1.25,1.25,sl
2025-09-01,h062,09:33:00,long,24215.0,24235.0,24.0,2025-09-01 09:33:00,09:32:00,True,43,104,6.0,388.0,0.25,16.166666666666668,sl
2025-09-01,h062,10:15:00,short,24007.0,23994.0,35.0,2025-09-01 10:15:00,10:14:00,True,43,115,147.0,27.0,4.2,0.7714285714285715,tp
2025-09-01,h062,12:12:00,short,23936.0,23934.0,10.0,2025-09-01 12:12:00,12:11:00,False,0,2,34.0,87.0,3.4,8.7,tp
2025-09-01,h062,12:21:00,long,23916.0,23920.0,16.0,2025-09-01 12:21:00,12:18:00,True,6,10,101.0,10.0,6.3125,0.625,tp
2025-09-01,h062,12:49:00,long,23981.0,23998.0,14.0,2025-09-01 12:49:00,12:47:00,True,55,102,23.0,36.0,1.6428571428571428,2.5714285714285716,sl
2025-09-02,h062,09:57:00,short,24033.0,24032.0,54.0,2025-09-02 09:57:00,09:55:00,True,13,46,153.0,53.0,2.8333333333333335,0.9814814814814815,tp
2025-09-02,h062,10:54:00,short,23955.0,23946.0,23.0,2025-09-02 10:54:00,10:49:00,True,14,21,67.0,117.0,2.9130434782608696,5.086956521739131,tp
2025-09-02,h062,10:58:00,long,23946.0,23960.0,25.0,2025-09-02 10:58:00,10:55:00,True,16,29,103.0,81.0,4.12,3.24,sl
2025-09-02,h062,11:54:00,long,24015.0,24023.0,33.0,2025-09-02 11:54:00,11:40:00,True,11,12,40.0,67.0,1.2121212121212122,2.0303030303030303,tp
2025-09-02,h062,12:51:00,short,24042.0,24029.0,21.0,2025-09-02 12:51:00,12:45:00,False,3,8,73.0,3.0,3.4761904761904763,0.14285714285714285,tp
2025-09-03,h062,09:52:00,long,24043.0,24056.0,35.0,2025-09-03 09:52:00,09:51:00,True,31,85,27.0,98.0,0.7714285714285715,2.8,sl
2025-09-03,h062,10:32:00,short,23995.0,23992.0,16.0,2025-09-03 10:32:00,10:31:00,True,5,11,34.0,53.0,2.125,3.3125,tp
2025-09-03,h062,10:35:00,long,23980.0,23982.0,19.0,2025-09-03 10:35:00,10:34:00,False,4,9,63.0,24.0,3.3157894736842106,1.263157894736842,sl
2025-09-03,h062,10:59:00,short,24004.0,24001.0,18.0,2025-09-03 10:59:00,10:57:00,False,0,2,30.0,44.0,1.6666666666666667,2.4444444444444446,sl
2025-09-03,h062,11:41:00,long,24019.0,24024.0,12.0,2025-09-03 11:41:00,11:40:00,False,3,5,17.0,53.0,1.4166666666666667,4.416666666666667,tp
2025-09-03,h062,12:08:00,short,24028.0,24027.0,13.0,2025-09-03 12:08:00,12:03:00,False,0,3,56.0,8.0,4.3076923076923075,0.6153846153846154,tp
2025-09-03,h062,12:13:00,short,24001.0,23995.0,19.0,2025-09-03 12:13:00,12:12:00,False,4,8,24.0,40.0,1.263157894736842,2.1052631578947367,sl
2025-09-03,h062,12:43:00,short,24022.0,24021.0,8.0,2025-09-03 12:43:00,12:42:00,False,0,2,50.0,14.0,6.25,1.75,tp
2025-09-03,h062,13:00:00,long,24030.0,24034.0,13.0,2025-09-03 13:00:00,12:58:00,True,7,8,1.0,63.0,0.07692307692307693,4.846153846153846,sl
2025-09-04,h062,10:04:00,long,24338.0,24339.0,47.0,2025-09-04 10:04:00,10:02:00,True,15,31,26.0,226.0,0.5531914893617021,4.808510638297872,sl
2025-09-04,h062,10:52:00,short,24289.0,24282.0,31.0,2025-09-04 10:52:00,10:48:00,True,11,15,169.0,14.0,5.451612903225806,0.45161290322580644,tp
2025-09-04,h062,10:58:00,short,24250.0,24210.0,16.0,2025-09-04 10:58:00,10:57:00,True,24,45,97.0,22.0,6.0625,1.375,sl
2025-09-04,h062,11:15:00,short,24190.0,24185.0,40.0,2025-09-04 11:15:00,11:00:00,True,23,37,72.0,31.0,1.8,0.775,tp
2025-09-04,h062,12:31:00,short,24185.0,24182.0,17.0,2025-09-04 12:31:00,12:23:00,True,8,12,69.0,12.0,4.0588235294117645,0.7058823529411765,tp
2025-09-04,h062,12:39:00,short,24175.0,24168.0,19.0,2025-09-04 12:39:00,12:37:00,False,4,5,55.0,25.0,2.8947368421052633,1.3157894736842106,sl
2025-09-04,h062,13:04:00,short,24156.0,24146.0,15.0,2025-09-04 13:04:00,13:03:00,True,8,13,33.0,14.0,2.2,0.9333333333333333,tp
2025-09-04,h062,13:13:00,long,24150.0,24152.0,16.0,2025-09-04 13:13:00,13:05:00,True,10,14,8.0,39.0,0.5,2.4375,sl
2025-09-05,h062,09:54:00,long,24310.0,24317.0,24.0,2025-09-05 09:54:00,09:49:00,False,3,9,112.0,5.0,4.666666666666667,0.20833333333333334,tp
2025-09-05,h062,10:08:00,short,24358.0,24354.0,19.0,2025-09-05 10:08:00,10:07:00,True,5,15,12.0,75.0,0.631578947368421,3.9473684210526314,sl
2025-09-05,h062,10:30:00,long,24391.0,24394.0,16.0,2025-09-05 10:30:00,10:21:00,True,22,48,35.0,30.0,2.1875,1.875,tp
2025-09-05,h062,11:15:00,long,24381.0,24383.0,13.0,2025-09-05 11:15:00,11:14:00,True,11,15,46.0,19.0,3.5384615384615383,1.4615384615384615,sl
2025-09-05,h062,12:10:00,short,24390.0,24387.0,13.0,2025-09-05 12:10:00,12:07:00,False,0,2,8.0,42.0,0.6153846153846154,3.230769230769231,sl
2025-09-05,h062,12:51:00,short,24400.0,24396.0,8.0,2025-09-05 12:51:00,12:49:00,False,0,4,12.0,33.0,1.5,4.125,tp
2025-09-05,h062,13:18:00,short,24394.0,24392.0,12.0,2025-09-05 13:18:00,13:15:00,True,6,10,8.0,37.0,0.6666666666666666,3.0833333333333335,sl
2025-09-08,h062,10:04:00,short,24555.0,24550.0,31.0,2025-09-08 10:04:00,10:03:00,True,18,38,32.0,75.0,1.032258064516129,2.4193548387096775,sl
2025-09-08,h062,10:53:00,long,24593.0,24600.0,19.0,2025-09-08 10:53:00,10:49:00,True,16,24,25.0,51.0,1.3157894736842106,2.6842105263157894,tp
2025-09-08,h062,11:50:00,short,24583.0,24581.0,13.0,2025-09-08 11:50:00,11:47:00,False,0,4,32.0,44.0,2.4615384615384617,3.3846153846153846,sl
2025-09-08,h062,11:53:00,long,24586.0,24587.0,15.0,2025-09-08 11:53:00,11:52:00,False,4,8,38.0,38.0,2.533333333333333,2.533333333333333,tp
2025-09-08,h062,12:18:00,short,24580.0,24576.0,14.0,2025-09-08 12:18:00,12:15:00,False,0,4,27.0,49.0,1.9285714285714286,3.5,sl
2025-09-08,h062,12:30:00,long,24597.0,24613.0,23.0,2025-09-08 12:30:00,12:29:00,True,30,60,11.0,64.0,0.4782608695652174,2.782608695652174,sl
2025-09-08,h062,13:13:00,short,24557.0,24556.0,10.0,2025-09-08 13:13:00,13:10:00,True,7,11,7.0,33.0,0.7,3.3,sl
2025-09-09,h062,09:36:00,long,24715.0,24718.0,31.0,2025-09-09 09:36:00,09:32:00,False,3,10,120.0,23.0,3.870967741935484,0.7419354838709677,tp
2025-09-09,h062,09:48:00,short,24731.0,24730.0,13.0,2025-09-09 09:48:00,09:47:00,True,6,10,30.0,108.0,2.3076923076923075,8.307692307692308,sl
2025-09-09,h062,10:55:00,short,24720.0,24710.0,24.0,2025-09-09 10:55:00,10:52:00,True,22,48,2.0,115.0,0.08333333333333333,4.791666666666667,sl
2025-09-09,h062,12:02:00,short,24812.0,24809.0,8.0,2025-09-09 12:02:00,12:00:00,False,0,2,44.0,16.0,5.5,2.0,tp
2025-09-09,h062,13:19:00,long,24785.0,24787.0,13.0,2025-09-09 13:19:00,13:16:00,False,3,5,19.0,22.0,1.4615384615384615,1.6923076923076923,sl
2025-09-09,h062,13:23:00,long,24775.0,24776.0,10.0,2025-09-09 13:23:00,13:22:00,True,5,9,30.0,8.0,3.0,0.8,tp
2025-09-10,h062,11:15:00,short,25197.0,25188.0,33.0,2025-09-10 11:15:00,11:04:00,True,10,16,40.0,56.0,1.2121212121212122,1.696969696969697,sl
2025-09-10,h062,11:46:00,long,25199.0,25203.0,18.0,2025-09-10 11:46:00,11:42:00,True,15,22,41.0,55.0,2.2777777777777777,3.0555555555555554,tp
2025-09-10,h062,12:57:00,short,25210.0,25206.0,10.0,2025-09-10 12:57:00,12:56:00,False,3,7,58.0,38.0,5.8,3.8,sl
2025-09-10,h062,13:02:00,long,25234.0,25236.0,18.0,2025-09-10 13:02:00,13:01:00,True,17,44,8.0,88.0,0.4444444444444444,4.888888888888889,sl
2025-09-10,h062,13:04:00,short,25223.0,25216.0,21.0,2025-09-10 13:04:00,13:03:00,True,6,11,68.0,10.0,3.238095238095238,0.47619047619047616,tp
2025-09-11,h062,10:25:00,long,25424.0,25428.0,15.0,2025-09-11 10:25:00,10:23:00,True,12,23,36.0,252.0,2.4,16.8,sl
2025-09-11,h062,10:59:00,short,25419.0,25413.0,12.0,2025-09-11 10:59:00,10:57:00,False,0,4,237.0,51.0,19.75,4.25,tp
2025-09-11,h062,12:18:00,short,25370.0,25356.0,25.0,2025-09-11 12:18:00,12:16:00,True,8,17,180.0,9.0,7.2,0.36,tp
2025-09-11,h062,12:23:00,short,25309.0,25303.0,24.0,2025-09-11 12:23:00,12:22:00,True,16,29,127.0,19.0,5.291666666666667,0.7916666666666666,tp
2025-09-12,h062,09:32:00,short,25371.0,25360.0,36.0,2025-09-12 09:32:00,09:30:00,True,25,48,2.0,106.0,0.05555555555555555,2.9444444444444446,sl
2025-09-12,h062,10:01:00,short,25441.0,25440.0,16.0,2025-09-12 10:01:00,10:00:00,False,3,7,50.0,26.0,3.125,1.625,tp
2025-09-12,h062,10:32:00,short,25442.0,25438.0,18.0,2025-09-12 10:32:00,10:31:00,False,0,4,48.0,28.0,2.6666666666666665,1.5555555555555556,sl
2025-09-12,h062,10:50:00,short,25413.0,25411.0,17.0,2025-09-12 10:50:00,10:49:00,True,9,19,21.0,55.0,1.2352941176470589,3.235294117647059,sl
2025-09-12,h062,12:08:00,short,25441.0,25440.0,5.0,2025-09-12 12:08:00,12:06:00,False,0,3,50.0,26.0,10.0,5.2,sl
2025-09-12,h062,12:19:00,short,25408.0,25398.0,22.0,2025-09-12 12:19:00,12:15:00,True,16,26,1.0,68.0,0.045454545454545456,3.090909090909091,sl
2025-09-12,h062,13:00:00,long,25407.0,25410.0,7.0,2025-09-12 13:00:00,12:58:00,True,6,12,56.0,6.0,8.0,0.8571428571428571,tp
2025-09-12,h062,13:08:00,long,25427.0,25429.0,19.0,2025-09-12 13:08:00,13:01:00,True,13,22,37.0,25.0,1.9473684210526316,1.3157894736842106,sl
2025-09-15,h062,09:58:00,short,25355.0,25353.0,31.0,2025-09-15 09:58:00,09:55:00,True,8,18,84.0,55.0,2.7096774193548385,1.7741935483870968,tp
2025-09-15,h062,10:00:00,short,25325.0,25315.0,31.0,2025-09-15 10:00:00,09:59:00,True,36,75,46.0,93.0,1.4838709677419355,3.0,sl
2025-09-15,h062,11:48:00,long,25363.0,25383.0,11.0,2025-09-15 11:48:00,11:45:00,True,67,88,25.0,55.0,2.272727272727273,5.0,tp
2025-09-15,h062,11:50:00,long,25391.0,25396.0,13.0,2025-09-15 11:50:00,11:49:00,True,18,44,3.0,68.0,0.23076923076923078,5.230769230769231,sl
2025-09-15,h062,12:51:00,short,25372.0,25368.0,13.0,2025-09-15 12:51:00,12:45:00,False,4,7,40.0,16.0,3.076923076923077,1.2307692307692308,sl
2025-09-16,h062,09:11:00,long,25584.0,25590.0,51.0,2025-09-16 09:11:00,09:10:00,True,17,59,73.0,70.0,1.4313725490196079,1.3725490196078431,sl
2025-09-16,h062,10:30:00,long,25613.0,25627.0,22.0,2025-09-16 10:30:00,10:29:00,True,36,60,36.0,24.0,1.6363636363636365,1.0909090909090908,tp
2025-09-16,h062,10:32:00,short,25626.0,25620.0,15.0,2025-09-16 10:32:00,10:31:00,True,9,18,17.0,43.0,1.1333333333333333,2.8666666666666667,sl
2025-09-16,h062,11:29:00,short,25638.0,25637.0,9.0,2025-09-16 11:29:00,11:25:00,False,0,4,34.0,26.0,3.7777777777777777,2.888888888888889,sl
2025-09-16,h062,12:04:00,long,25646.0,25648.0,12.0,2025-09-16 12:04:00,12:02:00,False,0,1,15.0,45.0,1.25,3.75,tp
2025-09-16,h062,12:15:00,short,25640.0,25637.0,21.0,2025-09-16 12:15:00,12:11:00,False,0,1,34.0,26.0,1.619047619047619,1.2380952380952381,tp
2025-09-16,h062,12:19:00,long,25620.0,25628.0,12.0,2025-09-16 12:19:00,12:18:00,False,4,11,35.0,25.0,2.9166666666666665,2.0833333333333335,sl
2025-09-16,h062,12:34:00,long,25646.0,25649.0,25.0,2025-09-16 12:34:00,12:33:00,True,5,11,14.0,46.0,0.56,1.84,sl
2025-09-16,h062,12:53:00,short,25644.0,25637.0,16.0,2025-09-16 12:53:00,12:41:00,False,0,3,34.0,20.0,2.125,1.25,sl
2025-09-16,h062,13:00:00,short,25644.0,25642.0,13.0,2025-09-16 13:00:00,12:59:00,False,0,3,39.0,2.0,3.0,0.15384615384615385,tp
2025-09-16,h062,13:23:00,short,25620.0,25619.0,10.0,2025-09-16 13:23:00,13:20:00,True,29,39,16.0,11.0,1.6,1.1,tp
2025-09-17,h062,10:51:00,long,25488.0,25491.0,20.0,2025-09-17 10:51:00,10:50:00,True,8,10,58.0,50.0,2.9,2.5,tp
2025-09-17,h062,11:39:00,short,25498.0,25497.0,5.0,2025-09-17 11:39:00,11:38:00,False,4,5,56.0,52.0,11.2,10.4,sl
2025-09-17,h062,11:55:00,long,25494.0,25500.0,11.0,2025-09-17 11:55:00,11:54:00,True,6,16,49.0,59.0,4.454545454545454,5.363636363636363,sl
2025-09-17,h062,12:09:00,long,25524.0,25531.0,30.0,2025-09-17 12:09:00,12:08:00,True,26,53,18.0,90.0,0.6,3.0,sl
2025-09-17,h062,12:14:00,short,25511.0,25509.0,29.0,2025-09-17 12:14:00,12:13:00,False,3,8,68.0,4.0,2.3448275862068964,0.13793103448275862,tp
2025-09-17,h062,12:43:00,short,25486.0,25484.0,15.0,2025-09-17 12:43:00,12:42:00,False,3,7,43.0,0.0,2.8666666666666667,0.0,tp
2025-09-17,h062,13:02:00,long,25459.0,25463.0,18.0,2025-09-17 13:02:00,13:01:00,True,25,63,21.0,12.0,1.1666666666666667,0.6666666666666666,tp
2025-09-18,h062,10:28:00,long,25545.0,25550.0,13.0,2025-09-18 10:28:00,10:27:00,True,17,37,197.0,0.0,15.153846153846153,0.0,tp
2025-09-18,h062,10:30:00,long,25575.0,25593.0,25.0,2025-09-18 10:30:00,10:29:00,True,32,91,154.0,29.0,6.16,1.16,sl
2025-09-18,h062,11:00:00,long,25660.0,25670.0,13.0,2025-09-18 11:00:00,10:59:00,True,49,70,77.0,19.0,5.923076923076923,1.4615384615384615,sl
2025-09-18,h062,12:03:00,long,25723.0,25727.0,15.0,2025-09-18 12:03:00,12:01:00,True,10,18,20.0,25.0,1.3333333333333333,1.6666666666666667,tp
2025-09-18,h062,12:22:00,short,25729.0,25727.0,15.0,2025-09-18 12:22:00,12:18:00,True,5,7,25.0,8.0,1.6666666666666667,0.5333333333333333,tp
2025-09-18,h062,13:09:00,long,25731.0,25732.0,9.0,2025-09-18 13:09:00,13:08:00,False,4,5,-1.0,30.0,-0.1111111111111111,3.3333333333333335,sl
2025-09-19,h062,11:12:00,long,25751.0,25754.0,11.0,2025-09-19 11:12:00,11:09:00,False,3,5,14.0,88.0,1.2727272727272727,8.0,tp
2025-09-19,h062,11:17:00,short,25754.0,25746.0,14.0,2025-09-19 11:17:00,11:15:00,False,0,2,80.0,5.0,5.714285714285714,0.35714285714285715,tp
2025-09-19,h062,11:34:00,short,25707.0,25700.0,25.0,2025-09-19 11:34:00,11:33:00,True,9,19,34.0,50.0,1.36,2.0,sl
2025-09-19,h062,13:07:00,long,25734.0,25735.0,10.0,2025-09-19 13:07:00,13:04:00,True,6,12,15.0,69.0,1.5,6.9,sl
2025-09-19,h062,13:17:00,short,25718.0,25717.0,13.0,2025-09-19 13:17:00,13:14:00,False,0,4,51.0,33.0,3.923076923076923,2.5384615384615383,sl
2025-09-19,h062,13:21:00,long,25732.0,25742.0,16.0,2025-09-19 13:21:00,13:20:00,True,6,15,8.0,76.0,0.5,4.75,sl
2025-09-19,h062,13:29:00,short,25725.0,25713.0,24.0,2025-09-19 13:29:00,13:25:00,True,27,38,47.0,9.0,1.9583333333333333,0.375,tp
2025-09-22,h062,09:57:00,long,25776.0,25784.0,51.0,2025-09-22 09:57:00,09:56:00,True,20,44,157.0,12.0,3.0784313725490198,0.23529411764705882,tp
2025-09-22,h062,10:29:00,long,25816.0,25820.0,38.0,2025-09-22 10:29:00,10:00:00,False,3,5,121.0,13.0,3.1842105263157894,0.34210526315789475,tp
2025-09-22,h062,10:54:00,long,25842.0,25850.0,19.0,2025-09-22 10:54:00,10:37:00,True,23,41,91.0,23.0,4.7894736842105265,1.2105263157894737,tp
2025-09-22,h062,10:58:00,long,25901.0,25905.0,46.0,2025-09-22 10:58:00,10:56:00,True,19,45,36.0,78.0,0.782608695652174,1.6956521739130435,sl
2025-09-22,h062,11:06:00,short,25856.0,25845.0,38.0,2025-09-22 11:06:00,11:00:00,True,9,20,18.0,96.0,0.47368421052631576,2.526315789473684,sl
2025-09-22,h062,13:10:00,short,25890.0,25886.0,10.0,2025-09-22 13:10:00,13:02:00,False,0,1,4.0,24.0,0.4,2.4,sl
2025-09-23,h062,09:43:00,short,26105.0,26104.0,28.0,2025-09-23 09:43:00,09:36:00,True,6,11,8.0,224.0,0.2857142857142857,8.0,sl
2025-09-23,h062,10:03:00,long,26157.0,26164.0,27.0,2025-09-23 10:03:00,09:55:00,True,10,27,164.0,15.0,6.074074074074074,0.5555555555555556,tp
2025-09-23,h062,11:07:00,long,26265.0,26270.0,19.0,2025-09-23 11:07:00,11:06:00,True,10,27,58.0,99.0,3.0526315789473686,5.2105263157894735,tp
2025-09-23,h062,11:38:00,short,26304.0,26300.0,24.0,2025-09-23 11:38:00,11:36:00,False,2,6,129.0,4.0,5.375,0.16666666666666666,tp
2025-09-23,h062,11:40:00,short,26277.0,26274.0,27.0,2025-09-23 11:40:00,11:39:00,True,14,46,103.0,18.0,3.814814814814815,0.6666666666666666,tp
2025-09-23,h062,12:03:00,long,26246.0,26248.0,29.0,2025-09-23 12:03:00,12:01:00,True,14,30,25.0,77.0,0.8620689655172413,2.6551724137931036,sl
2025-09-24,h062,09:59:00,short,26135.0,26126.0,43.0,2025-09-24 09:59:00,09:58:00,True,16,40,54.0,134.0,1.255813953488372,3.116279069767442,tp
2025-09-24,h062,10:28:00,long,26189.0,26218.0,43.0,2025-09-24 10:28:00,10:27:00,True,24,75,42.0,95.0,0.9767441860465116,2.2093023255813953,sl
2025-09-24,h062,11:35:00,short,26181.0,26177.0,25.0,2025-09-24 11:35:00,11:23:00,False,0,4,54.0,71.0,2.16,2.84,tp
2025-09-24,h062,12:18:00,short,26130.0,26129.0,28.0,2025-09-24 12:18:00,12:13:00,False,3,9,6.0,119.0,0.21428571428571427,4.25,sl
2025-09-24,h062,12:57:00,long,26178.0,26194.0,16.0,2025-09-24 12:57:00,12:56:00,True,35,56,54.0,17.0,3.375,1.0625,sl
2025-09-24,h062,13:03:00,short,26187.0,26180.0,17.0,2025-09-24 13:03:00,12:58:00,False,0,4,3.0,68.0,0.17647058823529413,4.0,sl
2025-09-24,h062,13:26:00,short,26226.0,26222.0,9.0,2025-09-24 13:26:00,13:25:00,False,4,8,4.0,26.0,0.4444444444444444,2.888888888888889,sl
2025-09-25,h062,09:48:00,long,26265.0,26267.0,40.0,2025-09-25 09:48:00,09:45:00,True,27,44,16.0,180.0,0.4,4.5,sl
2025-09-25,h062,10:29:00,long,26168.0,26175.0,31.0,2025-09-25 10:29:00,10:28:00,True,9,23,34.0,88.0,1.096774193548387,2.838709677419355,tp
2025-09-25,h062,11:06:00,short,26139.0,26137.0,14.0,2025-09-25 11:06:00,11:05:00,False,3,8,50.0,50.0,3.5714285714285716,3.5714285714285716,tp
2025-09-25,h062,11:12:00,long,26105.0,26106.0,18.0,2025-09-25 11:12:00,11:11:00,True,5,17,81.0,17.0,4.5,0.9444444444444444,tp
2025-09-25,h062,12:03:00,short,26174.0,26161.0,10.0,2025-09-25 12:03:00,12:00:00,False,0,4,72.0,14.0,7.2,1.4,tp
2025-09-25,h062,12:57:00,long,26134.0,26135.0,19.0,2025-09-25 12:57:00,12:55:00,True,6,11,13.0,46.0,0.6842105263157895,2.4210526315789473,sl
2025-09-25,h062,13:14:00,short,26120.0,26115.0,15.0,2025-09-25 13:14:00,13:08:00,False,4,7,26.0,33.0,1.7333333333333334,2.2,sl
2025-09-26,h062,09:11:00,short,25823.0,25797.0,40.0,2025-09-26 09:11:00,09:10:00,True,26,76,297.0,17.0,7.425,0.425,tp
2025-09-26,h062,11:16:00,long,25612.0,25616.0,27.0,2025-09-26 11:16:00,11:13:00,True,9,13,65.0,68.0,2.4074074074074074,2.5185185185185186,sl
2025-09-26,h062,11:52:00,long,25599.0,25603.0,26.0,2025-09-26 11:52:00,11:50:00,False,4,9,78.0,55.0,3.0,2.1153846153846154,sl
2025-09-26,h062,12:07:00,long,25570.0,25578.0,22.0,2025-09-26 12:07:00,12:05:00,True,11,19,103.0,13.0,4.681818181818182,0.5909090909090909,tp
2025-09-26,h062,13:10:00,long,25627.0,25637.0,19.0,2025-09-26 13:10:00,13:07:00,True,17,25,44.0,12.0,2.3157894736842106,0.631578947368421,tp
2025-09-26,h062,13:28:00,short,25655.0,25654.0,26.0,2025-09-26 13:28:00,13:25:00,True,9,16,29.0,27.0,1.1153846153846154,1.0384615384615385,tp
2025-09-30,h062,10:01:00,long,25944.0,25951.0,57.0,2025-09-30 10:01:00,09:56:00,True,10,15,46.0,76.0,0.8070175438596491,1.3333333333333333,sl
2025-09-30,h062,10:35:00,long,25908.0,25919.0,33.0,2025-09-30 10:35:00,10:26:00,True,18,19,78.0,2.0,2.3636363636363638,0.06060606060606061,tp
2025-09-30,h062,11:41:00,short,25968.0,25965.0,8.0,2025-09-30 11:41:00,11:39:00,True,5,8,43.0,32.0,5.375,4.0,tp
2025-09-30,h062,11:49:00,short,25937.0,25928.0,9.0,2025-09-30 11:49:00,11:48:00,False,0,3,6.0,69.0,0.6666666666666666,7.666666666666667,sl
2025-09-30,h062,12:23:00,long,25962.0,25965.0,14.0,2025-09-30 12:23:00,12:21:00,False,2,5,32.0,29.0,2.2857142857142856,2.0714285714285716,sl
2025-09-30,h062,12:37:00,long,25989.0,25993.0,18.0,2025-09-30 12:37:00,12:33:00,True,8,15,4.0,57.0,0.2222222222222222,3.1666666666666665,sl
2025-09-30,h062,13:11:00,long,25972.0,25980.0,15.0,2025-09-30 13:11:00,13:07:00,True,5,10,17.0,44.0,1.1333333333333333,2.933333333333333,tp
2025-09-30,h062,13:28:00,long,25982.0,25983.0,20.0,2025-09-30 13:28:00,13:25:00,True,12,26,1.0,47.0,0.05,2.35,sl
2025-10-01,h062,09:15:00,long,26178.0,26179.0,46.0,2025-10-01 09:15:00,09:11:00,True,23,41,196.0,179.0,4.260869565217392,3.891304347826087,tp
2025-10-01,h062,10:13:00,short,26248.0,26239.0,25.0,2025-10-01 10:13:00,10:09:00,True,9,19,239.0,24.0,9.56,0.96,tp
2025-10-01,h062,10:18:00,long,26241.0,26245.0,39.0,2025-10-01 10:18:00,10:15:00,True,6,15,18.0,245.0,0.46153846153846156,6.282051282051282,sl
2025-10-01,h062,10:53:00,short,26158.0,26140.0,22.0,2025-10-01 10:53:00,10:45:00,True,8,17,140.0,-1.0,6.363636363636363,-0.045454545454545456,tp
2025-10-01,h062,11:03:00,short,26029.0,26012.0,42.0,2025-10-01 11:03:00,11:02:00,True,14,36,12.0,123.0,0.2857142857142857,2.9285714285714284,sl
2025-10-01,h062,12:06:00,long,26122.0,26125.0,33.0,2025-10-01 12:06:00,12:02:00,False,0,1,4.0,92.0,0.12121212121212122,2.787878787878788,sl
2025-10-01,h062,12:30:00,long,26060.0,26061.0,15.0,2025-10-01 12:30:00,12:27:00,False,3,8,33.0,28.0,2.2,1.8666666666666667,tp
2025-10-01,h062,12:59:00,long,26049.0,26059.0,14.0,2025-10-01 12:59:00,12:57:00,True,5,9,26.0,26.0,1.8571428571428572,1.8571428571428572,tp
2025-10-02,h062,10:39:00,long,26494.0,26498.0,44.0,2025-10-02 10:39:00,10:26:00,True,12,20,22.0,92.0,0.5,2.090909090909091,sl
2025-10-02,h062,10:56:00,short,26478.0,26477.0,23.0,2025-10-02 10:56:00,10:54:00,False,0,1,71.0,43.0,3.0869565217391304,1.8695652173913044,sl
2025-10-02,h062,11:16:00,long,26503.0,26509.0,8.0,2025-10-02 11:16:00,11:15:00,True,35,45,0.0,103.0,0.0,12.875,sl
2025-10-02,h062,11:29:00,long,26430.0,26435.0,24.0,2025-10-02 11:29:00,11:28:00,True,9,22,60.0,28.0,2.5,1.1666666666666667,tp
2025-10-02,h062,12:01:00,long,26482.0,26486.0,10.0,2025-10-02 12:01:00,12:00:00,True,6,12,9.0,79.0,0.9,7.9,sl
2025-10-02,h062,12:37:00,short,26484.0,26479.0,10.0,2025-10-02 12:37:00,12:33:00,False,3,6,72.0,5.0,7.2,0.5,tp
2025-10-02,h062,13:09:00,short,26447.0,26435.0,14.0,2025-10-02 13:09:00,13:06:00,False,4,8,28.0,9.0,2.0,0.6428571428571429,tp
2025-10-03,h062,09:48:00,long,26555.0,26572.0,18.0,2025-10-03 09:48:00,09:46:00,True,17,42,192.0,37.0,10.666666666666666,2.0555555555555554,sl
2025-10-03,h062,10:26:00,long,26631.0,26635.0,30.0,2025-10-03 10:26:00,10:25:00,True,18,29,129.0,10.0,4.3,0.3333333333333333,tp
2025-10-03,h062,10:34:00,long,26689.0,26694.0,41.0,2025-10-03 10:34:00,10:33:00,True,7,26,70.0,69.0,1.7073170731707317,1.6829268292682926,sl
2025-10-03,h062,12:20:00,long,26713.0,26716.0,11.0,2025-10-03 12:20:00,12:19:00,True,8,11,48.0,23.0,4.363636363636363,2.090909090909091,sl
2025-10-03,h062,12:52:00,short,26721.0,26711.0,10.0,2025-10-03 12:52:00,12:50:00,False,4,7,18.0,53.0,1.8,5.3,tp
2025-10-07,h062,09:58:00,long,27260.0,27269.0,60.0,2025-10-07 09:58:00,09:53:00,True,13,18,87.0,78.0,1.45,1.3,sl
2025-10-07,h062,11:08:00,short,27291.0,27290.0,33.0,2025-10-07 11:08:00,11:02:00,False,4,7,13.0,66.0,0.3939393939393939,2.0,sl
2025-10-07,h062,11:14:00,long,27332.0,27336.0,22.0,2025-10-07 11:14:00,11:12:00,True,5,8,20.0,59.0,0.9090909090909091,2.6818181818181817,sl
2025-10-07,h062,11:46:00,short,27322.0,27317.0,13.0,2025-10-07 11:46:00,11:45:00,False,0,2,40.0,38.0,3.076923076923077,2.923076923076923,sl
2025-10-07,h062,12:13:00,short,27338.0,27337.0,10.0,2025-10-07 12:13:00,12:10:00,False,3,6,60.0,4.0,6.0,0.4,tp
2025-10-07,h062,13:17:00,short,27286.0,27285.0,11.0,2025-10-07 13:17:00,13:16:00,True,7,13,8.0,37.0,0.7272727272727273,3.3636363636363638,sl
2025-10-08,h062,11:31:00,long,27016.0,27020.0,20.0,2025-10-08 11:31:00,11:26:00,False,3,5,107.0,17.0,5.35,0.85,tp
2025-10-08,h062,11:43:00,long,27055.0,27064.0,13.0,2025-10-08 11:43:00,11:42:00,True,11,19,63.0,9.0,4.846153846153846,0.6923076923076923,tp
2025-10-08,h062,11:49:00,long,27075.0,27076.0,19.0,2025-10-08 11:49:00,11:44:00,True,25,30,51.0,9.0,2.6842105263157894,0.47368421052631576,tp
2025-10-08,h062,12:47:00,short,27106.0,27105.0,14.0,2025-10-08 12:47:00,12:45:00,False,0,4,23.0,22.0,1.6428571428571428,1.5714285714285714,sl
2025-10-08,h062,13:05:00,long,27100.0,27101.0,18.0,2025-10-08 13:05:00,13:04:00,False,3,5,14.0,18.0,0.7777777777777778,1.0,sl
2025-10-09,h062,10:16:00,long,27365.0,27368.0,41.0,2025-10-09 10:16:00,10:06:00,False,4,11,47.0,95.0,1.146341463414634,2.317073170731707,tp
2025-10-09,h062,11:53:00,short,27321.0,27314.0,29.0,2025-10-09 11:53:00,11:52:00,True,21,40,41.0,41.0,1.4137931034482758,1.4137931034482758,tp
2025-10-09,h062,11:57:00,long,27324.0,27326.0,37.0,2025-10-09 11:57:00,11:54:00,True,12,16,29.0,53.0,0.7837837837837838,1.4324324324324325,sl
2025-10-09,h062,12:57:00,long,27302.0,27307.0,29.0,2025-10-09 12:57:00,12:53:00,True,9,17,48.0,13.0,1.6551724137931034,0.4482758620689655,tp
2025-10-09,h062,13:22:00,long,27318.0,27321.0,24.0,2025-10-09 13:22:00,13:18:00,True,9,18,34.0,9.0,1.4166666666666667,0.375,tp
2025-10-13,h062,10:38:00,short,26843.0,26823.0,33.0,2025-10-13 10:38:00,10:34:00,True,16,28,77.0,122.0,2.3333333333333335,3.696969696969697,tp
2025-10-13,h062,11:33:00,short,26826.0,26825.0,28.0,2025-10-13 11:33:00,11:10:00,False,0,4,45.0,120.0,1.6071428571428572,4.285714285714286,tp
2025-10-13,h062,11:53:00,long,26802.0,26804.0,22.0,2025-10-13 11:53:00,11:52:00,False,0,3,141.0,23.0,6.409090909090909,1.0454545454545454,sl
2025-10-13,h062,13:13:00,long,26886.0,26900.0,15.0,2025-10-13 13:13:00,13:10:00,True,26,36,45.0,3.0,3.0,0.2,tp
2025-10-14,h062,10:09:00,long,27367.0,27374.0,30.0,2025-10-14 10:09:00,10:06:00,False,3,5,48.0,658.0,1.6,21.933333333333334,tp
2025-10-14,h062,10:20:00,short,27404.0,27397.0,18.0,2025-10-14 10:20:00,10:19:00,False,3,6,681.0,10.0,37.833333333333336,0.5555555555555556,tp
2025-10-14,h062,10:28:00,short,27294.0,27280.0,37.0,2025-10-14 10:28:00,10:26:00,True,10,27,564.0,3.0,15.243243243243244,0.08108108108108109,tp
2025-10-14,h062,10:35:00,short,27213.0,27203.0,70.0,2025-10-14 10:35:00,10:29:00,True,30,79,487.0,65.0,6.957142857142857,0.9285714285714286,tp
2025-10-14,h062,12:06:00,short,27103.0,27100.0,27.0,2025-10-14 12:06:00,12:03:00,True,18,45,384.0,14.0,14.222222222222221,0.5185185185185185,tp
2025-10-15,h062,11:02:00,long,27170.0,27178.0,17.0,2025-10-15 11:02:00,11:01:00,True,34,56,122.0,53.0,7.176470588235294,3.1176470588235294,sl
2025-10-15,h062,11:09:00,long,27196.0,27198.0,27.0,2025-10-15 11:09:00,11:08:00,True,20,45,102.0,73.0,3.7777777777777777,2.7037037037037037,tp
2025-10-15,h062,11:48:00,long,27196.0,27197.0,26.0,2025-10-15 11:48:00,11:38:00,True,6,14,103.0,72.0,3.9615384615384617,2.769230769230769,sl
2025-10-15,h062,12:02:00,short,27145.0,27130.0,39.0,2025-10-15 12:02:00,12:01:00,True,11,30,2.0,170.0,0.05128205128205128,4.358974358974359,sl
2025-10-15,h062,12:46:00,short,27186.0,27185.0,23.0,2025-10-15 12:46:00,12:45:00,False,0,4,4.0,115.0,0.17391304347826086,5.0,sl
2025-10-15,h062,13:03:00,long,27223.0,27227.0,36.0,2025-10-15 13:03:00,13:00:00,True,40,57,73.0,11.0,2.0277777777777777,0.3055555555555556,tp
2025-10-16,h062,09:32:00,long,27556.0,27588.0,31.0,2025-10-16 09:32:00,09:30:00,True,66,103,289.0,138.0,9.32258064516129,4.451612903225806,tp
2025-10-16,h062,09:34:00,long,27629.0,27630.0,40.0,2025-10-16 09:34:00,09:33:00,True,9,36,247.0,180.0,6.175,4.5,tp
2025-10-16,h062,10:25:00,short,27642.0,27620.0,38.0,2025-10-16 10:25:00,10:23:00,True,21,50,170.0,257.0,4.473684210526316,6.7631578947368425,sl
2025-10-16,h062,10:34:00,short,27543.0,27533.0,69.0,2025-10-16 10:34:00,10:33:00,True,31,70,83.0,344.0,1.2028985507246377,4.9855072463768115,tp
2025-10-16,h062,10:38:00,long,27534.0,27536.0,83.0,2025-10-16 10:38:00,10:35:00,True,37,77,341.0,20.0,4.108433734939759,0.24096385542168675,tp
2025-10-16,h062,11:47:00,long,27628.0,27634.0,21.0,2025-10-16 11:47:00,11:44:00,True,5,12,243.0,8.0,11.571428571428571,0.38095238095238093,tp
2025-10-16,h062,11:54:00,long,27653.0,27654.0,13.0,2025-10-16 11:54:00,11:51:00,False,3,6,223.0,17.0,17.153846153846153,1.3076923076923077,sl
2025-10-16,h062,12:19:00,long,27728.0,27739.0,36.0,2025-10-16 12:19:00,12:16:00,True,31,41,138.0,35.0,3.8333333333333335,0.9722222222222222,tp
2025-10-16,h062,13:12:00,long,27753.0,27762.0,19.0,2025-10-16 13:12:00,13:06:00,True,21,43,115.0,8.0,6.052631578947368,0.42105263157894735,tp
2025-10-17,h062,10:42:00,long,27483.0,27495.0,57.0,2025-10-17 10:42:00,10:40:00,True,21,34,35.0,174.0,0.6140350877192983,3.0526315789473686,sl
2025-10-17,h062,12:02:00,short,27450.0,27446.0,21.0,2025-10-17 12:02:00,12:01:00,True,5,12,125.0,25.0,5.9523809523809526,1.1904761904761905,sl
2025-10-17,h062,12:16:00,short,27436.0,27429.0,28.0,2025-10-17 12:16:00,12:07:00,False,0,4,108.0,42.0,3.857142857142857,1.5,sl
2025-10-17,h062,13:06:00,short,27400.0,27391.0,19.0,2025-10-17 13:06:00,13:05:00,True,7,15,70.0,17.0,3.6842105263157894,0.8947368421052632,tp
2025-10-17,h062,13:10:00,long,27392.0,27398.0,12.0,2025-10-17 13:10:00,13:07:00,True,5,10,10.0,77.0,0.8333333333333334,6.416666666666667,sl
2025-10-20,h062,10:38:00,long,27737.0,27738.0,32.0,2025-10-20 10:38:00,10:37:00,True,6,17,82.0,42.0,2.5625,1.3125,tp
2025-10-20,h062,12:06:00,long,27773.0,27784.0,11.0,2025-10-20 12:06:00,12:05:00,True,17,36,36.0,39.0,3.272727272727273,3.5454545454545454,sl
2025-10-20,h062,12:15:00,long,27801.0,27803.0,20.0,2025-10-20 12:15:00,12:14:00,True,5,13,17.0,58.0,0.85,2.9,sl
2025-10-21,h062,10:23:00,long,28015.0,28024.0,24.0,2025-10-21 10:23:00,10:20:00,True,11,27,12.0,226.0,0.5,9.416666666666666,sl
2025-10-21,h062,10:25:00,short,27994.0,27993.0,42.0,2025-10-21 10:25:00,10:24:00,True,9,17,195.0,24.0,4.642857142857143,0.5714285714285714,tp
2025-10-21,h062,10:48:00,long,27970.0,27975.0,35.0,2025-10-21 10:48:00,10:45:00,True,30,36,20.0,177.0,0.5714285714285714,5.057142857142857,sl
2025-10-21,h062,11:28:00,short,27972.0,27968.0,21.0,2025-10-21 11:28:00,11:27:00,True,8,16,170.0,0.0,8.095238095238095,0.0,tp
2025-10-21,h062,11:40:00,short,27937.0,27929.0,31.0,2025-10-21 11:40:00,11:29:00,True,15,24,131.0,14.0,4.225806451612903,0.45161290322580644,tp
2025-10-21,h062,11:58:00,short,27840.0,27835.0,57.0,2025-10-21 11:58:00,11:50:00,True,7,21,37.0,72.0,0.6491228070175439,1.263157894736842,sl
2025-10-21,h062,12:16:00,long,27868.0,27878.0,40.0,2025-10-21 12:16:00,12:13:00,True,14,35,29.0,54.0,0.725,1.35,sl
2025-10-21,h062,12:46:00,short,27857.0,27851.0,13.0,2025-10-21 12:46:00,12:45:00,False,4,6,27.0,34.0,2.076923076923077,2.6153846153846154,sl
2025-10-21,h062,13:25:00,short,27847.0,27838.0,24.0,2025-10-21 13:25:00,13:18:00,True,7,14,14.0,13.0,0.5833333333333334,0.5416666666666666,timeout
2025-10-22,h062,10:06:00,short,27612.0,27611.0,35.0,2025-10-22 10:06:00,10:01:00,True,6,13,85.0,186.0,2.4285714285714284,5.314285714285714,sl
2025-10-22,h062,10:41:00,long,27608.0,27619.0,25.0,2025-10-22 10:41:00,10:38:00,True,6,17,178.0,93.0,7.12,3.72,tp
2025-10-22,h062,11:05:00,short,27638.0,27637.0,15.0,2025-10-22 11:05:00,11:02:00,False,0,1,111.0,160.0,7.4,10.666666666666666,tp
2025-10-22,h062,11:21:00,short,27591.0,27588.0,16.0,2025-10-22 11:21:00,11:20:00,False,4,7,62.0,209.0,3.875,13.0625,sl
2025-10-22,h062,11:44:00,long,27569.0,27570.0,40.0,2025-10-22 11:44:00,11:29:00,False,2,5,227.0,6.0,5.675,0.15,tp
2025-10-22,h062,12:00:00,long,27638.0,27650.0,29.0,2025-10-22 12:00:00,11:55:00,True,20,56,147.0,0.0,5.068965517241379,0.0,tp
2025-10-22,h062,12:03:00,long,27697.0,27701.0,37.0,2025-10-22 12:03:00,12:02:00,True,38,72,96.0,5.0,2.5945945945945947,0.13513513513513514,tp
2025-10-22,h062,12:36:00,short,27761.0,27757.0,14.0,2025-10-22 12:36:00,12:35:00,True,11,20,53.0,40.0,3.7857142857142856,2.857142857142857,tp
2025-10-23,h062,10:11:00,short,27503.0,27502.0,18.0,2025-10-23 10:11:00,10:10:00,True,6,7,31.0,127.0,1.7222222222222223,7.055555555555555,tp
2025-10-23,h062,10:36:00,short,27546.0,27541.0,20.0,2025-10-23 10:36:00,10:32:00,False,0,4,25.0,88.0,1.25,4.4,tp
2025-10-23,h062,11:10:00,long,27618.0,27620.0,24.0,2025-10-23 11:10:00,11:08:00,True,6,15,9.0,79.0,0.375,3.2916666666666665,sl
2025-10-23,h062,12:17:00,long,27560.0,27563.0,19.0,2025-10-23 12:17:00,12:16:00,False,4,9,37.0,21.0,1.9473684210526316,1.105263157894737,sl
2025-10-23,h062,13:11:00,long,27589.0,27596.0,13.0,2025-10-23 13:11:00,13:05:00,True,12,30,4.0,44.0,0.3076923076923077,3.3846153846153846,sl
2025-10-27,h062,10:45:00,short,28147.0,28142.0,18.0,2025-10-27 10:45:00,10:41:00,False,0,4,1.0,114.0,0.05555555555555555,6.333333333333333,sl
2025-10-27,h062,10:58:00,long,28165.0,28170.0,19.0,2025-10-27 10:58:00,10:55:00,True,14,19,86.0,26.0,4.526315789473684,1.368421052631579,sl
2025-10-27,h062,11:27:00,long,28180.0,28182.0,16.0,2025-10-27 11:27:00,11:24:00,True,8,17,74.0,12.0,4.625,0.75,tp
2025-10-27,h062,11:29:00,long,28196.0,28216.0,17.0,2025-10-27 11:29:00,11:28:00,True,27,49,40.0,46.0,2.3529411764705883,2.7058823529411766,tp
2025-10-27,h062,11:32:00,long,28227.0,28228.0,12.0,2025-10-27 11:32:00,11:30:00,True,5,7,28.0,58.0,2.3333333333333335,4.833333333333333,tp
2025-10-27,h062,11:34:00,long,28242.0,28251.0,18.0,2025-10-27 11:34:00,11:33:00,True,27,39,5.0,81.0,0.2777777777777778,4.5,sl
2025-10-27,h062,12:35:00,short,28214.0,28209.0,5.0,2025-10-27 12:35:00,12:34:00,False,0,4,39.0,27.0,7.8,5.4,tp
2025-10-27,h062,13:06:00,long,28212.0,28216.0,12.0,2025-10-27 13:06:00,13:02:00,False,4,12,20.0,46.0,1.6666666666666667,3.8333333333333335,tp
2025-10-27,h062,13:09:00,long,28229.0,28235.0,15.0,2025-10-27 13:09:00,13:08:00,True,8,15,0.0,65.0,0.0,4.333333333333333,sl
2025-10-28,h062,10:35:00,long,28116.0,28125.0,19.0,2025-10-28 10:35:00,10:34:00,False,4,5,0.0,141.0,0.0,7.421052631578948,sl
2025-10-28,h062,10:39:00,short,28093.0,28088.0,32.0,2025-10-28 10:39:00,10:36:00,False,0,2,104.0,13.0,3.25,0.40625,tp
2025-10-28,h062,10:47:00,short,28025.0,28017.0,41.0,2025-10-28 10:47:00,10:46:00,True,11,26,33.0,84.0,0.8048780487804879,2.048780487804878,sl
2025-10-28,h062,11:47:00,short,28041.0,28035.0,29.0,2025-10-28 11:47:00,11:45:00,True,7,18,51.0,30.0,1.7586206896551724,1.0344827586206897,sl
2025-10-28,h062,12:35:00,short,28033.0,28032.0,19.0,2025-10-28 12:35:00,12:33:00,False,0,1,48.0,30.0,2.526315789473684,1.5789473684210527,tp
2025-10-28,h062,12:49:00,long,27998.0,28000.0,12.0,2025-10-28 12:49:00,12:45:00,False,3,6,62.0,9.0,5.166666666666667,0.75,tp
2025-10-28,h062,13:12:00,long,28042.0,28044.0,20.0,2025-10-28 13:12:00,13:11:00,False,3,6,18.0,44.0,0.9,2.2,sl
2025-10-28,h062,13:16:00,short,28044.0,28038.0,18.0,2025-10-28 13:16:00,13:13:00,True,6,8,38.0,15.0,2.111111111111111,0.8333333333333334,tp
2025-10-29,h062,10:17:00,long,28370.0,28380.0,24.0,2025-10-29 10:17:00,10:16:00,True,17,52,66.0,14.0,2.75,0.5833333333333334,tp
2025-10-29,h062,10:59:00,long,28433.0,28434.0,26.0,2025-10-29 10:59:00,10:50:00,False,3,6,11.0,54.0,0.4230769230769231,2.076923076923077,sl
2025-10-29,h062,11:35:00,long,28434.0,28435.0,21.0,2025-10-29 11:35:00,11:17:00,False,0,1,10.0,55.0,0.47619047619047616,2.619047619047619,sl
2025-10-29,h062,11:46:00,long,28438.0,28439.0,15.0,2025-10-29 11:46:00,11:43:00,False,0,4,2.0,59.0,0.13333333333333333,3.933333333333333,sl
2025-10-29,h062,12:09:00,short,28424.0,28421.0,10.0,2025-10-29 12:09:00,12:08:00,False,0,4,41.0,6.0,4.1,0.6,tp
2025-10-29,h062,12:24:00,short,28391.0,28390.0,29.0,2025-10-29 12:24:00,12:20:00,False,0,3,10.0,36.0,0.3448275862068966,1.2413793103448276,sl
2025-10-30,h062,10:20:00,short,28438.0,28421.0,32.0,2025-10-30 10:20:00,10:10:00,True,5,14,240.0,19.0,7.5,0.59375,tp
2025-10-30,h062,10:57:00,long,28375.0,28378.0,36.0,2025-10-30 10:57:00,10:56:00,False,0,3,47.0,197.0,1.3055555555555556,5.472222222222222,tp
2025-10-30,h062,11:18:00,long,28421.0,28422.0,22.0,2025-10-30 11:18:00,11:06:00,False,4,6,0.0,241.0,0.0,10.954545454545455,sl
2025-10-30,h062,11:41:00,short,28365.0,28347.0,25.0,2025-10-30 11:41:00,11:33:00,True,8,21,166.0,73.0,6.64,2.92,sl
2025-10-30,h062,12:10:00,short,28349.0,28310.0,26.0,2025-10-30 12:10:00,12:09:00,True,20,38,129.0,109.0,4.961538461538462,4.1923076923076925,tp
2025-10-30,h062,12:13:00,short,28276.0,28270.0,28.0,2025-10-30 12:13:00,12:12:00,True,12,19,89.0,149.0,3.1785714285714284,5.321428571428571,tp
2025-10-30,h062,12:15:00,short,28248.0,28240.0,32.0,2025-10-30 12:15:00,12:14:00,True,25,68,59.0,179.0,1.84375,5.59375,sl
2025-10-31,h062,09:37:00,long,28521.0,28554.0,23.0,2025-10-31 09:37:00,09:35:00,True,80,166,34.0,176.0,1.4782608695652173,7.6521739130434785,tp
2025-10-31,h062,10:25:00,short,28518.0,28510.0,24.0,2025-10-31 10:25:00,10:24:00,False,2,5,132.0,35.0,5.5,1.4583333333333333,tp
2025-10-31,h062,11:21:00,short,28438.0,28419.0,33.0,2025-10-31 11:21:00,11:20:00,True,22,45,41.0,126.0,1.2424242424242424,3.8181818181818183,tp
2025-10-31,h062,11:24:00,short,28394.0,28390.0,29.0,2025-10-31 11:24:00,11:22:00,False,4,9,12.0,155.0,0.41379310344827586,5.344827586206897,sl
2025-10-31,h062,12:04:00,long,28460.0,28462.0,15.0,2025-10-31 12:04:00,12:03:00,True,9,11,83.0,43.0,5.533333333333333,2.8666666666666667,tp
2025-10-31,h062,12:08:00,long,28486.0,28495.0,16.0,2025-10-31 12:08:00,12:06:00,True,10,23,50.0,76.0,3.125,4.75,tp
2025-10-31,h062,12:46:00,short,28512.0,28511.0,12.0,2025-10-31 12:46:00,12:45:00,False,3,7,92.0,34.0,7.666666666666667,2.8333333333333335,sl
2025-10-31,h062,13:00:00,short,28522.0,28518.0,11.0,2025-10-31 13:00:00,12:52:00,True,10,19,99.0,27.0,9.0,2.4545454545454546,sl
2025-10-31,h062,13:24:00,short,28522.0,28520.0,18.0,2025-10-31 13:24:00,13:03:00,True,6,9,101.0,3.0,5.611111111111111,0.16666666666666666,tp
2025-10-31,h062,13:29:00,short,28505.0,28472.0,18.0,2025-10-31 13:29:00,13:25:00,True,21,34,53.0,13.0,2.9444444444444446,0.7222222222222222,tp
2025-11-03,h062,09:55:00,short,28419.0,28405.0,43.0,2025-11-03 09:55:00,09:54:00,True,19,35,176.0,53.0,4.093023255813954,1.2325581395348837,sl
2025-11-03,h062,10:36:00,short,28323.0,28311.0,62.0,2025-11-03 10:36:00,10:35:00,True,27,68,82.0,43.0,1.3225806451612903,0.6935483870967742,tp
2025-11-03,h062,10:38:00,long,28312.0,28315.0,29.0,2025-11-03 10:38:00,10:37:00,True,9,30,39.0,86.0,1.3448275862068966,2.9655172413793105,sl
2025-11-03,h062,12:07:00,long,28270.0,28274.0,14.0,2025-11-03 12:07:00,12:04:00,False,0,4,80.0,45.0,5.714285714285714,3.2142857142857144,sl
2025-11-03,h062,12:10:00,long,28270.0,28283.0,41.0,2025-11-03 12:10:00,12:09:00,True,25,35,71.0,5.0,1.7317073170731707,0.12195121951219512,tp
2025-11-03,h062,12:53:00,long,28335.0,28337.0,39.0,2025-11-03 12:53:00,12:40:00,True,8,12,17.0,45.0,0.4358974358974359,1.1538461538461537,sl
2025-11-03,h062,13:11:00,short,28329.0,28328.0,12.0,2025-11-03 13:11:00,13:10:00,False,0,1,36.0,26.0,3.0,2.1666666666666665,tp
2025-11-03,h062,13:23:00,short,28299.0,28297.0,24.0,2025-11-03 13:23:00,13:17:00,True,6,11,5.0,57.0,0.20833333333333334,2.375,sl
2025-11-04,h062,09:25:00,long,28557.0,28592.0,28.0,2025-11-04 09:25:00,09:21:00,True,58,133,2.0,479.0,0.07142857142857142,17.107142857142858,sl
2025-11-04,h062,10:05:00,short,28366.0,28361.0,42.0,2025-11-04 10:05:00,10:02:00,True,22,34,248.0,27.0,5.904761904761905,0.6428571428571429,tp
2025-11-04,h062,10:46:00,short,28257.0,28255.0,33.0,2025-11-04 10:46:00,10:43:00,False,3,7,142.0,64.0,4.303030303030303,1.9393939393939394,tp
2025-11-04,h062,12:03:00,long,28240.0,28241.0,12.0,2025-11-04 12:03:00,12:01:00,True,5,10,13.0,128.0,1.0833333333333333,10.666666666666666,tp
2025-11-04,h062,12:11:00,short,28224.0,28223.0,28.0,2025-11-04 12:11:00,12:06:00,True,5,7,110.0,1.0,3.9285714285714284,0.03571428571428571,tp
2025-11-04,h062,13:18:00,short,28173.0,28167.0,28.0,2025-11-04 13:18:00,13:11:00,True,7,13,54.0,1.0,1.9285714285714286,0.03571428571428571,tp
2025-11-05,h062,10:37:00,long,27576.0,27598.0,41.0,2025-11-05 10:37:00,10:35:00,True,77,103,252.0,46.0,6.146341463414634,1.1219512195121952,sl
2025-11-05,h062,10:51:00,long,27656.0,27662.0,54.0,2025-11-05 10:51:00,10:45:00,True,18,28,188.0,27.0,3.4814814814814814,0.5,tp
2025-11-05,h062,11:46:00,long,27833.0,27843.0,31.0,2025-11-05 11:46:00,11:45:00,True,19,43,7.0,84.0,0.22580645161290322,2.7096774193548385,sl
2025-11-05,h062,13:15:00,long,27825.0,27827.0,15.0,2025-11-05 13:15:00,13:12:00,True,11,24,8.0,35.0,0.5333333333333333,2.3333333333333335,sl
2025-11-06,h062,10:26:00,short,27975.0,27964.0,32.0,2025-11-06 10:26:00,10:23:00,True,7,9,7.0,177.0,0.21875,5.53125,sl
2025-11-06,h062,10:36:00,long,28058.0,28061.0,46.0,2025-11-06 10:36:00,10:35:00,True,31,42,80.0,50.0,1.7391304347826086,1.0869565217391304,tp
2025-11-06,h062,11:37:00,long,28102.0,28105.0,21.0,2025-11-06 11:37:00,11:36:00,False,3,7,19.0,94.0,0.9047619047619048,4.476190476190476,sl
2025-11-06,h062,11:54:00,short,28057.0,28055.0,26.0,2025-11-06 11:54:00,11:53:00,True,8,23,44.0,53.0,1.6923076923076923,2.0384615384615383,tp
2025-11-07,h062,09:34:00,short,27712.0,27685.0,52.0,2025-11-07 09:34:00,09:33:00,True,27,58,89.0,135.0,1.7115384615384615,2.5961538461538463,sl
2025-11-07,h062,10:20:00,long,27700.0,27709.0,42.0,2025-11-07 10:20:00,10:02:00,True,16,21,111.0,113.0,2.642857142857143,2.6904761904761907,sl
2025-11-07,h062,10:31:00,long,27635.0,27641.0,32.0,2025-11-07 10:31:00,10:29:00,True,8,20,179.0,10.0,5.59375,0.3125,tp
2025-11-07,h062,12:03:00,short,27714.0,27712.0,43.0,2025-11-07 12:03:00,12:02:00,True,6,11,47.0,60.0,1.0930232558139534,1.3953488372093024,sl
2025-11-07,h062,12:11:00,long,27703.0,27706.0,23.0,2025-11-07 12:11:00,12:08:00,False,0,1,66.0,41.0,2.869565217391304,1.7826086956521738,sl
2025-11-07,h062,12:51:00,long,27703.0,27707.0,17.0,2025-11-07 12:51:00,12:45:00,False,0,3,36.0,42.0,2.1176470588235294,2.4705882352941178,sl
2025-11-07,h062,12:54:00,short,27671.0,27670.0,37.0,2025-11-07 12:54:00,12:52:00,False,4,14,5.0,73.0,0.13513513513513514,1.972972972972973,sl
2025-11-10,h062,10:34:00,short,27847.0,27844.0,29.0,2025-11-10 10:34:00,10:31:00,False,0,1,14.0,195.0,0.4827586206896552,6.724137931034483,sl
2025-11-10,h062,10:49:00,long,27899.0,27918.0,17.0,2025-11-10 10:49:00,10:48:00,True,71,95,121.0,74.0,7.117647058823529,4.352941176470588,sl
2025-11-10,h062,11:33:00,long,27920.0,27927.0,17.0,2025-11-10 11:33:00,11:31:00,True,42,56,112.0,24.0,6.588235294117647,1.411764705882353,sl
2025-11-10,h062,12:08:00,long,27943.0,27944.0,11.0,2025-11-10 12:08:00,12:05:00,True,23,29,95.0,5.0,8.636363636363637,0.45454545454545453,tp
2025-11-10,h062,12:14:00,short,27944.0,27943.0,14.0,2025-11-10 12:14:00,12:10:00,False,0,3,4.0,96.0,0.2857142857142857,6.857142857142857,sl
2025-11-10,h062,13:29:00,short,28015.0,28012.0,13.0,2025-11-10 13:29:00,13:25:00,True,9,22,42.0,10.0,3.230769230769231,0.7692307692307693,tp
2025-11-11,h062,09:48:00,short,28001.0,27993.0,35.0,2025-11-11 09:48:00,09:47:00,True,34,53,231.0,76.0,6.6,2.1714285714285713,sl
2025-11-11,h062,10:25:00,short,27985.0,27953.0,28.0,2025-11-11 10:25:00,10:24:00,True,11,29,191.0,116.0,6.821428571428571,4.142857142857143,sl
2025-11-11,h062,11:59:00,long,28060.0,28066.0,15.0,2025-11-11 11:59:00,11:57:00,True,6,10,3.0,304.0,0.2,20.266666666666666,sl
2025-11-11,h062,12:47:00,long,28005.0,28006.0,13.0,2025-11-11 12:47:00,12:46:00,False,0,4,2.0,244.0,0.15384615384615385,18.76923076923077,sl
2025-11-11,h062,12:53:00,short,27975.0,27936.0,14.0,2025-11-11 12:53:00,12:52:00,True,14,31,174.0,14.0,12.428571428571429,1.0,tp
2025-11-11,h062,13:02:00,short,27916.0,27908.0,28.0,2025-11-11 13:02:00,12:54:00,True,7,12,146.0,2.0,5.214285714285714,0.07142857142857142,tp
2025-11-11,h062,13:06:00,short,27884.0,27882.0,26.0,2025-11-11 13:06:00,13:03:00,False,3,6,120.0,6.0,4.615384615384615,0.23076923076923078,tp
2025-11-12,h062,10:10:00,long,28012.0,28019.0,29.0,2025-11-12 10:10:00,10:09:00,True,16,37,59.0,55.0,2.0344827586206895,1.896551724137931,tp
2025-11-12,h062,10:13:00,long,28046.0,28052.0,28.0,2025-11-12 10:13:00,10:11:00,True,17,42,26.0,88.0,0.9285714285714286,3.142857142857143,sl
2025-11-12,h062,10:48:00,short,27990.0,27964.0,27.0,2025-11-12 10:48:00,10:47:00,True,6,16,-2.0,114.0,-0.07407407407407407,4.222222222222222,sl
2025-11-12,h062,11:30:00,short,28020.0,28018.0,22.0,2025-11-12 11:30:00,11:29:00,True,6,16,16.0,60.0,0.7272727272727273,2.727272727272727,sl
2025-11-12,h062,12:05:00,short,28034.0,28003.0,32.0,2025-11-12 12:05:00,11:57:00,True,8,20,1.0,75.0,0.03125,2.34375,sl
2025-11-13,h062,09:35:00,long,27866.0,27873.0,59.0,2025-11-13 09:35:00,09:28:00,True,15,28,150.0,16.0,2.542372881355932,0.2711864406779661,tp
2025-11-13,h062,10:15:00,long,27950.0,27962.0,36.0,2025-11-13 10:15:00,10:13:00,True,23,34,61.0,99.0,1.6944444444444444,2.75,tp
2025-11-13,h062,10:22:00,short,27973.0,27965.0,27.0,2025-11-13 10:22:00,10:17:00,True,6,11,102.0,58.0,3.7777777777777777,2.1481481481481484,sl
2025-11-13,h062,11:12:00,short,27926.0,27916.0,38.0,2025-11-13 11:12:00,11:07:00,False,3,8,53.0,103.0,1.394736842105263,2.710526315789474,tp
2025-11-13,h062,12:38:00,short,27962.0,27960.0,17.0,2025-11-13 12:38:00,12:33:00,False,0,0,12.0,59.0,0.7058823529411765,3.4705882352941178,sl
2025-11-13,h062,13:05:00,long,28008.0,28010.0,19.0,2025-11-13 13:05:00,13:04:00,False,0,4,9.0,56.0,0.47368421052631576,2.9473684210526314,sl
2025-11-14,h062,10:31:00,long,27527.0,27539.0,27.0,2025-11-14 10:31:00,10:30:00,True,36,65,57.0,173.0,2.111111111111111,6.407407407407407,tp
2025-11-14,h062,10:35:00,long,27555.0,27560.0,18.0,2025-11-14 10:35:00,10:32:00,True,5,10,36.0,194.0,2.0,10.777777777777779,sl
2025-11-14,h062,11:58:00,long,27549.0,27554.0,23.0,2025-11-14 11:58:00,11:54:00,True,8,19,16.0,188.0,0.6956521739130435,8.173913043478262,sl
2025-11-14,h062,12:14:00,short,27511.0,27494.0,17.0,2025-11-14 12:14:00,12:13:00,True,9,21,128.0,14.0,7.529411764705882,0.8235294117647058,tp
2025-11-14,h062,12:22:00,short,27453.0,27448.0,23.0,2025-11-14 12:22:00,12:21:00,True,8,24,82.0,18.0,3.5652173913043477,0.782608695652174,tp
2025-11-14,h062,13:13:00,long,27406.0,27414.0,23.0,2025-11-14 13:13:00,13:12:00,True,9,30,14.0,48.0,0.6086956521739131,2.0869565217391304,sl
2025-11-14,h062,13:18:00,long,27399.0,27405.0,29.0,2025-11-14 13:18:00,13:15:00,True,24,33,23.0,35.0,0.7931034482758621,1.206896551724138,sl
2025-11-17,h062,09:31:00,long,27682.0,27684.0,61.0,2025-11-17 09:31:00,09:30:00,True,22,48,1.0,219.0,0.01639344262295082,3.5901639344262297,sl
2025-11-17,h062,10:27:00,short,27509.0,27507.0,31.0,2025-11-17 10:27:00,10:26:00,True,7,13,42.0,136.0,1.3548387096774193,4.387096774193548,sl
2025-11-18,h062,09:28:00,short,27088.0,27054.0,54.0,2025-11-18 09:28:00,09:27:00,True,36,81,282.0,244.0,5.222222222222222,4.518518518518518,sl
2025-11-18,h062,10:43:00,short,27023.0,27020.0,64.0,2025-11-18 10:43:00,10:36:00,True,5,15,248.0,14.0,3.875,0.21875,tp
2025-11-18,h062,11:36:00,short,26860.0,26842.0,28.0,2025-11-18 11:36:00,11:29:00,True,12,18,70.0,61.0,2.5,2.1785714285714284,sl
2025-11-18,h062,12:23:00,long,26807.0,26813.0,35.0,2025-11-18 12:23:00,12:20:00,True,14,23,68.0,31.0,1.9428571428571428,0.8857142857142857,tp
2025-11-19,h062,10:51:00,short,26777.0,26766.0,22.0,2025-11-19 10:51:00,10:50:00,True,9,20,207.0,26.0,9.409090909090908,1.1818181818181819,sl
2025-11-19,h062,11:16:00,short,26702.0,26695.0,36.0,2025-11-19 11:16:00,11:14:00,True,6,12,136.0,17.0,3.7777777777777777,0.4722222222222222,tp
2025-11-20,h062,11:01:00,long,27336.0,27347.0,50.0,2025-11-20 11:01:00,11:00:00,True,21,39,145.0,7.0,2.9,0.14,tp
2025-11-20,h062,13:03:00,long,27459.0,27469.0,19.0,2025-11-20 13:03:00,12:59:00,True,26,31,23.0,26.0,1.2105263157894737,1.368421052631579,tp
2025-11-20,h062,13:10:00,short,27473.0,27461.0,15.0,2025-11-20 13:10:00,13:09:00,False,4,10,18.0,31.0,1.2,2.066666666666667,sl
2025-11-21,h062,09:38:00,long,26637.0,26640.0,49.0,2025-11-21 09:38:00,09:36:00,True,5,12,89.0,243.0,1.816326530612245,4.959183673469388,tp
2025-11-21,h062,10:11:00,short,26566.0,26557.0,24.0,2025-11-21 10:11:00,10:10:00,True,17,37,160.0,37.0,6.666666666666667,1.5416666666666667,sl
2025-11-21,h062,11:34:00,short,26488.0,26487.0,18.0,2025-11-21 11:34:00,11:31:00,False,3,5,90.0,104.0,5.0,5.777777777777778,sl
2025-11-21,h062,11:38:00,short,26484.0,26475.0,60.0,2025-11-21 11:38:00,11:37:00,True,13,28,78.0,116.0,1.3,1.9333333333333333,sl
2025-11-21,h062,11:41:00,long,26487.0,26499.0,34.0,2025-11-21 11:41:00,11:39:00,True,16,33,92.0,102.0,2.7058823529411766,3.0,tp
2025-11-21,h062,12:26:00,long,26465.0,26473.0,17.0,2025-11-21 12:26:00,12:25:00,True,9,22,118.0,76.0,6.9411764705882355,4.470588235294118,sl
2025-11-24,h062,09:23:00,short,26593.0,26585.0,66.0,2025-11-24 09:23:00,09:20:00,True,15,28,49.0,134.0,0.7424242424242424,2.0303030303030303,sl
2025-11-24,h062,10:26:00,short,26635.0,26624.0,38.0,2025-11-24 10:26:00,10:25:00,True,5,9,73.0,95.0,1.9210526315789473,2.5,sl
2025-11-24,h062,10:47:00,short,26675.0,26664.0,44.0,2025-11-24 10:47:00,10:45:00,True,5,8,113.0,26.0,2.5681818181818183,0.5909090909090909,tp
2025-11-24,h062,11:24:00,short,26584.0,26581.0,48.0,2025-11-24 11:24:00,11:23:00,True,6,10,30.0,58.0,0.625,1.2083333333333333,sl
2025-11-24,h062,12:28:00,long,26583.0,26585.0,17.0,2025-11-24 12:28:00,12:27:00,True,5,7,50.0,27.0,2.9411764705882355,1.588235294117647,sl
2025-11-24,h062,12:32:00,long,26578.0,26581.0,20.0,2025-11-24 12:32:00,12:31:00,False,3,6,54.0,21.0,2.7,1.05,tp
2025-11-24,h062,13:00:00,short,26592.0,26590.0,26.0,2025-11-24 13:00:00,12:58:00,True,5,10,30.0,43.0,1.1538461538461537,1.6538461538461537,tp
2025-11-25,h062,11:05:00,long,26930.0,26939.0,15.0,2025-11-25 11:05:00,10:56:00,True,7,15,6.0,166.0,0.4,11.066666666666666,sl
2025-11-25,h062,11:26:00,short,26896.0,26892.0,17.0,2025-11-25 11:26:00,11:25:00,False,4,9,119.0,53.0,7.0,3.1176470588235294,tp
2025-11-25,h062,11:33:00,short,26856.0,26850.0,19.0,2025-11-25 11:33:00,11:32:00,True,19,32,77.0,95.0,4.052631578947368,5.0,tp
2025-11-26,h062,10:03:00,long,27323.0,27338.0,30.0,2025-11-26 10:03:00,09:54:00,True,11,28,43.0,93.0,1.4333333333333333,3.1,sl
2025-11-26,h062,10:28:00,long,27311.0,27321.0,31.0,2025-11-26 10:28:00,10:22:00,True,7,11,60.0,76.0,1.935483870967742,2.4516129032258065,tp
2025-11-26,h062,11:02:00,long,27364.0,27377.0,15.0,2025-11-26 11:02:00,11:01:00,True,31,42,4.0,132.0,0.26666666666666666,8.8,sl
2025-11-26,h062,11:35:00,short,27295.0,27284.0,39.0,2025-11-26 11:35:00,11:15:00,True,5,10,39.0,69.0,1.0,1.7692307692307692,tp
2025-11-26,h062,11:41:00,short,27270.0,27264.0,18.0,2025-11-26 11:41:00,11:36:00,True,14,26,19.0,89.0,1.0555555555555556,4.944444444444445,sl
2025-11-26,h062,12:04:00,long,27305.0,27309.0,32.0,2025-11-26 12:04:00,12:03:00,True,9,14,44.0,64.0,1.375,2.0,sl
2025-11-26,h062,12:59:00,short,27287.0,27273.0,14.0,2025-11-26 12:59:00,12:47:00,True,7,13,28.0,80.0,2.0,5.714285714285714,tp
2025-11-26,h062,13:04:00,short,27252.0,27250.0,30.0,2025-11-26 13:04:00,13:02:00,True,5,9,3.0,103.0,0.1,3.433333333333333,sl
2025-11-27,h062,09:55:00,long,27607.0,27614.0,28.0,2025-11-27 09:55:00,09:54:00,True,16,42,35.0,153.0,1.25,5.464285714285714,sl
2025-11-27,h062,10:57:00,short,27585.0,27584.0,36.0,2025-11-27 10:57:00,10:52:00,False,0,3,123.0,24.0,3.4166666666666665,0.6666666666666666,tp
2025-11-27,h062,11:27:00,short,27527.0,27512.0,44.0,2025-11-27 11:27:00,11:05:00,True,20,28,51.0,96.0,1.1590909090909092,2.1818181818181817,sl
2025-11-27,h062,12:20:00,short,27479.0,27474.0,33.0,2025-11-27 12:20:00,12:19:00,True,10,14,13.0,134.0,0.3939393939393939,4.0606060606060606,sl
2025-11-27,h062,12:22:00,long,27480.0,27487.0,19.0,2025-11-27 12:22:00,12:21:00,True,6,11,121.0,15.0,6.368421052631579,0.7894736842105263,tp
2025-11-27,h062,12:58:00,long,27533.0,27535.0,15.0,2025-11-27 12:58:00,12:50:00,True,17,19,73.0,3.0,4.866666666666666,0.2,tp
2025-11-27,h062,13:01:00,long,27562.0,27564.0,26.0,2025-11-27 13:01:00,13:00:00,True,8,18,44.0,3.0,1.6923076923076923,0.11538461538461539,tp
2025-11-27,h062,13:26:00,short,27593.0,27592.0,15.0,2025-11-27 13:26:00,13:24:00,False,4,7,27.0,6.0,1.8,0.4,tp
2025-11-28,h062,09:25:00,long,27658.0,27668.0,19.0,2025-11-28 09:25:00,09:21:00,True,8,23,186.0,64.0,9.789473684210526,3.3684210526315788,sl
2025-11-28,h062,09:56:00,long,27673.0,27675.0,24.0,2025-11-28 09:56:00,09:53:00,True,9,19,179.0,20.0,7.458333333333333,0.8333333333333334,tp
2025-11-28,h062,10:25:00,long,27732.0,27740.0,25.0,2025-11-28 10:25:00,10:16:00,True,10,26,114.0,44.0,4.56,1.76,sl
2025-11-28,h062,10:55:00,long,27760.0,27764.0,30.0,2025-11-28 10:55:00,10:53:00,True,8,18,90.0,39.0,3.0,1.3,tp
2025-11-28,h062,12:20:00,long,27774.0,27775.0,7.0,2025-11-28 12:20:00,12:19:00,False,0,3,79.0,50.0,11.285714285714286,7.142857142857143,tp
2025-11-28,h062,12:36:00,long,27784.0,27794.0,14.0,2025-11-28 12:36:00,12:31:00,True,21,21,60.0,69.0,4.285714285714286,4.928571428571429,tp
2025-11-28,h062,12:49:00,long,27816.0,27818.0,17.0,2025-11-28 12:49:00,12:43:00,True,5,7,36.0,93.0,2.1176470588235294,5.470588235294118,tp
2025-12-01,h062,10:19:00,short,27511.0,27496.0,31.0,2025-12-01 10:19:00,10:18:00,True,8,21,95.0,58.0,3.064516129032258,1.8709677419354838,sl
2025-12-01,h062,11:40:00,long,27500.0,27501.0,8.0,2025-12-01 11:40:00,11:36:00,False,4,5,45.0,100.0,5.625,12.5,tp
2025-12-01,h062,12:11:00,short,27488.0,27479.0,13.0,2025-12-01 12:11:00,12:09:00,True,23,27,78.0,67.0,6.0,5.153846153846154,sl
2025-12-01,h062,12:49:00,long,27507.0,27509.0,10.0,2025-12-01 12:49:00,12:46:00,False,4,5,10.0,108.0,1.0,10.8,sl
2025-12-01,h062,12:55:00,short,27501.0,27491.0,9.0,2025-12-01 12:55:00,12:53:00,True,14,19,90.0,28.0,10.0,3.111111111111111,tp
2025-12-01,h062,12:58:00,long,27492.0,27497.0,14.0,2025-12-01 12:58:00,12:56:00,True,5,10,22.0,96.0,1.5714285714285714,6.857142857142857,tp
2025-12-01,h062,13:15:00,short,27451.0,27445.0,23.0,2025-12-01 13:15:00,13:08:00,False,4,10,44.0,3.0,1.9130434782608696,0.13043478260869565,tp
2025-12-02,h062,10:03:00,long,27661.0,27662.0,31.0,2025-12-02 10:03:00,10:02:00,True,7,14,12.0,134.0,0.3870967741935484,4.32258064516129,sl
2025-12-02,h062,11:22:00,short,27599.0,27597.0,13.0,2025-12-02 11:22:00,11:17:00,True,8,11,69.0,41.0,5.3076923076923075,3.1538461538461537,tp
2025-12-02,h062,11:27:00,short,27571.0,27568.0,19.0,2025-12-02 11:27:00,11:26:00,True,5,12,40.0,70.0,2.1052631578947367,3.6842105263157894,tp
2025-12-02,h062,12:45:00,short,27586.0,27585.0,14.0,2025-12-02 12:45:00,12:41:00,False,0,4,57.0,8.0,4.071428571428571,0.5714285714285714,tp
2025-12-02,h062,13:02:00,long,27584.0,27585.0,36.0,2025-12-02 13:02:00,12:54:00,True,6,8,3.0,57.0,0.08333333333333333,1.5833333333333333,sl
2025-12-02,h062,13:26:00,long,27545.0,27548.0,17.0,2025-12-02 13:26:00,13:14:00,True,6,9,31.0,9.0,1.8235294117647058,0.5294117647058824,tp
2025-12-03,h062,10:07:00,long,27780.0,27786.0,16.0,2025-12-03 10:07:00,10:05:00,False,4,9,102.0,96.0,6.375,6.0,tp
2025-12-03,h062,10:15:00,long,27873.0,27877.0,57.0,2025-12-03 10:15:00,10:13:00,True,23,47,11.0,187.0,0.19298245614035087,3.280701754385965,sl
2025-12-03,h062,10:32:00,short,27740.0,27739.0,82.0,2025-12-03 10:32:00,10:31:00,True,19,65,49.0,45.0,0.5975609756097561,0.5487804878048781,timeout
2025-12-03,h062,12:09:00,long,27778.0,27779.0,11.0,2025-12-03 12:09:00,12:08:00,False,4,7,1.0,57.0,0.09090909090909091,5.181818181818182,sl
2025-12-03,h062,12:47:00,short,27737.0,27736.0,11.0,2025-12-03 12:47:00,12:45:00,False,0,3,14.0,43.0,1.2727272727272727,3.909090909090909,sl
2025-12-04,h062,09:49:00,short,27796.0,27785.0,33.0,2025-12-04 09:49:00,09:48:00,True,6,18,115.0,33.0,3.484848484848485,1.0,tp
2025-12-04,h062,11:27:00,long,27729.0,27730.0,13.0,2025-12-04 11:27:00,11:26:00,False,0,3,88.0,60.0,6.769230769230769,4.615384615384615,sl
2025-12-04,h062,11:34:00,short,27712.0,27700.0,14.0,2025-12-04 11:34:00,11:33:00,True,12,21,30.0,118.0,2.142857142857143,8.428571428571429,tp
2025-12-04,h062,11:38:00,long,27686.0,27700.0,16.0,2025-12-04 11:38:00,11:36:00,True,7,12,118.0,12.0,7.375,0.75,tp
2025-12-04,h062,12:31:00,long,27705.0,27715.0,17.0,2025-12-04 12:31:00,12:25:00,False,4,9,103.0,7.0,6.0588235294117645,0.4117647058823529,tp
2025-12-04,h062,13:06:00,short,27771.0,27768.0,8.0,2025-12-04 13:06:00,13:05:00,False,3,6,5.0,50.0,0.625,6.25,sl
2025-12-05,h062,09:34:00,short,27826.0,27805.0,42.0,2025-12-05 09:34:00,09:33:00,True,22,60,39.0,214.0,0.9285714285714286,5.095238095238095,sl
2025-12-05,h062,10:16:00,short,27877.0,27862.0,11.0,2025-12-05 10:16:00,10:15:00,True,8,16,51.0,157.0,4.636363636363637,14.272727272727273,tp
2025-12-05,h062,11:28:00,short,27845.0,27842.0,11.0,2025-12-05 11:28:00,11:24:00,True,6,8,31.0,177.0,2.8181818181818183,16.09090909090909,sl
2025-12-05,h062,12:08:00,long,27882.0,27887.0,12.0,2025-12-05 12:08:00,12:07:00,True,8,16,132.0,13.0,11.0,1.0833333333333333,sl
2025-12-05,h062,12:30:00,long,27908.0,27914.0,19.0,2025-12-05 12:30:00,12:29:00,True,19,34,105.0,5.0,5.526315789473684,0.2631578947368421,tp
2025-12-05,h062,12:32:00,long,27928.0,27933.0,19.0,2025-12-05 12:32:00,12:31:00,True,57,90,86.0,2.0,4.526315789473684,0.10526315789473684,tp
2025-12-05,h062,13:19:00,short,27961.0,27959.0,9.0,2025-12-05 13:19:00,13:09:00,False,4,9,4.0,60.0,0.4444444444444444,6.666666666666667,sl
2025-12-08,h062,09:44:00,long,28122.0,28127.0,29.0,2025-12-08 09:44:00,09:35:00,True,15,22,171.0,1.0,5.896551724137931,0.034482758620689655,tp
2025-12-08,h062,09:48:00,long,28145.0,28151.0,19.0,2025-12-08 09:48:00,09:45:00,True,16,24,147.0,13.0,7.7368421052631575,0.6842105263157895,tp
2025-12-08,h062,10:08:00,short,28165.0,28164.0,25.0,2025-12-08 10:08:00,10:04:00,False,0,2,21.0,134.0,0.84,5.36,sl
2025-12-08,h062,10:57:00,short,28221.0,28220.0,23.0,2025-12-08 10:57:00,10:48:00,False,4,7,10.0,78.0,0.43478260869565216,3.391304347826087,sl
2025-12-08,h062,11:42:00,short,28261.0,28252.0,24.0,2025-12-08 11:42:00,11:41:00,False,4,10,27.0,46.0,1.125,1.9166666666666667,tp
2025-12-08,h062,12:51:00,long,28278.0,28279.0,6.0,2025-12-08 12:51:00,12:49:00,False,0,3,19.0,42.0,3.1666666666666665,7.0,tp
2025-12-08,h062,12:54:00,long,28293.0,28295.0,15.0,2025-12-08 12:54:00,12:52:00,False,0,2,3.0,58.0,0.2,3.8666666666666667,sl
2025-12-09,h062,10:15:00,long,28257.0,28259.0,27.0,2025-12-09 10:15:00,10:13:00,False,3,9,28.0,55.0,1.037037037037037,2.037037037037037,sl
2025-12-09,h062,12:27:00,long,28242.0,28245.0,9.0,2025-12-09 12:27:00,12:20:00,True,9,12,42.0,41.0,4.666666666666667,4.555555555555555,tp
2025-12-09,h062,12:29:00,long,28262.0,28270.0,18.0,2025-12-09 12:29:00,12:28:00,True,11,23,17.0,66.0,0.9444444444444444,3.6666666666666665,sl
2025-12-09,h062,13:04:00,short,28248.0,28243.0,17.0,2025-12-09 13:04:00,13:00:00,True,5,7,39.0,-1.0,2.2941176470588234,-0.058823529411764705,tp
2025-12-09,h062,13:15:00,short,28227.0,28220.0,15.0,2025-12-09 13:15:00,13:05:00,False,4,8,16.0,13.0,1.0666666666666667,0.8666666666666667,tp
2025-12-10,h062,09:41:00,short,28300.0,28297.0,37.0,2025-12-10 09:41:00,09:30:00,True,9,21,45.0,137.0,1.2162162162162162,3.7027027027027026,tp
2025-12-10,h062,10:10:00,long,28283.0,28286.0,28.0,2025-12-10 10:10:00,09:46:00,True,8,11,148.0,5.0,5.285714285714286,0.17857142857142858,tp
2025-12-10,h062,10:12:00,short,28285.0,28282.0,15.0,2025-12-10 10:12:00,10:11:00,False,2,5,-1.0,152.0,-0.06666666666666667,10.133333333333333,sl
2025-12-10,h062,10:26:00,short,28319.0,28316.0,17.0,2025-12-10 10:26:00,10:20:00,True,5,7,3.0,118.0,0.17647058823529413,6.9411764705882355,sl
2025-12-10,h062,11:26:00,short,28345.0,28342.0,35.0,2025-12-10 11:26:00,11:00:00,False,0,2,1.0,92.0,0.02857142857142857,2.6285714285714286,sl
2025-12-10,h062,11:39:00,long,28383.0,28384.0,24.0,2025-12-10 11:39:00,11:37:00,True,21,28,50.0,32.0,2.0833333333333335,1.3333333333333333,tp
2025-12-10,h062,12:12:00,long,28395.0,28401.0,7.0,2025-12-10 12:12:00,12:09:00,True,10,28,33.0,49.0,4.714285714285714,7.0,tp
2025-12-10,h062,12:28:00,long,28423.0,28427.0,17.0,2025-12-10 12:28:00,12:21:00,True,9,10,7.0,75.0,0.4117647058823529,4.411764705882353,sl
2025-12-10,h062,13:00:00,short,28420.0,28418.0,14.0,2025-12-10 13:00:00,12:58:00,False,0,2,66.0,0.0,4.714285714285714,0.0,tp
2025-12-10,h062,13:14:00,short,28369.0,28362.0,14.0,2025-12-10 13:14:00,13:13:00,True,17,23,7.0,47.0,0.5,3.357142857142857,sl
2025-12-11,h062,09:50:00,short,28404.0,28397.0,18.0,2025-12-11 09:50:00,09:49:00,True,19,32,338.0,16.0,18.77777777777778,0.8888888888888888,tp
2025-12-11,h062,11:07:00,short,28118.0,28117.0,41.0,2025-12-11 11:07:00,11:04:00,True,18,37,58.0,58.0,1.4146341463414633,1.4146341463414633,tp
2025-12-11,h062,12:14:00,short,28159.0,28153.0,16.0,2025-12-11 12:14:00,12:13:00,False,4,14,93.0,8.0,5.8125,0.5,tp
2025-12-11,h062,12:55:00,short,28100.0,28098.0,10.0,2025-12-11 12:55:00,12:53:00,False,0,2,38.0,22.0,3.8,2.2,tp
2025-12-11,h062,13:18:00,long,28084.0,28086.0,19.0,2025-12-11 13:18:00,13:08:00,True,9,20,34.0,14.0,1.7894736842105263,0.7368421052631579,tp
2025-12-12,h062,09:56:00,long,28270.0,28278.0,23.0,2025-12-12 09:56:00,09:49:00,True,6,8,42.0,121.0,1.826086956521739,5.260869565217392,tp
2025-12-12,h062,10:04:00,short,28287.0,28285.0,33.0,2025-12-12 10:04:00,09:59:00,False,3,5,128.0,30.0,3.878787878787879,0.9090909090909091,tp
2025-12-12,h062,11:02:00,short,28291.0,28290.0,12.0,2025-12-12 11:02:00,11:01:00,False,0,2,133.0,12.0,11.083333333333334,1.0,tp
2025-12-12,h062,11:17:00,short,28236.0,28232.0,19.0,2025-12-12 11:17:00,11:15:00,False,0,4,75.0,70.0,3.9473684210526314,3.6842105263157894,tp
2025-12-12,h062,12:09:00,long,28212.0,28214.0,15.0,2025-12-12 12:09:00,12:08:00,True,7,14,88.0,57.0,5.866666666666666,3.8,sl
2025-12-12,h062,12:44:00,long,28184.0,28202.0,27.0,2025-12-12 12:44:00,12:42:00,True,19,35,100.0,34.0,3.7037037037037037,1.2592592592592593,sl
2025-12-12,h062,13:04:00,long,28209.0,28210.0,16.0,2025-12-12 13:04:00,13:03:00,True,7,13,92.0,16.0,5.75,1.0,sl
2025-12-12,h062,13:20:00,long,28247.0,28255.0,14.0,2025-12-12 13:20:00,13:18:00,True,7,17,47.0,10.0,3.357142857142857,0.7142857142857143,tp
2025-12-15,h062,10:42:00,short,27926.0,27921.0,22.0,2025-12-15 10:42:00,10:41:00,False,3,6,48.0,44.0,2.1818181818181817,2.0,sl
2025-12-15,h062,12:01:00,short,27905.0,27901.0,16.0,2025-12-15 12:01:00,11:52:00,True,6,7,28.0,64.0,1.75,4.0,sl
2025-12-15,h062,12:40:00,short,27940.0,27934.0,12.0,2025-12-15 12:40:00,12:39:00,False,0,0,29.0,31.0,2.4166666666666665,2.5833333333333335,sl
2025-12-16,h062,09:36:00,short,27571.0,27568.0,32.0,2025-12-16 09:36:00,09:35:00,True,12,45,157.0,121.0,4.90625,3.78125,tp
2025-12-16,h062,09:44:00,short,27527.0,27518.0,49.0,2025-12-16 09:44:00,09:38:00,True,9,20,107.0,171.0,2.183673469387755,3.489795918367347,tp
2025-12-16,h062,11:01:00,long,27474.0,27476.0,23.0,2025-12-16 11:01:00,10:58:00,True,19,28,213.0,65.0,9.26086956521739,2.8260869565217392,sl
2025-12-16,h062,11:58:00,long,27529.0,27530.0,37.0,2025-12-16 11:58:00,11:54:00,False,4,8,159.0,35.0,4.297297297297297,0.9459459459459459,tp
2025-12-16,h062,12:02:00,short,27528.0,27523.0,17.0,2025-12-16 12:02:00,12:00:00,False,0,3,28.0,166.0,1.6470588235294117,9.764705882352942,tp
2025-12-16,h062,12:24:00,long,27539.0,27660.0,27.0,2025-12-16 12:24:00,12:20:00,True,96,285,29.0,66.0,1.0740740740740742,2.4444444444444446,sl
2025-12-16,h062,12:33:00,short,27635.0,27632.0,37.0,2025-12-16 12:33:00,12:25:00,False,3,8,38.0,57.0,1.027027027027027,1.5405405405405406,sl
2025-12-16,h062,13:05:00,long,27663.0,27667.0,35.0,2025-12-16 13:05:00,13:04:00,True,5,17,22.0,73.0,0.6285714285714286,2.085714285714286,sl
2025-12-16,h062,13:07:00,short,27667.0,27647.0,22.0,2025-12-16 13:07:00,13:06:00,True,10,21,53.0,7.0,2.409090909090909,0.3181818181818182,tp
2025-12-17,h062,09:46:00,short,27798.0,27794.0,26.0,2025-12-17 09:46:00,09:45:00,True,6,16,203.0,64.0,7.8076923076923075,2.4615384615384617,tp
2025-12-17,h062,10:37:00,long,27776.0,27783.0,15.0,2025-12-17 10:37:00,10:34:00,False,4,7,75.0,192.0,5.0,12.8,tp
2025-12-17,h062,11:09:00,long,27842.0,27845.0,25.0,2025-12-17 11:09:00,11:02:00,True,5,11,13.0,254.0,0.52,10.16,sl
2025-12-17,h062,11:58:00,short,27838.0,27833.0,20.0,2025-12-17 11:58:00,11:55:00,False,0,3,242.0,2.0,12.1,0.1,tp
2025-12-17,h062,12:07:00,short,27790.0,27783.0,22.0,2025-12-17 12:07:00,12:04:00,True,7,16,192.0,23.0,8.727272727272727,1.0454545454545454,sl
2025-12-17,h062,12:32:00,short,27719.0,27718.0,24.0,2025-12-17 12:32:00,12:27:00,True,9,17,127.0,9.0,5.291666666666667,0.375,tp
2025-12-18,h062,10:49:00,short,27631.0,27617.0,44.0,2025-12-18 10:49:00,10:48:00,True,5,15,160.0,17.0,3.6363636363636362,0.38636363636363635,tp
2025-12-18,h062,11:20:00,short,27489.0,27480.0,20.0,2025-12-18 11:20:00,11:19:00,True,8,24,23.0,152.0,1.15,7.6,tp
2025-12-18,h062,11:24:00,long,27482.0,27484.0,25.0,2025-12-18 11:24:00,11:21:00,True,6,9,148.0,19.0,5.92,0.76,tp
2025-12-18,h062,12:24:00,long,27543.0,27547.0,17.0,2025-12-18 12:24:00,12:22:00,True,11,23,85.0,9.0,5.0,0.5294117647058824,tp
2025-12-18,h062,12:44:00,long,27605.0,27606.0,46.0,2025-12-18 12:44:00,12:32:00,False,4,9,26.0,31.0,0.5652173913043478,0.6739130434782609,timeout
2025-12-18,h062,13:22:00,long,27598.0,27600.0,20.0,2025-12-18 13:22:00,13:16:00,False,2,5,32.0,22.0,1.6,1.1,sl
2025-12-19,h062,10:12:00,long,27924.0,27931.0,17.0,2025-12-19 10:12:00,10:11:00,True,27,38,52.0,115.0,3.0588235294117645,6.764705882352941,sl
2025-12-19,h062,10:59:00,short,27850.0,27846.0,37.0,2025-12-19 10:59:00,10:35:00,True,5,10,30.0,137.0,0.8108108108108109,3.7027027027027026,sl
2025-12-19,h062,11:05:00,long,27850.0,27851.0,25.0,2025-12-19 11:05:00,11:00:00,True,7,10,132.0,35.0,5.28,1.4,tp
2025-12-19,h062,11:18:00,short,27858.0,27833.0,19.0,2025-12-19 11:18:00,11:12:00,True,5,13,17.0,150.0,0.8947368421052632,7.894736842105263,sl
2025-12-19,h062,11:26:00,long,27917.0,27971.0,35.0,2025-12-19 11:26:00,11:25:00,True,106,147,12.0,133.0,0.34285714285714286,3.8,sl
2025-12-19,h062,12:10:00,short,27924.0,27908.0,18.0,2025-12-19 12:10:00,12:09:00,True,23,29,70.0,9.0,3.888888888888889,0.5,tp
2025-12-19,h062,13:27:00,short,27892.0,27891.0,25.0,2025-12-19 13:27:00,13:25:00,True,6,13,30.0,24.0,1.2,0.96,tp
2025-12-22,h062,09:31:00,short,28189.0,28186.0,34.0,2025-12-22 09:31:00,09:26:00,True,5,7,16.0,182.0,0.47058823529411764,5.352941176470588,sl
2025-12-22,h062,10:34:00,long,28258.0,28262.0,29.0,2025-12-22 10:34:00,10:17:00,True,7,15,106.0,9.0,3.6551724137931036,0.3103448275862069,tp
2025-12-22,h062,10:46:00,short,28308.0,28305.0,18.0,2025-12-22 10:46:00,10:45:00,False,4,12,35.0,63.0,1.9444444444444444,3.5,sl
2025-12-22,h062,12:06:00,short,28307.0,28306.0,17.0,2025-12-22 12:06:00,12:04:00,False,4,7,36.0,40.0,2.1176470588235294,2.3529411764705883,tp
2025-12-22,h062,12:11:00,short,28288.0,28281.0,28.0,2025-12-22 12:11:00,12:10:00,True,24,30,2.0,65.0,0.07142857142857142,2.3214285714285716,sl
2025-12-22,h062,12:32:00,short,28317.0,28310.0,17.0,2025-12-22 12:32:00,12:31:00,False,0,4,14.0,36.0,0.8235294117647058,2.1176470588235294,sl
2025-12-22,h062,13:08:00,long,28337.0,28339.0,6.0,2025-12-22 13:08:00,13:03:00,False,4,6,7.0,39.0,1.1666666666666667,6.5,sl
2025-12-22,h062,13:13:00,short,28331.0,28327.0,14.0,2025-12-22 13:13:00,13:10:00,False,0,4,27.0,19.0,1.9285714285714286,1.3571428571428572,tp
2025-12-23,h062,09:49:00,long,28400.0,28401.0,15.0,2025-12-23 09:49:00,09:41:00,False,4,12,54.0,33.0,3.6,2.2,tp
2025-12-23,h062,09:58:00,long,28429.0,28440.0,26.0,2025-12-23 09:58:00,09:55:00,True,36,48,15.0,72.0,0.5769230769230769,2.769230769230769,sl
2025-12-23,h062,10:33:00,short,28386.0,28385.0,23.0,2025-12-23 10:33:00,10:29:00,True,6,10,17.0,60.0,0.7391304347826086,2.608695652173913,sl
2025-12-23,h062,11:05:00,short,28399.0,28391.0,15.0,2025-12-23 11:05:00,11:02:00,False,4,7,23.0,54.0,1.5333333333333334,3.6,sl
2025-12-23,h062,11:25:00,long,28414.0,28417.0,10.0,2025-12-23 11:25:00,11:24:00,True,9,10,28.0,49.0,2.8,4.9,tp
2025-12-23,h062,11:32:00,short,28428.0,28421.0,17.0,2025-12-23 11:32:00,11:30:00,False,3,6,53.0,14.0,3.1176470588235294,0.8235294117647058,tp
2025-12-23,h062,12:04:00,short,28383.0,28382.0,27.0,2025-12-23 12:04:00,11:47:00,False,0,1,14.0,45.0,0.5185185185185185,1.6666666666666667,sl
2025-12-23,h062,12:21:00,short,28415.0,28413.0,12.0,2025-12-23 12:21:00,12:18:00,False,0,3,45.0,12.0,3.75,1.0,sl
2025-12-23,h062,13:14:00,short,28375.0,28373.0,10.0,2025-12-23 13:14:00,13:12:00,False,0,3,5.0,47.0,0.5,4.7,sl
2025-12-24,h062,09:42:00,short,28501.0,28490.0,20.0,2025-12-24 09:42:00,09:40:00,True,38,43,90.0,11.0,4.5,0.55,tp
2025-12-24,h062,10:45:00,long,28428.0,28432.0,19.0,2025-12-24 10:45:00,10:30:00,True,7,10,48.0,32.0,2.526315789473684,1.6842105263157894,sl
2025-12-24,h062,11:32:00,short,28412.0,28411.0,14.0,2025-12-24 11:32:00,11:30:00,True,5,5,11.0,69.0,0.7857142857142857,4.928571428571429,sl
2025-12-24,h062,11:59:00,short,28410.0,28408.0,16.0,2025-12-24 11:59:00,11:56:00,False,3,5,8.0,72.0,0.5,4.5,sl
2025-12-24,h062,12:31:00,short,28430.0,28429.0,26.0,2025-12-24 12:31:00,12:12:00,False,0,2,29.0,51.0,1.1153846153846154,1.9615384615384615,tp
2025-12-24,h062,12:41:00,long,28427.0,28431.0,5.0,2025-12-24 12:41:00,12:38:00,False,0,3,49.0,31.0,9.8,6.2,sl
2025-12-24,h062,12:51:00,long,28420.0,28426.0,20.0,2025-12-24 12:51:00,12:45:00,True,5,11,54.0,8.0,2.7,0.4,tp
2025-12-24,h062,13:28:00,long,28435.0,28437.0,13.0,2025-12-24 13:28:00,13:25:00,True,5,11,43.0,9.0,3.3076923076923075,0.6923076923076923,tp
2025-12-26,h062,10:11:00,long,28596.0,28610.0,27.0,2025-12-26 10:11:00,09:58:00,True,26,53,104.0,24.0,3.8518518518518516,0.8888888888888888,tp
2025-12-26,h062,10:51:00,long,28629.0,28630.0,15.0,2025-12-26 10:51:00,10:48:00,True,12,21,84.0,2.0,5.6,0.13333333333333333,tp
2025-12-26,h062,10:58:00,short,28635.0,28633.0,17.0,2025-12-26 10:58:00,10:53:00,False,3,10,5.0,81.0,0.29411764705882354,4.764705882352941,sl
2025-12-26,h062,11:14:00,long,28668.0,28676.0,18.0,2025-12-26 11:14:00,11:13:00,True,32,59,38.0,48.0,2.111111111111111,2.6666666666666665,tp
2025-12-26,h062,11:26:00,long,28695.0,28698.0,20.0,2025-12-26 11:26:00,11:22:00,False,4,6,16.0,70.0,0.8,3.5,sl
2025-12-26,h062,12:15:00,long,28663.0,28667.0,35.0,2025-12-26 12:15:00,12:02:00,False,2,6,33.0,9.0,0.9428571428571428,0.2571428571428571,timeout
2025-12-26,h062,13:26:00,long,28675.0,28678.0,14.0,2025-12-26 13:26:00,13:25:00,False,0,4,13.0,7.0,0.9285714285714286,0.5,timeout
2025-12-29,h062,09:12:00,long,28770.0,28772.0,31.0,2025-12-29 09:12:00,09:11:00,True,12,34,226.0,10.0,7.290322580645161,0.3225806451612903,tp
2025-12-29,h062,09:50:00,long,28860.0,28880.0,17.0,2025-12-29 09:50:00,09:45:00,True,21,58,118.0,13.0,6.9411764705882355,0.7647058823529411,tp
2025-12-29,h062,09:53:00,long,28913.0,28917.0,31.0,2025-12-29 09:53:00,09:51:00,True,10,26,81.0,50.0,2.6129032258064515,1.6129032258064515,sl
2025-12-29,h062,11:32:00,long,28908.0,28921.0,16.0,2025-12-29 11:32:00,11:28:00,True,15,26,77.0,13.0,4.8125,0.8125,tp
2025-12-29,h062,11:50:00,long,28943.0,28944.0,22.0,2025-12-29 11:50:00,11:33:00,False,0,1,54.0,36.0,2.4545454545454546,1.6363636363636365,tp
2025-12-29,h062,12:00:00,long,28961.0,28968.0,20.0,2025-12-29 12:00:00,11:52:00,True,9,17,30.0,60.0,1.5,3.0,tp
2025-12-29,h062,12:14:00,long,28990.0,28995.0,20.0,2025-12-29 12:14:00,12:13:00,True,12,39,1.0,87.0,0.05,4.35,sl
2025-12-29,h062,13:20:00,short,28916.0,28909.0,13.0,2025-12-29 13:20:00,13:17:00,False,4,10,1.0,41.0,0.07692307692307693,3.1538461538461537,sl
2025-12-30,h062,10:51:00,long,28800.0,28810.0,14.0,2025-12-30 10:51:00,10:49:00,False,4,8,132.0,16.0,9.428571428571429,1.1428571428571428,sl
2025-12-30,h062,11:30:00,long,28848.0,28860.0,25.0,2025-12-30 11:30:00,11:29:00,True,30,49,82.0,19.0,3.28,0.76,tp
2025-12-30,h062,11:41:00,short,28854.0,28843.0,24.0,2025-12-30 11:41:00,11:32:00,False,4,8,1.0,99.0,0.041666666666666664,4.125,sl
2025-12-30,h062,12:13:00,long,28922.0,28926.0,14.0,2025-12-30 12:13:00,12:08:00,True,7,13,16.0,69.0,1.1428571428571428,4.928571428571429,sl
2025-12-30,h062,12:31:00,short,28932.0,28926.0,10.0,2025-12-30 12:31:00,12:29:00,False,4,6,69.0,1.0,6.9,0.1,tp
2025-12-31,h062,10:37:00,long,28939.0,28940.0,14.0,2025-12-31 10:37:00,10:36:00,True,10,20,113.0,3.0,8.071428571428571,0.21428571428571427,tp
2025-12-31,h062,10:45:00,long,28955.0,28960.0,14.0,2025-12-31 10:45:00,10:40:00,True,22,46,93.0,4.0,6.642857142857143,0.2857142857142857,tp
2025-12-31,h062,10:48:00,short,28960.0,28959.0,23.0,2025-12-31 10:48:00,10:46:00,True,6,14,0.0,94.0,0.0,4.086956521739131,sl
2025-12-31,h062,11:11:00,long,29005.0,29006.0,12.0,2025-12-31 11:11:00,11:09:00,True,32,66,47.0,46.0,3.9166666666666665,3.8333333333333335,sl
2025-12-31,h062,12:26:00,long,29028.0,29032.0,11.0,2025-12-31 12:26:00,12:23:00,True,6,12,21.0,72.0,1.9090909090909092,6.545454545454546,sl
2025-12-31,h062,13:05:00,long,29036.0,29052.0,18.0,2025-12-31 13:05:00,13:04:00,True,22,70,1.0,92.0,0.05555555555555555,5.111111111111111,sl
2026-01-02,h062,09:33:00,long,29171.0,29175.0,34.0,2026-01-02 09:33:00,09:32:00,True,39,54,325.0,13.0,9.558823529411764,0.38235294117647056,tp
2026-01-02,h062,11:01:00,long,29436.0,29441.0,25.0,2026-01-02 11:01:00,11:00:00,True,26,53,59.0,44.0,2.36,1.76,sl
2026-01-02,h062,11:57:00,long,29439.0,29445.0,23.0,2026-01-02 11:57:00,11:55:00,True,11,16,55.0,33.0,2.391304347826087,1.434782608695652,sl
2026-01-02,h062,12:09:00,long,29435.0,29438.0,23.0,2026-01-02 12:09:00,12:06:00,False,4,7,62.0,12.0,2.6956521739130435,0.5217391304347826,tp
2026-01-02,h062,12:15:00,short,29430.0,29429.0,40.0,2026-01-02 12:15:00,12:14:00,True,8,16,2.0,71.0,0.05,1.775,sl
2026-01-02,h062,13:22:00,long,29479.0,29495.0,18.0,2026-01-02 13:22:00,13:11:00,False,3,9,5.0,27.0,0.2777777777777778,1.5,sl
2026-01-05,h062,09:55:00,short,30196.0,30153.0,81.0,2026-01-05 09:55:00,09:48:00,True,22,63,0.0,334.0,0.0,4.1234567901234565,sl
2026-01-05,h062,11:08:00,long,30460.0,30480.0,35.0,2026-01-05 11:08:00,11:05:00,True,26,69,4.0,226.0,0.11428571428571428,6.457142857142857,sl
2026-01-05,h062,12:05:00,long,30357.0,30362.0,51.0,2026-01-05 12:05:00,11:58:00,True,12,16,33.0,108.0,0.6470588235294118,2.1176470588235294,sl
2026-01-05,h062,12:42:00,long,30338.0,30341.0,23.0,2026-01-05 12:42:00,12:38:00,False,4,9,11.0,87.0,0.4782608695652174,3.782608695652174,sl
2026-01-05,h062,13:01:00,long,30314.0,30326.0,24.0,2026-01-05 13:01:00,12:59:00,True,7,21,16.0,72.0,0.6666666666666666,3.0,sl
2026-01-05,h062,13:18:00,long,30282.0,30290.0,14.0,2026-01-05 13:18:00,13:17:00,True,10,17,27.0,36.0,1.9285714285714286,2.5714285714285716,sl
2026-01-06,h062,09:27:00,long,30350.0,30365.0,22.0,2026-01-06 09:27:00,09:25:00,True,14,35,307.0,102.0,13.954545454545455,4.636363636363637,sl
2026-01-06,h062,09:41:00,long,30312.0,30323.0,49.0,2026-01-06 09:41:00,09:39:00,True,7,17,349.0,7.0,7.122448979591836,0.14285714285714285,tp
2026-01-06,h062,10:33:00,short,30384.0,30380.0,20.0,2026-01-06 10:33:00,10:30:00,False,3,6,20.0,292.0,1.0,14.6,tp
2026-01-06,h062,10:41:00,long,30430.0,30435.0,20.0,2026-01-06 10:41:00,10:38:00,True,7,10,237.0,8.0,11.85,0.4,tp
2026-01-06,h062,10:48:00,long,30492.0,30493.0,33.0,2026-01-06 10:48:00,10:47:00,True,16,24,179.0,13.0,5.424242424242424,0.3939393939393939,tp
2026-01-06,h062,12:38:00,long,30609.0,30617.0,21.0,2026-01-06 12:38:00,12:37:00,True,14,30,55.0,40.0,2.619047619047619,1.9047619047619047,sl
2026-01-06,h062,12:45:00,short,30613.0,30589.0,21.0,2026-01-06 12:45:00,12:39:00,True,20,39,12.0,83.0,0.5714285714285714,3.9523809523809526,sl
2026-01-06,h062,13:29:00,long,30640.0,30645.0,30.0,2026-01-06 13:29:00,13:20:00,True,27,36,27.0,34.0,0.9,1.1333333333333333,sl
2026-01-07,h062,09:20:00,short,30490.0,30466.0,77.0,2026-01-07 09:20:00,09:19:00,True,22,64,11.0,210.0,0.14285714285714285,2.727272727272727,sl
2026-01-07,h062,10:35:00,long,30565.0,30568.0,27.0,2026-01-07 10:35:00,10:26:00,True,10,20,108.0,80.0,4.0,2.962962962962963,tp
2026-01-07,h062,11:11:00,short,30592.0,30587.0,23.0,2026-01-07 11:11:00,11:00:00,False,0,1,99.0,89.0,4.304347826086956,3.869565217391304,sl
2026-01-07,h062,11:21:00,short,30620.0,30615.0,25.0,2026-01-07 11:21:00,11:18:00,False,0,2,127.0,61.0,5.08,2.44,sl
2026-01-07,h062,11:27:00,long,30652.0,30655.0,23.0,2026-01-07 11:27:00,11:24:00,True,5,9,21.0,167.0,0.9130434782608695,7.260869565217392,sl
2026-01-07,h062,11:32:00,short,30657.0,30653.0,19.0,2026-01-07 11:32:00,11:29:00,False,3,7,165.0,1.0,8.68421052631579,0.05263157894736842,tp
2026-01-07,h062,12:21:00,short,30549.0,30543.0,24.0,2026-01-07 12:21:00,12:20:00,False,2,6,55.0,23.0,2.2916666666666665,0.9583333333333334,tp
2026-01-07,h062,12:30:00,short,30506.0,30503.0,23.0,2026-01-07 12:30:00,12:29:00,True,10,12,15.0,51.0,0.6521739130434783,2.217391304347826,sl
2026-01-08,h062,09:43:00,long,30563.0,30593.0,110.0,2026-01-08 09:43:00,09:42:00,True,33,74,70.0,174.0,0.6363636363636364,1.5818181818181818,sl
2026-01-08,h062,10:20:00,short,30625.0,30603.0,38.0,2026-01-08 10:20:00,10:18:00,True,10,28,184.0,49.0,4.842105263157895,1.2894736842105263,sl
2026-01-08,h062,10:39:00,short,30502.0,30497.0,65.0,2026-01-08 10:39:00,10:38:00,True,14,25,78.0,98.0,1.2,1.5076923076923077,tp
2026-01-08,h062,10:41:00,short,30450.0,30449.0,47.0,2026-01-08 10:41:00,10:40:00,True,20,36,30.0,146.0,0.6382978723404256,3.106382978723404,sl
2026-01-08,h062,12:14:00,long,30537.0,30542.0,18.0,2026-01-08 12:14:00,12:10:00,True,5,15,23.0,91.0,1.2777777777777777,5.055555555555555,tp
2026-01-09,h062,10:31:00,long,30395.0,30422.0,64.0,2026-01-09 10:31:00,10:22:00,True,29,45,156.0,29.0,2.4375,0.453125,tp
2026-01-09,h062,10:44:00,long,30495.0,30527.0,52.0,2026-01-09 10:44:00,10:43:00,True,28,56,51.0,113.0,0.9807692307692307,2.173076923076923,sl
2026-01-09,h062,10:54:00,short,30522.0,30516.0,31.0,2026-01-09 10:54:00,10:45:00,True,5,13,102.0,44.0,3.2903225806451615,1.4193548387096775,tp
2026-01-09,h062,11:30:00,short,30469.0,30466.0,31.0,2026-01-09 11:30:00,11:29:00,True,6,16,52.0,80.0,1.6774193548387097,2.5806451612903225,sl
2026-01-09,h062,12:06:00,long,30502.0,30503.0,12.0,2026-01-09 12:06:00,12:00:00,False,3,6,43.0,89.0,3.5833333333333335,7.416666666666667,sl
2026-01-09,h062,12:29:00,short,30524.0,30522.0,20.0,2026-01-09 12:29:00,12:27:00,False,3,6,108.0,24.0,5.4,1.2,sl
2026-01-12,h062,10:03:00,long,30615.0,30617.0,60.0,2026-01-12 10:03:00,10:01:00,True,19,23,146.0,16.0,2.433333333333333,0.26666666666666666,tp
2026-01-12,h062,10:44:00,short,30672.0,30655.0,25.0,2026-01-12 10:44:00,10:43:00,True,5,7,23.0,108.0,0.92,4.32,sl
2026-01-12,h062,11:30:00,long,30700.0,30701.0,17.0,2026-01-12 11:30:00,11:28:00,False,3,9,62.0,65.0,3.6470588235294117,3.823529411764706,sl
2026-01-12,h062,11:45:00,long,30720.0,30727.0,19.0,2026-01-12 11:45:00,11:40:00,True,15,30,36.0,91.0,1.894736842105263,4.7894736842105265,sl
2026-01-12,h062,12:42:00,short,30644.0,30641.0,24.0,2026-01-12 12:42:00,12:40:00,True,6,14,5.0,122.0,0.20833333333333334,5.083333333333333,sl
2026-01-12,h062,13:14:00,short,30725.0,30723.0,35.0,2026-01-12 13:14:00,13:10:00,False,4,11,40.0,13.0,1.1428571428571428,0.37142857142857144,tp
2026-01-13,h062,09:28:00,long,30969.0,30999.0,37.0,2026-01-13 09:28:00,09:27:00,True,28,45,16.0,373.0,0.43243243243243246,10.08108108108108,sl
2026-01-13,h062,10:22:00,long,30677.0,30687.0,51.0,2026-01-13 10:22:00,10:21:00,True,26,66,190.0,17.0,3.7254901960784315,0.3333333333333333,tp
2026-01-13,h062,11:01:00,short,30752.0,30743.0,44.0,2026-01-13 11:01:00,11:00:00,True,5,8,32.0,134.0,0.7272727272727273,3.0454545454545454,sl
2026-01-13,h062,11:04:00,long,30761.0,30789.0,50.0,2026-01-13 11:04:00,11:03:00,True,8,22,88.0,69.0,1.76,1.38,tp
2026-01-13,h062,11:30:00,short,30836.0,30821.0,34.0,2026-01-13 11:30:00,11:23:00,False,4,11,101.0,54.0,2.9705882352941178,1.588235294117647,tp
2026-01-13,h062,12:45:00,short,30756.0,30751.0,33.0,2026-01-13 12:45:00,12:27:00,False,3,8,3.0,124.0,0.09090909090909091,3.757575757575758,sl
2026-01-13,h062,12:55:00,long,30805.0,30806.0,15.0,2026-01-13 12:55:00,12:53:00,True,9,11,69.0,21.0,4.6,1.4,tp
2026-01-14,h062,10:16:00,long,31097.0,31102.0,50.0,2026-01-14 10:16:00,10:03:00,True,8,16,60.0,157.0,1.2,3.14,tp
2026-01-14,h062,10:36:00,short,30974.0,30973.0,75.0,2026-01-14 10:36:00,10:35:00,True,18,37,28.0,96.0,0.37333333333333335,1.28,sl
2026-01-14,h062,11:27:00,short,31034.0,31033.0,32.0,2026-01-14 11:27:00,11:14:00,False,4,7,88.0,30.0,2.75,0.9375,tp
2026-01-14,h062,11:45:00,short,31004.0,31001.0,24.0,2026-01-14 11:45:00,11:39:00,False,0,3,56.0,24.0,2.3333333333333335,1.0,sl
2026-01-14,h062,12:27:00,long,30992.0,30994.0,20.0,2026-01-14 12:27:00,12:25:00,False,4,8,27.0,49.0,1.35,2.45,sl
2026-01-14,h062,12:46:00,long,30977.0,30980.0,27.0,2026-01-14 12:46:00,12:45:00,False,4,9,41.0,35.0,1.5185185185185186,1.2962962962962963,sl
2026-01-15,h062,10:02:00,short,30857.0,30843.0,52.0,2026-01-15 10:02:00,09:58:00,True,18,34,99.0,214.0,1.9038461538461537,4.115384615384615,tp
2026-01-15,h062,11:18:00,short,30792.0,30782.0,40.0,2026-01-15 11:18:00,10:55:00,True,7,9,38.0,275.0,0.95,6.875,sl
2026-01-15,h062,11:32:00,long,30783.0,30789.0,21.0,2026-01-15 11:32:00,11:30:00,False,3,9,268.0,45.0,12.761904761904763,2.142857142857143,tp
2026-01-15,h062,12:00:00,long,30790.0,30807.0,45.0,2026-01-15 12:00:00,11:53:00,True,13,20,250.0,21.0,5.555555555555555,0.4666666666666667,tp
2026-01-15,h062,12:09:00,long,30832.0,30838.0,34.0,2026-01-15 12:09:00,12:02:00,True,8,16,219.0,11.0,6.4411764705882355,0.3235294117647059,tp
2026-01-15,h062,13:00:00,short,30894.0,30889.0,28.0,2026-01-15 13:00:00,12:51:00,False,4,9,6.0,168.0,0.21428571428571427,6.0,sl
2026-01-15,h062,13:12:00,long,30951.0,30952.0,23.0,2026-01-15 13:12:00,13:10:00,False,0,2,105.0,25.0,4.565217391304348,1.0869565217391304,sl
2026-01-16,h062,10:39:00,long,31388.0,31393.0,25.0,2026-01-16 10:39:00,10:32:00,True,17,26,143.0,56.0,5.72,2.24,sl
2026-01-16,h062,11:05:00,short,31402.0,31395.0,27.0,2026-01-16 11:05:00,11:00:00,True,6,12,4.0,141.0,0.14814814814814814,5.222222222222222,sl
2026-01-16,h062,11:49:00,long,31434.0,31435.0,34.0,2026-01-16 11:49:00,11:38:00,True,5,8,101.0,10.0,2.9705882352941178,0.29411764705882354,tp
2026-01-16,h062,12:10:00,long,31461.0,31465.0,29.0,2026-01-16 12:10:00,12:04:00,True,17,23,71.0,12.0,2.4482758620689653,0.41379310344827586,tp
2026-01-16,h062,12:14:00,long,31481.0,31484.0,16.0,2026-01-16 12:14:00,12:13:00,True,10,12,52.0,31.0,3.25,1.9375,tp
2026-01-16,h062,12:21:00,short,31505.0,31502.0,21.0,2026-01-16 12:21:00,12:19:00,False,4,8,49.0,34.0,2.3333333333333335,1.619047619047619,tp
2026-01-16,h062,13:09:00,long,31520.0,31531.0,22.0,2026-01-16 13:09:00,13:08:00,True,33,44,0.0,78.0,0.0,3.5454545454545454,sl
2026-01-19,h062,10:27:00,short,31461.0,31447.0,18.0,2026-01-19 10:27:00,10:26:00,False,0,3,6.0,327.0,0.3333333333333333,18.166666666666668,sl
2026-01-19,h062,11:36:00,long,31556.0,31559.0,57.0,2026-01-19 11:36:00,10:44:00,True,13,17,215.0,0.0,3.7719298245614037,0.0,tp
2026-01-19,h062,12:21:00,long,31619.0,31621.0,30.0,2026-01-19 12:21:00,12:20:00,True,15,25,153.0,17.0,5.1,0.5666666666666667,tp
2026-01-19,h062,12:32:00,long,31670.0,31675.0,27.0,2026-01-19 12:32:00,12:31:00,True,16,29,99.0,71.0,3.6666666666666665,2.6296296296296298,tp
2026-01-19,h062,13:14:00,long,31674.0,31684.0,70.0,2026-01-19 13:14:00,13:06:00,True,7,12,23.0,28.0,0.32857142857142857,0.4,timeout
2026-01-20,h062,10:14:00,long,31596.0,31625.0,32.0,2026-01-20 10:14:00,10:11:00,True,15,29,117.0,71.0,3.65625,2.21875,sl
2026-01-20,h062,10:16:00,short,31623.0,31616.0,23.0,2026-01-20 10:16:00,10:15:00,True,6,17,62.0,126.0,2.6956521739130435,5.478260869565218,sl
2026-01-20,h062,11:09:00,long,31644.0,31671.0,33.0,2026-01-20 11:09:00,11:08:00,True,6,16,63.0,47.0,1.9090909090909092,1.4242424242424243,tp
2026-01-20,h062,11:33:00,long,31688.0,31692.0,34.0,2026-01-20 11:33:00,11:31:00,True,7,13,42.0,68.0,1.2352941176470589,2.0,sl
2026-01-20,h062,11:58:00,long,31668.0,31672.0,28.0,2026-01-20 11:58:00,11:49:00,True,6,10,62.0,44.0,2.2142857142857144,1.5714285714285714,sl
2026-01-20,h062,12:22:00,short,31648.0,31640.0,19.0,2026-01-20 12:22:00,12:19:00,False,0,2,0.0,94.0,0.0,4.947368421052632,sl
2026-01-20,h062,12:43:00,short,31682.0,31666.0,24.0,2026-01-20 12:43:00,12:42:00,True,7,9,10.0,68.0,0.4166666666666667,2.8333333333333335,sl
2026-01-21,h062,10:25:00,short,31564.0,31540.0,44.0,2026-01-21 10:25:00,10:24:00,True,22,64,163.0,67.0,3.7045454545454546,1.5227272727272727,tp
2026-01-21,h062,12:00:00,short,31424.0,31421.0,42.0,2026-01-21 12:00:00,11:56:00,True,6,14,44.0,82.0,1.0476190476190477,1.9523809523809523,sl
2026-01-21,h062,12:31:00,short,31407.0,31402.0,25.0,2026-01-21 12:31:00,12:30:00,True,6,17,25.0,101.0,1.0,4.04,sl
2026-01-21,h062,12:36:00,short,31389.0,31388.0,29.0,2026-01-21 12:36:00,12:33:00,True,6,13,11.0,115.0,0.3793103448275862,3.9655172413793105,sl
2026-01-22,h062,09:36:00,long,31970.0,31992.0,52.0,2026-01-22 09:36:00,09:32:00,True,61,91,65.0,209.0,1.25,4.019230769230769,sl
2026-01-22,h062,11:38:00,long,32044.0,32048.0,26.0,2026-01-22 11:38:00,11:37:00,True,13,23,5.0,265.0,0.19230769230769232,10.192307692307692,sl
2026-01-22,h062,11:56:00,short,31967.0,31941.0,27.0,2026-01-22 11:56:00,11:53:00,True,15,33,158.0,11.0,5.851851851851852,0.4074074074074074,tp
2026-01-22,h062,12:03:00,short,31917.0,31904.0,33.0,2026-01-22 12:03:00,11:59:00,True,13,19,121.0,32.0,3.6666666666666665,0.9696969696969697,tp
2026-01-22,h062,12:05:00,short,31843.0,31807.0,66.0,2026-01-22 12:05:00,12:04:00,True,22,68,24.0,129.0,0.36363636363636365,1.9545454545454546,sl
2026-01-22,h062,13:04:00,short,31891.0,31885.0,13.0,2026-01-22 13:04:00,13:03:00,False,0,4,32.0,21.0,2.4615384615384617,1.6153846153846154,sl
2026-01-23,h062,09:15:00,short,32091.0,32077.0,65.0,2026-01-23 09:15:00,09:10:00,True,9,28,204.0,89.0,3.1384615384615384,1.3692307692307693,tp
2026-01-23,h062,09:25:00,short,32007.0,31981.0,67.0,2026-01-23 09:25:00,09:21:00,True,25,48,108.0,185.0,1.6119402985074627,2.7611940298507465,tp
2026-01-23,h062,10:33:00,long,32038.0,32041.0,45.0,2026-01-23 10:33:00,10:29:00,False,3,6,125.0,8.0,2.7777777777777777,0.17777777777777778,tp
2026-01-23,h062,10:43:00,short,32050.0,32044.0,33.0,2026-01-23 10:43:00,10:36:00,False,4,13,8.0,122.0,0.24242424242424243,3.696969696969697,sl
2026-01-23,h062,11:08:00,long,32103.0,32104.0,20.0,2026-01-23 11:08:00,11:07:00,True,11,23,62.0,49.0,3.1,2.45,tp
2026-01-23,h062,11:10:00,short,32103.0,32102.0,18.0,2026-01-23 11:10:00,11:09:00,True,8,17,47.0,64.0,2.611111111111111,3.5555555555555554,sl
2026-01-23,h062,11:33:00,short,32128.0,32127.0,22.0,2026-01-23 11:33:00,11:32:00,True,6,10,72.0,39.0,3.272727272727273,1.7727272727272727,tp
2026-01-23,h062,11:53:00,long,32118.0,32120.0,48.0,2026-01-23 11:53:00,11:46:00,True,10,16,46.0,65.0,0.9583333333333334,1.3541666666666667,sl
2026-01-23,h062,12:28:00,long,32131.0,32139.0,16.0,2026-01-23 12:28:00,12:26:00,True,22,35,27.0,84.0,1.6875,5.25,sl
2026-01-23,h062,12:31:00,short,32138.0,32130.0,14.0,2026-01-23 12:31:00,12:29:00,True,5,6,75.0,36.0,5.357142857142857,2.5714285714285716,tp
2026-01-23,h062,12:48:00,long,32093.0,32096.0,20.0,2026-01-23 12:48:00,12:46:00,True,5,6,70.0,41.0,3.5,2.05,sl
2026-01-26,h062,09:53:00,long,32130.0,32143.0,25.0,2026-01-26 09:53:00,09:50:00,True,8,22,88.0,56.0,3.52,2.24,tp
2026-01-26,h062,10:16:00,long,32174.0,32177.0,33.0,2026-01-26 10:16:00,10:13:00,True,5,12,54.0,90.0,1.6363636363636365,2.727272727272727,tp
2026-01-26,h062,10:24:00,long,32215.0,32217.0,31.0,2026-01-26 10:24:00,10:22:00,False,2,6,14.0,130.0,0.45161290322580644,4.193548387096774,sl
2026-01-26,h062,10:45:00,short,32130.0,32126.0,42.0,2026-01-26 10:45:00,10:44:00,True,9,26,39.0,74.0,0.9285714285714286,1.7619047619047619,sl
2026-01-26,h062,12:30:00,long,32172.0,32179.0,47.0,2026-01-26 12:30:00,12:08:00,True,20,26,2.0,92.0,0.0425531914893617,1.9574468085106382,sl
2026-01-26,h062,12:46:00,short,32112.0,32100.0,15.0,2026-01-26 12:46:00,12:45:00,True,21,29,13.0,64.0,0.8666666666666667,4.266666666666667,sl
2026-01-26,h062,13:18:00,long,32126.0,32130.0,19.0,2026-01-26 13:18:00,13:15:00,True,5,11,34.0,13.0,1.7894736842105263,0.6842105263157895,tp
2026-01-27,h062,09:45:00,long,32325.0,32329.0,38.0,2026-01-27 09:45:00,09:44:00,True,11,30,203.0,5.0,5.342105263157895,0.13157894736842105,tp
2026-01-27,h062,09:56:00,long,32376.0,32377.0,52.0,2026-01-27 09:56:00,09:46:00,True,14,20,155.0,9.0,2.980769230769231,0.17307692307692307,tp
2026-01-27,h062,10:45:00,short,32491.0,32489.0,32.0,2026-01-27 10:45:00,10:43:00,True,5,12,79.0,43.0,2.46875,1.34375,tp
2026-01-27,h062,11:47:00,short,32496.0,32490.0,31.0,2026-01-27 11:47:00,11:26:00,True,11,13,80.0,24.0,2.5806451612903225,0.7741935483870968,tp
2026-01-27,h062,11:58:00,short,32438.0,32432.0,23.0,2026-01-27 11:58:00,11:57:00,True,17,25,22.0,82.0,0.9565217391304348,3.5652173913043477,sl
2026-01-27,h062,12:05:00,long,32441.0,32446.0,31.0,2026-01-27 12:05:00,12:00:00,True,5,9,68.0,11.0,2.193548387096774,0.3548387096774194,tp
2026-01-27,h062,12:49:00,long,32505.0,32510.0,11.0,2026-01-27 12:49:00,12:48:00,True,7,12,4.0,75.0,0.36363636363636365,6.818181818181818,sl
2026-01-27,h062,13:05:00,short,32475.0,32474.0,9.0,2026-01-27 13:05:00,13:04:00,False,2,5,39.0,35.0,4.333333333333333,3.888888888888889,tp
2026-01-27,h062,13:17:00,short,32450.0,32449.0,13.0,2026-01-27 13:17:00,13:12:00,True,12,15,14.0,60.0,1.0769230769230769,4.615384615384615,tp
2026-01-28,h062,09:15:00,long,32783.0,32799.0,36.0,2026-01-28 09:15:00,09:14:00,True,36,72,139.0,131.0,3.861111111111111,3.638888888888889,tp
2026-01-28,h062,09:41:00,long,32723.0,32732.0,55.0,2026-01-28 09:41:00,09:39:00,True,9,16,206.0,52.0,3.7454545454545456,0.9454545454545454,tp
2026-01-28,h062,10:45:00,long,32716.0,32725.0,26.0,2026-01-28 10:45:00,10:43:00,True,8,15,213.0,8.0,8.192307692307692,0.3076923076923077,tp
2026-01-28,h062,11:28:00,short,32757.0,32749.0,18.0,2026-01-28 11:28:00,11:25:00,False,0,1,24.0,189.0,1.3333333333333333,10.5,sl
2026-01-28,h062,11:32:00,long,32768.0,32770.0,24.0,2026-01-28 11:32:00,11:30:00,True,5,12,168.0,45.0,7.0,1.875,tp
2026-01-28,h062,11:44:00,short,32768.0,32765.0,27.0,2026-01-28 11:44:00,11:39:00,False,0,2,40.0,173.0,1.4814814814814814,6.407407407407407,tp
2026-01-28,h062,11:57:00,short,32736.0,32730.0,23.0,2026-01-28 11:57:00,11:55:00,True,12,18,1.0,208.0,0.043478260869565216,9.043478260869565,sl
2026-01-28,h062,12:32:00,long,32804.0,32807.0,16.0,2026-01-28 12:32:00,12:29:00,True,8,9,131.0,40.0,8.1875,2.5,sl
2026-01-28,h062,12:50:00,long,32797.0,32806.0,30.0,2026-01-28 12:50:00,12:37:00,True,11,22,132.0,20.0,4.4,0.6666666666666666,tp
2026-01-28,h062,13:06:00,long,32835.0,32837.0,19.0,2026-01-28 13:06:00,13:04:00,True,27,35,101.0,0.0,5.315789473684211,0.0,tp
2026-01-29,h062,09:26:00,short,32657.0,32632.0,103.0,2026-01-29 09:26:00,09:24:00,True,16,40,45.0,230.0,0.4368932038834951,2.233009708737864,sl
2026-01-29,h062,10:55:00,long,32675.0,32691.0,88.0,2026-01-29 10:55:00,10:51:00,True,23,30,125.0,1.0,1.4204545454545454,0.011363636363636364,tp
2026-01-29,h062,11:26:00,short,32732.0,32731.0,44.0,2026-01-29 11:26:00,11:25:00,False,0,4,40.0,85.0,0.9090909090909091,1.9318181818181819,sl
2026-01-29,h062,12:18:00,short,32774.0,32770.0,18.0,2026-01-29 12:18:00,12:17:00,False,3,7,79.0,46.0,4.388888888888889,2.5555555555555554,tp
2026-01-29,h062,12:53:00,long,32799.0,32800.0,33.0,2026-01-29 12:53:00,12:52:00,True,12,14,16.0,109.0,0.48484848484848486,3.303030303030303,sl
2026-01-29,h062,13:05:00,short,32733.0,32728.0,33.0,2026-01-29 13:05:00,13:04:00,True,5,15,37.0,69.0,1.121212121212121,2.090909090909091,tp
2026-01-30,h062,10:58:00,short,32342.0,32338.0,35.0,2026-01-30 10:58:00,10:57:00,True,5,13,116.0,74.0,3.3142857142857145,2.1142857142857143,sl
2026-01-30,h062,12:09:00,long,32346.0,32365.0,22.0,2026-01-30 12:09:00,12:08:00,True,9,23,19.0,143.0,0.8636363636363636,6.5,sl
2026-01-30,h062,12:20:00,short,32305.0,32278.0,53.0,2026-01-30 12:20:00,12:19:00,False,4,9,56.0,106.0,1.0566037735849056,2.0,sl
2026-01-30,h062,13:03:00,short,32352.0,32351.0,29.0,2026-01-30 13:03:00,13:01:00,False,4,6,129.0,9.0,4.448275862068965,0.3103448275862069,tp
2026-01-30,h062,13:27:00,long,32277.0,32281.0,42.0,2026-01-30 13:27:00,13:25:00,True,6,15,33.0,59.0,0.7857142857142857,1.4047619047619047,sl
2026-02-02,h062,09:41:00,short,31650.0,31619.0,89.0,2026-02-02 09:41:00,09:31:00,True,30,69,227.0,68.0,2.550561797752809,0.7640449438202247,tp
2026-02-02,h062,11:20:00,long,31490.0,31511.0,52.0,2026-02-02 11:20:00,11:19:00,True,7,21,168.0,119.0,3.230769230769231,2.2884615384615383,sl
2026-02-03,h062,11:51:00,long,32097.0,32111.0,25.0,2026-02-03 11:51:00,11:50:00,False,4,12,189.0,6.0,7.56,0.24,tp
2026-02-03,h062,13:23:00,long,32263.0,32269.0,44.0,2026-02-03 13:23:00,13:14:00,False,4,12,31.0,33.0,0.7045454545454546,0.75,timeout
2026-02-04,h062,09:59:00,long,32375.0,32379.0,48.0,2026-02-04 09:59:00,09:58:00,True,15,28,96.0,121.0,2.0,2.5208333333333335,tp
2026-02-04,h062,10:12:00,short,32427.0,32420.0,48.0,2026-02-04 10:12:00,10:06:00,True,9,18,162.0,46.0,3.375,0.9583333333333334,tp
2026-02-04,h062,11:20:00,short,32372.0,32366.0,26.0,2026-02-04 11:20:00,11:16:00,False,0,4,0.0,100.0,0.0,3.8461538461538463,sl
2026-02-04,h062,11:26:00,long,32422.0,32424.0,29.0,2026-02-04 11:26:00,11:25:00,True,8,9,42.0,58.0,1.4482758620689655,2.0,tp
2026-02-04,h062,12:42:00,long,32443.0,32448.0,48.0,2026-02-04 12:42:00,12:06:00,True,12,20,15.0,56.0,0.3125,1.1666666666666667,sl
2026-02-05,h062,10:02:00,short,32020.0,32013.0,58.0,2026-02-05 10:02:00,09:57:00,False,3,9,215.0,95.0,3.706896551724138,1.6379310344827587,tp
2026-02-05,h062,10:04:00,short,31937.0,31933.0,83.0,2026-02-05 10:04:00,10:03:00,True,15,58,135.0,175.0,1.6265060240963856,2.108433734939759,sl
2026-02-05,h062,11:10:00,long,31931.0,31948.0,42.0,2026-02-05 11:10:00,11:06:00,True,10,23,21.0,150.0,0.5,3.5714285714285716,sl
2026-02-05,h062,12:31:00,long,31897.0,31900.0,26.0,2026-02-05 12:31:00,12:30:00,True,7,23,69.0,61.0,2.6538461538461537,2.3461538461538463,tp
2026-02-05,h062,13:04:00,long,31934.0,31942.0,18.0,2026-02-05 13:04:00,13:02:00,False,4,6,10.0,103.0,0.5555555555555556,5.722222222222222,sl
2026-02-06,h062,11:37:00,short,31812.0,31803.0,29.0,2026-02-06 11:37:00,11:31:00,False,4,8,195.0,19.0,6.724137931034483,0.6551724137931034,tp
2026-02-06,h062,11:41:00,short,31740.0,31716.0,58.0,2026-02-06 11:41:00,11:40:00,True,10,30,108.0,106.0,1.8620689655172413,1.8275862068965518,sl
2026-02-06,h062,12:25:00,long,31719.0,31725.0,26.0,2026-02-06 12:25:00,12:23:00,True,5,13,82.0,117.0,3.1538461538461537,4.5,tp
2026-02-06,h062,12:58:00,long,31648.0,31652.0,40.0,2026-02-06 12:58:00,12:57:00,True,13,23,155.0,22.0,3.875,0.55,tp
2026-02-09,h062,11:28:00,short,32642.0,32636.0,27.0,2026-02-09 11:28:00,11:26:00,False,3,8,43.0,67.0,1.5925925925925926,2.4814814814814814,sl
2026-02-09,h062,11:35:00,short,32672.0,32662.0,21.0,2026-02-09 11:35:00,11:34:00,False,3,9,69.0,41.0,3.2857142857142856,1.9523809523809523,sl
2026-02-09,h062,11:52:00,short,32679.0,32669.0,24.0,2026-02-09 11:52:00,11:47:00,True,11,14,76.0,20.0,3.1666666666666665,0.8333333333333334,tp
2026-02-09,h062,12:25:00,long,32651.0,32653.0,20.0,2026-02-09 12:25:00,12:23:00,False,0,2,10.0,60.0,0.5,3.0,sl
2026-02-09,h062,12:36:00,short,32612.0,32599.0,24.0,2026-02-09 12:36:00,12:33:00,True,11,12,6.0,64.0,0.25,2.6666666666666665,sl
2026-02-09,h062,13:08:00,long,32631.0,32635.0,22.0,2026-02-09 13:08:00,13:01:00,True,16,17,25.0,42.0,1.1363636363636365,1.9090909090909092,sl
2026-02-10,h062,09:55:00,short,33103.0,33070.0,44.0,2026-02-10 09:55:00,09:48:00,True,17,32,47.0,239.0,1.0681818181818181,5.431818181818182,sl
2026-02-10,h062,10:39:00,long,33050.0,33055.0,27.0,2026-02-10 10:39:00,10:38:00,True,6,8,254.0,23.0,9.407407407407407,0.8518518518518519,tp
2026-02-10,h062,11:21:00,long,33096.0,33101.0,19.0,2026-02-10 11:21:00,11:20:00,True,5,11,208.0,45.0,10.947368421052632,2.3684210526315788,sl
2026-02-10,h062,11:42:00,long,33073.0,33074.0,15.0,2026-02-10 11:42:00,11:38:00,False,3,6,235.0,7.0,15.666666666666666,0.4666666666666667,tp
2026-02-10,h062,12:04:00,short,33139.0,33138.0,23.0,2026-02-10 12:04:00,12:03:00,False,3,8,33.0,171.0,1.434782608695652,7.434782608695652,sl
2026-02-11,h062,10:53:00,long,33732.0,33735.0,50.0,2026-02-11 10:53:00,10:48:00,True,6,13,108.0,98.0,2.16,1.96,tp
2026-02-11,h062,12:11:00,short,33790.0,33770.0,21.0,2026-02-11 12:11:00,12:09:00,True,8,17,133.0,40.0,6.333333333333333,1.9047619047619047,tp
2026-02-11,h062,12:14:00,long,33772.0,33780.0,38.0,2026-02-11 12:14:00,12:12:00,False,3,5,30.0,143.0,0.7894736842105263,3.763157894736842,sl
2026-02-11,h062,12:39:00,short,33742.0,33731.0,28.0,2026-02-11 12:39:00,12:38:00,True,7,13,94.0,79.0,3.357142857142857,2.8214285714285716,sl
2026-02-11,h062,13:18:00,short,33738.0,33727.0,36.0,2026-02-11 13:18:00,13:17:00,True,6,17,90.0,28.0,2.5,0.7777777777777778,tp
2026-02-11,h062,13:29:00,short,33666.0,33663.0,57.0,2026-02-11 13:29:00,13:25:00,True,6,14,26.0,46.0,0.45614035087719296,0.8070175438596491,timeout
2026-02-23,h062,10:58:00,short,34277.0,34259.0,49.0,2026-02-23 10:58:00,10:55:00,True,8,17,423.0,25.0,8.63265306122449,0.5102040816326531,tp
2026-02-23,h062,13:00:00,short,34066.0,34049.0,55.0,2026-02-23 13:00:00,12:54:00,True,11,39,213.0,1.0,3.8727272727272726,0.01818181818181818,tp
2026-02-24,h062,10:23:00,long,34660.0,34689.0,42.0,2026-02-24 10:23:00,10:18:00,True,47,67,267.0,3.0,6.357142857142857,0.07142857142857142,tp
2026-02-24,h062,10:25:00,long,34746.0,34785.0,60.0,2026-02-24 10:25:00,10:24:00,True,17,42,171.0,97.0,2.85,1.6166666666666667,sl
2026-02-24,h062,11:26:00,long,34845.0,34849.0,28.0,2026-02-24 11:26:00,11:21:00,True,9,21,107.0,87.0,3.8214285714285716,3.107142857142857,tp
2026-02-24,h062,12:16:00,short,34877.0,34875.0,9.0,2026-02-24 12:16:00,12:15:00,False,3,6,76.0,81.0,8.444444444444445,9.0,tp
2026-02-24,h062,12:46:00,long,34873.0,34881.0,57.0,2026-02-24 12:46:00,12:37:00,True,14,18,75.0,82.0,1.3157894736842106,1.4385964912280702,tp
2026-02-24,h062,13:05:00,long,34914.0,34919.0,25.0,2026-02-24 13:05:00,13:04:00,True,12,42,37.0,120.0,1.48,4.8,tp
2026-02-25,h062,09:37:00,short,35242.0,35236.0,71.0,2026-02-25 09:37:00,09:36:00,True,6,20,3.0,541.0,0.04225352112676056,7.619718309859155,sl
2026-02-25,h062,11:16:00,short,35478.0,35428.0,92.0,2026-02-25 11:16:00,11:14:00,True,16,34,62.0,153.0,0.6739130434782609,1.6630434782608696,sl
2026-02-25,h062,12:33:00,short,35444.0,35438.0,39.0,2026-02-25 12:33:00,12:30:00,False,0,3,40.0,143.0,1.0256410256410255,3.6666666666666665,tp
2026-02-26,h062,12:34:00,short,35592.0,35562.0,20.0,2026-02-26 12:34:00,12:32:00,True,11,27,23.0,88.0,1.15,4.4,sl
2026-03-02,h062,12:17:00,long,35433.0,35440.0,21.0,2026-03-02 12:17:00,12:16:00,True,5,9,8.0,248.0,0.38095238095238093,11.80952380952381,sl
2026-03-02,h062,12:24:00,long,35379.0,35398.0,42.0,2026-03-02 12:24:00,12:23:00,True,6,9,27.0,206.0,0.6428571428571429,4.904761904761905,sl
2026-03-02,h062,12:50:00,short,35301.0,35291.0,56.0,2026-03-02 12:50:00,12:48:00,True,5,9,99.0,91.0,1.7678571428571428,1.625,sl
2026-03-03,h062,12:13:00,long,34543.0,34560.0,38.0,2026-03-03 12:13:00,12:11:00,True,8,16,2.0,246.0,0.05263157894736842,6.473684210526316,sl
2026-03-03,h062,12:31:00,long,34507.0,34517.0,42.0,2026-03-03 12:31:00,12:29:00,True,6,8,-5.0,203.0,-0.11904761904761904,4.833333333333333,sl
2026-03-04,h062,11:34:00,short,32963.0,32956.0,68.0,2026-03-04 11:34:00,11:33:00,True,7,23,277.0,240.0,4.073529411764706,3.5294117647058822,sl
2026-03-04,h062,12:36:00,short,32920.0,32884.0,64.0,2026-03-04 12:36:00,12:31:00,True,25,49,205.0,157.0,3.203125,2.453125,tp
2026-03-04,h062,12:40:00,short,32800.0,32788.0,57.0,2026-03-04 12:40:00,12:39:00,True,16,40,109.0,253.0,1.912280701754386,4.43859649122807,sl
2026-03-05,h062,09:49:00,short,33934.0,33905.0,162.0,2026-03-05 09:49:00,09:42:00,True,11,21,513.0,23.0,3.1666666666666665,0.1419753086419753,tp
2026-03-05,h062,12:25:00,short,33605.0,33604.0,61.0,2026-03-05 12:25:00,12:22:00,False,0,4,20.0,180.0,0.32786885245901637,2.9508196721311477,sl
2026-03-06,h062,09:51:00,long,33600.0,33635.0,89.0,2026-03-06 09:51:00,09:50:00,True,32,58,253.0,173.0,2.842696629213483,1.9438202247191012,tp
2026-03-06,h062,12:51:00,short,33697.0,33690.0,19.0,2026-03-06 12:51:00,12:50:00,False,3,6,56.0,32.0,2.9473684210526314,1.6842105263157894,tp
2026-03-09,h062,11:19:00,short,31869.0,31850.0,103.0,2026-03-09 11:19:00,11:17:00,True,23,44,193.0,261.0,1.8737864077669903,2.533980582524272,tp
2026-03-09,h062,13:22:00,long,31940.0,31990.0,143.0,2026-03-09 13:22:00,13:21:00,True,29,58,121.0,230.0,0.8461538461538461,1.6083916083916083,sl
2026-03-10,h062,11:42:00,long,32568.0,32574.0,116.0,2026-03-10 11:42:00,11:41:00,True,14,33,285.0,200.0,2.456896551724138,1.7241379310344827,sl
2026-03-11,h062,10:17:00,long,33754.0,33775.0,56.0,2026-03-11 10:17:00,10:16:00,True,14,41,410.0,20.0,7.321428571428571,0.35714285714285715,tp
2026-03-11,h062,10:49:00,long,33879.0,33889.0,52.0,2026-03-11 10:49:00,10:45:00,True,26,31,296.0,9.0,5.6923076923076925,0.17307692307692307,tp
2026-03-11,h062,12:30:00,short,34139.0,34126.0,26.0,2026-03-11 12:30:00,12:27:00,True,5,11,148.0,32.0,5.6923076923076925,1.2307692307692308,sl
2026-03-11,h062,12:39:00,long,34147.0,34154.0,18.0,2026-03-11 12:39:00,12:37:00,False,4,7,1.0,176.0,0.05555555555555555,9.777777777777779,sl
2026-03-11,h062,13:08:00,short,34115.0,34036.0,39.0,2026-03-11 13:08:00,13:00:00,True,11,34,58.0,39.0,1.4871794871794872,1.0,tp
2026-03-11,h062,13:10:00,short,34002.0,33997.0,69.0,2026-03-11 13:10:00,13:09:00,True,8,25,16.0,78.0,0.2318840579710145,1.1304347826086956,sl
2026-03-12,h062,10:37:00,short,33435.0,33417.0,89.0,2026-03-12 10:37:00,10:36:00,True,16,58,91.0,165.0,1.0224719101123596,1.853932584269663,tp
2026-03-12,h062,12:12:00,long,33457.0,33479.0,29.0,2026-03-12 12:12:00,12:11:00,True,9,14,103.0,79.0,3.5517241379310347,2.7241379310344827,tp
2026-03-12,h062,12:32:00,short,33511.0,33507.0,71.0,2026-03-12 12:32:00,12:28:00,False,0,2,107.0,38.0,1.5070422535211268,0.5352112676056338,tp
2026-03-12,h062,13:03:00,long,33508.0,33518.0,65.0,2026-03-12 13:03:00,13:02:00,True,6,12,27.0,68.0,0.4153846153846154,1.0461538461538462,sl
2026-03-13,h062,10:02:00,long,33391.0,33392.0,88.0,2026-03-13 10:02:00,10:00:00,True,12,25,126.0,259.0,1.4318181818181819,2.9431818181818183,tp
2026-03-13,h062,11:38:00,long,33295.0,33308.0,60.0,2026-03-13 11:38:00,11:36:00,True,5,10,88.0,175.0,1.4666666666666666,2.9166666666666665,tp
2026-03-13,h062,12:14:00,short,33297.0,33290.0,40.0,2026-03-13 12:14:00,12:13:00,False,3,6,157.0,64.0,3.925,1.6,tp
2026-03-13,h062,12:22:00,short,33238.0,33192.0,22.0,2026-03-13 12:22:00,12:21:00,True,5,11,59.0,162.0,2.6818181818181817,7.363636363636363,tp
2026-03-13,h062,12:25:00,long,33204.0,33220.0,46.0,2026-03-13 12:25:00,12:23:00,True,13,27,134.0,87.0,2.9130434782608696,1.891304347826087,sl
2026-03-16,h062,11:38:00,long,33487.0,33500.0,49.0,2026-03-16 11:38:00,11:34:00,True,17,35,68.0,281.0,1.3877551020408163,5.73469387755102,tp
2026-03-17,h062,09:31:00,long,33883.0,33910.0,59.0,2026-03-17 09:31:00,09:30:00,True,51,63,107.0,220.0,1.8135593220338984,3.7288135593220337,tp
2026-03-17,h062,09:54:00,long,33842.0,33852.0,122.0,2026-03-17 09:54:00,09:45:00,False,4,14,98.0,162.0,0.8032786885245902,1.3278688524590163,sl
2026-03-17,h062,10:59:00,short,33722.0,33705.0,53.0,2026-03-17 10:59:00,10:52:00,False,4,7,15.0,180.0,0.2830188679245283,3.3962264150943398,sl
2026-03-17,h062,11:42:00,short,33748.0,33745.0,55.0,2026-03-17 11:42:00,11:41:00,True,10,21,39.0,119.0,0.7090909090909091,2.1636363636363636,sl
2026-03-17,h062,12:23:00,short,33779.0,33745.0,32.0,2026-03-17 12:23:00,12:18:00,True,5,7,19.0,119.0,0.59375,3.71875,sl
2026-03-17,h062,12:47:00,long,33798.0,33808.0,21.0,2026-03-17 12:47:00,12:46:00,True,28,40,56.0,25.0,2.6666666666666665,1.1904761904761905,tp
2026-03-17,h062,13:29:00,short,33831.0,33804.0,33.0,2026-03-17 13:29:00,13:25:00,True,6,11,11.0,43.0,0.3333333333333333,1.303030303030303,sl
2026-03-18,h062,10:02:00,short,34416.0,34387.0,111.0,2026-03-18 10:02:00,10:01:00,True,8,19,140.0,187.0,1.2612612612612613,1.6846846846846846,tp
2026-03-18,h062,11:35:00,long,34508.0,34524.0,38.0,2026-03-18 11:35:00,11:33:00,True,7,21,50.0,194.0,1.3157894736842106,5.105263157894737,tp
2026-03-18,h062,12:26:00,short,34470.0,34459.0,27.0,2026-03-18 12:26:00,12:25:00,True,7,13,129.0,115.0,4.777777777777778,4.2592592592592595,tp
2026-03-18,h062,12:28:00,long,34461.0,34467.0,20.0,2026-03-18 12:28:00,12:27:00,False,4,9,107.0,137.0,5.35,6.85,sl
2026-03-18,h062,12:36:00,long,34418.0,34423.0,50.0,2026-03-18 12:36:00,12:34:00,False,3,6,151.0,93.0,3.02,1.86,sl
2026-03-18,h062,13:03:00,long,34374.0,34377.0,44.0,2026-03-18 13:03:00,13:00:00,True,9,17,197.0,4.0,4.4772727272727275,0.09090909090909091,tp
2026-03-19,h062,09:31:00,short,33800.0,33794.0,76.0,2026-03-19 09:31:00,09:30:00,True,16,42,257.0,289.0,3.3815789473684212,3.8026315789473686,sl
2026-03-19,h062,10:00:00,short,33985.0,33966.0,57.0,2026-03-19 10:00:00,09:56:00,True,10,18,429.0,117.0,7.526315789473684,2.0526315789473686,sl
2026-03-19,h062,11:16:00,long,33960.0,33970.0,45.0,2026-03-19 11:16:00,11:15:00,False,0,2,12.0,433.0,0.26666666666666666,9.622222222222222,sl
2026-03-19,h062,11:33:00,long,33937.0,33949.0,30.0,2026-03-19 11:33:00,11:31:00,True,6,13,14.0,412.0,0.4666666666666667,13.733333333333333,sl
2026-03-19,h062,12:05:00,short,33841.0,33833.0,23.0,2026-03-19 12:05:00,12:02:00,False,0,4,296.0,26.0,12.869565217391305,1.1304347826086956,sl
2026-03-19,h062,12:17:00,short,33754.0,33753.0,59.0,2026-03-19 12:17:00,12:10:00,False,4,5,216.0,42.0,3.6610169491525424,0.711864406779661,tp
2026-03-19,h062,12:40:00,short,33693.0,33673.0,26.0,2026-03-19 12:40:00,12:37:00,True,8,12,136.0,68.0,5.230769230769231,2.6153846153846154,tp
2026-03-20,h062,09:29:00,long,33574.0,33598.0,203.0,2026-03-20 09:29:00,09:17:00,True,12,25,250.0,184.0,1.2315270935960592,0.9064039408866995,tp
2026-03-20,h062,10:52:00,long,33797.0,33798.0,56.0,2026-03-20 10:52:00,10:49:00,True,6,15,50.0,384.0,0.8928571428571429,6.857142857142857,sl
2026-03-20,h062,11:29:00,long,33717.0,33727.0,51.0,2026-03-20 11:29:00,11:27:00,True,5,12,31.0,313.0,0.6078431372549019,6.137254901960785,sl
2026-03-20,h062,12:17:00,short,33458.0,33444.0,79.0,2026-03-20 12:17:00,12:15:00,True,7,15,30.0,191.0,0.379746835443038,2.4177215189873418,sl
2026-03-20,h062,13:10:00,short,33525.0,33508.0,72.0,2026-03-20 13:10:00,13:00:00,False,3,6,-2.0,127.0,-0.027777777777777776,1.7638888888888888,sl
2026-03-23,h062,09:40:00,short,32750.0,32713.0,74.0,2026-03-23 09:40:00,09:38:00,True,23,29,237.0,177.0,3.2027027027027026,2.391891891891892,sl
2026-03-23,h062,10:11:00,short,32791.0,32752.0,89.0,2026-03-23 10:11:00,10:07:00,False,3,8,276.0,68.0,3.101123595505618,0.7640449438202247,tp
2026-03-23,h062,10:38:00,short,32621.0,32603.0,52.0,2026-03-23 10:38:00,10:37:00,True,5,14,127.0,140.0,2.4423076923076925,2.6923076923076925,tp
2026-03-23,h062,12:56:00,long,32600.0,32627.0,30.0,2026-03-23 12:56:00,12:51:00,False,3,5,116.0,113.0,3.8666666666666667,3.7666666666666666,tp
2026-03-23,h062,13:06:00,long,32716.0,32730.0,90.0,2026-03-23 13:06:00,13:01:00,True,6,14,13.0,216.0,0.14444444444444443,2.4,sl
2026-03-24,h062,13:03:00,short,32797.0,32758.0,65.0,2026-03-24 13:03:00,13:01:00,True,7,18,154.0,66.0,2.3692307692307693,1.0153846153846153,tp
2026-03-25,h062,10:10:00,short,33546.0,33522.0,95.0,2026-03-25 10:10:00,10:09:00,True,5,14,78.0,224.0,0.8210526315789474,2.357894736842105,sl
2026-03-25,h062,11:52:00,long,33582.0,33597.0,28.0,2026-03-25 11:52:00,11:51:00,True,15,25,149.0,46.0,5.321428571428571,1.6428571428571428,tp
2026-03-25,h062,12:03:00,long,33622.0,33627.0,27.0,2026-03-25 12:03:00,11:57:00,False,0,2,119.0,76.0,4.407407407407407,2.814814814814815,tp
2026-03-25,h062,13:24:00,long,33639.0,33649.0,22.0,2026-03-25 13:24:00,13:22:00,True,10,12,6.0,98.0,0.2727272727272727,4.454545454545454,sl
2026-03-25,h062,13:27:00,short,33595.0,33592.0,60.0,2026-03-25 13:27:00,13:25:00,False,4,11,41.0,57.0,0.6833333333333333,0.95,timeout
2026-03-26,h062,09:31:00,long,33950.0,33956.0,113.0,2026-03-26 09:31:00,09:30:00,True,18,33,68.0,609.0,0.6017699115044248,5.389380530973451,sl
2026-03-26,h062,10:07:00,short,33850.0,33831.0,47.0,2026-03-26 10:07:00,10:06:00,True,11,26,484.0,13.0,10.297872340425531,0.2765957446808511,tp
2026-03-26,h062,10:10:00,short,33793.0,33769.0,51.0,2026-03-26 10:10:00,10:08:00,True,7,19,422.0,53.0,8.27450980392157,1.0392156862745099,sl
2026-03-26,h062,10:25:00,short,33580.0,33547.0,75.0,2026-03-26 10:25:00,10:22:00,True,10,23,200.0,178.0,2.6666666666666665,2.3733333333333335,tp
2026-03-26,h062,12:18:00,short,33665.0,33657.0,31.0,2026-03-26 12:18:00,12:16:00,False,0,2,310.0,26.0,10.0,0.8387096774193549,tp
2026-03-26,h062,12:52:00,short,33605.0,33603.0,41.0,2026-03-26 12:52:00,12:46:00,True,8,9,256.0,2.0,6.2439024390243905,0.04878048780487805,tp
2026-03-26,h062,12:54:00,short,33575.0,33570.0,30.0,2026-03-26 12:54:00,12:53:00,True,5,11,223.0,8.0,7.433333333333334,0.26666666666666666,tp
2026-03-26,h062,13:26:00,short,33397.0,33387.0,67.0,2026-03-26 13:26:00,13:25:00,False,2,6,40.0,87.0,0.5970149253731343,1.2985074626865671,sl
2026-04-01,h062,09:26:00,long,33130.0,33148.0,149.0,2026-04-01 09:26:00,09:18:00,True,13,37,263.0,57.0,1.7651006711409396,0.3825503355704698,tp
2026-04-01,h062,10:02:00,long,33269.0,33282.0,66.0,2026-04-01 10:02:00,10:01:00,True,14,26,129.0,127.0,1.9545454545454546,1.9242424242424243,sl
2026-04-01,h062,11:39:00,long,33338.0,33340.0,54.0,2026-04-01 11:39:00,11:23:00,False,0,3,71.0,85.0,1.3148148148148149,1.5740740740740742,sl
2026-04-01,h062,11:57:00,short,33288.0,33283.0,21.0,2026-04-01 11:57:00,11:56:00,True,5,8,28.0,128.0,1.3333333333333333,6.095238095238095,sl
2026-04-01,h062,12:37:00,long,33313.0,33317.0,20.0,2026-04-01 12:37:00,12:34:00,False,2,5,94.0,6.0,4.7,0.3,tp
2026-04-02,h062,10:13:00,short,32767.0,32762.0,82.0,2026-04-02 10:13:00,10:09:00,True,16,31,276.0,104.0,3.3658536585365852,1.2682926829268293,sl
2026-04-02,h062,11:38:00,short,32637.0,32629.0,60.0,2026-04-02 11:38:00,11:37:00,True,9,18,143.0,69.0,2.3833333333333333,1.15,tp
2026-04-07,h062,09:37:00,short,33299.0,33214.0,69.0,2026-04-07 09:37:00,09:34:00,True,16,51,259.0,40.0,3.753623188405797,0.5797101449275363,tp
2026-04-07,h062,11:27:00,long,33111.0,33126.0,43.0,2026-04-07 11:27:00,11:19:00,False,0,2,82.0,47.0,1.9069767441860466,1.0930232558139534,tp
2026-04-07,h062,11:38:00,short,33155.0,33151.0,35.0,2026-04-07 11:38:00,11:31:00,False,0,2,72.0,57.0,2.057142857142857,1.6285714285714286,tp
2026-04-07,h062,12:09:00,short,33102.0,33096.0,47.0,2026-04-07 12:09:00,12:04:00,False,0,2,17.0,112.0,0.3617021276595745,2.382978723404255,sl
2026-04-07,h062,12:54:00,short,33171.0,33162.0,37.0,2026-04-07 12:54:00,12:48:00,False,0,2,21.0,28.0,0.5675675675675675,0.7567567567567568,timeout
2026-04-08,h062,09:33:00,long,34722.0,34744.0,66.0,2026-04-08 09:33:00,09:32:00,True,20,40,316.0,24.0,4.787878787878788,0.36363636363636365,tp
2026-04-08,h062,10:01:00,long,34973.0,34984.0,96.0,2026-04-08 10:01:00,10:00:00,True,14,31,76.0,143.0,0.7916666666666666,1.4895833333333333,sl
2026-04-08,h062,11:24:00,short,34898.0,34889.0,36.0,2026-04-08 11:24:00,11:22:00,False,4,8,48.0,171.0,1.3333333333333333,4.75,tp
2026-04-08,h062,11:26:00,short,34882.0,34854.0,26.0,2026-04-08 11:26:00,11:25:00,True,13,17,13.0,206.0,0.5,7.923076923076923,sl
2026-04-08,h062,12:06:00,long,34960.0,34962.0,30.0,2026-04-08 12:06:00,12:01:00,False,0,1,98.0,39.0,3.2666666666666666,1.3,tp
2026-04-08,h062,12:18:00,short,35002.0,34993.0,21.0,2026-04-08 12:18:00,12:14:00,False,0,4,70.0,67.0,3.3333333333333335,3.1904761904761907,sl
2026-04-08,h062,12:49:00,short,35030.0,35014.0,30.0,2026-04-08 12:49:00,12:38:00,True,5,10,91.0,24.0,3.033333333333333,0.8,tp
2026-04-10,h062,10:19:00,short,35305.0,35291.0,46.0,2026-04-10 10:19:00,10:15:00,True,12,19,37.0,289.0,0.8043478260869565,6.282608695652174,sl
2026-04-10,h062,10:53:00,long,35440.0,35442.0,57.0,2026-04-10 10:53:00,10:48:00,False,3,6,138.0,57.0,2.4210526315789473,1.0,sl
2026-04-10,h062,11:13:00,short,35441.0,35435.0,30.0,2026-04-10 11:13:00,11:00:00,True,6,7,50.0,145.0,1.6666666666666667,4.833333333333333,tp
2026-04-10,h062,11:31:00,long,35438.0,35441.0,46.0,2026-04-10 11:31:00,11:30:00,True,6,6,139.0,3.0,3.0217391304347827,0.06521739130434782,tp
2026-04-10,h062,12:18:00,short,35470.0,35466.0,19.0,2026-04-10 12:18:00,12:17:00,False,0,3,6.0,114.0,0.3157894736842105,6.0,sl
2026-04-10,h062,12:24:00,long,35500.0,35520.0,22.0,2026-04-10 12:24:00,12:23:00,True,21,54,60.0,35.0,2.727272727272727,1.5909090909090908,tp
2026-04-10,h062,12:36:00,short,35503.0,35501.0,42.0,2026-04-10 12:36:00,12:28:00,False,4,8,16.0,79.0,0.38095238095238093,1.880952380952381,sl
2026-04-10,h062,12:52:00,long,35516.0,35530.0,10.0,2026-04-10 12:52:00,12:50:00,True,13,22,50.0,26.0,5.0,2.6,tp
2026-04-10,h062,13:29:00,long,35558.0,35561.0,25.0,2026-04-10 13:29:00,13:25:00,True,19,27,19.0,32.0,0.76,1.28,sl
2026-04-13,h062,09:16:00,short,35476.0,35463.0,79.0,2026-04-13 09:16:00,09:14:00,True,8,19,56.0,189.0,0.7088607594936709,2.392405063291139,sl
2026-04-13,h062,10:57:00,long,35618.0,35633.0,29.0,2026-04-13 10:57:00,10:56:00,True,30,33,19.0,226.0,0.6551724137931034,7.793103448275862,sl
2026-04-13,h062,11:41:00,long,35446.0,35463.0,39.0,2026-04-13 11:41:00,11:39:00,True,8,19,73.0,53.0,1.8717948717948718,1.358974358974359,tp
