trade_date,nh,nl,nb,night_range,sma20,ema20,norm_sma,norm_ema,norm_sma_exp_med,norm_ema_exp_med
2020-12-31,14704.0,14641.0,840,63.0,,63.0,,1.0,,
2021-01-04,14691.0,14630.0,840,61.0,,62.80952380952381,,0.9711902956785443,,
2021-01-05,14970.0,14781.0,840,189.0,,74.82766439909297,,2.5258038122367346,,
2021-01-06,15048.0,14953.0,840,95.0,,76.74883921822698,,1.23780373706862,,
2021-01-07,15060.0,14858.0,840,202.0,,88.67752119744345,,2.2779166272616065,,
2021-01-08,15401.0,15226.0,840,175.0,,96.89870965482979,,1.8060096014010993,,
2021-01-11,15526.0,15335.0,840,191.0,,105.86073730675076,,1.8042572237763914,,
2021-01-12,15560.0,15453.0,840,107.0,,105.96923851563164,,1.0097269877448096,,
2021-01-13,15555.0,15486.0,840,69.0,,102.44835865700006,,0.6735100581846695,,
2021-01-14,15814.0,15673.0,840,141.0,,106.11994354680958,,1.3286852149313932,,
2021-01-15,16061.0,15742.0,840,319.0,,126.39423463758962,,2.523849295141263,,
2021-01-18,15739.0,15570.0,840,169.0,,130.4519265768668,,1.295496390391899,,
2021-01-19,15665.0,15570.0,840,95.0,,127.07555261716521,,0.7475867548355443,,
2021-01-20,15932.0,15842.0,840,90.0,,123.54454760600662,,0.7284821689340525,,
2021-01-22,16145.0,16053.0,840,92.0,,120.54030497686313,,0.7632301910772398,,
2021-01-25,15977.0,15808.0,840,169.0,,125.15551402668568,,1.3503200503332662,,
2021-01-26,15927.0,15765.0,840,162.0,,128.66451269081085,,1.2590884355913776,,
2021-01-27,15729.0,15613.0,840,116.0,,127.45836862501935,,0.9101010883111983,,
2021-01-28,15680.0,15421.0,840,259.0,,139.98614304168416,,1.8501831279320031,,
2021-01-29,15585.0,15225.0,840,360.0,156.2,160.9398437043809,2.304737516005122,2.236860628877326,,
2021-02-01,15230.0,15037.0,840,193.0,162.7,163.9931919230113,1.1862323294406885,1.1768781236394639,,
2021-02-02,15470.0,15315.0,840,155.0,167.4,163.13669745415308,0.9259259259259259,0.9501234389249558,,
2021-02-03,15884.0,15732.0,840,152.0,165.55,162.07605960137658,0.9181516158260343,0.9378312896663549,,
2021-02-04,15820.0,15687.0,840,133.0,167.45,159.30691106791215,0.794266945356823,0.8348664794793643,,
2021-02-05,15817.0,15730.0,840,87.0,161.7,152.42053858525387,0.5380333951762524,0.570789217828003,,
2021-02-17,15817.0,15737.0,840,80.0,156.95,145.5233444342773,0.5097164702134438,0.5497399768470164,,
2021-02-19,16368.0,16233.0,840,135.0,154.15,144.5211211548223,0.8757703535517353,0.9341195177650017,,
2021-02-22,16489.0,16343.0,840,146.0,156.1,144.66196675912494,0.9352978859705318,1.0092493781942216,,
2021-02-23,16392.0,16242.0,840,150.0,160.15,145.17035087730352,0.9366219169528567,1.0332688396322638,,
2021-02-24,16423.0,16203.0,840,220.0,164.1,152.29698412708413,1.340645947592931,1.4445460050372443,,
2021-02-25,16332.0,16139.0,840,193.0,157.8,156.17346182926659,1.2230671736375158,1.235805352198655,,
2021-02-26,16397.0,16098.0,840,299.0,164.3,169.77598927409835,1.8198417528910529,1.7611442070131205,,
2021-03-02,15999.0,15746.0,840,253.0,172.2,177.70208553370804,1.4692218350754938,1.423731180419989,,
2021-03-03,16033.0,15905.0,840,128.0,174.1,172.9685535781168,0.7352096496266514,0.7400189072066912,,
2021-03-04,16255.0,16000.0,840,255.0,182.25,180.78107228496282,1.3991769547325104,1.4105458982898766,,
2021-03-05,15998.0,15610.0,840,388.0,193.2,200.5162082578235,2.008281573498965,1.9350056704698408,,
2021-03-08,15935.0,15705.0,840,230.0,196.6,203.32418842374508,1.169888097660224,1.1311984165930136,,
2021-03-09,15958.0,15746.0,840,212.0,201.4,204.15045619291223,1.0526315789473684,1.0384497980238179,,
2021-03-10,15997.0,15768.0,840,229.0,199.9,206.51707941263487,1.1455727863931966,1.1088671244591968,,
2021-03-11,16010.0,15868.0,840,142.0,189.0,200.3725956590506,0.7513227513227513,0.7086797450167484,,
2021-03-12,16273.0,16162.0,840,111.0,184.9,191.86091988199817,0.6003244997295836,0.5785440832258558,,
2021-03-15,16202.0,16093.0,840,109.0,182.6,183.96940370276025,0.5969331872946331,0.5924898260588567,,
2021-03-16,16268.0,16151.0,840,117.0,180.85,177.59136525487833,0.6469449820293061,0.6588158147896556,,
2021-03-17,16361.0,16284.0,840,77.0,178.05,168.0112352306042,0.43246279135074417,0.4583026837122736,,
2021-03-19,16265.0,16050.0,840,215.0,184.45,172.48635568483238,1.1656275413391164,1.2464754046566366,,
2021-03-22,16098.0,15941.0,840,157.0,188.3,171.0114646672293,0.8337758895379713,0.9180671033109146,,
2021-03-23,16242.0,16090.0,840,152.0,189.15,169.20084898463602,0.803595030399154,0.898340646114619,,
2021-03-24,16146.0,16025.0,840,121.0,187.9,164.6102919384802,0.6439595529536988,0.7350694696855365,,
2021-03-25,16040.0,15857.0,840,183.0,189.55,166.36169270624399,0.965444473753627,1.100012851655311,,
2021-03-26,16078.0,15975.0,840,103.0,183.7,160.3272457818398,0.5606967882416984,0.6424360344850805,,
2021-03-29,16425.0,16240.0,840,185.0,183.3,162.67703189785504,1.0092744135297327,1.137222617364703,,
2021-03-30,16499.0,16413.0,840,86.0,172.65,155.37445743139267,0.49811757891688385,0.55350153057155,,
2021-03-31,16567.0,16515.0,840,52.0,162.6,145.52927100935528,0.3198031980319803,0.3573164329027471,,
2021-04-01,16543.0,16413.0,840,130.0,162.7,144.05029281798812,0.7990165949600492,0.9024625875926466,,
2021-04-06,16701.0,16564.0,840,137.0,156.8,143.37883635913212,0.8737244897959183,0.9555106142502471,,
2021-04-07,16795.0,16715.0,840,80.0,141.4,137.34275670588144,0.5657708628005658,0.5824843036412867,,
2021-04-08,16773.0,16703.0,840,70.0,133.4,130.92916082913084,0.5247376311844077,0.5346402555146101,,
2021-04-09,16977.0,16906.0,840,71.0,126.35,125.22162170254695,0.5619311436485952,0.5669947332949761,,
2021-04-12,16917.0,16826.0,840,91.0,119.45,121.96241963563772,0.7618250313938887,0.7461314745301231,,
2021-04-13,16899.0,16801.0,840,98.0,117.25,119.68028443224365,0.835820895522388,0.8188483212995886,,
2021-04-14,16875.0,16784.0,840,91.0,116.25,116.94882877202997,0.7827956989247312,0.7781180962264069,,0.9633504549643956
2021-04-15,16921.0,16826.0,840,95.0,115.55,114.85846412707474,0.8221549112938122,0.8271049131816343,,0.9555106142502471
2021-04-16,17150.0,17033.0,840,117.0,115.55,115.0624199244962,1.0125486802250108,1.016839382282897,,0.9528170265876015
2021-04-19,17180.0,17130.0,840,50.0,114.2,108.86599897930608,0.4378283712784588,0.4592802203514828,,0.9555106142502471
2021-04-20,17300.0,17201.0,840,99.0,108.4,107.92638002889598,0.9132841328413284,0.9172919537697267,,0.9528170265876015
2021-04-21,17329.0,17231.0,840,98.0,105.45,106.98101050233446,0.9293504030346136,0.9160504237138564,,0.9501234389249558
2021-04-23,17180.0,17011.0,840,169.0,106.3,112.88758093068355,1.5898400752587019,1.4970645894500227,,0.9439773642956553
2021-04-26,17352.0,17251.0,840,101.0,105.3,111.75543036585655,0.9591642924976258,0.9037592148261052,,0.9501234389249558
2021-04-27,17565.0,17485.0,840,80.0,100.15,108.7311036643464,0.7988017973040439,0.7357600291353659,,0.9439773642956553
2021-04-28,17570.0,17509.0,840,61.0,98.05,104.18528426774199,0.6221315655277919,0.5854953550180686,,0.9378312896663549
2021-04-29,17591.0,17503.0,840,88.0,93.2,102.64382862319513,0.944206008583691,0.8573335696883196,,0.9359754037156782
2021-05-03,17633.0,17525.0,840,108.0,94.3,103.15394018289084,1.1452810180275717,1.0469789114067496,,0.9341195177650017
2021-05-04,17328.0,17212.0,840,116.0,97.5,104.37737445118695,1.1897435897435897,1.1113519631043074,,0.9359754037156782
2021-05-05,16949.0,16662.0,840,287.0,105.35,121.77000545583581,2.7242524916943522,2.356902251302688,,0.9378312896663549
2021-05-06,16851.0,16730.0,840,121.0,104.55,121.69667160289907,1.1573409851745577,0.9942753438222834,,0.9439773642956553
2021-05-07,17097.0,16942.0,840,155.0,108.3,124.86841716452773,1.4312096029547554,1.2413066772182324,,0.9501234389249558
2021-05-10,17375.0,17256.0,840,119.0,110.75,124.30952029171556,1.074492099322799,0.9572879029759284,,0.9528170265876015
2021-05-11,17220.0,17008.0,840,212.0,117.8,132.6609945496474,1.7996604414261461,1.5980582741723723,,0.9555106142502471
2021-05-12,16580.0,16175.0,840,405.0,133.5,158.59804268777623,3.033707865168539,2.5536254618053675,,0.9563992586130877
2021-05-13,15828.0,15391.0,840,437.0,150.45,185.1125148127499,2.904619474908608,2.360726396278751,0.9220387708759801,0.9572879029759284
2021-05-14,15765.0,15318.0,840,447.0,168.25,210.05418006867848,2.6567607726597324,2.1280223980967703,0.9259259259259259,0.9642390993272363
2021-05-17,15974.0,15666.0,840,308.0,178.9,219.382353395471,1.7216321967579653,1.403941544217013,0.9276381644802698,0.9711902956785443
2021-05-18,15466.0,15284.0,840,182.0,182.15,215.822129262569,0.9991765028822399,0.8432870189070323,0.9293504030346136,0.9827328197504139
2021-05-19,16318.0,16142.0,840,176.0,188.45,212.0295455232767,0.9339347306977979,0.8300729955612655,0.9323241445025727,0.9711902956785443
2021-05-21,16200.0,15933.0,840,267.0,196.85,217.26482690201226,1.3563627127254254,1.2289149781267568,0.9339347306977979,0.9642390993272363
2021-05-24,16293.0,16006.0,840,287.0,206.3,223.9062719589635,1.3911778962675714,1.2817863362603796,0.9346163083341648,0.9711902956785443
2021-05-25,16475.0,16265.0,840,210.0,208.35,222.58186510572887,1.007919366450684,0.9434730897786648,0.9352978859705318,0.9827328197504139
2021-05-26,16653.0,16494.0,840,159.0,211.25,216.52644938137374,0.7526627218934911,0.7343213748448307,0.9359599014616942,0.9711902956785443
2021-05-27,16673.0,16553.0,840,120.0,213.25,207.3334542021953,0.5627198124267292,0.5787777976388405,0.9352978859705318,0.9642390993272363
2021-05-28,16685.0,16493.0,840,192.0,219.8,205.87312523055766,0.8735213830755232,0.93261322858425,0.9346163083341648,0.9572879029759284
2021-05-31,16952.0,16805.0,840,147.0,222.75,200.26616092288552,0.6599326599326599,0.7340231585934471,0.9339347306977979,0.9563992586130877
2021-06-01,17055.0,16966.0,840,89.0,221.8,189.66938369213452,0.40126239855725876,0.46923756627196117,0.9316425668662057,0.9555106142502471
2021-06-02,17226.0,17123.0,840,103.0,221.15,181.41515667383598,0.4657472303866154,0.567758515266629,0.9293504030346136,0.9528170265876015
2021-06-03,17206.0,17059.0,840,147.0,214.15,178.13752270489923,0.6864347420032687,0.8252051435761723,0.9276381644802698,0.9501234389249558
2021-06-04,17210.0,17080.0,840,130.0,214.6,173.55299673300405,0.6057781919850885,0.7490507363580331,0.9259259259259259,0.9467982643518102
2021-06-07,17260.0,17041.0,840,219.0,217.8,177.88128275843223,1.0055096418732783,1.231158200592741,0.9220387708759801,0.9434730897786648
2021-06-08,17200.0,17080.0,840,120.0,217.85,172.36877963858154,0.5508377323846684,0.6961817578079565,0.9259259259259259,0.9467982643518102
2021-06-09,17125.0,16992.0,840,133.0,213.9,168.61937205395472,0.6217858812529219,0.7887587195938717,0.9220387708759801,0.9434730897786648
2021-06-10,17055.0,16926.0,840,129.0,200.1,164.84609852500665,0.6446776611694153,0.7825480927619958,0.9181516158260343,0.9406521897225099
2021-06-11,17226.0,17117.0,840,109.0,183.7,159.527422475006,0.5933587370713119,0.6832681071937811,0.9157178743336813,0.9378312896663549
2021-06-15,17257.0,17181.0,840,76.0,165.15,151.57242985833878,0.4601877081441114,0.5014104482657592,0.9132841328413284,0.9359754037156782
2021-06-16,17433.0,17329.0,840,104.0,154.95,147.0417222527827,0.6711842529848339,0.7072822489198765,0.8945272431965319,0.9341195177650017
2021-06-18,17319.0,17231.0,840,88.0,150.25,141.418701085851,0.5856905158069884,0.6222656503299225,0.8757703535517353,0.9333663731746258
2021-06-21,17258.0,17045.0,840,213.0,152.1,148.2359676491033,1.4003944773175543,1.4368982331211468,0.8747474216738268,0.93261322858425
2021-06-22,17155.0,17006.0,840,149.0,146.2,148.30873263490298,1.0191518467852259,1.004661002442781,0.8757703535517353,0.9333663731746258
2021-06-23,17110.0,16929.0,840,181.0,140.9,151.42218666967412,1.2845990063875088,1.19533341831108,0.8945272431965319,0.9341195177650017
2021-06-24,17313.0,17218.0,840,95.0,135.15,146.0486450820861,0.7029226785053644,0.650468204936825,0.9132841328413284,0.9359754037156782
2021-06-25,17432.0,17345.0,840,87.0,131.55,140.4249645980779,0.661345496009122,0.6195479575089089,0.8945272431965319,0.9341195177650017
2021-06-28,17486.0,17400.0,840,86.0,129.85,135.2416346363562,0.6623026569118213,0.63589885046303,0.8757703535517353,0.9333663731746258
2021-06-29,17627.0,17523.0,840,104.0,125.45,132.26624086146512,0.8290155440414507,0.7862928538880075,0.8747474216738268,0.93261322858425
2021-06-30,17598.0,17511.0,840,87.0,122.45,127.95517030323035,0.7104940792160065,0.6799256317179362,0.8737244897959183,0.9253401659475823
2021-07-01,17737.0,17630.0,840,107.0,123.35,125.95943979816079,0.867450344548034,0.849479802160587,0.8736229364357208,0.9180671033109146
2021-07-02,17675.0,17566.0,840,109.0,123.65,124.34425505547881,0.881520420541852,0.8765986008068274,0.8735213830755232,0.9176795285403206
2021-07-05,17750.0,17646.0,840,104.0,121.5,122.40670695495702,0.8559670781893004,0.8496266469963097,0.8736229364357208,0.9172919537697267
2021-07-06,17970.0,17890.0,840,80.0,119.0,118.36797295924683,0.6722689075630253,0.675858494489412,0.8735213830755232,0.9166711887417915
2021-07-07,17892.0,17701.0,840,191.0,117.6,125.28530886788998,1.6241496598639455,1.5245203266522207,0.8704858638117786,0.9160504237138564
2021-07-08,17917.0,17820.0,840,97.0,116.45,122.59146992809093,0.832975525976814,0.7912459166767293,0.8735213830755232,0.9166711887417915
2021-07-09,17780.0,17635.0,840,145.0,117.05,124.72561564922513,1.2387868432293891,1.1625518883610404,0.8704858638117786,0.9160504237138564
2021-07-12,17829.0,17704.0,840,125.0,116.85,124.75174749215607,1.069747539580659,1.00198997218744,0.8735213830755232,0.9166711887417915
2021-07-13,17939.0,17808.0,840,131.0,117.95,125.34681915956978,1.1106401017380245,1.0451003135008443,0.8736229364357208,0.9172919537697267
2021-07-14,17937.0,17833.0,840,104.0,119.35,123.31378876342028,0.8713866778382908,0.8433768927457567,0.8737244897959183,0.9176795285403206
2021-07-15,17953.0,17860.0,840,93.0,118.8,120.42676126214215,0.7828282828282829,0.7722536006557528,0.8736229364357208,0.9172919537697267
2021-07-16,18012.0,17800.0,840,212.0,125.0,129.1480220943191,1.696,1.641527268959432,0.8735213830755232,0.9166711887417915
2021-07-19,17951.0,17736.0,840,215.0,125.1,137.32440094247917,1.718625099920064,1.5656358121675453,0.8736229364357208,0.9172919537697267
2021-07-20,17806.0,17539.0,840,267.0,131.0,149.6744579955764,2.0381679389312977,1.7838715006931318,0.8737244897959183,0.9176795285403206
2021-07-21,17656.0,17472.0,840,184.0,131.15,152.94355723409294,1.402973694243233,1.203058195634698,0.8747474216738268,0.9180671033109146
2021-07-23,17449.0,17353.0,840,96.0,131.2,147.52036130703647,0.7317073170731708,0.6507576252487186,0.8757703535517353,0.9253401659475823
2021-07-26,17487.0,17373.0,840,114.0,132.55,144.32794594446156,0.860052810260279,0.7898678198044059,0.8747474216738268,0.9180671033109146
2021-07-27,17324.0,17138.0,840,186.0,137.55,148.29671299736998,1.352235550708833,1.2542422299225113,0.8737244897959183,0.9176795285403206
2021-07-28,17168.0,16945.0,840,223.0,143.5,155.41131175952523,1.5540069686411149,1.4349019867038875,0.8747474216738268,0.9180671033109146
2021-07-29,17135.0,16984.0,840,151.0,146.7,154.99118683004664,1.0293115201090661,0.9742489433646113,0.8757703535517353,0.9253401659475823
2021-07-30,17420.0,17313.0,840,107.0,146.7,150.42059760813743,0.7293796864349013,0.7113387508188674,0.8786453870467936,0.93261322858425
2021-08-02,17300.0,17162.0,840,138.0,148.15,149.23768355021957,0.9314883563955451,0.9246994238795055,0.8757703535517353,0.9253401659475823
2021-08-03,17485.0,17343.0,840,142.0,150.05,148.54838035496056,0.9463512162612462,0.9559175243828777,0.8786453870467936,0.9246994238795055
2021-08-04,17521.0,17409.0,840,112.0,151.65,145.06758222591668,0.7385426969996702,0.7720539508653294,0.881520420541852,0.9286563262318778
2021-08-05,17588.0,17519.0,840,69.0,145.55,137.8230505853532,0.4740638955685331,0.5006419441954567,0.8786453870467936,0.9246994238795055
2021-08-06,17568.0,17295.0,840,273.0,154.35,150.69704576770053,1.7687074829931972,1.8115816312738435,0.8757703535517353,0.9213832635952101
2021-08-09,17477.0,17410.0,840,67.0,150.45,142.72589855172905,0.4453306746427385,0.4694312712679596,0.8786453870467936,0.9246994238795055
2021-08-10,17467.0,17380.0,840,87.0,148.55,137.41867011823103,0.585661393470212,0.6331017461102464,0.8757703535517353,0.9213832635952101
2021-08-11,17324.0,17189.0,840,135.0,148.75,137.1883205831614,0.907563025210084,0.9840487836438315,0.8747474216738268,0.9180671033109146
2021-08-12,17216.0,17116.0,840,100.0,148.55,133.64657576571747,0.6731740154830023,0.7482421410878499,0.8757703535517353,0.9213832635952101
2021-08-13,17212.0,17104.0,840,108.0,149.3,131.20404474041104,0.7233757535164098,0.82314535511218,0.8747474216738268,0.9180671033109146
2021-08-16,16962.0,16866.0,840,96.0,143.5,127.8512785746576,0.6689895470383276,0.7508724282639196,0.8737244897959183,0.9176795285403206
2021-08-17,16866.0,16740.0,840,126.0,139.05,127.67496632945212,0.9061488673139158,0.9868810121701537,0.8736229364357208,0.9172919537697267
2021-08-18,16576.0,16313.0,840,263.0,138.85,140.5630647742662,1.89413035649982,1.8710462839036583,0.8737244897959183,0.9176795285403206
2021-08-20,16348.0,16050.0,840,298.0,144.55,155.55705860528846,2.0615703908682117,1.9156957753755632,0.8747474216738268,0.9180671033109146
2021-08-23,16387.0,16194.0,840,193.0,149.4,159.12305302383243,1.291834002677376,1.2128977940807464,0.8757703535517353,0.9213832635952101
2021-08-24,16797.0,16621.0,840,176.0,152.5,160.73038130727696,1.1540983606557378,1.095001446326014,0.8786453870467936,0.9246994238795055
2021-08-25,16830.0,16736.0,840,94.0,147.9,154.3751068970601,0.6355645706558485,0.6089064609534539,0.881520420541852,0.9286563262318778
2021-08-26,17148.0,16970.0,840,178.0,145.65,156.62509671638773,1.2221077926536217,1.1364717643068234,0.8786453870467936,0.9246994238795055
2021-08-27,17046.0,16928.0,840,118.0,144.0,152.94651607673177,0.8194444444444444,0.7715115259036077,0.881520420541852,0.9286563262318778
2021-08-30,17298.0,17179.0,840,119.0,144.6,149.71351454561446,0.8229598893499309,0.7948514224729076,0.8786453870467936,0.9246994238795055
2021-08-31,17360.0,17277.0,840,83.0,141.85,143.3598464936512,0.5851251321818823,0.5789626735103662,0.8757703535517353,0.9213832635952101
2021-09-01,17482.0,17373.0,840,109.0,140.2,140.0874801609225,0.7774607703281028,0.7780852355598701,0.8747474216738268,0.9180671033109146
2021-09-02,17524.0,17443.0,840,81.0,138.65,134.46010109797749,0.5842048323115759,0.6024091856139351,0.8737244897959183,0.9176795285403206
2021-09-03,17435.0,17342.0,840,93.0,139.85,130.51152004102724,0.6649982123703969,0.7125807742547537,0.8736229364357208,0.9172919537697267
2021-09-06,17504.0,17431.0,840,73.0,129.85,125.03423241807226,0.562187139006546,0.5838401099301561,0.8735213830755232,0.9166711887417915
2021-09-07,17568.0,17503.0,840,65.0,129.75,119.31668647349396,0.5009633911368016,0.5447687320284381,0.8724540304569071,0.9160504237138564
2021-09-08,17447.0,17360.0,840,87.0,129.75,116.23890680935168,0.6705202312138728,0.7484585186498043,0.8713866778382908,0.9130757560125273
2021-09-09,17286.0,17102.0,840,184.0,132.2,122.69234425608009,1.3918305597579426,1.4996860734518223,0.8694185111931625,0.9101010883111983
2021-09-10,17340.0,17224.0,840,116.0,133.0,122.05497813645341,0.8721804511278195,0.9503913873165898,0.8713866778382908,0.9130757560125273
2021-09-13,17496.0,17380.0,840,116.0,133.4,121.47831355202928,0.8695652173913043,0.9549029502316649,0.8717835644830552,0.9160504237138564
2021-09-14,17506.0,17440.0,840,66.0,131.9,116.1946646423122,0.5003790750568612,0.5680123110916587,0.8713866778382908,0.9166711887417915
2021-09-15,17470.0,17372.0,840,98.0,130.5,114.46183943828247,0.7509578544061303,0.8561805443712213,0.8704759476147976,0.9160504237138564
2021-09-17,17280.0,17207.0,840,73.0,121.0,110.51309282511271,0.6033057851239669,0.6605552168874933,0.8695652173913043,0.9130757560125273
2021-09-22,17306.0,17196.0,840,110.0,111.6,110.46422684176864,0.9856630824372761,0.9957974915948707,0.8685077809696692,0.9101010883111983
2021-09-23,17038.0,16869.0,840,169.0,110.4,116.0390623806478,1.5307971014492754,1.4564061147411052,0.8695652173913043,0.9130757560125273
2021-09-24,17190.0,17083.0,840,107.0,106.95,115.17819929677658,1.0004675081813932,0.9289952495636432,0.8704759476147976,0.9160504237138564
2021-09-27,17228.0,17165.0,840,63.0,105.4,110.20884698279787,0.5977229601518026,0.571641948217038,0.8713866778382908,0.9166711887417915
2021-09-28,17285.0,17205.0,840,80.0,100.5,107.33181393681711,0.7960199004975125,0.7453521660138298,0.8704759476147976,0.9160504237138564
2021-09-29,17139.0,16880.0,840,259.0,107.55,121.77640308569167,2.408182240818224,2.126848826514828,0.8695652173913043,0.9130757560125273
2021-09-30,16880.0,16668.0,840,212.0,112.2,130.36912660134007,1.8894830659536541,1.6261518775705355,0.8704759476147976,0.9160504237138564
2021-10-01,16942.0,16751.0,840,191.0,117.6,136.14349549645053,1.6241496598639455,1.4029315121042978,0.8713866778382908,0.9166711887417915
2021-10-04,16654.0,16340.0,840,314.0,127.85,153.08221021107428,2.456003128666406,2.051185435375198,0.8717835644830552,0.9172919537697267
2021-10-05,16457.0,16183.0,840,274.0,137.5,164.59819019097196,1.9927272727272727,1.6646598585445966,0.8721804511278195,0.9176795285403206
2021-10-06,16500.0,16354.0,840,146.0,140.15,162.82693398230796,1.0417409917945057,0.8966575518511188,0.8728509171016714,0.9180671033109146
2021-10-07,16450.0,16200.0,840,250.0,149.0,171.12913074589767,1.6778523489932886,1.4608851158790395,0.8735213830755232,0.9176795285403206
2021-10-08,16799.0,16672.0,840,127.0,152.1,166.9263563891455,0.8349769888231428,0.7608145456906305,0.8736229364357208,0.9180671033109146
2021-10-12,16671.0,16563.0,840,108.0,153.15,161.31432244732213,0.7051909892262488,0.6695003788970311,0.8735213830755232,0.9176795285403206
2021-10-13,16563.0,16378.0,840,185.0,153.2,163.57010126186287,1.2075718015665797,1.1310135444853062,0.8728509171016714,0.9172919537697267
2021-10-14,16411.0,16261.0,840,150.0,154.9,162.277710665495,0.9683666881859264,0.9243413613912561,0.8735213830755232,0.9176795285403206
2021-10-15,16638.0,16445.0,840,193.0,158.75,165.20364298306689,1.215748031496063,1.1682551093608886,0.8736229364357208,0.9180671033109146
2021-10-18,16862.0,16771.0,840,91.0,160.0,158.13662936563193,0.56875,0.5754517493198649,0.8737244897959183,0.9212042323510854
2021-10-19,16816.0,16674.0,840,142.0,162.2,156.59980752128604,0.8754623921085081,0.9067699523238459,0.8736229364357208,0.9180671033109146
2021-10-20,16989.0,16925.0,840,64.0,161.75,147.7807782335445,0.3956723338485317,0.4330739137051908,0.8737244897959183,0.9176795285403206
2021-10-22,16898.0,16801.0,840,97.0,161.1,142.9445136398736,0.6021104903786468,0.6785849804937345,0.8736229364357208,0.9172919537697267
2021-10-25,16900.0,16748.0,840,152.0,160.25,143.80694091226658,0.9485179407176287,1.056972626187298,0.8735213830755232,0.9166711887417915
2021-10-26,16955.0,16883.0,840,72.0,158.5,136.96818463490786,0.45425867507886436,0.5256695209323086,0.8736229364357208,0.9172919537697267
2021-10-27,17066.0,16936.0,840,130.0,161.85,136.30454800301186,0.8032128514056225,0.9537466057048034,0.8735213830755232,0.9166711887417915
2021-10-28,17090.0,16980.0,840,110.0,163.35,133.79935295510597,0.6734006734006734,0.8221265467323192,0.8728509171016714,0.9172919537697267
2021-10-29,17112.0,17013.0,840,99.0,155.35,130.4851288641435,0.6372706791116833,0.7587071481768264,0.8721804511278195,0.9166711887417915
2021-11-01,16983.0,16881.0,840,102.0,149.85,127.77225944851078,0.6806806806806807,0.7982953454861899,0.8717835644830552,0.9160504237138564
2021-11-02,17110.0,17061.0,840,49.0,142.75,120.27013950103357,0.3432574430823117,0.407416173318556,0.8713866778382908,0.9130757560125273
2021-11-03,17112.0,17023.0,840,89.0,131.5,117.2920309771256,0.6768060836501901,0.7587898279070371,0.8704759476147976,0.9101010883111983
2021-11-04,17232.0,17062.0,840,170.0,126.3,122.31183755073269,1.3460015835312749,1.3898900008716422,0.8695652173913043,0.9084355203175221
2021-11-05,17195.0,17059.0,840,136.0,125.8,123.61547206971053,1.0810810810810811,1.1001859049108793,0.8704759476147976,0.9101010883111983
2021-11-08,17350.0,17241.0,840,109.0,118.75,122.22352234878572,0.9178947368421052,0.8918086952931192,0.8713866778382908,0.9130757560125273
2021-11-09,17529.0,17415.0,840,114.0,118.1,121.44032974413946,0.9652836579170195,0.9387326289395347,0.8717835644830552,0.9101010883111983
2021-11-10,17633.0,17537.0,840,96.0,117.5,119.01744119707855,0.8170212765957446,0.8066044693486188,0.8721804511278195,0.9130757560125273
2021-11-11,17627.0,17423.0,840,204.0,118.45,127.11101822592822,1.7222456732798648,1.6048962776571316,0.8717835644830552,0.9101010883111983
2021-11-12,17560.0,17462.0,840,98.0,115.85,124.33854029964934,0.8459214501510575,0.7881707454810484,0.8721804511278195,0.9130757560125273
2021-11-15,17612.0,17520.0,840,92.0,110.8,121.25867931873036,0.8303249097472925,0.758708576712901,0.8717835644830552,0.9101010883111983
2021-11-16,17719.0,17637.0,840,82.0,110.35,117.51975747885128,0.7430901676483915,0.6977550137878444,0.8713866778382908,0.9084355203175221
2021-11-17,17744.0,17698.0,840,46.0,105.55,110.70835200467496,0.4358124111795358,0.41550613993474966,0.8704759476147976,0.9067699523238459
2021-11-19,17919.0,17836.0,840,83.0,106.5,108.06946133756307,0.7793427230046949,0.7680245554360937,0.8695652173913043,0.9052645835749755
2021-11-22,17852.0,17724.0,840,128.0,108.05,109.96760787684278,1.1846367422489588,1.1639791250470086,0.8685077809696692,0.9037592148261052
2021-11-23,17889.0,17740.0,840,149.0,107.9,113.6849785552387,1.3809082483781279,1.3106392937181406,0.8695652173913043,0.9052645835749755
2021-11-24,17695.0,17557.0,840,138.0,111.2,116.00069488331121,1.2410071942446044,1.1896480459778158,0.8704759476147976,0.9067699523238459
2021-11-25,17718.0,17588.0,840,130.0,111.2,117.33396203728157,1.169064748201439,1.1079486087642207,0.8713866778382908,0.9084355203175221
2021-11-26,17676.0,17617.0,840,59.0,108.65,111.77834660515951,0.5430280717901519,0.5278303159055374,0.8717835644830552,0.9101010883111983
2021-11-29,17338.0,17065.0,840,273.0,117.35,127.13278978562052,2.3263740945888367,2.1473610424214726,0.8713866778382908,0.9084355203175221
2021-11-30,17410.0,17295.0,840,115.0,118.0,125.9772859965138,0.9745762711864406,0.9128629743871639,0.8717835644830552,0.9101010883111983
2021-12-01,17400.0,17209.0,840,191.0,125.1,132.16992542541723,1.5267785771382894,1.4451093876706487,0.8721804511278195,0.9114820313491812
2021-12-02,17702.0,17500.0,840,202.0,130.75,138.82040871823463,1.5449330783938815,1.4551174561803928,0.8728509171016714,0.9128629743871639
2021-12-03,17775.0,17658.0,840,117.0,128.1,136.74227455459325,0.9133489461358314,0.8556242053242188,0.8735213830755232,0.9144566990505101
2021-12-06,17728.0,17555.0,840,173.0,129.95,140.1953912636796,1.3312812620238554,1.233992062368309,0.8736229364357208,0.9128629743871639
2021-12-07,17717.0,17602.0,840,115.0,130.25,137.7958301909482,0.8829174664107485,0.8345680695899196,0.8737244897959183,0.9144566990505101
2021-12-08,17937.0,17781.0,840,156.0,132.35,139.52956064895315,1.1786928598413298,1.1180426518541497,0.8745934409522131,0.9128629743871639
2021-12-09,17919.0,17841.0,840,78.0,131.45,133.66960249190998,0.5933815138836059,0.5835283306443644,0.8754623921085081,0.9144566990505101
2021-12-10,17940.0,17824.0,840,116.0,127.05,131.98678320696618,0.9130263675718221,0.8788758781862455,0.8745934409522131,0.9128629743871639
2021-12-13,17875.0,17775.0,840,100.0,127.15,128.94042290154084,0.7864726700747149,0.7755519778026492,0.8754623921085081,0.9114820313491812
2021-12-14,17793.0,17650.0,840,143.0,129.7,130.27943024425124,1.10254433307633,1.0976406615526326,0.8745934409522131,0.9101010883111983
2021-12-15,17614.0,17501.0,840,113.0,131.25,128.63377022098922,0.8609523809523809,0.8784629402206681,0.8754623921085081,0.9114820313491812
2021-12-17,17850.0,17675.0,840,175.0,137.7,133.04960162851407,1.2708787218591142,1.3152989400796182,0.8745934409522131,0.9101010883111983
2021-12-20,17808.0,17731.0,840,77.0,137.4,127.71154433056034,0.5604075691411936,0.6029212190927561,0.8754623921085081,0.9114820313491812
2021-12-21,17634.0,17495.0,840,139.0,137.95,128.78663534669747,1.0076114534251541,1.0793045382838666,0.8745934409522131,0.9101010883111983
2021-12-22,17849.0,17762.0,840,87.0,134.85,124.80695578986914,0.6451612903225806,0.697076532709261,0.8754623921085081,0.9114820313491812
2021-12-23,17952.0,17822.0,840,130.0,134.45,125.30153142892922,0.9669021941242099,1.0374972956634272,0.8745934409522131,0.9101010883111983
2021-12-24,18010.0,17949.0,840,61.0,131.0,119.17757605474549,0.46564885496183206,0.5118412541968382,0.8754623921085081,0.9114820313491812
2021-12-27,17990.0,17917.0,840,73.0,131.7,114.77971166857925,0.554290053151101,0.6360009006712257,0.8745934409522131,0.9101010883111983
2021-12-28,18140.0,18059.0,840,81.0,122.1,111.5625962715717,0.6633906633906634,0.726049793631778,0.8737244897959183,0.9084355203175221
2021-12-29,18263.0,18180.0,840,83.0,120.5,108.8423490076125,0.6887966804979253,0.7625708261238916,0.8736229364357208,0.9067699523238459
2021-12-30,18291.0,18233.0,840,58.0,113.85,104.00022053069702,0.5094422485726834,0.557691125115264,0.8735213830755232,0.9052645835749755
2022-01-03,18267.0,18203.0,840,64.0,106.95,100.19067571824968,0.5984104721832632,0.6387819978375736,0.8728509171016714,0.9037592148261052
2022-01-04,18367.0,18257.0,840,110.0,106.6,101.12489707841638,1.0318949343339587,1.0877637770518718,0.8721804511278195,0.9031109012093759
2022-01-05,18577.0,18474.0,840,103.0,103.1,101.3034783090434,0.9990300678952474,1.0167469243828042,0.8728509171016714,0.9037592148261052
2022-01-06,18565.0,18304.0,840,261.0,110.4,116.51267085103926,2.3641304347826084,2.240099708414434,0.8735213830755232,0.9052645835749755
2022-01-07,18430.0,18333.0,840,97.0,107.45,114.65432124617838,0.9027454630060493,0.8460213182172859,0.8736229364357208,0.9067699523238459
2022-01-10,18195.0,18062.0,840,133.0,110.2,116.40152874654235,1.206896551724138,1.1425966774852232,0.8737244897959183,0.9052645835749755
2022-01-11,18305.0,18091.0,840,214.0,115.1,125.69662124687166,1.8592528236316248,1.7025119520094183,0.8745934409522131,0.9067699523238459
2022-01-12,18391.0,18217.0,840,174.0,118.8,130.2969430328839,1.4646464646464648,1.3354112226262016,0.8754623921085081,0.9084355203175221
2022-01-13,18446.0,18357.0,840,89.0,116.1,126.3639008392759,0.7665805340223946,0.7043150726503798,0.8756163728301216,0.9101010883111983
2022-01-14,18650.0,18477.0,840,173.0,119.1,130.80543409267818,1.452560873215785,1.322575022972105,0.8754623921085081,0.9084355203175221
2022-01-17,18442.0,18307.0,840,135.0,117.1,131.20491656004216,1.1528608027327072,1.0289248569295886,0.8756163728301216,0.9101010883111983
2022-01-18,18552.0,18505.0,840,47.0,115.6,123.18540069718101,0.40657439446366783,0.3815387191501465,0.8757703535517353,0.9114820313491812
2022-01-19,18388.0,18252.0,840,136.0,115.45,124.40583872602092,1.1779991338241662,1.0931962791514385,0.8756163728301216,0.9101010883111983
2022-01-21,18287.0,18043.0,840,244.0,123.3,135.79575884735226,1.9789132197891321,1.796816057225174,0.8757703535517353,0.9114820313491812
2022-01-24,17950.0,17700.0,840,250.0,129.3,146.67235324284252,1.9334880123743232,1.7044793682834005,0.8786453870467936,0.9128629743871639
2022-01-25,17980.0,17508.0,840,472.0,149.85,177.65593864828608,3.1498164831498165,2.6568208391527,0.881520420541852,0.9144566990505101
2022-01-26,17737.0,17509.0,840,228.0,157.6,182.45061115797313,1.4467005076142132,1.2496532543954504,0.8822189434763003,0.9160504237138564
2022-02-07,17732.0,17439.0,840,293.0,168.2,192.9791243810233,1.741973840665874,1.5182989400526699,0.8829174664107485,0.9166711887417915
2022-02-08,17967.0,17863.0,840,104.0,169.25,184.50492205902108,0.6144756277695717,0.5636705993498187,0.8928314647083989,0.9172919537697267
2022-02-09,18050.0,17948.0,840,102.0,171.45,176.64731043435242,0.5949256342957131,0.5774217549601829,0.8829174664107485,0.9166711887417915
2022-02-10,18250.0,18156.0,840,94.0,172.95,168.77613801203313,0.5435096848800232,0.5569507698611882,0.8822189434763003,0.9160504237138564
2022-02-11,18397.0,18199.0,840,198.0,177.35,171.55936296326806,1.1164364251480123,1.1541194638405894,0.881520420541852,0.9144566990505101
2022-02-14,18380.0,18081.0,840,299.0,187.15,183.69656649057586,1.5976489446967672,1.6276842061462238,0.8822189434763003,0.9160504237138564
2022-02-15,18014.0,17830.0,840,184.0,183.3,183.72546492004483,1.0038188761593017,1.001494267983345,0.8829174664107485,0.9166711887417915
2022-02-16,18185.0,17963.0,840,222.0,189.55,187.37065873718342,1.1711949353732525,1.1848173107582955,0.8928314647083989,0.9172919537697267
2022-02-18,18275.0,18072.0,840,203.0,193.05,188.85916742888023,1.0515410515410515,1.0748750127602085,0.9027454630060493,0.9176795285403206
2022-02-21,18233.0,18098.0,840,135.0,189.1,183.72972291184402,0.7139079851930196,0.7347749610702609,0.9044471651599826,0.9180671033109146
2022-02-22,18256.0,17987.0,840,269.0,193.85,191.8507016821446,1.3876708795460408,1.402131958035135,0.9027454630060493,0.9176795285403206
2022-02-23,17990.0,17806.0,840,184.0,198.6,191.10301580765463,0.9264853977844915,0.9628314823937482,0.9044471651599826,0.9180671033109146
2022-02-24,18093.0,17869.0,840,224.0,201.15,194.23606192121133,1.1135968182948048,1.1532359016363394,0.9061488673139158,0.9212042323510854
2022-02-25,17650.0,17226.0,840,424.0,215.6,216.11834173823883,1.966604823747681,1.9618880868221085,0.9068559462619998,0.9243413613912561
2022-03-01,17790.0,17503.0,840,287.0,227.6,222.86897585840654,1.2609841827768014,1.2877521373021308,0.907563025210084,0.9245203926353809
2022-03-02,17980.0,17675.0,840,305.0,236.05,230.6909781576059,1.292099131539928,1.322114988786544,0.9102946963909531,0.9246994238795055
2022-03-03,17965.0,17680.0,840,285.0,238.1,235.86326595211963,1.1969760604787905,1.208327201141424,0.9130263675718221,0.9268473367215744
2022-03-04,17944.0,17750.0,840,194.0,235.3,231.87628824239394,0.8244793880152996,0.8366530336952797,0.9131552502065752,0.9289952495636432
2022-03-07,17746.0,17503.0,840,243.0,223.85,232.93568936216596,1.0855483582756311,1.0432063917100576,0.9130263675718221,0.9268473367215744
2022-03-08,17175.0,16706.0,840,469.0,235.9,255.4180046610073,1.9881305637982196,1.8362057154994236,0.9131552502065752,0.9289952495636432
2022-03-09,16976.0,16638.0,840,338.0,238.15,263.2829565980542,1.4192735670795718,1.283789898014606,0.9132841328413284,0.9308042390739466
2022-03-10,17291.0,16958.0,840,333.0,249.6,269.92267501728713,1.3341346153846154,1.2336866474025314,0.9133165394885798,0.93261322858425
2022-03-11,17496.0,17221.0,840,275.0,258.25,270.4062297775455,1.0648596321393997,1.0169884038035428,0.9133489461358314,0.9333663731746258
2022-03-14,17394.0,17110.0,840,284.0,267.75,271.7008745606364,1.0606909430438842,1.045267154400045,0.9156218414889683,0.9341195177650017
2022-03-15,17321.0,17066.0,840,255.0,270.6,270.110315078671,0.942350332594235,0.9440587262494212,0.9178947368421052,0.9359754037156782
2022-03-16,17095.0,16728.0,840,367.0,274.0,279.3379041187976,1.3394160583941606,1.3138209837928805,0.9180231763340698,0.9378312896663549
2022-03-18,17497.0,17313.0,840,184.0,274.0,270.25810372653115,0.6715328467153284,0.6808306484166927,0.9181516158260343,0.9382819593029448
2022-03-21,17505.0,17305.0,840,200.0,272.9,263.5668557525758,0.7328691828508612,0.7588207531972481,0.9180231763340698,0.9378312896663549
2022-03-22,17566.0,17440.0,840,126.0,269.05,250.46525044280668,0.4683144396952239,0.503063797382032,0.9178947368421052,0.9359754037156782
2022-03-23,17645.0,17520.0,840,125.0,268.55,238.5161789720632,0.46546266989387447,0.5240734634384737,0.9156218414889683,0.9341195177650017
2022-03-24,17700.0,17547.0,840,153.0,262.75,230.37178097472383,0.582302568981922,0.6641438432808183,0.9133489461358314,0.9333663731746258
2022-03-25,17762.0,17620.0,840,142.0,260.65,221.955420881893,0.5447918664876271,0.6397681094509564,0.9133165394885798,0.93261322858425
2022-03-28,17661.0,17538.0,840,123.0,255.6,212.53109508361746,0.4812206572769953,0.5787388426696213,0.9132841328413284,0.9308042390739466
2022-03-29,17583.0,17433.0,840,150.0,241.9,206.57575269470152,0.6200909466721786,0.7261258789732459,0.9131552502065752,0.9289952495636432
2022-03-30,17715.0,17540.0,840,175.0,236.3,203.568538152349,0.7405840033855269,0.8596613287512604,0.9130263675718221,0.9268473367215744
2022-03-31,17746.0,17620.0,840,126.0,227.35,196.18105832831574,0.5542115680668572,0.642263840727858,0.9102946963909531,0.9246994238795055
2022-04-01,17663.0,17468.0,840,195.0,222.85,196.06857658276186,0.8750280457706978,0.9945499855133043,0.907563025210084,0.9245203926353809
2022-04-06,17624.0,17457.0,840,167.0,221.5,193.30014071773692,0.7539503386004515,0.8639414300471657,0.9068559462619998,0.9246994238795055
2022-04-07,17520.0,17335.0,840,185.0,218.6,192.5096511255715,0.8462946020128088,0.9609907810768767,0.9061488673139158,0.9245203926353809
2022-04-08,17268.0,17134.0,840,134.0,201.85,186.9373033993266,0.6638593014614813,0.7168178718923508,0.9044471651599826,0.9246994238795055
2022-04-11,17382.0,17207.0,840,175.0,193.7,185.8004173612955,0.9034589571502324,0.941870865982536,0.9027454630060493,0.9245203926353809
2022-04-12,17100.0,16942.0,840,158.0,184.95,183.15275856498164,0.8542849418761828,0.8626678693673206,0.9031022100781408,0.9246994238795055
2022-04-13,17146.0,16975.0,840,171.0,179.75,181.99535298736433,0.9513212795549374,0.9395844300039479,0.9027454630060493,0.9245203926353809
2022-04-14,17347.0,17248.0,840,99.0,170.5,174.09103365523438,0.5806451612903226,0.5686680004213036,0.9031022100781408,0.9246994238795055
2022-04-15,17331.0,17102.0,840,229.0,169.2,179.32045902140254,1.3534278959810875,1.2770433516047828,0.9027454630060493,0.9245203926353809
2022-04-18,17019.0,16937.0,840,82.0,154.95,170.05184387650706,0.5292029686995805,0.4822058857506363,0.9031022100781408,0.9246994238795055
2022-04-19,17077.0,16881.0,840,196.0,155.55,172.52309684064926,1.2600450016072002,1.1360797689658628,0.9027454630060493,0.9245203926353809
2022-04-20,17111.0,16942.0,840,169.0,154.0,172.18756380820648,1.0974025974025974,0.9814878395529366,0.9031022100781408,0.9246994238795055
2022-04-21,17177.0,17053.0,840,124.0,153.9,167.59827201694873,0.8057179987004548,0.7398644300309984,0.9034589571502324,0.9268473367215744
2022-04-22,17192.0,16925.0,840,267.0,161.0,177.0651032534298,1.6583850931677018,1.5079199407115706,0.9031022100781408,0.9246994238795055
2022-04-25,17012.0,16672.0,840,340.0,170.35,192.5827124673889,1.995890813031993,1.7654751854093556,0.9034589571502324,0.9268473367215744
2022-04-26,16666.0,16490.0,840,176.0,172.05,191.00340651811376,1.022958442313281,0.9214495343741897,0.9048039122320741,0.9289952495636432
2022-04-27,16574.0,16185.0,840,389.0,185.35,209.86022494496007,2.098732128405719,1.8536147099910087,0.9061488673139158,0.9268473367215744
2022-04-28,16364.0,16202.0,840,162.0,185.95,205.3021082835353,0.8712019360043023,0.7890810345516164,0.9068559462619998,0.9289952495636432
2022-04-29,16658.0,16319.0,840,339.0,194.15,218.0352408279605,1.746072624259593,1.5547945309789901,0.9061488673139158,0.9268473367215744
2022-05-03,16622.0,16363.0,840,259.0,200.8,221.93664646339283,1.2898406374501992,1.1669997007128814,0.9068559462619998,0.9289952495636432
2022-05-04,16502.0,16373.0,840,129.0,197.5,213.08553727640304,0.6531645569620254,0.6053906879314299,0.907563025210084,0.9308042390739466
2022-05-05,16763.0,16394.0,840,369.0,207.6,227.93453372626942,1.777456647398844,1.6188858878362793,0.9068559462619998,0.9289952495636432
2022-05-06,16645.0,16277.0,840,368.0,216.75,241.27410194281518,1.6978085351787775,1.5252362231866077,0.907563025210084,0.9308042390739466
2022-05-09,16419.0,16186.0,840,233.0,221.7,240.48609223397563,1.0509697789806045,0.9688709972188654,0.9102946963909531,0.93261322858425
2022-05-10,16091.0,15844.0,840,247.0,225.3,241.10646440216843,1.0963160230803373,1.0244437062790697,0.9130263675718221,0.9333663731746258
2022-05-11,16115.0,15862.0,840,253.0,230.05,242.2391820781524,1.0997609215387958,1.0444222847415985,0.9131552502065752,0.9341195177650017
2022-05-12,16092.0,15746.0,840,346.0,238.8,252.12116473737598,1.4489112227805694,1.3723560271523165,0.9132841328413284,0.9359754037156782
2022-05-13,15739.0,15526.0,840,213.0,244.5,248.39533952429255,0.8711656441717791,0.8575040111779917,0.9133165394885798,0.9378312896663549
2022-05-16,15998.0,15813.0,840,185.0,242.3,242.35768814102659,0.7635163021048287,0.7633345631369017,0.9132841328413284,0.9359754037156782
2022-05-17,15978.0,15867.0,840,111.0,243.75,229.84743212759548,0.4553846153846154,0.48292904111445734,0.9131552502065752,0.9341195177650017
2022-05-18,16189.0,16080.0,840,109.0,239.4,218.3381528773483,0.4553049289891395,0.49922562119150504,0.9130263675718221,0.9333663731746258
2022-05-19,16217.0,15889.0,840,328.0,247.35,228.78213831760084,1.326056195674146,1.433678356238906,0.9102946963909531,0.93261322858425
2022-05-20,16054.0,15748.0,840,306.0,256.45,236.13622038259123,1.1932150516669917,1.295862191341144,0.9130263675718221,0.9333663731746258
2022-05-23,16225.0,15852.0,840,373.0,261.75,249.1708660604397,1.4250238777459407,1.4969647370793497,0.9131552502065752,0.9341195177650017
2022-05-24,16242.0,16093.0,840,149.0,252.2,239.63078357849307,0.5908009516256939,0.6217898960013784,0.9132841328413284,0.9359754037156782
2022-05-25,16022.0,15834.0,840,188.0,252.8,234.71356609482706,0.7436708860759493,0.800976284106415,0.9131552502065752,0.9341195177650017
2022-05-26,16203.0,15962.0,840,241.0,245.4,235.3122740857959,0.9820700896495518,1.0241709699857404,0.9130263675718221,0.9333663731746258
2022-05-27,16152.0,15944.0,840,208.0,247.7,232.7111051252439,0.8397254743641502,0.8938120932735697,0.9131552502065752,0.9341195177650017
2022-05-30,16385.0,16225.0,840,160.0,238.75,225.78623797045876,0.6701570680628273,0.7086348638349427,0.9130263675718221,0.9333663731746258
2022-05-31,16575.0,16490.0,840,85.0,230.05,212.37802483041506,0.369484894588133,0.40022973218567665,0.9102946963909531,0.93261322858425
2022-06-01,16680.0,16550.0,840,130.0,230.1,204.5324986560898,0.5649717514124294,0.6355958141331265,0.907563025210084,0.9308042390739466
2022-06-02,16668.0,16465.0,840,203.0,221.8,204.38654640312888,0.9152389540126239,0.9932160583583908,0.9068559462619998,0.9289952495636432
2022-06-06,16700.0,16523.0,840,177.0,212.25,201.77830388854517,0.833922261484099,0.877200355979641,0.907563025210084,0.9308042390739466
2022-06-07,16705.0,16512.0,840,193.0,210.25,200.94227494677895,0.9179548156956004,0.9604748430917162,0.9068559462619998,0.9289952495636432
2022-06-08,16586.0,16433.0,840,153.0,205.55,196.37634399946668,0.7443444417416687,0.7791162463051838,0.907563025210084,0.9308042390739466
2022-06-09,16702.0,16545.0,840,157.0,200.75,192.62621599951748,0.7820672478206725,0.8150500137551021,0.9068559462619998,0.9289952495636432
2022-06-10,16662.0,16388.0,840,274.0,197.15,200.37610019003964,1.3898047172203905,1.3674285493136875,0.9061488673139158,0.9268473367215744
2022-06-13,16512.0,16254.0,840,258.0,199.4,205.8640906481311,1.2938816449348043,1.2532540239909111,0.9068559462619998,0.9289952495636432
2022-06-14,16077.0,15809.0,840,268.0,203.55,211.78179630069005,1.3166298206828788,1.265453427448933,0.907563025210084,0.9308042390739466
2022-06-15,16063.0,15925.0,840,138.0,204.9,204.7549585577672,0.6734992679355783,0.6739763518892573,0.9102946963909531,0.93261322858425
2022-06-17,15348.0,15093.0,840,255.0,212.2,209.5402005998846,1.2016965127238455,1.2169502523619349,0.907563025210084,0.9308042390739466
2022-06-20,15244.0,15081.0,840,163.0,203.95,205.10780054275273,0.7992154939936259,0.7947040510827584,0.9102946963909531,0.93261322858425
2022-06-21,15171.0,15028.0,840,143.0,195.8,199.19277191963343,0.7303370786516854,0.7178975352463841,0.907563025210084,0.9308042390739466
2022-06-22,15415.0,15316.0,840,99.0,182.1,189.65060316538262,0.5436573311367381,0.5220125765361695,0.9068559462619998,0.9289952495636432
2022-06-23,15175.0,14888.0,840,287.0,189.0,198.92197429248904,1.5185185185185186,1.4427767521450576,0.9061488673139158,0.9268473367215744
2022-06-24,15041.0,14849.0,840,192.0,189.2,198.26273864558533,1.0147991543340382,0.968411923045305,0.9068559462619998,0.9289952495636432
2022-06-27,15236.0,15009.0,840,227.0,188.5,200.9996206793391,1.2042440318302388,1.1293553651135497,0.907563025210084,0.9308042390739466
2022-06-28,15326.0,15180.0,840,146.0,185.4,195.7615615670211,0.7874865156418555,0.7458052481360868,0.9102946963909531,0.93261322858425
2022-06-29,15295.0,15042.0,840,253.0,190.05,201.212841417781,1.3312286240463036,1.2573750175054315,0.907563025210084,0.9308042390739466
2022-06-30,15035.0,14929.0,840,106.0,191.1,192.1449517589447,0.554683411826269,0.551666848541419,0.9102946963909531,0.93261322858425
2022-07-01,14691.0,14451.0,840,240.0,196.6,196.70257540094997,1.2207527975584944,1.2201162059560962,0.907563025210084,0.9308042390739466
2022-07-04,14316.0,14164.0,840,152.0,194.05,192.44518726752617,0.7833032723524864,0.78983528846943,0.9102946963909531,0.93261322858425
2022-07-05,14268.0,14117.0,840,151.0,192.75,188.4980265753808,0.7833981841763943,0.8010693944300512,0.907563025210084,0.9308042390739466
2022-07-06,14265.0,13960.0,840,305.0,198.35,199.59345261582072,1.5376859087471642,1.5281062379689716,0.9068559462619998,0.9289952495636432
2022-07-07,14077.0,13886.0,840,191.0,200.25,198.77502855717114,0.9538077403245943,0.9608852851708437,0.907563025210084,0.9308042390739466
2022-07-08,14396.0,14179.0,840,217.0,203.25,200.51074012315485,1.067650676506765,1.0822362925133953,0.9102946963909531,0.93261322858425
2022-07-11,14469.0,14280.0,840,189.0,199.0,199.41447915904487,0.949748743718593,0.9477747092239039,0.9130263675718221,0.9333663731746258
2022-07-12,14308.0,14147.0,840,161.0,194.15,195.75595733437393,0.8292557301055884,0.8224526200497351,0.9131552502065752,0.9341195177650017
2022-07-13,14272.0,13882.0,840,390.0,200.25,214.25538996919545,1.9475655430711611,1.8202575909808953,0.9130263675718221,0.9333663731746258
2022-07-14,14376.0,14101.0,840,275.0,207.1,220.04059092451016,1.3278609367455336,1.2497694122915026,0.9131552502065752,0.9341195177650017
2022-07-15,14474.0,14261.0,840,213.0,205.0,219.3700584555092,1.0390243902439025,0.9709620424028782,0.9132841328413284,0.9359754037156782
2022-07-18,14574.0,14408.0,840,166.0,205.15,214.2871957454607,0.8091640263222032,0.7746613110621026,0.9133165394885798,0.9378312896663549
2022-07-19,14716.0,14522.0,840,194.0,207.7,212.35508186494064,0.9340394800192586,0.9135641977402047,0.9132841328413284,0.9359754037156782
2022-07-20,14844.0,14661.0,840,183.0,211.9,209.55935978256534,0.8636149126946673,0.873260923252854,0.9133165394885798,0.9341195177650017
2022-07-22,14855.0,14693.0,840,162.0,205.65,205.02989694613055,0.787746170678337,0.7901286710521237,0.9132841328413284,0.9333663731746258
2022-07-25,14846.0,14675.0,840,171.0,204.6,201.7889543798324,0.8357771260997068,0.8474200212075157,0.9131552502065752,0.93261322858425
2022-07-26,14850.0,14758.0,840,92.0,197.85,191.33286348651504,0.46499873641647715,0.4808374176999869,0.9130263675718221,0.9308042390739466
2022-07-27,14730.0,14581.0,840,149.0,198.0,187.30116220208504,0.7525252525252525,0.7955102800656372,0.9102946963909531,0.9289952495636432
2022-07-28,14969.0,14774.0,840,195.0,195.1,188.0343848495055,0.9994874423372629,1.0370443690714837,0.907563025210084,0.9268473367215744
2022-07-29,14933.0,14768.0,840,165.0,198.05,185.84063391145736,0.8331229487503156,0.8878574966474406,0.9102946963909531,0.9289952495636432
2022-08-01,14999.0,14874.0,840,125.0,192.3,180.0462878246519,0.6500260010400416,0.6942659107847767,0.907563025210084,0.9268473367215744
2022-08-02,14910.0,14758.0,840,152.0,192.3,177.37521279373266,0.7904316172646906,0.8569404800475635,0.9068559462619998,0.9246994238795055
2022-08-03,14756.0,14570.0,840,186.0,194.05,178.19662109909146,0.958515846431332,1.0437908353860943,0.9061488673139158,0.9245203926353809
2022-08-04,14737.0,14605.0,840,132.0,185.4,173.796942899178,0.7119741100323624,0.7595070304347932,0.9068559462619998,0.9246994238795055
2022-08-05,14751.0,14641.0,840,110.0,181.35,167.72104357544674,0.6065618968844776,0.6558509156337212,0.9061488673139158,0.9245203926353809
2022-08-08,15015.0,14918.0,840,97.0,175.35,160.98570609207087,0.5531793555745652,0.6025379665976295,0.9048039122320741,0.9243413613912561
2022-08-09,14973.0,14842.0,840,131.0,172.45,158.1299245594927,0.759640475500145,0.8284326977637575,0.9034589571502324,0.9228954478827229
2022-08-10,15033.0,14895.0,840,138.0,171.3,156.21278888716006,0.8056042031523643,0.8834103851745709,0.9031022100781408,0.9214495343741897
2022-08-11,15088.0,14854.0,840,234.0,163.5,163.62109470743053,1.4311926605504588,1.4301334459252542,0.9027454630060493,0.9197583188425522
2022-08-12,15332.0,15190.0,840,142.0,156.85,161.5619428305324,0.90532355753905,0.878919858923388,0.9031022100781408,0.9214495343741897
2022-08-15,15399.0,15262.0,840,137.0,153.05,159.2227101800055,0.8951323097027115,0.8604300218550348,0.9034589571502324,0.9197583188425522
2022-08-16,15422.0,15332.0,840,90.0,149.25,152.63007111524306,0.6030150753768844,0.5896609976159001,0.9031022100781408,0.9180671033109146
2022-08-17,15447.0,15364.0,840,83.0,143.7,145.9986357709342,0.5775922059846904,0.5684984627542928,0.9027454630060493,0.9176795285403206
2022-08-19,15364.0,15276.0,840,88.0,138.95,140.47495617370237,0.6333213386110113,0.6264461822731222,0.8989388863543804,0.9172919537697267
2022-08-22,15342.0,15210.0,840,132.0,137.45,139.6678174904926,0.9603492178974173,0.9450996111468946,0.8951323097027115,0.9166711887417915
2022-08-23,15196.0,15026.0,840,170.0,137.4,142.55659677711236,1.2372634643377,1.1925088269734405,0.8989388863543804,0.9172919537697267
2022-08-24,15135.0,14993.0,840,142.0,139.9,142.5035875602445,1.015010721944246,0.9964661411767503,0.9027454630060493,0.9176795285403206
2022-08-25,15128.0,15033.0,840,95.0,137.2,137.97943636403076,0.6924198250728864,0.6885083930141718,0.9031022100781408,0.9180671033109146
2022-08-26,15297.0,15188.0,840,109.0,132.9,135.21949004364689,0.8201655379984951,0.8060968131503556,0.9027454630060493,0.9176795285403206
2022-08-29,15295.0,14932.0,840,363.0,142.8,156.91287194425195,2.542016806722689,2.3133857375892446,0.8989388863543804,0.9172919537697267
2022-08-30,14894.0,14805.0,840,89.0,141.0,150.44497937813273,0.6312056737588653,0.5915783987467261,0.9027454630060493,0.9176795285403206
2022-08-31,15013.0,14721.0,840,292.0,148.0,163.92640991354867,1.972972972972973,1.7812871040974705,0.8989388863543804,0.9172919537697267
2022-09-01,15049.0,14906.0,840,143.0,145.85,161.9334184932107,0.9804593760713062,0.8830789921599506,0.9027454630060493,0.9176795285403206
2022-09-02,14820.0,14613.0,840,207.0,149.6,166.22547387480967,1.3836898395721926,1.2452964950239762,0.9031022100781408,0.9172919537697267
2022-09-05,14742.0,14520.0,840,222.0,155.2,171.53733350578017,1.4304123711340206,1.2941789140759812,0.9034589571502324,0.9176795285403206
2022-09-06,14657.0,14604.0,840,53.0,153.0,160.24806364808683,0.3464052287581699,0.3307372257326665,0.9043912573446412,0.9180671033109146
2022-09-07,14680.0,14508.0,840,172.0,155.05,161.36729568160237,1.109319574330861,1.0658913212462657,0.9034589571502324,0.9176795285403206
2022-09-08,14499.0,14303.0,840,196.0,157.95,164.66564847383071,1.2408990186767965,1.1902907608027855,0.9043912573446412,0.9180671033109146
2022-09-12,14605.0,14449.0,840,156.0,154.05,163.84034861918016,1.0126582278481011,0.9521464115203774,0.90532355753905,0.9197583188425522
2022-09-13,14895.0,14797.0,840,98.0,151.85,157.5698392268773,0.6453737240698058,0.621946436455358,0.905736212426483,0.9214495343741897
2022-09-14,14938.0,14457.0,840,481.0,169.05,188.3727116814604,2.8453120378586214,2.553448403999059,0.90532355753905,0.9197583188425522
2022-09-15,14653.0,14517.0,840,136.0,171.35,183.38483437846418,0.7936971111759556,0.7416098526409618,0.905736212426483,0.9214495343741897
2022-09-16,14671.0,14502.0,840,169.0,175.65,182.0148501519438,0.9621406205522345,0.9284956686716542,0.90532355753905,0.9197583188425522
2022-09-19,14562.0,14433.0,840,129.0,177.7,176.96581680413962,0.7259425998874508,0.7289543389205684,0.905736212426483,0.9214495343741897
2022-09-20,14541.0,14361.0,840,180.0,180.1,177.2547866323168,0.9994447529150472,1.0154873863766378,0.90532355753905,0.9197583188425522
2022-09-21,14597.0,14425.0,840,172.0,180.2,176.75433076257235,0.9544950055493896,0.9731020408831811,0.905736212426483,0.9214495343741897
2022-09-23,14324.0,14185.0,840,139.0,180.05,173.15868021375593,0.7720077756178839,0.8027319209664298,0.9061488673139158,0.9228954478827229
2022-09-26,14134.0,13911.0,840,223.0,186.45,177.9054725743506,1.1960311075355323,1.2534746501786413,0.905736212426483,0.9214495343741897
2022-09-27,13882.0,13763.0,840,119.0,186.95,172.2954275672696,0.636533832575555,0.6906741617013523,0.9061488673139158,0.9228954478827229
2022-09-28,13910.0,13742.0,840,168.0,177.2,171.88633922752965,0.9480812641083523,0.9773900634279888,0.905736212426483,0.9214495343741897
2022-09-29,13693.0,13423.0,840,270.0,186.25,181.23049739633635,1.4496644295302012,1.4898154774112438,0.9061488673139158,0.9228954478827229
2022-09-30,13493.0,13291.0,840,202.0,181.75,183.20854526335194,1.111416781292985,1.102568658626902,0.9068559462619998,0.9243413613912561
2022-10-03,13465.0,13303.0,840,162.0,182.7,181.18868380969937,0.8866995073891626,0.8940955726029057,0.907563025210084,0.9245203926353809
2022-10-04,13502.0,13283.0,840,219.0,183.3,184.78976154210895,1.1947626841243861,1.1851305947494033,0.9068559462619998,0.9243413613912561
2022-10-05,13829.0,13593.0,840,236.0,184.0,189.66692710952714,1.2826086956521738,1.2442865163504064,0.907563025210084,0.9245203926353809
2022-10-06,13865.0,13667.0,840,198.0,191.25,190.460553099096,1.035294117647059,1.039585346037409,0.9102946963909531,0.9246994238795055
2022-10-07,13846.0,13734.0,840,112.0,188.25,182.98811947061066,0.5949535192563081,0.6120615935286886,0.9130263675718221,0.9265975462755799
2022-10-11,13716.0,13404.0,840,312.0,194.05,195.2749652353144,1.6078330327235248,1.597747051825241,0.9102946963909531,0.9246994238795055
2022-10-12,13155.0,12952.0,840,203.0,196.4,196.01068283195113,1.0336048879837068,1.035657837966113,0.9130263675718221,0.9265975462755799
2022-10-13,13120.0,13005.0,840,115.0,197.25,188.29537970509864,0.5830164765525983,0.6107425481183277,0.9131552502065752,0.9284956686716542
2022-10-14,13168.0,12666.0,840,502.0,198.3,218.17201020937497,2.5315179021684315,2.300936767820223,0.9130263675718221,0.9265975462755799
2022-10-17,13208.0,12872.0,840,336.0,208.3,229.39372352276783,1.613058089294287,1.4647305725723192,0.9131552502065752,0.9284956686716542
2022-10-18,13152.0,12942.0,840,210.0,210.35,227.54670223488517,0.9983361064891847,0.9228874685392162,0.9132841328413284,0.9287454591176487
2022-10-19,13191.0,12955.0,840,236.0,215.7,228.35177821251517,1.0941121928604545,1.033493156249333,0.9133165394885798,0.9284956686716542
2022-10-21,13078.0,12851.0,840,227.0,218.05,228.22303743037088,1.0410456317358403,0.9946410430597129,0.9133489461358314,0.9287454591176487
2022-10-24,13040.0,12743.0,840,297.0,224.3,234.77322434176412,1.324119482835488,1.265050564572266,0.9142939500742276,0.9289952495636432
2022-10-25,12936.0,12781.0,840,155.0,225.1,227.17577440445325,0.6885828520657485,0.6822910603313062,0.9152389540126239,0.9308042390739466
2022-10-26,12850.0,12669.0,840,181.0,223.0,222.77808160402913,0.8116591928251121,0.8124677198797032,0.9142939500742276,0.9289952495636432
2022-10-27,12931.0,12755.0,840,176.0,225.85,218.32302621316921,0.7792782820456056,0.8061449268670118,0.9133489461358314,0.9287454591176487
2022-10-28,12975.0,12844.0,840,131.0,224.0,210.0065475262007,0.5848214285714286,0.6237900748482914,0.9133165394885798,0.9284956686716542
2022-10-31,12930.0,12731.0,840,199.0,220.45,208.95830490465778,0.9026990247221592,0.9523431006525369,0.9132841328413284,0.9265975462755799
2022-11-01,12946.0,12858.0,840,88.0,214.75,197.43846634230943,0.409778812572759,0.44570848644777145,0.9131552502065752,0.9284956686716542
2022-11-02,13107.0,12991.0,840,116.0,212.45,189.68242192875616,0.5460108260767239,0.6115484968004524,0.9130263675718221,0.9265975462755799
2022-11-03,13140.0,12860.0,840,280.0,215.5,198.28409603077938,1.2993039443155452,1.4121152709924651,0.9102946963909531,0.9246994238795055
2022-11-04,12948.0,12819.0,840,129.0,210.15,191.68561069451468,0.6138472519628836,0.6729769622905319,0.9130263675718221,0.9265975462755799
2022-11-07,13191.0,12990.0,840,201.0,210.3,192.5726953902752,0.9557774607703281,1.0437616796745028,0.9102946963909531,0.9246994238795055
2022-11-08,13297.0,13194.0,840,103.0,209.85,184.04196249596328,0.49082678103407196,0.5596549754366978,0.9130263675718221,0.9265975462755799
2022-11-09,13493.0,13319.0,840,174.0,202.95,183.08558511539533,0.8573540280857355,0.9503752023422878,0.9102946963909531,0.9246994238795055
2022-11-10,13657.0,13478.0,840,179.0,201.75,182.69648177107197,0.8872366790582404,0.9797670883684347,0.907563025210084,0.9265975462755799
2022-11-11,13965.0,13410.0,840,555.0,223.75,218.15395969763654,2.4804469273743015,2.544074839481416,0.9068559462619998,0.9284956686716542
2022-11-14,14231.0,14051.0,840,180.0,207.65,214.52024925024259,0.8668432458463761,0.8390816280938871,0.907563025210084,0.9287454591176487
2022-11-15,14216.0,14121.0,840,95.0,195.6,203.1373683692671,0.48568507157464214,0.4676638314389656,0.9068559462619998,0.9284956686716542
2022-11-16,14810.0,14533.0,840,277.0,198.95,210.1719047150512,1.392309625534054,1.3179687379031637,0.9061488673139158,0.9265975462755799
2022-11-18,14563.0,14347.0,840,216.0,197.95,210.72696140885586,1.0911846425865117,1.0250230846394321,0.9068559462619998,0.9284956686716542
2022-11-21,14565.0,14449.0,840,116.0,192.4,201.70534603658388,0.6029106029106029,0.575096308944438,0.907563025210084,0.9287454591176487
2022-11-22,14463.0,14382.0,840,81.0,181.6,190.20959879500447,0.4460352422907489,0.4258460167790824,0.9068559462619998,0.9284956686716542
2022-11-23,14609.0,14480.0,840,129.0,180.3,184.38011319548022,0.7154742096505823,0.699641614078162,0.9061488673139158,0.9265975462755799
2022-11-24,14699.0,14594.0,840,105.0,176.5,176.82010241495828,0.5949008498583569,0.5938238840829753,0.905736212426483,0.9246994238795055
2022-11-25,14827.0,14756.0,840,71.0,171.25,166.74199742305748,0.4145985401459854,0.4258075415748975,0.90532355753905,0.9245203926353809
2022-11-28,14710.0,14595.0,840,115.0,170.45,161.81418814467105,0.6746846582575535,0.7106916971778982,0.9043912573446412,0.9243413613912561
2022-11-29,14596.0,14405.0,840,191.0,170.05,164.59378927375,1.1231990591002645,1.1604326071036106,0.9034589571502324,0.9236144149652361
2022-11-30,14693.0,14563.0,840,130.0,172.15,161.29914267625,0.7551553877432472,0.8059559266283779,0.9043912573446412,0.9243413613912561
2022-12-01,15039.0,14713.0,840,326.0,182.65,176.98493861184525,1.7848343826991513,1.8419646471441693,0.9034589571502324,0.9236144149652361
2022-12-02,14996.0,14853.0,840,143.0,175.8,173.74827779166952,0.813424345847554,0.8230297405966934,0.9043912573446412,0.9243413613912561
2022-12-05,14936.0,14717.0,840,219.0,180.3,178.05796562103433,1.2146422628951747,1.2299365503596942,0.9034589571502324,0.9236144149652361
2022-12-06,14951.0,14790.0,840,161.0,178.3,176.4333974666501,0.9029725182277061,0.9125256460043663,0.9043912573446412,0.9243413613912561
2022-12-07,14719.0,14568.0,840,151.0,180.7,174.01116913649295,0.835639180962922,0.8677603900331066,0.9034589571502324,0.9236144149652361
2022-12-08,14637.0,14517.0,840,120.0,178.0,168.86724826635077,0.6741573033707865,0.7106173709346322,0.9032157376889692,0.9228874685392162
2022-12-09,14669.0,14509.0,840,160.0,177.05,168.02274843146023,0.90369951990963,0.9522520104786116,0.9029725182277061,0.9221685014567029
2022-12-12,14782.0,14653.0,840,129.0,155.75,164.30629619989259,0.8282504012841091,0.7851190306369059,0.9032157376889692,0.9228874685392162
2022-12-13,14685.0,14536.0,840,149.0,154.2,162.8485537046647,0.966277561608301,0.9149605360955194,0.9029725182277061,0.9221685014567029
2022-12-14,14777.0,14505.0,840,272.0,163.05,173.2439295423157,1.6681999386691198,1.5700405821928822,0.9032157376889692,0.9214495343741897
2022-12-15,14745.0,14518.0,840,227.0,160.55,178.3635553001904,1.4138897539707256,1.2726815162321319,0.9034589571502324,0.9221685014567029
2022-12-16,14702.0,14408.0,840,294.0,164.45,189.3765500335056,1.787777439951353,1.5524625406259847,0.9035792385299313,0.9228874685392162
2022-12-19,14512.0,14327.0,840,185.0,167.9,188.9597357446003,1.10184633710542,0.9790445529096616,0.90369951990963,0.9236144149652361
2022-12-20,14492.0,14331.0,840,161.0,171.9,186.29690376892407,0.9365910413030831,0.864211893718312,0.9045115387243401,0.9243413613912561
2022-12-21,14255.0,14153.0,840,102.0,170.55,178.26862721950272,0.5980650835532102,0.5721702219337061,0.90532355753905,0.9236144149652361
2022-12-23,14404.0,14090.0,840,314.0,181.0,191.19542462716913,1.7348066298342542,1.6422987140633707,0.9045115387243401,0.9228874685392162
2022-12-26,14275.0,14105.0,840,170.0,185.95,189.17681275791492,0.9142242538316753,0.8986302154141109,0.90532355753905,0.9236144149652361
2022-12-27,14264.0,14225.0,840,39.0,182.15,174.87425916192302,0.21410925061762284,0.22301738510233432,0.905736212426483,0.9228874685392162
2022-12-28,14320.0,14214.0,840,106.0,177.9,168.31480590840656,0.59584035975267,0.6297722854974684,0.90532355753905,0.9221685014567029
2022-12-29,14168.0,13976.0,840,192.0,181.0,170.5705386790345,1.0607734806629834,1.1256340132764056,0.9045115387243401,0.9214495343741897
2022-12-30,14221.0,14031.0,840,190.0,174.2,172.4209635667455,1.0907003444316878,1.10195417117275,0.90532355753905,0.9221685014567029
2023-01-03,14132.0,14005.0,840,127.0,173.4,168.09515751276976,0.7324106113033448,0.7555244415077937,0.905736212426483,0.9228874685392162
2023-01-04,14315.0,14146.0,840,169.0,170.9,168.18133298774407,0.9888823873610298,1.0048677638457983,0.90532355753905,0.9221685014567029
2023-01-05,14350.0,14203.0,840,147.0,170.2,166.16406317938748,0.8636897767332551,0.8846678227969285,0.905736212426483,0.9228874685392162
2023-01-06,14330.0,14223.0,840,107.0,168.0,160.5293904956363,0.6369047619047619,0.6665446101155451,0.90532355753905,0.9221685014567029
2023-01-09,14619.0,14324.0,840,295.0,176.75,173.33611521033762,1.669024045261669,1.7018957627037348,0.9045115387243401,0.9214495343741897
2023-01-10,14902.0,14731.0,840,171.0,177.3,173.11362804744832,0.964467005076142,0.9877905161408264,0.90532355753905,0.9221685014567029
2023-01-11,14874.0,14783.0,840,91.0,175.4,165.2932825191199,0.5188141391106044,0.5505365893467195,0.905736212426483,0.9228874685392162
2023-01-12,14872.0,14713.0,840,159.0,175.9,164.69392227920372,0.9039226833428083,0.9654272470993138,0.90532355753905,0.9221685014567029
2023-01-13,15020.0,14720.0,840,300.0,177.3,177.58021539547002,1.692047377326565,1.689377385492533,0.9046231204409292,0.9228874685392162
2023-01-16,14939.0,14806.0,840,133.0,172.6,173.33448059590145,0.7705677867902665,0.7673026136678822,0.90532355753905,0.9236144149652361
2023-01-17,14959.0,14884.0,840,75.0,161.65,163.96929196772035,0.46396535725332505,0.45740271913087727,0.9046231204409292,0.9228874685392162
2023-01-30,15054.0,14828.0,840,226.0,163.7,169.87697844698508,1.3805742211362249,1.3303744984523003,0.9039226833428083,0.9221685014567029
2023-01-31,15498.0,15406.0,840,92.0,160.25,162.46012335679603,0.5741029641185648,0.5662928114239393,0.9046231204409292,0.9228874685392162
2023-02-01,15393.0,15228.0,840,165.0,163.4,162.7020163704345,1.0097919216646267,1.0141238792292133,0.9039226833428083,0.9221685014567029
2023-02-02,15552.0,15330.0,840,222.0,158.8,168.34944338277407,1.3979848866498739,1.3186856786644747,0.9046231204409292,0.9228874685392162
2023-02-03,15668.0,15553.0,840,115.0,156.05,163.26854401298607,0.7369432874078821,0.7043610310560074,0.90532355753905,0.9236144149652361
2023-02-06,15610.0,15475.0,840,135.0,160.85,160.576301726035,0.8392912651538701,0.8407218160393826,0.9046231204409292,0.9228874685392162
2023-02-07,15413.0,15307.0,840,106.0,160.85,155.37855870450787,0.6589990674541498,0.6822048092335967,0.9039226833428083,0.9221685014567029
2023-02-08,15508.0,15332.0,840,176.0,160.05,157.34250549455473,1.099656357388316,1.1185788572948012,0.9038111016262191,0.9214495343741897
2023-02-09,15627.0,15506.0,840,121.0,156.6,153.88131449507333,0.7726692209450831,0.7863202910440042,0.9039226833428083,0.9221685014567029
2023-02-10,15743.0,15552.0,840,191.0,159.8,157.41642740030443,1.195244055068836,1.213342235968129,0.9038111016262191,0.9214495343741897
2023-02-13,15645.0,15505.0,840,140.0,158.35,155.75772002884688,0.8841174613198611,0.8988318522771873,0.9039226833428083,0.9221685014567029
2023-02-14,15661.0,15524.0,840,137.0,157.85,153.97127050229003,0.8679125752296485,0.8897763820034361,0.9038111016262191,0.9214495343741897
2023-02-15,15741.0,15592.0,840,149.0,159.95,153.49781616873858,0.9315411065958112,0.9706978491225297,0.90369951990963,0.9197583188425522
2023-02-16,15426.0,15338.0,840,88.0,149.6,147.259928914573,0.5882352941176471,0.5975827955957367,0.9038111016262191,0.9214495343741897
2023-02-17,15569.0,15407.0,840,162.0,149.15,148.6637452084232,1.0861548776399597,1.0897075125672346,0.90369951990963,0.9197583188425522
2023-02-20,15469.0,15394.0,840,75.0,148.35,141.6481504266686,0.5055611729019212,0.5294809693884961,0.9038111016262191,0.9214495343741897
2023-02-21,15532.0,15484.0,840,48.0,142.8,132.72927895746207,0.3361344537815126,0.36163836929592114,0.90369951990963,0.9197583188425522
2023-02-22,15534.0,15371.0,840,163.0,135.95,135.6122047710371,1.1989702096358956,1.2019567138164553,0.9035792385299313,0.9180671033109146
2023-02-23,15447.0,15344.0,840,103.0,134.45,132.50628050712882,0.766084046113797,0.7773216454782202,0.90369951990963,0.9197583188425522
2023-02-24,15699.0,15561.0,840,138.0,137.6,133.02949188740226,1.002906976744186,1.03736395623314,0.9035792385299313,0.9180671033109146
2023-03-01,15541.0,15391.0,840,150.0,133.8,134.64573075526872,1.1210762331838564,1.1140345791775539,0.90369951990963,0.9197583188425522
2023-03-02,15594.0,15488.0,840,106.0,134.5,131.9175659214336,0.7881040892193308,0.80353210931083,0.9038111016262191,0.9214495343741897
2023-03-03,15646.0,15505.0,840,141.0,133.3,132.78255964320184,1.0577644411102776,1.0618864433618325,0.90369951990963,0.9197583188425522
2023-03-06,15724.0,15605.0,840,119.0,128.15,131.46993491527786,0.9285992976980101,0.9051499118538868,0.9038111016262191,0.9214495343741897
2023-03-07,15831.0,15748.0,840,83.0,126.55,126.85375063763234,0.6558672461477677,0.6542967754819957,0.9039226833428083,0.9197583188425522
2023-03-08,15883.0,15719.0,840,164.0,128.0,130.39148867214354,1.28125,1.2577508062076177,0.9038111016262191,0.9180671033109146
2023-03-09,15866.0,15777.0,840,89.0,127.15,126.44944213193939,0.6999606763664963,0.7038386132786253,0.9039226833428083,0.9197583188425522
2023-03-10,15798.0,15616.0,840,182.0,127.45,131.73997145270707,1.4280109846998823,1.3815093323087262,0.9038111016262191,0.9180671033109146
2023-03-13,15552.0,15391.0,840,161.0,129.45,134.52664083816353,1.2437234453456933,1.196788970548102,0.9039226833428083,0.9197583188425522
2023-03-14,15563.0,15355.0,840,208.0,130.3,141.5241036154813,1.5963161933998464,1.4697143079254729,0.9046231204409292,0.9214495343741897
2023-03-15,15496.0,15338.0,840,158.0,131.2,143.09323660448308,1.204268292682927,1.1041751780115223,0.90532355753905,0.9221685014567029
2023-03-16,15349.0,15068.0,840,281.0,138.4,156.2272140707228,2.0303468208092483,1.798662298828382,0.905736212426483,0.9228874685392162
2023-03-17,15356.0,15162.0,840,194.0,140.65,159.8246222544635,1.379310344827586,1.2138304928456172,0.9061488673139158,0.9236144149652361
2023-03-20,15428.0,15321.0,840,107.0,141.6,154.7937058492765,0.7556497175141244,0.6912425761302369,0.9068559462619998,0.9243413613912561
2023-03-21,15451.0,15211.0,840,240.0,145.5,162.90859100648825,1.6494845360824741,1.4732188064314016,0.9061488673139158,0.9236144149652361
2023-03-22,15584.0,15457.0,840,127.0,148.1,159.4887251963465,0.8575286968264686,0.796294533319834,0.9068559462619998,0.9243413613912561
2023-03-23,15844.0,15654.0,840,190.0,155.2,162.39456089193254,1.2242268041237114,1.1699899242711573,0.9061488673139158,0.9236144149652361
2023-03-24,15979.0,15798.0,840,181.0,156.1,164.16650747365324,1.1595131326073032,1.102539140202202,0.9068559462619998,0.9243413613912561
2023-03-27,15935.0,15780.0,840,155.0,158.7,163.29350676187673,0.9766855702583491,0.9492110438048785,0.907563025210084,0.9245203926353809
2023-03-28,15831.0,15722.0,840,109.0,157.25,158.12269659407895,0.6931637519872814,0.689338104825121,0.9102946963909531,0.9246994238795055
2023-03-29,15719.0,15642.0,840,77.0,153.6,150.39672548988096,0.5013020833333334,0.5119792319227106,0.907563025210084,0.9245203926353809
2023-03-30,15849.0,15742.0,840,107.0,153.65,146.2637040146542,0.696387894565571,0.731555382935466,0.9068559462619998,0.9243413613912561
2023-03-31,15892.0,15820.0,840,72.0,150.2,139.19097029897284,0.4793608521970706,0.5172749341810667,0.9061488673139158,0.9236144149652361
2023-04-06,15928.0,15810.0,840,118.0,150.15,137.17278265145163,0.7858807858807858,0.8602289588294743,0.905736212426483,0.9228874685392162
2023-04-07,15845.0,15750.0,840,95.0,150.75,133.15632716083718,0.6301824212271974,0.7134471340986386,0.90532355753905,0.9221685014567029
2023-04-10,15834.0,15806.0,840,28.0,143.95,123.14143885980506,0.1945119833275443,0.2273808090863518,0.9046231204409292,0.9214495343741897
2023-04-11,15866.0,15733.0,840,133.0,146.15,124.08034944458554,0.9100239479986315,1.071886085067789,0.9039226833428083,0.9197583188425522
2023-04-12,15966.0,15914.0,840,52.0,139.65,117.21555425938692,0.37235947010383097,0.4436271306189358,0.9046231204409292,0.9214495343741897
2023-04-13,16003.0,15868.0,840,135.0,138.35,118.90931099658816,0.9757860498735093,1.1353189995682804,0.9039226833428083,0.9197583188425522
2023-04-14,15912.0,15784.0,840,128.0,134.35,119.775090901675,0.9527353926311872,1.0686696126582524,0.9046231204409292,0.9214495343741897
2023-04-17,15969.0,15875.0,840,94.0,131.15,117.32032033961072,0.7167365611894777,0.80122522447855,0.90532355753905,0.9221685014567029
2023-04-18,15981.0,15919.0,840,62.0,120.2,112.05171840250493,0.5158069883527454,0.5533159230748038,0.9046231204409292,0.9214495343741897
2023-04-19,15941.0,15885.0,840,56.0,113.3,106.71345950702828,0.4942630185348632,0.524769792476944,0.9039226833428083,0.9197583188425522
2023-04-20,15778.0,15708.0,840,70.0,111.45,103.21693955397797,0.6280843427545985,0.6781832546332479,0.9038111016262191,0.9180671033109146
2023-04-21,15794.0,15696.0,840,98.0,104.35,102.72008816788482,0.9391471011020605,0.9540490253457498,0.90369951990963,0.9176795285403206
2023-04-24,15646.0,15575.0,840,71.0,101.55,99.69912738999103,0.6991629739044806,0.7121426421544369,0.9038111016262191,0.9180671033109146
2023-04-25,15670.0,15613.0,840,57.0,94.9,95.6325438290395,0.6006322444678609,0.5960314106241681,0.90369951990963,0.9176795285403206
2023-04-26,15400.0,15287.0,840,113.0,91.5,97.28658727389289,1.2349726775956285,1.1615167431237856,0.9035792385299313,0.9172919537697267
2023-04-27,15390.0,15320.0,840,70.0,87.25,94.68786467637928,0.8022922636103151,0.739271080187978,0.90369951990963,0.9176795285403206
2023-04-28,15543.0,15420.0,840,123.0,87.95,97.3842585167241,1.3985218874360432,1.263037803783009,0.9035792385299313,0.9172919537697267
2023-05-02,15627.0,15531.0,840,96.0,88.9,97.25242437227419,1.0798650168728907,0.9871219213263002,0.90369951990963,0.9176795285403206
2023-05-03,15655.0,15504.0,840,151.0,91.1,102.37124109872427,1.6575192096597147,1.4750236333891797,0.9038111016262191,0.9180671033109146
2023-05-04,15615.0,15488.0,840,127.0,93.85,104.71683718456005,1.3532232285562067,1.2127944599412088,0.9039226833428083,0.9197583188425522
2023-05-05,15615.0,15527.0,840,88.0,92.35,103.12475745269718,0.9528965890633461,0.8533353403557353,0.9046231204409292,0.9214495343741897
2023-05-08,15779.0,15628.0,840,151.0,95.15,107.68430436196411,1.586967945349448,1.4022470674318226,0.90532355753905,0.9197583188425522
2023-05-09,15749.0,15698.0,840,51.0,96.3,102.2857991846342,0.529595015576324,0.49860293810620615,0.905736212426483,0.9214495343741897
2023-05-10,15731.0,15672.0,840,59.0,92.6,98.16334211943094,0.6371490280777539,0.6010390307230712,0.90532355753905,0.9197583188425522
2023-05-11,15664.0,15568.0,840,96.0,94.8,97.95730953662799,1.0126582278481013,0.9800187495360301,0.9046231204409292,0.9180671033109146
2023-05-12,15532.0,15406.0,840,126.0,94.35,100.62804196171103,1.3354531001589827,1.2521360601247016,0.90532355753905,0.9197583188425522
2023-05-15,15535.0,15416.0,840,119.0,93.9,102.37775225107188,1.2673056443024493,1.1623619134376344,0.905736212426483,0.9214495343741897
2023-05-16,15609.0,15505.0,840,104.0,94.4,102.53225203668408,1.1016949152542372,1.014314988056546,0.9061488673139158,0.9221685014567029
2023-05-17,15738.0,15685.0,840,53.0,93.95,97.81489469985704,0.564129856306546,0.5418397695221101,0.9068559462619998,0.9228874685392162
2023-05-18,16012.0,15862.0,840,150.0,98.65,102.78490472844207,1.5205271160669032,1.4593582627361508,0.9061488673139158,0.9221685014567029
2023-05-19,16156.0,16065.0,840,91.0,99.7,101.66253284954283,0.9127382146439318,0.8951183631700086,0.9068559462619998,0.9228874685392162
2023-05-22,16139.0,16080.0,840,59.0,97.75,97.5994344829197,0.6035805626598465,0.6045116994025743,0.907563025210084,0.9221685014567029
2023-05-23,16145.0,16105.0,840,40.0,96.2,92.11377405597497,0.41580041580041577,0.43424558824061554,0.9068559462619998,0.9214495343741897
2023-05-24,16131.0,16009.0,840,122.0,99.45,94.96008128873926,1.2267471091000501,1.2847503745183424,0.9061488673139158,0.9197583188425522
2023-05-25,16077.0,15950.0,840,127.0,100.15,98.01150211838313,1.2680978532201697,1.295766285130526,0.9068559462619998,0.9214495343741897
2023-05-26,16379.0,16196.0,840,183.0,105.8,106.10564477377521,1.729678638941399,1.724696177947639,0.907563025210084,0.9221685014567029
2023-05-29,16650.0,16442.0,840,208.0,110.05,115.80986908103472,1.8900499772830532,1.7960472768901743,0.9087934866043578,0.9228874685392162
2023-05-30,16588.0,16526.0,840,62.0,108.35,110.6851196447457,0.5722196585140747,0.5601475627346733,0.9100239479986315,0.9236144149652361
2023-05-31,16724.0,16517.0,840,207.0,111.15,119.85796539286515,1.8623481781376516,1.727044166998034,0.9087934866043578,0.9228874685392162
2023-06-01,16541.0,16395.0,840,146.0,112.1,122.34768297449705,1.3024085637823373,1.193320514540788,0.9100239479986315,0.9236144149652361
2023-06-02,16594.0,16453.0,840,141.0,114.75,124.12409411978304,1.2287581699346406,1.1359599520132753,0.9113810813212817,0.9243413613912561
2023-06-05,16800.0,16714.0,840,86.0,111.5,120.49322801313703,0.7713004484304933,0.7137330571857836,0.9127382146439318,0.9245203926353809
2023-06-06,16736.0,16660.0,840,76.0,112.75,116.2557777261716,0.6740576496674058,0.6537309498630691,0.9113810813212817,0.9243413613912561
2023-06-07,16807.0,16704.0,840,103.0,114.95,114.99332270463145,0.8960417572857764,0.8957041815772455,0.9100239479986315,0.9236144149652361
2023-06-08,16963.0,16844.0,840,119.0,116.1,115.37491101847607,1.024978466838932,1.0314200804102325,0.9087934866043578,0.9228874685392162
2023-06-09,16841.0,16714.0,840,127.0,116.15,116.48206235004977,1.0934136891950064,1.0902966296934364,0.9100239479986315,0.9236144149652361
2023-06-12,16987.0,16853.0,840,134.0,116.9,118.15043736433074,1.1462788708297689,1.134147303973114,0.9113810813212817,0.9243413613912561
2023-06-13,17088.0,16932.0,840,156.0,119.5,121.75515761534686,1.3054393305439331,1.2812598912059285,0.9127382146439318,0.9245203926353809
2023-06-14,17320.0,17195.0,840,125.0,123.1,122.06419022340906,1.0154346060113728,1.0240513599542802,0.9128822911078769,0.9246994238795055
2023-06-15,17272.0,17154.0,840,118.0,121.5,121.67712448784629,0.9711934156378601,0.9697796565843929,0.9130263675718221,0.9265975462755799
2023-06-16,17366.0,17271.0,840,95.0,121.7,119.13644596519426,0.780608052588332,0.797405019348607,0.9131552502065752,0.9284956686716542
2023-06-19,17311.0,17207.0,840,104.0,123.95,117.6948796827948,0.8390480032271077,0.8836408200619726,0.9130263675718221,0.9265975462755799
2023-06-20,17269.0,17208.0,840,61.0,125.0,112.29536733205245,0.488,0.5432102984233151,0.9128822911078769,0.9246994238795055
2023-06-21,17204.0,17135.0,840,69.0,122.35,108.17199901471412,0.5639558643236616,0.6378730228569989,0.9127382146439318,0.9245203926353809
2023-06-26,17022.0,16909.0,840,113.0,121.65,108.63180863236039,0.9288943690916563,1.0402109789262808,0.9113810813212817,0.9243413613912561
2023-06-27,16906.0,16790.0,840,116.0,118.3,109.33354114356416,0.9805579036348268,1.0609735931600552,0.9127382146439318,0.9245203926353809
2023-06-28,16846.0,16725.0,840,121.0,113.95,110.44463246322472,1.0618692408951294,1.0955715755610844,0.9128822911078769,0.9246994238795055
2023-06-29,16822.0,16719.0,840,103.0,116.0,109.73561984767952,0.8879310344827587,0.9386195671284401,0.9130263675718221,0.9265975462755799
2023-06-30,16764.0,16695.0,840,69.0,109.1,105.85603700504338,0.6324472960586618,0.6518286717715739,0.9128822911078769,0.9284956686716542
2023-07-03,16905.0,16775.0,840,130.0,108.3,108.1554620521821,1.2003693444136658,1.2019735067774802,0.9127382146439318,0.9265975462755799
2023-07-04,17077.0,16992.0,840,85.0,105.5,105.95017995197428,0.8056872037914692,0.8022638568290238,0.9128822911078769,0.9284956686716542
2023-07-05,17125.0,17082.0,840,43.0,103.35,99.95492471845292,0.4160619254958878,0.43019391111663424,0.9127382146439318,0.9265975462755799
2023-07-06,16972.0,16894.0,840,78.0,103.45,97.86397950717169,0.7539874335427743,0.7970246089807127,0.9113810813212817,0.9246994238795055
2023-07-07,16716.0,16520.0,840,196.0,108.1,107.21026717315534,1.81313598519889,1.8281831131288977,0.9100239479986315,0.9245203926353809
2023-07-10,16760.0,16567.0,840,193.0,111.8,115.38071791856912,1.7262969588550985,1.672723167975184,0.9113810813212817,0.9246994238795055
2023-07-11,16721.0,16560.0,840,161.0,113.5,119.72541145013396,1.4185022026431717,1.3447437603257437,0.9127382146439318,0.9265975462755799
2023-07-12,16940.0,16811.0,840,129.0,113.25,120.60870559774025,1.1390728476821192,1.0695745332865672,0.9128822911078769,0.9284956686716542
2023-07-13,17116.0,16888.0,840,228.0,116.85,130.836447921765,1.9512195121951221,1.7426336744966888,0.9130263675718221,0.9287454591176487
2023-07-14,17250.0,17083.0,840,167.0,118.95,134.28059573873975,1.4039512400168137,1.2436644258334992,0.9131552502065752,0.9289952495636432
2023-07-17,17357.0,17222.0,840,135.0,119.8,134.34911043028833,1.1268781302170283,1.0048447627797983,0.9132841328413284,0.9308042390739466
2023-07-18,17339.0,17234.0,840,105.0,120.3,131.55395705597516,0.8728179551122195,0.7981515900378682,0.9133165394885798,0.93261322858425
2023-07-19,17294.0,17177.0,840,117.0,120.95,130.16786590778705,0.9673418768085986,0.8988393501272014,0.9132841328413284,0.9308042390739466
2023-07-20,17139.0,17011.0,840,128.0,124.3,129.96140248799782,1.0297666934835077,0.9849078076225058,0.9133165394885798,0.9289952495636432
2023-07-21,17020.0,16834.0,840,186.0,130.15,135.29841177485517,1.4291202458701497,1.3747389755728647,0.9133489461358314,0.9308042390739466
2023-07-24,16972.0,16890.0,840,82.0,128.6,130.2223725582023,0.6376360808709176,0.6296921058119294,0.9137865999837533,0.93261322858425
2023-07-25,17095.0,16973.0,840,122.0,128.9,129.43928945742113,0.9464701318851823,0.9425268055116428,0.9133489461358314,0.9308042390739466
2023-07-26,17266.0,17193.0,840,73.0,126.5,124.06411903290483,0.5770750988142292,0.5884054194640967,0.9137865999837533,0.93261322858425
2023-07-27,17197.0,17033.0,840,164.0,129.55,127.86753626786627,1.2659204940177538,1.2825773045039424,0.9133489461358314,0.9308042390739466
2023-07-28,17333.0,17111.0,840,222.0,137.2,136.83253281378376,1.6180758017492713,1.6224211847493986,0.9137865999837533,0.93261322858425
2023-07-31,17386.0,17276.0,840,110.0,136.2,134.2770534981853,0.8076358296622614,0.8192017707737875,0.9142242538316753,0.9333663731746258
2023-08-01,17148.0,17075.0,840,73.0,135.6,128.44114364121526,0.5383480825958702,0.5683537060672446,0.9137865999837533,0.93261322858425
2023-08-02,17195.0,17101.0,840,94.0,138.15,125.16103472300429,0.680419833514296,0.7510324615646776,0.9133489461358314,0.9308042390739466
2023-08-04,16812.0,16659.0,840,153.0,141.9,127.81236474938484,1.0782241014799154,1.1970672814011634,0.9133165394885798,0.9289952495636432
2023-08-07,16924.0,16725.0,840,199.0,142.05,134.5921395351577,1.400915170714537,1.4785410254067466,0.9133489461358314,0.9308042390739466
2023-08-08,17052.0,16933.0,840,119.0,138.35,133.1071738651427,0.8601373328514638,0.8940164270977959,0.9137865999837533,0.93261322858425
2023-08-09,16868.0,16712.0,840,156.0,138.1,135.2874430208434,1.1296162201303404,1.1531003655377348,0.9133489461358314,0.9308042390739466
2023-08-10,16917.0,16733.0,840,184.0,140.85,139.92673416171544,1.306354277600284,1.3149738761668548,0.9137865999837533,0.93261322858425
2023-08-11,16793.0,16628.0,840,165.0,137.7,142.31466424155207,1.198257080610022,1.159402658041928,0.9142242538316753,0.9333663731746258
2023-08-14,16644.0,16543.0,840,101.0,134.4,138.3799343137852,0.7514880952380952,0.7298746057428828,0.9147316039221496,0.9341195177650017
2023-08-15,16484.0,16332.0,840,152.0,135.25,139.67708342675806,1.1238447319778189,1.0882243262167173,0.9142242538316753,0.9333663731746258
2023-08-16,16438.0,16324.0,840,114.0,135.7,137.23164690992397,0.8400884303610907,0.8307121758498407,0.9147316039221496,0.9341195177650017
2023-08-18,16545.0,16389.0,840,156.0,137.65,139.01910910897882,1.1333091173265528,1.1221478903141988,0.9142242538316753,0.9333663731746258
2023-08-21,16393.0,16266.0,840,127.0,137.6,137.87443205098083,0.9229651162790699,0.9211280011151025,0.9147316039221496,0.9341195177650017
2023-08-22,16484.0,16335.0,840,149.0,135.75,138.93400995088743,1.0976058931860038,1.0724515908859957,0.9152389540126239,0.9333663731746258
2023-08-23,16472.0,16334.0,840,138.0,138.55,138.84505662223148,0.9960303139660771,0.9939136715214089,0.9165668454273646,0.9341195177650017
2023-08-24,16765.0,16518.0,840,247.0,144.8,149.1455274201142,1.7058011049723756,1.6561006171123631,0.9178947368421052,0.9359754037156782
2023-08-25,16774.0,16523.0,840,251.0,153.7,158.84595338010334,1.6330513988288875,1.5801472726181494,0.9179247762688528,0.9378312896663549
2023-08-28,16507.0,16362.0,840,145.0,152.75,157.52729115342683,0.9492635024549918,0.92047542326348,0.9179548156956004,0.9382254283973974
2023-08-29,16584.0,16470.0,840,114.0,147.35,153.38183485310046,0.7736681370885646,0.7432431624591144,0.9180532157608174,0.9378312896663549
2023-08-30,16733.0,16585.0,840,148.0,149.25,152.86927915280518,0.9916247906197655,0.9681474317155775,0.9179548156956004,0.9359754037156782
2023-08-31,16747.0,16672.0,840,75.0,149.35,145.45315732872848,0.5021760964178106,0.5156299208445353,0.9180532157608174,0.9378312896663549
2023-09-01,16669.0,16534.0,840,135.0,151.4,144.45761853551625,0.8916776750330251,0.9345301505632186,0.9179548156956004,0.9359754037156782
2023-09-04,16681.0,16572.0,840,109.0,149.2,141.0807024845147,0.7305630026809652,0.7726074373067717,0.9179247762688528,0.9345301505632186
2023-09-05,16792.0,16724.0,840,68.0,142.65,134.1206355812276,0.4766912022432527,0.5070062463193228,0.9178947368421052,0.9343248341641102
2023-09-06,16782.0,16691.0,840,91.0,141.25,130.01390838301543,0.6442477876106195,0.6999251167184197,0.9165668454273646,0.9341195177650017
2023-09-07,16710.0,16568.0,840,142.0,140.55,131.15544091796633,1.0103166133048735,1.0826847823173162,0.9152389540126239,0.9333663731746258
2023-09-08,16588.0,16464.0,840,124.0,137.55,130.47397035435048,0.901490367139222,0.950381134744593,0.9165668454273646,0.9341195177650017
2023-09-11,16598.0,16525.0,840,73.0,132.95,125.0002588920314,0.5490786009778112,0.5839987904589344,0.9152389540126239,0.9343248341641102
2023-09-12,16503.0,16423.0,840,80.0,131.9,120.71451994993316,0.6065200909780136,0.662720607539013,0.9147316039221496,0.9341195177650017
2023-09-13,16607.0,16520.0,840,87.0,128.65,117.50361328803477,0.6762534006995724,0.7404027635025849,0.9142242538316753,0.9333663731746258
2023-09-14,16666.0,16550.0,840,116.0,128.75,117.36041202250765,0.9009708737864077,0.9884082545462882,0.9137865999837533,0.93261322858425
2023-09-15,16875.0,16805.0,840,70.0,124.45,112.84989659179263,0.5624748895138609,0.620292991966206,0.9133489461358314,0.9333663731746258
2023-09-18,16906.0,16711.0,840,195.0,127.85,120.67371596400285,1.5252248728979274,1.6159276976120367,0.9133165394885798,0.93261322858425
2023-09-19,16747.0,16650.0,840,97.0,125.25,118.41907634838353,0.7744510978043913,0.8191247811681154,0.9133489461358314,0.9333663731746258
2023-09-20,16642.0,16529.0,840,113.0,124.0,117.90297383901367,0.9112903225806451,0.9584151808951973,0.9133165394885798,0.93261322858425
2023-09-21,16651.0,16504.0,840,147.0,119.0,120.67411918767904,1.2352941176470589,1.2181568093434973,0.9132841328413284,0.9333663731746258
2023-09-22,16338.0,16217.0,840,121.0,112.5,120.70515545551913,1.0755555555555556,1.0024426839381315,0.9133165394885798,0.9341195177650017
2023-09-25,16402.0,16313.0,840,89.0,109.7,117.6856168407078,0.8113035551504102,0.7562521435432936,0.9133489461358314,0.9343248341641102
2023-09-26,16470.0,16368.0,840,102.0,109.1,116.1917485701642,0.9349220898258479,0.8778592391903434,0.9133165394885798,0.9341195177650017
2023-09-27,16343.0,16198.0,840,145.0,108.95,118.93539156348189,1.330885727397889,1.219149305298298,0.9133489461358314,0.9333663731746258
2023-09-28,16354.0,16226.0,840,128.0,111.6,119.79868760505504,1.1469534050179213,1.0684591171981996,0.9137865999837533,0.9341195177650017
2023-10-02,16448.0,16313.0,840,135.0,111.6,121.24643164266884,1.2096774193548387,1.1134348299656764,0.9142242538316753,0.9343248341641102
2023-10-03,16584.0,16457.0,840,127.0,112.5,121.79439053384324,1.1288888888888888,1.0427409623985127,0.9147316039221496,0.9345301505632186
2023-10-04,16444.0,16282.0,840,162.0,117.2,125.62349619728674,1.3822525597269624,1.2895676756646337,0.9152389540126239,0.9361807201147867
2023-10-05,16349.0,16215.0,840,134.0,119.35,126.42125846421182,1.1227482195224132,1.0599483158754792,0.9165668454273646,0.9378312896663549
2023-10-06,16484.0,16381.0,840,103.0,117.4,124.19066242000116,0.877342419080068,0.8293699219645329,0.9178947368421052,0.9382254283973974
2023-10-11,16668.0,16438.0,840,230.0,122.7,134.26774218952485,1.8744906275468622,1.7129952157484323,0.9165668454273646,0.9378312896663549
2023-10-12,16731.0,16646.0,840,85.0,123.3,129.57557626671297,0.689375506893755,0.6559878215400682,0.9178947368421052,0.9382254283973974
2023-10-13,16859.0,16676.0,840,183.0,128.45,134.66361662226413,1.4246788633709615,1.3589416695477667,0.9165668454273646,0.9378312896663549
2023-10-16,16784.0,16640.0,840,144.0,131.3,135.5527959915723,1.0967250571210967,1.0623167080150295,0.9178947368421052,0.9382254283973974
2023-10-17,16788.0,16637.0,840,151.0,133.05,137.02395827808922,1.134911687335588,1.1019970660426148,0.9179247762688528,0.9386195671284401
2023-10-18,16698.0,16556.0,840,142.0,136.65,137.4978670135093,1.0391511159897548,1.0327432932908578,0.9179548156956004,0.9386760980339874
2023-10-20,16578.0,16457.0,840,121.0,132.95,135.92664158365127,0.9101165851823995,0.8901860488146821,0.9180532157608174,0.9387326289395347
2023-10-23,16447.0,16294.0,840,153.0,135.75,137.55267571854162,1.12707182320442,1.112301154454214,0.9179548156956004,0.9386760980339874
2023-10-24,16348.0,16145.0,840,203.0,140.25,143.78575422153764,1.447415329768271,1.4118227574007653,0.9180532157608174,0.9387326289395347
2023-10-25,16420.0,16292.0,840,128.0,139.3,142.28234905758168,0.9188801148600143,0.8996196706606129,0.9181516158260343,0.9391585294717413
2023-10-26,16383.0,16208.0,840,175.0,142.0,145.39831581400247,1.232394366197183,1.2035902824614888,0.9185158653430243,0.9387326289395347
2023-10-27,16148.0,16033.0,840,115.0,143.3,142.5032381174308,0.8025122121423586,0.8069992059074014,0.9188801148600143,0.9391585294717413
2023-10-30,16177.0,16045.0,840,132.0,144.8,141.50292972529454,0.9116022099447513,0.9328428765132781,0.9185158653430243,0.9387326289395347
2023-10-31,16230.0,16122.0,840,108.0,142.95,138.31217451336173,0.7555089192025184,0.7808423255580195,0.9181516158260343,0.9386760980339874
2023-11-01,16088.0,15994.0,840,94.0,141.25,134.09196741685108,0.6654867256637168,0.7010114163496657,0.9180532157608174,0.9386195671284401
2023-11-02,16219.0,16034.0,840,185.0,143.75,138.94035147238907,1.2869565217391303,1.3315066360456425,0.9179548156956004,0.9382254283973974
2023-11-03,16510.0,16381.0,840,129.0,143.85,137.99365133216153,0.8967674661105318,0.9348256151979549,0.9180532157608174,0.9386195671284401
2023-11-06,16654.0,16472.0,840,182.0,144.85,142.18473215766997,1.256472212633759,1.280024917149181,0.9179548156956004,0.9382254283973974
2023-11-07,16715.0,16625.0,840,90.0,142.65,137.2147576664633,0.6309148264984227,0.6559061250450099,0.9180532157608174,0.9386195671284401
2023-11-08,16775.0,16683.0,840,92.0,142.1,132.90859026965728,0.6474313863476425,0.6922050697651811,0.9179548156956004,0.9382254283973974
2023-11-09,16797.0,16689.0,840,108.0,136.0,130.53634357730897,0.7941176470588235,0.827355792573108,0.9179247762688528,0.9378312896663549
2023-11-10,16843.0,16701.0,840,142.0,138.85,131.62812037947003,1.02268635217861,1.0787968375650197,0.9178947368421052,0.9363284524321549
2023-11-13,17041.0,16743.0,840,298.0,144.6,147.47306129571098,2.0608575380359615,2.0207080356354337,0.9179247762688528,0.9378312896663549
2023-11-14,16956.0,16860.0,840,96.0,142.2,142.57086498183375,0.6751054852320676,0.6733493551591501,0.9179548156956004,0.9382254283973974
2023-11-15,17177.0,16948.0,840,229.0,146.1,150.80221117404005,1.567419575633128,1.518545372890536,0.9179247762688528,0.9378312896663549
2023-11-16,17260.0,17156.0,840,104.0,144.2,146.34485772889337,0.7212205270457698,0.7106501835046501,0.9179548156956004,0.9382254283973974
2023-11-17,17231.0,17122.0,840,109.0,143.6,142.78820461185592,0.7590529247910864,0.763368376934894,0.9179247762688528,0.9378312896663549
2023-11-20,17248.0,17185.0,840,63.0,139.1,135.18932798215536,0.45291157440690155,0.4660131161264137,0.9178947368421052,0.9363284524321549
2023-11-21,17300.0,17188.0,840,112.0,134.55,132.98082055528343,0.8324043106651802,0.8422267175997671,0.9165668454273646,0.9348256151979549
2023-11-22,17421.0,17308.0,840,113.0,133.8,131.07788526430406,0.8445440956651719,0.8620828736452988,0.9152389540126239,0.9346778828805868
2023-11-23,17350.0,17225.0,840,125.0,131.3,130.49903904865604,0.9520182787509519,0.9578614594502436,0.9147316039221496,0.9345301505632186
2023-11-24,17376.0,17285.0,840,91.0,130.1,126.7372258059269,0.6994619523443505,0.7180210819775129,0.9152389540126239,0.9346778828805868
2023-11-27,17316.0,17273.0,840,43.0,125.65,118.76225191964815,0.34222045364106646,0.3620679071418486,0.9147316039221496,0.9345301505632186
2023-11-28,17245.0,17166.0,840,79.0,124.2,114.97537078444357,0.6360708534621577,0.6871036767353386,0.9142242538316753,0.9343248341641102
2023-11-29,17387.0,17322.0,840,65.0,122.75,110.21581166211561,0.5295315682281059,0.5897520421050657,0.9137865999837533,0.9341195177650017
2023-11-30,17445.0,17330.0,840,115.0,119.25,110.67144864667603,0.9643605870020965,1.0391117257996965,0.9133489461358314,0.9334811971391399
2023-12-01,17444.0,17322.0,840,122.0,118.9,111.75035829937354,1.0260723296888141,1.0917190947448077,0.9137865999837533,0.9341195177650017
2023-12-04,17507.0,17366.0,840,141.0,116.85,114.53603846133797,1.2066752246469834,1.231053578368655,0.9142242538316753,0.9343248341641102
2023-12-05,17417.0,17257.0,840,160.0,120.35,118.86593956025816,1.3294557540506855,1.3460542237071138,0.9147316039221496,0.9345301505632186
2023-12-06,17358.0,17272.0,840,86.0,120.05,115.73585007832881,0.7163681799250312,0.7430713987221427,0.9152389540126239,0.9346778828805868
2023-12-07,17428.0,17294.0,840,134.0,121.35,117.47529292801178,1.1042439225381129,1.1406653829934645,0.9147316039221496,0.9345301505632186
2023-12-08,17408.0,17264.0,840,144.0,121.45,120.00145550629638,1.1856731165088514,1.1999854451135756,0.9152389540126239,0.9346778828805868
2023-12-11,17426.0,17336.0,840,90.0,111.05,117.14417402950625,0.8104457451598379,0.7682840460963156,0.9165668454273646,0.9348256151979549
2023-12-12,17520.0,17404.0,840,116.0,112.05,117.03520507431517,1.035252119589469,0.9911547548991106,0.9152389540126239,0.9346778828805868
2023-12-13,17504.0,17397.0,840,107.0,105.95,116.07947125771372,1.0099103350637093,0.921782282781458,0.9165668454273646,0.9348256151979549
2023-12-14,17586.0,17404.0,840,182.0,109.85,122.35761685221718,1.6568047337278107,1.4874431578691054,0.9178947368421052,0.9346778828805868
2023-12-15,17744.0,17642.0,840,102.0,109.5,120.41879619962506,0.9315068493150684,0.8470438438108019,0.9179247762688528,0.9348256151979549
2023-12-18,17708.0,17636.0,840,72.0,109.95,115.80748227585124,0.6548431105047748,0.6217214862550707,0.9179548156956004,0.9346778828805868
2023-12-19,17649.0,17567.0,840,82.0,108.45,112.58772205910351,0.756108805901337,0.7283209794133118,0.9179247762688528,0.9345301505632186
2023-12-20,17608.0,17542.0,840,66.0,106.1,108.1507961487127,0.6220546654099907,0.6102590304489921,0.9178947368421052,0.9343248341641102
2023-12-21,17678.0,17376.0,840,302.0,114.95,126.61262508693054,2.6272292301000433,2.3852281697236024,0.9165668454273646,0.9341195177650017
2023-12-22,17612.0,17504.0,840,108.0,115.8,124.83999412627048,0.9326424870466321,0.8651073780952158,0.9178947368421052,0.9343248341641102
2023-12-25,17628.0,17532.0,840,96.0,118.45,122.09332801900663,0.8104685521317011,0.7862837515990668,0.9179247762688528,0.9341195177650017
2023-12-26,17659.0,17615.0,840,44.0,116.7,114.65586820767267,0.3770351328191945,0.38375706963645456,0.9178947368421052,0.9334811971391399
2023-12-27,17760.0,17707.0,840,53.0,116.1,108.7838807593229,0.45650301464254955,0.48720453462456426,0.9165668454273646,0.9328428765132781
2023-12-28,17881.0,17812.0,840,69.0,113.8,104.99493973462548,0.6063268892794377,0.6571745283572463,0.9152389540126239,0.932728052548764
2023-12-29,17871.0,17827.0,840,44.0,109.9,99.18589785513734,0.4003639672429481,0.4436114503320092,0.9147316039221496,0.93261322858425
2024-01-02,17878.0,17766.0,840,112.0,108.45,100.40628853560045,1.03273397879207,1.1154679814729815,0.9142242538316753,0.9308042390739466
2024-01-03,17817.0,17652.0,840,165.0,108.7,106.55807057982898,1.5179392824287028,1.548451460336725,0.9147316039221496,0.93261322858425
2024-01-04,17585.0,17479.0,840,106.0,109.7,106.50492100079765,0.9662716499544212,0.995259176796217,0.9152389540126239,0.932728052548764
2024-01-05,17609.0,17539.0,840,70.0,106.5,103.02826185786454,0.6572769953051644,0.6794252250568918,0.9165668454273646,0.9328428765132781
2024-01-08,17605.0,17452.0,840,153.0,106.95,107.78747501425839,1.4305750350631137,1.419459913869963,0.9152389540126239,0.932728052548764
2024-01-09,17774.0,17535.0,840,239.0,114.4,120.2839059652814,2.089160839160839,1.9869657381178214,0.9165668454273646,0.9328428765132781
2024-01-10,17555.0,17431.0,840,124.0,114.8,120.63781968287365,1.0801393728222997,1.027870035499354,0.9178947368421052,0.9334811971391399
2024-01-11,17535.0,17441.0,840,94.0,114.15,118.10088447498093,0.8234778799824791,0.7959296868764215,0.9179247762688528,0.9341195177650017
2024-01-12,17595.0,17397.0,840,198.0,114.95,125.71032404879227,1.7224880382775118,1.575049634930141,0.9178947368421052,0.9334811971391399
2024-01-15,17535.0,17411.0,840,124.0,116.05,125.54743604414539,1.068504954760879,0.9876744910696442,0.9179247762688528,0.9341195177650017
2024-01-16,17576.0,17530.0,840,46.0,114.75,117.97148975422678,0.4008714596949891,0.3899247190641828,0.9179548156956004,0.9343248341641102
2024-01-17,17375.0,17285.0,840,90.0,115.15,115.30753834906233,0.7815892314372557,0.7805213890487315,0.9179247762688528,0.9341195177650017
2024-01-19,17516.0,17333.0,840,183.0,121.0,121.75443945867544,1.512396694214876,1.5030252762332488,0.9178947368421052,0.9334811971391399
2024-01-22,17779.0,17650.0,840,129.0,112.35,122.4444928435635,1.1481975967957276,1.0535386035271663,0.9179247762688528,0.9341195177650017
2024-01-23,17834.0,17766.0,840,68.0,110.35,117.2593030489384,0.6162211146352515,0.5799113437645119,0.9179548156956004,0.9343248341641102
2024-01-24,17937.0,17863.0,840,74.0,109.25,113.13936942522999,0.6773455377574371,0.6540605659721669,0.9179247762688528,0.9341195177650017
2024-01-25,18090.0,17903.0,840,187.0,116.4,120.1737151942557,1.606529209621993,1.5560807094772966,0.9178947368421052,0.9334811971391399
2024-01-26,18078.0,17982.0,840,96.0,118.55,117.8714566043266,0.8097849008857022,0.8144465400326292,0.9179247762688528,0.9341195177650017
2024-01-29,18061.0,17960.0,840,101.0,120.15,116.26465121343836,0.8406158967956721,0.8687077193788201,0.9178947368421052,0.9334811971391399
2024-01-30,18152.0,18058.0,840,94.0,122.65,114.14420824072994,0.7664084794129636,0.8235196638427257,0.9165668454273646,0.9328428765132781
2024-01-31,18066.0,17997.0,840,69.0,120.5,109.8447598368509,0.5726141078838174,0.628159232197181,0.9152389540126239,0.932728052548764
2024-02-01,18044.0,17892.0,840,152.0,119.85,113.85954461429367,1.2682519816437214,1.334978112857464,0.9147316039221496,0.93261322858425
2024-02-02,18061.0,17951.0,840,110.0,120.05,113.49196893674188,0.9162848812994586,0.9692315767410095,0.9152389540126239,0.932728052548764
2024-02-05,18084.0,17985.0,840,99.0,121.5,112.11178141895694,0.8148148148148148,0.8830472475505605,0.9157619176560412,0.9328428765132781
2024-02-15,18107.0,18026.0,840,81.0,117.9,109.14875461715151,0.6870229007633587,0.7421064975419496,0.9152389540126239,0.932728052548764
2024-02-16,18727.0,18657.0,840,70.0,109.45,105.42030179647041,0.6395614435815441,0.6640087232452191,0.9147316039221496,0.93261322858425
2024-02-19,18683.0,18618.0,840,65.0,106.5,101.57074924442561,0.6103286384976526,0.6399480212908571,0.9142242538316753,0.9308042390739466
2024-02-20,18678.0,18649.0,840,29.0,103.25,94.65924931638509,0.28087167070217917,0.3063620323363396,0.9137865999837533,0.9289952495636432
2024-02-21,18817.0,18708.0,840,109.0,98.8,96.02503509577699,1.1032388663967612,1.1351206473528654,0.9133489461358314,0.9287454591176487
2024-02-22,18717.0,18670.0,840,47.0,94.95,91.35598413427442,0.4949973670352817,0.5144709505938846,0.9137865999837533,0.9289952495636432
2024-02-23,19004.0,18888.0,840,116.0,98.45,93.70303326434353,1.1782630777044185,1.2379535214484998,0.9133489461358314,0.9287454591176487
2024-02-26,18948.0,18874.0,840,74.0,97.65,91.82655390583463,0.7578084997439836,0.8058671141670499,0.9137865999837533,0.9289952495636432
2024-02-27,18993.0,18956.0,840,37.0,90.35,86.60497734337419,0.4095185390149419,0.4272271771782956,0.9133489461358314,0.9287454591176487
2024-02-29,18929.0,18870.0,840,59.0,86.85,83.97593188210045,0.6793321819228555,0.702582259912687,0.9133165394885798,0.9284956686716542
2024-03-01,19000.0,18891.0,840,109.0,88.9,86.35917646475755,1.2260967379077614,1.2621704428189167,0.9132841328413284,0.9265975462755799
2024-03-04,19175.0,18912.0,840,263.0,98.35,103.18211203954255,2.674123029994916,2.548891419272464,0.9133165394885798,0.9284956686716542
2024-03-05,19437.0,19312.0,840,125.0,95.25,105.26000613101468,1.3123359580052494,1.1875355568991266,0.9133489461358314,0.9287454591176487
2024-03-06,19387.0,19217.0,840,170.0,98.95,111.42571983282281,1.7180394138453765,1.5256800696917994,0.9137865999837533,0.9289952495636432
2024-03-07,19767.0,19488.0,840,279.0,107.85,127.38517508683968,2.5869262865090406,2.190207767974594,0.9142242538316753,0.9308042390739466
2024-03-08,19972.0,19647.0,840,325.0,119.4,146.20563460237875,2.721943048576214,2.2228965448826297,0.9147316039221496,0.93261322858425
2024-03-11,19992.0,19665.0,840,327.0,132.3,163.4241455926284,2.4716553287981857,2.000928313341906,0.9152389540126239,0.932728052548764
2024-03-12,19772.0,19655.0,840,117.0,130.55,159.00279839333047,0.8962083492914591,0.7358361059191754,0.9157619176560412,0.9328428765132781
2024-03-13,20005.0,19865.0,840,140.0,132.05,157.19300807015614,1.0602044680045437,0.8906248548759701,0.9152389540126239,0.932728052548764
2024-03-14,19958.0,19830.0,840,128.0,133.5,154.41272158728412,0.9588014981273408,0.8289472440108898,0.9157619176560412,0.93261322858425
2024-03-15,19966.0,19808.0,840,158.0,137.35,154.75436715039993,1.1503458318165272,1.020972802961003,0.9162848812994586,0.9308042390739466
2024-03-18,19798.0,19710.0,840,88.0,138.25,148.39680837417137,0.6365280289330922,0.5930046674461801,0.917089809070782,0.93261322858425
2024-03-19,19965.0,19840.0,840,125.0,141.25,146.16854090996458,0.8849557522123894,0.8551771757576497,0.9162848812994586,0.9308042390739466
2024-03-20,19887.0,19760.0,840,127.0,146.15,144.34296558520606,0.8689702360588436,0.8798489035132893,0.9157619176560412,0.9289952495636432
2024-03-22,20358.0,20181.0,840,177.0,149.55,147.45315933899596,1.1835506519558676,1.2003811976186662,0.9152389540126239,0.9287454591176487
2024-03-25,20263.0,20185.0,840,78.0,151.1,140.83857273528207,0.5162144275314362,0.5538255499550365,0.9157619176560412,0.9289952495636432
2024-03-26,20278.0,20162.0,840,116.0,151.1,138.47299437954092,0.7677035076108538,0.8377084681367932,0.9152389540126239,0.9287454591176487
2024-03-27,20223.0,20127.0,840,96.0,152.2,134.4279472957751,0.6307490144546649,0.714137215744104,0.9147316039221496,0.9284956686716542
2024-03-28,20285.0,20183.0,840,102.0,155.45,131.33957136284414,0.6561595368285623,0.7766128588786891,0.9142242538316753,0.9265975462755799
2024-03-29,20270.0,20156.0,840,114.0,158.2,129.68818361400184,0.7206068268015171,0.8790315109918151,0.9137865999837533,0.9246994238795055
2024-04-01,20386.0,20285.0,840,101.0,157.8,126.95597565076358,0.6400506970849176,0.7955513671749923,0.9133489461358314,0.9245203926353809
2024-04-02,20397.0,20283.0,840,114.0,150.35,125.72207320783372,0.7582307948121051,0.9067620115645427,0.9133165394885798,0.9243413613912561
2024-04-03,20554.0,20417.0,840,137.0,150.95,126.79616147375431,0.9075852931434251,1.0804743488102972,0.9132841328413284,0.9236144149652361
2024-04-08,20487.0,20342.0,840,145.0,149.7,128.5298603810158,0.9686038744154978,1.128142515444737,0.9131552502065752,0.9243413613912561
2024-04-09,20561.0,20427.0,840,134.0,142.45,129.0508260590143,0.9406809406809408,1.0383505793192092,0.9132841328413284,0.9245203926353809
2024-04-10,20893.0,20749.0,840,144.0,133.4,130.47455691053673,1.0794602698650675,1.1036634529346387,0.9133165394885798,0.9246994238795055
2024-04-11,20874.0,20681.0,840,193.0,126.7,136.42936101429515,1.5232833464877664,1.4146514985126797,0.9133489461358314,0.9265975462755799
2024-04-12,20777.0,20630.0,840,147.0,128.2,137.43608853674323,1.1466458658346335,1.0695880650059382,0.9137865999837533,0.9284956686716542
2024-04-15,20767.0,20489.0,840,278.0,135.1,150.82312772372006,2.0577350111028867,1.843218637590147,0.9142242538316753,0.9287454591176487
2024-04-16,20588.0,20254.0,840,334.0,145.4,168.26854413098482,2.2971114167812927,1.984922385374686,0.9147316039221496,0.9289952495636432
2024-04-17,19974.0,19821.0,840,153.0,145.15,166.81439707089103,1.054081984154323,0.9171870215433483,0.9152389540126239,0.9308042390739466
2024-04-18,20171.0,19933.0,840,238.0,152.65,173.59397830223475,1.5591221749099247,1.371015298616128,0.9157619176560412,0.9289952495636432
2024-04-19,20449.0,19915.0,840,534.0,173.1,207.91836132106954,3.0849220103986137,2.568315739923479,0.9162848812994586,0.9308042390739466
2024-04-22,19766.0,19559.0,840,207.0,177.1,207.83089833811053,1.1688311688311688,0.9960020461598603,0.917089809070782,0.93261322858425
2024-04-23,19728.0,19492.0,840,236.0,180.05,210.51366992495716,1.3107470147181337,1.1210673401120606,0.9178947368421052,0.932728052548764
2024-04-24,19888.0,19678.0,840,210.0,186.65,210.46474897972314,1.1251004553978032,0.9977917965741241,0.9179247762688528,0.9328428765132781
2024-04-25,20160.0,19934.0,840,226.0,192.15,211.94429669593998,1.1761644548529795,1.0663179124099038,0.9179548156956004,0.9334811971391399
2024-04-26,20139.0,19710.0,840,429.0,208.8,232.61626843918378,2.054597701149425,1.8442390245468134,0.9180532157608174,0.9341195177650017
2024-04-29,20266.0,20120.0,840,146.0,211.0,224.36710001640438,0.6919431279620853,0.6507192899017965,0.9181516158260343,0.9343248341641102
2024-04-30,20550.0,20402.0,840,148.0,212.7,217.09404287198493,0.6958157028678891,0.681732202514981,0.9180532157608174,0.9341195177650017
2024-05-02,20466.0,20265.0,840,201.0,217.7,215.56127688417683,0.9232889297197979,0.9324494775005404,0.9179548156956004,0.9334811971391399
2024-05-03,20514.0,20192.0,840,322.0,228.1,225.69829813330284,1.4116615519508988,1.4266833319665488,0.9180532157608174,0.9328428765132781
2024-05-06,20694.0,20333.0,840,361.0,239.3,238.58417450155972,1.50856665273715,1.5130928141155482,0.9181516158260343,0.9334811971391399
2024-05-07,20760.0,20610.0,840,150.0,239.55,230.14758645379212,0.6261740763932373,0.6517556942971299,0.9185158653430243,0.9341195177650017
2024-05-08,20684.0,20609.0,840,75.0,236.6,215.37162583914525,0.3169907016060862,0.3482352872983152,0.9181516158260343,0.9334811971391399
2024-05-09,20756.0,20614.0,840,142.0,236.5,208.38385194970286,0.6004228329809725,0.6814347593223021,0.9180532157608174,0.9328428765132781
2024-05-10,20722.0,20559.0,840,163.0,235.0,204.06158033544546,0.6936170212765957,0.798778485063447,0.9179548156956004,0.932728052548764
2024-05-13,20984.0,20827.0,840,157.0,235.5,199.57952506540303,0.6666666666666666,0.78665384111196,0.9179247762688528,0.93261322858425
2024-05-14,20944.0,20853.0,840,91.0,226.15,189.23861791631703,0.4023877957108114,0.4808743638163802,0.9178947368421052,0.9325313530423952
2024-05-15,21177.0,20944.0,840,233.0,221.1,193.4063685909535,1.053821800090457,1.2047173094531618,0.917089809070782,0.9324494775005404
2024-05-17,21440.0,21268.0,840,172.0,222.05,191.3676668203865,0.7746003152443143,0.8987934213643073,0.9178947368421052,0.9325313530423952
2024-05-20,21460.0,21304.0,840,156.0,217.95,187.9993175993973,0.7157604955264969,0.8297902460072553,0.917089809070782,0.9324494775005404
2024-05-21,21387.0,21239.0,840,148.0,198.65,184.1898587804071,0.7450289453813239,0.8035187223659638,0.9162848812994586,0.9307223635320918
2024-05-22,21335.0,21260.0,840,75.0,192.05,173.7908246108445,0.39052330122363965,0.43155327772879454,0.9157619176560412,0.9289952495636432
2024-05-23,21593.0,21433.0,840,160.0,188.25,172.47741274314504,0.849933598937583,0.9276576999579271,0.9152389540126239,0.9287454591176487
2024-05-24,21691.0,21390.0,840,301.0,192.8,184.7176591485598,1.5612033195020747,1.629513937040095,0.9147316039221496,0.9284956686716542
2024-05-27,21698.0,21544.0,840,154.0,189.2,181.7921678010779,0.813953488372093,0.8471212036401432,0.9152389540126239,0.9287454591176487
2024-05-28,21928.0,21855.0,840,73.0,171.4,171.43100896288001,0.425904317386231,0.42582727851649466,0.9147316039221496,0.9284956686716542
2024-05-29,21970.0,21833.0,840,137.0,170.95,168.15186525212954,0.8014039192746417,0.8147396985134839,0.9142242538316753,0.9280766843147907
2024-05-30,21741.0,21547.0,840,194.0,173.25,170.61359237097435,1.1197691197691197,1.1370723592653469,0.9137865999837533,0.9276576999579271
2024-05-31,21641.0,21397.0,840,244.0,175.4,177.60277404992917,1.3911060433295324,1.3738524147793136,0.9142242538316753,0.9280766843147907
2024-06-03,21428.0,21129.0,840,299.0,174.25,189.16441461660258,1.715925394548063,1.5806355577290347,0.9147316039221496,0.9284956686716542
2024-06-04,21666.0,21405.0,840,261.0,169.25,196.0058989388309,1.5420974889217134,1.331592576616545,0.9152389540126239,0.9287454591176487
2024-06-05,21334.0,21135.0,840,199.0,171.7,196.29105142084703,1.1589982527664533,1.0138006728250948,0.9157619176560412,0.9289952495636432
2024-06-06,21799.0,21373.0,840,426.0,189.25,218.16809414267112,2.250990752972259,1.952622823580322,0.9162848812994586,0.9307223635320918
2024-06-07,21932.0,21743.0,840,189.0,191.6,215.3901804147977,0.9864300626304802,0.8774773280565735,0.917089809070782,0.9324494775005404
2024-06-11,21928.0,21730.0,840,198.0,193.35,213.73397275624555,1.0240496508921646,0.9263852510045772,0.9178947368421052,0.9307223635320918
2024-06-12,21858.0,21646.0,840,212.0,196.1,213.568832493746,1.0810810810810811,0.9926542067237647,0.9179247762688528,0.9289952495636432
2024-06-13,22340.0,22020.0,840,320.0,207.55,223.70513416100826,1.541797157311491,1.4304544292205874,0.9179548156956004,0.9307223635320918
2024-06-14,22403.0,22181.0,840,222.0,207.0,223.54274043138844,1.0724637681159421,0.9930986780048805,0.9180532157608174,0.9324494775005404
2024-06-17,22506.0,22363.0,840,143.0,205.55,215.87200324744668,0.6956944782291413,0.6624295779387566,0.9181516158260343,0.9325313530423952
2024-06-18,22767.0,22482.0,840,285.0,212.0,222.4556219857851,1.3443396226415094,1.2811544048916486,0.9180532157608174,0.9324494775005404
2024-06-19,23008.0,22774.0,840,234.0,216.3,223.55508655856747,1.0818307905686546,1.046721877825384,0.9181516158260343,0.9325313530423952
2024-06-21,23400.0,22974.0,840,426.0,233.85,242.83555450537057,1.8216805644644003,1.7542735900750421,0.9185158653430243,0.93261322858425
2024-06-24,23211.0,22700.0,840,511.0,251.4,268.3750255048591,2.0326173428798726,1.90405198486231,0.9188801148600143,0.932728052548764
2024-06-25,22850.0,22572.0,840,278.0,250.25,269.29168974249154,1.1108891108891108,1.032337835103028,0.920922615569542,0.9328428765132781
2024-06-26,22819.0,22611.0,840,208.0,252.95,263.4543859574924,0.8222968966198854,0.7895104848759672,0.9229651162790699,0.9334811971391399
2024-06-27,22938.0,22612.0,840,326.0,265.6,269.4111111043979,1.2274096385542168,1.210046603733703,0.920922615569542,0.9328428765132781
2024-06-28,22967.0,22751.0,840,216.0,269.55,264.32433861826473,0.8013355592654424,0.8171778699196732,0.9229651162790699,0.9334811971391399
2024-07-01,23104.0,22850.0,840,254.0,272.55,263.3410682736681,0.9319390937442671,0.9645286307414812,0.920922615569542,0.9328428765132781
2024-07-02,23013.0,22800.0,840,213.0,271.0,258.54668081903304,0.7859778597785978,0.823835755018209,0.9229651162790699,0.9334811971391399
2024-07-03,23096.0,22752.0,840,344.0,273.25,266.6850921696013,1.2589204025617566,1.289910872787855,0.920922615569542,0.9328428765132781
2024-07-04,23494.0,23171.0,840,323.0,276.35,272.04841672487737,1.168807671431156,1.1872886594545042,0.9229651162790699,0.9334811971391399
2024-07-05,23697.0,23565.0,840,132.0,273.0,258.71047227488907,0.4835164835164835,0.5102228713020373,0.9231270229994339,0.9341195177650017
2024-07-08,23673.0,23461.0,840,212.0,262.3,254.2618558677568,0.808234845596645,0.8337860953483426,0.9229651162790699,0.9334811971391399
2024-07-09,24053.0,23812.0,840,241.0,264.9,252.9988219755895,0.9097772744431862,0.9525736053555728,0.920922615569542,0.9328428765132781
2024-07-10,23874.0,23710.0,840,164.0,263.2,244.5227436922,0.6231003039513678,0.6706942574079722,0.9188801148600143,0.9334811971391399
2024-07-11,24252.0,23996.0,840,256.0,265.4,245.61581572151428,0.9645817633760363,1.0422781580574583,0.9185158653430243,0.9328428765132781
2024-07-12,24449.0,23981.0,840,468.0,272.8,266.79526184327483,1.715542521994135,1.7541540909183015,0.9188801148600143,0.9334811971391399
2024-07-15,24184.0,23790.0,840,394.0,281.4,278.909998810582,1.4001421464108033,1.4126420769431784,0.920922615569542,0.9341195177650017
2024-07-16,24038.0,23711.0,840,327.0,290.6,283.4899989238599,1.125258086717137,1.1534798449374084,0.9229651162790699,0.9343248341641102
2024-07-17,24086.0,23904.0,840,182.0,285.45,273.82428474063516,0.6375897705377475,0.6646598207035924,0.9231270229994339,0.9345301505632186
2024-07-19,23592.0,22872.0,840,720.0,309.75,316.3172100034318,2.324455205811138,2.2761961007186065,0.9229651162790699,0.9343248341641102
2024-07-22,23009.0,22692.0,840,317.0,304.3,316.38223762215256,1.0417351298061124,1.0019525823652125,0.9231270229994339,0.9345301505632186
2024-07-23,22688.0,22366.0,840,322.0,294.85,316.917262610519,1.0920807190096657,1.0160380578439097,0.9232889297197979,0.9346778828805868
2024-07-26,22866.0,22674.0,840,192.0,290.55,305.02038045713624,0.6608156943727413,0.6294661350571008,0.924607427822862,0.9348256151979549
2024-07-29,22345.0,22076.0,840,269.0,293.6,301.5898680326471,0.9162125340599454,0.8919397781986521,0.9232889297197979,0.9346778828805868
2024-07-30,22266.0,21884.0,840,382.0,296.4,309.24797583906167,1.2887989203778678,1.23525464948815,0.9231270229994339,0.9345301505632186
2024-07-31,22317.0,21786.0,840,531.0,312.15,330.3672162353415,1.7011052378664104,1.6073023408646427,0.9232889297197979,0.9346778828805868
2024-08-01,22687.0,22341.0,840,346.0,316.75,331.8560527843566,1.0923441199684294,1.0426207299730472,0.924607427822862,0.9348256151979549
2024-08-02,22635.0,22008.0,840,627.0,337.45,359.9650001382274,1.8580530448955401,1.7418360111656146,0.9259259259259259,0.9363284524321549
2024-08-05,21524.0,20951.0,840,573.0,348.9,380.25404774411055,1.6423043852106622,1.5068873123096813,0.9262056618552087,0.9378312896663549
2024-08-06,20375.0,18836.0,840,1539.0,409.7,490.6108051018143,3.756407127166219,3.136906044457415,0.9264853977844915,0.9382254283973974
2024-08-07,20746.0,19947.0,840,799.0,443.05,519.9812046159273,1.8034081932061843,1.5365940016815876,0.9275423477412508,0.9386195671284401
2024-08-08,21454.0,20684.0,840,770.0,470.95,543.7925184620294,1.6349930990551014,1.4159812315508449,0.9285992976980101,0.9386760980339874
2024-08-09,21444.0,20565.0,840,879.0,502.85,575.7170405132647,1.748036193695933,1.5267917017296408,0.9287468333948332,0.9387326289395347
2024-08-12,21820.0,21331.0,840,489.0,519.1,567.4582747500966,0.9420150260065497,0.861737367765676,0.9288943690916563,0.9391585294717413
2024-08-13,21924.0,21560.0,840,364.0,524.5,548.0812962024684,0.6939942802669209,0.6641350517196516,0.929122386063135,0.9387326289395347
2024-08-14,22140.0,21692.0,840,448.0,523.5,538.5497441831857,0.8557784145176696,0.8318637318814035,0.9288943690916563,0.9386760980339874
2024-08-15,22202.0,21731.0,840,471.0,527.35,532.1164352133585,0.8931449701336872,0.8851446202956442,0.9287468333948332,0.9386195671284401
2024-08-16,22407.0,21753.0,840,654.0,543.7,543.7243937644672,1.2028692293544232,1.2028152635787432,0.9285992976980101,0.9382254283973974
2024-08-19,22401.0,22166.0,840,235.0,546.35,514.3220705488037,0.43012720783380615,0.45691214407588016,0.9287468333948332,0.9386195671284401
2024-08-20,22578.0,22246.0,840,332.0,526.95,496.95806382987,0.6300408008349938,0.668064418638064,0.9285992976980101,0.9382254283973974
2024-08-21,22496.0,22254.0,840,242.0,523.2,472.6763434651205,0.46253822629969416,0.5119782348867593,0.9275423477412508,0.9378312896663549
2024-08-23,22298.0,21765.0,840,533.0,533.75,478.4214536112995,0.9985948477751756,1.114080474394954,0.9264853977844915,0.9363284524321549
2024-08-26,22439.0,22075.0,840,364.0,542.35,467.52417231498526,0.6711533142804462,0.7785693693603549,0.9275423477412508,0.9378312896663549
2024-08-27,22313.0,21992.0,840,321.0,544.95,453.56948923736763,0.5890448665015139,0.7077195614275772,0.9264853977844915,0.9363284524321549
2024-08-28,22315.0,22066.0,840,249.0,538.3,434.0866807385707,0.4625673416310608,0.573618152891359,0.9262056618552087,0.9348256151979549
2024-08-29,22552.0,22099.0,840,453.0,534.4,435.8879492396592,0.8476796407185629,1.0392579120165863,0.9259259259259259,0.9346778828805868
2024-08-30,22478.0,22193.0,840,285.0,531.35,421.51766835969164,0.5363696245412628,0.6761282418102634,0.924607427822862,0.9348256151979549
2024-09-02,22394.0,22095.0,840,299.0,514.95,409.849318992102,0.5806388969802893,0.7295364080030639,0.9232889297197979,0.9346778828805868
2024-09-03,22267.0,22062.0,840,205.0,496.55,390.33986004047324,0.412848655724499,0.5251833619521822,0.9231270229994339,0.9345301505632186
2024-09-04,22154.0,21336.0,840,818.0,460.5,431.0693971794758,1.776330076004343,1.8976062911267755,0.9229651162790699,0.9343248341641102
2024-09-05,21423.0,20916.0,840,507.0,445.9,438.3008831623829,1.1370262390670554,1.1567396267649437,0.9231270229994339,0.9345301505632186
2024-09-06,21475.0,21125.0,840,350.0,424.9,429.8912752421559,0.8237232289950577,0.8141593471578285,0.9232889297197979,0.9346778828805868
2024-09-09,21530.0,20550.0,840,980.0,429.95,482.2825823619506,2.2793348063728343,2.0320037169920333,0.9231270229994339,0.9345301505632186
2024-09-10,21348.0,21073.0,840,275.0,419.25,462.5413840417648,0.655933214072749,0.5945413956195736,0.9232889297197979,0.9346778828805868
2024-09-11,21185.0,20819.0,840,366.0,419.35,453.3469665139777,0.8727793012996303,0.8073286622261217,0.9231270229994339,0.9345301505632186
2024-09-12,21580.0,20880.0,840,700.0,431.95,476.83773160788456,1.6205579349461743,1.4680046346995612,0.9229651162790699,0.9343248341641102
2024-09-13,21895.0,21579.0,840,316.0,424.2,461.51985240713367,0.744931636020745,0.6846942733922482,0.9231270229994339,0.9345301505632186
2024-09-16,21892.0,21745.0,840,147.0,398.85,431.56558074931144,0.3685596088755171,0.34062030559705275,0.9229651162790699,0.9343248341641102
2024-09-18,21849.0,21600.0,840,249.0,399.55,414.17838258271036,0.6232011012388937,0.6011902370357906,0.920922615569542,0.9341195177650017
2024-09-20,22434.0,22083.0,840,351.0,400.5,408.16139376530936,0.8764044943820225,0.8599539431253097,0.9188801148600143,0.9334811971391399
2024-09-23,22281.0,22097.0,840,184.0,397.6,386.81268959718466,0.46277665995975853,0.4756824296317998,0.9185158653430243,0.9328428765132781
2024-09-24,22390.0,22194.0,840,196.0,380.75,368.64005249269087,0.5147734734077478,0.5316839520683557,0.9181516158260343,0.932728052548764
2024-09-25,22903.0,22504.0,840,399.0,382.5,371.53147606481554,1.0431372549019609,1.073933235014501,0.9180532157608174,0.93261322858425
2024-09-26,23031.0,22747.0,840,284.0,380.65,363.19514501102356,0.746092210692237,0.7819487785041294,0.9181516158260343,0.932728052548764
2024-09-27,23395.0,23006.0,840,389.0,387.65,365.6527502480689,1.0034825228943636,1.0638508796558803,0.9180532157608174,0.93261322858425
2024-09-30,22981.0,22632.0,840,349.0,382.45,364.06677403396714,0.9125375866126292,0.9586153554552017,0.9181516158260343,0.932728052548764
2024-10-01,22435.0,22006.0,840,429.0,389.65,370.25089079263694,1.1009880662132683,1.158673782206418,0.9180532157608174,0.9328428765132781
2024-10-04,22439.0,21889.0,840,550.0,402.2,387.3698535742906,1.3674788662357036,1.419831705862263,0.9181516158260343,0.9334811971391399
2024-10-07,22660.0,22237.0,840,423.0,413.1,390.7632008529296,1.0239651416122004,1.0824970188510747,0.9185158653430243,0.9341195177650017
2024-10-08,22757.0,22453.0,840,304.0,387.4,382.5000388669363,0.7847186370676305,0.7947711610710586,0.9188801148600143,0.9343248341641102
2024-10-09,22834.0,22542.0,840,292.0,376.65,373.88098754627566,0.775255542280632,0.7809971882131579,0.9185158653430243,0.9341195177650017
2024-10-11,22836.0,22569.0,840,267.0,372.5,363.7018458752018,0.7167785234899329,0.7341178028874139,0.9181516158260343,0.9334811971391399
2024-10-14,23076.0,22817.0,840,259.0,336.45,353.730241506135,0.7698023480457721,0.7321963734206424,0.9180532157608174,0.9328428765132781
2024-10-15,23196.0,23017.0,840,179.0,331.65,337.08926612459834,0.53972561435248,0.5310166118841536,0.9179548156956004,0.932728052548764
2024-10-16,23262.0,22809.0,840,453.0,336.0,348.12838363654134,1.3482142857142858,1.301244084920546,0.9179247762688528,0.93261322858425
2024-10-17,23248.0,23025.0,840,223.0,312.15,336.2113947187755,0.7144001281435208,0.663273177241743,0.9179548156956004,0.932728052548764
2024-10-18,23988.0,23450.0,840,538.0,323.25,355.4293571265112,1.6643464810518174,1.5136622488066025,0.9179247762688528,0.93261322858425
2024-10-21,23883.0,23686.0,840,197.0,325.75,340.3408469239863,0.6047582501918649,0.5788314913725272,0.9179548156956004,0.932728052548764
2024-10-22,23688.0,23431.0,840,257.0,326.15,332.4036234074162,0.7879809903418673,0.7731564336319028,0.9179247762688528,0.93261322858425
2024-10-23,23667.0,23476.0,840,191.0,318.15,318.93661165432894,0.6003457488606004,0.598865081714138,0.9178947368421052,0.9325313530423952
2024-10-24,23465.0,23133.0,840,332.0,325.55,320.1807438777262,1.0198126247888188,1.0369143252624444,0.917089809070782,0.9324494775005404
2024-10-25,23421.0,23206.0,840,215.0,326.5,310.1635301750856,0.6584992343032159,0.6931827216392388,0.9178947368421052,0.9325313530423952
2024-10-28,23709.0,23461.0,840,248.0,318.95,304.2431939679346,0.7775513403354758,0.815137379954464,0.917089809070782,0.9324494775005404
2024-10-29,23386.0,23123.0,840,263.0,317.9,300.3152707328932,0.8273041837055678,0.8757463426956992,0.9162848812994586,0.9307223635320918
2024-10-30,23138.0,22879.0,840,259.0,311.4,296.38048304404623,0.8317276814386642,0.8738767051726177,0.916248707679702,0.9289952495636432
2024-11-01,22996.0,22635.0,840,361.0,312.0,302.5347227541371,1.1570512820512822,1.1932514612326872,0.9162125340599454,0.9287454591176487
2024-11-04,22986.0,22692.0,840,294.0,305.25,301.7218920156478,0.9631449631449631,0.9744072531029755,0.916248707679702,0.9289952495636432
2024-11-05,23107.0,22801.0,840,306.0,293.05,302.1293308713004,1.0441904111926292,1.0128112987823363,0.9162848812994586,0.9307223635320918
2024-11-06,23346.0,23047.0,840,299.0,286.85,301.83129935974796,1.0423566323862645,0.9906195965569052,0.917089809070782,0.9324494775005404
2024-11-07,23475.0,22938.0,840,537.0,298.5,324.2283184683434,1.7989949748743719,1.656240277026977,0.9178947368421052,0.9325313530423952
2024-11-08,23744.0,23478.0,840,266.0,297.2,318.68276432850115,0.8950201884253028,0.8346858687525527,0.9179247762688528,0.93261322858425
2024-11-11,23840.0,23494.0,840,346.0,301.15,321.28440582102485,1.1489291050971278,1.0769274628060947,0.9178947368421052,0.9325313530423952
2024-11-12,23564.0,22958.0,840,606.0,318.5,348.40017669521296,1.902668759811617,1.7393791408152477,0.9179247762688528,0.93261322858425
2024-11-13,22926.0,22572.0,840,354.0,327.25,348.9334932004308,1.0817417876241406,1.0145199784437402,0.9179548156956004,0.932728052548764
2024-11-14,23078.0,22674.0,840,404.0,324.8,354.1779224194374,1.2438423645320196,1.1406696307895796,0.9180532157608174,0.9328428765132781
2024-11-15,22879.0,22592.0,840,287.0,328.0,347.7800250461576,0.875,0.8252342841194205,0.9181516158260343,0.9334811971391399
2024-11-18,22832.0,22470.0,840,362.0,319.2,349.134308375095,1.1340852130325816,1.036850264543703,0.9180532157608174,0.9328428765132781
2024-11-19,22659.0,22339.0,840,320.0,325.35,346.35961233937167,0.9835561702781619,0.9238952481747673,0.9181516158260343,0.9334811971391399
2024-11-20,22929.0,22654.0,840,275.0,326.25,339.563458783241,0.842911877394636,0.8098633492113919,0.9185158653430243,0.9328428765132781
2024-11-21,22822.0,22496.0,840,326.0,333.0,338.2717008038847,0.978978978978979,0.9637223546199056,0.9181516158260343,0.932728052548764
2024-11-22,22837.0,22393.0,840,444.0,338.6,348.34106263208616,1.3112817483756645,1.2746128654632591,0.9185158653430243,0.9328428765132781
2024-11-25,23137.0,22976.0,840,161.0,335.9,330.49905666712556,0.47930931824947903,0.4871420863453694,0.9188801148600143,0.9334811971391399
2024-11-26,23030.0,22775.0,840,255.0,336.25,323.3086703178755,0.758364312267658,0.7887199552962352,0.9185158653430243,0.9328428765132781
2024-11-27,22762.0,22493.0,840,269.0,336.55,318.13641600188737,0.7992868815926311,0.8455492250167429,0.9181516158260343,0.932728052548764
2024-11-28,22468.0,22047.0,840,421.0,344.65,327.93294781123143,1.2215290874800524,1.2837990290696284,0.9180532157608174,0.93261322858425
2024-11-29,22333.0,22183.0,840,150.0,334.1,310.98695278159033,0.4489673750374139,0.48233534769976893,0.9181516158260343,0.932728052548764
2024-12-02,22579.0,22160.0,840,419.0,340.35,321.2739096595341,1.2310856471279565,1.304183089264951,0.9180532157608174,0.93261322858425
2024-12-03,23129.0,22803.0,840,326.0,341.35,321.7240135014833,0.9550314926029002,1.013290852777755,0.9181516158260343,0.932728052548764
2024-12-04,23187.0,22936.0,840,251.0,338.95,314.9883931680087,0.7405222009145892,0.7968547586009668,0.9185158653430243,0.9328428765132781
2024-12-05,23365.0,23184.0,840,181.0,321.15,302.22759381867456,0.5635995640666356,0.598886414417187,0.9181516158260343,0.932728052548764
2024-12-06,23453.0,23241.0,840,212.0,318.45,293.63448964546745,0.6657246035484378,0.7219860318723715,0.9180532157608174,0.93261322858425
2024-12-09,23328.0,23172.0,840,156.0,308.95,280.5264430125658,0.5049360737983493,0.5560973087767423,0.9179548156956004,0.9325313530423952
2024-12-10,23477.0,23216.0,840,261.0,291.7,278.6667817732738,0.8947548851559822,0.9366024839385139,0.9179247762688528,0.9324494775005404
2024-12-11,23144.0,22841.0,840,303.0,289.15,280.98423112820007,1.0478990143524123,1.0783523288243004,0.9178947368421052,0.9325313530423952
2024-12-12,23063.0,22800.0,840,263.0,282.1,279.27144721122863,0.9322935129386741,0.9417360873311132,0.9179247762688528,0.93261322858425
2024-12-13,23142.0,22850.0,840,292.0,282.35,280.48369033396875,1.0341774393483265,1.0410587498058048,0.9179548156956004,0.932728052548764
2024-12-16,23226.0,22933.0,840,293.0,278.9,281.6757198259717,1.0505557547508069,1.040203252807962,0.9180532157608174,0.9328428765132781
2024-12-17,23173.0,22962.0,840,211.0,273.45,274.9446988901649,0.7716218687145731,0.7674270529736252,0.9181516158260343,0.9334811971391399
2024-12-18,23029.0,22836.0,840,193.0,269.35,267.14044185300634,0.7165398180805642,0.7224664250057578,0.9180532157608174,0.9328428765132781
2024-12-20,22972.0,22793.0,840,179.0,262.0,258.7461140574819,0.683206106870229,0.6917978291269493,0.9179548156956004,0.932728052548764
2024-12-23,22966.0,22519.0,840,447.0,262.15,276.675055575817,1.7051306503909978,1.6156136630015387,0.9179247762688528,0.93261322858425
2024-12-24,23445.0,23145.0,840,300.0,269.1,278.8964788543106,1.1148272017837235,1.0756679368358517,0.9179548156956004,0.932728052548764
2024-12-25,23376.0,23204.0,840,172.0,264.95,268.7158618205667,0.649179090394414,0.640081306829784,0.9180532157608174,0.9328428765132781
2024-12-26,23421.0,23274.0,840,147.0,258.85,257.12387498051277,0.5678964651342476,0.5717088699411559,0.9179548156956004,0.932728052548764
2024-12-30,23391.0,23089.0,840,302.0,252.9,261.39779164903536,1.1941478845393436,1.155327281438854,0.9179247762688528,0.93261322858425
2024-12-31,23195.0,22920.0,840,275.0,259.15,262.69324006341293,1.0611614894848544,1.0468484074185398,0.9179548156956004,0.932728052548764
2025-01-02,23168.0,22931.0,840,237.0,250.05,260.24626481927834,0.9478104379124175,0.9106758944824006,0.9180532157608174,0.9328428765132781
2025-01-03,22997.0,22731.0,840,266.0,247.05,260.7942395983947,1.0767051204209674,1.0199611786273417,0.9181516158260343,0.932728052548764
2025-01-06,23245.0,22940.0,840,305.0,249.75,265.0043120175952,1.2212212212212212,1.1509246686512378,0.9185158653430243,0.9328428765132781
2025-01-07,23956.0,23618.0,840,338.0,257.6,271.9562823016338,1.312111801242236,1.2428468176554768,0.9188801148600143,0.9334811971391399
2025-01-08,23895.0,23476.0,840,419.0,267.95,285.9604458919544,1.5637245754805003,1.465237608974468,0.920922615569542,0.9341195177650017
2025-01-09,23487.0,23252.0,840,235.0,271.9,281.1070700927207,0.8642883413019493,0.8359803968021414,0.9229651162790699,0.9343248341641102
2025-01-10,23196.0,23006.0,840,190.0,268.35,272.4302062743663,0.7080305571082541,0.6974263338796203,0.920922615569542,0.9341195177650017
2025-01-13,23176.0,22799.0,840,377.0,272.05,282.38923424823616,1.3857746737732033,1.3350367304321369,0.9188801148600143,0.9334811971391399
2025-01-14,22597.0,22315.0,840,282.0,273.0,282.3521643198327,1.032967032967033,0.9987527479356108,0.920922615569542,0.9341195177650017
2025-01-15,22822.0,22542.0,840,280.0,272.4,282.12814867032483,1.0279001468428781,0.992456801349476,0.9229651162790699,0.9343248341641102
2025-01-16,23007.0,22511.0,840,496.0,282.55,302.49689641600816,1.7554415147761457,1.639686244310676,0.9231270229994339,0.9345301505632186
2025-01-17,23529.0,23221.0,840,308.0,287.4,303.0210015192455,1.071677105080028,1.0164311993419317,0.9232889297197979,0.9346778828805868
2025-01-20,23380.0,23191.0,840,189.0,287.2,292.1618585174126,0.6580779944289694,0.646901689902605,0.924607427822862,0.9348256151979549
2025-01-21,23438.0,23171.0,840,267.0,291.6,289.7654910395638,0.9156378600823044,0.9214347748660814,0.9232889297197979,0.9346778828805868
2025-01-22,23630.0,23326.0,840,304.0,284.45,291.12115855960536,1.0687291263842504,1.0442387681613934,0.9231270229994339,0.9345301505632186
2025-02-03,23841.0,23655.0,840,186.0,278.75,281.10961964916675,0.6672645739910313,0.661663589570978,0.9232889297197979,0.9346778828805868
2025-02-04,22935.0,22590.0,840,345.0,287.4,287.19441777781753,1.200417536534447,1.2012768307596515,0.9231270229994339,0.9345301505632186
2025-02-05,23099.0,22838.0,840,261.0,293.1,284.69971132278727,0.8904810644831115,0.916755407960646,0.9232889297197979,0.9346778828805868
2025-02-06,23360.0,23050.0,840,310.0,293.5,287.10926262537896,1.0562180579216354,1.0797283137621685,0.9231270229994339,0.9345301505632186
2025-02-07,23354.0,23242.0,840,112.0,285.35,270.4321899943905,0.3925004380585246,0.4141518803746077,0.9232889297197979,0.9346778828805868
2025-02-10,23528.0,23209.0,840,319.0,289.45,275.05769570921046,1.102090171013992,1.1597566800575727,0.9231270229994339,0.9345301505632186
2025-02-11,23433.0,23240.0,840,193.0,285.8,267.242677070238,0.675297410776767,0.7221900413356315,0.9232889297197979,0.9346778828805868
2025-02-12,23450.0,23213.0,840,237.0,282.4,264.36242211116775,0.8392351274787536,0.8964965523743708,0.9231270229994339,0.9345301505632186
2025-02-13,23436.0,23150.0,840,286.0,279.8,266.4231438148661,1.0221586847748392,1.0734803137025424,0.9229651162790699,0.9343248341641102
2025-02-14,23399.0,23228.0,840,171.0,267.4,257.33522535630743,0.6394913986537024,0.6645028863158267,0.9231270229994339,0.9345301505632186
2025-02-17,23348.0,23064.0,840,284.0,269.85,259.8747277033258,1.0524365388178616,1.0928342379033322,0.9229651162790699,0.9343248341641102
2025-02-18,23555.0,23463.0,840,92.0,264.95,243.88665839824714,0.34723532742026797,0.37722440663306583,0.9231270229994339,0.9345301505632186
2025-02-19,23702.0,23514.0,840,188.0,255.5,238.564119503176,0.735812133072407,0.7880480953779689,0.9229651162790699,0.9343248341641102
2025-02-20,23680.0,23520.0,840,160.0,249.4,231.08182240763543,0.6415396952686447,0.6923954395588723,0.920922615569542,0.9341195177650017
2025-02-21,23643.0,23466.0,840,177.0,244.25,225.9311726545273,0.7246673490276356,0.7834244293090611,0.9188801148600143,0.9334811971391399
2025-02-24,23782.0,23420.0,840,362.0,237.55,238.89010859219138,1.5238897074300146,1.5153411002795816,0.9185158653430243,0.9328428765132781
2025-02-25,23593.0,23263.0,840,330.0,238.65,247.56724110722078,1.3827781269641735,1.3329711900658043,0.9188801148600143,0.9334811971391399
2025-02-26,23346.0,23048.0,840,298.0,244.1,252.3703610017712,1.220811142974191,1.1808042704266235,0.920922615569542,0.9341195177650017
2025-02-27,23590.0,23310.0,840,280.0,244.75,255.0017551920787,1.1440245148110317,1.0980316578177727,0.9229651162790699,0.9343248341641102
2025-03-03,23310.0,22600.0,840,710.0,265.05,298.3349213642617,2.6787398604036974,2.3798756000579044,0.9231270229994339,0.9345301505632186
2025-03-04,22758.0,22110.0,840,648.0,288.15,331.6363574248082,2.2488287350338365,1.953947405018525,0.9232889297197979,0.9346778828805868
2025-03-05,22829.0,22333.0,840,496.0,295.7,347.2900376700645,1.6773757186337506,1.4282010602078203,0.924607427822862,0.9348256151979549
2025-03-06,23032.0,22718.0,840,314.0,298.35,344.11955789196315,1.0524551701022289,0.912473565651217,0.9259259259259259,0.9357140495682343
2025-03-07,22809.0,22408.0,840,401.0,302.9,349.5367428546333,1.323869263783427,1.147232753630051,0.9262056618552087,0.9348256151979549
2025-03-10,22630.0,22241.0,840,389.0,316.75,353.2951482970492,1.228097868981847,1.1010623889828521,0.9264853977844915,0.9357140495682343
2025-03-11,22485.0,21770.0,840,715.0,336.55,387.7432294116159,2.1244985886198187,1.844003829763791,0.9275423477412508,0.9366024839385139
2025-03-12,22161.0,21836.0,840,325.0,343.15,381.7676837533668,0.9471076788576425,0.8513030668409315,0.9285992976980101,0.9372168868024344
2025-03-13,22468.0,22166.0,840,302.0,346.4,374.1707614911414,0.8718244803695151,0.8071181157941705,0.9287468333948332,0.9366024839385139
2025-03-14,22072.0,21856.0,840,216.0,342.9,359.10687944436603,0.6299212598425197,0.6014922363342343,0.9285992976980101,0.9357140495682343
2025-03-17,22215.0,21925.0,840,290.0,348.85,352.5252718782359,0.8313028522287516,0.8226360579906666,0.9275423477412508,0.9348256151979549
2025-03-18,22439.0,22100.0,840,339.0,351.6,351.2371507469754,0.9641638225255972,0.9651598621587988,0.9264853977844915,0.9346778828805868
2025-03-19,22335.0,22094.0,840,241.0,359.05,340.7383744853587,0.6712157081186464,0.707287520415038,0.9275423477412508,0.9348256151979549
2025-03-20,22280.0,21968.0,840,312.0,365.25,338.0013864391341,0.8542094455852156,0.9230731367315965,0.9264853977844915,0.9346778828805868
2025-03-21,22381.0,22168.0,840,213.0,367.9,326.0964924925499,0.5789616743680348,0.6531808986104513,0.9262056618552087,0.9345301505632186
2025-03-24,22212.0,22017.0,840,195.0,368.8,313.6111122551642,0.5287418655097613,0.6217891917086843,0.9259259259259259,0.9343248341641102
2025-03-25,22370.0,22162.0,840,208.0,361.1,303.5529110880057,0.5760177236222652,0.68521826805903,0.924607427822862,0.9341195177650017
2025-03-26,22397.0,22298.0,840,99.0,349.55,284.0716814605766,0.28322128450865397,0.34850358716146507,0.9232889297197979,0.9334811971391399
2025-03-27,22315.0,21970.0,840,345.0,351.9,289.8743784643312,0.9803921568627452,1.1901707278432405,0.9231270229994339,0.9328428765132781
2025-03-28,21985.0,21784.0,840,201.0,347.95,281.4101519439187,0.5776692053455956,0.7142599462440737,0.9232889297197979,0.9334811971391399
2025-03-31,21645.0,21131.0,840,514.0,338.15,303.5615660444979,1.5200354872098183,1.6932314808412035,0.9231270229994339,0.9328428765132781
2025-04-01,21133.0,20689.0,840,444.0,327.95,316.93665499264097,1.3538649184326879,1.4009108539695712,0.9232889297197979,0.9334811971391399
2025-04-02,21388.0,21061.0,840,327.0,319.5,317.89506880286564,1.0234741784037558,1.028641309949921,0.924607427822862,0.9341195177650017
2025-04-07,21668.0,20808.0,840,860.0,346.8,369.5241098692594,2.4798154555940024,2.327317696007102,0.9259259259259259,0.9343248341641102
2025-04-08,19299.0,17566.0,840,1733.0,413.4,499.3789565483776,4.1920657958393805,3.4703104271317344,0.9262056618552087,0.9345301505632186
2025-04-09,18845.0,17726.0,840,1119.0,449.9,558.3904844961511,2.487219382084908,2.0039739771169276,0.9264853977844915,0.9346778828805868
2025-04-10,18902.0,17015.0,840,1887.0,508.5,684.9247240679462,3.7109144542772863,2.7550472828497354,0.9275423477412508,0.9348256151979549
2025-04-11,19744.0,18384.0,840,1360.0,560.25,749.2176074900465,2.427487728692548,1.8152269599697948,0.9285992976980101,0.9357140495682343
2025-04-14,19588.0,19179.0,840,409.0,565.6,716.8159305862325,0.7231258840169731,0.5705788369763325,0.9287468333948332,0.9366024839385139
2025-04-15,19634.0,19348.0,840,286.0,569.1,675.7858419589722,0.5025478826216834,0.4232109970977513,0.9285992976980101,0.9357140495682343
2025-04-16,19911.0,19726.0,840,185.0,563.85,629.0443332009748,0.3281014454198812,0.294096918509071,0.9275423477412508,0.9348256151979549
2025-04-17,19448.0,19001.0,840,447.0,569.25,611.7067776580249,0.7852437417654808,0.7307422711766907,0.9264853977844915,0.9346778828805868
2025-04-18,19583.0,19254.0,840,329.0,573.65,584.7823226429749,0.5735204392922514,0.5626025056863136,0.9262056618552087,0.9345301505632186
2025-04-21,19400.0,19313.0,840,87.0,562.4,537.374482391263,0.1546941678520626,0.16189827178406138,0.9259259259259259,0.9343248341641102
2025-04-22,19141.0,18752.0,840,389.0,571.2,523.2435793063808,0.6810224089635853,0.7434396051560996,0.924607427822862,0.9341195177650017
2025-04-23,19162.0,18810.0,840,352.0,579.05,506.93466699148735,0.6078922372852086,0.6943695567103737,0.9232889297197979,0.9334811971391399
2025-04-24,19776.0,19511.0,840,265.0,581.9,483.8932701351552,0.4554047087128373,0.5476414249902327,0.9231270229994339,0.9328428765132781
2025-04-25,19961.0,19354.0,840,607.0,607.3,495.61772059847374,0.9995060102091224,1.2247342553995622,0.9229651162790699,0.932728052548764
2025-04-28,20077.0,19751.0,840,326.0,606.35,479.4636519700477,0.5376432753360271,0.6799264108144852,0.9231270229994339,0.9328428765132781
2025-04-29,20065.0,19824.0,840,241.0,608.35,456.7528279729003,0.39615353004027287,0.5276376745592888,0.9229651162790699,0.932728052548764
2025-04-30,20230.0,20062.0,840,168.0,591.05,429.2525586421479,0.28423991202097965,0.3913779816046605,0.920922615569542,0.93261322858425
2025-05-02,20438.0,19921.0,840,517.0,594.7,437.6094578190862,0.8693458886833697,1.1814187073939681,0.9188801148600143,0.9325313530423952
2025-05-05,20900.0,20624.0,840,276.0,592.15,422.2180808839351,0.46609811703115767,0.653690622206846,0.9185158653430243,0.93261322858425
2025-05-06,20440.0,20139.0,840,301.0,564.2,410.67350175213176,0.5334987593052108,0.7329423464523239,0.9181516158260343,0.9325313530423952
2025-05-07,20435.0,20158.0,840,277.0,491.4,397.94269206145253,0.5636955636955637,0.6960801279326525,0.9180532157608174,0.9324494775005404
2025-05-08,20615.0,20250.0,840,365.0,453.7,394.80529281750466,0.8044963632356182,0.9245063494341705,0.9179548156956004,0.9307223635320918
2025-05-09,20822.0,20504.0,840,318.0,375.25,387.49050302536136,0.8474350433044637,0.8206652744188334,0.9179247762688528,0.9289952495636432
2025-05-12,20883.0,20728.0,840,155.0,315.0,365.3485503562793,0.49206349206349204,0.424252401847079,0.9178947368421052,0.9287454591176487
2025-05-13,21505.0,21068.0,840,437.0,316.4,372.17249794139553,1.3811630847029077,1.1741867075541208,0.917089809070782,0.9284956686716542
2025-05-14,21723.0,21314.0,840,409.0,322.55,375.67987908983406,1.2680204619438846,1.0886928546476622,0.9178947368421052,0.9287454591176487
2025-05-15,21889.0,21737.0,840,152.0,320.9,354.3770334622308,0.4736678092863821,0.42892170103399213,0.9179247762688528,0.9289952495636432
2025-05-16,21815.0,21629.0,840,186.0,307.85,338.3411255134469,0.6041903524443722,0.5497410334547335,0.9178947368421052,0.9287454591176487
2025-05-19,21930.0,21758.0,840,172.0,300.0,322.4991135597853,0.5733333333333334,0.5333347992850046,0.917089809070782,0.9284956686716542
2025-05-20,21773.0,21475.0,840,298.0,310.55,320.1658646493296,0.9595878280470134,0.9307675580168193,0.9162848812994586,0.9280766843147907
2025-05-21,21615.0,21494.0,840,121.0,297.15,301.19768706367915,0.40720174995793373,0.4017295125324724,0.917089809070782,0.9284956686716542
2025-05-22,21725.0,21390.0,840,335.0,296.3,304.4169549623764,1.130610867364158,1.1004643287408333,0.9162848812994586,0.9280766843147907
2025-05-23,21588.0,21333.0,840,255.0,295.8,299.71057829929293,0.8620689655172413,0.8508208200290993,0.917089809070782,0.9284956686716542
2025-05-26,21526.0,21072.0,840,454.0,288.15,314.4048089374555,1.575568280409509,1.4439982694104214,0.9162848812994586,0.9280766843147907
2025-05-27,21435.0,21333.0,840,102.0,276.95,294.1757795148407,0.3682975266293555,0.346731468403755,0.917089809070782,0.9284956686716542
2025-05-28,21417.0,21218.0,840,199.0,274.85,285.1114195610464,0.7240312897944333,0.6979727445024042,0.9162848812994586,0.9280766843147907
2025-05-29,21316.0,21192.0,840,124.0,272.65,269.7674748409467,0.45479552539886303,0.45965511621854954,0.916248707679702,0.9276576999579271
2025-06-02,21285.0,20934.0,840,351.0,264.35,277.50390580847557,1.3277851333459427,1.2648470621608083,0.9162125340599454,0.9270214754812522
2025-06-03,21102.0,20830.0,840,272.0,264.15,276.97972430290645,1.0297179632784403,0.9820213399538928,0.916248707679702,0.9276576999579271
2025-06-04,21254.0,20975.0,840,279.0,263.05,277.17213151215344,1.06063486029272,1.006594705167054,0.9162848812994586,0.9280766843147907
2025-06-05,21597.0,21453.0,840,144.0,256.4,264.4890713681388,0.561622464898596,0.5444459359138069,0.917089809070782,0.9284956686716542
2025-06-06,21752.0,21502.0,840,250.0,250.65,263.1091598092684,0.997406742469579,0.9501759656761041,0.9162848812994586,0.9280766843147907
2025-06-09,21712.0,21534.0,840,178.0,243.65,255.00352554171906,0.7305561255899856,0.6980295649711669,0.917089809070782,0.9284956686716542
2025-06-10,21880.0,21721.0,840,159.0,243.85,245.8603326329839,0.6520401886405577,0.6467086345211794,0.9162848812994586,0.9280766843147907
2025-06-11,22312.0,22096.0,840,216.0,232.8,243.01649142984257,0.9278350515463917,0.8888285676791524,0.916248707679702,0.9276576999579271
2025-06-12,22493.0,22311.0,840,182.0,221.45,237.2053970079528,0.8218559494242493,0.7672675339418946,0.9162848812994586,0.9270214754812522
2025-06-13,22350.0,22135.0,840,215.0,224.6,235.09059729290968,0.9572573463935886,0.9145410427968843,0.916248707679702,0.9263852510045772
2025-06-16,22146.0,21948.0,840,198.0,225.2,231.55815945548972,0.8792184724689166,0.8550767568095985,0.9162848812994586,0.9255423374420414
2025-06-17,22278.0,22036.0,840,242.0,228.7,232.5526204597288,1.0581547879317885,1.040624696129396,0.916248707679702,0.9246994238795055
2025-06-18,22189.0,22028.0,840,161.0,221.85,225.73808517784985,0.7257155735857561,0.7132159372803869,0.9162848812994586,0.9255423374420414
2025-06-19,21990.0,21741.0,840,249.0,228.25,227.95350563710224,1.0909090909090908,1.0923280135748532,0.916248707679702,0.9246994238795055
2025-06-20,21699.0,21466.0,840,233.0,223.15,228.43412414785442,1.0441407125252071,1.0199877136096809,0.9162848812994586,0.9255423374420414
2025-06-23,21789.0,21408.0,840,381.0,229.45,242.96420756234448,1.660492482022227,1.5681322110057532,0.917089809070782,0.9263852510045772
2025-06-24,21628.0,21350.0,840,278.0,220.65,246.30094969926407,1.259913890777249,1.1287004793909272,0.9178947368421052,0.9270214754812522
2025-06-25,22160.0,21927.0,840,233.0,227.2,245.03419258504843,1.0255281690140845,0.9508877007813042,0.9179247762688528,0.9276576999579271
2025-06-26,22213.0,22106.0,840,107.0,222.6,231.88807900552,0.4806828391734052,0.46142949848427917,0.9179548156956004,0.9280766843147907
2025-06-27,22188.0,22009.0,840,179.0,225.35,226.85111910023238,0.7943199467495008,0.7890637732358299,0.9179247762688528,0.9276576999579271
2025-06-30,22218.0,22036.0,840,182.0,216.9,222.5795839478293,0.839096357768557,0.8176850579550873,0.9178947368421052,0.9270214754812522
2025-07-01,22160.0,22013.0,840,147.0,210.65,215.3815283337503,0.6978400189888441,0.6825097822326348,0.917089809070782,0.9263852510045772
2025-07-02,22409.0,22219.0,840,190.0,206.2,212.9642399210122,0.921435499515034,0.8921685634661971,0.9162848812994586,0.9255423374420414
2025-07-03,22582.0,22281.0,840,301.0,214.05,221.34859802377292,1.4062135015183368,1.3598459745729787,0.917089809070782,0.9246994238795055
2025-07-04,22874.0,22652.0,840,222.0,212.65,221.41063630722311,1.0439689630848812,1.0026618580868856,0.9178947368421052,0.9255423374420414
2025-07-07,22435.0,22315.0,840,120.0,209.75,211.75248046843996,0.5721096543504172,0.566699382857454,0.9179247762688528,0.9263852510045772
2025-07-08,22427.0,22177.0,840,250.0,214.3,215.39510137620758,1.1665888940737283,1.1606577791356163,0.9178947368421052,0.9255423374420414
2025-07-09,22295.0,22188.0,840,107.0,208.85,205.07175838799733,0.5123294230308835,0.5217685791602527,0.9179247762688528,0.9263852510045772
2025-07-10,22568.0,22366.0,840,202.0,209.85,204.77920997009284,0.9625923278532286,0.9864282610988746,0.9178947368421052,0.9255423374420414
2025-07-11,22695.0,22507.0,840,188.0,208.5,203.18118997294113,0.9016786570743405,0.9252825028982117,0.9179247762688528,0.9263852510045772
2025-07-14,22752.0,22630.0,840,122.0,204.7,195.44964807075627,0.5959941377625794,0.6242016867476468,0.9178947368421052,0.9258338769513945
2025-07-15,22612.0,22462.0,840,150.0,200.1,191.12111015925566,0.7496251874062969,0.7848426574908934,0.917089809070782,0.9252825028982117
2025-07-16,22942.0,22814.0,840,128.0,198.45,185.10957585837417,0.6449987402368356,0.6914823255709459,0.9162848812994586,0.9249909633888587
2025-07-17,22986.0,22810.0,840,176.0,194.8,184.24199720519567,0.9034907597535934,0.9552653720095299,0.916248707679702,0.9246994238795055
2025-07-18,23414.0,23250.0,840,164.0,191.35,182.314187947558,0.8570681996341782,0.8995460081646196,0.9162125340599454,0.9249909633888587
2025-07-21,23323.0,23177.0,840,146.0,179.6,178.85569385731438,0.8129175946547884,0.8163005429196699,0.9159251970711249,0.9246994238795055
2025-07-22,23395.0,23234.0,840,161.0,173.75,177.1551515851892,0.9266187050359712,0.9088078927390344,0.9156378600823044,0.9246028866568381
2025-07-23,23047.0,22862.0,840,185.0,171.35,177.90228000564738,1.0796615115261161,1.0398967342865268,0.9159251970711249,0.9245063494341705
2025-07-24,23345.0,23153.0,840,192.0,175.6,179.24492000510955,1.0933940774487472,1.0711600640873218,0.9162125340599454,0.9246028866568381
2025-07-25,23327.0,23188.0,840,139.0,173.6,175.4120704808134,0.8006912442396313,0.7924198124963346,0.916248707679702,0.9246994238795055
2025-07-28,23368.0,23189.0,840,179.0,173.45,175.75377805406927,1.031997693859902,1.018470282584378,0.9162125340599454,0.9246028866568381
2025-07-29,23400.0,23246.0,840,154.0,173.8,173.68198966796743,0.8860759493670886,0.8866780044056726,0.916248707679702,0.9246994238795055
2025-07-30,23270.0,23132.0,840,138.0,171.2,170.2837049376848,0.8060747663551402,0.8104122473169174,0.9162125340599454,0.9246028866568381
2025-07-31,23444.0,23222.0,840,222.0,167.25,175.20906637219102,1.3273542600896862,1.2670577190817998,0.9159251970711249,0.9245063494341705
2025-08-01,23683.0,23310.0,840,373.0,174.8,194.04629814626807,2.1338672768878717,1.9222216737102624,0.9162125340599454,0.9246028866568381
2025-08-04,23323.0,22979.0,840,344.0,186.0,208.32760308471873,1.8494623655913978,1.6512454178244858,0.916248707679702,0.9246994238795055
2025-08-05,23432.0,23267.0,840,165.0,181.75,204.2011646956979,0.9078404401650619,0.808026733079041,0.9162848812994586,0.9249909633888587
2025-08-06,23622.0,23376.0,840,246.0,188.7,208.18200615325048,1.303656597774245,1.1816583217038954,0.916248707679702,0.9246994238795055
2025-08-07,23526.0,23291.0,840,235.0,190.35,210.73610080532185,1.2345679012345678,1.1151387878106995,0.9162848812994586,0.9249909633888587
2025-08-08,24132.0,23930.0,840,202.0,191.05,209.90409120481502,1.0573148390473697,0.9623442727607316,0.917089809070782,0.9252825028982117
2025-08-11,24020.0,23905.0,840,115.0,190.7,200.86560632816597,0.6030414263240692,0.5725221062092518,0.9178947368421052,0.9258338769513945
2025-08-12,24194.0,24071.0,840,123.0,189.35,193.44983429691206,0.6495907050435701,0.6358237547581264,0.917089809070782,0.9252825028982117
2025-08-13,24328.0,24133.0,840,195.0,192.7,193.59746912577756,1.0119356512714064,1.00724457236221,0.9162848812994586,0.9249909633888587
2025-08-14,24440.0,24305.0,840,135.0,190.65,188.0167577804654,0.7081038552321007,0.718021104042388,0.917089809070782,0.9252825028982117
2025-08-15,24319.0,24193.0,840,126.0,188.75,182.11039989661157,0.6675496688741722,0.6918879980030422,0.9162848812994586,0.9249909633888587
2025-08-18,24340.0,24138.0,840,202.0,191.55,184.0046475255057,1.0545549464891673,1.0977983584463533,0.916248707679702,0.9246994238795055
2025-08-19,24439.0,24356.0,840,83.0,187.65,174.38515728498135,0.4423128164135358,0.4759579386929179,0.9162848812994586,0.9249909633888587
2025-08-20,24380.0,24211.0,840,169.0,186.85,173.87228516260217,0.9044688252609044,0.9719777930217821,0.916248707679702,0.9246994238795055
2025-08-21,23758.0,23531.0,840,227.0,188.6,178.93206752806861,1.2036055143160127,1.268637886634776,0.9162125340599454,0.9249909633888587
2025-08-22,23929.0,23754.0,840,175.0,190.4,178.55758490634778,0.9191176470588235,0.9800759799242709,0.916248707679702,0.9252825028982117
2025-08-25,24123.0,23717.0,840,406.0,201.75,200.21876729621943,2.0123915737298637,2.027781938140352,0.9162848812994586,0.9258338769513945
2025-08-26,24258.0,24139.0,840,119.0,200.0,192.48364660134138,0.595,0.6182343388706909,0.917089809070782,0.9263852510045772
2025-08-27,24357.0,24189.0,840,168.0,201.5,190.15187073454697,0.8337468982630273,0.8835043239439326,0.9162848812994586,0.9258338769513945
2025-08-28,24488.0,24318.0,840,170.0,198.9,188.2326449503044,0.8547008547008547,0.9031377104905579,0.916248707679702,0.9252825028982117
2025-08-29,24443.0,24256.0,840,187.0,189.6,188.11525019313257,0.9862869198312236,0.994071452516542,0.9162125340599454,0.9249909633888587
2025-09-01,24284.0,24033.0,840,251.0,184.95,194.1042739842628,1.3571235469045688,1.2931193880890541,0.916248707679702,0.9252825028982117
2025-09-02,24096.0,24008.0,840,88.0,181.1,183.99910503338063,0.48591938155715075,0.4782631958130192,0.9162848812994586,0.9258338769513945
2025-09-03,24022.0,23691.0,840,331.0,185.35,197.99919026829676,1.785810628540599,1.6717240083228717,0.916248707679702,0.9252825028982117
2025-09-04,24188.0,23977.0,840,211.0,184.15,199.23736262369707,1.1458050502307902,1.0590383109945056,0.9162848812994586,0.9258338769513945
2025-09-05,24338.0,24120.0,840,218.0,184.95,201.02428046905925,1.1786969451203029,1.0844461151226634,0.917089809070782,0.9263852510045772
2025-09-08,24549.0,24288.0,840,261.0,192.25,206.73625375772028,1.3576072821846554,1.2624781346085183,0.9178947368421052,0.9270214754812522
2025-09-09,24720.0,24562.0,840,158.0,194.0,202.09470578079453,0.8144329896907216,0.7818116728469741,0.9179247762688528,0.9276576999579271
2025-09-10,24977.0,24750.0,840,227.0,195.6,204.466638563576,1.1605316973415134,1.1102055650482932,0.9178947368421052,0.9270214754812522
2025-09-11,25475.0,25165.0,840,310.0,204.35,214.51743489085447,1.5170051382432101,1.4451039849405556,0.9179247762688528,0.9276576999579271
2025-09-12,25446.0,25255.0,840,191.0,207.6,212.27767918696358,0.9200385356454721,0.8997648774545756,0.9179548156956004,0.9280766843147907
2025-09-15,25439.0,25319.0,840,120.0,203.5,203.48932878820514,0.5896805896805897,0.5897115132012543,0.9180532157608174,0.9276576999579271
2025-09-16,25449.0,25284.0,840,165.0,207.6,199.8236784274237,0.7947976878612717,0.8257279682694275,0.9179548156956004,0.9270214754812522
2025-09-17,25649.0,25504.0,840,145.0,206.4,194.60237572005,0.7025193798449613,0.7451090947039275,0.9179247762688528,0.9263852510045772
2025-09-18,25635.0,25349.0,840,286.0,209.35,203.3069113657595,1.3661332696441366,1.4067401746390775,0.9178947368421052,0.9258338769513945
2025-09-19,25888.0,25594.0,840,294.0,215.3,211.9443483785443,1.3655364607524383,1.3871565920450957,0.9179247762688528,0.9263852510045772
2025-09-22,25757.0,25642.0,840,115.0,200.75,202.71155329487343,0.572851805728518,0.5673085629841521,0.9179548156956004,0.9270214754812522
2025-09-23,26106.0,25792.0,840,314.0,210.5,213.31045298107594,1.491686460807601,1.4720328779567913,0.9179247762688528,0.9263852510045772
2025-09-24,26544.0,26245.0,840,299.0,217.05,221.47136222097348,1.3775627735544804,1.3500616829261753,0.9179548156956004,0.9270214754812522
2025-09-25,26296.0,26108.0,840,188.0,217.95,218.28361343802362,0.8625831612755219,0.8612648335756915,0.9180532157608174,0.9276576999579271
2025-09-26,26094.0,25845.0,840,249.0,221.05,221.20898358678326,1.12644198145216,1.1256324040850445,0.9179548156956004,0.9270214754812522
2025-09-30,25792.0,25566.0,840,226.0,219.8,221.66527086423247,1.0282074613284804,1.0195552921703397,0.9180532157608174,0.9276576999579271
2025-10-01,26161.0,25913.0,840,248.0,227.8,224.17334030573414,1.0886742756804213,1.1062867674709684,0.9181516158260343,0.9280766843147907
2025-10-02,26445.0,25920.0,840,525.0,237.5,252.8234983718547,2.210526315789474,2.076547486214379,0.9185158653430243,0.9284956686716542
2025-10-03,26607.0,26365.0,840,242.0,239.05,251.79268900310663,1.0123405145367077,0.9611081281117506,0.9188801148600143,0.9287454591176487
2025-10-07,26845.0,26632.0,840,213.0,238.8,248.09814719328696,0.8919597989949748,0.8585311998886357,0.918998880959419,0.9289952495636432
2025-10-08,27396.0,27007.0,840,389.0,245.2,261.51737127011677,1.5864600326264275,1.4874728898915424,0.9188801148600143,0.9287454591176487
2025-10-09,27440.0,27000.0,840,440.0,259.3,278.51571686343897,1.6968762051677593,1.5798031254937743,0.918998880959419,0.9289952495636432
2025-10-13,27396.0,27059.0,840,337.0,264.8,284.0856485907305,1.2726586102719033,1.186261965966119,0.9191176470588235,0.9298814037902312
2025-10-14,27280.0,26888.0,840,392.0,268.9,294.3632058678038,1.4577910003718857,1.331688173609728,0.9195780913521479,0.9307675580168193
2025-10-15,27027.0,26500.0,840,527.0,285.7,316.51909102325106,1.8445922296114807,1.6649864572032633,0.9200385356454721,0.9316085177586799
2025-10-16,27565.0,27230.0,840,335.0,296.45,318.27917759246526,1.1300387923764548,1.0525350811008587,0.9207370175802531,0.9324494775005404
2025-10-17,27814.0,27446.0,840,368.0,306.6,323.01449401223044,1.2002609262883235,1.1392677629693801,0.921435499515034,0.9325313530423952
2025-10-20,27489.0,27037.0,840,452.0,321.95,335.29882791582753,1.4039447119117876,1.3480512377856233,0.922200307897052,0.93261322858425
2025-10-21,27952.0,27703.0,840,249.0,320.1,327.07989192384395,0.7778819119025304,0.7612818951828938,0.9229651162790699,0.932728052548764
2025-10-22,27948.0,27705.0,840,243.0,317.55,319.07228316919213,0.7652338214454416,0.761582916530378,0.922200307897052,0.93261322858425
2025-10-23,27738.0,27311.0,840,427.0,333.15,329.3511133435548,1.2817049377157437,1.2964887097697013,0.921435499515034,0.9325313530423952
2025-10-27,27804.0,27496.0,840,308.0,332.85,327.31767397750195,0.9253417455310199,0.9409818793383282,0.922200307897052,0.93261322858425
2025-10-28,28320.0,28065.0,840,255.0,330.65,320.4302764558351,0.7712082262210798,0.795804949583616,0.9229651162790699,0.932728052548764
2025-10-29,28258.0,27953.0,840,305.0,336.5,318.96072631718414,0.9063893016344725,0.9562305789857615,0.922200307897052,0.93261322858425
2025-10-30,28525.0,28261.0,840,264.0,337.25,313.72637142983325,0.7828020756115641,0.8414976362898621,0.921435499515034,0.932728052548764
2025-10-31,28438.0,28200.0,840,238.0,337.85,306.51433605556343,0.7044546396329732,0.7764726539800622,0.9207370175802531,0.93261322858425
2025-11-03,28458.0,28150.0,840,308.0,340.85,306.65582785979547,0.9036232947044154,1.00438332494636,0.9200385356454721,0.9325313530423952
2025-11-04,28572.0,28273.0,840,299.0,329.55,305.9267013969578,0.9072978303747534,0.9773582973786586,0.9195780913521479,0.93261322858425
2025-11-05,28229.0,27906.0,840,323.0,333.6,307.5527298353428,0.9682254196642686,1.0502264121437885,0.9191176470588235,0.932728052548764
2025-11-06,28157.0,27746.0,840,411.0,343.5,317.4048508034054,1.1965065502183405,1.2948762407369938,0.9195780913521479,0.9328428765132781
2025-11-07,28136.0,27614.0,840,522.0,350.15,336.89010310784295,1.4907896615736114,1.5494667109080997,0.9200385356454721,0.9334811971391399
2025-11-10,27812.0,27155.0,840,657.0,361.0,367.37675995471506,1.81994459833795,1.7883548215760452,0.9207370175802531,0.9341195177650017
2025-11-11,28107.0,27793.0,840,314.0,359.85,362.29325900664696,0.8725857996387383,0.8667011935605433,0.921435499515034,0.9343248341641102
2025-11-12,27982.0,27705.0,840,277.0,354.1,354.1700914822044,0.7822648969217735,0.7821100840015965,0.9207370175802531,0.9341195177650017
2025-11-13,28176.0,27977.0,840,199.0,337.7,339.3919875315183,0.5892804264139769,0.5863426577845168,0.9200385356454721,0.9334811971391399
2025-11-14,28072.0,27432.0,840,640.0,352.95,368.02132205232607,1.813288001133305,1.7390296747779288,0.9195780913521479,0.9328428765132781
2025-11-17,27600.0,26954.0,840,646.0,366.85,394.49548185686643,1.7609377129617008,1.6375345972514488,0.9200385356454721,0.9334811971391399
2025-11-18,27577.0,27070.0,840,507.0,369.6,405.2101978704982,1.3717532467532467,1.2512024689024066,0.9207370175802531,0.9341195177650017
2025-11-19,27021.0,26695.0,840,326.0,373.45,397.66636950187933,0.8729414914981926,0.8197826746283592,0.921435499515034,0.9343248341641102
2025-11-20,27073.0,26658.0,840,415.0,382.05,399.3171914540813,1.0862452558565632,1.0392740630294703,0.9207370175802531,0.9341195177650017
2025-11-21,27540.0,26688.0,840,852.0,403.3,442.42983988702593,2.1125712868832136,1.925729060719678,0.921435499515034,0.9343248341641102
2025-11-24,26802.0,26247.0,840,555.0,415.65,453.15080751683297,1.335258029592205,1.2247578307126457,0.922200307897052,0.9345301505632186
2025-11-25,27053.0,26454.0,840,599.0,432.85,467.0412068009441,1.3838512186669747,1.2825420782524175,0.9229651162790699,0.9346778828805868
2025-11-26,27183.0,26650.0,840,533.0,444.25,473.32299662942563,1.1997749015194148,1.126080929503826,0.9231270229994339,0.9348256151979549
2025-11-27,27512.0,27222.0,840,290.0,445.55,455.8636636170994,0.6508809336774772,0.6361551120327593,0.9232889297197979,0.9357140495682343
2025-11-28,27589.0,27524.0,840,65.0,436.9,418.63855279642326,0.1487754634927901,0.15526520327813284,0.9231270229994339,0.9348256151979549
2025-12-01,27864.0,27693.0,840,171.0,430.05,395.0539287205734,0.3976281827694454,0.4328522957708653,0.9229651162790699,0.9346778828805868
2025-12-02,27737.0,27407.0,840,330.0,431.6,388.8583164614712,0.7645968489341983,0.848638144100737,0.922200307897052,0.9345301505632186
2025-12-03,27854.0,27567.0,840,287.0,429.8,379.15752441752153,0.6677524429967426,0.7569413278581297,0.921435499515034,0.9343248341641102
2025-12-04,27860.0,27610.0,840,250.0,421.75,366.856807806329,0.5927682276229994,0.6814647968369718,0.9207370175802531,0.9341195177650017
2025-12-05,27854.0,27702.0,840,152.0,403.25,346.3942546819167,0.3769373837569746,0.4388063541630532,0.9200385356454721,0.9334811971391399
2025-12-08,28182.0,27972.0,840,210.0,380.9,333.40432566459134,0.5513258072985036,0.6298658530641335,0.9195780913521479,0.9328428765132781
2025-12-09,28334.0,28169.0,840,165.0,373.45,317.3658184584398,0.44182621502209135,0.5199047610151103,0.9191176470588235,0.932728052548764
2025-12-10,28312.0,28133.0,840,179.0,368.55,304.1881214623979,0.485687152353819,0.5884516434746024,0.918998880959419,0.93261322858425
2025-12-11,28700.0,28342.0,840,358.0,376.5,309.31306227550283,0.950863213811421,1.1574034325169626,0.9188801148600143,0.9325313530423952
2025-12-12,28347.0,28095.0,840,252.0,357.1,303.85467539212164,0.7056846821618594,0.8293438291670067,0.918998880959419,0.93261322858425
2025-12-15,28335.0,27712.0,840,623.0,355.95,334.2494682119196,1.7502458210422813,1.8638773109580773,0.9188801148600143,0.9325313530423952
2025-12-16,28030.0,27667.0,840,363.0,348.75,336.98761409649865,1.0408602150537634,1.0771909257651604,0.918998880959419,0.93261322858425
2025-12-17,27797.0,27561.0,840,236.0,344.25,327.3697460873083,0.6855482933914306,0.7208974036869604,0.9191176470588235,0.932728052548764
2025-12-18,27961.0,27348.0,840,613.0,354.15,354.57262741232654,1.7309049837639419,1.7288418580804676,0.918998880959419,0.93261322858425
2025-12-19,27915.0,27579.0,840,336.0,328.35,352.8038057540097,1.0232983097304704,0.9523706788873869,0.9191176470588235,0.932728052548764
2025-12-22,28188.0,27870.0,840,318.0,316.5,349.4891575869612,1.004739336492891,0.909899472119887,0.9195780913521479,0.9328428765132781
2025-12-23,28400.0,28289.0,840,111.0,292.1,326.7759044834411,0.38000684697021564,0.339682328094129,0.9200385356454721,0.932728052548764
2025-12-24,28562.0,28336.0,840,226.0,276.75,317.1781992945419,0.8166214995483289,0.7125332084697571,0.9195780913521479,0.93261322858425
2025-12-26,28568.0,28457.0,840,111.0,267.8,297.5421803141094,0.41448842419716203,0.37305635080989025,0.9191176470588235,0.9325313530423952
2025-12-29,28735.0,28616.0,840,119.0,270.5,280.53816314133707,0.4399260628465804,0.42418471222415105,0.918998880959419,0.9324494775005404
2025-12-30,28955.0,28716.0,840,239.0,273.9,276.58214760406685,0.8725812340270173,0.8641194020307251,0.9188801148600143,0.9316085177586799
2025-12-31,28972.0,28786.0,840,186.0,266.7,267.95527640367953,0.6974128233970754,0.6941456891477202,0.9185158653430243,0.9307675580168193
2026-01-02,29118.0,28961.0,840,157.0,260.2,257.38810722237673,0.6033820138355112,0.6099737928619834,0.9181516158260343,0.9298814037902312
2026-01-05,29796.0,29463.0,840,333.0,264.35,264.58923986786465,1.2596935880461508,1.2585545813061012,0.9180532157608174,0.9289952495636432
2026-01-06,30418.0,30209.0,840,209.0,267.2,259.29502654711564,0.782185628742515,0.8060316573870857,0.9181516158260343,0.9298814037902312
2026-01-07,30665.0,30455.0,840,210.0,267.2,254.60026211405702,0.7859281437125749,0.8248224029947119,0.9180532157608174,0.9289952495636432
2026-01-08,30563.0,30266.0,840,297.0,273.8,258.63833238890874,1.0847333820306793,1.1483216631377273,0.9179548156956004,0.9287454591176487
2026-01-09,30583.0,30325.0,840,258.0,277.75,258.5775388280603,0.9288928892889289,0.9977664772018565,0.9180532157608174,0.9289952495636432
2026-01-12,30840.0,30417.0,840,423.0,281.0,274.2368208444355,1.5053380782918149,1.5424624552512312,0.9181516158260343,0.9298814037902312
2026-01-13,31107.0,30652.0,840,455.0,291.15,291.452361716394,1.5627683324746695,1.5611470681536306,0.9185158653430243,0.9307675580168193
2026-01-14,31127.0,30855.0,840,272.0,273.6,289.59975583864224,0.9941520467836257,0.9392273111982581,0.9188801148600143,0.9316085177586799
2026-01-15,30990.0,30657.0,840,333.0,272.1,293.7331124254382,1.2238147739801541,1.1336821962301897,0.918998880959419,0.9324494775005404
2026-01-16,31543.0,31119.0,840,424.0,281.5,306.13948267063455,1.5062166962699823,1.3849896011491198,0.9191176470588235,0.9325313530423952
2026-01-19,31525.0,31287.0,840,238.0,262.75,299.6500081305741,0.9058039961941009,0.7942599484138515,0.9195780913521479,0.93261322858425
2026-01-20,31690.0,31525.0,840,165.0,254.2,286.8261978324242,0.6490952006294257,0.5752612601182262,0.9191176470588235,0.9325313530423952
2026-01-21,31575.0,31186.0,840,389.0,257.75,296.5570361340981,1.5092143549951504,1.3117206897903468,0.918998880959419,0.9324494775005404
2026-01-22,31982.0,31448.0,840,534.0,278.9,319.17065174037447,1.9146647543922555,1.673086159671021,0.9191176470588235,0.9325313530423952
2026-01-23,32135.0,31841.0,840,294.0,282.3,316.7734468127198,1.0414452709883102,0.9281080941541678,0.9195780913521479,0.93261322858425
2026-01-26,32265.0,32058.0,840,207.0,287.1,306.318832830556,0.7210031347962382,0.6757664818947144,0.9200385356454721,0.9325313530423952
2026-01-27,32363.0,32033.0,840,330.0,297.65,308.5741820847888,1.1086846967915338,1.0694349014245266,0.9195780913521479,0.9324494775005404
2026-01-28,32750.0,32513.0,840,237.0,297.55,301.7575933148089,0.7965047891110737,0.7853986287355809,0.9200385356454721,0.9325313530423952
2026-01-29,33153.0,32847.0,840,306.0,303.55,302.1616320467319,1.0080711579640915,1.0127030289294787,0.9195780913521479,0.9324494775005404
2026-01-30,32798.0,31994.0,840,804.0,335.9,349.9557623279955,2.393569514736529,2.297433237422884,0.9200385356454721,0.9325313530423952
2026-02-02,32306.0,31700.0,840,606.0,349.55,374.34092782056734,1.7336575597196395,1.618845162157833,0.9207370175802531,0.93261322858425
2026-02-03,32299.0,31578.0,840,721.0,375.15,407.3560775519419,1.9218979075036653,1.7699502713521327,0.921435499515034,0.932728052548764
2026-02-04,32499.0,31741.0,840,758.0,402.55,440.7507368327093,1.8829959011302944,1.7197929275106472,0.922200307897052,0.9328428765132781
2026-02-05,32612.0,31766.0,840,846.0,430.0,479.34590475340366,1.9674418604651163,1.7649050333187244,0.9229651162790699,0.9334811971391399
2026-02-06,32052.0,31484.0,840,568.0,445.5,487.7891519197462,1.2749719416386083,1.1644375397947566,0.9231270229994339,0.9341195177650017
2026-02-09,32644.0,31753.0,840,891.0,468.9,526.1901850702466,1.9001919385796546,1.6933041042585224,0.9232889297197979,0.9343248341641102
2026-02-10,32999.0,32456.0,840,543.0,473.3,527.7911198254611,1.1472638918233677,1.0288160971324574,0.924315337625409,0.9345301505632186
2026-02-11,33460.0,33182.0,840,278.0,473.6,504.0014893658934,0.5869932432432432,0.5515856716014155,0.9253417455310199,0.9346778828805868
2026-02-23,33984.0,33600.0,840,384.0,476.15,492.5727760929512,0.8064685498267353,0.7795802339013902,0.924315337625409,0.9345301505632186
2026-02-24,34296.0,33821.0,840,475.0,478.7,490.899178369813,0.9922707332358471,0.9676121308195885,0.9232889297197979,0.9343248341641102
2026-02-25,35387.0,34817.0,840,570.0,495.3,498.43258995364033,1.150817686250757,1.1435849330257803,0.924315337625409,0.9345301505632186
2026-02-26,35730.0,35444.0,840,286.0,501.35,478.2009147199603,0.5704597586516406,0.5980749747571786,0.9253417455310199,0.9346778828805868
2026-03-02,35879.0,34910.0,840,969.0,530.35,524.9436847466308,1.8270953144150088,1.8459122914636021,0.924315337625409,0.9345301505632186
2026-03-03,35366.0,34621.0,840,745.0,540.9,545.9014290564754,1.3773340728415604,1.3647152404192133,0.9253417455310199,0.9346778828805868
2026-03-04,34444.0,32834.0,840,1610.0,606.7,647.2441500987159,2.6537003461348276,2.4874693726539627,0.9256338357284729,0.9348256151979549
2026-03-05,33845.0,32804.0,840,1041.0,648.4,684.7447072321715,1.6054904380012338,1.5202746206069402,0.9259259259259259,0.9357140495682343
2026-03-06,33799.0,32820.0,840,979.0,680.85,712.7690208291076,1.4379084967320261,1.3735164848511612,0.9262056618552087,0.9366024839385139
2026-03-09,33792.0,32494.0,840,1298.0,733.9,768.5053045596687,1.7686333287913885,1.6889928960785983,0.9264853977844915,0.9372168868024344
2026-03-10,33530.0,31756.0,840,1774.0,807.3,864.2667041254145,2.1974482844048064,2.0526071310304386,0.9265520514102313,0.9378312896663549
2026-03-11,33499.0,32711.0,840,788.0,806.5,857.0032084944227,0.977061376317421,0.9194831386738365,0.9266187050359712,0.9382254283973974
2026-03-12,34006.0,33515.0,840,491.0,800.75,822.1457600663824,0.6131751482984702,0.597217700131854,0.9272268782911814,0.9378312896663549
2026-03-13,33840.0,32442.0,840,1398.0,834.6,876.9890210124412,1.6750539180445723,1.5940906516549966,0.9266187050359712,0.9372168868024344
2026-03-16,33663.0,32680.0,840,983.0,845.85,887.0853047255421,1.1621445882839747,1.108123418078866,0.9272268782911814,0.9378312896663549
2026-03-17,33889.0,33100.0,840,789.0,843.0,877.7438471326333,0.9359430604982206,0.898895506448109,0.9278350515463917,0.9382254283973974
2026-03-18,34225.0,33502.0,840,723.0,850.75,863.0063378819063,0.8498383779018513,0.8377690501954752,0.9282171746222009,0.9378312896663549
2026-03-19,34734.0,33613.0,840,1121.0,862.25,887.5771628455343,1.3000869817338359,1.262988782187818,0.9278350515463917,0.9372168868024344
2026-03-20,33809.0,32856.0,840,953.0,882.75,893.8079092411976,1.0795808552817898,1.066224621808341,0.9282171746222009,0.9378312896663549
2026-03-23,33744.0,32550.0,840,1194.0,928.55,922.3976321706074,1.285875827903721,1.2944525856926277,0.9285992976980101,0.9382254283973974
2026-03-24,33989.0,32100.0,840,1889.0,1003.8,1014.4550005353115,1.8818489738991833,1.8620835808421323,0.9287460934934695,0.9386195671284401
2026-03-25,33600.0,32785.0,840,815.0,1020.8,995.4592861986151,0.7983934169278997,0.8187175621338172,0.9288928892889289,0.9386760980339874
2026-03-26,33930.0,33456.0,840,474.0,1016.0,945.7964970368423,0.46653543307086615,0.5011648927491597,0.9287460934934695,0.9386195671284401
2026-03-27,33542.0,32632.0,840,910.0,1047.2,942.3873068428574,0.8689839572192513,0.9656327004749673,0.9285992976980101,0.9382254283973974
2026-04-01,33200.0,31740.0,840,1460.0,1071.75,991.6837538102043,1.3622579892698856,1.472243539727712,0.9282171746222009,0.9386195671284401
2026-04-02,33880.0,33317.0,840,563.0,1062.65,950.8567296378038,0.5298075565802475,0.5920976130804222,0.9285992976980101,0.9386760980339874
2026-04-07,33131.0,32192.0,840,939.0,1029.1,949.7275172913463,0.9124477698960257,0.9887046367552437,0.9282171746222009,0.9386195671284401
2026-04-08,33596.0,32824.0,840,772.0,1015.65,932.8010870731229,0.7601043666617437,0.827614815954307,0.9278350515463917,0.9386760980339874
2026-04-09,35348.0,34935.0,840,413.0,987.35,883.2962216375873,0.4182913860333215,0.4675668138083037,0.9272268782911814,0.9386195671284401
2026-04-10,35289.0,34765.0,840,524.0,948.65,849.077533862579,0.5523638855215306,0.6171403424328596,0.9266187050359712,0.9382254283973974
2026-04-13,35748.0,35475.0,840,273.0,873.6,794.2130068280477,0.3125,0.3437365009801537,0.9265520514102313,0.9378312896663549
2026-04-14,36037.0,35455.0,840,582.0,863.3,774.0022442729955,0.6741573033707865,0.7519358041999745,0.9264853977844915,0.9372168868024344
2026-04-15,36738.0,36357.0,840,381.0,857.8,736.5734591041388,0.4441594777337375,0.5172600170299283,0.9262056618552087,0.9366024839385139
2026-04-16,37294.0,37001.0,840,293.0,802.55,694.3283677608875,0.36508628745872534,0.42199053589713503,0.9259259259259259,0.9357140495682343
2026-04-17,37564.0,36927.0,840,637.0,785.25,688.8685232122316,0.8112066220948743,0.9247047564746232,0.9256338357284729,0.9348256151979549
